step,seed1,seed2,seed3,seed4,seed5
1000,3.631579,3.7058823,5.8,3.047619,3.857143
2000,3.6216216,3.6944444,5.0,3.2894738,4.0
3000,3.4827585,3.4363637,4.9302325,3.5370371,4.340909
4000,3.6438355,3.7571428,5.1296296,3.7246377,4.25
5000,3.5531914,3.9176471,4.75,3.8139534,4.189189
6000,3.47,3.76,4.586207,3.74,4.211111
7000,3.4,3.94,4.7755103,3.86,4.13
8000,3.54,3.91,4.34,3.91,4.03
9000,3.76,4.19,4.17,3.74,3.74
10000,3.76,3.92,3.89,3.82,3.74
11000,3.9,3.81,3.67,3.64,3.65
12000,4.02,3.86,3.45,3.87,3.43
13000,4.18,3.77,3.4,3.78,3.45
14000,4.36,4.08,3.66,4.18,3.44
15000,4.15,4.07,3.68,4.33,3.67
16000,4.26,4.3,3.75,4.52,3.86
17000,4.26,4.39,3.63,4.7,3.72
18000,4.2,4.51,3.67,4.55,3.82
19000,4.22,4.39,3.76,4.58,4.12
20000,4.17,4.24,3.91,4.48,4.15
21000,3.91,3.97,4.11,4.53,4.27
22000,4.01,3.8,4.23,4.3,4.34
23000,3.75,4.02,4.45,4.28,4.54
24000,3.7,4.13,4.38,3.82,4.71
25000,3.62,4.13,4.2,3.84,4.49
26000,3.69,4.1,3.94,3.84,4.39
27000,3.71,4.31,3.87,3.5,4.31
28000,3.78,4.26,3.53,3.69,4.41
29000,3.77,4.18,3.63,3.68,4.25
30000,3.81,4.28,3.85,3.79,4.4
31000,3.9,4.07,4.0,3.73,4.48
32000,3.93,4.19,4.34,3.82,4.6
33000,3.97,4.16,4.33,3.68,4.72
34000,4.0,4.01,4.4,3.81,4.71
35000,4.01,3.82,4.19,4.0,4.4
36000,4.06,3.94,4.35,4.02,4.36
37000,4.24,4.18,4.17,4.42,4.31
38000,4.0,3.81,3.98,4.48,3.98
39000,3.55,4.27,4.4,4.79,4.25
40000,3.83,4.4,4.33,4.87,4.4
41000,3.97,4.27,4.76,4.56,4.51
42000,3.94,4.49,4.58,4.5,4.51
43000,3.93,4.38,4.16,4.33,4.66
44000,4.03,4.44,4.5,3.91,4.81
45000,4.42,4.09,4.26,4.07,4.93
46000,4.14,3.9,4.23,3.92,4.83
47000,4.14,3.67,4.06,4.14,4.75
48000,4.22,3.79,4.32,4.32,4.87
49000,4.32,3.78,4.36,4.78,5.16
50000,4.24,4.02,4.4,4.57,4.94
51000,4.1,4.12,4.5,4.53,4.8
52000,4.04,4.02,4.4,4.64,4.52
53000,3.97,3.95,4.46,4.53,4.8
54000,4.02,3.93,4.49,4.3,4.75
55000,3.98,3.69,4.42,4.2,4.67
56000,3.79,3.87,4.26,4.42,4.82
57000,3.99,3.92,4.02,4.47,5.04
58000,4.22,4.44,3.92,4.16,5.07
59000,4.04,4.56,3.83,4.49,4.93
60000,4.04,4.67,3.7,4.36,4.83
61000,4.22,4.66,3.94,4.51,4.76
62000,4.21,4.72,4.21,4.56,4.46
63000,4.49,4.9,4.55,4.54,4.53
64000,4.25,4.7,4.56,4.63,4.35
65000,4.38,5.07,4.31,4.77,4.43
66000,4.35,5.08,4.62,4.59,4.54
67000,4.55,4.72,4.55,4.53,4.65
68000,4.76,4.9,4.41,4.35,4.35
69000,4.92,4.62,4.5,4.43,4.61
70000,4.81,4.88,4.33,4.37,4.55
71000,4.71,4.52,4.41,4.52,4.47
72000,4.88,4.38,4.16,4.32,4.5
73000,5.1,4.67,4.09,4.69,4.9
74000,4.91,4.73,3.67,4.6,4.73
75000,4.75,4.73,3.68,4.16,4.99
76000,4.81,4.85,3.89,4.15,5.03
77000,5.08,4.68,3.88,4.31,5.39
78000,4.95,4.79,3.71,4.28,5.45
79000,5.1,4.82,3.9,4.07,5.19
80000,5.37,4.68,4.21,4.11,5.42
81000,5.32,4.47,4.25,4.32,4.81
82000,5.25,4.39,4.17,4.38,4.34
83000,5.33,4.48,4.28,4.43,4.21
84000,5.34,4.61,4.46,4.51,4.3
85000,5.42,4.47,4.59,4.8,4.35
86000,5.46,4.71,4.25,4.94,4.72
87000,5.36,4.95,4.19,5.04,4.84
88000,5.49,5.14,4.19,5.02,4.89
89000,5.45,5.09,4.04,4.71,4.94
90000,5.33,5.13,3.99,4.78,4.94
91000,5.07,4.84,3.64,4.65,5.09
92000,4.52,4.67,3.64,4.43,4.89
93000,4.67,5.0,3.87,4.36,4.92
94000,4.5,4.81,4.04,4.56,4.98
95000,4.45,4.88,4.02,4.89,4.82
96000,4.42,4.89,4.02,4.95,4.71
97000,4.64,5.38,4.12,4.91,4.77
98000,4.46,5.38,4.37,5.15,4.57
99000,4.66,5.46,4.1,5.54,4.83
100000,5.12,5.71,4.2,5.54,4.93
101000,5.12,5.51,4.14,5.6,5.14
102000,5.44,5.46,4.37,5.25,5.13
103000,5.59,5.22,4.54,5.25,5.31
104000,5.44,5.41,4.78,5.13,5.27
105000,5.7,4.93,4.61,4.99,4.87
106000,5.59,5.13,4.86,4.98,4.86
107000,5.41,4.94,4.69,4.98,5.04
108000,5.53,5.15,5.09,5.24,4.87
109000,5.82,5.29,5.17,5.35,4.94
110000,5.95,5.14,5.37,5.26,5.06
111000,6.2,5.01,5.14,4.99,5.43
112000,6.0,4.95,5.1,5.08,5.33
113000,6.14,4.76,5.16,5.05,4.87
114000,6.6,5.11,5.55,4.88,4.76
115000,6.63,5.13,5.59,5.05,4.91
116000,6.28,5.54,5.01,5.3,4.51
117000,6.37,5.64,4.79,5.36,4.69
118000,6.2,5.96,4.99,5.54,4.94
119000,6.04,6.0,5.26,5.55,5.2
120000,5.86,6.14,4.96,5.85,5.67
121000,5.45,5.97,4.95,6.0,5.65
122000,5.46,6.14,4.86,5.88,6.16
123000,5.37,6.13,4.95,6.08,6.39
124000,5.43,6.03,4.89,5.96,6.79
125000,5.49,5.91,4.69,5.58,6.38
126000,5.5,5.78,4.44,5.59,6.6
127000,5.64,5.88,4.48,5.56,6.63
128000,5.23,5.56,4.68,5.69,6.84
129000,5.25,5.76,4.89,5.23,6.54
130000,5.47,5.61,4.91,5.19,6.22
131000,5.67,5.54,5.02,5.25,6.35
132000,5.71,5.47,5.12,5.29,6.44
133000,5.96,5.58,5.4,5.2,5.87
134000,6.32,5.55,5.45,5.24,5.67
135000,6.5,5.52,5.34,5.5,5.85
136000,6.49,5.31,5.49,5.17,6.01
137000,6.33,5.51,5.51,5.48,6.16
138000,6.15,5.53,5.56,5.43,6.01
139000,6.04,5.48,5.37,5.55,6.43
140000,6.2,5.71,5.25,5.49,6.44
141000,6.2,5.82,5.24,5.54,6.36
142000,5.99,6.11,5.26,5.74,6.22
143000,6.05,6.17,5.27,5.97,6.07
144000,6.56,6.16,5.38,5.87,5.99
145000,6.71,6.33,5.67,6.15,5.96
146000,6.78,6.18,5.94,5.94,5.9
147000,6.55,6.08,6.09,6.05,5.63
148000,6.67,6.34,6.19,6.15,5.95
149000,7.12,6.26,5.89,6.01,6.09
150000,6.76,6.29,6.36,6.07,6.01
151000,6.23,6.23,6.46,5.99,5.91
152000,6.33,6.5,6.14,5.92,6.46
153000,6.47,6.88,5.85,5.55,6.77
154000,6.63,6.8,5.58,5.63,6.56
155000,6.5,6.55,5.34,5.52,6.53
156000,6.81,6.78,5.23,5.65,6.86
157000,7.17,6.56,5.39,6.0,6.81
158000,7.31,6.42,5.17,5.95,7.01
159000,7.23,5.93,5.3,6.29,6.95
160000,7.01,5.93,5.52,6.76,7.38
161000,7.25,6.15,5.61,6.52,7.49
162000,6.49,6.21,5.52,6.37,7.12
163000,6.77,6.38,5.58,6.22,7.51
164000,6.87,6.8,5.39,6.16,7.22
165000,6.2,6.87,5.7,6.19,7.16
166000,6.13,6.98,5.36,6.14,6.71
167000,6.09,7.06,5.13,6.09,6.78
168000,6.4,7.04,5.47,6.52,6.76
169000,5.61,6.81,5.87,6.57,7.29
170000,5.77,6.98,5.87,6.77,7.21
171000,5.99,6.53,5.86,7.03,7.22
172000,6.15,6.49,5.89,6.97,6.88
173000,6.01,6.46,6.11,7.15,6.94
174000,6.16,6.31,6.51,7.45,7.12
175000,6.35,6.53,6.92,7.5,7.2
176000,6.68,6.68,6.34,7.85,7.03
177000,6.92,6.9,6.28,7.65,7.04
178000,6.83,6.79,5.9,7.34,7.17
179000,7.3,6.95,5.92,7.15,6.92
180000,7.07,7.28,6.04,6.34,6.92
181000,6.8,7.34,6.0,6.47,6.88
182000,6.99,7.6,6.02,6.14,6.32
183000,7.01,7.34,6.31,6.2,6.32
184000,6.94,7.22,6.42,6.11,6.38
185000,6.98,7.56,6.62,6.69,6.72
186000,7.43,7.45,6.63,6.38,6.58
187000,7.73,7.33,6.99,6.86,6.8
188000,7.81,7.73,6.84,6.68,6.91
189000,8.11,7.87,6.61,6.84,7.12
190000,8.1,7.86,6.79,6.64,7.09
191000,8.26,7.48,6.81,6.53,7.31
192000,8.46,7.39,6.86,6.4,7.41
193000,8.73,7.54,6.15,6.11,7.29
194000,9.05,7.65,6.06,6.05,7.51
195000,8.48,7.84,6.36,5.92,7.19
196000,8.62,7.5,6.33,6.35,7.27
197000,8.99,7.86,6.06,6.58,7.58
198000,9.31,8.0,6.03,6.6,7.57
199000,9.58,8.49,6.2,7.13,7.44
200000,9.91,8.36,6.54,7.44,7.12
201000,9.96,8.43,6.58,7.44,7.44
202000,9.86,8.44,6.66,7.71,7.35
203000,9.75,8.46,6.64,7.26,7.46
204000,9.67,8.43,6.74,7.36,7.15
205000,9.97,8.58,6.64,6.89,7.42
206000,10.14,8.61,6.67,6.79,7.73
207000,9.05,8.94,7.08,6.84,7.84
208000,9.03,8.83,6.88,7.16,7.58
209000,8.72,8.93,7.11,7.59,7.47
210000,9.04,9.49,7.33,7.45,7.6
211000,9.13,9.42,7.46,7.52,7.95
212000,8.99,9.55,7.39,7.51,7.84
213000,9.33,9.3,7.33,7.21,7.49
214000,9.32,9.36,7.39,7.34,8.19
215000,9.8,9.33,7.07,7.01,8.59
216000,9.84,9.39,6.54,7.07,8.6
217000,9.66,9.05,6.37,7.22,8.68
218000,9.73,9.28,6.73,6.95,8.68
219000,9.99,8.81,6.7,7.32,9.02
220000,9.84,9.16,6.68,7.52,9.14
221000,9.74,9.05,6.73,7.9,9.4
222000,9.36,9.05,7.22,7.72,8.94
223000,8.72,9.17,7.51,8.04,8.78
224000,8.62,9.5,7.31,7.56,8.82
225000,8.64,9.12,7.67,7.53,8.26
226000,8.55,8.6,7.54,7.38,8.0
227000,8.46,8.12,7.7,7.55,8.4
228000,8.53,7.71,7.84,7.33,8.23
229000,8.84,7.84,7.6,7.62,8.41
230000,9.28,7.87,7.39,7.16,8.67
231000,9.54,7.6,7.58,7.74,8.93
232000,9.63,7.92,8.12,7.7,9.1
233000,9.61,8.12,8.18,7.63,9.07
234000,10.09,8.34,8.14,7.93,9.29
235000,9.85,8.65,7.95,8.19,9.18
236000,10.16,8.8,8.13,8.2,8.88
237000,10.53,8.78,8.42,8.47,8.7
238000,10.61,8.84,8.46,8.68,9.06
239000,10.56,8.98,8.28,8.53,9.11
240000,10.39,8.94,8.19,8.46,8.88
241000,10.44,8.82,8.17,8.01,9.17
242000,10.23,9.0,8.32,8.03,9.38
243000,10.51,8.87,8.23,7.98,9.26
244000,10.69,8.86,8.49,7.68,9.27
245000,11.09,9.21,8.65,7.35,8.83
246000,10.98,9.44,8.7,7.17,8.94
247000,10.91,9.19,8.76,7.28,8.29
248000,10.87,9.32,8.92,7.37,8.18
249000,10.98,9.4,8.94,7.48,7.92
250000,11.46,9.48,9.14,7.25,8.22
251000,11.55,9.78,9.62,7.45,8.14
252000,11.27,10.26,9.64,7.36,8.11
253000,11.35,10.24,9.71,7.62,7.99
254000,11.35,10.21,9.22,7.42,8.3
255000,10.98,10.3,9.03,7.71,8.61
256000,11.1,10.25,9.03,7.81,8.71
257000,11.06,10.45,8.96,8.08,8.76
258000,11.04,10.47,8.83,8.55,8.96
259000,10.9,10.56,8.77,8.72,9.11
260000,10.66,10.09,8.91,8.79,9.55
261000,10.94,9.87,9.24,8.75,9.51
262000,10.91,9.53,9.27,8.91,9.63
263000,11.47,9.98,9.84,8.83,9.72
264000,11.55,10.1,9.88,8.49,9.86
265000,11.59,9.96,9.87,8.37,9.84
266000,11.39,9.77,9.6,8.26,9.67
267000,11.64,10.01,9.89,8.46,10.05
268000,11.93,10.4,9.8,8.46,10.08
269000,11.9,10.46,9.77,8.82,10.36
270000,11.34,10.44,9.66,8.81,9.95
271000,11.14,10.97,9.63,9.4,9.86
272000,10.79,11.26,9.55,9.28,10.02
273000,10.34,10.97,9.63,9.4,9.8
274000,10.7,10.93,9.69,9.28,9.92
275000,10.59,11.28,9.99,9.36,10.27
276000,10.75,11.47,9.99,9.49,10.39
277000,10.75,11.61,9.98,9.67,10.41
278000,10.68,11.21,10.33,9.89,9.95
279000,10.55,11.63,10.57,10.22,9.98
280000,10.94,11.63,10.78,10.31,10.23
281000,11.14,11.87,10.25,10.54,10.25
282000,11.61,11.94,10.43,10.97,10.69
283000,11.77,11.05,10.64,10.79,10.79
284000,12.07,11.21,10.57,11.03,11.05
285000,12.36,10.9,10.77,10.72,11.05
286000,12.14,11.41,11.22,10.55,11.01
287000,12.0,11.38,11.24,10.72,11.22
288000,12.07,11.22,11.28,10.72,11.19
289000,11.7,11.51,11.23,10.27,11.55
290000,12.08,10.75,11.0,10.23,11.59
291000,11.95,10.79,11.28,10.29,11.88
292000,11.92,10.52,10.88,10.36,11.93
293000,12.03,11.04,10.65,10.54,11.67
294000,12.48,11.59,11.02,10.86,11.72
295000,12.58,11.59,10.55,11.22,11.34
296000,12.47,11.86,10.16,11.06,11.43
297000,12.28,11.83,10.02,11.02,11.28
298000,12.24,11.55,10.13,11.1,11.4
299000,12.6,11.62,10.02,11.12,11.59
300000,12.68,11.6,10.1,11.11,11.87
301000,12.74,12.22,10.15,10.86,11.92
302000,13.37,12.29,10.48,11.25,11.8
303000,13.55,12.26,10.78,11.42,11.83
304000,13.87,11.97,10.72,11.7,11.93
305000,13.97,11.88,10.72,11.8,11.66
306000,13.37,12.07,10.5,12.0,11.91
307000,12.59,12.13,10.44,11.96,12.01
308000,12.34,12.18,10.33,12.38,12.19
309000,12.52,12.41,10.79,12.14,12.17
310000,12.82,12.3,10.91,12.18,12.0
311000,12.59,12.3,10.84,12.61,12.48
312000,12.78,12.38,11.13,13.21,12.43
313000,12.84,12.8,11.25,12.88,12.57
314000,13.01,12.98,11.4,12.9,12.7
315000,13.03,13.38,11.53,12.98,12.66
316000,12.82,13.56,11.66,12.58,12.68
317000,12.81,13.75,12.05,12.72,12.93
318000,13.09,13.9,12.12,12.73,13.17
319000,13.41,13.39,12.44,11.94,13.57
320000,13.7,13.27,11.83,12.34,13.45
321000,14.04,13.63,11.95,12.67,13.35
322000,13.83,13.49,11.95,12.7,13.12
323000,13.39,13.83,12.26,12.52,12.9
324000,13.83,13.77,12.01,12.25,12.62
325000,13.62,13.82,11.81,12.95,12.4
326000,13.77,13.05,11.24,13.25,12.54
327000,14.08,12.81,11.44,13.62,12.75
328000,13.95,12.69,11.68,13.82,12.79
329000,14.06,12.82,11.69,14.08,12.33
330000,14.32,13.16,11.84,13.87,12.45
331000,14.46,13.28,11.7,13.76,12.24
332000,14.81,13.69,11.73,14.28,12.2
333000,14.67,13.6,11.82,14.25,11.84
334000,14.84,13.28,11.45,14.21,11.96
335000,15.18,13.51,11.68,14.45,12.26
336000,15.11,13.5,11.9,14.39,12.2
337000,15.35,13.61,12.31,13.54,11.96
338000,15.5,13.68,12.57,13.36,12.11
339000,15.53,13.77,12.57,13.37,12.06
340000,15.79,14.13,12.51,13.24,12.25
341000,15.8,13.93,12.61,13.59,12.42
342000,15.74,13.92,12.56,13.8,12.46
343000,16.1,13.78,12.96,13.9,12.88
344000,15.98,13.8,12.77,13.77,12.92
345000,15.8,13.99,12.84,13.63,13.02
346000,15.62,14.22,13.2,13.72,13.31
347000,15.47,14.31,13.63,13.85,13.69
348000,15.51,14.48,13.83,13.99,13.53
349000,14.96,14.97,13.74,14.12,13.63
350000,14.56,14.59,13.68,14.47,13.94
351000,14.27,14.84,13.67,14.52,13.85
352000,14.39,14.41,14.1,14.55,13.99
353000,14.71,14.72,14.19,14.26,14.15
354000,14.73,13.87,14.34,14.34,14.54
355000,14.29,13.9,14.48,13.7,14.57
356000,14.58,14.43,14.55,13.57,14.45
357000,14.11,14.16,14.87,13.93,14.39
358000,13.83,14.08,15.24,13.8,14.48
359000,13.91,13.97,15.38,13.61,14.63
360000,13.9,13.83,14.96,13.65,14.78
361000,13.68,13.86,14.34,13.88,14.4
362000,14.3,13.94,14.41,14.23,14.46
363000,14.48,13.59,14.64,14.65,14.94
364000,14.98,14.05,14.71,14.62,15.14
365000,15.39,13.9,14.74,14.3,15.37
366000,15.92,14.71,14.51,14.78,15.6
367000,16.18,14.7,14.8,14.51,15.86
368000,16.18,14.67,15.06,14.59,15.87
369000,16.55,15.26,15.18,15.2,15.64
370000,16.65,14.75,15.35,15.52,15.62
371000,16.53,14.89,15.57,15.66,15.72
372000,16.63,15.08,15.17,15.46,15.7
373000,16.82,15.09,14.93,15.57,15.6
374000,17.14,15.39,14.86,15.56,15.67
375000,16.79,15.31,15.27,15.67,15.86
376000,16.79,15.46,15.57,15.76,15.66
377000,17.13,15.28,15.5,15.7,15.41
378000,17.46,15.29,15.29,15.46,15.25
379000,17.53,15.27,15.06,15.94,15.14
380000,17.36,14.95,14.93,15.97,14.97
381000,17.26,14.7,15.09,15.69,15.05
382000,17.31,15.03,14.78,15.65,14.72
383000,17.37,14.83,14.7,15.95,14.89
384000,17.23,15.01,14.65,16.06,14.41
385000,17.49,15.31,14.52,16.11,14.42
386000,17.68,15.49,14.93,16.24,14.51
387000,17.67,15.73,15.55,16.38,14.54
388000,17.65,15.63,15.53,16.51,14.59
389000,18.15,15.86,15.29,16.55,14.41
390000,18.42,15.88,15.2,16.68,14.77
391000,18.42,16.12,15.34,16.57,14.61
392000,18.32,15.94,15.59,16.61,14.4
393000,18.47,15.53,15.66,17.23,14.47
394000,19.04,15.13,15.84,16.84,14.82
395000,19.32,14.99,16.05,16.79,14.85
396000,19.51,14.92,16.24,17.0,15.07
397000,19.49,14.71,16.35,17.55,15.31
398000,19.33,14.83,16.21,17.65,15.42
399000,19.33,15.01,16.21,17.23,15.51
400000,19.56,14.72,15.95,17.39,15.74
401000,19.91,14.67,16.5,17.55,15.42
402000,20.54,14.43,16.97,17.83,15.22
403000,20.43,14.43,16.5,17.81,15.43
404000,20.78,14.22,16.59,17.58,15.76
405000,20.95,14.31,16.79,16.81,15.41
406000,21.05,14.52,16.72,16.99,15.76
407000,21.09,15.11,16.63,17.05,16.24
408000,21.27,15.58,16.92,16.46,16.34
409000,20.57,15.76,17.4,16.81,16.4
410000,20.9,16.21,17.33,16.47,16.27
411000,21.24,16.51,17.71,16.25,16.62
412000,21.6,16.56,18.03,16.25,16.38
413000,21.58,16.88,18.1,16.1,16.63
414000,21.73,17.15,18.05,16.05,16.57
415000,21.54,17.68,17.77,15.7,16.89
416000,21.01,17.93,17.85,15.37,17.28
417000,21.15,18.29,17.96,15.51,17.61
418000,21.1,18.46,18.24,15.59,17.84
419000,21.37,18.86,18.14,16.09,18.24
420000,21.25,18.78,17.64,16.36,18.16
421000,21.0,19.05,17.85,16.12,18.3
422000,21.26,19.15,18.17,15.57,18.42
423000,20.95,19.12,18.28,15.71,18.29
424000,20.99,19.04,18.24,16.0,18.37
425000,20.82,19.2,18.45,16.44,17.8
426000,20.02,18.83,18.67,16.95,17.29
427000,19.71,18.58,18.66,17.27,17.5
428000,20.01,18.17,18.84,17.03,17.43
429000,20.12,17.84,18.81,17.38,17.32
430000,20.27,18.01,19.07,17.71,17.29
431000,20.33,17.9,19.14,17.8,17.71
432000,20.1,17.43,19.33,18.07,17.98
433000,20.36,17.32,19.78,18.22,17.49
434000,20.71,16.94,19.77,18.52,17.49
435000,20.7,16.91,20.18,18.86,17.29
436000,21.18,17.0,20.33,18.72,17.29
437000,21.53,16.96,20.34,18.77,17.48
438000,21.68,17.69,20.82,19.14,17.51
439000,21.58,17.63,20.68,19.44,17.52
440000,20.89,17.92,20.22,20.23,18.01
441000,20.94,18.14,19.58,20.22,18.6
442000,20.77,18.27,19.51,20.54,19.07
443000,20.73,18.26,19.61,20.35,18.6
444000,21.11,18.34,19.61,20.58,18.76
445000,21.25,18.53,19.45,20.52,18.68
446000,21.55,18.58,19.34,20.55,18.39
447000,21.92,18.66,19.06,20.98,18.23
448000,21.97,18.71,18.62,21.13,18.34
449000,21.98,18.93,18.09,21.15,17.66
450000,21.19,18.76,18.14,21.22,17.38
451000,20.8,18.84,17.98,21.59,17.66
452000,21.05,18.66,17.45,21.44,17.26
453000,21.3,18.47,17.46,21.34,17.36
454000,21.45,18.52,17.28,20.86,17.32
455000,21.16,18.45,17.45,20.69,17.14
456000,21.94,18.79,17.54,20.95,16.86
457000,22.1,18.1,17.61,20.82,16.78
458000,21.84,18.3,18.36,20.72,17.2
459000,22.01,18.22,18.7,20.43,17.57
460000,22.05,18.55,19.07,20.34,17.5
461000,22.21,18.35,19.16,20.49,18.03
462000,22.25,18.26,19.38,20.84,18.08
463000,22.96,18.35,19.59,20.71,18.25
464000,23.27,18.56,19.97,20.84,18.4
465000,22.84,18.5,20.06,20.93,18.47
466000,23.11,18.6,20.32,20.91,18.45
467000,23.6,18.61,20.41,20.99,18.87
468000,23.6,18.45,20.85,20.99,19.15
469000,23.46,18.91,21.29,21.21,19.27
470000,24.02,19.36,21.52,21.26,19.19
471000,24.32,19.42,21.44,21.23,19.16
472000,24.55,19.51,21.93,21.33,19.21
473000,24.85,19.46,21.97,21.71,19.43
474000,24.98,19.26,22.57,22.11,19.66
475000,25.29,19.25,22.63,22.16,19.7
476000,25.89,19.54,22.66,22.39,19.86
477000,25.69,19.74,22.97,22.31,19.69
478000,26.33,19.23,22.89,22.36,19.72
479000,26.42,19.45,23.02,22.53,19.51
480000,26.56,19.48,22.82,22.75,19.23
481000,25.71,20.18,22.87,23.16,19.3
482000,25.96,20.63,22.83,23.21,19.25
483000,25.44,20.78,22.99,23.2,19.49
484000,25.85,20.92,22.57,23.11,19.59
485000,26.04,21.26,22.58,23.22,19.72
486000,25.91,21.48,22.92,22.95,19.53
487000,25.74,21.87,23.03,22.92,19.43
488000,25.9,22.54,22.65,22.91,19.84
489000,26.35,22.68,22.62,22.94,19.94
490000,26.75,23.19,22.29,22.62,19.99
491000,27.1,23.27,21.93,22.83,20.24
492000,26.94,23.1,22.17,23.14,20.34
493000,26.81,23.12,21.93,23.11,20.18
494000,27.4,23.69,21.63,23.27,20.18
495000,27.94,23.49,21.7,23.37,20.42
496000,27.35,23.09,22.04,23.51,20.62
497000,27.18,22.97,21.6,23.49,20.98
498000,27.47,22.83,21.89,23.49,20.91
499000,26.88,23.0,21.68,23.74,20.89
500000,27.24,22.98,21.47,23.77,20.83
501000,27.29,22.87,21.85,23.7,20.74
502000,26.92,22.81,21.76,23.58,20.86
503000,27.17,22.24,21.98,23.62,20.94
504000,26.55,22.54,22.28,24.01,21.37
505000,26.59,22.44,22.19,23.85,21.57
506000,26.59,22.72,22.11,24.02,22.01
507000,26.62,22.63,21.8,23.56,22.13
508000,26.89,22.07,22.03,23.94,22.13
509000,27.39,22.06,22.01,23.76,21.97
510000,27.51,21.67,22.57,23.5,21.94
511000,27.93,21.71,22.7,23.43,21.54
512000,27.7,21.66,22.87,23.63,21.34
513000,28.24,22.14,23.29,23.34,21.54
514000,28.2,22.16,23.21,23.69,21.01
515000,27.54,22.52,23.42,23.75,21.22
516000,27.79,22.76,23.71,24.01,21.51
517000,27.82,23.34,24.05,23.51,21.25
518000,28.25,23.55,24.06,23.56,21.24
519000,28.46,23.58,24.35,24.1,21.47
520000,27.92,22.92,24.33,24.02,21.71
521000,26.46,23.31,24.32,23.99,21.85
522000,26.18,23.49,24.65,24.29,21.76
523000,26.68,23.59,24.78,24.47,21.41
524000,26.71,23.65,24.83,24.72,21.29
525000,26.99,23.8,25.21,24.61,21.02
526000,27.2,24.01,25.26,24.98,20.88
527000,27.19,24.01,25.38,25.45,20.99
528000,27.65,23.59,24.85,25.05,21.34
529000,28.22,23.52,25.39,25.22,21.77
530000,27.87,23.4,25.82,25.72,21.95
531000,27.7,23.46,26.09,25.95,22.39
532000,27.59,23.85,26.14,26.02,22.73
533000,28.01,24.06,25.86,26.19,23.14
534000,28.09,24.09,25.65,26.23,23.23
535000,27.62,23.39,25.58,26.68,23.27
536000,27.82,23.01,25.49,26.25,23.48
537000,27.87,22.98,25.61,26.02,23.22
538000,28.29,23.0,25.91,25.98,22.81
539000,27.56,23.21,25.92,25.64,23.02
540000,28.12,23.23,25.32,25.96,23.31
541000,28.24,23.92,25.19,25.72,23.78
542000,28.15,24.0,25.26,25.34,23.96
543000,27.14,24.4,24.83,25.41,24.17
544000,26.85,24.08,25.01,25.52,24.28
545000,27.33,24.33,24.92,25.43,24.73
546000,27.62,24.37,25.11,24.98,25.41
547000,27.92,24.44,25.12,24.85,24.97
548000,27.34,24.49,24.89,24.92,25.08
549000,27.09,24.52,25.04,24.32,25.22
550000,27.95,24.73,25.23,24.79,25.32
551000,27.6,24.89,24.78,24.85,25.37
552000,27.75,25.1,24.39,24.95,25.53
553000,26.6,25.39,24.52,24.48,25.18
554000,26.24,25.59,24.62,24.6,25.42
555000,26.29,25.92,24.34,24.45,25.04
556000,26.08,26.0,24.9,24.63,25.4
557000,26.1,26.24,25.24,24.35,25.81
558000,25.91,26.36,25.07,24.3,25.52
559000,26.56,26.47,25.61,24.37,25.46
560000,26.62,26.77,25.33,24.36,25.51
561000,26.4,27.06,24.93,24.24,25.4
562000,27.13,27.74,24.9,24.18,25.61
563000,26.43,28.0,25.25,24.19,25.89
564000,27.59,28.4,25.57,24.69,26.01
565000,27.05,28.18,25.49,24.99,25.52
566000,27.15,28.21,25.46,24.95,24.99
567000,26.78,28.43,25.52,24.92,25.2
568000,26.79,28.29,25.6,24.82,25.0
569000,27.26,28.29,25.37,25.01,24.75
570000,27.3,28.7,25.24,25.15,24.59
571000,27.56,28.84,25.71,25.31,24.43
572000,27.88,28.41,25.61,25.5,24.89
573000,28.57,28.38,25.12,25.18,25.34
574000,29.08,28.13,25.35,25.28,25.31
575000,29.48,28.04,25.13,25.54,25.17
576000,28.81,28.66,25.02,25.54,25.3
577000,28.16,29.29,25.57,25.7,24.95
578000,28.08,29.33,26.27,25.71,25.27
579000,28.62,29.38,25.7,26.05,25.17
580000,29.08,29.61,25.7,26.28,24.68
581000,29.34,30.17,26.39,26.57,24.57
582000,29.69,30.2,26.29,26.59,24.58
583000,29.97,30.63,26.69,26.86,24.58
584000,30.01,30.5,26.75,26.77,25.09
585000,30.06,30.12,27.09,26.7,25.26
586000,29.76,29.97,26.88,26.88,25.2
587000,30.01,29.83,26.92,27.24,24.81
588000,30.21,29.94,27.12,28.09,24.76
589000,30.41,29.48,27.14,28.18,24.79
590000,29.97,29.06,27.65,27.86,24.84
591000,30.77,29.36,28.03,27.68,24.96
592000,29.81,28.84,28.09,27.68,24.62
593000,30.01,28.91,27.89,27.85,24.8
594000,30.26,28.6,28.35,27.87,24.78
595000,30.27,28.65,28.49,27.9,24.37
596000,30.78,28.22,28.23,28.25,24.56
597000,31.5,28.03,28.54,28.6,24.31
598000,31.76,28.39,28.57,28.44,23.84
599000,31.65,28.9,28.87,28.47,23.43
600000,31.87,29.15,29.0,28.15,23.68
601000,31.45,28.95,29.36,28.14,23.52
602000,30.74,28.58,29.08,28.8,23.65
603000,30.74,27.56,28.71,27.67,24.04
604000,30.99,27.35,28.8,27.67,23.78
605000,31.71,27.16,29.03,27.42,24.2
606000,32.26,26.86,28.36,27.94,24.08
607000,32.19,26.31,28.58,27.93,24.22
608000,32.86,26.32,28.29,28.4,24.3
609000,32.81,26.53,28.9,28.12,24.62
610000,32.8,26.81,28.88,28.16,24.77
611000,32.75,27.2,28.68,28.17,25.07
612000,32.54,27.53,28.9,27.39,25.24
613000,32.75,27.69,28.51,27.19,25.28
614000,32.66,27.39,28.91,27.31,25.57
615000,32.83,27.47,28.51,27.57,25.32
616000,32.16,26.78,28.26,27.83,25.42
617000,31.42,26.73,28.77,28.06,25.32
618000,31.41,26.47,29.26,28.35,25.06
619000,31.12,26.37,29.36,28.18,25.28
620000,31.09,26.66,29.5,27.46,25.54
621000,30.65,26.77,30.01,27.23,25.96
622000,30.77,26.47,30.34,27.44,26.42
623000,30.85,26.06,30.55,27.23,26.78
624000,30.99,26.31,31.01,27.66,26.99
625000,30.74,26.41,30.84,27.49,26.66
626000,31.62,26.69,31.07,27.7,26.41
627000,30.83,27.41,30.4,28.11,26.47
628000,30.94,27.87,30.05,28.61,26.03
629000,30.49,28.12,29.58,28.45,26.48
630000,30.5,27.83,29.37,28.58,26.8
631000,30.51,27.63,29.11,28.31,26.6
632000,30.48,27.94,29.02,28.75,26.36
633000,30.03,26.99,28.82,29.23,26.03
634000,30.06,26.51,28.83,28.91,25.95
635000,29.79,26.42,28.61,29.16,25.69
636000,29.31,26.06,28.78,29.15,26.04
637000,29.52,25.62,28.77,29.03,26.0
638000,29.71,25.81,28.89,28.93,26.09
639000,29.98,25.72,28.94,28.69,27.11
640000,30.04,26.29,28.87,28.76,27.32
641000,30.06,26.95,29.17,28.73,27.45
642000,30.32,27.47,27.94,27.72,27.68
643000,30.12,27.67,27.32,27.96,27.9
644000,30.23,27.67,27.3,28.03,27.92
645000,30.01,27.27,26.86,27.98,28.46
646000,29.81,28.28,26.37,27.83,28.69
647000,29.55,28.41,26.25,28.16,27.96
648000,29.94,28.49,25.78,27.77,27.57
649000,29.54,28.49,25.73,27.55,27.03
650000,29.78,28.94,26.6,27.5,27.06
651000,30.19,28.8,26.96,27.72,27.4
652000,30.27,29.29,26.98,27.09,27.5
653000,31.1,28.1,27.06,27.46,27.79
654000,29.37,27.65,27.27,27.66,27.6
655000,29.6,27.86,27.28,27.87,27.34
656000,29.48,28.53,27.45,27.89,27.41
657000,29.7,28.76,27.32,27.16,27.64
658000,29.69,29.67,27.15,27.4,28.22
659000,29.73,29.69,26.78,27.14,28.75
660000,29.96,30.21,27.23,27.23,29.23
661000,29.42,30.22,27.34,27.29,29.59
662000,29.65,30.24,26.98,27.44,29.59
663000,28.51,30.51,27.0,27.25,29.49
664000,28.59,30.71,27.09,27.76,29.25
665000,28.69,30.97,26.88,28.16,28.7
666000,27.95,31.19,27.35,28.39,28.63
667000,28.01,31.33,27.18,29.2,28.49
668000,27.82,32.16,27.03,29.12,28.24
669000,27.78,31.77,27.12,29.47,27.9
670000,28.44,31.57,27.3,29.96,27.32
671000,28.91,31.28,27.47,30.29,27.6
672000,29.43,31.46,27.19,30.42,27.83
673000,29.66,31.7,27.67,30.06,28.23
674000,29.91,31.1,28.05,30.08,28.38
675000,29.78,31.2,27.93,30.48,28.62
676000,30.06,30.91,27.48,30.74,29.07
677000,30.38,30.86,27.46,30.46,29.04
678000,29.75,30.65,26.81,30.69,28.84
679000,30.46,30.47,27.3,30.9,29.07
680000,29.04,30.16,27.51,30.39,29.25
681000,29.24,29.99,27.74,29.9,28.79
682000,28.25,30.34,28.5,29.18,28.6
683000,27.88,29.73,28.69,29.84,29.43
684000,27.71,29.94,29.15,30.13,28.66
685000,27.7,29.02,28.91,29.7,29.19
686000,27.94,28.62,28.3,29.95,28.61
687000,27.55,29.06,27.91,29.99,27.59
688000,28.22,29.0,27.77,29.86,27.68
689000,28.45,29.03,27.62,30.09,28.07
690000,28.18,28.36,27.55,30.04,27.96
691000,28.5,28.8,28.17,29.39,27.71
692000,28.7,29.27,28.35,28.73,28.12
693000,27.99,29.79,28.55,28.28,28.18
694000,28.09,29.49,28.32,27.6,28.35
695000,27.86,29.62,27.85,27.32,28.62
696000,28.31,29.63,28.15,27.02,28.57
697000,27.99,29.0,27.82,27.26,28.61
698000,28.23,28.71,26.81,27.25,28.56
699000,28.35,28.43,26.44,27.7,28.87
700000,29.05,29.22,26.86,27.46,28.72
701000,29.06,28.71,26.96,26.98,28.45
702000,28.57,28.94,27.5,26.45,27.86
703000,27.86,29.51,27.86,25.91,27.47
704000,27.86,29.31,27.1,26.02,27.72
705000,28.12,28.82,26.46,26.11,27.82
706000,29.28,28.76,26.15,26.08,27.47
707000,30.0,28.96,26.22,25.46,27.62
708000,30.49,29.99,26.78,25.75,27.51
709000,30.74,29.76,26.84,25.87,27.5
710000,31.38,29.88,27.16,25.52,27.18
711000,31.61,29.9,27.19,25.59,27.64
712000,31.53,30.44,27.35,25.39,28.13
713000,31.02,30.8,27.4,25.97,28.24
714000,31.45,30.59,27.44,26.22,27.98
715000,32.31,30.17,26.85,26.23,27.89
716000,33.04,30.39,27.35,26.29,28.14
717000,32.13,30.9,27.98,26.37,27.73
718000,32.18,31.2,27.7,26.43,27.55
719000,32.7,31.26,27.9,26.63,27.2
720000,32.64,30.84,28.51,26.69,27.24
721000,32.83,30.63,28.3,27.04,26.54
722000,33.09,30.49,28.78,26.87,26.04
723000,34.0,30.48,29.14,26.61,26.03
724000,34.26,31.0,29.23,26.8,25.93
725000,34.39,31.21,29.41,27.51,26.25
726000,34.62,31.12,29.4,27.71,26.36
727000,34.53,30.09,29.43,28.07,26.13
728000,34.56,30.73,28.89,28.33,25.88
729000,34.8,29.71,29.68,28.45,25.77
730000,35.53,29.9,30.06,28.19,25.04
731000,34.89,29.9,30.04,28.0,24.86
732000,34.87,29.83,30.22,27.57,25.51
733000,36.15,28.9,30.19,27.18,25.62
734000,36.61,28.43,29.54,27.6,25.37
735000,36.6,28.33,29.88,27.41,24.84
736000,37.91,28.19,30.35,27.93,24.89
737000,37.26,27.62,30.64,28.45,24.61
738000,36.39,26.97,31.23,28.43,24.72
739000,36.14,27.34,31.19,28.9,24.23
740000,35.87,27.7,30.63,28.96,25.02
741000,36.11,27.82,30.63,28.82,25.21
742000,35.96,27.2,30.91,29.05,24.97
743000,36.06,27.33,30.73,29.29,25.18
744000,36.19,26.29,31.27,29.07,25.49
745000,36.7,25.8,31.78,29.1,25.72
746000,36.25,26.02,31.79,28.63,25.76
747000,35.96,26.39,31.41,29.0,25.54
748000,35.48,26.08,31.15,29.44,25.5
749000,36.26,26.55,31.59,29.76,25.81
750000,36.33,26.64,31.58,28.44,25.61
751000,35.89,27.07,32.0,28.5,25.88
752000,36.57,27.48,31.55,28.3,26.01
753000,35.54,27.27,31.96,28.3,26.68
754000,35.55,27.92,32.12,28.27,26.98
755000,35.17,28.0,33.09,28.67,27.3
756000,36.14,28.25,32.67,28.96,26.88
757000,35.9,28.49,33.48,28.92,26.39
758000,35.23,28.7,33.45,29.61,26.44
759000,34.67,29.04,33.88,29.65,26.01
760000,33.87,29.18,34.13,29.68,25.8
761000,34.67,30.04,34.62,29.47,26.04
762000,34.64,30.19,34.38,28.97,26.18
763000,33.62,30.2,35.02,28.83,25.66
764000,33.72,30.98,34.99,29.11,25.65
765000,32.78,31.19,35.32,28.53,25.92
766000,33.04,31.36,35.85,28.33,25.7
767000,33.44,31.6,36.12,28.71,25.58
768000,33.15,31.74,35.81,28.95,25.32
769000,34.07,31.75,35.02,28.63,25.08
770000,33.56,31.6,35.7,28.56,24.93
771000,32.97,32.08,36.2,28.66,24.98
772000,32.63,32.56,36.43,27.97,25.56
773000,33.08,32.83,37.26,27.8,25.57
774000,32.47,32.67,37.95,28.52,25.76
775000,32.31,32.78,37.32,28.89,24.91
776000,32.49,32.54,37.99,28.94,24.52
777000,32.45,32.37,36.8,29.09,24.65
778000,32.69,32.91,37.31,29.49,24.72
779000,32.97,32.45,36.89,29.86,24.43
780000,33.18,32.74,37.4,30.15,24.46
781000,32.75,32.88,37.93,30.37,24.37
782000,33.76,32.92,37.43,30.48,24.19
783000,33.97,32.56,37.7,30.23,23.96
784000,33.68,32.65,37.06,30.69,24.41
785000,32.77,31.97,37.24,30.4,24.75
786000,32.78,32.61,37.39,30.87,25.01
787000,33.24,32.89,37.62,31.53,25.22
788000,33.35,32.63,36.8,31.84,25.14
789000,33.35,32.72,36.35,31.83,24.97
790000,32.98,32.0,36.1,31.97,24.74
791000,33.28,31.29,35.2,31.66,24.57
792000,33.56,31.56,35.17,31.64,24.49
793000,34.19,31.29,34.68,31.55,24.45
794000,33.26,31.29,35.33,31.4,25.4
795000,32.87,30.97,35.28,31.14,24.95
796000,33.02,30.99,34.95,30.93,25.55
797000,31.47,31.08,35.1,30.03,25.03
798000,31.7,31.2,35.23,30.13,24.98
799000,32.05,31.15,34.31,29.74,24.83
800000,31.98,31.09,34.07,30.01,24.94
801000,31.82,30.93,33.9,28.84,25.1
802000,32.04,30.23,33.02,28.7,25.77
803000,32.61,30.45,33.56,28.97,25.86
804000,32.31,30.69,33.49,27.96,26.08
805000,32.35,29.85,33.68,27.99,26.11
806000,30.91,30.03,33.81,27.98,26.3
807000,31.37,29.8,33.55,28.53,26.57
808000,31.25,29.08,34.27,28.54,26.07
809000,30.4,30.08,33.79,29.07,26.08
810000,31.12,30.69,34.3,28.61,26.38
811000,30.92,30.94,33.87,28.35,26.34
812000,31.9,31.15,33.86,27.7,26.77
813000,32.88,31.09,33.71,27.23,27.07
814000,33.23,31.6,33.85,26.89,27.36
815000,33.86,31.59,33.79,27.76,28.03
816000,32.97,31.12,33.89,27.73,28.59
817000,32.91,31.3,34.09,28.63,28.44
818000,32.66,31.8,33.94,28.16,29.05
819000,32.83,31.59,34.41,28.42,28.24
820000,33.49,31.88,34.09,29.01,27.94
821000,33.2,31.84,33.89,29.13,27.92
822000,32.95,32.09,34.12,29.37,28.55
823000,33.03,32.43,33.99,29.64,28.97
824000,33.63,31.94,33.51,30.25,29.43
825000,33.35,31.91,33.02,30.19,29.59
826000,33.47,32.33,32.95,30.55,29.75
827000,33.99,32.15,33.47,31.15,30.14
828000,34.19,32.36,33.92,31.62,29.73
829000,34.15,32.58,34.17,32.33,29.99
830000,34.65,32.32,33.75,32.24,30.27
831000,34.88,31.79,34.25,32.51,30.14
832000,34.65,32.18,33.87,33.02,30.41
833000,34.87,32.21,35.05,32.81,30.89
834000,34.98,32.8,34.85,32.21,30.99
835000,35.05,32.79,34.05,31.87,30.93
836000,35.01,33.45,33.82,31.24,30.15
837000,36.35,33.16,34.54,31.45,30.22
838000,36.38,33.69,34.67,31.59,30.24
839000,36.37,33.1,34.25,31.43,30.48
840000,37.43,33.62,34.27,31.74,30.67
841000,37.91,33.57,34.13,32.53,30.66
842000,38.07,32.84,34.86,32.67,30.8
843000,36.93,32.59,34.93,32.26,30.6
844000,35.48,32.86,35.21,31.69,31.17
845000,34.75,32.67,35.48,31.52,30.09
846000,35.26,30.97,35.22,31.81,29.7
847000,34.71,30.06,35.07,31.54,30.5
848000,35.06,30.3,34.29,32.02,30.41
849000,34.86,30.36,34.56,32.24,30.1
850000,34.84,30.65,34.72,31.93,30.32
851000,35.23,30.95,34.23,32.11,29.71
852000,34.79,30.69,34.15,31.95,30.01
853000,35.02,30.75,34.04,32.68,30.22
854000,35.35,30.3,34.62,32.45,30.45
855000,35.7,31.05,34.84,32.25,30.17
856000,36.17,31.3,35.06,32.33,30.4
857000,36.15,31.23,35.23,31.69,30.38
858000,34.73,31.68,35.67,31.91,30.96
859000,34.02,31.49,35.43,31.08,30.61
860000,33.91,32.21,35.12,31.03,30.44
861000,34.32,32.2,34.67,30.69,30.42
862000,34.24,32.43,33.72,31.52,30.56
863000,34.51,33.13,33.85,31.45,30.85
864000,35.21,32.65,33.83,31.34,30.49
865000,35.13,33.12,33.52,31.36,30.33
866000,35.75,32.39,33.0,31.23,30.31
867000,34.26,31.53,33.02,29.97,30.75
868000,32.97,31.26,33.47,30.69,30.01
869000,32.2,31.39,33.67,30.98,29.6
870000,31.29,32.0,33.01,31.31,29.49
871000,31.48,32.71,32.55,31.15,29.26
872000,31.28,33.15,32.85,30.91,29.46
873000,31.01,33.58,32.03,30.69,29.91
874000,31.24,34.04,32.99,30.42,28.67
875000,31.39,33.98,32.81,29.83,28.26
876000,31.66,34.03,33.09,30.72,27.74
877000,31.48,35.25,32.3,31.25,27.7
878000,31.24,35.72,32.66,30.94,27.26
879000,30.89,35.68,32.45,30.95,27.69
880000,30.71,35.46,33.27,30.43,27.76
881000,29.79,35.65,33.51,30.45,27.08
882000,29.84,35.2,32.74,30.65,27.31
883000,29.65,34.62,31.75,30.42,27.55
884000,30.51,34.85,32.34,30.71,27.96
885000,31.35,34.48,31.74,31.31,27.4
886000,31.62,34.33,32.93,31.29,27.36
887000,32.48,34.7,32.6,31.89,27.55
888000,32.45,35.15,32.51,31.49,27.14
889000,31.61,35.13,32.74,31.7,27.61
890000,31.58,33.94,32.98,31.91,28.11
891000,31.3,33.65,31.93,32.4,28.24
892000,31.06,33.4,31.64,32.53,27.81
893000,31.5,33.01,32.15,32.85,27.64
894000,31.9,33.21,32.16,32.77,27.4
895000,32.61,32.95,31.41,33.13,27.39
896000,32.58,33.13,31.49,33.32,26.75
897000,33.09,33.01,31.7,32.71,27.02
898000,33.22,31.99,31.8,32.36,27.31
899000,33.7,31.06,31.75,32.09,27.5
900000,34.88,30.7,32.04,32.09,27.86
901000,34.9,30.68,32.93,31.76,28.32
902000,34.98,30.62,33.51,31.4,28.31
903000,34.22,29.98,33.76,31.12,28.63
904000,33.62,30.17,33.8,31.22,28.81
905000,34.12,30.17,33.31,30.96,28.29
906000,34.59,30.44,33.99,31.03,28.25
907000,35.36,30.56,34.81,30.98,28.02
908000,35.4,30.59,34.62,31.37,27.56
909000,34.59,30.87,34.4,31.01,27.6
910000,34.91,31.45,34.67,30.95,27.81
911000,35.36,31.49,35.16,30.72,28.37
912000,35.36,32.52,35.66,30.42,28.17
913000,35.32,32.64,36.01,30.25,28.9
914000,36.18,32.65,36.11,30.52,29.0
915000,33.89,32.62,36.15,30.87,29.28
916000,34.06,32.21,34.99,31.11,29.49
917000,34.54,32.03,36.07,30.89,28.81
918000,34.91,32.62,36.44,31.11,29.33
919000,35.38,33.01,36.51,30.64,29.91
920000,35.24,32.55,36.04,30.72,30.12
921000,34.51,32.52,37.32,30.74,30.16
922000,32.63,32.9,37.87,29.81,30.15
923000,32.33,32.63,38.75,30.2,30.75
924000,33.31,32.66,39.0,30.58,30.95
925000,33.87,32.97,38.85,31.06,31.79
926000,32.85,33.0,39.44,31.51,30.85
927000,32.14,33.26,39.06,31.98,31.26
928000,32.01,33.73,39.29,32.17,31.18
929000,32.44,34.13,39.17,32.27,30.97
930000,32.45,34.32,38.78,31.85,30.96
931000,32.95,34.27,39.4,31.16,31.83
932000,33.34,35.47,38.51,31.56,31.59
933000,34.0,36.26,38.34,31.49,31.3
934000,32.87,36.17,37.55,31.92,31.14
935000,33.59,36.44,36.84,31.96,31.05
936000,33.77,35.7,37.19,31.92,31.03
937000,34.7,35.71,37.5,32.17,30.74
938000,34.43,35.44,37.05,32.36,30.2
939000,35.14,34.91,37.0,32.69,30.23
940000,35.55,34.63,37.36,32.72,29.81
941000,35.78,34.45,37.12,32.22,30.13
942000,35.86,34.56,37.57,31.43,30.55
943000,34.8,33.85,37.39,31.86,30.6
944000,33.89,33.96,36.92,32.02,30.49
945000,34.26,34.15,36.88,31.85,30.52
946000,34.72,34.41,36.63,31.81,30.0
947000,33.92,34.64,37.08,32.77,29.78
948000,34.11,34.68,36.8,32.54,29.9
949000,34.16,34.62,37.08,32.3,29.67
950000,34.43,34.48,36.88,32.79,30.53
951000,35.22,34.24,37.48,32.88,30.95
952000,35.15,33.94,37.01,32.48,30.24
953000,34.58,34.21,37.46,32.48,30.9
954000,34.39,33.94,36.8,32.41,31.03
955000,34.58,33.54,36.56,32.5,31.01
956000,34.93,34.38,36.17,32.68,31.35
957000,35.72,34.22,36.22,33.18,31.67
958000,35.13,33.77,36.85,33.48,31.87
959000,35.26,33.58,37.03,33.37,31.38
960000,35.33,33.58,37.83,33.82,31.77
961000,35.18,33.75,37.12,34.11,31.92
962000,35.23,33.34,37.67,34.25,31.94
963000,35.38,32.84,37.0,33.95,32.18
964000,35.34,33.6,36.86,33.82,32.36
965000,35.6,33.69,37.26,33.82,32.22
966000,34.61,33.94,37.5,33.31,32.07
967000,35.29,34.43,38.18,33.51,32.02
968000,35.34,34.9,38.7,32.97,31.97
969000,36.02,35.11,39.51,33.4,31.4
970000,36.6,35.7,39.46,33.89,31.06
971000,36.36,35.61,38.77,34.39,31.03
972000,35.94,35.36,39.67,34.42,31.35
973000,36.41,34.74,38.79,33.29,31.48
974000,36.85,35.39,39.03,33.4,31.48
975000,37.04,35.89,38.32,33.42,31.71
976000,37.8,35.64,37.81,33.81,31.93
977000,38.78,36.36,37.8,33.3,30.3
978000,39.26,35.37,37.57,33.87,30.19
979000,40.23,35.07,37.83,33.84,30.21
980000,40.71,35.27,37.5,33.31,30.3
981000,40.5,35.33,37.71,33.54,30.74
982000,41.74,36.02,36.94,33.78,30.04
983000,41.62,36.3,37.66,33.69,29.71
984000,41.18,36.78,37.29,33.07,29.73
985000,40.15,37.23,37.89,32.81,29.46
986000,40.28,37.32,37.66,32.89,29.56
987000,40.75,37.02,38.41,32.79,29.55
988000,40.07,37.53,38.78,32.52,29.02
989000,39.67,37.53,39.12,32.42,28.79
990000,39.66,38.25,39.38,32.15,29.27
991000,40.03,38.45,39.07,32.26,29.25
992000,40.25,38.23,38.65,31.91,29.49
993000,40.04,38.46,38.37,31.56,29.55
994000,39.93,38.09,38.67,31.24,29.0
995000,39.64,37.51,39.35,31.21,29.03
996000,39.17,38.21,38.91,30.28,28.57
997000,39.79,38.69,38.94,30.66,28.43
998000,40.02,38.51,39.33,30.62,27.87
999000,39.77,38.74,40.11,30.91,28.24
1000000,39.3,37.81,39.52,30.81,28.19
1001000,38.86,36.89,39.21,30.34,28.41
1002000,37.23,36.77,39.61,30.58,28.64
1003000,37.48,37.05,38.86,30.81,28.71
1004000,38.59,36.96,39.76,30.56,28.78
1005000,37.71,37.38,40.38,30.44,29.25
1006000,37.49,36.38,40.91,30.75,29.16
1007000,36.39,36.58,41.04,30.77,29.01
1008000,36.13,36.9,41.18,31.08,28.99
1009000,34.36,36.91,41.2,30.6,29.09
1010000,35.18,36.91,41.69,30.4,29.15
1011000,34.59,37.78,41.73,30.9,28.18
1012000,35.08,38.31,42.72,30.95,27.74
1013000,35.73,37.31,42.65,31.09,28.41
1014000,36.17,36.38,41.74,31.06,28.87
1015000,36.59,36.25,42.31,31.04,29.12
1016000,37.55,35.08,41.74,30.81,29.37
1017000,37.98,35.13,41.77,31.38,28.63
1018000,38.5,36.1,42.06,31.42,28.64
1019000,39.07,35.35,42.13,31.83,28.98
1020000,39.56,35.78,41.54,32.64,29.63
1021000,39.54,35.04,39.97,32.72,30.19
1022000,39.98,35.32,39.48,33.04,30.02
1023000,40.39,35.6,39.53,33.34,30.25
1024000,40.75,36.05,40.6,33.81,29.89
1025000,41.35,35.34,41.31,34.18,29.61
1026000,41.35,34.47,41.52,33.61,29.61
1027000,42.27,34.23,40.95,33.57,29.61
1028000,42.08,34.71,39.87,34.04,29.83
1029000,42.69,34.37,39.83,34.04,29.76
1030000,42.77,34.72,39.74,34.49,29.89
1031000,43.03,34.5,40.1,33.92,29.58
1032000,42.96,34.12,40.26,33.94,29.58
1033000,42.84,34.42,39.63,33.99,29.35
1034000,42.71,34.39,39.61,33.97,29.62
1035000,42.71,34.8,39.83,33.45,30.3
1036000,42.0,34.83,39.7,32.72,30.05
1037000,42.27,34.63,40.44,33.01,30.57
1038000,42.87,33.66,40.45,33.49,31.05
1039000,42.9,33.91,40.51,33.48,31.53
1040000,41.96,33.58,39.02,33.48,31.75
1041000,42.37,33.19,38.89,33.85,31.06
1042000,42.3,33.57,38.85,33.95,30.61
1043000,43.15,34.26,38.89,34.77,30.67
1044000,43.36,34.75,37.61,34.97,30.48
1045000,42.8,35.21,37.36,35.43,29.91
1046000,42.77,35.51,37.32,35.38,29.89
1047000,43.18,35.7,38.75,35.78,30.41
1048000,43.02,35.85,38.09,34.45,30.57
1049000,43.26,35.58,38.45,34.02,30.63
1050000,42.48,35.77,38.47,34.21,30.49
1051000,41.49,35.0,38.49,33.74,30.42
1052000,41.09,34.37,38.78,32.99,29.92
1053000,40.83,35.32,38.57,33.27,29.13
1054000,40.64,34.92,38.54,33.19,28.78
1055000,41.38,35.06,38.78,33.24,28.41
1056000,41.38,36.34,36.07,32.7,28.01
1057000,40.91,36.71,35.64,33.07,28.38
1058000,40.2,36.86,35.65,33.06,28.03
1059000,40.61,36.16,35.93,33.27,28.02
1060000,39.88,36.71,35.76,33.44,26.73
1061000,39.84,37.46,36.51,33.72,26.07
1062000,39.0,37.67,36.57,34.2,26.3
1063000,39.43,37.96,37.51,34.09,26.35
1064000,39.1,38.37,36.88,34.39,26.6
1065000,38.92,38.63,36.97,34.6,26.48
1066000,39.88,39.36,37.22,35.22,26.39
1067000,39.99,39.39,35.97,35.26,26.61
1068000,40.47,39.15,35.23,34.44,27.1
1069000,40.75,39.66,33.96,34.44,26.79
1070000,41.07,38.98,34.13,34.04,25.9
1071000,41.96,39.61,34.31,33.5,25.78
1072000,41.47,40.29,34.21,33.77,26.4
1073000,39.41,40.75,34.07,33.29,26.71
1074000,39.83,40.76,33.71,33.09,27.08
1075000,40.85,40.98,33.82,33.32,27.61
1076000,41.0,40.1,32.67,33.54,28.01
1077000,41.06,39.38,32.6,33.07,28.36
1078000,41.48,39.14,32.46,33.33,29.07
1079000,41.4,37.74,31.42,33.59,29.4
1080000,40.2,37.91,31.65,34.23,29.7
1081000,40.71,38.23,31.59,34.54,30.45
1082000,40.41,38.29,32.33,33.81,30.75
1083000,40.96,38.52,32.21,34.34,30.79
1084000,41.25,39.16,32.53,34.41,30.6
1085000,41.24,39.25,32.55,34.87,30.95
1086000,42.2,38.7,32.95,34.7,30.78
1087000,41.99,38.02,33.65,34.94,30.26
1088000,42.0,37.32,33.87,35.42,30.2
1089000,41.75,37.45,34.81,34.68,30.09
1090000,41.39,37.56,35.32,34.89,29.64
1091000,41.94,38.3,35.33,34.77,29.92
1092000,41.48,38.2,35.84,34.61,29.69
1093000,41.84,37.71,34.29,34.88,29.4
1094000,41.84,37.01,34.98,35.23,30.05
1095000,42.58,36.82,35.42,35.71,29.77
1096000,42.23,36.08,35.0,36.23,30.38
1097000,42.43,35.76,35.02,35.19,31.15
1098000,42.55,35.74,34.98,35.73,31.43
1099000,42.69,35.32,35.77,36.38,31.24
1100000,42.93,36.03,35.79,36.41,31.09
1101000,42.62,36.9,36.34,35.66,31.3
1102000,41.89,36.96,36.03,35.92,31.77
1103000,40.66,36.28,35.61,35.99,32.08
1104000,41.34,35.7,36.27,36.15,32.31
1105000,41.09,35.24,36.98,35.94,32.64
1106000,41.68,36.02,37.34,36.17,32.36
1107000,40.15,36.9,37.59,36.6,32.89
1108000,39.3,35.99,37.66,36.5,32.61
1109000,38.76,36.75,37.89,36.33,32.26
1110000,39.71,37.57,37.23,35.67,32.0
1111000,40.11,38.28,37.25,35.26,32.06
1112000,39.22,39.11,37.76,35.69,33.02
1113000,38.44,39.06,38.02,35.16,32.67
1114000,37.85,38.76,37.52,35.14,32.62
1115000,38.16,38.29,38.01,34.31,33.28
1116000,38.74,37.99,38.35,34.98,33.87
1117000,38.98,38.08,37.41,34.67,34.33
1118000,39.41,38.42,36.7,34.74,34.47
1119000,38.6,38.44,35.72,34.11,34.47
1120000,38.67,38.72,35.83,33.78,34.99
1121000,38.67,38.67,34.92,34.48,34.98
1122000,37.59,38.47,34.52,33.56,35.52
1123000,37.95,38.02,35.18,33.32,35.23
1124000,36.35,38.32,34.55,32.71,35.19
1125000,36.59,38.81,34.84,32.47,35.52
1126000,37.33,39.01,35.4,32.48,34.56
1127000,38.65,38.46,35.35,32.07,33.83
1128000,38.07,38.59,34.96,31.7,34.04
1129000,39.04,39.68,35.05,32.66,34.58
1130000,38.82,40.08,35.03,32.6,33.66
1131000,39.28,40.34,35.22,32.74,33.9
1132000,41.01,40.91,35.69,32.32,34.08
1133000,40.77,41.52,35.55,32.7,33.79
1134000,40.83,39.93,35.09,32.58,34.32
1135000,40.53,39.31,34.57,31.94,33.51
1136000,41.0,38.98,35.23,31.5,33.55
1137000,40.82,39.88,35.64,31.99,33.63
1138000,41.78,40.06,36.51,32.06,33.54
1139000,42.43,38.36,36.9,31.85,34.1
1140000,42.05,38.8,37.66,32.05,33.08
1141000,42.54,38.34,37.95,31.93,33.08
1142000,43.78,38.58,38.19,31.47,33.29
1143000,43.99,37.86,39.62,30.73,33.06
1144000,42.83,37.81,39.49,30.97,32.62
1145000,43.11,37.64,38.55,30.67,32.91
1146000,42.87,38.06,39.02,30.81,33.09
1147000,43.54,37.64,39.75,30.81,33.47
1148000,43.62,37.9,39.3,30.61,32.94
1149000,42.59,38.07,39.23,31.18,33.15
1150000,41.49,38.06,39.68,31.23,32.64
1151000,41.27,37.88,40.5,31.61,33.45
1152000,41.64,37.61,40.42,31.18,33.68
1153000,42.51,37.76,41.57,30.51,32.81
1154000,42.22,37.76,41.84,30.27,32.71
1155000,41.61,37.8,42.1,29.47,33.26
1156000,41.76,36.82,41.89,29.3,33.48
1157000,41.61,37.07,42.57,29.16,32.91
1158000,42.02,37.93,43.37,28.75,33.07
1159000,43.56,37.79,43.21,28.83,32.83
1160000,43.93,36.91,43.84,29.29,33.07
1161000,42.38,36.91,43.88,29.3,33.07
1162000,43.09,36.45,43.51,29.65,33.02
1163000,42.64,35.84,43.76,29.85,33.83
1164000,42.38,36.31,43.18,30.56,33.94
1165000,40.46,36.38,43.16,31.08,33.95
1166000,39.89,36.62,43.2,31.79,33.9
1167000,39.97,35.72,42.48,31.69,33.38
1168000,40.38,36.1,43.03,32.15,33.52
1169000,40.65,36.6,43.54,32.61,34.12
1170000,40.93,37.16,44.04,33.04,34.35
1171000,39.34,36.87,43.83,32.96,33.87
1172000,39.7,36.86,44.31,32.67,33.22
1173000,39.01,36.05,44.34,33.06,33.08
1174000,38.94,36.17,44.57,33.21,33.07
1175000,39.21,36.32,44.2,32.43,32.97
1176000,39.99,36.32,43.41,32.21,33.12
1177000,40.9,36.38,43.47,32.2,33.75
1178000,41.77,37.31,43.57,32.18,33.65
1179000,42.09,37.29,42.84,32.27,34.63
1180000,42.55,37.55,43.23,32.98,33.88
1181000,43.34,37.57,43.57,33.36,34.12
1182000,43.99,37.79,42.72,33.83,34.92
1183000,44.46,38.48,42.3,34.18,35.43
1184000,45.17,38.25,42.38,34.02,34.86
1185000,45.38,39.12,42.23,35.05,35.14
1186000,45.7,39.36,42.52,35.51,35.33
1187000,46.11,39.94,42.88,36.11,35.08
1188000,45.39,39.5,42.21,36.08,34.51
1189000,44.09,39.62,42.87,36.35,34.72
1190000,44.85,39.02,42.58,36.6,34.9
1191000,45.06,39.03,42.98,36.82,34.44
1192000,44.52,39.12,43.19,36.66,34.0
1193000,43.31,40.26,42.89,36.02,33.92
1194000,43.47,39.37,43.4,35.81,34.25
1195000,44.18,39.91,43.55,35.04,34.2
1196000,44.38,38.97,43.08,34.31,34.17
1197000,43.8,38.98,43.3,33.71,34.69
1198000,44.25,39.22,43.52,33.71,34.56
1199000,44.68,39.22,43.25,33.46,34.2
1200000,45.17,38.52,43.05,33.76,34.32
1201000,45.28,38.57,43.0,34.21,35.07
1202000,44.99,38.31,42.41,33.97,35.38
1203000,45.18,38.56,42.3,34.87,35.31
1204000,45.44,38.75,41.65,34.84,35.17
1205000,44.4,39.39,42.19,34.94,35.6
1206000,43.89,40.53,42.47,35.17,34.59
1207000,44.46,40.19,41.98,35.19,34.53
1208000,43.55,40.07,40.82,34.97,34.06
1209000,43.99,40.09,41.1,35.88,34.05
1210000,44.08,39.66,41.6,35.35,33.74
1211000,44.2,39.66,41.12,35.41,33.27
1212000,43.49,38.93,40.82,35.38,33.2
1213000,41.66,39.14,41.55,34.89,33.91
1214000,39.0,38.81,41.75,34.71,33.38
1215000,38.4,38.81,41.65,34.25,33.43
1216000,39.12,38.78,42.44,34.05,33.66
1217000,39.44,36.69,42.6,33.36,34.29
1218000,39.57,37.38,42.35,33.84,34.04
1219000,39.06,37.69,42.83,33.67,33.82
1220000,39.09,38.16,43.75,33.46,33.65
1221000,39.16,38.24,44.15,33.53,34.54
1222000,38.56,38.42,44.94,33.3,34.16
1223000,38.89,38.43,44.6,34.16,33.49
1224000,40.11,38.45,44.6,34.45,32.93
1225000,40.42,37.8,44.99,34.89,33.14
1226000,40.91,38.27,44.39,35.15,33.74
1227000,41.07,38.23,44.2,35.84,33.49
1228000,40.35,39.31,44.47,35.47,33.7
1229000,41.11,39.45,43.46,35.31,33.64
1230000,40.85,40.41,42.21,34.96,33.15
1231000,39.41,40.4,42.44,35.03,33.34
1232000,39.22,41.43,43.14,35.27,33.16
1233000,39.83,42.5,43.39,35.3,32.71
1234000,40.05,42.87,43.61,35.12,33.03
1235000,39.47,43.33,43.59,35.32,32.82
1236000,40.11,43.56,43.84,36.05,32.12
1237000,40.19,44.38,44.92,36.0,31.89
1238000,40.34,44.65,44.61,34.97,31.72
1239000,41.3,44.76,44.57,34.76,31.22
1240000,40.71,44.82,43.86,35.17,31.57
1241000,40.43,44.27,44.08,35.01,31.56
1242000,39.52,43.59,44.48,34.72,31.86
1243000,39.24,43.53,44.47,34.5,31.09
1244000,40.4,44.25,43.37,35.54,31.58
1245000,40.64,44.18,43.57,35.15,31.88
1246000,40.65,44.26,43.8,35.69,32.21
1247000,41.33,45.21,44.13,36.37,32.39
1248000,42.82,44.86,44.13,37.69,32.15
1249000,42.94,45.09,42.91,37.29,31.83
1250000,43.7,45.52,43.16,37.47,32.06
1251000,43.48,46.42,41.87,37.47,32.62
1252000,42.87,46.33,41.22,37.39,33.43
1253000,42.22,45.17,41.46,38.42,33.78
1254000,43.19,45.08,42.2,39.05,34.15
1255000,44.55,43.97,40.35,37.32,33.35
1256000,45.35,43.67,39.62,38.03,33.08
1257000,45.72,43.07,39.84,38.27,33.19
1258000,46.8,43.07,39.55,38.05,33.45
1259000,46.7,43.63,38.92,38.26,34.09
1260000,47.41,43.87,39.65,38.5,34.81
1261000,47.98,43.15,39.43,38.98,34.37
1262000,47.67,42.8,39.43,38.68,35.29
1263000,47.22,41.95,40.36,38.69,35.7
1264000,46.77,42.26,40.78,38.65,35.51
1265000,47.68,42.61,40.81,37.97,36.25
1266000,47.83,42.86,40.3,38.48,36.23
1267000,47.27,42.29,40.32,38.99,36.69
1268000,47.42,42.71,38.86,38.51,36.69
1269000,48.39,41.66,38.88,38.64,36.74
1270000,47.79,42.42,38.2,38.56,36.74
1271000,49.17,41.63,38.67,38.64,37.0
1272000,49.87,41.72,38.95,39.85,36.81
1273000,48.83,41.82,38.81,38.57,36.62
1274000,48.69,41.6,39.01,38.45,36.77
1275000,48.78,41.39,38.1,39.01,36.98
1276000,48.73,41.63,38.19,38.75,37.22
1277000,49.58,41.4,38.88,38.43,37.2
1278000,49.37,41.82,39.19,38.9,37.6
1279000,49.23,41.93,39.37,37.67,37.12
1280000,49.31,41.73,38.61,37.46,36.44
1281000,49.78,41.61,38.63,37.93,36.21
1282000,50.7,41.78,38.83,38.16,36.47
1283000,51.64,42.03,38.35,38.38,35.65
1284000,52.21,42.1,39.08,37.28,35.52
1285000,52.13,41.63,40.23,36.73,35.38
1286000,50.96,42.26,40.39,37.8,35.41
1287000,51.73,42.68,40.3,37.38,35.42
1288000,52.85,43.16,40.54,37.45,35.26
1289000,53.06,44.59,40.53,36.88,34.16
1290000,52.12,44.79,41.72,36.86,34.78
1291000,51.72,45.03,41.6,37.68,34.27
1292000,51.17,44.46,42.28,38.41,34.51
1293000,51.58,44.91,41.36,38.17,34.46
1294000,52.0,44.54,40.74,39.34,35.54
1295000,51.53,43.05,40.72,40.05,35.23
1296000,51.16,43.02,41.18,39.6,34.92
1297000,51.45,43.37,39.33,39.64,34.7
1298000,51.41,43.09,40.78,38.49,34.37
1299000,51.47,42.34,41.62,38.48,34.23
1300000,51.45,42.66,41.12,38.25,34.37
1301000,51.88,41.92,40.41,38.63,34.39
1302000,52.22,41.74,40.43,38.66,34.72
1303000,50.77,42.29,40.68,38.65,34.25
1304000,50.84,41.57,41.82,38.49,34.09
1305000,51.02,41.27,42.09,38.87,33.13
1306000,50.37,41.47,41.99,39.12,31.98
1307000,49.39,41.81,42.24,39.91,32.21
1308000,49.73,41.85,42.71,40.3,32.43
1309000,50.51,41.36,42.45,40.56,32.48
1310000,47.68,41.78,42.45,40.9,32.72
1311000,47.17,41.78,42.69,39.96,33.28
1312000,47.07,40.37,42.49,39.97,33.75
1313000,47.06,40.68,41.8,39.69,33.94
1314000,46.12,41.06,41.72,38.91,34.25
1315000,45.06,40.23,41.8,39.18,35.0
1316000,45.38,39.39,42.13,39.5,35.25
1317000,45.35,38.3,42.62,39.75,34.86
1318000,46.47,37.4,43.43,39.65,34.18
1319000,46.35,37.13,44.24,39.44,33.82
1320000,46.47,36.36,41.96,38.74,33.81
1321000,46.27,36.58,41.66,39.09,33.74
1322000,45.84,36.6,42.05,39.39,33.4
1323000,44.03,36.88,41.59,38.37,33.14
1324000,43.12,37.8,40.27,37.81,32.88
1325000,42.9,37.54,41.3,37.34,33.21
1326000,42.93,38.03,41.99,37.47,33.27
1327000,41.95,38.27,41.4,37.68,33.48
1328000,42.71,38.96,41.18,38.61,33.01
1329000,42.23,39.71,41.73,38.81,31.96
1330000,39.69,39.73,41.74,39.39,32.92
1331000,40.77,40.69,40.94,40.34,33.42
1332000,41.25,40.89,39.9,39.73,33.61
1333000,41.15,41.16,39.18,40.04,33.85
1334000,41.3,41.37,39.82,39.17,34.1
1335000,40.5,40.89,40.34,39.48,34.29
1336000,41.46,40.9,41.05,39.21,34.21
1337000,40.81,40.84,40.96,39.66,33.27
1338000,40.79,40.68,40.26,39.43,32.05
1339000,40.8,40.42,40.98,40.43,31.64
1340000,41.35,40.53,40.97,39.23,30.82
1341000,41.97,40.74,41.94,39.98,29.79
1342000,41.6,40.1,41.92,39.64,29.99
1343000,41.43,39.5,41.95,38.62,30.5
1344000,42.88,39.02,42.82,38.7,30.03
1345000,42.97,39.5,43.07,38.25,29.09
1346000,44.13,39.13,43.31,38.41,29.07
1347000,44.94,38.56,44.51,38.24,29.07
1348000,45.23,38.92,44.03,38.47,29.28
1349000,46.49,40.05,43.69,37.94,29.53
1350000,45.94,40.55,43.8,37.68,29.49
1351000,46.96,40.5,44.13,37.92,29.6
1352000,47.22,40.89,44.84,37.92,30.21
1353000,48.24,41.27,44.4,38.64,30.41
1354000,49.43,41.03,42.02,39.36,30.8
1355000,50.17,41.77,42.09,39.54,31.3
1356000,51.34,41.52,42.75,39.74,30.85
1357000,51.54,41.48,43.42,40.23,30.33
1358000,50.82,41.28,44.0,39.81,30.53
1359000,50.63,41.91,44.03,38.75,30.77
1360000,51.04,42.17,43.82,38.29,30.95
1361000,51.06,42.17,43.81,38.58,31.18
1362000,51.67,41.18,43.94,36.88,31.3
1363000,52.09,41.18,42.32,36.02,31.71
1364000,52.46,42.15,42.25,36.94,31.91
1365000,53.69,41.71,41.78,37.17,32.54
1366000,53.68,41.33,42.21,37.3,32.53
1367000,54.4,41.73,42.45,37.05,33.47
1368000,55.12,40.85,42.45,36.55,34.13
1369000,55.35,38.88,42.69,37.03,33.92
1370000,55.94,39.07,42.31,38.0,34.61
1371000,55.84,39.8,42.64,37.64,34.66
1372000,56.46,39.83,43.0,37.66,35.15
1373000,57.85,40.28,41.92,36.75,35.65
1374000,57.99,40.24,41.97,37.21,35.59
1375000,58.39,40.6,40.47,38.04,35.82
1376000,59.4,39.65,40.25,37.89,36.13
1377000,60.2,39.01,39.77,38.36,36.69
1378000,59.29,39.54,38.83,38.19,37.06
1379000,59.04,39.59,39.07,38.88,36.95
1380000,59.14,39.43,39.76,38.79,37.0
1381000,58.11,38.08,39.01,38.24,36.41
1382000,57.31,38.27,39.5,38.51,36.02
1383000,58.25,38.21,38.91,37.92,36.61
1384000,58.69,37.86,39.37,39.3,36.43
1385000,59.22,38.37,38.82,39.96,36.07
1386000,58.51,37.6,38.62,39.74,36.88
1387000,57.67,38.25,38.87,38.22,37.49
1388000,57.14,38.91,38.19,38.22,37.0
1389000,55.39,38.96,36.12,39.32,37.12
1390000,54.64,38.32,36.98,38.75,37.38
1391000,54.57,39.04,37.57,39.47,37.81
1392000,55.06,38.55,37.52,40.14,37.91
1393000,54.82,39.04,36.57,40.81,37.35
1394000,54.07,39.66,36.67,40.55,37.65
1395000,53.28,38.25,36.96,41.26,38.02
1396000,52.96,37.73,37.33,41.36,38.08
1397000,50.72,36.65,37.84,41.61,38.31
1398000,50.52,37.09,37.87,41.91,38.34
1399000,50.91,37.49,37.29,41.18,36.4
1400000,50.4,38.08,37.44,40.94,37.13
1401000,49.42,39.1,38.79,41.32,37.53
1402000,49.03,38.92,39.03,40.63,37.04
1403000,48.8,38.9,39.81,39.85,37.52
1404000,47.96,39.35,40.38,40.34,36.73
1405000,48.13,39.24,40.03,40.14,36.65
1406000,47.4,39.31,40.45,40.63,35.79
1407000,47.38,39.26,40.48,41.59,35.75
1408000,46.79,39.75,41.39,41.81,35.73
1409000,47.21,40.08,41.2,42.54,35.41
1410000,44.0,41.29,40.48,42.03,35.71
1411000,43.76,40.71,41.45,42.23,36.0
1412000,43.06,41.12,41.75,41.98,36.82
1413000,43.31,40.93,41.98,41.99,36.97
1414000,43.47,40.7,42.01,42.43,36.49
1415000,43.31,41.55,43.11,42.33,35.77
1416000,43.78,41.49,41.49,42.14,36.43
1417000,44.21,41.38,41.74,42.41,35.78
1418000,42.83,41.25,42.71,41.16,35.66
1419000,42.81,41.04,42.86,39.79,35.48
1420000,42.52,40.35,42.65,40.62,36.09
1421000,43.16,39.97,42.91,41.09,35.24
1422000,43.66,41.18,43.44,41.81,34.36
1423000,44.43,40.99,44.14,40.78,33.7
1424000,45.09,40.63,44.87,41.78,33.32
1425000,45.93,40.88,44.62,41.46,33.62
1426000,45.44,39.36,45.98,40.12,34.1
1427000,46.39,39.36,46.68,40.81,34.54
1428000,46.94,40.31,47.36,41.22,34.55
1429000,45.37,40.6,47.94,40.5,34.62
1430000,46.36,41.3,47.31,40.61,34.62
1431000,45.33,41.81,47.79,41.09,34.22
1432000,46.55,41.65,48.06,41.12,33.66
1433000,45.65,41.92,48.04,41.4,34.12
1434000,45.99,42.38,48.77,42.16,34.29
1435000,46.48,43.28,49.08,41.26,34.45
1436000,46.1,42.81,49.33,41.78,34.3
1437000,46.1,42.33,49.56,41.33,33.8
1438000,46.83,42.02,50.28,41.1,33.65
1439000,46.63,41.94,48.85,41.37,33.22
1440000,45.55,41.4,49.51,42.48,33.0
1441000,46.28,42.44,49.14,41.76,33.41
1442000,47.13,42.67,48.19,41.19,33.93
1443000,46.89,42.29,47.31,41.11,34.52
1444000,46.87,41.93,47.41,41.65,34.73
1445000,47.04,41.66,47.4,41.83,33.31
1446000,47.5,42.38,46.57,42.57,34.36
1447000,47.73,42.8,46.12,43.73,34.3
1448000,48.06,43.29,46.12,43.98,33.38
1449000,47.77,43.27,47.37,42.86,33.43
1450000,48.2,43.71,45.72,43.13,34.11
1451000,48.07,43.47,45.72,43.12,34.21
1452000,49.04,43.96,46.33,42.6,34.05
1453000,49.25,43.24,44.58,42.59,34.58
1454000,49.01,43.63,45.5,42.46,34.53
1455000,49.23,43.47,45.25,42.69,33.95
1456000,49.74,44.05,45.42,41.22,34.0
1457000,50.46,42.54,45.73,41.18,34.14
1458000,51.22,42.59,45.76,41.14,34.1
1459000,51.37,42.18,46.39,42.19,33.5
1460000,50.07,42.15,45.35,42.41,33.31
1461000,50.31,44.05,44.4,42.89,33.19
1462000,51.12,43.64,44.09,41.26,34.12
1463000,51.0,43.0,43.21,40.47,34.55
1464000,49.87,42.79,43.73,40.89,34.63
1465000,48.95,42.86,44.34,41.85,34.64
1466000,48.26,43.1,44.17,41.84,34.89
1467000,47.53,42.77,43.0,41.8,35.35
1468000,48.42,41.11,43.22,41.05,35.85
1469000,47.09,41.32,43.94,41.36,35.53
1470000,47.95,41.5,44.1,41.14,36.25
1471000,48.34,41.84,44.37,41.69,35.28
1472000,47.86,42.53,42.94,41.1,34.33
1473000,47.31,43.36,42.64,40.1,34.51
1474000,46.44,43.7,42.89,40.39,34.64
1475000,46.44,43.96,43.62,39.3,34.99
1476000,47.45,43.97,42.96,39.85,35.16
1477000,48.34,43.47,42.87,39.53,35.13
1478000,47.83,44.03,42.78,39.86,34.92
1479000,47.07,43.76,43.13,39.03,35.17
1480000,47.35,43.74,43.85,38.4,34.96
1481000,47.34,44.61,43.7,38.9,35.04
1482000,47.44,43.46,43.97,39.35,34.42
1483000,46.28,42.97,44.71,40.02,33.49
1484000,46.09,42.99,45.62,40.15,33.1
1485000,46.19,42.79,44.77,40.27,32.5
1486000,44.93,42.64,45.08,41.23,32.76
1487000,43.85,42.09,45.38,41.69,32.44
1488000,43.16,42.01,46.32,42.74,32.68
1489000,42.27,42.43,45.16,43.21,31.04
1490000,40.74,42.54,45.3,42.89,31.45
1491000,39.53,43.4,46.3,43.27,32.32
1492000,40.19,43.36,46.8,43.78,31.87
1493000,40.34,44.66,45.25,42.92,31.26
1494000,40.29,44.07,44.22,42.0,30.72
1495000,41.28,43.12,43.29,43.08,29.48
1496000,41.26,43.56,43.95,42.65,29.98
1497000,41.48,42.88,44.5,43.36,30.68
1498000,42.29,43.35,45.17,44.08,30.68
1499000,42.87,43.34,45.51,44.33,30.89
1500000,42.18,43.96,45.75,45.51,30.57
1501000,41.72,43.52,46.27,45.73,30.08
1502000,42.11,43.75,47.37,45.18,30.12
1503000,42.25,43.95,46.65,45.66,30.57
1504000,41.07,44.88,45.54,46.32,30.79
1505000,41.35,45.44,45.71,45.98,30.54
1506000,41.98,46.03,46.68,45.72,30.95
1507000,41.16,45.83,47.06,46.51,31.12
1508000,40.92,44.91,47.3,47.18,31.27
1509000,41.13,43.43,47.57,47.75,31.98
1510000,41.13,43.66,47.46,47.61,32.21
1511000,42.98,44.74,48.14,48.56,32.02
1512000,43.48,45.46,48.7,48.79,31.77
1513000,43.78,45.45,49.13,49.52,32.73
1514000,42.54,46.5,49.27,50.19,32.75
1515000,42.1,46.49,50.13,50.34,33.23
1516000,42.51,46.95,50.55,50.58,33.55
1517000,41.66,46.71,50.41,50.28,34.51
1518000,41.36,45.81,50.15,49.46,35.15
1519000,41.39,45.8,51.76,49.15,35.65
1520000,41.06,46.73,51.89,49.1,35.46
1521000,41.59,46.9,52.25,48.71,35.67
1522000,41.8,45.45,52.29,49.2,36.15
1523000,41.88,47.46,52.37,48.53,36.59
1524000,42.32,47.6,51.41,49.32,37.49
1525000,41.9,48.56,52.02,50.06,37.97
1526000,39.19,48.47,50.81,50.16,38.48
1527000,38.56,48.98,50.25,49.51,38.17
1528000,36.96,49.65,50.72,49.41,37.64
1529000,36.82,48.9,50.9,49.41,37.28
1530000,36.71,49.5,50.43,49.14,37.3
1531000,36.6,49.98,50.81,49.13,36.66
1532000,36.97,49.19,51.03,49.6,37.11
1533000,36.39,49.3,50.56,49.16,36.63
1534000,35.01,49.29,50.54,49.33,36.54
1535000,35.29,49.94,50.88,49.91,36.29
1536000,35.8,49.75,51.65,49.11,35.81
1537000,36.04,49.17,52.38,49.53,35.57
1538000,35.66,47.43,53.24,50.45,36.34
1539000,34.63,47.41,52.1,48.45,36.7
1540000,33.45,47.16,52.04,47.93,36.62
1541000,32.63,47.41,52.26,48.18,36.68
1542000,32.86,46.06,52.05,48.68,36.91
1543000,33.26,44.84,51.87,48.72,37.72
1544000,33.4,45.32,52.11,47.25,36.81
1545000,33.91,45.1,50.72,47.48,36.81
1546000,33.71,45.74,51.24,48.27,37.54
1547000,33.31,45.02,51.72,47.86,37.5
1548000,33.84,43.38,52.42,47.9,36.73
1549000,33.07,42.92,52.8,46.75,36.47
1550000,33.77,43.27,53.05,46.26,35.57
1551000,33.75,43.77,52.88,46.02,35.47
1552000,33.74,43.35,52.56,45.24,35.61
1553000,34.44,44.3,52.8,44.62,35.36
1554000,35.28,45.17,53.15,44.37,34.68
1555000,35.26,45.45,53.87,44.91,34.67
1556000,36.55,45.02,53.86,45.15,34.98
1557000,37.12,45.12,53.78,45.07,34.95
1558000,37.58,45.78,53.1,44.67,34.26
1559000,37.74,44.1,51.44,45.17,34.5
1560000,37.73,43.8,52.12,45.38,33.62
1561000,38.6,44.17,52.12,46.81,33.57
1562000,38.63,43.7,52.59,46.32,34.6
1563000,38.67,43.29,52.48,46.31,34.14
1564000,38.94,44.34,53.17,45.61,34.62
1565000,39.23,45.34,53.38,45.37,35.56
1566000,39.94,44.49,53.6,45.52,35.67
1567000,40.6,43.89,52.87,45.26,34.9
1568000,40.64,43.82,53.03,45.3,34.56
1569000,41.72,41.95,53.38,44.33,34.06
1570000,42.27,41.78,53.41,45.09,34.3
1571000,42.22,42.02,53.0,45.81,33.34
1572000,42.45,42.0,54.13,45.74,33.31
1573000,43.01,42.09,53.7,46.5,32.33
1574000,43.49,40.91,53.52,46.06,31.6
1575000,44.42,41.29,54.49,46.71,31.12
1576000,44.69,41.5,54.51,45.77,31.93
1577000,46.22,42.26,55.0,45.78,31.89
1578000,45.48,42.61,54.66,45.94,30.5
1579000,46.09,41.34,53.98,46.45,30.76
1580000,45.88,41.24,54.87,45.09,31.14
1581000,45.88,41.59,54.14,45.11,32.11
1582000,47.46,41.37,53.76,45.13,32.34
1583000,48.29,41.43,54.49,45.62,32.41
1584000,48.69,40.75,54.07,44.36,32.43
1585000,49.44,41.28,52.87,43.9,33.04
1586000,49.43,39.64,52.86,44.86,33.39
1587000,49.36,40.41,53.36,45.38,33.14
1588000,50.25,39.23,53.6,44.9,34.34
1589000,51.29,40.14,53.73,45.84,34.78
1590000,50.7,41.34,54.44,45.61,35.08
1591000,51.21,41.49,54.83,45.71,34.12
1592000,51.38,42.87,52.85,47.06,35.08
1593000,51.56,41.82,52.13,47.51,35.06
1594000,52.04,41.86,52.83,46.9,35.58
1595000,51.92,42.01,53.09,46.19,34.52
1596000,52.81,39.54,53.16,46.5,34.64
1597000,52.01,40.24,53.14,45.27,35.11
1598000,52.51,40.72,51.77,44.21,35.11
1599000,53.71,41.61,51.84,44.19,34.9
1600000,53.13,41.46,51.86,43.24,34.75
1601000,53.14,41.91,51.43,44.2,34.7
1602000,53.33,42.99,49.71,44.65,34.73
1603000,53.65,43.58,48.92,44.61,35.23
1604000,54.5,44.56,48.78,44.28,35.66
1605000,55.35,44.95,49.55,45.39,35.47
1606000,56.34,45.61,49.29,44.88,35.7
1607000,57.34,46.29,49.29,43.92,36.22
1608000,58.08,46.8,50.72,43.67,36.54
1609000,57.78,47.51,51.92,42.78,37.13
1610000,57.02,48.47,51.67,42.84,37.53
1611000,56.21,48.75,52.63,42.34,37.49
1612000,56.44,49.5,52.74,41.74,36.98
1613000,56.23,49.98,52.88,40.94,36.86
1614000,56.02,50.01,53.07,40.25,36.91
1615000,56.66,49.96,51.87,39.59,35.96
1616000,56.6,49.3,52.1,38.56,36.43
1617000,56.46,49.77,52.8,38.89,36.66
1618000,56.52,49.2,53.5,39.23,36.81
1619000,56.05,49.84,53.7,38.78,36.29
1620000,55.65,49.64,53.81,38.25,36.42
1621000,55.61,49.99,53.79,38.73,36.45
1622000,54.21,49.75,54.03,37.99,36.87
1623000,54.91,50.1,52.41,37.87,35.17
1624000,53.31,50.52,52.65,35.81,35.32
1625000,53.72,50.15,52.18,36.51,35.79
1626000,53.72,50.48,52.17,36.73,35.59
1627000,53.27,50.46,52.57,37.19,36.37
1628000,53.56,50.75,53.05,37.79,35.47
1629000,53.79,50.43,54.02,38.3,35.64
1630000,54.29,49.76,54.96,39.04,35.89
1631000,53.99,48.63,55.91,38.8,36.83
1632000,53.98,48.64,55.34,39.06,37.77
1633000,53.34,47.26,56.07,37.07,37.34
1634000,52.9,47.72,55.83,37.0,37.79
1635000,54.04,48.45,55.99,37.0,37.49
1636000,53.6,45.42,55.74,35.87,37.04
1637000,52.96,45.25,55.16,35.87,36.82
1638000,52.74,44.72,55.12,35.88,36.78
1639000,53.0,44.47,55.86,36.58,36.17
1640000,51.44,43.77,55.89,36.78,35.94
1641000,52.38,43.04,56.06,36.17,36.4
1642000,53.43,43.27,55.54,36.37,35.32
1643000,53.25,43.72,55.21,36.22,35.84
1644000,53.12,43.71,55.88,36.16,36.05
1645000,53.12,43.44,55.84,36.52,36.7
1646000,52.65,42.76,56.07,36.79,36.4
1647000,51.75,42.04,56.52,36.23,36.88
1648000,50.77,41.96,56.9,35.73,36.89
1649000,50.63,43.31,57.44,36.92,36.1
1650000,51.25,43.54,58.17,36.7,36.08
1651000,52.22,43.83,58.2,35.71,36.55
1652000,52.67,43.01,58.37,35.96,36.16
1653000,53.73,42.97,57.47,35.9,36.39
1654000,53.73,43.34,56.77,36.72,36.86
1655000,55.9,42.36,52.99,35.72,36.39
1656000,56.38,41.01,53.91,35.72,36.87
1657000,56.25,42.0,54.12,35.91,35.87
1658000,56.9,43.17,53.65,35.02,36.51
1659000,56.02,42.69,53.91,35.26,36.39
1660000,55.29,43.63,53.21,35.2,36.18
1661000,56.6,42.81,52.87,34.77,35.27
1662000,57.39,42.54,53.85,35.48,36.23
1663000,56.04,41.98,53.92,36.05,36.88
1664000,57.2,41.48,53.59,36.73,36.89
1665000,56.69,41.94,54.23,37.2,37.09
1666000,57.39,41.83,53.68,37.12,37.32
1667000,57.87,41.6,54.43,37.81,37.6
1668000,58.18,41.01,54.61,38.28,37.6
1669000,57.02,41.73,55.2,38.66,37.37
1670000,56.61,43.08,55.11,38.78,37.95
1671000,56.25,43.22,55.11,38.7,37.75
1672000,56.28,42.64,53.65,38.96,37.1
1673000,56.86,42.03,52.19,38.48,37.79
1674000,57.48,42.84,52.43,39.65,38.08
1675000,57.24,43.58,52.5,39.47,36.44
1676000,58.15,43.08,52.27,40.36,36.7
1677000,58.5,42.83,53.15,41.36,37.44
1678000,58.71,42.41,52.92,41.17,37.76
1679000,59.76,42.65,53.64,40.95,37.25
1680000,60.47,43.1,53.65,41.57,38.02
1681000,60.72,43.35,54.56,42.1,38.64
1682000,61.87,43.59,54.97,42.07,39.09
1683000,59.46,42.87,55.68,42.74,39.54
1684000,59.47,43.14,54.97,41.39,38.6
1685000,59.44,42.8,55.41,42.02,39.07
1686000,60.39,43.71,55.33,42.83,39.48
1687000,60.88,44.19,54.49,43.36,38.72
1688000,61.37,43.47,53.3,44.49,37.97
1689000,59.88,44.33,52.45,43.44,37.62
1690000,59.88,44.58,51.54,44.16,37.6
1691000,61.08,45.61,51.37,43.79,37.44
1692000,60.69,45.13,51.37,44.02,36.96
1693000,60.48,44.97,50.8,44.15,36.51
1694000,60.07,45.68,50.1,44.46,36.28
1695000,60.31,44.5,50.79,44.94,36.51
1696000,60.92,44.88,51.01,45.37,35.54
1697000,61.15,44.59,49.76,44.42,35.08
1698000,60.4,44.38,50.48,45.02,34.61
1699000,61.26,44.82,50.31,44.32,35.76
1700000,61.37,44.53,50.36,45.26,35.3
1701000,60.66,44.7,49.69,44.8,35.36
1702000,59.21,45.72,49.45,44.17,35.17
1703000,58.27,45.23,49.43,43.72,34.36
1704000,58.42,46.65,48.36,43.75,35.35
1705000,58.51,47.34,48.11,44.08,35.61
1706000,59.22,46.51,47.04,44.23,35.58
1707000,60.07,46.17,46.99,44.37,34.87
1708000,59.0,46.38,45.73,44.12,34.96
1709000,59.53,46.59,46.19,44.56,34.48
1710000,58.52,47.2,45.45,44.21,33.54
1711000,58.81,46.94,44.2,43.99,32.51
1712000,59.12,46.68,41.59,44.39,32.99
1713000,59.29,46.92,41.28,43.76,32.64
1714000,58.28,47.71,39.8,44.12,32.61
1715000,58.28,47.49,38.58,44.75,32.54
1716000,60.02,47.12,38.55,44.49,32.57
1717000,60.98,47.2,38.64,44.37,32.97
1718000,62.26,47.28,38.28,45.56,33.07
1719000,61.24,47.52,38.6,45.8,33.5
1720000,62.37,46.55,39.06,45.06,34.08
1721000,63.06,47.28,38.18,45.95,33.81
1722000,64.2,47.37,37.87,46.18,33.95
1723000,63.48,47.66,37.59,46.05,33.47
1724000,64.31,47.59,37.11,45.03,33.62
1725000,63.45,48.31,36.86,44.53,34.02
1726000,63.94,48.53,37.22,44.94,34.26
1727000,62.89,48.77,38.07,45.43,34.27
1728000,63.85,49.51,37.85,45.87,34.05
1729000,64.34,49.58,38.02,46.35,34.22
1730000,64.58,49.81,37.84,47.05,35.07
1731000,64.11,49.32,38.25,47.55,34.73
1732000,63.31,48.72,38.02,46.66,35.34
1733000,63.24,48.96,36.59,45.93,34.22
1734000,63.91,49.69,36.98,45.04,34.63
1735000,64.63,51.03,36.59,45.49,34.6
1736000,64.64,50.87,37.53,46.17,34.45
1737000,64.64,51.23,37.63,45.94,34.31
1738000,64.83,50.93,37.86,44.96,34.75
1739000,65.57,51.17,38.24,44.99,34.9
1740000,65.3,51.17,38.39,45.47,36.14
1741000,66.84,50.39,38.62,45.35,36.62
1742000,66.84,49.97,39.43,46.31,36.16
1743000,67.97,49.25,39.61,45.59,36.53
1744000,66.85,49.53,40.09,45.81,36.9
1745000,67.59,49.98,40.69,45.82,36.89
1746000,67.64,49.71,39.95,46.04,37.96
1747000,67.44,50.16,40.52,44.82,38.49
1748000,67.86,49.87,41.46,45.16,38.25
1749000,67.63,49.99,41.7,45.1,38.44
1750000,67.86,50.61,42.44,45.05,38.46
1751000,67.78,51.16,43.4,45.28,38.28
1752000,67.9,51.42,43.16,45.5,37.96
1753000,68.14,52.24,43.15,45.62,38.75
1754000,67.91,51.18,43.4,44.99,38.24
1755000,67.91,51.43,43.85,44.5,38.74
1756000,67.58,52.11,44.07,44.2,39.22
1757000,67.08,52.33,44.53,44.93,39.5
1758000,66.62,53.52,45.79,45.72,39.61
1759000,67.07,53.44,46.83,45.47,38.43
1760000,66.3,53.44,46.6,45.7,37.69
1761000,66.3,53.18,47.42,45.31,37.21
1762000,66.05,53.18,48.09,45.85,37.9
1763000,66.45,52.87,48.55,45.89,38.16
1764000,67.53,53.11,48.31,44.41,38.89
1765000,67.06,52.66,48.49,43.92,38.33
1766000,66.11,52.99,47.76,43.42,38.54
1767000,66.46,53.13,48.5,43.47,37.92
1768000,64.85,52.58,48.93,43.09,37.45
1769000,64.85,52.51,49.44,44.22,37.07
1770000,65.69,53.23,49.92,44.32,36.86
1771000,65.23,52.75,50.39,45.06,37.12
1772000,64.2,53.24,50.12,45.36,37.76
1773000,63.98,53.48,50.12,44.7,38.7
1774000,62.75,53.48,51.55,44.38,38.28
1775000,63.31,51.62,51.78,44.52,39.22
1776000,64.65,50.88,52.97,43.39,38.89
1777000,63.48,51.25,53.69,43.54,38.99
1778000,64.15,51.15,53.96,43.44,38.3
1779000,63.94,51.72,55.22,43.32,38.59
1780000,63.21,52.41,55.9,43.52,38.35
1781000,62.44,52.76,56.38,43.29,38.66
1782000,62.02,54.02,56.14,43.27,38.65
1783000,60.25,54.46,55.26,43.84,38.66
1784000,58.56,54.46,55.26,44.56,38.1
1785000,57.37,54.0,56.43,44.83,38.23
1786000,59.24,53.59,56.43,44.75,38.23
1787000,55.54,53.38,56.79,45.2,38.33
1788000,55.32,52.87,57.28,45.68,38.06
1789000,54.8,53.68,57.04,45.15,37.93
1790000,54.79,52.36,57.66,45.47,38.23
1791000,53.63,51.29,58.16,45.23,38.23
1792000,52.41,50.82,57.59,45.96,39.06
1793000,52.7,51.19,57.96,45.93,38.89
1794000,53.13,51.67,58.17,45.96,38.9
1795000,54.07,52.83,58.33,46.87,38.35
1796000,53.09,53.76,57.69,46.39,38.33
1797000,53.62,52.01,58.38,45.5,38.87
1798000,53.62,51.54,57.66,44.79,38.73
1799000,54.65,51.78,56.8,44.76,38.75
1800000,54.16,51.55,56.13,45.39,38.96
1801000,54.44,51.73,53.86,46.33,39.42
1802000,53.59,52.21,54.5,46.52,39.15
1803000,53.89,50.61,54.7,46.84,38.67
1804000,52.04,50.13,55.44,48.0,39.38
1805000,52.26,50.14,55.42,46.91,38.36
1806000,52.36,50.07,55.5,46.53,37.71
1807000,53.51,51.24,55.5,47.25,38.34
1808000,52.86,52.02,55.37,47.78,37.88
1809000,53.57,50.72,55.86,46.91,39.03
1810000,53.66,50.54,56.99,46.68,39.1
1811000,54.02,50.41,57.35,47.77,39.34
1812000,52.46,49.48,57.61,48.51,39.3
1813000,52.8,49.74,57.36,48.7,38.34
1814000,53.86,50.62,57.41,48.41,37.52
1815000,53.98,50.74,56.01,49.2,37.72
1816000,54.2,52.0,56.68,48.71,37.29
1817000,54.67,52.15,57.42,49.17,35.62
1818000,54.89,52.79,57.64,49.4,36.19
1819000,54.45,51.29,58.14,50.18,35.71
1820000,52.53,51.96,58.39,50.46,34.69
1821000,51.9,51.7,55.98,51.58,35.42
1822000,51.15,51.94,54.4,50.78,35.23
1823000,52.11,50.79,54.41,50.44,34.75
1824000,52.67,50.97,53.87,51.15,35.02
1825000,52.68,51.72,53.32,51.41,35.08
1826000,52.68,51.88,53.07,50.87,35.8
1827000,55.08,52.77,53.15,50.22,35.76
1828000,55.09,52.71,51.63,50.43,36.0
1829000,55.59,51.76,53.08,50.03,36.26
1830000,54.63,52.21,53.56,50.5,36.11
1831000,55.38,52.53,54.15,51.56,35.45
1832000,55.53,52.86,53.87,51.75,35.67
1833000,56.75,54.34,54.05,52.79,34.18
1834000,58.29,53.38,53.91,52.78,34.72
1835000,59.21,53.03,55.37,52.28,35.11
1836000,58.97,51.48,54.99,52.85,35.72
1837000,58.97,51.37,54.65,51.71,35.33
1838000,60.2,51.12,54.69,51.7,35.32
1839000,60.92,51.6,55.61,51.93,35.56
1840000,62.43,52.14,53.91,52.61,36.02
1841000,62.43,51.8,54.62,53.08,36.16
1842000,64.57,51.51,54.44,53.57,35.96
1843000,63.37,50.96,55.35,53.77,36.14
1844000,61.81,51.3,55.26,52.15,36.62
1845000,60.47,51.84,55.0,52.17,37.2
1846000,60.94,51.74,55.12,53.32,37.33
1847000,61.34,50.84,54.74,52.4,37.71
1848000,61.35,51.32,55.23,52.3,38.31
1849000,60.92,52.04,55.72,52.69,38.35
1850000,61.8,53.46,56.44,52.92,38.14
1851000,62.59,53.1,57.52,52.46,38.54
1852000,62.61,53.16,58.17,51.99,39.2
1853000,63.36,54.13,56.43,50.54,40.43
1854000,63.64,55.09,55.59,49.74,40.61
1855000,64.27,55.37,55.55,49.89,40.19
1856000,63.1,55.75,55.3,50.04,41.25
1857000,62.91,55.75,55.26,50.94,41.27
1858000,63.66,54.48,54.81,51.94,41.53
1859000,63.44,54.28,53.1,51.45,40.92
1860000,63.44,54.24,52.12,50.01,41.33
1861000,63.91,54.97,51.63,48.13,39.79
1862000,63.19,55.75,51.95,49.04,40.59
1863000,64.6,55.72,52.2,49.44,41.24
1864000,63.9,55.71,52.9,48.46,40.76
1865000,64.71,55.33,51.95,49.07,41.24
1866000,65.91,55.76,52.95,49.21,40.81
1867000,64.69,56.01,53.49,49.3,40.44
1868000,64.69,56.72,53.3,49.0,39.16
1869000,65.77,56.29,53.55,49.47,39.6
1870000,66.33,56.98,53.43,47.91,39.6
1871000,67.71,57.69,53.92,46.94,38.64
1872000,67.68,58.4,53.76,46.62,37.53
1873000,67.7,58.57,52.67,46.91,38.16
1874000,67.55,59.17,52.03,47.33,38.36
1875000,68.27,60.62,52.58,47.69,38.81
1876000,68.3,62.04,51.35,47.59,39.17
1877000,68.45,62.99,52.15,48.04,38.76
1878000,68.91,63.91,53.08,47.35,39.29
1879000,69.99,64.63,52.95,47.56,40.02
1880000,67.84,65.36,53.83,47.82,40.99
1881000,68.44,65.83,53.7,47.13,40.31
1882000,66.32,65.08,53.68,46.42,40.81
1883000,66.88,64.9,54.24,47.16,42.01
1884000,67.11,64.56,54.95,48.53,41.64
1885000,65.98,65.12,54.61,49.04,41.76
1886000,65.69,65.06,54.36,48.82,40.25
1887000,66.75,65.38,53.89,49.23,39.33
1888000,68.05,64.55,54.07,49.72,39.18
1889000,66.59,64.56,54.27,50.26,38.95
1890000,65.39,64.51,53.03,50.74,39.92
1891000,63.64,64.49,52.4,51.42,39.93
1892000,64.54,65.31,52.53,50.72,40.14
1893000,65.65,65.38,51.39,51.44,41.6
1894000,66.41,66.07,51.81,51.54,41.8
1895000,66.52,66.24,52.25,52.04,42.83
1896000,67.31,66.24,53.28,51.85,42.36
1897000,66.72,67.27,52.61,51.95,42.14
1898000,64.16,68.2,53.33,51.85,42.13
1899000,63.96,67.24,52.76,52.05,41.5
1900000,64.42,65.74,54.09,52.06,41.75
1901000,61.39,65.7,54.59,52.37,42.75
1902000,60.79,66.43,54.97,51.87,43.11
1903000,62.19,67.11,55.18,52.47,43.58
1904000,63.16,66.64,55.32,52.5,42.42
1905000,61.45,67.6,55.0,52.68,41.83
1906000,61.18,66.41,54.55,52.55,42.53
1907000,60.7,66.26,54.92,52.81,43.42
1908000,60.66,65.62,53.44,52.81,44.29
1909000,58.57,66.17,53.97,54.0,44.43
1910000,56.42,66.77,53.97,54.1,43.06
1911000,57.15,66.5,53.89,53.62,42.48
1912000,55.89,67.67,54.79,53.11,43.45
1913000,56.92,67.52,55.6,53.4,44.38
1914000,57.63,67.44,55.63,53.65,43.16
1915000,57.16,67.69,55.34,53.33,42.75
1916000,56.95,67.21,54.59,54.35,42.07
1917000,57.24,68.04,55.53,55.2,40.85
1918000,57.64,67.9,55.53,55.61,41.14
1919000,57.61,66.4,56.16,55.3,41.24
1920000,57.61,66.39,57.63,53.57,41.22
1921000,57.65,66.18,58.0,54.07,42.63
1922000,58.09,65.47,57.55,54.24,42.65
1923000,57.52,64.78,56.87,54.24,42.88
1924000,57.31,61.32,57.62,54.72,42.76
1925000,58.26,59.67,58.2,53.78,42.02
1926000,58.76,58.37,58.57,54.48,41.78
1927000,60.1,57.9,57.84,54.49,40.56
1928000,59.67,58.7,58.58,54.67,39.83
1929000,58.0,59.39,57.15,53.65,40.54
1930000,58.9,60.11,57.48,53.2,40.06
1931000,57.98,61.38,57.98,53.2,40.6
1932000,58.1,61.81,58.44,53.11,40.45
1933000,56.9,61.98,59.15,52.0,40.15
1934000,57.85,62.31,58.46,51.73,38.6
1935000,57.86,61.51,59.43,52.17,38.94
1936000,56.17,60.97,59.67,51.58,39.31
1937000,55.32,61.75,60.5,50.53,40.15
1938000,56.53,63.1,61.63,51.24,40.43
1939000,55.51,62.9,61.88,51.72,40.87
1940000,55.36,62.18,60.75,51.49,38.43
1941000,56.34,63.45,61.46,51.52,38.02
1942000,55.22,62.23,60.53,51.82,38.29
1943000,55.17,61.81,59.49,52.05,38.06
1944000,55.92,61.26,60.3,51.95,38.35
1945000,56.78,61.34,59.61,51.3,38.35
1946000,55.91,61.23,60.57,51.05,38.34
1947000,55.4,61.46,60.09,51.52,40.03
1948000,55.72,62.0,60.24,51.57,39.87
1949000,55.68,61.19,59.92,51.81,39.68
1950000,55.16,60.49,60.17,50.05,40.0
1951000,55.23,60.95,59.88,48.53,39.28
1952000,53.32,60.65,60.35,48.34,40.08
1953000,54.28,61.63,60.91,49.03,40.57
1954000,51.72,61.33,60.92,50.0,39.7
1955000,50.88,60.84,61.01,48.64,38.78
1956000,51.7,61.54,61.54,47.29,39.07
1957000,50.06,62.41,62.24,47.64,39.23
1958000,50.48,62.68,62.96,47.95,40.1
1959000,49.58,63.8,62.29,47.89,39.69
1960000,49.99,62.64,62.93,48.13,39.36
1961000,48.82,61.87,62.75,48.88,40.18
1962000,50.18,62.13,61.06,49.38,39.71
1963000,50.18,63.04,62.09,48.75,40.19
1964000,50.19,62.46,61.36,48.68,40.7
1965000,50.64,62.03,61.72,48.33,40.81
1966000,51.11,62.37,62.39,48.22,41.27
1967000,52.25,62.84,60.72,48.67,41.71
1968000,52.04,62.14,60.71,48.74,42.36
1969000,52.41,61.41,60.07,48.74,42.8
1970000,51.92,61.87,59.81,49.77,42.58
1971000,52.4,61.64,60.29,50.01,43.07
1972000,51.56,61.42,61.44,49.45,41.86
1973000,51.18,61.43,61.81,49.13,42.89
1974000,49.24,61.42,61.57,49.62,42.73
1975000,48.94,61.19,61.34,49.93,43.2
1976000,47.79,60.32,61.14,50.42,43.12
1977000,49.26,58.34,61.38,50.4,43.32
1978000,49.04,58.06,61.62,50.53,43.23
1979000,50.21,57.35,61.87,51.39,42.27
1980000,49.47,58.11,62.04,51.32,41.09
1981000,50.65,57.77,63.42,51.79,40.86
1982000,50.42,57.9,63.42,52.07,40.93
1983000,52.15,57.96,63.19,52.35,41.77
1984000,52.54,57.72,63.26,52.81,41.83
1985000,52.2,58.2,62.8,53.54,42.88
1986000,51.72,57.3,59.95,53.52,43.5
1987000,51.37,58.03,60.03,53.52,42.82
1988000,52.27,59.21,60.54,53.96,42.26
1989000,52.41,58.25,59.14,53.97,41.43
1990000,53.07,59.3,59.93,54.6,41.41
1991000,53.07,59.77,60.33,54.83,41.0
1992000,53.81,59.9,61.25,55.31,40.61
1993000,54.5,60.31,60.02,55.02,41.49
1994000,55.27,59.56,59.53,55.98,41.31
1995000,56.51,59.21,59.51,55.48,41.12
1996000,57.21,56.67,59.52,55.78,41.51
1997000,58.41,56.13,60.48,56.32,41.04
1998000,59.37,55.69,59.37,57.14,41.88
1999000,59.35,54.48,58.9,57.83,41.69
2000000,59.82,54.15,59.14,57.58,42.65
2001000,60.94,53.44,59.06,58.02,43.21
2002000,60.93,53.4,59.9,58.21,42.42
2003000,60.56,55.4,59.46,58.91,42.2
2004000,61.33,54.44,59.47,59.15,42.21
2005000,61.14,53.13,59.01,58.38,41.24
2006000,59.99,53.37,58.02,59.1,40.94
2007000,60.45,53.91,57.56,59.1,41.12
2008000,59.7,53.5,58.74,59.53,41.11
2009000,58.73,54.83,57.51,59.21,41.32
2010000,60.16,55.16,56.32,58.13,42.06
2011000,57.01,55.64,56.81,59.09,42.43
2012000,56.02,55.61,55.19,59.12,42.02
2013000,57.23,55.58,56.4,60.07,42.5
2014000,57.99,55.21,56.58,60.15,42.74
2015000,56.12,56.24,55.12,60.06,42.13
2016000,56.65,56.23,55.64,60.68,41.03
2017000,56.73,56.9,55.01,58.66,40.83
2018000,57.21,57.15,54.73,58.66,39.83
2019000,57.45,57.6,54.71,58.66,40.04
2020000,59.19,58.56,53.49,59.77,40.29
2021000,59.46,59.76,54.0,60.09,40.73
2022000,59.78,59.48,54.26,58.94,41.28
2023000,59.09,60.1,53.1,57.29,41.38
2024000,60.21,60.82,52.77,56.64,41.78
2025000,60.58,61.13,52.44,55.84,41.99
2026000,61.69,61.38,51.88,53.97,41.96
2027000,61.9,61.11,52.45,52.63,41.96
2028000,61.56,61.25,53.4,51.07,41.98
2029000,59.78,61.78,53.46,51.35,41.72
2030000,59.5,60.98,53.16,50.29,42.2
2031000,59.89,61.22,53.84,50.48,40.98
2032000,60.33,61.29,53.91,50.9,40.01
2033000,60.47,62.01,54.07,50.19,39.77
2034000,60.09,60.71,53.32,50.23,39.39
2035000,59.79,60.01,53.42,49.74,39.75
2036000,59.78,58.61,54.33,49.75,39.95
2037000,59.5,57.96,55.2,48.86,39.93
2038000,60.0,57.49,56.84,49.2,39.5
2039000,59.07,58.84,55.77,49.66,40.41
2040000,58.76,58.72,55.12,49.66,40.21
2041000,58.48,59.36,55.15,49.26,39.55
2042000,58.22,59.8,56.1,48.54,39.48
2043000,57.03,61.05,56.11,49.04,39.76
2044000,56.1,61.53,55.86,48.06,39.09
2045000,57.05,61.78,55.7,46.46,39.67
2046000,56.72,62.11,55.76,46.16,39.41
2047000,56.21,63.04,55.85,46.63,40.06
2048000,56.21,62.84,55.57,46.51,40.37
2049000,57.59,61.48,55.46,44.08,40.53
2050000,56.47,61.07,55.46,44.08,40.37
2051000,56.46,61.23,57.12,44.34,40.3
2052000,56.46,62.22,57.83,45.06,41.26
2053000,57.5,63.32,56.73,43.71,41.26
2054000,57.02,62.91,57.38,43.38,41.96
2055000,57.5,63.85,57.65,42.39,42.15
2056000,57.3,63.94,59.13,41.96,41.74
2057000,57.72,64.38,59.4,42.58,40.61
2058000,56.9,63.02,58.69,42.43,41.07
2059000,57.09,61.93,59.88,42.84,40.64
2060000,57.08,61.13,58.22,42.75,40.16
2061000,58.59,61.63,59.43,42.81,38.63
2062000,59.91,61.63,59.47,43.89,38.49
2063000,59.29,63.62,57.9,44.93,39.41
2064000,60.38,62.95,57.93,44.65,39.61
2065000,60.81,62.27,58.32,46.04,39.85
2066000,60.81,62.47,58.08,47.4,40.1
2067000,60.39,64.09,58.4,47.4,40.89
2068000,60.2,63.88,57.65,47.96,41.35
2069000,60.09,61.93,58.05,47.96,40.66
2070000,60.02,61.92,58.42,48.91,40.41
2071000,58.51,61.4,59.27,48.15,39.45
2072000,57.96,61.61,59.52,48.39,38.73
2073000,58.93,61.79,59.42,49.03,38.97
2074000,58.94,61.94,58.73,49.46,39.17
2075000,59.66,62.57,59.39,49.68,39.32
2076000,59.68,61.71,59.88,50.36,39.75
2077000,61.06,60.8,59.53,50.2,39.73
2078000,60.74,61.08,59.53,50.41,40.71
2079000,60.96,60.53,60.4,51.35,39.9
2080000,60.99,59.19,60.63,49.05,39.21
2081000,62.05,58.96,60.68,48.72,39.4
2082000,60.48,58.82,57.87,48.63,39.22
2083000,60.44,58.89,57.87,50.07,39.68
2084000,59.45,58.44,58.47,50.9,40.77
2085000,60.08,58.02,58.41,51.61,39.34
2086000,60.56,58.34,58.41,52.32,37.75
2087000,60.94,59.2,59.72,52.86,37.74
2088000,60.93,57.84,59.79,52.75,37.69
2089000,61.66,57.79,59.68,53.54,37.24
2090000,61.45,57.49,59.45,53.51,37.2
2091000,60.85,57.62,57.93,53.52,37.77
2092000,62.06,57.67,56.81,54.0,38.24
2093000,60.47,59.03,57.77,54.77,38.35
2094000,62.15,59.52,58.46,55.17,39.73
2095000,62.01,60.48,59.18,54.89,38.82
2096000,62.65,56.84,58.59,55.61,38.55
2097000,63.84,56.6,58.24,55.62,38.25
2098000,64.89,57.24,58.98,56.15,37.21
2099000,63.49,57.44,58.52,56.76,37.37
2100000,63.98,56.99,58.93,56.84,37.93
2101000,64.46,56.27,58.22,57.12,38.19
2102000,63.48,56.82,57.33,57.62,38.83
2103000,63.49,56.85,56.99,57.9,39.12
2104000,61.71,57.86,57.23,58.13,39.6
2105000,62.41,58.85,58.37,58.37,39.58
2106000,63.64,60.24,59.24,58.65,40.56
2107000,63.26,60.72,57.77,59.07,40.15
2108000,64.21,61.67,57.78,59.3,40.97
2109000,64.19,60.29,58.21,59.56,41.79
2110000,63.47,61.53,58.03,59.32,42.27
2111000,62.74,62.49,57.8,59.8,41.66
2112000,63.9,62.52,57.73,59.12,41.4
2113000,64.22,63.7,58.84,59.39,41.82
2114000,64.52,64.67,58.51,59.63,41.94
2115000,64.25,65.16,58.18,58.71,41.55
2116000,62.91,64.66,57.27,59.51,42.09
2117000,62.24,63.7,57.79,58.23,41.27
2118000,62.57,63.27,57.62,59.12,40.24
2119000,63.04,62.6,57.86,59.12,41.22
2120000,63.29,62.79,58.24,59.03,41.05
2121000,60.33,63.04,58.51,58.22,41.77
2122000,60.26,64.32,58.21,59.45,42.54
2123000,59.42,63.66,59.03,59.23,43.27
2124000,58.61,64.65,56.87,59.3,43.49
2125000,58.56,65.12,57.34,58.38,44.1
2126000,59.53,66.57,57.11,58.63,44.38
2127000,58.21,66.57,58.76,59.36,43.35
2128000,59.26,67.3,58.95,59.62,42.41
2129000,59.5,68.28,59.17,60.74,41.2
2130000,59.92,69.03,59.18,61.73,40.62
2131000,60.19,69.19,59.69,62.22,40.86
2132000,59.85,69.19,57.09,61.72,40.81
2133000,58.31,70.15,57.34,59.3,40.8
2134000,58.28,71.07,58.55,59.08,40.8
2135000,57.49,72.28,56.66,60.28,41.93
2136000,57.0,72.97,57.77,60.57,41.76
2137000,57.48,73.23,57.95,61.05,40.59
2138000,58.29,73.59,57.17,61.73,40.43
2139000,56.88,73.06,56.02,62.45,39.68
2140000,57.67,73.52,55.84,61.74,38.46
2141000,56.87,74.75,55.84,61.46,38.59
2142000,56.63,75.93,55.75,61.7,37.44
2143000,56.43,74.32,56.13,61.41,38.16
2144000,55.75,75.09,55.31,61.01,36.62
2145000,56.94,74.77,55.76,60.52,37.49
2146000,56.99,75.51,55.85,61.24,37.69
2147000,57.55,76.46,53.81,61.16,38.2
2148000,57.93,75.15,52.93,60.66,37.96
2149000,57.73,73.22,54.2,61.14,38.7
2150000,57.73,73.22,52.57,61.4,38.7
2151000,59.17,75.11,52.57,61.11,38.95
2152000,57.52,74.87,54.67,61.8,39.42
2153000,58.71,75.42,54.86,62.1,38.89
2154000,59.82,76.85,54.6,63.0,38.66
2155000,58.21,77.08,54.02,63.72,39.33
2156000,58.37,76.64,53.57,63.44,39.12
2157000,56.74,75.94,53.81,64.15,38.04
2158000,58.12,77.15,55.13,64.22,37.81
2159000,56.15,76.92,54.0,64.71,38.29
2160000,57.05,77.17,54.5,65.23,39.01
2161000,58.2,77.25,55.6,64.04,39.5
2162000,58.94,76.58,53.17,64.99,39.32
2163000,59.65,74.74,53.03,64.27,39.86
2164000,60.5,70.85,53.84,65.14,39.72
2165000,60.14,69.53,53.37,64.16,39.47
2166000,60.36,69.98,53.6,63.92,40.46
2167000,60.51,69.74,53.81,63.07,40.82
2168000,60.89,69.76,52.69,62.85,40.13
2169000,61.07,68.4,53.63,63.33,39.95
2170000,61.07,69.25,54.58,63.81,40.46
2171000,62.09,69.79,55.34,65.14,40.62
2172000,62.91,67.64,55.1,64.68,40.8
2173000,62.91,67.16,53.98,65.25,41.19
2174000,62.89,67.8,54.3,65.25,40.61
2175000,63.6,68.32,53.33,64.47,40.52
2176000,64.88,67.52,53.97,63.91,41.2
2177000,64.54,68.5,54.88,64.18,40.56
2178000,64.87,68.99,55.88,63.92,40.08
2179000,64.01,66.63,55.17,63.84,38.48
2180000,63.52,66.41,56.09,62.62,38.04
2181000,63.44,65.72,57.29,62.07,38.96
2182000,63.01,65.93,57.11,61.78,37.28
2183000,63.48,66.69,57.29,61.85,37.46
2184000,64.46,66.69,57.66,62.39,37.17
2185000,65.07,66.41,58.74,61.66,36.93
2186000,65.79,65.43,57.8,62.22,36.68
2187000,65.91,66.34,57.45,62.58,36.73
2188000,65.76,65.64,57.35,62.19,36.89
2189000,65.98,66.84,57.35,61.76,36.77
2190000,64.95,66.63,58.95,61.59,36.53
2191000,64.27,65.47,59.33,61.38,36.8
2192000,64.28,64.31,59.83,60.55,37.32
2193000,65.73,62.61,59.83,61.08,37.22
2194000,66.39,62.64,60.06,61.31,36.99
2195000,66.63,62.27,59.71,61.21,37.32
2196000,64.84,62.26,60.41,61.24,35.77
2197000,65.92,63.0,61.11,59.53,36.4
2198000,65.19,63.16,59.47,59.53,36.58
2199000,66.38,62.84,60.44,59.34,36.09
2200000,67.04,63.08,61.37,59.55,36.09
2201000,66.33,62.85,62.07,57.11,36.66
2202000,67.03,63.51,62.3,57.59,35.58
2203000,64.91,62.18,64.14,58.46,35.24
2204000,65.14,62.42,63.73,58.0,35.75
2205000,67.08,62.63,64.4,58.73,35.78
2206000,68.03,61.73,65.58,58.78,36.27
2207000,67.99,61.73,65.62,59.65,35.92
2208000,68.55,62.01,66.26,59.13,36.77
2209000,67.9,62.91,66.25,59.85,37.03
2210000,68.49,63.07,66.01,60.82,37.13
2211000,68.31,62.96,65.98,60.37,36.01
2212000,68.3,63.43,66.01,60.23,36.58
2213000,67.98,63.93,66.25,59.71,36.5
2214000,67.3,64.75,68.31,59.96,36.13
2215000,67.43,65.85,68.27,59.72,35.77
2216000,66.52,64.23,68.48,60.41,36.14
2217000,67.39,64.65,68.33,60.6,36.32
2218000,67.69,65.24,69.0,56.96,36.63
2219000,68.31,64.97,68.72,56.96,35.07
2220000,67.42,65.69,69.42,58.16,34.15
2221000,66.89,66.84,67.76,58.93,34.52
2222000,66.68,66.59,67.2,58.6,34.56
2223000,66.68,67.25,67.49,58.53,34.17
2224000,66.52,68.55,67.51,57.78,33.81
2225000,64.48,68.57,68.52,56.76,34.21
2226000,64.49,67.16,68.51,57.42,34.44
2227000,64.18,67.78,69.84,56.89,34.44
2228000,64.84,67.56,69.84,57.12,33.88
2229000,64.58,68.17,70.46,56.76,34.18
2230000,64.47,68.14,71.1,56.15,34.87
2231000,65.38,66.81,70.21,56.17,35.11
2232000,63.98,67.07,70.34,56.82,34.71
2233000,63.98,66.96,70.54,55.82,33.99
2234000,63.72,67.42,69.34,56.38,34.41
2235000,62.99,67.68,69.16,56.95,34.89
2236000,62.26,67.52,69.4,57.08,34.55
2237000,63.12,66.59,69.85,57.31,35.03
2238000,62.12,66.35,70.96,57.55,36.3
2239000,60.98,66.54,70.57,57.26,36.5
2240000,61.21,66.06,70.74,57.4,37.23
2241000,60.75,65.82,71.7,57.04,37.73
2242000,61.55,66.26,71.7,57.31,37.24
2243000,62.77,67.04,73.15,57.79,37.38
2244000,62.77,68.55,71.51,58.55,38.48
2245000,63.25,68.7,72.23,57.65,38.63
2246000,61.12,69.06,72.96,58.37,39.35
2247000,60.84,69.09,73.37,57.94,39.59
2248000,61.95,68.36,73.37,58.09,40.15
2249000,61.24,69.06,74.57,58.59,38.8
2250000,60.96,69.57,75.66,58.81,39.01
2251000,61.19,69.38,75.9,57.7,39.82
2252000,62.02,69.55,75.92,57.2,39.92
2253000,61.92,69.08,75.88,56.45,40.28
2254000,62.24,70.23,76.15,56.45,40.91
2255000,59.44,70.01,75.92,55.72,40.55
2256000,59.44,70.1,75.92,54.86,41.4
2257000,59.37,69.16,73.45,55.36,41.99
2258000,59.61,69.2,73.01,55.36,42.56
2259000,60.07,67.5,73.48,56.27,43.31
2260000,61.58,68.14,73.95,56.24,43.59
2261000,61.1,68.7,74.22,55.08,43.04
2262000,62.43,69.11,74.76,55.09,42.24
2263000,62.57,69.39,74.45,57.38,42.57
2264000,63.42,68.67,73.72,57.85,43.52
2265000,64.16,69.41,72.9,58.57,43.52
2266000,64.16,69.75,72.67,56.81,43.53
2267000,65.01,68.84,72.91,56.81,44.21
2268000,63.85,68.6,71.95,57.29,44.9
2269000,63.84,68.73,72.63,57.53,44.89
2270000,63.79,67.55,72.63,57.52,45.48
2271000,64.25,67.35,72.43,57.54,45.37
2272000,64.65,66.56,72.13,56.87,44.46
2273000,65.56,67.14,72.38,57.66,45.15
2274000,66.71,67.14,73.1,57.2,45.04
2275000,66.88,68.0,73.77,56.68,44.48
2276000,68.47,68.19,73.54,57.38,44.94
2277000,69.6,68.91,74.55,57.97,43.6
2278000,68.96,69.34,75.17,57.73,44.46
2279000,69.64,69.05,74.63,56.29,44.72
2280000,69.42,69.29,74.95,55.15,44.86
2281000,69.4,68.14,73.65,54.22,44.71
2282000,69.84,67.92,72.88,53.97,44.94
2283000,71.46,69.08,71.17,53.32,44.93
2284000,72.65,69.83,70.8,53.59,44.42
2285000,71.81,69.48,71.76,51.9,45.15
2286000,71.98,69.03,72.71,51.9,45.5
2287000,72.71,69.58,72.23,52.33,46.12
2288000,73.0,68.51,72.23,52.64,45.87
2289000,72.38,68.76,72.78,51.77,45.87
2290000,72.86,69.78,73.88,52.25,46.98
2291000,72.77,68.95,74.89,51.92,47.46
2292000,72.96,69.33,75.11,52.61,47.46
2293000,72.61,69.58,75.44,52.54,47.69
2294000,71.98,69.14,76.19,52.85,48.16
2295000,72.81,70.02,74.74,53.48,47.44
2296000,71.65,68.35,75.47,53.69,46.56
2297000,71.01,68.41,75.86,54.09,45.89
2298000,70.29,68.06,76.68,52.89,45.86
2299000,70.34,68.83,76.62,53.54,46.33
2300000,68.19,68.58,76.86,52.76,46.44
2301000,69.4,67.77,76.1,51.39,45.85
2302000,68.21,68.46,77.13,51.65,43.94
2303000,68.14,68.04,74.95,51.05,42.06
2304000,67.19,67.49,76.39,49.61,42.3
2305000,67.74,66.11,76.39,50.32,42.64
2306000,68.31,66.41,75.44,49.14,43.11
2307000,69.57,66.0,75.2,48.2,43.13
2308000,70.03,65.74,75.82,48.44,42.4
2309000,70.78,66.02,75.95,47.93,43.22
2310000,68.41,66.74,74.43,47.93,42.74
2311000,67.09,67.95,74.86,48.12,43.94
2312000,66.58,67.47,75.58,47.9,43.34
2313000,66.99,67.93,76.3,47.59,42.84
2314000,64.98,68.37,74.77,47.39,42.42
2315000,64.3,68.1,75.14,47.41,42.73
2316000,63.56,68.17,75.14,47.63,42.26
2317000,63.62,69.31,76.57,47.71,41.86
2318000,64.32,69.31,77.25,48.4,41.28
2319000,64.32,69.76,78.48,48.39,40.6
2320000,64.87,69.92,77.57,49.01,40.22
2321000,62.76,69.91,76.88,49.64,38.96
2322000,60.3,70.99,74.72,49.86,37.43
2323000,60.08,71.24,74.44,50.07,37.41
2324000,60.71,71.23,73.94,50.54,36.72
2325000,61.17,70.31,73.97,50.1,36.41
2326000,61.09,71.31,74.19,50.72,36.67
2327000,61.36,71.92,73.46,50.97,36.42
2328000,61.94,71.51,73.63,49.43,37.56
2329000,62.53,71.94,74.17,49.2,37.56
2330000,61.66,71.21,74.4,49.56,37.56
2331000,58.54,71.33,74.17,47.96,38.43
2332000,56.71,71.12,72.06,46.84,37.85
2333000,57.43,70.56,70.79,47.67,38.69
2334000,58.21,70.95,71.0,47.02,39.12
2335000,57.13,70.49,71.35,46.89,39.54
2336000,57.26,71.21,71.35,46.22,37.76
2337000,58.22,71.43,73.74,46.53,38.5
2338000,57.95,70.81,74.28,46.49,38.72
2339000,58.61,70.81,75.62,46.93,39.17
2340000,58.34,71.01,75.43,46.9,38.08
2341000,57.29,71.85,75.43,47.57,37.11
2342000,57.96,71.65,77.13,46.38,37.82
2343000,58.44,71.65,77.15,46.7,38.12
2344000,59.2,72.14,78.55,47.33,37.9
2345000,59.69,70.35,78.55,47.11,37.69
2346000,60.65,71.14,79.28,47.25,37.56
2347000,60.65,71.14,79.47,48.48,37.57
2348000,63.38,72.48,79.4,48.6,37.66
2349000,63.38,73.21,79.16,48.83,38.1
2350000,62.33,73.92,75.72,49.38,37.46
2351000,62.57,73.72,74.6,49.87,37.16
2352000,62.57,73.49,74.15,50.97,37.58
2353000,61.71,73.27,72.61,51.31,37.62
2354000,61.67,73.59,71.44,52.52,38.07
2355000,61.67,73.6,72.4,53.26,38.99
2356000,62.87,73.94,72.16,52.56,39.22
2357000,62.23,72.85,73.18,52.81,38.96
2358000,62.35,74.05,73.58,52.61,39.7
2359000,63.22,73.12,71.38,53.34,40.27
2360000,63.51,73.05,71.38,54.27,39.18
2361000,63.51,73.31,71.37,55.12,38.9
2362000,63.6,73.02,69.45,55.12,38.44
2363000,63.28,73.49,69.4,55.63,38.27
2364000,63.45,73.45,68.94,55.15,37.72
2365000,64.15,73.82,69.94,55.31,38.5
2366000,64.23,74.29,69.45,55.81,38.28
2367000,64.94,72.92,70.4,56.29,38.28
2368000,64.77,72.1,69.7,55.07,39.61
2369000,63.86,70.55,70.92,54.54,40.15
2370000,63.26,70.53,72.19,53.1,39.94
2371000,64.42,70.58,70.2,53.49,39.37
2372000,65.3,69.56,70.01,54.69,39.19
2373000,66.37,68.97,69.09,54.94,39.76
2374000,67.14,68.92,70.54,55.16,39.94
2375000,66.33,69.2,70.05,55.62,39.5
2376000,64.1,68.5,70.73,56.79,40.0
2377000,63.47,68.68,71.36,56.65,40.17
2378000,64.03,67.22,72.32,57.12,40.49
2379000,63.88,67.18,73.19,56.03,40.08
2380000,64.56,66.46,73.43,56.66,40.69
2381000,65.68,65.5,73.99,57.14,40.11
2382000,66.4,65.5,74.71,56.73,39.56
2383000,66.67,67.62,74.48,57.16,40.61
2384000,66.69,66.46,74.45,57.22,40.77
2385000,65.76,66.22,74.27,57.44,42.44
2386000,64.74,65.39,74.27,57.23,42.88
2387000,64.98,65.3,75.58,56.26,42.08
2388000,66.23,65.3,75.71,56.52,41.85
2389000,64.21,65.19,75.71,56.73,42.51
2390000,64.94,66.4,76.95,56.53,41.75
2391000,65.39,62.97,77.63,56.44,41.77
2392000,65.39,62.89,78.3,56.32,40.79
2393000,64.74,62.62,76.89,55.85,41.77
2394000,64.95,61.69,76.89,56.56,42.13
2395000,64.23,62.42,75.46,57.96,42.87
2396000,63.74,61.69,74.31,56.4,42.74
2397000,63.1,61.09,74.34,56.04,42.41
2398000,63.53,60.99,74.53,55.29,42.48
2399000,63.28,61.95,72.51,53.83,41.86
2400000,64.37,61.12,70.43,54.34,42.41
2401000,65.9,62.18,69.77,53.64,42.15
2402000,65.9,63.55,69.05,52.18,41.99
2403000,66.52,62.92,70.22,50.97,42.14
2404000,66.16,63.15,70.45,50.01,41.64
2405000,66.84,64.17,70.47,50.95,42.37
2406000,65.29,63.19,70.98,50.65,43.15
2407000,64.8,63.02,70.98,50.57,42.82
2408000,65.87,63.27,71.67,49.8,41.95
2409000,66.11,63.86,72.6,50.43,41.68
2410000,66.55,65.05,72.45,50.41,40.91
2411000,66.55,65.22,71.91,51.09,40.69
2412000,68.55,65.66,72.45,52.52,41.05
2413000,67.82,66.4,72.84,53.14,41.78
2414000,67.0,65.58,72.36,52.9,41.68
2415000,67.69,65.58,73.96,52.82,41.43
2416000,67.14,65.94,72.34,52.55,41.62
2417000,67.2,65.94,72.34,51.85,40.26
2418000,68.16,67.49,73.5,51.84,39.03
2419000,67.5,67.95,74.46,52.08,39.27
2420000,67.72,68.5,75.95,52.51,40.27
2421000,67.72,68.93,76.43,51.82,39.47
2422000,68.95,68.3,77.35,52.02,39.74
2423000,68.41,68.91,76.61,52.96,40.47
2424000,67.47,68.89,76.62,53.13,41.27
2425000,67.1,68.58,75.7,53.13,41.99
2426000,67.19,67.92,74.03,53.67,41.0
2427000,68.22,67.8,74.05,53.47,41.27
2428000,67.5,67.8,73.86,53.73,40.84
2429000,67.69,68.99,71.59,52.95,41.35
2430000,67.91,68.82,71.11,53.14,41.6
2431000,66.47,67.66,72.03,53.84,41.32
2432000,66.42,67.41,72.3,53.81,41.8
2433000,67.1,66.09,72.51,53.77,41.95
2434000,68.02,66.81,72.31,54.03,41.33
2435000,67.57,67.74,70.86,54.98,40.93
2436000,68.28,68.09,72.09,55.32,40.33
2437000,69.53,68.18,71.7,55.05,40.39
2438000,69.24,69.14,71.51,53.79,40.18
2439000,70.3,67.23,69.6,52.87,39.79
2440000,71.48,67.14,68.47,52.9,39.71
2441000,70.07,67.48,67.03,54.2,38.94
2442000,71.38,67.3,66.55,54.81,39.16
2443000,71.38,69.13,66.76,54.38,39.06
2444000,71.77,70.08,68.17,55.0,39.57
2445000,71.77,70.34,68.72,55.01,39.32
2446000,73.27,71.02,69.04,55.28,39.31
2447000,73.1,72.23,69.4,55.13,39.84
2448000,73.81,71.28,68.85,55.42,39.6
2449000,74.9,72.09,68.37,55.63,39.98
2450000,74.32,72.49,69.72,56.58,40.0
2451000,74.3,72.23,69.66,57.2,39.41
2452000,74.71,73.13,69.66,56.7,39.91
2453000,74.71,73.53,71.35,57.63,40.24
2454000,74.65,72.33,70.13,56.71,39.41
2455000,74.3,73.45,71.08,57.0,40.05
2456000,72.47,71.68,71.56,57.42,38.78
2457000,72.25,71.77,70.12,57.92,39.01
2458000,72.67,72.24,70.69,59.11,39.53
2459000,72.45,71.97,70.69,58.94,39.91
2460000,72.36,71.3,71.87,57.99,38.09
2461000,72.84,71.97,72.05,57.89,37.73
2462000,72.36,72.63,70.65,57.68,37.72
2463000,73.04,71.67,71.37,58.4,38.2
2464000,71.97,71.39,71.56,59.04,38.95
2465000,72.23,72.19,71.12,59.54,39.02
2466000,72.03,72.56,71.12,58.38,39.18
2467000,71.55,72.68,70.65,59.0,39.71
2468000,72.76,72.48,70.49,59.29,40.08
2469000,72.01,71.74,70.69,59.31,39.51
2470000,72.25,69.09,70.8,59.05,40.0
2471000,71.88,69.9,70.75,60.46,40.71
2472000,71.52,68.66,70.95,61.44,41.17
2473000,71.95,68.96,70.49,61.48,41.5
2474000,71.95,70.89,71.09,61.08,41.75
2475000,70.06,71.78,71.82,61.09,41.99
2476000,71.05,71.88,71.9,61.08,42.53
2477000,70.35,71.73,70.96,61.1,43.56
2478000,70.35,71.39,71.92,61.34,42.53
2479000,71.16,71.12,71.58,62.22,42.42
2480000,72.53,70.66,71.07,62.48,42.6
2481000,71.24,72.34,70.56,63.14,42.68
2482000,71.52,72.69,70.35,63.38,42.97
2483000,72.0,72.64,70.61,63.81,43.08
2484000,73.09,72.25,71.63,65.04,43.81
2485000,72.16,72.25,69.94,65.76,43.57
2486000,73.27,73.77,68.17,66.01,44.32
2487000,73.06,75.09,68.21,65.55,44.66
2488000,73.72,76.12,66.63,64.74,43.6
2489000,73.48,76.91,66.58,65.19,43.63
2490000,73.28,77.64,67.22,65.94,42.96
2491000,74.24,77.96,66.92,66.92,42.47
2492000,74.77,77.88,67.04,67.4,42.67
2493000,75.88,77.19,64.72,67.4,42.25
2494000,74.91,78.03,64.55,67.52,42.73
2495000,75.42,78.75,63.38,67.33,44.17
2496000,75.42,77.42,65.09,67.85,44.38
2497000,77.47,78.37,65.05,67.8,44.81
2498000,78.52,78.69,65.5,67.42,43.73
2499000,78.52,78.62,62.63,67.12,43.64
2500000,80.01,76.76,63.88,67.61,43.75
2501000,79.97,77.49,63.15,67.35,43.8
2502000,79.96,76.97,63.86,69.39,43.91
2503000,80.2,77.22,64.1,70.11,43.91
2504000,80.67,76.98,62.91,71.09,44.66
2505000,81.63,76.83,62.91,70.5,44.42
2506000,81.32,78.46,65.05,69.34,41.65
2507000,79.81,77.16,65.06,67.89,41.52
2508000,79.1,77.45,65.97,68.85,40.79
2509000,78.22,77.95,67.02,69.57,40.98
2510000,78.77,76.46,65.94,70.85,40.3
2511000,78.43,76.46,65.25,70.85,40.29
2512000,78.38,78.36,66.05,72.05,39.75
2513000,77.32,78.66,66.77,72.77,40.45
2514000,77.96,78.67,66.97,73.23,40.46
2515000,78.1,78.68,66.51,73.23,41.35
2516000,79.14,79.9,66.76,72.23,39.98
2517000,79.62,80.15,65.68,73.12,39.93
2518000,79.69,80.05,66.81,73.09,39.46
2519000,80.3,80.99,66.07,74.23,38.69
2520000,79.73,80.97,66.07,74.7,38.9
2521000,80.62,81.86,67.07,74.1,38.99
2522000,80.49,82.26,67.94,73.25,39.69
2523000,79.76,81.32,65.43,73.2,39.63
2524000,80.5,80.02,64.6,74.4,40.14
2525000,81.24,80.46,64.74,74.87,40.5
2526000,80.63,79.92,64.74,75.3,40.05
2527000,77.31,81.39,64.77,75.18,39.33
2528000,77.31,81.7,65.03,74.47,38.79
2529000,78.71,82.51,65.13,75.16,39.09
2530000,78.72,83.13,65.02,73.25,40.21
2531000,79.15,83.84,65.27,72.82,39.95
2532000,79.4,83.92,65.51,72.47,39.93
2533000,80.25,83.92,66.49,71.94,39.27
2534000,78.63,83.93,65.62,72.75,38.19
2535000,77.75,84.17,66.57,72.18,38.4
2536000,77.27,84.9,67.84,72.4,38.35
2537000,74.19,83.34,67.51,72.78,39.32
2538000,74.9,84.16,69.13,73.63,39.83
2539000,75.66,83.48,70.08,73.45,41.51
2540000,75.61,84.01,70.74,74.18,42.12
2541000,73.84,83.84,71.64,73.56,43.13
2542000,73.37,85.03,71.4,72.63,43.46
2543000,70.41,85.22,73.0,71.45,42.51
2544000,68.83,84.2,73.2,71.11,42.75
2545000,65.45,83.28,73.64,71.57,43.05
2546000,59.6,83.77,73.6,72.52,43.05
2547000,59.86,85.39,74.06,71.57,43.43
2548000,60.84,85.63,74.06,72.21,42.12
2549000,57.82,85.63,74.29,70.72,42.57
2550000,57.5,84.4,74.22,69.57,42.96
2551000,58.27,83.6,74.25,69.56,43.08
2552000,58.35,82.05,74.92,69.77,43.25
2553000,59.26,82.28,73.3,70.53,44.12
2554000,60.38,81.51,73.74,70.99,44.36
2555000,58.58,79.62,73.89,71.42,45.1
2556000,59.17,81.01,74.2,71.45,44.62
2557000,58.39,81.04,74.67,71.22,45.26
2558000,56.79,81.64,75.11,71.46,45.23
2559000,56.11,81.42,75.11,68.22,45.21
2560000,54.77,81.39,76.59,68.03,45.23
2561000,55.52,82.43,77.08,66.81,45.42
2562000,54.44,82.43,78.17,66.8,45.85
2563000,52.85,82.68,76.95,66.3,46.28
2564000,51.92,83.18,76.03,66.32,45.29
2565000,51.13,81.69,76.5,64.63,45.52
2566000,52.08,82.89,73.96,63.45,44.83
2567000,52.55,81.46,73.97,63.45,43.97
2568000,51.45,82.2,74.67,62.25,43.77
2569000,52.38,83.04,75.15,60.82,44.51
2570000,53.56,82.8,73.4,61.63,44.66
2571000,52.61,83.77,71.86,61.39,44.93
2572000,50.7,83.75,72.35,62.31,44.45
2573000,50.46,84.48,71.07,60.82,44.14
2574000,52.27,82.44,71.07,60.62,43.41
2575000,52.27,81.05,72.48,60.81,43.39
2576000,53.88,78.87,71.68,61.53,43.78
2577000,53.66,79.44,71.37,61.55,42.72
2578000,54.15,79.73,72.08,60.15,43.07
2579000,54.96,80.05,72.28,59.57,43.33
2580000,53.02,78.68,71.92,59.09,43.66
2581000,53.27,78.5,71.57,60.75,42.88
2582000,53.71,78.5,69.99,61.65,42.16
2583000,54.28,79.36,70.94,60.86,41.38
2584000,54.07,80.09,70.94,61.8,40.94
2585000,54.07,81.51,71.08,60.11,40.55
2586000,54.79,81.51,70.84,58.92,39.57
2587000,55.05,83.46,70.95,58.66,38.56
2588000,56.24,80.92,70.72,58.9,37.05
2589000,56.0,81.28,71.71,59.52,37.54
2590000,57.06,81.19,71.73,59.53,35.79
2591000,56.99,80.82,71.69,59.26,35.55
2592000,56.03,80.82,70.22,60.53,35.2
2593000,58.24,80.03,69.52,60.08,35.87
2594000,58.26,80.03,70.24,59.58,35.64
2595000,58.57,80.05,71.42,60.09,34.69
2596000,56.58,79.61,68.27,59.48,35.5
2597000,56.25,79.61,68.51,59.2,36.42
2598000,55.98,80.76,68.51,59.81,34.88
2599000,55.58,81.54,69.72,60.76,34.85
2600000,56.0,81.81,69.74,60.75,34.38
2601000,56.0,82.04,69.14,60.05,34.63
2602000,57.0,80.26,69.05,59.13,34.71
2603000,57.0,80.41,69.05,57.67,34.76
2604000,57.96,79.88,70.48,56.96,34.7
2605000,57.23,79.41,71.69,57.43,35.44
2606000,58.09,75.86,71.27,58.58,35.92
2607000,59.25,76.34,71.28,59.15,35.63
2608000,60.2,75.55,72.02,59.86,34.45
2609000,60.25,76.48,71.56,60.8,34.44
2610000,60.61,75.56,71.56,60.72,35.27
2611000,59.75,76.33,73.28,60.27,35.25
2612000,58.45,77.09,73.09,59.17,35.66
2613000,58.68,75.89,71.45,59.93,35.91
2614000,56.39,75.85,71.2,59.92,36.17
2615000,57.1,74.67,71.08,60.15,36.78
2616000,57.65,75.66,72.0,60.82,37.29
2617000,58.0,75.61,70.7,60.6,37.77
2618000,57.05,75.37,70.95,61.12,38.15
2619000,55.7,75.57,72.1,61.28,38.75
2620000,56.23,76.03,69.98,61.3,38.76
2621000,55.96,75.36,68.86,59.87,39.02
2622000,55.01,75.55,68.61,59.52,38.83
2623000,53.84,75.31,68.95,58.05,38.13
2624000,53.35,76.31,69.44,58.29,38.08
2625000,53.73,75.81,70.3,58.93,37.67
2626000,54.11,75.74,71.16,59.27,37.73
2627000,53.7,76.14,70.66,60.06,37.26
2628000,53.81,76.61,70.66,59.84,37.85
2629000,54.53,76.62,72.34,58.33,37.87
2630000,54.05,77.77,72.34,58.89,37.95
2631000,53.34,77.16,73.78,59.68,37.26
2632000,53.84,77.61,73.77,58.97,37.98
2633000,51.58,79.2,74.42,58.44,37.51
2634000,52.31,79.66,74.67,58.69,37.57
2635000,50.11,80.0,75.13,59.87,38.07
2636000,51.64,80.0,75.52,60.12,38.3
2637000,51.94,81.22,75.4,58.23,38.4
2638000,53.53,81.53,74.54,59.19,39.19
2639000,54.73,80.56,75.37,58.53,39.86
2640000,54.53,81.75,76.26,59.8,40.09
2641000,54.72,82.1,76.14,60.37,40.32
2642000,56.35,82.1,76.86,59.05,40.85
2643000,57.05,84.04,76.33,60.24,39.97
2644000,56.95,82.65,77.23,60.26,38.67
2645000,56.18,78.03,76.92,60.65,38.65
2646000,56.89,77.92,76.67,61.12,39.71
2647000,56.33,79.1,77.21,59.21,39.54
2648000,56.09,77.95,78.17,59.21,40.03
2649000,53.69,77.92,77.35,59.02,40.16
2650000,53.02,78.85,77.35,59.54,40.3
2651000,54.2,78.85,78.66,59.82,40.88
2652000,54.92,79.68,78.18,60.08,42.08
2653000,55.52,80.4,78.64,61.54,41.93
2654000,55.52,80.89,76.35,61.54,42.17
2655000,57.74,81.36,76.35,61.78,42.68
2656000,58.24,82.31,78.73,61.59,43.41
2657000,58.26,82.24,79.17,62.1,43.4
2658000,59.7,82.72,80.32,62.14,44.66
2659000,60.27,82.52,81.0,61.6,44.85
2660000,60.79,81.66,82.16,61.6,44.9
2661000,60.71,81.81,80.32,62.56,45.44
2662000,61.57,81.78,80.03,62.57,46.14
2663000,61.78,81.78,80.6,62.03,46.77
2664000,63.0,82.37,81.53,62.92,47.19
2665000,63.26,83.76,83.26,63.05,47.91
2666000,62.67,83.76,80.35,63.58,48.02
2667000,62.83,84.63,81.03,62.71,48.53
2668000,64.04,85.36,81.03,63.22,48.45
2669000,63.93,86.67,83.03,63.22,49.17
2670000,64.58,86.67,82.78,63.66,49.41
2671000,65.26,88.27,81.47,64.1,50.03
2672000,65.96,88.78,80.28,64.32,50.74
2673000,67.28,87.63,80.28,64.07,50.22
2674000,66.53,88.46,81.45,65.02,50.21
2675000,67.01,88.01,82.07,65.04,49.72
2676000,67.97,87.98,82.66,64.8,49.29
2677000,68.23,89.26,83.3,64.58,49.04
2678000,68.48,89.26,81.86,65.13,47.58
2679000,69.04,90.45,80.61,65.23,47.49
2680000,69.91,91.16,81.76,64.67,46.56
2681000,70.55,91.85,81.52,65.59,47.79
2682000,71.53,92.87,81.25,66.17,47.62
2683000,72.74,92.93,82.75,65.72,48.34
2684000,72.52,92.73,83.23,66.92,48.66
2685000,72.79,92.51,84.55,66.78,49.26
2686000,74.08,93.16,84.96,66.79,49.6
2687000,75.52,93.38,85.31,67.21,48.71
2688000,75.41,93.88,86.5,67.93,49.15
2689000,75.12,93.88,84.5,67.64,48.29
2690000,75.79,93.72,84.5,66.82,48.92
2691000,77.28,94.15,85.21,66.82,49.39
2692000,77.28,94.15,84.98,66.3,48.03
2693000,78.98,96.46,85.22,65.56,48.98
2694000,78.93,94.25,83.96,65.39,48.18
2695000,76.28,92.61,83.24,64.43,48.77
2696000,76.28,93.24,82.09,65.08,47.74
2697000,76.48,93.79,81.92,64.35,48.05
2698000,77.66,90.7,81.26,64.21,48.29
2699000,77.66,88.09,81.26,64.5,48.62
2700000,77.61,86.87,82.2,64.74,50.05
2701000,76.77,86.49,81.0,63.51,50.1
2702000,77.13,87.56,81.08,63.2,49.82
2703000,77.57,86.84,80.11,63.78,50.29
2704000,77.72,84.5,80.4,61.25,51.33
2705000,77.6,83.46,80.4,60.78,51.34
2706000,76.47,84.18,79.4,60.78,50.41
2707000,77.08,84.68,78.92,61.28,50.93
2708000,76.27,85.11,78.77,61.79,51.41
2709000,75.57,85.89,78.67,62.38,50.94
2710000,75.44,85.89,76.86,62.67,51.27
2711000,75.44,86.63,76.07,61.26,51.68
2712000,74.56,86.15,76.11,61.71,52.36
2713000,74.77,85.06,77.2,62.01,51.75
2714000,74.29,85.06,77.81,61.11,51.06
2715000,74.52,86.79,76.4,61.58,51.71
2716000,75.42,86.58,76.42,62.92,51.46
2717000,75.77,86.58,74.08,61.92,52.31
2718000,75.58,88.51,74.09,60.1,53.43
2719000,74.69,88.72,74.08,60.58,54.27
2720000,74.69,88.77,74.58,59.34,54.99
2721000,75.41,87.49,75.63,58.75,55.03
2722000,76.1,87.97,74.49,57.79,54.54
2723000,75.26,85.96,73.88,57.79,54.83
2724000,74.5,85.1,75.34,58.9,54.11
2725000,74.35,85.06,73.68,58.93,55.07
2726000,74.62,85.53,73.68,58.93,55.1
2727000,75.39,85.74,74.85,59.32,55.61
2728000,74.29,85.74,75.33,59.8,55.87
2729000,75.07,86.47,75.95,60.4,54.39
2730000,75.34,85.73,75.0,60.2,54.32
2731000,75.57,83.98,74.79,58.3,53.86
2732000,76.47,82.58,74.95,57.16,52.92
2733000,75.74,82.78,74.28,57.33,52.55
2734000,75.94,83.24,74.39,57.91,51.16
2735000,76.72,83.97,74.22,57.91,50.87
2736000,76.55,84.24,74.56,58.13,49.25
2737000,75.6,83.95,72.9,57.49,48.5
2738000,74.59,84.72,71.86,57.93,47.68
2739000,74.58,84.72,71.26,58.45,47.02
2740000,73.72,84.38,70.78,58.41,46.77
2741000,71.84,84.14,69.95,59.12,44.68
2742000,72.97,83.43,69.98,59.37,44.42
2743000,73.41,82.78,69.89,59.95,44.81
2744000,73.41,82.59,69.39,58.73,43.64
2745000,73.24,82.03,68.4,58.56,40.65
2746000,71.31,81.08,68.78,58.72,40.76
2747000,72.27,80.94,69.2,58.97,41.47
2748000,71.65,81.89,68.74,59.31,41.94
2749000,73.36,81.89,69.24,59.8,39.94
2750000,72.85,82.05,68.48,60.3,38.13
2751000,74.21,81.61,69.01,60.22,36.56
2752000,73.6,80.71,68.3,59.86,36.23
2753000,73.16,80.38,68.81,60.39,36.11
2754000,71.75,80.38,69.78,61.04,35.76
2755000,72.71,81.82,70.52,58.33,35.28
2756000,72.04,82.45,69.93,58.14,35.31
2757000,71.88,83.82,71.71,58.7,35.29
2758000,72.65,84.78,71.47,57.75,36.63
2759000,72.04,83.58,70.83,58.51,37.04
2760000,72.73,85.27,72.01,57.78,37.55
2761000,73.69,85.27,73.0,57.78,37.77
2762000,73.52,86.94,71.39,57.55,37.13
2763000,74.75,87.19,71.89,57.21,37.61
2764000,74.52,87.41,72.13,57.23,38.34
2765000,75.74,88.46,72.6,57.73,38.13
2766000,76.2,89.11,73.81,57.7,38.96
2767000,76.36,89.41,74.57,57.7,39.69
2768000,75.2,88.31,72.46,58.94,40.56
2769000,76.1,88.78,73.93,59.17,41.25
2770000,77.06,89.25,74.61,59.58,42.47
2771000,73.23,90.48,75.02,59.81,42.62
2772000,73.23,89.82,75.37,59.34,42.08
2773000,74.2,89.41,76.26,59.34,42.56
2774000,75.54,90.13,76.39,60.18,43.04
2775000,74.85,90.81,76.39,59.08,43.71
2776000,73.82,91.36,78.0,58.12,44.34
2777000,72.29,91.85,76.78,58.85,44.71
2778000,72.29,91.85,74.65,58.84,44.32
2779000,73.98,92.38,74.89,59.98,44.48
2780000,73.63,93.59,74.88,59.93,44.83
2781000,74.11,94.31,73.59,59.63,45.36
2782000,74.54,94.09,72.92,59.35,46.28
2783000,74.55,94.38,72.16,58.64,46.79
2784000,74.7,91.91,72.45,58.72,47.0
2785000,76.07,92.05,72.11,57.15,47.01
2786000,76.07,90.64,72.17,57.06,46.8
2787000,76.53,90.16,72.03,56.36,47.07
2788000,76.65,90.16,71.04,55.0,47.37
2789000,77.76,91.94,71.01,55.97,48.48
2790000,77.96,92.6,70.57,56.25,49.14
2791000,78.08,93.31,70.39,56.92,49.21
2792000,76.42,93.83,70.76,58.33,49.92
2793000,75.38,94.05,69.97,58.08,50.39
2794000,75.0,91.88,70.69,58.55,50.13
2795000,76.69,91.84,71.13,59.08,51.25
2796000,76.64,88.07,72.51,59.3,51.23
2797000,76.11,88.6,71.63,58.99,50.38
2798000,76.32,88.14,72.02,58.65,49.67
2799000,76.32,89.07,72.74,58.87,50.04
2800000,77.63,90.01,73.95,59.83,49.71
2801000,77.31,90.01,73.95,60.39,50.2
2802000,76.36,91.2,75.63,60.63,50.59
2803000,76.53,89.99,76.38,60.67,51.08
2804000,78.06,91.1,75.39,61.85,51.54
2805000,76.56,90.63,75.15,62.33,51.04
2806000,77.72,91.31,75.42,60.85,51.19
2807000,76.77,91.31,75.53,61.32,50.92
2808000,77.93,91.3,75.53,61.08,50.48
2809000,77.08,92.12,74.87,61.18,51.46
2810000,76.73,92.12,76.05,61.96,49.89
2811000,76.72,91.88,75.53,62.44,50.17
2812000,76.43,91.02,75.03,62.15,50.64
2813000,74.73,91.96,74.48,62.83,51.13
2814000,75.4,92.91,74.69,63.03,51.89
2815000,75.2,92.8,72.71,63.65,50.52
2816000,74.86,92.96,71.9,63.86,50.88
2817000,73.46,90.62,72.74,64.37,51.4
2818000,72.92,90.83,73.22,63.62,51.06
2819000,72.91,90.83,74.2,63.65,50.6
2820000,71.98,90.98,74.29,64.84,51.32
2821000,72.24,92.22,71.96,66.35,51.62
2822000,72.8,91.59,71.68,65.84,52.03
2823000,72.56,91.59,72.44,66.34,51.82
2824000,71.87,91.27,69.14,66.94,50.63
2825000,72.27,90.32,66.61,67.07,50.23
2826000,71.17,91.71,66.61,65.98,50.7
2827000,71.44,89.33,66.47,66.49,49.85
2828000,70.46,88.77,66.95,66.48,50.62
2829000,70.61,88.92,68.05,67.2,50.22
2830000,71.08,88.85,68.55,67.9,50.45
2831000,71.33,90.28,68.54,68.27,50.77
2832000,69.5,89.53,69.25,68.26,50.83
2833000,67.34,89.81,70.42,67.1,50.76
2834000,67.66,89.81,70.66,67.28,50.74
2835000,67.61,90.12,70.66,67.83,49.8
2836000,67.64,90.12,70.46,67.61,50.41
2837000,65.94,90.1,70.73,66.63,50.34
2838000,66.29,90.32,70.67,68.56,49.75
2839000,67.0,92.15,70.85,68.53,48.84
2840000,67.6,92.15,70.55,69.3,49.1
2841000,68.19,92.7,70.24,68.88,49.34
2842000,66.2,91.79,71.21,69.78,48.19
2843000,67.53,92.29,71.94,69.72,48.3
2844000,67.53,92.29,71.94,69.01,48.18
2845000,68.71,90.12,73.26,67.34,47.93
2846000,70.15,89.99,73.26,67.33,48.66
2847000,71.44,89.03,74.57,67.56,48.17
2848000,69.84,89.73,75.03,68.69,48.6
2849000,69.98,89.57,76.18,65.92,48.94
2850000,69.65,90.34,76.18,66.78,49.32
2851000,70.04,90.42,77.73,66.97,49.78
2852000,68.28,90.66,77.73,67.91,49.48
2853000,68.28,89.2,77.73,66.99,48.61
2854000,69.1,88.96,79.65,66.99,48.5
2855000,69.1,87.07,80.12,67.01,48.61
2856000,69.91,87.06,81.56,67.27,48.76
2857000,69.2,88.19,79.18,66.35,47.72
2858000,70.5,87.69,79.18,66.59,47.67
2859000,71.16,88.53,81.03,66.65,47.43
2860000,71.16,89.48,81.59,67.56,47.71
2861000,70.58,89.04,80.61,66.95,48.29
2862000,70.42,90.01,77.99,66.58,48.03
2863000,70.99,91.69,76.72,66.79,48.92
2864000,70.07,91.45,75.77,68.2,48.21
2865000,70.18,92.58,76.17,67.96,48.15
2866000,71.09,92.32,77.49,66.21,48.29
2867000,72.28,89.31,76.52,67.17,47.56
2868000,71.88,88.02,76.67,67.17,47.97
2869000,72.83,88.75,76.67,65.75,47.81
2870000,73.65,88.46,77.59,66.72,48.05
2871000,73.65,87.74,77.86,66.45,47.96
2872000,74.7,86.7,78.11,65.58,47.39
2873000,75.28,86.32,78.36,64.95,47.32
2874000,75.21,86.6,77.24,64.26,47.37
2875000,76.07,86.6,78.33,64.4,47.84
2876000,76.65,87.78,79.27,63.24,48.21
2877000,77.13,87.82,80.66,63.24,48.41
2878000,76.34,87.84,80.92,63.23,48.33
2879000,77.32,87.37,80.23,63.0,48.05
2880000,76.8,87.32,80.24,62.91,48.97
2881000,77.32,87.32,79.67,61.32,48.15
2882000,77.32,89.21,80.64,61.99,47.99
2883000,78.73,89.21,80.64,62.1,48.81
2884000,78.88,89.46,81.08,61.39,48.57
2885000,78.88,89.05,80.34,60.94,47.49
2886000,81.12,90.01,80.55,60.23,47.73
2887000,80.86,89.43,81.28,59.76,47.13
2888000,81.1,87.99,81.77,59.45,47.11
2889000,80.98,88.48,81.54,59.45,46.46
2890000,80.98,87.8,80.79,59.5,47.2
2891000,83.53,87.8,80.65,59.94,47.35
2892000,82.94,87.46,81.12,60.15,47.3
2893000,83.2,86.57,80.39,60.35,47.2
2894000,83.54,85.64,76.61,59.97,47.23
2895000,83.05,86.12,76.35,59.72,48.19
2896000,84.62,85.96,77.37,59.62,48.34
2897000,84.63,85.48,77.37,60.35,49.07
2898000,84.69,87.01,79.45,61.47,48.42
2899000,84.36,86.8,80.18,61.6,48.91
2900000,83.4,88.0,79.64,60.22,48.48
2901000,82.31,84.03,79.17,60.22,47.89
2902000,82.55,82.43,80.1,60.94,48.17
2903000,81.83,83.87,78.92,59.98,48.31
2904000,82.85,84.31,77.44,59.97,48.81
2905000,83.87,84.31,75.45,59.87,48.92
2906000,84.27,84.52,75.19,59.87,49.61
2907000,82.95,84.69,74.75,61.29,49.34
2908000,80.39,85.31,74.23,61.24,48.74
2909000,80.39,84.84,74.41,62.62,49.18
2910000,82.25,86.03,73.07,62.67,49.47
2911000,81.42,85.81,71.62,62.96,50.54
2912000,81.24,85.81,71.62,63.48,51.74
2913000,82.42,86.29,72.1,63.51,51.85
2914000,82.55,86.5,69.92,63.88,52.68
2915000,80.99,85.31,69.17,63.91,53.42
2916000,78.96,86.72,70.37,63.92,52.96
2917000,77.18,86.96,69.58,62.56,52.91
2918000,76.59,86.24,70.34,61.38,53.88
2919000,75.47,87.05,69.41,60.37,54.13
2920000,75.12,87.06,69.4,60.64,54.75
2921000,74.74,86.71,67.49,60.77,54.46
2922000,74.61,86.06,67.49,60.78,54.9
2923000,71.79,86.06,68.54,60.03,53.0
2924000,69.84,86.36,68.54,59.53,53.41
2925000,69.84,87.35,70.73,60.89,53.48
2926000,69.53,87.75,70.47,60.9,53.15
2927000,70.01,87.01,70.25,61.3,53.83
2928000,70.62,85.81,69.83,61.49,53.94
2929000,71.2,86.5,69.8,61.99,54.2
2930000,71.29,85.08,69.09,62.46,53.77
2931000,70.48,86.95,69.08,62.5,54.26
2932000,67.76,87.1,69.45,63.21,54.97
2933000,66.49,88.93,68.64,63.74,54.48
2934000,67.45,86.62,67.66,63.98,55.44
2935000,67.56,85.12,67.61,64.94,55.65
2936000,67.56,84.22,67.13,65.82,56.13
2937000,69.5,85.51,68.51,65.55,56.53
2938000,68.99,86.19,68.75,66.02,56.54
2939000,69.08,84.81,67.61,66.48,56.72
2940000,70.42,86.02,68.59,65.76,56.81
2941000,71.17,86.02,68.59,66.35,55.98
2942000,69.99,85.14,67.52,65.88,56.09
2943000,69.01,84.98,67.77,67.08,56.33
2944000,69.43,85.73,67.37,66.58,56.8
2945000,68.78,84.18,66.67,67.06,56.77
2946000,68.78,83.22,66.6,67.31,57.84
2947000,69.87,83.95,63.48,67.31,57.87
2948000,69.99,83.97,63.94,68.46,57.74
2949000,70.29,84.02,64.74,67.69,56.91
2950000,70.43,82.73,64.8,66.68,57.31
2951000,71.61,83.09,65.51,65.24,56.56
2952000,71.93,83.19,65.75,64.92,56.8
2953000,73.04,83.43,66.46,66.08,56.71
2954000,72.79,83.58,67.77,65.85,56.65
2955000,73.2,84.07,66.75,64.56,54.9
2956000,74.41,83.85,68.01,64.56,55.14
2957000,75.16,83.44,68.36,65.05,55.18
2958000,74.81,83.54,68.15,66.29,54.29
2959000,74.4,83.57,68.41,66.29,54.86
2960000,73.81,81.76,68.93,63.11,55.36
2961000,73.95,82.72,69.66,63.34,53.11
2962000,73.18,82.61,69.72,64.35,53.27
2963000,73.34,83.0,69.48,64.39,54.48
2964000,74.52,83.97,70.59,64.69,54.01
2965000,73.46,83.97,71.34,65.01,54.34
2966000,73.19,84.22,71.34,64.29,55.3
2967000,74.15,81.99,72.77,63.12,56.51
2968000,72.58,81.58,72.76,63.29,55.63
2969000,72.35,82.16,74.15,64.5,56.28
2970000,71.68,81.29,73.87,64.56,56.96
2971000,72.23,79.54,73.87,65.27,57.28
2972000,73.07,79.54,73.87,65.51,57.39
2973000,73.6,80.92,74.0,64.79,57.07
2974000,74.09,80.95,75.05,65.05,56.54
2975000,74.34,80.15,74.57,65.5,57.62
2976000,74.34,78.8,74.79,65.72,57.38
2977000,74.82,77.08,75.58,66.73,57.99
2978000,74.87,77.53,76.29,66.25,58.94
2979000,74.49,76.56,76.07,65.36,59.12
2980000,74.49,77.26,76.31,65.36,56.42
2981000,75.65,78.33,75.38,65.28,56.65
2982000,74.77,78.08,74.43,65.6,57.26
2983000,75.67,78.49,75.35,66.29,58.05
2984000,75.21,77.95,76.16,67.73,57.42
2985000,72.96,77.74,75.71,67.5,58.28
2986000,72.78,77.47,76.39,67.02,58.35
2987000,72.78,77.77,77.08,66.07,56.49
2988000,74.23,77.77,76.42,65.02,56.91
2989000,75.2,76.52,77.36,62.93,57.42
2990000,76.33,75.11,76.74,63.57,57.92
2991000,76.67,76.42,76.92,64.36,58.32
2992000,76.88,76.38,76.92,63.62,58.31
2993000,77.11,77.93,77.92,62.65,59.16
2994000,77.11,78.48,78.77,63.02,60.12
2995000,75.29,79.09,79.23,61.8,61.0
2996000,73.9,76.5,80.55,61.53,60.45
2997000,73.08,75.25,80.55,62.04,60.69
2998000,72.9,74.71,81.86,61.37,60.69
2999000,72.68,73.23,82.4,61.36,60.93
3000000,69.61,74.41,82.04,61.36,60.75
3001000,69.0,75.29,82.81,62.02,60.28
3002000,69.22,75.05,83.85,61.61,60.04
3003000,69.77,73.86,84.59,60.71,60.36
3004000,69.71,74.39,84.59,61.9,60.49
3005000,69.71,74.63,85.97,62.63,61.53
3006000,72.1,75.04,85.47,62.63,61.16
3007000,71.0,73.86,85.72,63.6,60.56
3008000,69.78,74.46,85.85,63.1,61.77
3009000,68.48,76.12,86.09,62.18,61.74
3010000,67.92,75.82,85.8,62.95,60.79
3011000,69.34,75.83,86.39,64.31,60.61
3012000,67.88,75.83,86.65,64.31,60.3
3013000,67.92,77.2,86.29,63.37,59.58
3014000,68.73,76.66,85.93,62.73,60.78
3015000,70.1,77.21,85.13,63.38,61.97
3016000,70.1,77.17,85.13,62.78,61.6
3017000,71.15,77.23,84.76,62.78,60.93
3018000,70.43,78.14,84.62,63.02,60.82
3019000,70.43,77.85,84.39,64.4,59.82
3020000,72.26,77.86,85.52,64.15,60.37
3021000,73.03,77.92,84.07,64.06,59.35
3022000,72.69,77.7,84.8,65.38,58.72
3023000,73.6,77.7,85.28,64.9,58.03
3024000,73.6,80.34,82.94,65.87,58.31
3025000,74.61,79.86,82.88,65.73,57.84
3026000,75.09,80.59,81.68,66.55,58.24
3027000,74.98,80.6,81.75,67.51,58.22
3028000,73.67,81.2,79.85,66.53,57.55
3029000,72.83,81.2,78.96,67.54,57.06
3030000,73.9,82.78,79.2,68.75,56.6
3031000,73.4,82.92,80.11,67.77,57.22
3032000,72.66,82.92,79.42,67.95,57.68
3033000,73.3,84.74,79.19,68.59,57.29
3034000,73.3,84.05,79.93,69.33,57.29
3035000,74.1,84.84,80.6,68.21,56.72
3036000,74.61,84.37,81.31,65.24,53.71
3037000,76.18,83.82,80.37,65.01,53.24
3038000,75.33,85.3,80.8,64.55,53.13
3039000,75.81,85.84,79.99,64.64,52.46
3040000,76.09,86.09,79.99,64.97,52.28
3041000,74.82,88.27,80.83,65.93,52.06
3042000,76.37,88.27,80.83,66.31,52.4
3043000,77.54,89.14,80.84,67.05,52.41
3044000,78.63,89.62,82.25,67.36,52.82
3045000,78.67,91.12,82.25,67.11,52.2
3046000,78.67,90.65,82.0,68.28,52.45
3047000,80.19,91.22,81.93,68.74,52.35
3048000,81.35,92.52,81.7,68.24,53.49
3049000,81.17,90.5,82.0,69.2,53.34
3050000,81.32,90.49,81.78,69.21,53.29
3051000,81.32,89.75,82.92,70.88,53.95
3052000,82.25,90.19,83.37,69.95,54.28
3053000,83.2,89.54,82.63,70.91,53.43
3054000,84.13,89.49,83.44,70.92,52.61
3055000,83.92,89.51,83.13,71.4,51.59
3056000,83.92,89.5,81.14,72.6,51.74
3057000,84.76,90.58,81.04,73.57,51.67
3058000,84.54,90.57,80.38,74.75,52.0
3059000,84.01,91.44,79.42,73.08,51.89
3060000,84.65,91.21,77.96,73.37,52.77
3061000,84.49,88.67,78.11,74.32,53.12
3062000,85.03,89.64,77.8,75.73,52.95
3063000,85.03,89.64,79.23,76.71,53.94
3064000,86.98,90.62,77.56,77.17,53.93
3065000,88.06,90.8,77.56,76.95,54.1
3066000,89.19,91.4,79.95,76.23,53.77
3067000,88.06,91.15,79.93,76.45,53.56
3068000,86.83,92.63,79.47,76.07,52.84
3069000,84.56,91.45,79.92,76.06,52.28
3070000,84.72,91.68,78.95,75.73,51.29
3071000,85.54,91.31,80.05,72.55,51.28
3072000,86.44,91.46,80.57,72.98,50.47
3073000,87.69,90.98,81.1,72.58,49.75
3074000,88.08,91.51,82.51,73.21,49.66
3075000,89.0,91.41,82.73,73.21,49.96
3076000,89.0,92.13,83.1,74.19,50.52
3077000,91.05,92.13,84.06,75.42,50.56
3078000,89.37,92.39,83.34,75.61,51.52
3079000,89.37,92.15,84.92,75.6,51.87
3080000,91.07,92.63,85.97,74.62,51.87
3081000,91.66,92.16,86.67,76.07,53.32
3082000,90.08,92.37,85.71,75.26,53.85
3083000,88.63,92.37,86.09,73.83,54.08
3084000,88.63,93.77,85.37,73.14,55.03
3085000,89.84,94.08,86.07,72.64,55.69
3086000,87.89,92.88,86.03,72.16,54.22
3087000,88.68,92.18,85.14,70.74,53.71
3088000,89.85,92.71,85.21,70.83,54.6
3089000,88.61,91.8,85.19,70.17,53.88
3090000,87.67,92.28,85.68,69.36,53.46
3091000,88.63,92.85,86.14,69.33,54.41
3092000,89.03,91.38,86.39,69.09,53.55
3093000,89.94,89.92,85.52,69.53,53.62
3094000,89.09,89.48,85.45,70.02,54.33
3095000,89.09,87.63,84.99,69.91,54.34
3096000,90.73,88.46,84.23,69.91,54.75
3097000,90.37,88.49,85.39,70.61,55.24
3098000,91.4,86.5,86.24,70.61,55.19
3099000,91.18,86.73,86.72,71.56,54.36
3100000,91.94,84.41,86.97,72.74,54.31
3101000,91.95,82.49,85.64,71.65,54.18
3102000,92.75,80.34,86.41,72.29,54.18
3103000,91.78,77.56,85.9,71.88,53.51
3104000,92.02,77.22,86.14,71.54,54.7
3105000,89.34,77.4,84.48,72.76,55.25
3106000,87.39,75.96,82.88,71.64,53.77
3107000,83.82,75.32,81.78,72.13,52.45
3108000,81.67,74.05,79.53,70.97,53.04
3109000,80.96,74.15,79.2,69.64,52.8
3110000,74.96,75.05,78.97,68.84,53.29
3111000,70.59,75.05,76.58,66.89,54.01
3112000,70.62,74.73,77.1,67.83,54.76
3113000,71.59,74.01,77.55,67.83,55.28
3114000,70.97,73.29,77.17,66.62,55.89
3115000,70.81,73.7,77.66,65.69,57.27
3116000,71.02,74.44,78.22,65.68,57.98
3117000,69.87,75.36,78.53,65.88,57.53
3118000,68.68,75.41,79.5,64.95,58.58
3119000,68.68,76.84,80.42,65.63,59.43
3120000,70.76,75.46,80.42,65.29,59.21
3121000,71.7,75.08,80.63,65.33,58.98
3122000,72.16,75.11,81.29,65.6,59.2
3123000,73.35,75.1,81.69,66.07,58.52
3124000,72.64,75.13,79.29,67.36,56.96
3125000,69.95,75.46,78.39,68.32,56.69
3126000,68.76,74.27,76.71,66.53,56.98
3127000,69.47,75.44,76.43,68.14,55.76
3128000,69.28,75.94,77.16,67.88,55.62
3129000,67.94,75.83,77.64,64.82,56.62
3130000,67.94,76.64,75.78,65.49,56.73
3131000,69.67,76.41,76.45,65.49,57.46
3132000,69.2,75.72,75.76,66.64,57.45
3133000,69.05,75.9,76.46,67.85,57.57
3134000,69.47,74.19,76.02,68.08,56.95
3135000,69.01,73.17,74.04,67.07,56.22
3136000,67.31,72.72,73.61,66.29,56.1
3137000,66.71,71.52,73.61,67.42,55.8
3138000,67.91,72.35,74.75,68.73,55.08
3139000,67.16,72.13,74.06,69.33,54.6
3140000,67.02,72.85,74.3,69.25,55.8
3141000,68.07,73.26,74.3,69.97,56.04
3142000,67.69,73.99,74.62,70.42,56.04
3143000,65.27,73.47,74.14,70.9,57.61
3144000,66.06,73.85,74.93,72.33,57.09
3145000,64.85,73.68,75.26,72.3,58.07
3146000,64.85,74.03,75.71,72.07,58.45
3147000,66.88,74.58,76.16,72.18,58.25
3148000,65.79,73.36,73.43,73.53,57.88
3149000,66.75,74.37,73.01,72.78,56.69
3150000,65.05,74.1,74.07,73.72,57.41
3151000,63.9,75.07,74.38,72.75,57.85
3152000,63.9,76.03,75.13,73.43,58.14
3153000,63.9,76.31,75.76,73.19,57.66
3154000,66.9,75.04,74.49,74.26,57.92
3155000,66.86,76.1,74.74,73.09,58.63
3156000,67.81,75.88,75.34,72.86,58.03
3157000,69.47,75.88,74.93,71.68,58.02
3158000,70.65,77.51,72.89,72.52,57.63
3159000,71.14,77.51,73.56,72.28,57.46
3160000,72.33,79.9,74.27,71.98,56.73
3161000,73.52,81.04,75.43,72.22,56.33
3162000,74.06,81.74,74.61,73.01,56.33
3163000,74.5,81.78,75.24,72.73,56.19
3164000,74.07,82.21,75.24,73.16,56.75
3165000,75.02,81.73,75.61,72.6,56.75
3166000,75.75,82.69,76.43,73.05,56.9
3167000,76.17,84.01,76.96,74.22,57.74
3168000,76.16,83.93,77.69,73.87,58.66
3169000,77.61,83.7,76.45,74.12,58.66
3170000,79.33,85.16,74.93,74.66,59.96
3171000,80.17,85.16,74.04,73.94,59.03
3172000,80.29,86.84,73.65,73.94,60.57
3173000,80.29,87.55,70.46,74.2,60.65
3174000,80.29,89.32,69.7,75.16,60.83
3175000,81.29,89.32,69.24,75.84,60.26
3176000,83.21,89.68,70.4,76.13,60.02
3177000,83.5,89.52,69.45,75.21,61.4
3178000,82.43,90.36,69.64,75.92,61.74
3179000,81.91,90.12,70.71,74.74,62.9
3180000,82.87,91.41,70.78,76.01,63.14
3181000,81.87,91.81,71.0,75.73,62.88
3182000,81.24,91.52,71.96,76.34,62.64
3183000,81.25,93.15,71.87,76.81,63.7
3184000,80.33,91.71,70.89,76.68,62.84
3185000,80.6,92.92,70.65,77.15,62.44
3186000,81.09,93.65,70.42,77.19,61.95
3187000,80.11,93.13,71.1,75.3,60.0
3188000,80.05,93.16,72.45,75.44,59.98
3189000,80.45,94.36,72.23,74.84,59.17
3190000,80.43,95.32,72.84,75.33,57.71
3191000,78.35,95.56,72.31,73.48,56.08
3192000,78.02,95.07,72.49,74.21,55.88
3193000,77.68,94.8,72.98,72.9,54.19
3194000,78.24,95.72,73.21,71.26,54.54
3195000,79.2,96.68,71.8,70.59,55.46
3196000,80.16,96.68,72.84,71.43,55.27
3197000,80.35,97.27,72.47,71.43,54.05
3198000,79.86,98.0,71.79,70.02,54.88
3199000,81.02,98.03,70.87,68.5,53.66
3200000,80.92,97.37,70.2,67.47,53.86
3201000,80.59,97.37,71.36,68.63,53.15
3202000,79.94,99.44,72.1,67.43,53.81
3203000,79.92,97.51,72.59,67.43,52.57
3204000,80.97,97.99,71.74,67.88,52.57
3205000,81.3,98.25,72.69,68.24,53.02
3206000,82.04,98.74,72.69,67.79,53.01
3207000,82.53,98.1,72.68,67.79,50.7
3208000,83.65,98.0,72.49,67.08,49.44
3209000,81.92,96.02,71.88,63.99,49.93
3210000,81.92,95.03,71.44,62.7,49.1
3211000,83.83,95.75,71.44,63.66,49.37
3212000,84.11,95.75,73.18,62.65,49.91
3213000,84.83,95.81,72.68,62.43,49.26
3214000,84.61,96.55,72.92,61.28,48.37
3215000,85.57,97.33,73.16,61.28,47.24
3216000,86.05,96.63,72.67,62.0,45.58
3217000,84.3,96.06,74.11,62.98,46.06
3218000,83.96,95.48,73.48,61.87,44.88
3219000,83.93,96.43,75.1,62.22,45.43
3220000,81.55,97.68,74.69,61.2,45.66
3221000,81.3,96.88,75.65,61.67,46.0
3222000,80.59,98.1,75.65,61.18,46.23
3223000,80.37,97.54,77.08,60.22,46.27
3224000,80.98,97.69,77.31,60.0,47.84
3225000,81.44,97.26,77.31,60.01,47.59
3226000,82.0,97.57,77.73,59.49,47.22
3227000,79.88,98.54,78.01,60.5,48.19
3228000,79.64,99.7,78.85,59.72,48.37
3229000,77.94,99.7,79.99,58.61,49.82
3230000,76.99,100.3,79.99,57.67,50.26
3231000,75.97,100.61,79.87,57.44,50.28
3232000,73.04,102.68,80.15,56.97,51.83
3233000,73.99,101.33,80.41,57.34,52.99
3234000,73.55,100.36,80.93,58.57,52.53
3235000,73.66,100.12,80.91,58.52,52.01
3236000,72.26,100.79,81.14,59.73,51.09
3237000,72.56,100.32,80.33,60.33,52.95
3238000,73.28,100.59,80.33,58.97,52.52
3239000,73.99,100.64,82.2,59.18,51.33
3240000,74.72,101.01,82.55,59.42,52.58
3241000,74.77,100.77,81.24,60.14,53.98
3242000,74.63,100.77,79.61,61.19,53.86
3243000,75.14,100.53,79.61,62.09,53.0
3244000,75.64,100.56,81.02,62.34,53.86
3245000,77.01,101.99,81.6,63.58,55.01
3246000,77.01,100.56,82.73,62.34,55.05
3247000,78.5,97.71,82.73,62.34,55.09
3248000,78.87,96.8,84.29,62.93,53.65
3249000,78.87,95.88,82.15,62.55,53.92
3250000,81.04,96.37,82.09,63.55,53.87
3251000,81.19,96.37,81.7,64.23,53.04
3252000,80.36,97.33,81.07,63.55,53.76
3253000,80.23,97.45,82.71,63.99,54.25
3254000,80.94,96.9,81.74,63.6,53.49
3255000,80.65,96.24,82.49,62.77,54.02
3256000,81.11,96.08,82.91,63.49,54.29
3257000,79.67,95.07,80.7,63.73,52.82
3258000,81.31,95.09,80.7,63.27,52.82
3259000,81.66,95.06,81.42,63.97,52.59
3260000,79.71,94.68,82.46,64.9,52.43
3261000,80.67,94.63,83.66,66.07,52.55
3262000,80.17,93.6,84.11,66.06,52.55
3263000,80.25,93.6,84.14,67.51,53.57
3264000,79.82,95.5,85.08,67.91,53.83
3265000,79.61,96.22,85.3,67.57,52.91
3266000,78.64,96.89,86.22,68.38,53.09
3267000,78.43,97.16,86.06,67.74,54.14
3268000,79.73,95.24,86.05,65.48,55.27
3269000,78.95,95.23,85.9,65.68,55.56
3270000,78.86,94.04,84.41,66.88,55.56
3271000,78.86,95.47,83.06,66.4,54.84
3272000,78.33,94.02,82.83,65.94,54.11
3273000,78.1,94.02,82.98,67.15,55.27
3274000,76.42,94.98,82.14,67.4,54.4
3275000,76.81,96.72,82.58,67.04,55.16
3276000,76.84,96.99,82.59,65.58,54.88
3277000,76.49,97.47,82.4,65.34,55.55
3278000,76.7,97.27,80.29,66.24,56.16
3279000,78.45,97.69,80.41,65.78,55.97
3280000,78.21,98.64,79.93,66.83,55.55
3281000,78.21,98.67,79.72,67.33,56.72
3282000,80.11,98.18,81.13,65.93,56.47
3283000,80.81,100.01,79.0,67.12,57.71
3284000,80.56,100.95,78.25,66.87,58.4
3285000,80.89,101.23,76.47,67.35,57.96
3286000,80.94,100.96,76.47,67.95,56.72
3287000,80.94,99.72,77.91,66.54,56.71
3288000,82.38,99.48,76.85,67.99,56.45
3289000,84.02,99.48,78.09,68.87,54.99
3290000,84.49,99.43,79.27,68.88,54.79
3291000,85.38,99.2,79.98,68.42,55.04
3292000,85.38,96.36,80.85,68.66,56.24
3293000,86.04,96.36,80.99,67.67,57.01
3294000,86.86,95.92,80.99,67.17,57.22
3295000,87.12,95.92,81.55,66.46,58.38
3296000,88.39,96.92,82.07,67.58,58.9
3297000,88.43,96.29,82.07,68.3,59.26
3298000,87.14,96.29,83.68,66.59,58.78
3299000,87.51,95.3,81.57,66.87,58.54
3300000,87.55,94.37,80.12,67.18,58.56
3301000,87.31,94.12,80.1,66.68,58.63
3302000,86.75,93.41,79.48,65.91,59.59
3303000,86.99,91.51,79.31,65.5,60.07
3304000,85.09,92.24,77.85,65.93,61.06
3305000,86.76,91.56,77.93,66.39,60.45
3306000,86.85,90.38,76.71,66.39,60.32
3307000,88.28,90.86,75.87,66.66,59.96
3308000,88.28,91.82,74.68,66.92,60.31
3309000,88.72,91.86,74.32,66.84,61.2
3310000,85.63,92.25,74.56,66.15,60.97
3311000,82.68,92.28,75.83,66.16,60.09
3312000,82.68,93.0,75.3,64.28,60.8
3313000,83.72,93.09,75.3,64.99,60.32
3314000,85.02,93.09,76.29,65.95,60.58
3315000,84.97,94.67,77.1,65.47,60.82
3316000,84.3,94.42,78.14,64.65,59.24
3317000,84.19,95.38,77.42,64.88,60.57
3318000,84.19,95.68,76.5,64.87,60.67
3319000,84.54,95.43,75.94,65.1,59.77
3320000,82.37,96.68,75.7,65.21,60.05
3321000,83.12,96.28,75.95,65.01,60.01
3322000,81.67,97.3,76.48,64.21,58.0
3323000,82.61,96.81,76.48,64.96,58.87
3324000,81.5,95.84,76.67,65.68,57.66
3325000,80.96,95.46,77.45,64.35,56.97
3326000,82.09,96.41,77.21,64.35,57.44
3327000,81.39,97.13,76.35,65.13,58.85
3328000,81.17,96.89,77.45,66.49,57.89
3329000,80.24,97.89,78.91,66.79,56.55
3330000,80.96,97.89,78.16,65.48,57.04
3331000,82.0,97.62,78.98,65.35,57.78
3332000,81.8,97.57,78.95,65.81,58.02
3333000,80.6,96.53,79.62,64.63,57.75
3334000,81.78,96.53,79.62,65.58,57.82
3335000,81.16,98.28,81.01,67.01,57.82
3336000,81.43,97.01,80.33,67.24,57.35
3337000,81.94,97.0,79.86,66.04,57.45
3338000,81.83,97.0,80.1,64.88,57.96
3339000,82.3,96.36,80.15,65.39,56.96
3340000,80.39,97.54,81.12,65.3,57.49
3341000,80.39,97.77,80.44,64.67,56.86
3342000,79.68,97.76,81.3,63.87,56.32
3343000,79.38,96.51,81.3,63.37,56.55
3344000,79.3,96.6,81.54,64.65,56.31
3345000,80.55,93.58,82.49,64.65,55.3
3346000,80.99,93.34,83.25,65.63,55.34
3347000,79.3,94.04,82.64,64.46,54.86
3348000,80.73,92.46,83.11,63.26,55.71
3349000,79.66,92.69,82.72,62.77,55.78
3350000,81.28,92.69,82.74,63.71,56.01
3351000,81.76,93.9,82.74,63.2,56.75
3352000,81.11,95.28,82.8,64.04,55.9
3353000,80.75,93.87,82.34,63.56,54.93
3354000,79.48,94.27,82.32,63.85,56.53
3355000,79.48,93.79,82.06,63.17,56.23
3356000,80.58,92.84,83.36,63.7,55.47
3357000,80.03,94.01,84.08,63.0,54.71
3358000,80.03,94.23,82.65,63.65,54.72
3359000,81.38,95.19,83.78,63.89,53.85
3360000,81.76,93.77,83.78,63.94,53.89
3361000,82.51,95.22,83.25,64.18,53.85
3362000,83.03,95.94,83.25,65.82,53.62
3363000,83.03,97.57,85.48,65.91,52.77
3364000,84.01,96.82,86.43,66.69,52.21
3365000,85.18,97.52,86.57,66.69,53.12
3366000,85.12,98.7,87.06,67.38,53.74
3367000,85.42,98.26,87.97,65.67,54.08
3368000,83.51,99.86,87.2,65.71,54.44
3369000,84.65,98.2,88.15,64.79,54.44
3370000,81.03,98.08,89.71,64.22,53.71
3371000,80.99,98.08,90.83,64.96,53.51
3372000,81.15,97.69,89.66,66.16,55.48
3373000,80.53,97.88,89.9,66.21,56.0
3374000,80.55,98.07,89.92,66.2,56.21
3375000,79.64,98.18,91.63,67.4,54.83
3376000,80.3,98.18,91.65,68.15,55.79
3377000,80.28,97.66,92.49,68.55,55.61
3378000,80.53,97.66,93.84,68.79,54.8
3379000,80.92,99.12,95.2,68.76,55.32
3380000,81.07,100.31,95.54,69.65,56.03
3381000,80.75,100.61,95.57,69.34,55.67
3382000,82.7,100.88,95.56,69.75,55.68
3383000,83.41,99.99,97.35,69.5,56.11
3384000,83.91,98.59,96.98,69.94,56.66
3385000,82.72,98.81,97.56,69.94,57.67
3386000,83.69,95.26,94.12,71.61,57.89
3387000,82.0,95.26,93.81,69.97,56.97
3388000,82.23,94.17,94.54,70.44,58.19
3389000,82.7,93.47,95.27,69.54,58.91
3390000,84.25,94.41,94.16,67.56,58.92
3391000,84.65,94.68,95.34,67.62,58.41
3392000,85.08,94.69,95.34,66.49,58.85
3393000,85.8,93.51,95.2,67.88,59.06
3394000,86.1,94.71,95.03,67.63,59.83
3395000,85.87,93.94,95.76,67.84,59.78
3396000,85.12,95.24,95.55,66.1,60.54
3397000,85.12,94.14,96.0,65.14,60.02
3398000,85.49,94.42,96.0,65.42,59.08
3399000,85.81,93.41,96.25,66.47,60.01
3400000,86.28,93.41,95.05,67.9,58.88
3401000,87.38,93.9,95.49,68.35,59.2
3402000,85.72,95.37,95.25,68.83,58.26
3403000,86.46,95.46,95.51,69.55,58.27
3404000,86.92,95.14,95.99,70.46,59.16
3405000,85.05,95.35,96.53,69.82,59.49
3406000,84.34,94.88,97.68,69.83,59.98
3407000,84.05,95.65,97.48,69.37,61.17
3408000,83.1,94.23,97.47,70.34,61.21
3409000,83.5,94.15,97.47,69.62,61.51
3410000,82.25,92.74,99.03,69.39,61.72
3411000,82.25,92.74,99.03,70.16,62.86
3412000,81.6,93.48,100.85,70.15,63.06
3413000,81.84,93.76,101.56,70.73,62.16
3414000,82.09,93.06,98.38,70.73,62.01
3415000,83.26,93.06,98.43,70.17,62.25
3416000,83.51,96.32,99.38,70.6,60.81
3417000,84.95,96.82,98.78,69.88,61.29
3418000,84.95,97.68,98.32,71.05,62.39
3419000,83.97,98.64,97.85,68.19,60.09
3420000,84.7,97.43,97.85,68.19,59.87
3421000,84.31,98.15,98.74,68.45,60.4
3422000,83.2,97.69,98.66,69.83,60.29
3423000,83.93,95.09,98.66,69.57,59.83
3424000,83.72,95.08,100.09,69.06,59.6
3425000,84.45,95.95,99.22,69.63,58.35
3426000,84.67,97.3,100.7,68.55,58.04
3427000,81.92,96.82,98.39,68.99,58.5
3428000,81.5,97.77,97.47,68.17,57.57
3429000,82.89,98.53,95.71,67.67,57.42
3430000,81.69,97.85,95.06,67.89,55.93
3431000,82.8,96.12,92.86,68.22,55.56
3432000,82.8,92.51,92.86,68.58,54.66
3433000,84.76,92.51,93.1,68.19,54.84
3434000,86.0,94.39,93.1,68.68,55.52
3435000,85.87,94.02,93.1,69.11,53.23
3436000,85.4,94.26,92.7,68.78,53.18
3437000,86.35,94.03,92.23,69.45,52.75
3438000,86.98,94.39,92.23,69.21,52.51
3439000,85.04,93.09,94.54,69.89,51.33
3440000,85.94,94.53,94.07,68.22,52.0
3441000,86.52,94.81,92.39,67.56,52.36
3442000,86.76,94.64,94.57,66.95,52.27
3443000,85.43,92.5,93.13,67.9,52.69
3444000,85.45,93.42,91.25,68.68,51.94
3445000,83.95,93.42,91.28,68.93,50.91
3446000,83.15,93.26,92.36,69.6,50.43
3447000,83.82,93.74,90.98,69.98,50.83
3448000,84.6,94.22,91.32,69.98,49.64
3449000,84.6,91.92,91.08,71.91,50.72
3450000,85.74,92.29,91.45,71.23,51.0
3451000,86.47,91.83,91.71,72.44,50.14
3452000,87.47,91.77,90.84,71.83,49.32
3453000,87.34,91.77,91.01,72.31,49.32
3454000,85.91,92.34,91.98,72.21,49.95
3455000,85.95,92.5,92.35,71.98,50.27
3456000,85.71,92.99,93.13,71.94,51.19
3457000,85.71,94.24,93.07,70.42,50.68
3458000,85.06,94.68,90.91,69.96,51.01
3459000,85.62,95.99,89.96,70.6,51.63
3460000,86.3,96.87,89.9,70.93,52.1
3461000,86.43,96.87,87.14,69.93,52.08
3462000,86.19,98.71,83.72,69.93,51.67
3463000,86.12,97.2,81.84,69.92,52.73
3464000,86.55,98.42,83.04,69.91,53.16
3465000,85.64,98.83,82.2,68.4,53.44
3466000,85.66,98.35,81.0,66.95,54.18
3467000,84.89,98.32,80.4,67.9,55.58
3468000,84.86,96.84,77.56,65.25,54.41
3469000,85.14,96.84,77.02,65.24,53.69
3470000,85.78,97.24,76.02,64.52,54.89
3471000,85.87,97.92,75.96,65.26,55.09
3472000,86.23,95.3,76.66,66.82,56.51
3473000,86.96,95.24,77.28,66.08,57.23
3474000,87.36,95.57,77.28,65.17,57.9
3475000,87.93,96.15,77.5,66.34,57.98
3476000,87.93,96.15,75.94,67.26,58.36
3477000,87.21,96.64,74.98,68.52,59.17
3478000,87.92,97.36,74.35,69.27,58.54
3479000,87.65,95.77,75.95,70.23,59.22
3480000,88.61,95.1,74.03,69.51,59.43
3481000,88.61,95.32,72.79,69.79,59.73
3482000,88.88,95.09,73.12,70.0,60.86
3483000,87.53,94.62,73.63,70.32,60.86
3484000,87.26,95.28,73.67,70.08,61.55
3485000,87.46,93.87,74.88,68.29,61.75
3486000,87.12,93.13,75.04,66.92,62.6
3487000,87.12,92.76,75.97,66.64,62.9
3488000,87.69,92.76,76.08,64.24,63.87
3489000,87.92,94.64,75.76,64.25,63.53
3490000,89.1,95.12,75.77,63.88,63.15
3491000,87.95,94.76,75.73,63.58,64.6
3492000,87.28,94.73,75.73,64.97,63.24
3493000,87.28,95.36,76.93,65.11,63.89
3494000,90.14,95.36,77.38,65.11,63.9
3495000,90.16,94.73,78.08,67.16,64.86
3496000,90.14,93.84,78.08,67.04,65.1
3497000,91.33,93.6,79.69,66.53,66.3
3498000,92.66,93.6,78.1,66.53,66.23
3499000,91.5,94.19,77.38,67.22,66.92
3500000,91.5,94.19,76.33,65.84,66.53
3501000,89.47,95.91,77.27,65.84,66.76
3502000,89.47,96.38,77.27,66.9,66.76
3503000,89.98,97.18,78.54,66.9,67.68
3504000,89.75,98.15,79.46,67.12,68.41
3505000,89.51,96.75,78.97,67.36,69.05
3506000,89.45,96.27,79.64,67.6,68.22
3507000,90.85,96.92,78.18,68.07,68.22
3508000,92.25,96.08,77.7,67.08,69.57
3509000,92.07,95.76,75.72,67.09,68.77
3510000,90.73,95.24,75.17,68.67,68.77
3511000,91.21,94.05,74.93,69.17,70.4
3512000,91.28,95.35,74.93,69.63,70.89
3513000,91.76,95.94,75.84,67.73,69.7
3514000,90.92,97.33,75.9,68.45,69.77
3515000,91.21,97.33,77.11,68.7,69.31
3516000,91.21,95.45,78.19,69.16,69.79
3517000,92.71,96.6,79.15,69.04,70.91
3518000,93.26,96.6,79.34,70.22,69.75
3519000,90.68,97.49,79.09,70.22,70.42
3520000,90.75,95.26,79.51,70.9,70.67
3521000,91.96,95.29,80.23,72.06,69.31
3522000,91.1,96.12,80.01,73.19,70.23
3523000,91.4,96.1,81.44,73.12,70.34
3524000,88.59,95.11,82.3,73.62,71.07
3525000,88.57,95.35,83.53,74.49,69.19
3526000,88.58,96.17,84.62,75.14,69.92
3527000,88.58,96.66,84.19,74.66,68.91
3528000,89.84,94.73,84.43,75.44,69.42
3529000,88.87,94.73,84.43,73.98,68.57
3530000,88.7,92.73,85.51,73.47,69.77
3531000,89.68,92.3,84.14,74.39,70.54
3532000,89.9,93.49,84.86,73.23,70.99
3533000,88.97,92.1,85.41,72.43,70.33
3534000,90.49,92.34,84.81,71.93,70.59
3535000,91.12,92.75,84.79,71.93,70.59
3536000,90.66,92.81,85.29,71.93,71.27
3537000,90.83,94.73,86.76,72.26,72.9
3538000,90.83,94.57,87.09,69.62,72.81
3539000,91.89,93.56,86.62,70.25,72.37
3540000,90.88,94.43,86.62,70.41,73.08
3541000,92.2,95.61,87.0,70.41,72.58
3542000,90.81,96.34,87.2,71.61,72.12
3543000,90.36,96.34,88.64,71.82,71.51
3544000,88.99,97.47,88.31,72.57,70.34
3545000,89.47,97.47,88.88,72.8,70.47
3546000,88.8,99.26,88.85,73.04,71.03
3547000,90.69,101.05,89.6,74.1,70.34
3548000,90.35,100.35,89.4,74.35,69.14
3549000,88.88,99.89,88.52,75.34,67.7
3550000,87.0,100.12,89.52,75.34,67.6
3551000,87.47,99.28,90.01,75.45,67.17
3552000,86.91,99.28,90.97,75.7,67.86
3553000,87.09,100.59,90.26,76.42,68.58
3554000,87.75,101.07,90.32,74.54,68.28
3555000,87.75,102.33,90.27,75.05,67.14
3556000,88.39,102.82,89.85,74.39,66.55
3557000,87.71,103.13,88.55,72.65,66.54
3558000,88.08,101.7,87.38,72.29,67.67
3559000,87.4,102.17,86.66,71.78,67.28
3560000,87.43,102.45,86.65,70.06,66.81
3561000,87.67,101.48,81.71,70.06,65.05
3562000,88.16,101.37,82.69,71.73,65.68
3563000,88.38,101.37,82.39,71.42,66.19
3564000,87.38,102.79,81.95,72.79,66.0
3565000,87.48,103.27,82.58,73.51,66.81
3566000,89.11,102.79,82.81,72.81,67.3
3567000,87.84,103.23,81.42,73.58,68.02
3568000,88.32,103.83,81.65,73.79,66.98
3569000,87.72,102.66,80.92,74.31,66.75
3570000,86.47,104.35,82.34,73.91,64.96
3571000,86.76,104.59,82.34,75.24,66.2
3572000,85.78,104.83,84.27,74.98,66.2
3573000,86.19,104.35,84.73,74.18,66.36
3574000,86.43,104.35,85.51,75.62,67.76
3575000,86.88,106.02,82.73,75.62,68.48
3576000,86.88,107.22,83.15,76.82,69.21
3577000,86.11,105.79,82.91,77.68,67.72
3578000,86.1,105.81,82.92,76.1,66.66
3579000,86.83,104.9,81.69,76.35,66.52
3580000,86.86,104.9,82.87,74.54,67.13
3581000,85.43,105.36,83.12,74.22,68.36
3582000,85.67,103.92,83.12,72.78,67.37
3583000,85.67,102.72,83.7,72.86,66.66
3584000,86.48,102.95,83.52,73.12,67.69
3585000,87.16,104.39,82.41,73.28,68.17
3586000,86.23,104.39,82.81,73.16,69.52
3587000,86.23,105.83,81.18,73.58,69.98
3588000,87.35,105.83,81.28,74.86,70.86
3589000,87.82,108.47,81.84,75.63,70.86
3590000,88.68,108.52,80.58,75.63,69.87
3591000,89.32,108.13,80.58,74.48,69.41
3592000,90.33,109.35,81.97,75.22,68.72
3593000,91.97,108.34,81.7,75.64,67.17
3594000,92.05,109.06,83.45,76.18,67.09
3595000,93.02,108.87,81.94,74.94,68.52
3596000,92.28,108.24,80.94,74.79,68.76
3597000,92.33,109.11,80.47,75.25,68.92
3598000,89.25,106.86,79.76,75.24,69.22
3599000,89.68,106.86,78.02,74.95,69.67
3600000,89.8,108.54,78.23,76.13,70.59
3601000,89.29,106.87,77.97,75.87,71.4
3602000,89.04,107.11,79.72,75.48,71.45
3603000,89.99,106.84,76.92,74.98,72.75
3604000,89.0,105.62,77.66,73.36,73.34
3605000,89.97,105.37,75.39,73.88,73.32
3606000,89.99,106.02,75.39,73.87,73.16
3607000,89.99,106.78,75.79,74.28,73.29
3608000,90.28,107.23,72.22,72.44,71.39
3609000,90.28,107.9,70.85,72.44,70.94
3610000,90.36,107.62,70.75,73.35,71.16
3611000,90.7,108.79,71.45,73.63,71.4
3612000,91.19,108.81,71.19,74.43,72.12
3613000,91.19,108.15,72.1,75.39,71.41
3614000,88.44,109.54,72.1,75.39,72.04
3615000,88.75,109.09,72.72,74.26,72.27
3616000,89.89,108.09,73.71,74.84,73.26
3617000,89.89,107.02,74.77,74.55,73.15
3618000,90.27,108.22,75.83,74.25,72.8
3619000,91.77,108.22,77.22,74.71,73.84
3620000,92.33,107.63,78.04,73.31,73.63
3621000,90.71,106.67,77.61,74.74,73.06
3622000,89.07,105.29,77.61,73.6,73.04
3623000,88.83,102.63,77.84,75.01,72.93
3624000,87.3,102.62,77.84,72.88,73.5
3625000,86.82,103.79,76.63,72.64,73.36
3626000,86.09,103.79,77.05,71.99,74.79
3627000,86.05,103.75,76.41,72.62,73.44
3628000,86.05,104.19,76.42,71.98,73.57
3629000,87.25,103.93,74.67,72.24,73.61
3630000,87.73,102.59,74.21,72.24,71.08
3631000,85.91,102.35,73.5,73.27,71.15
3632000,86.34,101.39,75.42,72.74,71.88
3633000,86.9,101.64,75.42,70.91,71.88
3634000,86.9,101.47,77.06,70.29,73.02
3635000,87.88,100.8,76.76,70.33,72.91
3636000,88.94,96.28,76.28,70.81,71.83
3637000,89.82,96.52,75.82,71.17,71.45
3638000,90.28,95.5,75.82,70.93,71.3
3639000,90.85,96.11,74.87,69.63,70.34
3640000,88.52,94.31,75.54,69.62,70.81
3641000,88.75,90.57,75.76,69.79,68.46
3642000,88.52,89.1,75.95,69.79,68.15
3643000,88.82,89.19,76.62,71.96,68.15
3644000,87.91,89.26,76.32,70.16,69.94
3645000,87.91,89.26,75.64,70.16,69.47
3646000,89.29,89.71,75.64,71.59,70.16
3647000,89.7,89.01,75.91,71.54,70.65
3648000,90.65,89.47,76.57,72.37,72.0
3649000,88.94,90.61,77.68,71.69,72.79
3650000,89.31,88.6,78.21,71.22,71.59
3651000,89.94,84.26,78.04,71.16,72.58
3652000,90.63,83.54,78.19,71.4,73.46
3653000,90.86,84.26,77.56,70.86,73.43
3654000,91.83,85.18,77.91,71.78,72.68
3655000,91.42,84.23,78.49,72.51,72.11
3656000,91.42,83.97,79.1,71.9,71.0
3657000,91.72,82.91,79.1,70.73,71.93
3658000,90.87,81.64,80.07,70.52,71.56
3659000,91.11,82.49,80.3,70.77,71.34
3660000,91.11,82.49,80.81,71.46,72.66
3661000,91.2,85.13,81.09,71.46,72.42
3662000,91.2,83.69,81.11,71.21,72.35
3663000,91.05,84.65,79.86,70.85,72.82
3664000,90.09,85.61,80.04,68.45,73.94
3665000,91.2,86.36,79.84,69.95,75.35
3666000,91.95,87.51,79.84,69.75,75.86
3667000,93.62,87.51,81.27,69.55,75.22
3668000,94.32,87.67,81.87,69.07,76.14
3669000,94.69,87.67,81.87,69.54,77.23
3670000,93.72,90.07,84.07,70.68,77.82
3671000,92.17,89.48,84.26,71.48,77.82
3672000,92.14,89.36,84.05,71.19,76.58
3673000,92.38,90.83,85.01,70.7,76.34
3674000,91.65,90.6,85.23,70.73,75.97
3675000,91.27,90.6,86.12,72.76,76.25
3676000,92.48,90.02,86.65,71.04,75.3
3677000,91.14,91.62,86.89,71.76,76.13
3678000,92.9,91.62,87.85,71.49,75.9
3679000,93.23,90.04,87.85,70.55,76.49
3680000,90.99,90.04,89.56,70.83,76.13
3681000,90.9,90.04,88.65,71.97,76.98
3682000,91.57,92.44,86.84,71.7,77.69
3683000,90.74,92.16,85.69,71.7,77.3
3684000,90.27,92.16,84.52,71.53,77.05
3685000,89.65,93.13,84.61,71.52,76.61
3686000,89.38,93.86,83.55,72.47,78.47
3687000,89.38,94.9,84.13,72.42,77.99
3688000,91.05,92.79,85.1,71.28,77.75
3689000,91.78,91.58,84.4,71.18,76.93
3690000,92.83,92.08,84.78,71.18,78.29
3691000,92.02,91.82,84.78,72.61,77.67
3692000,92.5,92.2,87.16,72.97,77.67
3693000,93.46,93.4,87.16,72.97,77.62
3694000,92.97,91.19,86.84,73.96,77.77
3695000,92.73,89.04,86.84,72.6,79.21
3696000,89.22,89.73,83.66,72.92,78.47
3697000,89.89,90.62,83.67,73.85,78.88
3698000,90.71,90.22,83.21,74.5,78.15
3699000,90.85,90.22,82.46,74.08,78.15
3700000,90.36,90.93,83.61,73.57,78.67
3701000,87.96,92.53,84.59,73.13,78.88
3702000,88.62,93.35,83.64,73.12,80.17
3703000,87.34,93.35,82.57,73.12,77.37
3704000,87.33,93.82,81.91,75.31,77.62
3705000,87.81,93.82,82.79,73.96,77.25
3706000,87.81,95.0,82.02,73.37,77.34
3707000,87.59,95.27,82.02,74.22,76.64
3708000,88.59,96.4,84.14,74.47,76.65
3709000,89.35,96.4,83.54,74.73,74.72
3710000,87.4,97.58,81.99,75.26,75.88
3711000,87.09,97.4,82.22,76.22,76.81
3712000,85.85,97.3,80.99,77.33,77.21
3713000,86.48,97.47,80.64,77.53,78.25
3714000,87.04,98.44,80.39,77.43,78.2
3715000,85.85,100.04,80.86,78.29,79.71
3716000,85.63,99.88,80.95,77.53,79.71
3717000,85.89,99.88,80.9,77.1,78.98
3718000,85.89,101.01,80.78,77.1,79.35
3719000,83.63,99.35,80.49,78.54,79.03
3720000,84.07,98.39,80.7,79.45,79.64
3721000,84.08,97.96,81.21,80.05,80.37
3722000,82.7,98.12,81.43,79.61,80.16
3723000,81.34,98.99,82.56,81.04,80.39
3724000,81.34,100.37,82.59,81.04,81.58
3725000,83.57,101.28,82.79,81.97,81.39
3726000,82.7,101.52,83.64,81.5,81.31
3727000,83.89,102.25,83.17,81.97,81.52
3728000,84.12,102.96,82.88,82.41,82.59
3729000,82.43,101.96,82.88,83.61,81.27
3730000,82.43,103.18,81.64,82.45,79.88
3731000,83.11,102.46,80.96,82.93,79.2
3732000,83.1,102.46,81.03,83.36,78.7
3733000,84.53,104.14,82.01,83.35,76.49
3734000,85.2,104.16,82.01,83.12,76.47
3735000,84.14,104.95,81.67,83.84,75.82
3736000,81.47,105.93,82.03,83.59,76.12
3737000,81.56,102.57,82.0,83.75,76.6
3738000,82.1,102.57,82.0,83.94,75.5
3739000,81.31,101.45,82.48,83.94,75.23
3740000,81.71,99.89,80.91,84.67,76.19
3741000,82.05,99.89,81.76,85.64,76.76
3742000,83.5,98.86,82.22,84.67,75.53
3743000,83.75,97.68,82.13,85.86,74.82
3744000,84.05,96.96,83.2,87.46,74.33
3745000,85.53,95.28,81.57,87.7,74.98
3746000,85.53,96.08,81.63,87.22,76.1
3747000,86.22,93.32,79.53,87.46,75.92
3748000,85.91,94.13,78.7,87.94,75.92
3749000,85.57,91.73,74.99,88.84,77.09
3750000,84.85,92.66,76.12,89.9,76.92
3751000,82.61,92.73,76.23,89.6,74.41
3752000,83.7,91.54,75.81,90.3,75.37
3753000,84.21,92.26,76.42,90.96,75.27
3754000,84.78,90.63,76.42,90.96,75.73
3755000,84.78,91.18,76.29,91.39,76.41
3756000,85.47,92.51,74.96,88.65,76.27
3757000,85.28,92.19,73.6,88.91,74.66
3758000,85.84,91.24,74.58,88.91,73.55
3759000,86.8,89.57,74.26,89.79,74.54
3760000,87.53,89.68,75.35,90.02,73.94
3761000,88.93,90.58,74.6,89.42,74.18
3762000,88.93,89.9,75.76,87.04,73.66
3763000,90.52,90.34,73.59,88.01,74.61
3764000,89.61,90.34,74.32,89.15,74.18
3765000,89.61,92.23,74.92,90.09,72.25
3766000,90.8,92.23,74.12,90.8,72.37
3767000,90.8,94.22,73.51,90.11,72.8
3768000,93.3,93.9,73.7,89.79,70.13
3769000,93.21,93.9,74.04,87.98,69.24
3770000,93.48,93.08,74.48,88.69,69.02
3771000,93.01,94.14,74.95,85.13,69.74
3772000,93.13,92.97,75.61,85.77,67.81
3773000,93.34,94.13,75.32,85.77,67.32
3774000,93.8,94.56,75.51,86.36,68.26
3775000,91.36,93.08,75.63,86.37,67.56
3776000,91.27,92.91,76.62,87.46,67.79
3777000,91.28,92.91,76.41,86.72,67.66
3778000,92.39,91.71,76.86,85.12,67.1
3779000,92.88,92.5,76.99,85.56,66.63
3780000,93.3,92.69,76.99,84.89,66.09
3781000,92.29,94.05,76.2,84.78,66.16
3782000,91.56,94.37,76.96,84.51,66.8
3783000,91.56,94.44,77.44,85.58,68.25
3784000,89.48,92.51,78.85,86.29,68.61
3785000,89.48,93.23,78.5,85.56,69.42
3786000,91.72,92.1,79.56,85.78,69.42
3787000,91.72,93.73,79.32,85.4,71.47
3788000,93.55,93.7,77.6,85.9,72.37
3789000,94.38,93.7,76.72,84.73,71.47
3790000,94.2,95.4,76.44,84.72,72.24
3791000,93.53,94.46,76.78,84.24,71.59
3792000,95.65,93.87,75.93,84.49,70.75
3793000,93.49,93.65,76.92,84.41,69.95
3794000,94.22,92.08,77.03,82.95,69.94
3795000,94.47,93.96,75.27,83.62,69.94
3796000,92.97,91.26,75.51,83.4,72.76
3797000,92.68,90.53,75.68,82.67,73.29
3798000,93.23,90.8,74.97,84.07,73.29
3799000,93.23,91.03,75.86,82.65,73.67
3800000,93.75,90.3,76.92,81.69,74.39
3801000,94.84,89.37,77.72,81.46,75.07
3802000,94.84,89.8,77.89,82.53,73.93
3803000,97.26,89.77,78.14,81.56,71.83
3804000,97.87,90.97,79.22,81.27,71.81
3805000,98.58,89.84,80.16,82.49,71.88
3806000,98.58,89.19,81.74,79.64,73.15
3807000,99.17,89.67,82.41,79.61,74.03
3808000,100.2,89.63,82.4,79.83,74.0
3809000,99.62,90.57,83.33,80.55,72.93
3810000,99.62,90.97,83.83,76.86,72.68
3811000,99.62,91.92,84.08,76.51,71.95
3812000,101.75,93.28,83.56,75.82,71.61
3813000,101.75,91.63,82.25,74.33,73.42
3814000,104.29,91.67,82.1,74.06,73.3
3815000,104.29,90.99,81.09,74.39,73.76
3816000,104.16,91.0,81.7,73.57,73.69
3817000,104.16,89.11,81.74,71.64,74.11
3818000,106.15,88.14,82.94,72.13,74.64
3819000,106.15,88.35,83.35,70.96,73.61
3820000,106.36,88.59,82.28,70.72,73.8
3821000,104.34,88.33,82.28,71.13,74.29
3822000,104.87,87.86,83.34,70.17,74.92
3823000,104.65,88.63,82.87,71.36,75.54
3824000,106.34,90.39,83.85,71.36,75.93
3825000,106.14,90.62,84.44,72.72,75.07
3826000,106.14,91.84,84.37,73.05,76.41
3827000,108.69,91.35,84.16,74.18,77.58
3828000,108.7,90.72,83.6,75.26,78.17
3829000,109.42,91.87,85.0,74.78,77.5
3830000,109.67,92.57,86.22,75.26,77.71
3831000,110.37,90.07,83.61,75.91,78.2
3832000,108.66,87.45,83.4,77.05,79.05
3833000,108.75,89.54,83.18,75.89,77.64
3834000,107.34,89.15,84.49,75.65,77.71
3835000,107.82,87.49,84.45,74.75,78.66
3836000,106.89,86.66,84.45,74.97,77.27
3837000,105.74,86.66,85.01,76.17,77.25
3838000,104.12,85.87,84.49,76.51,77.76
3839000,104.12,85.68,84.25,76.35,76.79
3840000,104.85,85.68,83.1,77.05,76.8
3841000,104.85,84.45,82.24,76.55,75.67
3842000,106.96,84.7,83.36,77.08,75.64
3843000,109.06,83.98,82.89,77.68,74.96
3844000,107.06,83.43,83.6,77.68,73.73
3845000,105.22,84.33,81.94,78.16,73.99
3846000,105.22,84.18,81.14,78.87,75.57
3847000,106.34,84.81,82.17,78.97,74.84
3848000,106.34,82.69,81.98,79.69,74.9
3849000,108.23,80.83,83.17,78.93,75.09
3850000,107.43,81.06,84.48,78.68,76.18
3851000,107.43,81.6,84.21,78.4,73.15
3852000,107.0,81.91,85.33,78.55,71.21
3853000,105.84,81.66,86.57,77.83,70.98
3854000,105.65,80.44,86.6,77.97,70.86
3855000,105.31,80.24,86.49,77.97,70.15
3856000,105.99,80.94,86.49,79.41,68.65
3857000,105.45,80.94,88.06,79.67,69.26
3858000,106.9,82.15,87.84,80.38,68.87
3859000,106.59,82.25,87.02,79.92,68.88
3860000,107.56,80.59,87.58,81.54,69.39
3861000,107.09,79.62,87.35,80.31,69.39
3862000,107.09,78.99,87.19,80.31,70.58
3863000,106.0,79.57,87.19,81.21,70.67
3864000,105.37,79.57,89.09,81.22,71.04
3865000,105.37,80.63,89.82,80.89,71.05
3866000,106.64,81.59,90.05,78.18,71.91
3867000,105.8,82.31,89.57,78.41,71.53
3868000,106.79,83.63,90.71,78.68,71.54
3869000,106.13,83.39,88.54,77.42,71.12
3870000,105.89,83.19,88.3,77.18,69.54
3871000,105.94,83.91,88.16,77.89,70.26
3872000,104.94,82.26,86.35,76.12,71.08
3873000,105.9,81.48,86.13,75.63,71.5
3874000,105.9,82.42,86.13,75.89,71.4
3875000,106.81,82.88,88.34,77.32,70.44
3876000,101.35,84.07,88.34,78.05,72.34
3877000,100.74,84.06,90.33,78.41,72.26
3878000,98.36,84.31,91.25,78.65,71.65
3879000,98.58,84.31,90.47,79.84,69.48
3880000,97.82,85.6,91.31,79.84,69.38
3881000,99.18,85.67,93.13,82.17,68.66
3882000,99.72,85.44,94.14,82.17,67.38
3883000,100.74,85.2,94.38,83.6,68.03
3884000,98.12,86.61,94.38,83.99,68.97
3885000,96.01,85.67,95.71,84.95,69.45
3886000,95.55,87.08,95.1,85.62,68.73
3887000,93.86,85.26,94.64,87.03,68.14
3888000,91.7,84.81,94.66,86.85,68.41
3889000,91.7,85.3,95.24,86.47,67.8
3890000,93.09,85.06,95.79,84.16,67.81
3891000,92.04,85.77,95.81,83.86,68.77
3892000,91.85,85.8,95.31,83.37,68.87
3893000,91.57,82.65,95.53,82.94,69.14
3894000,89.98,80.23,96.4,83.9,67.69
3895000,90.22,81.13,96.4,84.13,68.62
3896000,89.6,81.13,95.73,84.6,65.53
3897000,90.75,82.24,95.73,85.0,65.53
3898000,90.19,81.64,96.57,84.03,66.31
3899000,90.68,81.8,97.78,84.1,66.43
3900000,90.37,79.76,98.28,85.27,65.18
3901000,90.37,79.78,99.03,84.83,65.6
3902000,92.43,80.94,99.03,84.37,66.55
3903000,93.14,80.22,98.56,83.41,67.29
3904000,94.57,81.66,99.63,83.75,66.82
3905000,93.65,80.95,100.76,82.05,67.43
3906000,92.4,80.94,100.76,82.09,67.61
3907000,92.64,80.93,102.57,80.56,68.09
3908000,92.06,80.93,102.34,79.84,68.79
3909000,91.11,82.56,100.54,78.66,69.49
3910000,91.12,83.72,101.89,78.81,71.01
3911000,91.43,83.6,101.43,78.83,71.51
3912000,92.95,85.08,99.83,78.59,69.79
3913000,93.42,86.57,99.89,78.59,70.22
3914000,93.6,86.32,99.32,79.11,70.6
3915000,92.88,86.22,100.72,78.93,70.6
3916000,90.59,87.07,100.48,78.84,70.35
3917000,90.61,86.02,100.48,76.39,70.52
3918000,91.85,86.32,100.21,75.33,70.53
3919000,92.3,85.26,97.99,73.64,71.25
3920000,92.96,85.26,98.42,74.6,69.92
3921000,94.16,85.64,98.42,75.32,69.19
3922000,94.16,85.64,99.12,75.44,69.76
3923000,94.58,86.81,99.16,74.69,69.76
3924000,95.77,87.67,100.36,74.52,71.16
3925000,95.77,88.38,100.36,75.24,71.22
3926000,97.95,89.25,101.42,76.28,69.39
3927000,97.99,89.29,101.04,76.28,69.39
3928000,99.02,89.53,100.77,76.06,69.74
3929000,95.68,89.06,98.22,76.29,67.43
3930000,96.46,89.98,98.19,77.02,67.31
3931000,95.68,91.32,98.92,76.66,67.55
3932000,94.58,90.36,99.84,77.69,66.93
3933000,93.14,87.96,100.64,77.69,67.46
3934000,91.74,88.2,100.09,79.32,67.77
3935000,92.35,87.48,100.09,80.46,69.09
3936000,93.32,87.74,102.2,81.18,67.87
3937000,93.3,88.52,100.28,81.18,66.94
3938000,92.36,87.48,97.95,82.84,67.65
3939000,92.61,88.42,98.61,82.84,66.93
3940000,93.27,88.42,97.44,82.82,67.61
3941000,92.58,87.38,98.59,83.3,66.83
3942000,93.94,84.17,99.78,83.54,68.41
3943000,92.78,84.17,99.78,83.96,67.89
3944000,92.81,85.69,101.27,83.98,67.2
3945000,92.9,86.63,101.27,82.53,66.98
3946000,92.35,86.59,100.36,82.56,67.63
3947000,93.03,86.14,100.36,82.25,68.26
3948000,94.11,86.38,101.9,83.4,68.76
3949000,94.51,86.38,100.61,80.89,69.23
3950000,94.26,86.4,98.6,80.42,68.17
3951000,94.94,86.89,97.89,80.52,69.17
3952000,95.1,87.59,98.82,80.42,68.47
3953000,95.1,87.82,99.23,81.41,69.01
3954000,94.89,87.84,98.76,81.2,68.83
3955000,93.61,87.88,98.76,82.35,68.39
3956000,94.56,87.58,99.97,81.72,67.99
3957000,94.83,87.58,100.53,81.06,67.74
3958000,95.48,90.03,100.53,81.32,68.16
3959000,96.77,91.0,100.06,79.78,66.53
3960000,96.77,91.96,101.72,79.59,66.53
3961000,97.25,92.74,101.97,79.07,65.72
3962000,97.63,94.28,103.64,78.37,67.11
3963000,97.42,94.28,104.34,79.5,67.87
3964000,94.86,95.71,105.46,79.73,68.08
3965000,92.83,95.15,105.29,78.3,67.04
3966000,92.55,94.13,105.29,79.28,66.98
3967000,93.38,94.13,106.62,79.76,66.98
3968000,93.38,95.53,107.57,80.54,67.94
3969000,94.32,95.54,107.13,80.54,69.3
3970000,92.5,96.11,108.5,82.94,69.13
3971000,90.6,97.52,108.73,82.46,68.61
3972000,91.08,98.25,109.2,82.32,69.12
3973000,91.47,98.93,110.24,82.57,70.39
3974000,91.92,97.95,109.83,83.53,69.25
3975000,90.83,98.46,110.54,82.03,68.19
3976000,90.36,99.42,110.3,82.82,68.86
3977000,86.46,98.44,111.13,82.82,69.82
3978000,87.2,99.14,109.58,84.5,69.8
3979000,87.19,99.14,106.93,83.81,69.9
3980000,86.84,102.51,106.23,83.74,70.13
3981000,86.84,102.74,106.23,85.13,70.85
3982000,88.03,99.97,107.92,84.91,69.55
3983000,85.67,101.45,107.69,85.23,70.69
3984000,84.83,101.45,107.97,85.23,69.77
3985000,85.35,102.0,107.97,87.38,69.8
3986000,84.8,101.55,108.63,88.54,69.8
3987000,83.3,101.15,107.35,88.8,70.93
3988000,83.3,100.68,108.06,89.5,69.12
3989000,83.3,100.09,107.45,86.3,69.35
3990000,85.52,100.09,107.19,86.36,68.93
3991000,86.45,101.21,107.76,86.85,69.87
3992000,86.87,101.21,107.44,86.36,69.5
3993000,87.85,102.53,107.25,87.77,70.29
3994000,87.08,104.09,107.26,88.35,70.68
3995000,87.84,104.76,106.95,88.59,70.28
3996000,88.62,105.33,106.93,88.75,69.88
3997000,88.58,104.88,106.63,88.75,70.84
3998000,90.16,105.37,106.58,88.77,71.9
3999000,90.62,103.97,103.8,89.96,72.61
4000000,90.16,103.97,103.38,89.95,73.43
4001000,89.69,104.92,101.61,90.13,73.47
4002000,88.96,104.68,101.38,89.36,72.75
4003000,89.67,104.35,101.38,86.52,73.73
4004000,90.31,106.0,100.9,86.62,72.9
4005000,89.84,105.84,101.38,83.16,73.26
4006000,89.84,105.3,100.39,82.48,73.11
4007000,89.84,103.84,100.88,81.8,73.61
4008000,91.51,103.71,100.48,80.87,74.03
4009000,90.38,104.76,98.29,81.59,73.52
4010000,90.11,104.76,98.39,81.33,73.25
4011000,90.36,106.18,98.53,79.36,73.78
4012000,90.42,106.17,99.02,80.33,73.86
4013000,90.42,106.17,99.96,81.75,74.59
4014000,91.94,105.18,98.33,81.5,74.25
4015000,92.06,106.32,96.4,81.58,74.25
4016000,91.44,105.73,97.11,81.58,76.07
4017000,91.44,104.15,97.08,82.31,75.19
4018000,91.07,105.05,97.32,82.53,73.04
4019000,91.78,106.98,96.83,82.1,74.08
4020000,90.05,106.73,97.75,82.72,74.33
4021000,91.01,108.48,97.75,82.31,73.95
4022000,92.09,107.31,99.18,82.31,72.61
4023000,89.0,108.73,99.18,83.4,73.19
4024000,89.96,109.54,100.84,83.6,70.91
4025000,88.51,109.08,101.72,83.6,70.65
4026000,87.53,110.47,103.57,84.42,71.36
4027000,89.03,111.51,103.62,85.38,70.61
4028000,89.8,111.99,101.67,85.38,71.74
4029000,88.98,111.02,99.86,87.07,70.99
4030000,89.43,109.91,100.34,86.76,70.99
4031000,89.31,108.87,101.45,87.09,70.64
4032000,89.0,108.87,99.07,87.29,71.43
4033000,88.02,110.05,100.37,87.29,70.94
4034000,87.36,109.33,98.22,88.65,70.04
4035000,87.64,109.76,97.57,90.04,70.76
4036000,88.84,110.7,97.57,90.42,70.24
4037000,88.16,107.84,98.4,91.77,71.67
4038000,88.46,106.88,98.4,91.77,71.63
4039000,88.46,107.63,100.8,92.5,72.45
4040000,89.66,107.63,100.32,92.5,72.3
4041000,88.69,106.63,100.09,93.14,72.73
4042000,89.88,106.26,98.44,91.69,71.86
4043000,90.47,106.97,97.06,92.75,72.59
4044000,90.9,108.03,96.32,92.06,71.63
4045000,90.39,108.01,96.58,93.09,70.67
4046000,90.39,108.01,96.76,92.44,71.49
4047000,90.98,108.11,94.81,91.01,70.77
4048000,91.65,108.8,94.92,90.11,71.68
4049000,91.5,109.04,95.59,89.39,70.89
4050000,91.04,109.75,97.37,89.91,71.61
4051000,91.04,108.8,97.96,89.97,70.86
4052000,92.46,108.39,98.44,88.03,70.5
4053000,93.31,108.4,97.24,86.6,70.01
4054000,92.56,108.85,96.04,87.34,71.34
4055000,92.75,107.72,95.05,86.27,71.36
4056000,93.64,103.47,95.54,86.28,69.92
4057000,93.55,103.24,95.23,87.01,70.88
4058000,89.67,104.1,95.04,87.04,72.05
4059000,88.84,103.18,93.86,86.1,71.83
4060000,88.84,101.54,93.44,85.86,71.35
4061000,90.51,101.64,94.33,86.12,71.15
4062000,90.9,101.91,94.66,87.32,70.61
4063000,90.9,100.64,93.81,87.63,72.0
4064000,93.64,100.64,93.88,83.24,71.51
4065000,93.64,100.12,93.89,82.77,71.16
4066000,93.88,99.44,93.89,82.77,71.17
4067000,93.44,97.15,95.56,83.23,71.48
4068000,93.66,97.51,96.07,83.7,71.66
4069000,92.51,96.69,97.6,83.62,72.89
4070000,91.08,96.72,97.6,84.28,73.06
4071000,92.59,92.85,98.67,85.56,72.12
4072000,91.16,91.37,99.87,85.75,73.1
4073000,91.2,91.14,100.16,87.16,73.87
4074000,90.95,91.14,98.76,86.21,72.84
4075000,89.33,92.81,97.53,85.96,73.51
4076000,88.61,90.54,98.47,84.53,74.25
4077000,88.61,88.61,98.47,85.01,74.83
4078000,91.44,89.08,98.83,83.19,74.83
4079000,91.44,90.28,100.09,82.71,75.68
4080000,93.11,88.24,98.16,81.52,75.68
4081000,93.17,87.72,98.4,81.1,76.69
4082000,93.37,89.08,99.6,82.1,77.92
4083000,94.32,89.08,99.5,81.56,77.92
4084000,94.32,90.6,99.95,81.75,77.96
4085000,94.25,88.59,97.6,81.75,77.73
4086000,94.74,89.84,97.38,82.71,78.68
4087000,94.74,88.38,98.07,83.4,79.54
4088000,94.97,87.97,97.13,83.4,79.39
4089000,95.64,87.21,97.13,83.28,79.15
4090000,95.64,86.52,99.05,83.28,79.19
4091000,95.89,84.14,99.67,84.43,79.19
4092000,95.89,84.63,97.5,83.81,80.86
4093000,97.27,84.05,96.79,81.88,80.69
4094000,96.79,84.05,97.02,82.48,82.11
4095000,96.79,85.19,94.98,81.77,81.86
4096000,98.93,81.83,94.32,81.92,82.34
4097000,98.93,81.83,94.83,79.65,82.72
4098000,101.06,83.51,94.46,78.55,83.04
4099000,102.42,82.6,95.11,78.78,83.19
4100000,101.41,83.31,96.07,78.78,82.93
4101000,98.56,82.72,96.29,77.56,83.46
4102000,97.92,82.12,93.54,77.77,82.97
4103000,99.31,82.12,92.24,75.75,83.46
4104000,99.31,81.72,92.24,76.41,83.34
4105000,101.31,81.72,94.4,75.47,84.05
4106000,101.31,82.57,91.04,76.44,82.41
4107000,102.35,82.79,88.4,76.95,82.89
4108000,103.58,80.64,89.13,77.2,82.42
4109000,102.89,79.25,89.35,78.1,81.13
4110000,104.26,79.25,89.84,77.42,79.25
4111000,105.26,79.74,89.39,76.46,80.35
4112000,105.26,80.17,88.63,76.9,81.53
4113000,105.68,80.19,90.25,77.89,81.3
4114000,104.2,81.37,90.81,75.95,81.66
4115000,103.7,79.65,90.81,75.95,80.1
4116000,104.38,79.65,92.36,77.23,80.1
4117000,104.38,82.21,91.33,78.16,80.79
4118000,106.04,82.93,91.33,78.35,82.68
4119000,105.34,83.89,92.46,78.1,79.88
4120000,105.81,84.13,90.79,78.58,79.16
4121000,106.77,83.99,90.8,79.74,79.63
4122000,107.9,83.99,91.75,79.81,79.86
4123000,107.9,85.21,92.31,80.05,81.37
4124000,107.99,85.92,91.11,78.99,82.56
4125000,107.79,86.3,92.95,78.99,82.52
4126000,107.08,85.93,92.95,80.23,81.9
4127000,105.48,86.05,92.55,79.83,82.56
4128000,105.49,85.55,93.56,78.91,81.55
4129000,106.44,85.55,95.16,79.37,81.37
4130000,106.69,87.41,95.16,80.09,81.62
4131000,106.55,86.96,95.33,78.44,80.42
4132000,106.07,87.04,95.86,78.63,80.65
4133000,106.07,86.82,95.86,77.19,79.71
4134000,107.98,88.3,96.13,77.22,79.89
4135000,106.05,86.71,96.94,77.3,79.07
4136000,105.89,87.77,96.7,78.02,78.47
4137000,106.68,88.42,96.7,78.02,74.95
4138000,106.35,88.42,97.68,78.33,75.66
4139000,106.85,89.76,96.44,78.61,74.98
4140000,108.22,89.76,95.59,77.97,75.91
4141000,106.87,90.47,95.59,77.96,75.91
4142000,106.87,89.58,98.21,77.71,74.06
4143000,105.27,90.31,98.39,78.91,74.34
4144000,104.19,91.41,98.39,76.72,73.15
4145000,103.26,91.78,99.59,75.31,74.59
4146000,103.26,92.5,99.59,73.9,75.29
4147000,105.61,92.96,101.23,70.19,74.84
4148000,105.61,92.96,101.5,70.46,73.8
4149000,106.56,93.45,103.12,70.46,73.8
4150000,106.39,93.94,102.08,72.7,72.14
4151000,106.06,93.94,103.52,69.73,71.98
4152000,105.54,93.57,103.27,68.41,72.57
4153000,105.32,92.19,102.64,67.46,72.32
4154000,104.99,93.56,102.2,65.8,72.32
4155000,107.09,94.36,102.67,64.11,74.4
4156000,104.11,93.27,102.19,61.96,72.33
4157000,104.11,93.04,101.1,62.23,70.98
4158000,104.97,93.04,101.96,62.94,70.42
4159000,106.21,93.69,102.63,63.16,70.8
4160000,106.21,95.35,103.04,62.7,72.0
4161000,107.17,95.85,102.98,63.57,72.34
4162000,105.05,96.09,102.76,64.54,73.72
4163000,103.37,96.72,103.12,65.54,73.49
4164000,102.81,96.61,102.0,66.03,73.49
4165000,104.11,96.69,101.73,64.34,74.49
4166000,103.47,96.69,101.78,65.26,74.87
4167000,103.11,97.15,101.78,66.73,75.53
4168000,103.11,96.93,102.72,67.16,75.52
4169000,103.51,97.09,103.45,66.98,75.25
4170000,103.93,97.08,103.45,67.53,73.67
4171000,103.93,96.87,104.37,68.0,73.77
4172000,99.38,97.3,102.51,68.7,71.82
4173000,99.51,97.29,102.94,69.43,73.05
4174000,100.96,97.34,103.73,66.96,73.27
4175000,100.96,97.03,103.72,68.48,72.68
4176000,103.06,97.29,102.78,68.33,73.32
4177000,103.06,96.55,102.78,67.23,73.31
4178000,105.01,96.55,104.51,65.57,74.01
4179000,106.48,97.94,104.51,65.72,74.22
4180000,106.72,97.84,106.34,67.29,72.36
4181000,107.16,98.76,107.25,67.79,72.53
4182000,107.59,99.39,108.48,68.65,73.4
4183000,105.75,100.99,105.55,68.39,73.1
4184000,106.8,101.19,105.55,68.41,73.97
4185000,105.84,102.62,105.55,68.88,74.2
4186000,105.84,101.49,108.6,69.71,72.55
4187000,109.21,101.49,109.96,68.99,73.03
4188000,110.37,102.26,109.96,69.04,72.21
4189000,109.17,100.47,109.73,70.21,72.27
4190000,107.51,99.03,109.32,70.45,73.68
4191000,107.51,99.74,109.42,70.71,74.63
4192000,107.51,99.63,108.15,70.71,75.34
4193000,110.48,99.62,107.68,70.64,76.43
4194000,108.25,99.68,107.47,71.37,75.99
4195000,109.4,98.17,107.47,72.53,76.54
4196000,109.06,98.42,109.27,72.73,77.57
4197000,107.16,97.66,108.66,73.43,77.57
4198000,107.96,97.66,108.66,73.67,77.77
4199000,107.96,98.61,110.19,74.18,77.08
4200000,106.61,99.59,110.19,74.24,77.31
4201000,106.61,97.08,110.87,73.76,78.0
4202000,107.01,97.56,111.99,75.28,77.26
4203000,107.28,97.54,110.72,75.28,77.04
4204000,108.76,98.7,110.98,76.47,77.04
4205000,109.24,99.65,110.98,77.64,78.27
4206000,109.91,99.66,111.91,76.91,77.28
4207000,109.91,98.19,110.77,78.78,77.83
4208000,112.31,99.63,110.8,78.55,77.6
4209000,112.31,99.46,108.78,79.25,77.85
4210000,112.31,99.39,107.5,80.74,78.35
4211000,114.63,100.4,108.62,80.74,77.61
4212000,116.32,99.12,107.12,80.74,76.89
4213000,116.03,99.85,106.68,80.2,75.29
4214000,114.87,99.61,103.53,80.2,76.0
4215000,114.87,99.14,103.53,82.6,77.85
4216000,115.04,100.24,104.8,82.9,78.91
4217000,115.04,98.91,102.66,83.13,78.58
4218000,114.56,98.74,100.6,83.02,80.15
4219000,114.95,96.87,99.86,83.49,79.51
4220000,115.91,95.68,99.53,83.49,78.91
4221000,116.66,96.48,100.04,86.3,79.86
4222000,117.1,95.98,99.87,87.51,78.92
4223000,117.1,96.11,100.44,87.51,78.44
4224000,115.56,97.04,102.03,88.95,79.28
4225000,114.91,97.69,102.19,89.51,78.78
4226000,113.67,97.69,102.19,90.9,79.43
4227000,115.14,97.17,102.28,92.34,80.86
4228000,116.34,97.92,102.11,93.06,79.94
4229000,116.34,96.33,101.98,93.75,80.47
4230000,117.79,93.11,101.98,93.76,79.83
4231000,118.38,92.59,103.73,90.62,80.75
4232000,119.26,92.59,105.62,90.41,80.84
4233000,120.75,92.9,105.86,88.73,80.84
4234000,120.75,91.21,105.86,90.42,81.1
4235000,119.16,91.21,107.1,91.38,80.62
4236000,119.16,92.67,107.1,91.59,81.01
4237000,119.61,92.67,108.0,89.72,80.46
4238000,119.81,94.41,108.51,89.72,80.46
4239000,119.81,91.75,108.51,86.2,79.99
4240000,122.64,91.51,108.21,85.68,79.99
4241000,123.66,90.44,108.21,86.51,81.36
4242000,123.66,90.47,108.63,87.45,81.36
4243000,125.56,90.61,109.18,86.26,81.43
4244000,124.87,90.41,109.25,86.5,81.7
4245000,123.1,90.41,109.38,86.51,80.51
4246000,122.9,90.21,110.17,87.65,81.22
4247000,122.97,86.97,109.45,87.99,81.47
4248000,122.32,86.97,108.5,87.32,81.75
4249000,122.32,87.25,108.97,86.99,82.11
4250000,122.01,86.97,109.15,87.89,82.32
4251000,122.85,86.33,108.85,87.89,83.03
4252000,123.54,87.28,109.33,87.45,84.77
4253000,124.06,87.92,110.55,87.94,84.04
4254000,123.3,87.92,111.07,88.3,81.64
4255000,123.3,89.28,111.09,89.24,81.17
4256000,122.84,90.23,112.05,89.44,80.77
4257000,123.85,91.43,109.77,90.03,81.49
4258000,123.85,91.45,109.77,89.54,81.09
4259000,123.23,91.45,110.94,88.57,79.46
4260000,123.53,92.76,110.5,88.86,80.9
4261000,121.7,92.09,111.1,89.33,79.85
4262000,120.74,91.16,112.11,89.4,79.66
4263000,119.34,91.19,111.92,89.06,80.88
4264000,118.87,91.16,111.77,88.39,79.76
4265000,118.87,89.67,112.68,89.12,79.28
4266000,120.31,90.37,109.77,89.12,79.26
4267000,119.33,91.1,109.58,90.1,77.03
4268000,116.92,91.52,109.09,89.73,76.77
4269000,116.34,92.22,110.53,89.97,77.73
4270000,112.75,90.87,109.26,90.17,77.66
4271000,112.9,89.43,110.22,88.6,78.57
4272000,112.9,89.43,109.96,86.72,79.29
4273000,114.05,90.14,108.53,86.73,78.58
4274000,114.05,91.13,107.5,85.84,77.94
4275000,112.46,90.4,104.95,86.57,78.26
4276000,112.94,90.48,104.95,87.29,78.88
4277000,113.79,89.1,104.95,86.61,77.52
4278000,114.69,90.06,106.06,85.21,78.46
4279000,115.65,90.87,105.66,84.72,78.46
4280000,114.77,89.85,106.02,84.0,76.74
4281000,114.77,89.21,105.96,85.2,77.22
4282000,116.45,90.18,106.63,85.03,76.94
4283000,114.07,90.89,105.67,85.35,75.19
4284000,115.24,90.94,106.38,85.12,74.01
4285000,115.24,92.12,106.84,86.68,74.01
4286000,117.15,92.66,108.71,86.69,75.01
4287000,116.02,92.66,108.52,84.65,75.98
4288000,116.02,93.85,108.22,84.17,75.98
4289000,116.21,95.04,106.96,83.52,77.07
4290000,116.21,93.61,106.72,83.77,77.74
4291000,110.52,94.67,107.01,81.84,78.36
4292000,109.57,96.25,107.01,81.6,78.9
4293000,110.49,95.6,110.29,82.06,79.59
4294000,109.86,95.15,109.23,81.78,80.7
4295000,108.92,93.97,109.92,83.0,80.03
4296000,105.41,95.57,108.7,82.77,79.09
4297000,106.27,95.57,107.34,82.77,79.58
4298000,104.34,97.06,106.88,84.43,80.25
4299000,103.86,97.77,107.04,83.45,81.21
4300000,103.77,98.74,107.23,83.63,81.91
4301000,104.68,99.15,107.6,82.5,81.43
4302000,105.44,99.06,107.5,81.78,81.43
4303000,105.2,99.71,107.73,81.78,81.48
4304000,105.2,99.71,106.54,84.08,81.45
4305000,105.12,101.42,106.54,84.36,81.68
4306000,104.26,99.86,107.98,84.71,82.39
4307000,102.64,100.65,109.67,84.68,81.93
4308000,102.15,100.65,109.67,86.19,82.83
4309000,100.89,103.47,108.3,85.91,83.76
4310000,99.75,102.99,108.3,86.5,85.02
4311000,99.75,101.98,107.74,85.27,84.78
4312000,98.87,101.5,107.98,85.27,84.29
4313000,95.04,101.5,107.1,86.64,84.16
4314000,94.45,102.16,105.7,87.17,84.28
4315000,94.45,102.37,106.38,86.12,83.56
4316000,95.41,103.8,105.23,83.89,83.1
4317000,95.86,103.03,105.23,84.57,84.0
4318000,95.47,102.31,105.23,82.49,84.24
4319000,95.72,100.25,107.62,83.67,85.25
4320000,94.92,100.25,107.42,82.75,85.25
4321000,94.34,101.67,108.83,82.0,85.25
4322000,94.37,102.16,107.55,81.7,87.69
4323000,96.76,101.46,108.68,82.53,87.67
4324000,95.25,101.7,109.02,82.98,85.64
4325000,96.18,102.34,109.04,80.82,85.91
4326000,95.6,103.27,110.09,79.52,85.44
4327000,93.16,98.69,109.5,76.54,86.23
4328000,93.16,97.74,110.93,76.3,87.59
4329000,93.36,97.27,108.9,75.83,88.3
4330000,95.02,97.55,108.73,75.4,87.06
4331000,94.92,95.09,109.61,76.1,86.61
4332000,95.6,95.51,109.26,76.53,87.57
4333000,95.6,94.99,109.26,75.94,87.33
4334000,95.6,94.99,109.5,77.17,88.99
4335000,95.37,96.21,108.54,76.12,89.24
4336000,95.37,96.21,108.71,75.39,89.51
4337000,96.8,97.52,108.71,75.87,90.45
4338000,97.48,97.52,108.46,75.58,90.67
4339000,97.91,99.99,108.95,75.74,90.64
4340000,97.04,99.46,108.78,75.27,89.64
4341000,97.33,99.24,107.1,74.72,89.4
4342000,98.77,99.32,107.82,74.72,88.0
4343000,96.2,99.17,106.91,76.32,87.04
4344000,94.44,100.97,107.5,75.84,87.79
4345000,95.8,100.98,109.19,77.05,85.91
4346000,94.92,101.72,108.99,77.29,85.91
4347000,96.58,101.24,109.25,77.77,87.85
4348000,95.64,100.99,108.52,77.77,89.93
4349000,95.35,101.28,108.75,79.33,91.44
4350000,96.59,101.77,110.72,79.44,91.2
4351000,95.37,101.5,110.72,79.44,90.28
4352000,95.32,101.04,110.4,79.05,90.29
4353000,92.57,99.11,110.89,80.45,89.57
4354000,92.32,100.05,111.62,78.51,89.44
4355000,90.74,99.6,112.15,78.77,87.54
4356000,90.74,98.9,112.81,78.39,86.51
4357000,92.84,99.82,112.1,78.39,87.24
4358000,92.28,99.33,110.54,80.07,87.31
4359000,93.77,98.51,111.79,77.53,86.35
4360000,94.45,98.03,112.03,76.86,86.1
4361000,94.45,98.03,111.69,77.31,86.97
4362000,96.61,98.05,111.61,77.32,87.01
4363000,96.06,96.72,110.5,77.56,87.71
4364000,96.43,96.72,110.06,77.52,86.17
4365000,96.43,98.28,111.26,78.23,87.09
4366000,98.35,97.29,110.31,78.25,87.35
4367000,100.49,96.37,109.12,76.86,86.49
4368000,100.73,94.93,110.07,74.52,86.72
4369000,99.61,94.74,110.04,74.87,87.03
4370000,101.0,94.73,111.49,74.96,87.5
4371000,102.58,94.58,110.04,72.92,88.15
4372000,102.64,94.88,108.43,73.29,87.42
4373000,102.64,95.4,109.3,73.68,86.77
4374000,104.02,94.2,109.31,74.07,86.77
4375000,105.54,94.85,108.85,75.23,87.22
4376000,105.54,95.29,108.73,76.08,86.58
4377000,106.02,92.17,109.75,76.85,86.83
4378000,106.86,93.39,110.0,77.34,87.32
4379000,107.25,88.91,109.77,75.89,87.32
4380000,106.52,88.99,109.48,77.09,88.8
4381000,107.28,87.8,111.01,77.57,88.8
4382000,105.53,87.8,111.75,77.57,89.49
4383000,104.93,89.0,111.55,78.31,89.97
4384000,105.61,89.2,111.55,78.82,89.33
4385000,105.61,89.38,111.83,79.54,89.57
4386000,106.45,90.82,111.78,79.54,89.1
4387000,106.45,87.83,111.3,80.53,90.45
4388000,107.83,87.83,108.3,80.58,88.08
4389000,108.96,88.12,108.3,80.09,86.58
4390000,110.39,86.9,105.47,81.23,86.96
4391000,110.39,87.86,105.47,81.23,87.64
4392000,111.84,87.86,104.52,82.14,87.64
4393000,110.02,88.99,104.52,80.69,87.01
4394000,110.61,90.91,103.56,79.41,86.11
4395000,110.73,88.56,103.56,77.57,86.15
4396000,109.05,87.72,103.99,76.26,84.6
4397000,109.49,87.47,104.16,75.83,85.07
4398000,109.49,87.61,102.02,73.92,83.84
4399000,111.07,86.7,102.55,74.39,84.08
4400000,111.78,83.52,99.2,75.26,81.63
4401000,111.78,83.36,99.1,75.78,82.02
4402000,111.93,83.47,99.1,75.78,83.47
4403000,112.61,82.32,98.63,75.28,83.91
4404000,110.1,80.62,96.51,73.84,84.42
4405000,109.31,79.74,96.4,70.94,83.98
4406000,108.52,81.17,97.13,70.0,84.92
4407000,109.48,79.59,97.22,69.76,85.52
4408000,109.29,79.24,98.21,70.45,85.39
4409000,109.68,79.2,96.05,70.45,86.69
4410000,108.66,78.73,96.05,72.42,86.96
4411000,109.83,79.63,97.44,71.88,87.92
4412000,109.74,79.85,97.86,70.98,88.89
4413000,109.74,78.99,98.53,70.65,86.2
4414000,109.73,79.0,98.3,70.65,86.68
4415000,110.61,77.96,98.36,72.06,85.31
4416000,107.84,77.18,96.33,72.53,86.38
4417000,107.84,77.18,96.08,72.54,87.26
4418000,108.84,78.43,94.4,72.98,87.32
4419000,109.06,77.48,94.4,72.27,87.32
4420000,109.9,77.12,96.26,72.29,89.54
4421000,112.04,77.12,95.61,71.8,89.52
4422000,109.47,77.06,93.11,72.53,89.32
4423000,110.04,77.33,92.91,72.86,90.43
4424000,110.04,77.84,92.91,73.38,91.16
4425000,111.49,78.04,92.84,72.88,92.85
4426000,113.42,76.84,90.96,72.03,91.65
4427000,112.55,76.76,90.96,73.67,92.45
4428000,113.0,77.0,91.54,74.4,91.97
4429000,114.52,76.9,92.65,73.76,91.89
4430000,113.52,77.87,92.37,74.01,92.37
4431000,112.9,78.09,93.68,76.23,92.6
4432000,111.7,78.79,93.11,74.4,92.46
4433000,112.44,77.67,92.4,75.11,92.62
4434000,111.06,77.57,92.4,73.67,91.99
4435000,112.27,76.25,95.27,73.61,91.2
4436000,112.24,76.49,94.97,72.76,89.95
4437000,112.95,76.49,95.02,72.75,90.67
4438000,110.65,78.87,95.29,70.78,89.68
4439000,110.73,80.32,94.84,71.07,88.34
4440000,106.69,81.61,95.42,70.37,86.47
4441000,107.36,81.61,94.68,69.78,87.58
4442000,106.88,83.97,95.2,69.84,87.56
4443000,106.88,83.89,96.85,70.12,87.56
4444000,105.25,84.59,96.39,71.29,87.05
4445000,105.31,83.88,95.91,71.72,86.62
4446000,105.25,84.2,96.61,71.5,87.09
4447000,105.83,84.37,96.84,71.5,83.73
4448000,107.15,85.73,97.53,72.26,83.49
4449000,107.15,84.28,97.53,72.51,83.49
4450000,107.49,85.47,98.02,72.53,84.18
4451000,102.53,86.46,98.02,72.75,83.55
4452000,101.58,87.31,96.99,73.49,84.58
4453000,103.38,85.0,96.82,75.32,85.34
4454000,103.29,82.64,96.13,75.93,85.34
4455000,102.03,83.74,96.22,76.12,85.13
4456000,102.52,81.82,97.22,77.3,83.43
4457000,103.34,83.15,96.56,77.32,84.0
4458000,103.19,83.85,96.54,77.65,84.42
4459000,105.12,84.01,98.69,78.58,84.17
4460000,103.95,85.54,98.2,77.04,84.89
4461000,102.77,85.54,98.2,77.04,84.5
4462000,102.83,85.82,100.17,75.97,84.55
4463000,101.19,85.76,100.03,75.74,85.51
4464000,101.19,86.17,98.11,76.15,84.32
4465000,100.62,86.17,96.98,75.67,82.82
4466000,101.07,88.01,96.15,76.26,82.09
4467000,101.3,88.01,97.74,75.11,82.63
4468000,101.71,87.42,97.63,75.54,82.63
4469000,102.53,88.86,99.28,75.07,83.59
4470000,103.41,89.79,97.76,75.5,83.37
4471000,103.13,90.28,97.17,75.01,82.54
4472000,100.54,90.28,97.2,75.0,82.34
4473000,100.54,90.92,96.97,74.77,79.98
4474000,102.2,90.6,95.3,75.64,79.26
4475000,100.73,90.69,95.63,75.49,80.67
4476000,100.53,93.22,95.63,75.75,81.27
4477000,100.67,93.75,95.1,74.4,81.04
4478000,100.44,94.0,95.1,74.4,81.09
4479000,101.35,94.0,93.17,73.95,79.22
4480000,101.91,94.9,93.54,73.47,77.9
4481000,100.18,96.16,94.16,73.58,74.35
4482000,100.75,96.86,94.83,74.11,74.35
4483000,100.75,97.15,94.38,74.84,73.52
4484000,101.95,96.54,95.34,75.94,73.42
4485000,102.51,97.08,96.25,77.46,74.81
4486000,103.04,96.05,96.02,76.22,74.54
4487000,103.03,96.52,96.03,75.74,75.03
4488000,101.19,97.99,97.0,76.46,74.72
4489000,100.57,96.98,94.15,77.35,74.53
4490000,99.42,96.98,95.35,75.66,75.01
4491000,99.93,98.42,96.2,75.19,75.84
4492000,100.65,98.18,97.41,75.91,76.55
4493000,98.78,99.5,98.96,76.28,76.55
4494000,98.78,99.5,98.4,76.34,78.1
4495000,100.96,101.28,97.81,75.5,77.86
4496000,100.96,101.28,98.98,75.98,77.9
4497000,100.92,101.32,99.48,75.89,79.1
4498000,101.36,101.32,99.8,75.63,78.77
4499000,100.13,101.29,98.85,76.1,78.6
4500000,100.55,101.29,99.59,76.67,79.99
4501000,100.8,103.93,100.0,77.07,80.07
4502000,100.1,104.9,101.25,77.31,78.32
4503000,100.57,104.9,98.73,77.3,78.57
4504000,101.53,107.01,96.1,77.26,78.34
4505000,102.7,107.01,96.1,78.22,77.84
4506000,102.77,108.31,97.75,76.06,78.12
4507000,102.77,107.12,97.75,77.26,75.78
4508000,105.2,107.61,99.41,78.46,73.5
4509000,106.16,107.81,99.26,78.46,74.17
4510000,105.82,107.82,99.16,79.75,74.42
4511000,107.03,108.26,99.45,79.99,74.75
4512000,106.79,107.84,99.45,80.71,75.35
4513000,105.98,108.88,100.92,81.6,74.12
4514000,105.75,107.78,100.45,81.88,73.27
4515000,106.98,108.67,100.45,81.88,74.95
4516000,106.98,106.94,100.77,82.34,75.37
4517000,108.07,104.78,100.01,81.82,76.09
4518000,108.31,103.59,101.14,81.65,76.87
4519000,109.03,103.37,101.86,81.9,77.75
4520000,109.76,102.67,101.08,81.78,77.75
4521000,111.12,103.2,100.24,81.78,78.33
4522000,109.9,102.36,99.76,82.29,77.93
4523000,109.61,102.92,98.81,82.42,77.98
4524000,108.24,102.92,99.79,84.05,78.1
4525000,107.28,103.71,100.49,82.94,77.44
4526000,107.28,103.71,99.93,82.94,78.0
4527000,106.03,103.95,98.43,83.93,75.65
4528000,107.25,103.95,98.43,84.64,74.59
4529000,107.37,104.97,99.83,84.53,75.61
4530000,107.86,105.43,99.0,84.13,77.06
4531000,109.0,105.43,97.14,84.6,77.3
4532000,109.0,107.22,97.72,84.12,78.25
4533000,109.18,107.18,97.76,84.97,78.96
4534000,108.76,107.18,96.97,86.36,77.11
4535000,109.38,108.48,98.73,86.79,76.61
4536000,108.66,109.44,99.4,87.31,76.84
4537000,107.02,110.16,100.34,87.63,77.39
4538000,107.96,110.01,99.88,89.09,77.69
4539000,107.62,110.04,98.58,89.54,77.92
4540000,109.14,110.04,97.92,87.14,78.58
4541000,108.64,111.33,97.96,87.4,78.14
4542000,108.64,111.33,99.16,87.04,79.28
4543000,106.41,112.43,99.16,87.3,77.93
4544000,106.6,113.87,98.72,86.79,77.39
4545000,106.68,113.88,100.16,86.79,77.39
4546000,106.68,113.88,100.81,88.07,77.55
4547000,107.1,115.45,101.54,87.06,76.76
4548000,107.42,115.29,100.46,87.13,77.28
4549000,108.88,114.09,98.84,86.41,77.76
4550000,108.42,114.58,98.3,84.87,77.81
4551000,108.42,114.58,99.88,85.77,76.13
4552000,110.27,114.64,99.88,85.77,76.09
4553000,110.31,114.91,101.58,85.51,74.63
4554000,109.87,114.37,99.4,85.04,75.42
4555000,108.7,114.84,99.4,85.51,74.93
4556000,108.7,115.99,100.45,86.21,72.72
4557000,110.77,114.13,99.34,84.99,72.74
4558000,111.63,111.38,99.1,85.22,72.74
4559000,112.27,110.66,99.82,85.27,72.59
4560000,113.56,110.46,98.54,84.95,72.95
4561000,113.62,110.68,98.54,85.76,73.96
4562000,113.73,109.72,98.39,85.2,75.14
4563000,113.34,109.9,97.87,85.26,74.93
4564000,113.4,109.07,96.82,84.11,76.01
4565000,111.38,110.03,96.82,83.67,75.2
4566000,111.12,110.27,98.97,82.28,73.91
4567000,111.12,112.03,98.97,81.57,72.48
4568000,112.48,112.03,99.89,80.86,73.88
4569000,112.54,113.41,101.05,81.56,74.43
4570000,111.71,112.06,101.05,80.59,74.19
4571000,112.98,111.39,100.95,78.8,74.19
4572000,111.7,109.46,100.52,78.52,74.01
4573000,112.17,106.16,99.83,78.77,73.48
4574000,112.17,105.46,99.59,78.36,72.99
4575000,113.23,103.93,99.08,77.67,71.92
4576000,111.65,98.12,100.39,78.2,72.03
4577000,112.86,98.62,100.63,77.97,72.47
4578000,112.88,96.43,102.44,78.73,73.67
4579000,114.08,94.79,102.44,78.73,72.43
4580000,113.62,94.79,101.76,78.6,72.73
4581000,113.95,95.01,99.33,79.1,72.43
4582000,113.83,94.05,99.55,78.17,72.84
4583000,112.72,95.25,99.89,77.93,73.85
4584000,112.67,95.25,100.0,76.98,73.12
4585000,112.22,96.35,99.99,77.93,74.89
4586000,110.33,97.45,97.55,78.07,74.64
4587000,108.4,97.45,95.63,79.25,74.39
4588000,108.4,97.44,95.63,78.81,75.54
4589000,108.75,98.64,97.81,78.82,75.54
4590000,108.99,99.36,97.32,79.27,75.53
4591000,108.17,99.06,96.77,80.12,75.41
4592000,108.75,99.29,96.77,79.65,75.56
4593000,109.83,99.02,98.47,79.5,75.09
4594000,109.83,99.04,98.11,80.25,76.03
4595000,105.49,97.9,98.11,77.83,76.97
4596000,105.49,97.57,99.42,76.28,76.86
4597000,106.01,96.86,99.42,75.09,76.38
4598000,104.98,96.14,98.11,75.49,78.06
4599000,104.56,94.64,98.11,75.8,78.13
4600000,105.06,95.51,99.13,75.57,76.25
4601000,105.06,96.36,99.82,74.56,77.32
4602000,108.01,96.67,99.17,74.04,77.45
4603000,107.85,95.74,98.69,73.13,76.09
4604000,106.67,95.74,98.74,73.35,74.81
4605000,105.27,96.92,100.16,73.15,74.81
4606000,105.27,94.97,100.88,74.14,73.86
4607000,107.18,93.76,100.39,73.51,74.73
4608000,106.77,94.16,100.89,74.26,74.73
4609000,105.34,93.92,100.89,75.48,75.99
4610000,105.34,90.57,99.94,72.52,75.99
4611000,107.59,91.09,100.41,73.23,77.2
4612000,107.12,87.79,100.43,71.81,76.5
4613000,108.14,87.24,101.09,71.8,77.38
4614000,108.62,85.43,102.04,72.81,77.37
4615000,108.62,84.94,102.54,73.55,78.24
4616000,109.07,84.25,102.51,74.38,76.59
4617000,109.26,84.97,102.51,74.47,75.72
4618000,109.26,84.97,104.4,75.65,75.94
4619000,109.82,86.83,105.82,76.36,75.23
4620000,109.3,87.42,105.82,76.36,76.58
4621000,108.81,86.7,107.16,76.86,76.8
4622000,109.53,86.71,106.84,75.5,76.32
4623000,109.73,86.71,106.84,76.04,77.57
4624000,109.73,89.6,106.84,76.84,78.74
4625000,112.42,90.03,108.13,77.32,79.24
4626000,112.43,91.36,108.13,77.53,79.55
4627000,112.96,89.21,108.69,78.08,80.47
4628000,112.77,88.96,109.3,79.51,80.47
4629000,112.77,88.87,110.12,79.89,82.25
4630000,112.77,89.59,110.78,80.13,82.52
4631000,112.68,88.87,110.2,80.13,82.08
4632000,113.12,88.01,110.43,81.65,82.08
4633000,113.12,87.02,110.43,81.42,83.39
4634000,113.93,87.02,110.98,81.9,81.01
4635000,115.13,87.77,111.47,81.59,82.88
4636000,115.13,88.28,112.71,82.35,82.44
4637000,115.28,89.7,112.71,80.79,83.15
4638000,115.51,90.17,112.71,80.0,83.4
4639000,115.97,90.42,112.86,80.57,84.37
4640000,116.7,90.52,113.9,80.81,84.36
4641000,118.62,92.37,114.37,79.88,83.15
4642000,118.62,91.69,113.27,79.46,84.55
4643000,116.45,93.09,113.94,80.66,85.04
4644000,115.02,93.09,115.36,80.66,85.92
4645000,115.24,94.6,115.36,82.06,85.38
4646000,114.28,96.11,117.21,82.52,84.61
4647000,113.56,96.53,116.61,80.64,85.47
4648000,115.62,95.99,116.13,80.26,85.47
4649000,115.9,96.48,117.11,79.79,84.64
4650000,116.58,96.96,115.36,77.72,82.46
4651000,116.58,96.96,115.16,78.21,82.46
4652000,116.58,97.95,113.06,77.49,82.71
4653000,116.81,98.14,114.5,78.55,83.47
4654000,116.14,95.96,114.5,77.39,84.19
4655000,117.44,96.25,115.25,77.87,84.63
4656000,117.44,95.86,115.49,78.57,82.9
4657000,117.43,95.21,116.34,79.52,81.97
4658000,118.23,93.4,116.57,79.99,81.77
4659000,118.47,93.15,115.88,79.94,81.05
4660000,118.47,94.61,115.64,80.02,82.05
4661000,118.77,94.0,115.88,79.25,80.82
4662000,118.77,94.35,114.59,79.79,80.82
4663000,120.67,94.56,114.59,80.94,82.29
4664000,120.66,95.25,115.52,80.83,82.54
4665000,119.49,94.67,115.62,81.54,83.19
4666000,119.5,94.84,114.8,81.54,84.46
4667000,119.5,94.47,114.79,81.89,85.39
4668000,120.13,94.32,113.86,82.37,84.73
4669000,120.06,93.26,113.86,83.54,85.69
4670000,120.19,93.9,114.79,83.54,87.37
4671000,120.17,93.15,116.68,83.44,84.74
4672000,120.17,93.15,114.74,81.75,85.22
4673000,122.1,94.0,114.74,81.75,84.04
4674000,122.1,94.41,115.94,83.28,84.86
4675000,122.05,94.41,116.46,83.26,85.07
4676000,122.05,95.54,114.75,83.26,85.87
4677000,124.05,95.3,114.75,85.15,84.83
4678000,124.95,95.28,114.57,83.95,84.65
4679000,124.33,95.28,114.77,83.72,86.32
4680000,124.02,96.2,113.5,84.37,86.56
4681000,123.89,96.99,113.62,82.53,86.95
4682000,120.24,96.77,112.35,82.29,86.6
4683000,120.72,97.94,111.47,82.81,87.32
4684000,120.72,97.59,112.17,82.83,86.81
4685000,124.38,97.59,112.06,82.83,84.68
4686000,125.49,99.09,111.85,83.51,84.25
4687000,125.45,98.37,111.86,84.69,83.85
4688000,125.45,97.64,112.18,85.41,84.97
4689000,124.23,96.02,112.18,85.56,84.61
4690000,124.23,95.71,113.38,84.37,83.23
4691000,124.95,97.06,113.86,83.88,83.38
4692000,122.15,97.56,114.59,83.88,83.24
4693000,122.39,94.81,114.59,83.56,81.72
4694000,119.5,94.61,115.94,83.7,81.72
4695000,119.34,94.49,115.11,84.15,82.44
4696000,119.86,95.44,113.02,83.14,81.95
4697000,117.46,94.96,112.59,82.37,82.92
4698000,117.25,96.11,112.59,80.78,83.39
4699000,116.97,95.24,110.12,80.69,83.63
4700000,116.26,94.75,108.95,80.76,83.75
4701000,114.88,94.78,105.47,80.9,83.3
4702000,114.25,94.15,105.47,80.87,81.31
4703000,114.85,93.24,107.16,80.82,80.83
4704000,114.4,92.53,106.43,81.78,79.59
4705000,114.24,92.75,106.43,79.02,80.61
4706000,114.67,90.34,108.07,77.36,81.99
4707000,114.71,86.45,108.4,78.3,83.09
4708000,114.71,85.67,108.48,78.73,83.09
4709000,113.51,86.38,108.48,79.77,83.23
4710000,112.09,85.92,110.4,80.98,83.23
4711000,110.41,86.61,111.8,81.67,84.25
4712000,111.17,88.14,111.0,81.19,83.61
4713000,110.74,87.95,109.32,82.41,80.8
4714000,107.76,87.7,109.56,82.72,81.25
4715000,107.42,88.89,108.22,82.46,79.71
4716000,107.19,86.65,106.04,82.92,80.76
4717000,107.21,86.65,107.19,82.53,80.76
4718000,107.21,87.85,108.61,82.97,81.78
4719000,107.21,88.59,109.32,84.13,82.64
4720000,108.51,89.09,110.4,84.13,82.64
4721000,107.77,88.87,110.64,82.27,81.59
4722000,108.63,88.87,111.11,82.74,81.94
4723000,108.01,90.81,112.69,82.78,80.69
4724000,108.93,91.2,112.75,82.78,80.88
4725000,108.61,91.85,112.52,83.19,81.73
4726000,109.76,91.71,109.97,83.51,81.97
4727000,107.94,92.4,109.91,82.34,79.74
4728000,107.94,90.96,109.18,82.58,81.09
4729000,108.97,91.33,108.99,82.76,78.48
4730000,106.89,92.18,109.16,81.8,79.68
4731000,106.44,92.18,109.97,80.05,79.92
4732000,107.32,92.14,109.97,80.25,77.75
4733000,107.32,92.94,112.05,80.29,77.75
4734000,105.86,92.81,109.24,80.25,76.27
4735000,107.08,93.33,110.2,81.01,77.71
4736000,105.47,92.83,108.87,80.65,78.62
4737000,104.6,93.36,108.88,77.82,78.86
4738000,103.0,95.0,108.88,77.82,76.95
4739000,103.0,95.24,110.77,78.8,76.95
4740000,103.97,95.24,110.77,79.39,78.24
4741000,103.97,97.67,110.98,79.61,76.4
4742000,102.84,96.36,108.64,78.23,77.25
4743000,102.84,94.57,108.64,79.55,77.24
4744000,104.76,93.03,109.63,80.71,77.68
4745000,105.29,93.67,109.63,79.42,77.04
4746000,104.04,94.16,111.07,77.68,77.04
4747000,104.04,94.4,111.4,77.35,78.24
4748000,104.04,94.4,111.65,76.86,79.68
4749000,103.11,95.12,112.86,76.61,80.51
4750000,104.54,95.31,113.33,76.03,79.19
4751000,102.29,94.34,112.61,74.81,78.64
4752000,102.31,95.13,112.61,75.46,78.03
4753000,102.72,94.62,112.5,75.55,78.03
4754000,102.34,96.16,113.72,74.24,80.04
4755000,102.41,96.55,112.92,73.75,79.82
4756000,103.6,96.87,112.95,74.98,78.83
4757000,103.81,94.77,112.9,75.63,77.64
4758000,105.25,95.26,113.83,76.82,76.99
4759000,106.35,95.5,113.83,77.31,77.65
4760000,103.26,95.3,113.08,78.52,77.94
4761000,103.26,94.41,115.06,78.52,80.1
4762000,104.12,94.35,115.06,79.3,77.84
4763000,104.12,94.35,116.29,78.03,77.11
4764000,105.08,95.43,115.78,77.84,77.86
4765000,106.3,96.32,115.96,76.47,76.41
4766000,107.48,96.81,115.35,77.66,77.32
4767000,107.48,96.33,115.08,78.48,78.05
4768000,107.47,96.08,115.79,79.44,76.94
4769000,107.89,95.9,116.37,79.67,76.7
4770000,106.68,96.19,115.66,79.04,77.9
4771000,106.67,96.9,114.98,78.82,78.62
4772000,107.71,97.15,114.98,78.67,79.58
4773000,108.23,97.39,116.05,78.7,79.04
4774000,107.68,98.59,116.29,78.7,80.48
4775000,106.72,99.23,113.57,80.38,80.5
4776000,107.48,99.95,113.57,78.92,81.06
4777000,107.63,99.69,113.69,79.39,80.05
4778000,107.39,99.11,113.69,79.65,81.0
4779000,107.39,100.08,115.61,79.19,80.51
4780000,106.96,100.67,116.3,79.53,81.33
4781000,108.0,102.12,117.45,79.98,81.34
4782000,107.23,103.31,117.45,78.82,82.29
4783000,107.05,102.28,117.7,79.47,83.57
4784000,104.08,101.59,117.7,80.17,84.53
4785000,103.4,99.46,119.62,78.16,85.07
4786000,102.99,99.46,120.08,77.92,85.1
4787000,101.94,99.95,121.01,79.04,86.31
4788000,102.56,99.23,121.58,79.93,87.08
4789000,102.42,98.68,121.73,79.93,85.01
4790000,103.18,96.93,121.0,80.61,86.59
4791000,103.18,96.93,121.0,81.34,86.4
4792000,100.4,97.16,122.43,81.35,86.4
4793000,101.11,97.16,124.11,81.22,87.49
4794000,100.71,98.58,122.14,82.9,86.52
4795000,101.17,97.32,121.98,83.62,86.96
4796000,102.53,97.65,122.94,84.11,88.16
4797000,102.53,97.16,121.31,85.31,88.2
4798000,102.99,97.66,121.25,84.93,88.92
4799000,102.99,98.86,120.33,86.57,89.13
4800000,103.49,99.12,121.29,87.52,86.99
4801000,104.41,99.4,121.29,86.91,88.27
4802000,104.49,99.86,121.29,86.91,88.03
4803000,101.62,97.22,123.4,88.6,88.53
4804000,102.29,97.22,123.66,89.55,90.43
4805000,102.29,98.02,122.73,89.03,89.34
4806000,103.2,99.22,123.22,89.46,89.99
4807000,102.48,100.38,119.65,89.93,89.42
4808000,101.03,101.1,120.37,89.99,88.66
4809000,99.91,100.86,120.37,89.75,89.92
4810000,101.33,100.88,120.61,89.02,89.68
4811000,102.1,100.64,120.61,89.61,89.59
4812000,100.18,97.33,121.49,89.38,90.14
4813000,98.41,96.81,121.49,89.38,88.93
4814000,100.66,96.94,123.06,91.06,87.65
4815000,101.67,98.32,124.43,91.06,88.15
4816000,99.98,98.23,123.61,91.38,88.95
4817000,99.18,98.37,123.61,91.13,89.13
4818000,100.58,97.68,125.8,91.56,86.88
4819000,101.38,97.68,124.43,92.07,85.11
4820000,101.38,96.22,124.43,91.92,84.63
4821000,101.38,96.36,125.39,91.21,83.95
4822000,102.17,96.11,126.17,92.39,85.38
4823000,102.17,96.1,124.25,93.7,85.03
4824000,103.76,94.26,125.47,94.19,84.5
4825000,104.48,93.45,123.78,93.87,86.13
4826000,103.47,94.62,120.9,94.28,86.36
4827000,102.79,94.86,119.03,94.15,88.34
4828000,102.72,95.59,118.5,94.5,85.89
4829000,103.28,95.59,118.5,94.5,86.69
4830000,103.47,96.31,119.25,93.85,86.68
4831000,100.91,96.31,120.46,93.6,86.87
4832000,100.91,97.95,118.86,90.5,86.57
4833000,101.63,97.95,119.57,91.84,87.45
4834000,103.99,100.06,117.64,92.28,88.65
4835000,99.38,100.78,117.99,92.28,88.41
4836000,100.03,100.58,117.99,93.71,87.91
4837000,98.94,100.58,118.67,94.89,87.91
4838000,99.71,99.57,117.99,94.34,88.09
4839000,99.71,98.74,116.2,93.54,89.55
4840000,98.88,98.96,116.2,92.71,87.53
4841000,99.81,99.68,118.31,92.47,87.36
4842000,100.3,99.66,115.9,93.16,85.55
4843000,100.64,100.08,112.97,92.44,80.81
4844000,102.13,100.08,111.99,92.33,80.81
4845000,102.57,101.05,112.49,89.74,80.8
4846000,103.04,100.79,113.15,90.44,78.64
4847000,102.3,102.46,114.58,89.5,79.4
4848000,101.76,102.39,115.55,90.21,78.52
4849000,102.49,101.91,115.71,90.21,78.52
4850000,103.65,103.59,116.68,89.34,78.02
4851000,101.63,103.59,116.68,90.3,77.78
4852000,102.45,103.32,117.7,89.87,77.64
4853000,100.91,103.93,116.75,89.63,76.4
4854000,102.4,103.93,116.7,89.63,74.7
4855000,102.4,105.11,118.13,91.05,74.86
4856000,103.73,105.27,117.8,91.94,75.34
4857000,103.66,105.26,117.8,93.01,75.29
4858000,105.08,104.79,117.29,93.1,74.82
4859000,106.17,104.51,116.57,92.62,74.58
4860000,105.42,104.3,116.58,91.95,75.24
4861000,107.1,104.77,117.9,91.52,74.75
4862000,108.73,104.99,117.9,91.52,75.22
4863000,109.94,105.23,117.9,92.71,75.87
4864000,109.94,105.33,119.82,94.14,76.57
4865000,111.05,104.44,117.94,94.37,73.52
4866000,111.59,105.88,117.94,94.37,73.7
4867000,110.52,106.36,116.38,95.26,73.24
4868000,111.18,106.63,116.38,94.45,73.15
4869000,110.66,106.63,113.16,92.99,72.66
4870000,110.36,107.37,113.02,92.01,73.62
4871000,109.41,106.9,113.6,90.83,73.38
4872000,109.41,105.46,108.96,91.73,73.43
4873000,109.63,105.51,109.41,91.73,74.2
4874000,111.26,106.0,109.41,92.21,74.62
4875000,111.26,106.46,110.56,90.74,74.35
4876000,111.52,105.97,109.47,91.19,73.9
4877000,111.46,106.29,109.05,90.58,73.03
4878000,107.64,106.77,109.08,91.68,73.66
4879000,107.29,107.69,108.85,90.71,73.57
4880000,107.29,106.5,106.01,90.71,73.52
4881000,108.36,107.22,105.61,93.48,74.96
4882000,110.02,108.93,106.86,92.56,75.44
4883000,110.03,108.22,104.68,92.56,73.93
4884000,110.03,108.22,106.41,90.63,73.93
4885000,112.71,106.64,106.41,90.43,75.58
4886000,111.57,106.64,107.4,89.47,74.2
4887000,110.78,109.28,108.12,90.43,73.51
4888000,110.7,108.82,104.08,90.62,73.51
4889000,110.6,108.69,104.08,90.82,73.44
4890000,111.65,109.41,103.7,90.82,73.9
4891000,110.22,108.82,103.27,92.48,73.9
4892000,106.82,108.32,105.2,92.48,74.28
4893000,105.81,107.67,103.29,93.6,75.0
4894000,105.93,108.39,103.29,93.53,72.75
4895000,107.36,109.48,105.43,92.8,72.75
4896000,101.49,109.48,106.16,93.25,72.81
4897000,102.37,110.06,105.68,93.42,73.29
4898000,99.74,110.46,104.74,93.61,73.99
4899000,98.36,111.04,104.95,92.71,74.14
4900000,98.96,110.33,103.76,93.62,73.19
4901000,99.26,112.25,103.84,94.1,72.48
4902000,99.34,112.3,104.99,94.31,70.49
4903000,98.65,112.3,104.99,95.15,71.21
4904000,100.48,113.62,106.65,96.17,70.18
4905000,100.51,113.18,108.18,95.72,69.56
4906000,101.94,113.91,109.38,96.58,70.83
4907000,101.94,114.15,109.54,95.84,71.18
4908000,100.51,114.15,111.4,95.64,71.42
4909000,100.63,116.17,109.56,94.45,71.77
4910000,100.63,117.12,109.56,94.24,70.84
4911000,101.26,116.42,109.76,94.22,71.18
4912000,101.26,116.9,110.48,94.92,71.42
4913000,101.44,118.1,110.17,96.11,71.0
4914000,101.68,117.38,110.82,96.2,71.49
4915000,101.8,116.83,110.82,97.14,71.21
4916000,101.6,115.23,112.23,97.14,69.51
4917000,103.06,114.47,112.85,96.86,69.51
4918000,102.6,113.28,111.68,97.35,71.2
4919000,99.47,114.19,112.65,97.79,71.53
4920000,99.47,113.6,113.23,97.6,72.72
4921000,101.31,113.6,113.03,97.6,73.62
4922000,103.0,113.85,111.83,99.73,72.21
4923000,103.0,111.49,112.14,99.56,73.27
4924000,103.21,113.7,112.34,100.73,70.9
4925000,103.06,113.33,113.54,101.16,70.92
4926000,103.06,113.33,113.87,101.88,70.28
4927000,102.8,113.09,114.82,100.3,70.34
4928000,104.54,113.59,112.93,101.26,71.0
4929000,105.34,112.18,112.78,99.89,69.8
4930000,105.72,112.18,111.82,99.64,70.08
4931000,105.31,113.62,113.06,98.48,70.56
4932000,105.04,111.08,112.34,98.01,66.83
4933000,105.04,111.96,111.79,98.43,67.32
4934000,105.29,110.89,111.77,97.56,66.34
4935000,104.74,110.18,111.11,97.79,65.61
4936000,104.26,109.73,110.39,97.67,66.11
4937000,101.66,110.08,111.19,96.22,66.74
4938000,101.31,110.36,111.24,95.71,66.26
4939000,101.31,111.06,111.24,95.71,66.84
4940000,101.31,111.89,112.36,93.0,65.66
4941000,104.43,111.89,112.36,92.42,64.83
4942000,104.43,113.29,112.78,93.59,64.71
4943000,106.15,113.29,108.02,93.94,65.55
4944000,107.0,113.7,109.12,94.45,65.21
4945000,107.97,113.95,110.4,94.98,65.9
4946000,109.34,113.69,111.37,92.83,66.31
4947000,109.01,114.43,109.87,93.59,67.02
4948000,109.97,113.14,110.63,92.9,67.91
4949000,108.54,113.14,110.82,93.03,67.92
4950000,109.01,114.25,111.36,94.17,68.61
4951000,108.53,114.87,111.07,93.48,68.12
4952000,109.96,115.26,111.07,93.48,69.51
4953000,106.83,115.26,112.03,92.79,70.09
4954000,105.96,113.51,112.03,93.04,70.56
4955000,106.99,113.26,112.38,90.48,70.56
4956000,106.99,113.12,111.46,90.91,72.72
4957000,108.89,111.08,111.95,88.6,73.67
4958000,108.42,113.35,113.46,88.79,72.95
4959000,106.73,111.69,112.72,88.07,73.49
4960000,106.73,110.49,112.17,87.23,74.09
4961000,108.72,111.69,112.01,85.89,72.39
4962000,107.27,111.71,111.24,85.62,73.17
4963000,108.04,110.37,110.87,85.79,73.17
4964000,108.04,110.37,110.31,86.27,73.45
4965000,109.32,110.29,108.39,85.9,73.45
4966000,109.89,108.39,108.39,86.54,74.28
4967000,109.89,107.92,109.62,87.05,73.7
4968000,111.79,108.79,109.1,87.66,73.7
4969000,111.79,108.53,109.22,88.12,75.03
4970000,113.42,109.24,104.84,86.96,74.95
4971000,115.07,110.07,105.58,87.9,74.29
4972000,115.07,110.57,105.3,86.48,75.82
4973000,115.29,111.94,104.36,86.11,76.45
4974000,116.35,112.53,103.68,86.52,75.68
4975000,116.58,111.92,103.16,86.52,72.78
4976000,116.84,112.64,104.7,86.73,72.78
4977000,118.28,112.99,103.82,86.49,74.93
4978000,118.38,112.19,103.09,87.71,74.06
4979000,119.34,112.19,100.15,85.57,74.78
4980000,119.3,112.19,99.67,86.13,74.75
4981000,118.34,115.97,98.86,87.33,75.03
4982000,119.06,115.56,98.86,85.47,75.03
4983000,119.06,114.67,101.97,85.47,76.1
4984000,121.78,114.17,101.04,86.98,75.33
4985000,121.04,112.95,100.97,86.98,76.05
4986000,122.46,113.21,101.59,85.54,77.51
4987000,122.39,113.17,100.89,84.26,77.51
4988000,123.82,113.17,99.44,82.66,78.88
4989000,125.31,113.55,99.65,82.21,77.97
4990000,126.45,111.94,99.65,81.54,79.18
4991000,125.58,111.61,99.48,81.06,80.52
4992000,125.58,111.61,98.02,81.27,80.99
4993000,126.29,112.09,97.9,82.9,81.21
4994000,126.9,111.84,98.16,82.66,81.2
4995000,125.47,111.26,98.85,83.87,82.23
4996000,124.99,110.53,97.43,83.88,82.91
4997000,123.52,110.53,95.49,82.25,80.17
4998000,123.41,111.06,91.63,82.86,80.19
4999000,124.95,109.86,91.37,83.11,78.72
