step,seed1,seed2,seed3,seed4,seed5
1000,0.34,0.37,0.505618,0.34,0.4623656
2000,0.33,0.42,0.43,0.42,0.31
3000,0.26,0.49,0.38,0.29,0.31
4000,0.29,0.39,0.3,0.32,0.37
5000,0.39,0.38,0.46,0.39,0.39
6000,0.42,0.41,0.34,0.33,0.5
7000,0.41,0.32,0.35,0.39,0.38
8000,0.49,0.4,0.4,0.42,0.33
9000,0.47,0.37,0.37,0.4,0.28
10000,0.4,0.33,0.41,0.37,0.39
11000,0.28,0.53,0.38,0.48,0.44
12000,0.42,0.38,0.36,0.46,0.25
13000,0.29,0.37,0.47,0.51,0.43
14000,0.48,0.43,0.35,0.32,0.38
15000,0.39,0.38,0.39,0.27,0.3
16000,0.4,0.38,0.4,0.37,0.35
17000,0.31,0.3,0.27,0.35,0.49
18000,0.43,0.46,0.36,0.41,0.61
19000,0.43,0.45,0.37,0.46,0.32
20000,0.43,0.44,0.26,0.48,0.33
21000,0.36,0.46,0.48,0.38,0.29
22000,0.52,0.45,0.62,0.47,0.44
23000,0.48,0.42,0.51,0.58,0.47
24000,0.37,0.44,0.38,0.5,0.54
25000,0.52,0.57,0.4,0.31,0.42
26000,0.39,0.41,0.4,0.46,0.52
27000,0.44,0.49,0.51,0.44,0.44
28000,0.46,0.44,0.42,0.63,0.34
29000,0.43,0.46,0.46,0.56,0.39
30000,0.49,0.39,0.49,0.39,0.58
31000,0.45,0.59,0.47,0.55,0.53
32000,0.37,0.41,0.5,0.45,0.6
33000,0.45,0.65,0.54,0.56,0.49
34000,0.4,0.44,0.44,0.57,0.5
35000,0.35,0.45,0.49,0.53,0.38
36000,0.46,0.58,0.45,0.53,0.41
37000,0.52,0.53,0.46,0.33,0.38
38000,0.49,0.62,0.47,0.32,0.34
39000,0.51,0.49,0.39,0.46,0.51
40000,0.4,0.48,0.63,0.46,0.51
41000,0.43,0.43,0.47,0.51,0.48
42000,0.36,0.55,0.5,0.49,0.48
43000,0.52,0.4,0.49,0.53,0.32
44000,0.38,0.39,0.64,0.57,0.48
45000,0.44,0.39,0.58,0.49,0.48
46000,0.55,0.46,0.51,0.45,0.48
47000,0.66,0.53,0.38,0.59,0.45
48000,0.56,0.56,0.4,0.49,0.42
49000,0.43,0.63,0.46,0.52,0.44
50000,0.4,0.46,0.54,0.34,0.53
51000,0.54,0.56,0.48,0.48,0.3
52000,0.53,0.56,0.42,0.54,0.49
53000,0.57,0.53,0.64,0.48,0.5
54000,0.38,0.56,0.59,0.51,0.63
55000,0.44,0.57,0.55,0.6,0.63
56000,0.56,0.63,0.46,0.46,0.42
57000,0.33,0.61,0.71,0.44,0.5
58000,0.33,0.54,0.45,0.64,0.39
59000,0.45,0.49,0.49,0.64,0.68
60000,0.46,0.52,0.42,0.55,0.66
61000,0.54,0.61,0.56,0.59,0.48
62000,0.55,0.59,0.65,0.6,0.55
63000,0.57,0.4,0.66,0.38,0.45
64000,0.52,0.5,0.72,0.59,0.46
65000,0.49,0.42,0.66,0.49,0.5
66000,0.55,0.49,0.55,0.55,0.54
67000,0.52,0.58,0.66,0.4,0.58
68000,0.45,0.56,0.5,0.47,0.43
69000,0.51,0.7,0.49,0.51,0.51
70000,0.54,0.62,0.54,0.56,0.58
71000,0.53,0.53,0.5,0.53,0.54
72000,0.74,0.49,0.54,0.57,0.42
73000,0.65,0.7,0.48,0.61,0.51
74000,0.69,0.67,0.62,0.63,0.69
75000,0.56,0.53,0.6,0.53,0.68
76000,0.63,0.64,0.55,0.65,0.57
77000,0.62,0.51,0.65,0.49,0.6
78000,0.49,0.59,0.46,0.45,0.57
79000,0.53,0.59,0.5,0.43,0.55
80000,0.64,0.5,0.64,0.54,0.71
81000,0.66,0.62,0.55,0.54,0.59
82000,0.65,0.52,0.66,0.63,0.65
83000,0.64,0.65,0.57,0.57,0.68
84000,0.64,0.51,0.55,0.71,0.69
85000,0.74,0.55,0.76,0.67,0.75
86000,0.55,0.49,0.64,0.66,0.64
87000,0.59,0.56,0.72,0.69,0.57
88000,0.71,0.65,0.87,0.61,0.51
89000,0.51,0.63,0.65,0.66,0.7
90000,0.68,0.61,0.7,0.68,0.71
91000,0.64,0.77,0.88,0.7,0.57
92000,0.62,0.58,0.8,0.66,0.38
93000,0.64,0.63,0.88,0.65,0.59
94000,0.66,0.65,0.88,0.73,0.52
95000,0.42,0.64,0.71,0.63,0.53
96000,0.58,0.62,0.63,0.47,0.57
97000,0.62,0.69,0.56,0.55,0.72
98000,0.64,0.67,0.62,0.62,0.64
99000,0.65,0.73,0.59,0.64,0.55
100000,0.5,0.72,0.67,0.55,0.64
101000,0.58,0.53,0.72,0.68,0.77
102000,0.6,0.61,0.52,0.63,0.64
103000,0.54,0.76,0.59,0.64,0.71
104000,0.47,0.8,0.59,0.75,0.83
105000,0.61,0.94,0.62,0.81,0.6
106000,0.6,0.72,0.81,0.72,0.63
107000,0.65,0.8,0.61,0.67,0.52
108000,0.7,0.83,0.65,0.6,0.61
109000,0.81,0.75,0.61,0.78,0.63
110000,0.79,0.72,0.65,0.64,0.8
111000,0.66,0.52,0.72,0.78,0.76
112000,0.55,0.75,0.82,0.63,0.54
113000,0.62,0.78,0.58,0.76,0.75
114000,0.67,0.65,0.75,0.77,0.73
115000,0.74,0.65,0.84,0.49,0.76
116000,0.7,0.69,0.8,0.71,0.72
117000,0.76,0.77,0.75,0.96,0.75
118000,0.87,0.85,0.59,0.79,0.82
119000,0.75,0.82,0.71,0.69,0.73
120000,0.68,0.88,0.71,0.59,0.84
121000,0.56,0.78,0.72,0.65,0.78
122000,0.81,0.63,0.69,0.84,0.6
123000,0.83,0.73,0.73,0.77,0.87
124000,0.71,0.76,0.71,0.81,0.75
125000,0.82,0.75,0.86,0.71,0.61
126000,0.65,0.65,0.97,0.7,0.68
127000,0.78,0.78,0.73,0.71,0.79
128000,0.8,0.81,0.63,0.83,0.66
129000,0.89,0.81,0.68,0.83,0.62
130000,0.58,0.79,0.83,0.73,0.62
131000,0.73,0.79,0.8,0.78,0.63
132000,0.6,0.82,0.77,0.86,0.74
133000,0.76,0.56,0.7,0.86,0.69
134000,0.74,0.64,0.74,0.82,0.86
135000,0.72,0.62,0.65,0.86,0.98
136000,0.83,0.77,0.76,0.72,0.72
137000,0.8,0.71,0.78,0.82,0.83
138000,0.82,0.83,0.69,0.91,0.92
139000,0.83,0.79,0.87,0.87,0.91
140000,0.85,0.69,0.88,0.74,0.92
141000,0.77,0.8,0.91,0.78,0.93
142000,0.8,1.0,0.8,0.65,0.89
143000,0.85,0.94,0.84,0.57,0.74
144000,0.73,0.94,0.74,0.68,0.89
145000,0.79,0.97,0.9,0.8,1.01
146000,0.83,0.84,0.72,0.84,0.86
147000,0.98,0.78,0.78,0.82,0.99
148000,0.95,0.66,1.0,0.72,1.21
149000,0.82,0.71,0.83,0.84,0.89
150000,0.78,0.94,0.86,0.89,0.88
151000,0.75,0.92,0.87,0.98,0.96
152000,0.83,0.76,0.89,0.97,1.1
153000,0.66,0.77,0.81,0.96,1.15
154000,0.79,1.12,0.71,1.0,0.81
155000,0.95,1.03,0.87,0.98,0.78
156000,0.96,0.8,0.87,0.93,0.82
157000,0.95,0.85,0.82,0.85,0.86
158000,1.08,1.06,0.85,0.95,1.01
159000,1.01,0.97,0.71,0.71,1.0
160000,0.85,0.86,0.83,0.85,0.92
161000,0.93,0.95,1.0,1.02,0.91
162000,0.98,0.81,1.0,0.88,0.86
163000,0.97,0.87,0.76,0.86,0.77
164000,1.01,0.99,0.88,0.87,0.88
165000,0.87,1.12,0.77,0.83,1.11
166000,0.97,0.86,0.78,0.84,0.91
167000,0.94,0.93,0.85,0.85,0.86
168000,0.71,0.92,0.93,0.87,0.89
169000,0.88,0.89,0.94,0.96,0.8
170000,1.01,0.79,0.95,1.12,0.9
171000,0.87,0.94,0.85,1.01,0.95
172000,0.84,1.13,0.77,0.95,0.72
173000,1.06,1.01,0.81,0.87,0.87
174000,1.04,1.03,0.82,0.89,0.98
175000,1.0,0.95,1.0,0.95,1.09
176000,1.04,0.84,1.17,1.03,0.84
177000,0.95,1.02,0.83,0.62,0.73
178000,0.89,0.98,0.91,0.81,1.02
179000,0.77,0.8,0.96,1.17,1.04
180000,1.02,0.99,1.01,1.13,0.99
181000,0.97,0.95,1.06,1.09,1.14
182000,1.16,0.95,0.97,0.97,0.87
183000,1.12,0.93,0.84,0.93,0.86
184000,0.87,0.94,0.99,0.88,0.9
185000,0.95,0.81,1.11,0.95,0.99
186000,0.9,0.93,1.07,0.83,0.97
187000,0.97,1.15,1.12,1.04,1.15
188000,1.22,0.98,0.85,1.15,1.03
189000,1.1,1.05,0.93,1.0,1.12
190000,1.07,1.02,1.18,0.97,1.19
191000,0.97,1.0,1.0,1.13,1.25
192000,0.99,1.11,0.98,1.12,1.34
193000,1.14,0.98,0.94,1.06,1.14
194000,1.21,0.93,0.94,1.24,0.73
195000,1.11,1.1,1.06,1.1,0.97
196000,1.0,1.03,1.07,1.17,1.23
197000,1.11,1.14,1.0,1.29,1.3
198000,1.3,1.01,1.1,1.16,1.07
199000,1.32,0.86,1.19,1.24,1.16
200000,1.14,0.82,1.34,1.31,1.04
201000,1.21,1.12,1.12,1.26,0.99
202000,1.34,1.14,1.02,1.09,0.94
203000,1.44,1.2,0.93,1.11,1.04
204000,1.44,1.42,1.06,1.23,0.99
205000,1.32,1.46,1.26,1.31,1.12
206000,0.9,1.21,1.25,1.04,1.23
207000,1.04,1.07,1.14,1.2,1.1
208000,1.17,1.18,1.26,1.23,1.18
209000,1.13,1.11,1.27,1.19,1.15
210000,1.41,1.09,1.22,1.27,1.18
211000,1.4,1.2,1.3,1.46,1.12
212000,1.11,1.25,1.07,1.38,1.17
213000,1.04,1.05,1.13,1.18,1.28
214000,1.11,1.01,1.16,1.27,0.98
215000,1.14,1.13,1.15,1.54,0.97
216000,1.25,1.17,1.21,1.39,1.13
217000,1.28,1.03,1.37,1.13,1.18
218000,1.15,1.07,1.46,1.18,1.18
219000,1.29,1.16,1.16,1.41,1.11
220000,1.19,1.34,1.2,1.66,1.11
221000,1.19,1.34,1.24,1.51,1.21
222000,1.34,1.14,1.24,1.13,1.27
223000,1.31,1.28,1.41,1.04,1.32
224000,1.25,1.41,1.45,1.22,1.37
225000,1.24,1.25,1.39,1.36,1.56
226000,1.27,1.28,1.2,1.44,1.36
227000,1.29,1.51,1.32,1.18,1.33
228000,1.22,1.45,1.33,1.16,1.34
229000,1.23,1.35,1.26,1.41,1.25
230000,1.25,1.44,1.32,1.54,1.39
231000,1.12,1.26,1.34,1.15,1.52
232000,1.05,1.31,1.39,1.26,1.43
233000,1.24,1.25,1.27,1.59,1.19
234000,1.26,1.24,1.11,1.61,1.27
235000,1.14,1.31,1.26,1.2,1.35
236000,1.27,1.21,1.5,1.29,1.38
237000,1.3,1.17,1.45,1.41,1.33
238000,1.29,1.25,1.21,1.13,1.32
239000,1.28,1.29,1.05,1.34,1.0
240000,1.29,1.47,1.2,1.42,1.07
241000,1.01,1.37,1.46,1.1,1.39
242000,1.23,1.52,1.66,1.1,1.6
243000,1.52,1.53,1.67,1.17,1.49
244000,1.4,1.29,1.71,1.14,1.23
245000,1.38,1.23,1.8,1.25,1.41
246000,1.31,1.12,1.88,1.4,1.44
247000,1.23,1.12,1.65,1.45,1.56
248000,1.31,1.39,1.39,1.28,1.55
249000,1.53,1.54,1.48,1.18,1.45
250000,1.77,1.59,1.25,1.26,1.4
251000,1.64,1.36,1.22,1.14,1.41
252000,1.36,1.31,1.45,1.16,1.16
253000,1.62,1.51,1.67,1.22,1.23
254000,1.53,1.54,1.55,1.3,1.42
255000,1.32,1.67,1.49,1.38,1.43
256000,1.48,1.59,1.33,1.41,1.46
257000,1.49,1.68,1.3,1.31,1.38
258000,1.42,1.38,1.51,1.34,1.51
259000,1.42,1.23,1.52,1.23,1.53
260000,1.3,1.3,1.59,1.25,1.49
261000,1.57,1.42,1.45,1.56,1.45
262000,1.67,1.4,1.21,1.43,1.4
263000,1.5,1.63,1.43,1.3,1.41
264000,1.27,1.62,1.46,1.55,1.59
265000,1.38,1.74,1.39,1.59,1.65
266000,1.53,1.65,1.52,1.5,1.52
267000,1.39,1.54,1.67,1.44,1.25
268000,1.58,1.62,1.53,1.38,1.36
269000,1.8,1.64,1.59,1.33,1.63
270000,1.71,1.61,1.42,1.31,1.72
271000,1.81,1.69,1.47,1.41,1.51
272000,1.94,1.53,1.59,1.5,1.47
273000,1.99,1.5,1.56,1.76,1.53
274000,1.8,1.44,1.77,1.84,1.54
275000,1.59,1.53,1.72,1.85,1.59
276000,1.67,1.72,1.73,1.67,1.33
277000,1.69,1.9,1.65,1.61,1.39
278000,1.83,1.84,1.67,1.81,1.67
279000,1.78,1.88,1.59,1.8,2.06
280000,1.89,1.93,1.67,1.43,2.15
281000,1.91,1.73,1.88,1.38,1.94
282000,1.87,1.45,1.86,1.64,1.84
283000,1.73,1.65,1.74,1.69,1.86
284000,1.74,1.59,1.78,1.73,1.64
285000,1.9,1.7,1.5,1.73,1.47
286000,1.92,1.83,1.3,1.82,1.8
287000,1.81,1.73,1.31,1.74,2.02
288000,2.01,1.68,1.57,1.52,1.97
289000,2.17,1.71,1.75,1.6,1.95
290000,2.19,1.79,1.42,1.6,1.74
291000,2.17,1.87,1.56,1.54,1.65
292000,2.09,1.91,1.62,1.68,1.83
293000,2.09,1.9,1.79,1.7,2.01
294000,2.11,1.9,1.9,1.62,1.96
295000,2.06,1.98,1.75,2.03,1.7
296000,1.99,1.89,1.68,2.05,1.68
297000,1.88,1.74,1.59,2.38,1.86
298000,1.77,1.75,1.7,2.22,2.12
299000,1.74,1.82,2.0,1.93,1.68
300000,1.84,1.87,2.02,1.8,1.46
301000,1.81,1.87,1.69,1.94,1.55
302000,1.76,1.94,1.61,1.67,1.78
303000,1.97,1.59,1.85,1.61,2.02
304000,2.17,1.68,1.83,1.89,2.1
305000,2.33,1.64,1.95,2.15,2.08
306000,2.26,2.04,1.99,2.13,2.37
307000,2.06,1.74,2.21,2.14,2.38
308000,2.06,1.86,2.27,2.08,2.08
309000,1.89,1.87,2.33,2.0,1.91
310000,2.03,2.02,2.28,2.1,1.77
311000,2.0,2.1,2.24,2.14,2.03
312000,1.9,2.1,2.19,2.19,2.04
313000,2.05,1.88,2.04,2.1,2.16
314000,2.11,1.97,2.05,2.17,2.29
315000,2.31,1.94,1.91,2.29,2.13
316000,2.22,2.12,2.09,2.18,2.23
317000,2.31,2.4,1.87,2.29,2.17
318000,2.47,2.47,1.98,2.22,2.37
319000,2.49,2.61,1.78,2.3,2.36
320000,2.14,2.56,1.82,2.26,2.38
321000,2.02,2.61,1.74,2.14,2.05
322000,2.09,2.02,1.64,2.01,1.95
323000,2.11,2.09,1.63,2.06,2.25
324000,2.09,2.16,1.67,1.91,2.45
325000,2.2,2.55,1.88,1.98,2.5
326000,2.51,2.66,2.12,2.0,2.35
327000,2.83,2.63,2.29,2.22,2.34
328000,2.78,2.3,2.3,2.19,2.26
329000,2.73,2.33,2.31,2.18,2.06
330000,2.37,2.33,2.25,2.28,2.12
331000,2.34,2.53,2.16,2.24,2.05
332000,2.19,2.57,2.05,2.27,2.22
333000,2.17,2.55,2.04,2.23,2.22
334000,2.19,2.37,2.0,2.13,2.23
335000,1.88,2.36,2.2,2.07,2.29
336000,1.91,2.41,2.52,1.85,2.44
337000,2.01,2.36,2.79,2.02,2.54
338000,2.25,2.7,2.84,2.08,2.52
339000,2.19,2.75,2.96,2.25,2.32
340000,2.25,2.82,2.66,2.42,2.28
341000,2.35,2.37,2.77,2.53,2.22
342000,2.4,2.3,2.67,2.49,2.13
343000,2.23,2.38,2.49,2.38,2.27
344000,2.2,2.51,2.51,2.45,2.2
345000,2.34,2.62,2.21,2.47,2.38
346000,2.37,2.74,2.18,2.72,2.58
347000,2.48,2.67,2.2,2.63,2.6
348000,2.49,2.87,2.19,2.48,2.74
349000,2.54,2.82,2.18,2.59,2.59
350000,2.57,2.71,2.24,2.53,2.52
351000,2.83,2.61,2.42,2.72,2.59
352000,2.54,2.22,2.49,2.5,2.62
353000,2.75,2.34,2.7,2.02,2.84
354000,2.6,2.27,2.7,2.15,2.82
355000,2.51,2.61,2.57,2.18,2.65
356000,2.47,2.79,2.32,2.41,2.6
357000,2.34,2.85,2.48,2.59,2.47
358000,2.79,2.89,2.75,2.62,2.65
359000,2.61,2.67,3.09,2.63,2.87
360000,2.46,2.71,3.24,2.47,2.66
361000,2.44,2.65,3.27,2.19,2.8
362000,2.53,2.95,3.12,2.53,2.8
363000,2.69,2.78,2.65,2.29,2.75
364000,2.77,2.71,2.4,2.56,3.11
365000,2.9,2.62,2.41,2.77,3.09
366000,2.93,2.47,2.46,2.96,3.12
367000,2.99,2.51,2.46,2.81,3.17
368000,2.57,2.69,2.49,2.62,3.19
369000,2.43,2.8,2.44,2.48,3.23
370000,2.44,3.03,2.63,2.63,3.17
371000,2.58,2.91,2.45,2.9,2.85
372000,2.85,2.82,2.56,3.16,2.68
373000,3.1,2.7,2.94,3.17,2.86
374000,3.34,2.83,3.04,3.29,2.83
375000,3.27,2.8,2.82,3.18,2.72
376000,3.07,2.94,2.71,2.78,2.7
377000,3.22,2.92,2.53,2.8,2.66
378000,3.17,2.8,2.8,2.56,2.74
379000,3.22,2.9,2.87,2.8,3.03
380000,3.22,3.15,3.1,3.02,3.14
381000,3.16,3.26,3.06,2.96,3.21
382000,3.18,3.46,3.18,3.0,3.38
383000,3.22,3.53,3.23,2.85,3.29
384000,3.16,3.29,3.13,2.96,3.22
385000,3.24,3.16,3.27,3.14,2.72
386000,3.12,2.94,3.3,3.3,2.66
387000,3.12,2.96,3.66,3.26,2.82
388000,3.29,3.16,3.63,3.06,2.95
389000,3.31,3.11,3.31,2.99,3.22
390000,3.54,3.16,3.36,3.13,3.36
391000,3.49,3.23,3.1,3.43,3.45
392000,3.71,3.22,3.11,3.7,3.3
393000,3.66,3.56,3.01,3.77,3.41
394000,3.37,3.68,3.06,3.93,3.39
395000,3.18,3.69,3.16,3.8,3.2
396000,3.19,3.73,2.92,3.76,2.96
397000,3.34,3.58,3.19,3.56,3.0
398000,3.54,3.45,3.14,3.47,3.02
399000,3.65,3.37,3.05,3.6,3.09
400000,3.78,3.05,3.12,3.74,3.03
401000,3.67,3.07,3.28,3.78,2.79
402000,3.79,3.13,3.08,3.94,2.88
403000,3.6,3.37,3.33,3.82,3.09
404000,3.58,3.59,3.49,3.64,3.23
405000,3.27,3.8,3.58,3.38,3.41
406000,3.17,3.88,3.5,3.19,3.47
407000,3.28,3.95,3.57,3.19,3.26
408000,3.32,3.73,3.41,3.2,3.32
409000,3.79,3.71,3.25,3.31,3.31
410000,3.93,3.71,3.44,3.46,3.49
411000,3.75,3.52,3.32,3.49,3.5
412000,3.75,3.63,3.44,3.48,3.69
413000,3.83,3.72,3.41,3.58,3.76
414000,3.77,3.35,3.5,3.71,3.8
415000,3.56,3.45,3.44,3.63,3.7
416000,3.74,3.28,3.49,3.88,3.68
417000,3.57,3.36,3.63,4.03,3.53
418000,3.55,3.35,3.63,3.93,3.48
419000,3.63,3.4,3.63,3.92,3.53
420000,3.92,3.38,3.81,3.8,3.37
421000,3.91,3.43,3.68,3.89,3.07
422000,4.04,3.57,3.8,3.94,3.16
423000,4.12,3.74,4.0,4.12,3.08
424000,4.13,3.94,4.19,4.0,3.39
425000,4.02,4.07,3.94,4.18,3.53
426000,4.06,3.91,3.74,3.91,3.87
427000,4.26,4.02,3.82,3.81,4.1
428000,4.38,4.06,3.66,3.69,4.35
429000,4.26,3.89,3.56,3.82,4.31
430000,4.24,4.08,3.63,3.93,4.55
431000,4.22,4.21,3.77,3.97,4.51
432000,3.99,4.33,3.86,4.07,4.52
433000,4.0,4.3,3.81,4.25,4.6
434000,4.27,4.46,3.91,4.26,4.67
435000,4.35,4.7,4.16,4.18,4.44
436000,4.46,4.57,4.22,4.35,4.61
437000,4.61,4.61,4.07,4.34,4.23
438000,4.68,4.37,4.08,4.34,4.2
439000,4.6,4.31,4.24,4.15,4.13
440000,4.63,4.24,4.38,4.35,4.18
441000,4.66,4.33,4.23,4.41,3.97
442000,4.66,4.43,4.38,4.59,4.31
443000,4.56,4.45,4.37,4.8,4.27
444000,4.65,4.84,4.43,4.97,4.28
445000,4.5,4.76,4.47,5.06,4.18
446000,4.84,4.85,4.37,5.19,4.29
447000,4.77,4.88,4.22,5.3,4.26
448000,4.87,4.82,4.29,5.12,4.35
449000,4.89,4.87,4.22,5.01,4.41
450000,4.6,4.85,4.18,4.61,4.54
451000,4.63,4.65,4.38,4.52,4.48
452000,4.41,4.43,4.48,4.55,4.74
453000,4.55,4.19,4.47,4.47,4.48
454000,4.64,4.35,4.54,4.56,4.5
455000,4.79,4.35,4.53,4.62,4.58
456000,5.04,4.53,4.65,4.75,4.69
457000,5.05,4.66,4.71,4.9,4.61
458000,5.2,4.75,4.98,4.96,4.65
459000,5.3,4.95,5.15,5.08,4.8
460000,5.15,4.92,5.12,4.92,4.47
461000,4.99,4.98,5.33,4.8,4.31
462000,5.12,4.84,5.25,4.83,4.35
463000,4.96,4.88,5.26,4.85,4.33
464000,4.91,5.01,5.11,4.81,4.43
465000,4.86,5.14,5.07,4.76,4.57
466000,4.96,5.18,5.16,4.83,4.69
467000,5.07,5.21,5.17,4.77,4.97
468000,5.24,5.32,5.23,4.73,5.06
469000,5.36,5.38,5.0,4.92,5.03
470000,5.55,5.21,4.86,4.93,4.9
471000,5.48,5.29,4.85,4.95,5.06
472000,5.51,5.3,5.01,5.06,5.06
473000,5.39,5.3,5.05,5.23,4.95
474000,5.34,5.23,4.88,5.33,5.02
475000,5.32,5.29,5.04,5.49,4.94
476000,5.47,5.49,5.27,5.57,4.9
477000,5.56,5.53,5.41,5.63,4.7
478000,5.68,5.49,5.54,5.57,4.55
479000,5.86,5.45,5.5,5.63,4.41
480000,5.89,5.45,5.65,5.73,4.42
481000,6.06,5.35,5.8,5.89,4.56
482000,5.9,5.35,5.93,5.9,4.85
483000,5.66,5.3,5.98,5.97,4.97
484000,5.63,5.18,5.87,5.97,5.14
485000,5.5,5.33,6.03,6.01,5.24
486000,5.63,5.4,6.13,6.01,5.47
487000,5.68,5.42,6.1,5.86,5.6
488000,5.83,5.62,6.3,5.78,5.51
489000,5.93,5.71,6.31,5.8,5.52
490000,6.35,5.8,6.35,5.8,5.62
491000,6.49,6.03,6.42,5.97,5.7
492000,6.4,6.19,6.5,5.83,5.66
493000,6.58,6.09,6.53,5.99,5.73
494000,6.78,6.16,6.59,6.08,5.81
495000,6.87,5.99,6.62,6.18,5.94
496000,6.62,5.9,6.68,6.18,6.05
497000,6.54,5.74,6.76,6.18,6.02
498000,6.57,5.67,6.62,6.1,6.12
499000,6.64,5.57,6.59,6.36,6.07
500000,6.67,5.72,6.46,6.49,5.97
501000,6.75,5.88,6.4,6.46,5.88
502000,6.68,5.96,6.28,6.63,5.81
503000,6.71,6.06,6.14,6.45,5.76
504000,6.81,6.12,6.16,6.51,5.76
505000,6.72,6.06,6.2,6.48,5.76
506000,6.8,6.1,6.27,6.27,5.87
507000,6.88,6.12,6.37,6.13,5.94
508000,6.9,6.14,6.55,6.14,6.0
509000,6.9,6.19,6.56,5.99,5.98
510000,7.09,6.22,6.69,6.22,6.02
511000,7.1,6.26,6.66,6.29,5.89
512000,7.19,6.46,6.6,6.22,5.9
513000,7.38,6.59,6.5,6.32,5.95
514000,7.58,6.39,6.45,6.48,5.83
515000,7.49,6.34,6.53,6.43,5.82
516000,7.27,6.28,6.41,6.42,5.88
517000,7.22,6.45,6.39,6.52,5.93
518000,7.15,6.4,6.38,6.41,5.99
519000,7.18,6.33,6.42,6.35,5.95
520000,7.1,6.22,6.58,6.42,5.91
521000,7.06,6.42,6.68,6.45,5.91
522000,7.15,6.48,6.69,6.52,5.92
523000,7.07,6.61,6.55,6.69,5.96
524000,7.08,6.61,6.67,6.78,6.03
525000,7.2,6.54,6.79,6.77,5.95
526000,7.35,6.63,6.9,6.85,6.01
527000,7.31,6.72,6.83,6.91,6.11
528000,7.24,6.77,6.76,6.97,6.12
529000,7.23,6.76,6.7,7.03,6.12
530000,7.14,6.86,6.6,6.97,6.11
531000,7.19,6.86,6.77,6.82,6.11
532000,7.16,6.9,6.75,6.74,6.12
533000,7.0,6.93,6.67,6.7,6.12
534000,7.03,6.83,6.64,6.35,5.95
535000,7.1,6.81,6.67,6.42,5.96
536000,7.17,6.81,6.66,6.33,6.04
537000,7.23,6.74,6.65,6.29,5.95
538000,7.03,6.61,6.77,6.2,5.98
539000,7.24,6.57,6.76,5.9,6.02
540000,7.24,6.43,6.79,5.77,6.06
541000,7.26,6.45,6.77,6.02,6.06
542000,7.38,6.57,6.81,5.91,6.11
543000,7.39,6.54,6.54,5.98,6.08
544000,7.43,6.59,6.5,5.76,6.16
545000,7.36,6.67,6.23,5.61,6.02
546000,7.52,6.68,6.31,5.88,5.9
547000,7.61,6.74,6.2,6.15,5.92
548000,7.56,6.76,6.14,6.09,5.84
549000,7.42,6.63,6.31,6.25,5.69
550000,7.23,6.49,6.35,6.34,5.59
551000,7.25,6.51,6.48,6.45,5.73
552000,7.28,6.43,6.6,6.7,5.78
553000,7.32,6.47,6.76,6.71,5.81
554000,7.41,6.52,6.62,6.5,5.9
555000,7.37,6.57,6.67,6.54,5.95
556000,7.5,6.58,6.66,6.55,6.06
557000,7.42,6.67,6.66,6.45,6.03
558000,7.66,6.79,6.74,6.42,6.01
559000,7.82,6.78,6.74,6.52,6.13
560000,7.83,6.76,6.65,6.55,6.12
561000,7.58,6.74,6.73,6.53,6.18
562000,7.61,6.71,6.74,6.75,6.14
563000,7.63,6.65,6.85,6.73,6.22
564000,7.64,6.67,6.94,6.84,6.29
565000,7.61,6.74,6.94,6.92,6.34
566000,7.66,6.75,6.97,6.82,6.41
567000,7.62,6.71,6.92,6.76,6.41
568000,7.64,6.75,6.79,6.9,6.32
569000,7.69,6.76,6.83,6.96,6.19
570000,7.81,6.84,6.64,6.84,6.21
571000,7.84,6.76,6.58,6.85,6.29
572000,7.84,6.68,6.46,6.84,6.3
573000,7.75,6.65,6.44,6.85,6.25
574000,7.56,6.7,6.49,7.0,6.24
575000,7.54,6.75,6.55,7.1,6.24
576000,7.5,6.76,6.39,7.04,6.36
577000,7.37,6.76,6.45,7.02,6.47
578000,7.41,6.86,6.54,7.16,6.41
579000,7.37,6.85,6.62,7.12,6.43
580000,7.19,6.99,6.51,7.12,6.4
581000,7.12,6.98,6.61,7.2,6.51
582000,7.19,6.98,6.57,7.23,6.53
583000,7.22,6.89,6.76,7.05,6.51
584000,6.95,6.74,6.84,6.92,6.62
585000,6.86,6.69,6.82,6.99,6.68
586000,6.72,6.62,6.77,6.89,6.72
587000,6.64,6.72,6.73,6.9,6.57
588000,6.64,6.68,6.79,7.03,6.6
589000,6.54,6.67,6.72,6.84,6.65
590000,6.34,6.59,6.76,6.8,6.61
591000,6.38,6.67,6.69,6.92,6.61
592000,6.47,6.79,6.79,6.91,6.72
593000,6.6,6.83,6.91,6.91,6.55
594000,6.57,6.89,6.9,6.94,6.42
595000,6.45,6.91,6.86,6.9,6.47
596000,6.57,6.93,6.89,6.81,6.44
597000,6.83,7.01,6.85,6.86,6.38
598000,7.03,7.05,6.89,6.85,6.17
599000,7.0,7.05,6.96,6.84,6.03
600000,7.01,7.06,7.03,6.87,6.01
601000,6.96,7.03,6.95,6.88,6.08
602000,6.93,6.93,6.96,6.93,6.1
603000,7.11,6.96,7.09,6.93,6.09
604000,7.07,6.91,6.98,7.1,6.1
605000,6.92,6.89,6.97,7.15,6.19
606000,6.95,6.97,7.04,7.27,6.26
607000,7.07,7.04,7.02,7.19,6.28
608000,7.09,7.02,7.01,7.29,6.24
609000,7.15,6.98,7.06,7.4,6.31
610000,6.97,7.04,7.04,7.53,6.42
611000,7.08,7.02,6.93,7.47,6.4
612000,7.16,7.14,6.98,7.54,6.44
613000,7.02,7.14,6.96,7.41,6.38
614000,7.23,7.09,6.95,7.4,6.41
615000,7.23,7.05,6.82,7.35,6.44
616000,7.34,7.09,6.78,7.5,6.19
617000,7.37,7.06,6.79,7.46,6.0
618000,7.54,7.04,6.88,7.48,5.98
619000,7.77,7.06,6.91,7.44,5.84
620000,7.8,7.0,6.69,7.46,5.85
621000,7.75,6.88,6.73,7.52,5.73
622000,7.56,6.85,6.62,7.61,5.75
623000,7.61,6.92,6.67,7.62,5.96
624000,7.42,6.9,6.67,7.65,5.93
625000,7.35,6.89,6.45,7.49,6.0
626000,7.35,6.91,6.28,7.48,6.01
627000,7.21,6.88,6.4,7.47,6.0
628000,7.22,6.89,6.47,7.45,6.19
629000,7.23,6.83,6.38,7.43,6.15
630000,7.33,6.87,6.55,7.34,6.17
631000,7.45,6.74,6.46,7.4,6.26
632000,7.52,6.7,6.73,7.39,6.37
633000,7.56,6.71,6.72,7.21,6.37
634000,7.54,6.68,6.8,7.26,6.46
635000,7.52,6.66,6.76,7.18,6.47
636000,7.66,6.58,6.9,7.18,6.39
637000,7.69,6.48,6.93,7.1,6.35
638000,7.86,6.58,7.01,7.23,6.23
639000,7.85,6.49,7.08,7.02,6.05
640000,7.87,6.49,6.94,6.97,6.03
641000,7.84,6.39,6.99,7.08,6.13
642000,7.8,6.55,7.0,7.11,6.11
643000,7.81,6.57,7.07,6.99,6.04
644000,7.92,6.48,7.02,7.04,5.98
645000,7.87,6.55,6.91,7.11,6.11
646000,7.77,6.47,6.91,7.18,6.16
647000,7.71,6.46,6.91,7.18,6.16
648000,7.76,6.44,7.08,7.27,5.98
649000,7.75,6.39,7.09,7.41,6.03
650000,7.73,6.39,7.17,7.43,6.15
651000,7.78,6.53,7.07,7.37,6.19
652000,7.8,6.76,7.14,7.62,6.2
653000,7.71,6.77,7.32,7.6,6.16
654000,7.78,6.81,7.37,7.44,6.18
655000,7.81,6.81,7.27,7.46,6.23
656000,7.86,6.88,7.38,7.48,6.25
657000,7.69,6.93,7.47,7.55,6.19
658000,7.77,6.93,7.47,7.59,6.14
659000,7.84,6.81,7.58,7.63,6.14
660000,7.88,6.64,7.6,7.71,6.23
661000,7.77,6.61,7.59,7.65,6.19
662000,7.77,6.43,7.45,7.69,6.26
663000,7.85,6.64,7.5,7.77,6.29
664000,7.86,6.68,7.68,7.77,6.34
665000,7.84,6.72,7.64,7.77,6.43
666000,7.93,6.69,7.57,7.72,6.45
667000,7.94,6.72,7.62,7.72,6.52
668000,7.83,6.82,7.46,7.77,6.36
669000,7.82,6.91,7.55,7.81,6.42
670000,7.76,7.06,7.45,7.75,6.6
671000,7.78,7.09,7.21,7.59,6.49
672000,7.72,7.09,7.04,7.64,6.4
673000,7.63,7.03,6.94,7.59,6.47
674000,7.64,7.04,6.89,7.55,6.45
675000,7.63,7.03,6.73,7.61,6.55
676000,7.4,6.96,6.67,7.51,6.5
677000,7.23,7.0,6.68,7.5,6.54
678000,7.09,6.91,6.89,7.49,6.51
679000,7.25,6.87,7.23,7.43,6.58
680000,7.19,6.85,7.26,7.4,6.62
681000,7.16,6.81,7.34,7.46,6.63
682000,7.17,6.6,7.39,7.56,6.62
683000,6.98,6.67,7.56,7.33,6.62
684000,7.09,6.63,7.6,7.4,6.68
685000,7.26,6.64,7.68,7.49,6.57
686000,7.34,6.74,7.67,7.43,6.6
687000,7.08,6.63,7.62,7.37,6.61
688000,6.99,6.66,7.37,7.51,6.67
689000,6.88,6.81,7.39,7.62,6.57
690000,6.9,7.01,7.46,7.66,6.58
691000,6.99,7.11,7.5,7.68,6.47
692000,7.07,7.05,7.4,7.82,6.66
693000,7.24,6.95,7.4,7.76,6.72
694000,7.23,6.94,7.59,7.71,6.68
695000,7.25,7.03,7.63,7.72,6.61
696000,7.51,6.99,7.65,7.85,6.59
697000,7.59,6.9,7.7,7.91,6.69
698000,7.74,6.85,7.73,7.82,6.72
699000,7.85,6.87,7.7,7.8,6.8
700000,7.78,6.99,7.67,7.84,6.7
701000,7.62,7.02,7.78,7.78,6.66
702000,7.53,7.14,7.64,7.63,6.62
703000,7.62,7.11,7.55,7.62,6.66
704000,7.55,7.1,7.5,7.62,6.57
705000,7.5,7.01,7.55,7.63,6.51
706000,7.6,7.04,7.57,7.39,6.5
707000,7.42,7.03,7.63,7.37,6.39
708000,7.41,7.0,7.55,7.39,6.44
709000,7.58,7.03,7.64,7.48,6.53
710000,7.71,6.9,7.49,7.62,6.5
711000,7.75,6.97,7.56,7.7,6.36
712000,7.67,6.98,7.62,7.84,6.41
713000,7.65,7.02,7.69,7.85,6.5
714000,7.69,6.92,7.61,7.78,6.59
715000,7.72,6.89,7.77,8.02,6.48
716000,7.76,6.88,7.75,8.13,6.43
717000,7.87,6.75,7.97,8.17,6.54
718000,7.76,6.81,7.86,7.96,6.52
719000,7.72,6.68,7.76,7.83,6.66
720000,7.49,6.72,7.73,7.8,6.6
721000,7.51,6.72,7.73,7.57,6.58
722000,7.57,6.82,7.75,7.55,6.6
723000,7.66,6.87,7.79,7.54,6.64
724000,7.59,6.73,7.61,7.52,6.61
725000,7.62,6.84,7.8,7.42,6.48
726000,7.51,6.86,7.68,7.3,6.47
727000,7.54,7.05,7.65,7.43,6.47
728000,7.53,7.04,7.83,7.58,6.43
729000,7.83,7.1,7.85,7.46,6.37
730000,7.97,7.09,7.99,7.61,6.44
731000,8.12,7.08,7.99,7.47,6.51
732000,8.0,7.04,8.07,7.48,6.48
733000,7.91,6.96,8.13,7.45,6.56
734000,7.82,6.97,7.98,7.49,6.58
735000,7.75,6.82,7.99,7.49,6.46
736000,7.65,6.86,8.04,7.48,6.51
737000,7.63,6.78,8.08,7.39,6.39
738000,7.46,6.77,8.21,7.45,6.4
739000,7.44,6.63,8.1,7.49,6.26
740000,7.43,6.67,8.04,7.58,6.28
741000,7.43,6.72,7.96,7.5,6.36
742000,7.51,6.79,7.85,7.45,6.37
743000,7.56,6.84,7.95,7.44,6.44
744000,7.64,6.8,8.04,7.54,6.43
745000,7.74,6.74,7.94,7.5,6.48
746000,7.79,6.65,7.92,7.45,6.6
747000,7.85,6.64,7.91,7.43,6.57
748000,7.8,6.74,7.97,7.53,6.59
749000,7.85,6.77,7.9,7.53,6.54
750000,7.87,6.63,8.11,7.58,6.57
751000,7.86,6.63,8.0,7.66,6.58
752000,7.98,6.64,8.02,7.67,6.68
753000,7.86,6.72,7.99,7.67,6.67
754000,7.7,6.87,8.05,7.73,6.65
755000,7.58,6.93,8.11,7.8,6.7
756000,7.26,6.92,8.15,7.81,6.66
757000,7.24,6.92,8.13,7.82,6.61
758000,7.03,7.01,8.06,7.81,6.65
759000,7.03,6.9,7.85,7.87,6.46
760000,6.83,6.84,7.93,7.95,6.42
761000,7.03,6.81,7.97,7.93,6.32
762000,6.99,6.78,8.0,7.85,6.31
763000,7.01,6.77,7.92,7.77,6.4
764000,6.97,6.67,7.78,7.75,6.49
765000,7.08,6.59,7.8,7.74,6.32
766000,7.09,6.69,7.81,7.73,6.43
767000,7.09,6.69,7.85,7.6,6.43
768000,7.08,6.77,7.97,7.6,6.46
769000,7.02,6.75,7.86,7.61,6.41
770000,7.03,6.7,7.8,7.67,6.28
771000,7.18,6.74,7.79,7.57,6.23
772000,7.21,6.73,7.83,7.56,6.23
773000,7.24,6.76,7.86,7.57,6.33
774000,7.28,6.64,7.78,7.48,6.41
775000,7.13,6.76,7.84,7.5,6.33
776000,7.24,6.7,7.91,7.61,6.35
777000,7.37,6.58,7.87,7.63,6.56
778000,7.39,6.58,8.11,7.55,6.57
779000,7.21,6.58,8.21,7.59,6.62
780000,7.33,6.58,8.3,7.73,6.61
781000,7.38,6.59,8.41,7.78,6.64
782000,7.29,6.63,8.44,7.87,6.58
783000,7.36,6.61,8.49,7.81,6.71
784000,7.47,6.7,8.52,7.78,6.62
785000,7.31,6.83,8.43,7.69,6.56
786000,7.31,6.81,8.42,7.58,6.56
787000,7.39,6.79,8.3,7.56,6.62
788000,7.59,6.85,8.15,7.51,6.64
789000,7.58,6.87,8.06,7.4,6.51
790000,7.6,6.88,7.99,7.42,6.5
791000,7.63,6.93,8.02,7.39,6.44
792000,7.62,6.99,7.94,7.48,6.5
793000,7.68,6.96,7.84,7.63,6.46
794000,7.79,6.91,7.72,7.74,6.51
795000,7.85,6.92,7.73,7.74,6.51
796000,7.8,6.93,7.79,7.48,6.57
797000,7.75,6.93,7.79,7.45,6.49
798000,7.8,6.89,7.86,7.51,6.49
799000,7.76,6.82,7.87,7.52,6.66
800000,7.85,6.76,7.65,7.5,6.65
801000,7.95,6.83,7.6,7.52,6.55
802000,7.93,6.88,7.72,7.4,6.58
803000,7.82,6.82,7.7,7.37,6.65
804000,7.75,6.79,7.77,7.48,6.7
805000,7.87,6.74,7.75,7.67,6.65
806000,7.87,6.71,7.76,7.69,6.75
807000,7.85,6.72,7.74,7.75,6.77
808000,7.75,6.76,7.88,7.74,6.65
809000,7.69,6.73,8.06,7.77,6.74
810000,7.63,6.81,8.22,7.74,6.72
811000,7.76,6.83,8.02,7.67,6.64
812000,7.96,6.77,8.16,7.67,6.62
813000,7.87,6.84,8.19,7.63,6.59
814000,7.7,7.05,8.24,7.59,6.54
815000,7.75,6.97,8.32,7.48,6.68
816000,7.8,7.02,8.28,7.45,6.64
817000,7.89,7.02,8.14,7.45,6.67
818000,7.86,6.92,7.9,7.4,6.63
819000,7.68,6.92,7.98,7.51,6.52
820000,7.64,6.9,8.12,7.55,6.43
821000,7.5,7.02,8.15,7.57,6.18
822000,7.44,6.96,8.19,7.65,6.09
823000,7.62,6.98,8.2,7.72,6.0
824000,7.39,7.0,8.29,7.66,5.95
825000,7.34,6.93,8.42,7.59,5.88
826000,7.18,7.02,8.46,7.5,5.96
827000,7.32,6.91,8.62,7.34,6.1
828000,7.38,6.94,8.72,7.43,6.38
829000,7.39,6.97,8.68,7.51,6.15
830000,7.53,6.94,8.74,7.53,6.3
831000,7.71,6.97,8.86,7.43,6.3
832000,7.74,6.97,8.59,7.45,6.39
833000,7.81,6.85,8.54,7.58,6.41
834000,8.01,6.96,8.47,7.64,6.38
835000,7.9,6.87,8.43,7.68,6.36
836000,8.01,6.98,8.3,7.82,6.42
837000,7.92,7.0,8.28,7.66,6.46
838000,7.92,6.92,8.32,7.49,6.44
839000,7.8,6.83,8.2,7.61,6.55
840000,7.81,6.81,8.25,7.69,6.53
841000,7.52,6.84,8.23,7.63,6.58
842000,7.44,6.73,8.38,7.67,6.56
843000,7.38,6.73,8.45,7.45,6.51
844000,7.15,6.65,8.38,7.48,6.53
845000,7.05,6.44,8.36,7.44,6.58
846000,7.3,6.54,8.45,7.36,6.48
847000,7.31,6.5,8.46,7.21,6.35
848000,7.46,6.46,8.53,7.11,6.25
849000,7.48,6.34,8.66,7.15,6.3
850000,7.55,6.52,8.6,7.14,6.44
851000,7.72,6.54,8.57,7.22,6.31
852000,7.7,6.61,8.66,7.37,6.37
853000,7.97,6.76,8.65,7.28,6.39
854000,7.99,6.73,8.79,7.39,6.49
855000,8.0,6.84,8.76,7.48,6.58
856000,7.9,6.84,8.9,7.69,6.66
857000,7.79,6.93,8.83,7.67,6.57
858000,7.72,6.94,8.73,7.61,6.53
859000,7.73,6.96,8.61,7.69,6.58
860000,7.73,6.9,8.61,7.6,6.64
861000,7.83,6.92,8.83,7.5,6.59
862000,7.73,6.86,8.8,7.61,6.53
863000,7.76,6.84,8.85,7.68,6.5
864000,7.85,6.8,8.62,7.67,6.51
865000,8.0,6.84,8.79,7.7,6.48
866000,7.92,6.87,8.92,7.8,6.44
867000,8.13,6.9,8.88,7.89,6.42
868000,8.16,6.95,8.95,7.94,6.53
869000,8.18,7.06,9.22,8.06,6.46
870000,8.09,7.1,9.13,8.14,6.55
871000,7.98,7.01,9.17,8.1,6.62
872000,8.05,7.17,8.9,8.02,6.55
873000,8.06,7.1,8.99,8.1,6.56
874000,7.92,7.07,8.99,7.92,6.69
875000,7.89,7.04,8.97,7.72,6.73
876000,7.95,7.03,8.92,7.68,6.66
877000,7.94,7.01,8.89,7.64,6.72
878000,7.86,6.96,8.69,7.57,6.62
879000,7.98,7.0,8.66,7.58,6.57
880000,7.98,6.92,8.77,7.65,6.56
881000,8.02,6.87,8.72,7.76,6.6
882000,8.08,6.78,8.8,7.71,6.59
883000,8.07,6.83,8.54,7.76,6.54
884000,7.98,6.71,8.6,7.9,6.63
885000,8.02,6.71,8.63,8.0,6.63
886000,7.94,6.78,8.48,7.88,6.76
887000,8.0,6.6,8.52,7.93,6.78
888000,7.92,6.43,8.77,7.98,6.78
889000,7.92,6.53,8.63,8.03,6.79
890000,7.97,6.52,8.58,7.85,6.83
891000,7.98,6.56,8.34,7.9,6.89
892000,8.12,6.56,8.53,7.83,6.88
893000,8.23,6.51,8.7,7.78,6.85
894000,8.36,6.49,8.76,7.75,6.81
895000,8.23,6.52,8.63,7.74,6.79
896000,8.21,6.68,8.56,7.45,6.7
897000,8.21,6.64,8.65,7.45,6.77
898000,8.09,6.68,8.57,7.42,6.75
899000,8.09,6.55,8.72,7.52,6.68
900000,8.09,6.51,8.52,7.55,6.78
901000,7.9,6.59,8.84,7.66,6.82
902000,7.83,6.54,8.74,7.65,6.86
903000,7.69,6.71,8.82,7.7,6.9
904000,7.73,6.78,8.82,7.67,7.01
905000,7.83,6.89,8.96,7.93,7.06
906000,7.67,6.73,9.03,7.89,7.08
907000,7.71,6.87,9.06,7.87,7.09
908000,7.71,6.95,9.06,7.96,7.07
909000,7.74,6.92,9.2,7.97,7.02
910000,7.93,6.89,9.21,7.85,6.96
911000,7.9,6.83,9.48,7.87,7.04
912000,7.99,6.78,9.43,7.91,6.96
913000,7.96,6.69,9.42,7.81,6.9
914000,7.96,6.79,9.44,7.87,6.86
915000,8.09,6.87,9.32,8.02,6.74
916000,8.26,6.81,9.01,8.01,6.77
917000,8.17,6.73,8.87,7.99,6.82
918000,8.22,6.62,8.79,7.95,6.85
919000,8.14,6.3,8.75,7.98,6.81
920000,8.01,6.13,8.76,7.98,6.76
921000,7.94,6.03,8.47,7.98,6.78
922000,8.05,5.83,8.52,7.92,6.73
923000,8.0,5.66,8.32,8.0,6.82
924000,7.93,5.73,8.5,8.06,6.66
925000,7.95,5.88,8.72,7.93,6.68
926000,7.95,6.01,8.82,7.82,6.7
927000,7.92,6.06,8.91,7.77,6.6
928000,7.88,6.11,8.8,7.67,6.75
929000,8.03,6.06,8.89,7.6,6.65
930000,7.95,5.98,8.88,7.75,6.74
931000,7.92,6.02,9.15,7.7,6.78
932000,7.92,6.02,9.0,7.76,6.79
933000,8.03,6.16,9.21,7.61,6.87
934000,8.05,6.23,9.1,7.56,6.9
935000,8.15,6.18,9.25,7.56,6.91
936000,8.17,6.36,8.96,7.46,6.82
937000,8.27,6.56,9.01,7.6,6.86
938000,8.33,6.63,9.34,7.65,6.78
939000,8.29,6.73,9.17,7.58,6.74
940000,8.46,6.82,8.85,7.65,6.81
941000,8.47,6.89,8.59,7.55,6.62
942000,8.36,7.03,8.48,7.64,6.58
943000,8.29,6.88,8.38,7.72,6.49
944000,8.28,6.8,8.27,7.8,6.52
945000,8.13,6.69,8.3,7.76,6.56
946000,8.1,6.74,8.26,7.71,6.44
947000,8.08,6.71,8.19,7.72,6.46
948000,8.01,6.63,8.2,7.79,6.57
949000,7.76,6.57,8.52,7.76,6.65
950000,7.76,6.6,8.51,7.77,6.5
951000,7.85,6.64,8.49,7.75,6.59
952000,7.87,6.66,8.66,7.82,6.62
953000,7.98,6.67,8.99,7.9,6.53
954000,8.0,6.71,9.05,7.91,6.48
955000,8.09,6.66,9.18,8.07,6.39
956000,8.03,6.83,9.28,8.05,6.38
957000,7.99,6.68,9.3,8.01,6.48
958000,8.11,6.54,9.07,8.09,6.57
959000,8.26,6.59,8.91,8.19,6.56
960000,8.15,6.6,8.92,8.11,6.6
961000,8.16,6.6,9.16,8.16,6.74
962000,7.84,6.51,8.76,8.08,6.68
963000,7.85,6.59,8.5,7.95,6.69
964000,7.94,6.63,8.56,7.96,6.67
965000,7.92,6.75,8.34,8.05,6.69
966000,7.98,6.9,8.32,8.09,6.68
967000,7.99,6.93,8.62,8.03,6.59
968000,7.82,6.93,8.72,7.97,6.51
969000,7.64,7.0,8.76,7.91,6.47
970000,7.64,6.97,8.71,7.9,6.39
971000,7.77,7.02,8.73,7.96,6.38
972000,8.01,7.05,8.89,7.96,6.36
973000,7.79,6.96,8.9,8.12,6.36
974000,7.66,6.96,8.8,8.19,6.45
975000,7.7,6.98,8.92,8.15,6.51
976000,7.75,6.88,8.95,8.1,6.44
977000,7.78,6.84,8.98,8.13,6.61
978000,7.92,6.82,9.0,8.09,6.69
979000,8.04,6.77,8.92,8.11,6.5
980000,8.15,6.74,9.0,8.11,6.6
981000,8.07,6.85,8.86,8.12,6.5
982000,8.06,6.89,8.62,8.11,6.46
983000,8.06,6.96,8.5,7.94,6.52
984000,8.02,6.97,8.71,7.95,6.6
985000,7.86,6.99,8.57,7.92,6.6
986000,7.86,7.12,8.6,7.88,6.5
987000,7.86,7.1,8.68,7.99,6.63
988000,7.82,7.02,8.6,8.06,6.67
989000,7.66,6.99,8.69,8.19,6.8
990000,7.74,6.95,8.5,7.97,6.82
991000,7.85,6.8,8.5,7.97,6.85
992000,7.94,6.85,8.49,8.03,6.8
993000,7.89,6.86,8.5,7.87,6.72
994000,7.99,6.91,8.24,7.83,6.85
995000,7.94,6.92,7.95,7.92,6.72
996000,8.09,6.96,8.18,7.82,6.55
997000,8.04,6.96,8.29,7.76,6.63
998000,8.12,6.93,8.41,7.71,6.63
999000,8.15,7.05,8.37,7.86,6.58
1000000,8.06,7.01,8.5,7.83,6.64
1001000,8.12,7.01,8.76,7.68,6.68
1002000,8.05,7.03,8.66,7.78,6.78
1003000,8.03,6.97,8.89,7.72,6.83
1004000,8.15,6.96,9.08,7.68,6.96
1005000,8.1,6.99,9.39,7.72,7.0
1006000,8.05,6.97,9.25,7.71,6.86
1007000,8.04,6.98,9.03,7.67,6.86
1008000,8.18,6.99,9.0,7.55,6.83
1009000,8.08,6.99,9.04,7.61,6.82
1010000,8.16,6.98,9.14,7.71,6.7
1011000,8.13,7.01,9.17,7.72,6.64
1012000,8.31,7.12,9.38,7.88,6.58
1013000,8.37,7.05,9.22,7.88,6.62
1014000,8.25,7.09,9.06,7.87,6.71
1015000,8.24,7.05,8.76,7.88,6.65
1016000,8.24,6.95,9.06,8.02,6.63
1017000,8.2,6.98,9.3,8.07,6.58
1018000,8.35,6.89,9.34,8.23,6.59
1019000,8.19,6.92,9.35,7.97,6.64
1020000,8.19,6.83,9.59,8.03,6.52
1021000,8.18,6.87,9.48,8.01,6.54
1022000,7.94,6.87,9.29,8.06,6.56
1023000,7.9,6.87,9.38,8.0,6.62
1024000,8.0,6.94,9.58,8.15,6.61
1025000,8.03,6.84,9.59,7.99,6.71
1026000,8.02,6.85,9.67,7.92,6.71
1027000,7.98,6.83,9.53,7.89,6.65
1028000,8.04,6.91,9.5,8.06,6.59
1029000,8.18,6.96,9.47,8.09,6.27
1030000,8.1,6.85,9.46,8.13,6.22
1031000,8.14,6.95,9.5,8.09,6.15
1032000,8.25,7.0,9.49,8.0,6.22
1033000,8.15,7.04,9.77,8.02,6.24
1034000,8.18,7.15,9.57,8.02,6.2
1035000,8.13,7.16,9.62,8.16,6.26
1036000,8.16,7.07,9.85,8.15,6.41
1037000,8.05,7.05,9.76,7.94,6.45
1038000,8.1,7.0,10.13,7.9,6.45
1039000,8.18,6.82,9.94,7.8,6.56
1040000,7.99,6.71,10.2,7.76,6.46
1041000,7.95,6.72,9.82,7.8,6.57
1042000,8.09,6.58,9.67,7.72,6.59
1043000,8.14,6.57,9.66,7.68,6.58
1044000,8.2,6.65,9.58,7.63,6.74
1045000,8.3,6.62,9.7,7.63,6.73
1046000,8.26,6.72,9.53,7.71,6.71
1047000,8.36,6.73,9.67,7.9,6.72
1048000,8.32,6.76,9.65,7.84,6.87
1049000,8.36,6.77,9.32,8.02,6.82
1050000,8.39,6.82,9.5,7.84,6.76
1051000,8.29,6.86,9.57,7.87,6.74
1052000,8.25,6.98,9.63,7.84,6.9
1053000,8.24,6.94,9.65,7.89,6.95
1054000,8.12,6.97,9.72,7.89,7.02
1055000,7.89,7.17,9.75,7.93,6.99
1056000,7.88,7.14,9.69,7.85,6.91
1057000,7.82,7.06,9.35,7.75,6.89
1058000,7.69,7.04,9.31,7.7,6.91
1059000,7.85,7.03,9.44,7.74,6.92
1060000,7.94,6.93,9.4,7.9,6.82
1061000,8.05,6.9,9.44,7.95,6.78
1062000,7.99,6.93,9.57,7.9,6.79
1063000,7.95,6.97,9.63,7.88,6.68
1064000,8.01,6.96,9.72,7.78,6.75
1065000,7.94,7.06,9.8,7.73,6.79
1066000,8.02,7.0,9.61,7.71,6.82
1067000,7.96,7.1,9.45,7.8,6.8
1068000,7.95,7.12,9.96,7.76,6.88
1069000,7.84,7.14,10.02,7.84,6.92
1070000,8.01,7.15,9.8,7.83,6.95
1071000,8.12,7.15,9.87,7.87,7.03
1072000,8.24,7.23,9.78,7.96,6.99
1073000,8.34,7.17,9.81,7.8,6.84
1074000,8.22,7.19,10.02,7.79,6.75
1075000,8.24,7.18,9.82,7.97,6.83
1076000,8.31,7.04,9.55,7.97,6.84
1077000,8.4,7.06,9.73,7.89,6.77
1078000,8.32,6.9,9.87,7.91,6.63
1079000,8.43,6.72,9.54,7.8,6.55
1080000,8.39,6.58,9.55,7.76,6.68
1081000,8.38,6.67,9.83,7.53,6.76
1082000,8.3,6.63,9.79,7.46,6.75
1083000,8.26,6.68,9.78,7.4,6.64
1084000,8.3,6.77,9.81,7.3,6.61
1085000,8.19,6.8,9.62,7.29,6.62
1086000,8.17,6.88,9.81,7.26,6.63
1087000,8.19,6.95,10.0,7.21,6.71
1088000,8.3,7.07,9.89,7.2,6.61
1089000,8.12,7.0,9.96,7.38,6.66
1090000,8.04,7.1,9.93,7.52,6.81
1091000,7.89,7.07,10.02,7.73,6.73
1092000,7.9,6.99,9.88,7.7,6.69
1093000,7.77,6.94,9.68,7.8,6.67
1094000,7.84,6.87,9.83,7.94,6.65
1095000,7.76,6.94,10.03,7.96,6.69
1096000,7.76,6.98,10.01,7.9,6.67
1097000,7.75,7.08,9.81,7.82,6.66
1098000,7.79,6.99,9.89,7.7,6.63
1099000,7.86,6.91,9.99,7.75,6.61
1100000,7.89,6.99,9.81,7.7,6.67
1101000,8.12,7.06,9.98,7.83,6.67
1102000,8.19,7.04,9.73,7.83,6.67
1103000,8.12,6.96,9.58,7.8,6.69
1104000,8.26,6.97,9.77,7.7,6.76
1105000,8.23,6.9,9.51,7.83,6.81
1106000,8.11,6.93,9.38,7.95,6.89
1107000,8.16,6.93,9.29,7.98,6.88
1108000,8.22,6.7,9.3,7.99,6.89
1109000,8.11,6.78,9.41,8.14,6.85
1110000,8.06,6.74,9.52,8.01,6.79
1111000,8.01,6.81,9.65,7.88,6.68
1112000,8.04,6.83,9.68,7.88,6.6
1113000,7.99,6.82,9.57,7.96,6.54
1114000,8.04,6.73,10.01,7.97,6.54
1115000,8.07,6.74,9.87,7.96,6.39
1116000,8.05,6.82,9.98,8.05,6.47
1117000,8.03,6.91,9.73,8.12,6.52
1118000,8.16,6.91,10.11,8.06,6.61
1119000,8.16,6.89,9.65,8.08,6.56
1120000,8.1,6.8,9.53,8.19,6.54
1121000,8.04,6.84,9.42,8.16,6.51
1122000,8.25,6.82,9.49,8.05,6.62
1123000,8.28,6.95,9.42,7.97,6.76
1124000,8.33,7.04,9.15,8.02,6.88
1125000,8.47,6.98,9.21,7.98,6.97
1126000,8.35,7.0,9.04,7.95,6.96
1127000,8.35,6.96,9.32,7.99,6.92
1128000,8.31,6.95,8.98,8.16,6.92
1129000,8.36,6.9,9.16,8.15,6.99
1130000,8.24,6.97,8.78,8.19,6.94
1131000,8.04,6.98,8.62,8.22,6.74
1132000,8.03,7.01,8.64,8.36,6.51
1133000,7.95,6.92,8.76,8.14,6.51
1134000,7.91,6.9,8.56,8.12,6.66
1135000,8.01,6.81,8.49,8.03,6.72
1136000,8.04,6.83,8.38,8.01,6.74
1137000,8.11,6.95,8.67,7.93,6.78
1138000,8.08,6.98,8.62,7.91,6.73
1139000,8.19,6.95,8.73,7.89,6.88
1140000,8.14,6.94,8.8,7.82,6.96
1141000,8.26,6.94,8.83,7.8,6.83
1142000,8.26,6.99,8.48,7.85,6.67
1143000,8.08,7.1,8.75,7.87,6.6
1144000,7.9,7.13,8.69,7.9,6.56
1145000,7.58,7.13,8.89,7.84,6.55
1146000,7.62,7.07,8.6,7.94,6.53
1147000,7.67,7.0,8.48,7.97,6.54
1148000,7.57,7.01,8.7,8.01,6.47
1149000,7.77,7.13,8.75,8.12,6.51
1150000,7.8,7.14,8.83,7.85,6.6
1151000,7.84,7.1,8.8,7.69,6.63
1152000,7.88,7.14,8.92,7.77,6.66
1153000,7.97,7.16,8.93,7.86,6.71
1154000,7.99,7.16,8.93,7.96,6.8
1155000,8.04,7.22,8.89,7.93,6.7
1156000,8.09,7.26,9.26,7.82,6.8
1157000,8.09,7.21,9.41,7.8,6.75
1158000,7.97,7.05,9.69,7.92,6.75
1159000,7.97,6.94,9.69,7.86,6.71
1160000,7.99,6.92,9.75,8.2,6.68
1161000,7.93,6.89,10.15,8.39,6.6
1162000,7.96,6.89,10.48,8.4,6.65
1163000,8.11,6.89,10.26,8.4,6.72
1164000,8.17,6.77,10.1,8.45,6.75
1165000,7.99,6.86,10.17,8.39,6.79
1166000,7.97,6.93,9.69,8.57,6.79
1167000,8.26,7.02,8.99,8.54,6.8
1168000,8.08,6.99,8.93,8.55,6.9
1169000,8.09,6.9,8.56,8.55,7.03
1170000,8.04,6.89,8.63,8.45,7.01
1171000,8.08,6.9,8.31,8.4,7.01
1172000,8.29,6.76,8.56,8.44,7.14
1173000,8.32,6.75,8.66,8.41,7.17
1174000,8.44,6.78,9.15,8.28,7.33
1175000,8.38,6.74,9.36,8.48,7.47
1176000,8.39,6.77,9.59,8.51,7.44
1177000,8.21,6.74,9.87,8.5,7.5
1178000,8.34,6.68,10.2,8.35,7.59
1179000,8.29,6.66,10.49,8.33,7.63
1180000,8.04,6.87,10.4,8.35,7.58
1181000,8.01,6.88,10.43,8.27,7.62
1182000,7.99,6.86,10.8,8.3,7.52
1183000,7.93,6.85,10.71,8.11,7.62
1184000,7.91,6.77,10.88,7.87,7.5
1185000,7.89,6.89,10.69,7.59,7.61
1186000,7.99,6.98,10.51,7.67,7.57
1187000,7.94,6.96,10.36,7.69,7.62
1188000,7.98,6.95,10.61,7.78,7.52
1189000,8.14,6.92,10.52,7.73,7.78
1190000,7.96,6.96,10.47,7.82,7.78
1191000,7.99,6.92,10.63,7.9,7.77
1192000,7.98,7.03,10.22,7.99,7.81
1193000,8.05,6.99,10.02,8.11,7.91
1194000,8.0,7.12,10.07,8.35,7.83
1195000,7.98,7.1,9.98,8.59,7.68
1196000,8.0,7.07,9.93,8.52,7.74
1197000,7.99,7.0,9.93,8.6,7.89
1198000,7.83,6.94,10.18,8.62,7.72
1199000,7.92,6.99,10.24,8.71,7.72
1200000,7.96,6.95,10.24,8.82,7.76
1201000,8.08,6.92,10.35,8.59,7.86
1202000,8.14,6.95,10.53,8.43,7.63
1203000,8.13,6.97,10.71,8.43,7.61
1204000,8.17,6.97,10.87,8.41,7.63
1205000,8.3,6.97,10.98,8.37,7.43
1206000,8.33,7.14,10.68,8.37,7.47
1207000,8.47,7.25,10.78,8.34,7.25
1208000,8.73,7.25,11.07,8.36,7.28
1209000,8.85,7.24,11.0,8.32,7.04
1210000,8.7,7.22,10.66,8.3,7.12
1211000,8.76,7.12,10.77,8.46,7.24
1212000,8.72,7.12,10.26,8.69,7.4
1213000,8.74,7.14,9.75,8.72,7.6
1214000,8.8,7.1,9.78,8.76,7.73
1215000,8.73,7.09,9.88,8.68,7.85
1216000,8.76,7.01,9.9,8.73,8.02
1217000,8.61,6.97,10.02,8.79,7.92
1218000,8.38,6.96,10.04,8.72,7.92
1219000,8.33,7.01,9.64,8.67,7.92
1220000,8.54,7.17,9.74,8.78,8.07
1221000,8.51,7.2,9.79,8.82,8.17
1222000,8.41,7.08,9.94,8.8,8.11
1223000,8.49,6.94,10.17,8.77,8.06
1224000,8.5,6.9,10.45,8.67,7.77
1225000,8.48,6.83,10.13,8.55,7.74
1226000,8.55,6.84,10.08,8.47,7.76
1227000,8.63,6.85,10.17,8.48,7.85
1228000,8.68,6.74,10.08,8.59,7.83
1229000,8.85,6.69,10.21,8.68,7.75
1230000,8.8,6.78,10.21,8.64,7.74
1231000,8.8,6.83,10.53,8.59,7.61
1232000,8.91,6.79,10.32,8.49,7.85
1233000,8.78,6.88,10.07,8.48,8.0
1234000,8.77,6.82,9.94,8.64,8.01
1235000,8.84,6.79,9.77,8.76,7.86
1236000,8.96,6.83,9.98,8.77,7.88
1237000,9.05,6.78,9.99,8.74,7.83
1238000,8.98,6.74,10.17,8.64,7.95
1239000,8.88,6.79,10.44,8.59,7.85
1240000,8.8,6.95,10.61,8.59,7.99
1241000,8.76,7.04,10.84,8.69,7.86
1242000,8.74,7.06,10.98,8.74,7.99
1243000,9.02,6.94,10.74,8.83,7.97
1244000,8.94,6.95,10.84,8.67,8.01
1245000,8.88,7.05,10.92,8.61,8.11
1246000,8.93,7.07,10.96,8.8,8.25
1247000,8.97,7.09,11.06,8.73,8.23
1248000,9.08,7.05,10.94,8.71,8.15
1249000,9.14,6.93,11.0,8.72,8.25
1250000,9.06,6.81,10.77,8.62,8.28
1251000,9.17,6.87,10.72,8.57,8.07
1252000,9.14,6.73,10.74,8.53,7.95
1253000,9.05,6.76,10.63,8.52,8.0
1254000,9.0,6.76,10.6,8.58,7.99
1255000,9.04,6.82,10.38,8.58,8.05
1256000,8.92,6.81,10.25,8.59,8.03
1257000,8.86,6.84,10.33,8.61,7.76
1258000,8.56,6.84,10.24,8.71,7.78
1259000,8.5,6.89,10.17,8.71,7.91
1260000,8.63,7.07,9.88,8.75,7.93
1261000,8.77,7.01,9.8,8.76,7.99
1262000,8.73,6.97,9.67,8.75,8.13
1263000,8.81,6.84,9.34,8.71,8.21
1264000,8.86,6.74,9.26,8.65,8.24
1265000,8.86,6.81,9.36,8.76,8.24
1266000,8.85,6.89,9.58,8.81,8.35
1267000,8.85,6.94,9.39,8.83,8.49
1268000,8.88,6.93,9.64,8.69,8.15
1269000,9.03,6.98,9.61,8.59,8.03
1270000,9.11,7.06,9.57,8.67,8.08
1271000,9.15,7.14,9.74,8.64,8.19
1272000,9.0,7.22,9.66,8.64,8.18
1273000,9.03,7.27,9.7,8.65,8.1
1274000,9.14,7.3,9.77,8.57,8.08
1275000,9.06,7.26,10.09,8.42,8.19
1276000,9.13,7.28,10.24,8.41,8.13
1277000,9.13,7.32,9.92,8.35,8.2
1278000,9.13,7.35,9.95,8.28,8.42
1279000,9.25,7.28,10.17,8.38,8.33
1280000,9.3,7.28,9.99,8.3,8.19
1281000,9.52,7.26,9.69,8.25,8.26
1282000,9.39,7.22,9.34,8.39,8.01
1283000,9.6,7.22,9.27,8.33,7.98
1284000,9.57,7.23,9.28,8.46,7.89
1285000,9.47,7.17,9.42,8.44,7.7
1286000,9.2,7.09,9.21,8.42,7.79
1287000,9.22,6.99,9.46,8.45,7.68
1288000,9.24,6.99,9.57,8.6,7.84
1289000,9.1,6.86,9.34,8.46,7.91
1290000,8.77,6.89,9.51,8.55,7.86
1291000,8.38,6.97,9.82,8.61,7.92
1292000,8.45,6.95,10.0,8.39,7.92
1293000,8.44,6.94,10.15,8.49,7.92
1294000,8.39,6.89,10.48,8.55,7.91
1295000,8.34,6.88,10.6,8.67,7.94
1296000,8.47,6.87,10.32,8.56,7.96
1297000,8.35,7.05,10.4,8.6,8.09
1298000,8.6,7.09,10.42,8.72,8.04
1299000,8.44,6.97,10.45,8.78,8.07
1300000,8.5,6.94,10.3,8.85,7.99
1301000,8.62,6.91,10.0,8.69,7.79
1302000,8.58,6.89,9.77,8.81,7.66
1303000,8.59,7.0,9.08,8.84,7.86
1304000,8.79,7.1,8.38,8.82,7.66
1305000,8.73,6.96,8.34,8.94,7.72
1306000,8.82,6.88,7.96,8.9,7.74
1307000,8.86,6.9,7.99,8.82,7.71
1308000,8.65,6.99,7.85,8.62,7.65
1309000,8.79,7.08,8.1,8.51,7.64
1310000,8.64,7.03,8.09,8.54,7.67
1311000,8.63,6.97,8.32,8.51,7.71
1312000,8.61,6.89,8.65,8.6,7.87
1313000,8.51,6.95,9.14,8.66,8.02
1314000,8.4,6.99,9.35,8.58,7.94
1315000,8.42,7.01,9.41,8.6,7.92
1316000,8.38,6.94,9.54,8.58,8.01
1317000,8.45,6.94,9.71,8.79,8.1
1318000,8.59,7.06,9.62,8.79,8.06
1319000,8.54,7.13,9.82,8.9,8.29
1320000,8.74,7.21,9.91,8.92,8.31
1321000,8.86,7.26,10.19,8.81,8.33
1322000,8.99,7.25,10.15,8.89,8.22
1323000,9.22,7.25,10.05,8.89,8.22
1324000,9.11,7.26,10.06,8.8,8.38
1325000,8.96,7.3,10.04,8.84,8.31
1326000,9.1,7.26,10.56,8.76,8.23
1327000,9.18,7.27,10.61,8.8,8.25
1328000,9.24,7.28,11.08,8.77,8.14
1329000,9.24,7.24,10.9,8.78,8.15
1330000,9.24,7.21,10.71,8.85,8.08
1331000,9.12,7.27,10.64,8.78,8.0
1332000,9.16,7.35,10.53,8.77,7.91
1333000,9.1,7.3,10.77,8.69,7.68
1334000,9.05,7.18,10.51,8.76,7.72
1335000,9.14,7.12,10.66,8.77,7.57
1336000,9.31,7.13,10.52,8.78,7.64
1337000,9.23,7.12,10.31,8.76,7.63
1338000,9.31,7.04,10.47,8.79,7.63
1339000,9.3,7.08,10.14,8.49,7.8
1340000,9.26,6.99,10.36,8.47,7.8
1341000,9.3,6.97,10.33,8.55,7.93
1342000,9.45,7.02,10.23,8.5,8.07
1343000,9.33,7.06,10.36,8.65,8.23
1344000,9.09,7.1,10.19,8.65,8.15
1345000,9.07,7.12,10.3,8.63,8.26
1346000,8.91,7.02,10.33,8.71,8.29
1347000,8.89,7.02,10.38,8.74,8.33
1348000,9.12,7.14,10.55,8.69,8.44
1349000,8.85,7.16,10.38,8.74,8.5
1350000,8.7,7.25,10.46,8.77,8.45
1351000,8.66,7.21,10.53,8.76,8.38
1352000,8.62,7.16,10.54,8.74,8.41
1353000,8.51,7.01,10.85,8.69,8.39
1354000,8.75,7.04,11.24,8.63,8.43
1355000,8.67,7.0,10.92,8.63,8.32
1356000,8.86,6.91,11.0,8.66,8.36
1357000,9.01,6.97,10.98,8.54,8.27
1358000,8.71,6.94,11.4,8.55,8.18
1359000,8.87,6.96,11.11,8.56,8.19
1360000,9.13,6.84,10.86,8.68,8.12
1361000,9.05,6.88,10.83,8.64,8.21
1362000,9.15,6.83,10.65,8.66,8.04
1363000,9.19,6.93,10.63,8.55,7.91
1364000,9.28,6.99,11.0,8.71,7.95
1365000,9.35,6.94,10.88,8.67,7.87
1366000,9.51,6.9,10.87,8.68,7.99
1367000,9.59,6.93,10.47,8.81,8.04
1368000,9.34,6.99,10.27,8.87,8.1
1369000,9.41,7.06,10.12,8.79,8.17
1370000,9.18,7.11,9.93,8.55,8.26
1371000,9.16,6.93,9.87,8.55,8.27
1372000,9.21,6.94,9.81,8.51,8.45
1373000,9.31,6.99,9.91,8.61,8.75
1374000,9.38,7.02,9.97,8.43,8.84
1375000,9.34,7.02,9.72,8.48,8.81
1376000,9.35,6.96,9.89,8.42,8.94
1377000,9.34,6.92,10.15,8.03,8.82
1378000,9.34,6.99,10.35,8.05,8.76
1379000,9.48,7.13,10.49,8.14,8.54
1380000,9.52,7.28,10.62,8.19,8.4
1381000,9.59,7.22,11.06,8.26,8.31
1382000,9.58,7.23,11.06,8.11,8.11
1383000,9.45,7.19,11.32,7.91,7.98
1384000,9.49,7.08,11.46,7.84,7.98
1385000,9.29,7.08,11.87,7.92,7.82
1386000,9.31,7.03,11.48,7.82,7.71
1387000,8.98,7.05,11.67,7.96,7.75
1388000,8.9,7.02,11.54,7.96,7.86
1389000,8.94,7.03,11.66,8.02,7.93
1390000,8.9,7.03,11.7,8.07,7.92
1391000,8.82,7.06,11.86,8.06,7.95
1392000,8.82,7.07,11.56,8.26,7.95
1393000,8.89,7.02,11.5,8.15,7.92
1394000,9.06,7.16,11.53,8.24,8.0
1395000,9.12,7.12,11.47,8.29,8.2
1396000,9.26,7.16,11.16,8.52,8.21
1397000,9.32,7.19,11.04,8.42,7.88
1398000,9.66,7.18,11.0,8.42,7.86
1399000,9.59,7.15,10.95,8.37,7.99
1400000,9.44,7.14,10.79,8.28,8.15
1401000,9.54,7.26,10.89,8.3,8.03
1402000,9.61,7.31,10.96,8.32,7.98
1403000,9.61,7.25,10.73,8.57,7.78
1404000,9.55,7.21,10.76,8.56,7.74
1405000,9.51,7.22,11.13,8.42,7.7
1406000,9.6,7.22,11.3,8.35,7.8
1407000,9.51,7.28,11.42,8.27,7.82
1408000,9.57,7.28,11.24,8.33,7.87
1409000,9.48,7.38,11.45,8.16,7.75
1410000,9.68,7.29,10.91,8.14,7.78
1411000,9.75,7.28,10.82,8.1,7.91
1412000,9.94,7.24,10.97,8.07,8.13
1413000,9.89,7.15,10.8,8.11,8.12
1414000,9.82,7.08,10.84,8.16,8.06
1415000,9.85,7.08,10.95,8.23,7.93
1416000,9.72,7.01,10.49,8.33,8.05
1417000,9.49,6.91,10.67,8.38,8.14
1418000,9.74,6.93,10.37,8.41,8.21
1419000,9.7,6.89,10.57,8.67,8.2
1420000,9.56,6.99,10.55,8.71,8.39
1421000,9.47,7.04,10.7,8.56,8.04
1422000,9.58,7.09,10.8,8.51,8.09
1423000,9.6,7.03,10.43,8.46,8.13
1424000,9.52,6.93,10.61,8.46,8.2
1425000,9.5,7.04,10.85,8.48,8.33
1426000,9.64,6.98,10.65,8.55,8.34
1427000,9.57,7.05,11.03,8.61,8.13
1428000,9.53,6.99,11.32,8.67,7.96
1429000,9.59,6.96,11.25,8.68,7.86
1430000,9.5,6.92,11.3,8.68,8.04
1431000,9.58,7.0,10.63,8.78,8.08
1432000,9.5,7.12,10.69,8.89,8.07
1433000,9.6,7.07,10.59,8.95,8.12
1434000,9.51,7.11,10.81,8.98,8.07
1435000,9.5,7.15,10.28,8.88,8.14
1436000,9.76,7.16,10.33,8.62,8.12
1437000,9.71,7.16,10.32,8.73,8.27
1438000,9.71,7.23,10.11,8.64,8.34
1439000,9.82,7.24,10.2,8.59,8.29
1440000,10.11,7.15,9.91,8.52,8.33
1441000,9.99,7.17,10.15,8.48,8.22
1442000,9.77,7.12,10.04,8.36,8.26
1443000,10.06,7.06,10.27,8.39,8.12
1444000,10.0,7.18,10.66,8.42,8.2
1445000,10.06,7.16,10.73,8.37,8.19
1446000,10.16,7.07,11.07,8.64,8.24
1447000,10.07,6.96,11.08,8.38,8.31
1448000,10.09,7.0,10.66,8.34,8.28
1449000,10.39,6.94,10.54,8.42,8.16
1450000,10.36,6.91,10.45,8.49,8.18
1451000,10.2,6.92,10.71,8.5,8.2
1452000,10.2,6.75,11.22,8.6,8.13
1453000,10.29,6.74,11.44,8.69,8.1
1454000,10.38,6.81,11.56,8.63,8.2
1455000,10.28,6.95,11.85,8.59,8.16
1456000,10.26,7.02,11.75,8.38,8.33
1457000,10.19,7.0,11.37,8.37,8.43
1458000,9.97,7.05,11.66,8.37,8.32
1459000,10.38,7.14,11.97,8.35,8.62
1460000,10.48,7.24,12.07,8.31,8.59
1461000,10.41,7.23,12.29,8.31,8.63
1462000,10.43,7.35,12.37,8.35,8.71
1463000,10.39,7.35,12.33,8.27,8.85
1464000,10.05,7.31,12.5,8.36,8.81
1465000,9.91,7.35,12.29,8.49,8.75
1466000,9.49,7.25,12.17,8.63,8.63
1467000,9.17,7.2,11.72,8.78,8.42
1468000,9.13,7.18,11.83,8.93,8.49
1469000,8.6,7.23,11.91,8.91,8.32
1470000,8.34,7.16,11.83,8.98,8.32
1471000,8.2,7.08,11.66,9.0,8.34
1472000,8.05,7.07,11.87,8.79,8.11
1473000,8.07,7.1,11.53,8.78,8.16
1474000,8.26,7.13,11.71,8.72,8.12
1475000,8.35,7.14,11.4,8.66,8.33
1476000,8.54,7.21,11.24,8.68,8.24
1477000,8.73,7.2,11.22,8.6,8.36
1478000,8.81,7.14,11.51,8.63,8.44
1479000,8.95,7.17,11.6,8.49,8.49
1480000,8.94,7.27,11.4,8.41,8.53
1481000,8.91,7.28,11.48,8.4,8.61
1482000,8.85,7.24,11.51,8.55,8.68
1483000,9.0,7.21,11.69,8.62,8.53
1484000,9.08,7.22,11.48,8.54,8.69
1485000,9.01,7.32,11.34,8.52,8.6
1486000,9.28,7.36,11.82,8.59,8.8
1487000,9.29,7.39,12.02,8.46,8.69
1488000,9.37,7.39,12.08,8.43,8.66
1489000,9.42,7.29,12.14,8.51,8.95
1490000,9.41,7.28,12.09,8.51,8.87
1491000,9.75,7.28,12.14,8.53,9.09
1492000,9.63,7.32,12.04,8.56,8.93
1493000,9.91,7.28,12.04,8.57,9.09
1494000,10.16,7.25,11.95,8.51,9.0
1495000,10.21,7.21,12.05,8.4,8.93
1496000,10.19,7.2,12.28,8.33,8.79
1497000,10.22,7.28,12.41,8.42,8.89
1498000,10.18,7.24,11.86,8.43,8.95
1499000,10.11,7.32,11.64,8.27,8.61
1500000,10.17,7.23,11.25,8.41,8.83
1501000,10.18,7.18,11.4,8.34,8.76
1502000,10.22,7.07,11.19,8.19,8.79
1503000,10.32,7.11,11.04,8.27,8.81
1504000,10.42,7.06,11.2,8.32,8.81
1505000,10.27,7.05,10.94,8.25,8.85
1506000,10.08,7.08,10.99,8.3,9.07
1507000,10.06,7.06,10.62,8.19,8.76
1508000,10.07,7.08,10.44,8.18,8.72
1509000,10.19,7.15,10.88,8.31,8.76
1510000,10.17,7.19,11.06,8.25,8.69
1511000,10.15,7.28,11.14,8.24,8.56
1512000,10.1,7.16,10.94,8.27,8.4
1513000,10.1,7.21,10.77,8.22,8.37
1514000,9.96,7.19,11.18,8.25,8.22
1515000,10.1,7.2,10.65,8.39,8.16
1516000,10.1,7.11,11.09,8.27,8.17
1517000,10.25,7.08,10.73,8.39,8.12
1518000,10.37,7.19,11.01,8.47,8.27
1519000,10.29,7.22,10.9,8.44,8.24
1520000,10.32,7.29,9.91,8.53,8.42
1521000,10.4,7.38,9.92,8.5,8.36
1522000,10.49,7.46,10.0,8.59,8.16
1523000,10.68,7.48,10.16,8.53,8.31
1524000,10.55,7.5,9.56,8.51,8.38
1525000,10.65,7.54,9.59,8.68,8.29
1526000,10.71,7.66,9.75,8.72,8.2
1527000,10.47,7.76,9.62,8.73,8.03
1528000,10.53,7.72,9.85,8.71,8.05
1529000,10.29,7.75,9.75,8.76,7.99
1530000,10.1,7.66,9.89,8.8,8.22
1531000,10.29,7.4,10.58,8.81,8.53
1532000,10.34,7.44,10.99,8.79,8.86
1533000,10.28,7.55,11.01,8.85,8.84
1534000,10.24,7.48,11.25,8.85,8.77
1535000,10.16,7.62,11.12,8.85,8.95
1536000,10.01,7.57,11.3,8.82,8.97
1537000,9.68,7.7,10.87,8.62,8.94
1538000,9.79,7.7,11.06,8.49,8.91
1539000,9.97,7.83,11.13,8.48,8.59
1540000,9.91,8.17,11.1,8.39,8.26
1541000,10.08,8.14,11.0,8.43,8.27
1542000,10.07,8.09,11.09,8.33,8.24
1543000,9.92,8.15,10.74,8.25,8.21
1544000,9.79,8.15,10.36,8.1,8.15
1545000,9.68,8.14,10.3,8.08,8.26
1546000,9.83,7.99,10.56,8.16,8.41
1547000,9.71,7.92,10.91,8.34,8.42
1548000,9.95,7.83,11.07,8.54,8.4
1549000,9.73,7.83,11.19,8.5,8.46
1550000,9.53,7.86,11.25,8.55,8.55
1551000,9.54,8.04,11.24,8.44,8.55
1552000,9.48,8.1,11.06,8.51,8.35
1553000,9.5,8.18,11.0,8.37,8.3
1554000,9.49,8.16,11.04,8.34,8.22
1555000,9.43,8.16,10.96,8.34,8.2
1556000,9.63,8.2,11.26,8.38,8.05
1557000,9.49,8.22,11.04,8.38,8.04
1558000,9.44,8.19,11.13,8.39,8.24
1559000,9.4,8.13,10.98,8.36,8.31
1560000,9.52,8.2,10.81,8.27,8.29
1561000,9.5,8.2,11.08,8.36,8.28
1562000,9.58,8.18,10.79,8.29,8.41
1563000,9.61,8.01,11.0,8.48,8.52
1564000,9.52,8.1,11.34,8.47,8.57
1565000,9.48,8.16,11.01,8.28,8.83
1566000,9.5,8.06,11.06,8.19,8.98
1567000,9.6,8.04,11.19,8.25,8.93
1568000,9.59,7.99,10.96,8.23,8.92
1569000,9.64,7.91,10.63,8.25,8.88
1570000,9.54,7.83,10.7,8.44,8.87
1571000,9.69,7.79,10.76,8.34,8.63
1572000,9.84,7.96,10.8,8.46,8.67
1573000,9.9,7.94,10.69,8.45,8.64
1574000,9.67,7.97,10.87,8.52,8.72
1575000,9.7,7.95,10.83,8.61,8.47
1576000,9.85,8.11,10.98,8.53,8.61
1577000,9.85,8.17,10.65,8.46,8.68
1578000,9.79,8.03,10.89,8.47,8.6
1579000,9.77,7.98,10.79,8.11,8.65
1580000,9.91,8.08,11.05,7.94,8.82
1581000,9.95,8.12,11.32,7.79,8.95
1582000,9.99,8.09,11.38,7.76,9.0
1583000,10.07,8.13,11.11,7.67,9.01
1584000,10.11,8.16,11.04,7.76,8.84
1585000,10.16,7.98,11.43,7.81,8.94
1586000,10.29,7.95,11.11,7.86,8.98
1587000,10.21,8.0,11.21,7.69,8.62
1588000,10.14,8.12,11.22,7.6,8.55
1589000,10.13,7.99,11.33,7.85,8.49
1590000,9.98,8.0,11.03,8.0,8.29
1591000,9.98,7.98,10.91,8.08,8.41
1592000,9.86,7.89,10.84,8.14,8.19
1593000,9.88,7.88,10.8,8.2,8.43
1594000,9.8,7.86,10.79,8.09,8.35
1595000,9.77,7.87,10.69,8.28,8.33
1596000,9.62,7.76,10.5,8.29,8.31
1597000,9.71,7.77,10.39,8.44,8.51
1598000,9.8,7.85,10.35,8.51,8.69
1599000,9.87,7.76,10.06,8.83,8.74
1600000,9.83,7.78,10.15,8.77,8.64
1601000,9.76,7.87,10.35,8.61,8.66
1602000,9.66,7.86,10.62,8.52,8.69
1603000,9.78,7.94,10.69,8.56,8.72
1604000,9.69,7.99,10.84,8.69,8.63
1605000,9.52,8.1,10.63,8.52,8.68
1606000,9.47,8.21,10.73,8.51,8.91
1607000,9.46,8.24,10.79,8.25,8.94
1608000,9.48,8.26,10.75,8.2,8.98
1609000,9.39,8.32,11.07,8.24,8.95
1610000,9.14,8.18,10.84,8.28,9.03
1611000,9.08,8.14,10.95,8.39,9.17
1612000,9.2,8.2,10.98,8.48,9.21
1613000,9.12,8.11,10.91,8.39,9.11
1614000,9.09,8.02,10.98,8.29,9.11
1615000,8.96,8.1,11.42,8.44,8.91
1616000,9.07,8.27,11.23,8.44,8.94
1617000,9.01,8.11,11.32,8.55,8.93
1618000,9.08,8.16,11.66,8.54,8.95
1619000,8.85,8.16,11.97,8.64,9.14
1620000,9.04,8.09,11.96,8.65,8.87
1621000,9.28,7.99,11.67,8.61,8.92
1622000,9.36,8.11,12.09,8.64,8.88
1623000,9.34,8.22,12.23,8.7,9.15
1624000,9.43,8.11,12.3,8.7,9.2
1625000,9.59,8.01,11.93,8.69,9.31
1626000,9.62,8.14,11.41,8.74,9.39
1627000,9.58,8.18,11.24,8.77,9.31
1628000,9.78,8.08,11.19,8.83,9.28
1629000,9.77,8.18,11.26,8.76,9.05
1630000,9.98,8.2,11.05,8.72,8.91
1631000,10.04,8.19,11.12,8.67,8.86
1632000,9.88,8.04,11.05,8.78,8.89
1633000,9.86,7.95,11.62,8.82,8.66
1634000,9.74,7.85,11.42,8.81,8.73
1635000,9.87,7.85,11.28,8.72,8.81
1636000,9.8,7.89,11.57,8.74,8.67
1637000,9.81,7.97,11.78,8.76,8.61
1638000,9.91,8.0,11.87,8.64,8.68
1639000,9.91,8.01,11.7,8.66,8.82
1640000,9.96,7.87,11.76,8.72,9.2
1641000,9.95,8.1,11.38,8.6,9.28
1642000,10.04,7.93,11.17,8.56,9.16
1643000,10.04,8.13,11.01,8.6,9.44
1644000,10.26,8.15,11.06,8.53,9.34
1645000,10.39,8.21,11.07,8.72,9.13
1646000,10.55,8.03,11.03,8.58,9.16
1647000,10.6,8.03,10.98,8.42,9.19
1648000,10.49,8.08,11.26,8.41,9.26
1649000,10.68,8.2,11.31,8.43,9.04
1650000,10.55,7.94,11.51,8.42,8.78
1651000,10.44,7.98,11.69,8.45,8.67
1652000,10.31,8.16,11.77,8.53,8.47
1653000,10.46,8.04,11.81,8.35,8.28
1654000,10.39,8.12,12.02,8.23,8.27
1655000,10.43,8.07,12.29,8.19,8.47
1656000,10.36,8.0,12.74,8.26,8.41
1657000,10.28,8.13,12.45,8.18,8.77
1658000,10.38,8.23,12.52,8.27,8.74
1659000,10.11,8.29,12.29,8.1,8.69
1660000,10.06,8.4,12.36,8.02,8.81
1661000,10.02,8.35,12.07,7.92,8.85
1662000,10.04,8.28,12.08,8.19,9.04
1663000,10.04,8.46,11.94,8.25,9.15
1664000,10.11,8.45,11.74,8.47,9.23
1665000,10.15,8.54,12.02,8.52,8.95
1666000,10.26,8.62,11.85,8.6,8.81
1667000,10.32,8.66,11.61,8.66,8.52
1668000,10.27,8.48,11.61,8.77,8.49
1669000,10.37,8.47,11.53,8.74,8.52
1670000,10.42,8.63,11.64,8.92,8.64
1671000,10.54,8.57,11.63,8.99,8.5
1672000,10.68,8.65,11.38,9.03,8.66
1673000,10.9,8.57,11.7,8.93,8.67
1674000,10.64,8.56,11.97,8.83,8.63
1675000,10.72,8.65,11.98,8.76,8.9
1676000,10.7,8.61,11.83,8.81,8.98
1677000,10.7,8.47,11.93,8.72,8.94
1678000,10.33,8.51,11.46,8.8,9.15
1679000,10.4,8.5,11.3,8.67,9.23
1680000,10.57,8.12,11.22,8.73,9.39
1681000,10.49,8.09,11.17,8.76,9.65
1682000,10.46,8.06,11.02,8.67,9.57
1683000,10.57,8.1,11.12,8.82,9.58
1684000,10.67,7.97,11.11,8.71,9.53
1685000,10.66,7.89,11.14,8.7,9.23
1686000,10.73,8.0,10.9,8.71,9.44
1687000,10.87,8.06,11.29,8.77,9.47
1688000,11.14,8.05,10.77,8.73,9.34
1689000,11.09,8.18,11.26,8.79,9.13
1690000,10.98,8.34,11.79,8.69,8.94
1691000,10.97,8.47,12.03,8.6,8.53
1692000,10.67,8.48,11.84,8.58,8.8
1693000,10.63,8.36,11.75,8.45,8.8
1694000,10.46,8.48,11.57,8.4,8.72
1695000,10.6,8.45,11.71,8.45,8.8
1696000,10.64,8.32,11.55,8.35,8.69
1697000,10.57,8.27,11.44,8.4,8.8
1698000,10.58,8.36,11.71,8.41,8.84
1699000,10.49,8.31,11.38,8.35,8.88
1700000,10.33,8.31,11.11,8.28,8.72
1701000,10.24,8.29,10.83,8.34,8.67
1702000,10.14,8.23,10.62,8.45,8.6
1703000,10.32,8.23,10.91,8.52,8.36
1704000,10.41,8.22,10.84,8.57,8.39
1705000,10.18,8.3,11.1,8.59,8.83
1706000,10.19,8.51,11.01,8.54,8.86
1707000,10.01,8.53,11.27,8.64,8.56
1708000,9.93,8.55,10.95,8.71,8.84
1709000,9.94,8.65,10.99,8.75,8.82
1710000,9.69,8.6,11.05,8.9,8.96
1711000,9.55,8.58,11.18,9.01,8.98
1712000,9.74,8.72,11.68,9.04,8.93
1713000,9.79,8.74,11.58,9.06,9.08
1714000,9.87,8.85,11.64,9.13,9.07
1715000,9.88,8.98,11.53,9.05,8.76
1716000,9.87,8.87,11.45,9.01,8.59
1717000,10.02,8.76,11.46,8.94,8.59
1718000,10.17,8.74,11.34,8.84,8.51
1719000,10.02,8.72,11.13,8.68,8.62
1720000,9.98,8.8,11.61,8.57,8.45
1721000,9.93,8.9,11.91,8.53,8.51
1722000,10.21,8.88,11.79,8.49,8.71
1723000,10.51,8.86,11.94,8.4,8.83
1724000,10.39,8.81,12.07,8.28,8.74
1725000,10.38,8.56,11.78,8.4,9.07
1726000,10.39,8.44,11.21,8.23,9.28
1727000,10.02,8.42,11.23,8.26,9.24
1728000,10.24,8.4,11.3,8.22,9.38
1729000,10.25,8.26,11.37,8.22,9.13
1730000,10.11,8.23,11.32,8.28,9.27
1731000,10.15,8.03,11.48,8.34,9.08
1732000,10.12,7.93,11.16,8.33,9.42
1733000,10.16,8.06,11.11,8.39,9.24
1734000,10.13,7.83,11.22,8.46,9.4
1735000,10.06,7.86,10.95,8.25,9.18
1736000,10.25,8.0,10.8,8.53,9.07
1737000,10.17,8.0,11.09,8.45,9.23
1738000,10.08,8.12,11.41,8.4,9.27
1739000,10.44,8.19,11.12,8.29,9.29
1740000,10.58,8.31,10.91,8.24,9.34
1741000,10.56,8.43,11.27,8.15,9.46
1742000,10.65,8.42,11.01,8.12,9.26
1743000,10.84,8.25,10.67,7.81,9.47
1744000,10.87,8.27,10.62,7.92,9.2
1745000,10.57,8.39,10.75,7.87,9.34
1746000,10.69,8.48,10.78,7.91,9.42
1747000,10.62,8.54,10.98,7.94,9.55
1748000,10.52,8.55,10.85,8.07,9.58
1749000,10.64,8.49,10.56,8.41,9.59
1750000,10.56,8.34,10.61,8.32,9.68
1751000,10.69,8.31,10.77,8.44,9.54
1752000,10.6,8.34,10.37,8.49,9.87
1753000,10.5,8.35,10.53,8.94,9.57
1754000,10.51,8.41,10.58,8.84,9.64
1755000,10.3,8.33,10.94,8.7,9.42
1756000,10.36,8.32,10.76,8.76,9.26
1757000,10.6,8.35,10.68,8.59,9.23
1758000,10.47,8.28,10.95,8.58,9.19
1759000,10.56,8.13,10.8,8.37,9.06
1760000,10.6,8.21,10.95,8.47,9.03
1761000,10.5,8.05,11.22,8.31,9.33
1762000,10.56,8.2,11.37,8.32,9.12
1763000,10.29,8.22,11.34,8.31,9.22
1764000,10.09,8.06,11.2,8.42,8.97
1765000,10.11,8.07,11.29,8.35,9.04
1766000,10.18,7.94,11.33,8.45,9.27
1767000,10.17,8.02,11.03,8.58,9.4
1768000,10.28,8.11,11.1,8.78,9.09
1769000,10.22,7.96,11.27,8.85,9.33
1770000,10.18,7.96,11.39,9.03,9.33
1771000,10.21,8.0,11.45,8.97,9.13
1772000,10.03,7.96,11.73,9.04,9.37
1773000,10.12,8.1,11.27,9.0,9.57
1774000,10.04,8.14,11.59,8.82,9.75
1775000,10.28,8.22,11.67,8.91,9.63
1776000,10.27,8.31,11.83,9.05,9.73
1777000,10.4,8.37,11.51,9.01,9.5
1778000,10.25,8.39,11.57,8.99,9.45
1779000,10.14,8.4,11.39,8.81,9.26
1780000,10.01,8.57,11.28,8.8,9.16
1781000,9.92,8.55,10.99,8.64,9.2
1782000,9.87,8.59,11.14,8.68,9.34
1783000,10.03,8.4,11.06,8.6,9.25
1784000,10.07,8.56,11.15,8.75,9.21
1785000,10.09,8.48,11.22,8.65,9.24
1786000,10.04,8.5,10.97,8.69,9.37
1787000,9.94,8.31,10.96,8.54,9.02
1788000,10.07,8.37,11.08,8.34,9.19
1789000,10.07,8.29,11.22,8.53,9.41
1790000,10.2,8.26,11.31,8.47,9.62
1791000,10.25,8.3,11.03,8.59,9.71
1792000,10.23,8.38,11.25,8.61,9.78
1793000,10.32,8.62,11.0,8.61,9.31
1794000,10.4,8.73,10.84,8.72,9.27
1795000,10.1,8.65,10.71,8.59,9.17
1796000,10.11,8.92,10.5,8.66,9.05
1797000,9.97,8.86,10.58,8.77,9.3
1798000,9.82,9.01,10.53,8.99,9.16
1799000,9.95,9.06,10.57,8.73,9.33
1800000,9.81,9.26,10.77,8.84,9.33
1801000,9.62,9.39,10.97,8.7,9.39
1802000,9.56,9.39,10.8,8.58,9.41
1803000,9.54,9.16,11.02,8.49,9.65
1804000,9.64,9.07,11.18,8.49,9.82
1805000,9.7,9.02,11.15,8.61,9.86
1806000,9.61,8.76,11.26,8.79,9.88
1807000,9.69,8.86,11.6,8.76,10.22
1808000,9.61,8.61,11.81,8.74,10.18
1809000,9.59,8.76,12.26,8.73,10.0
1810000,9.67,8.71,12.38,9.05,10.03
1811000,9.86,8.7,12.48,9.05,9.81
1812000,9.87,8.52,12.22,8.89,9.55
1813000,10.09,8.7,12.04,8.83,9.41
1814000,10.33,8.74,12.37,8.91,9.46
1815000,10.45,8.62,12.53,9.02,9.28
1816000,10.36,8.98,12.8,9.0,9.46
1817000,10.34,8.78,12.46,8.86,9.06
1818000,10.35,8.64,12.84,8.93,8.98
1819000,10.44,8.54,12.8,8.9,8.78
1820000,10.58,8.45,12.19,8.78,9.04
1821000,10.71,8.5,11.84,8.72,8.91
1822000,10.86,8.58,11.56,8.83,8.72
1823000,10.88,8.75,11.42,8.89,8.89
1824000,10.88,8.67,11.47,9.08,9.02
1825000,10.79,8.63,11.9,8.93,9.14
1826000,10.69,8.62,11.77,8.9,9.04
1827000,10.5,8.67,11.61,8.94,9.19
1828000,10.52,8.8,11.68,8.94,9.14
1829000,10.77,8.87,11.77,8.97,9.49
1830000,10.83,8.88,11.32,8.87,9.54
1831000,10.64,8.74,11.21,8.82,9.59
1832000,10.71,8.72,11.49,8.93,9.61
1833000,10.68,8.61,11.72,9.0,8.96
1834000,10.57,8.81,11.87,8.81,8.76
1835000,10.65,8.87,11.53,8.72,8.89
1836000,10.26,9.03,11.49,8.69,8.85
1837000,10.3,8.88,11.33,8.58,9.04
1838000,10.41,8.78,11.24,8.54,8.9
1839000,10.25,8.7,11.11,8.42,8.85
1840000,9.97,8.65,10.52,8.61,8.85
1841000,9.8,8.66,10.56,8.69,8.97
1842000,9.77,8.69,10.61,8.71,8.94
1843000,9.68,8.71,10.9,8.43,9.15
1844000,9.61,8.48,10.86,8.43,9.26
1845000,9.52,8.43,11.1,8.68,9.31
1846000,9.42,8.32,11.33,8.58,9.42
1847000,9.65,8.4,11.61,8.7,9.3
1848000,9.57,8.42,11.58,8.68,9.16
1849000,9.5,8.52,11.34,8.79,9.04
1850000,9.7,8.56,11.56,8.79,9.09
1851000,9.84,8.73,12.02,8.8,9.04
1852000,10.06,8.51,12.08,8.85,9.21
1853000,10.16,8.34,12.45,8.93,9.07
1854000,10.25,8.45,12.45,8.91,8.6
1855000,10.32,8.41,12.17,8.97,8.71
1856000,10.44,8.67,11.7,9.07,8.8
1857000,10.53,8.68,11.57,9.11,8.89
1858000,10.66,8.77,11.86,9.15,9.35
1859000,10.72,8.49,11.65,9.06,9.33
1860000,10.76,8.55,11.64,9.04,9.27
1861000,10.8,8.51,11.82,9.06,9.62
1862000,10.63,8.73,11.52,8.98,9.44
1863000,10.38,8.94,11.52,9.1,9.55
1864000,10.42,9.01,11.59,9.23,9.83
1865000,10.54,8.88,11.14,9.35,9.87
1866000,10.53,8.64,10.97,9.4,9.75
1867000,10.56,8.55,11.11,9.31,9.59
1868000,10.55,8.63,11.23,9.38,8.87
1869000,10.54,8.87,11.35,9.39,8.79
1870000,10.41,9.04,11.23,9.48,8.82
1871000,10.3,8.93,10.94,9.42,8.65
1872000,10.32,8.89,10.52,9.32,8.91
1873000,10.31,8.76,10.71,9.28,8.74
1874000,10.49,8.82,10.63,9.21,8.95
1875000,10.65,9.1,10.58,9.24,8.97
1876000,10.53,9.3,10.92,9.16,9.21
1877000,10.33,9.23,10.98,9.1,9.26
1878000,10.22,9.06,10.61,9.2,9.22
1879000,10.3,9.1,10.53,9.1,9.2
1880000,10.08,8.98,10.65,9.12,9.0
1881000,10.05,8.85,10.93,8.97,8.89
1882000,10.17,8.75,11.16,9.25,8.83
1883000,10.18,9.0,11.18,9.29,8.47
1884000,10.23,8.55,10.78,9.38,8.4
1885000,10.22,8.39,10.92,9.28,8.28
1886000,9.97,8.38,11.22,9.22,8.44
1887000,9.94,8.46,11.1,9.14,8.64
1888000,10.05,8.61,11.32,9.06,8.79
1889000,9.96,8.76,11.46,9.01,8.54
1890000,9.74,8.69,11.75,9.1,8.74
1891000,9.78,8.75,11.51,9.12,8.85
1892000,9.97,8.71,11.13,9.13,9.13
1893000,10.02,8.76,11.0,9.1,9.34
1894000,10.18,8.7,11.03,9.12,9.4
1895000,10.13,8.73,11.45,9.03,9.66
1896000,10.11,8.93,11.29,9.13,9.71
1897000,10.15,8.87,11.07,9.12,9.52
1898000,10.28,9.14,10.91,9.15,9.68
1899000,10.32,9.03,11.31,9.27,9.46
1900000,10.01,9.16,11.11,9.3,9.72
1901000,10.14,9.13,11.35,9.15,9.62
1902000,10.16,9.43,11.19,9.22,9.42
1903000,10.18,9.48,11.71,9.22,9.46
1904000,10.25,9.39,11.77,9.14,9.51
1905000,10.27,9.76,11.76,9.15,9.42
1906000,10.08,9.95,11.8,9.25,9.55
1907000,10.14,9.81,11.92,9.22,9.77
1908000,9.68,9.62,12.15,9.25,10.05
1909000,9.48,9.41,12.23,9.35,10.09
1910000,9.4,9.77,12.12,9.28,9.9
1911000,9.58,9.86,11.82,9.23,9.8
1912000,9.58,10.13,11.98,9.29,9.48
1913000,9.65,10.04,11.95,9.31,9.53
1914000,9.65,9.97,12.55,9.24,9.34
1915000,9.76,10.08,12.5,9.29,8.98
1916000,9.6,10.2,12.22,9.38,8.74
1917000,9.72,9.82,12.33,9.4,8.84
1918000,9.7,10.04,12.62,9.41,9.38
1919000,9.78,9.92,12.38,9.42,9.25
1920000,10.1,10.19,12.36,9.43,9.37
1921000,10.33,9.5,12.35,9.46,9.53
1922000,10.44,9.57,12.56,9.47,9.78
1923000,10.45,9.53,12.67,9.48,9.93
1924000,10.56,10.02,12.58,9.38,9.94
1925000,10.76,10.22,12.94,9.37,10.15
1926000,10.79,10.08,12.7,9.37,10.26
1927000,10.81,10.49,12.57,9.34,9.97
1928000,10.91,10.25,12.43,9.27,9.51
1929000,10.93,10.12,12.56,9.2,9.3
1930000,10.94,10.42,12.27,9.21,9.17
1931000,10.92,10.5,12.4,9.21,9.22
1932000,11.09,10.44,12.49,9.21,8.96
1933000,11.12,10.35,12.39,9.35,8.9
1934000,11.22,9.9,12.3,9.21,8.86
1935000,11.23,9.81,12.23,9.16,9.15
1936000,11.38,9.75,12.17,9.2,9.11
1937000,11.31,9.17,11.88,9.1,9.2
1938000,11.16,8.97,11.51,8.88,9.21
1939000,11.14,8.39,10.99,8.79,9.62
1940000,11.08,7.9,11.18,8.87,9.95
1941000,10.87,8.17,11.07,8.87,10.01
1942000,11.0,8.21,10.97,8.81,9.98
1943000,10.9,8.15,10.79,8.79,10.42
1944000,10.85,8.52,10.73,8.75,10.56
1945000,10.89,8.24,10.92,8.74,10.53
1946000,10.89,8.44,11.02,8.61,10.69
1947000,10.73,8.7,11.23,8.8,10.85
1948000,10.64,8.9,11.3,8.94,11.06
1949000,10.65,9.28,11.65,9.08,11.36
1950000,10.57,9.69,11.85,9.07,11.21
1951000,10.54,9.8,11.8,8.98,11.36
1952000,10.63,9.89,11.69,8.95,11.29
1953000,10.89,10.29,12.24,9.01,11.6
1954000,10.63,9.82,12.41,9.07,11.61
1955000,10.53,9.67,12.53,9.09,11.28
1956000,10.7,9.47,12.71,9.14,11.39
1957000,10.87,9.26,12.78,9.05,11.63
1958000,10.73,9.16,12.86,9.01,11.25
1959000,10.68,8.6,12.33,8.79,10.88
1960000,10.51,8.46,12.16,8.7,10.59
1961000,10.4,8.13,12.41,8.76,10.44
1962000,10.73,8.04,12.39,8.8,10.08
1963000,10.6,8.44,12.68,8.66,9.96
1964000,10.59,8.53,12.62,8.47,9.87
1965000,10.24,8.86,12.37,8.62,9.62
1966000,10.16,9.37,12.49,8.76,9.76
1967000,9.91,9.73,12.05,8.92,9.66
1968000,9.69,9.91,11.6,8.85,9.6
1969000,9.68,10.01,11.56,8.92,9.76
1970000,9.83,10.37,11.7,8.93,9.84
1971000,10.1,10.69,11.88,8.98,9.91
1972000,10.07,10.91,11.7,8.71,10.08
1973000,10.08,10.93,11.4,8.76,10.26
1974000,10.13,10.33,11.08,8.83,10.38
1975000,10.11,10.31,10.95,8.89,10.34
1976000,10.13,10.49,11.09,8.84,10.7
1977000,10.32,10.01,10.58,8.93,10.2
1978000,10.42,10.07,10.57,8.81,10.13
1979000,10.6,10.04,10.47,8.95,10.31
1980000,10.73,10.44,10.68,9.11,10.45
1981000,10.78,10.72,10.44,9.15,10.42
1982000,10.71,10.56,10.47,9.24,10.33
1983000,10.49,10.41,10.35,9.54,10.64
1984000,10.63,10.37,10.27,9.66,10.54
1985000,10.62,10.38,10.34,9.62,10.45
1986000,10.54,10.52,10.33,9.63,10.08
1987000,10.66,10.29,10.33,9.56,10.24
1988000,10.75,10.72,10.77,9.62,10.23
1989000,10.67,10.58,10.92,9.62,10.46
1990000,10.81,10.62,10.82,9.55,10.55
1991000,10.87,10.3,11.03,9.54,10.79
1992000,10.89,9.69,11.03,9.42,10.75
1993000,10.83,9.56,10.78,9.13,10.77
1994000,10.92,9.64,10.85,9.11,10.66
1995000,10.94,9.68,11.26,9.22,10.95
1996000,11.02,9.7,11.62,9.1,11.0
1997000,11.02,9.7,11.79,9.12,11.02
1998000,10.82,9.92,11.63,8.9,10.77
1999000,10.86,10.25,11.74,8.56,10.6
2000000,10.73,10.31,11.81,8.8,10.14
2001000,10.62,10.36,12.0,8.73,9.83
2002000,10.41,10.1,12.18,8.76,9.93
2003000,10.42,10.45,12.45,9.05,9.81
2004000,10.28,10.83,12.34,8.97,9.81
2005000,10.57,10.82,12.73,8.93,9.29
2006000,10.45,11.41,13.16,8.85,9.53
2007000,10.56,11.79,13.24,8.84,9.68
2008000,10.6,11.85,12.98,8.8,10.07
2009000,10.51,11.7,12.76,9.05,10.02
2010000,10.36,11.83,12.74,9.29,9.94
2011000,10.4,11.44,12.7,9.32,10.16
2012000,10.48,11.64,12.26,9.4,10.35
2013000,10.66,11.54,11.82,9.38,10.29
2014000,10.72,11.64,11.92,9.37,9.96
2015000,10.68,11.53,11.71,9.57,9.9
2016000,10.66,11.74,11.91,9.53,9.9
2017000,10.6,11.66,11.83,9.61,9.94
2018000,10.49,11.61,11.42,9.54,9.96
2019000,10.49,11.13,11.28,9.79,9.84
2020000,10.41,10.99,11.05,9.71,10.12
2021000,10.53,10.95,10.83,9.71,10.11
2022000,10.86,10.79,11.2,9.68,9.9
2023000,10.97,10.44,11.26,9.81,9.88
2024000,11.04,10.78,11.41,9.82,9.58
2025000,11.01,10.61,11.61,9.71,9.88
2026000,11.02,10.62,11.35,9.57,9.55
2027000,11.35,10.47,11.18,9.56,9.39
2028000,11.32,10.07,10.87,9.74,9.71
2029000,11.32,9.79,10.76,9.62,9.2
2030000,11.32,10.12,11.17,9.67,8.92
2031000,11.39,10.33,11.34,9.71,8.63
2032000,11.4,9.92,11.41,9.72,8.82
2033000,11.23,9.78,11.58,9.68,9.01
2034000,11.16,9.74,11.44,9.69,9.26
2035000,10.97,9.77,11.28,9.46,9.29
2036000,10.73,9.81,11.39,9.52,9.6
2037000,10.62,9.98,11.3,9.68,9.65
2038000,10.59,10.1,11.6,9.77,9.82
2039000,10.46,10.17,11.65,9.73,10.14
2040000,10.52,10.45,11.96,9.78,10.53
2041000,10.5,10.41,12.15,9.85,10.61
2042000,10.52,10.47,12.01,9.84,10.82
2043000,10.63,10.62,11.93,9.92,10.65
2044000,10.62,10.87,12.16,10.04,10.53
2045000,10.63,11.14,11.99,10.02,10.35
2046000,10.73,11.52,12.13,10.05,10.12
2047000,10.8,11.68,12.1,10.28,10.42
2048000,10.9,11.46,11.82,10.49,9.95
2049000,10.81,11.72,11.15,10.3,8.91
2050000,10.75,11.78,11.28,10.38,8.61
2051000,10.83,11.84,10.95,10.35,8.79
2052000,10.66,11.83,11.03,10.25,8.93
2053000,10.65,12.11,10.98,10.2,9.05
2054000,10.81,11.93,11.04,10.19,9.61
2055000,10.79,11.79,10.99,10.11,9.68
2056000,10.6,12.01,10.65,10.12,10.05
2057000,10.61,12.02,10.74,9.86,9.59
2058000,10.45,12.1,10.77,9.88,9.88
2059000,10.55,11.75,11.05,9.55,10.17
2060000,10.54,11.9,11.38,9.49,10.36
2061000,10.42,12.02,11.44,9.42,10.82
2062000,10.52,11.9,11.34,9.47,11.12
2063000,10.33,12.05,11.44,9.51,11.42
2064000,10.46,11.65,11.26,9.59,11.23
2065000,10.39,11.6,11.33,9.52,11.14
2066000,10.17,11.5,11.26,9.42,10.84
2067000,10.15,11.72,11.49,8.98,10.75
2068000,10.1,11.27,11.82,8.97,11.05
2069000,10.15,11.34,11.79,8.97,10.87
2070000,10.14,11.23,11.91,9.0,11.25
2071000,10.15,11.5,12.05,8.96,11.22
2072000,10.26,11.28,12.2,9.06,11.07
2073000,10.4,11.19,12.26,9.08,10.56
2074000,10.32,11.1,12.57,9.13,10.18
2075000,10.48,10.87,12.75,8.88,10.22
2076000,10.5,11.14,12.71,8.84,10.16
2077000,10.36,11.37,12.96,8.99,10.33
2078000,10.43,11.7,13.07,9.11,10.49
2079000,10.5,11.65,13.22,9.2,10.49
2080000,10.6,11.51,12.8,9.26,10.52
2081000,10.7,11.27,12.99,9.43,10.24
2082000,10.71,11.35,12.92,9.37,10.23
2083000,10.77,11.48,13.13,9.47,10.41
2084000,10.81,11.95,13.26,9.45,10.57
2085000,10.7,12.09,13.4,9.37,10.32
2086000,10.64,12.15,13.42,9.29,10.54
2087000,10.64,12.3,13.48,9.32,10.65
2088000,10.44,12.66,13.32,9.37,10.77
2089000,10.55,12.88,13.28,9.57,10.06
2090000,10.62,12.82,12.75,9.62,10.11
2091000,10.53,12.19,12.45,9.57,9.8
2092000,10.67,12.29,12.8,9.71,9.61
2093000,10.66,12.74,12.86,9.7,9.63
2094000,10.5,12.94,12.89,9.5,9.8
2095000,10.39,12.78,13.05,9.48,9.98
2096000,10.32,12.75,12.92,9.46,9.66
2097000,10.48,12.79,12.91,9.68,9.59
2098000,10.66,12.54,12.57,9.65,9.91
2099000,10.43,12.66,12.48,9.84,10.15
2100000,10.57,12.84,12.71,9.94,10.0
2101000,10.59,13.26,12.52,9.96,10.12
2102000,10.5,13.07,12.85,10.19,10.3
2103000,10.47,12.83,12.82,10.22,10.58
2104000,10.45,13.16,12.3,10.16,10.67
2105000,10.38,13.26,12.31,10.21,10.15
2106000,10.52,13.07,12.14,10.5,10.31
2107000,10.71,12.76,11.55,10.49,9.62
2108000,10.66,12.88,11.33,10.53,9.0
2109000,10.62,13.03,11.04,10.42,9.15
2110000,10.72,12.3,11.25,10.46,9.34
2111000,10.85,12.12,10.88,10.61,9.04
2112000,10.88,11.89,11.02,10.7,8.9
2113000,10.94,11.95,11.05,10.67,8.57
2114000,11.06,11.78,11.16,10.55,8.58
2115000,11.07,12.34,11.13,10.61,8.71
2116000,11.09,12.23,11.6,10.64,8.66
2117000,11.0,12.18,11.48,10.6,9.17
2118000,10.92,12.43,11.05,10.39,9.27
2119000,10.73,11.9,11.36,10.35,9.2
2120000,10.58,12.04,11.57,10.35,8.86
2121000,10.53,11.57,11.67,10.2,9.14
2122000,10.29,11.72,11.68,10.2,9.14
2123000,10.26,11.93,11.46,10.22,9.52
2124000,10.53,11.86,11.51,10.12,9.45
2125000,10.6,11.78,11.54,10.13,9.62
2126000,10.69,12.2,11.12,10.04,9.99
2127000,10.72,11.49,11.05,9.87,10.25
2128000,10.92,11.66,11.08,9.67,10.22
2129000,10.93,11.87,11.38,9.78,10.49
2130000,10.91,11.71,11.72,10.06,10.59
2131000,10.78,11.94,11.72,10.07,10.94
2132000,10.8,12.31,11.64,10.07,10.7
2133000,11.12,12.37,11.88,10.18,10.5
2134000,11.1,12.42,11.72,10.24,10.31
2135000,11.27,12.74,11.63,10.04,10.22
2136000,11.22,12.66,11.9,10.05,10.12
2137000,11.01,12.98,11.79,10.05,10.18
2138000,10.94,12.36,12.14,10.0,10.21
2139000,10.83,12.45,12.27,10.23,10.07
2140000,10.62,12.49,12.43,10.28,9.84
2141000,10.56,12.62,12.43,10.37,9.97
2142000,10.55,12.52,12.59,10.42,10.14
2143000,10.82,12.66,12.63,10.16,9.94
2144000,11.11,12.43,12.53,10.27,10.3
2145000,11.07,12.71,12.32,10.23,10.43
2146000,11.05,12.53,12.41,10.27,10.79
2147000,11.06,12.64,12.56,10.44,10.69
2148000,11.1,13.03,12.51,10.62,10.91
2149000,10.89,13.0,12.24,10.6,10.77
2150000,10.79,12.83,12.16,10.91,10.97
2151000,10.6,13.02,12.22,10.83,11.04
2152000,10.51,13.02,12.54,10.73,10.86
2153000,10.5,12.99,12.65,10.69,10.67
2154000,10.92,13.0,12.73,10.6,10.89
2155000,10.77,13.17,12.73,10.56,10.66
2156000,10.46,13.18,12.33,10.66,10.68
2157000,10.38,12.71,12.42,10.73,10.57
2158000,10.27,12.25,12.92,10.75,10.69
2159000,10.14,12.85,12.82,10.6,10.36
2160000,10.16,12.99,12.76,10.25,10.52
2161000,10.16,12.49,12.97,10.06,10.43
2162000,10.33,12.48,12.84,10.11,10.52
2163000,10.47,12.75,12.81,10.18,10.76
2164000,10.52,12.93,12.51,10.21,11.09
2165000,10.61,12.77,12.73,10.45,11.43
2166000,10.26,13.18,12.71,10.43,11.39
2167000,10.17,13.52,12.86,10.57,11.51
2168000,10.02,13.35,12.57,10.73,11.58
2169000,10.02,13.29,12.88,10.51,11.35
2170000,9.95,13.59,12.79,10.6,11.76
2171000,9.98,13.93,12.35,10.71,11.76
2172000,10.22,13.63,12.42,10.61,12.01
2173000,10.24,12.89,12.48,10.83,12.01
2174000,10.28,12.71,12.51,10.83,11.83
2175000,10.38,12.64,12.4,10.94,11.62
2176000,10.44,12.38,12.63,10.87,11.6
2177000,10.39,11.75,12.72,10.74,11.26
2178000,10.54,11.46,12.54,9.89,11.36
2179000,10.62,10.85,12.19,9.33,11.25
2180000,10.82,9.98,11.94,8.88,11.37
2181000,11.03,9.67,12.12,9.05,10.8
2182000,10.95,9.15,11.87,8.89,10.7
2183000,11.18,9.45,12.06,8.97,10.44
2184000,11.2,9.28,12.31,8.86,10.3
2185000,11.28,8.75,12.5,8.23,10.62
2186000,11.33,8.44,12.44,8.35,10.34
2187000,11.15,8.49,12.76,8.48,10.42
2188000,11.06,8.59,12.95,8.79,10.64
2189000,10.99,8.57,12.82,9.13,10.08
2190000,11.02,8.8,12.75,9.3,9.98
2191000,11.12,9.13,12.7,9.36,10.39
2192000,10.93,9.06,12.86,9.24,10.67
2193000,10.85,9.06,13.09,9.44,10.56
2194000,10.92,9.14,13.02,9.47,10.64
2195000,11.1,9.35,12.59,9.42,10.66
2196000,10.88,9.96,12.75,9.71,10.52
2197000,10.96,10.28,12.93,9.74,10.63
2198000,10.88,10.59,13.02,9.33,10.61
2199000,10.97,11.05,13.06,9.46,10.79
2200000,11.02,11.16,12.75,9.53,11.31
2201000,11.06,11.1,12.65,9.81,11.5
2202000,11.1,11.31,12.67,9.86,11.36
2203000,10.82,11.47,12.65,9.91,10.94
2204000,10.83,11.72,12.55,9.88,10.93
2205000,10.8,11.6,12.12,9.75,10.8
2206000,10.87,11.54,11.9,9.93,10.78
2207000,10.66,11.9,12.17,9.94,10.69
2208000,10.63,11.91,12.02,9.89,10.61
2209000,10.45,12.31,11.4,9.82,10.57
2210000,10.45,12.45,11.51,10.01,10.92
2211000,10.58,12.3,11.41,9.93,10.14
2212000,10.42,12.23,11.62,10.08,10.18
2213000,10.38,12.66,11.77,9.92,10.48
2214000,10.44,13.07,11.81,9.99,10.64
2215000,10.7,12.75,11.97,10.01,10.76
2216000,10.66,12.51,12.04,9.82,10.69
2217000,10.84,12.22,12.25,9.82,10.76
2218000,10.82,12.79,12.43,10.03,10.97
2219000,10.84,13.07,12.65,10.05,11.11
2220000,10.81,12.67,12.66,10.07,11.14
2221000,10.77,12.81,13.22,10.15,10.59
2222000,10.96,12.51,13.3,10.26,10.79
2223000,10.93,12.57,13.35,10.18,11.03
2224000,10.84,12.81,13.24,10.13,11.25
2225000,10.74,12.6,13.18,10.14,11.27
2226000,10.71,12.69,13.06,10.09,11.23
2227000,10.8,12.34,13.01,10.25,11.48
2228000,10.71,12.9,13.27,10.64,11.69
2229000,10.7,13.03,13.28,10.96,11.55
2230000,10.59,12.93,13.54,10.7,11.09
2231000,10.72,13.25,13.11,10.55,11.19
2232000,10.65,13.34,13.04,10.48,11.12
2233000,10.95,13.62,12.28,10.46,11.29
2234000,11.08,13.28,12.49,10.52,11.21
2235000,11.0,13.12,12.12,10.65,10.86
2236000,10.95,13.29,12.07,10.79,10.7
2237000,11.13,13.31,11.83,10.5,10.96
2238000,11.16,13.47,11.75,10.59,10.54
2239000,11.2,13.57,11.85,10.6,10.5
2240000,11.1,13.59,11.64,10.35,10.68
2241000,11.29,13.87,11.54,10.2,10.44
2242000,11.32,14.12,11.49,10.28,10.79
2243000,11.35,14.05,11.87,10.33,10.76
2244000,11.21,14.19,11.63,10.39,10.63
2245000,10.96,13.86,11.86,10.52,10.9
2246000,10.95,13.57,11.66,10.53,11.16
2247000,10.78,13.63,11.88,10.69,11.18
2248000,10.75,13.75,11.47,10.79,11.27
2249000,10.7,13.49,11.53,10.69,11.45
2250000,10.47,12.59,11.16,10.78,11.24
2251000,10.4,11.89,10.7,10.7,11.21
2252000,10.37,11.87,10.99,10.75,11.1
2253000,10.39,11.42,10.72,10.8,10.87
2254000,10.31,10.94,10.73,10.83,10.64
2255000,10.23,10.78,10.7,10.83,10.65
2256000,10.38,10.96,10.8,10.78,10.5
2257000,10.72,11.2,11.0,10.62,10.58
2258000,10.71,11.73,11.17,10.58,10.08
2259000,10.63,11.72,11.53,10.24,9.61
2260000,10.52,11.99,11.68,10.16,9.72
2261000,10.55,11.99,11.78,10.35,9.25
2262000,10.69,12.58,12.06,10.24,9.43
2263000,10.73,12.92,11.96,10.42,9.19
2264000,10.72,12.88,11.45,10.46,9.18
2265000,10.65,13.05,11.45,10.54,9.18
2266000,10.61,13.09,11.57,10.74,9.4
2267000,10.72,13.33,11.7,10.49,9.23
2268000,10.77,13.52,11.94,10.55,9.42
2269000,10.75,13.67,11.83,10.57,9.65
2270000,10.65,13.42,11.46,10.87,9.74
2271000,10.81,13.09,11.45,10.93,10.15
2272000,11.16,12.89,11.6,11.03,10.17
2273000,11.45,12.72,11.91,11.16,10.5
2274000,11.5,13.05,12.4,10.96,10.93
2275000,11.41,12.68,12.24,11.15,11.2
2276000,11.15,12.63,12.51,11.11,11.16
2277000,11.21,12.82,12.67,11.04,11.37
2278000,11.46,12.98,12.76,10.9,10.96
2279000,11.52,13.2,12.68,10.68,11.27
2280000,11.52,13.37,12.73,10.8,11.58
2281000,11.43,13.24,12.6,10.72,11.81
2282000,11.39,13.41,12.61,10.49,11.66
2283000,11.45,13.62,12.41,10.12,11.54
2284000,11.29,13.85,12.58,9.99,11.95
2285000,10.91,13.87,12.35,9.89,11.95
2286000,11.06,13.78,11.8,10.12,12.01
2287000,11.09,13.98,12.06,9.99,12.19
2288000,11.04,13.78,11.94,10.01,12.08
2289000,11.11,13.99,11.75,10.16,12.13
2290000,11.09,14.39,11.97,10.26,12.41
2291000,11.02,14.27,11.87,10.44,12.17
2292000,10.78,13.42,11.91,10.51,12.28
2293000,10.72,13.21,11.73,10.38,12.1
2294000,10.77,13.47,12.09,10.55,12.02
2295000,10.72,12.94,12.04,10.84,12.22
2296000,10.77,12.74,12.22,10.82,12.24
2297000,10.61,12.94,11.84,10.82,11.85
2298000,10.38,12.87,11.73,10.52,11.63
2299000,10.53,13.24,12.08,10.44,11.35
2300000,10.47,13.09,11.93,10.43,11.12
2301000,10.34,12.59,12.21,10.25,10.96
2302000,10.23,12.77,12.37,10.29,10.71
2303000,10.18,12.45,12.57,10.3,10.54
2304000,10.25,12.62,12.41,10.39,10.46
2305000,10.33,13.1,12.57,10.42,10.41
2306000,9.97,13.05,12.83,10.4,9.99
2307000,9.98,13.15,12.68,10.4,10.25
2308000,10.17,12.85,13.17,10.29,10.19
2309000,10.37,13.25,12.95,10.44,10.09
2310000,10.4,13.28,13.24,10.68,10.52
2311000,10.42,13.23,13.45,10.93,10.99
2312000,10.3,12.75,13.35,10.81,10.71
2313000,10.34,12.86,13.5,10.74,10.49
2314000,10.39,13.18,13.33,10.67,10.02
2315000,10.39,13.3,13.19,10.65,10.31
2316000,10.31,13.05,13.09,10.58,10.12
2317000,10.36,13.6,12.79,10.59,10.17
2318000,10.62,13.44,12.56,10.59,10.27
2319000,10.54,13.68,12.67,10.59,10.5
2320000,10.7,14.0,12.76,10.45,10.29
2321000,10.72,13.7,12.54,10.66,10.15
2322000,10.62,13.74,12.05,10.46,9.98
2323000,10.63,13.38,11.85,10.51,10.16
2324000,10.87,13.49,12.31,10.57,10.14
2325000,11.01,13.41,12.47,10.83,10.53
2326000,10.94,13.1,12.61,10.96,10.63
2327000,10.94,13.02,12.6,11.03,10.88
2328000,11.09,13.02,12.73,11.03,11.05
2329000,11.13,13.39,12.72,11.05,10.88
2330000,11.05,12.81,12.68,10.75,10.72
2331000,10.71,12.97,12.33,10.64,10.64
2332000,10.7,12.57,11.89,10.72,10.31
2333000,10.74,12.81,11.69,10.67,10.33
2334000,10.66,12.35,12.0,10.73,10.45
2335000,10.66,12.39,12.18,10.86,10.67
2336000,10.37,13.04,11.91,10.85,9.86
2337000,10.37,12.96,11.53,10.76,9.33
2338000,10.33,12.85,11.21,10.76,9.24
2339000,10.27,13.22,10.85,10.68,9.07
2340000,10.54,13.24,10.65,10.45,9.03
2341000,10.47,13.42,11.01,10.32,9.38
2342000,10.38,13.48,10.79,10.48,9.74
2343000,10.66,13.43,10.97,10.48,9.77
2344000,10.59,13.63,10.83,10.6,9.69
2345000,10.52,13.34,10.96,10.68,9.73
2346000,10.87,13.21,10.97,10.71,10.15
2347000,10.43,13.72,11.22,10.73,10.61
2348000,10.64,14.04,11.32,10.76,11.2
2349000,10.67,13.69,11.54,10.71,11.48
2350000,10.68,13.85,11.5,10.86,11.5
2351000,10.76,13.89,12.03,10.95,11.37
2352000,10.68,14.07,11.8,10.89,11.35
2353000,10.67,14.22,11.54,11.14,11.24
2354000,11.26,14.34,12.04,11.32,11.48
2355000,11.37,14.2,12.45,11.19,11.45
2356000,11.16,14.21,12.61,11.25,11.52
2357000,11.28,14.49,12.81,11.23,11.53
2358000,11.17,14.69,12.74,11.28,11.8
2359000,11.43,14.87,12.72,11.36,11.8
2360000,11.43,15.12,12.82,11.28,12.06
2361000,11.68,15.34,13.04,11.43,11.95
2362000,11.89,14.86,12.86,11.31,12.05
2363000,12.21,14.78,13.18,11.3,12.42
2364000,12.18,14.84,13.33,11.3,12.54
2365000,12.34,14.87,13.49,11.25,12.35
2366000,12.54,14.84,13.85,11.44,12.23
2367000,12.41,14.56,13.76,11.35,12.25
2368000,12.21,14.25,13.39,11.22,12.09
2369000,12.32,14.34,13.45,11.05,12.01
2370000,12.26,14.24,13.16,11.19,11.4
2371000,12.15,14.17,12.88,11.08,11.02
2372000,12.53,14.45,12.82,11.05,11.11
2373000,12.6,14.26,12.99,10.84,10.9
2374000,12.49,14.07,12.73,10.73,10.79
2375000,12.36,14.33,12.57,10.81,10.39
2376000,12.17,14.24,12.46,10.82,10.41
2377000,12.24,14.15,12.56,10.76,10.64
2378000,12.15,14.04,12.55,10.75,10.53
2379000,12.28,14.35,12.63,10.84,10.67
2380000,12.12,14.63,12.69,10.71,10.63
2381000,12.3,14.72,12.88,10.92,10.67
2382000,12.32,14.94,12.78,11.11,10.79
2383000,12.53,14.98,13.1,11.29,10.81
2384000,12.32,14.81,13.46,11.24,10.56
2385000,12.11,14.34,13.38,11.05,10.46
2386000,12.07,14.4,12.9,11.15,10.5
2387000,12.27,14.5,12.79,11.42,10.5
2388000,12.19,14.76,12.89,11.54,10.35
2389000,12.35,14.75,12.2,11.35,10.34
2390000,12.6,14.67,11.81,11.45,10.25
2391000,12.45,14.94,12.13,11.36,10.15
2392000,12.43,15.29,11.82,11.24,10.02
2393000,12.47,15.36,11.46,11.4,10.19
2394000,12.43,14.77,11.0,11.43,10.01
2395000,12.69,15.07,10.74,11.23,10.25
2396000,12.59,15.24,10.69,11.25,10.19
2397000,12.77,15.16,10.8,11.21,9.81
2398000,12.77,15.01,10.99,11.24,9.86
2399000,12.89,15.33,11.01,11.21,10.27
2400000,12.78,15.86,10.94,11.12,10.36
2401000,12.68,15.96,11.37,10.94,10.86
2402000,12.56,15.73,11.47,10.98,10.84
2403000,12.53,15.14,11.09,11.04,11.03
2404000,12.76,15.07,11.28,11.13,11.29
2405000,12.68,14.24,11.42,10.98,11.26
2406000,12.43,14.19,11.64,10.88,11.71
2407000,12.48,13.99,11.95,10.76,11.35
2408000,12.49,14.22,12.0,10.77,11.73
2409000,12.27,13.7,12.34,10.76,11.45
2410000,12.04,13.65,12.44,10.68,11.11
2411000,12.17,13.73,12.57,10.72,11.38
2412000,12.29,13.25,13.05,10.73,10.94
2413000,12.29,13.03,13.37,10.72,10.86
2414000,12.33,12.86,12.86,10.86,10.93
2415000,12.46,12.84,12.97,10.99,10.61
2416000,12.5,13.28,13.01,10.98,10.8
2417000,12.47,13.67,13.01,10.91,10.42
2418000,12.27,13.89,13.26,11.03,10.35
2419000,12.18,14.07,13.09,10.97,10.28
2420000,12.28,14.08,12.88,10.95,10.54
2421000,12.1,14.22,12.79,10.98,10.64
2422000,12.07,14.41,12.66,11.06,10.5
2423000,12.05,14.85,12.68,10.73,10.36
2424000,12.29,14.23,11.84,10.75,10.59
2425000,12.37,13.88,11.97,10.52,10.58
2426000,12.53,14.21,12.2,10.53,10.27
2427000,12.05,14.55,12.23,10.41,10.16
2428000,12.33,14.84,11.9,10.37,10.34
2429000,12.34,15.15,11.11,10.27,10.74
2430000,12.41,15.22,11.48,10.35,10.84
2431000,12.4,15.44,11.51,10.27,10.93
2432000,12.68,15.21,11.67,10.41,10.6
2433000,12.7,15.36,11.56,10.57,10.48
2434000,12.7,15.7,11.34,10.61,11.01
2435000,13.19,15.5,11.58,10.66,10.94
2436000,13.41,15.6,11.73,10.59,10.48
2437000,13.58,15.39,11.39,10.79,10.71
2438000,13.22,15.2,11.29,10.69,10.77
2439000,13.23,15.24,11.39,10.53,10.58
2440000,13.13,15.4,11.15,10.69,10.48
2441000,13.55,15.56,11.16,10.59,10.33
2442000,13.45,15.46,11.19,10.62,10.58
2443000,13.41,15.35,10.85,10.61,10.7
2444000,13.3,14.39,11.0,10.66,10.62
2445000,13.16,13.98,10.88,10.7,10.19
2446000,13.1,13.81,11.27,10.61,10.45
2447000,13.14,13.85,11.04,10.6,10.93
2448000,13.29,13.31,11.04,10.85,11.11
2449000,13.13,13.44,10.77,11.11,11.3
2450000,12.82,13.45,10.82,11.18,11.76
2451000,12.85,13.39,10.75,11.07,11.76
2452000,12.86,13.57,10.86,11.3,11.77
2453000,12.77,13.63,11.02,11.43,11.38
2454000,12.67,13.96,11.15,11.37,11.26
2455000,12.35,13.79,11.59,11.31,11.08
2456000,12.33,13.87,11.6,11.16,10.71
2457000,12.23,13.94,11.6,10.94,10.48
2458000,12.48,14.04,11.39,11.04,10.32
2459000,12.78,14.53,11.5,10.99,10.28
2460000,12.72,14.69,11.77,10.79,9.66
2461000,12.31,14.43,12.2,10.58,9.7
2462000,11.88,14.31,12.45,10.62,9.9
2463000,12.02,14.48,12.59,10.43,9.53
2464000,12.14,14.33,12.57,10.31,9.84
2465000,12.69,14.59,12.79,10.31,10.28
2466000,12.5,14.17,12.47,10.39,10.59
2467000,12.34,14.21,12.44,10.23,11.05
2468000,12.57,14.03,12.35,10.25,10.9
2469000,12.63,14.21,12.6,10.47,10.98
2470000,12.84,14.05,12.49,10.64,10.86
2471000,12.61,14.03,12.6,10.54,11.02
2472000,12.63,14.22,12.4,10.64,11.23
2473000,12.69,13.84,12.26,10.75,11.2
2474000,12.82,14.15,11.64,10.94,11.41
2475000,13.15,14.52,11.7,10.94,11.48
2476000,13.22,14.51,11.67,10.98,11.57
2477000,13.15,14.59,11.64,11.17,11.37
2478000,12.71,14.54,11.78,11.21,11.54
2479000,12.71,14.61,11.91,11.36,11.53
2480000,12.85,14.13,11.74,11.37,11.68
2481000,12.57,14.41,11.83,11.47,11.5
2482000,12.73,14.34,11.75,11.48,11.75
2483000,12.51,14.49,11.8,11.49,11.72
2484000,12.58,14.28,11.3,11.52,11.18
2485000,12.61,14.42,11.53,11.56,11.03
2486000,12.21,14.36,11.88,11.55,11.15
2487000,12.0,14.4,11.94,11.42,10.85
2488000,12.04,14.47,12.05,11.41,10.65
2489000,12.45,13.82,11.86,11.42,10.48
2490000,12.39,13.86,11.78,11.46,10.18
2491000,12.74,13.5,11.87,11.32,10.35
2492000,12.72,13.76,12.03,11.02,10.06
2493000,12.75,13.73,12.07,10.97,10.28
2494000,12.92,13.79,11.95,11.02,10.41
2495000,13.03,13.87,11.87,10.91,11.0
2496000,13.08,13.38,12.25,10.83,11.27
2497000,13.35,13.46,12.35,10.64,10.83
2498000,13.23,12.73,12.44,10.59,10.99
2499000,13.22,12.49,12.48,10.49,10.72
2500000,13.57,12.27,12.47,10.48,10.7
2501000,13.68,12.32,12.92,10.42,11.02
2502000,13.75,12.88,12.73,10.49,11.0
2503000,13.65,12.99,12.44,10.53,11.1
2504000,13.52,13.02,12.2,10.58,10.86
2505000,13.47,13.22,12.03,10.74,10.84
2506000,13.64,13.42,12.32,10.98,10.9
2507000,13.79,14.01,12.57,11.04,10.85
2508000,13.61,14.31,12.53,11.24,10.88
2509000,13.78,14.24,12.81,11.2,10.98
2510000,13.82,14.51,12.75,11.37,11.03
2511000,13.92,15.09,12.48,11.4,10.96
2512000,13.92,15.12,12.9,11.5,10.9
2513000,13.83,15.44,12.91,11.56,10.3
2514000,13.86,15.5,12.58,11.63,10.39
2515000,13.65,16.06,12.88,11.73,10.54
2516000,13.46,16.35,13.06,11.79,10.49
2517000,13.53,16.21,13.16,11.85,10.64
2518000,13.34,16.01,13.11,11.92,10.58
2519000,13.71,16.06,12.97,11.83,10.74
2520000,13.48,16.07,12.97,11.61,10.83
2521000,13.45,15.95,12.81,11.38,11.02
2522000,13.31,15.32,12.29,11.18,10.97
2523000,13.14,15.23,12.59,11.0,10.74
2524000,12.91,15.06,12.41,10.99,11.14
2525000,13.12,15.08,12.29,11.05,11.63
2526000,13.04,15.04,12.52,11.13,11.31
2527000,13.19,15.22,12.21,11.13,11.41
2528000,13.17,15.26,12.14,10.97,10.68
2529000,13.39,15.19,12.38,10.77,10.48
2530000,13.33,14.74,12.24,10.71,10.73
2531000,13.39,14.55,12.16,10.74,11.0
2532000,13.55,14.39,12.09,10.72,10.77
2533000,13.12,14.25,12.43,10.87,10.53
2534000,13.42,14.09,12.61,10.98,10.48
2535000,13.38,14.22,12.86,11.23,10.7
2536000,13.42,14.42,12.61,11.28,10.77
2537000,13.21,14.27,12.55,11.46,10.82
2538000,13.46,14.42,12.69,11.31,10.49
2539000,13.4,14.4,12.51,11.42,11.01
2540000,13.17,14.24,12.63,11.23,11.22
2541000,12.85,14.2,12.18,11.49,11.25
2542000,12.98,14.43,12.02,11.48,11.0
2543000,13.07,14.47,12.33,11.51,10.88
2544000,13.27,14.59,12.63,11.33,11.07
2545000,13.17,14.66,12.65,11.21,11.25
2546000,12.89,14.86,12.64,11.11,10.45
2547000,12.92,15.2,12.22,11.13,9.94
2548000,13.13,15.35,12.32,10.94,10.32
2549000,13.15,15.75,12.71,11.01,10.44
2550000,13.45,15.48,12.98,10.77,10.54
2551000,13.54,15.51,13.09,10.69,10.83
2552000,13.8,15.44,13.22,10.63,10.42
2553000,13.76,15.51,13.37,10.76,9.83
2554000,14.07,15.0,13.5,10.71,9.68
2555000,14.25,15.34,13.56,10.69,9.89
2556000,14.33,15.27,13.65,10.72,10.22
2557000,14.36,15.53,13.72,10.76,10.57
2558000,14.64,15.37,13.88,10.82,10.95
2559000,14.67,15.1,13.67,11.04,10.41
2560000,14.5,14.77,13.7,11.05,10.18
2561000,15.0,14.65,13.75,11.18,10.04
2562000,15.05,14.69,13.77,11.12,10.19
2563000,14.86,15.16,13.56,11.34,10.4
2564000,14.98,14.75,13.45,11.44,10.65
2565000,14.87,15.25,13.25,11.44,10.78
2566000,14.77,15.62,13.56,11.42,10.72
2567000,14.48,15.48,13.55,11.25,10.61
2568000,14.01,14.98,13.32,11.33,10.67
2569000,14.09,15.21,13.47,11.36,10.52
2570000,14.25,15.13,13.26,11.44,10.67
2571000,13.77,14.92,13.09,11.55,10.67
2572000,13.68,13.94,13.13,11.55,10.62
2573000,13.65,14.38,12.98,11.57,10.81
2574000,13.71,14.26,13.31,11.69,10.84
2575000,13.29,14.4,13.42,11.66,10.8
2576000,13.46,13.99,13.63,11.64,10.82
2577000,13.66,14.02,13.69,11.56,10.84
2578000,13.47,13.78,13.49,11.65,10.76
2579000,13.25,13.54,13.84,11.56,10.57
2580000,13.44,13.7,13.28,11.49,10.9
2581000,13.44,13.67,13.79,11.56,11.16
2582000,13.93,14.29,13.78,11.27,11.27
2583000,13.96,14.67,13.41,11.22,11.29
2584000,13.76,14.05,13.55,11.15,11.14
2585000,13.76,14.0,13.7,11.19,11.31
2586000,13.87,14.49,13.95,10.77,11.4
2587000,13.74,14.72,14.07,10.62,11.27
2588000,14.07,14.57,13.73,10.66,11.47
2589000,14.01,14.62,13.68,10.69,11.89
2590000,14.03,14.76,13.42,10.87,11.94
2591000,14.28,15.17,13.16,10.66,12.1
2592000,14.01,15.22,12.82,10.61,11.85
2593000,14.2,15.28,12.97,10.8,11.66
2594000,14.43,15.51,12.57,10.82,11.73
2595000,14.16,15.4,12.51,10.93,11.9
2596000,14.23,15.71,12.81,10.86,11.66
2597000,14.14,15.57,12.78,11.04,11.69
2598000,14.12,15.7,12.44,10.77,11.7
2599000,14.25,15.95,12.01,11.08,11.69
2600000,14.38,16.2,11.91,11.1,11.87
2601000,14.71,16.16,11.66,11.15,11.5
2602000,14.66,16.42,12.05,11.12,11.39
2603000,14.3,16.53,11.93,11.2,11.15
2604000,14.17,16.57,12.2,11.1,10.98
2605000,13.97,16.81,11.93,11.06,10.65
2606000,13.9,16.87,12.02,11.09,10.49
2607000,13.94,16.35,12.46,10.99,10.46
2608000,14.09,16.77,12.31,11.09,10.47
2609000,13.93,16.68,12.36,11.14,10.28
2610000,14.21,16.83,12.46,11.21,10.38
2611000,14.07,16.97,12.35,11.45,10.21
2612000,14.42,16.49,12.41,11.41,10.44
2613000,14.48,16.19,12.44,11.09,10.68
2614000,14.26,15.46,12.25,10.96,10.7
2615000,14.14,15.56,11.88,11.02,11.19
2616000,14.2,15.56,11.98,10.88,11.03
2617000,14.46,15.27,11.9,10.74,11.32
2618000,14.79,14.82,11.97,10.78,11.58
2619000,14.78,14.78,11.28,10.74,11.46
2620000,14.76,14.68,10.96,10.52,11.72
2621000,14.71,14.71,10.57,10.5,11.84
2622000,14.76,14.88,10.82,10.42,11.73
2623000,14.4,14.64,10.98,10.43,11.78
2624000,14.08,14.63,10.85,10.32,12.07
2625000,13.62,14.58,10.85,10.37,12.07
2626000,13.71,14.47,10.96,10.72,11.99
2627000,13.83,14.34,11.19,10.81,12.24
2628000,13.81,14.45,11.21,10.66,12.28
2629000,13.69,14.73,11.24,10.8,11.86
2630000,13.66,14.39,11.41,10.75,11.8
2631000,13.41,14.65,11.81,10.82,12.04
2632000,13.12,15.13,12.05,10.91,12.18
2633000,13.19,15.0,12.14,11.05,12.16
2634000,13.31,15.09,12.52,10.96,12.46
2635000,13.47,15.25,12.51,10.98,12.46
2636000,13.38,15.2,12.63,10.99,12.26
2637000,13.81,14.39,12.9,11.23,11.63
2638000,14.21,14.41,12.95,10.97,11.66
2639000,14.23,13.89,13.07,11.11,11.19
2640000,14.19,14.08,12.71,11.08,11.08
2641000,13.45,14.7,12.78,11.26,10.9
2642000,13.16,14.88,13.14,11.03,10.66
2643000,12.44,15.03,12.95,11.16,10.28
2644000,11.92,15.07,13.05,11.15,9.68
2645000,12.14,15.54,13.05,11.04,9.03
2646000,12.13,15.67,12.84,11.26,8.83
2647000,12.21,15.22,12.13,11.27,9.58
2648000,12.23,15.3,12.38,11.18,9.1
2649000,11.48,15.17,11.97,10.93,9.05
2650000,11.46,15.36,11.93,10.88,9.47
2651000,11.67,15.54,11.77,11.16,9.76
2652000,11.83,16.25,11.91,10.95,9.93
2653000,11.84,16.5,11.97,10.8,10.01
2654000,12.32,16.15,11.9,10.66,10.29
2655000,12.55,16.25,11.9,10.65,10.49
2656000,12.9,16.6,11.57,10.8,10.71
2657000,13.54,16.57,11.99,10.85,10.84
2658000,14.04,16.13,12.5,10.93,10.42
2659000,14.53,15.75,12.65,10.92,10.69
2660000,14.51,15.64,13.08,10.99,10.62
2661000,14.65,15.27,12.78,11.14,10.67
2662000,14.93,15.22,13.22,11.12,10.38
2663000,14.77,15.34,13.38,11.13,10.5
2664000,15.02,15.75,13.52,10.98,10.57
2665000,15.05,15.86,13.66,10.97,10.42
2666000,15.22,15.33,13.94,11.1,10.67
2667000,15.26,15.25,13.86,11.26,10.54
2668000,15.42,15.32,14.13,11.3,10.46
2669000,15.19,15.68,14.02,11.44,10.36
2670000,14.98,15.5,13.48,11.3,10.16
2671000,14.74,15.28,13.52,11.48,10.52
2672000,14.41,15.28,13.17,11.18,10.44
2673000,14.79,14.94,13.35,11.26,10.57
2674000,14.69,14.96,13.1,11.1,10.5
2675000,14.39,15.24,12.74,11.24,10.4
2676000,14.17,15.29,12.58,11.38,10.2
2677000,14.29,15.41,12.16,11.47,10.31
2678000,14.5,15.63,11.97,11.37,10.02
2679000,14.75,14.81,12.02,11.43,10.28
2680000,14.94,14.59,11.9,11.33,10.58
2681000,14.72,14.83,11.65,11.26,10.76
2682000,14.72,14.37,11.98,11.33,10.79
2683000,14.62,14.45,11.64,11.38,11.19
2684000,14.67,14.7,11.86,11.33,11.1
2685000,14.96,14.44,11.59,11.33,11.03
2686000,15.02,14.78,11.93,11.51,11.19
2687000,15.06,14.89,11.78,11.45,11.34
2688000,14.98,15.08,11.74,11.28,11.38
2689000,14.76,15.66,12.26,11.36,11.31
2690000,14.93,15.71,12.43,11.45,10.93
2691000,14.54,15.65,12.59,11.28,10.84
2692000,13.83,15.6,12.59,11.35,10.73
2693000,13.72,15.78,12.8,11.3,10.46
2694000,13.5,15.95,12.81,11.37,10.39
2695000,13.44,16.57,12.73,11.39,10.43
2696000,13.42,16.54,13.02,11.46,10.46
2697000,13.53,16.67,12.98,11.49,10.04
2698000,13.39,16.58,13.22,11.42,9.81
2699000,13.35,16.28,13.27,11.59,9.86
2700000,13.55,16.3,13.35,11.55,10.01
2701000,13.42,16.38,13.61,11.67,10.54
2702000,13.59,16.3,13.24,11.64,10.43
2703000,13.62,16.0,13.19,11.47,10.67
2704000,13.97,15.93,13.27,11.48,10.28
2705000,14.26,15.61,13.18,11.58,10.02
2706000,14.7,15.97,12.99,11.58,10.02
2707000,15.07,16.04,12.93,11.61,10.25
2708000,14.64,16.14,12.99,11.63,10.43
2709000,14.5,16.11,12.59,11.85,10.7
2710000,14.52,16.09,12.52,11.64,10.27
2711000,14.65,16.02,12.25,11.6,10.3
2712000,14.65,15.97,12.01,11.52,10.28
2713000,14.74,16.44,12.01,11.45,10.45
2714000,14.58,16.5,12.19,11.54,10.69
2715000,14.46,16.44,12.36,11.36,10.67
2716000,14.62,16.51,12.52,11.31,10.77
2717000,14.72,16.45,12.19,11.39,11.1
2718000,14.73,16.55,12.11,11.2,10.82
2719000,14.68,16.24,12.24,11.26,10.96
2720000,14.38,15.95,12.19,11.29,11.13
2721000,14.73,15.82,12.38,11.34,11.1
2722000,14.61,15.47,12.14,11.22,11.52
2723000,14.62,15.57,11.86,11.09,11.71
2724000,14.83,15.24,12.18,11.13,11.67
2725000,14.69,15.07,12.53,11.28,11.25
2726000,14.59,14.82,12.28,11.46,11.13
2727000,14.88,15.03,11.94,11.14,11.29
2728000,14.77,14.91,11.8,11.2,11.31
2729000,14.94,14.47,11.7,11.54,11.39
2730000,14.87,14.37,11.89,11.58,11.39
2731000,15.08,14.29,12.21,11.47,11.23
2732000,14.65,14.18,11.85,11.16,10.93
2733000,14.07,14.52,11.69,11.18,10.91
2734000,14.15,14.85,12.04,11.0,10.95
2735000,14.35,15.1,12.22,11.13,10.85
2736000,14.4,15.37,12.03,11.14,11.03
2737000,14.64,15.22,11.99,11.29,11.21
2738000,14.41,15.15,12.15,11.21,11.34
2739000,14.52,15.0,12.16,11.17,11.63
2740000,15.04,14.91,12.16,11.24,11.54
2741000,14.96,14.63,12.21,11.45,11.65
2742000,15.04,14.48,12.11,11.47,11.82
2743000,14.95,14.91,11.98,11.25,12.03
2744000,15.13,15.27,12.35,11.38,12.03
2745000,15.4,15.13,12.49,11.1,11.97
2746000,15.47,14.79,12.41,11.37,11.89
2747000,15.82,14.94,12.24,11.26,11.57
2748000,16.15,14.84,12.65,11.29,11.67
2749000,16.36,14.92,13.11,11.21,11.39
2750000,16.49,14.87,13.17,11.33,11.24
2751000,16.6,14.49,13.22,11.11,10.92
2752000,16.0,14.42,13.58,11.15,10.48
2753000,15.89,14.57,13.67,11.2,10.39
2754000,16.05,15.03,13.7,11.17,10.03
2755000,15.74,15.01,13.98,11.1,10.24
2756000,16.02,15.66,14.06,11.35,10.29
2757000,15.91,15.61,14.26,11.15,10.19
2758000,15.94,15.78,14.1,11.21,10.42
2759000,16.04,15.78,14.34,11.47,10.29
2760000,15.41,16.08,14.55,11.43,10.39
2761000,14.93,16.43,14.43,11.48,10.49
2762000,14.23,16.47,13.97,11.57,10.91
2763000,14.1,16.26,13.72,11.42,11.01
2764000,14.25,16.36,13.85,11.41,10.98
2765000,13.91,16.27,13.44,11.34,11.22
2766000,13.57,16.25,13.12,11.39,11.56
2767000,13.91,16.36,13.16,11.32,11.6
2768000,13.98,16.72,12.71,11.25,11.41
2769000,14.22,16.9,12.58,10.94,11.18
2770000,14.43,16.92,12.13,11.01,11.2
2771000,13.65,17.52,12.3,11.04,11.37
2772000,13.67,17.33,11.92,10.97,11.25
2773000,13.47,17.12,12.1,11.06,11.29
2774000,13.43,16.8,12.22,11.05,11.03
2775000,13.94,16.56,12.55,11.05,11.1
2776000,14.07,16.92,12.67,10.85,10.88
2777000,14.04,16.69,12.54,10.73,10.71
2778000,14.03,16.92,12.58,10.75,10.87
2779000,14.07,16.83,12.93,10.61,11.11
2780000,14.23,17.2,12.66,10.64,11.17
2781000,14.34,17.34,12.69,10.64,11.73
2782000,13.94,17.34,12.96,10.61,11.74
2783000,14.05,17.25,13.0,10.69,11.6
2784000,13.85,16.66,13.08,10.52,12.02
2785000,14.06,16.41,13.04,10.73,12.23
2786000,14.59,15.82,13.1,10.7,12.46
2787000,14.47,16.04,12.97,10.74,12.45
2788000,14.34,16.15,12.7,10.78,12.53
2789000,14.51,16.33,12.67,10.9,12.75
2790000,14.55,16.86,12.74,10.97,12.59
2791000,14.54,16.84,12.65,11.03,12.73
2792000,14.79,16.84,12.29,10.92,13.28
2793000,14.92,16.76,12.68,10.93,12.97
2794000,14.93,16.63,12.75,10.9,12.95
2795000,14.95,16.82,12.81,11.07,12.75
2796000,14.54,16.65,12.58,11.18,12.59
2797000,14.73,16.35,12.54,11.41,12.59
2798000,14.36,16.86,12.8,11.18,12.24
2799000,14.16,16.85,12.48,11.12,11.97
2800000,14.05,16.8,12.61,11.21,12.01
2801000,14.07,17.13,13.03,11.2,11.77
2802000,14.11,16.78,12.88,11.4,11.45
2803000,14.14,16.55,13.21,11.12,11.38
2804000,14.25,16.4,12.99,11.27,11.43
2805000,14.16,16.11,13.23,11.42,11.56
2806000,14.12,15.96,13.12,11.6,11.45
2807000,14.27,16.07,13.0,11.44,11.59
2808000,13.95,16.34,12.97,11.39,11.43
2809000,13.6,16.49,12.93,11.3,11.19
2810000,13.59,16.44,12.97,11.25,10.86
2811000,13.66,16.18,12.61,11.17,10.95
2812000,13.64,15.89,12.74,11.24,10.86
2813000,13.92,16.23,12.27,11.17,10.94
2814000,14.16,16.23,12.03,11.26,11.02
2815000,14.26,16.19,11.75,11.22,10.57
2816000,14.28,16.17,11.94,11.1,10.79
2817000,14.48,15.73,12.11,11.12,10.64
2818000,14.37,16.18,12.21,11.14,10.45
2819000,13.67,15.92,12.31,11.05,10.49
2820000,13.57,15.95,12.33,11.09,10.52
2821000,13.37,15.64,12.25,11.03,10.95
2822000,13.6,14.92,12.09,11.18,10.94
2823000,13.96,14.0,11.95,11.2,11.04
2824000,14.36,13.72,12.33,11.22,10.55
2825000,14.52,13.64,12.6,11.38,10.69
2826000,14.54,13.25,12.82,11.14,10.72
2827000,14.63,13.19,13.28,11.1,10.64
2828000,14.5,13.05,13.14,10.76,10.48
2829000,14.57,13.4,12.69,10.8,10.53
2830000,14.53,13.69,12.85,10.63,10.85
2831000,14.51,14.24,13.18,10.55,10.86
2832000,14.55,14.49,13.26,10.35,10.66
2833000,14.53,14.71,13.44,10.45,11.02
2834000,15.05,15.04,13.32,10.48,11.45
2835000,15.46,15.19,13.34,10.3,11.55
2836000,15.26,15.22,13.14,10.38,11.79
2837000,14.79,15.0,12.93,10.19,11.67
2838000,14.58,15.62,12.5,10.28,11.51
2839000,14.35,16.06,12.44,10.32,11.2
2840000,14.12,16.11,12.35,10.66,11.15
2841000,13.86,16.3,12.76,10.81,10.84
2842000,13.49,16.77,12.66,10.88,10.61
2843000,13.17,16.89,12.8,11.03,10.96
2844000,13.05,16.56,12.55,11.06,10.57
2845000,13.29,16.32,12.11,11.38,10.47
2846000,13.34,16.21,12.25,11.38,10.62
2847000,13.6,16.22,12.42,11.24,10.74
2848000,13.62,15.98,12.55,11.27,10.83
2849000,13.12,16.08,12.47,11.29,11.01
2850000,13.42,16.11,12.35,11.32,11.11
2851000,13.69,16.32,12.4,11.45,11.35
2852000,13.78,16.48,12.56,11.43,11.58
2853000,13.74,16.75,12.54,11.3,11.77
2854000,14.07,17.32,11.96,11.19,12.04
2855000,14.47,17.2,12.03,11.2,11.51
2856000,14.6,17.17,11.89,11.26,11.45
2857000,14.67,17.73,11.86,11.4,11.7
2858000,14.87,17.85,11.87,11.47,11.2
2859000,15.08,17.73,12.11,11.15,11.23
2860000,14.78,17.72,11.92,11.16,10.79
2861000,15.01,17.97,12.3,11.25,10.34
2862000,14.98,17.75,12.76,11.13,9.93
2863000,14.69,17.89,13.12,11.13,9.96
2864000,15.05,18.01,13.13,11.19,9.88
2865000,15.2,17.82,12.96,11.42,9.95
2866000,15.22,17.87,13.44,11.38,9.93
2867000,15.03,17.78,13.64,11.48,9.78
2868000,14.72,17.63,14.04,11.38,9.71
2869000,14.45,17.3,13.49,11.42,9.79
2870000,14.38,17.3,13.36,11.08,9.86
2871000,14.95,17.3,13.41,11.19,9.99
2872000,14.44,16.98,13.5,11.18,10.45
2873000,13.93,17.0,13.77,11.43,10.5
2874000,13.95,17.1,13.57,11.46,10.41
2875000,13.63,16.53,13.66,11.52,10.39
2876000,13.53,16.21,12.99,11.41,10.49
2877000,13.77,16.32,12.95,11.54,10.31
2878000,13.81,16.48,12.62,11.64,10.42
2879000,13.88,16.81,12.29,11.49,10.3
2880000,13.85,16.88,12.02,11.43,10.42
2881000,14.04,16.74,11.88,11.6,10.35
2882000,14.21,16.46,11.9,11.55,10.44
2883000,14.4,16.1,12.03,11.54,10.69
2884000,13.8,16.25,12.23,11.81,10.84
2885000,13.44,16.46,12.11,11.82,10.71
2886000,13.77,16.03,11.83,11.88,10.66
2887000,13.92,16.11,11.68,11.81,10.86
2888000,14.09,15.83,11.9,11.74,11.1
2889000,13.82,15.29,12.23,11.73,11.43
2890000,13.61,15.67,12.57,11.93,11.36
2891000,13.13,15.76,12.92,11.87,11.53
2892000,13.29,15.67,13.04,11.84,11.76
2893000,13.35,15.78,12.97,11.94,11.94
2894000,13.13,15.33,13.38,11.97,11.85
2895000,13.13,15.27,13.38,12.01,11.38
2896000,13.57,15.18,13.23,12.03,11.88
2897000,13.73,15.33,12.82,11.98,12.18
2898000,13.95,15.43,12.68,12.01,12.02
2899000,14.33,15.35,12.96,11.71,12.01
2900000,14.59,15.18,13.07,11.76,11.78
2901000,14.67,15.53,12.98,11.79,11.69
2902000,14.56,15.84,12.72,11.95,11.65
2903000,14.65,15.85,12.56,11.93,11.47
2904000,15.0,16.12,12.57,11.86,11.22
2905000,15.36,16.53,11.97,11.57,11.26
2906000,15.16,16.23,12.36,11.5,10.96
2907000,15.27,16.41,12.59,11.47,10.7
2908000,15.08,16.67,12.11,11.27,10.22
2909000,14.99,16.6,12.27,11.18,10.74
2910000,14.75,16.87,12.65,10.93,10.48
2911000,14.7,16.57,12.56,10.77,10.57
2912000,15.02,16.27,12.45,10.88,10.86
2913000,14.79,16.17,12.87,10.96,11.01
2914000,14.67,15.91,12.85,11.02,10.81
2915000,14.72,16.01,12.82,10.92,11.1
2916000,14.53,16.29,12.82,10.83,11.09
2917000,14.69,16.15,13.04,10.88,10.74
2918000,14.06,16.15,13.4,11.0,10.86
2919000,14.08,16.32,13.1,11.03,11.21
2920000,14.25,16.5,13.14,11.09,11.07
2921000,14.32,16.74,13.51,11.12,10.75
2922000,14.05,17.0,13.42,11.22,10.84
2923000,14.32,16.8,13.15,11.17,11.01
2924000,14.69,17.0,13.43,11.47,10.95
2925000,14.72,16.92,13.51,11.42,11.16
2926000,14.38,17.21,13.02,11.52,10.9
2927000,14.4,17.45,13.14,11.57,10.93
2928000,14.69,17.86,13.3,11.47,10.95
2929000,15.15,18.19,13.1,11.41,10.82
2930000,15.28,18.01,12.96,11.54,10.68
2931000,15.34,18.54,12.83,11.52,10.53
2932000,15.46,18.69,13.29,11.42,10.97
2933000,15.39,18.6,13.17,11.45,10.67
2934000,15.79,17.87,12.85,11.35,10.46
2935000,16.13,18.04,12.87,11.42,10.47
2936000,16.22,18.18,13.45,11.41,10.46
2937000,16.04,17.58,13.28,11.41,10.65
2938000,16.31,17.23,13.56,11.52,10.48
2939000,15.31,16.48,13.7,11.43,10.58
2940000,15.1,16.51,13.87,11.3,10.85
2941000,15.44,16.73,13.68,11.55,11.32
2942000,15.72,15.34,13.19,11.4,11.5
2943000,15.5,14.8,13.2,11.53,11.37
2944000,15.1,14.83,13.14,11.55,11.3
2945000,14.94,14.49,12.94,11.57,11.6
2946000,15.02,14.44,13.17,11.52,11.59
2947000,14.76,14.86,13.5,11.54,11.85
2948000,14.73,14.56,13.65,11.75,11.82
2949000,14.76,15.07,13.53,11.54,11.83
2950000,14.57,15.21,13.43,11.5,12.2
2951000,14.49,14.33,13.45,11.52,12.13
2952000,14.62,14.61,13.24,11.42,12.29
2953000,14.51,14.75,13.01,11.5,12.12
2954000,15.11,15.07,13.25,11.19,11.8
2955000,15.13,15.27,13.55,11.19,12.05
2956000,15.46,14.89,13.69,11.36,12.05
2957000,14.88,15.42,13.9,11.32,11.85
2958000,14.27,15.55,14.15,11.52,11.77
2959000,14.7,15.01,14.43,11.56,11.52
2960000,14.79,15.1,14.44,11.46,11.42
2961000,14.52,14.42,14.42,11.42,11.58
2962000,14.39,14.57,14.45,11.59,11.2
2963000,13.94,14.35,14.49,11.43,11.26
2964000,13.57,14.05,14.33,11.23,10.64
2965000,13.31,14.33,13.94,11.2,10.83
2966000,13.19,14.43,13.83,11.28,10.87
2967000,13.19,14.42,13.75,11.41,10.82
2968000,13.09,14.25,13.54,11.44,11.03
2969000,12.92,14.31,13.59,11.49,11.28
2970000,12.63,14.04,13.62,11.45,11.33
2971000,12.64,14.14,13.71,11.38,11.62
2972000,12.56,14.46,13.32,11.2,11.52
2973000,12.52,14.96,12.82,11.32,11.14
2974000,12.44,15.2,13.05,11.34,11.12
2975000,12.75,15.57,13.15,11.42,11.49
2976000,13.23,15.79,13.43,11.54,11.6
2977000,13.5,15.9,13.27,11.64,11.61
2978000,13.87,15.8,13.51,11.74,11.54
2979000,13.46,15.89,13.98,11.38,11.34
2980000,13.62,15.29,13.9,11.4,11.19
2981000,13.62,15.42,13.65,11.39,11.02
2982000,13.84,15.28,14.2,11.5,10.58
2983000,13.87,15.04,14.19,11.49,10.51
2984000,14.01,15.16,14.03,11.62,10.96
2985000,14.19,15.01,13.8,11.52,11.49
2986000,14.58,14.62,14.2,11.59,11.58
2987000,14.61,14.64,14.38,11.55,11.81
2988000,14.61,14.68,14.01,11.25,11.63
2989000,14.48,14.95,13.96,11.04,11.33
2990000,14.4,14.93,13.48,10.92,11.41
2991000,14.48,14.63,13.86,11.02,11.37
2992000,14.57,14.84,13.64,11.23,11.57
2993000,14.26,15.21,13.57,11.33,11.62
2994000,14.99,15.11,13.82,11.28,12.07
2995000,15.16,15.81,13.86,10.93,11.86
2996000,14.57,16.15,13.42,10.96,11.24
2997000,14.56,16.55,13.32,10.94,11.54
2998000,14.49,16.64,13.39,11.07,11.97
2999000,14.42,16.72,13.6,11.05,11.57
3000000,14.51,16.89,13.41,11.22,11.74
3001000,14.68,17.33,13.71,11.31,11.95
3002000,14.86,17.37,14.14,11.48,12.07
3003000,14.76,17.82,14.03,11.64,12.55
3004000,15.16,17.52,14.15,11.28,12.56
3005000,15.33,17.53,13.91,11.41,12.23
3006000,15.35,17.33,14.08,11.51,11.72
3007000,14.86,17.26,14.27,11.59,11.79
3008000,15.02,16.93,14.32,11.45,12.07
3009000,14.94,16.59,14.31,11.61,11.48
3010000,14.85,16.47,14.73,11.7,11.38
3011000,15.21,16.14,14.56,11.57,11.25
3012000,15.79,16.22,14.06,11.56,11.01
3013000,15.92,15.71,13.94,11.69,10.97
3014000,16.22,16.02,14.01,11.65,10.52
3015000,16.0,16.21,13.72,11.39,10.33
3016000,15.77,16.2,13.41,11.43,10.6
3017000,15.65,16.03,13.41,11.48,11.02
3018000,15.58,16.18,13.76,11.63,11.24
3019000,15.79,16.03,13.42,11.83,11.44
3020000,15.91,16.3,13.11,11.93,11.42
3021000,15.38,16.34,12.79,11.86,11.44
3022000,15.77,16.37,13.23,12.04,10.92
3023000,16.04,16.27,12.95,12.03,11.05
3024000,16.01,16.51,12.87,12.09,11.03
3025000,15.99,16.42,13.03,12.14,10.73
3026000,15.84,16.39,13.51,12.2,10.77
3027000,15.31,16.78,13.43,12.05,10.8
3028000,14.85,16.67,13.35,11.8,10.23
3029000,14.87,16.89,13.09,11.91,10.12
3030000,14.94,16.89,13.03,11.93,9.8
3031000,14.98,17.01,13.2,11.75,9.98
3032000,14.81,16.64,13.19,11.78,10.35
3033000,14.61,16.35,13.54,11.89,10.58
3034000,14.37,16.07,13.34,11.63,10.79
3035000,13.99,15.89,13.4,11.69,10.88
3036000,14.04,15.88,13.18,11.53,10.56
3037000,14.02,15.97,13.5,11.62,10.85
3038000,13.71,16.06,13.57,11.59,10.76
3039000,13.42,15.63,13.59,11.43,10.93
3040000,13.21,15.76,13.91,11.19,11.3
3041000,13.26,14.93,13.46,11.04,11.24
3042000,13.79,14.65,13.24,10.92,11.36
3043000,13.5,14.84,13.36,10.8,11.09
3044000,13.33,14.57,13.01,10.98,11.02
3045000,13.18,14.14,12.92,10.9,11.27
3046000,13.44,14.22,12.56,10.85,11.37
3047000,13.86,14.65,12.65,10.8,11.56
3048000,14.12,14.42,12.07,10.66,12.01
3049000,14.09,14.57,11.83,10.83,12.19
3050000,14.13,14.53,11.92,10.71,12.28
3051000,14.23,14.6,12.18,10.86,12.44
3052000,14.47,14.39,11.51,10.99,12.35
3053000,14.53,14.78,12.04,11.18,12.27
3054000,14.43,14.97,12.02,11.35,11.81
3055000,14.65,15.15,12.07,11.44,11.81
3056000,14.28,15.59,12.31,11.63,11.5
3057000,14.13,15.51,12.11,11.74,11.58
3058000,14.22,15.46,12.41,11.73,11.54
3059000,14.2,15.52,12.55,11.84,11.13
3060000,14.14,15.74,12.71,11.75,11.03
3061000,14.17,15.91,13.11,11.94,10.91
3062000,13.6,15.95,13.26,11.84,10.59
3063000,13.59,15.6,13.34,11.74,10.36
3064000,13.47,15.8,13.4,11.78,10.35
3065000,13.0,15.71,13.36,11.7,10.21
3066000,12.28,15.88,13.87,11.69,10.61
3067000,12.09,15.75,13.99,11.63,10.32
3068000,11.75,15.2,13.93,11.73,10.33
3069000,11.93,14.69,14.33,11.55,10.36
3070000,11.73,14.63,14.33,11.67,10.48
3071000,11.15,14.64,14.44,11.28,10.3
3072000,11.06,14.86,14.04,11.28,10.46
3073000,11.14,15.03,14.13,11.18,10.34
3074000,11.23,15.13,14.12,11.11,10.67
3075000,10.95,15.44,14.47,11.19,10.66
3076000,10.98,15.23,14.41,11.36,10.89
3077000,11.21,15.34,14.45,11.2,11.18
3078000,11.77,15.44,14.24,11.3,11.09
3079000,12.44,16.02,14.69,11.25,11.05
3080000,12.75,15.84,14.58,11.25,10.91
3081000,13.04,15.94,14.55,11.19,10.93
3082000,13.36,15.96,14.97,11.32,11.08
3083000,13.52,16.22,14.71,11.29,10.77
3084000,13.78,16.49,14.52,11.29,10.76
3085000,14.13,16.95,14.55,11.31,10.97
3086000,14.76,17.73,14.86,11.41,10.87
3087000,14.79,17.49,15.09,11.5,10.93
3088000,13.72,17.6,14.68,11.66,11.2
3089000,13.97,17.5,14.62,11.55,10.96
3090000,14.21,17.06,14.45,11.34,10.93
3091000,14.28,17.2,14.35,11.47,10.8
3092000,14.16,16.87,14.03,11.47,10.69
3093000,14.21,17.17,13.96,11.49,10.99
3094000,13.88,17.4,13.64,11.43,11.22
3095000,14.03,17.7,13.95,11.46,11.7
3096000,14.11,17.48,13.9,11.4,11.8
3097000,14.33,17.89,13.99,11.6,11.74
3098000,14.75,18.06,14.07,11.72,11.37
3099000,14.83,17.86,14.32,11.85,11.49
3100000,14.94,17.93,14.28,11.79,11.5
3101000,14.69,18.2,14.34,11.59,11.64
3102000,15.14,17.99,14.41,11.4,11.83
3103000,15.43,17.68,14.21,11.52,11.94
3104000,15.6,17.81,14.17,11.77,11.47
3105000,15.73,17.28,14.16,11.71,11.66
3106000,15.57,17.38,14.16,11.82,11.22
3107000,15.83,17.25,14.33,11.83,11.21
3108000,15.8,16.74,14.24,11.78,11.34
3109000,15.71,16.8,14.07,11.53,11.55
3110000,16.02,16.63,14.01,11.41,11.62
3111000,15.75,16.48,14.23,11.34,11.64
3112000,15.85,16.16,13.9,11.26,11.46
3113000,15.5,16.28,13.93,11.44,11.67
3114000,15.34,16.19,13.59,11.32,11.73
3115000,15.33,16.21,13.33,11.45,11.5
3116000,15.44,16.1,13.69,11.56,11.75
3117000,15.4,16.3,13.87,11.71,11.86
3118000,15.44,16.18,13.85,11.39,11.5
3119000,15.62,16.37,13.9,11.32,11.51
3120000,15.98,16.17,14.05,11.16,11.28
3121000,16.31,16.61,13.87,11.14,11.23
3122000,16.58,16.48,13.48,11.27,11.21
3123000,16.47,16.64,13.37,11.57,10.77
3124000,16.58,16.88,13.13,11.63,10.85
3125000,16.48,16.89,13.14,11.55,10.7
3126000,16.26,16.83,12.5,11.57,10.98
3127000,16.26,17.06,12.52,11.62,10.85
3128000,16.33,17.09,12.63,11.5,10.7
3129000,16.21,16.98,12.32,11.29,10.71
3130000,15.71,17.13,11.88,11.08,10.82
3131000,15.41,17.01,11.62,11.14,10.4
3132000,15.65,16.9,11.66,11.05,10.72
3133000,15.65,17.02,11.5,10.99,10.9
3134000,15.31,16.97,11.6,10.91,11.13
3135000,15.19,17.2,11.7,10.5,11.44
3136000,15.08,16.69,11.79,10.03,11.38
3137000,15.0,16.68,11.36,10.12,11.64
3138000,15.26,16.94,11.92,10.16,11.65
3139000,15.39,16.65,12.25,9.96,11.76
3140000,15.36,16.76,12.29,10.15,11.91
3141000,15.24,16.61,12.3,10.36,12.28
3142000,15.7,17.1,12.59,10.41,12.01
3143000,15.53,16.39,13.01,10.52,12.22
3144000,14.96,16.26,12.95,10.51,12.36
3145000,15.41,16.55,13.46,10.61,12.1
3146000,15.61,16.42,13.27,10.74,12.18
3147000,15.71,16.68,13.34,10.81,11.43
3148000,15.65,15.85,13.48,10.99,11.42
3149000,15.66,16.15,13.68,11.18,11.49
3150000,15.82,16.07,13.68,11.58,11.56
3151000,15.75,16.13,13.6,11.65,11.45
3152000,16.04,16.41,13.32,11.59,11.37
3153000,16.05,16.72,13.45,11.8,11.67
3154000,16.09,17.0,13.48,11.86,11.59
3155000,15.96,17.29,13.31,11.79,11.6
3156000,15.89,17.16,13.15,11.82,11.6
3157000,16.02,17.22,13.48,11.83,11.79
3158000,16.04,17.35,13.12,11.84,11.66
3159000,16.33,17.36,13.54,11.95,12.21
3160000,16.51,17.52,13.5,12.04,12.28
3161000,16.57,17.78,13.55,12.14,11.92
3162000,16.36,17.63,13.3,12.23,12.0
3163000,16.13,17.18,13.25,12.3,11.38
3164000,16.37,17.18,13.45,12.22,11.55
3165000,16.65,17.49,13.64,12.23,11.67
3166000,16.35,17.89,13.75,12.14,11.73
3167000,16.5,17.49,13.95,12.21,11.8
3168000,16.55,17.93,14.17,12.05,11.18
3169000,16.28,18.16,14.03,12.03,10.97
3170000,16.5,18.09,13.96,12.02,11.01
3171000,16.33,18.13,14.28,12.07,11.02
3172000,16.58,17.92,14.37,12.14,11.02
3173000,16.44,18.12,13.91,11.92,11.22
3174000,15.86,17.84,13.58,11.96,11.13
3175000,16.07,17.51,13.68,11.74,11.3
3176000,16.21,17.65,13.73,11.69,11.06
3177000,16.35,17.81,14.06,11.76,11.18
3178000,16.58,17.93,13.89,11.74,10.92
3179000,16.82,18.04,13.7,11.66,11.29
3180000,17.11,18.34,13.58,11.72,11.4
3181000,16.23,18.36,13.53,11.78,11.81
3182000,16.48,18.19,13.73,11.77,11.96
3183000,16.64,18.02,14.17,11.87,11.87
3184000,16.69,18.02,14.08,11.71,12.12
3185000,16.57,17.44,13.67,11.85,11.88
3186000,16.12,16.74,13.52,11.6,12.15
3187000,16.21,16.21,13.94,11.61,12.02
3188000,16.37,16.07,14.08,11.42,12.33
3189000,16.5,15.64,13.91,11.49,12.04
3190000,16.7,15.47,14.04,11.61,11.77
3191000,16.56,15.54,14.0,11.67,11.74
3192000,15.8,15.67,14.09,11.78,11.47
3193000,15.37,15.5,14.23,11.61,10.86
3194000,15.21,15.31,14.45,11.5,10.86
3195000,14.88,14.72,14.7,11.55,10.55
3196000,15.35,14.43,14.75,11.62,10.78
3197000,15.62,14.46,14.44,11.5,10.68
3198000,15.59,13.92,14.37,11.48,10.87
3199000,15.37,14.35,14.79,11.43,10.42
3200000,15.67,14.61,15.12,11.55,10.74
3201000,15.66,15.05,15.39,11.81,11.11
3202000,15.31,15.36,15.18,11.78,11.24
3203000,15.44,15.72,15.41,11.78,11.02
3204000,15.28,15.61,15.42,11.62,11.41
3205000,15.09,16.08,14.96,11.52,11.31
3206000,15.4,16.43,14.85,11.3,11.04
3207000,15.47,16.33,14.66,11.42,11.12
3208000,15.65,15.93,14.93,11.58,11.05
3209000,15.79,16.02,14.72,11.58,10.91
3210000,15.11,15.84,14.19,11.52,10.94
3211000,15.39,16.12,14.23,11.5,10.9
3212000,14.92,16.71,14.22,11.53,10.59
3213000,15.24,16.32,14.07,11.55,10.83
3214000,15.37,16.2,13.9,11.34,10.99
3215000,15.06,16.01,13.65,11.41,10.81
3216000,15.19,15.6,13.33,11.51,10.93
3217000,15.41,15.63,13.34,11.47,11.19
3218000,15.08,15.19,13.31,11.54,10.99
3219000,15.15,15.62,13.64,11.5,10.81
3220000,15.24,15.72,13.53,11.67,10.74
3221000,15.32,15.97,13.5,11.77,10.88
3222000,15.15,15.99,13.45,11.65,11.27
3223000,15.32,16.06,13.51,11.64,11.31
3224000,15.55,16.23,13.77,11.46,11.61
3225000,15.77,16.32,13.88,11.51,11.61
3226000,16.09,16.49,13.97,11.44,11.46
3227000,15.54,16.68,14.02,11.41,11.63
3228000,15.69,16.61,13.56,11.6,11.48
3229000,15.4,16.72,13.92,11.48,11.45
3230000,15.59,17.14,14.31,11.47,11.36
3231000,16.01,17.03,14.04,11.64,11.3
3232000,15.85,17.46,14.37,11.38,11.55
3233000,15.92,17.75,14.07,11.41,11.68
3234000,16.18,17.73,14.33,11.44,11.64
3235000,16.2,17.87,14.63,11.44,11.58
3236000,16.38,17.25,14.56,11.63,11.16
3237000,16.29,16.75,14.46,11.56,11.37
3238000,16.15,15.7,14.41,11.59,11.36
3239000,16.57,15.64,14.15,11.65,11.14
3240000,16.66,15.92,13.98,11.57,11.65
3241000,16.02,15.65,13.89,11.75,11.82
3242000,15.94,15.7,14.42,11.78,11.99
3243000,16.16,15.39,14.42,11.55,12.08
3244000,16.03,15.15,14.29,11.22,12.0
3245000,16.03,15.43,14.5,11.14,11.69
3246000,15.84,15.57,14.46,11.06,11.62
3247000,15.58,15.0,14.38,10.95,11.71
3248000,15.57,14.85,14.37,10.76,12.15
3249000,14.87,15.16,14.35,10.68,12.01
3250000,14.61,15.03,14.53,10.9,12.26
3251000,14.55,15.45,14.73,10.89,12.43
3252000,14.03,15.27,14.82,10.74,12.01
3253000,14.28,15.56,14.78,10.79,11.5
3254000,14.33,16.23,14.97,10.68,11.72
3255000,14.33,16.06,15.03,10.65,11.87
3256000,14.84,16.1,14.72,10.73,11.83
3257000,15.1,16.24,14.7,10.91,11.85
3258000,15.39,16.2,14.59,11.03,11.73
3259000,14.99,16.33,14.28,11.11,11.89
3260000,15.14,16.49,14.21,11.19,11.52
3261000,15.17,16.31,14.35,11.37,11.74
3262000,15.47,16.52,14.11,11.44,11.42
3263000,15.74,16.79,13.92,11.52,11.25
3264000,15.51,16.97,13.77,11.43,11.89
3265000,15.92,17.35,13.48,11.53,11.56
3266000,16.18,17.41,13.55,11.81,11.47
3267000,16.3,17.29,13.3,11.79,11.15
3268000,16.34,17.5,13.27,11.82,11.57
3269000,16.42,17.54,13.58,11.78,11.58
3270000,16.59,17.64,13.2,11.99,11.84
3271000,16.47,17.62,13.3,12.07,11.83
3272000,16.75,17.57,13.62,12.25,11.42
3273000,16.77,16.97,13.83,12.19,11.33
3274000,16.74,16.68,14.23,12.2,11.29
3275000,16.87,16.4,13.97,11.94,10.76
3276000,17.33,16.42,13.97,11.9,10.95
3277000,17.27,16.48,14.32,11.8,11.44
3278000,17.19,16.53,14.11,11.78,11.22
3279000,17.07,16.05,14.17,11.8,11.35
3280000,17.19,16.12,14.35,11.54,11.28
3281000,17.55,16.15,14.4,11.48,10.83
3282000,17.77,16.13,14.31,11.62,10.57
3283000,17.43,16.2,13.75,11.71,10.9
3284000,17.63,16.22,14.0,11.52,11.17
3285000,17.68,16.4,14.17,11.35,11.11
3286000,17.61,16.41,13.82,11.42,11.26
3287000,17.37,16.64,13.5,11.26,11.68
3288000,16.63,16.78,13.43,11.37,11.58
3289000,16.39,17.07,13.56,11.45,11.34
3290000,16.49,16.99,13.84,11.58,11.26
3291000,16.41,16.98,13.48,11.8,11.42
3292000,16.03,17.0,12.98,11.81,11.24
3293000,15.79,16.83,12.44,11.89,11.2
3294000,16.24,16.86,12.73,11.96,11.6
3295000,16.31,17.2,12.91,12.19,11.68
3296000,15.8,17.19,13.13,12.24,11.41
3297000,15.61,16.84,13.4,12.18,11.27
3298000,15.36,16.66,12.94,12.04,11.32
3299000,15.74,16.76,12.98,12.3,11.23
3300000,15.63,16.39,13.14,12.09,11.52
3301000,15.45,16.35,13.18,12.24,11.65
3302000,15.63,16.3,12.73,12.09,11.84
3303000,15.63,15.92,12.82,12.16,11.89
3304000,15.99,15.7,13.2,12.09,12.2
3305000,16.43,15.51,13.76,11.93,12.25
3306000,16.7,15.7,13.97,11.74,11.89
3307000,16.41,15.92,14.16,11.58,11.64
3308000,16.62,16.05,14.12,11.59,11.72
3309000,16.87,16.37,14.06,11.52,12.17
3310000,16.52,16.42,14.12,11.3,12.65
3311000,16.32,16.04,14.22,11.3,12.54
3312000,16.64,16.22,14.44,11.21,12.6
3313000,16.58,16.35,14.65,11.22,12.31
3314000,16.51,16.64,14.66,11.48,12.65
3315000,16.28,16.35,14.5,11.34,12.68
3316000,16.32,16.54,14.15,11.27,12.64
3317000,16.55,16.96,13.93,11.17,12.55
3318000,16.83,16.97,13.69,11.09,12.58
3319000,16.69,17.03,13.71,11.0,12.94
3320000,16.93,17.52,13.66,11.21,13.3
3321000,16.92,17.63,13.99,11.24,12.86
3322000,16.77,17.42,14.21,11.17,12.33
3323000,16.7,17.73,14.38,11.22,11.95
3324000,16.83,18.01,14.17,11.06,11.93
3325000,16.94,18.04,14.24,11.15,12.13
3326000,16.59,17.82,14.45,11.26,11.66
3327000,16.51,17.9,14.65,11.28,11.67
3328000,16.68,18.09,14.67,11.33,11.47
3329000,16.45,18.21,14.78,11.37,11.37
3330000,16.44,17.83,15.24,11.22,11.3
3331000,16.78,17.48,15.55,11.27,11.04
3332000,16.81,17.62,15.81,11.46,10.99
3333000,16.59,17.56,15.85,11.48,11.42
3334000,16.58,17.18,15.8,11.3,11.62
3335000,16.7,17.5,15.79,11.24,11.79
3336000,16.34,17.52,15.8,11.25,11.62
3337000,16.23,16.99,15.88,11.33,11.51
3338000,16.41,16.7,15.75,11.4,11.36
3339000,16.3,17.1,15.66,11.43,11.28
3340000,15.97,16.83,15.55,11.54,11.17
3341000,16.1,16.85,15.54,11.48,11.31
3342000,16.39,17.19,15.33,11.57,11.21
3343000,16.5,17.4,15.43,11.76,11.37
3344000,16.74,17.09,15.05,11.83,11.04
3345000,16.74,17.06,14.69,11.97,11.14
3346000,16.98,17.21,14.37,11.72,10.59
3347000,16.69,17.1,14.52,11.83,10.89
3348000,16.44,17.26,14.36,11.93,10.73
3349000,16.46,17.18,14.32,11.93,11.1
3350000,16.48,17.2,14.31,11.9,11.4
3351000,16.19,17.47,14.35,11.99,11.18
3352000,16.33,17.08,14.09,12.13,11.47
3353000,16.5,17.26,14.25,12.27,11.58
3354000,16.3,17.14,14.42,12.33,11.61
3355000,16.38,17.53,14.27,12.23,11.47
3356000,16.55,17.34,14.15,12.25,11.89
3357000,16.49,17.46,13.81,12.24,11.8
3358000,16.35,17.49,14.11,12.29,12.09
3359000,16.12,16.75,14.27,12.12,12.15
3360000,15.72,16.56,14.42,12.15,12.23
3361000,15.65,16.71,14.18,12.16,11.87
3362000,15.74,15.89,14.33,12.15,11.83
3363000,16.07,16.19,14.4,12.32,11.78
3364000,16.31,16.37,14.48,12.41,11.63
3365000,16.6,16.23,14.37,12.45,11.8
3366000,16.34,16.4,14.33,12.51,12.01
3367000,16.38,16.43,14.43,12.43,12.33
3368000,16.69,16.26,14.22,12.35,11.75
3369000,16.59,16.43,14.19,12.22,12.03
3370000,16.81,16.51,14.2,12.18,11.85
3371000,16.87,16.06,13.86,12.1,11.59
3372000,16.72,16.27,13.8,12.21,11.87
3373000,17.07,16.19,13.6,12.16,11.8
3374000,17.37,15.73,13.69,12.21,11.96
3375000,17.69,16.17,14.11,12.25,11.7
3376000,17.81,16.28,13.96,12.03,11.52
3377000,17.97,16.48,14.1,11.88,11.44
3378000,17.86,16.63,13.83,11.8,11.11
3379000,17.6,16.69,13.88,11.53,11.12
3380000,17.67,16.4,14.04,11.3,10.89
3381000,17.84,16.37,14.01,11.25,11.06
3382000,18.0,16.02,14.22,11.1,11.13
3383000,18.06,15.73,14.2,11.12,11.2
3384000,18.15,15.92,14.2,10.97,11.34
3385000,18.01,15.52,14.46,10.97,11.31
3386000,17.89,15.62,14.47,11.2,11.64
3387000,17.71,15.57,14.72,11.24,11.91
3388000,17.88,15.63,14.83,11.4,12.19
3389000,18.02,15.72,14.76,11.31,12.3
3390000,17.86,15.84,14.67,11.34,12.46
3391000,17.1,15.53,14.92,11.57,12.43
3392000,16.75,14.89,14.88,11.55,12.32
3393000,16.57,14.52,14.75,11.4,12.67
3394000,16.69,14.75,14.69,11.36,12.81
3395000,17.01,14.66,14.34,11.54,12.37
3396000,17.22,14.52,14.2,11.5,12.18
3397000,16.9,14.37,14.24,11.56,11.7
3398000,16.94,14.04,14.34,11.72,11.92
3399000,16.84,14.27,13.57,11.85,11.8
3400000,16.67,14.41,13.64,11.75,11.67
3401000,16.64,14.75,13.63,11.54,11.79
3402000,16.52,14.68,13.79,11.68,11.76
3403000,16.46,14.81,13.44,11.88,11.62
3404000,15.92,15.01,13.46,11.9,11.41
3405000,15.96,15.42,13.36,11.87,11.44
3406000,16.05,15.39,13.37,11.78,11.31
3407000,16.42,15.14,13.41,12.04,11.63
3408000,16.51,15.24,12.98,12.04,11.77
3409000,16.44,15.75,13.21,12.05,12.01
3410000,16.32,15.79,13.29,12.18,12.02
3411000,16.31,16.02,13.07,12.16,12.19
3412000,15.8,15.98,13.05,12.18,12.33
3413000,15.81,16.52,13.35,11.94,12.52
3414000,15.57,16.63,13.23,11.92,12.73
3415000,15.86,16.63,12.42,11.73,12.44
3416000,16.06,16.46,12.57,11.58,12.43
3417000,16.22,16.43,12.5,11.48,12.15
3418000,16.03,16.67,12.27,11.37,12.22
3419000,16.16,16.39,12.56,11.33,11.94
3420000,16.62,15.89,12.79,11.52,11.91
3421000,16.65,15.9,12.9,11.58,11.77
3422000,16.71,16.23,13.2,11.58,11.31
3423000,16.41,16.74,13.24,11.35,11.65
3424000,16.7,16.92,13.53,11.05,12.04
3425000,16.75,16.74,13.54,11.06,11.93
3426000,16.87,16.79,13.59,11.03,11.67
3427000,16.98,16.4,13.59,11.15,11.57
3428000,17.18,16.22,13.71,11.19,11.75
3429000,17.1,16.17,14.21,11.11,12.22
3430000,17.26,16.56,14.04,10.95,12.17
3431000,17.45,16.56,14.08,10.99,12.09
3432000,17.49,16.4,14.06,10.88,12.51
3433000,17.67,16.65,14.05,10.85,12.43
3434000,17.67,16.37,13.89,10.84,12.59
3435000,17.7,16.04,13.91,10.85,12.6
3436000,18.03,16.43,13.84,11.1,12.51
3437000,18.12,16.48,13.77,11.49,12.27
3438000,18.06,16.51,13.61,11.44,12.03
3439000,18.31,16.45,13.74,11.59,12.17
3440000,18.3,16.23,13.99,11.72,12.11
3441000,18.3,16.58,13.95,11.71,11.97
3442000,18.14,16.32,13.75,11.83,12.1
3443000,18.11,16.85,13.72,11.9,12.25
3444000,18.27,16.74,13.76,11.91,12.02
3445000,18.01,16.93,13.63,11.97,12.01
3446000,17.97,16.75,13.85,11.99,11.79
3447000,17.86,16.99,13.75,11.91,11.85
3448000,17.31,17.38,13.59,12.03,11.49
3449000,17.39,17.15,13.7,12.0,11.71
3450000,17.26,17.08,13.77,11.9,11.79
3451000,16.76,17.01,13.64,11.83,12.03
3452000,16.56,17.07,13.42,11.8,12.15
3453000,16.22,16.89,13.35,11.66,11.91
3454000,16.31,16.84,13.1,11.71,11.83
3455000,16.45,16.43,13.17,11.63,11.91
3456000,16.63,16.29,13.07,11.71,11.55
3457000,16.22,16.34,12.98,11.67,11.34
3458000,16.27,16.21,12.95,11.82,10.72
3459000,16.26,16.09,13.35,12.03,11.08
3460000,16.32,16.09,13.09,12.03,10.64
3461000,16.21,16.07,13.0,11.98,10.8
3462000,15.6,16.32,13.46,11.95,10.56
3463000,16.23,15.8,13.31,11.82,10.81
3464000,16.51,15.88,13.24,11.85,11.02
3465000,16.64,15.87,13.57,11.92,10.78
3466000,16.63,15.92,13.86,11.88,10.69
3467000,16.76,15.73,13.96,11.81,10.81
3468000,16.83,15.85,13.86,11.83,11.17
3469000,16.97,15.65,13.99,11.79,11.45
3470000,16.96,15.36,14.24,11.79,11.9
3471000,16.92,15.97,14.25,11.87,11.86
3472000,16.85,16.24,14.63,11.99,12.31
3473000,16.69,15.99,14.48,11.7,12.15
3474000,16.5,16.32,14.56,11.72,12.41
3475000,16.59,16.3,14.82,11.74,12.5
3476000,16.53,16.47,15.12,11.62,12.25
3477000,16.86,16.46,15.03,11.78,12.35
3478000,16.91,16.12,14.97,11.66,12.57
3479000,17.26,16.56,14.99,11.61,12.59
3480000,17.23,16.55,14.72,11.65,12.19
3481000,17.35,16.39,14.49,11.53,12.23
3482000,17.38,16.39,14.45,11.41,11.89
3483000,17.53,16.52,14.61,11.42,11.9
3484000,17.3,16.49,14.69,11.08,11.91
3485000,17.36,17.05,14.95,11.16,12.05
3486000,17.16,17.18,15.13,11.13,11.46
3487000,17.11,17.1,15.13,11.16,11.57
3488000,16.77,16.57,15.35,11.21,11.67
3489000,17.01,16.97,15.6,11.23,11.65
3490000,17.03,17.22,15.31,11.13,11.75
3491000,17.27,17.0,14.95,11.2,11.62
3492000,17.25,16.7,15.25,10.85,12.07
3493000,16.78,16.74,14.88,10.89,12.11
3494000,16.66,16.86,14.84,10.58,12.51
3495000,16.82,17.31,15.3,10.84,12.23
3496000,17.07,16.97,15.26,10.95,12.11
3497000,17.19,17.32,15.09,11.04,12.32
3498000,16.63,17.52,14.95,11.17,12.41
3499000,16.14,17.62,14.47,11.32,12.57
3500000,16.06,18.14,14.23,11.44,12.66
3501000,16.12,18.3,14.11,11.29,12.37
3502000,16.3,17.9,13.6,11.37,12.21
3503000,16.51,17.88,13.57,11.42,11.65
3504000,16.61,17.53,13.38,11.35,11.89
3505000,16.57,17.93,13.62,11.39,11.89
3506000,16.27,18.31,13.51,11.38,11.81
3507000,16.06,17.33,13.73,11.51,12.42
3508000,16.04,17.4,13.85,11.86,12.77
3509000,16.37,17.55,13.71,11.8,12.97
3510000,16.42,17.13,13.37,11.64,12.84
3511000,16.29,16.79,13.53,11.61,12.86
3512000,15.87,16.84,13.71,11.22,12.7
3513000,15.87,16.62,14.05,11.19,12.32
3514000,16.15,16.59,13.76,11.06,12.63
3515000,16.42,16.25,14.06,11.15,12.85
3516000,16.77,16.09,14.3,11.14,13.18
3517000,16.67,15.79,14.29,11.16,13.14
3518000,16.41,16.48,14.6,11.24,12.97
3519000,16.29,16.26,14.77,11.39,12.79
3520000,16.17,16.29,14.73,11.38,12.3
3521000,16.2,16.08,15.11,11.11,12.09
3522000,16.3,16.01,15.03,11.02,11.84
3523000,16.18,16.25,14.76,10.96,11.71
3524000,16.55,15.96,15.06,11.03,11.9
3525000,16.41,16.31,15.07,11.23,12.16
3526000,16.34,16.77,14.9,11.39,11.91
3527000,16.48,16.93,15.03,11.49,11.59
3528000,16.39,16.98,15.03,11.52,11.49
3529000,16.43,16.88,15.13,11.52,11.34
3530000,16.17,16.87,14.79,11.24,11.44
3531000,15.92,16.86,14.56,11.15,11.63
3532000,15.55,17.14,14.38,11.18,11.26
3533000,15.66,16.87,13.86,11.3,11.48
3534000,15.83,17.14,13.95,11.53,11.46
3535000,16.12,17.28,13.6,11.63,11.78
3536000,15.86,17.3,13.86,11.65,11.63
3537000,16.06,17.37,13.91,11.75,11.4
3538000,16.0,17.14,14.03,11.72,11.54
3539000,16.24,17.36,13.88,11.64,11.38
3540000,16.18,16.89,14.35,11.62,11.51
3541000,16.62,16.95,14.56,11.6,11.62
3542000,16.59,16.24,14.54,11.78,11.33
3543000,16.68,16.49,14.62,11.77,11.25
3544000,16.63,16.6,14.79,11.96,11.42
3545000,16.58,16.58,14.88,12.24,11.43
3546000,16.67,15.97,15.02,12.27,11.65
3547000,16.92,15.88,14.89,12.16,11.59
3548000,17.15,15.41,15.09,12.16,11.51
3549000,17.22,15.93,15.2,12.13,11.84
3550000,17.03,15.97,15.31,11.95,11.64
3551000,17.06,15.91,15.16,12.13,12.14
3552000,16.79,16.06,15.39,12.16,12.47
3553000,16.74,16.21,15.45,12.19,12.68
3554000,16.42,16.39,15.53,12.15,12.51
3555000,15.89,16.02,15.66,12.15,12.61
3556000,15.63,16.38,15.61,11.89,12.93
3557000,15.23,16.37,15.42,11.94,12.39
3558000,15.06,16.61,15.31,11.96,12.53
3559000,15.14,16.15,14.79,11.88,12.43
3560000,15.35,16.06,14.91,11.86,12.5
3561000,15.45,16.06,15.05,11.99,12.23
3562000,15.31,16.77,15.14,11.92,12.16
3563000,15.23,16.83,15.39,11.94,12.18
3564000,15.24,16.66,15.35,12.01,11.94
3565000,15.58,16.89,15.59,11.99,11.14
3566000,15.49,16.72,15.29,11.72,11.0
3567000,15.74,16.84,15.11,11.73,10.72
3568000,15.83,16.73,15.13,11.76,11.03
3569000,16.01,16.48,15.55,11.73,10.7
3570000,16.41,16.65,15.45,11.86,10.7
3571000,16.81,16.8,14.96,11.7,10.68
3572000,16.88,17.17,15.12,11.7,10.8
3573000,17.1,17.04,14.99,11.79,10.89
3574000,17.25,16.76,15.48,11.83,10.22
3575000,17.45,16.98,15.39,11.65,10.48
3576000,17.37,16.94,15.32,11.82,10.76
3577000,17.39,17.09,15.17,11.88,11.06
3578000,17.06,17.28,14.95,11.87,11.04
3579000,16.98,17.27,14.46,11.77,11.05
3580000,16.94,17.59,14.29,11.84,11.47
3581000,16.96,17.45,14.57,11.9,11.38
3582000,16.77,17.78,14.49,12.02,11.65
3583000,17.0,17.81,14.26,12.16,11.93
3584000,16.84,17.53,14.22,12.15,11.96
3585000,16.77,17.14,14.31,11.98,12.08
3586000,16.79,17.06,14.29,11.96,12.13
3587000,16.52,16.49,14.22,12.12,12.05
3588000,16.91,17.16,13.87,11.98,12.25
3589000,17.06,17.24,14.16,12.07,12.26
3590000,17.12,17.08,14.0,12.08,12.23
3591000,17.09,17.53,14.26,11.96,12.13
3592000,17.2,17.44,14.22,12.04,12.27
3593000,16.89,17.51,14.44,12.1,12.3
3594000,17.03,17.84,14.84,12.19,12.21
3595000,16.92,17.75,14.84,12.08,12.27
3596000,17.26,17.42,14.85,11.77,11.98
3597000,17.2,17.37,15.06,11.73,11.85
3598000,17.27,17.58,15.1,11.65,12.08
3599000,17.34,17.43,15.12,11.89,12.21
3600000,17.22,17.33,15.02,11.91,12.35
3601000,17.2,17.47,15.09,11.86,12.7
3602000,17.28,17.05,15.27,11.93,12.59
3603000,16.88,16.66,15.29,11.95,12.73
3604000,16.76,17.08,15.22,11.86,12.56
3605000,16.67,16.96,15.37,11.75,12.42
3606000,15.97,16.93,15.04,11.5,12.51
3607000,15.86,17.03,14.92,11.69,12.48
3608000,15.48,16.44,15.04,11.57,12.6
3609000,15.51,16.17,14.27,11.7,12.6
3610000,15.33,16.0,14.04,11.95,12.47
3611000,15.12,15.91,13.94,12.0,12.72
3612000,15.28,15.95,13.85,12.18,12.68
3613000,14.91,16.06,13.96,11.89,12.53
3614000,14.57,16.01,14.25,11.73,12.59
3615000,14.19,16.22,14.13,11.73,12.56
3616000,14.03,15.87,13.72,11.71,12.63
3617000,14.17,15.98,14.06,11.66,12.85
3618000,14.13,16.24,13.79,11.68,13.1
3619000,14.31,16.78,13.92,11.88,13.22
3620000,14.42,16.43,14.08,12.0,12.98
3621000,14.47,16.49,14.28,11.97,12.84
3622000,14.5,16.28,14.02,11.86,12.91
3623000,14.71,15.77,14.44,11.63,12.72
3624000,15.16,16.11,14.68,11.6,12.57
3625000,15.06,16.4,14.67,11.26,12.08
3626000,15.29,16.59,14.43,11.28,11.83
3627000,14.77,16.63,14.17,11.52,11.88
3628000,14.97,16.58,14.0,11.66,11.79
3629000,14.9,16.46,14.08,11.31,11.74
3630000,14.81,16.43,14.32,11.31,11.61
3631000,15.0,15.85,14.49,11.38,11.58
3632000,15.16,15.99,14.55,11.36,11.51
3633000,15.04,15.71,14.51,11.33,11.45
3634000,14.91,15.63,14.58,11.1,11.8
3635000,14.5,15.85,14.9,11.13,11.77
3636000,14.94,16.56,14.77,11.35,11.88
3637000,14.65,16.53,14.96,11.58,11.93
3638000,14.53,16.36,14.98,11.52,11.97
3639000,14.37,16.61,14.91,11.66,11.94
3640000,14.33,16.92,14.79,11.79,11.5
3641000,14.16,16.83,15.21,11.73,11.41
3642000,14.66,17.08,15.19,11.56,10.99
3643000,14.45,17.15,15.35,11.58,11.16
3644000,14.76,17.29,15.4,11.57,11.53
3645000,15.13,16.89,15.37,11.5,11.41
3646000,15.36,17.26,15.36,11.38,11.13
3647000,15.13,17.25,15.1,11.48,11.25
3648000,14.84,16.9,14.8,11.82,11.2
3649000,14.92,16.88,14.32,11.97,11.15
3650000,15.15,16.98,14.07,11.9,11.52
3651000,13.93,16.95,13.85,11.88,11.73
3652000,13.99,16.63,13.98,11.96,11.89
3653000,13.93,16.38,13.68,11.97,12.19
3654000,14.13,16.81,13.97,11.86,12.35
3655000,14.21,16.61,14.03,11.71,12.63
3656000,14.12,16.86,14.21,11.79,12.75
3657000,13.94,16.5,14.09,11.85,12.63
3658000,13.2,16.71,13.9,12.18,12.64
3659000,12.93,16.41,13.55,12.16,12.43
3660000,12.7,16.0,13.17,12.28,12.39
3661000,12.89,16.27,13.5,12.19,12.33
3662000,13.07,15.89,13.67,12.18,12.28
3663000,13.21,15.63,13.76,11.99,12.1
3664000,12.76,16.07,14.15,12.1,12.06
3665000,13.38,16.11,14.32,11.91,12.12
3666000,13.41,16.2,14.33,11.85,12.28
3667000,13.44,16.11,14.46,11.84,12.17
3668000,13.27,16.19,14.5,11.83,11.83
3669000,13.22,16.25,14.71,11.98,11.21
3670000,12.99,16.22,14.65,12.14,11.57
3671000,13.22,16.02,14.52,12.0,11.82
3672000,13.11,16.0,14.45,11.87,12.06
3673000,13.34,16.28,14.81,11.84,11.96
3674000,12.97,16.08,14.99,11.72,12.03
3675000,13.15,16.45,15.02,11.55,12.25
3676000,13.09,16.62,14.74,11.49,11.96
3677000,13.29,16.52,14.76,11.81,11.34
3678000,13.75,16.83,14.59,11.52,10.76
3679000,13.75,17.05,13.96,11.4,11.05
3680000,14.0,17.28,13.77,11.37,11.26
3681000,14.26,17.31,13.8,11.36,11.34
3682000,14.32,17.27,13.65,11.33,11.15
3683000,14.76,17.71,13.26,11.13,10.65
3684000,15.2,17.56,13.07,11.2,10.68
3685000,15.1,17.39,12.92,11.33,10.69
3686000,15.51,17.84,12.83,11.22,10.42
3687000,15.35,17.73,12.67,11.27,10.52
3688000,15.73,18.01,13.21,11.56,10.57
3689000,15.76,18.15,13.49,11.5,11.08
3690000,16.13,18.21,13.47,11.46,10.81
3691000,16.43,18.22,13.38,11.49,10.63
3692000,16.85,18.52,13.55,11.61,10.52
3693000,17.06,18.62,13.68,11.76,10.42
3694000,16.75,18.61,13.81,11.29,10.56
3695000,16.7,18.68,13.8,11.46,10.8
3696000,16.69,18.81,13.82,11.37,10.55
3697000,16.53,18.67,14.0,11.52,10.97
3698000,16.86,18.91,13.89,11.55,10.94
3699000,16.99,19.02,14.14,11.58,10.85
3700000,17.14,18.81,14.05,11.65,11.25
3701000,16.9,19.0,14.23,11.56,11.24
3702000,16.89,18.84,14.07,11.47,11.39
3703000,17.04,19.11,13.51,11.53,11.67
3704000,17.23,19.31,13.28,11.45,11.84
3705000,17.21,19.21,13.23,11.41,12.42
3706000,16.79,18.93,13.08,11.25,12.66
3707000,16.63,18.6,13.19,11.59,12.48
3708000,16.5,18.48,13.46,11.82,12.2
3709000,16.47,18.53,13.25,11.79,12.25
3710000,16.4,18.01,13.33,11.66,12.63
3711000,16.76,17.35,13.32,11.66,12.61
3712000,16.84,17.47,13.38,11.51,12.28
3713000,17.06,17.84,13.28,11.61,12.14
3714000,17.19,17.86,13.46,11.6,12.45
3715000,16.93,18.06,13.48,11.68,12.14
3716000,16.85,17.79,13.6,11.8,11.46
3717000,16.83,17.85,13.87,11.78,11.5
3718000,17.03,17.76,14.06,11.65,11.35
3719000,17.3,17.66,13.93,11.44,11.31
3720000,17.1,17.53,14.16,11.48,11.56
3721000,17.19,17.45,14.17,11.49,11.12
3722000,17.08,17.26,13.8,11.34,11.23
3723000,17.26,17.38,13.41,11.41,11.44
3724000,17.49,17.46,13.41,11.45,12.19
3725000,17.5,17.71,13.51,11.44,12.55
3726000,17.63,17.42,13.36,11.21,12.25
3727000,17.59,17.68,13.22,11.14,12.41
3728000,17.61,17.89,12.92,11.13,12.77
3729000,17.37,18.15,13.16,11.09,12.63
3730000,17.18,17.64,13.47,11.11,12.23
3731000,17.19,17.31,13.41,11.2,12.36
3732000,17.08,17.39,13.34,11.41,12.2
3733000,16.68,17.28,13.64,11.43,11.93
3734000,16.6,17.64,13.76,11.36,11.43
3735000,16.25,17.16,13.89,11.19,11.45
3736000,16.22,17.16,14.29,11.11,10.98
3737000,16.33,17.43,14.52,11.14,11.0
3738000,16.51,17.67,14.4,11.29,10.79
3739000,16.52,17.52,14.13,11.4,10.74
3740000,16.64,17.3,14.33,11.49,10.68
3741000,16.57,17.66,14.4,11.41,10.79
3742000,16.49,17.56,14.44,11.42,10.58
3743000,16.16,17.29,14.38,11.28,10.85
3744000,16.31,17.27,13.51,10.93,10.88
3745000,16.16,17.41,13.66,10.9,11.02
3746000,16.2,17.58,13.48,11.09,11.38
3747000,16.43,17.81,13.39,11.16,11.45
3748000,16.34,17.95,13.19,11.34,11.6
3749000,16.56,17.52,12.94,11.52,11.52
3750000,16.95,17.14,12.95,11.46,11.38
3751000,17.13,17.31,12.98,11.49,11.3
3752000,17.04,17.44,13.21,11.37,11.51
3753000,17.33,17.5,13.4,11.45,11.54
3754000,17.11,17.34,13.3,11.11,11.74
3755000,16.84,17.19,13.68,11.3,11.5
3756000,16.73,17.58,13.87,11.35,11.88
3757000,16.35,17.75,13.62,11.51,11.89
3758000,16.38,18.02,14.09,11.46,11.6
3759000,16.84,18.03,14.36,11.5,11.09
3760000,16.46,18.15,14.69,11.41,11.29
3761000,16.38,18.27,14.57,11.35,11.51
3762000,16.49,18.03,14.81,11.33,11.42
3763000,16.6,18.12,14.75,11.26,11.45
3764000,16.43,18.19,15.17,11.38,11.32
3765000,16.55,17.94,14.74,11.27,11.44
3766000,16.82,17.75,14.86,11.37,11.71
3767000,16.68,18.06,14.85,11.51,11.45
3768000,16.72,18.66,14.58,11.7,11.87
3769000,17.03,18.95,14.63,11.77,11.87
3770000,16.96,19.08,14.91,11.65,12.0
3771000,17.37,19.26,14.94,11.86,11.75
3772000,17.62,19.23,15.06,11.96,11.3
3773000,17.81,18.98,14.76,11.91,11.41
3774000,18.11,18.58,14.17,11.96,11.43
3775000,18.09,18.32,13.93,12.05,11.57
3776000,18.07,18.33,13.59,12.01,11.93
3777000,17.93,18.42,13.87,12.07,11.64
3778000,18.02,17.98,13.8,12.15,11.51
3779000,18.22,17.84,14.04,11.93,11.57
3780000,17.71,18.18,14.22,12.06,11.67
3781000,17.86,17.96,14.57,11.88,11.52
3782000,17.57,18.09,14.45,11.92,11.28
3783000,17.3,18.18,14.59,11.89,11.84
3784000,17.09,18.17,14.63,11.99,11.89
3785000,16.56,17.55,14.64,11.95,12.12
3786000,16.14,16.82,14.6,11.93,11.65
3787000,15.77,16.31,14.82,12.08,11.9
3788000,15.59,16.56,14.89,11.94,11.76
3789000,15.29,16.37,15.27,11.87,12.04
3790000,14.85,16.66,15.41,11.68,11.83
3791000,14.79,16.44,15.76,11.7,12.32
3792000,14.75,15.74,15.67,11.72,11.92
3793000,14.33,15.62,15.33,11.78,11.81
3794000,14.16,15.98,15.38,11.78,11.96
3795000,14.4,16.0,15.41,11.98,11.72
3796000,14.03,15.83,15.35,11.99,11.82
3797000,14.43,15.7,15.38,11.84,11.78
3798000,14.62,15.59,14.89,11.81,11.79
3799000,14.24,15.5,15.15,11.66,11.36
3800000,14.6,15.53,15.04,11.32,11.09
3801000,15.11,15.64,15.1,11.44,11.14
3802000,15.59,16.13,14.91,11.47,11.24
3803000,15.69,16.39,14.99,11.6,11.23
3804000,15.8,16.07,14.7,11.66,11.34
3805000,16.04,16.16,14.38,11.55,11.47
3806000,16.57,16.3,14.22,11.5,11.59
3807000,17.04,16.21,14.39,11.39,11.67
3808000,17.37,16.36,14.42,11.36,11.83
3809000,17.39,16.4,14.14,11.48,11.76
3810000,17.48,16.55,13.98,11.5,12.08
3811000,17.56,16.49,13.96,11.28,12.39
3812000,17.52,16.75,14.01,11.45,12.78
3813000,17.72,17.07,14.17,11.57,12.73
3814000,17.58,16.86,13.36,11.61,12.71
3815000,17.37,16.86,13.52,11.46,12.28
3816000,17.45,17.07,13.32,11.45,12.13
3817000,17.8,16.87,13.51,11.41,12.1
3818000,17.54,16.41,13.98,11.27,12.18
3819000,17.31,16.59,13.66,11.52,12.02
3820000,17.47,16.67,13.68,11.59,11.88
3821000,17.5,16.68,13.78,11.55,12.07
3822000,17.18,16.69,13.96,11.27,11.64
3823000,16.98,16.85,14.02,11.26,11.09
3824000,16.84,16.86,14.02,11.22,10.99
3825000,16.62,17.04,14.26,11.26,11.09
3826000,16.6,16.83,14.5,11.31,11.06
3827000,17.16,17.01,14.53,11.58,11.13
3828000,16.95,16.77,14.91,11.67,11.37
3829000,17.23,16.37,15.08,11.74,11.39
3830000,17.23,16.49,15.28,11.7,11.16
3831000,17.18,16.91,15.55,11.8,11.62
3832000,16.9,16.51,15.28,11.92,11.67
3833000,17.1,16.54,15.0,11.78,11.79
3834000,17.16,17.15,15.48,11.85,11.89
3835000,17.45,17.27,15.64,11.88,12.06
3836000,17.66,16.78,15.8,11.91,11.59
3837000,16.96,16.36,15.7,12.16,11.49
3838000,17.0,16.32,15.52,12.12,11.7
3839000,17.67,16.52,15.47,12.31,12.03
3840000,17.76,16.7,15.06,12.3,11.77
3841000,17.83,16.91,15.04,12.24,11.93
3842000,17.43,17.07,14.96,12.17,12.05
3843000,17.43,17.01,14.91,12.16,12.02
3844000,16.63,17.07,14.84,12.23,12.05
3845000,16.28,17.21,14.8,12.2,11.87
3846000,16.18,17.37,14.43,12.04,11.88
3847000,16.26,17.11,14.48,12.16,12.13
3848000,16.54,16.72,14.11,12.34,12.38
3849000,16.63,17.21,14.23,12.32,12.86
3850000,16.5,17.14,14.45,12.41,13.17
3851000,16.47,17.17,14.5,12.31,13.3
3852000,16.2,17.09,14.48,12.05,12.54
3853000,16.26,16.87,14.54,12.09,12.41
3854000,16.13,17.23,14.76,12.07,12.0
3855000,16.05,17.34,14.88,11.81,11.58
3856000,16.25,17.58,14.52,11.86,11.25
3857000,16.0,17.77,14.71,11.85,10.73
3858000,16.34,17.63,14.87,11.9,10.45
3859000,16.78,17.65,15.07,11.98,10.36
3860000,16.92,17.71,15.19,12.05,10.34
3861000,17.31,17.88,14.79,11.97,9.99
3862000,17.73,17.78,14.83,11.9,9.96
3863000,18.02,17.85,14.79,11.78,10.44
3864000,17.99,18.02,14.57,11.64,10.58
3865000,17.76,18.24,14.22,11.79,10.77
3866000,17.87,18.66,14.33,11.72,10.76
3867000,17.75,18.4,14.35,11.64,10.86
3868000,17.76,18.44,13.96,11.55,11.04
3869000,17.75,18.85,14.01,11.63,11.47
3870000,17.69,18.67,14.23,11.59,11.61
3871000,17.57,19.05,14.33,11.47,11.53
3872000,17.59,19.23,14.45,11.61,11.18
3873000,17.54,19.05,14.43,11.47,11.66
3874000,17.56,19.41,14.26,11.55,11.65
3875000,17.81,19.35,14.54,11.56,11.71
3876000,17.4,19.17,15.1,11.45,12.09
3877000,17.2,18.5,15.22,11.62,12.37
3878000,16.88,18.45,15.01,11.65,12.96
3879000,16.93,18.16,15.04,11.51,12.77
3880000,16.94,17.95,14.78,11.55,13.3
3881000,17.17,17.83,14.73,11.47,13.29
3882000,16.86,17.78,14.91,11.73,13.69
3883000,16.88,17.63,14.81,11.83,13.26
3884000,16.94,17.68,14.99,11.84,13.48
3885000,17.14,17.96,14.85,11.89,13.15
3886000,17.28,17.9,14.24,11.64,13.19
3887000,17.37,17.99,14.03,11.64,12.86
3888000,17.33,17.74,13.89,11.38,12.68
3889000,17.5,17.67,13.95,11.31,12.38
3890000,17.49,17.78,13.9,11.37,12.41
3891000,17.35,16.98,14.04,11.25,12.24
3892000,17.37,16.7,14.4,11.3,11.8
3893000,17.57,16.72,14.21,11.44,11.65
3894000,17.61,16.97,14.1,11.41,11.16
3895000,17.59,16.9,14.06,11.37,11.55
3896000,16.81,17.09,13.84,11.46,11.48
3897000,16.88,16.97,13.94,11.52,11.56
3898000,16.9,16.9,13.62,11.55,11.49
3899000,16.72,16.86,13.44,11.58,11.74
3900000,16.48,16.82,13.94,11.66,11.47
3901000,16.3,16.69,13.98,11.73,11.7
3902000,16.19,16.6,13.88,11.86,11.84
3903000,16.14,16.68,13.88,12.22,11.99
3904000,16.3,16.95,14.04,12.18,12.2
3905000,16.57,16.59,13.7,12.06,11.72
3906000,16.64,16.34,13.68,12.29,11.24
3907000,16.27,16.87,13.47,12.34,11.13
3908000,16.37,17.52,13.42,12.41,11.29
3909000,15.73,17.45,12.93,12.39,11.32
3910000,15.98,17.92,13.13,12.34,11.24
3911000,16.23,17.59,13.37,12.15,11.34
3912000,16.51,17.82,13.34,12.2,10.7
3913000,16.34,17.9,13.78,12.27,10.36
3914000,16.24,18.02,13.58,12.28,9.9
3915000,16.73,18.37,13.68,12.24,9.98
3916000,16.89,18.42,13.91,12.27,10.45
3917000,17.35,18.61,13.59,12.36,10.68
3918000,17.22,18.77,13.08,12.26,11.07
3919000,17.32,18.75,13.26,12.26,11.18
3920000,17.27,18.36,13.33,12.27,10.65
3921000,17.27,18.28,13.56,12.13,10.67
3922000,17.11,18.44,13.7,12.09,10.79
3923000,16.77,18.63,13.98,12.18,10.81
3924000,17.02,18.86,13.9,12.33,11.25
3925000,16.88,18.26,13.64,12.35,11.25
3926000,17.22,18.38,13.69,12.38,11.77
3927000,17.43,18.42,13.63,12.1,11.55
3928000,17.35,18.43,13.58,12.08,11.45
3929000,17.01,18.62,13.71,12.09,11.64
3930000,17.36,18.74,13.63,12.16,11.03
3931000,17.57,18.89,14.09,12.21,11.11
3932000,17.49,19.04,14.38,12.14,11.24
3933000,17.1,19.25,14.4,12.03,11.61
3934000,16.93,19.21,14.64,11.94,11.84
3935000,16.99,19.29,14.71,11.97,11.89
3936000,17.03,18.99,14.92,11.85,11.84
3937000,16.94,18.94,14.67,11.82,11.76
3938000,16.79,19.14,14.63,11.85,11.53
3939000,16.85,19.61,14.28,12.09,12.1
3940000,17.13,19.63,14.49,12.02,12.05
3941000,16.9,19.58,14.66,12.05,11.93
3942000,16.94,18.91,14.48,11.98,12.48
3943000,16.89,19.22,14.28,11.93,12.75
3944000,16.74,19.63,14.47,11.93,12.72
3945000,16.76,19.87,14.73,11.78,13.05
3946000,17.1,20.01,14.65,11.92,12.54
3947000,17.29,20.04,14.84,12.0,12.4
3948000,17.56,20.11,14.61,12.08,12.31
3949000,17.5,19.94,14.8,11.96,12.44
3950000,17.53,19.9,14.78,12.08,12.79
3951000,17.95,19.74,14.86,12.15,12.81
3952000,18.07,19.46,15.3,12.06,12.62
3953000,18.04,19.3,15.23,12.04,12.52
3954000,17.97,19.26,15.6,11.81,12.6
3955000,17.93,19.61,15.75,11.85,12.44
3956000,18.06,19.87,15.37,12.1,12.61
3957000,18.07,19.98,15.53,12.03,12.48
3958000,17.99,19.82,15.56,12.03,12.48
3959000,18.2,19.61,15.37,11.99,12.72
3960000,18.29,19.62,15.28,12.03,12.8
3961000,18.03,19.4,15.35,12.14,12.75
3962000,18.1,19.27,14.92,12.13,12.67
3963000,18.3,19.39,15.0,11.94,12.58
3964000,18.34,19.03,14.74,11.88,12.71
3965000,18.25,19.01,14.67,11.89,12.29
3966000,18.06,18.85,14.7,11.88,12.23
3967000,18.09,19.0,14.71,11.79,12.55
3968000,18.24,18.96,14.74,11.93,12.34
3969000,18.01,18.82,14.73,11.98,12.49
3970000,17.88,19.02,14.34,11.67,12.25
3971000,17.83,19.19,14.49,11.9,12.16
3972000,17.76,19.47,14.38,11.8,12.24
3973000,17.69,19.44,14.25,11.73,12.21
3974000,17.67,18.8,14.34,11.61,12.29
3975000,17.52,18.48,14.02,11.41,12.31
3976000,17.62,18.38,14.1,11.54,12.05
3977000,17.32,18.4,13.96,11.52,12.12
3978000,17.6,18.25,14.27,11.61,12.45
3979000,17.35,18.28,14.26,11.82,12.39
3980000,17.1,18.22,14.29,11.83,12.58
3981000,16.85,18.2,14.0,11.97,12.44
3982000,16.74,18.45,13.85,11.83,12.28
3983000,16.83,18.32,13.65,11.71,12.25
3984000,16.87,18.15,14.29,11.91,12.28
3985000,16.65,18.11,14.33,11.92,12.13
3986000,16.98,18.31,14.28,11.93,12.21
3987000,17.06,18.66,14.39,11.8,12.22
3988000,17.0,18.45,14.7,11.96,12.18
3989000,17.3,18.19,14.42,12.24,12.24
3990000,17.34,17.75,14.44,12.23,11.65
3991000,17.26,17.81,14.79,12.23,11.58
3992000,17.37,17.97,14.56,12.31,11.64
3993000,17.51,18.27,14.5,12.33,11.63
3994000,17.43,18.1,14.66,11.98,11.69
3995000,17.67,18.29,14.73,12.04,11.75
3996000,17.75,18.69,15.07,11.95,11.92
3997000,17.67,19.26,15.2,12.24,12.0
3998000,17.86,19.4,15.02,11.99,12.14
3999000,18.12,19.24,15.17,11.83,12.25
4000000,17.98,19.27,15.19,11.7,12.47
4001000,18.09,19.07,15.37,11.88,12.88
4002000,18.25,19.05,15.06,11.96,12.99
4003000,18.3,19.22,15.07,11.88,13.14
4004000,17.64,18.53,15.57,11.71,13.01
4005000,17.76,18.29,15.82,11.96,12.98
4006000,17.9,18.48,15.78,11.96,13.06
4007000,17.76,18.6,16.05,11.83,13.06
4008000,18.01,18.88,15.92,11.88,12.9
4009000,18.16,19.05,15.83,11.88,12.91
4010000,17.72,19.06,15.72,11.78,12.87
4011000,17.53,19.03,16.02,11.67,12.58
4012000,17.59,18.84,16.08,11.83,11.6
4013000,17.78,18.93,16.28,11.77,11.53
4014000,18.14,18.47,16.5,11.85,11.27
4015000,18.34,17.83,16.72,11.86,11.62
4016000,18.1,17.54,16.28,11.63,11.79
4017000,18.25,17.44,16.5,11.73,11.74
4018000,18.66,17.58,16.52,11.82,11.7
4019000,18.63,17.82,16.61,11.78,11.65
4020000,18.4,17.49,16.25,11.79,11.68
4021000,18.16,17.56,15.74,11.87,11.3
4022000,18.39,17.78,15.78,12.0,11.68
4023000,18.22,17.51,15.61,11.68,11.62
4024000,17.83,17.66,15.63,11.81,12.03
4025000,17.93,17.66,15.81,11.94,11.9
4026000,17.55,17.25,15.67,12.11,12.18
4027000,17.64,17.09,15.55,12.17,12.38
4028000,18.06,17.09,15.57,12.35,11.85
4029000,17.85,17.24,15.5,12.41,11.92
4030000,17.77,17.21,15.32,12.36,11.94
4031000,17.38,17.68,15.2,12.51,11.9
4032000,17.13,17.72,15.13,12.51,11.71
4033000,16.82,17.9,15.12,12.51,11.91
4034000,16.2,18.0,15.07,12.37,11.56
4035000,16.36,17.66,15.23,12.02,11.48
4036000,16.4,17.43,15.19,12.18,11.53
4037000,16.71,17.58,15.23,12.18,11.7
4038000,16.7,17.98,15.45,12.39,11.8
4039000,16.16,17.79,15.52,12.38,11.64
4040000,15.8,18.18,15.64,12.22,11.76
4041000,15.74,18.06,15.49,11.96,11.73
4042000,15.77,18.26,15.51,11.84,11.59
4043000,15.87,18.14,15.57,11.74,11.94
4044000,15.59,18.64,15.85,11.58,12.08
4045000,16.05,18.96,15.71,11.59,11.83
4046000,15.79,18.81,16.0,11.51,11.81
4047000,15.93,18.78,16.3,11.43,11.92
4048000,16.12,19.01,16.17,11.51,12.09
4049000,16.6,19.14,16.08,11.8,11.93
4050000,16.7,19.06,15.35,11.51,11.75
4051000,17.17,19.73,15.36,11.61,11.72
4052000,16.83,19.76,15.43,11.45,11.89
4053000,16.98,19.93,15.37,11.55,12.02
4054000,16.81,20.15,15.06,11.58,12.23
4055000,17.13,20.38,14.69,11.83,12.37
4056000,17.44,20.35,15.01,11.67,12.62
4057000,17.82,20.53,14.68,11.59,12.36
4058000,18.1,20.52,14.58,11.8,12.75
4059000,18.14,20.85,14.4,11.86,13.02
4060000,18.09,20.84,14.19,11.76,13.34
4061000,18.07,20.56,14.26,11.9,13.33
4062000,17.97,20.41,14.11,11.74,13.17
4063000,17.88,20.47,14.47,11.75,13.36
4064000,18.03,20.41,14.83,11.8,13.47
4065000,17.99,20.19,15.25,11.72,13.78
4066000,18.1,20.17,15.23,11.96,13.41
4067000,18.07,20.22,14.98,11.9,13.31
4068000,18.08,19.82,15.19,11.86,12.92
4069000,17.98,19.99,14.92,11.7,12.92
4070000,17.96,19.47,14.97,11.94,12.76
4071000,17.85,19.36,14.8,11.91,12.95
4072000,17.76,19.25,14.7,11.87,12.84
4073000,17.81,18.9,14.88,11.87,12.49
4074000,17.64,18.98,14.93,11.99,12.78
4075000,17.74,18.76,14.68,11.86,12.79
4076000,17.4,18.54,14.74,11.98,12.66
4077000,17.47,18.46,14.98,11.92,12.07
4078000,17.75,18.57,14.93,11.93,12.21
4079000,17.14,18.6,14.71,12.17,12.59
4080000,17.11,18.75,14.83,12.19,12.57
4081000,17.0,18.66,14.77,11.78,12.59
4082000,17.03,18.69,14.8,11.68,12.4
4083000,17.14,18.77,14.85,11.78,12.09
4084000,17.09,18.31,15.12,11.75,11.94
4085000,16.78,18.01,15.28,12.08,11.58
4086000,16.81,18.14,15.51,11.88,11.12
4087000,17.18,17.95,15.65,11.92,11.13
4088000,17.27,18.1,15.56,11.76,11.2
4089000,17.43,17.73,15.54,11.77,11.7
4090000,17.52,17.61,15.65,11.75,11.64
4091000,17.66,18.05,15.57,11.72,11.26
4092000,17.55,17.64,15.17,11.74,11.05
4093000,17.69,17.72,15.15,11.64,11.21
4094000,17.69,17.68,15.12,11.67,11.36
4095000,17.8,17.67,15.05,12.02,11.53
4096000,18.28,17.67,15.24,12.08,11.36
4097000,18.27,17.16,15.46,12.13,11.55
4098000,17.81,17.41,15.49,12.04,11.88
4099000,17.82,17.42,15.27,11.72,12.17
4100000,17.84,17.68,15.12,11.91,12.4
4101000,17.76,17.74,14.97,11.9,11.83
4102000,18.05,18.06,15.45,11.98,11.86
4103000,18.0,18.0,15.29,12.16,11.81
4104000,17.86,17.9,15.42,12.15,11.92
4105000,17.72,17.36,15.15,12.04,11.82
4106000,17.86,17.57,15.22,12.19,11.78
4107000,17.65,17.47,15.17,12.23,11.54
4108000,17.62,17.25,15.01,12.25,11.48
4109000,17.66,17.71,14.8,12.16,11.27
4110000,17.91,17.41,14.25,12.26,11.08
4111000,18.16,17.45,14.27,12.37,10.89
4112000,18.24,17.61,14.35,12.21,11.33
4113000,18.26,17.47,14.19,12.36,11.21
4114000,18.33,17.96,14.25,12.28,11.27
4115000,18.74,17.97,14.17,12.12,11.65
4116000,19.01,17.49,14.05,12.03,11.88
4117000,19.09,17.42,14.39,12.0,11.96
4118000,19.04,17.17,14.11,11.84,12.03
4119000,18.72,17.29,14.41,11.82,12.17
4120000,18.62,17.35,14.38,11.95,12.22
4121000,18.28,17.61,14.54,11.92,12.48
4122000,18.37,17.93,14.82,11.76,12.34
4123000,18.55,18.27,14.85,11.85,12.35
4124000,18.27,18.03,15.11,11.94,12.3
4125000,18.39,18.23,15.53,11.66,12.01
4126000,18.14,18.38,15.07,11.67,12.19
4127000,17.93,18.25,15.39,11.74,11.75
4128000,18.19,17.97,15.23,11.94,11.63
4129000,18.12,18.04,15.33,11.89,11.29
4130000,18.08,17.98,15.65,12.02,11.53
4131000,18.07,17.62,15.32,12.04,11.89
4132000,17.83,17.5,15.11,12.16,11.7
4133000,17.71,18.09,15.2,12.26,12.01
4134000,17.62,18.25,15.13,12.27,11.96
4135000,17.92,18.05,15.15,12.2,12.02
4136000,18.16,18.37,14.72,12.21,11.94
4137000,18.25,18.39,15.02,12.32,12.22
4138000,18.25,18.52,15.2,12.42,12.59
4139000,18.45,18.72,15.18,12.19,12.52
4140000,18.57,18.33,15.34,12.26,12.71
4141000,18.47,18.22,15.49,12.33,12.95
4142000,18.89,18.37,15.54,12.22,13.39
4143000,18.92,17.9,15.5,12.07,12.97
4144000,19.0,18.22,15.63,12.17,13.17
4145000,19.36,18.27,15.41,12.08,12.88
4146000,19.42,18.63,15.24,12.04,12.55
4147000,19.34,18.73,15.43,11.91,12.49
4148000,19.65,19.04,15.28,11.93,12.05
4149000,19.58,18.88,15.48,11.91,12.02
4150000,19.39,18.95,15.53,12.0,11.8
4151000,19.44,18.92,15.41,11.91,11.93
4152000,19.22,18.93,15.53,11.92,11.79
4153000,19.63,18.9,15.52,12.16,11.42
4154000,19.64,19.06,15.37,12.29,10.96
4155000,19.83,19.21,15.23,12.31,10.7
4156000,19.4,19.17,15.02,12.35,10.95
4157000,19.65,18.93,15.19,12.37,10.86
4158000,19.23,18.82,15.03,12.48,11.1
4159000,19.03,18.56,15.32,12.66,11.32
4160000,19.12,18.73,15.35,12.46,11.68
4161000,19.2,18.88,15.17,12.36,12.03
4162000,18.97,18.93,15.45,12.23,11.84
4163000,18.89,18.53,15.21,11.94,11.6
4164000,18.75,18.72,15.05,11.93,11.38
4165000,18.91,18.57,14.51,11.94,11.41
4166000,19.04,18.02,14.4,11.83,11.73
4167000,19.06,18.32,14.5,11.77,11.99
4168000,19.02,18.54,14.28,11.82,12.31
4169000,19.05,18.14,14.32,11.67,12.56
4170000,18.96,17.71,14.43,11.66,12.75
4171000,18.97,17.99,14.7,11.72,12.57
4172000,18.92,18.21,14.29,11.75,12.63
4173000,18.89,18.33,14.18,11.68,12.2
4174000,18.92,18.06,14.14,11.84,12.43
4175000,18.86,18.2,14.11,11.74,12.18
4176000,18.88,18.57,14.03,11.91,12.32
4177000,19.28,18.66,14.38,11.92,12.6
4178000,19.67,18.48,14.46,11.89,12.46
4179000,19.4,18.18,14.88,11.94,12.31
4180000,19.41,18.05,15.23,11.97,12.38
4181000,19.51,17.84,15.31,11.96,12.08
4182000,19.69,17.44,15.17,12.01,11.88
4183000,19.7,17.47,15.21,11.69,12.15
4184000,19.41,17.2,15.25,11.65,11.83
4185000,19.02,16.69,15.25,11.65,12.08
4186000,19.01,17.33,15.19,11.53,11.88
4187000,19.13,17.36,15.23,11.47,12.08
4188000,18.81,16.56,15.27,11.37,12.14
4189000,18.56,16.61,15.02,11.58,12.14
4190000,18.61,16.69,15.38,11.65,12.66
4191000,18.59,16.79,15.45,11.75,12.67
4192000,18.18,16.95,15.46,11.79,12.4
4193000,18.2,16.74,15.58,11.69,12.56
4194000,18.19,16.74,15.55,11.43,12.52
4195000,17.92,16.85,15.49,11.37,12.37
4196000,17.69,17.04,15.24,11.31,12.34
4197000,17.54,17.22,15.48,11.62,12.34
4198000,17.39,17.62,15.9,11.53,12.48
4199000,17.11,18.04,15.88,11.43,12.64
4200000,17.24,18.39,15.32,11.67,12.4
4201000,17.36,18.8,15.47,11.64,12.66
4202000,17.38,18.86,15.53,11.79,12.53
4203000,17.46,18.93,15.72,11.85,12.42
4204000,17.26,19.35,15.75,11.68,12.49
4205000,17.8,19.08,15.77,11.52,12.71
4206000,17.59,19.28,15.79,11.57,13.04
4207000,17.97,19.55,15.46,11.64,13.06
4208000,17.82,19.75,15.52,11.95,13.22
4209000,17.88,19.13,15.56,12.05,13.34
4210000,17.7,18.68,15.29,11.94,13.42
4211000,17.53,18.57,15.24,12.01,13.53
4212000,17.4,18.56,15.51,11.9,13.5
4213000,16.55,18.35,15.37,11.87,13.65
4214000,16.77,18.01,15.47,11.93,13.43
4215000,16.95,17.82,15.64,12.04,13.07
4216000,16.8,17.51,15.56,11.74,13.37
4217000,16.67,17.34,15.45,11.73,13.14
4218000,16.44,17.73,15.12,11.87,13.04
4219000,16.42,17.29,15.37,12.03,12.9
4220000,16.6,17.22,15.48,12.27,12.72
4221000,16.63,16.95,15.4,12.34,12.6
4222000,16.65,16.86,15.59,12.32,12.57
4223000,16.13,16.73,15.68,12.32,12.38
4224000,16.4,16.64,15.58,12.4,12.12
4225000,16.57,16.82,15.67,12.37,12.12
4226000,16.87,17.11,15.65,12.51,12.28
4227000,17.19,17.4,15.57,12.67,12.36
4228000,17.46,17.42,15.34,12.75,12.43
4229000,17.49,17.66,15.03,12.77,12.27
4230000,17.94,17.67,15.21,12.79,12.36
4231000,18.58,17.97,15.34,12.93,12.4
4232000,18.57,18.31,15.78,13.05,12.54
4233000,18.63,18.11,16.04,12.82,12.68
4234000,18.71,17.88,16.27,12.32,12.88
4235000,18.74,17.76,16.17,12.2,12.55
4236000,19.07,18.0,16.11,12.13,11.93
4237000,19.14,18.14,16.02,11.89,11.48
4238000,19.17,18.19,15.95,11.63,11.23
4239000,19.28,18.64,15.86,11.33,11.04
4240000,19.06,18.44,15.82,11.28,11.1
4241000,18.93,18.69,15.64,11.19,11.4
4242000,19.37,18.46,15.89,10.96,11.33
4243000,19.03,18.64,15.81,10.89,11.51
4244000,19.06,18.74,15.88,10.53,11.24
4245000,18.75,18.51,15.65,10.49,11.22
4246000,18.31,18.41,15.83,10.7,11.49
4247000,18.27,18.41,15.77,11.03,11.77
4248000,18.34,18.51,15.69,11.05,12.09
4249000,18.4,18.46,15.38,11.17,12.51
4250000,17.99,18.22,15.45,11.25,13.08
4251000,17.76,18.39,15.26,11.36,13.32
4252000,17.84,18.37,15.22,11.57,13.23
4253000,17.89,18.25,15.52,11.73,13.25
4254000,17.88,18.35,15.73,11.76,12.72
4255000,17.67,18.22,15.92,11.71,13.04
4256000,17.33,18.18,15.77,11.92,12.82
4257000,17.5,17.83,15.7,12.03,12.82
4258000,17.47,18.02,15.49,12.25,13.0
4259000,17.59,18.12,15.49,12.3,13.38
4260000,17.57,18.02,15.64,12.34,13.12
4261000,17.51,17.71,15.84,12.53,12.81
4262000,17.57,17.84,15.43,12.6,12.63
4263000,17.54,17.63,15.81,12.42,12.23
4264000,17.88,17.51,15.93,12.48,12.55
4265000,17.77,17.3,16.38,12.48,13.0
4266000,17.7,17.44,16.07,12.16,13.27
4267000,17.5,17.49,16.19,12.39,13.51
4268000,17.63,17.69,16.18,12.52,13.4
4269000,17.92,17.84,16.13,12.47,13.4
4270000,17.79,17.85,15.92,12.57,13.59
4271000,17.53,17.99,16.15,12.48,13.53
4272000,17.54,17.63,16.27,12.43,13.48
4273000,17.65,17.56,16.3,12.41,13.78
4274000,18.05,17.52,16.62,12.45,13.77
4275000,17.99,17.56,16.65,12.43,13.74
4276000,18.19,17.19,16.76,12.39,13.7
4277000,18.07,17.32,16.8,12.28,13.21
4278000,18.27,17.4,16.87,12.37,13.14
4279000,18.35,16.87,16.92,12.17,13.11
4280000,18.05,17.23,16.86,12.15,12.99
4281000,18.09,17.06,16.56,12.13,12.97
4282000,18.16,17.17,16.64,11.9,13.17
4283000,17.98,17.42,16.18,11.81,13.21
4284000,17.91,17.14,16.21,11.81,13.15
4285000,18.01,16.93,15.73,11.67,12.8
4286000,18.12,16.94,15.2,11.5,12.65
4287000,18.27,17.2,15.44,11.63,12.83
4288000,18.01,17.35,15.33,11.64,12.71
4289000,17.78,17.66,15.3,11.71,12.76
4290000,17.53,17.51,15.25,11.46,12.83
4291000,17.37,17.75,15.07,11.45,13.04
4292000,17.29,17.91,14.98,11.5,12.95
4293000,17.26,18.03,15.06,11.64,13.03
4294000,17.02,18.01,14.86,11.77,12.81
4295000,17.07,17.76,14.58,11.87,12.61
4296000,17.17,17.9,14.6,12.0,12.77
4297000,17.42,18.26,14.55,12.24,12.86
4298000,17.71,18.24,14.65,12.22,12.76
4299000,17.64,18.48,14.51,12.31,12.8
4300000,17.66,18.49,14.9,12.48,12.69
4301000,17.9,18.49,15.22,12.63,12.88
4302000,18.01,18.62,15.14,12.2,12.99
4303000,17.46,18.74,15.21,12.17,13.05
4304000,17.07,18.79,15.36,12.26,13.19
4305000,17.0,18.47,15.34,12.13,13.2
4306000,17.07,18.67,15.51,12.02,13.33
4307000,17.18,18.46,15.35,11.93,13.14
4308000,17.23,19.01,15.18,11.96,13.33
4309000,17.62,18.79,15.37,11.99,12.86
4310000,17.34,18.68,15.58,12.13,12.78
4311000,17.54,18.53,15.27,12.08,12.74
4312000,17.68,18.49,15.42,12.01,12.85
4313000,17.46,18.42,15.24,12.14,13.24
4314000,16.82,18.55,15.31,12.0,13.53
4315000,16.8,18.55,15.2,11.9,13.53
4316000,16.47,18.67,14.9,12.09,13.73
4317000,16.24,18.83,14.85,12.1,13.27
4318000,16.15,18.82,14.68,12.01,13.02
4319000,16.27,18.75,14.19,12.07,12.96
4320000,16.49,18.71,14.4,12.16,12.88
4321000,16.47,18.86,14.58,12.02,12.92
4322000,16.98,19.17,14.58,12.0,13.45
4323000,16.89,19.2,14.87,11.85,13.35
4324000,16.33,19.18,14.84,11.79,13.38
4325000,16.01,19.01,15.01,11.75,13.03
4326000,16.08,19.15,15.27,11.61,12.76
4327000,16.0,19.15,15.46,11.67,12.42
4328000,15.76,19.36,15.78,11.52,11.96
4329000,15.39,19.29,15.63,11.48,11.97
4330000,15.72,19.21,15.52,11.2,11.99
4331000,15.5,19.61,15.31,11.51,11.76
4332000,15.25,19.57,15.84,11.63,11.71
4333000,15.68,19.29,15.71,11.53,11.29
4334000,15.79,19.45,15.8,11.56,10.86
4335000,15.79,18.93,16.07,11.79,10.74
4336000,15.93,19.02,15.84,11.57,10.53
4337000,15.78,19.08,15.58,11.63,10.81
4338000,15.77,19.32,15.42,11.63,10.89
4339000,15.59,19.37,15.48,11.47,11.06
4340000,15.83,19.35,15.57,11.64,11.14
4341000,16.22,19.1,15.63,11.73,11.38
4342000,16.31,19.11,15.48,11.88,11.18
4343000,16.27,18.98,15.03,11.91,11.62
4344000,16.5,19.07,15.23,12.01,11.62
4345000,16.6,18.87,15.6,12.0,12.07
4346000,16.83,18.85,15.73,11.78,12.13
4347000,16.49,18.62,16.0,11.93,12.68
4348000,17.11,18.79,15.86,11.91,12.56
4349000,17.26,18.74,15.56,12.0,12.55
4350000,16.42,18.67,15.66,12.11,12.37
4351000,16.33,18.9,15.7,12.09,12.26
4352000,15.84,18.78,15.83,12.12,12.24
4353000,15.74,19.24,15.87,12.05,12.55
4354000,15.81,19.44,15.84,12.09,12.76
4355000,15.87,18.79,15.64,11.8,12.34
4356000,15.91,18.44,15.35,11.55,12.66
4357000,15.57,18.35,15.41,11.56,13.13
4358000,15.89,17.78,15.67,11.45,12.55
4359000,15.87,18.17,15.68,11.55,12.54
4360000,15.77,17.84,15.6,11.7,12.35
4361000,15.81,17.66,15.57,11.74,12.56
4362000,15.9,17.48,15.66,11.71,12.63
4363000,15.88,17.3,15.61,11.72,12.48
4364000,15.67,17.05,15.48,11.73,12.63
4365000,15.92,16.81,15.58,11.67,12.21
4366000,16.37,16.75,15.63,11.71,12.67
4367000,16.58,16.99,15.53,11.7,12.51
4368000,16.69,16.91,15.92,11.81,12.7
4369000,17.04,16.95,16.2,11.86,12.44
4370000,17.61,16.81,16.06,11.88,12.38
4371000,17.76,17.12,16.27,11.85,12.66
4372000,17.59,17.27,16.43,11.99,12.59
4373000,17.72,17.62,16.43,12.11,12.74
4374000,17.84,17.36,16.3,12.07,12.61
4375000,17.46,17.66,16.23,12.02,12.76
4376000,17.47,17.63,16.07,11.97,12.39
4377000,17.07,17.78,16.05,12.16,12.59
4378000,17.19,18.0,16.14,11.98,12.57
4379000,17.28,18.21,15.9,11.9,11.98
4380000,17.44,18.55,16.06,11.84,11.8
4381000,17.75,18.49,16.26,11.89,11.89
4382000,17.53,18.82,15.95,11.88,11.95
4383000,17.58,19.14,16.0,11.96,12.21
4384000,17.41,19.53,15.7,12.15,12.0
4385000,17.94,19.56,15.47,12.17,12.17
4386000,17.71,19.32,15.28,12.12,12.28
4387000,17.17,19.14,15.29,12.24,12.21
4388000,16.89,19.14,15.39,12.07,11.99
4389000,16.98,19.22,15.38,12.1,11.8
4390000,17.19,19.04,15.15,12.09,11.91
4391000,17.41,19.15,14.97,12.15,12.04
4392000,17.71,19.0,14.86,12.27,12.33
4393000,17.91,19.08,14.43,12.27,12.31
4394000,17.83,19.15,14.82,12.1,12.18
4395000,18.37,19.1,14.6,12.06,11.82
4396000,18.33,19.09,14.85,11.98,11.64
4397000,18.43,19.0,15.17,11.97,11.48
4398000,18.57,18.74,14.92,11.9,11.52
4399000,18.41,18.6,15.08,11.85,11.72
4400000,18.71,18.33,15.16,11.98,11.57
4401000,19.12,18.05,15.33,11.85,11.74
4402000,18.88,17.6,15.12,11.86,11.93
4403000,18.18,17.41,15.05,11.89,11.79
4404000,18.37,17.43,14.97,11.65,11.27
4405000,18.57,17.53,15.21,11.57,11.44
4406000,18.9,17.21,15.69,11.43,11.33
4407000,19.08,17.39,15.73,11.42,11.52
4408000,19.4,17.31,15.95,11.39,11.27
4409000,19.13,17.67,16.03,11.61,11.46
4410000,18.69,17.45,16.08,11.67,11.49
4411000,18.71,17.46,16.07,11.57,11.28
4412000,18.59,17.35,15.99,11.59,11.65
4413000,18.56,17.62,16.12,11.71,11.84
4414000,18.35,17.94,15.85,11.69,11.64
4415000,18.03,17.81,15.79,11.75,11.87
4416000,18.28,18.03,15.64,11.87,12.3
4417000,18.13,18.1,15.82,11.89,12.65
4418000,18.0,18.27,15.95,12.08,13.08
4419000,18.01,18.29,15.84,12.21,13.01
4420000,18.37,18.83,15.71,12.27,13.09
4421000,18.87,19.07,15.65,12.44,13.56
4422000,19.01,19.1,15.48,12.34,13.58
4423000,18.8,18.98,15.39,12.36,13.66
4424000,18.55,19.34,15.47,12.33,13.46
4425000,18.41,19.27,15.61,12.59,13.47
4426000,18.12,19.26,15.3,12.51,13.5
4427000,18.08,19.6,15.16,12.63,13.43
4428000,18.51,19.23,14.91,12.59,13.2
4429000,18.34,19.39,15.27,12.63,12.73
4430000,18.03,19.45,15.49,12.6,12.66
4431000,18.04,19.69,15.71,12.62,12.4
4432000,18.03,19.68,15.86,12.69,12.32
4433000,18.39,19.79,15.87,12.32,12.0
4434000,18.16,20.14,15.63,12.09,12.14
4435000,18.37,20.02,15.72,12.02,11.88
4436000,18.32,20.03,15.77,12.08,12.04
4437000,18.05,19.78,15.46,12.11,12.02
4438000,18.0,19.79,15.43,12.08,11.84
4439000,17.78,19.4,15.16,11.68,12.18
4440000,17.1,19.55,15.04,11.61,12.25
4441000,17.06,19.74,15.02,11.38,12.34
4442000,16.54,19.9,14.71,11.33,12.45
4443000,16.25,19.99,14.79,11.18,12.28
4444000,16.07,19.73,14.68,11.2,12.27
4445000,16.19,19.43,14.0,10.91,12.67
4446000,16.55,19.3,13.7,10.87,12.52
4447000,16.86,19.01,13.65,11.08,12.34
4448000,16.92,19.02,13.81,11.04,12.58
4449000,16.89,18.83,14.01,11.06,12.51
4450000,16.86,18.81,13.3,11.02,12.63
4451000,16.28,18.35,13.27,10.85,12.65
4452000,16.01,18.05,13.57,11.09,12.0
4453000,16.54,18.05,13.61,10.98,12.29
4454000,16.01,18.04,13.71,11.16,12.2
4455000,15.98,17.99,13.73,11.33,12.17
4456000,16.53,18.35,13.92,11.44,12.06
4457000,16.25,18.23,13.39,11.61,12.23
4458000,16.55,17.9,13.61,11.45,11.79
4459000,17.31,17.81,13.87,11.55,12.13
4460000,17.73,17.56,14.38,11.77,12.26
4461000,17.6,17.72,14.39,11.72,12.32
4462000,17.7,18.09,14.55,11.83,12.45
4463000,17.43,18.1,14.26,11.93,12.29
4464000,17.52,17.98,14.54,12.07,12.56
4465000,17.55,18.23,14.87,12.08,12.5
4466000,17.63,18.32,15.12,12.28,12.4
4467000,17.58,18.38,15.06,12.26,12.1
4468000,17.91,18.24,15.2,12.13,12.76
4469000,18.16,18.49,15.17,11.95,12.82
4470000,18.33,18.77,15.36,11.78,12.97
4471000,18.19,18.4,15.34,11.68,12.67
4472000,18.2,18.46,15.11,11.67,12.72
4473000,17.91,18.43,15.36,11.66,12.72
4474000,18.11,18.51,15.34,11.61,12.76
4475000,18.44,18.81,15.3,11.6,12.84
4476000,18.36,19.21,15.29,11.61,12.96
4477000,18.13,19.33,15.42,11.38,13.1
4478000,18.03,18.94,15.07,11.32,13.13
4479000,17.58,18.78,15.09,11.26,13.2
4480000,17.97,18.25,14.84,11.41,13.49
4481000,18.06,18.38,14.84,11.55,12.68
4482000,17.7,18.4,14.95,11.66,12.33
4483000,17.94,18.67,15.1,11.74,12.54
4484000,17.62,18.67,15.03,11.74,12.26
4485000,17.46,18.46,15.02,11.71,12.27
4486000,17.37,18.88,15.22,11.78,12.42
4487000,17.46,18.74,15.61,11.92,12.3
4488000,17.41,18.58,15.52,12.1,12.17
4489000,17.77,18.83,15.55,11.99,12.38
4490000,17.92,18.98,15.88,11.79,12.22
4491000,18.33,18.92,15.45,11.93,12.16
4492000,18.19,18.64,15.43,11.88,12.07
4493000,17.96,18.46,15.43,11.88,12.42
4494000,17.65,18.38,15.53,11.97,12.85
4495000,17.34,18.49,15.57,11.82,13.1
4496000,17.73,18.87,15.36,11.7,13.18
4497000,18.14,19.26,15.35,11.74,13.37
4498000,17.66,19.51,14.68,11.77,13.34
4499000,17.56,19.64,14.59,11.97,13.16
4500000,17.59,19.42,14.78,12.05,12.75
4501000,17.65,19.17,14.74,12.03,12.33
4502000,17.64,18.72,14.8,12.0,12.2
4503000,17.6,18.56,14.96,11.98,12.3
4504000,17.44,18.3,14.75,12.14,12.41
4505000,16.92,18.12,14.69,12.21,12.32
4506000,17.16,17.9,14.89,12.04,12.15
4507000,16.74,17.88,15.07,11.99,12.14
4508000,16.68,17.57,15.21,11.96,12.26
4509000,16.94,17.81,15.37,11.97,12.37
4510000,16.96,18.08,15.4,12.13,12.89
4511000,17.19,18.07,15.35,12.22,12.79
4512000,17.61,18.0,15.2,12.37,12.5
4513000,17.65,18.04,15.21,12.27,12.71
4514000,17.67,18.03,15.67,12.28,12.95
4515000,17.96,18.22,16.04,12.16,12.94
4516000,18.07,18.17,15.82,12.12,12.89
4517000,18.36,18.16,16.03,12.24,13.07
4518000,18.38,18.09,15.98,12.25,12.91
4519000,18.62,18.38,15.78,12.28,13.03
4520000,18.29,18.64,15.89,12.04,12.75
4521000,18.71,18.78,15.69,12.19,12.81
4522000,18.88,18.83,15.55,12.2,12.46
4523000,19.07,19.0,15.7,12.0,12.6
4524000,19.28,18.44,15.66,11.96,12.35
4525000,19.36,18.72,15.41,12.05,13.0
4526000,19.6,18.25,15.67,12.04,13.05
4527000,19.81,17.88,15.42,12.06,12.89
4528000,19.87,17.95,15.61,11.97,12.85
4529000,19.87,17.68,15.68,11.96,12.36
4530000,19.54,17.41,15.31,11.68,12.61
4531000,19.49,17.42,15.05,11.8,13.02
4532000,19.62,17.47,14.55,11.75,12.95
4533000,19.33,17.4,14.64,11.83,13.43
4534000,19.33,17.58,14.52,11.88,12.92
4535000,19.38,17.92,14.44,12.05,12.78
4536000,19.26,18.25,14.93,12.01,12.96
4537000,18.82,17.89,14.86,12.24,13.37
4538000,18.87,17.8,14.25,12.23,13.23
4539000,18.96,18.13,14.17,12.22,13.23
4540000,18.76,17.89,14.44,12.25,13.14
4541000,18.69,17.97,14.27,12.1,13.09
4542000,19.07,18.17,14.42,12.02,13.09
4543000,18.88,18.28,14.58,12.06,12.95
4544000,18.83,18.54,14.58,12.23,12.63
4545000,18.44,18.97,14.83,12.2,12.41
4546000,18.3,19.15,15.01,12.12,12.39
4547000,18.36,18.82,14.77,12.12,12.52
4548000,18.66,18.83,15.15,12.39,12.9
4549000,18.59,18.64,15.08,12.5,12.7
4550000,18.36,18.67,15.14,12.36,12.66
4551000,18.52,18.7,15.22,12.4,12.7
4552000,18.55,18.38,15.31,12.31,12.48
4553000,18.43,18.04,15.48,12.15,12.64
4554000,18.07,18.09,15.58,11.97,12.41
4555000,18.14,18.29,15.26,12.05,12.19
4556000,18.04,18.38,15.07,12.05,12.07
4557000,17.78,18.39,14.78,11.92,12.01
4558000,17.81,18.27,14.51,11.93,12.13
4559000,17.65,18.16,14.59,11.94,12.46
4560000,17.79,18.39,14.62,12.01,12.2
4561000,17.72,18.64,14.57,11.97,12.07
4562000,17.78,18.38,14.59,11.78,12.34
4563000,18.02,18.79,14.29,11.79,11.73
4564000,17.85,19.0,14.29,11.78,12.04
4565000,18.16,19.07,14.19,11.58,11.77
4566000,18.06,19.18,13.8,11.66,11.95
4567000,18.27,19.43,13.86,11.71,12.2
4568000,17.99,19.76,13.94,11.74,12.63
4569000,18.05,19.83,13.88,11.67,12.52
4570000,18.15,19.4,13.92,11.82,12.86
4571000,18.27,19.34,14.44,11.75,12.76
4572000,18.43,19.63,14.55,11.78,12.6
4573000,18.93,19.68,14.49,11.88,12.74
4574000,18.76,19.85,14.31,11.69,12.58
4575000,19.04,19.74,14.28,11.71,12.75
4576000,18.99,19.39,14.41,11.89,12.47
4577000,19.06,19.63,14.39,11.92,12.51
4578000,19.29,19.35,14.71,11.93,12.82
4579000,19.33,19.0,14.62,11.96,12.68
4580000,19.52,19.25,14.54,12.04,13.08
4581000,19.42,19.14,14.76,11.93,13.13
4582000,19.15,18.78,14.95,12.01,13.34
4583000,19.12,19.05,14.92,12.05,13.09
4584000,18.98,19.28,14.77,11.72,13.15
4585000,18.72,19.11,14.96,11.74,12.93
4586000,18.4,18.76,14.88,11.69,12.82
4587000,18.29,17.94,15.01,11.78,12.69
4588000,18.01,17.79,15.15,12.01,12.75
4589000,17.92,18.04,15.28,11.93,12.74
4590000,17.82,17.79,15.25,11.52,12.86
4591000,17.98,17.57,15.36,11.33,12.56
4592000,17.86,17.45,15.52,11.3,12.49
4593000,17.72,17.92,14.96,11.4,12.34
4594000,17.61,17.3,15.0,11.47,11.85
4595000,17.48,17.47,15.38,11.65,12.04
4596000,17.26,17.69,15.03,11.57,11.69
4597000,17.07,17.54,14.83,11.29,11.91
4598000,16.98,17.38,14.75,11.45,12.08
4599000,17.34,17.16,14.98,11.57,12.1
4600000,17.42,17.0,15.05,11.61,12.07
4601000,17.58,16.97,14.81,11.69,12.37
4602000,18.09,16.83,14.59,11.52,12.67
4603000,18.1,16.96,14.61,11.61,12.47
4604000,17.85,17.25,14.73,11.84,12.28
4605000,18.09,17.97,14.67,11.84,11.92
4606000,18.22,18.02,14.31,11.78,12.23
4607000,18.51,17.87,14.54,11.65,12.44
4608000,18.61,17.72,14.7,11.45,12.57
4609000,18.63,17.79,14.89,11.48,12.63
4610000,18.59,17.58,14.51,11.67,12.97
4611000,18.37,17.94,14.54,11.96,13.01
4612000,18.32,18.41,14.69,11.93,12.98
4613000,18.42,18.55,14.69,11.98,12.75
4614000,18.55,18.51,14.74,11.77,12.39
4615000,19.02,18.89,15.01,11.69,12.41
4616000,18.99,18.77,15.01,11.55,12.54
4617000,18.98,18.98,14.53,11.56,12.6
4618000,19.13,19.42,14.24,11.58,12.54
4619000,18.86,19.41,14.24,11.72,12.29
4620000,18.61,19.5,14.43,11.81,12.36
4621000,18.68,19.48,14.15,11.92,12.16
4622000,19.12,19.86,14.11,12.06,11.72
4623000,19.43,19.59,14.18,12.1,11.79
4624000,19.42,19.43,14.4,12.16,11.7
4625000,19.27,18.68,13.77,12.01,12.09
4626000,19.49,18.73,13.95,12.15,12.27
4627000,19.5,19.05,13.93,12.0,11.99
4628000,19.46,18.9,13.76,11.96,12.32
4629000,19.58,18.78,13.67,12.01,12.58
4630000,19.32,18.83,13.93,12.12,12.51
4631000,19.64,18.52,14.25,12.22,12.77
4632000,19.7,18.69,14.5,12.15,12.69
4633000,19.81,18.52,14.85,12.15,12.44
4634000,19.58,18.67,15.42,12.13,12.86
4635000,19.57,18.72,15.42,12.05,13.12
4636000,19.48,18.65,15.82,12.0,13.15
4637000,19.23,18.53,15.65,12.05,13.03
4638000,19.38,18.5,15.77,12.12,12.87
4639000,19.22,18.6,15.57,12.1,12.56
4640000,19.18,18.34,15.88,12.16,12.55
4641000,19.18,18.36,16.15,12.23,12.31
4642000,18.89,18.79,16.18,12.22,12.63
4643000,19.16,19.1,16.19,12.29,12.34
4644000,18.97,19.42,16.25,12.35,12.42
4645000,18.76,19.32,16.53,12.59,12.68
4646000,18.79,19.35,16.74,12.65,12.66
4647000,19.14,19.4,16.69,12.69,12.34
4648000,19.25,19.74,16.51,12.76,12.23
4649000,19.55,19.94,16.49,12.82,12.07
4650000,19.42,19.68,16.29,12.89,11.91
4651000,19.26,19.34,16.14,12.83,12.12
4652000,19.04,19.32,16.03,12.82,12.45
4653000,19.25,19.47,16.0,12.64,12.47
4654000,19.05,19.48,15.93,12.39,12.25
4655000,18.84,19.28,16.26,12.36,12.5
4656000,18.58,19.65,16.44,12.28,12.56
4657000,18.87,19.45,16.26,12.18,12.45
4658000,18.71,19.19,16.36,12.25,12.97
4659000,18.78,19.19,16.48,11.93,13.1
4660000,18.94,19.15,16.38,11.65,13.29
4661000,18.58,19.12,16.04,11.52,13.42
4662000,18.53,18.92,15.87,11.42,13.54
4663000,18.55,19.04,15.95,11.43,13.9
4664000,18.32,18.88,16.05,11.3,14.22
4665000,18.3,18.98,15.69,11.32,14.41
4666000,18.33,18.79,15.44,11.35,14.5
4667000,18.53,18.7,15.37,11.37,14.38
4668000,18.17,18.47,15.38,11.45,14.39
4669000,18.18,18.88,15.48,11.55,13.92
4670000,17.93,18.89,15.98,11.72,13.98
4671000,18.04,18.28,16.07,11.62,13.68
4672000,17.9,18.6,15.84,11.63,13.64
4673000,18.32,18.47,16.07,11.7,13.71
4674000,18.8,18.18,15.75,11.99,13.53
4675000,18.85,18.46,15.76,12.07,13.35
4676000,18.83,18.61,15.65,11.98,13.39
4677000,18.65,18.68,16.07,11.92,13.13
4678000,18.49,19.12,16.18,12.04,12.93
4679000,18.61,19.17,16.17,11.93,12.81
4680000,18.65,19.45,16.21,11.97,12.62
4681000,18.31,19.89,16.32,12.14,12.78
4682000,18.55,19.54,16.21,12.16,13.14
4683000,18.29,19.45,16.41,12.03,12.89
4684000,18.06,19.32,16.52,12.0,13.06
4685000,17.86,19.27,16.65,12.2,12.86
4686000,18.17,19.37,16.12,12.23,12.81
4687000,18.21,19.55,15.69,12.21,13.09
4688000,18.48,19.5,15.76,12.11,12.99
4689000,18.3,19.65,15.78,11.9,12.91
4690000,18.23,19.78,15.59,12.05,13.22
4691000,18.03,19.36,15.5,12.0,12.95
4692000,17.49,19.35,15.76,11.94,12.83
4693000,17.55,19.52,15.72,12.03,13.08
4694000,17.59,19.06,15.71,12.16,13.1
4695000,17.69,19.22,15.8,12.14,13.14
4696000,17.63,18.81,15.59,12.21,13.11
4697000,17.86,18.56,15.87,12.28,12.96
4698000,18.19,18.51,16.18,12.41,13.06
4699000,18.05,18.35,15.91,12.42,13.18
4700000,17.95,18.45,15.76,12.32,13.38
4701000,18.26,18.41,15.79,12.37,13.08
4702000,18.29,18.71,16.25,12.22,12.7
4703000,18.16,18.8,16.28,12.35,12.27
4704000,18.22,18.36,16.25,12.45,12.15
4705000,18.25,18.49,15.99,12.52,12.36
4706000,18.32,18.44,16.27,12.43,12.83
4707000,18.34,18.33,16.36,12.5,13.25
4708000,18.25,18.5,16.27,12.6,12.77
4709000,18.11,18.45,15.71,12.51,12.94
4710000,18.34,18.45,15.26,12.41,12.69
4711000,17.9,18.45,15.46,12.32,12.98
4712000,17.78,18.34,15.59,12.12,12.97
4713000,17.86,18.37,15.35,12.11,12.71
4714000,17.93,18.55,15.31,12.2,12.95
4715000,17.92,18.46,15.42,12.03,12.97
4716000,18.01,18.68,15.22,12.11,12.93
4717000,18.21,19.0,15.16,12.25,13.14
4718000,18.29,18.82,15.04,12.18,13.41
4719000,18.43,19.0,15.33,12.05,13.25
4720000,18.34,18.82,15.2,12.09,12.97
4721000,18.37,18.74,15.14,12.2,13.04
4722000,18.12,18.78,15.18,12.15,13.11
4723000,18.23,18.89,14.99,11.87,13.52
4724000,18.04,19.0,15.26,11.88,13.27
4725000,18.46,19.13,15.32,11.83,13.07
4726000,18.32,19.08,15.09,11.56,12.98
4727000,18.57,19.09,15.13,11.49,12.82
4728000,18.34,19.1,14.84,11.52,13.0
4729000,18.69,18.93,14.86,11.44,13.15
4730000,18.79,19.03,14.98,11.48,13.46
4731000,18.82,19.11,14.92,11.47,13.25
4732000,18.44,19.13,15.14,11.58,13.07
4733000,18.02,18.96,15.18,11.49,13.13
4734000,17.71,18.93,15.25,11.55,13.13
4735000,17.49,18.41,15.16,11.51,13.01
4736000,17.64,18.35,15.26,11.5,12.8
4737000,17.59,18.17,15.16,11.69,12.78
4738000,17.83,18.49,14.99,11.67,13.04
4739000,18.14,18.38,14.97,11.71,13.39
4740000,17.81,18.7,15.07,11.97,13.2
4741000,17.43,18.58,15.11,12.13,13.12
4742000,16.97,18.4,15.07,11.96,12.88
4743000,17.17,18.22,15.45,12.07,12.71
4744000,17.07,18.59,15.66,11.83,12.59
4745000,17.24,18.89,15.73,11.94,12.45
4746000,17.24,19.17,15.85,11.69,12.05
4747000,16.88,19.52,15.5,11.81,11.88
4748000,16.71,19.84,15.37,11.59,12.01
4749000,17.07,20.01,15.1,11.37,12.06
4750000,17.42,19.91,15.54,11.39,12.22
4751000,17.7,19.95,15.59,11.33,11.99
4752000,18.14,20.44,15.66,11.39,12.02
4753000,18.25,20.52,15.33,11.48,12.22
4754000,18.06,20.6,15.47,11.41,12.03
4755000,17.7,20.93,15.78,11.64,12.11
4756000,17.59,21.37,15.78,11.75,12.47
4757000,17.88,21.11,15.69,11.77,12.33
4758000,18.33,20.99,15.67,11.84,12.49
4759000,18.78,20.87,15.7,11.87,12.66
4760000,19.03,20.74,15.8,11.97,12.91
4761000,19.06,20.81,15.65,12.12,12.78
4762000,19.1,21.05,15.66,12.23,12.7
4763000,18.82,21.04,16.08,12.13,12.98
4764000,18.98,21.14,16.17,12.25,12.87
4765000,18.9,20.91,16.39,12.14,12.55
4766000,19.11,20.43,16.5,12.18,12.77
4767000,18.85,19.96,16.45,12.39,12.93
4768000,18.5,19.85,16.54,12.36,12.9
4769000,18.41,19.77,16.58,11.86,12.64
4770000,18.25,19.48,16.82,11.63,12.84
4771000,18.15,19.3,16.67,11.66,12.93
4772000,17.82,19.3,16.41,11.78,12.83
4773000,18.59,19.29,16.6,11.7,12.76
4774000,18.64,19.09,16.84,11.6,13.0
4775000,18.51,18.91,16.65,11.59,13.11
4776000,18.24,19.06,16.49,11.71,13.07
4777000,18.23,19.19,16.29,11.68,12.92
4778000,18.23,19.46,16.32,11.73,12.81
4779000,18.15,19.37,16.12,11.87,12.78
4780000,18.24,19.1,15.99,11.82,12.76
4781000,18.35,19.04,16.18,11.77,12.24
4782000,18.48,19.04,16.1,11.75,12.47
4783000,18.8,19.04,15.87,11.98,12.34
4784000,18.64,19.05,15.99,12.24,11.95
4785000,19.05,19.53,16.32,12.29,12.06
4786000,18.85,19.82,16.23,12.05,11.97
4787000,19.03,19.79,16.43,12.23,11.66
4788000,18.82,19.69,16.24,12.23,11.37
4789000,19.09,19.57,15.92,12.14,11.69
4790000,18.99,19.77,15.58,12.16,11.98
4791000,19.03,20.12,15.37,12.11,12.17
4792000,18.66,20.18,15.29,12.27,12.23
4793000,18.36,20.24,15.16,12.3,12.44
4794000,18.49,20.22,14.93,12.44,12.61
4795000,18.43,20.29,14.97,12.39,12.8
4796000,18.29,20.38,14.68,12.42,12.7
4797000,18.19,20.59,14.61,12.28,13.0
4798000,18.33,20.17,14.75,12.25,12.81
4799000,18.26,20.38,14.65,12.15,12.73
4800000,17.89,20.2,14.32,12.07,12.94
4801000,17.91,20.08,14.33,12.26,13.1
4802000,17.96,19.74,14.14,12.32,12.98
4803000,18.05,18.84,14.25,12.42,12.81
4804000,18.29,18.82,14.64,12.65,12.92
4805000,18.29,18.63,14.86,12.58,12.56
4806000,18.17,18.34,15.38,12.62,12.79
4807000,17.99,18.44,15.57,12.51,12.85
4808000,17.99,18.36,15.55,12.36,12.92
4809000,17.97,17.98,15.97,12.16,12.88
4810000,17.93,17.6,15.96,11.99,13.27
4811000,17.75,17.73,16.18,12.15,13.48
4812000,17.43,17.32,16.41,12.18,13.75
4813000,17.6,17.2,16.57,12.25,13.89
4814000,17.69,17.24,16.61,12.23,13.57
4815000,17.59,17.21,16.73,12.26,13.42
4816000,17.59,16.89,16.72,12.25,13.13
4817000,17.39,17.3,16.94,12.04,13.29
4818000,17.39,17.42,17.01,11.97,13.37
4819000,17.44,17.53,17.14,11.87,13.22
4820000,17.4,17.18,17.1,11.8,12.82
4821000,17.28,17.9,16.97,11.81,12.9
4822000,17.36,17.73,16.91,11.9,12.99
4823000,17.32,17.73,16.64,12.0,12.9
4824000,17.44,17.85,16.6,12.15,12.81
4825000,17.41,17.67,16.52,12.19,12.7
4826000,17.65,17.7,16.39,12.28,12.31
4827000,17.78,17.87,16.38,12.35,12.24
4828000,17.93,18.09,15.48,12.45,12.18
4829000,18.42,17.64,14.97,12.47,12.49
4830000,18.51,17.95,14.81,12.32,12.49
4831000,18.64,18.17,14.83,12.33,12.53
4832000,18.35,17.64,14.49,12.19,12.64
4833000,18.52,17.48,13.95,12.31,13.28
4834000,18.31,16.79,14.06,11.96,13.48
4835000,18.66,16.73,14.13,12.07,13.48
4836000,18.74,16.86,14.16,12.13,13.46
4837000,19.0,17.22,14.19,12.14,13.45
4838000,19.03,16.88,14.29,12.13,13.65
4839000,19.03,17.28,14.36,12.24,13.57
4840000,19.31,16.94,14.16,12.22,13.9
4841000,19.53,17.09,14.23,11.97,13.97
4842000,19.6,17.21,14.21,12.01,14.02
4843000,19.55,17.03,14.49,12.08,14.06
4844000,19.7,17.07,14.88,11.79,14.13
4845000,19.31,17.29,15.15,11.81,13.91
4846000,19.02,17.3,14.64,12.06,13.97
4847000,18.77,17.71,14.26,12.16,13.59
4848000,18.94,17.52,14.44,12.4,13.21
4849000,19.2,17.57,14.59,12.62,13.41
4850000,19.37,17.93,14.49,12.57,12.7
4851000,19.41,17.92,14.59,12.56,12.52
4852000,19.46,18.21,14.74,12.46,12.36
4853000,19.47,18.45,14.38,12.58,12.76
4854000,19.2,18.53,14.5,12.49,12.86
4855000,19.19,18.55,14.56,12.4,13.02
4856000,19.3,18.89,14.55,12.4,13.04
4857000,19.1,19.15,14.74,12.27,12.72
4858000,18.76,19.09,14.72,12.33,12.47
4859000,18.76,19.54,14.72,12.51,12.27
4860000,18.45,19.67,14.79,12.56,12.49
4861000,18.66,19.74,14.79,12.41,12.74
4862000,18.75,19.91,15.31,12.42,12.5
4863000,19.05,20.01,15.7,12.43,12.88
4864000,19.47,19.96,16.08,12.11,12.65
4865000,19.17,19.85,15.89,12.13,12.55
4866000,19.29,19.84,15.82,12.21,12.65
4867000,19.35,19.81,15.98,12.08,12.78
4868000,19.31,19.36,15.75,12.03,12.59
4869000,19.37,19.7,15.98,12.16,12.21
4870000,19.03,19.51,15.77,12.15,12.61
4871000,19.23,19.89,15.69,12.1,13.02
4872000,19.19,19.72,15.56,11.88,13.47
4873000,19.27,19.45,15.46,11.91,13.56
4874000,19.09,19.42,15.43,11.55,13.24
4875000,18.93,19.27,15.41,11.61,13.24
4876000,19.25,19.44,15.62,11.7,13.11
4877000,19.19,19.14,15.59,11.57,13.4
4878000,19.26,19.06,15.62,11.78,13.53
4879000,18.72,19.03,15.77,11.71,13.49
4880000,18.61,18.95,15.49,11.48,13.01
4881000,18.47,18.7,15.29,11.41,13.04
4882000,18.7,18.53,15.47,11.32,13.03
4883000,18.77,18.96,15.21,11.18,13.02
4884000,18.76,19.15,15.01,11.24,12.83
4885000,18.66,19.42,14.95,11.47,12.03
4886000,18.73,19.1,15.48,11.47,11.57
4887000,18.73,19.54,15.49,11.39,11.83
4888000,18.7,19.14,15.65,11.65,11.53
4889000,18.08,19.0,15.77,11.43,11.35
4890000,18.38,18.93,15.77,11.42,11.18
4891000,18.38,19.0,15.97,11.35,11.33
4892000,18.4,18.87,15.85,11.37,11.63
4893000,18.09,18.71,15.76,11.29,11.33
4894000,18.15,19.0,15.76,11.63,11.6
4895000,17.8,18.86,15.98,11.63,11.54
4896000,17.86,19.24,16.0,11.74,11.32
4897000,17.52,19.25,16.11,11.96,11.59
4898000,17.26,19.28,16.51,11.94,11.98
4899000,17.13,19.27,16.36,12.06,11.71
4900000,16.99,19.37,16.45,12.08,12.08
4901000,16.97,19.53,16.69,12.12,12.15
4902000,16.94,19.65,16.98,12.04,12.53
4903000,16.88,19.62,17.04,12.21,12.79
4904000,16.97,19.37,17.08,12.32,13.01
4905000,17.34,19.06,16.99,12.32,12.85
4906000,17.1,18.89,16.96,12.4,12.97
4907000,17.31,19.35,16.96,12.26,13.03
4908000,17.36,19.44,17.07,12.32,12.96
4909000,17.23,19.7,16.95,12.35,13.2
4910000,17.57,19.76,17.14,12.18,13.09
4911000,17.51,19.88,16.73,11.96,13.21
4912000,17.47,19.99,16.84,11.9,13.48
4913000,17.38,19.14,16.66,11.68,13.67
4914000,17.86,18.44,16.9,11.69,13.49
4915000,17.8,18.39,16.44,11.75,13.23
4916000,17.89,18.3,15.83,11.74,12.88
4917000,17.99,18.25,15.67,11.65,12.46
4918000,18.29,18.39,15.69,11.63,12.54
4919000,18.12,18.5,15.47,11.59,12.38
4920000,17.94,17.91,14.89,11.43,12.52
4921000,17.82,17.67,14.65,11.5,12.56
4922000,17.65,18.19,14.46,11.64,12.58
4923000,17.91,18.22,14.43,11.81,12.32
4924000,18.18,18.43,14.47,11.89,11.95
4925000,18.19,18.4,14.39,11.77,12.06
4926000,17.92,18.07,14.55,11.82,12.41
4927000,18.13,18.11,14.27,11.92,12.44
4928000,17.99,17.91,14.29,11.9,12.51
4929000,18.19,17.9,13.97,12.03,12.82
4930000,18.57,17.93,14.33,12.06,12.79
4931000,18.93,18.26,14.35,12.11,12.6
4932000,18.61,18.23,13.98,12.13,12.85
4933000,18.54,18.11,14.19,12.12,12.85
4934000,19.11,17.94,14.33,12.0,12.87
4935000,18.96,18.15,14.72,12.27,12.88
4936000,18.97,17.92,14.99,12.13,13.11
4937000,18.95,17.97,15.08,11.91,13.41
4938000,18.95,18.17,15.16,11.74,13.76
4939000,19.07,18.41,15.09,12.06,13.68
4940000,18.96,18.36,14.82,12.15,13.8
4941000,19.35,18.68,14.58,12.25,13.75
4942000,18.94,18.27,14.62,12.39,13.49
4943000,18.82,18.31,14.83,12.44,13.79
4944000,18.62,18.6,15.04,12.28,14.15
4945000,18.39,18.52,15.22,12.23,13.79
4946000,18.26,18.14,15.17,11.97,14.31
4947000,18.25,18.48,15.12,12.02,14.14
4948000,18.07,18.72,15.08,12.22,13.85
4949000,17.8,18.83,14.89,11.8,13.86
4950000,18.03,19.17,14.67,11.67,13.88
4951000,18.26,19.31,14.06,11.84,13.37
4952000,17.91,19.69,14.25,11.83,13.47
4953000,17.56,19.66,14.34,11.65,13.37
4954000,17.53,19.86,14.72,11.58,13.12
4955000,17.6,19.78,14.67,11.4,13.06
4956000,17.27,19.92,14.67,11.47,12.99
4957000,17.1,19.65,14.87,11.4,12.79
4958000,16.92,19.8,14.51,11.55,12.85
4959000,17.33,19.9,14.29,11.44,12.46
4960000,17.47,19.68,14.15,11.31,12.55
4961000,17.63,19.91,14.3,11.03,12.65
4962000,17.96,20.19,14.45,11.07,12.38
4963000,18.32,20.42,14.36,11.35,12.68
4964000,18.53,20.59,14.48,11.32,12.75
4965000,18.66,20.43,14.71,11.4,12.88
4966000,18.76,21.18,14.95,11.29,12.95
4967000,19.04,21.54,14.83,11.36,12.66
4968000,19.34,21.52,13.88,11.4,12.99
4969000,19.57,21.64,14.0,11.17,12.76
4970000,19.5,21.25,14.09,10.98,12.98
4971000,19.76,21.16,14.25,11.01,12.88
4972000,19.94,21.05,14.22,11.09,13.13
4973000,19.84,20.94,14.16,11.25,13.31
4974000,19.88,21.03,14.21,11.57,13.02
4975000,19.87,20.56,14.74,11.65,13.07
4976000,20.23,20.18,14.76,11.86,12.89
4977000,20.19,20.53,14.83,11.66,13.15
4978000,20.16,20.67,14.67,11.67,12.84
4979000,19.94,20.32,14.92,11.58,12.71
4980000,19.82,20.37,14.67,11.65,13.4
4981000,19.83,20.14,15.18,11.56,13.83
4982000,19.44,20.1,15.17,11.61,13.42
4983000,19.33,19.79,15.46,11.91,13.7
4984000,18.88,19.36,15.97,12.21,13.89
4985000,18.75,19.15,16.06,12.28,13.83
4986000,17.9,18.79,16.02,12.27,13.81
4987000,17.85,18.6,15.97,12.05,13.76
4988000,17.72,18.84,15.57,12.16,13.49
4989000,17.47,18.81,15.99,12.01,13.63
4990000,17.7,18.99,15.99,11.75,13.59
4991000,17.88,19.18,15.93,11.96,13.8
4992000,17.8,19.1,16.05,11.9,13.7
4993000,17.96,19.1,16.33,11.92,13.8
4994000,18.0,19.28,16.21,12.13,13.7
4995000,17.75,19.26,16.16,12.05,13.56
4996000,17.76,18.66,15.89,11.99,13.52
4997000,18.04,19.1,15.89,11.95,13.71
4998000,18.08,19.16,15.99,11.57,13.66
4999000,17.97,19.08,15.9,11.63,13.64
