step,seed1,seed2,seed3,seed4,seed5
1000,0.05263158,0.0,0.06896552,0.121212125,0.09090909
2000,0.08108108,0.037037037,0.15384616,0.0625,0.067567565
3000,0.09,0.07,0.13157895,0.0927835,0.08
4000,0.12,0.06,0.11,0.06,0.06
5000,0.12,0.06,0.13,0.09,0.1
6000,0.09,0.04,0.1,0.06,0.07
7000,0.07,0.1,0.13,0.08,0.09
8000,0.06,0.1,0.11,0.11,0.1
9000,0.12,0.13,0.04,0.17,0.13
10000,0.14,0.09,0.1,0.16,0.12
11000,0.15,0.06,0.13,0.14,0.13
12000,0.14,0.07,0.21,0.11,0.09
13000,0.15,0.08,0.2,0.11,0.1
14000,0.12,0.12,0.19,0.1,0.12
15000,0.09,0.12,0.1,0.1,0.08
16000,0.1,0.1,0.1,0.1,0.06
17000,0.12,0.14,0.09,0.1,0.07
18000,0.11,0.11,0.06,0.09,0.06
19000,0.1,0.1,0.05,0.1,0.05
20000,0.1,0.06,0.05,0.08,0.09
21000,0.1,0.08,0.06,0.07,0.16
22000,0.13,0.08,0.09,0.06,0.17
23000,0.07,0.09,0.15,0.08,0.13
24000,0.05,0.11,0.13,0.13,0.08
25000,0.06,0.14,0.12,0.16,0.07
26000,0.08,0.17,0.15,0.08,0.07
27000,0.07,0.2,0.08,0.03,0.08
28000,0.07,0.14,0.1,0.05,0.1
29000,0.06,0.11,0.1,0.09,0.14
30000,0.07,0.09,0.14,0.11,0.15
31000,0.05,0.12,0.17,0.09,0.16
32000,0.12,0.11,0.09,0.08,0.12
33000,0.15,0.08,0.08,0.1,0.1
34000,0.18,0.07,0.1,0.14,0.1
35000,0.21,0.1,0.14,0.16,0.11
36000,0.19,0.14,0.11,0.2,0.11
37000,0.2,0.14,0.07,0.2,0.1
38000,0.22,0.13,0.03,0.15,0.11
39000,0.18,0.07,0.07,0.13,0.1
40000,0.2,0.09,0.07,0.13,0.15
41000,0.17,0.13,0.16,0.14,0.2
42000,0.14,0.13,0.14,0.13,0.2
43000,0.19,0.14,0.16,0.1,0.2
44000,0.2,0.07,0.11,0.11,0.22
45000,0.18,0.06,0.11,0.13,0.23
46000,0.22,0.09,0.14,0.14,0.2
47000,0.21,0.11,0.2,0.18,0.19
48000,0.24,0.14,0.21,0.19,0.1
49000,0.27,0.15,0.23,0.18,0.06
50000,0.25,0.19,0.25,0.13,0.08
51000,0.23,0.17,0.13,0.07,0.08
52000,0.17,0.15,0.16,0.05,0.11
53000,0.16,0.16,0.09,0.07,0.12
54000,0.18,0.09,0.13,0.12,0.1
55000,0.11,0.15,0.1,0.11,0.14
56000,0.14,0.13,0.09,0.1,0.12
57000,0.19,0.15,0.08,0.07,0.11
58000,0.17,0.11,0.12,0.07,0.07
59000,0.18,0.18,0.12,0.07,0.07
60000,0.18,0.2,0.17,0.13,0.09
61000,0.12,0.25,0.2,0.17,0.14
62000,0.14,0.27,0.16,0.17,0.18
63000,0.13,0.29,0.19,0.18,0.14
64000,0.15,0.23,0.18,0.17,0.11
65000,0.17,0.19,0.11,0.17,0.09
66000,0.16,0.15,0.16,0.15,0.12
67000,0.17,0.15,0.1,0.14,0.15
68000,0.15,0.1,0.14,0.05,0.14
69000,0.16,0.09,0.16,0.07,0.19
70000,0.14,0.11,0.14,0.1,0.22
71000,0.16,0.14,0.17,0.11,0.22
72000,0.22,0.19,0.12,0.2,0.23
73000,0.23,0.22,0.16,0.26,0.21
74000,0.25,0.19,0.16,0.22,0.21
75000,0.26,0.23,0.14,0.23,0.17
76000,0.25,0.2,0.1,0.17,0.18
77000,0.15,0.23,0.09,0.13,0.19
78000,0.16,0.21,0.05,0.15,0.2
79000,0.14,0.24,0.11,0.12,0.13
80000,0.14,0.3,0.1,0.16,0.14
81000,0.17,0.3,0.12,0.17,0.15
82000,0.13,0.28,0.13,0.14,0.23
83000,0.18,0.29,0.09,0.14,0.25
84000,0.22,0.26,0.11,0.12,0.24
85000,0.2,0.2,0.13,0.09,0.21
86000,0.22,0.22,0.17,0.1,0.16
87000,0.24,0.2,0.19,0.1,0.16
88000,0.24,0.15,0.18,0.1,0.2
89000,0.23,0.14,0.12,0.07,0.22
90000,0.26,0.13,0.12,0.14,0.27
91000,0.24,0.17,0.16,0.15,0.27
92000,0.25,0.21,0.14,0.15,0.24
93000,0.27,0.22,0.12,0.23,0.28
94000,0.26,0.25,0.15,0.17,0.29
95000,0.19,0.22,0.2,0.18,0.37
96000,0.23,0.2,0.24,0.27,0.37
97000,0.21,0.2,0.27,0.24,0.29
98000,0.18,0.16,0.25,0.25,0.29
99000,0.24,0.16,0.25,0.26,0.28
100000,0.26,0.16,0.21,0.25,0.22
101000,0.25,0.11,0.18,0.2,0.21
102000,0.25,0.1,0.18,0.15,0.29
103000,0.24,0.12,0.15,0.19,0.29
104000,0.17,0.14,0.12,0.18,0.26
105000,0.22,0.2,0.11,0.23,0.27
106000,0.21,0.25,0.14,0.26,0.29
107000,0.24,0.29,0.12,0.23,0.29
108000,0.23,0.31,0.15,0.18,0.24
109000,0.16,0.29,0.15,0.11,0.24
110000,0.14,0.3,0.13,0.08,0.21
111000,0.13,0.24,0.13,0.1,0.25
112000,0.19,0.14,0.14,0.1,0.18
113000,0.17,0.16,0.18,0.13,0.18
114000,0.18,0.14,0.24,0.13,0.21
115000,0.21,0.14,0.24,0.13,0.27
116000,0.19,0.18,0.29,0.1,0.24
117000,0.17,0.14,0.26,0.14,0.29
118000,0.18,0.16,0.27,0.16,0.33
119000,0.16,0.15,0.27,0.18,0.36
120000,0.15,0.18,0.25,0.21,0.38
121000,0.15,0.21,0.21,0.23,0.33
122000,0.16,0.21,0.09,0.22,0.32
123000,0.14,0.24,0.11,0.17,0.36
124000,0.19,0.23,0.09,0.23,0.38
125000,0.18,0.18,0.15,0.27,0.36
126000,0.19,0.19,0.16,0.22,0.32
127000,0.22,0.21,0.16,0.22,0.29
128000,0.17,0.21,0.22,0.21,0.24
129000,0.14,0.22,0.18,0.21,0.24
130000,0.17,0.22,0.2,0.23,0.23
131000,0.2,0.21,0.3,0.24,0.3
132000,0.25,0.25,0.29,0.24,0.31
133000,0.28,0.22,0.27,0.18,0.35
134000,0.26,0.26,0.33,0.17,0.35
135000,0.29,0.21,0.31,0.12,0.28
136000,0.33,0.28,0.22,0.14,0.25
137000,0.3,0.25,0.22,0.15,0.25
138000,0.25,0.27,0.23,0.18,0.24
139000,0.28,0.28,0.18,0.21,0.3
140000,0.25,0.27,0.18,0.16,0.35
141000,0.22,0.22,0.25,0.16,0.34
142000,0.18,0.23,0.2,0.17,0.3
143000,0.15,0.24,0.25,0.21,0.35
144000,0.17,0.22,0.24,0.21,0.35
145000,0.19,0.2,0.24,0.2,0.34
146000,0.19,0.2,0.22,0.21,0.33
147000,0.22,0.17,0.21,0.18,0.34
148000,0.2,0.17,0.22,0.22,0.41
149000,0.19,0.14,0.24,0.25,0.45
150000,0.2,0.16,0.25,0.3,0.49
151000,0.21,0.23,0.19,0.35,0.46
152000,0.24,0.25,0.19,0.32,0.43
153000,0.24,0.29,0.18,0.32,0.39
154000,0.28,0.28,0.16,0.3,0.39
155000,0.26,0.27,0.16,0.32,0.36
156000,0.32,0.3,0.22,0.23,0.36
157000,0.29,0.25,0.27,0.24,0.3
158000,0.3,0.25,0.26,0.2,0.33
159000,0.31,0.31,0.27,0.17,0.3
160000,0.29,0.26,0.24,0.16,0.28
161000,0.25,0.3,0.23,0.19,0.29
162000,0.27,0.29,0.18,0.2,0.23
163000,0.3,0.29,0.13,0.24,0.21
164000,0.31,0.3,0.2,0.23,0.24
165000,0.34,0.26,0.23,0.25,0.31
166000,0.27,0.25,0.18,0.19,0.34
167000,0.29,0.23,0.16,0.18,0.37
168000,0.26,0.23,0.19,0.19,0.33
169000,0.2,0.19,0.17,0.19,0.36
170000,0.2,0.18,0.19,0.17,0.38
171000,0.17,0.2,0.2,0.2,0.37
172000,0.13,0.24,0.21,0.2,0.37
173000,0.2,0.25,0.29,0.21,0.34
174000,0.15,0.27,0.33,0.19,0.38
175000,0.18,0.29,0.26,0.17,0.41
176000,0.22,0.31,0.35,0.17,0.45
177000,0.27,0.34,0.36,0.15,0.49
178000,0.22,0.31,0.33,0.2,0.43
179000,0.21,0.31,0.25,0.21,0.36
180000,0.22,0.35,0.24,0.26,0.34
181000,0.22,0.32,0.21,0.27,0.36
182000,0.21,0.31,0.22,0.29,0.35
183000,0.18,0.29,0.22,0.3,0.36
184000,0.21,0.24,0.22,0.33,0.38
185000,0.23,0.24,0.22,0.25,0.33
186000,0.2,0.22,0.17,0.3,0.38
187000,0.2,0.29,0.2,0.32,0.41
188000,0.32,0.27,0.22,0.34,0.4
189000,0.34,0.29,0.24,0.3,0.46
190000,0.39,0.32,0.3,0.26,0.45
191000,0.41,0.3,0.29,0.25,0.42
192000,0.4,0.28,0.31,0.16,0.42
193000,0.46,0.29,0.25,0.17,0.38
194000,0.4,0.3,0.24,0.17,0.38
195000,0.41,0.3,0.25,0.22,0.3
196000,0.4,0.31,0.23,0.28,0.35
197000,0.38,0.34,0.27,0.28,0.37
198000,0.37,0.37,0.3,0.29,0.43
199000,0.31,0.35,0.32,0.28,0.43
200000,0.34,0.35,0.3,0.28,0.49
201000,0.31,0.39,0.27,0.24,0.48
202000,0.28,0.35,0.25,0.15,0.48
203000,0.29,0.44,0.22,0.14,0.5
204000,0.29,0.44,0.27,0.16,0.47
205000,0.36,0.44,0.27,0.19,0.38
206000,0.35,0.43,0.25,0.2,0.31
207000,0.36,0.39,0.27,0.21,0.26
208000,0.38,0.35,0.25,0.21,0.26
209000,0.41,0.37,0.28,0.22,0.26
210000,0.41,0.29,0.29,0.25,0.29
211000,0.36,0.26,0.23,0.18,0.24
212000,0.31,0.23,0.24,0.19,0.3
213000,0.28,0.32,0.21,0.27,0.37
214000,0.29,0.32,0.25,0.33,0.33
215000,0.31,0.38,0.27,0.33,0.36
216000,0.33,0.35,0.33,0.32,0.38
217000,0.32,0.37,0.38,0.29,0.41
218000,0.32,0.41,0.41,0.29,0.49
219000,0.34,0.39,0.45,0.25,0.53
220000,0.32,0.43,0.43,0.19,0.52
221000,0.3,0.39,0.45,0.23,0.49
222000,0.28,0.33,0.48,0.24,0.54
223000,0.28,0.32,0.43,0.26,0.54
224000,0.36,0.34,0.44,0.22,0.55
225000,0.37,0.35,0.41,0.25,0.56
226000,0.37,0.31,0.39,0.24,0.51
227000,0.34,0.25,0.4,0.2,0.52
228000,0.31,0.24,0.4,0.2,0.51
229000,0.32,0.27,0.32,0.23,0.58
230000,0.33,0.24,0.35,0.27,0.58
231000,0.26,0.26,0.37,0.28,0.55
232000,0.21,0.27,0.37,0.29,0.54
233000,0.23,0.33,0.37,0.29,0.51
234000,0.21,0.33,0.4,0.3,0.51
235000,0.2,0.35,0.41,0.29,0.55
236000,0.17,0.36,0.43,0.26,0.54
237000,0.21,0.41,0.46,0.21,0.47
238000,0.23,0.42,0.52,0.19,0.46
239000,0.25,0.44,0.54,0.2,0.5
240000,0.3,0.44,0.53,0.25,0.53
241000,0.31,0.42,0.56,0.24,0.58
242000,0.3,0.46,0.56,0.25,0.53
243000,0.31,0.52,0.54,0.26,0.49
244000,0.24,0.58,0.52,0.28,0.51
245000,0.31,0.54,0.48,0.31,0.48
246000,0.29,0.54,0.41,0.3,0.53
247000,0.27,0.5,0.27,0.3,0.51
248000,0.29,0.51,0.25,0.33,0.55
249000,0.33,0.54,0.23,0.37,0.47
250000,0.3,0.55,0.21,0.37,0.48
251000,0.33,0.51,0.19,0.41,0.56
252000,0.29,0.46,0.17,0.31,0.57
253000,0.31,0.39,0.16,0.3,0.61
254000,0.29,0.44,0.19,0.31,0.55
255000,0.24,0.47,0.19,0.36,0.57
256000,0.21,0.56,0.18,0.29,0.54
257000,0.2,0.48,0.17,0.25,0.57
258000,0.2,0.39,0.18,0.2,0.57
259000,0.2,0.42,0.19,0.21,0.52
260000,0.15,0.42,0.18,0.16,0.51
261000,0.15,0.34,0.24,0.18,0.48
262000,0.17,0.37,0.22,0.17,0.47
263000,0.18,0.32,0.21,0.21,0.51
264000,0.24,0.39,0.24,0.23,0.53
265000,0.23,0.41,0.27,0.25,0.52
266000,0.24,0.45,0.23,0.26,0.53
267000,0.25,0.44,0.24,0.27,0.53
268000,0.27,0.47,0.23,0.25,0.54
269000,0.29,0.48,0.32,0.27,0.47
270000,0.29,0.5,0.34,0.24,0.45
271000,0.27,0.47,0.31,0.27,0.49
272000,0.27,0.48,0.36,0.23,0.48
273000,0.27,0.37,0.33,0.22,0.48
274000,0.3,0.39,0.33,0.22,0.49
275000,0.29,0.38,0.36,0.26,0.45
276000,0.34,0.37,0.3,0.26,0.52
277000,0.38,0.38,0.29,0.26,0.55
278000,0.4,0.35,0.3,0.22,0.59
279000,0.37,0.34,0.29,0.21,0.65
280000,0.4,0.38,0.34,0.2,0.64
281000,0.44,0.39,0.31,0.17,0.66
282000,0.4,0.41,0.3,0.15,0.64
283000,0.41,0.39,0.26,0.19,0.64
284000,0.39,0.41,0.27,0.2,0.59
285000,0.37,0.4,0.26,0.2,0.65
286000,0.37,0.43,0.24,0.21,0.59
287000,0.38,0.45,0.3,0.21,0.6
288000,0.41,0.48,0.35,0.25,0.58
289000,0.38,0.48,0.33,0.3,0.52
290000,0.39,0.51,0.32,0.27,0.49
291000,0.4,0.5,0.36,0.25,0.47
292000,0.38,0.54,0.4,0.27,0.51
293000,0.36,0.56,0.41,0.3,0.52
294000,0.3,0.49,0.36,0.31,0.55
295000,0.3,0.44,0.32,0.3,0.49
296000,0.32,0.42,0.36,0.29,0.47
297000,0.34,0.44,0.35,0.29,0.56
298000,0.33,0.46,0.32,0.33,0.57
299000,0.32,0.46,0.28,0.32,0.57
300000,0.37,0.4,0.3,0.31,0.57
301000,0.35,0.43,0.3,0.3,0.59
302000,0.35,0.46,0.29,0.34,0.65
303000,0.34,0.47,0.29,0.34,0.73
304000,0.29,0.49,0.25,0.36,0.75
305000,0.26,0.5,0.27,0.35,0.69
306000,0.3,0.45,0.31,0.37,0.7
307000,0.31,0.42,0.37,0.36,0.66
308000,0.35,0.45,0.42,0.37,0.66
309000,0.33,0.45,0.43,0.3,0.67
310000,0.29,0.45,0.41,0.25,0.71
311000,0.32,0.5,0.4,0.2,0.72
312000,0.34,0.53,0.45,0.2,0.63
313000,0.3,0.52,0.45,0.15,0.66
314000,0.29,0.55,0.42,0.17,0.69
315000,0.28,0.53,0.31,0.13,0.69
316000,0.25,0.52,0.26,0.16,0.69
317000,0.28,0.53,0.2,0.21,0.68
318000,0.25,0.57,0.23,0.27,0.68
319000,0.25,0.62,0.22,0.27,0.72
320000,0.22,0.51,0.24,0.31,0.73
321000,0.23,0.48,0.3,0.3,0.68
322000,0.25,0.47,0.31,0.26,0.66
323000,0.27,0.47,0.33,0.28,0.65
324000,0.32,0.56,0.35,0.25,0.59
325000,0.3,0.54,0.41,0.28,0.57
326000,0.35,0.53,0.45,0.27,0.55
327000,0.38,0.49,0.4,0.3,0.6
328000,0.35,0.42,0.44,0.31,0.52
329000,0.39,0.42,0.35,0.32,0.53
330000,0.36,0.41,0.31,0.34,0.53
331000,0.33,0.44,0.37,0.41,0.58
332000,0.32,0.43,0.36,0.44,0.47
333000,0.31,0.46,0.36,0.43,0.46
334000,0.34,0.46,0.36,0.42,0.52
335000,0.32,0.37,0.38,0.4,0.54
336000,0.31,0.37,0.36,0.4,0.51
337000,0.25,0.4,0.39,0.41,0.59
338000,0.26,0.35,0.42,0.37,0.64
339000,0.28,0.4,0.36,0.38,0.65
340000,0.22,0.47,0.41,0.35,0.7
341000,0.24,0.49,0.39,0.39,0.65
342000,0.19,0.52,0.44,0.4,0.72
343000,0.15,0.55,0.46,0.35,0.72
344000,0.14,0.5,0.48,0.37,0.77
345000,0.19,0.5,0.52,0.37,0.74
346000,0.21,0.49,0.53,0.36,0.7
347000,0.22,0.49,0.51,0.36,0.66
348000,0.22,0.58,0.52,0.34,0.67
349000,0.21,0.59,0.45,0.36,0.63
350000,0.19,0.6,0.46,0.4,0.59
351000,0.16,0.57,0.42,0.39,0.64
352000,0.18,0.53,0.37,0.39,0.65
353000,0.27,0.55,0.39,0.42,0.63
354000,0.26,0.54,0.42,0.37,0.62
355000,0.25,0.58,0.4,0.45,0.68
356000,0.23,0.61,0.4,0.41,0.69
357000,0.31,0.62,0.47,0.4,0.74
358000,0.32,0.54,0.53,0.41,0.78
359000,0.36,0.49,0.51,0.43,0.77
360000,0.38,0.44,0.53,0.46,0.78
361000,0.34,0.42,0.52,0.46,0.77
362000,0.29,0.39,0.46,0.44,0.77
363000,0.3,0.44,0.46,0.49,0.76
364000,0.27,0.44,0.41,0.54,0.78
365000,0.25,0.41,0.43,0.57,0.79
366000,0.16,0.41,0.39,0.49,0.8
367000,0.17,0.42,0.35,0.53,0.77
368000,0.2,0.48,0.33,0.53,0.83
369000,0.17,0.49,0.32,0.54,0.79
370000,0.2,0.5,0.33,0.58,0.78
371000,0.27,0.52,0.34,0.55,0.74
372000,0.29,0.59,0.38,0.54,0.66
373000,0.36,0.62,0.38,0.52,0.73
374000,0.42,0.66,0.34,0.55,0.74
375000,0.44,0.66,0.37,0.51,0.77
376000,0.45,0.65,0.39,0.51,0.73
377000,0.41,0.65,0.4,0.5,0.72
378000,0.4,0.68,0.37,0.56,0.71
379000,0.38,0.67,0.39,0.58,0.69
380000,0.36,0.62,0.42,0.57,0.67
381000,0.29,0.56,0.37,0.63,0.77
382000,0.28,0.59,0.37,0.56,0.76
383000,0.27,0.61,0.39,0.57,0.79
384000,0.27,0.56,0.36,0.59,0.78
385000,0.31,0.52,0.4,0.64,0.79
386000,0.33,0.51,0.38,0.64,0.76
387000,0.33,0.52,0.41,0.64,0.81
388000,0.31,0.55,0.45,0.65,0.8
389000,0.33,0.62,0.4,0.68,0.74
390000,0.34,0.59,0.4,0.7,0.78
391000,0.38,0.62,0.39,0.71,0.76
392000,0.38,0.68,0.43,0.68,0.84
393000,0.34,0.73,0.48,0.69,0.76
394000,0.29,0.72,0.52,0.6,0.79
395000,0.29,0.72,0.52,0.43,0.78
396000,0.3,0.69,0.52,0.35,0.77
397000,0.33,0.74,0.51,0.22,0.74
398000,0.34,0.76,0.53,0.21,0.74
399000,0.31,0.75,0.56,0.15,0.77
400000,0.29,0.73,0.57,0.17,0.75
401000,0.22,0.62,0.6,0.14,0.77
402000,0.22,0.63,0.6,0.17,0.79
403000,0.21,0.64,0.65,0.24,0.78
404000,0.2,0.62,0.61,0.26,0.73
405000,0.19,0.58,0.6,0.32,0.74
406000,0.27,0.6,0.54,0.37,0.68
407000,0.27,0.59,0.59,0.39,0.68
408000,0.29,0.56,0.61,0.43,0.69
409000,0.3,0.57,0.66,0.48,0.73
410000,0.31,0.59,0.61,0.54,0.7
411000,0.32,0.63,0.57,0.57,0.67
412000,0.37,0.61,0.6,0.55,0.69
413000,0.37,0.63,0.59,0.59,0.65
414000,0.35,0.65,0.6,0.61,0.66
415000,0.33,0.69,0.62,0.67,0.7
416000,0.25,0.74,0.6,0.75,0.68
417000,0.27,0.74,0.63,0.81,0.67
418000,0.3,0.79,0.63,0.76,0.71
419000,0.29,0.81,0.71,0.72,0.69
420000,0.3,0.83,0.69,0.7,0.67
421000,0.3,0.79,0.72,0.72,0.65
422000,0.25,0.84,0.67,0.77,0.71
423000,0.24,0.81,0.67,0.78,0.73
424000,0.26,0.83,0.63,0.76,0.76
425000,0.27,0.79,0.67,0.77,0.73
426000,0.27,0.87,0.75,0.74,0.78
427000,0.23,0.87,0.77,0.79,0.74
428000,0.23,0.9,0.74,0.8,0.72
429000,0.3,0.96,0.69,0.81,0.7
430000,0.29,0.95,0.7,0.76,0.74
431000,0.35,0.93,0.69,0.63,0.71
432000,0.36,0.89,0.68,0.54,0.73
433000,0.39,0.87,0.57,0.54,0.66
434000,0.43,0.91,0.6,0.55,0.68
435000,0.42,0.9,0.6,0.61,0.68
436000,0.44,0.88,0.61,0.58,0.66
437000,0.43,0.84,0.63,0.51,0.65
438000,0.45,0.87,0.63,0.43,0.67
439000,0.48,0.9,0.68,0.46,0.69
440000,0.39,0.91,0.66,0.5,0.72
441000,0.41,0.86,0.56,0.54,0.73
442000,0.37,0.82,0.56,0.57,0.73
443000,0.4,0.77,0.56,0.53,0.69
444000,0.45,0.72,0.59,0.5,0.68
445000,0.43,0.68,0.58,0.57,0.65
446000,0.42,0.7,0.61,0.6,0.66
447000,0.46,0.65,0.63,0.6,0.61
448000,0.44,0.72,0.65,0.63,0.59
449000,0.47,0.81,0.68,0.63,0.6
450000,0.48,0.9,0.62,0.63,0.59
451000,0.49,0.93,0.66,0.62,0.58
452000,0.46,0.87,0.65,0.66,0.54
453000,0.48,0.84,0.63,0.72,0.54
454000,0.47,0.89,0.63,0.71,0.56
455000,0.49,0.9,0.57,0.64,0.55
456000,0.5,0.92,0.58,0.62,0.55
457000,0.48,0.91,0.59,0.57,0.62
458000,0.46,0.9,0.62,0.61,0.64
459000,0.44,0.94,0.62,0.63,0.71
460000,0.44,0.93,0.7,0.67,0.75
461000,0.46,0.93,0.69,0.62,0.74
462000,0.5,0.93,0.68,0.58,0.75
463000,0.51,0.94,0.7,0.59,0.68
464000,0.52,0.85,0.67,0.58,0.7
465000,0.5,0.76,0.68,0.58,0.7
466000,0.49,0.72,0.65,0.58,0.65
467000,0.5,0.74,0.6,0.58,0.68
468000,0.48,0.72,0.59,0.63,0.74
469000,0.47,0.71,0.58,0.62,0.78
470000,0.44,0.66,0.63,0.61,0.75
471000,0.45,0.67,0.6,0.55,0.78
472000,0.46,0.66,0.67,0.55,0.74
473000,0.48,0.66,0.65,0.57,0.73
474000,0.46,0.65,0.7,0.57,0.71
475000,0.44,0.62,0.73,0.59,0.69
476000,0.36,0.63,0.7,0.63,0.66
477000,0.36,0.6,0.64,0.68,0.63
478000,0.34,0.62,0.63,0.63,0.68
479000,0.33,0.55,0.65,0.65,0.73
480000,0.33,0.55,0.6,0.67,0.72
481000,0.34,0.57,0.59,0.67,0.73
482000,0.34,0.59,0.61,0.65,0.62
483000,0.35,0.61,0.63,0.68,0.63
484000,0.37,0.59,0.63,0.69,0.54
485000,0.36,0.6,0.61,0.68,0.56
486000,0.36,0.6,0.64,0.67,0.57
487000,0.39,0.56,0.66,0.65,0.59
488000,0.39,0.58,0.61,0.62,0.63
489000,0.43,0.58,0.65,0.61,0.62
490000,0.42,0.53,0.66,0.6,0.65
491000,0.36,0.56,0.59,0.63,0.63
492000,0.36,0.54,0.55,0.61,0.62
493000,0.41,0.56,0.53,0.6,0.63
494000,0.38,0.53,0.52,0.61,0.62
495000,0.42,0.59,0.53,0.57,0.65
496000,0.43,0.62,0.53,0.51,0.69
497000,0.46,0.61,0.54,0.48,0.74
498000,0.49,0.59,0.54,0.46,0.77
499000,0.51,0.56,0.55,0.44,0.75
500000,0.52,0.56,0.54,0.45,0.74
501000,0.56,0.57,0.54,0.42,0.68
502000,0.56,0.56,0.56,0.4,0.69
503000,0.54,0.54,0.6,0.4,0.76
504000,0.55,0.51,0.63,0.39,0.72
505000,0.58,0.51,0.58,0.36,0.74
506000,0.53,0.49,0.53,0.35,0.75
507000,0.52,0.5,0.47,0.39,0.77
508000,0.51,0.48,0.49,0.39,0.76
509000,0.48,0.53,0.49,0.42,0.74
510000,0.46,0.53,0.49,0.43,0.72
511000,0.46,0.53,0.5,0.48,0.74
512000,0.47,0.49,0.5,0.46,0.69
513000,0.49,0.51,0.53,0.48,0.69
514000,0.48,0.52,0.52,0.43,0.71
515000,0.52,0.52,0.51,0.45,0.7
516000,0.49,0.55,0.49,0.46,0.71
517000,0.48,0.53,0.43,0.49,0.62
518000,0.46,0.54,0.45,0.5,0.57
519000,0.45,0.53,0.47,0.53,0.63
520000,0.45,0.54,0.43,0.53,0.63
521000,0.41,0.53,0.45,0.54,0.61
522000,0.42,0.53,0.45,0.55,0.64
523000,0.43,0.54,0.42,0.56,0.62
524000,0.42,0.55,0.37,0.56,0.67
525000,0.44,0.49,0.4,0.59,0.68
526000,0.44,0.48,0.41,0.59,0.71
527000,0.46,0.48,0.45,0.59,0.69
528000,0.47,0.47,0.46,0.6,0.72
529000,0.47,0.45,0.46,0.6,0.78
530000,0.43,0.44,0.48,0.61,0.81
531000,0.46,0.44,0.47,0.64,0.87
532000,0.48,0.44,0.46,0.66,0.92
533000,0.47,0.48,0.45,0.65,0.96
534000,0.5,0.5,0.42,0.6,0.96
535000,0.51,0.46,0.43,0.57,0.91
536000,0.49,0.49,0.43,0.59,0.93
537000,0.5,0.5,0.43,0.61,0.88
538000,0.51,0.5,0.41,0.6,0.97
539000,0.49,0.51,0.45,0.64,0.97
540000,0.49,0.5,0.45,0.65,0.96
541000,0.47,0.51,0.45,0.68,1.01
542000,0.49,0.55,0.47,0.7,1.0
543000,0.51,0.54,0.46,0.69,0.97
544000,0.51,0.57,0.46,0.71,0.98
545000,0.52,0.56,0.46,0.71,0.95
546000,0.52,0.62,0.52,0.71,0.88
547000,0.5,0.62,0.55,0.69,0.88
548000,0.5,0.61,0.55,0.7,0.86
549000,0.49,0.64,0.58,0.72,0.87
550000,0.49,0.66,0.57,0.72,0.9
551000,0.49,0.62,0.59,0.71,0.89
552000,0.49,0.64,0.64,0.7,0.98
553000,0.47,0.61,0.63,0.71,0.89
554000,0.45,0.64,0.69,0.7,0.88
555000,0.44,0.61,0.72,0.7,0.86
556000,0.44,0.63,0.72,0.68,0.82
557000,0.47,0.61,0.74,0.67,0.85
558000,0.43,0.64,0.75,0.68,0.81
559000,0.44,0.66,0.72,0.65,0.82
560000,0.46,0.62,0.72,0.68,0.83
561000,0.47,0.6,0.77,0.68,0.85
562000,0.47,0.64,0.74,0.69,0.89
563000,0.47,0.62,0.67,0.68,0.85
564000,0.46,0.61,0.61,0.67,0.77
565000,0.47,0.61,0.64,0.65,0.74
566000,0.48,0.62,0.68,0.7,0.68
567000,0.51,0.6,0.66,0.69,0.72
568000,0.51,0.61,0.66,0.68,0.71
569000,0.51,0.59,0.62,0.68,0.73
570000,0.54,0.59,0.61,0.67,0.72
571000,0.54,0.57,0.58,0.68,0.76
572000,0.53,0.55,0.58,0.68,0.79
573000,0.55,0.53,0.58,0.7,0.77
574000,0.56,0.54,0.59,0.71,0.81
575000,0.54,0.53,0.6,0.7,0.78
576000,0.52,0.5,0.65,0.75,0.76
577000,0.5,0.51,0.6,0.77,0.74
578000,0.48,0.53,0.6,0.74,0.72
579000,0.47,0.52,0.58,0.75,0.74
580000,0.47,0.49,0.59,0.72,0.81
581000,0.49,0.49,0.62,0.74,0.82
582000,0.49,0.46,0.61,0.73,0.85
583000,0.54,0.45,0.58,0.7,0.82
584000,0.53,0.45,0.57,0.7,0.81
585000,0.54,0.42,0.57,0.68,0.83
586000,0.54,0.44,0.61,0.68,0.81
587000,0.53,0.48,0.61,0.69,0.78
588000,0.54,0.51,0.63,0.68,0.78
589000,0.55,0.55,0.65,0.67,0.77
590000,0.55,0.58,0.67,0.67,0.8
591000,0.56,0.59,0.65,0.64,0.79
592000,0.56,0.58,0.66,0.61,0.8
593000,0.56,0.58,0.67,0.52,0.85
594000,0.5,0.59,0.58,0.49,0.87
595000,0.49,0.56,0.59,0.47,0.86
596000,0.48,0.59,0.63,0.46,0.83
597000,0.48,0.56,0.65,0.49,0.87
598000,0.48,0.56,0.65,0.5,0.88
599000,0.48,0.6,0.65,0.46,0.86
600000,0.46,0.57,0.67,0.48,0.86
601000,0.41,0.55,0.62,0.48,0.84
602000,0.38,0.56,0.58,0.48,0.82
603000,0.38,0.6,0.61,0.47,0.83
604000,0.37,0.56,0.61,0.47,0.87
605000,0.4,0.56,0.63,0.49,0.88
606000,0.4,0.56,0.62,0.5,0.85
607000,0.32,0.55,0.65,0.5,0.86
608000,0.32,0.55,0.65,0.49,0.85
609000,0.31,0.56,0.61,0.49,0.86
610000,0.33,0.57,0.63,0.49,0.82
611000,0.32,0.55,0.62,0.5,0.79
612000,0.35,0.57,0.61,0.5,0.78
613000,0.35,0.56,0.59,0.55,0.78
614000,0.35,0.59,0.63,0.58,0.72
615000,0.35,0.6,0.61,0.56,0.71
616000,0.36,0.57,0.6,0.59,0.74
617000,0.36,0.6,0.56,0.59,0.77
618000,0.36,0.6,0.56,0.6,0.79
619000,0.36,0.57,0.58,0.59,0.8
620000,0.37,0.53,0.64,0.64,0.78
621000,0.37,0.54,0.63,0.65,0.71
622000,0.37,0.55,0.61,0.64,0.72
623000,0.38,0.56,0.6,0.64,0.75
624000,0.36,0.57,0.59,0.66,0.71
625000,0.36,0.57,0.57,0.64,0.7
626000,0.37,0.57,0.57,0.65,0.69
627000,0.36,0.57,0.56,0.66,0.75
628000,0.36,0.57,0.54,0.62,0.76
629000,0.38,0.56,0.49,0.62,0.79
630000,0.4,0.55,0.49,0.65,0.79
631000,0.4,0.51,0.49,0.62,0.79
632000,0.36,0.53,0.48,0.67,0.78
633000,0.38,0.58,0.43,0.67,0.75
634000,0.37,0.61,0.44,0.65,0.74
635000,0.4,0.63,0.42,0.65,0.76
636000,0.4,0.65,0.43,0.61,0.74
637000,0.4,0.67,0.44,0.62,0.83
638000,0.4,0.69,0.44,0.63,0.85
639000,0.42,0.7,0.44,0.59,0.84
640000,0.45,0.68,0.44,0.57,0.86
641000,0.46,0.65,0.45,0.55,0.85
642000,0.46,0.63,0.47,0.58,0.84
643000,0.48,0.62,0.51,0.6,0.86
644000,0.48,0.59,0.53,0.58,0.81
645000,0.48,0.6,0.53,0.61,0.82
646000,0.42,0.64,0.56,0.65,0.81
647000,0.43,0.67,0.57,0.65,0.88
648000,0.45,0.68,0.59,0.66,0.9
649000,0.44,0.66,0.61,0.66,0.91
650000,0.49,0.64,0.65,0.65,0.95
651000,0.5,0.59,0.62,0.62,0.93
652000,0.52,0.59,0.64,0.58,0.99
653000,0.55,0.62,0.61,0.56,0.98
654000,0.56,0.58,0.64,0.52,0.95
655000,0.58,0.61,0.63,0.47,0.99
656000,0.6,0.61,0.62,0.49,0.94
657000,0.61,0.62,0.62,0.49,0.97
658000,0.63,0.61,0.61,0.51,0.97
659000,0.63,0.64,0.62,0.5,0.99
660000,0.68,0.67,0.64,0.48,1.0
661000,0.64,0.64,0.6,0.49,1.01
662000,0.67,0.62,0.6,0.44,1.07
663000,0.7,0.6,0.62,0.48,1.05
664000,0.68,0.57,0.57,0.5,0.97
665000,0.68,0.53,0.53,0.46,0.95
666000,0.65,0.52,0.49,0.43,0.95
667000,0.61,0.56,0.54,0.4,0.95
668000,0.55,0.54,0.56,0.36,0.94
669000,0.58,0.49,0.53,0.38,0.88
670000,0.56,0.45,0.52,0.39,0.86
671000,0.56,0.45,0.53,0.39,0.84
672000,0.54,0.47,0.56,0.39,0.88
673000,0.51,0.45,0.57,0.37,0.85
674000,0.56,0.45,0.58,0.38,0.86
675000,0.54,0.41,0.56,0.41,0.84
676000,0.51,0.45,0.56,0.43,0.84
677000,0.46,0.45,0.64,0.42,0.82
678000,0.46,0.49,0.63,0.39,0.83
679000,0.45,0.48,0.66,0.39,0.78
680000,0.46,0.53,0.68,0.42,0.8
681000,0.47,0.53,0.69,0.41,0.78
682000,0.45,0.56,0.7,0.41,0.83
683000,0.5,0.56,0.66,0.42,0.87
684000,0.48,0.57,0.65,0.44,0.85
685000,0.52,0.58,0.65,0.43,0.83
686000,0.52,0.59,0.68,0.45,0.8
687000,0.52,0.59,0.65,0.44,0.79
688000,0.52,0.57,0.65,0.46,0.79
689000,0.52,0.61,0.66,0.46,0.81
690000,0.54,0.59,0.65,0.46,0.81
691000,0.57,0.61,0.69,0.44,0.84
692000,0.56,0.62,0.66,0.42,0.83
693000,0.51,0.59,0.71,0.43,0.86
694000,0.46,0.59,0.63,0.43,0.85
695000,0.46,0.55,0.65,0.41,0.84
696000,0.5,0.54,0.67,0.41,0.86
697000,0.49,0.52,0.7,0.39,0.86
698000,0.52,0.52,0.7,0.41,0.83
699000,0.5,0.56,0.73,0.44,0.81
700000,0.5,0.55,0.77,0.47,0.83
701000,0.52,0.57,0.78,0.46,0.88
702000,0.43,0.56,0.75,0.44,0.91
703000,0.42,0.54,0.75,0.44,0.94
704000,0.43,0.57,0.72,0.46,0.89
705000,0.44,0.62,0.69,0.46,0.91
706000,0.4,0.62,0.68,0.46,0.91
707000,0.41,0.64,0.67,0.43,0.89
708000,0.43,0.64,0.64,0.43,0.88
709000,0.45,0.6,0.65,0.45,0.85
710000,0.46,0.61,0.68,0.43,0.86
711000,0.5,0.59,0.67,0.39,0.87
712000,0.5,0.62,0.68,0.41,0.89
713000,0.48,0.63,0.66,0.4,0.93
714000,0.44,0.64,0.66,0.38,0.96
715000,0.39,0.64,0.63,0.38,0.91
716000,0.4,0.57,0.64,0.35,0.92
717000,0.41,0.58,0.67,0.37,0.94
718000,0.41,0.57,0.68,0.39,0.93
719000,0.42,0.57,0.71,0.42,0.89
720000,0.42,0.56,0.7,0.42,0.96
721000,0.43,0.55,0.75,0.43,0.9
722000,0.43,0.55,0.73,0.42,0.92
723000,0.38,0.57,0.73,0.41,0.89
724000,0.39,0.57,0.72,0.42,0.91
725000,0.4,0.58,0.68,0.44,0.94
726000,0.4,0.63,0.7,0.44,0.9
727000,0.42,0.63,0.66,0.44,0.88
728000,0.41,0.58,0.63,0.43,0.83
729000,0.38,0.52,0.66,0.43,0.78
730000,0.34,0.53,0.65,0.43,0.79
731000,0.39,0.57,0.61,0.43,0.83
732000,0.39,0.55,0.56,0.42,0.77
733000,0.39,0.56,0.56,0.42,0.78
734000,0.39,0.57,0.56,0.42,0.79
735000,0.38,0.6,0.5,0.44,0.81
736000,0.38,0.55,0.48,0.44,0.79
737000,0.4,0.52,0.48,0.45,0.79
738000,0.41,0.47,0.45,0.47,0.8
739000,0.42,0.5,0.43,0.44,0.83
740000,0.45,0.46,0.44,0.42,0.85
741000,0.46,0.47,0.4,0.42,0.89
742000,0.43,0.48,0.4,0.45,0.86
743000,0.41,0.52,0.45,0.44,0.84
744000,0.44,0.54,0.43,0.45,0.84
745000,0.44,0.55,0.44,0.48,0.86
746000,0.44,0.53,0.47,0.46,0.85
747000,0.43,0.52,0.47,0.49,0.85
748000,0.42,0.52,0.48,0.48,0.9
749000,0.44,0.55,0.54,0.49,0.9
750000,0.45,0.57,0.59,0.48,0.89
751000,0.45,0.56,0.65,0.45,0.95
752000,0.47,0.55,0.69,0.46,0.9
753000,0.49,0.53,0.72,0.48,0.97
754000,0.45,0.54,0.7,0.45,0.97
755000,0.42,0.56,0.69,0.49,0.95
756000,0.42,0.58,0.69,0.46,0.94
757000,0.43,0.59,0.72,0.5,0.9
758000,0.46,0.55,0.74,0.5,0.92
759000,0.47,0.56,0.76,0.5,0.92
760000,0.51,0.51,0.73,0.49,0.88
761000,0.54,0.53,0.72,0.46,0.91
762000,0.54,0.52,0.68,0.49,0.88
763000,0.51,0.55,0.72,0.5,0.88
764000,0.59,0.55,0.7,0.55,0.85
765000,0.55,0.6,0.64,0.55,0.86
766000,0.54,0.62,0.6,0.57,0.86
767000,0.51,0.58,0.64,0.6,0.82
768000,0.55,0.59,0.68,0.62,0.79
769000,0.56,0.58,0.7,0.58,0.78
770000,0.56,0.6,0.73,0.57,0.75
771000,0.57,0.58,0.71,0.6,0.73
772000,0.52,0.56,0.67,0.62,0.74
773000,0.51,0.53,0.69,0.64,0.73
774000,0.5,0.53,0.69,0.64,0.74
775000,0.47,0.53,0.72,0.65,0.74
776000,0.48,0.53,0.73,0.63,0.77
777000,0.45,0.55,0.72,0.64,0.78
778000,0.46,0.58,0.76,0.62,0.81
779000,0.48,0.59,0.74,0.64,0.78
780000,0.49,0.58,0.75,0.62,0.79
781000,0.51,0.57,0.74,0.6,0.81
782000,0.52,0.51,0.75,0.59,0.79
783000,0.55,0.49,0.74,0.57,0.79
784000,0.57,0.48,0.69,0.52,0.75
785000,0.55,0.48,0.65,0.52,0.83
786000,0.55,0.5,0.71,0.59,0.78
787000,0.54,0.52,0.67,0.62,0.77
788000,0.57,0.49,0.68,0.64,0.75
789000,0.58,0.5,0.65,0.64,0.79
790000,0.6,0.54,0.7,0.61,0.83
791000,0.6,0.54,0.73,0.55,0.81
792000,0.61,0.55,0.74,0.57,0.77
793000,0.63,0.56,0.71,0.61,0.8
794000,0.63,0.53,0.67,0.58,0.86
795000,0.6,0.52,0.69,0.57,0.86
796000,0.61,0.51,0.68,0.55,0.85
797000,0.62,0.52,0.69,0.56,0.91
798000,0.55,0.51,0.71,0.59,0.92
799000,0.53,0.54,0.73,0.6,0.94
800000,0.55,0.57,0.69,0.59,0.91
801000,0.59,0.58,0.74,0.63,0.9
802000,0.58,0.57,0.74,0.58,0.87
803000,0.59,0.57,0.76,0.53,0.94
804000,0.58,0.58,0.77,0.56,0.92
805000,0.59,0.6,0.73,0.57,0.95
806000,0.51,0.6,0.67,0.57,0.93
807000,0.52,0.54,0.66,0.53,1.0
808000,0.53,0.57,0.68,0.52,1.02
809000,0.52,0.6,0.69,0.52,0.98
810000,0.51,0.56,0.67,0.54,0.98
811000,0.47,0.56,0.7,0.57,0.93
812000,0.44,0.58,0.72,0.55,0.98
813000,0.44,0.58,0.71,0.58,0.94
814000,0.38,0.58,0.72,0.57,0.91
815000,0.42,0.61,0.73,0.59,0.92
816000,0.38,0.58,0.75,0.58,0.96
817000,0.37,0.61,0.71,0.5,1.01
818000,0.4,0.63,0.7,0.53,0.99
819000,0.4,0.66,0.71,0.55,1.0
820000,0.44,0.7,0.7,0.56,0.96
821000,0.41,0.66,0.67,0.57,1.03
822000,0.41,0.63,0.66,0.55,1.01
823000,0.42,0.64,0.63,0.57,0.96
824000,0.46,0.6,0.65,0.58,0.93
825000,0.47,0.59,0.68,0.53,0.96
826000,0.51,0.62,0.66,0.51,0.97
827000,0.52,0.65,0.64,0.57,0.97
828000,0.49,0.67,0.59,0.6,0.99
829000,0.51,0.68,0.54,0.61,0.96
830000,0.56,0.68,0.54,0.65,1.01
831000,0.57,0.67,0.57,0.64,1.05
832000,0.63,0.65,0.61,0.64,1.04
833000,0.63,0.64,0.61,0.64,0.97
834000,0.61,0.58,0.59,0.65,0.98
835000,0.59,0.58,0.61,0.66,0.97
836000,0.56,0.56,0.58,0.67,0.99
837000,0.58,0.59,0.6,0.64,0.97
838000,0.57,0.59,0.65,0.65,0.95
839000,0.52,0.61,0.7,0.65,0.95
840000,0.51,0.64,0.75,0.68,0.93
841000,0.51,0.64,0.74,0.71,0.97
842000,0.51,0.62,0.71,0.72,0.97
843000,0.53,0.58,0.74,0.71,0.94
844000,0.53,0.58,0.75,0.68,0.88
845000,0.54,0.58,0.78,0.65,0.93
846000,0.54,0.58,0.84,0.64,0.93
847000,0.54,0.59,0.86,0.67,0.89
848000,0.55,0.6,0.81,0.66,0.94
849000,0.49,0.55,0.83,0.64,0.93
850000,0.46,0.57,0.84,0.63,0.92
851000,0.49,0.5,0.87,0.63,0.92
852000,0.48,0.54,0.87,0.63,0.99
853000,0.47,0.52,0.83,0.63,0.98
854000,0.46,0.53,0.8,0.61,1.04
855000,0.45,0.51,0.77,0.6,0.94
856000,0.47,0.5,0.77,0.6,0.92
857000,0.5,0.48,0.82,0.59,0.9
858000,0.48,0.51,0.83,0.59,0.95
859000,0.45,0.52,0.83,0.58,0.99
860000,0.41,0.52,0.81,0.59,0.94
861000,0.43,0.54,0.79,0.59,0.94
862000,0.39,0.53,0.8,0.61,0.93
863000,0.38,0.54,0.77,0.61,0.87
864000,0.34,0.54,0.79,0.57,0.9
865000,0.36,0.55,0.82,0.56,0.91
866000,0.38,0.56,0.81,0.56,0.94
867000,0.37,0.56,0.8,0.59,0.86
868000,0.38,0.6,0.8,0.58,0.92
869000,0.42,0.57,0.83,0.58,0.91
870000,0.43,0.56,0.84,0.56,0.96
871000,0.48,0.52,0.87,0.57,0.99
872000,0.5,0.57,0.87,0.56,1.06
873000,0.5,0.6,0.84,0.59,1.12
874000,0.5,0.62,0.81,0.54,1.11
875000,0.52,0.61,0.83,0.57,1.08
876000,0.55,0.56,0.81,0.59,1.1
877000,0.54,0.52,0.78,0.58,1.15
878000,0.54,0.5,0.8,0.57,1.17
879000,0.51,0.51,0.79,0.59,1.19
880000,0.47,0.49,0.79,0.58,1.24
881000,0.45,0.52,0.75,0.59,1.24
882000,0.39,0.52,0.75,0.59,1.22
883000,0.38,0.56,0.76,0.61,1.23
884000,0.35,0.55,0.76,0.59,1.28
885000,0.29,0.55,0.75,0.63,1.23
886000,0.28,0.58,0.73,0.61,1.2
887000,0.25,0.64,0.71,0.6,1.16
888000,0.22,0.66,0.7,0.63,1.09
889000,0.19,0.64,0.68,0.63,1.03
890000,0.19,0.62,0.67,0.67,1.04
891000,0.19,0.62,0.72,0.69,1.02
892000,0.18,0.62,0.71,0.73,1.02
893000,0.22,0.65,0.71,0.77,1.0
894000,0.23,0.66,0.62,0.81,1.03
895000,0.23,0.61,0.66,0.84,0.99
896000,0.29,0.64,0.66,0.82,0.98
897000,0.35,0.7,0.72,0.86,1.02
898000,0.36,0.71,0.65,0.87,0.99
899000,0.37,0.67,0.65,0.9,0.97
900000,0.39,0.65,0.69,0.86,0.98
901000,0.41,0.67,0.67,0.9,1.01
902000,0.42,0.61,0.65,0.89,1.03
903000,0.47,0.57,0.64,0.86,1.04
904000,0.45,0.51,0.62,0.88,1.08
905000,0.49,0.54,0.61,0.87,1.08
906000,0.51,0.54,0.61,0.81,1.06
907000,0.5,0.57,0.7,0.78,1.05
908000,0.48,0.59,0.64,0.75,1.08
909000,0.49,0.56,0.68,0.71,1.03
910000,0.45,0.6,0.66,0.74,1.04
911000,0.48,0.51,0.67,0.73,1.05
912000,0.51,0.57,0.7,0.73,1.06
913000,0.53,0.55,0.73,0.66,1.05
914000,0.57,0.58,0.76,0.62,1.04
915000,0.57,0.57,0.77,0.59,1.08
916000,0.59,0.6,0.81,0.54,1.08
917000,0.58,0.6,0.82,0.58,1.06
918000,0.6,0.62,0.83,0.56,1.12
919000,0.61,0.58,0.8,0.54,1.09
920000,0.57,0.56,0.81,0.58,1.02
921000,0.54,0.57,0.82,0.57,0.98
922000,0.5,0.53,0.8,0.65,0.97
923000,0.5,0.54,0.8,0.62,0.92
924000,0.5,0.61,0.84,0.6,0.91
925000,0.52,0.61,0.85,0.6,0.86
926000,0.48,0.57,0.87,0.57,0.88
927000,0.48,0.56,0.87,0.66,0.87
928000,0.44,0.57,0.79,0.67,0.87
929000,0.43,0.54,0.84,0.72,0.84
930000,0.4,0.56,0.8,0.75,0.87
931000,0.41,0.58,0.81,0.78,0.83
932000,0.39,0.6,0.79,0.77,0.91
933000,0.43,0.61,0.82,0.75,0.94
934000,0.44,0.67,0.86,0.77,0.91
935000,0.45,0.62,0.84,0.75,0.9
936000,0.47,0.67,0.81,0.73,0.93
937000,0.48,0.65,0.84,0.7,0.96
938000,0.51,0.58,0.81,0.69,1.0
939000,0.5,0.56,0.76,0.72,1.03
940000,0.54,0.59,0.81,0.77,1.04
941000,0.46,0.6,0.79,0.8,1.04
942000,0.5,0.6,0.78,0.8,1.07
943000,0.44,0.61,0.8,0.8,1.05
944000,0.46,0.66,0.77,0.84,1.08
945000,0.51,0.66,0.76,0.85,1.06
946000,0.49,0.68,0.77,0.79,1.11
947000,0.57,0.65,0.8,0.72,1.09
948000,0.61,0.68,0.82,0.79,1.1
949000,0.58,0.64,0.79,0.8,1.14
950000,0.56,0.62,0.88,0.79,1.14
951000,0.53,0.63,0.86,0.77,1.15
952000,0.51,0.64,0.85,0.81,1.21
953000,0.49,0.66,0.83,0.85,1.18
954000,0.54,0.66,0.84,0.8,1.22
955000,0.58,0.62,0.81,0.74,1.19
956000,0.64,0.65,0.83,0.67,1.21
957000,0.67,0.6,0.84,0.65,1.19
958000,0.71,0.5,0.87,0.67,1.22
959000,0.66,0.51,0.9,0.67,1.22
960000,0.65,0.49,0.87,0.68,1.19
961000,0.62,0.4,0.88,0.68,1.16
962000,0.59,0.42,0.84,0.64,1.13
963000,0.6,0.44,0.89,0.67,1.09
964000,0.56,0.42,0.83,0.67,1.12
965000,0.6,0.44,0.81,0.66,1.16
966000,0.63,0.42,0.83,0.61,1.1
967000,0.62,0.43,0.81,0.61,1.1
968000,0.6,0.46,0.8,0.61,1.1
969000,0.48,0.48,0.79,0.68,1.13
970000,0.5,0.49,0.8,0.71,1.17
971000,0.46,0.52,0.8,0.72,1.13
972000,0.49,0.51,0.8,0.74,1.16
973000,0.51,0.51,0.78,0.77,1.1
974000,0.52,0.55,0.77,0.78,1.11
975000,0.54,0.54,0.81,0.8,1.1
976000,0.58,0.55,0.84,0.82,1.13
977000,0.54,0.56,0.8,0.8,1.12
978000,0.5,0.56,0.77,0.8,1.04
979000,0.52,0.58,0.8,0.79,1.03
980000,0.56,0.59,0.84,0.75,1.04
981000,0.59,0.61,0.83,0.76,1.07
982000,0.61,0.6,0.84,0.75,1.11
983000,0.6,0.57,0.83,0.75,1.05
984000,0.63,0.58,0.88,0.75,1.07
985000,0.64,0.59,0.9,0.72,1.03
986000,0.61,0.55,0.86,0.72,1.01
987000,0.58,0.53,0.84,0.69,1.05
988000,0.61,0.64,0.91,0.69,1.05
989000,0.66,0.61,0.93,0.65,1.05
990000,0.68,0.67,0.9,0.61,1.05
991000,0.66,0.7,0.94,0.59,1.08
992000,0.58,0.73,0.98,0.59,1.12
993000,0.58,0.7,1.0,0.55,1.18
994000,0.58,0.71,1.04,0.59,1.13
995000,0.61,0.66,1.05,0.6,1.19
996000,0.61,0.64,1.0,0.59,1.17
997000,0.55,0.63,0.99,0.61,1.15
998000,0.55,0.63,1.03,0.6,1.2
999000,0.52,0.66,0.98,0.62,1.21
1000000,0.51,0.72,0.96,0.58,1.22
1001000,0.43,0.68,1.0,0.56,1.25
1002000,0.41,0.7,0.95,0.54,1.23
1003000,0.45,0.68,0.89,0.51,1.18
1004000,0.46,0.68,0.88,0.49,1.24
1005000,0.47,0.68,0.9,0.47,1.28
1006000,0.42,0.65,0.85,0.5,1.3
1007000,0.38,0.68,0.88,0.53,1.24
1008000,0.35,0.65,0.9,0.52,1.25
1009000,0.33,0.7,0.87,0.51,1.31
1010000,0.32,0.73,0.86,0.51,1.22
1011000,0.35,0.8,0.86,0.5,1.22
1012000,0.42,0.85,0.88,0.49,1.22
1013000,0.42,0.89,0.89,0.52,1.17
1014000,0.44,0.91,0.91,0.54,1.2
1015000,0.38,0.92,0.94,0.56,1.23
1016000,0.34,0.92,0.97,0.61,1.19
1017000,0.37,0.94,0.92,0.6,1.23
1018000,0.4,0.91,0.99,0.65,1.24
1019000,0.45,0.89,0.96,0.7,1.2
1020000,0.46,0.87,1.01,0.71,1.21
1021000,0.46,0.96,0.99,0.73,1.23
1022000,0.45,0.98,1.06,0.7,1.28
1023000,0.41,0.94,1.01,0.68,1.3
1024000,0.37,0.93,0.97,0.71,1.32
1025000,0.4,0.95,0.96,0.74,1.31
1026000,0.42,1.0,1.0,0.79,1.39
1027000,0.45,0.96,0.95,0.82,1.37
1028000,0.45,0.88,0.88,0.82,1.44
1029000,0.49,0.85,0.81,0.82,1.43
1030000,0.52,0.77,0.83,0.8,1.39
1031000,0.54,0.76,0.9,0.85,1.38
1032000,0.53,0.81,0.93,0.8,1.39
1033000,0.52,0.79,0.93,0.8,1.32
1034000,0.51,0.75,0.92,0.77,1.32
1035000,0.55,0.65,0.88,0.78,1.31
1036000,0.6,0.64,0.88,0.72,1.3
1037000,0.61,0.69,0.81,0.72,1.25
1038000,0.68,0.67,0.8,0.76,1.26
1039000,0.73,0.67,0.83,0.74,1.26
1040000,0.76,0.66,0.8,0.72,1.15
1041000,0.78,0.63,0.85,0.71,1.16
1042000,0.75,0.62,0.9,0.63,1.12
1043000,0.78,0.65,0.92,0.67,1.14
1044000,0.81,0.64,0.96,0.63,1.14
1045000,0.77,0.69,0.9,0.62,1.12
1046000,0.8,0.65,0.94,0.6,1.08
1047000,0.76,0.64,0.93,0.63,1.13
1048000,0.82,0.59,0.95,0.61,1.14
1049000,0.87,0.58,0.95,0.56,1.16
1050000,0.81,0.61,0.94,0.56,1.16
1051000,0.73,0.67,0.96,0.59,1.19
1052000,0.71,0.68,1.0,0.61,1.13
1053000,0.66,0.66,1.03,0.56,1.15
1054000,0.63,0.71,1.05,0.62,1.17
1055000,0.58,0.72,1.04,0.64,1.23
1056000,0.56,0.7,1.02,0.63,1.27
1057000,0.61,0.68,1.05,0.65,1.32
1058000,0.56,0.64,1.09,0.59,1.37
1059000,0.55,0.67,1.08,0.62,1.4
1060000,0.59,0.7,1.11,0.62,1.41
1061000,0.55,0.75,1.07,0.66,1.5
1062000,0.52,0.72,1.03,0.68,1.49
1063000,0.52,0.67,1.02,0.67,1.5
1064000,0.53,0.72,1.05,0.69,1.5
1065000,0.54,0.72,1.02,0.73,1.42
1066000,0.56,0.73,1.04,0.69,1.45
1067000,0.6,0.71,1.03,0.72,1.43
1068000,0.63,0.69,0.86,0.73,1.41
1069000,0.63,0.67,0.87,0.75,1.4
1070000,0.61,0.61,0.91,0.66,1.43
1071000,0.6,0.61,0.88,0.68,1.38
1072000,0.56,0.63,0.86,0.72,1.4
1073000,0.55,0.64,0.84,0.75,1.33
1074000,0.49,0.64,0.83,0.79,1.46
1075000,0.45,0.65,0.78,0.76,1.39
1076000,0.49,0.65,0.78,0.7,1.36
1077000,0.5,0.65,0.81,0.68,1.39
1078000,0.56,0.63,0.83,0.74,1.39
1079000,0.59,0.61,0.82,0.69,1.43
1080000,0.55,0.62,0.89,0.72,1.49
1081000,0.57,0.65,0.87,0.71,1.5
1082000,0.58,0.68,0.83,0.74,1.54
1083000,0.61,0.71,0.89,0.74,1.57
1084000,0.65,0.73,0.9,0.75,1.54
1085000,0.65,0.75,0.89,0.74,1.6
1086000,0.74,0.75,0.93,0.73,1.57
1087000,0.78,0.8,0.93,0.7,1.57
1088000,0.8,0.83,0.94,0.74,1.61
1089000,0.78,0.83,0.93,0.78,1.57
1090000,0.68,0.84,0.95,0.82,1.59
1091000,0.67,0.83,0.89,0.83,1.6
1092000,0.69,0.81,0.88,0.85,1.58
1093000,0.68,0.81,0.92,0.8,1.53
1094000,0.68,0.86,0.84,0.79,1.61
1095000,0.67,0.89,0.84,0.78,1.64
1096000,0.71,0.84,0.86,0.78,1.61
1097000,0.71,0.81,0.83,0.76,1.58
1098000,0.72,0.84,0.88,0.78,1.67
1099000,0.73,0.77,0.81,0.77,1.64
1100000,0.69,0.79,0.82,0.74,1.62
1101000,0.73,0.75,0.84,0.72,1.64
1102000,0.73,0.71,0.8,0.77,1.61
1103000,0.76,0.73,0.8,0.82,1.6
1104000,0.81,0.77,0.79,0.73,1.62
1105000,0.82,0.82,0.8,0.73,1.56
1106000,0.83,0.76,0.83,0.69,1.61
1107000,0.82,0.8,0.84,0.7,1.6
1108000,0.82,0.79,0.79,0.68,1.58
1109000,0.76,0.8,0.77,0.68,1.5
1110000,0.79,0.86,0.84,0.65,1.45
1111000,0.76,0.86,0.86,0.65,1.55
1112000,0.75,0.87,0.85,0.62,1.54
1113000,0.77,0.84,0.85,0.6,1.51
1114000,0.77,0.84,0.87,0.6,1.58
1115000,0.77,0.85,0.81,0.58,1.53
1116000,0.72,0.93,0.83,0.6,1.56
1117000,0.75,0.93,0.88,0.52,1.63
1118000,0.64,1.02,0.91,0.56,1.6
1119000,0.65,1.05,0.87,0.61,1.59
1120000,0.67,1.13,0.85,0.6,1.57
1121000,0.66,1.04,0.86,0.63,1.58
1122000,0.69,1.01,0.9,0.61,1.63
1123000,0.66,1.02,0.95,0.62,1.62
1124000,0.69,1.1,0.96,0.64,1.68
1125000,0.68,1.06,0.91,0.7,1.66
1126000,0.65,1.14,0.92,0.73,1.65
1127000,0.62,1.06,0.96,0.76,1.69
1128000,0.63,1.05,1.0,0.78,1.62
1129000,0.6,1.06,1.08,0.8,1.63
1130000,0.6,1.11,1.01,0.84,1.53
1131000,0.58,1.12,1.02,0.87,1.56
1132000,0.59,1.04,1.03,0.85,1.57
1133000,0.59,1.01,1.05,0.88,1.53
1134000,0.57,0.99,1.0,0.81,1.62
1135000,0.63,0.83,0.97,0.86,1.65
1136000,0.63,0.89,0.95,0.85,1.63
1137000,0.58,0.86,0.98,0.81,1.7
1138000,0.61,0.78,0.96,0.82,1.7
1139000,0.63,0.78,0.95,0.84,1.75
1140000,0.68,0.81,0.91,0.76,1.73
1141000,0.71,0.76,0.82,0.74,1.67
1142000,0.74,0.77,0.87,0.75,1.55
1143000,0.81,0.84,0.86,0.75,1.56
1144000,0.86,0.81,0.84,0.72,1.61
1145000,0.86,0.8,0.83,0.65,1.6
1146000,0.93,0.84,0.87,0.64,1.69
1147000,0.91,0.79,0.88,0.59,1.64
1148000,0.87,0.81,0.9,0.6,1.67
1149000,0.86,0.83,0.92,0.59,1.66
1150000,0.8,0.84,0.95,0.58,1.58
1151000,0.8,0.82,0.9,0.64,1.58
1152000,0.82,0.84,0.95,0.63,1.64
1153000,0.77,0.86,0.98,0.66,1.6
1154000,0.75,0.86,0.95,0.64,1.58
1155000,0.69,0.93,0.98,0.64,1.59
1156000,0.66,0.92,1.0,0.66,1.63
1157000,0.59,0.93,0.99,0.67,1.67
1158000,0.62,0.97,0.99,0.65,1.66
1159000,0.58,0.96,0.98,0.63,1.71
1160000,0.61,0.94,0.98,0.61,1.7
1161000,0.6,1.03,1.0,0.64,1.7
1162000,0.66,1.01,1.04,0.71,1.7
1163000,0.59,0.97,0.97,0.77,1.69
1164000,0.65,1.02,0.98,0.76,1.73
1165000,0.63,1.0,0.99,0.78,1.77
1166000,0.61,0.97,0.97,0.75,1.72
1167000,0.61,1.0,0.92,0.78,1.65
1168000,0.61,1.04,0.93,0.73,1.63
1169000,0.65,1.05,0.94,0.7,1.7
1170000,0.72,1.07,0.97,0.72,1.69
1171000,0.77,1.11,1.0,0.69,1.71
1172000,0.67,1.04,1.06,0.71,1.67
1173000,0.65,1.0,1.0,0.71,1.67
1174000,0.63,1.05,1.03,0.71,1.72
1175000,0.59,1.03,0.96,0.69,1.7
1176000,0.59,1.02,0.95,0.65,1.71
1177000,0.53,1.09,0.9,0.62,1.7
1178000,0.54,1.09,0.94,0.65,1.65
1179000,0.58,1.05,0.95,0.65,1.63
1180000,0.56,1.08,0.95,0.63,1.64
1181000,0.53,1.03,1.0,0.62,1.68
1182000,0.5,1.05,1.0,0.6,1.69
1183000,0.49,1.08,0.99,0.61,1.73
1184000,0.43,1.11,0.93,0.57,1.76
1185000,0.51,1.12,0.87,0.6,1.7
1186000,0.54,1.09,0.88,0.59,1.66
1187000,0.58,1.1,0.88,0.57,1.61
1188000,0.57,1.1,0.93,0.57,1.6
1189000,0.61,1.08,0.95,0.54,1.65
1190000,0.65,1.11,0.94,0.57,1.64
1191000,0.72,1.05,0.98,0.59,1.65
1192000,0.74,1.06,1.0,0.61,1.59
1193000,0.74,1.04,0.99,0.56,1.65
1194000,0.74,1.01,0.92,0.6,1.66
1195000,0.75,1.07,0.98,0.59,1.68
1196000,0.79,1.09,0.93,0.62,1.64
1197000,0.84,1.1,0.99,0.6,1.66
1198000,0.85,1.13,1.05,0.58,1.66
1199000,0.87,1.08,1.11,0.57,1.66
1200000,0.91,1.1,1.07,0.57,1.66
1201000,0.87,1.09,1.07,0.59,1.75
1202000,0.84,1.09,1.06,0.64,1.7
1203000,0.83,1.14,1.07,0.62,1.77
1204000,0.87,1.09,1.11,0.6,1.78
1205000,0.82,1.16,1.06,0.64,1.81
1206000,0.85,1.15,1.12,0.65,1.83
1207000,0.82,1.22,1.19,0.68,1.74
1208000,0.83,1.1,1.14,0.7,1.77
1209000,0.8,1.03,1.15,0.72,1.77
1210000,0.77,1.05,1.17,0.68,1.76
1211000,0.7,1.05,1.12,0.73,1.8
1212000,0.67,1.09,1.16,0.76,1.77
1213000,0.57,1.1,1.2,0.8,1.73
1214000,0.48,1.17,1.2,0.79,1.75
1215000,0.49,1.13,1.21,0.81,1.77
1216000,0.51,1.19,1.27,0.78,1.73
1217000,0.5,1.23,1.33,0.76,1.8
1218000,0.5,1.14,1.39,0.74,1.78
1219000,0.51,1.09,1.4,0.77,1.75
1220000,0.55,1.18,1.42,0.81,1.7
1221000,0.56,1.15,1.44,0.77,1.75
1222000,0.59,1.14,1.49,0.75,1.76
1223000,0.63,1.17,1.55,0.75,1.8
1224000,0.68,1.25,1.59,0.72,1.81
1225000,0.73,1.31,1.59,0.72,1.87
1226000,0.8,1.34,1.66,0.72,1.86
1227000,0.87,1.31,1.69,0.7,1.85
1228000,0.88,1.24,1.72,0.7,1.84
1229000,0.84,1.23,1.73,0.71,1.88
1230000,0.85,1.21,1.69,0.78,1.92
1231000,0.83,1.2,1.72,0.82,1.86
1232000,0.76,1.19,1.71,0.84,1.85
1233000,0.66,1.23,1.72,0.87,1.84
1234000,0.64,1.25,1.66,0.86,1.92
1235000,0.62,1.3,1.65,0.89,1.89
1236000,0.57,1.31,1.61,0.89,1.93
1237000,0.59,1.34,1.58,0.89,1.9
1238000,0.58,1.35,1.51,0.87,1.92
1239000,0.58,1.35,1.44,0.89,2.01
1240000,0.56,1.34,1.44,0.91,1.95
1241000,0.61,1.35,1.38,0.9,1.9
1242000,0.67,1.4,1.37,0.86,1.97
1243000,0.65,1.45,1.28,0.86,1.97
1244000,0.64,1.53,1.23,0.88,1.94
1245000,0.72,1.47,1.23,0.89,1.99
1246000,0.74,1.49,1.29,0.8,1.95
1247000,0.72,1.61,1.29,0.78,1.92
1248000,0.72,1.56,1.2,0.72,1.95
1249000,0.78,1.54,1.27,0.73,1.98
1250000,0.75,1.53,1.33,0.73,1.97
1251000,0.7,1.52,1.35,0.7,1.89
1252000,0.74,1.52,1.37,0.67,1.9
1253000,0.72,1.5,1.39,0.69,1.84
1254000,0.66,1.43,1.44,0.71,1.85
1255000,0.63,1.5,1.44,0.7,1.83
1256000,0.66,1.48,1.42,0.68,1.77
1257000,0.71,1.53,1.47,0.7,1.79
1258000,0.69,1.58,1.52,0.68,1.79
1259000,0.69,1.57,1.54,0.63,1.75
1260000,0.74,1.57,1.53,0.64,1.75
1261000,0.77,1.6,1.56,0.67,1.74
1262000,0.7,1.56,1.51,0.71,1.75
1263000,0.68,1.53,1.53,0.74,1.74
1264000,0.71,1.49,1.55,0.77,1.73
1265000,0.7,1.51,1.58,0.78,1.68
1266000,0.7,1.54,1.61,0.76,1.72
1267000,0.79,1.62,1.66,0.79,1.77
1268000,0.8,1.57,1.65,0.81,1.75
1269000,0.79,1.62,1.53,0.77,1.75
1270000,0.81,1.65,1.48,0.72,1.71
1271000,0.86,1.71,1.53,0.74,1.71
1272000,0.82,1.72,1.48,0.75,1.74
1273000,0.77,1.75,1.49,0.75,1.69
1274000,0.79,1.62,1.51,0.8,1.67
1275000,0.85,1.6,1.47,0.83,1.71
1276000,0.86,1.64,1.56,0.85,1.73
1277000,0.82,1.62,1.53,0.83,1.73
1278000,0.83,1.7,1.52,0.79,1.74
1279000,0.86,1.67,1.56,0.78,1.77
1280000,0.93,1.72,1.52,0.75,1.72
1281000,0.9,1.81,1.47,0.82,1.73
1282000,0.89,1.84,1.41,0.77,1.69
1283000,0.89,1.84,1.39,0.76,1.73
1284000,0.84,1.88,1.45,0.79,1.67
1285000,0.81,1.86,1.45,0.75,1.72
1286000,0.8,1.93,1.43,0.75,1.72
1287000,0.9,1.99,1.47,0.75,1.75
1288000,0.86,1.99,1.47,0.81,1.78
1289000,0.87,1.99,1.45,0.78,1.73
1290000,0.89,1.99,1.46,0.74,1.72
1291000,0.92,2.0,1.4,0.75,1.75
1292000,0.96,1.99,1.41,0.73,1.72
1293000,1.0,2.0,1.5,0.74,1.67
1294000,0.93,2.09,1.57,0.78,1.62
1295000,0.87,2.07,1.58,0.82,1.61
1296000,0.87,2.13,1.52,0.83,1.65
1297000,0.87,2.03,1.56,0.88,1.63
1298000,0.85,1.98,1.5,0.9,1.69
1299000,0.85,2.05,1.58,0.94,1.64
1300000,0.92,1.96,1.66,0.95,1.67
1301000,0.91,2.0,1.7,0.97,1.67
1302000,0.9,1.98,1.68,0.95,1.74
1303000,0.84,2.0,1.76,0.88,1.64
1304000,0.79,1.92,1.86,0.89,1.64
1305000,0.77,2.0,1.9,0.87,1.67
1306000,0.72,1.96,1.79,0.88,1.68
1307000,0.71,1.87,1.8,0.88,1.7
1308000,0.73,2.0,1.75,0.81,1.76
1309000,0.74,1.96,1.78,0.7,1.77
1310000,0.77,1.99,1.75,0.65,1.81
1311000,0.77,1.94,1.9,0.63,1.82
1312000,0.81,2.02,1.91,0.62,1.82
1313000,0.82,1.94,1.96,0.61,1.76
1314000,0.83,1.96,1.91,0.59,1.78
1315000,0.79,1.99,1.95,0.62,1.75
1316000,0.77,1.99,1.87,0.6,1.74
1317000,0.77,2.02,1.87,0.62,1.78
1318000,0.79,2.03,1.96,0.62,1.77
1319000,0.8,2.02,1.91,0.61,1.67
1320000,0.84,2.1,1.87,0.63,1.66
1321000,0.82,1.92,1.87,0.61,1.71
1322000,0.83,1.97,1.98,0.64,1.66
1323000,0.82,2.05,2.05,0.67,1.65
1324000,0.79,1.95,2.1,0.7,1.58
1325000,0.83,1.86,2.16,0.74,1.56
1326000,0.83,1.95,1.98,0.73,1.52
1327000,0.85,1.93,1.91,0.74,1.51
1328000,0.8,1.97,1.96,0.71,1.55
1329000,0.76,2.09,2.0,0.7,1.61
1330000,0.78,2.09,1.92,0.72,1.63
1331000,0.78,2.15,2.02,0.75,1.65
1332000,0.8,2.18,1.97,0.74,1.64
1333000,0.75,2.21,2.13,0.76,1.62
1334000,0.78,2.23,2.16,0.8,1.63
1335000,0.77,2.27,2.19,0.84,1.73
1336000,0.72,2.23,2.13,0.81,1.77
1337000,0.69,2.26,2.1,0.83,1.79
1338000,0.72,2.38,2.1,0.85,1.75
1339000,0.73,2.44,2.07,0.85,1.8
1340000,0.67,2.37,2.02,0.78,1.83
1341000,0.68,2.43,2.14,0.73,1.8
1342000,0.65,2.56,2.25,0.79,1.84
1343000,0.73,2.53,2.2,0.75,1.85
1344000,0.75,2.59,2.25,0.73,1.82
1345000,0.72,2.5,2.07,0.78,1.83
1346000,0.74,2.58,2.09,0.74,1.81
1347000,0.77,2.43,2.07,0.75,1.74
1348000,0.72,2.48,1.97,0.73,1.77
1349000,0.77,2.42,1.9,0.74,1.88
1350000,0.83,2.35,1.88,0.76,1.86
1351000,0.85,2.29,1.89,0.84,1.84
1352000,0.88,2.25,1.97,0.87,1.75
1353000,0.87,2.24,2.01,0.86,1.81
1354000,0.87,2.19,1.94,0.91,1.89
1355000,0.86,2.16,1.91,0.93,1.85
1356000,0.86,2.17,1.76,0.91,1.89
1357000,0.9,2.2,1.72,0.9,1.9
1358000,0.93,2.18,1.61,0.91,1.84
1359000,0.91,2.17,1.73,0.92,1.89
1360000,0.86,2.17,1.71,0.94,1.99
1361000,0.85,2.2,1.76,0.96,2.03
1362000,0.93,2.22,1.81,0.92,2.03
1363000,0.9,2.23,1.79,0.95,2.08
1364000,0.9,2.33,1.74,0.97,2.16
1365000,0.91,2.33,1.87,0.91,2.16
1366000,0.84,2.33,1.85,0.83,2.12
1367000,0.86,2.36,1.81,0.81,2.09
1368000,0.88,2.42,1.83,0.81,2.14
1369000,0.89,2.37,1.89,0.81,2.09
1370000,0.86,2.47,1.98,0.8,2.03
1371000,0.89,2.48,2.0,0.82,2.02
1372000,0.87,2.61,2.02,0.81,1.98
1373000,0.9,2.63,2.04,0.78,1.96
1374000,0.96,2.58,2.13,0.8,2.03
1375000,0.98,2.6,2.21,0.72,2.07
1376000,0.9,2.54,2.22,0.72,1.99
1377000,0.89,2.42,2.13,0.71,1.99
1378000,0.88,2.51,2.18,0.71,1.98
1379000,0.92,2.46,2.21,0.7,1.95
1380000,0.97,2.59,2.29,0.73,1.93
1381000,0.95,2.64,2.18,0.76,1.99
1382000,0.93,2.47,2.28,0.73,1.98
1383000,0.96,2.47,2.24,0.78,2.0
1384000,0.93,2.58,2.2,0.8,2.0
1385000,0.89,2.64,2.24,0.82,2.0
1386000,0.95,2.69,2.28,0.81,2.02
1387000,0.91,2.85,2.33,0.78,2.15
1388000,0.85,2.82,2.41,0.75,2.18
1389000,0.9,2.82,2.57,0.79,2.17
1390000,0.89,2.85,2.45,0.8,2.19
1391000,0.92,2.74,2.43,0.79,2.22
1392000,0.89,2.91,2.46,0.74,2.25
1393000,0.86,2.81,2.47,0.76,2.2
1394000,0.85,2.9,2.43,0.8,2.24
1395000,0.84,2.87,2.37,0.8,2.24
1396000,0.84,2.98,2.4,0.8,2.25
1397000,0.86,2.83,2.52,0.77,2.23
1398000,0.89,2.84,2.52,0.79,2.28
1399000,0.93,2.81,2.43,0.77,2.28
1400000,0.91,2.93,2.42,0.8,2.26
1401000,0.94,2.93,2.47,0.81,2.23
1402000,0.96,2.91,2.59,0.8,2.27
1403000,0.97,2.87,2.65,0.78,2.26
1404000,0.92,2.77,2.6,0.77,2.27
1405000,0.97,2.9,2.53,0.74,2.27
1406000,0.98,2.81,2.65,0.79,2.31
1407000,1.0,2.82,2.66,0.82,2.25
1408000,0.97,2.93,2.73,0.85,2.3
1409000,1.01,2.78,2.73,0.77,2.25
1410000,1.03,2.8,2.77,0.81,2.17
1411000,1.03,2.93,2.87,0.79,2.19
1412000,1.0,2.87,2.9,0.77,2.25
1413000,0.93,2.99,2.88,0.71,2.22
1414000,0.96,2.88,2.86,0.69,2.08
1415000,0.95,2.95,2.59,0.71,2.05
1416000,0.97,2.9,2.63,0.74,2.14
1417000,0.96,3.01,2.76,0.72,2.17
1418000,0.96,3.07,2.91,0.71,2.26
1419000,0.97,2.97,2.85,0.74,2.27
1420000,0.95,2.96,2.76,0.72,2.25
1421000,0.91,2.94,2.64,0.75,2.27
1422000,0.97,3.02,2.82,0.8,2.27
1423000,1.02,2.81,2.84,0.81,2.26
1424000,1.02,2.96,2.83,0.86,2.32
1425000,1.03,2.93,2.71,0.93,2.34
1426000,1.06,2.9,2.64,0.94,2.4
1427000,1.09,2.86,2.56,0.99,2.49
1428000,1.09,2.74,2.61,1.01,2.43
1429000,1.1,2.76,2.68,1.07,2.4
1430000,1.12,2.83,2.66,1.07,2.41
1431000,1.07,2.99,2.76,1.08,2.48
1432000,1.07,3.06,2.73,1.11,2.47
1433000,1.08,3.14,2.93,1.13,2.55
1434000,1.03,3.1,2.9,1.14,2.5
1435000,1.06,3.0,2.91,1.17,2.5
1436000,1.06,2.92,2.95,1.2,2.47
1437000,1.1,2.87,2.91,1.16,2.49
1438000,1.07,2.97,2.93,1.11,2.44
1439000,1.05,2.91,2.99,1.08,2.46
1440000,1.01,2.89,2.86,1.0,2.42
1441000,1.04,2.98,2.74,1.02,2.51
1442000,1.04,3.06,2.83,1.02,2.5
1443000,1.05,2.96,2.91,1.08,2.46
1444000,1.01,2.94,2.96,1.08,2.47
1445000,0.98,2.99,2.83,1.05,2.53
1446000,0.99,3.11,2.77,1.11,2.47
1447000,0.99,3.03,2.87,1.09,2.48
1448000,1.04,2.9,2.85,1.1,2.51
1449000,1.04,2.84,2.8,0.99,2.51
1450000,0.99,2.87,2.62,0.99,2.53
1451000,0.91,2.85,2.48,1.02,2.43
1452000,0.95,2.88,2.52,1.03,2.45
1453000,0.95,2.89,2.53,1.09,2.5
1454000,0.95,2.78,2.65,1.06,2.42
1455000,0.96,2.87,2.58,1.14,2.48
1456000,0.96,2.95,2.58,1.15,2.42
1457000,0.97,3.02,2.5,1.14,2.47
1458000,1.0,3.08,2.47,1.11,2.45
1459000,1.03,3.17,2.57,1.15,2.34
1460000,1.03,3.08,2.63,1.19,2.38
1461000,1.07,2.93,2.71,1.16,2.3
1462000,1.0,2.84,2.75,1.14,2.3
1463000,1.03,2.93,2.7,1.09,2.33
1464000,1.08,2.93,2.69,1.12,2.34
1465000,1.11,2.93,2.63,1.11,2.33
1466000,1.14,3.0,2.69,1.19,2.38
1467000,1.08,3.04,2.76,1.14,2.43
1468000,1.1,3.06,2.72,1.1,2.46
1469000,1.05,3.11,2.75,1.13,2.48
1470000,1.06,3.11,2.65,1.12,2.39
1471000,1.01,3.06,2.68,1.14,2.46
1472000,1.05,3.05,2.76,1.08,2.42
1473000,1.05,3.01,2.69,1.03,2.41
1474000,1.05,2.97,2.62,0.97,2.46
1475000,1.04,2.94,2.64,1.0,2.48
1476000,1.08,2.88,2.58,1.02,2.51
1477000,1.1,2.89,2.5,1.04,2.57
1478000,1.11,2.95,2.64,1.0,2.56
1479000,1.07,2.87,2.58,0.96,2.58
1480000,1.02,2.88,2.7,0.94,2.54
1481000,1.04,2.96,2.67,0.93,2.54
1482000,0.98,2.88,2.7,0.92,2.5
1483000,1.01,3.03,2.79,0.85,2.53
1484000,1.04,3.03,2.73,0.86,2.51
1485000,0.98,2.93,2.71,0.84,2.51
1486000,0.96,2.88,2.68,0.88,2.49
1487000,0.98,2.94,2.79,0.84,2.49
1488000,1.02,2.92,2.86,0.85,2.56
1489000,0.93,3.02,2.93,0.81,2.55
1490000,0.85,3.11,2.94,0.82,2.57
1491000,0.89,3.16,3.06,0.87,2.56
1492000,0.81,3.16,3.09,0.89,2.57
1493000,0.82,3.13,3.2,0.9,2.64
1494000,0.83,3.12,3.05,0.94,2.56
1495000,0.88,3.2,3.03,0.96,2.45
1496000,0.9,3.21,2.83,0.98,2.48
1497000,0.89,3.25,2.82,1.03,2.5
1498000,0.89,3.31,2.75,1.06,2.5
1499000,0.88,3.2,2.63,1.05,2.52
1500000,0.85,3.23,2.77,1.07,2.52
1501000,0.86,3.22,2.67,1.05,2.57
1502000,0.89,3.25,2.83,1.06,2.64
1503000,0.84,3.22,2.84,1.06,2.65
1504000,0.85,3.2,2.83,1.13,2.74
1505000,0.9,3.37,2.95,1.08,2.69
1506000,0.93,3.23,2.88,1.05,2.59
1507000,0.91,3.11,2.68,1.08,2.67
1508000,0.94,3.03,2.94,1.11,2.71
1509000,1.0,3.0,2.95,1.07,2.64
1510000,1.05,3.02,3.01,1.04,2.6
1511000,1.01,3.21,3.2,1.04,2.62
1512000,1.05,3.15,3.31,1.04,2.61
1513000,1.08,3.15,3.36,1.04,2.72
1514000,1.08,3.23,3.27,1.03,2.72
1515000,1.08,3.3,3.34,1.04,2.7
1516000,1.06,3.38,3.39,1.09,2.64
1517000,1.04,3.4,3.24,1.09,2.65
1518000,1.01,3.47,3.26,1.01,2.65
1519000,1.04,3.38,3.11,1.01,2.54
1520000,1.06,3.23,3.12,1.05,2.54
1521000,1.01,3.25,3.16,1.03,2.51
1522000,0.97,3.19,3.31,0.99,2.51
1523000,1.03,3.28,3.28,1.01,2.52
1524000,0.99,3.1,3.35,1.02,2.57
1525000,0.93,3.14,3.43,1.07,2.52
1526000,0.94,3.12,3.53,1.07,2.52
1527000,0.91,3.35,3.39,1.04,2.56
1528000,0.9,3.42,3.36,1.05,2.47
1529000,0.94,3.46,3.32,1.08,2.44
1530000,0.93,3.57,3.29,1.03,2.46
1531000,0.98,3.25,3.53,1.0,2.44
1532000,1.03,3.31,3.62,1.01,2.45
1533000,1.06,3.35,3.66,1.04,2.51
1534000,1.08,3.37,3.64,1.02,2.55
1535000,1.0,3.37,3.66,1.07,2.52
1536000,1.03,3.21,3.7,1.11,2.53
1537000,1.07,3.28,3.95,1.13,2.58
1538000,1.01,3.23,3.92,1.15,2.6
1539000,1.01,3.27,4.03,1.14,2.48
1540000,1.04,3.37,4.08,1.18,2.53
1541000,1.05,3.49,4.14,1.17,2.56
1542000,1.03,3.42,3.75,1.17,2.55
1543000,1.03,3.45,3.59,1.15,2.5
1544000,1.01,3.68,3.64,1.14,2.44
1545000,1.03,3.61,3.32,1.17,2.47
1546000,1.01,3.76,3.3,1.18,2.55
1547000,0.99,3.79,3.25,1.17,2.61
1548000,1.02,3.91,2.99,1.17,2.58
1549000,1.0,3.72,2.94,1.23,2.48
1550000,1.02,3.85,3.02,1.19,2.54
1551000,1.06,3.84,3.21,1.14,2.51
1552000,1.05,3.82,3.38,1.06,2.52
1553000,1.08,3.85,3.43,1.03,2.57
1554000,1.14,4.13,3.23,1.06,2.58
1555000,1.15,4.09,3.22,1.04,2.6
1556000,1.1,4.02,3.12,1.03,2.6
1557000,1.15,4.01,3.03,1.01,2.66
1558000,1.16,3.99,3.09,1.05,2.66
1559000,1.18,3.98,3.16,1.05,2.68
1560000,1.16,4.05,3.29,1.05,2.65
1561000,1.15,4.09,3.15,1.06,2.71
1562000,1.16,3.98,3.38,1.09,2.8
1563000,1.19,4.01,3.45,1.07,2.8
1564000,1.22,4.18,3.69,1.03,2.79
1565000,1.25,3.99,3.71,1.04,2.77
1566000,1.28,3.86,3.8,1.07,2.85
1567000,1.33,3.82,3.76,1.09,2.83
1568000,1.3,3.79,3.84,1.09,2.86
1569000,1.25,3.54,3.63,1.04,2.73
1570000,1.22,3.55,3.55,1.06,2.81
1571000,1.21,3.54,3.52,1.07,2.66
1572000,1.22,3.28,3.55,1.06,2.71
1573000,1.2,3.17,3.56,1.04,2.68
1574000,1.23,3.1,3.57,1.1,2.61
1575000,1.26,3.19,3.64,1.14,2.65
1576000,1.3,3.33,3.88,1.14,2.66
1577000,1.25,3.32,3.87,1.13,2.6
1578000,1.21,3.33,3.79,1.19,2.65
1579000,1.27,3.37,3.81,1.2,2.63
1580000,1.28,3.24,3.62,1.19,2.5
1581000,1.27,3.22,3.55,1.19,2.49
1582000,1.25,3.03,3.55,1.21,2.51
1583000,1.19,3.05,3.67,1.26,2.48
1584000,1.21,3.1,3.79,1.28,2.44
1585000,1.23,3.04,3.74,1.26,2.48
1586000,1.2,3.05,3.74,1.33,2.54
1587000,1.21,3.22,3.76,1.33,2.61
1588000,1.14,3.32,3.79,1.37,2.55
1589000,1.16,3.24,3.89,1.36,2.65
1590000,1.16,3.14,3.95,1.32,2.58
1591000,1.19,3.14,3.93,1.3,2.57
1592000,1.19,3.22,4.1,1.28,2.58
1593000,1.19,3.26,4.08,1.24,2.6
1594000,1.21,3.4,3.74,1.17,2.57
1595000,1.16,3.48,3.82,1.17,2.62
1596000,1.14,3.43,4.04,1.18,2.6
1597000,1.14,3.44,4.0,1.18,2.6
1598000,1.16,3.46,4.05,1.23,2.62
1599000,1.21,3.48,3.85,1.25,2.7
1600000,1.28,3.48,3.85,1.22,2.75
1601000,1.34,3.6,3.84,1.2,2.75
1602000,1.38,3.65,3.73,1.26,2.75
1603000,1.46,3.8,3.64,1.24,2.8
1604000,1.45,3.67,3.73,1.25,2.78
1605000,1.41,3.73,3.99,1.22,2.7
1606000,1.41,3.79,3.91,1.22,2.72
1607000,1.31,3.98,3.98,1.21,2.72
1608000,1.31,3.86,3.97,1.28,2.78
1609000,1.28,3.91,3.97,1.25,2.79
1610000,1.27,4.06,3.92,1.22,2.81
1611000,1.3,4.13,3.99,1.27,2.86
1612000,1.35,4.03,4.03,1.21,2.89
1613000,1.35,3.73,4.15,1.18,2.93
1614000,1.3,3.51,4.15,1.14,2.98
1615000,1.25,3.69,3.96,1.18,2.94
1616000,1.26,3.7,4.12,1.16,2.98
1617000,1.16,3.74,4.16,1.12,2.99
1618000,1.19,3.67,4.21,1.09,2.96
1619000,1.19,3.76,4.34,1.08,2.97
1620000,1.22,3.73,4.5,1.13,2.99
1621000,1.23,3.67,4.71,1.16,2.93
1622000,1.23,3.59,4.89,1.08,2.93
1623000,1.22,3.72,4.78,1.11,2.92
1624000,1.24,3.58,4.84,1.19,2.97
1625000,1.33,3.44,4.92,1.14,2.9
1626000,1.32,3.53,4.7,1.13,2.92
1627000,1.28,3.44,4.68,1.15,2.85
1628000,1.32,3.55,4.58,1.23,2.87
1629000,1.29,3.47,4.49,1.22,2.88
1630000,1.24,3.57,4.65,1.22,2.77
1631000,1.25,3.74,4.54,1.18,2.67
1632000,1.25,3.81,4.55,1.19,2.66
1633000,1.31,3.98,4.62,1.19,2.68
1634000,1.33,4.07,4.65,1.14,2.66
1635000,1.3,3.75,4.55,1.19,2.66
1636000,1.36,3.7,4.62,1.2,2.65
1637000,1.33,3.59,4.57,1.21,2.67
1638000,1.38,3.72,4.28,1.22,2.63
1639000,1.46,3.65,4.26,1.21,2.64
1640000,1.48,3.71,4.09,1.23,2.63
1641000,1.39,3.82,3.91,1.2,2.72
1642000,1.4,3.63,3.85,1.17,2.75
1643000,1.41,3.67,3.75,1.16,2.78
1644000,1.45,3.72,3.7,1.16,2.72
1645000,1.51,3.82,3.66,1.16,2.68
1646000,1.47,3.75,3.77,1.18,2.64
1647000,1.48,3.84,3.87,1.22,2.63
1648000,1.54,3.78,3.97,1.23,2.62
1649000,1.58,3.68,3.81,1.24,2.64
1650000,1.56,3.75,3.7,1.24,2.6
1651000,1.56,3.66,3.81,1.18,2.6
1652000,1.54,3.85,3.74,1.18,2.6
1653000,1.56,3.7,3.92,1.18,2.6
1654000,1.58,3.7,3.89,1.2,2.63
1655000,1.62,3.76,3.86,1.23,2.66
1656000,1.68,3.87,3.98,1.23,2.71
1657000,1.53,3.84,4.01,1.28,2.68
1658000,1.42,3.9,4.1,1.23,2.71
1659000,1.37,3.89,4.25,1.29,2.71
1660000,1.48,3.74,4.32,1.27,2.7
1661000,1.48,3.71,4.35,1.26,2.72
1662000,1.44,3.84,4.37,1.24,2.72
1663000,1.38,3.87,4.48,1.2,2.73
1664000,1.4,3.69,4.47,1.25,2.75
1665000,1.37,3.78,4.47,1.25,2.72
1666000,1.39,3.82,4.64,1.26,2.78
1667000,1.39,3.65,4.49,1.23,2.79
1668000,1.39,3.82,4.53,1.23,2.84
1669000,1.31,3.88,4.65,1.2,2.87
1670000,1.37,4.07,4.74,1.18,2.93
1671000,1.47,4.05,4.95,1.17,2.95
1672000,1.47,3.89,4.64,1.14,2.91
1673000,1.58,3.85,4.85,1.19,2.82
1674000,1.54,4.01,4.79,1.1,2.85
1675000,1.46,4.14,5.06,1.17,2.93
1676000,1.47,4.03,5.15,1.17,2.9
1677000,1.44,3.96,5.15,1.17,2.85
1678000,1.5,3.86,5.55,1.23,2.88
1679000,1.42,3.81,5.63,1.27,2.85
1680000,1.47,3.81,5.63,1.27,2.85
1681000,1.51,3.74,5.61,1.3,2.88
1682000,1.42,3.83,5.6,1.28,2.87
1683000,1.35,3.65,6.01,1.27,2.96
1684000,1.38,3.64,6.04,1.27,2.99
1685000,1.28,3.75,6.02,1.31,2.91
1686000,1.32,3.91,6.04,1.27,2.92
1687000,1.34,4.07,5.77,1.34,2.95
1688000,1.37,3.9,5.76,1.35,2.95
1689000,1.41,3.86,5.5,1.36,2.98
1690000,1.43,3.6,5.8,1.37,3.02
1691000,1.49,3.71,5.99,1.39,2.99
1692000,1.48,3.79,6.06,1.36,2.98
1693000,1.48,3.84,5.92,1.39,2.92
1694000,1.58,3.66,5.75,1.44,2.9
1695000,1.4,3.76,5.92,1.43,2.92
1696000,1.42,3.91,6.18,1.44,2.87
1697000,1.49,4.03,5.97,1.46,2.83
1698000,1.55,4.27,5.55,1.52,2.81
1699000,1.53,4.28,5.79,1.55,2.85
1700000,1.53,4.32,5.45,1.58,2.84
1701000,1.53,4.48,5.31,1.62,2.87
1702000,1.56,4.49,5.35,1.63,2.85
1703000,1.57,4.45,5.14,1.63,2.91
1704000,1.53,4.4,4.88,1.6,2.85
1705000,1.52,4.53,4.83,1.6,2.86
1706000,1.49,4.52,5.05,1.65,2.8
1707000,1.51,4.17,5.09,1.66,2.79
1708000,1.46,4.02,5.34,1.59,2.78
1709000,1.41,4.16,5.47,1.54,2.83
1710000,1.54,4.1,5.81,1.6,2.83
1711000,1.59,4.13,6.12,1.57,2.88
1712000,1.49,4.28,6.32,1.54,2.84
1713000,1.53,4.28,6.31,1.49,2.82
1714000,1.52,3.96,6.09,1.49,2.89
1715000,1.57,4.1,5.92,1.46,2.93
1716000,1.55,4.06,6.08,1.47,2.95
1717000,1.6,3.93,5.93,1.45,3.0
1718000,1.63,3.74,5.89,1.49,3.09
1719000,1.6,3.66,5.65,1.45,3.06
1720000,1.59,3.82,5.72,1.46,3.09
1721000,1.56,4.02,5.84,1.42,3.07
1722000,1.62,3.85,5.66,1.49,3.09
1723000,1.56,3.86,5.63,1.54,3.06
1724000,1.52,3.87,6.03,1.56,3.04
1725000,1.52,3.78,6.01,1.59,3.07
1726000,1.48,3.79,6.13,1.64,3.06
1727000,1.52,3.67,6.34,1.66,2.99
1728000,1.53,3.86,6.31,1.64,2.99
1729000,1.54,3.9,6.4,1.72,2.97
1730000,1.53,3.83,6.49,1.71,2.91
1731000,1.47,3.87,6.07,1.75,2.92
1732000,1.45,3.9,5.88,1.71,2.84
1733000,1.4,3.81,5.53,1.64,2.83
1734000,1.42,3.89,5.63,1.63,2.81
1735000,1.45,3.81,5.71,1.61,2.77
1736000,1.53,3.81,5.99,1.62,2.73
1737000,1.53,3.81,5.97,1.61,2.74
1738000,1.52,3.71,6.45,1.62,2.8
1739000,1.53,3.51,6.06,1.67,2.8
1740000,1.57,3.58,6.16,1.64,2.74
1741000,1.65,3.6,6.12,1.62,2.81
1742000,1.55,3.74,6.1,1.63,2.81
1743000,1.59,3.73,6.51,1.58,2.8
1744000,1.65,3.81,6.57,1.48,2.76
1745000,1.62,3.9,6.62,1.56,2.73
1746000,1.65,4.01,6.85,1.6,2.68
1747000,1.7,4.08,6.9,1.59,2.62
1748000,1.73,3.88,6.4,1.63,2.67
1749000,1.73,3.94,6.38,1.57,2.63
1750000,1.77,4.01,6.3,1.56,2.74
1751000,1.71,3.97,6.33,1.55,2.77
1752000,1.71,4.07,6.12,1.48,2.75
1753000,1.74,4.16,6.25,1.53,2.83
1754000,1.74,4.19,6.2,1.56,2.81
1755000,1.76,4.17,6.13,1.45,2.7
1756000,1.81,4.33,5.93,1.48,2.72
1757000,1.84,4.23,5.35,1.41,2.76
1758000,1.85,4.4,5.08,1.4,2.72
1759000,1.89,4.42,5.08,1.47,2.62
1760000,1.85,4.48,5.44,1.4,2.67
1761000,1.88,4.48,5.66,1.36,2.65
1762000,1.86,4.81,5.56,1.33,2.72
1763000,1.86,4.78,5.69,1.36,2.8
1764000,1.91,4.69,5.2,1.36,2.86
1765000,1.92,4.86,4.96,1.38,2.93
1766000,1.95,4.75,4.7,1.43,2.87
1767000,1.9,4.77,4.92,1.43,2.89
1768000,1.99,4.82,4.86,1.5,2.87
1769000,1.93,4.74,4.53,1.49,2.76
1770000,1.91,4.79,4.81,1.45,2.81
1771000,1.93,4.94,5.09,1.53,2.78
1772000,1.95,4.94,5.02,1.5,2.74
1773000,1.95,4.98,5.08,1.52,2.72
1774000,1.93,5.03,5.12,1.47,2.63
1775000,1.9,5.03,5.32,1.43,2.58
1776000,1.96,5.36,5.36,1.47,2.56
1777000,1.93,5.26,5.6,1.52,2.59
1778000,1.93,5.37,5.77,1.49,2.61
1779000,1.92,5.27,5.84,1.45,2.57
1780000,2.0,5.21,5.9,1.47,2.58
1781000,1.97,5.25,6.24,1.43,2.46
1782000,1.86,5.3,6.02,1.49,2.45
1783000,1.88,5.27,6.04,1.51,2.37
1784000,1.88,5.18,6.02,1.53,2.36
1785000,1.9,4.99,6.1,1.6,2.41
1786000,1.85,4.98,6.17,1.64,2.44
1787000,1.88,5.13,6.31,1.56,2.46
1788000,1.84,5.09,6.55,1.61,2.35
1789000,1.93,4.88,6.83,1.64,2.38
1790000,1.96,5.11,6.97,1.75,2.3
1791000,1.97,5.05,7.24,1.8,2.38
1792000,1.99,5.02,7.16,1.79,2.42
1793000,1.95,4.96,7.43,1.76,2.37
1794000,2.0,4.9,7.49,1.78,2.39
1795000,2.03,4.95,7.58,1.87,2.46
1796000,2.15,4.76,7.17,1.95,2.47
1797000,1.99,4.75,7.2,1.97,2.49
1798000,2.07,4.47,7.31,1.92,2.48
1799000,2.11,4.45,7.3,1.85,2.56
1800000,2.07,4.35,7.28,1.77,2.53
1801000,2.11,4.53,7.5,1.7,2.61
1802000,2.04,4.6,7.53,1.72,2.63
1803000,2.11,4.78,7.26,1.71,2.62
1804000,2.11,4.75,7.53,1.65,2.57
1805000,2.06,4.8,7.69,1.59,2.68
1806000,1.97,4.8,7.76,1.53,2.74
1807000,1.82,4.8,7.53,1.53,2.81
1808000,1.76,4.98,7.29,1.54,2.82
1809000,1.77,4.9,7.41,1.57,2.84
1810000,1.76,4.97,7.69,1.52,2.82
1811000,1.79,4.63,7.87,1.5,2.81
1812000,1.8,4.64,7.95,1.47,2.83
1813000,1.81,4.61,7.98,1.45,2.8
1814000,1.94,4.79,7.42,1.46,2.74
1815000,1.93,4.92,7.53,1.47,2.77
1816000,2.03,5.11,7.92,1.51,2.81
1817000,2.08,5.23,7.86,1.53,2.86
1818000,2.06,5.24,7.85,1.51,2.85
1819000,2.08,5.1,7.74,1.54,2.78
1820000,2.17,5.12,7.89,1.48,2.75
1821000,2.2,5.14,7.97,1.58,2.79
1822000,2.23,5.5,7.92,1.63,2.72
1823000,2.29,5.48,7.85,1.67,2.72
1824000,2.36,5.49,8.11,1.62,2.73
1825000,2.5,5.7,8.0,1.66,2.71
1826000,2.58,5.82,8.08,1.63,2.7
1827000,2.71,5.84,8.01,1.61,2.72
1828000,2.69,6.11,8.23,1.6,2.83
1829000,2.39,6.09,8.36,1.6,2.85
1830000,2.36,6.02,8.56,1.64,2.78
1831000,2.42,6.1,8.74,1.72,2.82
1832000,2.46,6.15,8.26,1.76,2.79
1833000,2.44,6.15,8.5,1.76,2.79
1834000,2.37,6.22,8.54,1.76,2.72
1835000,2.42,6.17,8.77,1.75,2.76
1836000,2.48,6.28,9.11,1.8,2.77
1837000,2.36,6.4,9.1,1.8,2.77
1838000,2.37,6.48,8.86,1.73,2.83
1839000,2.37,6.61,8.98,1.67,2.77
1840000,2.33,6.66,9.11,1.64,2.83
1841000,2.41,6.77,9.25,1.61,2.78
1842000,2.51,6.7,9.08,1.56,2.89
1843000,2.53,6.46,9.19,1.65,2.89
1844000,2.56,6.47,9.44,1.72,2.94
1845000,2.65,6.49,9.46,1.73,2.91
1846000,2.71,6.53,9.57,1.74,2.89
1847000,2.7,6.62,9.32,1.68,2.96
1848000,2.6,6.66,9.55,1.6,2.97
1849000,2.69,6.27,9.52,1.6,2.99
1850000,2.84,6.38,9.16,1.58,3.04
1851000,2.62,6.07,9.6,1.58,3.11
1852000,2.69,5.91,9.47,1.59,3.14
1853000,2.69,5.67,9.38,1.57,3.16
1854000,2.81,5.84,8.84,1.67,3.13
1855000,2.76,5.68,8.75,1.72,3.14
1856000,2.82,5.8,8.6,1.75,3.24
1857000,2.75,5.73,8.31,1.82,3.21
1858000,2.78,5.8,8.29,1.84,3.27
1859000,2.81,6.0,7.71,1.82,3.34
1860000,2.71,6.04,7.7,1.76,3.35
1861000,2.7,5.83,7.61,1.76,3.29
1862000,2.56,5.79,7.94,1.76,3.29
1863000,2.35,5.75,7.88,1.72,3.24
1864000,2.38,5.64,7.61,1.74,3.27
1865000,2.46,5.38,7.75,1.69,3.18
1866000,2.51,5.45,7.62,1.67,3.14
1867000,2.45,5.4,7.73,1.71,3.16
1868000,2.43,5.44,7.41,1.71,3.14
1869000,2.55,5.65,7.33,1.68,3.06
1870000,2.65,5.58,6.89,1.68,3.08
1871000,2.64,5.63,7.04,1.66,3.09
1872000,2.74,5.6,6.8,1.71,3.08
1873000,2.63,5.65,6.56,1.68,3.12
1874000,2.56,5.67,6.85,1.68,3.17
1875000,2.58,6.0,6.64,1.73,3.17
1876000,2.55,6.3,6.59,1.76,3.18
1877000,2.54,6.22,6.78,1.79,3.09
1878000,2.5,6.27,7.01,1.8,3.0
1879000,2.54,6.12,7.22,1.81,3.04
1880000,2.68,6.08,7.38,1.86,2.99
1881000,2.69,5.91,7.45,1.96,3.03
1882000,2.73,5.85,7.63,2.02,3.0
1883000,2.82,5.8,7.57,2.02,3.08
1884000,2.77,5.78,7.85,2.01,3.12
1885000,2.83,5.65,7.94,2.05,3.11
1886000,2.94,5.69,8.09,2.0,3.05
1887000,2.95,5.78,8.09,1.98,3.07
1888000,2.92,5.68,8.16,2.02,2.98
1889000,3.0,5.63,7.96,2.01,3.02
1890000,2.99,5.71,7.79,1.9,3.01
1891000,3.05,5.58,7.91,1.78,2.98
1892000,3.24,5.59,8.07,1.78,2.94
1893000,3.28,5.5,8.38,1.72,2.99
1894000,3.43,5.51,8.39,1.74,2.98
1895000,3.46,5.46,7.95,1.74,3.01
1896000,3.34,5.65,8.16,1.69,3.0
1897000,3.25,4.95,8.6,1.66,3.02
1898000,3.29,4.88,8.53,1.61,3.02
1899000,3.31,4.86,8.37,1.64,3.03
1900000,3.4,4.87,8.47,1.63,3.05
1901000,3.51,4.98,8.57,1.65,3.06
1902000,3.59,4.88,8.6,1.72,3.02
1903000,3.61,5.07,9.04,1.72,3.05
1904000,3.5,5.28,9.07,1.7,3.08
1905000,3.54,5.18,9.23,1.72,3.11
1906000,3.55,5.16,9.14,1.77,3.13
1907000,3.52,5.01,9.19,1.79,3.15
1908000,3.46,5.02,8.84,1.85,3.12
1909000,3.4,5.21,8.9,1.86,3.15
1910000,3.28,5.36,8.98,1.86,3.11
1911000,3.44,5.38,8.99,1.84,3.1
1912000,3.36,5.45,8.81,1.83,3.03
1913000,3.25,5.42,9.22,1.81,3.06
1914000,2.96,5.28,9.51,1.77,3.15
1915000,3.04,5.36,9.55,1.77,3.09
1916000,3.18,5.3,9.49,1.72,3.08
1917000,3.28,5.6,9.33,1.8,3.12
1918000,3.36,5.32,9.78,1.81,3.12
1919000,3.26,5.47,9.81,1.83,3.1
1920000,3.16,5.5,9.77,1.86,3.12
1921000,3.17,5.69,9.87,1.86,3.05
1922000,3.2,5.75,9.53,1.86,3.09
1923000,3.18,6.13,8.95,1.86,3.09
1924000,3.26,6.24,8.96,1.84,3.02
1925000,3.21,6.3,9.22,1.86,3.11
1926000,3.37,6.3,9.45,1.88,3.17
1927000,3.42,6.51,9.23,1.88,3.11
1928000,3.48,6.49,9.53,1.93,3.08
1929000,3.43,6.47,9.7,1.97,3.07
1930000,3.65,6.47,9.99,1.96,3.11
1931000,3.72,6.63,10.0,1.94,3.1
1932000,3.83,6.9,9.87,1.84,3.08
1933000,3.89,7.04,9.67,1.82,3.11
1934000,3.9,7.03,9.61,1.86,3.18
1935000,3.91,6.95,9.82,1.81,3.14
1936000,4.02,7.08,9.61,1.85,3.11
1937000,4.02,7.41,9.61,1.88,3.13
1938000,4.1,7.27,9.56,1.86,3.16
1939000,4.04,7.33,9.68,1.89,3.17
1940000,4.06,7.56,9.53,1.85,3.22
1941000,4.13,7.56,9.51,1.83,3.17
1942000,4.06,7.79,8.7,1.88,3.17
1943000,4.18,7.86,8.61,1.93,3.19
1944000,4.17,7.72,8.72,1.86,3.13
1945000,4.29,7.76,8.71,1.86,3.08
1946000,4.32,7.87,8.79,1.91,3.19
1947000,4.32,7.83,8.88,1.93,3.2
1948000,4.37,7.77,8.49,1.99,3.2
1949000,4.17,7.51,8.82,2.03,3.16
1950000,4.01,7.39,9.16,2.03,3.16
1951000,3.85,7.17,9.18,2.11,3.12
1952000,3.66,6.98,9.31,2.06,3.05
1953000,3.53,6.75,9.27,2.08,2.96
1954000,3.18,6.72,9.21,2.17,3.07
1955000,3.18,6.44,9.38,2.17,3.03
1956000,3.15,6.62,9.48,2.16,3.04
1957000,3.17,6.55,8.92,2.17,3.05
1958000,3.29,6.73,9.1,2.15,2.95
1959000,3.24,6.86,9.1,2.2,2.94
1960000,3.36,6.68,9.62,2.16,3.01
1961000,3.46,6.34,9.87,2.12,3.05
1962000,3.28,6.35,9.95,2.15,3.04
1963000,3.37,6.35,10.09,2.14,3.09
1964000,3.17,6.29,9.85,2.15,3.06
1965000,3.33,6.4,9.99,2.16,3.0
1966000,3.37,6.3,10.09,2.2,3.04
1967000,3.4,6.54,10.45,2.22,3.13
1968000,3.48,6.52,10.08,2.25,3.13
1969000,3.59,6.48,10.12,2.25,3.17
1970000,3.57,6.65,10.26,2.22,3.16
1971000,3.49,6.69,9.96,2.21,3.23
1972000,3.41,6.73,10.34,2.25,3.18
1973000,3.52,6.97,10.47,2.31,3.18
1974000,3.85,6.91,10.11,2.37,3.16
1975000,4.0,7.16,10.12,2.35,3.19
1976000,4.1,7.31,10.08,2.34,3.18
1977000,4.15,7.32,10.32,2.3,3.17
1978000,4.15,7.37,10.72,2.28,3.22
1979000,3.99,7.37,10.75,2.31,3.11
1980000,3.85,7.36,10.63,2.27,3.01
1981000,3.96,7.63,10.77,2.23,3.09
1982000,4.01,7.55,11.07,2.15,2.97
1983000,4.18,7.65,11.2,2.04,2.97
1984000,4.16,7.52,11.27,2.14,2.9
1985000,4.3,7.48,11.51,2.21,2.86
1986000,4.16,7.33,11.65,2.16,2.88
1987000,4.26,7.22,11.91,2.16,2.82
1988000,4.27,7.13,11.65,2.12,2.84
1989000,4.19,7.49,11.53,2.12,2.85
1990000,4.21,7.67,10.77,2.01,2.82
1991000,4.19,7.49,10.91,2.02,2.8
1992000,4.33,7.32,11.07,2.01,2.74
1993000,4.34,7.56,11.11,2.02,2.72
1994000,4.42,7.55,10.74,2.05,2.78
1995000,4.27,7.35,10.24,2.05,2.72
1996000,4.15,7.34,9.87,1.94,2.76
1997000,4.11,7.01,9.84,1.95,2.85
1998000,4.17,7.42,10.24,1.99,2.87
1999000,4.16,7.22,10.29,2.03,2.83
2000000,4.47,7.16,10.38,2.03,2.97
2001000,4.57,7.06,10.33,1.99,2.93
2002000,4.35,6.99,10.88,1.97,2.98
2003000,4.42,6.94,11.18,1.93,3.01
2004000,4.54,6.81,11.46,1.99,2.93
2005000,4.66,6.68,10.95,1.91,3.0
2006000,4.54,6.78,11.09,1.99,2.99
2007000,4.62,6.76,11.23,2.07,3.02
2008000,4.45,6.88,11.24,2.05,3.03
2009000,4.54,6.81,11.19,2.09,3.04
2010000,4.71,6.7,10.73,2.1,3.12
2011000,4.79,6.7,11.24,2.14,3.21
2012000,4.88,6.74,11.46,2.22,3.19
2013000,4.9,6.13,11.14,2.23,3.18
2014000,4.9,6.24,11.14,2.21,3.22
2015000,4.84,6.16,11.21,2.17,3.11
2016000,4.9,5.98,11.59,2.21,3.18
2017000,4.93,6.19,11.62,2.2,3.11
2018000,4.96,6.5,11.69,2.1,3.09
2019000,4.93,6.72,11.54,2.15,3.18
2020000,4.84,6.72,11.22,2.06,3.21
2021000,4.68,7.01,11.37,2.05,3.17
2022000,4.82,7.21,11.64,2.13,3.26
2023000,4.86,6.94,11.56,2.2,3.22
2024000,4.98,6.52,11.55,2.22,3.27
2025000,4.66,6.67,12.11,2.16,3.2
2026000,4.39,6.94,11.71,2.09,3.12
2027000,4.43,7.21,11.88,2.12,3.05
2028000,4.49,7.18,12.25,2.13,3.06
2029000,4.17,7.2,12.3,2.12,3.01
2030000,4.05,7.25,12.67,2.13,3.06
2031000,4.31,7.26,12.9,2.17,3.09
2032000,4.37,7.42,12.94,2.1,3.1
2033000,4.2,7.63,12.69,2.16,3.06
2034000,4.16,7.31,12.62,2.17,3.11
2035000,4.2,7.26,12.78,2.14,3.07
2036000,4.02,7.67,12.39,2.19,2.99
2037000,4.01,7.65,12.29,2.32,2.9
2038000,4.24,7.8,12.63,2.25,2.88
2039000,4.19,7.85,12.51,2.18,2.92
2040000,4.32,7.99,12.22,2.11,2.89
2041000,4.33,7.78,12.22,2.2,2.86
2042000,4.26,7.86,12.49,2.22,2.85
2043000,4.17,7.86,13.03,2.17,2.88
2044000,4.06,8.12,12.62,2.2,2.93
2045000,4.14,8.01,12.3,2.15,2.95
2046000,4.12,7.84,11.46,2.19,2.96
2047000,4.04,7.49,11.37,2.25,2.96
2048000,4.23,7.43,11.27,2.3,2.95
2049000,4.29,7.36,11.77,2.22,2.97
2050000,4.48,7.58,11.54,2.25,2.94
2051000,4.14,7.63,11.68,2.3,2.93
2052000,4.31,7.48,11.38,2.18,2.9
2053000,4.29,7.24,11.23,2.07,2.94
2054000,4.47,7.39,11.5,2.11,2.93
2055000,4.57,7.45,10.75,2.18,2.94
2056000,4.51,7.66,10.01,2.27,2.9
2057000,4.74,7.82,9.96,2.3,2.84
2058000,4.83,7.94,9.97,2.37,2.82
2059000,4.72,7.95,10.27,2.29,2.8
2060000,4.7,8.03,9.74,2.26,2.81
2061000,4.67,8.16,10.1,2.34,2.79
2062000,4.77,7.86,10.07,2.31,2.85
2063000,4.67,7.73,10.14,2.26,2.87
2064000,4.61,7.7,10.24,2.12,2.88
2065000,4.63,7.81,10.28,2.21,2.92
2066000,4.67,7.73,10.23,2.2,2.83
2067000,4.86,7.67,10.09,2.22,2.8
2068000,4.86,7.27,10.0,2.31,2.85
2069000,4.87,7.01,9.98,2.3,2.89
2070000,5.02,6.87,10.22,2.3,2.94
2071000,5.18,7.02,9.65,2.36,2.91
2072000,4.89,7.15,9.28,2.28,2.9
2073000,4.93,7.47,9.28,2.21,2.95
2074000,5.01,7.39,9.93,2.14,2.95
2075000,4.78,7.4,9.93,2.19,3.0
2076000,4.78,7.35,10.17,2.28,3.07
2077000,4.86,7.25,9.96,2.3,3.06
2078000,4.84,7.23,9.48,2.29,3.05
2079000,4.84,7.29,9.58,2.31,3.03
2080000,4.82,7.23,9.97,2.3,3.0
2081000,4.95,7.5,10.03,2.42,2.99
2082000,5.02,7.54,9.9,2.39,2.95
2083000,5.01,7.71,9.9,2.37,2.93
2084000,5.24,7.72,9.76,2.4,3.03
2085000,5.14,7.46,9.92,2.34,3.0
2086000,5.21,7.46,10.49,2.34,3.04
2087000,5.48,8.08,10.54,2.29,2.99
2088000,5.56,8.32,10.97,2.19,3.02
2089000,5.85,8.45,10.82,2.23,3.01
2090000,5.76,8.46,10.74,2.14,3.05
2091000,5.51,8.17,10.51,2.18,2.99
2092000,5.39,8.25,10.99,2.23,2.96
2093000,4.93,8.3,11.1,2.25,2.98
2094000,5.0,8.19,10.96,2.2,2.95
2095000,5.23,8.32,10.92,2.24,3.01
2096000,5.2,8.37,11.28,2.26,3.06
2097000,5.32,8.42,11.52,2.32,3.13
2098000,5.43,8.81,11.65,2.28,3.16
2099000,5.41,8.89,11.56,2.26,3.1
2100000,5.21,8.35,11.66,2.26,3.06
2101000,5.36,8.26,11.79,2.23,3.06
2102000,5.34,8.23,12.0,2.22,3.01
2103000,5.35,8.5,11.96,2.21,3.06
2104000,5.37,8.78,11.85,2.29,2.99
2105000,5.12,8.95,11.96,2.32,2.97
2106000,5.17,9.16,11.93,2.32,2.96
2107000,5.32,9.37,11.12,2.31,2.93
2108000,5.4,8.71,11.02,2.3,3.0
2109000,5.34,8.53,11.08,2.25,2.96
2110000,5.38,8.21,11.36,2.26,2.97
2111000,5.26,7.94,11.8,2.27,2.95
2112000,5.39,7.73,11.8,2.23,2.9
2113000,5.43,7.48,11.48,2.25,2.88
2114000,5.51,7.6,11.49,2.21,2.86
2115000,5.58,7.83,11.85,2.23,2.87
2116000,5.64,8.14,11.6,2.19,2.87
2117000,5.96,8.21,12.03,2.23,2.94
2118000,6.17,8.49,11.44,2.28,3.0
2119000,6.24,8.64,11.64,2.28,3.04
2120000,6.17,8.76,11.16,2.24,3.09
2121000,6.3,9.2,11.43,2.34,3.06
2122000,6.26,9.08,11.21,2.32,3.08
2123000,6.4,9.29,10.86,2.38,3.13
2124000,6.4,9.24,10.66,2.41,3.07
2125000,6.39,8.94,11.03,2.37,3.09
2126000,6.17,8.88,10.75,2.37,3.01
2127000,6.27,9.11,10.04,2.32,3.16
2128000,6.4,9.01,9.92,2.4,3.17
2129000,6.53,8.93,9.89,2.42,3.2
2130000,6.51,8.55,10.53,2.38,3.23
2131000,6.46,8.46,10.66,2.42,3.24
2132000,6.09,8.33,10.25,2.42,3.27
2133000,6.16,8.26,10.51,2.43,3.26
2134000,5.94,8.06,10.76,2.44,3.28
2135000,5.77,8.48,10.56,2.48,3.31
2136000,5.61,8.13,11.18,2.54,3.31
2137000,5.71,8.26,11.18,2.62,3.24
2138000,5.65,8.18,11.33,2.54,3.17
2139000,5.7,8.39,11.22,2.61,3.16
2140000,5.74,8.41,11.55,2.53,3.23
2141000,5.91,8.42,11.89,2.47,3.27
2142000,5.69,8.36,11.89,2.49,3.31
2143000,5.77,8.33,12.2,2.45,3.24
2144000,5.58,8.56,12.29,2.42,3.21
2145000,5.24,7.76,12.47,2.37,3.22
2146000,4.9,7.99,11.77,2.34,3.22
2147000,5.09,7.79,11.94,2.36,3.17
2148000,5.12,7.83,11.39,2.42,3.16
2149000,5.18,8.07,11.36,2.46,3.15
2150000,5.17,8.22,11.68,2.47,3.01
2151000,5.13,7.87,11.58,2.45,2.95
2152000,5.14,7.92,11.15,2.46,2.89
2153000,5.27,8.37,11.23,2.38,2.9
2154000,5.29,8.31,11.82,2.39,2.94
2155000,5.47,8.53,11.77,2.39,3.03
2156000,5.76,8.64,11.75,2.44,3.05
2157000,5.75,8.32,12.16,2.38,3.04
2158000,5.87,8.23,12.47,2.46,2.93
2159000,5.92,8.56,12.66,2.49,2.88
2160000,5.91,8.56,12.61,2.49,2.94
2161000,5.86,8.97,12.64,2.52,2.93
2162000,5.91,9.0,12.94,2.48,2.94
2163000,5.88,9.16,13.05,2.48,2.98
2164000,5.78,9.21,13.51,2.42,2.95
2165000,5.76,9.18,13.67,2.39,3.01
2166000,5.57,8.74,13.74,2.4,3.0
2167000,5.61,8.56,14.29,2.4,3.09
2168000,5.95,8.29,14.29,2.35,3.1
2169000,6.05,8.0,14.13,2.39,3.15
2170000,6.2,8.07,14.04,2.4,3.14
2171000,6.3,7.91,13.94,2.4,3.12
2172000,6.54,8.13,14.08,2.42,3.14
2173000,6.48,8.61,13.65,2.43,3.04
2174000,6.43,8.65,13.65,2.49,3.0
2175000,6.44,8.65,14.02,2.47,3.09
2176000,6.03,8.58,14.18,2.48,3.05
2177000,5.99,8.6,14.27,2.54,3.1
2178000,5.58,8.9,14.84,2.51,3.11
2179000,5.45,8.16,15.14,2.57,3.2
2180000,5.47,8.32,15.49,2.56,3.24
2181000,5.36,8.08,15.17,2.6,3.21
2182000,5.52,8.01,15.85,2.56,3.21
2183000,5.83,8.3,15.3,2.54,3.18
2184000,5.9,8.03,15.3,2.53,3.23
2185000,5.83,7.16,15.55,2.55,3.21
2186000,5.95,7.21,15.55,2.59,3.19
2187000,5.78,7.05,15.66,2.55,3.14
2188000,5.78,7.15,15.56,2.53,3.18
2189000,5.83,7.28,15.92,2.52,3.15
2190000,5.45,7.44,16.43,2.46,3.13
2191000,5.5,7.79,16.8,2.39,3.22
2192000,4.96,7.83,16.29,2.28,3.27
2193000,5.05,7.96,16.29,2.27,3.29
2194000,5.25,8.02,16.79,2.21,3.34
2195000,5.13,7.97,16.91,2.28,3.38
2196000,5.2,8.22,17.32,2.29,3.28
2197000,5.23,7.63,17.26,2.32,3.4
2198000,5.33,7.9,17.41,2.39,3.43
2199000,5.36,7.91,17.41,2.43,3.4
2200000,5.34,8.07,17.72,2.34,3.4
2201000,5.35,8.09,17.73,2.32,3.46
2202000,5.94,7.83,17.71,2.28,3.42
2203000,6.01,7.83,17.85,2.29,3.43
2204000,5.54,8.22,17.94,2.36,3.38
2205000,5.66,8.06,18.23,2.38,3.51
2206000,5.67,8.4,18.44,2.37,3.52
2207000,5.51,8.37,18.09,2.36,3.51
2208000,5.59,8.72,18.09,2.43,3.66
2209000,5.89,8.62,17.93,2.56,3.62
2210000,6.21,8.73,17.89,2.53,3.47
2211000,6.14,8.78,18.01,2.59,3.47
2212000,6.32,8.99,17.64,2.53,3.47
2213000,6.32,8.94,17.21,2.48,3.41
2214000,6.69,9.23,17.16,2.51,3.35
2215000,6.8,9.26,17.16,2.44,3.32
2216000,6.85,9.49,17.62,2.41,3.18
2217000,7.12,9.64,17.44,2.43,3.14
2218000,7.18,9.68,17.43,2.49,3.17
2219000,6.78,9.86,16.97,2.49,3.15
2220000,6.92,9.93,17.43,2.52,3.13
2221000,6.97,9.99,16.15,2.46,3.12
2222000,7.36,10.08,15.88,2.33,3.03
2223000,7.6,10.16,14.97,2.29,3.05
2224000,7.86,10.28,14.84,2.29,3.06
2225000,8.04,9.88,15.07,2.31,3.08
2226000,8.26,10.0,14.62,2.31,3.04
2227000,8.15,10.11,14.83,2.18,3.01
2228000,8.19,10.09,13.79,2.23,3.04
2229000,8.55,10.18,13.89,2.22,3.07
2230000,8.38,10.06,14.09,2.34,3.01
2231000,7.88,10.25,14.38,2.33,3.05
2232000,8.02,10.45,14.54,2.32,3.01
2233000,7.89,10.72,13.72,2.33,3.0
2234000,7.96,10.91,13.81,2.31,3.12
2235000,8.21,10.77,13.74,2.24,3.14
2236000,8.33,10.85,13.92,2.24,3.09
2237000,8.39,11.03,13.75,2.24,3.11
2238000,8.61,11.14,13.83,2.3,3.16
2239000,8.75,11.26,14.35,2.32,3.19
2240000,8.57,11.28,14.39,2.32,3.21
2241000,8.86,10.83,13.69,2.33,3.3
2242000,8.58,11.23,13.36,2.32,3.21
2243000,9.07,11.37,13.55,2.26,3.17
2244000,8.9,11.42,14.17,2.31,3.12
2245000,8.64,11.89,14.36,2.33,3.09
2246000,8.7,12.27,14.67,2.31,3.07
2247000,8.27,12.18,15.22,2.28,3.08
2248000,8.27,11.83,14.75,2.29,3.09
2249000,8.27,11.46,15.01,2.29,3.14
2250000,8.2,11.13,14.95,2.31,3.16
2251000,7.88,10.83,14.58,2.37,3.21
2252000,7.75,10.87,14.64,2.42,3.22
2253000,7.17,10.62,14.76,2.43,3.19
2254000,7.16,10.42,14.21,2.38,3.17
2255000,7.28,10.52,14.49,2.4,3.18
2256000,6.98,10.55,14.49,2.44,3.21
2257000,7.0,10.57,15.01,2.44,3.2
2258000,7.27,10.79,14.95,2.41,3.16
2259000,7.24,10.84,15.03,2.41,3.15
2260000,7.41,10.68,14.86,2.43,3.09
2261000,7.53,10.31,15.01,2.52,3.13
2262000,7.87,10.19,15.29,2.55,3.22
2263000,7.66,10.13,15.61,2.48,3.22
2264000,7.52,10.21,16.3,2.46,3.25
2265000,7.55,10.31,16.33,2.51,3.22
2266000,7.67,10.01,16.22,2.51,3.26
2267000,7.74,9.73,15.97,2.57,3.33
2268000,7.79,9.89,16.32,2.53,3.28
2269000,7.68,10.0,16.35,2.62,3.22
2270000,7.23,10.28,16.35,2.62,3.19
2271000,7.41,10.2,16.74,2.62,3.19
2272000,7.64,10.12,16.72,2.73,3.21
2273000,7.64,9.19,16.61,2.72,3.21
2274000,7.79,9.38,16.95,2.77,3.22
2275000,7.91,9.44,17.02,2.84,3.24
2276000,7.65,9.58,16.84,2.85,3.25
2277000,7.88,9.64,16.84,2.88,3.35
2278000,8.14,9.56,17.43,2.78,3.35
2279000,8.44,9.78,17.36,2.82,3.29
2280000,8.58,9.71,18.02,2.71,3.25
2281000,8.56,9.69,17.66,2.73,3.26
2282000,8.62,9.78,17.17,2.7,3.31
2283000,8.85,9.85,16.6,2.73,3.31
2284000,9.07,9.85,15.82,2.68,3.27
2285000,9.1,9.89,15.37,2.69,3.19
2286000,9.26,10.01,15.47,2.59,3.33
2287000,9.49,10.26,15.12,2.63,3.34
2288000,9.78,9.73,15.26,2.6,3.29
2289000,9.66,9.75,15.14,2.55,3.33
2290000,9.65,9.92,15.32,2.58,3.32
2291000,9.72,9.82,15.21,2.47,3.27
2292000,9.7,9.43,15.19,2.47,3.3
2293000,9.66,9.36,14.88,2.44,3.26
2294000,9.37,9.43,14.15,2.47,3.26
2295000,9.35,9.62,14.54,2.48,3.2
2296000,9.02,9.26,14.62,2.5,3.23
2297000,8.95,8.99,14.25,2.64,3.25
2298000,9.04,9.12,14.41,2.62,3.25
2299000,8.66,9.03,14.74,2.71,3.34
2300000,8.69,9.05,14.63,2.7,3.3
2301000,8.52,9.0,15.02,2.72,3.29
2302000,8.46,8.84,14.39,2.75,3.25
2303000,8.54,8.83,14.95,2.76,3.21
2304000,8.45,9.11,15.25,2.81,3.11
2305000,8.4,9.19,15.31,2.86,3.14
2306000,8.46,9.47,15.51,2.87,3.19
2307000,8.67,9.68,14.9,2.74,3.13
2308000,8.74,9.93,14.14,2.75,3.14
2309000,8.58,10.07,14.34,2.81,3.1
2310000,8.6,10.06,14.73,2.79,3.11
2311000,8.48,10.28,14.82,2.83,3.14
2312000,8.35,10.3,14.72,2.78,3.19
2313000,8.09,10.38,14.72,2.79,3.27
2314000,7.98,10.43,14.99,2.63,3.24
2315000,7.55,10.39,14.43,2.69,3.21
2316000,7.79,10.59,14.33,2.67,3.15
2317000,7.89,9.72,14.33,2.68,3.13
2318000,7.7,9.71,14.47,2.73,3.18
2319000,7.65,9.78,14.58,2.62,3.14
2320000,7.71,9.61,15.05,2.53,3.2
2321000,7.72,9.47,15.21,2.56,3.22
2322000,7.96,9.34,15.43,2.55,3.3
2323000,7.53,9.51,15.47,2.56,3.36
2324000,7.78,9.66,15.76,2.64,3.4
2325000,7.8,9.63,15.13,2.62,3.43
2326000,7.8,9.77,14.75,2.67,3.49
2327000,8.28,9.78,14.63,2.68,3.49
2328000,8.27,9.22,14.72,2.71,3.45
2329000,8.14,9.24,15.18,2.77,3.46
2330000,8.37,9.46,15.34,2.8,3.4
2331000,8.55,9.82,15.47,2.88,3.34
2332000,8.22,10.01,15.68,2.82,3.34
2333000,8.36,9.8,15.23,2.88,3.31
2334000,8.48,9.9,15.49,2.88,3.45
2335000,8.63,9.93,15.36,2.82,3.43
2336000,8.49,9.3,15.89,2.85,3.43
2337000,8.48,8.95,15.89,2.77,3.45
2338000,8.41,9.34,16.64,2.81,3.5
2339000,8.13,9.14,16.57,2.93,3.48
2340000,8.13,9.29,15.32,2.93,3.4
2341000,8.52,9.67,14.57,3.02,3.29
2342000,8.75,9.82,14.82,2.98,3.2
2343000,8.52,10.13,14.81,3.04,3.22
2344000,8.63,10.22,15.18,2.95,3.2
2345000,8.71,10.51,15.25,3.0,3.22
2346000,8.76,10.86,15.88,2.93,3.25
2347000,8.73,10.63,16.31,2.99,3.17
2348000,8.61,10.81,16.31,3.03,3.2
2349000,8.65,10.97,17.0,2.96,3.23
2350000,8.72,10.9,17.29,2.97,3.31
2351000,8.45,11.11,17.64,3.05,3.38
2352000,8.22,11.48,17.24,3.1,3.22
2353000,8.1,11.84,17.25,3.1,3.32
2354000,8.17,12.0,17.25,3.05,3.34
2355000,8.28,12.15,17.5,3.11,3.37
2356000,7.88,12.29,18.3,3.07,3.25
2357000,8.09,12.3,17.88,3.14,3.27
2358000,8.04,12.87,17.88,3.04,3.28
2359000,7.71,12.78,18.36,2.95,3.33
2360000,7.61,13.09,18.24,2.97,3.41
2361000,7.59,13.12,18.78,3.02,3.37
2362000,7.61,13.16,18.32,2.91,3.32
2363000,7.48,13.51,17.19,2.94,3.4
2364000,7.84,13.69,17.19,2.79,3.48
2365000,8.04,13.99,17.79,2.79,3.43
2366000,8.3,13.9,17.83,2.82,3.44
2367000,8.32,13.46,17.75,2.82,3.53
2368000,8.51,13.26,18.12,2.71,3.45
2369000,8.73,13.12,18.56,2.72,3.54
2370000,8.78,12.89,18.96,2.79,3.51
2371000,9.07,13.23,18.96,2.78,3.43
2372000,8.87,13.3,19.95,2.69,3.38
2373000,8.92,13.19,19.95,2.67,3.34
2374000,8.88,13.22,20.18,2.63,3.43
2375000,8.99,13.33,20.62,2.73,3.52
2376000,8.91,13.52,19.68,2.72,3.59
2377000,9.23,13.26,20.19,2.76,3.55
2378000,9.42,12.96,20.51,2.76,3.59
2379000,9.65,12.59,20.49,2.86,3.66
2380000,9.73,12.59,20.28,2.91,3.62
2381000,10.03,12.99,20.54,3.0,3.68
2382000,9.85,12.95,21.24,3.03,3.64
2383000,9.9,13.05,21.24,3.0,3.63
2384000,9.82,12.68,20.61,3.08,3.5
2385000,10.04,12.55,20.32,3.05,3.5
2386000,10.12,12.76,20.58,2.98,3.43
2387000,10.14,12.23,20.48,2.92,3.37
2388000,10.41,12.15,20.48,2.8,3.43
2389000,10.47,12.2,21.03,2.88,3.51
2390000,10.43,12.66,21.23,2.84,3.55
2391000,10.46,11.69,21.28,2.83,3.42
2392000,10.6,11.09,20.73,2.85,3.36
2393000,10.6,10.98,21.04,2.82,3.32
2394000,11.0,10.99,21.34,2.8,3.38
2395000,11.15,10.93,20.77,2.76,3.43
2396000,11.5,10.77,20.77,2.79,3.49
2397000,11.6,10.66,21.32,2.71,3.33
2398000,11.83,10.74,21.28,2.65,3.33
2399000,12.31,10.86,21.16,2.63,3.31
2400000,12.29,11.17,21.5,2.6,3.42
2401000,12.55,11.12,21.68,2.73,3.46
2402000,12.68,11.46,21.79,2.8,3.53
2403000,12.42,11.43,22.27,2.79,3.54
2404000,12.1,11.27,22.31,2.88,3.57
2405000,11.92,11.71,21.87,2.87,3.54
2406000,12.16,11.9,21.87,2.9,3.57
2407000,12.03,11.66,22.08,2.88,3.54
2408000,11.98,11.48,22.48,2.86,3.45
2409000,11.76,11.32,22.67,2.9,3.48
2410000,11.45,11.12,22.48,2.92,3.56
2411000,11.54,10.83,22.61,2.91,3.58
2412000,11.69,11.03,22.96,2.89,3.52
2413000,11.61,11.24,22.67,2.92,3.53
2414000,11.23,11.35,22.58,2.95,3.43
2415000,11.11,11.42,22.78,2.93,3.38
2416000,11.26,11.65,22.35,2.97,3.38
2417000,11.48,11.7,22.47,2.93,3.37
2418000,11.71,11.81,22.51,2.82,3.17
2419000,11.5,12.19,22.15,2.83,3.19
2420000,11.53,12.13,22.24,2.93,3.17
2421000,11.53,12.1,22.09,2.95,3.19
2422000,12.09,12.1,21.4,2.95,3.12
2423000,12.23,12.34,20.85,2.95,3.11
2424000,12.06,12.34,21.44,3.04,3.06
2425000,12.2,12.87,21.34,3.0,3.05
2426000,12.22,12.87,21.4,3.05,3.05
2427000,12.42,13.36,21.48,3.12,2.98
2428000,12.2,13.57,21.48,3.15,3.02
2429000,12.64,13.53,22.52,3.15,3.02
2430000,12.78,14.01,22.68,3.22,3.07
2431000,12.39,13.85,22.59,3.14,3.01
2432000,12.0,14.03,22.49,3.16,3.01
2433000,12.17,14.09,22.67,3.13,3.03
2434000,11.98,14.29,22.87,3.11,2.99
2435000,11.69,14.92,21.65,3.21,3.09
2436000,11.46,15.21,21.81,3.39,3.16
2437000,11.36,15.37,21.93,3.43,3.06
2438000,11.33,15.44,21.93,3.36,3.08
2439000,11.46,15.63,22.11,3.38,3.08
2440000,11.3,15.52,22.02,3.33,3.08
2441000,11.3,15.66,22.03,3.39,3.11
2442000,11.33,15.91,22.58,3.36,3.23
2443000,11.38,15.56,22.76,3.39,3.17
2444000,11.28,15.82,22.37,3.39,3.18
2445000,11.48,14.91,22.69,3.4,3.19
2446000,11.7,15.03,22.88,3.33,3.17
2447000,11.7,15.02,23.21,3.2,3.17
2448000,11.53,15.35,22.71,3.25,3.16
2449000,11.62,15.26,22.37,3.27,3.17
2450000,11.85,15.27,22.05,3.27,3.23
2451000,11.58,15.66,21.25,3.4,3.18
2452000,11.39,15.83,21.05,3.38,3.21
2453000,11.39,15.31,20.88,3.44,3.22
2454000,11.82,15.13,19.66,3.29,3.12
2455000,11.78,15.5,19.05,3.32,3.17
2456000,11.17,15.5,18.89,3.37,3.12
2457000,11.17,15.8,18.89,3.36,3.08
2458000,11.5,16.09,19.64,3.39,3.11
2459000,11.63,15.23,19.66,3.38,3.24
2460000,11.99,15.08,19.67,3.29,3.18
2461000,11.79,14.63,19.49,3.25,3.13
2462000,11.7,14.85,19.49,3.24,3.19
2463000,12.02,14.34,19.96,3.34,3.14
2464000,11.46,13.66,20.48,3.28,3.14
2465000,11.06,13.6,20.61,3.24,3.13
2466000,11.1,13.69,20.34,3.3,3.08
2467000,11.32,13.76,20.12,3.3,3.04
2468000,11.3,13.5,20.44,3.22,3.11
2469000,11.29,13.75,20.44,3.24,3.2
2470000,11.29,14.01,20.72,3.09,3.1
2471000,11.87,13.33,20.8,3.13,3.16
2472000,12.29,13.24,20.96,3.11,3.21
2473000,12.35,13.15,20.99,3.06,3.1
2474000,12.53,13.15,21.24,3.06,3.19
2475000,12.75,13.57,20.07,3.06,3.13
2476000,12.82,13.69,19.47,3.14,3.13
2477000,12.99,13.91,19.35,3.21,3.04
2478000,12.99,13.24,19.79,3.12,3.08
2479000,13.1,13.24,19.54,3.17,3.1
2480000,12.79,13.18,18.78,3.2,3.09
2481000,12.93,13.5,18.19,3.31,3.14
2482000,12.67,12.75,18.45,3.29,3.11
2483000,13.07,12.33,18.29,3.24,3.1
2484000,13.44,12.36,18.0,3.27,3.13
2485000,13.58,11.79,17.96,3.24,3.15
2486000,13.41,11.7,17.74,3.41,3.06
2487000,13.83,11.89,17.86,3.55,3.0
2488000,13.27,12.38,17.78,3.54,3.03
2489000,13.13,11.72,18.38,3.48,3.06
2490000,12.92,11.95,17.77,3.48,3.0
2491000,12.99,11.82,17.97,3.54,3.12
2492000,12.4,12.13,17.9,3.49,3.07
2493000,12.38,12.26,17.84,3.45,3.15
2494000,12.2,12.46,17.67,3.38,3.17
2495000,11.63,12.4,17.67,3.41,3.23
2496000,11.48,12.5,18.37,3.43,3.24
2497000,11.24,12.73,18.37,3.47,3.27
2498000,11.55,12.98,18.99,3.41,3.34
2499000,11.6,13.43,19.42,3.45,3.31
2500000,11.82,13.62,18.72,3.44,3.47
2501000,11.97,14.01,18.21,3.39,3.48
2502000,11.99,14.14,18.4,3.44,3.55
2503000,12.4,14.68,18.88,3.48,3.59
2504000,12.61,14.73,17.91,3.46,3.57
2505000,12.84,14.53,17.56,3.39,3.56
2506000,12.62,14.6,17.89,3.45,3.64
2507000,13.16,14.06,17.92,3.47,3.6
2508000,13.56,13.95,18.3,3.44,3.72
2509000,13.25,13.95,18.12,3.34,3.64
2510000,13.6,13.21,17.74,3.41,3.77
2511000,12.63,12.3,17.99,3.42,3.81
2512000,12.14,12.45,18.36,3.44,3.81
2513000,12.02,12.6,18.84,3.5,3.85
2514000,12.58,12.79,18.74,3.44,3.71
2515000,11.93,13.0,18.62,3.43,3.65
2516000,11.85,13.21,18.62,3.38,3.68
2517000,12.06,13.04,18.41,3.45,3.64
2518000,12.43,13.19,18.76,3.58,3.52
2519000,12.47,13.74,19.32,3.59,3.57
2520000,12.8,13.9,19.62,3.53,3.48
2521000,12.16,14.13,19.62,3.34,3.54
2522000,11.98,13.88,20.16,3.29,3.53
2523000,11.67,14.2,21.09,3.27,3.62
2524000,11.63,14.09,20.49,3.34,3.5
2525000,11.86,13.55,20.49,3.43,3.55
2526000,12.05,13.63,21.42,3.56,3.5
2527000,12.05,14.01,21.52,3.57,3.57
2528000,12.71,14.22,21.84,3.56,3.45
2529000,12.89,13.68,22.07,3.62,3.5
2530000,12.88,13.1,22.33,3.58,3.5
2531000,13.21,13.3,22.93,3.67,3.53
2532000,13.21,13.25,22.93,3.68,3.58
2533000,13.39,12.38,23.65,3.7,3.61
2534000,13.84,12.88,23.9,3.7,3.61
2535000,13.92,11.78,23.99,3.63,3.62
2536000,14.16,11.48,24.23,3.45,3.59
2537000,14.44,11.63,24.02,3.55,3.63
2538000,14.45,11.85,24.39,3.63,3.66
2539000,14.85,11.75,24.47,3.74,3.73
2540000,13.6,11.93,23.22,3.77,3.67
2541000,13.94,12.07,23.11,3.73,3.72
2542000,13.83,12.23,23.49,3.78,3.72
2543000,13.73,12.13,23.71,3.87,3.74
2544000,13.83,12.12,24.09,3.86,3.79
2545000,13.86,12.44,24.12,3.83,3.7
2546000,13.98,12.61,24.93,3.75,3.62
2547000,13.85,12.49,24.93,3.68,3.56
2548000,13.64,12.39,25.55,3.68,3.58
2549000,13.93,11.81,25.7,3.67,3.53
2550000,14.0,11.81,25.08,3.69,3.56
2551000,13.86,12.5,24.64,3.72,3.57
2552000,13.63,12.65,24.75,3.72,3.63
2553000,13.63,12.79,24.85,3.76,3.61
2554000,14.24,13.01,25.09,3.85,3.61
2555000,13.68,12.89,25.56,3.83,3.63
2556000,13.84,12.66,25.77,3.73,3.64
2557000,14.14,13.01,25.14,3.82,3.62
2558000,14.13,13.17,25.41,3.82,3.7
2559000,13.83,13.74,25.75,3.73,3.63
2560000,13.43,13.65,25.94,3.67,3.63
2561000,13.74,13.86,25.94,3.68,3.63
2562000,13.79,14.0,26.79,3.59,3.62
2563000,14.32,13.87,27.32,3.61,3.68
2564000,14.2,13.91,27.32,3.77,3.7
2565000,14.49,13.76,27.42,3.89,3.82
2566000,14.58,14.3,27.51,3.93,3.84
2567000,14.61,14.42,27.81,3.99,3.83
2568000,14.72,14.49,27.7,3.95,3.81
2569000,14.29,14.75,27.38,3.96,3.81
2570000,14.37,14.85,27.71,3.89,3.8
2571000,14.4,15.15,27.18,3.98,3.72
2572000,14.79,15.41,26.87,4.01,3.73
2573000,14.9,15.69,26.58,4.03,3.69
2574000,14.9,15.69,27.02,4.03,3.66
2575000,15.6,15.79,27.26,4.07,3.64
2576000,15.43,15.82,26.33,4.0,3.61
2577000,15.77,15.84,24.76,4.04,3.6
2578000,14.89,15.74,24.32,4.07,3.66
2579000,14.76,15.75,23.83,4.04,3.6
2580000,14.1,15.65,23.33,4.03,3.57
2581000,14.23,15.55,23.68,4.09,3.55
2582000,13.85,15.33,23.37,4.12,3.6
2583000,13.43,15.57,23.84,4.02,3.59
2584000,13.48,15.86,21.72,3.97,3.5
2585000,13.57,15.8,21.74,3.88,3.56
2586000,13.84,15.8,21.83,3.74,3.39
2587000,14.27,16.14,21.73,3.68,3.48
2588000,14.44,16.42,22.2,3.43,3.43
2589000,13.88,16.89,22.39,3.43,3.4
2590000,13.56,16.66,23.11,3.35,3.53
2591000,13.75,17.14,23.11,3.27,3.58
2592000,14.12,17.18,23.53,3.25,3.59
2593000,14.01,17.53,23.6,3.24,3.58
2594000,14.15,17.32,23.6,3.22,3.52
2595000,13.9,17.23,24.17,3.25,3.5
2596000,14.68,16.71,24.04,3.19,3.53
2597000,15.0,16.43,23.93,3.09,3.5
2598000,14.96,16.43,22.98,2.98,3.58
2599000,15.38,16.96,23.46,2.99,3.65
2600000,14.79,16.25,23.58,3.08,3.6
2601000,14.63,16.2,23.55,3.15,3.63
2602000,14.85,16.84,23.11,3.21,3.63
2603000,14.63,16.38,22.69,3.36,3.67
2604000,14.36,16.37,22.98,3.49,3.69
2605000,14.63,16.15,22.98,3.53,3.69
2606000,15.23,15.88,23.04,3.64,3.65
2607000,15.76,16.03,24.06,3.77,3.64
2608000,16.05,15.54,24.06,3.79,3.57
2609000,16.11,15.2,24.45,3.83,3.58
2610000,15.77,15.31,24.78,3.66,3.52
2611000,15.74,15.64,24.47,3.55,3.65
2612000,15.66,15.61,23.19,3.6,3.67
2613000,15.5,15.09,23.01,3.54,3.66
2614000,14.98,14.92,23.01,3.54,3.67
2615000,15.12,14.57,23.94,3.63,3.64
2616000,15.12,14.71,23.27,3.61,3.65
2617000,14.46,14.7,23.61,3.55,3.69
2618000,14.29,14.8,23.25,3.51,3.67
2619000,14.47,14.53,23.09,3.53,3.73
2620000,14.44,14.41,23.43,3.44,3.65
2621000,14.44,14.41,24.33,3.48,3.58
2622000,15.12,14.52,23.74,3.43,3.58
2623000,15.3,13.78,23.9,3.43,3.54
2624000,15.28,14.19,23.59,3.35,3.52
2625000,15.56,14.08,23.37,3.36,3.68
2626000,15.61,14.06,23.67,3.32,3.69
2627000,15.31,14.57,24.14,3.39,3.69
2628000,15.13,14.53,24.62,3.38,3.7
2629000,14.79,14.22,24.34,3.6,3.83
2630000,14.74,14.05,24.13,3.71,3.78
2631000,14.68,13.94,24.13,3.72,3.85
2632000,14.18,14.23,24.53,3.69,3.93
2633000,14.6,14.43,24.67,3.65,3.88
2634000,15.08,14.49,24.67,3.76,3.88
2635000,14.8,14.24,25.46,3.8,3.98
2636000,15.01,14.27,25.24,3.78,3.98
2637000,14.51,14.71,25.55,3.81,4.0
2638000,13.75,14.81,26.24,3.82,3.98
2639000,14.07,14.23,26.07,3.78,4.05
2640000,14.28,14.65,26.07,3.79,4.03
2641000,14.09,14.97,26.15,3.81,4.08
2642000,14.04,14.91,26.15,3.77,4.15
2643000,13.59,14.99,26.45,3.72,4.12
2644000,12.79,14.78,26.45,3.76,4.09
2645000,12.17,14.44,27.15,3.7,4.01
2646000,12.44,14.54,27.15,3.67,4.03
2647000,12.51,14.97,27.06,3.67,4.19
2648000,12.84,14.93,27.05,3.76,4.09
2649000,12.64,14.86,26.34,3.75,4.07
2650000,13.11,14.77,25.2,3.76,3.93
2651000,13.13,15.21,25.2,3.67,3.9
2652000,13.14,15.41,26.16,3.67,3.86
2653000,12.91,15.95,26.28,3.64,3.8
2654000,13.01,15.98,26.06,3.62,3.68
2655000,13.16,14.86,26.0,3.64,3.63
2656000,13.39,15.07,25.94,3.75,3.62
2657000,13.58,15.13,26.04,3.79,3.63
2658000,13.68,14.79,26.04,3.8,3.55
2659000,13.86,14.72,24.72,3.72,3.56
2660000,13.6,14.93,25.01,3.65,3.46
2661000,14.12,15.01,24.71,3.68,3.53
2662000,14.02,14.74,24.52,3.78,3.6
2663000,14.08,14.81,24.69,3.73,3.62
2664000,14.29,15.16,25.02,3.72,3.61
2665000,14.25,14.59,25.18,3.76,3.48
2666000,14.27,13.68,24.41,3.73,3.45
2667000,14.43,13.74,24.02,3.87,3.56
2668000,14.1,13.97,24.8,3.83,3.6
2669000,14.49,14.06,24.57,3.84,3.59
2670000,14.68,13.35,24.57,3.9,3.58
2671000,14.94,13.18,25.57,3.97,3.57
2672000,15.16,13.45,25.28,4.08,3.5
2673000,14.84,13.72,25.47,4.1,3.54
2674000,14.84,13.42,25.04,3.96,3.54
2675000,14.89,13.3,25.22,3.89,3.49
2676000,15.11,13.3,25.62,3.96,3.59
2677000,14.85,13.95,26.2,4.07,3.64
2678000,14.84,13.95,26.2,4.12,3.65
2679000,14.47,14.45,26.01,4.24,3.59
2680000,14.56,15.07,25.61,4.27,3.53
2681000,14.87,14.98,25.26,4.26,3.53
2682000,14.67,14.3,25.22,4.18,3.58
2683000,14.85,14.1,25.25,4.33,3.55
2684000,15.11,14.21,25.29,4.33,3.53
2685000,15.46,14.25,25.29,4.25,3.42
2686000,15.4,14.67,25.89,4.27,3.43
2687000,15.41,14.3,25.16,4.16,3.45
2688000,15.87,14.04,25.08,4.28,3.44
2689000,15.58,14.25,25.17,4.37,3.48
2690000,15.49,14.22,25.86,4.32,3.58
2691000,15.07,14.66,25.5,4.38,3.6
2692000,14.86,15.1,24.88,4.26,3.59
2693000,15.12,15.52,25.18,4.25,3.68
2694000,15.12,15.54,25.18,4.31,3.66
2695000,15.03,15.91,25.67,4.29,3.53
2696000,14.74,15.59,25.02,4.27,3.63
2697000,14.43,15.66,24.44,4.16,3.63
2698000,14.76,15.67,24.97,4.03,3.71
2699000,14.41,15.78,24.51,4.02,3.8
2700000,14.86,15.82,25.04,4.02,3.86
2701000,14.9,15.63,23.94,3.95,3.94
2702000,15.0,15.75,24.05,4.06,4.02
2703000,15.04,15.89,24.04,4.04,4.04
2704000,15.1,15.86,24.54,4.02,4.0
2705000,15.12,16.28,24.89,4.04,3.96
2706000,15.12,16.29,24.87,3.99,4.03
2707000,15.16,16.89,24.67,4.0,4.08
2708000,14.63,16.95,23.84,4.08,4.11
2709000,15.17,17.41,24.45,4.01,4.18
2710000,15.49,16.94,24.45,4.03,4.2
2711000,15.38,16.94,25.0,3.88,4.24
2712000,15.5,17.51,25.0,3.88,4.11
2713000,15.6,17.34,25.85,3.91,4.1
2714000,15.34,17.05,25.81,4.03,4.2
2715000,15.83,17.12,25.14,4.2,4.03
2716000,15.44,17.49,25.36,4.44,3.98
2717000,15.14,17.54,25.97,4.53,3.94
2718000,15.15,17.15,25.9,4.73,3.87
2719000,15.55,17.44,26.73,4.82,3.82
2720000,15.98,17.31,25.86,4.9,3.74
2721000,15.85,16.84,25.78,4.9,3.77
2722000,15.89,17.23,25.78,4.91,3.86
2723000,16.24,17.12,25.9,4.96,3.89
2724000,15.93,17.61,26.06,5.1,3.9
2725000,16.69,17.71,26.88,5.21,3.82
2726000,16.79,17.93,26.55,5.2,3.82
2727000,16.79,17.78,25.96,5.35,3.7
2728000,16.86,17.39,26.37,5.28,3.65
2729000,16.53,17.6,26.8,5.1,3.67
2730000,16.72,18.01,27.2,4.98,3.8
2731000,16.42,18.02,26.38,4.91,3.8
2732000,16.38,17.73,26.38,4.99,3.84
2733000,16.07,16.54,27.11,5.08,3.83
2734000,16.3,16.71,27.11,5.04,4.0
2735000,16.69,17.22,28.19,5.05,3.93
2736000,16.55,17.05,28.21,4.92,3.87
2737000,16.74,17.31,28.77,4.47,3.95
2738000,17.38,17.44,29.56,4.49,3.93
2739000,17.89,17.69,29.62,4.35,3.88
2740000,17.42,17.94,29.92,4.34,3.89
2741000,17.52,17.54,29.92,4.4,3.86
2742000,17.85,17.24,30.88,4.36,3.84
2743000,17.9,16.9,31.07,4.5,3.89
2744000,18.6,17.12,31.2,4.32,3.77
2745000,18.93,16.54,31.08,4.48,3.75
2746000,18.92,16.54,31.16,4.5,3.8
2747000,19.26,16.25,31.46,4.51,3.76
2748000,19.39,16.12,31.16,4.61,3.75
2749000,19.63,16.12,31.57,4.84,3.71
2750000,20.03,16.64,31.68,4.88,3.67
2751000,20.03,17.17,32.15,4.81,3.59
2752000,19.59,16.87,32.15,4.89,3.52
2753000,19.8,16.83,32.09,5.03,3.56
2754000,20.29,16.94,32.57,4.94,3.58
2755000,19.64,17.57,32.57,5.08,3.57
2756000,19.69,17.81,32.87,5.22,3.58
2757000,19.78,17.42,33.02,5.28,3.68
2758000,19.78,17.42,33.02,5.38,3.66
2759000,20.12,17.48,33.93,5.47,3.66
2760000,20.42,17.12,33.14,5.7,3.71
2761000,20.3,16.97,33.14,5.67,3.65
2762000,20.24,16.64,33.71,5.78,3.73
2763000,19.61,16.92,32.81,5.64,3.78
2764000,19.61,17.53,32.92,5.83,3.81
2765000,20.08,17.3,32.98,5.93,3.73
2766000,20.02,16.35,33.37,5.9,3.74
2767000,20.19,16.35,34.46,5.91,3.8
2768000,20.55,15.71,34.46,5.94,3.75
2769000,20.6,15.86,35.31,6.19,3.77
2770000,20.79,16.01,35.31,6.0,3.86
2771000,20.56,16.19,34.91,6.28,3.86
2772000,20.13,16.73,34.87,6.25,3.92
2773000,20.13,17.19,35.38,5.99,3.87
2774000,20.77,17.28,35.38,6.27,3.82
2775000,21.49,17.99,35.72,6.49,3.81
2776000,21.8,17.26,36.41,6.6,3.73
2777000,21.4,16.81,36.41,6.8,3.78
2778000,21.74,16.8,36.83,7.01,3.65
2779000,22.0,16.26,37.59,7.15,3.73
2780000,20.75,16.44,37.18,7.23,3.73
2781000,20.65,16.7,37.22,7.44,3.69
2782000,20.37,17.05,36.87,7.3,3.65
2783000,20.5,17.12,37.26,7.17,3.68
2784000,20.5,17.32,36.34,7.24,3.68
2785000,21.0,17.64,36.13,7.25,3.79
2786000,21.24,17.5,36.76,7.3,3.86
2787000,21.12,18.2,35.3,7.51,3.85
2788000,21.32,18.0,35.3,7.6,3.89
2789000,21.21,18.07,36.3,7.62,3.9
2790000,21.0,16.82,36.51,7.69,3.88
2791000,20.63,17.02,36.46,7.74,3.88
2792000,20.73,17.02,36.23,7.61,3.94
2793000,21.08,17.41,36.34,7.55,3.96
2794000,21.08,17.16,35.69,7.64,4.05
2795000,21.72,16.57,35.88,7.81,4.07
2796000,22.24,16.84,35.88,7.79,4.16
2797000,21.96,16.94,36.03,7.7,4.17
2798000,21.96,17.67,35.73,7.4,4.3
2799000,21.76,17.26,35.73,7.51,4.24
2800000,21.09,17.44,36.17,7.65,4.33
2801000,21.46,17.08,36.73,7.97,4.31
2802000,21.51,17.24,36.73,7.43,4.25
2803000,20.57,17.34,38.07,7.56,4.24
2804000,20.68,16.4,36.48,7.76,4.27
2805000,20.27,16.66,36.49,7.84,4.25
2806000,20.47,16.83,36.44,7.6,4.23
2807000,20.76,17.39,36.06,7.67,4.2
2808000,20.87,17.91,35.73,7.67,4.25
2809000,21.4,18.05,36.08,7.79,4.19
2810000,21.4,17.87,36.65,7.76,4.17
2811000,20.96,17.14,36.28,8.02,4.14
2812000,19.96,16.88,36.28,8.11,4.18
2813000,20.26,16.47,35.39,8.14,4.12
2814000,20.64,16.81,35.39,8.03,4.09
2815000,20.32,16.3,35.77,7.65,4.09
2816000,20.41,16.32,35.36,7.64,3.98
2817000,20.71,16.21,35.22,7.69,3.98
2818000,20.81,16.23,34.34,7.49,4.02
2819000,20.61,16.74,33.79,7.36,3.97
2820000,20.83,17.04,34.19,7.27,4.1
2821000,20.32,16.99,34.2,7.07,4.15
2822000,20.32,16.41,34.72,7.08,4.13
2823000,21.06,16.91,33.28,7.0,4.05
2824000,21.51,16.39,33.69,7.05,4.1
2825000,21.62,16.73,33.44,6.88,4.0
2826000,20.26,16.69,33.48,6.73,4.06
2827000,20.23,15.98,33.65,6.99,4.11
2828000,20.88,16.18,33.64,6.99,4.16
2829000,21.05,16.28,34.12,6.76,4.25
2830000,21.34,16.38,34.49,6.73,4.25
2831000,21.22,16.43,33.67,7.04,4.19
2832000,21.07,16.23,33.21,7.03,4.26
2833000,21.07,16.52,33.29,6.73,4.29
2834000,21.71,16.52,33.92,6.72,4.27
2835000,21.71,17.33,34.13,6.46,4.29
2836000,22.38,17.27,33.94,6.45,4.39
2837000,22.9,16.87,33.71,6.66,4.4
2838000,22.78,17.17,32.77,6.31,4.48
2839000,22.36,16.95,32.31,6.35,4.38
2840000,22.43,16.88,32.31,6.68,4.48
2841000,22.43,16.8,32.51,6.75,4.47
2842000,22.4,17.07,33.16,6.94,4.53
2843000,22.57,17.32,32.96,6.95,4.57
2844000,22.15,17.55,32.21,7.14,4.62
2845000,22.41,17.7,32.03,7.43,4.54
2846000,21.93,17.48,32.71,7.56,4.36
2847000,20.91,17.74,32.71,7.59,4.39
2848000,20.67,18.34,33.37,7.64,4.36
2849000,20.74,18.53,32.88,7.71,4.43
2850000,20.1,18.0,32.68,7.84,4.39
2851000,20.2,17.86,31.99,8.06,4.4
2852000,20.2,17.93,32.21,8.16,4.36
2853000,20.77,18.0,33.09,8.18,4.44
2854000,20.54,18.59,33.35,8.32,4.32
2855000,20.47,18.73,33.35,8.26,4.2
2856000,20.99,18.9,33.83,8.17,4.15
2857000,21.02,18.41,33.79,8.38,3.99
2858000,21.3,18.53,33.97,8.63,3.98
2859000,21.36,18.53,33.68,8.94,3.87
2860000,21.17,19.02,33.27,8.83,3.82
2861000,20.69,19.35,33.4,8.76,3.8
2862000,21.02,19.32,33.92,8.75,3.94
2863000,21.04,19.61,33.92,9.08,4.04
2864000,21.04,19.91,34.59,9.0,4.01
2865000,21.77,19.91,34.12,9.12,4.05
2866000,21.73,20.32,33.23,9.5,4.02
2867000,21.32,20.23,32.53,9.32,3.98
2868000,21.6,20.34,32.64,9.5,3.99
2869000,21.96,19.93,32.54,9.54,4.01
2870000,22.51,19.5,32.46,9.71,4.03
2871000,22.8,19.25,31.9,9.9,4.03
2872000,22.8,19.75,31.9,9.73,4.03
2873000,23.41,19.57,31.4,9.75,4.1
2874000,22.78,19.29,31.59,9.7,4.06
2875000,22.71,19.49,31.66,9.68,4.04
2876000,22.71,19.0,31.15,9.45,4.08
2877000,22.77,18.05,31.72,9.45,4.17
2878000,22.91,18.63,31.83,9.51,4.16
2879000,22.79,18.91,32.12,8.72,4.12
2880000,23.11,19.39,32.13,8.7,4.14
2881000,22.96,19.51,32.97,8.62,4.13
2882000,23.05,19.62,32.75,8.4,4.04
2883000,21.81,19.13,32.54,8.26,4.06
2884000,21.93,19.25,32.09,8.19,3.94
2885000,21.91,19.35,31.97,7.81,4.04
2886000,22.3,19.11,31.41,7.22,4.04
2887000,22.32,18.85,31.56,6.73,4.02
2888000,22.12,18.78,31.8,6.64,4.09
2889000,21.51,19.2,31.69,6.06,4.12
2890000,21.19,19.69,31.53,5.74,4.11
2891000,21.25,19.63,31.58,5.33,4.18
2892000,21.17,19.91,32.19,5.01,4.21
2893000,21.81,19.71,31.58,4.73,4.13
2894000,21.85,19.85,30.36,4.67,4.11
2895000,21.63,20.27,30.48,4.43,4.09
2896000,21.63,20.15,31.2,4.41,4.03
2897000,22.28,20.24,31.2,4.48,4.04
2898000,22.3,19.39,31.25,4.39,3.92
2899000,22.13,19.95,31.34,4.36,3.94
2900000,21.91,19.95,31.48,4.43,4.03
2901000,22.06,20.09,31.48,4.63,4.04
2902000,22.68,20.15,31.71,4.85,4.03
2903000,22.56,20.15,31.03,5.05,3.91
2904000,22.59,21.14,31.35,4.98,3.88
2905000,22.82,21.48,31.71,5.08,3.97
2906000,23.73,21.77,31.61,5.35,4.0
2907000,23.73,21.28,31.09,5.62,3.94
2908000,24.02,20.72,31.09,5.82,4.02
2909000,24.26,20.77,31.65,6.0,4.03
2910000,24.26,21.18,31.64,6.28,4.08
2911000,24.11,21.03,31.91,6.36,4.14
2912000,24.15,21.03,32.52,6.86,4.18
2913000,24.64,21.02,32.52,7.11,4.17
2914000,24.42,21.22,33.22,7.41,4.29
2915000,24.48,21.44,31.73,7.54,4.23
2916000,24.36,21.84,31.73,7.75,4.34
2917000,24.36,21.94,31.57,7.94,4.48
2918000,24.72,22.22,31.05,8.18,4.5
2919000,24.99,22.45,31.46,8.24,4.42
2920000,25.29,22.33,31.5,8.27,4.48
2921000,25.62,22.5,31.43,8.34,4.58
2922000,25.18,22.5,31.71,8.55,4.69
2923000,24.3,22.99,32.56,8.67,4.63
2924000,24.58,23.7,32.49,8.98,4.63
2925000,24.02,23.8,32.49,8.88,4.54
2926000,23.48,23.93,32.58,8.98,4.5
2927000,22.57,24.41,32.06,9.1,4.42
2928000,21.73,24.42,32.63,8.93,4.35
2929000,21.73,24.55,32.63,9.02,4.32
2930000,21.9,24.36,33.17,9.17,4.35
2931000,21.9,24.36,33.17,9.05,4.37
2932000,23.07,25.52,34.39,9.11,4.37
2933000,23.07,24.99,34.95,8.93,4.35
2934000,22.87,24.99,35.21,9.29,4.21
2935000,22.98,24.73,34.95,9.34,4.02
2936000,23.17,24.9,35.22,9.11,3.95
2937000,23.44,24.81,35.14,8.89,4.02
2938000,23.74,25.53,34.19,8.78,3.94
2939000,24.14,25.22,34.61,9.0,3.92
2940000,24.64,25.75,35.14,8.8,3.74
2941000,24.73,25.95,35.14,8.9,3.73
2942000,23.98,26.59,35.79,8.63,3.75
2943000,23.98,26.76,35.34,8.48,3.76
2944000,24.26,27.38,35.82,8.28,3.83
2945000,24.64,28.1,35.74,8.34,3.89
2946000,24.38,26.79,35.88,8.4,3.96
2947000,24.16,25.94,34.2,8.31,3.93
2948000,23.59,25.54,34.2,8.43,3.89
2949000,23.71,25.45,34.74,8.28,3.92
2950000,22.66,25.72,34.74,8.31,3.87
2951000,22.66,26.06,35.77,8.35,3.79
2952000,22.85,25.75,35.87,8.16,3.92
2953000,22.89,25.75,36.35,8.21,3.92
2954000,22.94,26.27,36.85,8.07,3.85
2955000,23.25,26.27,36.7,8.11,3.95
2956000,22.8,26.02,36.45,8.11,3.98
2957000,22.91,26.46,36.15,8.47,4.09
2958000,23.13,26.84,36.37,8.55,4.17
2959000,21.53,26.84,36.31,8.57,4.24
2960000,21.35,25.76,36.75,8.51,4.17
2961000,21.08,25.76,36.18,8.55,4.26
2962000,20.58,26.11,35.73,8.82,4.28
2963000,20.39,26.57,36.32,8.38,4.31
2964000,20.13,26.51,36.32,8.58,4.34
2965000,20.6,27.25,37.19,8.59,4.29
2966000,20.75,26.63,37.97,8.48,4.33
2967000,20.12,27.17,37.83,8.7,4.31
2968000,19.84,26.59,37.02,8.92,4.42
2969000,19.94,26.11,37.6,9.02,4.47
2970000,20.09,26.22,37.43,9.29,4.56
2971000,20.39,26.22,35.9,9.26,4.59
2972000,20.94,26.39,35.9,8.96,4.62
2973000,20.88,26.41,35.97,8.98,4.72
2974000,21.1,26.64,35.51,9.08,4.68
2975000,21.25,26.1,35.82,9.06,4.54
2976000,20.8,26.1,35.37,8.96,4.53
2977000,21.25,26.68,35.44,8.58,4.51
2978000,21.95,26.41,34.42,8.81,4.54
2979000,22.03,26.06,33.06,8.96,4.62
2980000,22.71,26.21,33.03,9.07,4.52
2981000,22.92,25.64,32.45,9.05,4.47
2982000,22.43,25.17,32.15,9.39,4.4
2983000,21.84,25.31,31.99,9.32,4.45
2984000,21.84,25.9,32.17,9.51,4.61
2985000,21.78,24.66,30.32,10.02,4.7
2986000,21.57,24.92,30.32,9.95,4.83
2987000,21.41,24.26,28.66,10.18,4.7
2988000,21.3,25.07,29.34,10.25,4.74
2989000,20.49,24.88,27.34,10.42,4.67
2990000,20.31,24.87,25.9,10.8,4.65
2991000,20.47,24.59,26.12,10.94,4.92
2992000,21.02,24.67,26.32,10.37,5.0
2993000,21.02,24.57,26.0,10.37,5.0
2994000,20.89,24.69,25.64,10.38,5.12
2995000,20.81,24.31,25.04,9.96,5.12
2996000,21.04,23.39,24.77,9.9,5.37
2997000,20.78,23.55,24.77,9.76,5.47
2998000,21.03,24.35,25.17,9.53,5.69
2999000,21.17,24.68,25.6,8.97,5.85
3000000,21.37,24.91,24.91,8.86,5.95
3001000,21.39,24.87,25.5,8.62,5.85
3002000,22.0,24.05,24.89,8.62,5.78
3003000,22.07,23.9,24.99,8.99,5.72
3004000,22.51,24.32,23.98,8.57,5.91
3005000,22.31,24.32,24.54,8.79,5.96
3006000,22.35,24.36,24.52,9.19,6.08
3007000,22.35,24.78,24.83,9.37,6.06
3008000,22.93,24.66,25.24,9.55,6.09
3009000,23.46,24.66,25.02,9.7,6.07
3010000,23.14,24.81,24.52,9.87,6.15
3011000,23.07,24.81,24.41,9.35,6.23
3012000,23.21,24.49,24.73,9.55,6.29
3013000,23.21,24.73,25.26,9.65,6.32
3014000,23.68,23.48,23.9,9.41,6.45
3015000,23.68,24.05,23.37,9.41,6.45
3016000,24.2,23.4,23.96,9.96,6.37
3017000,23.68,24.13,24.04,10.42,6.38
3018000,24.17,24.16,23.52,9.92,6.49
3019000,24.19,23.88,23.8,10.24,6.48
3020000,24.55,23.88,24.34,10.37,6.23
3021000,24.76,23.71,24.34,10.55,6.31
3022000,23.97,24.0,25.25,10.14,6.12
3023000,23.97,24.0,26.04,9.79,6.09
3024000,24.58,23.67,25.22,9.77,6.05
3025000,24.59,23.6,25.78,9.93,6.29
3026000,24.58,23.86,25.78,10.27,6.33
3027000,24.52,23.57,26.59,10.17,6.56
3028000,23.82,23.26,27.08,10.43,6.67
3029000,24.39,23.26,26.63,10.45,6.67
3030000,24.39,23.17,26.63,10.56,6.65
3031000,24.87,23.28,27.67,10.75,6.73
3032000,24.92,23.71,27.51,10.74,6.78
3033000,24.7,23.71,28.16,10.84,6.79
3034000,24.12,24.43,28.51,10.85,6.53
3035000,24.57,24.43,28.51,11.18,6.75
3036000,24.2,24.5,29.47,11.13,6.5
3037000,24.66,24.62,29.47,11.42,6.66
3038000,24.76,24.75,29.74,11.25,6.81
3039000,25.05,25.34,29.74,11.18,6.79
3040000,24.66,25.72,30.33,11.57,6.82
3041000,24.27,25.84,30.55,11.0,6.92
3042000,24.77,25.56,30.64,10.82,6.59
3043000,24.68,25.68,30.78,10.89,6.69
3044000,25.22,25.68,30.87,10.87,6.5
3045000,25.22,26.3,30.58,11.16,6.74
3046000,25.36,26.42,30.78,11.38,6.7
3047000,25.62,26.42,30.26,11.04,6.56
3048000,25.96,26.3,31.12,11.07,6.46
3049000,25.71,26.44,31.12,10.64,6.36
3050000,25.34,26.42,31.89,10.14,6.41
3051000,25.83,26.42,32.25,9.78,6.24
3052000,25.83,27.3,32.75,9.58,5.99
3053000,26.08,26.33,32.35,9.8,5.92
3054000,25.52,26.62,33.05,10.02,5.84
3055000,25.52,26.71,32.63,10.2,5.98
3056000,26.43,27.21,32.84,10.46,5.81
3057000,26.85,26.99,32.48,10.5,5.72
3058000,26.69,27.66,33.24,9.93,5.79
3059000,26.74,27.66,33.44,10.07,5.63
3060000,26.76,28.01,32.86,9.63,5.53
3061000,26.62,28.23,32.56,9.52,5.52
3062000,27.6,28.66,32.99,9.51,5.53
3063000,27.6,28.27,32.18,9.61,5.67
3064000,27.49,28.27,31.83,9.51,5.58
3065000,26.62,27.91,31.83,9.54,5.86
3066000,25.46,27.75,33.07,9.28,5.87
3067000,25.52,27.41,33.64,9.28,5.99
3068000,25.7,27.67,32.89,9.98,6.02
3069000,25.84,28.02,33.41,10.01,5.87
3070000,25.03,28.7,33.41,10.09,6.06
3071000,24.77,28.37,34.37,10.39,6.16
3072000,24.74,28.94,34.37,10.2,6.18
3073000,25.19,28.94,34.97,10.05,6.17
3074000,25.38,29.65,35.24,10.17,6.32
3075000,25.4,29.78,35.46,10.29,6.33
3076000,25.62,30.25,35.87,10.36,6.31
3077000,26.15,30.25,36.17,10.41,6.49
3078000,25.61,30.21,35.66,10.17,6.41
3079000,25.21,30.2,35.29,10.17,6.49
3080000,25.88,30.38,34.38,10.37,6.44
3081000,26.19,30.18,33.91,10.47,6.55
3082000,26.19,30.7,33.92,10.65,6.45
3083000,27.22,31.17,34.45,10.71,6.38
3084000,26.72,31.0,34.66,10.88,6.33
3085000,26.85,31.01,34.64,11.15,6.29
3086000,27.25,30.57,35.22,11.32,6.17
3087000,26.85,31.09,34.5,11.26,6.19
3088000,27.07,30.89,34.57,11.37,6.44
3089000,26.79,31.26,34.51,11.2,6.28
3090000,26.41,30.23,34.6,10.38,6.34
3091000,25.24,30.28,34.46,10.23,6.33
3092000,25.24,30.85,34.28,10.17,6.33
3093000,25.86,30.85,34.4,10.6,6.61
3094000,25.63,31.74,35.5,10.85,6.4
3095000,25.38,32.05,35.5,11.24,6.39
3096000,25.52,31.38,35.14,11.37,6.59
3097000,25.67,30.55,35.11,11.58,6.63
3098000,25.43,30.5,34.81,11.74,6.83
3099000,24.78,30.78,34.95,11.9,6.91
3100000,24.49,29.94,34.19,11.98,6.78
3101000,24.09,30.01,34.66,11.73,7.01
3102000,24.52,29.93,34.5,11.1,6.99
3103000,24.14,29.95,34.75,11.3,6.82
3104000,24.45,30.62,35.45,11.09,6.58
3105000,23.8,30.62,35.45,11.13,6.45
3106000,23.8,30.3,35.69,11.18,6.62
3107000,24.13,29.89,36.3,11.17,6.51
3108000,23.95,29.94,36.35,11.6,6.76
3109000,23.72,30.35,36.29,11.65,6.92
3110000,23.87,29.18,36.66,11.37,7.21
3111000,23.87,28.74,36.38,11.31,7.17
3112000,24.12,28.19,37.06,11.36,7.19
3113000,23.92,28.82,37.42,11.53,7.51
3114000,23.92,27.55,37.0,11.99,7.43
3115000,24.47,27.19,37.15,11.54,7.29
3116000,24.47,27.77,36.72,11.64,6.95
3117000,25.31,26.62,36.91,11.5,6.81
3118000,25.28,26.89,36.91,11.03,6.82
3119000,24.82,27.12,37.78,11.03,6.79
3120000,24.9,26.89,37.78,10.98,6.94
3121000,25.19,27.42,38.62,10.96,6.77
3122000,25.62,27.53,38.64,11.2,6.72
3123000,25.81,27.08,38.74,11.12,6.77
3124000,25.64,27.31,38.74,11.47,6.5
3125000,25.64,26.97,38.85,11.56,6.52
3126000,26.53,27.12,38.63,11.72,6.59
3127000,25.99,27.51,38.63,11.87,6.6
3128000,25.99,28.32,39.58,11.65,6.65
3129000,26.76,27.77,40.29,11.68,6.72
3130000,26.76,27.88,40.19,11.42,6.73
3131000,26.8,28.48,40.25,11.21,6.8
3132000,26.76,27.77,40.53,11.4,7.03
3133000,26.76,27.49,40.51,11.17,6.88
3134000,26.42,27.24,40.66,11.21,6.75
3135000,25.42,27.07,40.56,11.4,6.77
3136000,25.22,26.89,41.53,11.66,6.8
3137000,24.03,26.53,41.43,11.76,6.73
3138000,23.68,26.97,40.43,12.17,6.36
3139000,23.43,27.14,40.14,11.96,6.54
3140000,23.43,26.69,40.14,12.11,6.73
3141000,23.2,26.97,39.87,12.24,7.11
3142000,23.2,26.95,36.73,12.09,7.13
3143000,23.28,26.3,36.22,11.82,7.16
3144000,23.84,26.85,36.42,11.95,7.29
3145000,23.91,27.45,36.85,12.11,7.17
3146000,24.4,27.87,37.17,12.16,6.98
3147000,25.1,27.91,37.66,12.19,6.87
3148000,25.1,27.05,37.64,12.33,6.93
3149000,24.75,27.49,37.77,12.3,7.01
3150000,24.24,26.81,38.04,12.06,7.09
3151000,24.9,27.18,37.62,12.24,7.1
3152000,24.68,27.18,37.25,12.2,7.18
3153000,24.93,27.83,36.81,12.35,7.03
3154000,25.13,28.28,36.17,12.72,7.14
3155000,25.42,27.29,35.65,12.7,7.18
3156000,25.09,27.24,34.97,12.71,7.7
3157000,24.31,27.31,33.8,12.38,7.67
3158000,24.1,27.72,33.15,12.47,7.97
3159000,24.1,27.5,34.08,12.29,7.97
3160000,24.77,26.73,33.66,12.51,8.22
3161000,24.77,26.5,33.66,12.91,8.33
3162000,24.48,26.49,34.82,13.25,8.04
3163000,24.5,26.05,34.76,13.22,8.11
3164000,24.6,25.95,34.76,13.31,8.31
3165000,23.71,26.4,35.92,13.24,8.08
3166000,24.1,26.16,35.41,13.17,8.15
3167000,23.28,26.19,35.28,13.01,8.17
3168000,22.82,26.93,34.82,12.96,8.31
3169000,22.42,26.93,33.31,13.65,8.49
3170000,22.27,27.01,33.0,13.56,8.39
3171000,22.27,26.8,32.99,13.9,8.08
3172000,22.47,26.78,32.96,13.89,8.09
3173000,22.81,26.31,32.96,14.13,8.24
3174000,22.81,25.67,33.21,14.13,8.13
3175000,23.04,25.34,32.49,14.36,8.21
3176000,23.31,25.04,32.81,14.0,8.31
3177000,23.77,25.04,32.72,13.38,8.43
3178000,23.17,25.75,32.59,13.3,8.47
3179000,23.56,25.91,32.95,12.77,8.46
3180000,24.0,25.67,31.21,12.95,8.64
3181000,23.48,26.34,30.72,13.03,8.53
3182000,23.48,26.39,29.93,12.86,8.68
3183000,24.03,26.24,29.87,13.14,8.75
3184000,24.23,26.31,29.66,12.98,8.8
3185000,24.21,26.31,29.4,13.27,8.87
3186000,24.42,26.18,29.4,13.56,8.31
3187000,23.47,26.85,30.03,13.85,8.43
3188000,23.79,26.5,30.22,13.63,8.43
3189000,23.94,26.31,30.44,12.97,8.08
3190000,24.29,26.79,30.44,13.21,8.11
3191000,24.08,26.31,30.32,13.12,8.42
3192000,24.33,26.84,30.29,13.0,8.61
3193000,24.04,27.06,29.92,13.26,8.77
3194000,23.63,26.33,30.15,13.71,8.89
3195000,23.65,26.28,30.78,13.71,8.96
3196000,24.26,25.34,30.78,13.76,8.72
3197000,24.72,25.34,31.29,13.84,8.55
3198000,24.8,26.05,31.15,13.48,8.5
3199000,24.91,26.45,31.82,13.29,8.53
3200000,25.14,26.78,32.0,12.91,8.87
3201000,25.23,26.65,32.48,12.44,8.67
3202000,25.13,26.84,32.47,12.42,8.61
3203000,23.89,26.71,33.13,12.5,8.78
3204000,24.06,25.52,33.46,11.9,8.81
3205000,23.41,24.95,33.8,12.04,8.67
3206000,23.41,25.38,32.91,11.79,8.75
3207000,23.87,26.14,32.13,11.82,8.96
3208000,23.64,26.27,32.13,11.71,9.01
3209000,23.97,26.41,33.49,11.9,9.05
3210000,24.08,26.41,33.75,12.22,9.15
3211000,25.0,27.03,33.94,12.28,9.33
3212000,25.07,26.67,33.41,12.34,9.18
3213000,25.07,26.74,33.15,12.39,9.43
3214000,25.91,26.88,33.04,12.57,9.14
3215000,26.24,26.99,33.04,12.62,8.97
3216000,26.42,27.28,33.94,12.71,8.93
3217000,26.42,27.2,34.59,12.71,8.77
3218000,26.12,27.49,34.73,13.23,8.96
3219000,26.12,28.39,34.93,12.84,9.09
3220000,26.04,28.53,34.92,12.6,9.0
3221000,26.2,29.25,34.92,11.77,8.82
3222000,25.92,29.5,36.22,11.52,9.03
3223000,25.97,29.5,36.54,11.63,9.18
3224000,26.41,29.48,36.36,11.79,9.37
3225000,26.99,29.88,36.83,11.37,9.05
3226000,26.93,30.17,36.9,10.95,9.08
3227000,26.99,28.89,36.32,11.17,8.91
3228000,27.19,28.72,36.15,11.38,8.71
3229000,27.19,29.59,36.43,11.43,8.6
3230000,27.72,29.28,35.53,11.58,8.75
3231000,27.72,29.81,35.34,11.63,8.84
3232000,28.4,29.64,36.02,11.75,8.49
3233000,27.55,29.79,36.01,11.97,8.68
3234000,27.47,30.1,36.33,12.2,8.62
3235000,27.16,30.48,35.83,12.4,8.54
3236000,27.43,31.21,34.54,12.62,8.57
3237000,27.72,31.21,34.75,12.57,8.65
3238000,27.81,31.92,34.71,12.75,8.27
3239000,27.86,32.11,35.13,12.83,8.51
3240000,27.86,32.11,34.5,12.99,8.4
3241000,28.23,30.12,33.5,13.08,8.46
3242000,28.23,30.09,33.56,13.39,8.16
3243000,27.99,29.56,33.64,12.75,8.17
3244000,27.65,29.72,34.23,12.15,8.18
3245000,27.17,29.97,34.82,12.29,8.31
3246000,27.85,29.85,35.38,12.34,8.42
3247000,27.49,30.31,36.11,12.54,8.24
3248000,28.1,30.31,35.65,12.99,8.06
3249000,28.27,30.73,35.67,12.8,7.83
3250000,27.93,30.83,35.88,12.98,7.88
3251000,28.37,31.67,35.88,12.26,8.0
3252000,28.09,31.19,35.8,12.11,8.14
3253000,28.09,31.46,36.48,12.41,7.68
3254000,29.31,31.46,36.34,12.45,7.99
3255000,28.89,31.67,36.34,12.48,7.85
3256000,29.18,31.47,36.45,12.63,7.92
3257000,29.2,31.56,35.42,13.23,8.13
3258000,29.72,32.26,35.42,13.66,8.45
3259000,29.98,32.46,34.06,13.75,8.53
3260000,29.06,33.06,34.06,13.72,8.67
3261000,29.05,33.69,34.93,13.67,8.83
3262000,29.01,33.69,35.51,13.54,8.7
3263000,29.45,34.4,36.25,13.38,8.62
3264000,28.95,34.8,35.3,13.71,8.57
3265000,28.44,34.8,34.62,13.71,8.63
3266000,28.52,33.02,34.57,13.76,8.62
3267000,28.52,32.63,34.62,13.84,8.65
3268000,29.49,31.96,34.55,13.73,8.81
3269000,29.66,31.46,34.55,14.03,8.97
3270000,29.22,31.29,35.32,13.18,8.71
3271000,29.36,31.56,35.62,13.16,8.94
3272000,29.52,32.0,36.5,13.16,8.68
3273000,29.7,31.68,36.71,13.43,8.84
3274000,29.28,31.66,36.71,13.49,8.89
3275000,28.89,31.58,38.04,13.71,9.01
3276000,28.75,32.47,37.43,13.81,9.19
3277000,29.17,32.02,37.43,14.3,8.91
3278000,28.49,32.63,38.54,13.92,9.18
3279000,28.49,32.63,38.61,13.63,9.18
3280000,29.18,32.91,38.99,13.78,9.22
3281000,29.47,33.6,38.86,13.97,9.28
3282000,29.79,33.45,39.24,14.19,9.05
3283000,29.22,32.81,39.03,14.39,9.03
3284000,29.22,33.58,39.32,14.52,8.89
3285000,30.22,33.93,37.73,14.64,8.72
3286000,30.22,33.61,37.73,14.91,8.72
3287000,30.65,33.68,38.56,14.87,8.55
3288000,31.03,32.37,38.56,14.68,8.58
3289000,31.43,32.24,39.32,15.11,8.44
3290000,31.45,32.3,40.04,15.39,8.45
3291000,30.6,32.26,39.94,15.24,8.09
3292000,30.71,31.55,39.09,15.34,8.08
3293000,31.13,30.5,37.76,15.54,8.27
3294000,31.16,28.34,37.5,15.08,8.49
3295000,28.89,27.55,37.39,15.51,8.5
3296000,29.07,28.24,37.39,15.52,8.68
3297000,29.58,28.71,37.07,15.73,8.6
3298000,29.66,29.18,37.9,15.87,8.63
3299000,29.66,29.85,37.06,15.59,8.66
3300000,30.25,29.53,36.78,15.51,8.53
3301000,29.27,29.55,36.75,15.44,8.61
3302000,28.96,30.35,37.23,15.79,8.48
3303000,29.15,28.48,37.76,15.67,8.68
3304000,28.44,28.02,38.08,15.76,8.85
3305000,28.44,27.61,38.16,15.67,8.58
3306000,28.71,28.2,38.44,15.43,8.54
3307000,28.83,27.62,38.44,15.53,8.45
3308000,28.4,26.74,39.3,15.67,8.83
3309000,28.4,27.1,39.3,15.72,8.31
3310000,28.86,27.6,40.01,15.59,8.4
3311000,29.41,27.6,40.42,15.57,8.59
3312000,29.48,28.57,40.68,15.99,8.65
3313000,29.63,28.57,41.47,15.9,8.62
3314000,28.91,28.65,41.47,15.61,8.93
3315000,28.49,28.96,42.34,15.67,8.91
3316000,28.38,28.75,42.13,15.58,8.85
3317000,28.73,28.46,42.33,15.5,8.91
3318000,29.29,28.45,42.26,15.3,8.92
3319000,29.32,27.04,41.97,15.47,8.98
3320000,28.91,27.04,41.43,15.17,8.87
3321000,28.85,27.82,41.52,15.35,8.91
3322000,29.5,28.38,40.6,15.29,9.05
3323000,29.67,28.98,40.6,15.98,9.09
3324000,29.89,28.89,40.36,16.15,9.14
3325000,30.22,29.53,40.34,16.6,9.24
3326000,29.86,29.89,38.99,16.47,9.11
3327000,30.52,30.53,39.81,15.97,8.99
3328000,30.37,30.92,40.15,15.97,9.08
3329000,30.23,30.92,39.56,16.55,9.09
3330000,30.44,31.74,40.08,16.83,8.83
3331000,29.68,32.39,40.08,16.75,8.94
3332000,29.45,31.94,39.66,16.41,8.71
3333000,29.45,31.71,39.66,16.11,8.25
3334000,29.7,31.71,39.75,16.34,8.21
3335000,29.7,31.5,39.77,16.53,8.03
3336000,30.68,30.56,40.57,16.42,8.4
3337000,30.68,29.95,41.02,16.53,8.05
3338000,30.64,30.65,41.86,16.13,8.26
3339000,30.0,29.4,41.53,16.36,8.32
3340000,29.3,29.76,41.2,16.26,8.59
3341000,29.61,29.79,41.7,16.3,8.89
3342000,29.69,30.31,41.7,16.11,8.91
3343000,29.69,29.29,41.54,15.57,8.9
3344000,29.06,28.88,40.9,15.5,8.87
3345000,29.08,28.75,40.88,15.32,8.59
3346000,29.65,29.45,40.6,15.31,8.91
3347000,28.98,29.92,40.82,15.82,9.01
3348000,28.85,30.66,40.54,15.82,9.31
3349000,28.94,30.66,38.51,16.43,9.24
3350000,28.53,30.95,38.77,16.1,9.19
3351000,28.24,30.46,39.0,16.16,9.27
3352000,28.62,30.86,38.96,16.31,8.98
3353000,28.98,31.53,38.96,15.81,8.9
3354000,28.96,31.64,39.33,15.45,9.02
3355000,28.57,32.05,39.33,15.44,9.15
3356000,29.28,32.35,40.13,15.46,9.21
3357000,29.28,32.95,40.95,15.29,9.42
3358000,29.44,33.43,40.95,15.29,9.14
3359000,29.45,33.91,42.08,15.76,9.21
3360000,29.45,33.91,41.86,15.52,9.52
3361000,29.47,35.05,41.23,15.14,9.47
3362000,29.24,34.58,40.46,15.33,9.6
3363000,29.07,34.62,40.33,15.29,9.68
3364000,28.3,33.97,40.79,14.98,9.71
3365000,28.18,34.25,40.46,15.07,9.84
3366000,28.79,33.25,41.05,14.48,9.94
3367000,28.41,33.25,41.05,14.82,9.91
3368000,28.88,33.88,40.71,14.89,10.07
3369000,28.83,34.61,41.12,14.89,10.38
3370000,29.28,35.16,40.39,14.61,10.54
3371000,29.28,35.16,40.88,14.72,10.5
3372000,28.28,35.15,40.01,14.37,10.49
3373000,28.37,35.42,40.38,14.08,10.62
3374000,28.4,34.99,40.38,14.08,10.66
3375000,28.71,35.19,40.69,14.57,10.81
3376000,28.87,35.99,40.69,14.82,10.37
3377000,28.87,35.87,41.35,14.94,10.51
3378000,28.8,35.64,41.82,15.18,10.42
3379000,27.98,35.83,41.66,14.77,10.51
3380000,28.35,35.31,40.97,14.72,10.57
3381000,28.35,35.31,41.43,14.4,10.56
3382000,29.27,33.81,40.69,14.39,10.43
3383000,29.29,34.05,40.21,14.52,10.37
3384000,28.78,34.05,38.36,14.88,10.36
3385000,29.21,34.24,38.3,15.1,10.7
3386000,29.62,34.64,38.46,14.77,10.6
3387000,29.04,34.81,38.24,14.29,10.63
3388000,27.68,33.57,38.34,14.4,10.74
3389000,27.84,33.57,38.21,14.61,10.85
3390000,28.56,33.6,38.64,14.34,10.9
3391000,28.6,34.17,38.98,14.34,10.92
3392000,28.85,35.01,38.89,14.96,10.97
3393000,28.85,34.69,38.84,15.18,11.3
3394000,29.94,34.69,38.74,15.14,11.25
3395000,29.94,34.53,39.07,15.64,10.95
3396000,29.71,34.03,40.12,15.68,11.32
3397000,28.75,34.33,39.16,15.76,11.43
3398000,28.24,34.99,39.38,15.64,11.28
3399000,28.35,35.66,39.38,14.81,10.83
3400000,28.8,35.93,39.79,14.84,10.97
3401000,28.8,35.84,39.84,15.15,11.07
3402000,29.64,35.84,40.1,15.4,10.92
3403000,29.64,36.17,37.77,15.21,11.29
3404000,30.65,35.92,37.28,15.19,11.06
3405000,30.5,34.87,37.19,15.23,11.27
3406000,30.5,33.8,37.83,15.33,11.19
3407000,30.8,33.92,38.18,15.35,11.3
3408000,30.95,34.13,37.94,15.49,11.53
3409000,29.93,34.55,37.94,15.39,11.35
3410000,29.48,34.91,37.91,15.04,11.12
3411000,29.46,35.16,37.81,15.19,10.94
3412000,29.54,35.1,37.76,15.25,11.1
3413000,30.0,34.09,37.76,15.31,10.88
3414000,30.11,34.41,38.1,15.67,11.02
3415000,29.72,34.71,38.47,15.5,11.34
3416000,29.78,34.7,38.63,15.5,11.57
3417000,30.01,34.65,38.91,15.64,11.34
3418000,30.2,34.91,39.72,15.63,11.53
3419000,30.94,35.78,39.88,15.65,11.29
3420000,30.44,35.83,39.88,15.61,11.43
3421000,30.44,36.75,39.83,15.8,11.45
3422000,31.02,36.65,39.83,15.77,11.83
3423000,31.16,36.46,39.93,15.93,11.87
3424000,30.55,36.46,39.33,16.22,11.59
3425000,30.57,35.3,37.35,16.17,11.7
3426000,30.55,34.34,36.81,15.95,11.71
3427000,31.04,35.2,36.46,15.87,12.09
3428000,31.16,35.59,36.95,16.31,12.01
3429000,31.58,35.59,35.12,16.91,12.01
3430000,31.95,36.59,35.33,16.82,12.09
3431000,32.0,35.5,35.66,16.81,11.76
3432000,32.0,35.53,35.66,17.49,11.61
3433000,31.52,35.82,36.99,17.7,10.97
3434000,31.67,35.5,36.99,18.11,10.96
3435000,31.67,33.83,37.53,17.62,11.31
3436000,31.97,33.13,37.58,16.92,11.31
3437000,32.0,31.78,37.78,16.95,10.95
3438000,32.35,31.78,37.67,17.26,11.01
3439000,32.23,31.17,36.4,16.86,10.91
3440000,32.23,31.26,35.77,16.92,10.96
3441000,32.92,31.29,35.75,17.48,10.44
3442000,32.86,31.29,35.87,17.55,9.94
3443000,32.69,32.09,36.34,17.77,9.96
3444000,32.42,32.58,36.13,18.22,10.08
3445000,31.79,32.14,36.13,18.41,10.02
3446000,31.16,31.51,36.37,18.8,9.86
3447000,31.29,31.85,36.85,18.86,9.86
3448000,31.24,31.85,36.42,19.41,9.51
3449000,31.35,32.69,37.56,19.33,9.51
3450000,31.62,33.27,37.46,19.18,9.61
3451000,31.62,33.81,37.11,19.1,9.14
3452000,31.77,33.54,37.58,18.7,9.1
3453000,32.09,33.54,36.92,18.01,9.08
3454000,32.33,33.78,37.35,17.7,9.11
3455000,32.82,32.86,37.35,17.93,9.11
3456000,33.29,33.43,38.08,17.9,9.74
3457000,32.12,33.13,38.08,17.96,9.64
3458000,31.02,33.03,39.23,17.94,9.43
3459000,31.02,33.17,39.0,17.54,9.46
3460000,30.24,33.16,39.14,18.2,9.2
3461000,30.35,33.16,39.04,18.18,8.99
3462000,30.66,33.14,38.05,18.5,9.02
3463000,29.76,33.64,38.05,18.06,9.24
3464000,28.43,33.57,38.84,18.15,9.3
3465000,28.97,34.32,39.12,18.31,9.6
3466000,27.86,34.32,39.67,18.35,9.97
3467000,28.21,34.12,39.67,18.51,10.1
3468000,27.89,34.9,39.79,18.85,10.05
3469000,28.27,35.2,39.52,18.59,10.36
3470000,28.29,35.56,39.18,18.91,10.53
3471000,28.47,36.22,39.7,18.9,10.65
3472000,28.59,36.17,39.7,19.05,10.81
3473000,27.22,36.84,40.26,19.34,10.95
3474000,27.21,37.53,40.16,19.53,10.99
3475000,26.97,37.62,37.8,19.53,10.82
3476000,26.97,37.8,37.8,19.86,10.96
3477000,26.65,38.58,38.31,19.56,11.18
3478000,26.65,38.58,38.97,19.55,11.36
3479000,27.3,39.35,39.59,18.56,11.08
3480000,26.57,38.85,37.91,17.68,11.47
3481000,26.53,39.2,37.19,18.15,11.58
3482000,26.32,39.19,37.59,18.31,11.6
3483000,26.61,39.03,36.85,18.65,11.75
3484000,27.42,38.92,36.19,18.81,11.67
3485000,27.46,37.98,36.74,18.9,11.92
3486000,27.82,38.32,36.73,18.66,11.85
3487000,28.12,38.31,36.83,18.72,12.08
3488000,28.17,38.24,36.29,18.52,12.28
3489000,28.28,38.17,37.3,18.23,12.3
3490000,28.23,36.43,36.82,17.79,12.49
3491000,28.91,35.82,36.88,17.51,12.58
3492000,29.3,35.82,37.34,17.67,12.58
3493000,29.3,36.54,37.97,17.59,12.59
3494000,29.63,37.26,37.97,17.99,11.94
3495000,29.63,37.26,39.17,17.83,12.06
3496000,29.88,35.87,38.8,18.5,11.94
3497000,29.04,35.71,38.49,18.39,11.99
3498000,29.98,35.77,37.45,18.39,11.82
3499000,29.15,35.83,37.45,18.69,12.23
3500000,28.22,35.86,38.21,18.93,12.38
3501000,28.22,36.36,37.67,19.17,12.48
3502000,28.58,36.21,38.18,19.17,12.71
3503000,28.65,36.21,39.18,19.8,12.85
3504000,28.57,36.79,39.77,19.8,12.87
3505000,28.57,36.86,39.64,20.49,12.9
3506000,29.26,37.57,39.81,20.51,12.67
3507000,29.26,37.57,39.98,20.75,12.47
3508000,29.91,38.72,40.16,20.87,11.85
3509000,29.8,39.4,40.71,20.7,11.88
3510000,30.13,39.35,41.04,20.78,11.85
3511000,30.13,39.35,38.82,20.42,12.06
3512000,30.31,39.94,38.82,20.68,12.29
3513000,29.69,39.77,38.88,20.92,12.25
3514000,29.69,40.19,39.21,20.8,12.28
3515000,30.32,40.19,39.05,21.2,12.31
3516000,30.29,40.87,39.05,20.97,12.43
3517000,30.07,41.06,39.86,20.97,12.19
3518000,29.85,40.61,40.85,21.68,12.28
3519000,29.85,40.44,40.85,21.82,12.49
3520000,30.17,39.79,40.69,21.41,12.31
3521000,30.61,39.48,40.53,21.39,12.2
3522000,30.71,39.48,40.53,21.87,12.63
3523000,30.71,39.79,40.98,22.44,12.43
3524000,30.74,39.97,41.49,22.52,12.58
3525000,29.56,39.95,39.79,22.4,12.64
3526000,29.56,39.91,39.05,22.32,12.59
3527000,29.52,39.36,39.17,22.24,12.31
3528000,29.52,38.5,39.17,22.27,11.97
3529000,30.15,39.18,39.55,21.61,12.15
3530000,30.09,39.18,39.16,21.93,12.21
3531000,30.27,39.6,39.45,21.86,12.47
3532000,30.31,40.04,38.84,22.29,12.46
3533000,30.74,40.04,38.84,22.3,12.24
3534000,31.29,38.8,38.94,22.63,12.38
3535000,31.04,38.69,39.29,22.26,12.52
3536000,31.73,39.36,38.36,21.79,12.48
3537000,31.58,37.6,38.33,21.37,12.38
3538000,31.43,37.6,36.8,21.36,12.28
3539000,31.84,37.5,36.97,21.37,12.11
3540000,31.84,37.78,37.71,21.5,12.24
3541000,32.19,37.02,37.41,21.63,12.36
3542000,32.64,36.36,37.68,21.88,12.37
3543000,32.46,36.47,37.68,21.86,11.91
3544000,32.46,36.34,38.04,22.26,11.87
3545000,33.29,36.09,38.04,22.07,11.7
3546000,33.24,36.47,38.72,21.48,11.77
3547000,33.24,36.48,38.72,21.82,11.7
3548000,33.57,35.89,38.77,21.41,11.6
3549000,32.46,36.4,37.91,21.47,11.64
3550000,32.09,35.41,38.04,20.98,11.35
3551000,31.22,36.04,37.94,20.89,11.33
3552000,31.55,36.04,37.83,20.2,11.3
3553000,31.38,36.66,36.62,19.73,11.2
3554000,31.38,36.77,35.82,19.67,11.46
3555000,31.97,37.6,36.37,19.46,11.7
3556000,32.44,37.42,36.94,19.28,11.57
3557000,32.14,37.68,37.2,19.44,11.59
3558000,29.85,37.68,36.87,19.43,11.77
3559000,30.17,37.72,36.87,19.51,11.84
3560000,29.34,38.21,36.48,19.41,11.62
3561000,29.0,38.18,36.48,19.07,11.6
3562000,29.2,38.98,36.97,19.19,11.99
3563000,28.93,38.55,37.15,19.56,12.06
3564000,28.99,38.55,36.88,19.57,12.03
3565000,28.95,38.95,36.2,19.14,12.15
3566000,29.59,38.95,36.1,19.03,12.38
3567000,29.02,38.7,34.67,19.3,12.34
3568000,28.82,39.46,34.21,18.73,12.42
3569000,28.93,39.46,34.21,18.79,12.22
3570000,28.75,40.09,34.48,18.25,12.21
3571000,27.74,40.12,34.48,18.33,12.35
3572000,26.53,40.03,34.31,18.56,11.91
3573000,26.42,40.12,34.8,18.36,11.92
3574000,26.42,39.46,35.17,18.53,11.85
3575000,27.13,39.93,34.88,18.46,11.5
3576000,26.84,40.28,34.37,17.66,11.32
3577000,26.36,40.52,34.98,17.51,10.81
3578000,26.55,41.2,34.17,17.56,10.69
3579000,26.45,40.77,33.61,17.41,10.63
3580000,25.92,41.25,32.92,17.93,10.92
3581000,26.41,41.25,32.92,18.21,10.83
3582000,26.41,41.0,33.34,18.62,11.08
3583000,27.15,40.46,33.96,18.51,11.21
3584000,28.07,40.46,33.93,18.85,11.29
3585000,28.37,40.94,33.41,19.21,11.44
3586000,27.63,40.84,34.12,19.57,11.73
3587000,28.01,41.11,34.12,19.55,11.27
3588000,28.04,38.68,34.94,20.03,11.47
3589000,28.27,38.68,35.72,19.21,11.66
3590000,28.8,39.49,34.37,19.63,11.86
3591000,28.95,39.52,34.37,19.68,11.95
3592000,28.69,40.29,34.87,18.9,12.04
3593000,27.85,40.29,35.54,18.73,11.94
3594000,27.11,41.02,35.54,18.37,11.96
3595000,27.72,41.08,36.31,18.35,11.42
3596000,27.8,39.55,36.31,18.77,11.31
3597000,26.86,40.05,36.62,19.13,11.27
3598000,26.86,39.31,36.55,19.23,11.35
3599000,27.72,39.68,36.5,19.05,10.93
3600000,27.41,39.68,36.77,19.38,11.07
3601000,27.27,39.03,37.33,19.25,10.7
3602000,26.91,39.11,37.33,19.21,10.09
3603000,26.41,38.13,37.91,19.15,10.16
3604000,25.81,38.55,37.72,19.1,10.38
3605000,25.81,37.36,38.74,19.27,10.53
3606000,27.21,37.94,39.14,19.02,10.71
3607000,27.21,38.7,39.33,19.15,10.74
3608000,28.09,38.14,38.69,18.73,11.12
3609000,27.9,38.34,39.1,19.44,11.09
3610000,28.46,38.96,39.48,18.73,11.41
3611000,28.46,38.79,38.77,18.87,11.44
3612000,29.26,39.47,39.09,18.98,11.62
3613000,28.63,39.92,38.09,18.4,11.74
3614000,28.63,39.36,38.09,18.33,11.9
3615000,27.5,37.96,38.2,18.33,12.04
3616000,27.91,37.87,38.78,18.8,12.42
3617000,28.67,37.45,39.58,19.2,12.5
3618000,28.57,37.98,39.58,19.45,12.89
3619000,28.62,37.96,40.57,19.79,13.13
3620000,28.62,37.97,40.9,19.81,13.22
3621000,29.65,36.88,40.9,18.91,13.45
3622000,29.73,36.48,41.77,18.64,13.42
3623000,30.19,36.62,42.39,18.8,13.22
3624000,29.29,35.59,42.39,18.47,13.04
3625000,29.6,35.09,43.61,18.76,13.16
3626000,29.1,35.21,43.61,18.77,12.67
3627000,29.48,34.65,44.15,19.0,12.55
3628000,29.43,33.67,44.3,18.38,12.55
3629000,29.1,34.11,45.0,18.35,12.64
3630000,29.72,34.6,45.0,18.35,12.71
3631000,29.93,35.68,45.52,19.1,12.8
3632000,30.75,34.57,46.11,19.04,12.74
3633000,30.85,34.94,45.46,18.73,12.89
3634000,31.05,34.49,44.87,19.18,12.86
3635000,31.55,34.38,44.87,19.62,13.13
3636000,31.55,34.98,45.99,19.76,12.97
3637000,32.38,35.29,44.42,19.17,13.08
3638000,32.02,35.27,44.62,19.16,13.2
3639000,32.21,35.54,44.62,19.45,12.84
3640000,31.56,36.02,45.48,19.21,13.09
3641000,32.35,36.16,45.03,19.37,13.07
3642000,32.14,36.48,45.19,19.61,13.47
3643000,33.03,37.54,45.09,19.45,13.61
3644000,33.36,36.94,45.35,19.17,13.52
3645000,33.43,36.81,44.41,18.77,13.85
3646000,33.93,37.23,43.37,18.98,13.11
3647000,34.28,35.2,42.96,18.97,12.83
3648000,34.28,35.42,43.36,19.68,12.09
3649000,34.62,35.42,43.64,19.5,12.11
3650000,33.51,34.92,43.21,19.79,11.79
3651000,33.62,34.31,42.07,20.0,11.96
3652000,33.62,34.69,41.31,20.35,11.65
3653000,34.22,34.69,41.31,20.14,11.75
3654000,33.36,34.44,42.29,20.03,11.7
3655000,33.36,34.31,42.26,20.43,11.54
3656000,33.11,34.31,42.26,20.33,11.94
3657000,33.17,34.4,42.68,20.74,11.93
3658000,33.09,34.05,42.74,20.87,11.8
3659000,33.19,34.04,42.74,20.34,11.68
3660000,33.23,34.58,43.04,21.04,11.83
3661000,33.23,34.14,41.66,20.94,12.11
3662000,34.12,34.53,41.76,20.76,12.11
3663000,34.58,35.12,42.56,20.57,12.54
3664000,34.78,34.79,40.87,20.96,12.84
3665000,34.78,34.79,40.37,21.04,12.76
3666000,34.37,34.84,40.05,21.49,12.89
3667000,35.47,34.78,40.05,21.93,12.81
3668000,34.77,34.81,40.2,21.71,13.14
3669000,34.91,34.99,40.42,20.9,13.08
3670000,35.07,35.2,40.52,21.05,13.17
3671000,34.58,35.82,41.22,21.31,13.24
3672000,33.2,34.59,39.98,21.52,13.16
3673000,33.2,34.62,39.98,21.77,13.24
3674000,32.86,33.94,40.86,22.06,12.9
3675000,33.56,33.94,41.86,22.07,12.97
3676000,32.55,33.86,41.65,22.07,12.98
3677000,32.17,33.21,40.74,22.53,13.08
3678000,32.5,33.79,40.74,22.37,13.09
3679000,32.72,34.23,41.21,22.46,12.63
3680000,32.7,34.23,41.21,22.39,12.86
3681000,33.11,34.86,41.76,21.98,12.76
3682000,32.79,35.1,42.07,21.93,12.44
3683000,32.84,34.93,42.22,22.01,12.6
3684000,32.84,35.5,42.09,21.93,12.43
3685000,33.82,35.89,41.38,21.12,11.97
3686000,33.63,35.89,41.84,20.96,11.99
3687000,33.63,36.08,40.98,21.45,11.98
3688000,34.2,35.46,40.41,21.7,12.23
3689000,33.04,35.46,40.41,21.22,12.73
3690000,33.04,35.6,41.03,21.37,12.82
3691000,33.96,35.85,41.16,21.52,12.8
3692000,34.17,36.23,41.16,21.53,13.12
3693000,35.08,36.91,40.65,21.78,13.34
3694000,35.08,36.17,38.3,21.9,12.93
3695000,35.39,37.0,38.54,22.0,12.58
3696000,35.32,37.17,38.54,22.4,12.39
3697000,35.2,36.82,37.23,22.32,12.79
3698000,33.87,35.76,37.57,21.99,12.68
3699000,33.16,36.35,37.38,21.33,12.78
3700000,33.35,36.57,37.38,21.33,13.02
3701000,32.99,37.14,38.31,21.97,13.11
3702000,32.22,37.14,37.8,21.59,13.23
3703000,32.1,37.53,36.79,21.36,12.98
3704000,32.44,36.26,37.23,21.4,12.28
3705000,32.38,36.26,37.55,21.04,12.28
3706000,32.94,37.22,38.43,20.02,12.28
3707000,32.45,37.23,38.43,20.02,12.53
3708000,31.3,37.33,39.85,20.02,12.06
3709000,31.3,36.84,39.85,20.23,11.82
3710000,31.16,36.07,40.09,19.82,11.11
3711000,31.38,36.08,40.62,19.88,11.23
3712000,31.21,36.29,40.64,18.75,11.19
3713000,31.42,36.26,40.64,18.35,11.51
3714000,31.42,36.34,41.45,18.35,11.73
3715000,32.06,37.3,41.64,17.84,11.75
3716000,32.31,37.3,41.64,17.5,12.05
3717000,32.49,37.58,43.06,17.04,12.26
3718000,31.98,36.7,43.22,17.28,12.03
3719000,32.56,36.59,43.28,17.7,12.18
3720000,32.91,37.32,43.76,17.6,12.28
3721000,32.05,37.19,44.49,17.8,12.56
3722000,32.53,37.05,45.0,17.8,12.72
3723000,32.89,36.02,44.68,18.56,12.47
3724000,32.6,35.9,44.49,18.32,12.65
3725000,32.76,35.48,44.85,18.35,12.92
3726000,31.87,36.11,45.11,17.3,13.16
3727000,31.87,36.17,45.71,17.53,13.5
3728000,32.21,36.1,46.01,17.27,13.66
3729000,31.89,36.25,45.12,17.84,13.97
3730000,32.5,36.25,45.11,17.93,14.22
3731000,32.63,36.12,45.68,17.93,14.44
3732000,32.63,35.74,45.68,18.2,14.71
3733000,31.78,35.73,45.35,18.11,14.12
3734000,31.78,35.62,45.92,18.55,14.4
3735000,32.47,35.51,46.18,18.51,13.91
3736000,32.73,34.82,45.75,17.53,13.95
3737000,33.06,34.82,45.75,17.53,14.05
3738000,33.27,35.17,46.78,17.94,14.22
3739000,33.43,35.55,46.69,18.39,14.47
3740000,33.0,35.46,46.69,18.37,14.64
3741000,33.32,34.71,46.55,18.81,14.09
3742000,33.32,35.23,46.55,18.04,14.24
3743000,33.73,35.23,47.67,18.07,13.99
3744000,33.79,36.27,48.56,17.54,14.05
3745000,34.58,34.53,48.5,17.53,13.63
3746000,33.52,34.53,48.5,18.01,13.65
3747000,33.63,33.92,48.02,18.14,13.46
3748000,33.63,33.62,48.37,18.24,13.04
3749000,33.25,33.62,48.41,18.19,13.15
3750000,33.75,33.69,48.88,18.37,12.83
3751000,32.54,34.22,49.0,18.61,12.98
3752000,32.69,34.49,49.0,18.81,13.08
3753000,32.86,35.0,48.95,19.07,13.19
3754000,33.33,35.69,49.53,18.43,13.51
3755000,33.33,35.61,50.25,18.22,13.62
3756000,33.17,35.54,49.72,18.42,13.05
3757000,33.12,36.21,48.05,18.53,12.96
3758000,32.62,36.48,48.13,18.85,12.61
3759000,32.62,36.06,47.49,19.11,12.74
3760000,33.68,35.85,47.49,19.11,12.87
3761000,32.75,35.35,46.59,19.84,12.96
3762000,32.89,35.74,46.92,19.84,12.84
3763000,32.89,36.65,46.92,20.36,12.53
3764000,33.37,36.65,47.44,20.19,12.91
3765000,33.33,36.74,48.35,20.61,12.91
3766000,33.33,36.74,48.43,20.61,13.03
3767000,33.95,37.46,47.21,21.48,12.94
3768000,34.54,36.95,45.06,21.48,12.77
3769000,35.26,37.73,44.7,21.84,12.25
3770000,35.57,37.73,44.6,22.18,11.79
3771000,36.27,36.14,44.99,22.57,11.75
3772000,36.05,36.45,45.77,22.46,11.94
3773000,36.05,35.04,45.48,22.68,12.37
3774000,35.96,35.04,45.92,22.45,12.22
3775000,35.96,35.26,46.09,22.48,12.55
3776000,36.91,35.9,46.16,21.75,12.94
3777000,37.12,35.75,47.21,21.97,12.57
3778000,36.19,35.85,45.76,22.57,12.46
3779000,36.19,36.29,45.02,22.84,12.08
3780000,36.42,36.29,45.02,22.6,12.3
3781000,36.45,35.76,45.85,22.78,11.86
3782000,37.07,35.5,46.03,23.06,11.9
3783000,37.07,34.89,46.03,23.27,11.93
3784000,37.34,35.35,47.09,22.94,12.04
3785000,37.34,35.16,47.09,22.94,12.3
3786000,37.54,33.7,44.84,23.67,12.4
3787000,37.56,33.7,44.84,23.95,12.54
3788000,36.97,34.46,45.41,23.54,12.92
3789000,36.09,34.97,45.57,24.07,13.2
3790000,36.21,35.2,45.98,24.05,13.19
3791000,36.04,33.75,45.98,23.44,13.21
3792000,36.66,32.01,46.51,23.6,13.22
3793000,36.48,32.01,46.44,24.09,13.57
3794000,36.01,32.68,46.92,23.9,13.49
3795000,36.78,32.68,45.23,23.32,13.81
3796000,36.5,33.19,45.26,23.17,13.95
3797000,36.19,33.23,45.26,23.0,13.71
3798000,36.64,33.1,45.16,22.83,13.64
3799000,36.64,34.02,44.72,22.98,13.53
3800000,37.39,34.36,44.86,22.54,13.69
3801000,36.6,34.34,45.12,22.51,13.78
3802000,36.29,34.84,45.46,22.41,14.04
3803000,36.35,34.91,45.46,23.04,14.02
3804000,36.35,34.12,46.19,22.76,13.97
3805000,36.71,34.34,46.84,22.91,13.64
3806000,37.58,35.09,46.85,22.67,13.43
3807000,37.71,35.59,46.85,22.44,13.19
3808000,36.87,35.73,47.5,22.61,13.19
3809000,36.6,35.83,47.5,23.02,13.57
3810000,36.47,35.58,48.11,23.25,13.54
3811000,36.61,35.58,48.51,23.25,13.32
3812000,37.17,36.1,48.51,23.55,13.5
3813000,37.07,36.1,47.93,23.83,13.68
3814000,37.62,37.03,47.93,24.06,13.44
3815000,36.94,36.73,47.49,23.23,13.14
3816000,36.34,36.73,47.49,22.33,12.85
3817000,36.34,35.71,46.66,21.12,12.85
3818000,36.7,35.51,46.59,21.12,13.09
3819000,36.51,35.54,46.79,21.79,13.48
3820000,36.51,35.23,46.79,20.68,13.71
3821000,36.51,35.91,46.56,20.72,13.72
3822000,37.08,35.53,46.56,20.88,14.02
3823000,36.62,34.79,45.47,20.35,13.7
3824000,36.2,35.15,45.5,20.92,13.94
3825000,35.24,33.87,45.5,20.61,14.06
3826000,35.94,33.57,45.82,21.27,13.84
3827000,35.75,33.57,46.04,19.84,14.07
3828000,35.94,32.2,44.39,20.0,13.76
3829000,35.49,31.39,43.45,20.38,13.42
3830000,35.64,31.55,43.85,20.32,13.62
3831000,35.64,31.7,43.94,20.32,13.36
3832000,36.07,31.63,44.81,21.05,13.61
3833000,35.54,32.0,45.0,21.64,13.39
3834000,35.54,31.62,45.3,21.22,13.71
3835000,36.46,31.4,45.75,21.03,13.96
3836000,36.96,31.46,46.5,20.65,13.82
3837000,36.25,30.15,46.88,20.17,13.68
3838000,36.44,28.71,46.44,19.68,13.7
3839000,36.02,28.7,46.44,19.71,13.72
3840000,36.3,29.29,47.22,20.18,13.85
3841000,35.69,29.29,48.09,20.16,13.77
3842000,35.69,30.1,48.56,20.52,13.76
3843000,35.76,29.49,48.56,20.3,13.89
3844000,35.76,29.17,48.56,19.95,14.01
3845000,36.95,29.17,49.08,20.4,13.96
3846000,37.28,29.61,48.34,20.31,14.04
3847000,35.93,29.7,48.77,20.55,14.06
3848000,36.16,30.45,48.77,20.94,14.23
3849000,36.42,30.48,49.46,21.28,14.36
3850000,36.36,30.84,49.91,21.62,14.22
3851000,35.7,31.53,50.92,21.03,13.91
3852000,34.81,31.01,51.54,20.63,13.9
3853000,34.81,31.58,51.93,19.99,13.81
3854000,35.49,31.7,51.93,20.15,13.77
3855000,34.63,30.54,52.67,19.95,13.78
3856000,34.36,29.89,52.96,20.25,13.71
3857000,35.06,29.98,52.96,20.33,13.56
3858000,35.02,29.67,53.48,20.58,12.56
3859000,35.32,29.34,53.99,20.06,12.51
3860000,34.66,30.01,53.99,20.06,12.73
3861000,34.81,29.05,54.1,20.5,13.16
3862000,35.57,29.05,53.81,20.02,12.84
3863000,36.04,29.44,53.05,20.14,12.99
3864000,35.18,30.01,53.05,20.08,13.11
3865000,35.17,29.93,53.91,20.83,13.28
3866000,34.66,30.4,54.44,20.83,13.28
3867000,35.19,29.94,54.73,21.31,13.4
3868000,35.14,29.88,55.08,21.86,13.78
3869000,35.14,30.12,55.82,22.08,13.96
3870000,35.39,30.05,55.82,22.39,14.0
3871000,35.51,29.74,57.17,22.04,14.01
3872000,35.51,30.58,55.92,22.23,14.29
3873000,36.08,29.78,55.98,22.32,14.4
3874000,34.63,30.29,55.87,21.76,13.97
3875000,34.77,30.2,55.64,21.35,13.67
3876000,34.75,30.4,55.64,20.72,13.24
3877000,34.75,30.4,56.74,20.72,13.12
3878000,35.91,30.92,56.25,21.4,13.38
3879000,35.72,31.04,56.19,21.45,13.77
3880000,35.72,31.04,55.26,20.93,13.77
3881000,36.19,31.74,53.64,21.33,14.0
3882000,36.43,31.14,53.64,19.92,13.86
3883000,36.69,31.49,54.43,19.92,13.99
3884000,35.97,31.49,55.4,20.34,13.87
3885000,36.32,32.31,55.74,20.83,13.83
3886000,36.32,31.49,55.11,20.33,13.76
3887000,36.77,31.68,55.5,20.4,13.85
3888000,37.49,31.29,56.18,20.4,13.64
3889000,37.03,31.28,55.74,20.38,13.46
3890000,35.1,31.85,55.54,20.95,13.27
3891000,35.15,31.89,55.14,21.3,13.53
3892000,35.28,31.89,54.87,21.28,13.9
3893000,35.39,31.93,55.05,21.22,14.03
3894000,35.37,32.72,55.05,21.27,14.03
3895000,35.49,33.06,55.7,20.56,14.03
3896000,35.49,32.94,55.12,20.54,14.27
3897000,36.25,32.53,55.12,20.59,14.27
3898000,35.4,33.12,55.44,20.92,14.59
3899000,34.52,33.12,55.44,20.51,14.95
3900000,34.52,34.32,56.42,20.71,14.95
3901000,35.44,34.62,57.22,21.26,15.25
3902000,33.79,34.79,57.41,21.16,15.29
3903000,32.0,35.21,55.52,21.42,15.64
3904000,32.0,35.59,55.4,21.77,15.75
3905000,32.81,35.59,54.94,22.06,15.94
3906000,33.02,36.25,53.23,22.29,16.0
3907000,31.97,36.14,52.3,22.78,16.32
3908000,31.24,36.14,52.78,22.78,15.99
3909000,31.24,36.76,52.78,23.24,15.42
3910000,31.51,37.2,53.45,23.06,15.64
3911000,32.04,37.42,53.45,23.11,15.7
3912000,32.04,37.89,54.49,23.18,15.7
3913000,32.32,36.87,54.72,22.92,15.99
3914000,32.32,37.18,54.17,23.66,15.57
3915000,33.25,36.62,54.23,22.79,15.86
3916000,33.17,36.02,54.23,22.68,15.79
3917000,32.79,36.02,53.44,22.64,15.28
3918000,32.79,35.57,53.66,21.12,15.44
3919000,33.13,35.36,53.66,21.38,15.03
3920000,33.95,35.36,53.94,21.64,15.03
3921000,33.95,36.32,53.94,21.62,15.58
3922000,34.5,36.37,54.03,21.76,15.7
3923000,34.46,36.37,53.74,21.76,15.74
3924000,34.41,36.83,54.21,22.06,15.88
3925000,34.5,36.83,52.92,22.55,15.88
3926000,34.5,37.4,50.81,22.55,16.14
3927000,33.95,38.26,50.81,22.46,16.18
3928000,33.32,38.26,51.07,22.49,15.99
3929000,33.57,38.65,50.9,21.76,15.56
3930000,33.69,38.99,50.33,22.18,15.75
3931000,33.69,38.99,48.89,21.55,15.32
3932000,33.93,37.22,48.89,21.36,15.22
3933000,33.02,36.74,49.8,20.44,15.37
3934000,31.73,36.83,49.8,20.48,15.17
3935000,31.64,36.83,47.88,20.26,15.18
3936000,31.23,36.85,46.31,20.36,14.89
3937000,30.13,36.62,46.31,20.62,15.18
3938000,30.01,36.46,47.41,21.07,15.05
3939000,29.45,36.46,47.25,20.43,15.05
3940000,28.75,36.9,47.4,20.43,15.7
3941000,28.75,37.82,46.64,20.6,15.36
3942000,28.13,37.57,46.53,20.53,15.59
3943000,27.48,36.96,46.28,20.53,15.54
3944000,27.39,35.71,46.51,21.15,15.81
3945000,28.04,36.14,45.38,21.17,16.06
3946000,28.59,36.14,45.4,21.59,15.66
3947000,28.59,36.25,45.45,21.45,15.77
3948000,29.9,36.49,45.45,21.07,15.7
3949000,29.9,37.22,45.33,21.09,15.25
3950000,30.64,37.65,45.33,21.08,14.69
3951000,30.64,37.6,44.69,21.46,14.7
3952000,31.21,37.6,44.23,21.03,14.67
3953000,30.84,37.22,44.54,21.51,14.9
3954000,31.17,37.22,44.49,21.51,15.12
3955000,32.03,38.04,44.49,21.88,14.91
3956000,32.03,38.79,45.88,21.71,15.2
3957000,30.75,38.79,45.33,21.75,15.43
3958000,30.86,39.69,44.55,21.38,15.52
3959000,31.8,40.24,44.55,21.48,15.25
3960000,31.66,40.48,45.12,21.5,15.88
3961000,31.69,41.09,44.35,21.5,15.73
3962000,31.04,41.18,44.24,21.67,15.84
3963000,31.54,41.98,43.49,20.94,15.74
3964000,31.54,41.08,43.56,21.41,15.82
3965000,32.72,41.11,43.64,21.42,15.75
3966000,32.72,40.38,43.64,21.52,15.75
3967000,32.72,40.02,43.0,22.06,16.52
3968000,33.91,40.28,41.26,22.64,16.52
3969000,34.65,40.28,41.26,22.66,16.92
3970000,34.69,40.89,41.15,22.83,17.15
3971000,35.19,39.91,42.01,22.73,17.25
3972000,35.96,39.96,41.8,22.83,17.34
3973000,35.04,40.31,42.3,23.01,17.35
3974000,34.88,40.99,43.22,22.13,17.57
3975000,34.88,41.63,43.21,22.54,17.71
3976000,36.03,42.23,43.05,21.46,17.48
3977000,35.94,41.01,43.05,21.95,17.56
3978000,35.94,41.01,44.28,22.55,17.01
3979000,36.95,41.34,44.28,22.94,16.59
3980000,37.46,40.66,45.65,23.37,16.65
3981000,35.44,40.66,45.65,22.79,16.95
3982000,35.44,41.19,46.49,23.25,17.19
3983000,36.46,41.4,46.49,23.25,17.38
3984000,36.62,41.58,47.45,23.4,17.21
3985000,37.01,42.14,46.55,23.31,17.16
3986000,37.01,41.85,44.91,23.09,17.29
3987000,36.19,42.04,44.91,23.32,16.85
3988000,35.06,41.79,45.91,23.78,16.22
3989000,35.06,42.18,45.73,23.82,15.84
3990000,35.93,42.2,44.95,23.05,15.84
3991000,36.45,42.33,44.96,23.43,16.19
3992000,36.14,41.73,44.96,23.31,15.49
3993000,35.97,39.82,46.67,23.31,15.55
3994000,34.64,39.14,46.67,23.31,15.66
3995000,35.34,39.44,46.19,24.05,15.43
3996000,35.34,39.3,45.95,24.05,15.52
3997000,36.13,38.61,46.27,24.32,15.64
3998000,36.86,38.16,46.45,23.78,15.89
3999000,37.16,38.48,46.62,23.78,16.04
4000000,36.45,37.94,45.79,24.64,16.24
4001000,35.76,38.16,46.44,24.64,16.63
4002000,35.71,38.0,47.16,24.64,16.68
4003000,35.63,37.86,47.35,25.18,16.45
4004000,35.99,37.23,46.38,25.71,16.36
4005000,36.69,37.23,47.42,25.66,16.37
4006000,37.27,37.32,47.42,25.85,16.18
4007000,37.27,37.32,48.42,25.69,16.28
4008000,37.85,36.57,48.83,25.21,16.64
4009000,37.85,36.84,48.83,25.11,15.84
4010000,38.44,37.32,49.22,24.18,15.93
4011000,38.08,36.61,47.71,24.28,15.88
4012000,38.08,35.77,47.7,24.05,16.17
4013000,39.0,35.77,49.02,24.05,15.94
4014000,39.12,35.32,49.02,24.4,16.27
4015000,39.0,35.9,48.1,24.22,15.67
4016000,39.13,35.48,47.05,24.54,15.33
4017000,39.13,35.11,47.05,24.9,15.13
4018000,39.6,35.11,48.25,24.3,15.41
4019000,39.97,36.24,48.25,24.54,15.09
4020000,40.29,36.24,48.25,24.88,15.03
4021000,40.22,37.24,49.62,22.97,14.54
4022000,40.22,37.18,49.08,22.83,14.34
4023000,39.93,37.18,49.08,23.26,14.29
4024000,40.17,37.79,50.15,23.1,14.61
4025000,39.49,38.28,50.37,23.23,14.93
4026000,39.49,36.61,50.35,23.19,15.14
4027000,38.57,36.61,50.56,23.29,15.44
4028000,38.57,37.42,50.61,23.49,15.58
4029000,37.93,37.1,50.68,23.43,15.29
4030000,37.93,37.71,50.65,23.44,15.43
4031000,38.44,37.54,50.65,23.46,15.32
4032000,38.59,37.95,50.71,23.46,15.37
4033000,39.01,37.95,50.93,23.47,15.5
4034000,38.17,38.05,50.81,23.12,15.57
4035000,38.17,37.97,50.94,23.45,15.49
4036000,39.43,38.62,50.94,23.82,15.49
4037000,38.67,38.62,52.01,24.22,16.14
4038000,37.33,38.36,52.24,24.22,16.15
4039000,35.52,38.49,52.03,24.55,16.61
4040000,34.41,38.49,52.61,25.0,16.89
4041000,34.41,38.69,52.44,24.77,16.79
4042000,35.38,38.89,51.48,25.16,17.2
4043000,35.47,38.74,51.54,25.18,16.41
4044000,36.07,37.41,51.82,25.84,16.21
4045000,36.03,37.81,52.04,26.2,16.32
4046000,34.27,37.81,52.52,25.92,16.26
4047000,34.27,38.66,52.95,25.92,16.24
4048000,34.91,39.08,52.95,26.54,16.62
4049000,34.87,39.08,54.03,26.33,16.62
4050000,35.05,38.91,51.89,25.9,17.1
4051000,34.46,39.33,52.32,24.66,16.27
4052000,34.81,38.34,52.32,23.91,16.27
4053000,34.91,38.02,52.34,21.69,16.49
4054000,34.23,37.59,51.54,20.3,16.63
4055000,34.94,37.74,52.09,20.14,16.5
4056000,35.29,37.1,52.42,20.08,16.75
4057000,33.92,37.1,52.42,20.08,17.01
4058000,33.32,37.1,52.24,20.36,17.25
4059000,33.25,38.22,52.24,20.35,17.19
4060000,33.61,38.99,53.74,19.45,16.88
4061000,33.68,38.99,53.79,19.66,16.66
4062000,31.93,39.82,54.1,18.54,17.06
4063000,31.93,40.68,54.1,18.87,16.47
4064000,32.65,40.24,55.25,19.03,16.62
4065000,33.27,41.11,56.1,18.51,16.74
4066000,33.37,41.11,56.1,18.89,16.77
4067000,33.13,41.76,54.86,19.19,16.27
4068000,34.09,41.76,54.4,19.28,16.06
4069000,33.34,42.68,52.79,19.47,15.95
4070000,33.24,42.9,52.79,19.38,15.95
4071000,33.05,43.7,53.75,19.72,16.51
4072000,33.05,43.5,54.17,19.74,16.64
4073000,33.23,43.68,53.27,19.96,16.9
4074000,32.31,43.99,53.27,19.94,16.99
4075000,31.16,43.87,53.81,19.99,17.18
4076000,31.07,43.87,54.47,19.95,17.46
4077000,31.07,43.41,53.14,20.13,17.46
4078000,31.94,44.03,51.66,19.87,17.62
4079000,31.94,44.03,49.71,19.35,16.95
4080000,31.72,44.98,49.03,19.32,16.92
4081000,31.72,44.98,48.08,19.89,16.79
4082000,32.37,45.97,48.84,20.36,16.77
4083000,32.09,45.97,47.05,19.46,17.03
4084000,32.47,46.42,45.65,18.74,16.99
4085000,32.43,46.88,46.29,18.62,16.82
4086000,32.43,45.98,46.91,18.35,15.93
4087000,31.79,46.42,46.91,18.63,15.57
4088000,31.95,47.36,47.94,18.3,15.53
4089000,31.46,47.09,47.94,17.78,15.29
4090000,32.13,47.09,48.84,16.69,15.69
4091000,32.37,47.68,49.05,16.86,15.71
4092000,30.81,47.68,49.01,17.34,16.01
4093000,30.98,47.84,48.42,17.53,16.29
4094000,30.86,47.84,49.29,17.92,16.22
4095000,30.86,48.69,49.47,18.19,16.28
4096000,31.56,49.39,49.84,18.64,16.68
4097000,31.56,49.39,49.84,18.65,17.08
4098000,30.84,50.29,51.09,19.23,16.6
4099000,30.8,50.54,50.06,19.37,17.09
4100000,30.95,51.11,49.45,19.37,16.47
4101000,31.45,51.28,49.45,20.34,16.9
4102000,31.84,51.28,49.84,20.67,16.9
4103000,31.84,51.36,47.27,20.77,17.5
4104000,32.84,51.65,46.87,21.33,17.24
4105000,32.15,51.03,47.59,21.63,17.44
4106000,32.74,50.84,45.45,21.84,17.09
4107000,30.84,50.23,46.08,22.08,16.89
4108000,31.11,48.52,46.08,21.74,17.02
4109000,29.84,48.66,45.91,21.36,16.55
4110000,29.84,48.66,44.9,21.72,16.55
4111000,30.69,49.32,44.9,21.62,17.16
4112000,31.19,49.89,44.44,21.58,17.63
4113000,30.06,48.38,43.88,21.86,17.59
4114000,30.66,48.07,43.88,22.39,17.4
4115000,29.84,47.86,44.67,22.44,17.18
4116000,30.08,47.47,44.67,21.98,16.83
4117000,30.39,48.01,45.11,22.45,17.1
4118000,30.68,48.34,45.87,22.66,17.08
4119000,30.72,47.94,46.16,22.87,17.5
4120000,31.72,48.03,44.36,23.14,17.57
4121000,31.72,48.22,44.36,23.32,17.81
4122000,31.92,48.5,44.59,23.4,18.17
4123000,32.37,47.52,45.25,23.77,18.29
4124000,32.37,47.47,45.25,23.61,17.9
4125000,32.67,46.36,46.49,22.97,17.47
4126000,32.67,46.85,45.2,22.1,17.48
4127000,32.26,43.61,45.2,21.93,17.46
4128000,32.26,43.18,45.87,21.52,17.51
4129000,32.66,42.62,45.67,21.58,17.36
4130000,32.69,42.18,45.67,21.34,17.36
4131000,33.36,42.22,46.04,21.5,17.71
4132000,33.6,41.27,44.0,21.47,17.98
4133000,33.75,41.05,43.43,21.29,17.92
4134000,33.94,39.4,42.73,21.29,18.02
4135000,33.94,39.93,42.7,21.64,18.23
4136000,34.86,39.74,42.7,21.99,18.17
4137000,34.43,39.37,42.92,22.27,18.16
4138000,33.83,39.37,43.06,22.46,18.21
4139000,33.83,38.91,43.46,22.79,18.36
4140000,34.42,38.91,43.46,22.77,18.68
4141000,34.79,38.69,44.28,23.07,18.66
4142000,35.59,38.69,44.42,23.13,18.78
4143000,35.6,39.44,43.87,22.97,19.06
4144000,36.32,39.54,44.33,23.41,18.8
4145000,36.32,39.14,44.33,23.61,18.69
4146000,37.38,39.26,44.82,23.61,18.84
4147000,37.38,39.31,44.25,24.23,19.1
4148000,38.18,39.31,44.15,24.78,18.87
4149000,37.42,39.85,45.07,24.12,19.03
4150000,36.87,39.94,45.07,23.74,19.08
4151000,37.02,39.94,45.73,23.38,18.47
4152000,36.36,38.68,45.73,23.59,17.92
4153000,36.3,38.68,46.52,23.59,16.94
4154000,35.38,38.72,46.89,24.1,16.68
4155000,35.73,38.54,47.55,24.82,17.18
4156000,36.53,37.37,47.82,24.48,17.0
4157000,36.52,36.8,48.76,24.48,17.6
4158000,36.64,36.8,48.6,25.01,17.48
4159000,36.98,37.21,48.35,24.43,17.22
4160000,36.13,37.63,48.01,24.54,17.32
4161000,36.31,37.63,48.01,24.9,16.29
4162000,36.31,35.76,48.24,24.93,16.25
4163000,36.83,35.76,48.24,25.01,16.31
4164000,37.28,36.08,48.87,24.98,16.31
4165000,37.28,35.88,48.87,25.16,16.84
4166000,38.3,35.75,47.5,25.0,17.34
4167000,38.3,35.75,46.31,25.27,16.89
4168000,39.18,35.53,46.87,25.56,16.8
4169000,39.18,34.67,46.87,25.81,17.02
4170000,39.8,35.2,46.96,25.95,17.02
4171000,39.05,35.2,46.39,25.75,17.34
4172000,39.57,36.38,47.58,25.83,17.35
4173000,39.57,36.37,47.58,25.83,17.28
4174000,40.52,36.25,47.91,26.7,17.21
4175000,39.55,36.11,46.57,26.36,17.21
4176000,39.29,36.11,45.5,26.61,17.72
4177000,39.42,35.92,46.75,26.78,17.88
4178000,39.45,35.92,46.75,26.47,17.82
4179000,39.45,37.03,47.59,26.65,17.94
4180000,39.61,37.25,48.18,26.65,17.79
4181000,39.84,37.3,48.77,26.79,17.09
4182000,40.75,37.05,48.77,26.35,17.09
4183000,40.75,37.05,49.83,26.09,17.57
4184000,41.36,37.97,49.83,25.72,17.91
4185000,42.06,37.97,50.28,26.42,18.01
4186000,42.26,37.89,50.51,26.35,17.75
4187000,42.62,38.01,50.78,26.39,17.72
4188000,43.15,38.01,50.23,26.35,17.49
4189000,42.22,38.26,50.23,26.48,17.87
4190000,41.73,38.43,50.54,25.85,18.12
4191000,41.38,38.43,51.02,25.22,18.04
4192000,41.38,39.07,51.43,25.22,18.43
4193000,42.02,39.13,50.29,26.09,18.43
4194000,42.69,39.51,50.78,25.93,18.67
4195000,42.83,40.22,50.99,25.93,18.91
4196000,42.83,40.22,51.86,25.96,18.32
4197000,43.28,40.22,49.87,25.73,18.35
4198000,43.34,41.03,48.72,25.85,18.35
4199000,43.34,41.03,48.84,26.14,18.35
4200000,44.42,41.74,49.69,25.68,19.07
4201000,43.6,41.63,48.61,26.03,18.9
4202000,43.56,42.2,47.33,26.03,18.63
4203000,43.32,42.59,47.46,26.39,18.74
4204000,43.32,42.71,46.77,26.33,19.05
4205000,43.32,43.15,47.7,26.61,19.12
4206000,43.7,43.12,47.4,26.35,19.14
4207000,43.93,43.83,47.4,26.52,19.08
4208000,43.96,43.49,47.07,26.33,19.12
4209000,44.76,44.41,47.4,26.71,19.42
4210000,43.89,44.41,47.98,26.77,19.68
4211000,43.89,45.35,48.1,26.97,20.18
4212000,44.87,45.89,48.1,27.09,19.96
4213000,44.2,45.89,46.79,27.75,20.18
4214000,44.87,46.36,46.16,27.75,20.37
4215000,43.93,46.36,46.16,26.85,20.17
4216000,44.66,47.42,46.6,26.79,20.24
4217000,44.66,47.42,46.6,26.53,20.44
4218000,45.42,47.81,46.32,26.55,20.26
4219000,44.15,47.67,46.81,26.86,20.31
4220000,44.15,47.95,46.9,25.42,20.41
4221000,45.13,47.95,45.65,25.53,20.44
4222000,44.48,47.29,45.65,25.26,20.14
4223000,43.84,47.29,47.21,25.26,19.88
4224000,43.54,48.01,46.91,24.57,19.99
4225000,44.33,48.47,46.76,25.11,20.17
4226000,43.02,48.47,46.23,25.24,20.53
4227000,41.68,49.53,46.87,25.77,20.63
4228000,41.68,49.53,46.87,25.77,20.53
4229000,42.66,49.89,46.85,26.53,19.94
4230000,42.66,50.14,47.86,26.4,19.76
4231000,43.23,50.85,46.68,25.64,19.77
4232000,42.63,50.85,46.68,24.57,19.77
4233000,43.12,50.99,47.8,24.47,19.58
4234000,43.66,50.85,48.19,24.48,19.38
4235000,44.02,50.01,47.83,24.74,19.2
4236000,43.85,50.01,47.65,24.05,19.37
4237000,43.48,50.99,47.65,24.43,19.46
4238000,44.25,51.54,48.85,24.77,19.46
4239000,43.09,51.23,49.12,24.84,18.83
4240000,43.51,51.23,48.85,25.05,19.09
4241000,43.8,52.11,49.88,24.56,19.09
4242000,43.83,51.68,49.88,24.44,19.6
4243000,43.83,51.72,48.36,24.41,19.96
4244000,43.75,51.72,48.36,23.93,20.11
4245000,43.75,53.07,48.2,24.29,20.11
4246000,42.14,53.32,48.78,24.45,20.4
4247000,42.14,54.16,48.78,25.14,19.9
4248000,41.49,54.35,49.54,24.46,20.07
4249000,41.13,55.15,48.96,24.29,20.07
4250000,40.64,54.16,48.95,23.82,19.75
4251000,40.88,54.16,49.8,23.92,19.45
4252000,40.88,53.87,47.55,24.49,19.8
4253000,41.65,53.77,48.16,24.07,20.04
4254000,42.62,53.4,48.16,23.78,20.04
4255000,42.82,53.4,49.32,24.54,20.27
4256000,42.7,54.43,48.13,24.71,20.03
4257000,43.05,53.28,48.05,24.67,19.94
4258000,42.19,53.45,48.53,24.0,19.43
4259000,42.4,53.45,46.68,24.58,18.44
4260000,42.04,53.99,46.68,24.88,18.47
4261000,42.25,53.49,46.33,24.56,18.66
4262000,42.25,52.67,46.01,24.61,18.52
4263000,41.85,51.81,46.01,24.36,18.08
4264000,42.21,51.81,46.71,24.27,17.84
4265000,42.21,52.98,46.24,24.27,17.8
4266000,43.25,53.08,46.64,24.44,18.05
4267000,43.48,52.21,45.94,24.44,17.61
4268000,43.48,51.58,45.71,24.4,17.83
4269000,44.28,52.3,45.71,23.88,17.63
4270000,44.28,52.3,46.59,23.88,17.9
4271000,45.33,53.17,45.69,24.61,17.86
4272000,45.33,52.43,45.69,24.04,17.86
4273000,45.88,53.01,46.75,24.25,18.02
4274000,45.91,52.04,46.75,24.15,18.57
4275000,46.6,52.19,48.06,24.81,19.02
4276000,46.41,51.74,48.06,25.04,18.71
4277000,46.41,51.52,48.67,24.68,18.2
4278000,46.04,51.05,49.25,24.71,18.19
4279000,46.28,50.73,49.25,24.71,17.75
4280000,46.08,50.27,50.03,25.27,17.68
4281000,46.37,50.27,50.03,24.65,17.69
4282000,46.37,50.58,50.41,25.0,17.68
4283000,46.14,49.33,50.41,23.52,17.77
4284000,46.16,49.58,51.27,23.57,18.08
4285000,46.54,49.24,51.59,23.57,17.6
4286000,46.51,49.06,51.7,24.22,17.69
4287000,46.78,49.55,51.7,24.36,17.73
4288000,45.35,49.55,49.63,24.79,17.73
4289000,45.05,50.19,49.98,24.92,17.8
4290000,44.92,50.9,49.74,25.22,18.09
4291000,44.92,50.0,49.57,24.8,17.64
4292000,45.95,50.0,48.99,24.8,16.87
4293000,45.95,49.98,49.67,25.07,17.04
4294000,46.84,48.56,49.45,24.28,16.65
4295000,46.46,48.56,47.62,24.79,16.65
4296000,46.55,48.52,47.62,24.79,16.44
4297000,45.71,49.02,47.51,25.02,16.45
4298000,45.83,47.06,47.81,25.61,16.63
4299000,44.98,47.4,47.85,25.41,16.26
4300000,44.74,47.26,47.44,25.6,16.24
4301000,44.74,47.53,47.83,26.35,16.68
4302000,44.65,46.93,47.06,26.41,16.68
4303000,44.65,46.93,47.06,26.83,16.44
4304000,45.84,48.25,46.8,26.84,16.2
4305000,45.38,48.25,47.03,27.23,16.39
4306000,45.38,47.83,47.3,27.41,16.5
4307000,45.98,47.83,47.3,27.12,16.91
4308000,45.98,47.59,47.4,26.77,16.74
4309000,45.98,47.04,47.95,26.63,16.81
4310000,46.69,47.04,48.28,25.84,17.04
4311000,47.82,45.35,47.7,24.57,17.27
4312000,45.92,45.67,47.82,23.98,17.47
4313000,46.2,46.0,47.6,23.34,17.71
4314000,46.02,45.93,47.6,23.26,17.45
4315000,46.02,44.09,48.94,23.61,17.57
4316000,46.11,44.09,48.94,23.54,17.62
4317000,46.39,43.71,47.88,23.38,17.95
4318000,46.26,41.71,47.87,22.71,17.83
4319000,45.8,41.59,47.87,21.69,17.96
4320000,45.8,41.3,47.74,21.69,17.67
4321000,46.64,41.3,48.05,21.42,18.12
4322000,46.5,42.17,46.49,21.68,17.92
4323000,46.55,42.1,46.24,22.26,18.11
4324000,46.57,42.66,46.24,22.26,17.67
4325000,46.57,42.97,46.41,21.37,17.78
4326000,46.72,42.05,45.85,21.31,18.16
4327000,45.93,43.09,46.04,21.78,18.04
4328000,45.53,43.22,46.26,21.99,17.32
4329000,46.14,43.22,46.33,21.99,17.3
4330000,46.14,42.31,46.03,22.75,17.63
4331000,46.7,41.9,46.03,22.75,17.89
4332000,46.45,41.9,46.94,22.77,18.18
4333000,45.7,42.97,45.95,23.23,18.08
4334000,45.85,42.97,45.8,23.23,18.03
4335000,45.85,42.68,46.71,23.75,18.25
4336000,45.78,42.68,46.91,23.42,18.61
4337000,46.5,43.01,46.75,23.69,18.66
4338000,45.97,42.95,46.8,24.38,18.26
4339000,45.93,43.35,47.47,23.67,18.51
4340000,45.77,42.79,47.77,23.2,18.5
4341000,45.27,42.09,47.77,23.66,18.9
4342000,44.15,41.94,47.12,23.83,19.07
4343000,44.34,41.56,47.14,23.38,18.42
4344000,44.62,41.17,47.14,23.75,18.19
4345000,43.76,41.17,48.0,23.75,18.31
4346000,43.76,40.99,48.0,23.87,18.44
4347000,44.62,40.59,49.01,23.87,18.55
4348000,44.41,41.09,49.01,24.84,18.93
4349000,44.95,40.25,50.33,24.82,18.07
4350000,43.98,38.29,50.97,25.42,17.96
4351000,42.43,38.29,50.97,24.67,18.23
4352000,42.43,38.22,51.04,24.55,18.23
4353000,42.86,38.22,51.78,24.55,18.35
4354000,42.86,39.2,50.75,25.33,18.64
4355000,43.28,39.78,51.49,25.72,18.64
4356000,43.12,39.78,49.02,25.88,18.76
4357000,43.13,40.51,49.02,25.39,18.72
4358000,42.57,40.51,48.68,24.89,18.55
4359000,42.57,41.41,47.72,24.57,18.55
4360000,42.68,41.18,47.19,24.85,18.02
4361000,42.88,41.18,47.6,25.25,18.27
4362000,42.93,41.17,47.62,24.96,18.06
4363000,42.93,41.83,47.62,24.96,18.45
4364000,42.81,41.83,48.07,25.64,18.45
4365000,42.81,42.09,48.02,25.64,18.45
4366000,43.89,42.22,48.02,26.28,18.73
4367000,43.89,41.64,49.09,26.78,18.7
4368000,44.25,42.14,48.92,27.02,18.88
4369000,44.25,41.02,49.04,27.39,18.91
4370000,41.83,41.02,49.22,27.73,18.88
4371000,41.52,41.73,49.54,27.94,18.42
4372000,41.52,41.63,49.54,28.23,18.42
4373000,42.82,41.41,50.39,28.55,18.57
4374000,42.82,39.86,50.91,28.87,18.72
4375000,43.13,38.96,50.42,28.9,18.31
4376000,43.49,38.96,50.42,28.9,18.29
4377000,43.64,38.73,51.54,29.31,18.33
4378000,42.72,37.96,51.54,29.3,18.19
4379000,42.88,37.96,51.79,29.34,18.66
4380000,43.76,38.68,51.79,29.76,18.33
4381000,42.95,38.68,52.87,29.76,17.77
4382000,42.95,38.24,52.87,30.53,17.88
4383000,42.44,38.44,53.21,31.29,18.0
4384000,42.71,39.36,53.19,30.72,18.25
4385000,42.71,39.36,53.19,31.11,18.55
4386000,43.46,40.39,53.46,31.11,18.18
4387000,43.46,40.28,53.77,31.66,18.39
4388000,44.06,40.28,53.76,31.31,18.39
4389000,43.21,40.96,53.76,31.31,18.14
4390000,43.21,40.96,54.68,31.63,17.85
4391000,43.21,41.86,54.68,32.04,18.07
4392000,44.14,42.65,53.45,31.53,18.0
4393000,44.14,42.65,53.45,31.53,18.22
4394000,44.4,42.8,53.85,32.29,17.8
4395000,44.31,41.51,53.85,31.37,17.59
4396000,44.71,40.88,54.23,30.54,17.99
4397000,44.71,41.36,54.08,31.08,18.29
4398000,45.32,40.52,51.94,31.45,18.52
4399000,45.49,40.75,51.94,30.92,18.31
4400000,46.26,40.75,52.99,30.92,18.31
4401000,46.26,41.78,53.86,30.93,18.05
4402000,46.24,41.24,52.65,30.28,18.07
4403000,45.82,41.24,52.78,30.18,18.34
4404000,45.82,41.45,52.78,30.45,18.38
4405000,47.03,41.59,53.91,30.25,18.97
4406000,46.46,41.59,54.36,30.27,19.11
4407000,46.46,41.6,54.59,29.54,18.74
4408000,47.55,42.4,54.37,29.46,18.89
4409000,47.78,41.69,54.37,28.25,18.95
4410000,46.7,42.41,54.19,27.75,18.92
4411000,45.9,42.41,54.16,27.77,19.18
4412000,45.59,42.86,54.3,26.92,19.09
4413000,46.04,43.05,53.02,26.88,19.04
4414000,46.04,42.35,52.3,26.74,18.86
4415000,46.3,42.35,51.98,26.87,19.03
4416000,46.3,43.81,50.36,27.01,19.4
4417000,47.54,43.84,51.09,27.21,19.25
4418000,47.84,43.84,50.98,27.44,19.25
4419000,47.77,43.29,50.98,28.2,19.4
4420000,47.77,43.29,51.54,27.25,19.18
4421000,47.61,43.29,52.01,27.09,19.52
4422000,47.17,45.02,50.52,27.09,19.21
4423000,46.64,46.14,49.36,27.67,19.33
4424000,46.64,45.83,49.36,26.15,19.44
4425000,47.11,45.69,49.54,26.04,19.48
4426000,47.95,45.7,48.34,26.15,19.27
4427000,48.4,45.7,46.27,26.31,19.46
4428000,48.06,44.48,46.27,25.6,19.77
4429000,48.43,44.9,47.36,25.37,19.81
4430000,48.69,43.51,47.7,24.32,19.68
4431000,48.3,43.06,47.8,24.76,19.71
4432000,47.38,42.76,48.47,24.72,19.42
4433000,47.38,41.41,48.47,25.61,19.28
4434000,46.58,39.51,48.39,25.61,19.12
4435000,46.61,39.12,49.13,25.67,19.41
4436000,47.17,38.92,48.46,25.25,19.38
4437000,47.78,38.1,47.34,25.25,19.68
4438000,47.78,38.55,47.23,25.34,19.96
4439000,48.7,38.55,47.54,25.24,19.96
4440000,48.65,39.08,47.15,25.98,20.45
4441000,48.32,39.42,47.25,25.99,20.52
4442000,47.5,39.08,47.78,26.08,20.29
4443000,48.2,39.15,47.39,25.94,20.53
4444000,48.07,39.8,48.06,26.18,20.3
4445000,46.87,40.33,47.88,25.91,20.2
4446000,46.24,39.01,48.07,26.03,19.88
4447000,45.83,38.69,48.1,26.67,20.18
4448000,43.73,37.81,46.97,26.67,20.4
4449000,43.2,37.83,47.4,27.1,20.12
4450000,43.08,38.49,47.4,27.31,20.06
4451000,42.09,38.89,48.3,28.03,19.97
4452000,42.09,38.89,48.3,28.46,20.06
4453000,41.3,37.97,48.6,27.48,20.06
4454000,41.68,35.32,48.7,27.6,20.66
4455000,41.86,35.05,47.11,27.44,19.88
4456000,41.76,35.05,46.65,26.49,19.27
4457000,42.29,34.52,46.08,26.49,19.5
4458000,41.85,34.69,44.7,27.0,19.92
4459000,42.56,34.69,41.69,27.52,20.17
4460000,42.98,35.84,42.17,28.43,20.17
4461000,40.68,35.84,40.99,28.8,20.34
4462000,41.08,34.78,39.74,29.01,19.81
4463000,40.06,34.58,39.89,29.01,19.56
4464000,40.06,34.58,39.89,29.24,19.89
4465000,40.57,34.14,41.15,29.76,19.89
4466000,39.46,34.14,42.13,29.73,19.96
4467000,38.9,35.29,41.98,30.15,20.41
4468000,38.9,36.06,40.29,29.64,19.99
4469000,36.78,36.59,39.17,29.96,20.17
4470000,36.1,36.69,38.99,30.59,20.17
4471000,36.1,36.23,38.53,30.58,20.43
4472000,35.47,36.08,38.54,30.65,20.87
4473000,36.13,35.15,39.1,30.65,20.84
4474000,36.13,34.35,39.1,31.37,20.79
4475000,35.59,34.29,39.15,31.32,20.81
4476000,35.59,34.29,39.15,31.19,20.48
4477000,36.38,35.37,39.14,31.19,20.48
4478000,36.7,36.02,39.39,31.79,20.84
4479000,36.7,34.25,39.59,32.0,20.67
4480000,37.93,33.82,40.58,32.51,20.47
4481000,37.83,34.06,40.89,32.35,20.47
4482000,38.86,35.36,40.89,33.03,20.66
4483000,39.0,35.36,41.4,33.03,20.67
4484000,39.39,33.24,42.38,33.03,21.02
4485000,37.14,33.09,42.38,33.15,20.39
4486000,37.14,33.09,43.1,32.88,19.97
4487000,37.54,34.24,43.1,32.88,19.78
4488000,37.65,35.28,44.35,33.69,20.14
4489000,37.65,35.28,45.16,33.62,20.14
4490000,38.23,36.2,45.16,32.97,20.48
4491000,37.78,36.53,45.52,33.52,20.52
4492000,37.07,36.53,43.75,33.77,20.62
4493000,35.94,37.01,43.75,34.08,20.64
4494000,35.32,36.62,44.65,34.45,20.63
4495000,33.89,35.95,45.47,34.84,20.95
4496000,33.77,35.95,45.27,34.84,20.95
4497000,34.61,36.9,45.99,35.19,21.54
4498000,35.19,37.0,46.53,34.84,21.63
4499000,34.69,37.0,46.01,34.19,20.81
4500000,35.53,38.63,46.01,33.78,20.75
4501000,34.05,38.85,46.36,32.99,20.75
4502000,34.05,39.17,46.57,32.95,21.0
4503000,34.08,39.89,47.48,33.29,21.0
4504000,34.08,40.33,47.48,33.62,21.53
4505000,34.43,40.33,47.1,33.65,21.53
4506000,35.13,41.27,48.4,33.14,21.74
4507000,34.53,41.99,48.21,33.73,22.24
4508000,34.67,42.59,47.35,33.73,22.55
4509000,34.02,42.59,47.35,33.71,22.7
4510000,34.02,43.85,47.07,33.08,22.56
4511000,34.72,43.85,47.07,33.31,22.68
4512000,35.02,44.32,47.73,32.21,22.99
4513000,35.43,44.32,47.95,30.94,22.77
4514000,35.98,43.76,48.26,30.94,22.77
4515000,36.59,44.62,48.52,31.42,23.29
4516000,36.97,44.62,48.52,31.42,23.45
4517000,37.55,45.07,49.65,31.42,23.45
4518000,37.28,45.07,50.83,32.05,23.97
4519000,37.32,46.38,51.01,32.14,23.51
4520000,37.72,46.23,50.78,31.8,23.52
4521000,37.96,46.07,50.21,32.18,23.54
4522000,37.56,46.27,50.21,31.17,23.54
4523000,37.5,45.97,50.63,31.76,24.1
4524000,37.5,46.17,51.17,31.44,24.2
4525000,38.03,46.17,51.17,30.97,23.83
4526000,36.77,45.98,51.59,30.97,23.79
4527000,37.23,45.46,51.59,29.79,23.7
4528000,37.74,45.86,52.29,29.79,23.91
4529000,38.52,45.86,51.85,30.38,24.04
4530000,38.82,45.97,52.02,29.9,23.97
4531000,38.82,45.5,51.8,30.35,23.44
4532000,39.35,45.5,51.99,31.14,23.47
4533000,40.29,46.37,49.94,30.95,23.38
4534000,40.73,46.37,49.18,30.68,23.36
4535000,40.73,47.62,49.26,30.68,22.82
4536000,41.25,47.39,49.79,31.38,23.09
4537000,41.06,47.04,49.79,31.85,23.09
4538000,41.38,47.04,49.77,31.85,23.18
4539000,42.25,47.53,49.77,31.38,22.95
4540000,41.03,48.58,51.1,31.4,22.68
4541000,41.55,48.36,51.6,31.96,22.24
4542000,41.55,49.58,52.02,32.25,22.24
4543000,42.75,49.61,53.04,31.69,22.24
4544000,43.18,49.61,52.68,31.8,21.78
4545000,42.12,50.49,53.95,31.8,21.38
4546000,43.01,49.94,53.77,31.91,21.43
4547000,43.01,48.21,54.0,31.91,21.59
4548000,44.13,48.21,53.86,32.55,21.72
4549000,43.85,47.88,53.0,32.35,21.93
4550000,43.85,47.88,52.99,32.23,21.44
4551000,44.3,47.83,52.99,31.91,21.54
4552000,43.61,47.83,53.73,32.04,21.72
4553000,43.69,49.08,54.16,31.9,21.72
4554000,43.76,48.53,53.96,31.88,21.25
4555000,43.55,47.71,54.67,31.88,19.87
4556000,43.81,47.14,54.67,32.27,20.15
4557000,42.86,48.14,55.18,32.27,20.15
4558000,42.44,48.5,55.18,33.37,20.72
4559000,42.96,48.5,55.48,32.71,20.85
4560000,43.17,48.31,55.48,32.71,20.39
4561000,43.17,47.22,55.24,33.23,20.02
4562000,44.58,47.22,55.59,32.69,19.88
4563000,44.58,47.92,55.35,32.16,19.88
4564000,42.94,48.19,55.47,32.17,19.16
4565000,42.94,47.66,55.34,32.82,19.26
4566000,43.55,47.96,53.82,32.82,19.39
4567000,43.53,47.96,53.82,33.53,19.12
4568000,43.49,46.99,53.94,33.77,18.93
4569000,43.7,46.99,54.11,34.22,18.69
4570000,44.31,47.06,55.01,34.22,18.84
4571000,44.47,47.53,55.01,35.06,18.58
4572000,45.25,47.53,53.89,35.14,18.58
4573000,45.18,48.27,52.3,35.1,19.04
4574000,45.28,48.94,52.59,34.2,19.26
4575000,45.94,48.94,52.59,34.38,19.56
4576000,45.94,49.86,53.89,33.54,19.76
4577000,45.47,49.86,53.51,34.15,19.76
4578000,44.63,51.26,53.09,33.8,20.01
4579000,44.45,51.59,53.73,33.8,19.72
4580000,44.45,51.59,53.05,34.15,19.96
4581000,43.94,52.38,53.36,34.33,20.06
4582000,43.52,53.09,53.24,34.52,19.61
4583000,43.52,50.36,53.24,35.05,19.39
4584000,44.36,50.47,53.09,34.92,19.47
4585000,45.17,50.69,53.06,34.86,19.31
4586000,45.13,50.69,53.71,34.9,19.63
4587000,45.99,50.55,53.71,34.22,19.88
4588000,46.6,49.56,54.19,34.23,20.17
4589000,46.6,49.91,54.36,33.77,19.94
4590000,47.39,49.18,54.36,32.94,19.94
4591000,47.84,49.18,53.91,33.46,20.31
4592000,47.84,48.9,53.1,32.76,20.56
4593000,47.61,49.9,53.1,32.57,20.37
4594000,48.32,49.15,54.31,31.22,19.61
4595000,47.95,49.15,53.42,31.22,19.85
4596000,48.54,49.9,52.72,31.46,19.88
4597000,48.54,49.8,53.27,31.02,20.12
4598000,48.07,50.82,53.27,31.29,20.12
4599000,47.54,50.82,53.28,31.24,19.8
4600000,47.17,50.85,52.4,31.24,20.12
4601000,46.99,50.85,52.9,31.75,20.46
4602000,46.8,51.46,52.64,30.9,20.47
4603000,47.57,51.32,53.31,31.18,20.91
4604000,47.75,50.16,53.31,31.52,20.81
4605000,47.75,50.16,54.28,31.42,21.16
4606000,47.55,51.2,54.61,31.42,21.31
4607000,47.55,51.2,54.61,32.06,20.8
4608000,48.11,52.39,54.56,32.06,20.8
4609000,48.11,52.56,54.56,32.72,21.19
4610000,48.44,52.29,53.79,32.65,21.6
4611000,48.76,52.97,53.49,32.65,21.38
4612000,48.64,53.54,53.64,32.19,21.47
4613000,47.55,53.54,53.86,31.7,21.47
4614000,47.42,53.54,53.6,31.6,21.74
4615000,46.64,54.96,53.13,31.11,21.74
4616000,46.64,54.96,53.9,31.0,22.15
4617000,46.63,55.94,53.9,31.65,22.19
4618000,47.25,55.88,54.89,31.65,22.71
4619000,46.35,55.88,54.89,30.98,22.68
4620000,46.92,56.26,55.67,29.94,22.29
4621000,47.43,56.26,55.89,30.32,22.3
4622000,45.7,56.97,55.56,30.84,22.49
4623000,44.41,56.97,55.66,30.63,22.31
4624000,44.41,57.4,56.28,30.65,22.54
4625000,44.6,57.25,55.78,30.74,22.43
4626000,44.6,57.25,55.78,30.8,21.71
4627000,45.36,56.12,56.65,30.58,21.22
4628000,45.36,55.75,56.65,31.18,21.44
4629000,46.32,55.75,57.58,29.85,21.4
4630000,46.2,56.22,57.01,29.85,20.22
4631000,46.64,54.88,57.01,30.92,19.26
4632000,46.5,54.88,57.9,30.65,18.58
4633000,47.03,54.45,57.21,30.92,18.98
4634000,46.12,53.21,57.21,30.92,18.4
4635000,46.12,52.98,57.43,31.65,18.78
4636000,46.45,52.37,58.18,31.65,18.78
4637000,46.45,52.37,58.18,32.18,19.34
4638000,47.56,53.03,59.28,30.87,19.39
4639000,47.57,53.22,58.13,30.87,19.55
4640000,47.57,53.8,57.87,31.04,19.61
4641000,48.86,53.8,56.96,31.6,19.81
4642000,48.29,54.81,56.96,31.61,19.53
4643000,48.29,53.9,58.28,32.37,19.45
4644000,47.9,54.61,57.8,32.59,19.33
4645000,47.37,54.53,57.8,32.59,19.55
4646000,48.19,55.39,58.43,33.04,19.61
4647000,47.98,54.12,58.78,32.61,19.14
4648000,47.98,54.84,59.46,31.77,19.27
4649000,48.11,54.84,59.46,31.73,19.47
4650000,48.67,55.91,59.74,32.29,19.75
4651000,48.5,55.91,58.59,32.72,19.99
4652000,48.5,57.11,58.36,33.1,19.94
4653000,49.02,56.66,59.14,33.35,20.11
4654000,48.12,56.66,59.14,34.25,19.88
4655000,48.01,57.1,59.45,34.25,20.04
4656000,47.96,57.03,59.76,35.35,20.4
4657000,46.84,56.0,59.99,35.35,20.64
4658000,47.08,56.91,59.84,35.09,20.41
4659000,46.79,56.91,57.92,35.41,20.1
4660000,46.79,57.78,56.84,36.07,19.95
4661000,47.8,56.85,56.12,36.76,20.24
4662000,47.2,55.8,54.3,36.76,20.15
4663000,47.33,55.55,53.27,37.85,19.92
4664000,48.06,54.54,53.56,37.85,20.4
4665000,48.06,54.06,53.55,38.78,20.4
4666000,48.32,53.26,53.55,39.31,20.92
4667000,48.32,53.38,53.55,39.69,20.95
4668000,47.29,53.38,54.48,38.98,20.48
4669000,47.45,53.68,54.11,37.86,20.28
4670000,47.45,53.62,54.43,37.18,20.28
4671000,47.67,53.56,52.97,37.18,20.43
4672000,47.66,53.17,51.23,37.87,20.59
4673000,47.87,53.17,51.97,38.51,20.59
4674000,47.85,54.53,51.95,38.34,20.52
4675000,47.89,54.53,50.76,37.96,20.78
4676000,47.89,54.36,50.76,37.96,20.7
4677000,48.74,54.8,51.54,38.62,20.52
4678000,48.74,54.0,52.04,38.11,20.69
4679000,48.8,53.01,51.95,37.51,20.82
4680000,48.8,52.76,50.17,36.61,20.82
4681000,49.41,52.57,49.66,36.94,20.94
4682000,50.04,52.21,50.14,37.14,20.68
4683000,49.98,51.17,50.14,37.59,20.68
4684000,50.33,51.17,47.3,37.59,21.19
4685000,50.44,51.17,47.3,38.52,21.22
4686000,50.44,51.95,47.41,38.27,21.68
4687000,51.25,50.69,47.26,38.62,21.76
4688000,51.25,51.37,45.72,39.13,21.97
4689000,51.92,51.37,46.08,37.49,21.97
4690000,51.57,52.43,44.05,37.24,22.07
4691000,51.57,52.58,44.64,38.06,22.49
4692000,52.68,50.05,43.57,38.68,22.65
4693000,52.68,50.39,43.51,37.86,22.65
4694000,52.28,51.05,44.12,37.98,23.29
4695000,52.28,50.78,43.45,37.89,23.66
4696000,52.53,48.53,43.57,37.91,23.73
4697000,52.1,46.87,43.3,38.25,24.14
4698000,51.45,46.38,42.84,38.21,24.32
4699000,51.1,46.86,41.92,38.21,24.32
4700000,51.36,45.91,42.84,38.83,24.58
4701000,50.74,46.1,42.63,38.8,24.8
4702000,51.43,45.45,41.51,39.56,25.06
4703000,51.43,45.45,41.51,39.83,25.26
4704000,50.39,46.61,41.62,38.74,24.7
4705000,50.3,46.35,41.62,37.47,23.82
4706000,50.47,46.52,41.68,36.59,23.84
4707000,50.03,45.5,40.82,36.88,24.12
4708000,50.31,45.5,41.15,36.9,24.43
4709000,50.33,45.58,40.82,36.73,24.67
4710000,50.33,46.6,41.12,36.73,24.67
4711000,51.34,46.6,41.12,36.52,24.83
4712000,50.76,47.67,41.4,36.81,24.97
4713000,49.98,46.86,41.55,36.47,24.86
4714000,49.75,47.53,42.04,35.98,24.44
4715000,48.71,47.53,42.04,35.98,24.32
4716000,48.94,48.56,41.53,36.26,24.32
4717000,48.19,48.62,41.02,36.64,25.14
4718000,49.02,49.1,40.22,37.02,24.94
4719000,49.69,49.38,40.38,36.69,24.42
4720000,49.69,49.4,38.62,36.8,24.59
4721000,50.34,48.28,38.62,36.21,24.59
4722000,49.23,48.65,38.9,34.24,25.27
4723000,49.23,48.65,38.83,34.24,24.47
4724000,49.71,47.7,39.3,34.72,23.95
4725000,48.02,46.89,39.32,35.13,23.95
4726000,48.2,46.89,39.32,35.21,24.51
4727000,48.04,48.16,40.28,35.14,24.51
4728000,48.3,48.16,40.62,35.09,24.93
4729000,48.23,48.16,41.78,33.37,24.47
4730000,48.2,49.53,41.58,32.84,24.67
4731000,48.2,49.53,42.72,33.26,24.04
4732000,47.89,50.33,42.37,33.54,24.03
4733000,48.19,49.53,43.22,33.44,24.03
4734000,48.34,48.76,43.53,33.42,24.37
4735000,48.65,48.76,43.53,34.22,24.62
4736000,48.15,49.89,44.54,34.22,24.87
4737000,48.68,48.79,45.16,34.06,24.99
4738000,48.64,48.79,45.16,34.06,25.02
4739000,48.64,49.81,46.13,33.99,24.91
4740000,49.4,49.96,46.13,34.57,24.37
4741000,50.18,49.96,47.24,33.98,24.49
4742000,50.18,48.51,47.15,33.98,24.48
4743000,51.05,48.37,47.15,33.86,24.2
4744000,51.26,49.05,46.26,34.08,24.2
4745000,51.26,49.05,46.26,34.08,23.89
4746000,52.25,50.16,45.97,34.92,23.57
4747000,52.98,50.1,47.01,35.01,23.58
4748000,53.22,50.51,46.34,35.07,23.11
4749000,53.22,51.09,46.61,35.36,23.18
4750000,54.04,51.09,46.61,34.78,23.41
4751000,54.25,51.36,47.29,34.92,23.22
4752000,54.25,51.54,47.6,34.92,23.39
4753000,54.17,50.16,46.52,34.99,23.16
4754000,54.17,50.16,46.61,34.96,23.01
4755000,54.77,50.64,47.06,34.1,23.06
4756000,53.36,50.64,47.06,33.44,22.8
4757000,52.71,51.98,48.05,33.54,22.96
4758000,53.65,50.83,48.73,33.65,23.3
4759000,53.22,49.92,48.73,33.16,22.8
4760000,52.17,50.35,48.82,33.2,22.92
4761000,53.3,50.1,47.99,33.25,22.93
4762000,52.7,49.9,48.47,33.25,22.71
4763000,52.59,49.98,48.92,32.59,23.05
4764000,52.59,49.98,50.02,32.32,22.57
4765000,51.1,47.74,49.47,32.61,23.0
4766000,51.1,47.74,49.05,32.86,22.82
4767000,51.1,48.38,49.05,32.79,22.73
4768000,51.42,48.29,50.22,33.31,22.77
4769000,50.89,47.87,50.22,33.31,23.3
4770000,51.23,47.87,51.85,34.0,23.3
4771000,52.03,48.44,51.81,34.27,23.56
4772000,52.34,48.44,51.68,34.99,23.56
4773000,52.34,49.48,51.68,35.1,23.57
4774000,52.5,49.14,52.53,35.73,23.58
4775000,52.31,49.47,52.7,35.8,23.93
4776000,50.57,49.47,53.35,35.99,23.46
4777000,49.91,49.94,53.85,36.28,23.3
4778000,49.52,49.94,53.29,36.03,23.14
4779000,49.52,51.12,53.29,35.1,22.3
4780000,49.35,50.74,53.18,35.47,22.17
4781000,49.35,50.27,52.6,34.67,22.47
4782000,50.06,50.27,52.6,34.45,22.95
4783000,49.97,51.31,52.58,34.89,22.94
4784000,50.78,51.76,53.09,35.05,22.94
4785000,50.76,52.59,53.09,35.77,23.24
4786000,51.09,52.59,53.77,36.5,23.44
4787000,51.09,53.86,53.77,36.17,23.49
4788000,50.51,54.38,53.91,36.48,23.43
4789000,50.51,53.25,53.28,37.24,23.37
4790000,51.49,53.04,53.66,37.68,23.82
4791000,51.95,52.72,53.66,38.23,24.27
4792000,51.95,52.16,54.05,38.23,23.28
4793000,52.98,49.93,54.05,37.49,23.25
4794000,52.58,49.93,54.5,37.34,23.57
4795000,52.97,50.1,55.34,36.96,23.96
4796000,52.76,50.1,54.42,36.98,23.88
4797000,52.37,50.42,54.42,37.59,23.77
4798000,52.1,50.42,55.23,37.59,23.46
4799000,52.1,50.88,55.61,38.31,23.57
4800000,52.75,49.38,54.95,39.02,23.57
4801000,52.59,49.38,54.67,38.45,24.0
4802000,52.45,50.54,53.66,37.86,24.02
4803000,52.81,50.54,54.43,38.28,24.43
4804000,53.27,51.9,54.92,38.9,24.29
4805000,53.27,50.5,55.51,38.06,24.22
4806000,53.88,50.5,55.61,37.18,23.63
4807000,54.04,51.56,55.19,37.18,23.6
4808000,53.04,51.89,55.19,38.33,23.6
4809000,52.92,51.89,56.13,38.14,24.34
4810000,52.13,52.98,55.07,37.79,24.65
4811000,52.36,52.98,54.07,37.8,24.68
4812000,52.89,52.98,53.87,38.06,24.33
4813000,53.04,54.52,52.33,38.34,24.43
4814000,51.29,54.23,52.33,38.34,24.43
4815000,51.6,50.84,53.21,39.15,24.43
4816000,52.07,50.46,52.72,37.79,24.7
4817000,52.07,50.96,52.9,37.14,24.7
4818000,52.24,50.9,52.9,37.14,25.27
4819000,52.79,49.62,52.85,37.7,25.77
4820000,51.81,49.09,53.06,37.13,25.62
4821000,51.51,49.09,53.36,37.17,25.34
4822000,52.28,49.56,52.67,37.57,25.35
4823000,52.2,49.56,52.57,37.62,25.34
4824000,52.38,50.53,51.91,38.52,24.89
4825000,52.38,51.08,51.17,38.52,25.21
4826000,52.59,51.77,50.74,39.48,25.42
4827000,53.23,51.77,51.9,39.18,25.42
4828000,53.23,52.25,50.86,39.28,25.79
4829000,53.44,50.8,51.73,39.28,25.79
4830000,53.31,50.8,50.52,40.11,25.61
4831000,52.95,51.64,49.14,40.33,25.2
4832000,53.74,51.88,49.78,39.9,24.89
4833000,53.16,51.88,49.78,39.79,24.71
4834000,51.36,51.34,50.06,40.69,24.41
4835000,51.36,50.69,48.36,40.83,23.91
4836000,51.84,50.69,47.93,40.8,22.94
4837000,50.03,50.61,47.79,41.46,22.91
4838000,50.5,50.92,46.31,41.46,23.1
4839000,51.08,50.16,45.87,41.8,23.12
4840000,50.82,50.34,45.87,41.86,23.26
4841000,50.82,49.56,46.66,41.83,24.02
4842000,51.26,49.65,45.97,42.34,22.94
4843000,51.26,50.25,44.62,42.01,22.87
4844000,52.17,49.86,44.95,42.01,23.41
4845000,52.57,49.33,43.97,42.09,22.58
4846000,52.57,49.33,44.3,42.18,22.23
4847000,52.38,50.73,45.32,42.42,22.3
4848000,52.38,51.14,43.76,42.55,22.75
4849000,53.48,51.14,43.76,41.8,22.67
4850000,52.29,50.76,44.55,42.32,22.24
4851000,52.6,48.95,44.55,42.6,22.11
4852000,52.6,48.23,44.81,42.6,22.3
4853000,53.86,48.23,44.81,43.65,22.24
4854000,54.98,49.71,46.21,43.26,22.16
4855000,54.98,49.71,45.91,43.26,22.61
4856000,54.13,47.99,46.66,43.42,22.73
4857000,54.03,48.96,47.44,43.42,22.95
4858000,53.42,48.96,47.44,43.97,22.58
4859000,53.42,48.87,44.38,44.5,22.03
4860000,53.83,48.83,44.2,44.45,21.71
4861000,52.94,48.83,45.3,44.55,21.63
4862000,52.41,50.13,45.95,44.43,21.91
4863000,51.81,50.13,46.22,44.94,21.95
4864000,52.75,50.87,46.22,45.05,21.95
4865000,52.51,50.15,46.23,45.05,22.84
4866000,51.6,49.81,46.26,44.76,23.11
4867000,51.64,49.08,46.26,45.71,22.29
4868000,51.96,49.08,47.52,45.44,22.04
4869000,51.3,49.21,47.38,45.44,22.16
4870000,51.91,49.27,47.38,46.1,22.11
4871000,51.91,49.11,47.86,46.2,22.1
4872000,49.41,49.11,47.14,45.92,21.95
4873000,47.9,49.76,46.96,46.23,21.18
4874000,48.56,50.74,46.96,46.53,21.18
4875000,48.19,50.74,47.46,45.39,21.4
4876000,48.38,51.89,46.9,45.37,21.62
4877000,49.38,51.84,47.52,44.72,21.77
4878000,49.38,52.29,47.01,43.07,21.56
4879000,49.74,52.29,47.01,43.06,21.27
4880000,50.44,52.88,47.77,43.51,21.33
4881000,50.36,52.66,47.77,43.5,21.34
4882000,50.36,53.17,48.34,43.65,21.34
4883000,50.66,52.14,48.33,43.75,20.89
4884000,50.18,52.16,47.67,44.63,20.89
4885000,49.54,52.15,47.29,44.72,20.94
4886000,49.33,50.45,48.31,45.01,21.33
4887000,49.33,50.45,48.31,44.74,21.37
4888000,49.47,51.07,49.29,45.08,21.58
4889000,49.48,51.11,49.74,44.71,22.0
4890000,49.48,51.25,49.34,44.25,21.94
4891000,49.64,51.25,49.34,45.14,21.77
4892000,50.7,51.44,50.12,45.14,22.18
4893000,51.39,49.34,49.05,46.22,22.18
4894000,51.04,48.96,49.05,45.99,22.97
4895000,50.26,48.96,50.32,46.04,23.29
4896000,51.05,49.69,50.72,46.55,23.57
4897000,51.05,49.88,49.48,46.35,23.97
4898000,52.42,48.65,49.7,46.35,23.54
4899000,52.68,48.69,50.18,46.34,23.51
4900000,52.68,48.8,50.18,45.83,22.79
4901000,53.41,48.8,50.75,45.48,23.07
4902000,53.41,50.05,50.04,45.79,23.26
4903000,54.17,48.89,50.95,45.79,23.8
4904000,54.17,48.84,50.02,46.21,23.43
4905000,53.47,47.7,48.91,46.21,23.48
4906000,53.15,46.75,49.9,46.01,23.67
4907000,53.15,46.75,49.64,46.01,23.58
4908000,53.34,47.85,49.93,46.13,23.67
4909000,53.54,47.85,50.47,45.82,23.72
4910000,53.54,48.86,50.51,45.86,23.39
4911000,54.44,48.68,50.95,46.19,23.59
4912000,54.15,48.68,51.27,46.68,23.61
4913000,54.4,49.1,51.27,47.49,23.56
4914000,54.52,48.3,51.32,48.0,23.5
4915000,53.77,48.51,51.75,46.39,23.47
4916000,53.78,48.51,51.75,46.76,23.27
4917000,53.63,49.92,52.48,47.33,23.16
4918000,53.07,50.71,52.48,47.88,23.11
4919000,53.62,50.56,53.61,47.88,23.22
4920000,53.62,50.61,54.48,47.76,23.16
4921000,54.57,50.61,54.2,48.09,22.75
4922000,55.03,51.0,54.34,47.8,22.78
4923000,53.71,51.0,54.85,47.63,22.61
4924000,53.92,51.34,55.44,47.05,22.18
4925000,54.56,51.34,55.44,47.05,22.1
4926000,54.56,52.22,55.88,47.33,22.18
4927000,54.5,52.22,55.34,47.15,21.9
4928000,54.5,52.42,55.34,47.62,22.21
4929000,54.72,52.54,55.75,47.49,22.18
4930000,54.72,52.54,56.57,47.22,21.87
4931000,56.01,53.35,56.57,47.03,20.93
4932000,56.01,51.94,57.74,46.77,20.45
4933000,53.95,52.29,57.59,46.56,21.0
4934000,54.58,53.32,57.64,46.55,21.0
4935000,54.58,52.7,56.48,46.19,21.32
4936000,54.0,52.7,57.22,46.09,21.04
4937000,54.0,52.7,57.22,46.09,20.74
4938000,54.53,54.21,58.25,46.6,20.45
4939000,54.53,54.21,57.6,46.98,20.47
4940000,53.44,55.17,57.6,47.3,20.47
4941000,52.71,55.81,57.71,47.42,20.67
4942000,52.71,54.15,57.71,47.42,20.53
4943000,53.74,54.17,57.58,47.76,20.64
4944000,52.81,55.1,57.66,47.83,20.4
4945000,52.32,54.38,57.66,47.33,19.89
4946000,52.57,54.38,57.88,47.94,19.89
4947000,52.71,53.83,57.65,47.71,19.93
4948000,52.71,55.01,57.65,46.54,19.9
4949000,53.58,53.95,58.73,46.54,20.07
4950000,53.9,52.39,59.5,46.29,19.73
4951000,54.3,51.77,59.5,46.43,20.03
4952000,54.01,51.77,61.11,46.34,19.96
4953000,55.05,52.28,60.23,46.09,20.24
4954000,54.58,52.08,60.68,46.48,20.46
4955000,53.08,52.45,60.68,46.26,20.11
4956000,53.08,51.0,61.23,46.01,20.55
4957000,53.67,50.56,59.81,46.35,20.37
4958000,54.53,49.9,58.73,46.53,20.37
4959000,54.58,49.9,58.95,46.53,20.78
4960000,55.58,49.8,58.26,47.43,20.85
4961000,55.58,49.54,58.26,47.43,20.76
4962000,55.88,49.54,59.39,48.27,20.83
4963000,56.1,48.59,59.17,48.27,20.66
4964000,56.89,49.14,59.17,48.81,20.99
4965000,57.38,49.14,59.0,47.39,20.78
4966000,57.38,49.64,58.91,47.45,20.86
4967000,55.93,49.64,58.91,46.6,20.97
4968000,54.48,50.96,59.39,46.72,20.88
4969000,54.48,49.98,59.39,46.71,20.71
4970000,55.03,49.98,59.07,46.75,20.25
4971000,55.03,50.03,58.64,46.69,19.98
4972000,55.33,49.94,58.64,46.63,20.11
4973000,56.3,50.11,59.94,46.63,19.8
4974000,56.33,50.37,59.79,45.6,20.01
4975000,55.03,50.37,60.53,44.47,20.25
4976000,55.66,51.58,60.59,43.09,20.45
4977000,55.12,52.04,59.91,43.09,20.39
4978000,55.12,52.04,59.91,43.45,20.39
4979000,54.91,52.41,60.3,43.02,20.42
4980000,54.76,52.99,60.84,43.03,21.14
4981000,55.62,52.63,60.84,42.37,21.24
4982000,54.81,52.63,61.42,42.37,20.94
4983000,53.3,52.94,61.42,43.22,21.0
4984000,53.08,53.71,62.4,42.59,21.35
4985000,51.78,52.57,62.0,42.75,21.28
4986000,51.49,51.64,61.96,43.23,21.33
4987000,51.57,52.57,62.57,43.25,21.29
4988000,52.65,51.27,60.68,43.25,21.29
4989000,52.65,51.27,60.64,43.68,21.94
4990000,53.71,52.5,60.63,43.68,21.73
4991000,53.12,51.84,60.86,43.99,21.34
4992000,51.65,52.19,59.6,43.73,21.33
4993000,50.95,50.65,59.05,44.37,21.26
4994000,51.04,49.12,58.82,44.37,21.42
4995000,51.09,47.83,59.56,45.35,21.42
4996000,51.13,47.83,57.35,45.05,21.87
4997000,51.13,48.97,57.27,43.52,22.02
4998000,51.73,49.33,57.56,43.52,21.62
4999000,51.99,49.23,57.75,43.69,21.64
