step,seed1,seed2,seed3,seed4,seed5
1000,0.42857143,0.47058824,0.5625,0.3125,0.5625
2000,0.53571427,0.4375,0.62068963,0.4642857,0.5862069
3000,0.4347826,0.4117647,0.575,0.5952381,0.52380955
4000,0.48333332,0.41791046,0.61538464,0.45454547,0.55172414
5000,0.525641,0.4,0.63076925,0.4390244,0.5694444
6000,0.47368422,0.4387755,0.5802469,0.45918366,0.5168539
7000,0.42,0.38,0.53125,0.46,0.47
8000,0.38,0.46,0.5,0.41,0.47
9000,0.44,0.46,0.53,0.44,0.48
10000,0.42,0.45,0.55,0.52,0.5
11000,0.43,0.46,0.54,0.57,0.47
12000,0.42,0.49,0.52,0.55,0.5
13000,0.42,0.47,0.53,0.52,0.56
14000,0.44,0.55,0.54,0.49,0.6
15000,0.47,0.47,0.53,0.45,0.57
16000,0.54,0.48,0.52,0.43,0.56
17000,0.63,0.58,0.47,0.41,0.52
18000,0.66,0.58,0.45,0.39,0.55
19000,0.59,0.51,0.44,0.51,0.46
20000,0.62,0.49,0.45,0.53,0.49
21000,0.65,0.48,0.52,0.53,0.41
22000,0.6,0.48,0.56,0.49,0.45
23000,0.53,0.56,0.53,0.48,0.42
24000,0.51,0.46,0.54,0.53,0.38
25000,0.56,0.52,0.52,0.5,0.34
26000,0.61,0.6,0.54,0.46,0.34
27000,0.58,0.6,0.49,0.5,0.42
28000,0.62,0.65,0.55,0.58,0.48
29000,0.67,0.64,0.51,0.6,0.48
30000,0.68,0.64,0.53,0.59,0.5
31000,0.55,0.67,0.51,0.55,0.58
32000,0.51,0.57,0.56,0.57,0.62
33000,0.56,0.62,0.54,0.62,0.64
34000,0.54,0.63,0.48,0.69,0.6
35000,0.59,0.68,0.55,0.64,0.51
36000,0.56,0.67,0.57,0.57,0.51
37000,0.55,0.59,0.57,0.62,0.48
38000,0.61,0.64,0.6,0.67,0.42
39000,0.64,0.59,0.57,0.55,0.37
40000,0.62,0.53,0.63,0.52,0.42
41000,0.69,0.52,0.62,0.55,0.44
42000,0.63,0.44,0.56,0.5,0.43
43000,0.56,0.47,0.51,0.5,0.43
44000,0.47,0.47,0.52,0.42,0.41
45000,0.5,0.46,0.46,0.45,0.43
46000,0.5,0.53,0.47,0.5,0.38
47000,0.48,0.52,0.42,0.44,0.39
48000,0.51,0.5,0.41,0.4,0.4
49000,0.57,0.56,0.38,0.38,0.35
50000,0.56,0.52,0.45,0.39,0.42
51000,0.59,0.46,0.54,0.39,0.46
52000,0.6,0.39,0.6,0.34,0.45
53000,0.58,0.48,0.6,0.33,0.49
54000,0.51,0.52,0.55,0.35,0.51
55000,0.5,0.51,0.52,0.34,0.54
56000,0.51,0.54,0.51,0.36,0.58
57000,0.55,0.54,0.39,0.4,0.56
58000,0.59,0.57,0.38,0.4,0.48
59000,0.56,0.57,0.31,0.42,0.49
60000,0.57,0.54,0.34,0.5,0.46
61000,0.55,0.5,0.38,0.49,0.38
62000,0.53,0.49,0.43,0.52,0.4
63000,0.45,0.55,0.49,0.55,0.41
64000,0.49,0.57,0.49,0.49,0.46
65000,0.43,0.58,0.57,0.5,0.55
66000,0.45,0.54,0.62,0.54,0.5
67000,0.5,0.54,0.66,0.62,0.52
68000,0.48,0.61,0.58,0.6,0.51
69000,0.55,0.58,0.58,0.61,0.5
70000,0.61,0.5,0.57,0.55,0.5
71000,0.65,0.51,0.57,0.56,0.46
72000,0.68,0.49,0.5,0.54,0.38
73000,0.64,0.52,0.46,0.51,0.49
74000,0.54,0.57,0.47,0.44,0.55
75000,0.58,0.5,0.48,0.45,0.54
76000,0.52,0.49,0.46,0.5,0.5
77000,0.5,0.47,0.44,0.56,0.56
78000,0.48,0.56,0.45,0.59,0.58
79000,0.47,0.61,0.49,0.61,0.51
80000,0.47,0.53,0.5,0.65,0.53
81000,0.48,0.55,0.47,0.61,0.48
82000,0.49,0.58,0.51,0.63,0.47
83000,0.48,0.63,0.53,0.62,0.43
84000,0.56,0.67,0.47,0.56,0.45
85000,0.6,0.66,0.45,0.63,0.42
86000,0.65,0.7,0.5,0.52,0.5
87000,0.65,0.7,0.49,0.61,0.4
88000,0.63,0.65,0.52,0.56,0.4
89000,0.61,0.61,0.51,0.5,0.48
90000,0.6,0.59,0.52,0.49,0.51
91000,0.56,0.5,0.57,0.48,0.48
92000,0.52,0.47,0.5,0.47,0.5
93000,0.53,0.5,0.48,0.43,0.46
94000,0.57,0.51,0.43,0.49,0.51
95000,0.66,0.58,0.44,0.52,0.53
96000,0.64,0.58,0.42,0.54,0.46
97000,0.63,0.59,0.43,0.64,0.49
98000,0.53,0.62,0.47,0.66,0.48
99000,0.46,0.7,0.46,0.65,0.6
100000,0.48,0.71,0.49,0.63,0.61
101000,0.49,0.64,0.48,0.64,0.63
102000,0.34,0.62,0.47,0.68,0.65
103000,0.38,0.6,0.52,0.65,0.66
104000,0.43,0.62,0.56,0.57,0.61
105000,0.44,0.68,0.48,0.65,0.59
106000,0.46,0.58,0.47,0.64,0.46
107000,0.42,0.59,0.5,0.53,0.41
108000,0.4,0.58,0.51,0.49,0.36
109000,0.45,0.59,0.46,0.53,0.39
110000,0.38,0.59,0.44,0.56,0.38
111000,0.43,0.62,0.48,0.45,0.36
112000,0.5,0.6,0.46,0.46,0.42
113000,0.49,0.61,0.51,0.51,0.42
114000,0.48,0.65,0.48,0.51,0.48
115000,0.44,0.58,0.47,0.56,0.49
116000,0.44,0.58,0.49,0.45,0.51
117000,0.44,0.54,0.47,0.45,0.5
118000,0.32,0.48,0.49,0.48,0.58
119000,0.35,0.49,0.51,0.52,0.54
120000,0.38,0.42,0.44,0.52,0.56
121000,0.39,0.39,0.45,0.54,0.56
122000,0.39,0.39,0.49,0.5,0.55
123000,0.43,0.41,0.5,0.53,0.52
124000,0.45,0.4,0.54,0.54,0.5
125000,0.46,0.48,0.56,0.52,0.47
126000,0.44,0.45,0.6,0.46,0.47
127000,0.48,0.5,0.66,0.51,0.49
128000,0.42,0.55,0.72,0.45,0.42
129000,0.48,0.58,0.74,0.49,0.43
130000,0.45,0.62,0.73,0.53,0.42
131000,0.44,0.58,0.66,0.47,0.38
132000,0.42,0.54,0.64,0.52,0.38
133000,0.36,0.57,0.38,0.5,0.35
134000,0.41,0.49,0.4,0.46,0.34
135000,0.4,0.53,0.35,0.48,0.43
136000,0.36,0.55,0.4,0.42,0.44
137000,0.35,0.52,0.34,0.35,0.46
138000,0.37,0.53,0.36,0.36,0.51
139000,0.44,0.54,0.34,0.42,0.47
140000,0.49,0.53,0.42,0.38,0.42
141000,0.51,0.53,0.47,0.39,0.41
142000,0.56,0.64,0.51,0.43,0.41
143000,0.61,0.6,0.58,0.44,0.43
144000,0.62,0.51,0.58,0.48,0.41
145000,0.64,0.46,0.71,0.52,0.46
146000,0.54,0.49,0.74,0.51,0.53
147000,0.54,0.43,0.73,0.57,0.51
148000,0.55,0.4,0.74,0.58,0.55
149000,0.56,0.36,0.68,0.57,0.48
150000,0.56,0.36,0.6,0.55,0.52
151000,0.52,0.4,0.6,0.54,0.51
152000,0.56,0.41,0.59,0.54,0.51
153000,0.61,0.47,0.55,0.52,0.48
154000,0.67,0.53,0.51,0.55,0.57
155000,0.65,0.56,0.52,0.57,0.52
156000,0.62,0.55,0.58,0.58,0.5
157000,0.68,0.54,0.62,0.61,0.48
158000,0.62,0.56,0.62,0.64,0.53
159000,0.63,0.51,0.64,0.73,0.5
160000,0.57,0.58,0.64,0.75,0.49
161000,0.54,0.6,0.69,0.66,0.53
162000,0.54,0.55,0.67,0.64,0.49
163000,0.44,0.55,0.63,0.57,0.53
164000,0.52,0.49,0.56,0.52,0.56
165000,0.46,0.55,0.53,0.49,0.59
166000,0.48,0.57,0.48,0.42,0.55
167000,0.5,0.59,0.43,0.46,0.52
168000,0.51,0.52,0.38,0.49,0.54
169000,0.52,0.49,0.4,0.43,0.54
170000,0.55,0.46,0.43,0.42,0.55
171000,0.55,0.47,0.46,0.44,0.5
172000,0.61,0.46,0.4,0.47,0.43
173000,0.59,0.43,0.46,0.47,0.4
174000,0.59,0.38,0.52,0.46,0.43
175000,0.67,0.4,0.55,0.43,0.46
176000,0.66,0.43,0.52,0.47,0.42
177000,0.58,0.44,0.51,0.52,0.45
178000,0.53,0.41,0.58,0.55,0.47
179000,0.51,0.42,0.6,0.57,0.52
180000,0.43,0.41,0.61,0.56,0.56
181000,0.41,0.44,0.54,0.55,0.68
182000,0.39,0.45,0.44,0.58,0.72
183000,0.48,0.47,0.47,0.58,0.69
184000,0.5,0.47,0.5,0.57,0.72
185000,0.49,0.48,0.55,0.58,0.72
186000,0.49,0.54,0.52,0.57,0.66
187000,0.6,0.63,0.51,0.55,0.61
188000,0.59,0.62,0.58,0.52,0.49
189000,0.57,0.65,0.58,0.46,0.44
190000,0.56,0.59,0.62,0.51,0.38
191000,0.54,0.58,0.58,0.57,0.36
192000,0.58,0.63,0.72,0.52,0.39
193000,0.59,0.63,0.65,0.53,0.41
194000,0.6,0.64,0.62,0.58,0.42
195000,0.52,0.59,0.62,0.54,0.45
196000,0.53,0.55,0.63,0.55,0.5
197000,0.48,0.57,0.66,0.52,0.52
198000,0.51,0.57,0.71,0.49,0.53
199000,0.51,0.46,0.67,0.45,0.55
200000,0.39,0.5,0.59,0.4,0.47
201000,0.43,0.45,0.59,0.34,0.54
202000,0.41,0.47,0.6,0.44,0.64
203000,0.41,0.52,0.55,0.46,0.53
204000,0.42,0.51,0.53,0.46,0.54
205000,0.46,0.51,0.48,0.49,0.54
206000,0.39,0.54,0.53,0.52,0.51
207000,0.46,0.57,0.56,0.54,0.54
208000,0.53,0.55,0.51,0.54,0.52
209000,0.53,0.53,0.47,0.51,0.45
210000,0.59,0.52,0.53,0.54,0.43
211000,0.6,0.61,0.5,0.51,0.41
212000,0.62,0.65,0.51,0.54,0.37
213000,0.66,0.68,0.44,0.61,0.4
214000,0.68,0.72,0.47,0.61,0.38
215000,0.68,0.73,0.47,0.61,0.32
216000,0.59,0.75,0.52,0.64,0.35
217000,0.64,0.66,0.51,0.7,0.39
218000,0.6,0.6,0.51,0.7,0.37
219000,0.56,0.48,0.52,0.71,0.39
220000,0.53,0.45,0.54,0.61,0.41
221000,0.57,0.32,0.53,0.6,0.37
222000,0.59,0.31,0.57,0.55,0.41
223000,0.64,0.28,0.54,0.59,0.44
224000,0.72,0.28,0.49,0.41,0.38
225000,0.79,0.29,0.53,0.38,0.38
226000,0.79,0.36,0.48,0.35,0.43
227000,0.72,0.4,0.57,0.4,0.43
228000,0.73,0.43,0.58,0.42,0.46
229000,0.75,0.45,0.59,0.39,0.43
230000,0.6,0.46,0.57,0.37,0.37
231000,0.53,0.47,0.6,0.38,0.38
232000,0.55,0.46,0.59,0.45,0.41
233000,0.45,0.43,0.56,0.47,0.42
234000,0.48,0.34,0.58,0.5,0.41
235000,0.53,0.36,0.49,0.51,0.4
236000,0.54,0.4,0.47,0.52,0.37
237000,0.53,0.39,0.51,0.54,0.48
238000,0.57,0.41,0.53,0.5,0.54
239000,0.6,0.42,0.61,0.49,0.52
240000,0.63,0.45,0.55,0.49,0.54
241000,0.61,0.45,0.59,0.58,0.53
242000,0.55,0.42,0.61,0.59,0.5
243000,0.53,0.38,0.62,0.66,0.46
244000,0.54,0.39,0.65,0.65,0.38
245000,0.55,0.42,0.61,0.65,0.36
246000,0.51,0.42,0.52,0.64,0.37
247000,0.54,0.39,0.56,0.7,0.39
248000,0.52,0.42,0.58,0.66,0.35
249000,0.49,0.42,0.54,0.75,0.39
250000,0.46,0.47,0.55,0.6,0.41
251000,0.44,0.46,0.54,0.55,0.41
252000,0.42,0.43,0.47,0.54,0.37
253000,0.4,0.5,0.57,0.56,0.37
254000,0.43,0.46,0.55,0.56,0.34
255000,0.37,0.51,0.55,0.47,0.34
256000,0.51,0.5,0.51,0.44,0.31
257000,0.52,0.52,0.54,0.38,0.28
258000,0.57,0.53,0.51,0.38,0.28
259000,0.57,0.55,0.47,0.31,0.3
260000,0.56,0.58,0.49,0.25,0.35
261000,0.58,0.65,0.4,0.27,0.37
262000,0.57,0.65,0.34,0.29,0.47
263000,0.6,0.64,0.33,0.25,0.49
264000,0.53,0.63,0.35,0.25,0.51
265000,0.54,0.63,0.36,0.29,0.57
266000,0.5,0.6,0.37,0.31,0.61
267000,0.51,0.6,0.35,0.37,0.64
268000,0.48,0.57,0.35,0.43,0.66
269000,0.5,0.52,0.39,0.42,0.7
270000,0.51,0.49,0.43,0.46,0.7
271000,0.5,0.49,0.43,0.43,0.65
272000,0.47,0.5,0.44,0.44,0.6
273000,0.47,0.48,0.41,0.5,0.56
274000,0.49,0.56,0.37,0.49,0.59
275000,0.5,0.6,0.4,0.47,0.52
276000,0.45,0.58,0.34,0.47,0.55
277000,0.5,0.59,0.34,0.52,0.49
278000,0.52,0.62,0.36,0.54,0.49
279000,0.52,0.51,0.33,0.53,0.48
280000,0.5,0.56,0.36,0.53,0.49
281000,0.52,0.5,0.35,0.44,0.51
282000,0.5,0.5,0.44,0.49,0.51
283000,0.52,0.46,0.52,0.48,0.56
284000,0.56,0.44,0.5,0.49,0.52
285000,0.57,0.45,0.6,0.45,0.62
286000,0.55,0.46,0.57,0.48,0.64
287000,0.58,0.47,0.58,0.52,0.62
288000,0.59,0.46,0.59,0.47,0.61
289000,0.55,0.52,0.65,0.5,0.66
290000,0.54,0.47,0.63,0.46,0.58
291000,0.57,0.47,0.55,0.46,0.56
292000,0.51,0.45,0.54,0.43,0.55
293000,0.45,0.43,0.53,0.45,0.46
294000,0.36,0.44,0.55,0.38,0.45
295000,0.33,0.47,0.49,0.38,0.37
296000,0.33,0.53,0.49,0.44,0.34
297000,0.37,0.56,0.45,0.42,0.39
298000,0.37,0.57,0.43,0.47,0.4
299000,0.35,0.52,0.46,0.51,0.38
300000,0.43,0.56,0.44,0.55,0.38
301000,0.43,0.55,0.47,0.52,0.41
302000,0.47,0.57,0.46,0.64,0.42
303000,0.42,0.58,0.49,0.68,0.4
304000,0.45,0.54,0.49,0.75,0.43
305000,0.41,0.54,0.53,0.75,0.37
306000,0.37,0.48,0.58,0.68,0.38
307000,0.41,0.48,0.58,0.62,0.43
308000,0.35,0.47,0.58,0.69,0.43
309000,0.39,0.48,0.52,0.65,0.44
310000,0.34,0.51,0.52,0.66,0.54
311000,0.37,0.53,0.55,0.62,0.6
312000,0.38,0.52,0.52,0.52,0.58
313000,0.39,0.5,0.53,0.47,0.57
314000,0.44,0.47,0.45,0.45,0.6
315000,0.53,0.44,0.47,0.42,0.54
316000,0.55,0.43,0.49,0.31,0.5
317000,0.56,0.48,0.48,0.32,0.53
318000,0.57,0.49,0.56,0.34,0.52
319000,0.62,0.45,0.55,0.35,0.38
320000,0.69,0.53,0.57,0.38,0.4
321000,0.74,0.5,0.59,0.4,0.37
322000,0.77,0.5,0.55,0.45,0.47
323000,0.73,0.56,0.55,0.48,0.48
324000,0.57,0.56,0.62,0.53,0.56
325000,0.63,0.56,0.57,0.57,0.57
326000,0.55,0.53,0.54,0.55,0.56
327000,0.57,0.56,0.45,0.51,0.58
328000,0.58,0.6,0.5,0.55,0.53
329000,0.54,0.57,0.59,0.6,0.55
330000,0.56,0.6,0.51,0.55,0.54
331000,0.58,0.65,0.49,0.57,0.56
332000,0.55,0.62,0.52,0.65,0.54
333000,0.56,0.63,0.54,0.61,0.55
334000,0.55,0.7,0.46,0.58,0.53
335000,0.58,0.68,0.53,0.55,0.57
336000,0.62,0.64,0.59,0.56,0.59
337000,0.61,0.56,0.65,0.56,0.62
338000,0.55,0.58,0.68,0.59,0.6
339000,0.55,0.59,0.61,0.5,0.62
340000,0.57,0.55,0.6,0.53,0.57
341000,0.58,0.59,0.6,0.51,0.6
342000,0.58,0.55,0.59,0.53,0.6
343000,0.57,0.48,0.61,0.56,0.62
344000,0.57,0.49,0.53,0.6,0.63
345000,0.53,0.51,0.48,0.61,0.61
346000,0.58,0.49,0.45,0.6,0.63
347000,0.58,0.54,0.38,0.58,0.71
348000,0.59,0.52,0.45,0.59,0.7
349000,0.64,0.54,0.53,0.58,0.7
350000,0.69,0.53,0.51,0.56,0.64
351000,0.74,0.54,0.59,0.54,0.62
352000,0.68,0.6,0.59,0.57,0.56
353000,0.65,0.6,0.54,0.51,0.51
354000,0.65,0.58,0.54,0.47,0.47
355000,0.7,0.56,0.5,0.39,0.45
356000,0.61,0.55,0.53,0.34,0.51
357000,0.55,0.53,0.52,0.43,0.51
358000,0.47,0.5,0.5,0.48,0.51
359000,0.44,0.57,0.5,0.51,0.5
360000,0.44,0.54,0.42,0.5,0.55
361000,0.43,0.55,0.45,0.49,0.56
362000,0.47,0.59,0.44,0.52,0.55
363000,0.45,0.62,0.49,0.54,0.58
364000,0.48,0.61,0.52,0.56,0.66
365000,0.51,0.63,0.51,0.62,0.54
366000,0.51,0.63,0.45,0.59,0.54
367000,0.55,0.59,0.48,0.62,0.52
368000,0.56,0.53,0.45,0.55,0.57
369000,0.53,0.46,0.51,0.62,0.54
370000,0.52,0.41,0.58,0.51,0.51
371000,0.51,0.4,0.65,0.56,0.55
372000,0.48,0.4,0.59,0.56,0.53
373000,0.48,0.44,0.56,0.55,0.51
374000,0.52,0.44,0.56,0.58,0.47
375000,0.56,0.44,0.6,0.58,0.43
376000,0.58,0.46,0.58,0.6,0.48
377000,0.54,0.45,0.63,0.58,0.35
378000,0.52,0.51,0.59,0.62,0.39
379000,0.56,0.5,0.53,0.55,0.48
380000,0.6,0.52,0.46,0.48,0.47
381000,0.57,0.52,0.41,0.48,0.47
382000,0.57,0.53,0.43,0.48,0.47
383000,0.54,0.5,0.46,0.48,0.45
384000,0.51,0.5,0.53,0.45,0.48
385000,0.44,0.52,0.5,0.39,0.5
386000,0.43,0.5,0.43,0.4,0.51
387000,0.49,0.46,0.47,0.39,0.55
388000,0.41,0.53,0.53,0.41,0.6
389000,0.43,0.49,0.59,0.42,0.51
390000,0.46,0.48,0.67,0.43,0.57
391000,0.47,0.52,0.71,0.44,0.57
392000,0.51,0.53,0.73,0.42,0.53
393000,0.6,0.51,0.75,0.45,0.52
394000,0.66,0.51,0.71,0.46,0.47
395000,0.61,0.51,0.72,0.42,0.42
396000,0.58,0.52,0.7,0.44,0.4
397000,0.59,0.46,0.74,0.4,0.41
398000,0.61,0.45,0.71,0.43,0.4
399000,0.67,0.43,0.64,0.42,0.4
400000,0.62,0.34,0.58,0.37,0.45
401000,0.59,0.39,0.61,0.38,0.47
402000,0.53,0.37,0.58,0.41,0.55
403000,0.54,0.39,0.51,0.42,0.57
404000,0.55,0.39,0.49,0.39,0.59
405000,0.54,0.4,0.52,0.36,0.59
406000,0.58,0.41,0.56,0.39,0.63
407000,0.56,0.4,0.53,0.37,0.65
408000,0.58,0.44,0.49,0.36,0.61
409000,0.54,0.46,0.49,0.38,0.57
410000,0.6,0.47,0.49,0.45,0.51
411000,0.6,0.48,0.45,0.45,0.43
412000,0.64,0.47,0.41,0.44,0.49
413000,0.63,0.5,0.46,0.5,0.51
414000,0.6,0.51,0.48,0.47,0.54
415000,0.6,0.53,0.47,0.49,0.5
416000,0.62,0.59,0.42,0.52,0.53
417000,0.55,0.55,0.47,0.55,0.57
418000,0.55,0.61,0.52,0.55,0.6
419000,0.61,0.52,0.53,0.54,0.57
420000,0.59,0.5,0.48,0.52,0.59
421000,0.54,0.48,0.54,0.58,0.57
422000,0.55,0.48,0.56,0.65,0.5
423000,0.57,0.52,0.6,0.63,0.46
424000,0.64,0.53,0.55,0.67,0.49
425000,0.63,0.49,0.58,0.72,0.41
426000,0.63,0.41,0.57,0.65,0.39
427000,0.51,0.46,0.53,0.68,0.39
428000,0.54,0.53,0.47,0.72,0.44
429000,0.53,0.55,0.46,0.71,0.44
430000,0.53,0.57,0.43,0.77,0.45
431000,0.56,0.54,0.48,0.6,0.46
432000,0.57,0.52,0.46,0.58,0.46
433000,0.55,0.53,0.48,0.49,0.46
434000,0.46,0.56,0.53,0.56,0.54
435000,0.56,0.56,0.53,0.59,0.56
436000,0.61,0.58,0.51,0.59,0.66
437000,0.56,0.58,0.51,0.56,0.6
438000,0.51,0.69,0.53,0.65,0.64
439000,0.57,0.68,0.64,0.56,0.66
440000,0.51,0.67,0.62,0.56,0.73
441000,0.51,0.64,0.59,0.56,0.7
442000,0.5,0.59,0.54,0.6,0.75
443000,0.56,0.57,0.44,0.62,0.78
444000,0.54,0.54,0.45,0.51,0.69
445000,0.51,0.55,0.47,0.43,0.59
446000,0.54,0.57,0.45,0.45,0.54
447000,0.57,0.54,0.42,0.46,0.59
448000,0.55,0.44,0.37,0.44,0.6
449000,0.53,0.39,0.41,0.48,0.61
450000,0.5,0.38,0.41,0.49,0.5
451000,0.52,0.42,0.46,0.5,0.44
452000,0.53,0.47,0.51,0.44,0.43
453000,0.49,0.45,0.52,0.48,0.46
454000,0.5,0.48,0.6,0.55,0.48
455000,0.43,0.49,0.61,0.53,0.52
456000,0.45,0.47,0.56,0.5,0.53
457000,0.47,0.41,0.58,0.5,0.55
458000,0.5,0.44,0.63,0.46,0.61
459000,0.49,0.48,0.68,0.42,0.54
460000,0.47,0.54,0.73,0.4,0.54
461000,0.53,0.51,0.72,0.43,0.54
462000,0.57,0.54,0.66,0.38,0.57
463000,0.56,0.53,0.65,0.37,0.6
464000,0.57,0.53,0.65,0.36,0.66
465000,0.62,0.57,0.64,0.39,0.62
466000,0.62,0.6,0.7,0.42,0.66
467000,0.63,0.6,0.73,0.44,0.68
468000,0.62,0.66,0.73,0.49,0.64
469000,0.64,0.71,0.62,0.56,0.65
470000,0.61,0.69,0.63,0.6,0.62
471000,0.61,0.59,0.61,0.65,0.67
472000,0.56,0.65,0.62,0.67,0.66
473000,0.55,0.61,0.66,0.68,0.68
474000,0.51,0.61,0.62,0.66,0.75
475000,0.55,0.59,0.59,0.64,0.75
476000,0.57,0.54,0.53,0.65,0.71
477000,0.5,0.5,0.51,0.66,0.65
478000,0.52,0.45,0.5,0.66,0.63
479000,0.52,0.46,0.54,0.61,0.64
480000,0.57,0.52,0.49,0.54,0.56
481000,0.5,0.59,0.49,0.48,0.49
482000,0.53,0.62,0.54,0.53,0.41
483000,0.51,0.6,0.5,0.52,0.41
484000,0.51,0.62,0.5,0.56,0.39
485000,0.53,0.62,0.46,0.56,0.36
486000,0.56,0.63,0.43,0.58,0.38
487000,0.56,0.63,0.4,0.54,0.42
488000,0.56,0.59,0.43,0.56,0.43
489000,0.59,0.58,0.45,0.62,0.45
490000,0.56,0.56,0.45,0.59,0.52
491000,0.52,0.47,0.44,0.66,0.53
492000,0.53,0.56,0.42,0.65,0.58
493000,0.51,0.61,0.48,0.67,0.59
494000,0.52,0.65,0.51,0.64,0.59
495000,0.51,0.66,0.52,0.56,0.61
496000,0.55,0.67,0.57,0.54,0.58
497000,0.46,0.69,0.55,0.54,0.53
498000,0.56,0.7,0.54,0.56,0.55
499000,0.54,0.78,0.53,0.56,0.57
500000,0.58,0.76,0.53,0.54,0.5
501000,0.6,0.73,0.52,0.53,0.44
502000,0.6,0.82,0.55,0.55,0.38
503000,0.68,0.76,0.49,0.57,0.38
504000,0.66,0.72,0.51,0.62,0.35
505000,0.66,0.69,0.42,0.72,0.36
506000,0.64,0.68,0.44,0.77,0.37
507000,0.65,0.65,0.46,0.8,0.35
508000,0.58,0.71,0.46,0.77,0.39
509000,0.56,0.74,0.51,0.79,0.38
510000,0.56,0.7,0.51,0.82,0.4
511000,0.57,0.7,0.57,0.77,0.39
512000,0.55,0.66,0.54,0.74,0.39
513000,0.56,0.59,0.46,0.74,0.4
514000,0.49,0.54,0.49,0.69,0.43
515000,0.48,0.62,0.58,0.67,0.42
516000,0.46,0.67,0.57,0.66,0.39
517000,0.46,0.66,0.56,0.6,0.41
518000,0.52,0.61,0.51,0.56,0.39
519000,0.54,0.58,0.48,0.48,0.42
520000,0.56,0.5,0.36,0.45,0.44
521000,0.55,0.48,0.42,0.51,0.46
522000,0.6,0.52,0.5,0.51,0.49
523000,0.52,0.54,0.44,0.47,0.51
524000,0.47,0.54,0.42,0.44,0.5
525000,0.54,0.41,0.48,0.39,0.51
526000,0.51,0.42,0.5,0.4,0.57
527000,0.47,0.46,0.51,0.38,0.6
528000,0.52,0.45,0.54,0.42,0.58
529000,0.45,0.46,0.61,0.45,0.58
530000,0.47,0.51,0.59,0.47,0.6
531000,0.44,0.47,0.59,0.5,0.62
532000,0.46,0.47,0.58,0.48,0.61
533000,0.51,0.47,0.54,0.5,0.59
534000,0.55,0.49,0.5,0.56,0.61
535000,0.51,0.49,0.5,0.6,0.61
536000,0.52,0.44,0.57,0.65,0.58
537000,0.48,0.42,0.51,0.61,0.51
538000,0.48,0.43,0.48,0.59,0.53
539000,0.51,0.44,0.53,0.63,0.49
540000,0.49,0.44,0.47,0.6,0.46
541000,0.49,0.5,0.52,0.62,0.42
542000,0.46,0.48,0.52,0.65,0.44
543000,0.42,0.48,0.56,0.61,0.41
544000,0.41,0.42,0.55,0.59,0.43
545000,0.4,0.42,0.58,0.62,0.49
546000,0.38,0.48,0.51,0.58,0.46
547000,0.38,0.45,0.55,0.58,0.5
548000,0.37,0.47,0.6,0.55,0.52
549000,0.38,0.43,0.58,0.55,0.5
550000,0.36,0.39,0.53,0.64,0.5
551000,0.33,0.36,0.55,0.6,0.5
552000,0.4,0.35,0.5,0.55,0.47
553000,0.38,0.35,0.49,0.57,0.54
554000,0.39,0.4,0.51,0.56,0.51
555000,0.44,0.39,0.54,0.56,0.41
556000,0.44,0.4,0.57,0.52,0.39
557000,0.47,0.39,0.6,0.52,0.37
558000,0.44,0.36,0.62,0.55,0.36
559000,0.46,0.43,0.61,0.54,0.33
560000,0.44,0.44,0.66,0.54,0.33
561000,0.43,0.45,0.63,0.48,0.28
562000,0.4,0.5,0.6,0.46,0.34
563000,0.39,0.56,0.66,0.53,0.44
564000,0.38,0.6,0.67,0.52,0.5
565000,0.43,0.59,0.65,0.52,0.55
566000,0.45,0.57,0.66,0.45,0.65
567000,0.41,0.64,0.59,0.48,0.7
568000,0.37,0.64,0.55,0.58,0.74
569000,0.41,0.6,0.49,0.59,0.77
570000,0.42,0.63,0.46,0.59,0.79
571000,0.46,0.62,0.47,0.53,0.8
572000,0.5,0.52,0.46,0.55,0.83
573000,0.52,0.49,0.39,0.55,0.81
574000,0.54,0.48,0.44,0.55,0.7
575000,0.46,0.53,0.38,0.58,0.68
576000,0.44,0.54,0.34,0.6,0.7
577000,0.48,0.46,0.35,0.63,0.62
578000,0.51,0.48,0.4,0.62,0.68
579000,0.48,0.5,0.37,0.51,0.66
580000,0.5,0.53,0.39,0.52,0.69
581000,0.49,0.53,0.45,0.57,0.67
582000,0.5,0.52,0.48,0.55,0.75
583000,0.51,0.57,0.54,0.51,0.76
584000,0.52,0.54,0.51,0.52,0.74
585000,0.52,0.52,0.55,0.53,0.74
586000,0.55,0.5,0.56,0.52,0.75
587000,0.59,0.49,0.56,0.47,0.66
588000,0.57,0.43,0.59,0.5,0.66
589000,0.57,0.35,0.64,0.54,0.55
590000,0.63,0.32,0.68,0.45,0.57
591000,0.59,0.33,0.62,0.46,0.58
592000,0.64,0.28,0.54,0.46,0.51
593000,0.6,0.31,0.5,0.47,0.48
594000,0.56,0.36,0.49,0.49,0.49
595000,0.54,0.35,0.43,0.56,0.47
596000,0.6,0.34,0.49,0.57,0.51
597000,0.56,0.38,0.52,0.57,0.53
598000,0.5,0.43,0.47,0.59,0.58
599000,0.48,0.43,0.44,0.59,0.54
600000,0.45,0.47,0.41,0.61,0.54
601000,0.45,0.48,0.43,0.63,0.5
602000,0.5,0.49,0.53,0.68,0.51
603000,0.47,0.51,0.54,0.71,0.51
604000,0.57,0.54,0.59,0.65,0.45
605000,0.52,0.53,0.63,0.7,0.47
606000,0.46,0.51,0.64,0.67,0.54
607000,0.47,0.57,0.68,0.69,0.52
608000,0.47,0.49,0.67,0.7,0.45
609000,0.5,0.42,0.63,0.63,0.49
610000,0.53,0.45,0.68,0.67,0.53
611000,0.62,0.43,0.77,0.67,0.58
612000,0.63,0.43,0.83,0.74,0.6
613000,0.6,0.41,0.71,0.75,0.62
614000,0.62,0.39,0.7,0.76,0.6
615000,0.6,0.43,0.68,0.76,0.62
616000,0.61,0.45,0.66,0.73,0.71
617000,0.66,0.43,0.66,0.72,0.68
618000,0.64,0.45,0.64,0.72,0.69
619000,0.63,0.52,0.64,0.68,0.65
620000,0.64,0.59,0.58,0.68,0.57
621000,0.56,0.58,0.52,0.64,0.55
622000,0.46,0.58,0.49,0.63,0.5
623000,0.39,0.64,0.48,0.62,0.52
624000,0.37,0.71,0.46,0.65,0.47
625000,0.39,0.7,0.4,0.64,0.43
626000,0.39,0.76,0.4,0.59,0.42
627000,0.41,0.71,0.34,0.56,0.41
628000,0.4,0.74,0.4,0.62,0.39
629000,0.46,0.7,0.4,0.66,0.39
630000,0.5,0.66,0.47,0.65,0.42
631000,0.54,0.65,0.45,0.65,0.4
632000,0.58,0.67,0.42,0.66,0.4
633000,0.63,0.69,0.43,0.64,0.44
634000,0.76,0.63,0.46,0.64,0.45
635000,0.77,0.55,0.45,0.62,0.41
636000,0.69,0.54,0.47,0.61,0.37
637000,0.74,0.47,0.5,0.64,0.43
638000,0.76,0.46,0.44,0.57,0.45
639000,0.67,0.53,0.44,0.55,0.46
640000,0.68,0.52,0.39,0.5,0.47
641000,0.68,0.45,0.47,0.51,0.52
642000,0.58,0.42,0.44,0.51,0.51
643000,0.43,0.39,0.46,0.52,0.51
644000,0.43,0.43,0.44,0.49,0.53
645000,0.5,0.5,0.46,0.5,0.57
646000,0.44,0.5,0.48,0.59,0.58
647000,0.49,0.55,0.53,0.56,0.55
648000,0.53,0.53,0.51,0.6,0.5
649000,0.55,0.51,0.47,0.62,0.5
650000,0.51,0.52,0.54,0.66,0.49
651000,0.51,0.53,0.48,0.7,0.47
652000,0.59,0.57,0.5,0.67,0.42
653000,0.64,0.56,0.59,0.64,0.42
654000,0.63,0.54,0.59,0.72,0.33
655000,0.58,0.48,0.57,0.7,0.34
656000,0.56,0.48,0.58,0.61,0.36
657000,0.52,0.44,0.58,0.52,0.35
658000,0.51,0.45,0.56,0.52,0.35
659000,0.45,0.41,0.61,0.53,0.37
660000,0.49,0.41,0.65,0.57,0.35
661000,0.43,0.41,0.61,0.49,0.34
662000,0.39,0.44,0.61,0.48,0.38
663000,0.37,0.41,0.6,0.46,0.38
664000,0.37,0.44,0.57,0.43,0.45
665000,0.42,0.44,0.59,0.43,0.46
666000,0.41,0.43,0.59,0.47,0.51
667000,0.37,0.46,0.57,0.51,0.51
668000,0.35,0.48,0.58,0.53,0.5
669000,0.39,0.51,0.48,0.58,0.5
670000,0.43,0.5,0.53,0.58,0.49
671000,0.45,0.46,0.56,0.62,0.49
672000,0.46,0.4,0.52,0.65,0.51
673000,0.42,0.37,0.5,0.65,0.51
674000,0.43,0.39,0.54,0.62,0.51
675000,0.47,0.44,0.54,0.57,0.42
676000,0.48,0.42,0.5,0.52,0.41
677000,0.5,0.43,0.53,0.6,0.41
678000,0.52,0.47,0.59,0.61,0.35
679000,0.52,0.48,0.58,0.61,0.36
680000,0.49,0.53,0.58,0.65,0.38
681000,0.48,0.58,0.53,0.6,0.32
682000,0.44,0.6,0.54,0.63,0.36
683000,0.43,0.57,0.54,0.77,0.34
684000,0.49,0.52,0.56,0.85,0.42
685000,0.52,0.58,0.45,0.91,0.44
686000,0.52,0.51,0.47,0.96,0.42
687000,0.51,0.52,0.5,0.95,0.42
688000,0.45,0.54,0.48,0.93,0.52
689000,0.47,0.58,0.44,0.95,0.53
690000,0.47,0.55,0.44,0.99,0.54
691000,0.52,0.59,0.47,1.03,0.57
692000,0.53,0.61,0.44,1.07,0.56
693000,0.56,0.65,0.46,0.98,0.61
694000,0.58,0.66,0.49,0.9,0.58
695000,0.58,0.64,0.53,0.92,0.62
696000,0.54,0.63,0.56,0.89,0.65
697000,0.51,0.71,0.51,0.82,0.64
698000,0.54,0.74,0.47,0.79,0.59
699000,0.57,0.69,0.48,0.73,0.57
700000,0.58,0.64,0.45,0.69,0.57
701000,0.65,0.6,0.41,0.59,0.59
702000,0.66,0.56,0.46,0.61,0.59
703000,0.66,0.58,0.46,0.59,0.6
704000,0.62,0.54,0.43,0.55,0.52
705000,0.64,0.55,0.4,0.53,0.45
706000,0.66,0.52,0.45,0.56,0.42
707000,0.66,0.48,0.48,0.6,0.44
708000,0.66,0.5,0.48,0.63,0.43
709000,0.67,0.5,0.51,0.63,0.43
710000,0.64,0.46,0.49,0.63,0.46
711000,0.6,0.49,0.49,0.68,0.42
712000,0.49,0.5,0.44,0.72,0.38
713000,0.56,0.5,0.47,0.79,0.44
714000,0.65,0.51,0.43,0.84,0.43
715000,0.68,0.51,0.43,0.89,0.49
716000,0.66,0.5,0.43,0.95,0.5
717000,0.6,0.53,0.39,0.9,0.52
718000,0.62,0.51,0.44,0.93,0.52
719000,0.68,0.54,0.44,0.95,0.46
720000,0.71,0.56,0.45,1.0,0.47
721000,0.71,0.55,0.51,0.98,0.45
722000,0.79,0.54,0.52,0.88,0.47
723000,0.87,0.52,0.44,0.84,0.45
724000,0.94,0.55,0.48,0.71,0.5
725000,0.76,0.51,0.54,0.67,0.48
726000,0.84,0.56,0.56,0.66,0.44
727000,0.81,0.55,0.63,0.63,0.49
728000,0.85,0.53,0.69,0.59,0.52
729000,0.84,0.51,0.65,0.52,0.52
730000,0.77,0.49,0.66,0.49,0.6
731000,0.75,0.47,0.67,0.51,0.63
732000,0.65,0.4,0.66,0.53,0.58
733000,0.63,0.42,0.65,0.55,0.62
734000,0.57,0.41,0.63,0.59,0.62
735000,0.62,0.47,0.62,0.66,0.57
736000,0.58,0.43,0.64,0.69,0.55
737000,0.58,0.39,0.6,0.84,0.49
738000,0.56,0.39,0.59,0.82,0.53
739000,0.52,0.4,0.55,0.86,0.48
740000,0.52,0.43,0.57,0.87,0.47
741000,0.57,0.46,0.61,0.92,0.49
742000,0.58,0.5,0.61,0.86,0.48
743000,0.57,0.47,0.63,0.87,0.49
744000,0.52,0.46,0.62,0.85,0.44
745000,0.54,0.42,0.64,0.83,0.47
746000,0.56,0.44,0.64,0.78,0.47
747000,0.53,0.43,0.59,0.68,0.46
748000,0.56,0.43,0.64,0.59,0.46
749000,0.53,0.44,0.74,0.55,0.46
750000,0.52,0.39,0.67,0.53,0.53
751000,0.53,0.4,0.7,0.57,0.52
752000,0.59,0.42,0.67,0.56,0.48
753000,0.6,0.51,0.69,0.61,0.54
754000,0.59,0.49,0.72,0.71,0.54
755000,0.56,0.47,0.76,0.66,0.55
756000,0.52,0.48,0.8,0.63,0.57
757000,0.52,0.49,0.74,0.61,0.51
758000,0.52,0.51,0.78,0.62,0.41
759000,0.56,0.57,0.74,0.64,0.43
760000,0.54,0.58,0.74,0.71,0.46
761000,0.53,0.59,0.79,0.67,0.5
762000,0.49,0.53,0.76,0.64,0.41
763000,0.44,0.5,0.76,0.61,0.42
764000,0.46,0.51,0.71,0.59,0.42
765000,0.49,0.51,0.7,0.62,0.41
766000,0.51,0.5,0.65,0.61,0.43
767000,0.53,0.46,0.64,0.67,0.5
768000,0.49,0.49,0.61,0.69,0.51
769000,0.46,0.49,0.64,0.67,0.5
770000,0.48,0.55,0.61,0.65,0.47
771000,0.49,0.55,0.65,0.61,0.49
772000,0.49,0.57,0.66,0.67,0.52
773000,0.51,0.6,0.64,0.7,0.53
774000,0.5,0.54,0.62,0.76,0.54
775000,0.52,0.56,0.57,0.71,0.6
776000,0.48,0.58,0.56,0.72,0.53
777000,0.48,0.55,0.53,0.69,0.51
778000,0.44,0.54,0.62,0.7,0.55
779000,0.49,0.45,0.66,0.69,0.53
780000,0.49,0.46,0.69,0.72,0.55
781000,0.45,0.44,0.67,0.69,0.56
782000,0.5,0.45,0.69,0.67,0.51
783000,0.49,0.39,0.75,0.6,0.47
784000,0.51,0.39,0.79,0.59,0.47
785000,0.54,0.39,0.79,0.54,0.49
786000,0.57,0.41,0.81,0.58,0.52
787000,0.59,0.4,0.87,0.59,0.53
788000,0.6,0.4,0.9,0.56,0.53
789000,0.63,0.41,0.85,0.59,0.51
790000,0.62,0.42,0.88,0.62,0.53
791000,0.7,0.45,0.82,0.62,0.52
792000,0.72,0.46,0.83,0.65,0.53
793000,0.7,0.42,0.9,0.71,0.53
794000,0.74,0.52,0.85,0.71,0.56
795000,0.81,0.57,0.84,0.75,0.55
796000,0.77,0.59,0.79,0.73,0.56
797000,0.76,0.55,0.8,0.73,0.54
798000,0.73,0.57,0.86,0.69,0.54
799000,0.7,0.57,0.77,0.71,0.54
800000,0.75,0.63,0.77,0.71,0.55
801000,0.74,0.58,0.65,0.7,0.49
802000,0.7,0.56,0.67,0.71,0.48
803000,0.66,0.62,0.67,0.66,0.54
804000,0.64,0.68,0.6,0.64,0.53
805000,0.66,0.55,0.64,0.67,0.52
806000,0.7,0.54,0.65,0.64,0.54
807000,0.68,0.6,0.57,0.64,0.55
808000,0.66,0.64,0.56,0.65,0.56
809000,0.7,0.67,0.66,0.66,0.58
810000,0.74,0.66,0.77,0.61,0.58
811000,0.66,0.67,0.75,0.71,0.64
812000,0.75,0.62,0.77,0.68,0.68
813000,0.7,0.64,0.75,0.68,0.75
814000,0.67,0.59,0.76,0.71,0.69
815000,0.59,0.56,0.86,0.63,0.74
816000,0.59,0.55,0.94,0.61,0.73
817000,0.58,0.49,1.1,0.68,0.74
818000,0.64,0.44,1.09,0.68,0.71
819000,0.73,0.43,1.01,0.7,0.67
820000,0.61,0.47,0.95,0.76,0.69
821000,0.63,0.41,0.94,0.76,0.68
822000,0.67,0.45,0.92,0.69,0.72
823000,0.59,0.41,0.91,0.6,0.69
824000,0.64,0.4,0.84,0.49,0.7
825000,0.71,0.37,0.73,0.51,0.66
826000,0.73,0.38,0.61,0.54,0.72
827000,0.79,0.42,0.57,0.51,0.76
828000,0.84,0.4,0.55,0.46,0.77
829000,0.85,0.33,0.58,0.43,0.78
830000,0.81,0.37,0.63,0.45,0.79
831000,0.86,0.46,0.63,0.56,0.75
832000,0.89,0.45,0.63,0.6,0.75
833000,0.88,0.59,0.66,0.68,0.69
834000,0.88,0.6,0.75,0.72,0.68
835000,0.86,0.62,0.78,0.75,0.64
836000,0.84,0.64,0.77,0.85,0.6
837000,0.79,0.65,0.75,0.85,0.6
838000,0.72,0.69,0.8,0.88,0.57
839000,0.7,0.72,0.78,0.82,0.54
840000,0.67,0.69,0.74,0.79,0.55
841000,0.64,0.78,0.82,0.75,0.54
842000,0.61,0.85,0.81,0.72,0.6
843000,0.58,0.76,0.81,0.74,0.57
844000,0.58,0.83,0.77,0.81,0.61
845000,0.6,0.85,0.77,0.87,0.54
846000,0.62,0.83,0.81,0.88,0.53
847000,0.64,0.81,0.79,0.79,0.62
848000,0.61,0.73,0.83,0.86,0.56
849000,0.58,0.77,0.77,0.96,0.6
850000,0.66,0.56,0.76,1.08,0.62
851000,0.67,0.57,0.8,1.08,0.65
852000,0.63,0.55,0.79,1.15,0.68
853000,0.61,0.46,0.74,1.18,0.69
854000,0.62,0.45,0.79,1.17,0.68
855000,0.69,0.46,0.76,1.19,0.67
856000,0.73,0.46,0.77,1.21,0.72
857000,0.72,0.45,0.77,1.19,0.75
858000,0.71,0.44,0.75,1.1,0.71
859000,0.73,0.47,0.82,1.06,0.71
860000,0.8,0.56,0.88,0.97,0.76
861000,0.8,0.64,0.85,0.98,0.77
862000,0.73,0.62,0.78,1.02,0.72
863000,0.7,0.66,0.84,0.99,0.59
864000,0.69,0.67,0.82,0.91,0.58
865000,0.67,0.7,0.76,0.79,0.57
866000,0.64,0.72,0.73,0.78,0.63
867000,0.54,0.73,0.76,0.73,0.6
868000,0.51,0.66,0.78,0.75,0.69
869000,0.51,0.58,0.73,0.7,0.74
870000,0.51,0.6,0.77,0.63,0.66
871000,0.49,0.58,0.81,0.64,0.72
872000,0.45,0.59,0.87,0.53,0.74
873000,0.45,0.64,0.8,0.58,0.78
874000,0.44,0.62,0.87,0.65,0.72
875000,0.44,0.63,0.9,0.61,0.74
876000,0.45,0.62,0.93,0.65,0.72
877000,0.46,0.69,0.98,0.73,0.62
878000,0.46,0.62,1.04,0.74,0.56
879000,0.44,0.57,0.99,0.73,0.56
880000,0.43,0.66,1.02,0.74,0.53
881000,0.45,0.72,1.09,0.79,0.48
882000,0.46,0.72,1.14,0.84,0.41
883000,0.49,0.74,0.95,0.93,0.46
884000,0.57,0.68,0.89,0.94,0.45
885000,0.59,0.63,0.85,0.96,0.45
886000,0.65,0.65,0.88,0.98,0.5
887000,0.61,0.58,0.83,0.93,0.53
888000,0.63,0.59,0.82,0.95,0.46
889000,0.65,0.67,0.78,0.84,0.43
890000,0.6,0.75,0.75,0.84,0.48
891000,0.59,0.67,0.74,0.85,0.5
892000,0.54,0.62,0.64,0.89,0.53
893000,0.53,0.66,0.67,0.91,0.52
894000,0.5,0.62,0.7,0.82,0.56
895000,0.45,0.71,0.75,0.86,0.65
896000,0.47,0.78,0.72,0.81,0.64
897000,0.46,0.79,0.7,0.82,0.65
898000,0.43,0.78,0.69,0.82,0.63
899000,0.45,0.7,0.72,0.78,0.7
900000,0.48,0.64,0.8,0.79,0.67
901000,0.49,0.64,0.82,0.74,0.64
902000,0.51,0.64,0.9,0.7,0.66
903000,0.57,0.61,0.96,0.69,0.66
904000,0.58,0.59,1.01,0.65,0.63
905000,0.6,0.54,1.05,0.57,0.55
906000,0.57,0.49,1.03,0.6,0.54
907000,0.56,0.57,1.01,0.62,0.57
908000,0.61,0.59,1.05,0.59,0.58
909000,0.53,0.57,0.99,0.59,0.6
910000,0.55,0.54,1.01,0.63,0.56
911000,0.53,0.57,0.95,0.65,0.61
912000,0.62,0.58,0.85,0.66,0.59
913000,0.66,0.62,0.84,0.67,0.63
914000,0.6,0.6,0.73,0.66,0.66
915000,0.6,0.64,0.76,0.65,0.77
916000,0.61,0.64,0.82,0.62,0.79
917000,0.64,0.64,0.88,0.61,0.79
918000,0.63,0.57,0.86,0.63,0.74
919000,0.62,0.55,0.89,0.63,0.77
920000,0.6,0.55,0.81,0.56,0.74
921000,0.66,0.6,0.84,0.56,0.74
922000,0.71,0.61,0.87,0.55,0.79
923000,0.64,0.64,0.92,0.54,0.76
924000,0.62,0.74,0.95,0.56,0.8
925000,0.63,0.86,0.89,0.6,0.68
926000,0.63,0.82,0.99,0.56,0.63
927000,0.68,0.79,1.02,0.55,0.65
928000,0.64,0.76,1.0,0.61,0.64
929000,0.58,0.8,1.11,0.7,0.66
930000,0.61,0.8,1.11,0.65,0.65
931000,0.62,0.78,1.14,0.64,0.71
932000,0.56,0.8,1.16,0.6,0.7
933000,0.53,0.85,1.15,0.65,0.67
934000,0.49,0.77,1.18,0.59,0.68
935000,0.49,0.7,1.24,0.6,0.63
936000,0.47,0.61,1.21,0.61,0.58
937000,0.41,0.59,1.11,0.68,0.62
938000,0.49,0.66,1.08,0.58,0.61
939000,0.52,0.64,1.1,0.51,0.68
940000,0.52,0.69,1.03,0.56,0.67
941000,0.55,0.71,1.08,0.6,0.67
942000,0.61,0.67,1.05,0.67,0.67
943000,0.62,0.66,0.98,0.67,0.68
944000,0.64,0.66,0.98,0.68,0.62
945000,0.66,0.7,1.01,0.64,0.69
946000,0.63,0.79,0.89,0.64,0.68
947000,0.65,0.76,0.81,0.64,0.64
948000,0.66,0.85,0.81,0.69,0.57
949000,0.6,0.8,0.79,0.76,0.54
950000,0.53,0.81,0.79,0.74,0.53
951000,0.48,0.83,0.78,0.7,0.57
952000,0.41,0.86,0.85,0.69,0.62
953000,0.44,0.94,0.83,0.64,0.63
954000,0.46,0.9,0.69,0.62,0.53
955000,0.47,0.85,0.68,0.67,0.51
956000,0.48,0.94,0.68,0.72,0.56
957000,0.5,0.89,0.73,0.68,0.55
958000,0.47,0.93,0.79,0.68,0.57
959000,0.43,0.98,0.81,0.71,0.58
960000,0.45,0.95,0.71,0.74,0.61
961000,0.44,0.97,0.68,0.76,0.61
962000,0.42,0.92,0.66,0.77,0.61
963000,0.4,0.9,0.71,0.79,0.51
964000,0.4,1.0,0.72,0.73,0.53
965000,0.39,1.04,0.81,0.72,0.58
966000,0.39,0.92,0.87,0.68,0.58
967000,0.38,0.94,0.86,0.65,0.52
968000,0.42,0.96,0.73,0.61,0.56
969000,0.45,1.0,0.76,0.66,0.55
970000,0.44,0.94,0.82,0.61,0.52
971000,0.44,0.99,0.86,0.62,0.54
972000,0.44,0.96,0.9,0.61,0.52
973000,0.45,0.98,0.99,0.62,0.53
974000,0.47,0.93,1.02,0.62,0.58
975000,0.49,0.88,1.04,0.7,0.55
976000,0.49,0.9,0.92,0.68,0.53
977000,0.54,0.88,0.97,0.67,0.56
978000,0.63,0.87,1.0,0.66,0.61
979000,0.64,0.85,1.03,0.63,0.58
980000,0.64,0.76,1.01,0.67,0.58
981000,0.63,0.75,1.08,0.66,0.55
982000,0.59,0.71,1.17,0.65,0.56
983000,0.61,0.73,1.18,0.66,0.55
984000,0.61,0.76,0.99,0.72,0.55
985000,0.57,0.76,1.07,0.68,0.6
986000,0.52,0.81,1.16,0.78,0.56
987000,0.48,0.81,1.13,0.87,0.58
988000,0.48,0.77,1.13,1.02,0.56
989000,0.37,0.77,1.12,1.04,0.55
990000,0.35,0.89,1.18,0.99,0.54
991000,0.38,0.83,1.16,1.03,0.55
992000,0.42,0.87,1.04,1.12,0.54
993000,0.43,0.85,0.93,1.06,0.59
994000,0.47,0.84,0.93,1.09,0.68
995000,0.46,0.82,0.99,1.1,0.62
996000,0.46,0.78,1.1,1.0,0.59
997000,0.45,0.8,1.1,0.84,0.61
998000,0.45,0.84,1.12,0.88,0.6
999000,0.5,0.85,1.14,0.94,0.63
1000000,0.46,0.82,1.2,0.91,0.62
1001000,0.44,0.87,1.25,0.84,0.62
1002000,0.45,0.93,1.28,0.87,0.65
1003000,0.44,0.94,1.22,0.92,0.64
1004000,0.46,0.98,1.28,0.94,0.54
1005000,0.5,0.97,1.31,0.99,0.52
1006000,0.51,1.07,1.29,1.09,0.55
1007000,0.55,1.08,1.19,1.08,0.53
1008000,0.56,1.16,1.18,1.13,0.52
1009000,0.55,1.18,1.1,1.16,0.47
1010000,0.57,1.14,1.04,1.13,0.48
1011000,0.61,1.12,1.03,1.16,0.51
1012000,0.58,1.1,1.04,1.18,0.47
1013000,0.52,0.91,1.04,1.01,0.46
1014000,0.5,0.8,1.01,1.05,0.48
1015000,0.51,0.81,1.01,1.08,0.52
1016000,0.52,0.78,0.93,1.03,0.48
1017000,0.51,0.68,0.97,0.99,0.46
1018000,0.51,0.62,0.98,1.07,0.44
1019000,0.5,0.63,0.99,0.96,0.5
1020000,0.47,0.65,1.02,0.86,0.56
1021000,0.5,0.63,1.02,0.9,0.56
1022000,0.49,0.73,1.01,0.8,0.58
1023000,0.53,0.77,1.03,0.84,0.58
1024000,0.5,0.79,0.98,0.89,0.57
1025000,0.49,0.79,1.0,0.82,0.64
1026000,0.49,0.8,1.09,0.89,0.66
1027000,0.46,0.85,1.16,0.91,0.74
1028000,0.44,0.84,1.12,0.8,0.78
1029000,0.46,0.85,1.18,0.83,0.81
1030000,0.49,0.84,1.19,0.9,0.78
1031000,0.47,0.86,1.17,0.89,0.8
1032000,0.53,0.83,1.06,0.95,0.8
1033000,0.49,0.78,1.07,0.95,0.85
1034000,0.47,0.8,1.03,0.99,0.91
1035000,0.47,0.76,1.09,0.97,0.92
1036000,0.45,0.72,1.15,0.95,0.91
1037000,0.51,0.71,1.13,0.91,0.91
1038000,0.51,0.69,1.01,0.89,0.94
1039000,0.52,0.66,0.91,0.85,0.93
1040000,0.52,0.59,0.97,0.84,0.96
1041000,0.51,0.66,0.86,0.83,0.94
1042000,0.54,0.68,0.84,0.7,0.95
1043000,0.53,0.62,0.89,0.64,0.85
1044000,0.57,0.66,0.95,0.75,0.78
1045000,0.57,0.66,0.98,0.68,0.82
1046000,0.56,0.68,0.95,0.7,0.86
1047000,0.59,0.68,1.0,0.72,0.79
1048000,0.59,0.75,1.0,0.65,0.79
1049000,0.59,0.79,0.92,0.73,0.73
1050000,0.59,0.72,0.92,0.74,0.72
1051000,0.67,0.72,0.92,0.78,0.73
1052000,0.71,0.76,1.0,0.81,0.76
1053000,0.68,0.79,0.98,0.77,0.81
1054000,0.69,0.85,0.95,0.8,0.82
1055000,0.74,0.91,0.97,0.88,0.85
1056000,0.73,0.93,0.95,0.86,0.82
1057000,0.77,0.97,0.96,0.83,0.74
1058000,0.93,1.1,0.9,0.82,0.82
1059000,0.93,1.1,0.8,0.75,0.81
1060000,1.03,1.03,0.84,0.77,0.79
1061000,1.02,1.12,0.86,0.71,0.78
1062000,0.97,1.13,0.81,0.72,0.82
1063000,1.04,1.05,0.84,0.72,0.72
1064000,0.98,1.13,0.71,0.7,0.74
1065000,1.03,1.15,0.67,0.71,0.73
1066000,1.08,1.13,0.64,0.68,0.74
1067000,1.03,1.09,0.64,0.66,0.68
1068000,1.06,0.96,0.63,0.74,0.79
1069000,0.93,0.99,0.66,0.8,0.72
1070000,1.02,1.0,0.67,0.9,0.65
1071000,1.03,0.94,0.68,0.95,0.63
1072000,1.12,0.98,0.72,1.04,0.58
1073000,1.08,1.06,0.7,0.99,0.59
1074000,1.14,1.13,0.77,1.11,0.56
1075000,1.07,0.97,0.8,1.17,0.52
1076000,1.09,0.97,0.84,1.18,0.53
1077000,1.02,0.96,0.93,1.12,0.55
1078000,1.15,0.91,0.96,1.16,0.48
1079000,1.15,0.89,0.95,1.19,0.51
1080000,1.16,0.84,0.98,1.23,0.57
1081000,1.19,0.76,0.94,1.26,0.61
1082000,1.08,0.76,1.0,1.15,0.66
1083000,1.07,0.76,1.01,1.1,0.68
1084000,1.12,0.72,1.01,1.06,0.63
1085000,1.03,0.81,1.08,1.07,0.64
1086000,1.04,0.75,1.02,1.08,0.6
1087000,0.93,0.74,0.93,1.04,0.61
1088000,0.92,0.75,0.86,1.02,0.63
1089000,0.98,0.79,0.93,1.05,0.61
1090000,0.93,0.81,0.97,0.96,0.6
1091000,0.98,0.8,0.93,1.01,0.56
1092000,1.04,0.82,0.96,1.04,0.57
1093000,1.02,0.86,0.9,1.08,0.6
1094000,0.96,0.83,0.87,1.16,0.68
1095000,0.93,0.78,0.82,1.18,0.7
1096000,0.98,0.8,0.76,1.26,0.64
1097000,0.98,0.86,0.89,1.25,0.62
1098000,1.04,0.78,0.9,1.17,0.58
1099000,0.91,0.78,0.93,1.26,0.62
1100000,0.89,0.69,0.93,1.31,0.7
1101000,0.94,0.67,0.81,1.34,0.69
1102000,0.92,0.66,0.8,1.31,0.7
1103000,0.76,0.7,0.81,1.24,0.71
1104000,0.74,0.7,0.78,1.06,0.63
1105000,0.7,0.78,0.75,1.06,0.68
1106000,0.65,0.79,0.79,1.05,0.74
1107000,0.59,0.81,0.76,1.02,0.78
1108000,0.53,0.78,0.66,1.04,0.83
1109000,0.54,0.79,0.71,1.04,0.77
1110000,0.5,0.8,0.69,0.87,0.74
1111000,0.46,0.88,0.73,0.84,0.72
1112000,0.52,0.91,0.77,0.9,0.67
1113000,0.56,0.97,0.9,0.91,0.72
1114000,0.64,0.93,0.92,0.94,0.74
1115000,0.72,0.85,0.98,1.0,0.65
1116000,0.75,0.98,0.98,0.96,0.68
1117000,0.77,1.06,1.08,1.02,0.61
1118000,0.83,1.08,1.11,0.98,0.59
1119000,0.77,1.08,1.18,0.95,0.62
1120000,0.74,1.19,1.3,1.05,0.64
1121000,0.8,1.28,1.31,1.09,0.64
1122000,0.79,1.28,1.22,1.13,0.69
1123000,0.81,1.33,1.18,1.14,0.74
1124000,0.74,1.35,1.1,1.22,0.73
1125000,0.64,1.34,1.02,1.14,0.71
1126000,0.66,1.32,1.0,1.18,0.71
1127000,0.64,1.3,0.93,1.15,0.7
1128000,0.69,1.21,0.81,1.23,0.77
1129000,0.68,1.1,0.84,1.2,0.77
1130000,0.7,0.99,0.84,1.24,0.74
1131000,0.7,0.98,0.8,1.17,0.83
1132000,0.65,0.93,0.74,1.02,0.84
1133000,0.58,0.85,0.78,0.99,0.86
1134000,0.6,0.85,0.88,0.94,0.82
1135000,0.64,0.93,0.89,0.97,0.82
1136000,0.6,0.89,0.85,0.99,0.84
1137000,0.66,0.83,0.88,0.97,0.84
1138000,0.6,0.83,0.93,0.95,0.86
1139000,0.6,0.89,0.92,0.97,0.9
1140000,0.58,0.91,1.0,0.91,0.88
1141000,0.61,1.0,0.98,0.95,0.89
1142000,0.71,1.08,1.01,1.03,0.83
1143000,0.73,1.04,0.97,1.05,0.8
1144000,0.77,1.06,0.97,1.13,0.82
1145000,0.72,0.97,0.99,1.18,0.75
1146000,0.75,0.96,0.89,1.18,0.78
1147000,0.73,1.06,0.87,1.07,0.74
1148000,0.73,1.08,0.91,1.02,0.65
1149000,0.7,1.14,0.82,1.01,0.58
1150000,0.69,1.14,0.81,1.03,0.55
1151000,0.73,1.12,0.8,1.1,0.52
1152000,0.73,1.07,0.75,1.09,0.56
1153000,0.58,1.02,0.72,1.09,0.52
1154000,0.55,1.0,0.7,1.11,0.46
1155000,0.52,1.04,0.65,1.13,0.53
1156000,0.52,1.01,0.73,0.98,0.47
1157000,0.43,1.0,0.73,1.03,0.55
1158000,0.5,0.98,0.65,1.05,0.58
1159000,0.55,0.89,0.57,1.11,0.65
1160000,0.52,0.84,0.6,1.17,0.64
1161000,0.57,0.88,0.48,1.1,0.58
1162000,0.53,1.0,0.5,1.17,0.64
1163000,0.56,1.03,0.53,1.1,0.66
1164000,0.59,1.13,0.58,1.08,0.61
1165000,0.67,1.22,0.61,1.02,0.65
1166000,0.75,1.26,0.54,0.97,0.61
1167000,0.77,1.19,0.54,0.94,0.63
1168000,0.79,1.33,0.7,0.92,0.64
1169000,0.86,1.32,0.71,0.85,0.62
1170000,0.78,1.35,0.71,0.81,0.69
1171000,0.76,1.31,0.75,0.81,0.73
1172000,0.86,1.4,0.77,0.72,0.75
1173000,0.9,1.43,0.81,0.74,0.71
1174000,0.89,1.44,0.66,0.7,0.76
1175000,0.86,1.38,0.71,0.67,0.79
1176000,0.84,1.28,0.65,0.6,0.83
1177000,0.8,1.38,0.54,0.62,0.85
1178000,0.72,1.27,0.58,0.6,0.83
1179000,0.74,1.26,0.64,0.63,0.83
1180000,0.72,1.41,0.61,0.65,0.81
1181000,0.78,1.32,0.55,0.63,0.71
1182000,0.85,1.3,0.54,0.65,0.75
1183000,0.76,1.34,0.63,0.69,0.75
1184000,0.79,1.39,0.66,0.64,0.77
1185000,0.9,1.52,0.73,0.68,0.74
1186000,0.86,1.43,0.72,0.75,0.71
1187000,0.87,1.44,0.75,0.85,0.61
1188000,0.84,1.39,0.68,0.85,0.62
1189000,0.85,1.41,0.69,0.88,0.57
1190000,0.84,1.39,0.7,0.92,0.58
1191000,0.77,1.44,0.75,0.99,0.58
1192000,0.76,1.45,0.74,1.0,0.6
1193000,0.65,1.28,0.72,0.99,0.55
1194000,0.54,1.26,0.83,1.0,0.55
1195000,0.58,1.24,0.87,1.07,0.54
1196000,0.55,1.12,0.88,1.14,0.59
1197000,0.5,1.14,0.92,1.24,0.64
1198000,0.55,1.12,0.9,1.26,0.7
1199000,0.51,1.21,0.95,1.18,0.71
1200000,0.49,1.21,0.98,1.22,0.71
1201000,0.51,1.22,1.08,1.29,0.72
1202000,0.55,1.2,1.04,1.27,0.67
1203000,0.54,1.17,1.0,1.24,0.64
1204000,0.57,1.14,1.02,1.4,0.65
1205000,0.55,1.09,1.04,1.36,0.65
1206000,0.63,1.16,1.08,1.33,0.69
1207000,0.62,1.17,1.01,1.32,0.66
1208000,0.66,1.17,1.06,1.21,0.59
1209000,0.68,1.14,1.03,1.16,0.55
1210000,0.7,1.17,1.05,1.21,0.54
1211000,0.65,1.05,1.06,1.26,0.56
1212000,0.71,1.05,1.05,1.27,0.5
1213000,0.76,1.0,0.97,1.27,0.55
1214000,0.77,0.95,1.03,1.34,0.55
1215000,0.81,0.94,1.04,1.36,0.65
1216000,0.78,0.93,1.04,1.23,0.7
1217000,0.84,0.96,1.11,1.17,0.71
1218000,0.92,0.94,1.05,1.27,0.68
1219000,1.01,0.92,1.05,1.21,0.62
1220000,0.95,0.84,1.03,1.29,0.64
1221000,1.05,0.86,1.11,1.26,0.67
1222000,1.09,0.96,1.16,1.18,0.7
1223000,1.07,0.89,1.2,1.19,0.74
1224000,1.14,0.82,1.25,1.13,0.76
1225000,1.14,0.86,1.28,1.06,0.72
1226000,1.23,0.83,1.29,1.0,0.74
1227000,1.21,0.8,1.31,1.06,0.65
1228000,1.24,0.76,1.3,1.0,0.67
1229000,1.07,0.77,1.33,1.0,0.66
1230000,1.07,0.74,1.36,1.03,0.69
1231000,1.13,0.75,1.4,1.03,0.75
1232000,0.99,0.7,1.47,1.06,0.8
1233000,0.99,0.74,1.44,1.12,0.78
1234000,0.92,0.79,1.48,1.06,0.84
1235000,0.83,0.78,1.48,1.02,0.82
1236000,0.8,0.83,1.56,1.12,0.86
1237000,0.9,0.91,1.57,1.16,0.83
1238000,0.88,0.97,1.62,1.16,0.9
1239000,0.88,1.01,1.57,1.14,0.89
1240000,0.89,1.09,1.51,1.13,0.87
1241000,0.89,1.05,1.43,1.17,0.85
1242000,0.96,1.13,1.3,1.12,0.84
1243000,1.05,1.21,1.23,1.04,0.91
1244000,1.07,1.23,1.23,0.99,0.89
1245000,1.1,1.22,1.13,0.98,0.89
1246000,1.11,1.18,0.96,0.97,0.89
1247000,1.2,1.23,0.94,0.99,0.84
1248000,1.23,1.19,0.9,1.02,0.83
1249000,1.19,1.14,0.93,0.91,0.81
1250000,1.22,1.06,1.0,1.0,0.84
1251000,1.22,1.04,1.13,1.06,0.84
1252000,1.09,1.07,1.19,1.09,0.84
1253000,1.1,1.06,1.22,1.1,0.93
1254000,1.07,1.1,1.35,1.1,0.87
1255000,1.06,1.05,1.36,1.17,0.76
1256000,1.08,0.98,1.35,1.19,0.78
1257000,1.01,0.98,1.37,1.23,0.73
1258000,0.88,0.93,1.29,1.27,0.75
1259000,0.77,0.88,1.23,1.25,0.74
1260000,0.71,0.84,1.22,1.31,0.72
1261000,0.75,0.87,1.16,1.37,0.66
1262000,0.75,0.79,1.02,1.33,0.62
1263000,0.82,0.76,1.0,1.16,0.54
1264000,0.78,0.71,0.9,1.15,0.55
1265000,0.79,0.68,0.81,1.17,0.61
1266000,0.74,0.72,0.77,1.17,0.6
1267000,0.76,0.73,0.77,1.2,0.61
1268000,0.85,0.78,0.85,1.16,0.7
1269000,0.91,0.88,0.82,1.15,0.63
1270000,0.81,0.88,0.83,1.27,0.68
1271000,0.83,0.94,0.91,1.27,0.68
1272000,0.87,0.95,0.89,1.14,0.7
1273000,0.92,0.98,0.89,1.22,0.74
1274000,1.01,1.0,0.88,1.3,0.7
1275000,1.0,0.94,0.85,1.23,0.65
1276000,0.99,0.99,0.82,1.25,0.71
1277000,1.09,1.0,0.76,1.17,0.71
1278000,1.15,1.07,0.76,1.22,0.7
1279000,1.21,1.03,0.82,1.2,0.64
1280000,1.15,0.94,0.77,1.17,0.63
1281000,1.17,0.94,0.79,1.11,0.63
1282000,1.3,0.93,0.83,1.12,0.64
1283000,1.41,0.89,0.75,1.1,0.66
1284000,1.45,0.96,0.78,1.08,0.59
1285000,1.54,0.93,0.76,1.03,0.64
1286000,1.5,0.94,0.79,1.0,0.71
1287000,1.43,0.93,0.88,1.04,0.66
1288000,1.48,0.88,1.02,1.03,0.64
1289000,1.56,0.85,1.14,1.09,0.59
1290000,1.49,0.89,1.24,1.11,0.63
1291000,1.39,0.89,1.16,1.1,0.63
1292000,1.36,0.88,1.19,1.15,0.7
1293000,1.33,0.81,1.33,1.18,0.68
1294000,1.09,0.81,1.33,1.2,0.65
1295000,1.13,0.68,1.37,1.25,0.63
1296000,0.98,0.72,1.41,1.28,0.7
1297000,0.9,0.76,1.45,1.34,0.72
1298000,0.9,0.71,1.63,1.41,0.69
1299000,1.0,0.72,1.76,1.44,0.68
1300000,1.06,0.73,1.87,1.47,0.68
1301000,0.92,0.73,1.89,1.43,0.68
1302000,0.96,0.69,1.85,1.43,0.68
1303000,0.94,0.72,1.7,1.38,0.7
1304000,0.93,0.72,1.72,1.34,0.74
1305000,0.93,0.74,1.77,1.19,0.72
1306000,1.06,0.67,1.58,1.15,0.65
1307000,1.06,0.72,1.59,1.09,0.64
1308000,1.09,0.76,1.55,1.03,0.63
1309000,1.15,0.76,1.41,1.07,0.62
1310000,1.19,0.82,1.23,0.98,0.62
1311000,1.08,0.84,1.18,1.01,0.65
1312000,1.05,0.85,1.12,1.02,0.65
1313000,1.05,0.88,1.1,0.99,0.66
1314000,1.14,0.89,1.07,1.08,0.7
1315000,1.23,0.91,1.06,1.13,0.67
1316000,1.31,0.98,1.07,1.19,0.7
1317000,1.37,1.03,1.08,1.27,0.72
1318000,1.36,1.07,1.1,1.33,0.69
1319000,1.27,1.07,1.06,1.36,0.71
1320000,1.28,0.99,1.05,1.34,0.7
1321000,1.33,1.05,0.98,1.38,0.72
1322000,1.27,0.96,0.91,1.48,0.73
1323000,1.36,0.99,0.94,1.52,0.67
1324000,1.36,1.05,0.95,1.45,0.58
1325000,1.36,1.09,0.95,1.59,0.57
1326000,1.27,1.16,0.96,1.7,0.56
1327000,1.16,1.11,0.88,1.62,0.53
1328000,1.11,1.06,0.92,1.63,0.53
1329000,1.09,0.99,0.91,1.65,0.54
1330000,1.09,1.03,0.92,1.6,0.53
1331000,1.17,1.13,0.9,1.5,0.56
1332000,1.19,1.14,0.93,1.51,0.56
1333000,1.14,1.18,0.99,1.56,0.61
1334000,1.12,1.09,1.01,1.53,0.63
1335000,1.08,1.12,1.05,1.48,0.61
1336000,1.06,1.14,1.04,1.48,0.64
1337000,1.0,1.03,1.06,1.33,0.68
1338000,1.12,0.94,1.08,1.27,0.64
1339000,1.19,0.93,1.01,1.23,0.71
1340000,1.2,0.99,0.99,1.24,0.7
1341000,1.22,0.89,0.95,1.28,0.67
1342000,1.31,0.87,0.9,1.28,0.65
1343000,1.31,0.91,0.95,1.39,0.62
1344000,1.18,0.88,0.83,1.45,0.66
1345000,1.24,0.81,0.84,1.42,0.63
1346000,1.28,0.79,0.81,1.44,0.63
1347000,1.31,0.78,0.76,1.45,0.63
1348000,1.25,0.89,0.71,1.57,0.66
1349000,1.29,0.85,0.75,1.58,0.65
1350000,1.2,0.89,0.78,1.71,0.57
1351000,1.15,0.92,0.76,1.78,0.61
1352000,1.2,0.95,0.81,1.81,0.67
1353000,1.16,0.98,0.78,1.77,0.68
1354000,1.14,0.96,0.79,1.81,0.72
1355000,1.15,0.93,0.86,1.86,0.74
1356000,1.14,0.91,0.92,1.98,0.72
1357000,1.09,0.94,0.93,2.04,0.73
1358000,1.16,0.96,0.95,1.87,0.73
1359000,1.18,0.9,0.93,1.81,0.69
1360000,1.16,0.92,0.97,1.7,0.71
1361000,1.23,0.94,0.95,1.62,0.77
1362000,1.31,0.86,0.99,1.5,0.79
1363000,1.19,0.82,1.08,1.56,0.7
1364000,1.23,0.79,1.15,1.6,0.65
1365000,1.21,0.79,1.18,1.62,0.65
1366000,1.16,0.84,1.25,1.61,0.69
1367000,1.27,0.84,1.29,1.58,0.66
1368000,1.18,0.84,1.23,1.39,0.7
1369000,1.19,0.9,1.14,1.53,0.73
1370000,1.13,0.89,1.13,1.63,0.71
1371000,1.1,0.86,1.11,1.56,0.74
1372000,1.03,0.92,1.2,1.74,0.71
1373000,1.01,0.9,1.28,1.77,0.68
1374000,0.98,0.91,1.23,1.84,0.74
1375000,0.91,1.0,1.17,1.92,0.76
1376000,0.86,0.99,1.0,1.94,0.7
1377000,0.86,0.93,0.83,1.87,0.73
1378000,0.77,0.96,0.85,1.95,0.74
1379000,0.84,0.98,0.82,1.86,0.6
1380000,0.85,0.99,0.85,1.81,0.64
1381000,0.88,1.0,1.04,1.84,0.58
1382000,1.0,1.03,1.14,1.72,0.59
1383000,1.06,1.06,1.08,1.64,0.57
1384000,1.04,1.01,1.0,1.76,0.53
1385000,1.11,0.98,1.03,1.63,0.56
1386000,1.11,1.03,1.17,1.63,0.67
1387000,1.09,1.02,1.22,1.71,0.64
1388000,1.24,0.97,1.26,1.61,0.58
1389000,1.24,0.98,1.33,1.62,0.61
1390000,1.25,0.9,1.39,1.44,0.64
1391000,1.32,0.79,1.27,1.4,0.65
1392000,1.29,0.71,1.24,1.45,0.68
1393000,1.18,0.8,1.26,1.49,0.66
1394000,1.24,0.77,1.24,1.53,0.66
1395000,1.28,0.8,1.28,1.55,0.62
1396000,1.31,0.9,1.21,1.5,0.52
1397000,1.46,0.97,1.29,1.51,0.56
1398000,1.46,0.96,1.21,1.56,0.57
1399000,1.42,0.95,1.28,1.61,0.56
1400000,1.41,0.97,1.31,1.63,0.57
1401000,1.39,1.0,1.34,1.77,0.59
1402000,1.31,1.03,1.4,1.85,0.54
1403000,1.28,1.06,1.29,1.89,0.54
1404000,1.28,1.09,1.33,1.96,0.63
1405000,1.28,1.14,1.39,2.05,0.63
1406000,1.23,1.16,1.47,2.09,0.68
1407000,1.23,1.19,1.37,2.05,0.68
1408000,1.02,1.28,1.35,1.99,0.67
1409000,1.09,1.21,1.34,2.11,0.68
1410000,1.1,1.12,1.37,2.12,0.7
1411000,0.99,1.05,1.28,2.14,0.72
1412000,0.98,1.06,1.19,2.09,0.72
1413000,0.95,1.1,1.19,2.04,0.79
1414000,0.92,1.15,1.19,2.02,0.78
1415000,0.91,1.13,1.12,1.93,0.84
1416000,0.94,1.11,1.05,1.8,0.79
1417000,1.06,1.0,1.09,1.78,0.79
1418000,0.96,0.95,1.13,1.65,0.75
1419000,0.94,0.87,1.16,1.66,0.71
1420000,0.98,0.83,1.11,1.61,0.68
1421000,1.1,0.85,1.1,1.4,0.66
1422000,1.11,0.89,1.08,1.47,0.65
1423000,1.1,0.91,1.18,1.4,0.62
1424000,1.06,0.99,1.16,1.44,0.62
1425000,1.11,1.02,1.04,1.33,0.53
1426000,1.11,1.06,1.15,1.29,0.57
1427000,1.13,1.18,1.1,1.15,0.65
1428000,1.1,1.26,0.98,1.09,0.7
1429000,1.11,1.38,1.05,1.03,0.76
1430000,1.06,1.41,1.11,1.02,0.77
1431000,1.21,1.46,1.16,1.08,0.75
1432000,1.18,1.54,1.14,1.15,0.79
1433000,1.09,1.65,1.2,1.14,0.73
1434000,1.12,1.67,1.18,1.06,0.78
1435000,1.13,1.72,1.25,1.02,0.8
1436000,1.17,1.78,1.37,0.99,0.76
1437000,1.26,1.78,1.44,0.94,0.65
1438000,1.28,1.82,1.39,0.99,0.54
1439000,1.26,1.77,1.43,0.99,0.56
1440000,1.29,1.72,1.56,1.09,0.59
1441000,1.28,1.66,1.61,1.14,0.66
1442000,1.21,1.57,1.6,1.14,0.68
1443000,1.2,1.56,1.56,1.11,0.7
1444000,1.23,1.6,1.53,1.14,0.67
1445000,1.29,1.39,1.5,1.22,0.64
1446000,1.44,1.36,1.43,1.2,0.69
1447000,1.42,1.26,1.4,1.13,0.67
1448000,1.4,1.18,1.29,1.08,0.67
1449000,1.34,1.18,1.15,1.1,0.72
1450000,1.4,1.27,1.18,1.11,0.76
1451000,1.39,1.37,1.08,1.11,0.77
1452000,1.34,1.35,1.0,1.11,0.7
1453000,1.38,1.24,0.9,1.01,0.69
1454000,1.34,1.25,0.9,1.0,0.75
1455000,1.26,1.17,0.9,1.03,0.73
1456000,1.26,1.28,0.8,0.94,0.78
1457000,1.22,1.32,0.87,0.95,0.73
1458000,1.14,1.32,0.83,1.03,0.73
1459000,1.13,1.36,0.87,1.06,0.79
1460000,1.07,1.45,0.87,1.13,0.81
1461000,0.96,1.35,0.86,1.16,0.77
1462000,0.9,1.28,0.84,1.03,0.74
1463000,0.91,1.26,0.92,0.96,0.76
1464000,0.8,1.21,0.96,1.04,0.83
1465000,0.85,1.19,0.93,1.03,0.83
1466000,0.8,1.2,0.98,0.98,0.77
1467000,0.81,1.24,0.98,1.02,0.75
1468000,0.84,1.18,0.96,1.07,0.72
1469000,0.91,1.19,0.98,1.15,0.7
1470000,0.93,1.18,1.0,1.23,0.64
1471000,0.97,1.07,1.01,1.24,0.63
1472000,0.99,0.96,1.02,1.26,0.68
1473000,1.03,0.97,1.02,1.36,0.73
1474000,1.05,0.77,0.93,1.46,0.76
1475000,1.16,0.74,0.92,1.51,0.72
1476000,1.12,0.78,0.95,1.5,0.74
1477000,1.13,0.72,1.0,1.51,0.81
1478000,1.27,0.76,1.05,1.53,0.86
1479000,1.29,0.71,1.01,1.57,0.87
1480000,1.32,0.75,1.07,1.58,0.91
1481000,1.32,0.72,0.98,1.63,0.9
1482000,1.36,0.79,0.98,1.51,0.95
1483000,1.35,0.78,0.93,1.52,0.94
1484000,1.26,0.83,0.94,1.45,0.88
1485000,1.29,0.88,0.97,1.4,0.84
1486000,1.29,0.9,0.97,1.34,0.8
1487000,1.16,1.03,0.96,1.35,0.74
1488000,1.19,1.09,1.02,1.32,0.66
1489000,1.17,1.18,1.11,1.34,0.67
1490000,1.03,1.15,1.06,1.27,0.64
1491000,0.93,1.24,1.1,1.4,0.65
1492000,0.96,1.28,1.04,1.4,0.62
1493000,0.95,1.33,1.1,1.53,0.64
1494000,0.92,1.32,1.17,1.63,0.63
1495000,0.91,1.38,1.18,1.68,0.66
1496000,0.94,1.4,1.16,1.65,0.65
1497000,0.96,1.43,1.22,1.65,0.67
1498000,1.03,1.46,1.27,1.57,0.71
1499000,1.05,1.51,1.32,1.61,0.72
1500000,1.07,1.59,1.25,1.66,0.69
1501000,1.12,1.56,1.21,1.62,0.68
1502000,1.17,1.56,1.27,1.59,0.68
1503000,1.21,1.54,1.25,1.58,0.62
1504000,1.26,1.61,1.31,1.48,0.62
1505000,1.29,1.46,1.24,1.17,0.66
1506000,1.37,1.45,1.32,1.03,0.67
1507000,1.31,1.43,1.23,0.96,0.63
1508000,1.39,1.39,1.28,0.93,0.6
1509000,1.34,1.37,1.2,0.95,0.58
1510000,1.31,1.33,1.17,0.89,0.61
1511000,1.24,1.33,1.09,0.94,0.63
1512000,1.28,1.27,1.15,0.9,0.69
1513000,1.32,1.23,1.14,0.85,0.71
1514000,1.42,1.2,1.14,0.96,0.76
1515000,1.35,1.15,1.21,0.91,0.7
1516000,1.46,1.1,1.26,0.98,0.67
1517000,1.38,1.08,1.27,0.98,0.72
1518000,1.36,1.01,1.29,1.03,0.71
1519000,1.3,1.0,1.39,1.1,0.79
1520000,1.33,0.96,1.36,0.96,0.79
1521000,1.29,0.89,1.4,1.02,0.72
1522000,1.27,0.93,1.36,1.0,0.72
1523000,1.31,0.81,1.27,1.01,0.68
1524000,1.16,0.84,1.28,1.03,0.65
1525000,1.14,0.78,1.25,1.04,0.61
1526000,1.09,0.79,1.3,1.04,0.65
1527000,1.18,0.69,1.24,0.97,0.68
1528000,1.1,0.6,1.2,0.97,0.64
1529000,1.17,0.59,1.2,0.99,0.66
1530000,1.16,0.64,1.09,0.96,0.57
1531000,1.17,0.66,1.13,1.02,0.6
1532000,1.21,0.71,1.18,0.99,0.66
1533000,1.25,0.82,1.17,0.96,0.66
1534000,1.25,0.81,1.34,0.97,0.7
1535000,1.17,0.85,1.36,0.89,0.72
1536000,1.23,0.94,1.27,0.87,0.75
1537000,1.29,1.06,1.26,0.92,0.73
1538000,1.16,1.14,1.2,0.95,0.77
1539000,1.21,1.25,1.04,0.91,0.78
1540000,1.11,1.35,1.04,0.92,0.8
1541000,1.13,1.51,0.98,0.87,0.78
1542000,1.13,1.54,0.95,0.84,0.78
1543000,1.16,1.74,0.89,0.93,0.83
1544000,1.12,1.78,0.94,0.97,0.85
1545000,1.16,1.79,0.92,1.03,0.83
1546000,1.12,1.9,0.98,0.97,0.86
1547000,1.11,1.95,1.03,1.04,0.83
1548000,1.01,2.0,1.09,1.03,0.78
1549000,1.0,1.97,1.08,1.05,0.76
1550000,1.0,2.11,1.13,1.06,0.72
1551000,1.06,2.18,1.14,1.03,0.75
1552000,1.08,2.3,1.17,1.13,0.75
1553000,1.21,2.36,1.15,1.29,0.73
1554000,1.18,2.34,1.17,1.28,0.75
1555000,1.11,2.36,1.14,1.34,0.71
1556000,1.09,2.24,1.23,1.27,0.77
1557000,1.14,2.13,1.18,1.21,0.8
1558000,1.13,2.0,1.15,1.16,0.85
1559000,1.18,2.03,1.14,1.14,0.87
1560000,1.21,1.94,1.27,1.25,0.87
1561000,1.22,1.75,1.15,1.23,0.9
1562000,1.31,1.63,1.22,1.33,0.92
1563000,1.24,1.71,1.34,1.33,0.91
1564000,1.03,1.61,1.33,1.12,0.91
1565000,1.09,1.44,1.34,1.01,0.8
1566000,1.13,1.32,1.27,1.04,0.8
1567000,1.21,1.26,1.31,1.13,0.71
1568000,1.26,1.27,1.27,1.21,0.66
1569000,1.34,1.31,1.32,1.24,0.64
1570000,1.45,1.41,1.3,1.31,0.6
1571000,1.42,1.51,1.39,1.29,0.62
1572000,1.38,1.59,1.38,1.38,0.61
1573000,1.39,1.68,1.42,1.49,0.62
1574000,1.33,1.65,1.48,1.46,0.66
1575000,1.38,1.71,1.55,1.6,0.68
1576000,1.49,1.79,1.49,1.72,0.62
1577000,1.49,1.75,1.4,1.82,0.64
1578000,1.46,1.85,1.41,1.81,0.66
1579000,1.56,1.92,1.38,1.98,0.56
1580000,1.52,1.9,1.37,2.16,0.54
1581000,1.4,2.0,1.39,2.28,0.48
1582000,1.31,1.97,1.42,2.41,0.5
1583000,1.35,1.95,1.35,2.42,0.5
1584000,1.36,1.94,1.26,2.47,0.51
1585000,1.38,1.87,1.3,2.42,0.52
1586000,1.36,1.65,1.18,2.3,0.52
1587000,1.24,1.61,1.27,2.23,0.54
1588000,1.19,1.58,1.3,2.18,0.57
1589000,1.15,1.45,1.23,2.21,0.63
1590000,1.23,1.41,1.31,2.06,0.61
1591000,1.15,1.19,1.31,1.93,0.71
1592000,1.18,1.26,1.24,1.96,0.72
1593000,1.12,1.21,1.16,1.71,0.76
1594000,1.22,1.17,1.16,1.6,0.89
1595000,1.17,1.15,1.2,1.47,0.95
1596000,1.1,1.15,1.19,1.37,0.96
1597000,1.09,1.24,1.25,1.25,0.95
1598000,1.24,1.34,1.25,1.36,0.98
1599000,1.27,1.42,1.32,1.33,0.97
1600000,1.28,1.48,1.41,1.34,0.94
1601000,1.17,1.45,1.36,1.3,0.97
1602000,1.27,1.49,1.39,1.24,1.02
1603000,1.27,1.61,1.3,1.19,0.92
1604000,1.34,1.62,1.27,1.3,0.91
1605000,1.36,1.72,1.22,1.31,0.89
1606000,1.28,1.78,1.2,1.31,0.91
1607000,1.3,1.96,1.16,1.29,0.82
1608000,1.42,1.99,1.12,1.33,0.86
1609000,1.45,2.13,1.08,1.29,0.8
1610000,1.38,2.15,0.99,1.33,0.9
1611000,1.35,2.23,0.92,1.27,0.86
1612000,1.38,2.22,0.93,1.19,0.9
1613000,1.41,2.18,0.92,1.2,0.87
1614000,1.36,2.21,0.93,1.22,0.85
1615000,1.36,2.27,0.99,1.24,0.77
1616000,1.37,2.36,1.03,1.33,0.85
1617000,1.35,2.53,1.16,1.28,0.84
1618000,1.35,2.52,1.24,1.32,0.85
1619000,1.3,2.38,1.11,1.33,0.92
1620000,1.24,2.35,1.18,1.42,0.87
1621000,1.2,2.46,1.13,1.47,0.82
1622000,1.17,2.41,1.25,1.54,0.84
1623000,1.17,2.34,1.29,1.57,0.89
1624000,1.08,2.24,1.28,1.63,0.91
1625000,1.11,2.23,1.39,1.57,0.8
1626000,1.13,2.39,1.41,1.66,0.78
1627000,1.05,2.32,1.5,1.72,0.76
1628000,1.06,2.21,1.36,1.66,0.63
1629000,1.06,2.25,1.36,1.72,0.78
1630000,1.16,2.05,1.46,1.77,0.8
1631000,1.23,1.87,1.47,1.74,0.78
1632000,1.22,1.82,1.49,1.67,0.8
1633000,1.32,1.89,1.6,1.57,0.76
1634000,1.37,1.93,1.47,1.58,0.81
1635000,1.34,1.85,1.57,1.45,0.86
1636000,1.43,1.85,1.57,1.53,0.83
1637000,1.34,1.74,1.41,1.62,0.85
1638000,1.36,1.66,1.42,1.65,0.85
1639000,1.3,1.55,1.37,1.52,0.74
1640000,1.3,1.6,1.34,1.52,0.79
1641000,1.16,1.62,1.39,1.56,0.81
1642000,1.21,1.63,1.47,1.55,0.91
1643000,1.22,1.66,1.39,1.59,0.96
1644000,1.27,1.69,1.31,1.65,0.9
1645000,1.23,1.64,1.31,1.74,0.93
1646000,1.23,1.73,1.44,1.76,0.98
1647000,1.24,1.75,1.54,1.84,0.98
1648000,1.21,1.75,1.52,1.84,1.03
1649000,1.26,1.58,1.53,1.88,0.99
1650000,1.26,1.59,1.54,2.0,0.99
1651000,1.35,1.54,1.48,1.95,0.99
1652000,1.39,1.61,1.38,2.05,1.08
1653000,1.49,1.55,1.34,2.0,1.05
1654000,1.51,1.47,1.45,2.04,1.0
1655000,1.45,1.37,1.32,2.01,0.98
1656000,1.36,1.34,1.28,1.95,0.92
1657000,1.26,1.36,1.22,1.84,0.93
1658000,1.27,1.45,1.24,1.83,0.96
1659000,1.24,1.4,1.29,1.79,0.97
1660000,1.26,1.4,1.25,1.8,0.93
1661000,1.29,1.44,1.25,1.7,0.93
1662000,1.26,1.49,1.27,1.74,0.94
1663000,1.29,1.52,1.27,1.74,0.99
1664000,1.17,1.5,1.2,1.73,1.05
1665000,1.19,1.48,1.25,1.7,1.11
1666000,1.23,1.47,1.33,1.66,1.11
1667000,1.25,1.58,1.18,1.76,1.15
1668000,1.31,1.58,1.21,1.74,1.21
1669000,1.35,1.56,1.18,1.72,1.19
1670000,1.33,1.59,1.14,1.67,1.16
1671000,1.23,1.56,1.16,1.66,1.06
1672000,1.32,1.5,1.18,1.59,1.06
1673000,1.3,1.39,1.15,1.47,1.04
1674000,1.33,1.38,1.12,1.35,0.96
1675000,1.36,1.39,1.05,1.3,0.99
1676000,1.4,1.44,1.06,1.27,0.99
1677000,1.35,1.52,1.11,1.25,0.9
1678000,1.36,1.52,1.06,1.26,0.88
1679000,1.26,1.61,1.18,1.3,0.9
1680000,1.3,1.57,1.2,1.34,0.91
1681000,1.32,1.64,1.36,1.37,0.89
1682000,1.32,1.66,1.34,1.48,0.79
1683000,1.34,1.63,1.29,1.42,0.84
1684000,1.28,1.63,1.32,1.55,0.83
1685000,1.35,1.69,1.27,1.61,0.77
1686000,1.29,1.69,1.34,1.65,0.74
1687000,1.34,1.77,1.43,1.63,0.84
1688000,1.38,1.79,1.34,1.73,0.82
1689000,1.34,1.73,1.32,1.73,0.81
1690000,1.41,1.7,1.36,1.78,0.91
1691000,1.38,1.63,1.43,1.76,0.97
1692000,1.41,1.51,1.45,1.64,1.05
1693000,1.39,1.55,1.37,1.64,1.14
1694000,1.34,1.49,1.36,1.5,1.18
1695000,1.39,1.4,1.37,1.51,1.25
1696000,1.4,1.45,1.52,1.52,1.34
1697000,1.39,1.52,1.56,1.37,1.38
1698000,1.37,1.45,1.66,1.37,1.31
1699000,1.33,1.49,1.78,1.47,1.38
1700000,1.36,1.64,1.86,1.47,1.37
1701000,1.46,1.64,1.84,1.36,1.37
1702000,1.45,1.69,1.82,1.31,1.32
1703000,1.51,1.71,1.85,1.29,1.25
1704000,1.5,1.67,1.89,1.32,1.19
1705000,1.55,1.65,1.68,1.25,1.17
1706000,1.56,1.65,1.7,1.35,1.18
1707000,1.51,1.71,1.72,1.22,1.14
1708000,1.55,1.73,1.69,1.16,1.09
1709000,1.56,1.79,1.52,1.2,1.17
1710000,1.64,1.82,1.47,1.2,1.1
1711000,1.71,1.88,1.38,1.18,1.04
1712000,1.74,1.91,1.24,1.07,1.07
1713000,1.75,1.7,1.28,1.08,1.14
1714000,1.71,1.58,1.27,1.0,1.26
1715000,1.73,1.64,1.26,1.06,1.23
1716000,1.65,1.6,1.39,1.0,1.25
1717000,1.71,1.61,1.44,0.9,1.37
1718000,1.7,1.62,1.46,0.86,1.33
1719000,1.61,1.58,1.5,0.85,1.41
1720000,1.68,1.48,1.54,0.76,1.41
1721000,1.7,1.5,1.53,0.7,1.32
1722000,1.69,1.42,1.49,0.64,1.42
1723000,1.73,1.45,1.55,0.64,1.41
1724000,1.62,1.33,1.69,0.63,1.49
1725000,1.57,1.35,1.65,0.63,1.41
1726000,1.56,1.48,1.62,0.66,1.35
1727000,1.61,1.48,1.56,0.74,1.31
1728000,1.54,1.47,1.44,0.9,1.16
1729000,1.63,1.44,1.5,1.0,1.14
1730000,1.68,1.46,1.49,1.05,1.15
1731000,1.82,1.52,1.42,1.04,1.12
1732000,1.78,1.6,1.49,1.09,1.09
1733000,1.75,1.64,1.55,1.12,1.01
1734000,1.68,1.7,1.47,1.13,0.94
1735000,1.73,1.7,1.45,1.09,0.89
1736000,1.8,1.79,1.5,1.11,0.89
1737000,1.7,1.76,1.57,1.06,0.92
1738000,1.69,1.75,1.66,1.06,0.85
1739000,1.72,1.6,1.58,0.95,0.87
1740000,1.7,1.58,1.5,0.95,0.83
1741000,1.61,1.51,1.47,1.06,0.83
1742000,1.56,1.54,1.47,1.15,0.79
1743000,1.46,1.44,1.46,1.25,0.75
1744000,1.39,1.42,1.49,1.25,0.77
1745000,1.37,1.3,1.44,1.34,0.8
1746000,1.37,1.29,1.5,1.41,0.8
1747000,1.38,1.28,1.37,1.46,0.75
1748000,1.48,1.07,1.25,1.61,0.75
1749000,1.52,0.91,1.18,1.73,0.71
1750000,1.54,0.84,1.27,1.73,0.74
1751000,1.45,0.97,1.36,1.8,0.78
1752000,1.34,0.95,1.34,1.75,0.74
1753000,1.27,0.93,1.34,1.84,0.78
1754000,1.21,0.92,1.42,1.88,0.8
1755000,1.3,0.94,1.46,1.93,0.89
1756000,1.36,0.89,1.49,1.77,0.91
1757000,1.33,0.91,1.36,1.66,0.84
1758000,1.33,0.9,1.41,1.59,0.88
1759000,1.26,0.95,1.4,1.68,0.9
1760000,1.3,1.04,1.44,1.58,0.88
1761000,1.33,1.12,1.4,1.46,0.87
1762000,1.36,1.22,1.4,1.56,0.8
1763000,1.42,1.32,1.42,1.57,0.86
1764000,1.46,1.17,1.46,1.72,0.84
1765000,1.59,1.2,1.41,1.82,0.85
1766000,1.53,1.19,1.31,1.82,0.77
1767000,1.54,1.31,1.37,1.8,0.75
1768000,1.51,1.33,1.4,1.86,0.76
1769000,1.43,1.35,1.43,1.99,0.73
1770000,1.43,1.32,1.46,2.16,0.73
1771000,1.42,1.44,1.57,2.21,0.71
1772000,1.53,1.41,1.61,2.35,0.81
1773000,1.57,1.42,1.63,2.24,0.79
1774000,1.52,1.45,1.71,2.33,0.84
1775000,1.53,1.42,1.7,2.4,0.86
1776000,1.54,1.4,1.74,2.5,0.95
1777000,1.56,1.41,1.78,2.53,0.92
1778000,1.53,1.46,1.83,2.53,0.9
1779000,1.6,1.42,1.89,2.64,0.84
1780000,1.57,1.4,1.85,2.4,0.87
1781000,1.68,1.46,1.89,2.35,0.91
1782000,1.69,1.53,1.92,2.29,0.87
1783000,1.68,1.44,1.85,2.28,0.84
1784000,1.68,1.39,1.84,2.3,0.87
1785000,1.69,1.38,1.78,2.39,0.83
1786000,1.76,1.25,1.65,2.35,0.74
1787000,1.67,1.24,1.61,2.35,0.74
1788000,1.74,1.23,1.66,2.28,0.75
1789000,1.62,1.28,1.58,2.22,0.8
1790000,1.6,1.3,1.53,2.04,0.79
1791000,1.64,1.28,1.53,1.94,0.84
1792000,1.6,1.33,1.53,1.89,0.91
1793000,1.53,1.28,1.57,1.82,0.96
1794000,1.52,1.29,1.5,1.83,0.93
1795000,1.54,1.26,1.6,1.8,0.94
1796000,1.58,1.27,1.61,1.82,0.93
1797000,1.64,1.25,1.66,1.87,0.9
1798000,1.64,1.3,1.65,1.67,0.97
1799000,1.73,1.37,1.64,1.57,1.03
1800000,1.76,1.37,1.7,1.53,1.04
1801000,1.79,1.4,1.69,1.65,1.03
1802000,1.76,1.33,1.8,1.7,0.86
1803000,1.72,1.36,1.89,1.64,0.79
1804000,1.73,1.34,1.91,1.72,0.8
1805000,1.67,1.32,1.93,1.85,0.77
1806000,1.64,1.36,2.0,1.78,0.73
1807000,1.67,1.36,2.05,1.84,0.76
1808000,1.73,1.41,1.98,1.88,0.75
1809000,1.68,1.39,2.03,1.82,0.72
1810000,1.65,1.28,2.04,1.9,0.69
1811000,1.69,1.27,2.0,2.01,0.66
1812000,1.72,1.35,2.12,2.07,0.72
1813000,1.67,1.24,2.06,2.18,0.77
1814000,1.69,1.29,2.04,2.21,0.9
1815000,1.73,1.21,1.83,2.26,0.88
1816000,1.79,1.19,1.73,2.33,0.95
1817000,1.76,1.2,1.81,2.31,0.95
1818000,1.73,1.19,1.69,2.23,0.95
1819000,1.77,1.16,1.68,2.21,1.0
1820000,1.76,1.19,1.67,2.29,1.03
1821000,1.59,1.23,1.76,2.23,1.13
1822000,1.61,1.37,1.68,2.29,1.06
1823000,1.36,1.45,1.55,2.38,1.07
1824000,1.38,1.4,1.59,2.29,1.15
1825000,1.43,1.45,1.58,2.18,1.1
1826000,1.51,1.52,1.68,2.21,1.03
1827000,1.58,1.57,1.72,2.06,0.94
1828000,1.55,1.72,1.87,2.05,0.89
1829000,1.52,1.76,1.87,1.93,0.85
1830000,1.63,1.87,1.9,2.06,0.85
1831000,1.69,1.91,1.94,2.03,0.77
1832000,1.73,1.94,1.97,2.15,0.73
1833000,1.79,2.04,1.86,2.1,0.75
1834000,1.75,2.04,1.85,2.08,0.81
1835000,1.86,1.98,1.83,2.05,0.76
1836000,1.94,2.05,1.95,1.86,0.78
1837000,1.97,2.2,1.81,1.84,0.82
1838000,1.91,2.25,1.77,1.79,0.81
1839000,1.94,2.4,1.88,1.8,0.83
1840000,1.93,2.44,1.83,1.83,0.88
1841000,1.96,2.5,1.7,1.71,0.87
1842000,2.1,2.37,1.61,1.64,0.91
1843000,2.0,2.4,1.61,1.73,0.86
1844000,1.99,2.36,1.54,1.68,0.83
1845000,2.15,2.32,1.5,1.62,0.75
1846000,2.1,2.36,1.55,1.67,0.79
1847000,2.1,2.21,1.46,1.78,0.8
1848000,1.97,2.24,1.52,1.81,0.83
1849000,1.89,2.36,1.39,1.83,0.99
1850000,1.92,2.34,1.43,1.73,1.01
1851000,1.87,2.42,1.43,1.72,1.0
1852000,1.9,2.5,1.47,1.71,0.91
1853000,1.88,2.6,1.48,1.76,0.97
1854000,1.7,2.46,1.54,1.85,1.0
1855000,1.76,2.19,1.71,1.92,1.07
1856000,1.84,2.1,1.56,1.85,1.07
1857000,1.58,2.11,1.66,1.86,1.05
1858000,1.59,2.19,1.72,1.8,0.99
1859000,1.65,2.26,1.77,1.73,0.92
1860000,1.71,2.16,1.85,1.76,0.89
1861000,1.8,2.05,2.0,1.75,0.86
1862000,1.84,2.04,1.98,1.86,0.9
1863000,1.75,1.98,1.89,2.01,0.93
1864000,1.74,1.83,1.98,1.99,0.85
1865000,1.82,1.76,1.95,1.97,0.83
1866000,1.88,1.6,2.01,1.97,0.89
1867000,1.8,1.51,1.91,1.96,0.97
1868000,1.8,1.47,2.05,2.02,1.03
1869000,1.89,1.43,2.06,2.13,1.08
1870000,1.89,1.4,2.14,2.25,1.03
1871000,1.88,1.38,2.07,2.28,1.11
1872000,1.8,1.56,2.1,2.31,1.05
1873000,1.83,1.51,1.99,2.26,1.02
1874000,1.84,1.63,1.91,2.22,1.12
1875000,1.78,1.72,1.98,2.18,1.14
1876000,1.89,1.73,2.04,2.17,1.16
1877000,1.84,1.64,2.08,2.18,1.09
1878000,1.86,1.72,1.99,2.24,1.04
1879000,1.96,1.74,1.98,2.18,1.0
1880000,2.01,1.71,2.01,2.26,1.01
1881000,1.97,1.67,1.92,2.37,1.03
1882000,1.99,1.67,1.85,2.23,1.02
1883000,1.91,1.69,1.99,2.17,1.07
1884000,1.94,1.59,2.04,2.07,0.98
1885000,1.87,1.36,2.06,1.98,0.98
1886000,1.98,1.3,2.08,1.96,1.06
1887000,1.96,1.22,2.05,2.04,0.97
1888000,2.07,1.24,2.03,2.08,0.97
1889000,2.05,1.34,2.07,2.29,0.97
1890000,2.1,1.41,2.2,2.36,0.98
1891000,2.01,1.37,2.26,2.25,1.01
1892000,1.88,1.42,2.25,2.43,1.0
1893000,1.95,1.47,2.22,2.52,1.01
1894000,1.94,1.56,2.28,2.61,1.02
1895000,1.92,1.69,2.22,2.72,1.08
1896000,1.94,1.77,2.11,2.64,1.12
1897000,1.95,1.82,2.03,2.66,1.07
1898000,1.98,1.85,2.14,2.63,1.0
1899000,2.01,1.96,2.13,2.74,1.04
1900000,1.99,1.96,2.27,2.8,1.02
1901000,1.96,1.98,2.26,2.88,0.92
1902000,1.94,2.03,2.12,2.9,0.97
1903000,2.06,1.87,2.23,2.93,0.82
1904000,2.15,1.81,2.17,2.96,0.86
1905000,2.2,1.88,2.21,2.71,0.79
1906000,2.2,1.83,2.23,2.69,0.8
1907000,2.28,1.66,2.23,2.43,0.81
1908000,2.3,1.57,2.33,2.08,0.83
1909000,2.34,1.45,2.44,1.89,0.81
1910000,2.4,1.5,2.31,1.77,0.81
1911000,2.26,1.58,2.29,1.79,0.89
1912000,2.23,1.49,2.19,1.79,1.02
1913000,2.2,1.6,2.11,1.87,1.06
1914000,2.3,1.55,2.24,1.79,1.11
1915000,2.35,1.57,2.18,1.74,1.18
1916000,2.16,1.6,2.0,1.87,1.21
1917000,2.1,1.55,1.86,1.92,1.2
1918000,2.2,1.59,1.83,1.99,1.18
1919000,2.15,1.63,1.9,2.08,1.27
1920000,2.12,1.72,1.89,2.06,1.4
1921000,2.18,1.74,1.88,2.13,1.42
1922000,2.1,1.8,1.75,2.25,1.33
1923000,2.2,1.56,1.85,2.26,1.26
1924000,2.1,1.65,1.83,2.32,1.25
1925000,2.06,1.83,1.93,2.35,1.3
1926000,2.05,1.92,1.97,2.28,1.22
1927000,2.06,1.91,1.91,2.41,1.24
1928000,2.05,1.86,1.88,2.36,1.24
1929000,2.12,1.88,1.95,2.42,1.19
1930000,2.14,1.91,2.14,2.55,1.22
1931000,2.08,2.01,2.04,2.43,1.05
1932000,2.13,2.04,2.09,2.28,0.93
1933000,2.16,2.04,2.02,2.31,0.97
1934000,2.28,1.99,2.0,2.35,0.95
1935000,2.19,2.0,1.9,2.45,0.96
1936000,2.17,1.99,1.85,2.37,0.98
1937000,2.18,1.96,1.87,2.36,0.95
1938000,2.23,1.83,1.95,2.38,0.99
1939000,2.14,1.66,1.92,2.29,0.98
1940000,2.07,1.68,2.07,2.23,0.99
1941000,1.94,1.64,1.84,2.03,0.92
1942000,1.89,1.47,2.02,2.04,0.97
1943000,1.85,1.4,1.98,2.08,1.04
1944000,1.93,1.38,1.95,2.1,1.06
1945000,1.81,1.29,1.99,2.17,1.02
1946000,1.78,1.26,1.95,2.28,1.08
1947000,1.78,1.3,2.08,2.33,0.95
1948000,1.79,1.36,2.13,2.42,0.92
1949000,1.76,1.34,2.21,2.46,0.93
1950000,1.84,1.35,2.27,2.45,0.95
1951000,1.71,1.46,2.19,2.58,0.95
1952000,1.76,1.41,2.2,2.69,0.99
1953000,1.77,1.43,2.28,2.74,1.04
1954000,1.85,1.52,2.35,2.88,1.02
1955000,1.9,1.52,2.27,2.86,1.11
1956000,1.94,1.52,2.3,3.09,1.13
1957000,1.91,1.51,2.37,3.24,1.12
1958000,1.96,1.51,2.34,3.37,1.06
1959000,2.09,1.59,2.35,3.5,1.11
1960000,2.18,1.61,2.24,3.61,1.1
1961000,2.13,1.63,2.21,3.65,1.06
1962000,2.11,1.68,1.98,3.86,1.07
1963000,2.02,1.65,2.13,3.87,1.09
1964000,2.14,1.59,2.15,3.8,1.12
1965000,2.17,1.61,2.11,3.67,1.04
1966000,2.32,1.7,2.0,3.72,1.06
1967000,2.31,1.75,1.88,3.66,0.93
1968000,2.32,1.91,1.79,3.31,0.94
1969000,2.24,2.03,1.78,3.37,0.88
1970000,2.02,2.1,1.9,3.23,0.87
1971000,2.29,2.15,2.06,3.08,0.88
1972000,2.17,2.31,2.03,3.01,0.87
1973000,2.13,2.34,2.0,2.96,0.88
1974000,2.24,2.37,1.99,2.85,0.93
1975000,2.26,2.37,1.86,2.75,0.9
1976000,2.37,2.46,1.99,2.8,0.93
1977000,2.42,2.4,2.11,2.67,0.95
1978000,2.39,2.41,2.11,2.63,0.9
1979000,2.36,2.42,2.21,2.67,0.82
1980000,2.24,2.52,2.18,2.56,0.89
1981000,2.22,2.47,2.39,2.57,1.02
1982000,2.36,2.48,2.4,2.69,1.11
1983000,2.32,2.41,2.36,2.6,1.11
1984000,2.38,2.4,2.34,2.64,1.08
1985000,2.21,2.19,2.24,2.56,1.09
1986000,2.16,2.15,2.25,2.65,1.05
1987000,2.27,2.18,2.3,2.63,1.12
1988000,2.22,2.09,2.41,2.67,1.18
1989000,2.27,2.05,2.41,2.67,1.21
1990000,2.35,2.03,2.45,2.54,1.23
1991000,2.49,1.94,2.43,2.6,1.09
1992000,2.4,1.8,2.38,2.55,1.14
1993000,2.31,1.59,2.36,2.51,1.11
1994000,2.3,1.44,2.37,2.38,1.11
1995000,2.46,1.51,2.24,2.45,1.16
1996000,2.5,1.39,2.19,2.53,1.21
1997000,2.42,1.3,2.25,2.58,1.11
1998000,2.6,1.38,2.23,2.57,1.03
1999000,2.58,1.25,2.29,2.36,0.97
2000000,2.63,1.28,2.33,2.28,1.02
2001000,2.64,1.26,2.38,2.18,1.08
2002000,2.64,1.37,2.37,2.13,1.14
2003000,2.7,1.38,2.34,2.14,1.07
2004000,2.68,1.41,2.12,2.25,1.16
2005000,2.53,1.48,2.11,2.18,1.12
2006000,2.48,1.68,2.15,2.25,1.09
2007000,2.64,1.83,2.23,2.35,1.13
2008000,2.73,1.92,2.26,2.38,1.11
2009000,2.65,2.06,2.27,2.54,1.17
2010000,2.69,2.07,2.2,2.72,1.22
2011000,2.64,2.22,2.25,2.76,1.15
2012000,2.56,2.2,2.24,2.84,1.2
2013000,2.61,2.27,2.05,2.74,1.19
2014000,2.66,2.35,2.14,2.9,1.2
2015000,2.64,2.43,2.15,2.98,1.08
2016000,2.61,2.46,2.04,3.16,1.08
2017000,2.63,2.35,2.18,3.18,1.06
2018000,2.43,2.46,2.2,3.23,0.95
2019000,2.49,2.49,2.26,3.19,1.01
2020000,2.61,2.56,2.24,3.21,1.02
2021000,2.52,2.54,2.27,3.18,1.0
2022000,2.49,2.35,2.26,3.08,1.01
2023000,2.49,2.26,2.33,3.01,0.98
2024000,2.4,2.11,2.34,2.76,0.85
2025000,2.5,2.11,2.41,2.52,0.88
2026000,2.49,2.16,2.23,2.63,0.95
2027000,2.42,2.25,2.4,2.68,1.0
2028000,2.46,2.19,2.25,2.48,1.04
2029000,2.43,2.19,2.28,2.4,1.02
2030000,2.46,2.26,2.33,2.47,1.06
2031000,2.34,2.42,2.25,2.61,1.02
2032000,2.39,2.38,2.24,2.46,0.99
2033000,2.56,2.39,2.22,2.52,0.98
2034000,2.57,2.37,2.15,2.73,1.02
2035000,2.48,2.41,2.08,2.63,1.07
2036000,2.41,2.34,2.09,2.64,1.13
2037000,2.37,2.38,2.1,2.66,1.11
2038000,2.53,2.47,2.06,2.77,1.05
2039000,2.57,2.48,2.1,2.96,0.92
2040000,2.59,2.6,2.23,2.97,1.02
2041000,2.65,2.65,2.13,2.69,0.99
2042000,2.78,2.85,2.14,2.79,0.97
2043000,2.83,2.75,2.03,2.86,0.98
2044000,2.92,2.68,2.11,2.8,1.1
2045000,2.89,2.72,2.14,2.65,1.05
2046000,2.89,2.71,2.08,2.54,0.99
2047000,2.92,2.38,2.1,2.62,0.96
2048000,2.97,2.46,2.15,2.7,1.05
2049000,2.89,2.47,2.11,2.73,1.1
2050000,2.91,2.33,2.04,2.59,1.24
2051000,2.87,2.36,2.05,2.76,1.26
2052000,2.91,2.26,2.21,2.85,1.26
2053000,3.04,2.22,2.11,2.89,1.28
2054000,2.98,2.05,2.1,2.8,1.27
2055000,2.92,1.85,2.02,2.86,1.21
2056000,2.92,1.67,2.07,2.84,1.4
2057000,2.83,1.59,2.04,2.97,1.49
2058000,2.79,1.54,1.93,2.99,1.46
2059000,2.81,1.62,2.02,3.14,1.54
2060000,2.83,1.71,2.18,3.22,1.5
2061000,2.66,1.74,2.36,3.27,1.52
2062000,2.78,1.7,2.31,3.45,1.47
2063000,2.65,1.79,2.29,3.5,1.45
2064000,2.77,1.77,2.4,3.48,1.41
2065000,2.86,1.8,2.41,3.44,1.4
2066000,2.77,1.82,2.23,3.5,1.45
2067000,2.76,1.9,2.35,3.56,1.18
2068000,2.85,1.96,2.42,3.46,1.17
2069000,2.84,1.92,2.5,3.5,1.15
2070000,2.92,2.05,2.4,3.58,1.12
2071000,2.95,2.04,2.47,3.29,1.1
2072000,2.98,2.1,2.48,3.34,1.18
2073000,2.96,2.09,2.46,3.27,1.17
2074000,2.86,2.02,2.36,3.31,1.22
2075000,2.99,2.09,2.22,3.39,1.1
2076000,2.98,2.13,2.26,3.48,1.12
2077000,3.0,2.09,2.12,3.53,1.11
2078000,3.14,2.03,2.23,3.65,1.06
2079000,3.04,2.08,2.31,3.61,1.11
2080000,3.14,2.07,2.34,3.71,0.99
2081000,3.15,2.02,2.46,3.66,0.97
2082000,3.2,2.03,2.46,3.48,1.02
2083000,3.12,2.01,2.52,3.38,0.99
2084000,3.23,1.96,2.64,3.36,1.0
2085000,3.27,1.79,2.76,3.4,0.99
2086000,3.32,1.76,2.81,3.34,1.01
2087000,3.11,1.78,2.62,3.54,1.08
2088000,3.17,1.62,2.63,3.51,1.07
2089000,3.27,1.51,2.72,3.69,1.08
2090000,3.37,1.56,2.69,3.85,1.17
2091000,3.3,1.42,2.81,3.83,1.12
2092000,3.31,1.57,2.6,3.87,1.18
2093000,3.29,1.55,2.65,3.82,1.21
2094000,3.31,1.63,2.67,3.77,1.12
2095000,3.37,1.56,2.63,3.85,1.02
2096000,3.18,1.54,2.58,3.52,0.91
2097000,3.02,1.6,2.62,3.49,0.91
2098000,3.06,1.71,2.51,3.77,0.94
2099000,2.96,1.65,2.64,3.86,0.91
2100000,2.82,1.63,2.63,3.9,0.92
2101000,2.86,1.73,2.75,4.05,0.86
2102000,2.92,1.79,2.79,3.91,0.85
2103000,2.85,1.78,2.61,3.65,0.9
2104000,2.88,1.7,2.52,3.65,0.81
2105000,2.85,1.61,2.61,3.38,0.92
2106000,2.93,1.66,2.81,3.25,0.93
2107000,2.76,1.62,2.91,3.34,0.95
2108000,2.9,1.62,2.92,3.46,0.99
2109000,3.0,1.7,2.82,3.51,0.9
2110000,3.06,1.61,2.9,3.31,0.9
2111000,3.0,1.65,2.96,3.19,0.86
2112000,3.14,1.72,2.95,3.29,0.95
2113000,3.23,1.77,2.97,3.3,0.92
2114000,3.29,1.8,2.92,3.15,0.85
2115000,3.36,1.87,3.07,3.16,0.89
2116000,3.43,1.85,3.11,3.26,0.84
2117000,3.56,1.89,3.01,3.14,0.9
2118000,3.75,2.0,3.03,3.24,0.91
2119000,3.8,2.02,3.17,3.29,0.94
2120000,3.79,2.01,3.37,3.56,0.93
2121000,3.81,1.99,3.42,3.67,0.92
2122000,3.8,2.15,3.43,3.84,0.95
2123000,3.84,2.11,3.11,3.97,0.88
2124000,3.75,2.12,3.08,4.01,0.9
2125000,3.85,2.02,3.03,4.15,0.94
2126000,3.84,2.06,3.16,3.7,0.91
2127000,3.54,2.06,3.15,3.69,0.98
2128000,3.71,2.06,3.12,3.78,1.02
2129000,3.67,2.03,3.05,3.84,1.04
2130000,3.53,1.98,3.1,3.7,1.06
2131000,3.48,1.93,3.0,3.58,1.12
2132000,3.48,1.98,3.0,3.63,1.11
2133000,3.45,1.96,3.13,3.69,1.16
2134000,3.46,1.89,2.94,3.58,1.17
2135000,3.35,1.75,2.68,3.53,1.23
2136000,3.4,1.87,2.69,3.62,1.23
2137000,3.28,1.78,2.89,3.62,1.33
2138000,3.09,1.67,2.87,3.29,1.26
2139000,2.88,1.68,2.9,3.24,1.16
2140000,2.89,1.77,2.7,3.49,1.16
2141000,2.61,1.75,2.67,3.3,1.08
2142000,2.77,1.75,2.7,3.52,1.06
2143000,2.67,1.86,2.54,3.68,1.11
2144000,2.65,1.79,2.55,3.8,1.17
2145000,2.83,1.8,2.68,3.69,1.14
2146000,2.78,1.81,2.76,3.6,1.2
2147000,2.82,1.85,2.57,3.71,1.26
2148000,2.86,1.8,2.75,3.81,1.29
2149000,2.81,1.84,2.81,3.88,1.31
2150000,2.73,1.7,2.9,4.07,1.4
2151000,2.78,1.69,3.0,4.05,1.45
2152000,2.84,1.55,2.96,3.99,1.44
2153000,3.03,1.48,2.73,4.04,1.52
2154000,3.07,1.44,2.64,4.17,1.43
2155000,3.11,1.32,2.68,4.36,1.38
2156000,3.2,1.33,2.61,4.15,1.36
2157000,3.42,1.21,2.69,4.22,1.46
2158000,3.45,1.18,2.75,4.39,1.46
2159000,3.5,1.25,2.79,4.51,1.47
2160000,3.68,1.31,2.93,4.34,1.4
2161000,3.65,1.33,2.79,4.23,1.43
2162000,3.73,1.41,2.65,4.13,1.34
2163000,3.9,1.29,2.78,4.35,1.36
2164000,3.84,1.27,2.72,4.35,1.31
2165000,3.92,1.35,2.67,4.49,1.31
2166000,3.87,1.55,2.78,4.55,1.33
2167000,3.88,1.57,2.92,4.71,1.4
2168000,3.95,1.6,2.98,4.61,1.26
2169000,4.01,1.53,3.08,4.6,1.22
2170000,4.0,1.63,3.03,4.54,1.19
2171000,3.99,1.6,3.14,4.57,1.35
2172000,3.88,1.54,3.09,4.4,1.29
2173000,3.87,1.52,3.19,4.33,1.35
2174000,3.87,1.62,3.03,4.29,1.33
2175000,3.77,1.65,2.99,4.3,1.35
2176000,3.65,1.71,3.15,4.2,1.33
2177000,3.68,1.85,3.21,4.11,1.38
2178000,3.83,1.96,3.2,4.09,1.42
2179000,3.46,1.88,3.12,4.14,1.4
2180000,3.31,1.63,3.27,3.88,1.43
2181000,3.45,1.63,3.21,3.98,1.39
2182000,3.32,1.71,3.03,4.03,1.42
2183000,3.5,1.66,3.16,4.01,1.23
2184000,3.35,1.53,3.2,4.06,1.2
2185000,3.41,1.55,3.24,4.13,1.19
2186000,3.46,1.49,3.32,4.17,1.21
2187000,3.54,1.38,3.25,4.15,1.19
2188000,3.57,1.32,3.19,4.04,1.25
2189000,3.66,1.31,3.09,4.0,1.31
2190000,3.5,1.45,3.13,3.95,1.21
2191000,3.51,1.38,2.88,3.84,1.15
2192000,3.57,1.44,2.92,3.74,1.12
2193000,3.5,1.44,2.81,3.63,1.21
2194000,3.55,1.32,2.71,3.64,1.17
2195000,3.57,1.34,2.69,3.51,1.17
2196000,3.75,1.36,2.73,3.32,1.14
2197000,3.74,1.44,2.64,3.12,1.17
2198000,3.65,1.44,2.45,2.84,1.15
2199000,3.62,1.48,2.4,2.83,1.17
2200000,3.75,1.48,2.29,2.85,1.14
2201000,3.74,1.51,2.24,2.89,1.13
2202000,3.84,1.33,2.27,2.89,1.13
2203000,3.53,1.37,2.37,3.0,1.11
2204000,3.61,1.37,2.42,3.13,1.11
2205000,3.76,1.51,2.24,3.14,1.13
2206000,3.63,1.56,2.32,3.33,1.09
2207000,3.73,1.76,2.37,3.5,1.16
2208000,3.67,1.87,2.22,3.4,1.26
2209000,3.62,1.94,2.13,3.47,1.27
2210000,3.5,2.08,2.18,3.55,1.29
2211000,3.41,2.1,2.2,3.57,1.24
2212000,3.46,2.16,2.25,3.65,1.27
2213000,3.51,2.23,2.21,3.84,1.28
2214000,3.45,2.31,2.34,3.85,1.37
2215000,3.64,2.31,2.14,4.05,1.3
2216000,3.48,2.38,2.21,4.21,1.36
2217000,3.63,2.51,2.23,4.38,1.39
2218000,3.57,2.58,2.32,4.54,1.36
2219000,3.73,2.66,2.45,4.6,1.29
2220000,3.66,2.57,2.44,4.73,1.29
2221000,3.7,2.46,2.48,4.84,1.23
2222000,3.76,2.42,2.66,4.91,1.24
2223000,3.78,2.28,2.75,4.82,1.27
2224000,3.64,2.33,2.87,4.9,1.31
2225000,3.8,2.32,2.93,4.9,1.36
2226000,3.85,2.46,2.94,4.87,1.32
2227000,3.85,2.44,2.99,4.67,1.44
2228000,3.7,2.39,3.07,4.69,1.38
2229000,3.81,2.23,2.98,4.77,1.39
2230000,3.97,2.29,3.04,4.83,1.39
2231000,3.85,2.19,2.95,4.73,1.43
2232000,3.91,1.97,3.1,4.73,1.47
2233000,3.91,1.94,3.14,4.74,1.51
2234000,3.83,1.92,3.1,4.74,1.53
2235000,3.94,1.95,3.12,4.66,1.56
2236000,3.94,1.81,3.12,4.71,1.48
2237000,4.07,1.83,2.88,4.98,1.46
2238000,3.89,1.69,3.07,4.82,1.4
2239000,4.12,1.43,2.91,4.89,1.41
2240000,3.98,1.21,2.81,4.61,1.33
2241000,4.18,1.28,3.01,4.43,1.36
2242000,4.1,1.19,3.05,4.52,1.36
2243000,4.02,1.18,3.0,4.47,1.4
2244000,4.11,1.18,3.0,4.41,1.39
2245000,4.06,1.14,3.01,4.47,1.35
2246000,4.22,1.22,3.0,4.47,1.37
2247000,3.97,1.26,2.96,4.33,1.5
2248000,3.97,1.27,2.99,4.31,1.41
2249000,4.21,1.26,2.89,4.24,1.49
2250000,4.11,1.31,2.9,3.97,1.41
2251000,4.07,1.36,3.11,3.95,1.4
2252000,4.13,1.41,3.01,3.15,1.49
2253000,4.1,1.51,3.09,2.93,1.52
2254000,4.18,1.63,2.96,3.07,1.58
2255000,4.11,1.59,2.84,3.07,1.5
2256000,4.03,1.63,2.86,3.34,1.56
2257000,4.08,1.67,2.8,3.15,1.56
2258000,4.08,1.7,2.86,3.15,1.51
2259000,3.9,1.6,2.87,3.19,1.46
2260000,3.87,1.55,2.85,3.16,1.59
2261000,3.89,1.49,2.99,3.3,1.68
2262000,3.73,1.56,3.15,3.4,1.77
2263000,3.97,1.51,3.17,3.46,1.69
2264000,4.01,1.49,3.26,3.64,1.69
2265000,3.77,1.42,3.11,3.68,1.58
2266000,3.77,1.36,2.96,3.71,1.7
2267000,3.94,1.43,2.84,3.72,1.74
2268000,4.0,1.53,2.78,3.92,1.68
2269000,4.26,1.5,2.89,4.15,1.58
2270000,4.14,1.65,2.88,4.34,1.61
2271000,4.04,1.54,3.18,4.54,1.5
2272000,4.25,1.57,3.22,4.7,1.33
2273000,4.33,1.57,3.02,4.72,1.36
2274000,4.33,1.73,2.91,4.63,1.33
2275000,4.37,1.64,2.92,4.46,1.29
2276000,4.63,1.61,2.8,4.44,1.27
2277000,4.55,1.59,2.93,4.83,1.25
2278000,4.68,1.67,2.69,5.03,1.41
2279000,4.76,1.57,2.85,5.04,1.36
2280000,4.82,1.58,2.93,4.86,1.42
2281000,5.06,1.51,3.05,4.88,1.4
2282000,5.01,1.42,3.09,4.76,1.48
2283000,5.06,1.41,2.98,4.76,1.46
2284000,5.09,1.49,2.91,4.65,1.45
2285000,4.88,1.37,2.78,4.66,1.48
2286000,5.07,1.38,2.69,4.68,1.45
2287000,4.98,1.52,2.74,4.7,1.59
2288000,4.71,1.6,2.79,4.81,1.65
2289000,4.75,1.67,2.74,4.84,1.7
2290000,4.79,1.92,2.56,4.83,1.79
2291000,4.92,1.83,2.61,4.89,1.65
2292000,4.67,1.9,2.81,4.82,1.76
2293000,4.64,1.87,2.72,4.98,1.67
2294000,4.63,1.95,2.76,4.77,1.66
2295000,4.46,2.04,2.74,4.97,1.57
2296000,4.64,2.14,2.78,4.97,1.53
2297000,4.66,2.26,2.73,5.16,1.59
2298000,4.61,2.26,2.69,5.27,1.52
2299000,4.77,2.25,2.68,5.48,1.33
2300000,4.79,2.29,2.78,5.04,1.25
2301000,4.94,2.22,2.75,5.08,1.16
2302000,4.85,2.12,2.6,5.15,1.16
2303000,4.86,1.85,2.51,5.18,1.18
2304000,4.95,1.88,2.34,5.07,1.2
2305000,4.94,1.89,2.23,4.95,1.29
2306000,4.9,1.93,2.05,4.95,1.41
2307000,4.8,1.97,2.15,5.12,1.43
2308000,4.78,2.04,2.13,5.16,1.37
2309000,5.1,2.07,2.16,4.99,1.35
2310000,5.0,2.11,2.1,5.21,1.46
2311000,5.09,2.08,2.16,5.28,1.52
2312000,5.05,2.18,1.99,5.29,1.51
2313000,5.13,2.26,2.02,5.16,1.44
2314000,5.12,2.27,2.06,5.02,1.46
2315000,5.13,2.31,2.04,5.03,1.34
2316000,5.21,2.32,2.12,5.09,1.23
2317000,5.16,2.54,2.27,4.74,1.22
2318000,4.9,2.61,2.33,4.65,1.36
2319000,4.93,2.66,2.35,4.51,1.39
2320000,4.8,2.76,2.41,4.46,1.49
2321000,4.77,2.68,2.38,4.44,1.49
2322000,4.76,2.81,2.44,4.52,1.51
2323000,4.73,2.69,2.34,4.43,1.46
2324000,4.79,2.66,2.52,4.5,1.55
2325000,4.8,2.54,2.66,4.61,1.62
2326000,4.91,2.56,2.67,4.55,1.67
2327000,4.75,2.3,2.78,4.49,1.67
2328000,4.69,2.46,2.78,4.62,1.65
2329000,4.7,2.57,2.97,4.52,1.64
2330000,4.74,2.57,2.65,4.64,1.67
2331000,4.7,2.77,2.59,4.4,1.61
2332000,4.91,2.67,2.52,4.48,1.69
2333000,4.93,2.73,2.45,4.39,1.53
2334000,4.75,2.76,2.53,4.52,1.48
2335000,4.71,2.67,2.61,4.69,1.46
2336000,4.83,2.72,2.65,4.79,1.47
2337000,4.75,2.77,2.83,4.68,1.39
2338000,4.72,2.67,2.76,4.72,1.33
2339000,4.91,2.78,2.72,4.5,1.39
2340000,5.02,2.74,2.74,4.55,1.42
2341000,5.01,2.8,2.7,4.62,1.49
2342000,5.15,2.89,2.69,4.72,1.46
2343000,5.4,2.92,2.67,4.63,1.56
2344000,5.42,2.86,2.88,4.61,1.5
2345000,5.35,2.85,2.92,4.8,1.33
2346000,5.45,2.69,3.05,4.92,1.36
2347000,5.32,2.59,3.12,4.93,1.47
2348000,5.15,2.45,3.33,4.68,1.42
2349000,5.01,2.56,3.4,4.68,1.48
2350000,5.2,2.61,3.28,4.83,1.47
2351000,5.33,2.56,3.22,4.75,1.42
2352000,5.09,2.6,3.17,4.65,1.43
2353000,5.23,2.65,3.11,4.64,1.39
2354000,5.27,2.45,3.15,4.52,1.4
2355000,5.22,2.49,3.29,4.38,1.27
2356000,5.06,2.38,3.18,4.57,1.28
2357000,5.15,2.37,3.22,4.78,1.39
2358000,5.12,2.29,3.1,4.9,1.46
2359000,4.9,2.44,3.02,5.24,1.23
2360000,4.56,2.38,2.95,5.25,1.24
2361000,4.56,2.44,3.08,5.42,1.23
2362000,4.63,2.66,2.99,5.57,1.31
2363000,4.5,2.72,3.01,5.67,1.39
2364000,4.71,2.66,3.13,5.64,1.39
2365000,4.87,2.54,3.13,5.6,1.42
2366000,4.91,2.52,3.29,5.18,1.44
2367000,4.97,2.57,3.36,5.23,1.52
2368000,5.0,2.65,3.27,5.2,1.53
2369000,4.99,2.66,3.24,5.51,1.53
2370000,4.87,2.77,3.09,5.78,1.56
2371000,5.04,2.99,3.1,5.57,1.67
2372000,4.83,3.11,3.19,5.55,1.66
2373000,5.1,3.09,3.19,5.62,1.67
2374000,5.01,3.11,3.29,5.96,1.6
2375000,5.15,3.08,3.4,5.91,1.55
2376000,5.34,2.86,3.24,6.05,1.65
2377000,5.31,2.66,3.19,6.15,1.61
2378000,5.38,2.5,3.16,6.13,1.6
2379000,5.72,2.5,3.22,6.13,1.58
2380000,5.65,2.47,3.31,5.78,1.5
2381000,5.74,2.33,3.03,5.85,1.45
2382000,5.86,2.41,3.25,6.05,1.46
2383000,6.12,2.25,3.36,6.41,1.49
2384000,6.08,1.99,3.47,6.35,1.45
2385000,5.96,1.91,3.55,6.29,1.52
2386000,6.16,1.89,3.57,6.0,1.56
2387000,6.27,2.03,3.65,5.96,1.62
2388000,6.5,2.08,3.62,5.95,1.56
2389000,6.16,2.19,3.69,5.68,1.44
2390000,5.97,2.24,3.73,5.67,1.42
2391000,5.94,2.23,3.7,5.55,1.44
2392000,5.87,2.36,3.67,5.52,1.53
2393000,5.74,2.42,3.78,5.53,1.58
2394000,5.95,2.62,3.71,5.67,1.64
2395000,6.11,2.74,3.73,5.14,1.67
2396000,5.96,2.72,3.65,4.88,1.5
2397000,5.86,2.87,3.78,4.88,1.5
2398000,5.84,2.89,3.6,5.13,1.38
2399000,6.05,3.01,3.65,5.25,1.46
2400000,5.74,3.16,3.56,5.32,1.44
2401000,5.88,3.11,3.65,5.38,1.47
2402000,5.83,3.09,3.58,5.1,1.46
2403000,5.88,3.02,3.64,4.76,1.49
2404000,5.52,2.99,3.77,4.82,1.48
2405000,5.4,3.0,3.8,4.98,1.41
2406000,5.52,2.94,3.76,5.16,1.33
2407000,5.06,2.78,3.65,5.37,1.39
2408000,5.28,2.45,3.71,5.44,1.4
2409000,5.26,2.36,3.67,5.75,1.42
2410000,5.49,2.17,3.69,5.84,1.45
2411000,5.49,1.95,3.73,6.15,1.39
2412000,5.47,1.69,3.84,6.34,1.45
2413000,5.48,1.63,3.87,6.14,1.52
2414000,5.4,1.7,3.78,5.96,1.5
2415000,5.56,1.66,4.05,6.13,1.48
2416000,5.7,1.79,4.1,6.25,1.47
2417000,5.78,1.86,4.22,6.25,1.55
2418000,5.93,1.81,4.03,6.35,1.61
2419000,5.66,2.0,4.02,6.6,1.62
2420000,5.61,2.09,4.14,6.66,1.68
2421000,5.65,2.23,4.13,6.89,1.8
2422000,5.44,2.37,4.23,6.53,1.75
2423000,5.44,2.47,4.18,6.39,1.79
2424000,5.41,2.63,4.14,6.28,1.74
2425000,5.44,2.75,4.12,6.24,1.7
2426000,5.3,2.78,3.95,6.36,1.75
2427000,5.44,2.67,3.91,6.29,1.85
2428000,5.48,2.6,3.94,5.94,1.71
2429000,5.71,2.45,3.94,5.78,1.67
2430000,5.9,2.41,4.01,5.57,1.59
2431000,6.05,2.47,3.61,5.17,1.66
2432000,6.07,2.53,3.51,5.16,1.55
2433000,6.14,2.51,3.44,5.11,1.58
2434000,6.18,2.5,3.5,5.26,1.69
2435000,6.36,2.68,3.3,5.35,1.69
2436000,5.96,2.62,3.44,5.48,1.7
2437000,5.65,2.64,3.26,5.36,1.8
2438000,6.06,2.65,3.24,5.56,1.84
2439000,5.99,2.72,3.21,5.59,1.78
2440000,5.97,2.78,3.28,5.62,1.78
2441000,6.21,2.8,3.32,5.55,1.93
2442000,6.58,2.93,3.48,5.63,1.91
2443000,6.59,3.06,3.31,5.61,1.87
2444000,6.57,3.2,3.29,5.78,1.8
2445000,6.75,3.3,3.35,5.83,1.75
2446000,6.96,3.36,3.35,5.68,1.62
2447000,7.06,3.39,3.58,5.83,1.62
2448000,7.28,3.47,3.58,5.73,1.64
2449000,7.04,3.39,3.56,5.89,1.5
2450000,7.16,3.6,3.53,6.16,1.39
2451000,7.19,3.63,3.78,6.23,1.3
2452000,6.94,3.52,3.85,6.15,1.23
2453000,6.93,3.56,3.82,6.16,1.27
2454000,7.0,3.59,3.81,6.32,1.23
2455000,7.01,3.64,3.9,6.42,1.32
2456000,6.81,3.73,3.95,6.19,1.35
2457000,6.66,3.78,3.91,6.24,1.36
2458000,6.56,3.88,3.67,6.02,1.3
2459000,6.77,3.71,3.81,6.04,1.28
2460000,6.95,3.61,3.79,6.13,1.32
2461000,6.97,3.62,3.78,6.13,1.3
2462000,6.61,3.8,3.79,5.54,1.48
2463000,5.94,3.81,3.6,5.49,1.5
2464000,6.08,3.95,3.6,5.41,1.47
2465000,6.22,4.13,3.55,5.54,1.49
2466000,6.31,4.17,3.2,5.56,1.57
2467000,5.97,4.21,3.32,5.52,1.41
2468000,6.06,4.36,3.34,5.39,1.39
2469000,6.01,4.24,3.26,5.69,1.41
2470000,6.1,4.08,3.27,5.72,1.36
2471000,6.08,4.2,3.32,5.53,1.25
2472000,6.11,4.1,3.33,5.54,1.26
2473000,6.0,4.15,3.19,5.49,1.3
2474000,5.87,4.02,3.29,5.7,1.24
2475000,5.89,3.95,3.28,5.89,1.23
2476000,6.1,3.86,3.3,5.64,1.28
2477000,5.95,3.77,3.26,5.93,1.38
2478000,6.18,3.85,3.5,6.08,1.34
2479000,6.22,3.85,3.69,5.97,1.32
2480000,6.17,3.72,3.79,5.87,1.42
2481000,6.55,3.62,3.79,5.54,1.48
2482000,6.36,3.6,3.9,5.76,1.34
2483000,6.41,3.49,4.07,5.84,1.37
2484000,6.44,3.55,3.98,6.15,1.55
2485000,6.22,3.58,3.97,6.26,1.47
2486000,6.48,3.61,4.19,6.33,1.43
2487000,6.11,3.59,4.0,6.63,1.42
2488000,6.16,3.58,4.13,6.91,1.35
2489000,6.36,3.66,4.32,6.75,1.44
2490000,6.25,3.73,4.4,6.51,1.51
2491000,6.31,3.74,4.72,6.6,1.53
2492000,6.39,3.64,4.62,6.25,1.51
2493000,6.3,3.63,4.76,6.36,1.55
2494000,6.42,3.68,4.87,6.22,1.65
2495000,6.37,3.57,4.5,6.22,1.58
2496000,6.21,3.45,4.47,6.12,1.46
2497000,6.42,3.34,4.63,5.82,1.57
2498000,6.08,3.4,4.62,5.77,1.62
2499000,5.89,3.38,4.48,5.92,1.64
2500000,5.93,3.36,4.3,6.14,1.66
2501000,5.61,3.51,4.52,6.11,1.65
2502000,5.76,3.38,4.26,6.02,1.53
2503000,5.78,3.48,4.29,6.27,1.59
2504000,5.5,3.61,4.32,6.54,1.55
2505000,5.77,3.7,4.24,6.61,1.51
2506000,5.95,3.76,3.95,6.69,1.48
2507000,6.18,3.82,3.87,6.66,1.63
2508000,6.16,3.78,3.87,6.72,1.68
2509000,6.15,3.82,3.74,6.59,1.58
2510000,5.88,3.92,3.62,6.31,1.58
2511000,6.06,3.99,3.76,6.14,1.67
2512000,6.0,4.05,3.74,6.45,1.59
2513000,5.85,4.0,3.62,6.4,1.63
2514000,5.99,4.09,3.74,6.84,1.57
2515000,5.9,4.17,3.93,6.73,1.68
2516000,5.86,4.26,3.97,6.9,1.66
2517000,6.12,4.15,4.11,6.66,1.61
2518000,6.0,4.18,4.18,6.7,1.59
2519000,5.92,4.37,4.07,7.0,1.67
2520000,6.16,4.1,4.08,6.98,1.73
2521000,6.15,4.05,4.08,7.04,1.71
2522000,6.25,3.86,3.99,7.14,1.6
2523000,6.29,3.84,4.03,7.27,1.62
2524000,6.15,3.85,4.25,6.6,1.57
2525000,6.44,3.89,4.08,6.66,1.66
2526000,6.56,3.9,4.01,6.81,1.5
2527000,6.56,3.98,4.11,6.89,1.54
2528000,6.28,3.89,4.06,6.94,1.58
2529000,6.2,3.86,4.13,6.78,1.52
2530000,6.58,4.2,3.87,6.94,1.41
2531000,6.66,4.34,3.61,6.5,1.42
2532000,6.45,4.46,3.54,6.69,1.45
2533000,6.55,4.52,3.5,6.39,1.48
2534000,6.63,4.49,3.68,6.25,1.55
2535000,6.81,4.36,3.52,6.4,1.6
2536000,6.92,4.49,3.58,5.98,1.67
2537000,7.03,4.43,3.59,6.32,1.88
2538000,6.96,4.31,3.77,6.31,1.92
2539000,6.95,4.52,3.58,6.37,2.03
2540000,7.1,4.54,3.63,6.25,2.08
2541000,7.05,4.53,3.88,6.09,2.02
2542000,7.07,4.79,4.08,6.07,2.1
2543000,7.28,4.86,3.99,5.94,2.0
2544000,7.53,4.93,4.08,5.85,1.89
2545000,7.48,5.01,4.24,5.88,1.82
2546000,7.57,4.9,4.23,5.79,1.82
2547000,7.69,4.73,4.27,5.67,1.75
2548000,7.77,4.45,4.38,5.47,1.54
2549000,7.76,4.22,4.23,5.27,1.5
2550000,7.95,3.94,4.7,5.21,1.45
2551000,7.86,4.0,4.59,5.56,1.38
2552000,7.69,4.09,4.57,5.42,1.44
2553000,7.62,3.98,4.73,5.6,1.56
2554000,7.65,4.25,4.6,5.8,1.53
2555000,7.28,4.39,4.64,5.88,1.62
2556000,7.4,4.43,4.69,6.07,1.71
2557000,7.53,4.37,4.67,6.03,1.75
2558000,7.34,4.47,4.72,5.9,1.75
2559000,7.37,4.05,4.7,5.74,1.84
2560000,6.96,3.9,4.53,5.62,1.9
2561000,7.2,3.95,4.56,5.78,1.81
2562000,7.15,3.91,4.81,5.58,1.88
2563000,7.16,4.04,4.86,5.61,1.9
2564000,7.28,4.12,4.7,5.56,1.8
2565000,7.31,4.13,4.81,5.48,1.68
2566000,7.37,4.24,4.86,5.7,1.81
2567000,7.4,4.29,5.0,5.91,1.79
2568000,7.39,4.32,5.16,5.83,1.78
2569000,7.66,4.48,4.75,6.18,1.81
2570000,7.04,4.56,4.8,6.51,1.89
2571000,7.17,4.45,4.64,6.5,1.86
2572000,6.97,4.33,4.7,6.73,1.75
2573000,6.84,4.27,4.75,6.38,1.85
2574000,6.87,4.31,4.48,6.45,1.78
2575000,6.67,4.28,4.63,6.44,1.78
2576000,6.82,4.29,4.65,6.54,1.8
2577000,6.81,4.37,4.85,5.97,1.77
2578000,6.8,4.65,4.77,6.19,1.67
2579000,6.53,4.61,4.94,6.3,1.49
2580000,6.76,4.56,4.79,6.32,1.39
2581000,7.07,4.54,4.9,6.55,1.4
2582000,7.3,4.44,4.71,6.71,1.34
2583000,7.56,4.59,4.71,6.76,1.42
2584000,7.61,4.61,4.71,6.86,1.5
2585000,7.27,4.63,4.58,6.87,1.43
2586000,7.31,4.57,4.65,6.96,1.36
2587000,7.48,4.56,4.51,7.26,1.47
2588000,7.65,4.67,4.56,7.53,1.42
2589000,7.57,4.85,4.53,7.82,1.54
2590000,7.62,4.81,4.92,7.89,1.59
2591000,7.9,4.82,4.75,7.99,1.67
2592000,7.87,4.73,4.87,7.97,1.74
2593000,7.8,4.69,4.93,7.89,1.69
2594000,8.0,4.43,5.19,7.86,1.69
2595000,8.3,4.25,5.12,7.93,1.74
2596000,8.6,4.12,5.12,7.84,1.62
2597000,9.06,4.17,4.96,7.58,1.67
2598000,8.89,4.22,4.88,7.4,1.71
2599000,8.93,4.19,4.44,7.49,1.64
2600000,8.91,4.27,4.51,7.42,1.67
2601000,9.16,4.13,4.48,7.56,1.5
2602000,9.59,4.22,4.48,7.26,1.5
2603000,9.83,4.14,4.39,7.33,1.54
2604000,9.9,4.22,4.58,7.38,1.57
2605000,9.87,4.25,4.42,7.32,1.52
2606000,10.06,4.17,4.49,7.45,1.61
2607000,10.23,4.22,4.24,7.4,1.54
2608000,10.24,4.14,4.2,7.32,1.58
2609000,10.37,4.32,4.15,7.28,1.68
2610000,9.87,4.47,4.08,7.37,1.63
2611000,9.94,4.54,3.86,7.68,1.7
2612000,9.65,4.45,3.9,7.78,1.6
2613000,9.51,4.67,3.94,7.2,1.61
2614000,9.56,4.77,3.98,7.08,1.65
2615000,9.79,4.84,4.13,7.12,1.66
2616000,9.83,4.65,4.18,7.28,1.61
2617000,9.42,4.67,4.18,7.25,1.57
2618000,9.47,4.75,4.42,7.2,1.5
2619000,9.59,4.89,4.52,7.22,1.53
2620000,9.29,5.12,4.34,7.1,1.59
2621000,9.19,5.01,4.15,7.16,1.49
2622000,9.46,5.06,4.33,7.21,1.52
2623000,8.9,5.13,4.39,7.33,1.49
2624000,8.46,5.19,4.45,7.07,1.5
2625000,8.73,5.31,4.41,7.18,1.59
2626000,8.56,5.35,4.39,7.11,1.5
2627000,8.43,5.18,4.37,7.04,1.48
2628000,7.82,5.14,4.51,7.26,1.57
2629000,7.92,5.2,4.62,7.03,1.61
2630000,7.94,5.19,4.16,6.46,1.67
2631000,8.12,5.3,4.22,6.58,1.75
2632000,8.27,5.17,4.18,6.85,1.75
2633000,8.33,5.22,4.19,7.08,1.79
2634000,8.48,5.2,4.26,7.15,1.82
2635000,8.53,5.4,4.26,7.38,1.84
2636000,8.56,5.56,4.17,7.09,1.81
2637000,8.62,5.75,4.36,7.17,1.81
2638000,8.43,5.7,4.55,6.99,1.82
2639000,8.61,5.78,4.67,7.01,1.95
2640000,8.93,5.65,4.49,6.84,1.88
2641000,8.87,5.7,4.53,6.62,1.77
2642000,9.03,5.77,4.64,6.6,1.5
2643000,9.28,5.61,4.67,6.75,1.48
2644000,9.32,5.71,4.74,6.64,1.52
2645000,9.42,5.43,4.71,6.45,1.48
2646000,9.81,5.49,4.57,6.44,1.53
2647000,9.74,5.48,4.59,6.67,1.5
2648000,9.64,5.31,4.66,6.87,1.58
2649000,9.92,5.37,4.81,7.44,1.43
2650000,9.85,5.28,5.04,7.25,1.53
2651000,9.58,4.9,5.08,7.63,1.51
2652000,9.5,5.17,5.28,7.75,1.53
2653000,9.66,5.16,5.35,7.96,1.66
2654000,9.56,5.15,5.41,7.92,1.71
2655000,9.5,4.96,5.55,7.94,1.65
2656000,9.71,4.96,5.45,8.27,1.63
2657000,9.81,5.1,5.62,8.37,1.57
2658000,9.75,5.3,5.63,7.96,1.43
2659000,9.93,5.44,5.61,7.47,1.49
2660000,10.02,5.24,5.38,7.32,1.45
2661000,9.57,5.33,5.45,7.0,1.49
2662000,9.65,4.96,5.61,7.36,1.46
2663000,9.27,4.82,5.54,7.39,1.4
2664000,9.38,4.69,5.54,7.45,1.37
2665000,9.64,4.56,5.71,7.49,1.31
2666000,9.41,4.78,5.62,7.55,1.46
2667000,9.38,4.82,5.7,7.77,1.5
2668000,9.31,4.69,5.65,8.16,1.5
2669000,9.3,4.78,5.59,7.99,1.65
2670000,8.28,4.84,5.5,8.02,1.72
2671000,8.35,4.77,5.33,8.2,1.9
2672000,8.25,4.87,5.19,8.15,1.97
2673000,8.33,4.92,5.05,8.55,2.0
2674000,8.29,4.75,5.17,8.44,2.23
2675000,7.94,4.55,5.13,8.62,2.23
2676000,8.1,4.53,5.25,8.48,2.31
2677000,8.33,4.57,4.86,7.89,2.3
2678000,8.69,4.62,4.76,7.84,2.4
2679000,8.66,4.71,4.51,7.11,2.44
2680000,8.3,4.57,4.22,7.19,2.36
2681000,8.7,4.73,4.27,6.88,2.4
2682000,8.67,5.0,4.27,6.86,2.41
2683000,9.05,5.02,4.22,6.71,2.45
2684000,8.97,5.21,4.4,7.06,2.37
2685000,8.93,5.05,4.23,7.03,2.33
2686000,8.6,5.06,4.33,7.11,2.34
2687000,8.69,5.14,4.67,7.1,2.29
2688000,8.88,5.22,4.81,6.99,2.12
2689000,9.15,5.38,4.66,6.77,2.05
2690000,9.34,5.23,4.88,7.07,1.99
2691000,9.33,5.15,4.88,7.24,1.95
2692000,9.51,5.13,4.91,6.94,1.95
2693000,9.41,5.16,4.57,7.15,1.88
2694000,9.19,5.17,4.47,7.28,1.89
2695000,9.5,5.3,4.7,7.33,1.77
2696000,9.2,5.49,4.92,7.21,1.86
2697000,9.32,5.33,5.07,7.03,1.83
2698000,9.55,5.33,5.04,6.96,1.89
2699000,9.73,5.17,5.14,7.0,1.92
2700000,9.67,5.23,5.34,6.98,1.96
2701000,9.77,5.1,5.36,7.18,1.93
2702000,9.84,4.95,5.37,6.98,1.9
2703000,9.94,5.11,5.3,6.96,2.01
2704000,10.04,4.98,5.06,6.99,1.89
2705000,10.23,4.97,5.2,7.24,1.83
2706000,10.2,4.93,4.93,7.57,1.79
2707000,10.18,4.57,5.08,7.85,1.78
2708000,10.06,4.41,5.14,7.95,1.72
2709000,10.27,4.29,5.18,7.64,1.69
2710000,10.59,4.56,5.02,7.79,1.68
2711000,10.61,4.57,5.11,7.87,1.75
2712000,10.83,4.77,5.11,7.88,1.74
2713000,9.95,4.79,5.29,7.89,1.73
2714000,10.03,4.68,5.43,8.08,1.86
2715000,10.03,4.57,5.53,7.95,1.84
2716000,10.48,4.65,5.41,8.0,1.76
2717000,10.62,4.73,5.51,8.25,1.86
2718000,10.83,4.93,5.58,8.5,2.03
2719000,10.45,4.84,5.72,7.93,2.09
2720000,9.92,4.94,5.66,7.93,2.18
2721000,10.03,5.24,5.69,8.0,2.18
2722000,10.3,5.07,5.69,7.75,2.32
2723000,10.18,5.01,5.65,7.29,2.41
2724000,10.19,5.16,5.91,7.52,2.41
2725000,10.47,5.19,5.96,7.69,2.29
2726000,10.29,5.19,6.21,7.74,2.24
2727000,10.35,5.2,6.29,7.94,2.13
2728000,10.53,5.43,6.15,8.1,2.13
2729000,10.48,5.44,6.07,8.47,2.3
2730000,10.58,5.4,6.13,8.59,2.35
2731000,10.78,5.41,6.21,8.95,2.34
2732000,10.68,5.07,6.25,8.75,2.38
2733000,10.09,5.08,6.19,8.52,2.45
2734000,10.08,5.15,6.16,8.31,2.48
2735000,9.59,5.2,5.91,8.46,2.52
2736000,9.74,5.21,5.95,8.49,2.7
2737000,9.06,5.29,5.92,8.38,2.4
2738000,9.3,5.02,5.69,8.21,2.39
2739000,9.56,5.25,5.66,8.38,2.38
2740000,9.54,5.35,5.92,8.42,2.43
2741000,9.8,5.41,6.01,8.2,2.5
2742000,10.29,5.22,5.82,7.78,2.53
2743000,9.9,5.28,6.11,7.46,2.45
2744000,10.38,5.42,6.15,7.6,2.36
2745000,9.98,5.15,6.18,7.49,2.41
2746000,9.98,5.01,6.12,7.46,2.23
2747000,10.0,5.11,5.73,7.44,2.2
2748000,10.11,5.12,5.76,7.76,2.02
2749000,10.05,5.03,5.83,7.99,1.98
2750000,10.03,4.84,5.57,7.97,1.89
2751000,9.79,4.81,5.42,7.74,1.9
2752000,10.1,4.88,5.47,7.45,1.9
2753000,9.91,4.83,5.42,7.39,1.91
2754000,9.85,4.8,5.5,7.16,1.85
2755000,9.82,4.85,5.54,6.9,1.86
2756000,10.03,4.86,5.65,6.78,1.9
2757000,10.15,4.71,5.74,6.69,1.96
2758000,9.98,4.79,5.66,6.7,1.95
2759000,10.18,4.77,5.83,6.79,1.89
2760000,10.29,4.77,6.06,6.79,1.9
2761000,10.35,4.91,5.65,7.05,1.98
2762000,10.32,5.01,5.9,6.92,1.95
2763000,10.58,5.46,5.98,7.07,1.95
2764000,10.36,5.42,6.24,7.18,2.02
2765000,10.19,5.55,5.87,7.17,2.13
2766000,10.38,5.73,5.79,7.19,2.13
2767000,10.53,5.72,5.96,7.25,2.15
2768000,10.44,5.75,6.16,7.4,2.24
2769000,10.66,5.79,6.29,7.7,2.22
2770000,10.12,5.88,6.49,7.72,2.17
2771000,9.67,6.17,6.41,7.95,2.11
2772000,9.86,6.43,6.4,8.14,2.17
2773000,9.55,6.48,6.71,8.18,2.22
2774000,9.81,6.77,6.71,8.2,2.27
2775000,9.82,6.92,6.95,8.0,2.19
2776000,9.61,6.9,7.07,7.82,2.04
2777000,10.11,6.97,7.13,7.84,2.08
2778000,10.17,7.18,7.07,7.83,1.91
2779000,10.3,7.27,7.29,7.92,1.95
2780000,10.09,7.48,7.44,7.92,1.8
2781000,10.38,7.63,7.4,8.06,1.87
2782000,10.16,7.94,7.18,8.14,1.93
2783000,10.56,8.02,7.28,8.05,2.05
2784000,10.54,7.74,7.05,8.14,1.98
2785000,10.99,7.46,7.07,8.45,1.86
2786000,10.99,7.49,6.98,8.01,1.84
2787000,10.68,7.23,6.84,7.85,1.92
2788000,10.35,6.95,6.78,8.03,2.03
2789000,10.04,6.75,6.7,8.11,2.04
2790000,10.24,6.6,6.54,8.05,2.11
2791000,10.37,6.86,6.47,8.15,2.13
2792000,10.17,6.92,6.55,8.05,2.16
2793000,10.38,6.94,6.72,7.85,2.14
2794000,10.55,6.84,6.56,8.16,2.2
2795000,10.73,6.84,6.27,7.94,2.11
2796000,10.7,6.26,6.66,8.13,2.13
2797000,10.56,6.0,6.78,8.16,1.99
2798000,10.0,6.14,6.61,7.94,2.01
2799000,10.2,6.01,6.6,8.11,1.97
2800000,10.24,6.03,6.73,8.19,1.82
2801000,10.56,5.93,6.66,8.26,1.79
2802000,10.82,5.56,6.55,8.37,1.76
2803000,10.72,5.28,6.56,8.41,1.81
2804000,10.79,5.39,6.4,8.56,1.68
2805000,10.38,5.53,6.4,8.97,1.62
2806000,10.76,5.68,6.45,8.95,1.55
2807000,10.5,5.82,6.67,9.09,1.52
2808000,10.68,5.6,6.31,9.32,1.62
2809000,10.53,5.76,6.27,9.11,1.55
2810000,10.64,6.06,6.47,9.13,1.53
2811000,11.28,6.03,6.5,9.42,1.68
2812000,11.06,6.2,6.37,9.56,1.75
2813000,11.31,6.13,6.5,9.81,1.76
2814000,10.77,6.19,6.13,10.04,1.91
2815000,10.9,6.28,6.12,10.03,2.02
2816000,10.85,6.16,6.32,10.01,2.06
2817000,10.86,6.14,6.54,10.25,2.08
2818000,11.12,6.24,5.86,10.37,2.16
2819000,11.27,6.47,5.91,10.56,2.21
2820000,11.35,6.46,5.97,10.27,2.19
2821000,11.1,6.27,5.93,10.35,2.19
2822000,11.11,6.24,5.94,10.25,2.14
2823000,11.06,6.31,6.21,10.11,2.18
2824000,11.15,6.32,6.23,10.02,2.26
2825000,11.23,6.42,6.36,10.05,2.24
2826000,10.84,6.35,6.36,10.22,2.09
2827000,10.77,6.4,6.33,9.95,2.0
2828000,10.87,6.2,6.32,9.95,2.14
2829000,10.84,6.13,6.38,10.01,2.12
2830000,11.23,6.3,6.64,9.56,2.31
2831000,11.07,6.46,6.67,9.62,2.21
2832000,11.38,6.23,6.92,9.67,2.16
2833000,11.36,6.46,6.73,9.76,2.27
2834000,11.55,6.76,6.5,9.81,2.28
2835000,11.23,6.55,6.44,10.09,2.33
2836000,11.4,6.43,6.51,9.71,2.37
2837000,11.2,6.15,6.4,9.66,2.21
2838000,11.36,6.35,6.33,9.39,2.39
2839000,11.27,6.16,6.45,9.8,2.4
2840000,11.24,6.07,6.62,10.16,2.55
2841000,10.82,5.96,6.48,9.87,2.59
2842000,10.17,6.01,6.67,9.51,2.37
2843000,10.2,6.12,6.73,9.3,2.48
2844000,10.17,5.93,6.81,9.23,2.3
2845000,10.32,5.95,6.8,9.59,2.35
2846000,10.65,5.89,6.42,9.5,2.36
2847000,10.23,5.68,6.64,9.67,2.35
2848000,10.28,5.72,6.64,9.6,2.45
2849000,10.2,6.05,6.89,9.6,2.45
2850000,10.12,6.01,6.59,9.9,2.45
2851000,10.42,5.82,6.46,10.0,2.5
2852000,10.64,5.96,6.27,10.21,2.43
2853000,11.03,5.88,6.04,10.1,2.4
2854000,10.89,5.45,6.19,10.2,2.35
2855000,10.79,5.64,6.34,10.18,2.28
2856000,10.74,5.7,6.62,10.11,2.33
2857000,10.98,5.7,6.52,10.27,2.33
2858000,11.15,5.53,6.72,10.18,2.3
2859000,11.42,5.58,6.56,9.95,2.29
2860000,11.57,5.69,6.71,10.05,2.3
2861000,11.97,5.77,6.5,9.85,2.26
2862000,12.06,5.84,6.43,9.91,2.28
2863000,12.22,6.06,6.73,9.79,2.32
2864000,12.0,5.87,6.63,9.88,2.25
2865000,12.09,6.0,6.68,9.97,2.24
2866000,12.17,5.94,6.47,10.04,2.26
2867000,11.85,6.21,6.35,10.04,2.25
2868000,11.86,6.11,6.05,9.71,2.18
2869000,11.98,6.28,6.1,9.39,2.2
2870000,11.87,6.65,6.01,9.36,2.18
2871000,11.77,6.78,6.01,9.52,2.12
2872000,11.87,6.34,6.18,9.13,2.14
2873000,11.81,6.38,6.16,8.81,2.19
2874000,12.0,6.22,6.13,8.69,2.28
2875000,12.34,6.29,6.03,8.68,2.29
2876000,12.42,6.68,5.9,8.59,2.29
2877000,12.56,6.65,5.88,8.09,2.33
2878000,12.28,6.81,5.61,8.21,2.28
2879000,12.49,6.89,5.83,8.17,2.3
2880000,12.09,7.08,5.72,8.36,2.21
2881000,12.5,7.18,5.7,8.36,2.17
2882000,12.65,7.33,5.71,8.23,2.25
2883000,12.79,7.67,5.48,8.52,2.24
2884000,12.64,7.83,5.55,7.92,2.27
2885000,13.08,7.82,5.51,7.61,2.28
2886000,13.26,7.68,5.46,7.9,2.22
2887000,12.25,7.78,5.47,8.08,2.26
2888000,12.24,7.87,5.26,7.59,2.15
2889000,12.67,7.99,5.16,7.19,2.22
2890000,12.95,8.01,5.21,7.35,2.34
2891000,12.91,7.87,5.0,7.42,2.21
2892000,12.98,7.94,4.91,7.52,2.31
2893000,13.14,7.79,4.77,7.92,2.4
2894000,13.08,8.0,4.62,7.98,2.4
2895000,13.11,7.73,4.87,8.15,2.39
2896000,13.14,7.54,4.89,8.32,2.3
2897000,13.04,7.69,5.2,8.42,2.2
2898000,12.82,7.94,5.37,8.76,2.2
2899000,12.69,8.01,5.09,8.67,2.09
2900000,12.98,7.98,5.06,8.77,2.0
2901000,12.72,7.75,5.17,9.1,1.91
2902000,12.67,7.53,4.89,9.46,1.73
2903000,12.5,7.23,5.33,9.6,1.59
2904000,12.87,7.07,5.09,9.59,1.67
2905000,12.77,6.93,5.09,9.79,1.4
2906000,12.75,6.57,5.13,9.97,1.52
2907000,12.86,6.6,5.24,10.31,1.46
2908000,13.09,6.63,5.53,10.46,1.54
2909000,12.9,6.52,5.74,10.27,1.6
2910000,12.28,6.12,5.76,10.23,1.75
2911000,12.31,5.85,5.83,10.27,1.86
2912000,12.31,5.51,5.93,10.51,1.97
2913000,12.5,5.66,6.02,10.73,2.07
2914000,12.36,5.79,6.26,10.88,2.11
2915000,12.63,5.58,6.31,10.78,2.31
2916000,12.36,5.95,6.64,10.72,2.41
2917000,12.21,5.65,6.33,10.95,2.47
2918000,11.8,5.42,6.72,11.13,2.5
2919000,11.32,5.19,6.47,10.99,2.58
2920000,11.32,5.33,6.58,10.83,2.61
2921000,11.78,5.34,6.68,11.33,2.54
2922000,11.25,5.51,6.74,11.43,2.49
2923000,11.13,5.65,6.97,11.51,2.51
2924000,10.97,5.53,6.89,11.72,2.31
2925000,11.04,5.52,6.99,11.62,2.25
2926000,10.34,5.3,6.94,11.23,2.27
2927000,10.56,5.33,7.01,11.3,2.35
2928000,10.42,5.49,7.22,10.83,2.19
2929000,10.95,5.46,7.09,10.73,2.22
2930000,11.06,5.52,7.27,10.66,2.22
2931000,10.8,5.72,7.45,11.17,2.33
2932000,10.84,5.96,7.0,10.93,2.4
2933000,11.18,6.11,6.99,10.12,2.46
2934000,11.18,6.31,6.83,9.99,2.62
2935000,11.2,6.31,7.13,10.16,2.6
2936000,11.29,5.77,7.21,9.7,2.4
2937000,11.26,5.65,7.32,9.48,2.45
2938000,11.09,5.68,7.52,9.38,2.56
2939000,10.83,5.96,7.41,9.72,2.68
2940000,10.95,5.87,7.69,9.81,2.67
2941000,11.3,5.85,7.78,9.93,2.68
2942000,11.62,5.91,7.6,9.62,2.83
2943000,11.71,5.77,7.42,9.85,2.77
2944000,11.67,5.8,7.53,9.78,2.38
2945000,11.86,5.81,7.6,9.84,2.56
2946000,11.66,6.07,7.54,9.94,2.65
2947000,11.69,6.16,7.64,10.14,2.52
2948000,12.04,6.09,8.03,10.17,2.52
2949000,12.11,5.99,7.97,10.38,2.49
2950000,12.16,5.98,7.92,10.46,2.61
2951000,12.19,5.74,7.91,10.73,2.7
2952000,12.36,5.63,7.68,10.39,2.67
2953000,11.88,5.48,7.73,10.49,2.63
2954000,12.07,5.3,7.64,10.71,2.65
2955000,12.11,5.42,7.48,10.65,2.48
2956000,12.14,5.55,7.66,10.85,2.36
2957000,12.38,5.69,7.48,10.82,2.31
2958000,12.49,5.45,7.61,11.0,2.42
2959000,12.2,5.6,7.59,10.88,2.38
2960000,12.39,5.68,7.61,10.97,2.47
2961000,12.83,5.85,7.63,10.84,2.5
2962000,12.77,5.99,7.67,10.42,2.47
2963000,12.09,5.63,7.63,10.3,2.56
2964000,11.88,5.85,7.9,10.35,2.7
2965000,11.75,5.98,7.9,10.68,2.63
2966000,11.79,5.86,7.72,10.26,2.57
2967000,11.89,5.81,7.81,10.22,2.42
2968000,11.89,5.78,7.74,9.89,2.62
2969000,11.74,5.69,7.84,10.08,2.73
2970000,11.87,5.63,7.85,9.76,2.82
2971000,11.92,5.98,7.92,9.83,2.91
2972000,12.19,5.93,7.4,10.02,3.15
2973000,12.43,5.79,7.23,10.14,3.4
2974000,12.45,6.15,7.4,10.01,3.34
2975000,12.1,6.09,7.33,9.69,3.19
2976000,12.48,6.29,7.08,9.91,3.28
2977000,12.64,6.39,7.08,9.99,3.38
2978000,12.34,6.37,7.29,10.13,3.23
2979000,12.29,6.33,7.56,10.36,3.38
2980000,12.28,6.51,7.68,10.17,3.38
2981000,12.26,6.74,7.84,10.28,3.31
2982000,12.61,6.67,8.01,10.34,3.39
2983000,12.17,6.83,8.11,10.47,3.43
2984000,12.14,7.22,7.83,10.53,3.26
2985000,12.23,6.95,7.85,10.28,3.28
2986000,12.7,7.18,7.92,10.3,3.36
2987000,12.32,7.31,8.03,9.68,3.25
2988000,12.95,7.1,8.0,9.94,3.33
2989000,13.22,7.23,8.13,10.02,3.13
2990000,13.13,7.24,8.01,9.98,3.22
2991000,13.23,7.3,8.32,10.17,3.09
2992000,13.24,7.35,7.9,10.04,2.95
2993000,13.15,7.62,7.8,10.22,3.15
2994000,13.27,7.98,7.72,10.43,2.8
2995000,12.73,7.88,7.44,10.44,2.72
2996000,12.88,8.51,7.58,10.56,2.57
2997000,13.18,8.51,7.68,10.76,2.71
2998000,13.39,8.68,7.61,11.08,2.66
2999000,13.31,8.75,7.68,11.06,2.58
3000000,13.16,8.89,7.69,11.23,2.78
3001000,13.41,9.08,7.57,11.51,2.78
3002000,13.18,9.05,7.66,11.4,2.73
3003000,13.07,9.07,7.46,11.56,2.63
3004000,12.76,9.39,7.21,11.68,2.81
3005000,12.81,9.36,7.29,11.59,2.91
3006000,13.03,9.34,7.31,11.37,3.05
3007000,12.38,9.54,7.37,11.28,3.01
3008000,12.57,9.5,7.35,11.51,3.11
3009000,12.32,9.63,7.33,11.22,3.28
3010000,12.51,9.25,7.45,11.24,3.42
3011000,12.34,9.3,7.17,10.69,3.61
3012000,12.63,8.82,7.18,10.44,3.66
3013000,12.86,8.52,7.06,10.0,3.61
3014000,13.32,8.7,7.11,10.01,3.71
3015000,13.12,8.47,6.98,10.07,3.65
3016000,13.36,8.15,7.28,9.89,3.66
3017000,13.01,8.43,7.16,10.14,3.6
3018000,13.2,8.57,7.05,10.41,3.67
3019000,13.26,8.41,7.13,10.21,3.65
3020000,13.41,8.39,7.37,10.38,3.51
3021000,13.04,8.32,7.38,10.44,3.33
3022000,13.27,8.26,7.58,10.53,3.44
3023000,12.86,7.98,7.76,10.52,3.59
3024000,13.12,7.88,7.9,10.15,3.68
3025000,13.43,7.92,7.96,10.08,3.62
3026000,13.5,8.13,8.06,10.39,3.62
3027000,13.24,7.98,8.16,10.34,3.73
3028000,13.26,7.65,8.38,10.26,3.71
3029000,13.56,7.68,8.56,10.37,3.81
3030000,13.39,7.49,8.55,10.4,3.83
3031000,13.51,7.47,8.75,10.46,3.75
3032000,13.97,7.57,8.81,10.06,3.85
3033000,13.76,7.48,8.53,10.0,3.85
3034000,13.43,7.76,8.37,9.92,3.54
3035000,13.73,7.66,8.51,10.0,3.68
3036000,13.97,7.68,8.24,10.19,3.76
3037000,14.34,7.75,8.46,9.63,3.7
3038000,14.6,7.96,8.14,9.85,3.85
3039000,14.68,8.07,8.2,9.58,3.97
3040000,14.37,8.27,7.99,9.78,3.8
3041000,14.56,8.35,7.99,10.07,3.7
3042000,15.01,8.67,7.9,10.19,3.55
3043000,14.48,8.79,7.95,10.09,3.19
3044000,14.5,9.04,8.02,10.35,3.05
3045000,14.65,9.02,7.75,10.63,3.0
3046000,14.3,8.93,7.36,10.37,3.2
3047000,14.45,8.58,7.28,10.34,3.0
3048000,14.82,8.43,7.1,10.36,3.08
3049000,14.91,8.34,7.01,10.32,3.14
3050000,14.44,8.1,7.43,10.46,3.03
3051000,14.82,8.26,7.44,10.66,3.12
3052000,14.28,8.32,7.42,10.8,3.02
3053000,14.31,8.49,7.42,10.63,2.7
3054000,14.35,8.39,7.29,10.45,2.6
3055000,14.09,8.76,7.35,10.93,2.67
3056000,13.83,8.94,7.18,11.23,2.87
3057000,13.74,8.84,7.41,10.35,3.0
3058000,13.95,8.6,7.56,10.07,3.18
3059000,13.93,8.75,7.27,10.03,3.19
3060000,13.86,8.48,7.49,10.22,3.12
3061000,13.36,8.76,7.6,10.17,3.08
3062000,13.44,8.82,7.62,9.69,3.31
3063000,13.57,8.38,7.98,9.58,3.46
3064000,13.22,8.51,7.93,9.35,3.48
3065000,13.43,8.45,7.71,9.16,3.71
3066000,13.55,8.1,7.66,9.0,3.37
3067000,13.79,7.58,7.67,9.07,3.54
3068000,13.47,7.17,7.59,8.81,3.67
3069000,13.38,7.19,7.63,9.04,3.68
3070000,13.88,7.22,7.69,8.83,3.91
3071000,13.2,7.44,7.95,9.04,3.98
3072000,13.44,7.57,7.97,9.4,3.96
3073000,12.5,7.73,8.04,9.18,3.96
3074000,12.69,7.69,8.03,9.45,4.09
3075000,12.81,7.56,8.17,9.46,3.93
3076000,12.73,7.4,7.81,9.01,3.85
3077000,12.72,7.33,7.49,8.45,3.83
3078000,12.53,7.29,6.97,8.37,3.55
3079000,13.09,7.16,7.11,8.41,3.32
3080000,13.15,7.07,6.77,8.18,3.4
3081000,13.23,7.23,6.76,7.7,3.33
3082000,13.01,7.25,6.67,8.05,3.46
3083000,12.76,7.25,6.59,8.22,3.35
3084000,12.88,7.15,6.29,8.4,3.25
3085000,13.06,7.41,6.04,8.49,3.4
3086000,13.64,7.47,6.21,8.79,3.56
3087000,13.66,7.84,6.21,9.01,3.57
3088000,13.44,8.01,6.41,9.07,3.43
3089000,12.99,7.31,6.32,9.47,3.18
3090000,13.59,7.21,6.61,9.86,3.2
3091000,13.84,7.65,6.66,9.79,3.39
3092000,14.19,7.81,6.47,9.84,3.16
3093000,14.44,7.95,6.27,9.95,3.26
3094000,14.68,8.18,6.16,9.96,3.24
3095000,14.79,8.02,6.44,10.26,3.45
3096000,14.66,8.02,6.05,10.39,3.41
3097000,14.62,7.55,5.96,10.35,3.38
3098000,14.87,7.42,5.93,10.53,3.42
3099000,14.88,7.42,6.02,10.32,3.35
3100000,15.06,7.42,6.15,10.29,3.45
3101000,14.86,7.46,6.37,9.6,3.38
3102000,15.49,7.28,6.21,9.62,3.42
3103000,15.14,7.18,6.4,9.27,3.37
3104000,15.12,7.44,6.43,9.41,3.3
3105000,14.97,7.51,6.53,9.52,3.43
3106000,15.01,7.51,6.87,9.3,3.54
3107000,14.52,7.87,6.94,9.48,3.37
3108000,14.36,7.74,6.69,9.38,3.43
3109000,14.64,7.78,6.4,9.77,3.76
3110000,14.44,7.38,6.55,10.01,3.89
3111000,14.59,7.18,6.41,10.26,4.19
3112000,14.51,7.1,6.52,10.12,4.2
3113000,15.02,7.32,6.54,10.43,4.27
3114000,15.08,7.42,6.5,10.37,4.4
3115000,15.27,7.71,6.81,10.62,4.18
3116000,15.5,7.92,6.81,10.24,4.22
3117000,15.44,7.54,6.74,10.0,4.26
3118000,15.82,7.75,6.96,10.1,4.47
3119000,15.61,7.97,7.1,9.98,4.4
3120000,15.65,8.02,7.21,9.7,4.57
3121000,15.35,8.13,7.49,9.95,4.76
3122000,15.66,8.07,7.58,9.99,4.57
3123000,15.48,8.12,7.47,10.1,4.55
3124000,15.73,8.3,7.39,10.07,4.61
3125000,15.62,8.16,7.36,10.37,4.59
3126000,15.4,8.26,7.23,10.29,4.71
3127000,15.55,8.41,7.24,10.57,4.8
3128000,15.35,8.34,7.23,10.88,4.34
3129000,15.64,8.71,7.4,10.89,4.27
3130000,15.62,8.82,7.35,10.89,4.26
3131000,15.67,9.0,7.2,10.99,4.4
3132000,15.47,8.69,7.51,11.3,4.38
3133000,15.62,8.64,7.54,11.32,4.61
3134000,15.62,8.27,7.93,11.56,4.55
3135000,15.5,8.32,7.84,11.46,4.83
3136000,15.4,8.36,7.72,11.49,4.58
3137000,15.6,8.56,7.71,11.35,4.62
3138000,15.91,8.67,7.5,11.39,4.24
3139000,16.04,8.86,7.72,11.56,4.28
3140000,15.39,8.94,7.5,11.37,4.51
3141000,15.57,8.45,7.47,11.59,4.37
3142000,15.3,8.46,7.54,11.13,4.43
3143000,15.55,8.58,7.27,10.8,4.23
3144000,15.75,8.49,7.29,10.58,4.29
3145000,15.5,8.44,7.23,10.55,4.26
3146000,15.78,8.34,7.16,10.66,4.35
3147000,15.42,8.31,7.32,10.74,4.27
3148000,15.66,8.52,7.12,10.77,4.44
3149000,15.82,8.46,7.35,10.96,4.44
3150000,16.02,9.03,7.22,11.28,4.33
3151000,15.77,9.24,7.42,10.78,4.28
3152000,15.62,9.16,7.29,11.14,4.22
3153000,15.91,9.12,7.29,11.24,3.93
3154000,16.09,9.48,7.29,10.8,3.69
3155000,16.08,9.72,7.13,10.74,3.88
3156000,15.89,9.59,7.26,10.44,4.15
3157000,15.41,9.78,7.32,9.86,3.91
3158000,15.98,9.9,7.63,9.72,3.84
3159000,15.79,9.81,7.35,9.74,4.16
3160000,15.71,9.84,7.41,9.76,4.16
3161000,15.76,9.87,7.44,9.96,4.24
3162000,15.61,9.91,7.49,10.1,4.39
3163000,15.54,10.11,7.4,10.3,3.95
3164000,15.0,10.45,7.42,9.79,3.8
3165000,15.13,10.82,7.43,9.7,3.81
3166000,14.95,11.13,7.4,9.88,3.94
3167000,14.96,10.95,7.11,9.65,4.05
3168000,14.81,11.09,7.06,9.55,3.88
3169000,14.93,10.84,7.29,9.46,4.07
3170000,14.6,10.97,7.37,9.66,4.07
3171000,14.45,10.83,7.21,9.84,3.89
3172000,13.88,10.8,7.34,10.02,3.71
3173000,13.77,10.9,7.36,10.25,3.66
3174000,13.52,11.24,7.3,10.53,3.61
3175000,13.37,11.46,7.44,10.75,3.51
3176000,13.54,11.61,7.43,10.73,3.47
3177000,13.64,11.76,7.61,10.94,3.44
3178000,13.61,11.91,7.57,10.99,3.54
3179000,13.83,12.1,7.63,10.61,3.73
3180000,13.87,12.35,7.49,10.45,3.84
3181000,13.93,11.89,7.59,9.98,3.56
3182000,13.92,12.09,7.27,9.85,3.46
3183000,13.95,11.86,7.22,9.83,3.55
3184000,14.15,11.48,7.45,9.74,3.51
3185000,14.44,11.36,7.46,9.81,3.63
3186000,14.51,11.45,7.72,10.13,3.78
3187000,14.93,11.74,7.6,10.44,3.78
3188000,14.76,11.29,7.53,10.5,3.89
3189000,14.96,11.2,7.48,10.67,4.06
3190000,15.23,10.69,7.53,10.82,4.32
3191000,15.54,10.72,7.78,10.82,4.15
3192000,15.63,10.95,8.03,10.74,4.17
3193000,15.51,10.88,8.32,11.01,4.19
3194000,15.12,10.74,8.54,10.79,4.14
3195000,15.09,10.96,8.73,10.73,4.18
3196000,15.28,11.17,8.21,10.6,4.24
3197000,15.09,10.9,8.3,10.77,4.13
3198000,14.96,10.36,8.65,10.93,4.28
3199000,15.35,10.36,8.89,11.61,4.27
3200000,15.21,10.21,8.46,11.75,4.25
3201000,15.21,10.1,8.57,11.78,4.25
3202000,15.36,10.08,8.63,12.08,4.34
3203000,15.48,10.13,8.38,12.32,4.25
3204000,15.71,10.2,8.51,12.62,4.05
3205000,16.01,10.18,8.64,12.91,4.03
3206000,15.6,10.19,8.66,13.25,4.1
3207000,15.2,10.01,8.53,13.09,4.07
3208000,15.2,9.78,8.67,13.36,4.04
3209000,15.31,9.77,8.84,13.38,4.0
3210000,15.43,10.01,8.81,13.38,4.03
3211000,15.62,10.35,8.9,13.23,3.96
3212000,15.44,10.15,8.62,12.98,3.87
3213000,15.66,10.28,8.74,13.2,3.92
3214000,15.83,10.44,8.86,13.33,4.02
3215000,15.84,10.77,8.94,13.27,4.16
3216000,16.3,10.83,8.92,13.52,4.09
3217000,16.42,10.82,8.82,13.89,4.14
3218000,16.2,10.86,8.97,13.89,4.13
3219000,16.64,10.73,8.22,13.88,4.27
3220000,16.44,10.98,8.05,14.13,4.32
3221000,15.86,11.07,7.75,14.11,4.39
3222000,16.12,11.34,7.7,14.11,4.37
3223000,16.16,11.73,7.44,14.24,4.32
3224000,15.68,11.57,7.29,14.26,4.44
3225000,15.84,11.65,7.14,14.33,4.46
3226000,15.88,11.87,6.83,13.92,4.54
3227000,15.67,12.24,7.11,14.15,4.79
3228000,15.88,12.24,6.83,14.15,4.74
3229000,16.03,12.39,7.04,14.21,4.96
3230000,15.97,12.11,6.8,14.64,5.01
3231000,15.39,11.98,6.21,14.59,4.97
3232000,15.6,12.08,6.25,14.66,5.1
3233000,15.96,12.04,6.07,14.54,4.95
3234000,15.72,12.01,5.94,14.14,4.86
3235000,15.9,12.36,5.79,14.21,4.99
3236000,16.17,12.42,5.92,14.41,4.75
3237000,16.07,12.18,5.91,14.55,4.29
3238000,15.76,12.15,6.05,14.28,4.33
3239000,15.96,11.74,6.3,14.08,4.27
3240000,15.86,11.84,6.31,14.47,3.98
3241000,15.61,11.86,6.21,14.44,3.83
3242000,15.88,11.63,6.23,14.61,3.74
3243000,16.24,11.5,6.18,14.56,3.52
3244000,16.05,11.34,6.61,14.93,3.46
3245000,15.6,10.93,6.67,14.94,3.21
3246000,15.51,11.1,6.78,14.93,3.09
3247000,15.87,11.14,6.85,15.04,2.92
3248000,16.19,11.1,7.11,15.15,3.05
3249000,16.21,10.53,7.4,14.57,2.96
3250000,15.71,10.46,7.59,14.42,3.08
3251000,15.21,10.7,7.65,14.41,3.26
3252000,15.27,10.8,7.92,14.47,3.21
3253000,15.57,10.27,7.49,14.48,3.24
3254000,15.71,10.47,7.71,14.37,3.3
3255000,15.21,10.62,7.66,13.96,3.17
3256000,15.44,10.16,7.83,13.95,3.21
3257000,14.84,9.92,7.98,13.96,3.25
3258000,14.45,10.0,7.96,13.91,3.36
3259000,14.42,9.84,8.16,13.79,3.33
3260000,14.32,9.83,7.97,13.91,3.28
3261000,14.17,10.05,8.14,14.32,3.47
3262000,14.52,10.31,7.8,14.11,3.57
3263000,14.49,10.25,7.62,14.23,3.64
3264000,14.84,10.44,7.82,14.22,3.74
3265000,14.57,10.39,7.88,13.81,3.7
3266000,14.37,10.32,7.99,13.7,3.72
3267000,14.34,10.46,8.21,13.75,3.8
3268000,14.04,10.71,8.36,13.68,3.73
3269000,14.03,10.79,8.71,13.86,3.84
3270000,14.03,10.93,8.55,13.97,3.9
3271000,13.47,11.03,8.55,13.91,4.01
3272000,13.43,11.05,8.43,14.12,4.21
3273000,13.46,11.13,8.36,14.44,4.27
3274000,13.26,11.3,8.12,14.42,4.17
3275000,12.97,11.48,8.24,14.39,4.13
3276000,13.07,11.45,8.45,13.9,4.26
3277000,12.98,11.53,8.31,13.99,4.34
3278000,13.4,11.69,8.22,13.6,4.63
3279000,13.23,11.75,8.22,13.4,4.41
3280000,13.0,11.42,8.22,13.41,4.5
3281000,13.04,11.35,8.02,13.18,4.79
3282000,13.13,11.48,8.18,12.89,4.56
3283000,13.39,11.66,7.92,12.63,4.62
3284000,13.19,11.83,7.81,12.99,4.68
3285000,13.32,11.88,7.84,13.05,4.73
3286000,13.64,11.45,7.71,13.17,4.78
3287000,13.62,11.43,7.86,13.36,5.1
3288000,13.47,11.28,8.0,13.35,4.97
3289000,13.74,11.28,7.51,12.93,5.0
3290000,13.43,11.53,7.67,12.83,5.08
3291000,13.35,11.66,7.17,13.03,4.85
3292000,13.51,11.76,6.86,12.7,4.93
3293000,13.23,11.89,6.86,13.03,5.02
3294000,13.28,11.95,6.87,12.84,5.11
3295000,13.51,11.76,6.66,13.14,5.11
3296000,13.84,11.63,6.75,12.38,5.16
3297000,13.76,11.58,7.08,12.55,4.85
3298000,13.64,11.76,7.27,12.58,4.8
3299000,13.8,11.91,6.9,12.34,4.64
3300000,13.62,11.94,6.83,12.62,4.74
3301000,12.8,12.18,6.61,12.37,4.6
3302000,12.54,11.81,6.92,11.82,4.68
3303000,12.61,11.64,6.84,11.76,4.47
3304000,13.3,11.37,6.95,11.8,4.29
3305000,13.25,11.56,6.95,11.57,4.44
3306000,13.32,11.63,7.21,11.39,4.35
3307000,13.66,11.69,7.33,11.24,4.29
3308000,14.0,11.49,7.37,11.19,4.55
3309000,14.12,11.55,7.53,11.42,4.61
3310000,14.2,11.58,7.63,11.46,4.42
3311000,13.83,11.69,7.66,11.38,4.44
3312000,14.18,11.63,7.99,10.76,4.25
3313000,14.46,11.85,7.98,10.95,4.37
3314000,14.55,11.6,7.86,10.81,4.56
3315000,14.69,11.6,7.6,10.96,4.43
3316000,14.5,11.23,7.87,10.69,4.36
3317000,14.27,10.92,8.15,11.02,4.37
3318000,14.45,11.14,8.3,11.09,4.34
3319000,14.47,11.32,8.36,11.14,4.18
3320000,14.34,11.17,8.29,11.44,4.21
3321000,13.99,11.39,8.57,11.49,4.44
3322000,13.99,11.26,8.72,11.67,4.37
3323000,13.5,10.76,8.77,11.55,4.43
3324000,13.9,10.85,8.47,11.51,4.47
3325000,13.92,10.84,8.67,11.74,4.17
3326000,14.34,10.7,8.74,11.21,3.99
3327000,14.13,10.59,9.07,11.17,4.12
3328000,14.11,10.95,8.94,11.38,4.35
3329000,14.06,10.96,9.27,11.4,4.21
3330000,14.28,10.96,9.39,11.31,4.19
3331000,14.17,11.06,9.29,11.73,4.44
3332000,13.96,10.9,9.39,11.48,4.36
3333000,13.93,11.02,9.63,11.92,4.33
3334000,14.07,10.88,9.16,12.25,4.38
3335000,14.23,10.9,9.29,12.47,4.55
3336000,14.33,10.62,9.23,12.73,4.58
3337000,14.38,10.95,9.28,13.05,4.62
3338000,14.66,10.91,9.31,13.11,4.85
3339000,14.77,10.78,9.46,13.24,4.66
3340000,15.08,10.72,9.19,13.51,4.72
3341000,14.98,10.96,9.14,13.27,4.64
3342000,15.51,11.13,9.24,13.47,4.62
3343000,15.67,10.73,9.42,12.94,4.75
3344000,15.89,10.94,9.69,12.83,4.85
3345000,15.55,11.17,9.88,13.01,4.72
3346000,15.59,11.19,9.62,12.97,4.6
3347000,15.64,11.38,9.86,13.0,4.77
3348000,15.45,11.53,9.48,13.1,5.08
3349000,15.78,11.75,9.75,13.35,4.99
3350000,15.59,11.95,10.19,13.43,4.76
3351000,15.42,11.86,10.04,13.06,4.75
3352000,15.37,11.99,9.77,13.12,4.46
3353000,15.32,12.2,9.94,12.57,4.53
3354000,15.38,12.31,10.21,12.25,4.62
3355000,15.96,12.61,10.01,12.68,4.71
3356000,15.56,12.6,9.5,12.59,4.89
3357000,15.57,12.81,9.65,12.79,4.76
3358000,15.68,12.75,9.26,12.31,4.61
3359000,15.87,12.64,9.21,12.47,4.8
3360000,16.03,12.97,8.89,12.76,5.0
3361000,16.22,12.91,9.06,12.96,5.12
3362000,16.49,12.52,9.21,13.13,5.02
3363000,16.54,13.03,9.57,13.29,5.07
3364000,16.64,12.3,9.65,13.33,4.97
3365000,16.82,11.99,10.15,12.57,4.88
3366000,17.23,12.19,9.78,12.47,5.33
3367000,17.24,12.08,10.06,12.69,5.26
3368000,17.23,12.09,9.99,12.35,5.04
3369000,17.67,12.24,10.03,12.09,5.08
3370000,18.05,12.61,9.9,11.98,5.2
3371000,18.03,11.91,9.88,11.9,5.28
3372000,18.26,12.19,9.83,12.25,5.4
3373000,18.35,12.3,9.87,12.02,5.44
3374000,18.41,11.98,10.07,12.02,5.48
3375000,18.76,11.95,10.19,12.28,5.09
3376000,19.05,12.08,9.67,12.54,5.21
3377000,18.75,12.12,9.89,12.52,5.23
3378000,18.82,11.79,10.1,12.68,5.07
3379000,18.75,11.76,10.03,13.02,4.97
3380000,18.62,12.2,10.19,13.26,5.0
3381000,18.74,11.57,9.95,13.15,5.15
3382000,18.78,11.63,9.92,13.04,5.32
3383000,18.8,11.73,9.7,13.1,5.44
3384000,18.39,12.08,9.64,12.74,5.51
3385000,18.28,11.52,9.89,12.78,5.79
3386000,18.11,10.65,9.88,13.03,5.25
3387000,17.91,10.93,10.14,12.62,5.26
3388000,18.31,10.77,10.42,13.14,5.28
3389000,17.87,10.97,10.54,13.37,5.32
3390000,17.73,10.83,10.38,13.66,5.38
3391000,17.96,10.53,10.44,13.97,5.48
3392000,17.82,10.89,10.35,14.44,5.35
3393000,17.87,10.45,10.32,14.65,5.34
3394000,17.63,10.27,10.12,14.77,5.54
3395000,18.02,10.81,9.88,14.68,5.5
3396000,18.39,10.99,10.12,14.95,5.16
3397000,18.13,11.3,10.25,14.99,5.21
3398000,18.41,11.25,10.11,15.33,5.37
3399000,18.18,11.32,10.1,15.18,4.99
3400000,18.44,11.4,9.63,15.25,4.88
3401000,18.37,11.45,9.72,15.46,4.61
3402000,18.47,11.86,9.51,15.85,4.51
3403000,18.8,11.58,9.43,15.86,4.47
3404000,18.68,11.68,9.62,16.09,4.67
3405000,18.59,11.6,9.71,16.35,4.89
3406000,18.33,11.6,9.94,16.51,4.9
3407000,18.6,11.72,9.71,16.59,4.9
3408000,18.32,12.16,9.8,17.06,4.78
3409000,18.27,12.23,10.09,17.11,4.89
3410000,18.46,12.08,9.6,17.7,4.85
3411000,18.84,12.26,9.6,17.41,5.13
3412000,18.99,12.15,9.44,17.66,5.18
3413000,18.79,12.44,9.5,17.9,5.19
3414000,18.98,12.48,9.41,18.14,5.13
3415000,18.11,12.21,9.33,18.04,5.47
3416000,18.17,12.49,9.03,18.43,5.55
3417000,18.45,12.34,9.15,18.55,5.68
3418000,18.12,12.12,9.06,18.15,5.47
3419000,18.34,12.21,9.33,17.57,5.64
3420000,17.87,12.3,9.28,17.98,5.83
3421000,17.77,12.62,9.61,17.35,6.04
3422000,17.91,12.85,9.33,17.56,6.36
3423000,18.47,12.8,9.39,17.61,6.4
3424000,18.68,12.92,9.68,17.45,6.42
3425000,18.39,12.93,9.55,17.93,6.69
3426000,18.63,12.92,9.8,17.75,6.75
3427000,18.42,13.12,9.28,18.05,6.49
3428000,18.88,13.2,9.17,17.95,6.65
3429000,18.65,13.12,9.39,17.94,6.68
3430000,18.66,13.17,9.53,18.17,6.74
3431000,18.71,13.41,9.6,17.79,6.83
3432000,19.34,13.66,9.73,17.88,6.93
3433000,19.39,13.6,9.97,17.69,7.07
3434000,19.53,13.81,9.8,16.97,7.29
3435000,19.59,13.81,9.47,16.84,7.16
3436000,19.73,13.98,9.41,16.66,7.21
3437000,19.65,14.2,8.96,16.24,7.27
3438000,19.54,14.07,9.35,15.95,7.33
3439000,19.27,14.1,9.21,15.82,7.45
3440000,19.29,14.12,9.52,15.74,7.31
3441000,18.91,14.1,9.45,15.67,7.1
3442000,18.4,13.96,9.69,15.59,7.33
3443000,18.56,14.4,9.73,15.32,7.56
3444000,18.4,14.46,9.84,15.38,7.71
3445000,18.07,13.85,10.16,14.57,7.66
3446000,18.11,13.99,10.0,15.08,7.78
3447000,18.13,13.98,10.36,14.46,7.83
3448000,18.21,14.1,10.37,14.02,7.47
3449000,18.31,14.18,10.08,14.27,7.81
3450000,18.5,13.78,10.06,14.08,8.05
3451000,18.07,13.82,10.16,14.16,8.11
3452000,18.34,13.94,10.14,14.67,8.08
3453000,18.18,13.88,9.8,14.56,8.15
3454000,17.14,14.1,9.46,13.96,8.25
3455000,16.76,14.23,9.53,14.16,8.26
3456000,16.73,14.4,9.89,14.3,8.3
3457000,16.53,14.54,10.23,14.61,8.29
3458000,16.22,14.23,10.29,14.36,8.3
3459000,16.43,13.81,10.69,14.64,8.37
3460000,16.49,13.56,10.61,13.99,8.32
3461000,16.29,13.18,10.47,13.09,8.43
3462000,16.6,13.47,10.53,13.31,8.43
3463000,16.69,13.44,10.52,13.24,8.35
3464000,16.41,13.36,10.56,13.17,8.42
3465000,16.24,13.48,10.57,13.04,8.23
3466000,16.21,12.95,10.76,12.81,8.23
3467000,16.51,12.96,10.69,12.22,8.43
3468000,16.21,12.45,10.89,12.25,8.54
3469000,15.63,12.55,10.43,12.38,8.5
3470000,15.09,12.28,10.24,12.3,8.18
3471000,14.94,12.32,10.44,12.3,8.25
3472000,15.15,12.22,10.08,12.37,8.45
3473000,14.55,11.89,10.31,12.63,8.25
3474000,14.76,12.02,10.3,12.52,8.36
3475000,14.89,11.98,10.5,12.73,8.52
3476000,14.91,12.13,10.2,12.39,8.17
3477000,14.9,12.28,10.23,12.13,8.28
3478000,15.41,12.45,10.59,12.18,8.17
3479000,15.75,12.89,10.59,12.42,8.13
3480000,15.9,13.09,10.71,11.97,8.1
3481000,15.79,12.99,10.69,12.15,8.25
3482000,15.71,13.0,10.65,12.52,8.46
3483000,15.98,12.97,10.8,12.63,8.26
3484000,16.04,12.84,11.26,12.12,7.98
3485000,16.15,12.51,11.01,12.0,7.85
3486000,16.19,12.47,11.12,11.56,7.95
3487000,16.23,12.3,10.8,11.62,7.52
3488000,15.44,12.55,10.63,11.85,7.27
3489000,15.69,13.01,10.4,11.4,7.12
3490000,15.19,12.77,10.37,11.21,6.98
3491000,15.71,12.36,10.32,10.83,6.9
3492000,15.57,12.71,10.11,11.21,7.14
3493000,15.69,12.86,10.02,11.38,6.97
3494000,15.87,12.63,10.11,11.58,6.86
3495000,16.23,13.0,9.77,11.88,6.66
3496000,16.46,13.22,10.04,12.2,6.7
3497000,16.87,12.76,10.27,12.03,6.62
3498000,16.8,12.86,10.19,12.15,6.47
3499000,17.13,13.09,10.08,12.14,6.62
3500000,17.35,13.1,10.18,12.13,6.44
3501000,17.26,13.3,10.04,12.43,6.17
3502000,17.2,13.17,9.82,13.08,6.32
3503000,17.18,13.49,9.62,13.47,6.13
3504000,17.12,13.89,9.56,13.73,5.98
3505000,16.82,13.61,9.64,13.92,6.15
3506000,16.9,13.79,9.16,13.99,6.28
3507000,16.87,13.42,9.36,14.23,6.32
3508000,17.2,13.58,9.28,14.26,6.46
3509000,17.35,13.64,9.4,14.17,6.64
3510000,16.86,13.97,9.25,14.13,6.65
3511000,16.99,14.26,9.51,13.93,6.83
3512000,17.82,14.05,9.48,13.54,6.9
3513000,18.07,13.56,9.86,13.48,6.77
3514000,18.0,13.23,9.62,13.52,6.57
3515000,18.31,13.21,9.81,13.75,6.8
3516000,18.29,12.91,9.46,13.72,6.71
3517000,17.91,13.34,9.7,13.51,6.72
3518000,18.21,12.99,9.76,13.67,7.02
3519000,18.68,13.17,9.94,13.81,7.16
3520000,17.19,13.4,9.85,13.39,7.1
3521000,16.67,13.58,9.96,13.52,7.1
3522000,16.72,13.61,10.17,13.92,6.94
3523000,16.9,13.48,10.35,13.92,6.87
3524000,17.02,13.35,10.26,14.01,6.83
3525000,16.81,13.34,10.47,14.38,6.75
3526000,16.73,13.26,10.19,14.37,6.74
3527000,16.61,13.43,10.28,14.5,6.8
3528000,16.38,13.26,10.26,14.57,6.87
3529000,16.69,13.54,10.25,14.57,6.88
3530000,16.84,13.73,10.29,14.91,6.53
3531000,17.09,13.47,10.34,15.41,6.54
3532000,17.21,13.51,10.47,15.75,6.45
3533000,16.84,13.82,10.86,15.67,6.37
3534000,16.74,13.85,11.08,15.7,6.5
3535000,16.6,13.67,11.02,15.92,6.61
3536000,16.96,13.63,11.0,16.0,6.64
3537000,16.39,13.73,10.88,16.25,6.81
3538000,16.16,13.48,11.13,15.79,6.87
3539000,16.05,13.53,11.12,15.93,6.57
3540000,16.08,13.19,11.19,16.12,6.18
3541000,15.82,13.6,11.31,16.32,6.18
3542000,15.9,13.65,11.25,16.59,6.29
3543000,16.11,13.79,11.37,16.76,6.27
3544000,15.83,14.03,11.06,16.8,6.36
3545000,16.1,14.17,11.34,17.29,6.25
3546000,16.18,14.44,10.71,16.68,6.11
3547000,15.62,14.12,10.58,16.95,6.17
3548000,15.23,13.78,10.47,16.85,6.09
3549000,15.57,13.46,10.82,16.99,6.14
3550000,15.66,13.6,10.69,16.46,5.98
3551000,15.35,13.91,10.77,16.56,6.4
3552000,15.25,14.18,10.79,16.66,6.23
3553000,14.98,14.02,10.58,16.82,6.34
3554000,14.95,13.6,10.69,17.16,6.44
3555000,15.09,13.87,10.87,17.54,6.37
3556000,15.18,13.69,11.26,17.77,6.44
3557000,15.23,13.81,11.29,17.93,6.24
3558000,14.75,13.9,11.1,18.31,5.78
3559000,15.06,13.96,10.96,18.22,5.96
3560000,15.17,13.83,11.05,18.08,5.93
3561000,15.55,14.14,11.3,18.29,6.32
3562000,15.83,14.02,11.6,18.27,6.28
3563000,15.69,14.04,11.46,18.41,6.46
3564000,15.54,13.96,11.37,18.25,6.39
3565000,15.76,13.86,11.05,18.34,6.42
3566000,15.84,13.94,11.08,17.64,6.48
3567000,15.93,14.33,11.34,17.13,6.65
3568000,16.04,14.69,11.43,17.29,6.71
3569000,15.76,14.47,11.41,16.44,6.91
3570000,16.03,14.83,11.35,16.4,7.12
3571000,16.33,14.98,10.8,16.78,6.93
3572000,16.14,15.13,10.77,16.04,7.05
3573000,15.91,15.07,10.99,15.77,7.15
3574000,15.86,14.82,11.03,15.91,7.51
3575000,15.69,14.96,11.21,15.66,7.08
3576000,15.87,15.28,10.93,15.69,6.74
3577000,16.26,15.4,10.76,15.53,6.84
3578000,16.19,14.94,11.12,15.85,7.06
3579000,16.38,15.08,11.06,15.58,7.18
3580000,16.59,14.87,11.32,15.01,7.1
3581000,16.5,15.08,10.99,14.71,7.4
3582000,16.2,14.57,10.89,14.74,7.46
3583000,15.92,14.7,10.98,14.46,7.36
3584000,15.77,14.8,11.3,14.56,7.52
3585000,16.05,14.9,10.88,14.5,7.23
3586000,16.2,15.18,10.84,14.18,6.83
3587000,16.75,15.32,10.56,14.19,6.81
3588000,16.32,15.52,10.48,14.94,6.76
3589000,15.97,15.66,10.6,15.18,6.79
3590000,16.32,15.77,10.69,15.38,6.76
3591000,16.74,15.22,10.24,15.51,6.89
3592000,16.73,15.09,9.91,15.48,6.84
3593000,16.71,15.19,10.3,15.75,7.03
3594000,16.54,15.49,10.49,15.45,7.01
3595000,16.53,15.57,10.65,15.14,6.89
3596000,16.84,15.83,10.46,14.94,6.92
3597000,17.3,15.74,10.15,14.77,6.74
3598000,17.67,16.18,10.18,14.76,6.86
3599000,17.44,15.63,10.04,14.71,7.24
3600000,17.39,15.54,10.0,15.03,7.42
3601000,17.34,15.99,10.39,14.91,7.11
3602000,17.62,15.88,10.54,15.34,7.22
3603000,17.72,15.61,10.31,15.46,7.03
3604000,17.92,15.88,10.06,15.79,7.04
3605000,17.46,15.59,10.23,16.09,6.9
3606000,17.72,16.08,10.29,16.03,7.06
3607000,18.15,15.16,10.21,16.08,7.3
3608000,17.88,14.35,10.17,16.11,7.48
3609000,17.8,14.09,10.01,15.77,7.8
3610000,17.74,14.17,10.18,16.23,8.03
3611000,17.89,14.28,10.25,16.12,7.89
3612000,18.06,13.92,9.87,16.44,7.87
3613000,18.44,13.89,10.12,16.82,8.4
3614000,18.01,13.9,10.19,16.91,8.53
3615000,18.12,13.8,10.25,17.28,8.77
3616000,18.35,13.88,9.89,17.46,8.94
3617000,18.23,14.15,10.15,17.09,9.18
3618000,18.38,13.7,9.9,17.3,9.3
3619000,18.72,13.76,10.09,17.31,9.28
3620000,18.93,13.33,10.23,17.48,9.23
3621000,19.13,12.53,10.09,17.88,9.19
3622000,18.96,12.66,10.26,17.88,9.27
3623000,19.41,12.43,10.35,17.85,9.01
3624000,18.85,12.36,10.38,18.05,8.95
3625000,18.99,12.21,10.44,18.55,8.87
3626000,18.94,12.53,10.51,18.7,8.81
3627000,19.01,12.7,10.77,18.86,8.77
3628000,19.03,12.55,11.1,18.54,8.6
3629000,18.77,12.55,10.85,18.97,8.78
3630000,19.06,12.31,10.8,19.36,8.8
3631000,19.55,11.96,10.51,19.18,8.67
3632000,19.76,11.98,10.4,19.32,8.87
3633000,19.12,12.41,10.48,19.54,8.93
3634000,19.06,12.89,10.61,18.86,8.77
3635000,19.64,12.56,10.61,18.22,8.4
3636000,19.98,12.86,10.33,17.98,8.4
3637000,18.95,12.59,10.5,18.02,8.13
3638000,18.99,12.4,10.26,17.8,8.02
3639000,19.16,12.7,10.6,18.12,7.7
3640000,19.31,12.43,10.42,18.45,7.42
3641000,18.68,12.37,10.39,18.7,7.13
3642000,18.53,12.55,10.6,18.91,7.25
3643000,18.49,12.59,10.39,19.01,6.79
3644000,18.59,12.75,10.22,19.26,6.67
3645000,18.55,12.51,10.44,19.41,6.59
3646000,18.42,12.65,10.45,19.47,6.5
3647000,18.33,12.82,10.48,19.33,6.24
3648000,18.65,12.71,10.53,19.58,6.31
3649000,18.52,12.7,10.26,19.62,6.34
3650000,18.0,12.55,10.45,19.13,6.05
3651000,17.56,12.59,10.1,18.86,5.92
3652000,17.65,12.97,9.6,18.99,6.08
3653000,17.4,13.23,9.58,19.28,5.78
3654000,17.3,13.2,8.93,19.06,5.87
3655000,16.81,13.49,9.08,19.17,6.18
3656000,16.87,13.86,8.8,19.46,6.05
3657000,16.91,13.91,8.88,19.45,5.99
3658000,16.67,13.79,9.0,19.33,5.95
3659000,16.98,13.92,9.05,19.07,6.06
3660000,17.11,14.14,9.05,18.45,6.22
3661000,16.97,14.62,8.99,18.63,6.3
3662000,16.42,14.97,8.65,18.57,6.48
3663000,16.6,14.48,8.47,18.49,6.87
3664000,16.28,14.44,8.57,18.5,6.91
3665000,16.36,14.53,8.91,17.79,6.77
3666000,16.33,14.86,8.55,18.12,6.92
3667000,16.57,15.08,8.55,18.18,7.1
3668000,16.52,15.42,8.67,17.87,7.23
3669000,16.45,15.51,8.88,17.88,7.34
3670000,16.42,15.65,8.74,18.01,7.59
3671000,15.92,15.16,8.5,18.22,7.78
3672000,15.78,15.0,8.43,17.92,7.79
3673000,15.99,15.22,8.51,17.49,7.77
3674000,16.61,15.4,8.33,17.27,7.83
3675000,16.94,14.86,8.28,17.68,7.8
3676000,16.55,14.32,8.23,17.32,8.32
3677000,16.28,14.21,7.94,17.7,8.12
3678000,16.82,14.26,7.64,17.88,8.31
3679000,16.9,14.27,7.71,18.03,8.7
3680000,16.46,14.54,8.05,18.39,8.9
3681000,16.77,14.89,7.99,17.93,8.99
3682000,16.53,14.97,8.09,17.89,8.67
3683000,16.7,15.35,8.09,18.23,8.68
3684000,17.24,15.59,7.87,18.0,8.88
3685000,16.99,15.78,7.86,18.09,9.1
3686000,16.5,15.9,7.62,17.97,9.09
3687000,16.34,15.82,7.7,17.51,9.03
3688000,15.84,15.82,7.82,17.51,8.75
3689000,16.36,15.93,7.69,17.32,8.94
3690000,16.51,15.76,7.34,17.31,8.9
3691000,16.64,15.94,7.32,17.36,8.72
3692000,16.58,15.53,6.57,17.53,8.58
3693000,16.63,15.91,6.7,17.54,8.72
3694000,16.41,15.83,6.81,17.49,8.77
3695000,16.51,15.81,6.9,17.63,9.22
3696000,16.71,15.43,6.41,18.08,9.5
3697000,16.71,15.46,6.68,18.11,9.77
3698000,16.84,15.93,6.54,17.91,9.72
3699000,15.85,15.79,6.81,17.73,9.74
3700000,16.23,15.91,7.06,17.77,9.77
3701000,16.47,16.06,7.3,17.91,9.97
3702000,16.09,15.79,7.48,18.17,9.99
3703000,15.86,15.89,7.21,18.44,9.89
3704000,15.77,16.48,6.85,18.17,10.02
3705000,15.64,16.53,6.96,17.75,10.01
3706000,15.99,16.83,6.9,17.54,10.03
3707000,15.97,17.09,7.26,17.81,10.02
3708000,16.25,16.9,7.16,17.99,9.72
3709000,16.32,16.58,7.31,17.37,9.61
3710000,16.16,16.54,7.49,17.32,9.4
3711000,16.34,16.81,7.81,17.27,9.79
3712000,16.52,17.13,8.01,16.78,9.68
3713000,16.33,17.44,8.25,16.75,9.55
3714000,16.15,17.38,7.97,16.67,9.29
3715000,16.63,17.37,8.1,16.89,9.44
3716000,16.98,17.56,8.29,16.51,9.17
3717000,16.63,17.75,8.43,16.41,9.08
3718000,16.53,17.56,8.34,16.37,9.07
3719000,16.78,18.04,8.33,16.29,8.99
3720000,17.06,18.17,8.36,16.45,8.88
3721000,17.19,18.01,8.31,16.3,8.81
3722000,16.9,17.8,8.38,16.55,8.59
3723000,17.05,17.9,8.62,16.94,8.09
3724000,16.72,17.73,8.48,16.5,8.18
3725000,17.09,17.2,8.47,16.41,8.0
3726000,17.42,17.3,8.81,16.28,7.92
3727000,17.49,17.41,8.49,16.31,8.01
3728000,17.78,16.86,8.48,16.47,8.0
3729000,17.74,16.83,8.82,16.48,8.35
3730000,17.94,17.21,8.97,16.47,8.39
3731000,18.22,17.24,9.06,16.48,8.69
3732000,17.95,16.71,9.03,16.78,8.4
3733000,17.99,16.72,9.36,16.11,7.94
3734000,18.65,16.93,9.63,16.2,8.27
3735000,18.65,16.45,9.23,16.36,8.07
3736000,18.97,15.79,9.04,16.53,8.34
3737000,18.95,16.01,8.81,16.71,8.05
3738000,19.02,15.65,8.84,16.81,8.21
3739000,19.32,15.25,9.05,16.73,8.34
3740000,19.55,15.36,9.35,17.27,8.37
3741000,19.95,15.34,9.42,17.63,8.71
3742000,19.91,15.21,9.53,17.26,8.66
3743000,19.58,15.24,9.56,17.54,8.83
3744000,20.12,14.74,9.5,17.3,9.04
3745000,20.05,14.78,9.86,17.2,9.17
3746000,19.71,14.93,9.81,17.31,9.06
3747000,19.79,15.35,9.93,17.47,9.16
3748000,20.08,14.4,9.99,17.56,9.28
3749000,19.97,14.57,10.24,17.78,9.2
3750000,19.75,14.32,10.31,18.18,9.24
3751000,20.04,14.28,10.53,18.38,9.24
3752000,19.65,14.38,10.82,18.66,9.13
3753000,20.27,14.48,10.93,18.68,8.97
3754000,20.02,14.72,11.09,18.57,9.07
3755000,20.27,15.06,10.94,18.89,8.99
3756000,20.26,14.8,11.0,19.48,8.62
3757000,20.1,14.64,11.15,19.26,8.86
3758000,20.12,14.68,11.5,19.65,8.87
3759000,20.07,14.98,11.77,19.52,8.7
3760000,19.54,14.8,11.82,19.75,8.84
3761000,19.71,14.59,12.11,19.74,9.0
3762000,19.45,14.73,12.23,19.54,9.13
3763000,18.84,15.02,12.08,19.88,9.06
3764000,18.65,14.79,12.38,20.01,9.06
3765000,18.5,14.67,12.48,20.17,9.25
3766000,18.5,15.2,12.43,20.26,9.58
3767000,18.4,14.54,11.8,20.57,9.41
3768000,18.28,14.73,12.04,19.96,9.76
3769000,17.82,14.65,12.26,20.05,9.92
3770000,17.63,14.88,12.56,19.66,9.75
3771000,17.62,14.62,13.1,19.93,9.38
3772000,17.69,14.77,13.35,20.07,9.41
3773000,17.66,14.8,13.4,20.11,9.57
3774000,17.96,14.95,13.24,20.37,9.55
3775000,18.03,15.16,13.5,20.09,9.75
3776000,18.39,14.97,13.25,20.22,9.36
3777000,18.51,15.12,13.44,20.68,9.46
3778000,18.54,15.19,13.3,20.72,9.87
3779000,17.74,15.36,13.34,20.55,9.74
3780000,17.7,15.04,13.59,20.63,9.8
3781000,17.42,15.06,13.36,20.59,9.89
3782000,17.76,14.98,13.3,21.17,9.81
3783000,17.74,14.94,13.48,20.31,9.67
3784000,17.53,14.72,13.1,20.75,9.74
3785000,17.65,14.59,12.99,20.63,9.7
3786000,17.73,14.75,13.08,20.27,9.74
3787000,17.41,15.0,13.27,20.03,9.96
3788000,17.56,14.55,13.02,19.75,9.54
3789000,17.95,14.76,13.14,19.95,9.55
3790000,18.17,14.21,13.04,20.31,9.63
3791000,18.03,14.61,12.9,20.39,9.64
3792000,18.03,14.59,12.22,20.69,9.81
3793000,18.28,14.66,11.88,20.88,9.72
3794000,18.9,14.85,11.61,20.93,9.86
3795000,19.01,14.86,11.78,20.48,9.44
3796000,18.98,15.02,11.96,20.62,9.55
3797000,19.22,15.21,12.09,20.93,9.47
3798000,19.28,14.99,11.86,20.8,9.6
3799000,19.19,14.88,12.02,21.02,9.05
3800000,18.85,15.55,12.09,20.92,9.16
3801000,18.97,15.52,12.43,21.51,9.43
3802000,18.34,15.37,12.31,21.66,8.81
3803000,18.4,15.38,12.24,21.75,9.04
3804000,18.56,15.38,12.2,22.0,9.15
3805000,18.89,15.11,11.82,21.69,8.97
3806000,18.38,15.14,11.71,22.15,9.19
3807000,18.4,15.35,11.85,22.04,8.99
3808000,18.69,15.35,11.86,22.14,9.32
3809000,18.4,14.96,11.88,22.33,9.15
3810000,18.85,15.16,11.64,22.21,9.23
3811000,19.23,15.05,11.58,22.15,9.44
3812000,19.22,15.29,11.45,22.14,9.59
3813000,19.3,15.43,11.46,21.83,9.6
3814000,18.86,15.76,11.47,21.7,9.95
3815000,18.85,15.62,11.71,22.38,9.6
3816000,18.87,15.92,11.88,22.16,9.65
3817000,19.0,15.62,12.24,21.74,9.68
3818000,18.71,15.28,12.11,22.14,9.76
3819000,18.11,15.16,11.85,22.69,9.87
3820000,18.34,15.33,11.56,22.26,10.17
3821000,17.98,15.24,11.82,22.16,9.99
3822000,18.02,15.29,11.4,22.17,10.05
3823000,18.26,15.51,11.57,21.83,10.13
3824000,18.19,15.5,11.64,21.83,10.06
3825000,17.64,14.8,11.8,21.85,10.15
3826000,17.67,14.82,12.06,21.73,10.29
3827000,17.78,14.93,11.84,21.77,10.38
3828000,17.72,14.9,11.87,22.27,10.48
3829000,18.04,15.08,11.79,22.16,10.41
3830000,17.72,15.08,11.9,22.08,10.24
3831000,17.87,15.42,11.62,22.26,10.21
3832000,17.8,14.56,11.72,22.37,10.59
3833000,17.9,14.44,11.48,22.71,10.65
3834000,17.52,14.52,11.28,22.81,10.48
3835000,16.61,14.42,11.34,22.74,10.64
3836000,16.7,14.9,11.35,22.79,10.41
3837000,16.33,14.98,11.08,22.68,10.86
3838000,16.46,14.67,11.17,22.67,10.4
3839000,15.84,14.91,10.89,22.53,10.02
3840000,16.13,15.17,11.21,22.47,10.2
3841000,16.08,14.89,10.88,22.32,10.79
3842000,16.09,15.17,11.14,22.63,10.43
3843000,15.94,15.53,11.27,22.2,10.44
3844000,16.02,15.56,11.44,21.94,10.52
3845000,15.83,15.71,11.49,21.39,10.38
3846000,16.21,15.68,11.4,21.31,10.56
3847000,16.11,15.5,11.68,21.34,10.78
3848000,15.43,15.5,11.46,20.77,10.87
3849000,14.8,15.76,11.33,19.84,10.82
3850000,14.58,16.22,11.23,19.52,10.99
3851000,14.44,16.31,11.36,19.36,10.84
3852000,14.65,15.9,11.55,19.27,11.03
3853000,14.72,16.19,11.83,19.41,11.41
3854000,15.03,15.74,12.14,18.9,11.63
3855000,14.77,16.3,11.94,19.36,11.23
3856000,14.39,16.3,11.9,18.83,11.46
3857000,14.54,16.45,11.99,18.81,11.34
3858000,14.03,16.28,12.07,18.53,11.47
3859000,14.05,16.42,12.16,17.57,11.39
3860000,13.94,16.78,12.55,17.65,11.07
3861000,14.27,16.82,12.86,16.84,11.17
3862000,14.45,16.92,12.56,17.33,11.39
3863000,14.69,16.75,12.94,17.65,11.59
3864000,14.78,16.6,12.92,17.87,11.26
3865000,14.65,16.69,12.77,17.95,11.17
3866000,14.92,16.98,12.89,17.58,11.45
3867000,14.97,17.17,12.85,17.93,11.37
3868000,14.86,17.17,12.54,17.32,11.02
3869000,14.81,17.52,12.65,17.61,10.98
3870000,15.01,17.34,12.13,18.15,11.16
3871000,14.67,16.41,12.07,17.91,11.15
3872000,14.68,16.88,11.83,17.46,10.67
3873000,14.78,17.09,12.15,17.49,10.44
3874000,14.92,17.25,11.96,16.78,10.69
3875000,14.96,17.46,11.81,16.7,10.73
3876000,14.97,17.35,11.88,17.09,10.82
3877000,15.17,17.62,11.91,17.08,10.93
3878000,15.25,17.11,11.94,17.13,10.85
3879000,15.63,16.36,11.71,17.06,10.74
3880000,15.8,16.14,12.02,17.04,10.86
3881000,15.92,16.0,12.18,16.97,10.65
3882000,16.41,15.79,11.79,17.34,10.57
3883000,15.96,15.96,12.09,17.32,10.01
3884000,16.43,16.12,12.06,17.19,9.67
3885000,16.45,16.18,12.25,17.37,9.52
3886000,16.23,16.26,12.23,17.34,9.68
3887000,16.08,16.71,12.13,17.33,9.67
3888000,16.59,17.06,11.84,17.46,9.75
3889000,16.65,17.05,11.62,17.83,9.93
3890000,17.42,17.14,11.51,18.3,9.87
3891000,17.86,16.61,11.42,18.27,10.37
3892000,18.24,16.79,11.07,17.7,9.99
3893000,18.41,16.94,11.08,17.92,10.18
3894000,18.78,17.12,11.06,18.33,9.82
3895000,18.99,17.27,11.21,18.35,10.17
3896000,19.15,17.7,11.48,18.62,10.32
3897000,19.34,17.43,11.77,18.85,10.15
3898000,19.56,16.94,11.68,18.96,10.39
3899000,19.21,17.14,11.81,19.05,10.59
3900000,19.44,16.15,11.9,18.92,10.56
3901000,19.76,16.35,12.24,19.07,10.78
3902000,19.77,16.03,12.55,19.25,11.34
3903000,20.12,16.27,12.75,19.42,11.17
3904000,19.91,16.66,12.69,19.29,11.32
3905000,20.2,16.68,12.66,19.68,11.39
3906000,20.17,16.54,12.87,20.11,11.41
3907000,20.31,16.97,13.29,20.45,11.19
3908000,19.93,16.77,13.4,20.71,11.12
3909000,19.6,16.93,13.72,20.99,10.79
3910000,19.2,16.69,13.23,21.28,10.66
3911000,19.15,16.95,13.35,21.74,10.76
3912000,19.38,17.32,13.41,21.26,10.74
3913000,19.5,18.26,13.48,21.57,11.02
3914000,19.56,18.21,13.73,21.57,11.04
3915000,19.74,18.63,13.43,21.63,11.24
3916000,19.47,18.2,13.55,21.5,11.28
3917000,19.34,18.0,13.07,21.72,11.37
3918000,19.43,18.05,13.12,21.89,11.37
3919000,19.68,18.07,13.3,22.14,11.66
3920000,19.14,18.39,13.52,22.18,11.31
3921000,19.11,18.34,13.61,21.66,11.23
3922000,18.73,18.73,13.48,21.88,11.1
3923000,18.83,18.45,13.53,22.32,11.18
3924000,19.25,18.62,13.59,22.67,11.29
3925000,19.5,18.8,13.57,22.51,11.31
3926000,19.67,19.17,13.55,22.77,11.53
3927000,19.38,19.08,13.99,22.93,11.61
3928000,19.59,19.32,14.39,23.25,11.58
3929000,19.84,19.5,14.38,23.09,11.74
3930000,19.82,19.67,14.16,22.96,11.49
3931000,19.87,18.84,14.23,23.03,11.28
3932000,19.94,18.97,13.97,23.57,11.43
3933000,19.87,18.9,13.71,23.59,11.55
3934000,19.84,19.02,13.22,23.62,11.2
3935000,19.27,18.7,12.92,23.58,11.14
3936000,17.66,19.13,12.52,23.5,11.33
3937000,17.54,18.61,12.49,23.47,11.31
3938000,17.51,18.38,12.54,23.56,11.18
3939000,17.44,18.25,12.53,23.57,11.51
3940000,17.75,18.3,12.43,23.42,11.79
3941000,17.56,18.72,12.78,23.82,11.67
3942000,17.39,18.57,12.41,23.83,12.07
3943000,17.45,18.91,12.38,23.54,12.04
3944000,17.02,18.95,12.52,23.52,12.12
3945000,17.09,18.88,12.56,23.8,12.31
3946000,17.45,19.17,12.3,24.49,12.49
3947000,17.71,18.77,12.42,24.87,12.0
3948000,17.89,18.68,12.15,25.06,12.14
3949000,17.69,18.8,12.17,25.02,12.07
3950000,17.62,19.04,12.35,24.85,12.23
3951000,17.22,19.19,12.32,25.2,12.53
3952000,17.44,19.06,12.23,24.54,12.42
3953000,17.63,19.36,12.25,24.54,12.3
3954000,17.79,19.63,11.47,24.5,12.3
3955000,17.82,18.55,11.46,24.44,12.04
3956000,17.78,18.19,11.66,24.77,12.08
3957000,17.66,17.82,11.44,24.65,11.98
3958000,17.55,17.56,11.51,24.93,11.53
3959000,17.71,17.89,11.26,25.18,11.68
3960000,17.9,17.59,10.9,25.03,11.15
3961000,17.87,17.6,11.12,25.23,11.3
3962000,17.91,17.11,11.02,24.9,11.18
3963000,17.94,17.22,11.34,24.25,11.38
3964000,18.24,17.7,10.95,24.03,11.25
3965000,18.35,17.97,11.11,24.13,11.37
3966000,18.73,17.84,11.25,24.14,11.06
3967000,18.83,17.65,11.4,23.26,11.25
3968000,18.75,17.65,11.32,23.13,11.11
3969000,18.07,17.1,10.94,23.29,11.13
3970000,17.29,16.89,10.83,23.71,11.47
3971000,16.7,16.93,10.79,22.79,11.32
3972000,16.59,17.01,10.9,22.25,11.29
3973000,16.53,17.07,10.44,21.9,11.66
3974000,16.53,16.8,10.54,21.41,11.94
3975000,16.57,17.11,10.5,21.13,12.24
3976000,16.76,17.54,10.7,21.12,12.16
3977000,16.82,17.16,10.8,21.24,12.43
3978000,17.21,17.62,10.91,20.92,12.35
3979000,17.62,17.19,10.98,20.42,12.32
3980000,17.99,17.92,11.25,20.22,12.32
3981000,18.08,17.6,11.34,20.56,12.48
3982000,18.15,17.82,11.49,20.42,12.32
3983000,17.85,17.73,11.21,20.54,12.38
3984000,17.18,18.04,11.6,20.62,12.74
3985000,17.05,18.33,11.43,20.66,13.12
3986000,17.14,18.54,11.47,20.98,12.66
3987000,16.99,18.75,11.8,21.0,12.62
3988000,17.19,18.82,11.49,20.6,12.48
3989000,17.11,18.86,11.56,20.66,12.64
3990000,16.22,18.93,11.77,20.54,12.88
3991000,15.63,19.47,11.91,20.58,13.12
3992000,15.2,19.2,12.05,20.71,12.71
3993000,15.12,19.35,11.77,20.55,12.75
3994000,14.25,19.26,11.57,20.26,12.96
3995000,13.23,19.12,11.45,20.39,12.98
3996000,12.9,18.43,11.68,20.37,13.33
3997000,11.72,17.91,12.15,20.78,13.07
3998000,11.29,18.12,11.73,20.66,13.2
3999000,10.85,18.37,11.89,20.14,13.22
4000000,10.08,18.2,11.39,20.37,12.81
4001000,9.08,18.68,11.53,19.92,12.98
4002000,9.08,19.09,11.29,20.03,13.24
4003000,9.08,19.14,11.23,19.86,13.07
4004000,8.62,19.12,11.16,19.76,13.44
4005000,8.36,19.59,11.52,19.36,13.13
4006000,7.81,19.61,11.52,19.01,13.18
4007000,7.52,19.8,11.51,19.09,12.48
4008000,6.19,19.76,11.11,19.31,12.36
4009000,5.77,19.44,11.51,18.69,12.18
4010000,5.13,19.45,10.88,18.8,12.23
4011000,4.63,19.67,10.66,18.77,11.3
4012000,4.11,19.73,10.61,19.12,11.46
4013000,3.8,20.0,10.92,19.58,11.23
4014000,3.64,20.38,11.16,19.77,11.41
4015000,3.7,20.47,10.95,19.82,11.6
4016000,3.77,20.84,10.86,19.38,11.84
4017000,4.11,20.81,10.96,19.62,11.77
4018000,4.29,20.91,11.17,19.98,11.79
4019000,4.7,21.23,11.17,20.43,11.3
4020000,4.74,20.62,10.84,20.53,11.48
4021000,5.12,20.38,10.84,20.51,11.38
4022000,5.11,20.17,11.11,20.77,11.27
4023000,5.27,20.16,11.25,20.99,11.16
4024000,5.19,20.02,11.39,20.68,11.33
4025000,5.16,20.24,11.64,21.1,11.63
4026000,5.4,19.72,11.77,20.9,11.75
4027000,5.69,20.11,11.56,21.38,11.53
4028000,5.85,20.6,11.91,21.57,11.53
4029000,6.22,20.44,11.85,21.26,11.61
4030000,6.44,19.64,11.72,21.6,11.74
4031000,6.42,19.5,11.81,21.39,11.92
4032000,6.77,19.35,11.88,21.7,12.16
4033000,6.76,19.52,11.94,21.62,12.16
4034000,6.78,19.32,11.95,21.72,12.22
4035000,7.26,19.51,12.03,21.53,12.6
4036000,7.34,19.84,11.99,21.03,12.71
4037000,7.6,19.94,12.3,21.07,12.51
4038000,7.62,19.49,12.62,21.19,12.26
4039000,7.81,20.03,12.6,21.03,12.23
4040000,7.96,19.9,12.47,20.52,12.61
4041000,8.53,20.08,12.47,20.89,12.51
4042000,8.7,20.29,12.26,20.58,12.43
4043000,9.12,20.1,12.47,19.99,12.49
4044000,9.41,20.28,12.78,19.95,12.44
4045000,9.52,19.74,12.33,20.24,12.21
4046000,9.38,20.09,12.25,20.07,12.11
4047000,9.49,20.57,12.32,20.05,12.17
4048000,9.8,20.57,11.8,20.06,12.05
4049000,9.58,20.49,11.91,20.03,11.98
4050000,9.58,20.44,11.79,20.32,11.92
4051000,9.68,20.14,11.96,20.57,11.94
4052000,9.86,19.07,12.31,20.47,11.82
4053000,10.19,18.86,12.15,19.97,11.66
4054000,10.31,18.99,12.41,20.05,11.66
4055000,10.73,18.42,12.27,20.33,11.93
4056000,11.07,18.46,11.77,20.09,11.77
4057000,11.07,18.63,12.01,20.01,11.85
4058000,11.17,19.13,11.93,19.56,11.97
4059000,11.67,18.75,11.84,19.17,12.26
4060000,11.86,18.1,12.05,19.32,12.38
4061000,11.83,17.43,11.72,19.31,12.25
4062000,11.91,17.8,11.42,19.2,12.25
4063000,11.95,18.04,11.93,19.39,12.05
4064000,11.89,18.04,12.03,19.16,12.11
4065000,12.04,17.53,12.27,19.06,11.85
4066000,12.47,17.84,12.42,19.34,11.67
4067000,12.81,17.48,12.75,19.66,11.74
4068000,12.98,17.71,12.96,18.98,11.32
4069000,12.93,17.81,12.95,19.04,11.04
4070000,13.37,17.63,13.07,18.76,10.94
4071000,13.53,17.47,13.06,18.97,10.96
4072000,13.15,17.57,12.12,19.43,11.24
4073000,13.31,17.72,12.64,19.03,11.41
4074000,13.31,17.2,12.94,18.77,11.47
4075000,13.88,17.5,13.24,19.25,11.37
4076000,13.86,17.6,13.53,18.88,11.78
4077000,14.21,17.76,13.88,19.52,11.64
4078000,14.47,17.7,13.88,19.25,11.64
4079000,14.53,17.86,13.7,19.54,11.87
4080000,14.87,17.65,13.63,19.15,12.1
4081000,14.66,17.42,13.8,19.05,12.08
4082000,14.76,17.1,13.78,19.39,12.19
4083000,14.74,17.11,13.69,19.64,12.21
4084000,14.71,17.28,13.79,19.99,12.37
4085000,15.19,17.93,14.13,20.16,12.34
4086000,15.08,18.02,14.09,19.99,12.51
4087000,15.42,17.83,14.16,19.55,12.5
4088000,15.88,18.08,14.23,20.04,12.36
4089000,16.05,17.71,14.24,19.97,12.58
4090000,16.44,17.61,14.46,19.99,12.78
4091000,16.31,18.1,14.97,20.21,12.39
4092000,16.75,18.46,14.3,20.41,12.17
4093000,16.97,18.19,14.62,20.82,12.24
4094000,17.13,18.42,15.0,20.68,12.18
4095000,17.56,18.67,14.77,20.85,12.05
4096000,17.53,18.68,15.13,20.9,12.42
4097000,17.82,19.2,14.86,21.16,12.35
4098000,17.92,19.69,15.07,21.02,12.19
4099000,17.81,19.95,15.09,21.18,12.6
4100000,17.96,20.13,14.69,20.4,12.16
4101000,17.52,20.36,14.69,20.68,12.25
4102000,17.95,20.55,14.6,20.88,12.53
4103000,17.78,20.33,14.51,21.08,12.71
4104000,17.8,20.46,14.25,21.37,12.69
4105000,18.47,20.16,14.37,21.67,12.66
4106000,18.71,20.19,14.35,21.32,12.71
4107000,18.92,20.72,14.5,21.53,12.92
4108000,18.88,21.05,14.31,21.7,12.64
4109000,18.96,21.28,14.02,22.0,11.99
4110000,19.2,21.3,13.48,22.24,12.39
4111000,18.86,21.42,13.22,22.74,12.09
4112000,19.23,21.65,13.09,22.56,12.4
4113000,19.48,22.0,13.27,22.53,12.21
4114000,18.83,22.43,13.37,22.38,12.32
4115000,19.37,22.95,12.96,22.8,12.51
4116000,19.13,23.68,12.95,23.11,11.82
4117000,19.86,23.66,13.12,23.26,12.15
4118000,19.55,24.03,13.13,23.38,11.8
4119000,19.68,23.75,12.78,22.95,11.82
4120000,20.6,23.87,12.97,23.25,12.17
4121000,20.85,24.0,13.03,23.45,12.05
4122000,21.08,24.15,12.67,23.7,11.73
4123000,21.11,23.97,12.31,23.96,12.07
4124000,20.95,24.45,12.07,23.19,12.1
4125000,21.12,24.86,12.18,23.28,12.09
4126000,21.19,24.85,12.13,22.06,12.09
4127000,20.99,24.4,12.07,22.0,12.07
4128000,20.74,24.56,12.03,21.64,12.42
4129000,20.69,24.19,11.94,21.95,12.46
4130000,20.68,23.58,12.25,22.14,12.45
4131000,20.9,23.8,11.51,22.08,12.69
4132000,20.72,23.44,11.65,21.85,12.68
4133000,20.82,22.76,12.27,21.98,12.43
4134000,20.42,22.96,12.36,22.46,12.58
4135000,20.33,22.58,12.44,22.55,13.22
4136000,20.3,22.26,12.48,22.68,13.02
4137000,20.42,22.25,12.16,22.89,12.95
4138000,19.69,22.28,12.35,22.74,12.91
4139000,18.88,22.49,12.6,22.56,13.24
4140000,18.67,22.06,12.61,22.54,13.57
4141000,18.91,21.59,12.6,22.6,13.85
4142000,18.91,21.81,13.1,22.61,14.14
4143000,19.01,21.58,13.02,22.04,13.99
4144000,18.99,21.06,12.85,22.39,13.79
4145000,19.24,21.14,13.14,21.92,13.69
4146000,19.13,20.59,13.27,21.67,13.87
4147000,19.63,20.54,13.57,21.87,13.8
4148000,19.68,20.64,13.39,22.23,13.81
4149000,19.44,20.92,13.17,22.29,13.77
4150000,19.54,21.2,12.99,22.37,13.88
4151000,19.69,21.02,13.18,22.3,14.15
4152000,19.11,20.82,13.3,22.3,14.34
4153000,19.2,20.39,13.59,22.16,14.74
4154000,18.68,20.33,13.22,22.3,14.59
4155000,18.76,20.09,13.47,21.93,14.59
4156000,19.0,20.43,13.54,21.75,14.64
4157000,19.1,20.76,13.4,22.18,14.58
4158000,19.16,20.35,13.31,22.18,14.9
4159000,19.06,20.4,13.43,22.36,15.4
4160000,19.18,19.45,13.57,22.21,14.88
4161000,18.4,18.51,13.6,21.52,15.1
4162000,18.53,18.03,13.82,22.0,14.88
4163000,17.47,17.89,13.79,21.66,14.92
4164000,17.27,17.57,13.58,22.09,14.86
4165000,17.32,17.56,13.77,21.82,14.68
4166000,17.08,17.42,13.62,21.99,14.72
4167000,16.77,17.47,13.41,21.78,14.31
4168000,16.85,17.63,13.48,21.99,14.15
4169000,17.06,17.64,13.8,22.21,13.8
4170000,17.12,17.98,13.25,21.82,13.6
4171000,17.37,17.74,12.8,21.33,14.24
4172000,16.95,18.2,13.05,21.42,14.13
4173000,16.72,18.72,12.78,21.29,14.52
4174000,17.06,18.72,13.02,21.49,14.32
4175000,17.06,18.96,12.8,21.42,14.58
4176000,17.2,19.09,12.68,21.59,14.68
4177000,17.21,18.96,12.65,21.42,14.47
4178000,17.17,19.18,12.54,21.78,14.06
4179000,17.41,19.93,12.78,22.14,13.31
4180000,17.62,19.74,12.92,22.16,13.19
4181000,17.68,20.46,12.61,21.95,13.21
4182000,18.18,20.1,12.43,21.42,12.97
4183000,18.44,20.06,12.34,21.19,13.28
4184000,18.35,20.42,12.7,21.15,13.43
4185000,17.92,20.53,13.1,21.37,13.52
4186000,16.96,20.86,12.95,20.95,13.8
4187000,16.98,21.12,12.96,21.26,13.87
4188000,17.43,20.81,13.03,21.45,13.96
4189000,16.72,20.83,13.1,21.61,13.79
4190000,16.83,21.08,13.44,21.43,13.45
4191000,17.24,21.38,13.19,21.1,13.67
4192000,17.05,21.42,13.45,21.1,13.77
4193000,16.28,21.38,13.87,21.4,13.44
4194000,15.56,21.8,13.22,21.51,13.58
4195000,15.91,22.0,13.68,21.79,13.27
4196000,15.9,22.29,13.96,21.74,13.52
4197000,16.1,21.62,13.97,22.06,13.82
4198000,15.68,20.7,13.94,21.98,13.7
4199000,15.83,21.1,14.16,22.07,13.94
4200000,15.64,21.05,14.09,21.99,13.98
4201000,15.95,20.4,14.14,21.81,14.06
4202000,16.14,19.58,14.36,21.7,14.19
4203000,15.9,19.16,14.47,22.01,14.48
4204000,16.24,18.97,14.38,22.14,14.81
4205000,16.55,19.28,14.68,22.16,14.75
4206000,16.7,19.74,14.64,22.18,14.93
4207000,16.47,20.1,14.81,22.29,15.22
4208000,16.7,20.55,14.99,21.93,15.48
4209000,17.73,20.83,15.06,21.95,15.61
4210000,17.95,20.92,15.22,21.84,15.87
4211000,17.81,21.27,15.44,21.82,15.66
4212000,17.79,21.41,15.59,22.14,15.55
4213000,17.81,21.18,15.8,22.38,15.49
4214000,17.76,21.02,16.28,22.7,15.05
4215000,17.19,21.05,16.05,22.73,14.84
4216000,17.44,20.7,16.18,22.31,15.01
4217000,17.47,20.59,15.91,22.53,15.35
4218000,17.23,20.59,16.05,22.26,15.4
4219000,17.52,20.49,15.72,22.47,15.79
4220000,17.31,20.3,16.15,22.87,16.06
4221000,17.37,19.67,16.23,22.28,16.03
4222000,17.61,19.47,16.3,22.34,16.18
4223000,17.64,19.42,16.53,22.74,16.31
4224000,17.69,19.21,16.6,22.58,16.25
4225000,17.23,19.2,16.83,22.81,16.18
4226000,17.08,19.06,17.39,23.05,15.75
4227000,17.59,18.88,16.81,23.15,15.69
4228000,17.81,19.2,16.75,22.69,15.45
4229000,17.92,19.29,16.3,23.19,15.67
4230000,18.08,19.17,16.6,23.47,15.66
4231000,18.34,19.03,16.75,24.06,15.33
4232000,17.93,18.72,16.67,23.79,15.3
4233000,18.09,18.87,16.17,23.77,15.31
4234000,17.92,19.24,16.05,23.49,15.35
4235000,17.79,18.55,16.41,23.85,15.45
4236000,17.77,18.98,16.42,24.46,15.98
4237000,18.1,18.67,16.55,23.83,15.91
4238000,18.41,18.83,16.63,23.85,15.66
4239000,18.69,19.23,16.91,23.19,15.37
4240000,19.58,18.95,16.91,23.06,15.71
4241000,19.56,18.69,17.04,22.8,15.59
4242000,19.52,19.04,16.55,22.75,15.46
4243000,19.52,18.92,16.85,22.27,15.39
4244000,19.35,19.1,16.99,22.32,15.51
4245000,19.09,19.32,16.88,22.3,15.45
4246000,18.57,19.5,16.71,22.23,15.27
4247000,18.26,19.83,16.53,22.54,14.88
4248000,18.0,19.89,16.32,22.6,14.58
4249000,17.43,20.16,16.29,22.51,14.49
4250000,17.3,20.35,16.57,22.64,14.84
4251000,17.26,20.01,16.62,22.54,14.37
4252000,17.36,20.36,17.05,22.87,14.28
4253000,15.99,19.79,16.97,22.93,14.27
4254000,16.08,19.28,16.46,23.46,13.56
4255000,15.3,19.63,16.67,23.33,13.63
4256000,15.44,19.38,16.41,23.69,13.28
4257000,15.76,19.41,16.56,23.57,13.58
4258000,16.16,19.38,16.22,24.11,13.74
4259000,16.44,19.25,16.67,23.75,13.33
4260000,15.71,19.61,16.62,23.96,13.45
4261000,15.53,19.07,16.44,24.31,13.38
4262000,15.35,19.39,16.45,24.76,13.7
4263000,15.27,19.16,16.53,24.44,13.97
4264000,14.66,19.08,16.7,24.47,14.16
4265000,14.56,19.52,16.54,24.34,14.25
4266000,14.7,20.15,16.24,24.55,14.6
4267000,14.74,20.42,15.98,24.44,14.12
4268000,15.12,20.79,16.17,24.22,14.46
4269000,15.27,20.85,16.1,24.49,14.57
4270000,15.46,20.53,16.39,24.0,14.8
4271000,15.17,20.17,16.64,24.16,15.02
4272000,14.99,20.88,16.7,23.45,15.08
4273000,15.33,21.01,16.64,23.73,15.25
4274000,15.29,21.11,16.43,23.97,14.91
4275000,15.58,21.4,17.08,24.55,14.87
4276000,15.58,21.46,17.37,23.98,14.88
4277000,15.62,21.85,17.43,23.48,15.25
4278000,15.19,21.55,16.87,23.8,14.9
4279000,14.73,21.39,16.4,24.15,15.12
4280000,14.6,21.35,16.38,23.99,14.94
4281000,13.97,21.26,15.91,24.19,14.44
4282000,14.04,21.52,16.05,24.13,14.67
4283000,14.32,22.14,16.19,24.15,15.04
4284000,14.85,21.69,15.99,24.63,14.74
4285000,15.08,21.34,16.21,24.66,14.6
4286000,15.08,21.21,16.07,24.88,14.72
4287000,15.3,21.43,16.06,25.24,14.71
4288000,15.5,22.03,16.04,24.88,14.81
4289000,15.81,22.53,15.87,24.41,14.85
4290000,16.22,22.72,15.97,24.21,14.8
4291000,16.71,22.77,15.88,24.54,14.77
4292000,16.56,22.12,16.21,24.67,14.69
4293000,16.58,22.47,16.08,24.8,15.1
4294000,16.05,22.51,16.11,24.97,14.83
4295000,16.15,22.28,16.38,25.3,14.98
4296000,16.09,22.59,16.7,25.1,14.89
4297000,16.29,22.75,16.42,25.64,15.25
4298000,16.42,22.65,16.55,25.79,15.55
4299000,16.19,22.74,16.47,25.75,15.69
4300000,15.74,23.14,17.02,26.24,15.71
4301000,15.75,23.13,17.27,26.01,15.28
4302000,15.8,23.11,17.01,26.23,15.36
4303000,16.31,23.59,17.24,26.24,15.63
4304000,16.65,23.25,16.95,25.88,15.24
4305000,16.63,23.76,16.51,25.63,15.4
4306000,16.68,23.48,16.53,25.38,15.92
4307000,17.32,23.59,16.74,25.13,15.83
4308000,17.69,23.51,16.4,24.87,15.66
4309000,17.83,23.01,16.49,24.41,15.52
4310000,17.78,22.9,17.02,23.8,15.43
4311000,17.6,23.32,16.97,24.06,15.42
4312000,17.61,23.66,16.61,24.28,15.38
4313000,16.39,23.43,16.56,24.07,15.24
4314000,16.33,23.41,16.46,24.2,15.62
4315000,16.08,22.42,16.3,23.91,15.19
4316000,15.81,21.71,16.59,24.53,15.36
4317000,15.87,21.35,17.1,24.58,15.59
4318000,15.96,21.39,17.06,24.91,16.08
4319000,15.85,21.72,16.81,24.91,15.81
4320000,16.15,21.11,17.09,24.69,16.19
4321000,16.44,21.09,17.38,24.54,16.1
4322000,16.43,20.77,17.6,24.96,16.33
4323000,16.32,20.35,17.1,25.26,16.44
4324000,16.39,20.45,17.04,25.58,16.52
4325000,16.58,20.67,16.67,26.03,16.85
4326000,16.08,21.16,16.94,26.11,17.04
4327000,16.0,20.74,17.04,26.5,17.09
4328000,15.8,20.62,17.02,26.35,17.24
4329000,15.72,19.86,17.4,25.64,17.24
4330000,15.84,19.76,17.24,25.73,17.08
4331000,15.38,19.05,17.49,26.03,17.24
4332000,15.2,18.9,17.69,25.89,17.29
4333000,15.48,19.19,17.64,25.32,17.52
4334000,15.71,18.88,18.04,25.12,17.61
4335000,16.1,18.9,17.8,24.68,17.89
4336000,16.15,19.03,17.85,24.44,17.65
4337000,16.42,19.4,17.86,24.41,17.46
4338000,16.48,19.7,17.33,24.34,17.64
4339000,16.97,19.1,17.45,24.37,17.65
4340000,17.15,18.54,17.31,24.59,17.77
4341000,17.33,18.64,16.91,24.98,17.87
4342000,17.43,17.74,17.32,25.29,17.64
4343000,17.64,18.18,17.6,25.36,17.79
4344000,18.02,18.03,17.42,25.12,17.7
4345000,18.07,18.57,17.72,25.49,17.74
4346000,18.5,18.25,17.94,25.72,17.12
4347000,18.52,17.45,18.24,24.92,17.36
4348000,18.92,17.63,18.56,25.34,17.62
4349000,18.83,17.86,18.76,25.18,17.27
4350000,18.27,17.73,19.17,25.5,17.15
4351000,18.61,17.8,19.26,25.56,16.84
4352000,17.42,18.22,19.26,26.18,16.85
4353000,17.21,18.14,19.2,26.21,16.79
4354000,17.26,18.2,19.34,26.17,16.7
4355000,17.33,18.34,19.41,26.32,16.63
4356000,17.04,18.02,19.71,26.11,17.02
4357000,17.17,18.05,20.04,26.18,17.18
4358000,17.32,18.64,19.95,25.99,17.53
4359000,17.55,18.9,19.92,26.18,17.53
4360000,17.54,19.3,20.18,26.03,16.93
4361000,17.61,19.67,20.68,25.96,16.3
4362000,17.22,19.82,20.41,26.38,16.23
4363000,17.69,19.99,19.71,26.67,16.5
4364000,17.19,19.72,19.93,26.44,16.13
4365000,17.53,19.98,20.09,26.26,15.66
4366000,17.75,20.46,20.45,26.5,15.88
4367000,17.81,20.41,20.08,25.91,15.98
4368000,17.77,20.12,20.28,25.56,16.25
4369000,17.75,20.27,20.51,25.6,15.94
4370000,17.17,20.07,20.46,25.21,16.13
4371000,17.22,19.44,21.06,25.13,16.4
4372000,17.47,19.42,20.86,25.09,16.28
4373000,17.36,19.75,21.23,25.29,16.37
4374000,17.08,19.75,21.48,25.17,16.2
4375000,17.27,20.21,21.14,24.95,16.23
4376000,17.51,20.17,20.83,24.76,16.31
4377000,17.06,20.54,20.74,24.71,16.34
4378000,16.98,20.9,20.87,23.97,15.69
4379000,17.18,21.04,20.39,24.07,15.94
4380000,16.99,20.45,20.47,23.94,15.42
4381000,16.29,20.32,20.23,23.82,14.75
4382000,15.83,20.03,20.63,24.31,15.24
4383000,15.57,20.43,20.48,24.51,15.07
4384000,15.44,20.4,20.25,24.56,15.2
4385000,15.17,20.59,20.58,24.64,15.32
4386000,15.57,20.36,20.56,24.67,15.41
4387000,15.31,20.64,20.76,24.53,15.84
4388000,15.19,20.52,20.81,25.05,15.87
4389000,14.64,20.14,20.45,25.25,15.91
4390000,14.2,20.91,20.24,25.08,15.98
4391000,14.04,21.06,19.93,25.21,15.97
4392000,14.31,20.27,19.43,24.83,16.14
4393000,14.45,20.55,20.07,24.87,16.36
4394000,14.73,20.84,20.07,25.08,15.83
4395000,14.78,21.35,20.26,24.71,15.75
4396000,14.53,21.4,20.1,24.49,16.25
4397000,14.53,21.71,19.95,24.25,16.35
4398000,14.81,21.92,20.06,24.48,15.22
4399000,15.14,21.73,19.91,24.04,15.07
4400000,15.36,21.48,20.22,23.94,15.26
4401000,15.29,21.56,20.11,24.22,15.59
4402000,15.7,21.69,20.17,24.42,16.02
4403000,15.79,22.21,20.12,23.78,16.4
4404000,15.15,22.19,19.64,23.6,16.25
4405000,15.17,22.01,19.85,23.43,16.67
4406000,15.05,22.07,18.95,23.26,16.22
4407000,14.45,21.81,19.31,22.83,16.45
4408000,14.32,20.82,18.93,23.15,16.9
4409000,14.26,20.88,18.83,23.1,16.38
4410000,14.4,21.05,19.0,23.16,16.14
4411000,14.93,21.2,18.64,23.52,16.81
4412000,14.58,21.0,18.61,23.57,15.96
4413000,14.21,20.56,18.72,23.34,16.3
4414000,14.04,20.78,18.7,23.65,16.39
4415000,13.82,21.07,18.45,23.57,16.65
4416000,13.78,21.19,18.67,23.66,16.63
4417000,13.18,21.62,18.36,23.57,16.55
4418000,13.49,21.47,18.48,23.47,16.55
4419000,14.07,21.59,18.53,23.93,16.77
4420000,13.98,21.94,18.32,23.91,17.28
4421000,14.46,22.31,18.97,24.07,17.55
4422000,14.49,22.45,19.5,24.18,17.72
4423000,14.78,22.83,19.43,24.8,17.78
4424000,14.65,22.42,19.38,24.74,18.16
4425000,14.3,22.14,19.42,25.17,18.38
4426000,14.06,22.2,19.18,25.33,18.26
4427000,13.95,22.18,19.31,25.23,18.45
4428000,14.45,22.47,19.47,24.89,18.22
4429000,14.7,22.99,19.26,25.2,18.35
4430000,14.44,23.0,19.41,25.21,17.84
4431000,14.46,23.28,19.66,24.93,18.23
4432000,14.43,23.38,19.86,24.95,17.74
4433000,14.44,22.6,20.17,24.53,18.1
4434000,14.29,22.8,20.06,24.79,17.86
4435000,14.81,22.46,20.23,24.95,18.08
4436000,15.02,22.32,19.97,24.39,17.98
4437000,14.9,22.54,20.05,24.46,18.31
4438000,15.08,22.83,20.33,23.84,18.39
4439000,14.92,23.06,20.35,23.89,18.55
4440000,14.46,22.76,20.86,24.14,17.98
4441000,14.29,22.58,19.76,23.94,17.82
4442000,14.34,23.07,20.1,24.41,18.06
4443000,14.11,23.02,20.08,24.82,18.29
4444000,14.16,22.29,20.01,25.08,18.14
4445000,13.95,20.91,20.17,25.03,17.03
4446000,14.05,21.11,20.13,25.57,16.97
4447000,14.09,20.92,20.56,25.43,16.99
4448000,13.96,21.41,20.6,25.06,17.0
4449000,13.63,21.17,20.81,25.3,16.92
4450000,13.82,20.42,21.02,25.54,17.24
4451000,13.71,19.86,21.04,25.12,17.4
4452000,13.9,19.48,20.98,25.35,17.54
4453000,14.03,19.69,21.21,25.46,17.42
4454000,13.86,19.92,21.67,25.24,17.52
4455000,14.16,19.68,21.52,24.94,17.6
4456000,13.7,19.51,22.15,25.24,17.49
4457000,13.79,19.38,22.56,24.77,16.99
4458000,13.84,19.87,22.69,24.41,17.2
4459000,13.01,20.36,22.31,23.8,17.1
4460000,13.28,20.21,22.63,23.88,16.8
4461000,13.4,20.02,23.37,23.43,16.54
4462000,13.58,20.11,23.32,23.54,16.47
4463000,13.68,20.08,23.45,23.71,16.57
4464000,14.13,20.21,23.24,24.01,16.25
4465000,13.94,19.66,23.56,23.99,16.23
4466000,13.84,19.29,23.37,24.0,16.52
4467000,13.76,18.49,23.22,23.82,16.03
4468000,13.81,18.53,23.21,24.33,16.44
4469000,13.66,18.97,23.77,24.09,16.45
4470000,13.71,18.79,23.54,23.73,16.66
4471000,13.62,18.8,23.56,23.95,16.23
4472000,13.34,18.16,23.62,23.99,16.51
4473000,12.53,18.34,23.52,23.54,16.94
4474000,12.04,18.77,23.97,22.64,16.58
4475000,11.88,18.98,23.34,22.73,16.2
4476000,11.47,18.92,23.47,23.07,16.45
4477000,11.65,19.27,23.75,23.21,16.47
4478000,11.4,19.74,23.61,23.41,16.49
4479000,11.52,19.64,23.96,23.03,16.46
4480000,11.45,20.07,23.56,23.08,16.79
4481000,11.78,20.3,23.03,22.95,16.61
4482000,11.49,20.46,23.27,22.97,16.7
4483000,11.58,21.04,23.12,23.4,16.65
4484000,11.43,20.94,23.17,23.11,16.62
4485000,11.49,20.5,22.71,23.4,16.33
4486000,11.7,20.54,22.21,23.63,16.46
4487000,10.96,20.37,22.3,23.91,16.77
4488000,10.83,20.6,22.39,23.63,17.06
4489000,10.48,20.42,22.78,24.03,17.29
4490000,10.53,20.71,22.48,24.36,17.55
4491000,10.47,21.18,22.59,24.28,17.57
4492000,10.09,21.18,22.32,24.11,17.82
4493000,9.74,21.46,22.62,24.21,17.62
4494000,9.22,21.74,22.27,24.15,17.49
4495000,9.06,22.21,22.5,23.32,17.36
4496000,9.28,21.81,22.63,23.16,17.3
4497000,9.31,22.11,22.43,22.98,17.41
4498000,9.22,22.56,22.63,23.47,17.48
4499000,9.3,22.7,22.51,23.59,17.34
4500000,8.65,23.11,22.25,23.93,17.37
4501000,8.88,23.59,22.13,23.66,17.33
4502000,9.11,23.0,21.82,23.75,17.25
4503000,8.98,22.76,21.71,23.9,17.76
4504000,9.13,22.87,21.0,23.75,17.47
4505000,8.85,23.21,20.57,24.36,17.65
4506000,8.96,23.59,20.54,24.5,17.53
4507000,9.05,23.13,19.88,24.95,17.79
4508000,9.04,21.87,19.65,25.17,17.52
4509000,8.97,22.2,20.0,25.16,17.27
4510000,8.7,22.4,19.96,25.03,17.73
4511000,8.52,22.41,19.16,25.74,17.36
4512000,8.19,22.2,18.95,25.71,17.39
4513000,8.11,22.39,18.83,25.89,17.5
4514000,8.09,22.3,18.85,26.22,17.51
4515000,8.3,22.08,19.06,26.32,17.51
4516000,8.39,22.3,18.55,26.68,17.66
4517000,8.51,21.49,18.79,27.29,17.82
4518000,8.54,21.12,18.62,27.24,17.93
4519000,8.54,21.25,18.65,27.68,17.64
4520000,8.47,20.95,18.65,27.98,17.27
4521000,8.48,20.77,18.79,27.77,17.37
4522000,8.43,21.3,18.82,27.67,17.36
4523000,8.66,21.2,18.63,28.09,17.26
4524000,8.72,21.29,18.82,27.93,17.25
4525000,8.91,20.93,19.32,27.67,17.49
4526000,8.61,20.57,19.57,27.43,17.57
4527000,8.46,21.1,18.94,27.8,17.67
4528000,8.64,20.67,19.0,27.69,18.11
4529000,8.51,20.76,18.99,27.68,18.42
4530000,8.59,20.47,19.02,28.11,18.47
4531000,8.54,20.29,19.42,27.85,18.12
4532000,8.57,20.47,19.7,27.6,17.86
4533000,8.66,20.6,19.85,27.05,18.1
4534000,8.91,20.59,19.88,26.89,17.35
4535000,8.73,20.14,20.02,27.06,17.61
4536000,8.61,20.33,20.26,27.59,17.4
4537000,8.56,20.3,20.06,27.16,17.83
4538000,8.71,20.0,19.66,27.27,17.39
4539000,8.8,20.28,19.85,27.84,17.23
4540000,8.75,20.01,19.91,27.54,17.29
4541000,9.24,20.12,19.94,27.69,17.38
4542000,9.06,19.43,19.98,28.13,17.41
4543000,9.27,19.22,19.77,27.66,17.2
4544000,9.42,19.59,19.85,27.59,17.62
4545000,9.64,20.08,19.85,27.74,17.07
4546000,9.74,19.31,20.24,28.13,17.3
4547000,9.85,19.53,20.77,28.22,17.05
4548000,9.85,20.18,20.79,28.52,16.95
4549000,10.11,20.4,20.54,28.26,16.7
4550000,10.07,20.69,20.98,28.46,17.0
4551000,10.19,20.52,20.85,28.92,16.7
4552000,10.15,21.0,21.28,28.36,16.24
4553000,10.12,20.83,21.48,28.36,16.6
4554000,10.4,20.65,21.72,28.69,16.58
4555000,10.36,20.01,22.13,28.67,16.44
4556000,10.47,20.08,22.01,28.56,16.85
4557000,10.26,20.18,22.31,27.8,16.39
4558000,10.21,20.23,21.79,27.8,16.68
4559000,9.85,20.31,21.69,27.81,16.0
4560000,9.9,20.03,21.8,27.78,16.3
4561000,10.02,20.51,22.56,27.96,16.4
4562000,9.62,20.78,22.93,27.25,16.5
4563000,10.06,20.97,22.8,27.3,16.56
4564000,10.21,21.24,22.83,27.09,16.35
4565000,10.37,21.27,23.08,26.94,16.31
4566000,10.22,21.49,23.12,26.63,16.61
4567000,10.18,22.08,23.04,26.34,16.13
4568000,9.98,22.61,23.26,26.31,15.36
4569000,10.58,22.51,22.84,26.56,14.9
4570000,10.58,22.11,23.35,26.62,15.07
4571000,10.73,22.15,23.73,25.69,14.73
4572000,10.6,22.08,23.33,25.54,15.03
4573000,10.69,22.04,22.78,25.83,15.52
4574000,10.82,21.89,23.06,25.68,15.15
4575000,11.13,22.1,23.42,25.91,15.62
4576000,10.91,21.99,23.35,26.0,15.57
4577000,10.87,21.88,23.2,26.03,15.64
4578000,10.4,21.68,23.28,25.73,15.71
4579000,10.43,21.53,23.61,25.88,16.01
4580000,10.31,21.55,23.77,26.0,16.43
4581000,10.24,21.29,24.19,26.15,16.02
4582000,10.27,20.9,24.54,26.38,15.74
4583000,10.46,21.08,24.93,26.38,16.03
4584000,10.52,21.29,24.76,26.15,15.91
4585000,10.1,21.39,24.49,26.17,16.14
4586000,10.38,21.68,24.67,25.98,16.19
4587000,10.44,21.94,24.0,26.16,16.28
4588000,10.65,21.88,23.2,26.29,15.94
4589000,10.79,21.41,23.63,26.65,15.87
4590000,10.85,21.78,23.62,26.68,15.91
4591000,10.81,21.11,23.55,26.51,16.19
4592000,11.32,21.19,23.82,26.12,16.35
4593000,11.28,21.19,23.33,26.35,16.24
4594000,11.51,21.19,23.77,25.84,16.08
4595000,11.45,21.57,23.69,25.34,16.4
4596000,11.56,21.03,23.28,25.09,16.5
4597000,11.84,20.68,23.26,25.47,16.42
4598000,12.07,20.17,23.01,24.94,16.9
4599000,11.65,20.03,22.96,24.36,16.84
4600000,11.74,20.49,22.95,23.55,16.73
4601000,12.06,21.14,22.71,23.28,16.81
4602000,12.1,21.32,22.68,22.74,16.95
4603000,12.46,21.79,21.76,22.79,16.97
4604000,12.66,21.59,20.93,22.52,16.5
4605000,13.18,21.72,21.09,21.98,17.06
4606000,12.83,21.36,21.52,22.18,17.2
4607000,12.76,21.72,21.86,22.35,17.45
4608000,13.17,21.88,20.84,22.43,17.7
4609000,13.16,22.42,20.58,23.15,17.44
4610000,13.4,22.52,20.82,22.59,17.59
4611000,13.68,22.96,20.94,23.02,17.98
4612000,13.67,22.33,20.66,23.07,18.16
4613000,13.13,22.16,20.54,23.1,18.14
4614000,13.3,22.66,20.69,23.4,18.61
4615000,13.36,21.44,21.28,23.65,18.88
4616000,13.55,21.76,21.3,23.18,19.09
4617000,13.65,21.96,21.49,23.44,19.28
4618000,13.83,21.4,21.07,23.83,18.92
4619000,13.89,21.59,20.88,23.34,19.21
4620000,13.78,21.65,20.78,23.88,19.11
4621000,13.6,21.51,21.52,24.02,19.08
4622000,13.8,22.09,21.24,24.19,19.2
4623000,13.55,21.44,20.91,24.04,18.76
4624000,13.85,22.07,21.18,24.39,18.85
4625000,14.03,22.11,20.58,24.69,19.31
4626000,14.14,22.11,20.35,24.86,19.56
4627000,14.05,21.69,19.77,25.35,19.26
4628000,13.9,22.14,19.94,25.25,19.62
4629000,13.86,22.62,20.03,24.69,20.13
4630000,14.22,23.07,19.49,24.9,19.77
4631000,14.26,23.07,19.73,25.61,20.09
4632000,14.51,23.47,19.39,25.24,19.47
4633000,14.26,22.71,20.03,25.61,19.41
4634000,14.67,22.57,20.22,25.37,19.71
4635000,14.79,21.77,20.08,25.22,19.81
4636000,14.88,21.75,20.0,25.16,20.22
4637000,15.14,22.13,19.88,25.12,20.57
4638000,15.54,22.27,20.35,24.73,20.64
4639000,15.41,22.11,20.41,24.49,20.48
4640000,15.54,21.79,20.81,24.99,20.6
4641000,15.8,20.4,20.43,25.15,20.82
4642000,15.58,20.1,20.56,25.43,20.2
4643000,15.87,20.28,20.11,24.94,20.62
4644000,16.06,20.63,20.21,24.95,20.72
4645000,15.88,20.9,20.04,24.8,20.58
4646000,15.95,20.47,20.25,25.31,20.08
4647000,15.79,20.08,20.27,24.85,20.13
4648000,15.43,20.22,20.19,24.83,20.0
4649000,15.72,20.44,20.81,25.01,19.94
4650000,15.79,20.55,21.06,25.43,20.01
4651000,16.07,20.71,21.34,24.71,20.44
4652000,15.98,20.61,21.44,24.68,19.97
4653000,15.73,20.88,21.52,24.99,19.84
4654000,15.83,20.59,21.76,24.85,19.77
4655000,15.74,20.59,21.56,25.22,19.89
4656000,15.57,20.44,21.33,24.65,19.59
4657000,15.82,20.11,21.7,25.1,19.33
4658000,15.94,20.07,22.17,25.24,19.17
4659000,15.49,20.45,22.31,25.3,19.12
4660000,15.81,21.02,22.05,25.09,18.32
4661000,16.48,20.58,22.06,25.51,18.35
4662000,16.05,20.42,22.32,25.51,18.09
4663000,16.18,20.58,22.49,25.52,17.94
4664000,16.53,21.16,22.09,25.51,18.18
4665000,16.06,21.15,22.09,25.6,18.05
4666000,16.12,20.98,21.65,25.88,18.04
4667000,16.3,21.47,22.05,26.0,17.79
4668000,16.13,21.44,22.19,25.88,18.08
4669000,16.16,21.7,22.56,26.23,17.79
4670000,16.37,21.38,22.66,26.16,17.75
4671000,16.51,21.35,23.14,26.31,17.79
4672000,16.84,20.79,22.85,26.5,17.68
4673000,16.72,21.5,22.99,26.41,18.05
4674000,16.54,21.21,23.36,26.66,17.98
4675000,16.26,21.6,22.7,26.79,18.07
4676000,16.59,22.14,23.1,26.51,18.19
4677000,16.39,21.18,23.21,26.12,18.12
4678000,16.11,21.03,23.44,25.86,18.01
4679000,16.18,20.64,23.58,25.54,17.69
4680000,15.75,20.72,23.63,25.51,17.52
4681000,15.53,20.76,23.72,25.19,17.47
4682000,15.22,20.86,23.54,24.9,17.34
4683000,15.69,21.31,23.92,24.84,17.7
4684000,15.44,21.18,23.84,23.94,18.06
4685000,15.22,21.44,24.14,23.71,18.23
4686000,15.24,21.53,24.45,23.84,18.51
4687000,15.34,21.61,24.1,23.56,18.52
4688000,15.54,22.01,24.17,23.82,18.1
4689000,15.19,22.23,24.41,23.49,18.04
4690000,15.08,22.61,24.34,23.71,18.18
4691000,15.01,23.31,24.47,23.98,18.31
4692000,14.99,23.6,24.36,23.64,18.44
4693000,15.25,23.8,23.97,23.58,18.78
4694000,15.18,23.5,24.01,23.28,19.2
4695000,15.17,23.94,23.62,23.13,19.24
4696000,15.71,24.04,23.41,23.6,19.25
4697000,15.8,24.28,23.78,23.1,19.21
4698000,15.48,24.3,23.54,22.84,18.73
4699000,15.83,24.57,23.99,22.34,19.19
4700000,16.28,23.89,23.6,22.29,19.03
4701000,15.75,24.02,23.27,22.62,18.47
4702000,15.91,23.92,23.36,22.79,18.58
4703000,16.25,24.47,23.33,23.19,18.54
4704000,16.37,24.69,23.43,23.39,18.71
4705000,16.5,24.73,23.79,23.3,18.84
4706000,16.68,24.52,23.94,23.7,18.89
4707000,16.1,24.37,24.34,23.81,19.4
4708000,15.67,24.17,24.73,23.51,19.13
4709000,16.0,24.31,24.74,23.78,19.33
4710000,16.39,24.48,24.82,23.84,19.2
4711000,16.39,24.58,25.36,23.76,19.49
4712000,16.52,24.43,25.57,23.62,19.25
4713000,15.85,24.56,25.47,23.86,19.31
4714000,16.2,24.88,25.51,23.48,19.43
4715000,16.27,25.32,25.93,23.1,19.56
4716000,16.37,25.35,25.78,23.36,19.62
4717000,16.58,25.13,25.85,23.19,19.57
4718000,16.47,25.06,25.82,23.03,19.86
4719000,16.58,24.08,26.01,23.2,20.18
4720000,17.19,23.96,26.06,22.35,20.08
4721000,17.24,24.23,25.65,21.52,19.91
4722000,17.39,24.15,25.24,20.79,20.25
4723000,17.43,24.21,25.27,20.9,20.38
4724000,17.72,23.62,25.2,21.08,20.8
4725000,17.61,24.01,25.6,21.13,20.79
4726000,17.96,23.76,25.74,20.74,21.13
4727000,17.46,23.63,25.48,20.96,21.34
4728000,17.71,23.82,25.48,21.06,21.6
4729000,17.88,23.79,25.15,21.3,21.54
4730000,17.77,24.11,25.38,21.32,21.71
4731000,17.24,24.09,24.9,21.56,21.89
4732000,17.21,24.39,25.11,21.99,22.32
4733000,17.33,24.33,25.43,22.38,22.25
4734000,17.46,24.33,24.49,22.24,22.62
4735000,17.64,23.54,24.32,22.41,22.47
4736000,17.74,23.8,24.65,22.45,22.48
4737000,17.79,23.41,24.52,22.13,22.66
4738000,18.19,23.08,24.43,21.98,23.13
4739000,18.31,24.2,24.38,22.1,22.56
4740000,17.4,24.24,24.54,22.01,22.81
4741000,17.74,23.92,24.31,21.85,23.1
4742000,18.18,24.31,24.56,21.98,22.99
4743000,18.23,24.1,24.6,22.02,22.37
4744000,18.45,23.6,25.16,22.09,22.65
4745000,18.22,23.94,25.29,22.37,22.57
4746000,18.43,24.38,24.87,22.08,21.82
4747000,18.64,23.53,24.78,22.35,22.13
4748000,18.36,23.41,25.29,22.36,21.99
4749000,18.59,23.48,25.38,22.54,22.4
4750000,18.69,23.93,25.79,22.9,22.18
4751000,18.49,23.38,26.18,22.8,22.6
4752000,18.91,23.88,26.25,22.9,22.37
4753000,19.34,23.92,26.41,22.85,22.66
4754000,19.7,24.15,25.96,23.04,22.94
4755000,19.96,23.58,26.07,23.43,23.04
4756000,20.3,23.6,26.5,23.02,23.04
4757000,20.19,23.67,26.34,23.8,23.11
4758000,20.32,23.61,26.21,23.45,22.65
4759000,20.09,24.08,26.19,23.63,22.99
4760000,19.81,24.26,26.39,23.74,22.96
4761000,20.3,24.24,26.4,23.58,22.71
4762000,19.92,24.28,25.68,23.97,23.1
4763000,20.23,24.11,25.88,24.08,22.63
4764000,20.09,24.32,26.37,24.4,22.36
4765000,20.7,23.86,26.2,24.03,22.51
4766000,20.78,23.18,25.77,24.26,22.15
4767000,20.89,22.66,26.07,24.47,22.2
4768000,20.97,22.93,25.49,24.23,21.76
4769000,20.32,22.73,25.63,24.47,21.56
4770000,20.72,22.49,25.8,24.57,21.67
4771000,20.62,22.5,26.07,24.69,21.08
4772000,20.94,22.58,25.89,24.86,20.83
4773000,21.13,22.61,25.56,24.61,20.98
4774000,21.21,22.65,26.04,24.4,21.17
4775000,21.27,22.79,26.11,24.75,20.51
4776000,21.2,22.91,26.49,25.21,20.73
4777000,21.52,23.22,26.42,25.3,20.22
4778000,21.66,22.6,26.85,25.19,19.82
4779000,21.76,22.98,26.86,25.62,20.15
4780000,21.88,23.03,26.57,25.44,19.32
4781000,22.17,21.86,25.95,25.53,18.86
4782000,22.05,21.99,26.01,25.58,19.01
4783000,22.15,22.46,26.5,25.68,18.72
4784000,22.63,22.72,26.31,25.5,18.81
4785000,23.04,23.23,26.09,25.3,18.48
4786000,23.2,23.27,26.52,25.34,18.98
4787000,23.05,23.68,26.65,25.22,18.83
4788000,23.52,23.94,26.51,25.18,19.25
4789000,23.13,24.11,26.36,25.13,19.44
4790000,22.42,24.49,27.01,25.4,19.43
4791000,22.23,24.85,26.88,25.55,19.42
4792000,22.79,25.09,26.83,25.27,19.37
4793000,22.95,23.83,26.67,25.73,19.46
4794000,23.09,24.43,26.64,26.49,19.67
4795000,22.6,23.75,26.7,26.6,19.78
4796000,22.59,23.72,26.68,26.67,19.41
4797000,22.65,24.08,26.25,27.22,19.49
4798000,22.35,24.17,26.01,27.44,19.88
4799000,21.85,23.46,26.42,27.51,19.49
4800000,22.12,23.71,25.88,28.08,19.52
4801000,22.64,23.06,25.54,28.47,19.68
4802000,22.01,22.93,25.6,28.57,19.79
4803000,22.01,22.87,25.19,28.66,19.91
4804000,22.23,22.43,25.52,28.93,19.97
4805000,22.3,22.47,25.55,28.51,19.83
4806000,22.32,22.3,25.4,28.93,19.77
4807000,21.87,22.63,25.19,29.63,19.83
4808000,21.9,22.52,24.71,29.94,19.68
4809000,21.8,23.1,24.96,30.11,20.01
4810000,21.46,23.31,25.08,30.13,20.25
4811000,21.62,23.2,24.87,30.14,20.71
4812000,22.03,23.63,24.98,29.93,20.54
4813000,22.12,23.2,24.82,30.33,20.86
4814000,21.77,22.94,24.13,29.3,20.9
4815000,21.32,23.18,24.55,29.65,20.75
4816000,20.85,22.79,24.54,29.39,21.11
4817000,20.85,23.52,23.83,29.34,21.3
4818000,21.25,23.88,23.39,29.26,21.02
4819000,20.85,23.76,23.26,29.51,21.02
4820000,20.93,23.83,22.79,29.63,20.19
4821000,20.51,23.4,23.31,29.93,20.17
4822000,20.56,23.72,23.1,29.71,19.8
4823000,20.58,23.56,23.15,29.5,19.81
4824000,20.45,23.43,22.46,29.56,19.97
4825000,20.89,22.99,22.89,29.67,20.02
4826000,20.98,23.15,22.75,29.47,20.06
4827000,20.62,22.99,22.79,29.55,20.35
4828000,20.46,23.02,22.86,29.83,20.5
4829000,20.95,23.33,23.04,29.77,20.14
4830000,20.48,22.98,22.78,30.16,20.5
4831000,20.74,22.75,22.04,30.49,20.76
4832000,21.08,23.27,22.07,30.64,20.91
4833000,20.89,23.41,22.07,30.18,20.8
4834000,20.88,23.94,22.03,29.1,20.77
4835000,20.75,21.71,22.23,29.22,20.83
4836000,20.93,21.94,21.64,29.35,20.97
4837000,20.75,21.89,21.66,29.55,21.01
4838000,21.07,22.09,21.06,29.88,20.83
4839000,20.73,21.83,21.02,29.39,21.05
4840000,21.25,21.73,21.06,29.33,21.19
4841000,21.59,21.69,20.86,29.51,21.47
4842000,21.48,21.61,20.3,28.87,21.96
4843000,21.97,21.87,20.22,28.83,21.55
4844000,21.78,21.68,19.99,29.25,21.66
4845000,22.35,21.83,19.92,28.69,21.64
4846000,22.42,22.5,20.04,28.95,21.83
4847000,22.78,22.27,20.4,28.89,22.21
4848000,23.3,21.84,20.29,28.86,21.52
4849000,23.67,21.74,20.0,28.68,21.96
4850000,24.11,21.88,20.09,28.91,22.17
4851000,23.97,22.22,20.4,29.39,21.44
4852000,24.07,22.49,20.7,28.36,21.77
4853000,24.22,22.67,21.0,27.9,21.82
4854000,24.23,22.93,20.72,27.84,22.18
4855000,24.18,22.72,20.13,27.29,22.23
4856000,24.06,23.38,19.74,27.63,22.0
4857000,24.44,23.65,20.01,27.37,22.25
4858000,24.75,23.93,20.22,27.22,22.41
4859000,24.56,23.7,20.11,27.25,22.13
4860000,24.26,23.92,20.34,26.94,22.13
4861000,24.28,23.39,19.76,27.39,21.74
4862000,24.15,22.26,19.83,27.14,21.48
4863000,24.24,22.56,19.84,26.24,21.36
4864000,24.27,22.8,19.98,25.59,21.42
4865000,24.06,22.33,20.47,25.72,20.9
4866000,24.12,22.54,20.5,25.84,20.81
4867000,24.1,22.27,20.4,25.46,21.16
4868000,24.2,21.96,20.29,25.95,21.22
4869000,24.25,22.32,20.33,26.5,21.22
4870000,24.35,22.09,20.23,27.0,21.28
4871000,23.91,22.78,20.45,27.05,21.69
4872000,23.76,22.61,20.23,27.14,21.64
4873000,23.73,22.42,20.48,27.58,22.08
4874000,23.57,22.46,20.81,27.71,22.2
4875000,23.55,22.91,20.73,27.68,22.69
4876000,23.44,22.89,20.35,27.3,22.85
4877000,23.68,23.29,20.53,26.79,23.08
4878000,23.75,23.56,20.41,27.04,23.38
4879000,23.84,23.59,20.68,27.22,23.23
4880000,23.74,23.83,21.17,27.22,23.16
4881000,23.7,24.3,20.91,27.48,23.03
4882000,22.96,24.09,21.02,27.57,23.15
4883000,23.01,24.45,21.19,28.06,22.96
4884000,22.95,24.41,21.35,28.24,22.88
4885000,22.94,24.74,21.08,28.02,22.74
4886000,22.84,24.88,21.66,27.31,22.76
4887000,22.86,24.75,21.79,26.79,22.66
4888000,22.67,25.03,22.1,27.05,22.23
4889000,22.45,25.51,22.52,27.59,22.42
4890000,22.27,25.71,22.8,28.15,22.33
4891000,22.61,25.56,23.53,28.1,22.22
4892000,22.73,25.19,23.3,27.97,22.21
4893000,22.51,24.52,23.4,27.91,22.21
4894000,22.41,24.52,23.91,27.8,22.05
4895000,22.49,24.56,24.32,28.02,21.79
4896000,21.89,24.34,24.68,27.81,22.37
4897000,21.68,24.36,24.72,28.29,22.28
4898000,21.66,24.31,25.66,28.42,22.39
4899000,21.28,23.68,25.47,28.14,21.74
4900000,21.04,23.43,26.0,28.43,21.42
4901000,20.44,24.08,25.96,28.03,21.2
4902000,20.88,23.86,25.58,28.41,21.05
4903000,21.07,23.19,25.47,27.93,21.12
4904000,21.4,22.55,25.73,27.92,20.8
4905000,21.4,22.44,26.15,27.03,21.07
4906000,21.84,22.53,26.47,26.87,21.04
4907000,21.99,22.2,26.81,26.68,20.87
4908000,22.0,21.92,26.57,27.02,21.13
4909000,22.33,21.69,26.89,26.55,21.67
4910000,22.23,21.85,26.78,25.96,21.77
4911000,22.54,21.54,26.45,24.75,21.82
4912000,22.74,21.56,26.68,24.96,22.2
4913000,22.71,21.06,26.48,24.52,22.39
4914000,22.47,21.47,26.62,24.77,22.14
4915000,22.57,21.84,27.1,24.62,22.38
4916000,22.85,22.0,26.4,24.92,22.69
4917000,23.15,21.86,26.47,24.75,22.96
4918000,23.25,22.19,26.68,25.71,22.93
4919000,23.46,21.68,27.12,25.35,23.12
4920000,23.38,21.91,27.02,25.84,23.41
4921000,23.76,21.64,26.4,25.64,23.59
4922000,23.37,21.68,26.82,24.18,23.49
4923000,23.23,21.86,26.48,24.16,23.23
4924000,23.96,21.73,26.67,23.79,23.32
4925000,23.85,21.76,26.79,23.63,23.29
4926000,24.15,22.22,26.7,23.75,23.55
4927000,24.66,21.56,26.76,23.82,23.74
4928000,24.51,20.3,26.83,23.71,23.15
4929000,24.62,19.77,26.22,23.38,22.24
4930000,24.42,19.69,26.22,23.42,22.33
4931000,24.88,19.03,26.33,23.41,22.29
4932000,24.69,19.06,25.9,23.1,22.38
4933000,24.29,19.14,26.17,22.83,22.61
4934000,24.02,18.86,25.91,23.14,22.67
4935000,24.21,18.98,26.33,23.11,22.73
4936000,24.49,18.83,26.56,23.45,22.63
4937000,24.81,18.84,26.24,23.53,22.78
4938000,24.87,19.01,26.1,24.1,22.69
4939000,25.3,18.86,25.84,24.06,22.84
4940000,25.21,19.04,25.78,23.81,22.88
4941000,25.49,18.71,25.96,24.18,23.3
4942000,25.95,18.79,25.71,23.8,22.95
4943000,25.71,19.03,25.51,23.92,22.78
4944000,25.78,19.01,25.47,24.08,22.94
4945000,26.03,17.84,25.16,24.07,22.76
4946000,25.98,18.02,24.39,23.98,21.98
4947000,26.17,18.53,23.84,24.24,21.91
4948000,26.07,18.64,23.95,24.89,22.32
4949000,26.22,18.74,23.94,25.01,22.76
4950000,26.16,17.92,24.17,24.8,23.11
4951000,26.39,17.76,24.14,25.28,23.35
4952000,26.54,17.7,23.86,25.44,23.55
4953000,26.91,17.91,23.97,26.01,23.73
4954000,27.39,17.71,23.76,25.72,23.8
4955000,27.52,17.79,24.12,26.05,23.7
4956000,27.42,17.52,24.36,25.79,23.82
4957000,26.96,17.93,24.54,26.1,24.27
4958000,27.22,17.94,24.83,26.42,24.17
4959000,26.85,16.96,25.03,26.7,24.23
4960000,27.24,16.89,25.49,26.8,23.72
4961000,27.3,16.62,25.13,27.33,24.06
4962000,27.2,16.17,24.88,27.29,23.63
4963000,26.46,15.06,24.95,27.94,23.67
4964000,25.85,14.88,25.06,28.05,22.89
4965000,25.82,14.5,25.24,28.75,22.49
4966000,25.57,14.84,24.63,28.52,22.73
4967000,25.47,15.03,24.86,28.84,22.71
4968000,25.52,15.28,24.58,29.08,22.08
4969000,25.28,15.71,24.72,29.17,21.77
4970000,25.84,16.05,24.79,29.55,21.21
4971000,24.58,16.17,24.65,30.07,21.4
4972000,24.87,15.98,24.21,29.66,21.09
4973000,25.36,15.89,24.46,29.71,20.47
4974000,26.0,15.61,24.94,29.85,20.53
4975000,26.06,15.02,25.01,29.97,20.92
4976000,26.29,15.1,25.28,29.19,20.88
4977000,26.6,15.14,25.63,29.0,21.47
4978000,26.48,15.26,25.48,29.43,21.15
4979000,26.88,15.48,25.49,29.73,20.68
4980000,27.05,15.25,25.52,28.88,21.0
4981000,26.9,15.34,25.95,29.3,20.84
4982000,26.36,15.15,25.16,29.8,20.83
4983000,26.76,15.39,25.53,30.79,20.85
4984000,26.58,15.39,25.85,31.22,20.83
4985000,27.11,15.8,26.31,30.8,20.91
4986000,26.56,16.2,25.6,31.21,21.09
4987000,26.41,16.27,25.96,31.39,21.04
4988000,26.76,16.6,25.75,31.26,20.63
4989000,26.66,16.42,25.79,31.14,20.84
4990000,26.83,16.26,25.34,31.14,20.32
4991000,26.21,16.39,25.44,30.96,20.52
4992000,25.24,16.56,25.97,30.78,20.64
4993000,25.4,16.42,25.92,30.71,20.5
4994000,25.17,16.51,26.14,30.17,20.42
4995000,25.23,16.35,26.33,30.27,20.59
4996000,25.4,16.37,26.34,30.1,19.99
4997000,25.31,16.89,26.11,30.07,19.66
4998000,25.46,16.95,25.75,29.85,19.84
4999000,25.11,16.87,26.25,29.37,19.49
