step,seed1,seed2,seed3,seed4,seed5
1000,0.22727273,0.1724138,0.044444446,0.14705883,0.14285715
2000,0.24444444,0.083333336,0.08,0.114285715,0.094339624
3000,0.23170732,0.05,0.1,0.121212125,0.069767445
4000,0.25,0.06,0.08,0.14,0.07
5000,0.16,0.07,0.12,0.15,0.06
6000,0.09,0.1,0.08,0.15,0.07
7000,0.07,0.09,0.06,0.17,0.06
8000,0.11,0.12,0.07,0.15,0.07
9000,0.11,0.1,0.08,0.14,0.11
10000,0.13,0.11,0.13,0.1,0.11
11000,0.08,0.13,0.12,0.11,0.15
12000,0.13,0.14,0.13,0.14,0.15
13000,0.13,0.14,0.11,0.17,0.15
14000,0.09,0.09,0.12,0.19,0.11
15000,0.05,0.11,0.06,0.21,0.11
16000,0.06,0.11,0.07,0.13,0.1
17000,0.06,0.11,0.08,0.11,0.08
18000,0.06,0.08,0.12,0.14,0.09
19000,0.11,0.13,0.14,0.16,0.15
20000,0.14,0.18,0.13,0.19,0.16
21000,0.1,0.22,0.11,0.13,0.22
22000,0.11,0.2,0.09,0.07,0.22
23000,0.06,0.17,0.12,0.04,0.19
24000,0.07,0.18,0.12,0.06,0.14
25000,0.07,0.13,0.13,0.08,0.08
26000,0.08,0.1,0.17,0.06,0.17
27000,0.06,0.09,0.15,0.06,0.13
28000,0.09,0.08,0.1,0.09,0.17
29000,0.13,0.09,0.15,0.07,0.15
30000,0.17,0.13,0.11,0.13,0.12
31000,0.19,0.15,0.09,0.11,0.16
32000,0.2,0.11,0.06,0.1,0.17
33000,0.13,0.14,0.08,0.08,0.17
34000,0.16,0.12,0.11,0.11,0.14
35000,0.19,0.16,0.13,0.1,0.05
36000,0.14,0.14,0.17,0.09,0.05
37000,0.16,0.08,0.13,0.07,0.07
38000,0.15,0.05,0.11,0.11,0.11
39000,0.13,0.09,0.08,0.12,0.14
40000,0.11,0.1,0.12,0.12,0.16
41000,0.1,0.12,0.09,0.11,0.13
42000,0.09,0.16,0.14,0.14,0.17
43000,0.11,0.21,0.09,0.14,0.19
44000,0.16,0.23,0.08,0.17,0.11
45000,0.17,0.22,0.08,0.17,0.11
46000,0.15,0.16,0.13,0.14,0.05
47000,0.12,0.13,0.15,0.15,0.06
48000,0.12,0.14,0.13,0.16,0.08
49000,0.13,0.11,0.13,0.15,0.12
50000,0.16,0.14,0.16,0.18,0.11
51000,0.14,0.15,0.16,0.16,0.1
52000,0.16,0.16,0.13,0.13,0.13
53000,0.16,0.09,0.06,0.1,0.1
54000,0.13,0.11,0.09,0.14,0.13
55000,0.16,0.09,0.1,0.12,0.2
56000,0.15,0.11,0.16,0.09,0.13
57000,0.19,0.11,0.17,0.09,0.12
58000,0.16,0.11,0.21,0.1,0.09
59000,0.12,0.24,0.16,0.16,0.07
60000,0.14,0.24,0.18,0.17,0.07
61000,0.13,0.26,0.18,0.22,0.08
62000,0.13,0.27,0.13,0.2,0.08
63000,0.16,0.23,0.21,0.15,0.08
64000,0.16,0.18,0.2,0.17,0.07
65000,0.2,0.16,0.17,0.17,0.13
66000,0.18,0.13,0.18,0.15,0.12
67000,0.18,0.11,0.2,0.14,0.18
68000,0.16,0.1,0.08,0.2,0.16
69000,0.13,0.1,0.11,0.15,0.1
70000,0.15,0.15,0.11,0.13,0.15
71000,0.17,0.15,0.12,0.14,0.14
72000,0.19,0.19,0.16,0.17,0.17
73000,0.22,0.19,0.16,0.16,0.2
74000,0.22,0.15,0.11,0.2,0.21
75000,0.2,0.15,0.08,0.19,0.24
76000,0.18,0.16,0.12,0.17,0.19
77000,0.1,0.18,0.11,0.19,0.18
78000,0.13,0.21,0.16,0.16,0.13
79000,0.17,0.19,0.17,0.12,0.12
80000,0.15,0.19,0.22,0.17,0.19
81000,0.16,0.13,0.18,0.17,0.16
82000,0.08,0.11,0.16,0.15,0.18
83000,0.08,0.18,0.16,0.2,0.2
84000,0.09,0.16,0.13,0.16,0.19
85000,0.15,0.18,0.15,0.16,0.18
86000,0.18,0.16,0.12,0.19,0.19
87000,0.22,0.16,0.11,0.14,0.18
88000,0.23,0.17,0.14,0.13,0.19
89000,0.23,0.14,0.11,0.14,0.19
90000,0.22,0.17,0.1,0.16,0.13
91000,0.27,0.18,0.08,0.13,0.21
92000,0.32,0.21,0.1,0.12,0.21
93000,0.32,0.26,0.15,0.1,0.2
94000,0.31,0.26,0.19,0.09,0.22
95000,0.29,0.24,0.21,0.13,0.21
96000,0.25,0.23,0.19,0.12,0.2
97000,0.25,0.21,0.16,0.18,0.25
98000,0.23,0.2,0.11,0.15,0.29
99000,0.24,0.21,0.1,0.17,0.23
100000,0.22,0.23,0.13,0.2,0.22
101000,0.19,0.19,0.19,0.16,0.22
102000,0.17,0.19,0.22,0.16,0.14
103000,0.19,0.16,0.2,0.24,0.17
104000,0.18,0.2,0.23,0.25,0.2
105000,0.16,0.17,0.16,0.18,0.2
106000,0.14,0.16,0.13,0.19,0.17
107000,0.22,0.2,0.15,0.18,0.17
108000,0.29,0.24,0.19,0.18,0.17
109000,0.3,0.26,0.23,0.22,0.16
110000,0.27,0.29,0.29,0.27,0.18
111000,0.27,0.33,0.31,0.31,0.21
112000,0.18,0.31,0.31,0.29,0.24
113000,0.18,0.34,0.37,0.29,0.2
114000,0.18,0.34,0.37,0.32,0.24
115000,0.23,0.3,0.4,0.22,0.32
116000,0.2,0.26,0.25,0.27,0.34
117000,0.2,0.27,0.31,0.26,0.33
118000,0.21,0.25,0.26,0.26,0.29
119000,0.17,0.18,0.2,0.26,0.3
120000,0.21,0.2,0.22,0.24,0.23
121000,0.26,0.24,0.21,0.18,0.19
122000,0.25,0.24,0.16,0.15,0.18
123000,0.23,0.27,0.15,0.16,0.23
124000,0.26,0.28,0.12,0.13,0.26
125000,0.28,0.27,0.15,0.15,0.25
126000,0.25,0.26,0.12,0.19,0.25
127000,0.23,0.23,0.1,0.23,0.26
128000,0.31,0.22,0.12,0.25,0.31
129000,0.32,0.2,0.14,0.29,0.27
130000,0.34,0.24,0.15,0.25,0.29
131000,0.34,0.24,0.17,0.19,0.34
132000,0.39,0.26,0.18,0.19,0.37
133000,0.31,0.22,0.19,0.22,0.36
134000,0.24,0.26,0.24,0.21,0.29
135000,0.27,0.21,0.21,0.18,0.24
136000,0.25,0.2,0.18,0.22,0.21
137000,0.29,0.21,0.18,0.21,0.14
138000,0.29,0.23,0.16,0.18,0.19
139000,0.29,0.24,0.12,0.21,0.23
140000,0.18,0.26,0.19,0.22,0.22
141000,0.19,0.26,0.21,0.26,0.22
142000,0.24,0.28,0.25,0.35,0.29
143000,0.21,0.31,0.21,0.32,0.38
144000,0.24,0.33,0.23,0.32,0.39
145000,0.25,0.29,0.19,0.35,0.35
146000,0.2,0.26,0.18,0.36,0.38
147000,0.22,0.31,0.22,0.35,0.37
148000,0.24,0.28,0.24,0.28,0.4
149000,0.27,0.2,0.22,0.27,0.38
150000,0.21,0.21,0.21,0.26,0.34
151000,0.28,0.22,0.16,0.26,0.39
152000,0.27,0.24,0.12,0.28,0.33
153000,0.23,0.25,0.09,0.3,0.39
154000,0.23,0.28,0.1,0.29,0.38
155000,0.24,0.35,0.08,0.3,0.35
156000,0.21,0.34,0.18,0.28,0.36
157000,0.19,0.34,0.21,0.24,0.36
158000,0.27,0.37,0.22,0.2,0.31
159000,0.25,0.37,0.22,0.17,0.33
160000,0.21,0.31,0.25,0.19,0.28
161000,0.28,0.23,0.16,0.24,0.31
162000,0.29,0.23,0.14,0.28,0.35
163000,0.23,0.32,0.17,0.29,0.33
164000,0.23,0.25,0.16,0.29,0.35
165000,0.2,0.33,0.14,0.29,0.39
166000,0.26,0.36,0.15,0.27,0.41
167000,0.29,0.37,0.18,0.3,0.36
168000,0.32,0.4,0.16,0.25,0.34
169000,0.3,0.38,0.17,0.26,0.33
170000,0.34,0.37,0.19,0.25,0.27
171000,0.37,0.41,0.25,0.28,0.32
172000,0.39,0.4,0.23,0.27,0.33
173000,0.31,0.39,0.22,0.22,0.37
174000,0.33,0.42,0.27,0.21,0.38
175000,0.37,0.37,0.3,0.18,0.38
176000,0.39,0.41,0.29,0.27,0.4
177000,0.43,0.41,0.3,0.27,0.42
178000,0.32,0.4,0.36,0.29,0.48
179000,0.32,0.36,0.37,0.29,0.47
180000,0.31,0.37,0.37,0.31,0.44
181000,0.28,0.42,0.33,0.39,0.42
182000,0.25,0.41,0.3,0.38,0.38
183000,0.28,0.44,0.32,0.35,0.35
184000,0.31,0.41,0.3,0.32,0.35
185000,0.36,0.43,0.31,0.34,0.35
186000,0.37,0.46,0.26,0.28,0.31
187000,0.35,0.37,0.26,0.27,0.31
188000,0.36,0.3,0.3,0.34,0.31
189000,0.34,0.28,0.28,0.35,0.33
190000,0.4,0.25,0.29,0.31,0.32
191000,0.38,0.24,0.33,0.33,0.29
192000,0.37,0.21,0.3,0.31,0.27
193000,0.37,0.25,0.33,0.3,0.26
194000,0.38,0.28,0.36,0.3,0.34
195000,0.34,0.27,0.33,0.28,0.36
196000,0.4,0.35,0.31,0.22,0.41
197000,0.34,0.41,0.25,0.33,0.4
198000,0.35,0.49,0.18,0.36,0.41
199000,0.39,0.51,0.17,0.38,0.42
200000,0.4,0.5,0.15,0.41,0.48
201000,0.37,0.48,0.17,0.43,0.35
202000,0.38,0.4,0.22,0.44,0.37
203000,0.31,0.34,0.19,0.51,0.38
204000,0.3,0.31,0.25,0.45,0.39
205000,0.27,0.29,0.3,0.44,0.47
206000,0.25,0.29,0.26,0.38,0.43
207000,0.24,0.31,0.25,0.37,0.37
208000,0.23,0.27,0.27,0.36,0.39
209000,0.24,0.3,0.31,0.41,0.41
210000,0.26,0.31,0.36,0.46,0.39
211000,0.25,0.3,0.3,0.44,0.38
212000,0.28,0.23,0.31,0.43,0.34
213000,0.31,0.24,0.31,0.52,0.33
214000,0.35,0.23,0.26,0.56,0.37
215000,0.39,0.31,0.32,0.56,0.34
216000,0.35,0.28,0.27,0.5,0.32
217000,0.34,0.31,0.25,0.39,0.31
218000,0.37,0.3,0.28,0.36,0.31
219000,0.37,0.38,0.3,0.4,0.28
220000,0.36,0.38,0.18,0.39,0.31
221000,0.37,0.36,0.2,0.31,0.33
222000,0.36,0.4,0.25,0.31,0.37
223000,0.4,0.43,0.25,0.34,0.36
224000,0.46,0.5,0.32,0.4,0.37
225000,0.59,0.53,0.3,0.41,0.44
226000,0.67,0.54,0.31,0.33,0.43
227000,0.61,0.53,0.34,0.33,0.38
228000,0.65,0.52,0.33,0.32,0.36
229000,0.66,0.5,0.27,0.33,0.41
230000,0.62,0.41,0.23,0.32,0.4
231000,0.69,0.29,0.22,0.26,0.4
232000,0.57,0.32,0.27,0.28,0.37
233000,0.53,0.25,0.28,0.31,0.36
234000,0.45,0.28,0.3,0.34,0.37
235000,0.48,0.29,0.25,0.35,0.35
236000,0.47,0.38,0.27,0.34,0.29
237000,0.49,0.37,0.31,0.33,0.31
238000,0.55,0.43,0.33,0.32,0.34
239000,0.48,0.46,0.3,0.32,0.34
240000,0.48,0.5,0.26,0.29,0.4
241000,0.45,0.47,0.25,0.33,0.46
242000,0.39,0.46,0.28,0.34,0.48
243000,0.42,0.49,0.28,0.4,0.47
244000,0.47,0.44,0.22,0.38,0.5
245000,0.42,0.48,0.24,0.41,0.51
246000,0.43,0.44,0.26,0.41,0.56
247000,0.4,0.45,0.31,0.36,0.59
248000,0.52,0.49,0.35,0.34,0.64
249000,0.61,0.47,0.33,0.31,0.59
250000,0.61,0.53,0.32,0.25,0.56
251000,0.54,0.51,0.35,0.28,0.55
252000,0.58,0.48,0.4,0.28,0.59
253000,0.59,0.53,0.35,0.32,0.64
254000,0.59,0.53,0.29,0.38,0.66
255000,0.59,0.49,0.26,0.4,0.63
256000,0.56,0.49,0.21,0.4,0.57
257000,0.52,0.52,0.29,0.43,0.52
258000,0.46,0.46,0.31,0.43,0.55
259000,0.43,0.47,0.33,0.39,0.57
260000,0.49,0.46,0.34,0.34,0.58
261000,0.42,0.55,0.35,0.29,0.56
262000,0.41,0.51,0.36,0.27,0.48
263000,0.46,0.52,0.37,0.31,0.46
264000,0.52,0.59,0.31,0.33,0.49
265000,0.53,0.54,0.3,0.33,0.49
266000,0.51,0.52,0.26,0.34,0.49
267000,0.58,0.58,0.26,0.35,0.46
268000,0.64,0.56,0.31,0.37,0.36
269000,0.55,0.49,0.31,0.37,0.38
270000,0.61,0.44,0.27,0.31,0.38
271000,0.56,0.41,0.27,0.27,0.39
272000,0.5,0.34,0.27,0.3,0.39
273000,0.47,0.35,0.3,0.27,0.4
274000,0.37,0.34,0.3,0.24,0.43
275000,0.27,0.42,0.22,0.22,0.45
276000,0.3,0.44,0.23,0.21,0.49
277000,0.34,0.4,0.2,0.24,0.46
278000,0.33,0.41,0.22,0.29,0.46
279000,0.34,0.43,0.21,0.28,0.49
280000,0.36,0.44,0.22,0.34,0.49
281000,0.33,0.49,0.2,0.37,0.47
282000,0.37,0.36,0.2,0.36,0.44
283000,0.44,0.37,0.19,0.38,0.49
284000,0.45,0.39,0.21,0.38,0.41
285000,0.44,0.44,0.2,0.39,0.42
286000,0.39,0.46,0.19,0.31,0.42
287000,0.37,0.5,0.21,0.33,0.44
288000,0.37,0.42,0.19,0.31,0.5
289000,0.34,0.37,0.23,0.35,0.52
290000,0.36,0.4,0.29,0.39,0.49
291000,0.36,0.36,0.36,0.4,0.48
292000,0.43,0.31,0.38,0.42,0.53
293000,0.44,0.37,0.41,0.51,0.5
294000,0.48,0.37,0.45,0.53,0.55
295000,0.51,0.31,0.44,0.55,0.55
296000,0.56,0.34,0.43,0.55,0.54
297000,0.56,0.34,0.4,0.55,0.56
298000,0.62,0.41,0.36,0.57,0.47
299000,0.55,0.45,0.32,0.53,0.5
300000,0.51,0.47,0.31,0.48,0.48
301000,0.47,0.48,0.33,0.47,0.43
302000,0.48,0.47,0.31,0.5,0.48
303000,0.43,0.46,0.36,0.42,0.36
304000,0.37,0.44,0.37,0.33,0.34
305000,0.39,0.41,0.48,0.34,0.42
306000,0.36,0.4,0.45,0.32,0.44
307000,0.37,0.34,0.47,0.26,0.41
308000,0.41,0.33,0.48,0.27,0.47
309000,0.39,0.35,0.46,0.3,0.38
310000,0.4,0.41,0.39,0.32,0.43
311000,0.47,0.38,0.39,0.29,0.47
312000,0.45,0.31,0.32,0.31,0.48
313000,0.39,0.37,0.28,0.32,0.43
314000,0.4,0.41,0.3,0.33,0.46
315000,0.41,0.42,0.31,0.38,0.52
316000,0.41,0.4,0.31,0.41,0.47
317000,0.43,0.35,0.29,0.38,0.52
318000,0.48,0.34,0.27,0.34,0.56
319000,0.48,0.38,0.26,0.35,0.57
320000,0.45,0.43,0.28,0.39,0.55
321000,0.45,0.43,0.29,0.42,0.51
322000,0.48,0.42,0.27,0.48,0.44
323000,0.51,0.42,0.27,0.54,0.47
324000,0.45,0.48,0.28,0.53,0.47
325000,0.41,0.46,0.33,0.55,0.51
326000,0.35,0.43,0.35,0.51,0.5
327000,0.31,0.47,0.34,0.54,0.47
328000,0.35,0.48,0.36,0.59,0.47
329000,0.37,0.43,0.28,0.63,0.49
330000,0.38,0.41,0.31,0.57,0.48
331000,0.42,0.43,0.33,0.52,0.5
332000,0.48,0.48,0.37,0.52,0.46
333000,0.49,0.4,0.41,0.47,0.47
334000,0.48,0.46,0.39,0.48,0.48
335000,0.54,0.47,0.42,0.5,0.48
336000,0.56,0.45,0.48,0.54,0.48
337000,0.43,0.51,0.51,0.53,0.51
338000,0.35,0.53,0.5,0.56,0.51
339000,0.27,0.5,0.51,0.57,0.5
340000,0.18,0.4,0.52,0.55,0.49
341000,0.22,0.4,0.54,0.51,0.54
342000,0.21,0.43,0.5,0.48,0.56
343000,0.24,0.44,0.5,0.51,0.54
344000,0.32,0.42,0.5,0.52,0.53
345000,0.38,0.49,0.46,0.52,0.56
346000,0.44,0.45,0.45,0.56,0.59
347000,0.47,0.45,0.47,0.54,0.55
348000,0.51,0.49,0.52,0.52,0.59
349000,0.51,0.52,0.56,0.49,0.64
350000,0.55,0.57,0.58,0.43,0.64
351000,0.53,0.48,0.58,0.46,0.68
352000,0.59,0.51,0.56,0.43,0.64
353000,0.5,0.52,0.55,0.34,0.69
354000,0.52,0.54,0.57,0.24,0.65
355000,0.45,0.5,0.6,0.26,0.6
356000,0.41,0.45,0.56,0.26,0.54
357000,0.45,0.47,0.59,0.27,0.49
358000,0.45,0.48,0.55,0.25,0.28
359000,0.49,0.44,0.58,0.23,0.28
360000,0.54,0.48,0.6,0.25,0.2
361000,0.64,0.4,0.67,0.3,0.23
362000,0.57,0.4,0.61,0.32,0.22
363000,0.55,0.45,0.67,0.32,0.22
364000,0.48,0.45,0.69,0.33,0.27
365000,0.44,0.48,0.76,0.31,0.33
366000,0.42,0.48,0.71,0.34,0.4
367000,0.38,0.48,0.66,0.33,0.42
368000,0.35,0.47,0.68,0.33,0.44
369000,0.23,0.45,0.62,0.37,0.48
370000,0.23,0.45,0.66,0.37,0.4
371000,0.3,0.51,0.63,0.32,0.45
372000,0.37,0.55,0.61,0.32,0.47
373000,0.4,0.59,0.57,0.29,0.46
374000,0.42,0.49,0.5,0.32,0.51
375000,0.43,0.47,0.45,0.34,0.37
376000,0.43,0.54,0.42,0.32,0.37
377000,0.5,0.55,0.46,0.26,0.39
378000,0.52,0.58,0.4,0.23,0.38
379000,0.57,0.62,0.4,0.19,0.41
380000,0.58,0.6,0.44,0.2,0.41
381000,0.58,0.57,0.39,0.19,0.46
382000,0.58,0.63,0.39,0.21,0.43
383000,0.5,0.57,0.42,0.24,0.48
384000,0.51,0.57,0.5,0.22,0.48
385000,0.52,0.55,0.54,0.19,0.5
386000,0.52,0.49,0.56,0.2,0.58
387000,0.55,0.43,0.55,0.19,0.57
388000,0.62,0.35,0.58,0.2,0.52
389000,0.55,0.34,0.57,0.25,0.58
390000,0.57,0.31,0.58,0.29,0.55
391000,0.54,0.31,0.56,0.29,0.54
392000,0.55,0.25,0.55,0.31,0.54
393000,0.57,0.2,0.53,0.29,0.66
394000,0.6,0.21,0.46,0.33,0.62
395000,0.6,0.26,0.54,0.32,0.59
396000,0.6,0.27,0.45,0.35,0.58
397000,0.66,0.28,0.49,0.35,0.56
398000,0.69,0.3,0.52,0.38,0.51
399000,0.66,0.29,0.56,0.37,0.53
400000,0.63,0.3,0.53,0.41,0.58
401000,0.66,0.33,0.54,0.38,0.59
402000,0.66,0.35,0.56,0.39,0.64
403000,0.66,0.35,0.56,0.37,0.67
404000,0.68,0.35,0.55,0.4,0.7
405000,0.61,0.39,0.59,0.41,0.58
406000,0.65,0.36,0.56,0.43,0.64
407000,0.65,0.37,0.46,0.44,0.66
408000,0.72,0.39,0.51,0.41,0.65
409000,0.71,0.31,0.52,0.4,0.64
410000,0.62,0.28,0.48,0.32,0.67
411000,0.67,0.28,0.4,0.26,0.69
412000,0.72,0.28,0.46,0.22,0.64
413000,0.69,0.3,0.48,0.11,0.67
414000,0.75,0.26,0.49,0.1,0.63
415000,0.77,0.28,0.51,0.11,0.57
416000,0.76,0.25,0.49,0.14,0.59
417000,0.81,0.24,0.51,0.18,0.58
418000,0.79,0.24,0.53,0.21,0.53
419000,0.77,0.19,0.56,0.22,0.58
420000,0.71,0.23,0.54,0.24,0.6
421000,0.77,0.25,0.53,0.27,0.62
422000,0.74,0.23,0.55,0.27,0.66
423000,0.75,0.28,0.6,0.27,0.66
424000,0.76,0.29,0.54,0.29,0.65
425000,0.71,0.34,0.49,0.29,0.69
426000,0.64,0.35,0.43,0.32,0.64
427000,0.63,0.37,0.45,0.32,0.6
428000,0.65,0.37,0.49,0.37,0.63
429000,0.64,0.46,0.53,0.35,0.6
430000,0.64,0.48,0.57,0.38,0.64
431000,0.67,0.53,0.49,0.38,0.56
432000,0.65,0.51,0.51,0.37,0.64
433000,0.58,0.56,0.55,0.4,0.66
434000,0.62,0.56,0.54,0.46,0.61
435000,0.61,0.56,0.48,0.47,0.63
436000,0.59,0.58,0.48,0.51,0.63
437000,0.6,0.6,0.49,0.59,0.61
438000,0.54,0.63,0.55,0.57,0.58
439000,0.53,0.62,0.52,0.63,0.57
440000,0.58,0.63,0.45,0.64,0.53
441000,0.58,0.62,0.38,0.58,0.51
442000,0.55,0.6,0.32,0.58,0.59
443000,0.52,0.58,0.28,0.57,0.63
444000,0.55,0.54,0.3,0.59,0.6
445000,0.51,0.5,0.29,0.6,0.57
446000,0.5,0.45,0.29,0.59,0.6
447000,0.52,0.46,0.35,0.53,0.61
448000,0.52,0.49,0.35,0.48,0.57
449000,0.5,0.49,0.38,0.44,0.61
450000,0.48,0.48,0.39,0.51,0.62
451000,0.52,0.46,0.36,0.43,0.67
452000,0.49,0.48,0.41,0.44,0.69
453000,0.49,0.51,0.43,0.36,0.75
454000,0.49,0.5,0.42,0.38,0.78
455000,0.53,0.45,0.46,0.41,0.78
456000,0.53,0.43,0.49,0.45,0.7
457000,0.47,0.45,0.52,0.48,0.7
458000,0.48,0.48,0.54,0.52,0.67
459000,0.49,0.52,0.55,0.48,0.61
460000,0.53,0.54,0.52,0.45,0.62
461000,0.5,0.55,0.53,0.5,0.6
462000,0.52,0.54,0.58,0.5,0.58
463000,0.54,0.52,0.58,0.54,0.56
464000,0.56,0.51,0.57,0.56,0.55
465000,0.56,0.52,0.51,0.58,0.56
466000,0.59,0.54,0.53,0.6,0.55
467000,0.61,0.51,0.54,0.61,0.59
468000,0.59,0.54,0.53,0.64,0.63
469000,0.57,0.53,0.59,0.63,0.62
470000,0.57,0.5,0.61,0.66,0.68
471000,0.58,0.49,0.62,0.68,0.7
472000,0.57,0.46,0.64,0.67,0.72
473000,0.56,0.46,0.62,0.65,0.76
474000,0.52,0.47,0.62,0.58,0.75
475000,0.55,0.43,0.64,0.56,0.75
476000,0.55,0.4,0.68,0.54,0.76
477000,0.58,0.42,0.67,0.48,0.72
478000,0.57,0.39,0.67,0.42,0.7
479000,0.56,0.4,0.68,0.35,0.73
480000,0.53,0.42,0.69,0.35,0.67
481000,0.51,0.45,0.69,0.34,0.6
482000,0.49,0.49,0.71,0.31,0.54
483000,0.51,0.52,0.71,0.32,0.5
484000,0.52,0.55,0.68,0.32,0.49
485000,0.51,0.58,0.7,0.34,0.51
486000,0.5,0.55,0.69,0.34,0.53
487000,0.52,0.53,0.68,0.33,0.52
488000,0.51,0.53,0.6,0.37,0.47
489000,0.48,0.54,0.6,0.39,0.46
490000,0.48,0.56,0.6,0.4,0.49
491000,0.46,0.54,0.6,0.4,0.5
492000,0.43,0.56,0.58,0.43,0.52
493000,0.43,0.56,0.54,0.47,0.47
494000,0.44,0.55,0.53,0.53,0.5
495000,0.44,0.57,0.53,0.5,0.55
496000,0.44,0.58,0.52,0.52,0.56
497000,0.44,0.6,0.54,0.54,0.61
498000,0.44,0.62,0.52,0.55,0.58
499000,0.43,0.63,0.51,0.57,0.6
500000,0.43,0.65,0.48,0.55,0.62
501000,0.42,0.63,0.47,0.56,0.65
502000,0.42,0.65,0.49,0.57,0.69
503000,0.42,0.64,0.47,0.59,0.73
504000,0.42,0.62,0.51,0.54,0.78
505000,0.42,0.62,0.51,0.54,0.74
506000,0.42,0.58,0.5,0.54,0.73
507000,0.42,0.59,0.53,0.55,0.7
508000,0.42,0.61,0.48,0.52,0.72
509000,0.42,0.61,0.48,0.47,0.75
510000,0.44,0.59,0.48,0.45,0.75
511000,0.44,0.57,0.49,0.46,0.72
512000,0.44,0.59,0.47,0.44,0.7
513000,0.43,0.56,0.51,0.46,0.73
514000,0.42,0.54,0.52,0.42,0.7
515000,0.42,0.47,0.52,0.4,0.71
516000,0.38,0.47,0.48,0.36,0.65
517000,0.38,0.48,0.5,0.36,0.63
518000,0.37,0.46,0.55,0.33,0.49
519000,0.39,0.43,0.56,0.33,0.51
520000,0.38,0.43,0.54,0.35,0.53
521000,0.39,0.42,0.6,0.35,0.56
522000,0.39,0.4,0.64,0.34,0.62
523000,0.38,0.39,0.63,0.36,0.59
524000,0.4,0.39,0.67,0.36,0.54
525000,0.44,0.4,0.68,0.35,0.54
526000,0.44,0.4,0.73,0.31,0.54
527000,0.45,0.39,0.72,0.33,0.54
528000,0.45,0.39,0.71,0.29,0.49
529000,0.4,0.39,0.74,0.32,0.48
530000,0.42,0.34,0.71,0.33,0.47
531000,0.39,0.32,0.72,0.34,0.52
532000,0.39,0.36,0.69,0.38,0.53
533000,0.43,0.37,0.63,0.35,0.56
534000,0.43,0.35,0.65,0.37,0.55
535000,0.43,0.35,0.61,0.36,0.53
536000,0.43,0.35,0.6,0.39,0.45
537000,0.42,0.35,0.58,0.4,0.45
538000,0.44,0.35,0.57,0.39,0.44
539000,0.44,0.35,0.53,0.41,0.45
540000,0.45,0.35,0.51,0.46,0.45
541000,0.47,0.35,0.56,0.48,0.45
542000,0.46,0.35,0.54,0.47,0.45
543000,0.45,0.36,0.54,0.45,0.43
544000,0.45,0.39,0.56,0.44,0.47
545000,0.45,0.41,0.56,0.47,0.47
546000,0.46,0.42,0.55,0.48,0.48
547000,0.48,0.44,0.54,0.47,0.47
548000,0.48,0.48,0.54,0.47,0.49
549000,0.49,0.51,0.56,0.47,0.48
550000,0.49,0.53,0.55,0.47,0.51
551000,0.51,0.54,0.54,0.48,0.53
552000,0.49,0.57,0.58,0.44,0.59
553000,0.49,0.58,0.58,0.4,0.6
554000,0.5,0.63,0.6,0.42,0.58
555000,0.47,0.67,0.6,0.4,0.58
556000,0.48,0.68,0.57,0.41,0.61
557000,0.49,0.62,0.59,0.43,0.63
558000,0.55,0.62,0.61,0.43,0.67
559000,0.52,0.64,0.58,0.46,0.64
560000,0.49,0.62,0.64,0.46,0.63
561000,0.52,0.63,0.64,0.49,0.65
562000,0.5,0.58,0.59,0.48,0.61
563000,0.5,0.54,0.6,0.51,0.62
564000,0.5,0.52,0.61,0.5,0.63
565000,0.48,0.53,0.6,0.5,0.62
566000,0.49,0.51,0.59,0.5,0.62
567000,0.51,0.48,0.58,0.47,0.65
568000,0.48,0.51,0.58,0.44,0.63
569000,0.47,0.5,0.6,0.44,0.65
570000,0.49,0.46,0.55,0.44,0.64
571000,0.51,0.43,0.54,0.47,0.65
572000,0.47,0.43,0.57,0.51,0.64
573000,0.44,0.41,0.58,0.5,0.63
574000,0.47,0.39,0.61,0.47,0.62
575000,0.48,0.39,0.65,0.48,0.61
576000,0.47,0.37,0.66,0.47,0.6
577000,0.44,0.35,0.61,0.48,0.56
578000,0.43,0.34,0.61,0.45,0.54
579000,0.45,0.34,0.65,0.46,0.52
580000,0.39,0.3,0.59,0.44,0.53
581000,0.4,0.31,0.61,0.45,0.48
582000,0.38,0.35,0.61,0.46,0.43
583000,0.39,0.35,0.61,0.47,0.41
584000,0.39,0.36,0.62,0.5,0.41
585000,0.38,0.36,0.57,0.5,0.44
586000,0.39,0.38,0.55,0.48,0.46
587000,0.39,0.37,0.58,0.49,0.49
588000,0.38,0.34,0.56,0.5,0.48
589000,0.39,0.34,0.59,0.47,0.5
590000,0.39,0.36,0.59,0.52,0.5
591000,0.39,0.37,0.59,0.49,0.5
592000,0.39,0.38,0.56,0.52,0.5
593000,0.38,0.45,0.58,0.54,0.53
594000,0.4,0.46,0.59,0.51,0.56
595000,0.4,0.49,0.58,0.54,0.52
596000,0.39,0.51,0.65,0.54,0.54
597000,0.4,0.57,0.65,0.53,0.59
598000,0.4,0.57,0.66,0.54,0.57
599000,0.39,0.6,0.69,0.52,0.53
600000,0.41,0.61,0.7,0.52,0.49
601000,0.4,0.67,0.72,0.55,0.48
602000,0.4,0.68,0.74,0.55,0.47
603000,0.4,0.67,0.78,0.56,0.46
604000,0.4,0.66,0.78,0.54,0.41
605000,0.41,0.7,0.81,0.51,0.43
606000,0.41,0.7,0.82,0.53,0.42
607000,0.41,0.73,0.79,0.52,0.42
608000,0.41,0.71,0.81,0.52,0.41
609000,0.41,0.74,0.8,0.53,0.4
610000,0.4,0.74,0.77,0.55,0.4
611000,0.41,0.75,0.76,0.56,0.36
612000,0.42,0.79,0.78,0.55,0.35
613000,0.42,0.79,0.79,0.53,0.35
614000,0.43,0.78,0.8,0.54,0.36
615000,0.43,0.75,0.8,0.54,0.37
616000,0.43,0.69,0.75,0.53,0.37
617000,0.43,0.7,0.74,0.56,0.4
618000,0.42,0.69,0.72,0.57,0.42
619000,0.43,0.64,0.7,0.59,0.42
620000,0.44,0.65,0.64,0.56,0.4
621000,0.44,0.64,0.64,0.56,0.41
622000,0.47,0.63,0.6,0.62,0.4
623000,0.46,0.6,0.6,0.58,0.4
624000,0.47,0.59,0.59,0.6,0.37
625000,0.47,0.58,0.57,0.59,0.36
626000,0.49,0.53,0.53,0.59,0.4
627000,0.47,0.49,0.54,0.63,0.4
628000,0.49,0.51,0.57,0.6,0.4
629000,0.49,0.46,0.54,0.59,0.39
630000,0.53,0.46,0.55,0.63,0.4
631000,0.53,0.43,0.58,0.62,0.41
632000,0.53,0.41,0.59,0.63,0.39
633000,0.53,0.44,0.58,0.64,0.38
634000,0.55,0.44,0.6,0.64,0.39
635000,0.58,0.45,0.58,0.61,0.42
636000,0.6,0.46,0.53,0.62,0.44
637000,0.6,0.48,0.61,0.64,0.47
638000,0.61,0.47,0.63,0.57,0.49
639000,0.62,0.46,0.63,0.56,0.53
640000,0.63,0.47,0.64,0.6,0.57
641000,0.63,0.44,0.64,0.62,0.62
642000,0.63,0.46,0.57,0.56,0.61
643000,0.62,0.48,0.54,0.57,0.65
644000,0.62,0.53,0.53,0.59,0.66
645000,0.62,0.55,0.52,0.59,0.68
646000,0.62,0.56,0.52,0.59,0.68
647000,0.62,0.6,0.55,0.62,0.67
648000,0.61,0.62,0.55,0.61,0.67
649000,0.64,0.64,0.58,0.64,0.61
650000,0.64,0.61,0.57,0.66,0.65
651000,0.62,0.63,0.59,0.67,0.62
652000,0.62,0.64,0.47,0.64,0.67
653000,0.56,0.66,0.49,0.67,0.7
654000,0.54,0.7,0.51,0.67,0.7
655000,0.51,0.68,0.5,0.65,0.66
656000,0.53,0.67,0.52,0.62,0.59
657000,0.53,0.61,0.52,0.57,0.53
658000,0.53,0.59,0.54,0.54,0.48
659000,0.51,0.61,0.52,0.55,0.45
660000,0.52,0.65,0.54,0.55,0.43
661000,0.56,0.65,0.52,0.52,0.47
662000,0.57,0.66,0.52,0.49,0.45
663000,0.56,0.68,0.49,0.5,0.43
664000,0.54,0.62,0.48,0.47,0.44
665000,0.45,0.59,0.52,0.44,0.45
666000,0.43,0.58,0.56,0.46,0.48
667000,0.43,0.56,0.55,0.49,0.4
668000,0.44,0.6,0.55,0.46,0.42
669000,0.43,0.67,0.59,0.44,0.41
670000,0.47,0.71,0.58,0.46,0.44
671000,0.47,0.78,0.57,0.45,0.46
672000,0.49,0.76,0.58,0.48,0.48
673000,0.51,0.75,0.59,0.51,0.5
674000,0.52,0.74,0.68,0.52,0.5
675000,0.51,0.79,0.7,0.5,0.55
676000,0.51,0.76,0.72,0.53,0.55
677000,0.53,0.79,0.71,0.54,0.56
678000,0.49,0.79,0.73,0.54,0.56
679000,0.48,0.86,0.75,0.54,0.6
680000,0.49,0.86,0.74,0.53,0.6
681000,0.46,0.88,0.75,0.5,0.58
682000,0.42,0.91,0.71,0.5,0.56
683000,0.49,0.87,0.71,0.49,0.61
684000,0.49,0.86,0.69,0.5,0.57
685000,0.48,0.91,0.67,0.49,0.56
686000,0.48,1.0,0.64,0.5,0.56
687000,0.49,0.93,0.63,0.54,0.57
688000,0.49,0.92,0.61,0.57,0.58
689000,0.48,0.9,0.64,0.6,0.57
690000,0.52,0.89,0.63,0.55,0.58
691000,0.53,0.94,0.66,0.58,0.55
692000,0.53,0.95,0.53,0.57,0.53
693000,0.5,0.91,0.54,0.57,0.54
694000,0.49,0.9,0.53,0.58,0.55
695000,0.49,0.89,0.53,0.59,0.54
696000,0.48,0.89,0.54,0.61,0.53
697000,0.48,0.79,0.55,0.65,0.55
698000,0.48,0.74,0.58,0.69,0.56
699000,0.49,0.66,0.58,0.69,0.56
700000,0.49,0.74,0.57,0.67,0.54
701000,0.51,0.72,0.59,0.69,0.58
702000,0.51,0.66,0.59,0.64,0.59
703000,0.49,0.68,0.61,0.62,0.57
704000,0.5,0.66,0.62,0.55,0.55
705000,0.52,0.67,0.63,0.54,0.57
706000,0.55,0.6,0.61,0.58,0.54
707000,0.58,0.62,0.63,0.54,0.53
708000,0.56,0.68,0.64,0.53,0.54
709000,0.57,0.67,0.68,0.51,0.51
710000,0.59,0.7,0.69,0.5,0.53
711000,0.55,0.77,0.68,0.46,0.53
712000,0.54,0.74,0.7,0.43,0.55
713000,0.56,0.78,0.69,0.41,0.55
714000,0.53,0.75,0.73,0.41,0.55
715000,0.53,0.81,0.75,0.44,0.5
716000,0.46,0.83,0.79,0.44,0.52
717000,0.46,0.8,0.82,0.47,0.51
718000,0.46,0.8,0.78,0.48,0.51
719000,0.47,0.87,0.77,0.48,0.53
720000,0.46,0.92,0.8,0.55,0.54
721000,0.46,0.92,0.83,0.53,0.55
722000,0.48,0.93,0.84,0.48,0.58
723000,0.49,0.93,0.83,0.49,0.59
724000,0.49,0.94,0.86,0.52,0.65
725000,0.49,0.95,0.82,0.6,0.64
726000,0.48,1.0,0.81,0.59,0.69
727000,0.46,0.96,0.82,0.63,0.67
728000,0.45,0.96,0.82,0.65,0.7
729000,0.44,0.94,0.83,0.62,0.69
730000,0.49,0.95,0.85,0.57,0.69
731000,0.51,0.97,0.8,0.61,0.7
732000,0.51,0.96,0.8,0.67,0.69
733000,0.51,0.93,0.75,0.68,0.7
734000,0.55,0.9,0.75,0.65,0.67
735000,0.55,0.92,0.76,0.65,0.69
736000,0.55,0.93,0.79,0.62,0.68
737000,0.55,0.95,0.83,0.62,0.73
738000,0.58,0.92,0.78,0.66,0.72
739000,0.58,0.93,0.76,0.63,0.71
740000,0.58,0.91,0.77,0.62,0.63
741000,0.58,0.89,0.73,0.59,0.61
742000,0.58,0.94,0.74,0.6,0.6
743000,0.58,0.91,0.72,0.57,0.59
744000,0.59,0.9,0.69,0.56,0.62
745000,0.59,0.85,0.72,0.6,0.63
746000,0.61,0.83,0.66,0.64,0.64
747000,0.56,0.78,0.71,0.59,0.62
748000,0.55,0.75,0.7,0.55,0.61
749000,0.54,0.74,0.7,0.57,0.6
750000,0.5,0.71,0.74,0.62,0.61
751000,0.51,0.72,0.73,0.61,0.59
752000,0.46,0.74,0.75,0.62,0.57
753000,0.53,0.72,0.74,0.62,0.57
754000,0.53,0.75,0.77,0.6,0.61
755000,0.53,0.71,0.8,0.63,0.67
756000,0.53,0.66,0.76,0.61,0.68
757000,0.55,0.62,0.8,0.54,0.66
758000,0.6,0.64,0.82,0.55,0.68
759000,0.6,0.7,0.84,0.59,0.74
760000,0.6,0.69,0.84,0.58,0.71
761000,0.6,0.74,0.89,0.59,0.72
762000,0.6,0.76,0.93,0.6,0.69
763000,0.61,0.77,0.96,0.66,0.68
764000,0.62,0.73,0.95,0.66,0.76
765000,0.65,0.7,0.94,0.59,0.74
766000,0.69,0.66,0.89,0.58,0.73
767000,0.69,0.66,0.88,0.62,0.75
768000,0.63,0.66,0.89,0.65,0.75
769000,0.53,0.69,0.85,0.65,0.74
770000,0.46,0.8,0.88,0.64,0.75
771000,0.48,0.83,0.89,0.64,0.77
772000,0.46,0.84,0.89,0.68,0.8
773000,0.46,0.82,0.85,0.72,0.79
774000,0.52,0.88,0.85,0.71,0.76
775000,0.52,0.87,0.87,0.7,0.79
776000,0.52,0.89,0.82,0.66,0.76
777000,0.58,0.9,0.74,0.65,0.75
778000,0.58,0.93,0.74,0.6,0.8
779000,0.58,0.89,0.77,0.58,0.82
780000,0.59,0.92,0.78,0.57,0.79
781000,0.6,0.94,0.8,0.55,0.77
782000,0.62,0.96,0.75,0.55,0.76
783000,0.65,0.9,0.78,0.53,0.77
784000,0.65,0.86,0.76,0.49,0.78
785000,0.65,0.84,0.74,0.49,0.79
786000,0.65,0.83,0.74,0.46,0.77
787000,0.65,0.88,0.75,0.49,0.75
788000,0.69,0.8,0.8,0.51,0.7
789000,0.67,0.79,0.79,0.53,0.7
790000,0.63,0.77,0.81,0.51,0.71
791000,0.54,0.75,0.84,0.55,0.7
792000,0.5,0.72,0.83,0.56,0.73
793000,0.46,0.74,0.79,0.6,0.72
794000,0.45,0.73,0.79,0.62,0.75
795000,0.48,0.7,0.8,0.64,0.72
796000,0.48,0.73,0.76,0.66,0.72
797000,0.54,0.74,0.82,0.75,0.7
798000,0.51,0.73,0.82,0.73,0.7
799000,0.52,0.78,0.79,0.71,0.65
800000,0.58,0.81,0.81,0.8,0.62
801000,0.56,0.85,0.75,0.81,0.66
802000,0.45,0.79,0.78,0.84,0.69
803000,0.35,0.82,0.78,0.81,0.74
804000,0.35,0.84,0.7,0.8,0.72
805000,0.33,0.87,0.7,0.81,0.71
806000,0.33,0.82,0.72,0.77,0.66
807000,0.33,0.85,0.69,0.78,0.67
808000,0.34,0.82,0.71,0.76,0.66
809000,0.36,0.8,0.74,0.76,0.68
810000,0.34,0.79,0.74,0.69,0.63
811000,0.38,0.79,0.73,0.74,0.6
812000,0.36,0.77,0.73,0.74,0.59
813000,0.39,0.76,0.77,0.73,0.58
814000,0.36,0.72,0.73,0.68,0.61
815000,0.37,0.69,0.78,0.71,0.61
816000,0.38,0.69,0.79,0.73,0.59
817000,0.39,0.72,0.82,0.67,0.58
818000,0.39,0.71,0.81,0.61,0.59
819000,0.4,0.7,0.82,0.6,0.57
820000,0.39,0.72,0.86,0.57,0.57
821000,0.39,0.71,0.91,0.56,0.57
822000,0.39,0.7,0.83,0.57,0.57
823000,0.4,0.75,0.9,0.58,0.58
824000,0.41,0.74,0.89,0.57,0.61
825000,0.36,0.75,0.86,0.57,0.65
826000,0.36,0.78,0.89,0.59,0.71
827000,0.34,0.86,0.91,0.57,0.74
828000,0.36,0.86,0.87,0.54,0.77
829000,0.34,0.87,0.87,0.52,0.79
830000,0.34,0.79,0.84,0.54,0.74
831000,0.38,0.77,0.8,0.58,0.78
832000,0.37,0.74,0.8,0.59,0.76
833000,0.39,0.73,0.8,0.67,0.78
834000,0.38,0.77,0.74,0.72,0.73
835000,0.45,0.78,0.71,0.69,0.73
836000,0.45,0.78,0.73,0.67,0.75
837000,0.45,0.79,0.66,0.67,0.76
838000,0.49,0.79,0.65,0.65,0.78
839000,0.52,0.8,0.66,0.7,0.81
840000,0.52,0.85,0.66,0.69,0.82
841000,0.49,0.86,0.63,0.62,0.83
842000,0.51,0.86,0.57,0.67,0.81
843000,0.52,0.88,0.58,0.73,0.84
844000,0.48,0.97,0.61,0.73,0.82
845000,0.48,1.05,0.59,0.69,0.79
846000,0.45,1.09,0.61,0.74,0.8
847000,0.49,1.09,0.6,0.72,0.82
848000,0.53,1.09,0.7,0.69,0.81
849000,0.52,1.14,0.72,0.69,0.79
850000,0.48,1.12,0.7,0.72,0.78
851000,0.51,1.1,0.75,0.79,0.78
852000,0.53,1.13,0.74,0.77,0.78
853000,0.55,1.14,0.75,0.83,0.78
854000,0.5,1.18,0.72,0.8,0.73
855000,0.48,1.11,0.72,0.83,0.72
856000,0.46,1.11,0.73,0.87,0.71
857000,0.48,1.06,0.75,0.85,0.7
858000,0.48,1.01,0.69,0.85,0.71
859000,0.47,0.97,0.68,0.83,0.69
860000,0.49,1.06,0.73,0.83,0.68
861000,0.49,1.04,0.75,0.83,0.69
862000,0.5,1.02,0.73,0.77,0.62
863000,0.46,0.93,0.66,0.79,0.69
864000,0.46,0.96,0.64,0.8,0.7
865000,0.43,0.94,0.64,0.79,0.73
866000,0.45,0.88,0.6,0.79,0.7
867000,0.42,0.87,0.6,0.75,0.66
868000,0.43,0.81,0.61,0.71,0.6
869000,0.43,0.86,0.66,0.7,0.59
870000,0.41,0.88,0.7,0.69,0.55
871000,0.43,0.88,0.71,0.67,0.56
872000,0.42,0.84,0.75,0.74,0.56
873000,0.44,0.84,0.76,0.74,0.57
874000,0.46,0.78,0.76,0.71,0.61
875000,0.43,0.79,0.78,0.73,0.61
876000,0.46,0.81,0.74,0.73,0.56
877000,0.47,0.89,0.73,0.74,0.55
878000,0.43,0.9,0.75,0.77,0.58
879000,0.38,0.91,0.76,0.76,0.6
880000,0.34,0.92,0.77,0.72,0.61
881000,0.29,0.95,0.84,0.74,0.65
882000,0.29,0.92,0.86,0.69,0.72
883000,0.3,0.89,0.87,0.73,0.72
884000,0.28,0.88,0.9,0.75,0.74
885000,0.27,0.94,0.84,0.78,0.76
886000,0.3,0.93,0.87,0.75,0.72
887000,0.32,0.94,0.9,0.7,0.72
888000,0.32,0.98,0.9,0.7,0.77
889000,0.3,0.97,0.88,0.69,0.83
890000,0.3,0.94,0.84,0.69,0.83
891000,0.3,0.9,0.87,0.75,0.85
892000,0.33,0.82,0.89,0.73,0.9
893000,0.35,0.79,0.94,0.74,0.87
894000,0.36,0.81,0.92,0.72,0.83
895000,0.4,0.77,0.92,0.75,0.84
896000,0.42,0.75,0.9,0.77,0.81
897000,0.44,0.79,0.93,0.78,0.81
898000,0.46,0.85,0.87,0.77,0.84
899000,0.5,0.83,0.86,0.8,0.83
900000,0.54,0.91,0.82,0.78,0.88
901000,0.56,0.85,0.85,0.79,0.91
902000,0.6,0.8,0.84,0.82,0.92
903000,0.56,0.84,0.82,0.82,0.81
904000,0.58,0.86,0.83,0.82,0.81
905000,0.6,0.94,0.84,0.79,0.73
906000,0.58,0.96,0.84,0.79,0.74
907000,0.56,0.9,0.89,0.75,0.77
908000,0.56,0.96,0.91,0.73,0.83
909000,0.55,1.01,0.86,0.8,0.79
910000,0.52,0.98,0.82,0.74,0.76
911000,0.52,0.91,0.84,0.71,0.79
912000,0.51,0.8,0.81,0.66,0.78
913000,0.54,0.84,0.87,0.71,0.79
914000,0.53,0.86,0.86,0.74,0.77
915000,0.51,0.85,0.91,0.75,0.74
916000,0.49,0.87,0.91,0.74,0.7
917000,0.53,0.85,0.91,0.77,0.77
918000,0.53,0.78,0.86,0.77,0.77
919000,0.51,0.82,0.82,0.77,0.77
920000,0.51,0.82,0.78,0.76,0.77
921000,0.53,0.77,0.79,0.76,0.78
922000,0.49,0.78,0.83,0.79,0.72
923000,0.46,0.75,0.82,0.79,0.79
924000,0.45,0.7,0.83,0.8,0.79
925000,0.46,0.69,0.83,0.74,0.79
926000,0.39,0.74,0.83,0.78,0.79
927000,0.37,0.69,0.87,0.8,0.74
928000,0.35,0.67,0.82,0.87,0.73
929000,0.34,0.69,0.81,0.86,0.8
930000,0.39,0.69,0.77,0.86,0.81
931000,0.39,0.63,0.74,0.82,0.84
932000,0.39,0.6,0.75,0.82,0.81
933000,0.42,0.58,0.8,0.8,0.77
934000,0.42,0.54,0.86,0.79,0.77
935000,0.43,0.52,0.88,0.8,0.78
936000,0.4,0.48,0.87,0.77,0.78
937000,0.41,0.52,0.9,0.77,0.77
938000,0.39,0.54,0.86,0.82,0.75
939000,0.45,0.5,0.83,0.82,0.75
940000,0.47,0.47,0.84,0.8,0.75
941000,0.47,0.54,0.82,0.79,0.72
942000,0.4,0.59,0.77,0.82,0.78
943000,0.36,0.64,0.75,0.79,0.78
944000,0.29,0.69,0.78,0.74,0.75
945000,0.36,0.7,0.84,0.75,0.7
946000,0.38,0.73,0.85,0.73,0.64
947000,0.42,0.78,0.82,0.7,0.64
948000,0.43,0.81,0.83,0.66,0.65
949000,0.44,0.84,0.81,0.69,0.62
950000,0.46,0.84,0.81,0.71,0.58
951000,0.42,0.92,0.78,0.76,0.59
952000,0.45,0.96,0.78,0.76,0.59
953000,0.46,0.99,0.81,0.77,0.59
954000,0.5,1.04,0.79,0.72,0.6
955000,0.49,1.03,0.85,0.71,0.56
956000,0.5,1.07,0.82,0.72,0.57
957000,0.57,0.98,0.84,0.77,0.58
958000,0.59,0.97,0.83,0.77,0.57
959000,0.55,0.99,0.89,0.74,0.58
960000,0.52,1.0,0.84,0.73,0.6
961000,0.55,1.04,0.8,0.71,0.6
962000,0.56,0.99,0.81,0.74,0.56
963000,0.54,0.98,0.83,0.76,0.54
964000,0.56,0.99,0.8,0.79,0.56
965000,0.58,0.97,0.82,0.81,0.57
966000,0.62,0.88,0.84,0.76,0.63
967000,0.63,0.82,0.82,0.77,0.64
968000,0.64,0.75,0.8,0.75,0.67
969000,0.61,0.68,0.84,0.69,0.66
970000,0.62,0.65,0.85,0.65,0.63
971000,0.61,0.67,0.83,0.63,0.61
972000,0.59,0.68,0.87,0.64,0.6
973000,0.57,0.58,0.87,0.63,0.64
974000,0.59,0.6,0.84,0.63,0.65
975000,0.55,0.63,0.81,0.6,0.7
976000,0.59,0.65,0.87,0.59,0.81
977000,0.61,0.66,0.89,0.61,0.86
978000,0.59,0.67,0.88,0.66,0.86
979000,0.61,0.71,0.88,0.66,0.89
980000,0.59,0.7,0.87,0.65,0.9
981000,0.57,0.78,0.87,0.61,0.9
982000,0.48,0.82,0.91,0.62,0.85
983000,0.49,0.86,0.91,0.65,0.84
984000,0.53,0.86,0.87,0.62,0.81
985000,0.51,0.9,0.85,0.61,0.83
986000,0.46,0.84,0.84,0.67,0.83
987000,0.48,0.88,0.83,0.69,0.88
988000,0.45,0.92,0.82,0.72,0.84
989000,0.41,0.97,0.87,0.76,0.86
990000,0.36,0.94,0.84,0.77,0.8
991000,0.39,0.99,0.85,0.73,0.77
992000,0.43,0.97,0.82,0.71,0.69
993000,0.41,0.96,0.87,0.71,0.7
994000,0.46,0.96,0.8,0.74,0.63
995000,0.47,0.98,0.79,0.74,0.62
996000,0.48,0.98,0.82,0.74,0.61
997000,0.49,0.97,0.74,0.7,0.58
998000,0.54,0.96,0.78,0.7,0.55
999000,0.51,0.91,0.83,0.73,0.62
1000000,0.52,0.97,0.82,0.7,0.6
1001000,0.53,1.02,0.81,0.66,0.68
1002000,0.55,1.02,0.85,0.63,0.67
1003000,0.55,0.97,0.88,0.62,0.66
1004000,0.54,0.99,0.88,0.6,0.67
1005000,0.53,0.95,0.85,0.57,0.73
1006000,0.55,1.0,0.83,0.55,0.77
1007000,0.56,1.05,0.89,0.61,0.79
1008000,0.56,1.07,0.9,0.59,0.79
1009000,0.49,1.07,0.91,0.59,0.81
1010000,0.41,1.07,0.9,0.6,0.84
1011000,0.46,1.08,0.93,0.64,0.86
1012000,0.52,1.06,0.92,0.65,0.86
1013000,0.52,1.05,0.93,0.68,0.92
1014000,0.49,0.94,0.87,0.66,0.92
1015000,0.46,0.88,0.87,0.67,0.93
1016000,0.49,0.86,0.87,0.69,0.87
1017000,0.48,0.81,0.87,0.75,0.87
1018000,0.48,0.86,0.88,0.76,0.9
1019000,0.47,0.81,0.85,0.76,0.91
1020000,0.46,0.87,0.82,0.8,0.86
1021000,0.43,0.82,0.88,0.81,0.83
1022000,0.41,0.8,0.8,0.83,0.83
1023000,0.43,0.74,0.77,0.78,0.77
1024000,0.47,0.77,0.8,0.8,0.81
1025000,0.5,0.82,0.84,0.78,0.79
1026000,0.51,0.86,0.8,0.81,0.8
1027000,0.61,0.9,0.77,0.78,0.82
1028000,0.5,0.92,0.84,0.76,0.81
1029000,0.51,1.0,0.87,0.78,0.74
1030000,0.51,1.05,0.88,0.79,0.77
1031000,0.48,1.1,0.92,0.8,0.75
1032000,0.54,1.07,0.86,0.74,0.75
1033000,0.58,1.08,0.83,0.75,0.76
1034000,0.6,1.05,0.86,0.79,0.71
1035000,0.63,1.07,0.83,0.84,0.72
1036000,0.67,1.09,0.79,0.8,0.76
1037000,0.7,1.08,0.84,0.77,0.77
1038000,0.72,1.08,0.86,0.83,0.79
1039000,0.75,1.08,0.83,0.83,0.77
1040000,0.69,1.04,0.86,0.82,0.79
1041000,0.68,1.0,0.93,0.8,0.78
1042000,0.73,1.04,0.89,0.78,0.76
1043000,0.67,1.09,0.87,0.74,0.83
1044000,0.63,1.03,0.9,0.81,0.87
1045000,0.64,1.06,0.89,0.79,0.87
1046000,0.65,1.07,0.93,0.81,0.92
1047000,0.6,1.1,0.9,0.81,0.92
1048000,0.54,1.06,0.94,0.78,0.9
1049000,0.49,1.03,0.92,0.75,0.97
1050000,0.5,1.07,0.97,0.76,0.94
1051000,0.45,1.07,1.03,0.84,0.92
1052000,0.42,1.01,0.96,0.84,0.96
1053000,0.41,0.99,0.99,0.83,0.92
1054000,0.47,1.05,0.97,0.8,1.0
1055000,0.5,1.11,0.97,0.79,0.97
1056000,0.49,1.17,0.98,0.79,0.97
1057000,0.49,1.13,0.99,0.79,0.96
1058000,0.48,1.05,0.97,0.7,0.94
1059000,0.53,1.1,0.9,0.72,0.9
1060000,0.54,1.09,0.88,0.79,0.87
1061000,0.57,1.13,0.91,0.84,0.86
1062000,0.6,1.14,0.95,0.84,0.84
1063000,0.6,1.15,0.92,0.83,0.82
1064000,0.61,1.2,0.88,0.85,0.87
1065000,0.65,1.31,0.94,0.83,0.88
1066000,0.66,1.32,0.89,0.78,0.92
1067000,0.67,1.37,0.9,0.77,0.94
1068000,0.64,1.46,0.88,0.82,0.9
1069000,0.65,1.5,0.88,0.87,0.83
1070000,0.68,1.39,0.86,0.87,0.9
1071000,0.75,1.33,0.89,0.92,0.89
1072000,0.79,1.31,0.96,0.91,0.92
1073000,0.74,1.34,1.0,0.93,0.93
1074000,0.7,1.32,0.98,0.96,0.94
1075000,0.63,1.27,0.96,1.0,0.86
1076000,0.63,1.26,0.97,0.99,0.91
1077000,0.57,1.31,0.96,0.87,0.91
1078000,0.54,1.3,0.98,0.9,0.88
1079000,0.52,1.2,1.05,0.95,0.88
1080000,0.51,1.14,1.11,0.92,0.85
1081000,0.49,1.11,1.15,0.89,0.79
1082000,0.51,1.08,1.15,0.91,0.84
1083000,0.46,1.04,1.17,0.87,0.88
1084000,0.41,1.09,1.18,0.82,0.92
1085000,0.36,1.25,1.22,0.82,0.87
1086000,0.35,1.3,1.18,0.8,0.81
1087000,0.34,1.32,1.2,0.81,0.84
1088000,0.36,1.31,1.2,0.78,0.82
1089000,0.36,1.25,1.24,0.71,0.86
1090000,0.35,1.3,1.27,0.7,0.86
1091000,0.35,1.31,1.23,0.71,0.87
1092000,0.37,1.33,1.23,0.75,0.88
1093000,0.44,1.39,1.14,0.73,0.88
1094000,0.48,1.4,1.07,0.72,0.89
1095000,0.5,1.41,1.05,0.71,0.82
1096000,0.51,1.5,1.07,0.73,0.78
1097000,0.52,1.52,1.12,0.7,0.81
1098000,0.53,1.59,1.15,0.73,0.83
1099000,0.58,1.6,1.22,0.74,0.84
1100000,0.6,1.64,1.16,0.74,0.84
1101000,0.61,1.58,1.22,0.74,0.82
1102000,0.61,1.63,1.14,0.75,0.88
1103000,0.63,1.57,1.11,0.76,0.93
1104000,0.62,1.62,1.08,0.8,0.93
1105000,0.59,1.61,1.13,0.86,0.96
1106000,0.55,1.64,1.16,0.93,0.96
1107000,0.56,1.64,1.16,0.9,0.98
1108000,0.5,1.58,1.16,0.89,0.97
1109000,0.41,1.57,1.16,0.91,0.98
1110000,0.35,1.56,1.14,0.89,1.07
1111000,0.36,1.58,1.17,0.93,1.07
1112000,0.26,1.62,1.05,0.91,1.13
1113000,0.23,1.59,1.05,0.97,1.08
1114000,0.2,1.53,1.0,0.94,1.04
1115000,0.24,1.43,1.02,1.0,1.01
1116000,0.24,1.43,1.03,0.99,1.06
1117000,0.25,1.41,1.05,0.98,0.99
1118000,0.31,1.42,1.08,0.95,0.99
1119000,0.36,1.41,1.14,0.94,0.95
1120000,0.4,1.42,1.12,0.98,1.0
1121000,0.42,1.43,1.13,0.95,0.97
1122000,0.42,1.43,1.15,0.96,1.01
1123000,0.48,1.5,1.19,0.98,1.05
1124000,0.49,1.49,1.14,1.0,1.02
1125000,0.49,1.45,1.11,1.04,0.99
1126000,0.52,1.39,1.08,1.03,1.03
1127000,0.57,1.35,1.04,1.01,0.94
1128000,0.59,1.4,1.02,0.93,1.0
1129000,0.61,1.47,1.06,0.95,1.03
1130000,0.64,1.54,1.12,0.91,0.99
1131000,0.66,1.58,1.12,0.98,0.89
1132000,0.67,1.61,1.11,0.97,0.94
1133000,0.72,1.62,1.04,1.0,0.88
1134000,0.75,1.64,0.99,0.93,0.85
1135000,0.73,1.63,1.0,0.98,0.8
1136000,0.71,1.61,0.99,0.94,0.84
1137000,0.73,1.57,0.95,0.93,0.85
1138000,0.62,1.56,1.0,0.89,0.81
1139000,0.57,1.55,1.02,0.94,0.85
1140000,0.54,1.53,0.99,0.94,0.89
1141000,0.52,1.58,1.08,0.98,0.86
1142000,0.51,1.55,1.1,1.06,0.83
1143000,0.44,1.52,1.1,1.07,0.84
1144000,0.37,1.42,1.13,1.08,0.9
1145000,0.42,1.35,1.09,1.09,0.85
1146000,0.41,1.3,1.06,1.05,0.84
1147000,0.4,1.27,1.07,1.06,0.85
1148000,0.42,1.23,1.07,1.03,0.79
1149000,0.42,1.25,1.07,0.99,0.82
1150000,0.49,1.22,1.03,1.0,0.9
1151000,0.56,1.24,1.02,1.03,0.91
1152000,0.55,1.23,1.05,1.06,0.91
1153000,0.55,1.24,1.06,1.07,0.9
1154000,0.59,1.24,0.97,1.05,0.85
1155000,0.59,1.24,0.96,1.09,0.87
1156000,0.66,1.3,0.89,1.07,0.95
1157000,0.7,1.33,0.85,1.06,0.87
1158000,0.75,1.37,0.83,1.07,0.94
1159000,0.78,1.36,0.83,1.08,0.92
1160000,0.87,1.37,0.87,1.1,1.0
1161000,0.89,1.38,0.89,1.09,1.06
1162000,0.89,1.36,0.95,1.1,1.11
1163000,0.79,1.33,0.95,1.16,1.1
1164000,0.82,1.37,0.97,1.09,1.07
1165000,0.79,1.3,1.02,1.12,1.04
1166000,0.73,1.28,0.98,1.12,0.99
1167000,0.68,1.21,0.92,1.16,1.08
1168000,0.69,1.26,0.94,1.15,1.08
1169000,0.67,1.32,1.03,1.17,1.13
1170000,0.67,1.35,1.07,1.12,1.18
1171000,0.59,1.29,1.06,1.12,1.15
1172000,0.58,1.33,1.09,1.12,1.12
1173000,0.53,1.22,1.07,1.13,1.09
1174000,0.57,1.2,1.09,1.19,1.12
1175000,0.58,1.23,1.06,1.15,0.99
1176000,0.61,1.23,1.04,1.16,0.96
1177000,0.66,1.33,1.06,1.19,0.9
1178000,0.67,1.26,1.05,1.13,0.91
1179000,0.74,1.28,1.08,1.15,0.85
1180000,0.7,1.32,1.11,1.18,0.84
1181000,0.74,1.38,1.16,1.17,0.82
1182000,0.74,1.39,1.26,1.13,0.82
1183000,0.75,1.38,1.26,1.08,0.81
1184000,0.74,1.31,1.23,1.08,0.84
1185000,0.78,1.33,1.22,1.07,0.89
1186000,0.83,1.31,1.21,1.08,0.94
1187000,0.83,1.31,1.23,1.05,0.94
1188000,0.86,1.35,1.35,1.06,0.95
1189000,0.85,1.38,1.31,1.01,0.96
1190000,0.88,1.33,1.31,0.95,0.97
1191000,0.83,1.31,1.32,0.92,1.0
1192000,0.76,1.31,1.33,0.97,1.03
1193000,0.77,1.31,1.29,1.08,1.06
1194000,0.77,1.26,1.28,1.09,1.13
1195000,0.74,1.26,1.3,1.15,1.13
1196000,0.68,1.26,1.29,1.18,1.09
1197000,0.67,1.35,1.22,1.16,1.06
1198000,0.62,1.36,1.23,1.18,1.08
1199000,0.62,1.35,1.25,1.19,1.1
1200000,0.6,1.33,1.24,1.22,1.14
1201000,0.6,1.34,1.29,1.23,1.16
1202000,0.56,1.33,1.23,1.27,1.13
1203000,0.53,1.42,1.25,1.29,1.18
1204000,0.52,1.42,1.27,1.39,1.2
1205000,0.54,1.52,1.21,1.37,1.23
1206000,0.52,1.5,1.15,1.45,1.17
1207000,0.56,1.51,1.21,1.47,1.1
1208000,0.55,1.66,1.18,1.44,1.15
1209000,0.59,1.67,1.19,1.41,1.18
1210000,0.58,1.67,1.13,1.41,1.22
1211000,0.63,1.71,1.17,1.33,1.21
1212000,0.67,1.66,1.11,1.32,1.16
1213000,0.67,1.72,1.16,1.34,1.08
1214000,0.68,1.73,1.06,1.4,1.05
1215000,0.7,1.75,1.1,1.41,1.04
1216000,0.69,1.73,1.04,1.42,0.98
1217000,0.73,1.63,0.97,1.31,1.02
1218000,0.76,1.56,0.98,1.34,1.1
1219000,0.77,1.51,1.0,1.25,1.11
1220000,0.8,1.55,0.94,1.34,1.11
1221000,0.79,1.58,0.94,1.28,1.08
1222000,0.86,1.47,0.91,1.35,1.04
1223000,0.82,1.52,1.02,1.34,1.08
1224000,0.82,1.51,0.98,1.31,1.1
1225000,0.87,1.53,1.0,1.35,1.13
1226000,0.85,1.44,1.09,1.32,1.1
1227000,0.83,1.35,1.06,1.25,1.05
1228000,0.82,1.29,1.07,1.33,1.08
1229000,0.73,1.32,1.12,1.28,1.11
1230000,0.74,1.42,1.09,1.27,1.08
1231000,0.76,1.5,1.06,1.28,1.09
1232000,0.76,1.59,1.07,1.32,1.07
1233000,0.79,1.69,1.11,1.36,1.11
1234000,0.81,1.79,1.1,1.33,1.08
1235000,0.83,1.72,1.11,1.27,1.09
1236000,0.85,1.65,1.13,1.19,1.09
1237000,0.79,1.67,1.05,1.1,1.1
1238000,0.84,1.68,1.09,1.06,1.12
1239000,0.83,1.69,1.08,1.06,1.19
1240000,0.81,1.73,0.98,1.07,1.31
1241000,0.81,1.78,1.06,1.02,1.36
1242000,0.77,1.88,1.12,1.04,1.36
1243000,0.8,1.95,1.2,1.08,1.4
1244000,0.84,1.95,1.26,1.01,1.38
1245000,0.84,1.86,1.39,1.0,1.35
1246000,0.8,1.82,1.35,1.06,1.44
1247000,0.81,1.85,1.44,0.98,1.46
1248000,0.81,1.86,1.52,0.98,1.51
1249000,0.79,1.75,1.53,0.99,1.53
1250000,0.73,1.71,1.57,1.04,1.5
1251000,0.74,1.83,1.6,1.02,1.45
1252000,0.71,1.89,1.55,1.02,1.39
1253000,0.72,1.91,1.57,1.03,1.48
1254000,0.73,1.88,1.63,1.08,1.43
1255000,0.75,1.87,1.62,1.13,1.43
1256000,0.72,1.86,1.54,1.11,1.4
1257000,0.75,1.87,1.44,1.09,1.38
1258000,0.71,1.88,1.44,1.05,1.47
1259000,0.65,1.79,1.43,1.03,1.41
1260000,0.64,1.77,1.41,1.04,1.38
1261000,0.69,1.64,1.41,1.12,1.34
1262000,0.69,1.62,1.42,1.1,1.35
1263000,0.7,1.65,1.39,1.1,1.3
1264000,0.64,1.67,1.44,1.12,1.27
1265000,0.67,1.67,1.42,1.12,1.31
1266000,0.7,1.7,1.46,1.1,1.34
1267000,0.62,1.71,1.46,1.08,1.28
1268000,0.61,1.67,1.44,1.17,1.26
1269000,0.61,1.73,1.46,1.17,1.24
1270000,0.57,1.76,1.51,1.13,1.25
1271000,0.58,1.81,1.58,1.09,1.22
1272000,0.57,1.82,1.57,1.15,1.17
1273000,0.55,1.79,1.49,1.19,1.19
1274000,0.54,1.79,1.5,1.26,1.16
1275000,0.57,1.87,1.53,1.27,1.2
1276000,0.6,1.96,1.5,1.29,1.22
1277000,0.62,2.01,1.48,1.26,1.24
1278000,0.61,2.0,1.43,1.26,1.24
1279000,0.68,2.02,1.51,1.27,1.27
1280000,0.69,2.08,1.46,1.24,1.21
1281000,0.68,2.14,1.48,1.19,1.21
1282000,0.7,2.09,1.38,1.15,1.16
1283000,0.68,2.06,1.49,1.12,1.13
1284000,0.67,2.04,1.51,1.14,1.14
1285000,0.71,2.08,1.61,1.15,1.18
1286000,0.71,1.99,1.67,1.17,1.25
1287000,0.72,2.01,1.78,1.23,1.25
1288000,0.69,1.99,1.66,1.2,1.24
1289000,0.69,2.02,1.74,1.21,1.2
1290000,0.74,1.98,1.78,1.23,1.22
1291000,0.7,1.99,1.79,1.29,1.17
1292000,0.69,1.97,1.92,1.26,1.17
1293000,0.65,1.95,1.86,1.23,1.16
1294000,0.63,1.9,1.96,1.26,1.17
1295000,0.59,1.8,1.98,1.27,1.24
1296000,0.62,1.72,1.99,1.26,1.22
1297000,0.63,1.64,1.92,1.3,1.25
1298000,0.62,1.59,1.82,1.32,1.15
1299000,0.64,1.59,1.79,1.33,1.16
1300000,0.68,1.57,1.79,1.33,1.19
1301000,0.66,1.57,1.7,1.39,1.15
1302000,0.66,1.61,1.76,1.33,1.2
1303000,0.64,1.59,1.8,1.33,1.2
1304000,0.66,1.5,1.81,1.34,1.22
1305000,0.72,1.52,1.77,1.34,1.24
1306000,0.66,1.56,1.56,1.28,1.28
1307000,0.66,1.56,1.58,1.33,1.27
1308000,0.67,1.58,1.52,1.33,1.29
1309000,0.73,1.58,1.51,1.35,1.32
1310000,0.78,1.59,1.47,1.34,1.37
1311000,0.77,1.61,1.49,1.35,1.4
1312000,0.72,1.65,1.5,1.42,1.41
1313000,0.76,1.7,1.5,1.46,1.42
1314000,0.8,1.75,1.46,1.42,1.43
1315000,0.77,1.82,1.46,1.36,1.49
1316000,0.8,1.87,1.39,1.3,1.61
1317000,0.84,1.85,1.39,1.26,1.62
1318000,0.82,1.83,1.46,1.19,1.64
1319000,0.81,1.84,1.44,1.19,1.63
1320000,0.79,1.81,1.56,1.14,1.67
1321000,0.84,1.86,1.62,1.21,1.75
1322000,0.83,1.9,1.65,1.17,1.73
1323000,0.81,1.96,1.64,1.16,1.7
1324000,0.78,2.01,1.64,1.12,1.71
1325000,0.82,2.02,1.67,1.15,1.67
1326000,0.83,2.07,1.66,1.19,1.7
1327000,0.82,1.95,1.69,1.14,1.73
1328000,0.78,2.03,1.72,1.14,1.71
1329000,0.82,2.1,1.78,1.16,1.66
1330000,0.89,2.02,1.81,1.2,1.61
1331000,0.89,2.0,1.83,1.23,1.59
1332000,0.81,2.08,1.79,1.29,1.62
1333000,0.83,2.08,1.7,1.27,1.61
1334000,0.89,2.18,1.71,1.29,1.56
1335000,0.87,2.18,1.69,1.28,1.53
1336000,0.85,2.16,1.7,1.29,1.58
1337000,0.87,2.08,1.72,1.29,1.6
1338000,0.88,2.09,1.67,1.32,1.65
1339000,0.83,2.08,1.73,1.31,1.64
1340000,0.81,2.11,1.66,1.3,1.61
1341000,0.79,2.05,1.66,1.27,1.59
1342000,0.79,2.15,1.65,1.26,1.59
1343000,0.74,2.21,1.72,1.25,1.58
1344000,0.73,2.21,1.75,1.3,1.62
1345000,0.72,2.22,1.7,1.28,1.66
1346000,0.65,2.18,1.7,1.25,1.72
1347000,0.61,2.24,1.82,1.3,1.76
1348000,0.66,2.19,1.81,1.31,1.72
1349000,0.67,2.19,1.82,1.4,1.76
1350000,0.61,2.2,1.84,1.39,1.78
1351000,0.59,2.19,1.94,1.34,1.8
1352000,0.62,2.24,1.97,1.29,1.8
1353000,0.62,2.21,1.93,1.3,1.79
1354000,0.65,2.27,1.89,1.31,1.79
1355000,0.68,2.2,2.01,1.32,1.74
1356000,0.7,2.21,1.95,1.29,1.75
1357000,0.69,2.19,1.95,1.35,1.79
1358000,0.75,2.28,1.9,1.39,1.72
1359000,0.76,2.28,1.87,1.4,1.71
1360000,0.76,2.2,1.89,1.42,1.73
1361000,0.82,2.18,1.8,1.39,1.63
1362000,0.81,2.22,1.87,1.41,1.63
1363000,0.84,2.24,1.83,1.43,1.54
1364000,0.87,2.21,1.92,1.38,1.53
1365000,0.9,2.25,1.88,1.34,1.58
1366000,0.94,2.17,1.98,1.37,1.51
1367000,0.94,2.18,2.06,1.49,1.61
1368000,0.95,2.14,2.07,1.47,1.65
1369000,0.99,2.16,2.04,1.37,1.66
1370000,1.0,2.12,2.03,1.42,1.64
1371000,1.01,2.14,2.01,1.49,1.71
1372000,1.01,2.08,2.01,1.51,1.73
1373000,1.06,2.09,2.07,1.49,1.75
1374000,1.08,2.08,2.09,1.44,1.75
1375000,1.09,2.01,2.2,1.5,1.84
1376000,1.03,2.09,2.15,1.55,1.85
1377000,1.03,2.06,2.13,1.63,1.88
1378000,0.97,2.04,2.15,1.63,1.86
1379000,1.01,2.0,2.14,1.67,1.88
1380000,1.02,2.03,2.12,1.7,1.81
1381000,1.0,2.01,2.14,1.8,1.69
1382000,0.97,2.04,2.18,1.78,1.69
1383000,0.95,2.06,2.24,1.73,1.73
1384000,0.94,2.08,2.29,1.74,1.78
1385000,0.94,2.05,2.29,1.79,1.77
1386000,0.86,1.97,2.37,1.76,1.72
1387000,0.87,2.08,2.46,1.72,1.72
1388000,0.82,2.13,2.48,1.7,1.68
1389000,0.76,2.1,2.5,1.68,1.7
1390000,0.7,2.12,2.52,1.58,1.69
1391000,0.72,2.18,2.5,1.56,1.71
1392000,0.76,2.15,2.62,1.53,1.75
1393000,0.76,2.18,2.5,1.54,1.76
1394000,0.79,2.27,2.54,1.57,1.79
1395000,0.78,2.26,2.59,1.61,1.84
1396000,0.73,2.35,2.51,1.55,1.91
1397000,0.69,2.34,2.55,1.5,1.9
1398000,0.69,2.45,2.55,1.47,1.94
1399000,0.69,2.41,2.58,1.44,1.83
1400000,0.68,2.38,2.58,1.43,1.76
1401000,0.66,2.41,2.59,1.42,1.81
1402000,0.65,2.47,2.51,1.4,1.85
1403000,0.66,2.49,2.44,1.42,1.87
1404000,0.7,2.56,2.45,1.43,1.73
1405000,0.65,2.47,2.37,1.48,1.75
1406000,0.61,2.49,2.34,1.52,1.7
1407000,0.65,2.43,2.22,1.53,1.71
1408000,0.67,2.37,2.24,1.52,1.67
1409000,0.66,2.39,2.25,1.45,1.64
1410000,0.64,2.39,2.23,1.47,1.61
1411000,0.6,2.46,2.1,1.44,1.72
1412000,0.66,2.46,2.0,1.49,1.75
1413000,0.7,2.56,1.91,1.46,1.8
1414000,0.75,2.61,1.84,1.5,1.77
1415000,0.79,2.72,1.78,1.5,1.75
1416000,0.82,2.81,1.72,1.57,1.79
1417000,0.77,2.74,1.72,1.57,1.81
1418000,0.77,2.87,1.77,1.57,1.85
1419000,0.75,2.86,1.76,1.55,1.83
1420000,0.78,2.94,1.88,1.58,1.88
1421000,0.84,2.97,1.84,1.6,1.92
1422000,0.79,3.0,1.86,1.59,1.87
1423000,0.81,3.07,1.84,1.66,1.88
1424000,0.86,3.03,1.91,1.67,1.95
1425000,0.9,3.08,2.0,1.65,1.85
1426000,0.89,3.03,2.06,1.68,1.79
1427000,0.86,3.2,2.19,1.69,1.79
1428000,0.89,3.24,2.23,1.75,1.9
1429000,0.91,3.36,2.22,1.78,1.89
1430000,0.94,3.35,2.3,1.8,1.82
1431000,0.94,3.32,2.4,1.79,1.73
1432000,0.9,3.15,2.41,1.79,1.76
1433000,0.89,3.04,2.45,1.77,1.79
1434000,0.89,2.9,2.5,1.81,1.84
1435000,0.88,2.89,2.59,1.84,1.79
1436000,0.91,2.94,2.57,1.88,1.86
1437000,0.97,2.72,2.56,1.81,1.91
1438000,0.96,2.83,2.54,1.86,1.81
1439000,0.88,2.73,2.49,1.87,1.9
1440000,0.91,2.71,2.39,1.85,1.95
1441000,0.93,2.7,2.38,1.84,1.93
1442000,0.87,2.7,2.4,1.9,1.97
1443000,0.88,2.74,2.45,1.88,1.9
1444000,0.89,2.73,2.48,1.87,1.94
1445000,0.88,2.73,2.52,1.92,2.04
1446000,0.91,2.64,2.56,1.86,2.05
1447000,0.84,2.67,2.57,1.85,1.95
1448000,0.85,2.61,2.53,1.96,1.9
1449000,0.83,2.69,2.54,1.94,1.89
1450000,0.84,2.78,2.44,1.95,1.95
1451000,0.79,2.9,2.45,1.84,1.88
1452000,0.76,2.92,2.53,1.83,1.85
1453000,0.7,2.83,2.57,1.78,1.91
1454000,0.69,2.93,2.63,1.7,1.97
1455000,0.72,2.99,2.59,1.64,1.94
1456000,0.73,3.15,2.74,1.6,2.01
1457000,0.69,3.16,2.74,1.58,2.01
1458000,0.76,3.23,2.77,1.55,1.99
1459000,0.73,3.19,2.73,1.47,1.98
1460000,0.74,3.32,2.77,1.44,1.99
1461000,0.67,3.37,2.83,1.44,2.11
1462000,0.69,3.31,2.84,1.49,2.13
1463000,0.66,3.29,2.75,1.55,2.15
1464000,0.65,3.26,2.76,1.61,2.22
1465000,0.68,3.28,2.79,1.53,2.14
1466000,0.69,3.19,2.79,1.54,2.24
1467000,0.75,3.26,2.81,1.57,2.28
1468000,0.77,3.3,2.8,1.65,2.36
1469000,0.76,3.19,2.87,1.63,2.22
1470000,0.78,3.21,2.94,1.76,2.17
1471000,0.74,3.16,2.94,1.81,2.0
1472000,0.73,3.26,2.88,1.81,1.98
1473000,0.66,3.39,2.99,1.81,2.13
1474000,0.64,3.32,2.95,1.8,2.08
1475000,0.64,3.23,2.97,1.92,2.02
1476000,0.63,3.08,3.04,1.95,1.95
1477000,0.7,3.08,3.01,1.93,1.94
1478000,0.73,3.13,2.99,1.89,1.97
1479000,0.73,3.09,3.1,1.91,1.93
1480000,0.73,3.05,3.2,1.82,1.88
1481000,0.67,3.26,3.3,1.77,1.86
1482000,0.69,3.32,3.36,1.83,1.86
1483000,0.66,3.38,3.3,1.8,1.99
1484000,0.67,3.43,3.1,1.85,2.03
1485000,0.66,3.38,2.96,1.85,2.12
1486000,0.71,3.44,2.98,1.86,2.17
1487000,0.74,3.39,2.98,1.83,2.29
1488000,0.74,3.3,3.05,1.92,2.26
1489000,0.79,3.3,2.98,1.96,2.25
1490000,0.73,3.36,2.98,2.0,2.29
1491000,0.71,3.28,2.85,1.89,2.44
1492000,0.71,3.36,2.86,1.92,2.4
1493000,0.67,3.46,2.8,1.87,2.41
1494000,0.71,3.54,2.77,1.9,2.38
1495000,0.71,3.56,2.79,1.83,2.35
1496000,0.77,3.64,2.71,1.83,2.36
1497000,0.78,3.83,2.66,1.8,2.38
1498000,0.81,3.63,2.65,1.76,2.39
1499000,0.79,3.61,2.8,1.76,2.3
1500000,0.83,3.56,2.91,1.68,2.28
1501000,0.89,3.53,3.01,1.69,2.32
1502000,0.89,3.6,3.05,1.71,2.2
1503000,0.84,3.71,3.06,1.8,2.21
1504000,0.85,3.74,3.01,1.72,2.22
1505000,0.8,3.74,3.09,1.73,2.23
1506000,0.83,3.65,3.14,1.78,2.12
1507000,0.9,3.59,3.16,1.77,2.09
1508000,0.88,3.47,3.17,1.8,2.06
1509000,0.88,3.5,3.14,1.83,2.08
1510000,0.93,3.64,3.16,1.79,2.12
1511000,0.87,3.74,3.05,1.82,2.13
1512000,0.83,3.77,3.12,1.84,2.1
1513000,0.82,3.7,3.1,1.92,2.14
1514000,0.88,3.62,3.16,1.93,2.15
1515000,0.9,3.65,3.19,1.94,2.12
1516000,0.97,3.55,3.24,1.96,2.07
1517000,0.92,3.66,3.26,2.04,1.98
1518000,0.96,3.66,3.27,2.03,1.97
1519000,1.0,3.66,3.3,1.97,1.99
1520000,0.98,3.72,3.25,2.03,2.0
1521000,1.0,3.46,3.25,2.07,2.01
1522000,0.95,3.47,3.23,2.05,2.03
1523000,0.93,3.28,3.33,2.12,2.13
1524000,0.97,3.33,3.34,2.08,2.19
1525000,0.96,3.47,3.44,1.97,2.13
1526000,0.98,3.48,3.56,1.99,2.2
1527000,1.01,3.6,3.59,1.99,2.22
1528000,0.99,3.77,3.51,2.06,2.13
1529000,0.99,3.43,3.5,2.07,2.14
1530000,0.89,3.48,3.59,2.08,2.19
1531000,0.85,3.36,3.67,2.07,2.28
1532000,0.91,3.38,3.65,2.03,2.36
1533000,0.94,3.4,3.64,2.05,2.37
1534000,0.92,3.4,3.46,2.08,2.42
1535000,0.9,3.46,3.47,2.07,2.46
1536000,0.87,3.63,3.56,2.1,2.53
1537000,0.94,3.54,3.52,1.95,2.49
1538000,0.97,3.57,3.55,1.96,2.49
1539000,0.96,3.55,3.55,1.87,2.49
1540000,0.97,3.56,3.54,1.92,2.43
1541000,1.01,3.76,3.43,1.9,2.52
1542000,1.06,3.78,3.39,1.89,2.56
1543000,0.99,3.9,3.3,1.92,2.56
1544000,0.93,3.93,3.37,1.85,2.57
1545000,0.94,4.06,3.36,1.89,2.53
1546000,1.0,3.88,3.49,1.89,2.41
1547000,1.07,3.97,3.45,1.9,2.4
1548000,1.01,4.14,3.55,1.94,2.35
1549000,0.95,4.28,3.48,1.94,2.38
1550000,0.94,4.3,3.61,1.9,2.37
1551000,0.93,4.24,3.62,1.9,2.32
1552000,0.82,4.26,3.59,1.93,2.33
1553000,0.83,4.15,3.5,2.05,2.24
1554000,0.82,4.23,3.43,2.12,2.23
1555000,0.79,4.27,3.34,2.18,2.15
1556000,0.71,4.41,3.25,2.32,2.22
1557000,0.76,4.47,3.26,2.36,2.24
1558000,0.78,4.5,3.29,2.42,2.29
1559000,0.78,4.28,3.22,2.36,2.22
1560000,0.65,4.29,3.24,2.39,2.13
1561000,0.68,4.34,3.07,2.38,2.22
1562000,0.7,3.97,3.01,2.46,2.23
1563000,0.73,4.15,3.1,2.55,2.31
1564000,0.8,4.19,3.06,2.58,2.3
1565000,0.83,4.0,2.99,2.64,2.26
1566000,0.8,3.85,3.06,2.54,2.32
1567000,0.82,3.95,3.11,2.54,2.31
1568000,0.81,4.07,3.14,2.54,2.29
1569000,0.84,3.84,3.21,2.59,2.3
1570000,0.79,3.88,3.27,2.55,2.36
1571000,0.85,3.8,3.34,2.55,2.46
1572000,0.88,3.85,3.35,2.61,2.37
1573000,0.92,3.98,3.48,2.58,2.33
1574000,0.98,3.94,3.48,2.62,2.28
1575000,1.05,3.75,3.68,2.65,2.33
1576000,1.1,3.9,3.72,2.73,2.47
1577000,1.03,3.79,3.81,2.84,2.46
1578000,1.0,3.81,3.87,2.91,2.49
1579000,0.95,3.77,3.87,3.0,2.48
1580000,1.02,3.95,3.76,3.07,2.52
1581000,1.09,4.03,3.71,3.06,2.59
1582000,1.08,4.06,3.79,3.02,2.58
1583000,1.15,3.97,3.8,2.84,2.55
1584000,1.17,4.11,3.77,2.88,2.52
1585000,1.23,4.14,3.76,2.88,2.51
1586000,1.21,4.27,3.8,2.91,2.46
1587000,1.19,4.21,3.75,2.92,2.45
1588000,1.15,4.37,3.81,2.89,2.41
1589000,1.21,4.52,3.74,2.89,2.43
1590000,1.12,4.68,3.65,2.88,2.4
1591000,1.08,4.7,3.59,2.82,2.35
1592000,1.15,4.78,3.5,2.82,2.3
1593000,1.16,4.71,3.58,2.72,2.32
1594000,1.11,4.67,3.55,2.85,2.31
1595000,1.09,4.62,3.56,2.84,2.29
1596000,1.12,4.54,3.63,2.72,2.18
1597000,1.1,4.58,3.69,2.59,2.17
1598000,1.12,4.64,3.8,2.6,2.16
1599000,1.14,4.66,3.81,2.71,2.22
1600000,1.12,4.58,3.78,2.73,2.32
1601000,1.07,4.63,3.75,2.67,2.36
1602000,1.11,4.57,3.79,2.78,2.37
1603000,0.98,4.34,3.89,2.79,2.48
1604000,0.97,4.34,4.04,2.74,2.43
1605000,0.98,4.52,4.07,2.7,2.44
1606000,0.98,4.51,4.19,2.7,2.4
1607000,0.96,4.5,4.22,2.77,2.39
1608000,0.95,4.48,4.39,2.82,2.45
1609000,0.88,4.46,4.5,2.79,2.5
1610000,0.87,4.6,4.55,2.97,2.51
1611000,0.86,4.56,4.48,2.94,2.6
1612000,0.82,4.68,4.54,2.98,2.67
1613000,0.86,4.56,4.6,3.01,2.7
1614000,0.83,4.53,4.6,2.86,2.72
1615000,0.8,4.44,4.55,2.78,2.72
1616000,0.85,4.32,4.69,2.88,2.78
1617000,0.93,4.35,4.63,3.02,2.78
1618000,0.97,4.39,4.7,3.03,2.8
1619000,1.04,4.38,4.79,3.0,2.81
1620000,1.09,4.39,4.93,2.95,2.87
1621000,1.1,4.47,4.91,2.95,2.91
1622000,1.15,4.47,5.08,2.87,3.0
1623000,1.17,4.89,5.05,2.77,3.1
1624000,1.25,5.16,5.04,2.78,3.16
1625000,1.32,5.14,5.06,2.75,3.17
1626000,1.32,5.13,5.0,2.65,3.06
1627000,1.34,5.27,4.72,2.47,3.04
1628000,1.31,5.27,4.64,2.49,2.97
1629000,1.27,5.28,4.6,2.4,2.96
1630000,1.23,5.28,4.48,2.52,2.82
1631000,1.26,5.3,4.49,2.48,2.77
1632000,1.29,5.27,4.48,2.49,2.84
1633000,1.29,5.33,4.42,2.49,2.79
1634000,1.19,5.24,4.26,2.47,2.79
1635000,1.12,5.15,4.31,2.21,2.77
1636000,1.21,5.18,4.11,2.26,2.63
1637000,1.17,5.3,4.08,2.38,2.69
1638000,1.2,5.2,3.92,2.47,2.71
1639000,1.15,5.24,3.72,2.55,2.67
1640000,1.14,5.24,3.73,2.61,2.64
1641000,1.13,5.34,3.79,2.69,2.64
1642000,1.17,5.36,3.8,2.71,2.69
1643000,1.21,5.48,3.85,2.83,2.64
1644000,1.15,5.5,3.82,2.9,2.71
1645000,1.12,5.56,3.87,3.01,2.73
1646000,1.15,5.72,3.95,3.07,2.75
1647000,1.13,5.66,3.83,3.16,2.82
1648000,1.15,5.55,3.78,3.16,2.81
1649000,1.16,5.68,3.81,3.27,2.68
1650000,1.2,5.51,3.82,3.2,2.71
1651000,1.03,5.2,3.78,3.15,2.74
1652000,0.94,5.04,3.68,3.2,2.71
1653000,0.99,5.05,3.66,3.24,2.75
1654000,0.93,5.08,3.68,3.25,2.73
1655000,0.98,5.31,3.61,3.23,2.73
1656000,0.96,5.31,3.62,3.29,2.8
1657000,0.93,5.51,3.53,3.2,2.76
1658000,0.93,5.24,3.55,3.1,2.85
1659000,0.92,5.28,3.58,3.12,2.84
1660000,0.97,5.15,3.68,3.14,2.86
1661000,1.01,5.48,3.73,3.15,2.86
1662000,1.03,5.28,3.87,3.19,2.81
1663000,1.04,5.22,4.0,3.2,2.8
1664000,1.05,5.12,4.23,3.24,2.77
1665000,1.07,5.06,4.19,3.22,2.84
1666000,1.04,5.14,4.18,3.18,2.79
1667000,1.13,5.23,4.3,3.29,2.92
1668000,1.06,5.25,4.43,3.18,2.94
1669000,1.06,5.48,4.48,3.21,2.93
1670000,1.06,5.46,4.66,3.28,2.9
1671000,1.07,5.44,4.63,3.24,2.96
1672000,1.16,5.45,4.71,3.22,2.96
1673000,1.14,5.4,4.82,3.27,2.78
1674000,1.18,5.23,4.69,3.24,2.75
1675000,1.21,5.29,4.77,3.23,2.7
1676000,1.18,5.56,4.94,3.33,2.7
1677000,1.18,5.51,4.86,3.44,2.79
1678000,1.14,5.49,4.82,3.41,2.75
1679000,1.15,5.46,4.83,3.45,2.87
1680000,1.11,5.13,4.75,3.47,2.93
1681000,1.17,5.33,4.61,3.52,2.89
1682000,1.14,5.5,4.51,3.44,2.95
1683000,1.23,5.71,4.53,3.59,2.97
1684000,1.28,5.77,4.46,3.65,3.15
1685000,1.23,5.8,4.5,3.47,3.03
1686000,1.32,5.5,4.35,3.57,3.08
1687000,1.33,5.57,4.33,3.54,2.99
1688000,1.32,5.58,4.38,3.47,2.99
1689000,1.31,5.83,4.44,3.46,2.97
1690000,1.37,5.78,4.51,3.5,3.03
1691000,1.35,5.99,4.51,3.4,2.99
1692000,1.36,6.05,4.59,3.54,3.06
1693000,1.36,5.99,4.68,3.55,3.12
1694000,1.36,6.0,4.45,3.63,3.14
1695000,1.32,5.86,4.65,3.61,3.09
1696000,1.27,5.95,4.77,3.71,3.05
1697000,1.33,6.13,4.77,3.62,3.09
1698000,1.15,6.37,4.85,3.46,3.11
1699000,1.18,6.25,4.89,3.58,3.16
1700000,1.11,6.37,4.89,3.59,3.13
1701000,1.16,6.34,4.9,3.63,3.09
1702000,1.11,6.31,4.9,3.67,3.15
1703000,1.12,6.51,5.09,3.65,3.12
1704000,1.12,6.43,5.05,3.62,3.13
1705000,1.11,6.28,5.02,3.48,3.25
1706000,1.1,6.35,5.26,3.33,3.28
1707000,1.13,6.13,5.3,3.45,3.31
1708000,1.06,6.14,5.3,3.45,3.28
1709000,1.13,6.22,5.37,3.5,3.37
1710000,1.04,6.49,5.25,3.38,3.33
1711000,1.07,6.49,5.36,3.43,3.31
1712000,1.03,6.45,5.31,3.42,3.32
1713000,1.04,6.43,5.37,3.5,3.39
1714000,1.01,6.49,5.29,3.38,3.28
1715000,0.99,6.26,5.41,3.38,3.25
1716000,0.93,6.48,5.25,3.38,3.26
1717000,0.89,6.16,5.31,3.58,3.21
1718000,0.93,6.07,5.25,3.57,3.19
1719000,0.92,5.87,5.34,3.68,3.21
1720000,1.01,5.52,5.29,3.45,3.2
1721000,1.05,5.14,5.26,3.39,3.16
1722000,1.06,5.02,5.32,3.37,3.11
1723000,1.06,5.11,5.15,3.43,3.08
1724000,1.07,4.71,5.18,3.65,3.03
1725000,1.06,4.82,5.23,3.66,3.1
1726000,1.07,4.81,5.18,3.71,3.11
1727000,1.09,4.97,5.09,3.93,3.09
1728000,1.14,5.02,5.02,3.94,3.05
1729000,1.09,4.74,5.07,3.97,3.19
1730000,1.17,4.85,4.95,3.95,3.19
1731000,1.25,4.57,4.97,4.06,3.09
1732000,1.29,4.43,4.91,4.07,3.08
1733000,1.28,4.47,5.0,4.3,3.16
1734000,1.28,4.47,4.9,4.26,3.14
1735000,1.29,4.67,5.03,4.15,3.22
1736000,1.24,4.54,5.07,4.16,3.25
1737000,1.22,4.46,4.98,4.22,3.35
1738000,1.19,4.48,4.99,4.29,3.39
1739000,1.26,4.41,4.91,4.03,3.4
1740000,1.29,4.56,5.05,4.09,3.5
1741000,1.26,4.63,5.03,4.09,3.54
1742000,1.28,4.77,5.04,4.19,3.61
1743000,1.22,4.88,5.06,4.28,3.75
1744000,1.19,5.0,5.02,4.23,3.73
1745000,0.99,5.1,4.85,4.34,3.69
1746000,0.95,4.9,4.97,4.28,3.69
1747000,0.86,4.84,4.95,4.3,3.77
1748000,0.9,4.65,4.84,4.34,3.87
1749000,0.95,4.8,4.98,4.38,3.73
1750000,0.97,4.88,4.97,4.25,3.77
1751000,0.96,5.0,4.98,4.11,3.86
1752000,1.01,5.04,5.1,3.99,3.88
1753000,1.07,5.11,5.03,3.79,3.85
1754000,0.98,4.98,5.15,3.76,3.71
1755000,0.98,5.11,4.9,3.85,3.73
1756000,0.99,5.13,5.02,3.71,3.69
1757000,1.04,5.37,4.92,3.89,3.65
1758000,1.04,5.18,4.85,3.87,3.62
1759000,1.1,5.36,4.8,3.98,3.56
1760000,1.17,5.2,4.88,3.91,3.57
1761000,1.21,5.46,4.93,3.94,3.51
1762000,1.14,5.55,5.03,3.76,3.46
1763000,1.1,5.56,5.03,3.86,3.46
1764000,1.13,5.68,5.06,3.83,3.3
1765000,1.03,5.63,5.22,3.89,3.26
1766000,1.05,5.53,5.07,3.92,3.14
1767000,1.09,5.36,5.12,3.92,3.06
1768000,1.11,5.38,5.17,3.85,2.99
1769000,1.1,5.39,5.24,3.96,2.99
1770000,1.09,5.76,5.18,4.01,2.99
1771000,1.07,5.79,5.19,4.0,3.1
1772000,1.07,6.04,5.11,4.09,3.22
1773000,1.13,6.32,5.11,4.17,3.23
1774000,1.06,6.54,4.97,4.13,3.27
1775000,1.07,6.65,4.95,4.23,3.39
1776000,1.09,6.79,4.86,4.12,3.32
1777000,1.06,6.74,4.96,4.2,3.14
1778000,1.04,6.89,5.02,4.11,3.21
1779000,1.04,6.66,5.11,4.09,3.36
1780000,1.07,6.92,5.21,4.1,3.26
1781000,1.09,7.14,5.14,4.02,3.38
1782000,1.11,6.95,5.32,4.16,3.46
1783000,1.13,6.64,5.37,4.24,3.43
1784000,1.13,6.71,5.46,4.36,3.39
1785000,1.12,6.69,5.51,4.59,3.57
1786000,1.14,6.88,5.47,4.48,3.59
1787000,1.16,6.68,5.64,4.5,3.71
1788000,1.2,6.77,5.6,4.5,3.74
1789000,1.2,6.76,5.52,4.55,3.83
1790000,1.25,7.1,5.47,4.55,3.85
1791000,1.24,7.36,5.52,4.64,4.07
1792000,1.19,7.3,5.55,4.48,4.02
1793000,1.23,7.23,5.61,4.59,3.96
1794000,1.17,7.19,5.59,4.57,3.94
1795000,1.19,7.38,5.61,4.48,4.02
1796000,1.22,7.42,5.48,4.49,3.95
1797000,1.23,7.42,5.65,4.49,3.89
1798000,1.2,7.77,5.64,4.52,3.93
1799000,1.2,7.99,5.7,4.54,4.0
1800000,1.22,7.88,5.59,4.44,4.07
1801000,1.18,8.04,5.48,4.46,3.98
1802000,1.22,8.17,5.63,4.46,3.93
1803000,1.19,7.9,5.7,4.7,4.0
1804000,1.17,7.9,5.65,4.61,4.16
1805000,1.23,7.61,5.69,4.56,4.17
1806000,1.21,7.61,5.68,4.4,4.29
1807000,1.26,7.41,5.46,4.3,4.21
1808000,1.29,7.3,5.57,4.34,4.11
1809000,1.36,7.36,5.49,4.32,4.06
1810000,1.4,7.19,5.79,4.16,4.11
1811000,1.42,7.12,5.93,4.17,3.9
1812000,1.43,7.25,5.88,4.15,3.8
1813000,1.47,7.16,5.79,4.12,3.95
1814000,1.46,7.42,5.9,4.05,3.97
1815000,1.51,7.44,6.02,4.19,4.2
1816000,1.5,7.43,6.13,4.15,3.93
1817000,1.54,7.58,6.16,4.39,3.91
1818000,1.54,7.11,6.17,4.37,3.93
1819000,1.59,6.83,6.15,4.41,3.94
1820000,1.62,6.81,6.25,4.37,4.0
1821000,1.63,6.57,6.24,4.35,4.04
1822000,1.58,6.53,6.42,4.34,3.94
1823000,1.55,6.28,6.38,4.5,3.99
1824000,1.54,6.01,5.82,4.3,4.08
1825000,1.48,6.15,5.84,4.26,3.86
1826000,1.55,5.71,5.73,4.44,3.76
1827000,1.55,5.49,5.88,4.41,3.7
1828000,1.57,5.56,5.93,4.44,3.73
1829000,1.58,5.44,5.91,4.54,3.67
1830000,1.6,5.64,5.97,4.41,3.66
1831000,1.64,5.86,5.78,4.42,3.8
1832000,1.58,5.75,5.63,4.47,3.79
1833000,1.61,5.89,5.67,4.4,3.81
1834000,1.59,6.04,5.66,4.42,3.78
1835000,1.54,6.13,5.57,4.43,3.39
1836000,1.6,6.47,5.37,4.63,3.55
1837000,1.54,6.73,5.31,4.72,3.68
1838000,1.6,6.71,5.3,4.76,3.64
1839000,1.61,6.86,5.4,4.63,3.71
1840000,1.57,6.73,5.28,4.64,3.79
1841000,1.55,6.77,4.98,4.74,3.67
1842000,1.64,6.81,5.03,4.69,3.76
1843000,1.69,6.72,5.08,4.89,3.73
1844000,1.69,6.85,5.31,4.99,3.75
1845000,1.74,7.13,5.3,4.92,3.72
1846000,1.7,7.35,5.34,4.87,3.73
1847000,1.63,7.29,5.06,4.85,3.7
1848000,1.68,7.85,5.0,4.82,3.85
1849000,1.67,7.82,5.07,4.67,3.86
1850000,1.69,8.18,5.14,4.87,3.98
1851000,1.73,8.31,5.11,4.78,4.15
1852000,1.79,8.34,5.1,4.88,4.24
1853000,1.84,8.44,5.02,4.88,4.08
1854000,1.79,8.29,5.19,4.82,4.17
1855000,1.77,8.2,5.32,4.9,4.34
1856000,1.73,8.26,5.2,4.86,4.5
1857000,1.76,8.47,5.33,4.73,4.52
1858000,1.76,8.71,5.48,4.71,4.44
1859000,1.76,8.61,5.44,4.72,4.41
1860000,1.65,8.76,5.35,4.92,4.39
1861000,1.6,9.08,5.44,4.97,4.3
1862000,1.58,8.99,5.5,5.09,4.36
1863000,1.52,8.53,5.65,5.2,4.45
1864000,1.54,8.03,5.48,5.36,4.3
1865000,1.54,7.85,5.26,5.35,4.31
1866000,1.55,7.71,5.44,5.31,4.38
1867000,1.58,7.66,5.53,5.28,4.18
1868000,1.52,7.65,5.42,5.25,4.19
1869000,1.49,7.42,5.64,5.15,4.08
1870000,1.41,7.46,5.49,5.27,4.07
1871000,1.35,6.58,5.56,5.21,3.83
1872000,1.25,6.32,5.52,5.36,3.76
1873000,1.27,6.23,5.47,5.48,3.92
1874000,1.29,6.21,5.64,5.41,3.95
1875000,1.26,6.05,5.83,5.39,3.86
1876000,1.29,6.29,5.69,5.29,3.86
1877000,1.37,6.46,5.62,5.26,3.77
1878000,1.3,6.35,5.77,5.16,3.78
1879000,1.34,6.56,5.68,5.35,3.69
1880000,1.37,6.79,5.66,5.44,3.71
1881000,1.33,7.02,5.53,5.49,3.85
1882000,1.36,7.22,5.59,5.67,3.75
1883000,1.39,7.45,5.64,5.65,3.74
1884000,1.4,7.34,5.46,5.47,3.82
1885000,1.43,7.28,5.41,5.01,3.79
1886000,1.49,7.38,5.44,4.8,3.86
1887000,1.54,7.7,5.29,4.72,3.97
1888000,1.59,7.27,5.27,4.74,4.06
1889000,1.69,7.47,5.4,4.79,4.16
1890000,1.78,7.54,5.25,4.93,4.12
1891000,1.88,7.71,5.25,5.07,4.15
1892000,1.86,7.95,5.16,4.99,4.26
1893000,1.89,8.1,5.18,4.75,4.07
1894000,1.91,8.23,5.04,4.9,4.01
1895000,2.0,8.32,4.99,4.66,3.84
1896000,2.03,8.41,5.01,4.66,3.86
1897000,1.98,8.55,4.97,4.71,3.93
1898000,1.99,9.1,4.98,4.83,4.1
1899000,2.1,9.11,5.13,4.93,4.14
1900000,2.06,9.39,5.3,5.07,4.23
1901000,2.12,9.32,5.3,5.02,4.2
1902000,2.07,9.65,5.36,4.79,4.17
1903000,2.12,9.86,5.16,4.74,4.17
1904000,2.12,9.95,5.39,4.66,4.32
1905000,2.09,10.15,5.46,4.82,4.34
1906000,2.06,10.04,5.51,4.78,4.55
1907000,2.13,10.21,5.64,5.07,4.57
1908000,2.09,10.33,5.65,5.23,4.5
1909000,2.08,10.09,5.74,5.38,4.53
1910000,2.12,10.12,5.84,5.53,4.35
1911000,2.07,10.08,5.87,5.5,4.38
1912000,2.02,9.74,5.93,5.73,4.45
1913000,1.91,9.16,5.96,5.67,4.39
1914000,1.84,8.97,6.47,5.7,4.47
1915000,1.75,8.18,6.45,5.65,4.29
1916000,1.64,8.15,6.47,5.83,4.4
1917000,1.71,8.58,6.37,5.94,4.6
1918000,1.69,8.81,6.4,5.88,4.86
1919000,1.66,8.78,6.37,5.88,4.77
1920000,1.6,8.76,6.27,6.23,4.57
1921000,1.63,9.1,6.3,6.29,4.49
1922000,1.72,8.79,6.32,6.3,4.45
1923000,1.65,8.74,6.08,6.56,4.48
1924000,1.65,8.56,6.0,6.51,4.45
1925000,1.74,8.69,5.87,6.45,4.41
1926000,1.68,8.71,5.89,6.59,4.5
1927000,1.75,7.91,6.12,6.7,4.58
1928000,1.66,8.0,6.17,6.69,4.41
1929000,1.75,8.35,6.16,6.87,4.35
1930000,1.8,8.34,6.17,6.9,4.4
1931000,1.86,8.38,6.11,6.48,4.35
1932000,2.0,8.67,6.14,6.59,4.41
1933000,2.07,8.48,6.33,6.16,4.42
1934000,2.11,8.48,6.42,6.06,4.39
1935000,2.0,8.73,6.36,5.93,4.39
1936000,2.16,8.59,5.79,5.77,4.48
1937000,2.21,8.33,5.77,5.6,4.29
1938000,2.25,8.1,5.87,5.37,4.13
1939000,2.34,8.14,5.91,5.41,4.19
1940000,2.31,8.33,5.92,5.45,4.21
1941000,2.29,8.32,6.08,5.49,4.31
1942000,2.34,8.48,6.2,5.56,4.52
1943000,2.27,8.62,5.91,5.37,4.51
1944000,2.3,8.99,5.92,5.42,4.46
1945000,2.27,9.07,6.08,5.07,4.51
1946000,2.25,9.07,6.09,5.1,4.41
1947000,2.23,9.75,6.47,5.26,4.59
1948000,2.21,10.12,6.33,5.44,4.4
1949000,2.16,10.2,6.44,5.26,4.53
1950000,2.17,10.2,5.96,5.13,4.47
1951000,2.17,10.87,6.0,4.85,4.49
1952000,2.04,11.24,6.21,4.82,4.48
1953000,2.06,10.58,6.23,4.93,4.41
1954000,2.16,10.52,6.06,4.88,4.25
1955000,2.21,10.85,5.85,4.98,4.23
1956000,2.24,11.32,6.0,5.18,4.33
1957000,2.3,11.21,6.0,5.12,4.4
1958000,2.4,11.19,6.17,5.09,4.37
1959000,2.4,11.57,6.27,5.34,4.42
1960000,2.37,11.76,6.39,5.28,4.52
1961000,2.37,11.76,6.37,5.53,4.53
1962000,2.41,11.9,6.24,5.53,4.53
1963000,2.41,11.97,6.29,5.27,4.53
1964000,2.43,12.07,6.11,5.46,4.6
1965000,2.52,11.75,6.13,5.48,4.67
1966000,2.57,11.57,6.06,5.6,4.9
1967000,2.64,11.85,6.05,5.61,4.87
1968000,2.61,11.51,6.21,5.54,4.88
1969000,2.55,11.44,6.34,5.67,4.84
1970000,2.61,11.67,6.16,6.02,4.9
1971000,2.66,11.41,6.07,6.07,4.69
1972000,2.69,11.59,6.14,6.31,4.84
1973000,2.75,11.83,6.12,6.4,4.87
1974000,2.66,11.93,6.42,6.21,5.19
1975000,2.44,12.1,6.12,6.28,5.13
1976000,2.23,12.03,6.15,6.66,5.24
1977000,2.17,11.71,6.32,6.89,5.14
1978000,2.21,11.99,6.48,6.92,5.23
1979000,2.25,12.0,6.2,7.02,5.22
1980000,2.21,12.18,6.15,7.1,5.26
1981000,2.16,12.84,6.08,7.19,5.33
1982000,2.15,12.46,6.03,7.32,5.39
1983000,2.3,11.86,5.97,7.39,5.46
1984000,2.19,11.84,6.08,7.5,5.5
1985000,2.07,11.95,6.01,7.48,5.39
1986000,2.07,11.95,6.27,7.51,5.51
1987000,2.11,12.59,6.37,7.48,5.65
1988000,2.08,11.67,6.46,7.25,5.77
1989000,2.11,11.93,6.61,7.4,5.64
1990000,2.11,12.0,6.75,7.51,5.47
1991000,2.0,11.7,6.78,7.49,5.21
1992000,2.01,11.65,6.79,7.73,5.49
1993000,2.05,11.59,6.63,7.91,5.47
1994000,2.13,10.93,6.66,8.03,5.43
1995000,2.16,11.58,6.81,7.94,5.4
1996000,2.18,11.66,6.78,7.95,4.89
1997000,2.06,11.3,6.58,7.96,4.96
1998000,2.13,11.37,6.54,7.92,5.1
1999000,2.19,11.54,6.34,7.48,5.12
2000000,2.11,11.56,6.52,7.15,5.22
2001000,2.17,11.33,6.36,7.25,5.08
2002000,2.18,11.27,6.51,7.03,5.0
2003000,2.19,11.43,6.65,7.24,5.06
2004000,2.26,12.09,6.53,7.0,4.87
2005000,2.4,12.1,6.75,6.75,4.98
2006000,2.47,12.22,6.85,6.77,4.98
2007000,2.5,12.28,6.83,6.77,4.98
2008000,2.52,12.0,6.66,6.77,5.03
2009000,2.52,12.3,6.28,7.1,4.85
2010000,2.57,12.29,6.21,7.16,4.9
2011000,2.63,12.34,6.19,7.29,4.87
2012000,2.69,12.32,6.2,7.27,4.93
2013000,2.61,12.5,5.9,7.39,4.98
2014000,2.7,12.65,5.91,7.38,4.99
2015000,2.71,12.65,6.09,7.6,4.8
2016000,2.77,12.94,6.17,7.87,4.89
2017000,2.83,12.03,6.25,8.01,4.99
2018000,2.74,12.0,6.09,8.26,4.98
2019000,2.81,12.49,6.12,8.29,5.15
2020000,2.83,12.65,6.16,8.54,5.14
2021000,2.82,11.67,6.43,8.66,5.23
2022000,2.91,11.46,6.7,8.44,5.11
2023000,2.89,11.65,6.46,8.41,5.15
2024000,2.89,12.06,6.34,8.43,5.19
2025000,2.79,11.95,6.2,8.38,5.37
2026000,2.82,12.22,6.21,8.3,5.53
2027000,2.84,11.73,5.97,8.34,5.39
2028000,2.78,11.71,5.96,8.42,5.31
2029000,2.77,11.89,5.93,8.34,5.4
2030000,2.85,11.32,6.05,8.1,5.34
2031000,2.89,11.86,6.14,8.23,5.26
2032000,2.88,11.89,6.23,8.18,5.34
2033000,3.07,11.89,6.18,8.41,5.48
2034000,3.14,12.42,6.29,8.49,5.37
2035000,3.06,12.24,6.35,8.3,5.41
2036000,3.15,12.37,6.42,8.18,5.62
2037000,3.18,12.48,6.69,8.09,5.41
2038000,3.27,12.6,6.78,7.2,5.46
2039000,3.34,12.53,6.55,7.05,5.44
2040000,3.35,12.27,6.57,6.96,5.55
2041000,3.4,12.08,6.56,6.9,5.37
2042000,3.34,11.88,6.64,6.68,5.26
2043000,3.42,11.92,6.65,6.77,5.26
2044000,3.42,12.29,6.82,6.1,5.28
2045000,3.43,12.54,6.79,6.13,5.4
2046000,3.47,12.61,6.39,5.87,5.5
2047000,3.48,12.8,6.53,5.78,5.58
2048000,3.47,13.11,6.57,5.74,5.6
2049000,3.45,12.62,6.59,5.77,5.63
2050000,3.32,13.07,6.93,5.91,5.54
2051000,3.4,12.84,6.96,5.97,5.67
2052000,3.21,12.87,7.02,5.72,5.67
2053000,3.24,12.76,6.88,5.86,5.86
2054000,3.18,12.83,7.1,5.83,5.9
2055000,3.22,12.78,7.02,5.9,6.03
2056000,3.18,12.38,7.2,6.01,6.06
2057000,3.22,12.81,7.22,5.91,6.13
2058000,3.19,12.84,7.4,5.72,6.19
2059000,3.22,12.68,7.19,5.59,5.88
2060000,3.04,12.68,7.05,5.84,5.82
2061000,3.11,12.67,7.08,5.92,5.62
2062000,2.99,12.24,6.93,6.11,5.65
2063000,3.06,12.29,6.99,6.26,5.72
2064000,3.18,12.65,7.02,6.35,5.74
2065000,3.03,12.67,7.42,6.6,5.63
2066000,2.98,12.6,7.25,6.76,5.63
2067000,2.98,11.94,7.32,6.97,5.71
2068000,2.9,12.18,7.38,6.77,5.91
2069000,2.93,12.31,7.29,6.66,6.02
2070000,3.09,11.93,7.64,6.78,5.85
2071000,3.07,12.11,7.64,6.71,5.98
2072000,2.96,12.04,7.73,6.68,5.94
2073000,2.95,12.18,7.85,6.78,6.07
2074000,2.96,11.94,7.85,7.07,5.81
2075000,3.01,12.1,7.91,7.09,5.79
2076000,2.85,12.07,7.78,7.15,5.7
2077000,3.02,12.31,7.89,7.02,5.5
2078000,3.02,12.71,7.9,7.02,5.54
2079000,3.08,12.99,7.78,7.09,5.45
2080000,3.11,12.78,7.82,7.18,5.62
2081000,3.06,13.07,7.82,7.18,5.61
2082000,3.04,12.91,8.22,7.53,5.35
2083000,3.01,12.32,8.1,7.4,5.34
2084000,3.03,12.0,8.05,7.35,5.25
2085000,3.04,12.37,8.38,7.5,5.38
2086000,3.09,12.62,8.31,7.62,5.53
2087000,3.27,12.31,8.41,7.65,5.46
2088000,3.11,12.52,8.53,7.48,5.53
2089000,3.07,12.59,8.61,7.26,5.64
2090000,3.0,12.44,8.41,7.37,5.62
2091000,3.04,12.52,8.59,7.34,5.32
2092000,3.01,12.73,8.84,7.36,5.25
2093000,3.04,12.09,8.28,7.79,5.28
2094000,3.13,12.39,8.18,7.7,5.33
2095000,3.11,12.53,8.04,7.72,5.48
2096000,3.24,12.24,8.09,7.64,5.38
2097000,3.22,12.46,7.79,7.61,5.5
2098000,3.22,12.73,7.81,7.66,5.39
2099000,3.3,12.93,8.04,7.71,5.54
2100000,3.37,13.47,8.19,7.79,5.47
2101000,3.39,13.83,7.95,7.62,5.54
2102000,3.38,14.15,8.06,7.72,5.47
2103000,3.39,14.37,8.02,7.4,5.46
2104000,3.4,14.37,8.22,7.66,5.28
2105000,3.42,14.74,8.31,7.89,5.24
2106000,3.35,14.79,8.33,8.11,5.23
2107000,3.18,14.77,8.3,8.13,5.19
2108000,3.33,15.03,7.65,8.26,5.36
2109000,3.55,15.26,7.57,7.89,5.18
2110000,3.5,14.95,7.83,7.92,5.13
2111000,3.67,15.16,7.74,7.4,5.19
2112000,3.66,15.03,7.85,7.41,4.9
2113000,3.75,14.93,7.76,7.38,5.02
2114000,3.76,15.27,7.83,7.14,5.02
2115000,3.68,15.09,7.7,7.13,5.06
2116000,3.82,15.41,7.96,7.09,4.96
2117000,3.73,15.64,8.11,7.38,5.06
2118000,3.6,15.48,8.46,7.46,4.83
2119000,3.46,14.81,8.59,7.33,4.94
2120000,3.49,14.84,8.83,6.69,4.89
2121000,3.46,14.32,8.51,6.59,4.54
2122000,3.55,14.41,8.56,6.59,4.58
2123000,3.51,14.35,8.94,6.95,4.72
2124000,3.58,14.52,9.17,6.95,4.86
2125000,3.75,14.41,9.44,6.92,4.8
2126000,3.79,14.71,9.49,7.03,4.81
2127000,3.87,14.43,9.47,7.08,4.7
2128000,3.95,14.69,9.31,7.26,4.77
2129000,3.81,14.62,9.45,7.37,4.81
2130000,3.75,14.24,9.83,7.57,5.16
2131000,3.67,14.49,9.68,7.48,5.2
2132000,3.53,14.46,9.65,7.49,5.31
2133000,3.42,14.86,10.03,7.09,5.4
2134000,3.5,14.82,10.07,7.04,5.23
2135000,3.7,15.43,9.9,7.05,5.36
2136000,3.69,15.51,9.68,7.02,5.34
2137000,3.72,15.84,9.85,7.38,5.45
2138000,3.82,15.8,10.08,7.53,5.67
2139000,3.88,16.06,10.3,7.52,5.77
2140000,3.9,15.92,10.36,7.38,5.68
2141000,3.84,16.08,10.54,7.32,5.73
2142000,3.85,16.36,10.72,7.38,5.82
2143000,3.78,16.31,10.92,7.55,5.92
2144000,3.78,15.93,11.02,7.71,5.86
2145000,3.78,16.25,10.92,7.68,5.7
2146000,3.58,15.7,10.76,7.44,5.58
2147000,3.49,15.81,11.04,7.5,5.67
2148000,3.38,15.38,11.08,7.73,5.69
2149000,3.5,15.48,11.21,7.89,5.72
2150000,3.55,15.07,10.93,7.97,5.73
2151000,3.42,15.04,10.9,8.04,5.77
2152000,3.58,14.94,10.72,8.36,5.86
2153000,3.45,14.32,10.75,7.92,5.94
2154000,3.28,14.69,11.1,8.05,6.1
2155000,3.24,14.93,11.39,8.14,6.05
2156000,3.3,14.17,11.28,7.99,5.62
2157000,2.96,13.82,11.52,7.98,5.63
2158000,2.92,14.1,11.16,7.65,5.7
2159000,2.98,14.44,11.29,7.26,5.81
2160000,3.07,14.62,11.38,7.44,5.91
2161000,3.37,14.42,11.29,7.6,6.13
2162000,3.4,14.72,11.26,7.78,6.31
2163000,3.51,14.98,11.51,8.13,6.45
2164000,3.58,15.33,11.41,8.07,6.36
2165000,3.51,15.07,11.3,8.0,6.44
2166000,3.66,15.08,11.01,7.92,6.31
2167000,3.76,15.28,11.01,7.66,6.36
2168000,3.77,15.46,11.06,7.61,6.41
2169000,3.82,15.46,11.29,7.79,6.37
2170000,3.78,15.41,11.1,7.93,6.46
2171000,3.67,15.38,11.38,8.08,6.24
2172000,3.72,15.52,11.53,8.55,6.45
2173000,3.99,15.79,11.61,8.81,6.39
2174000,4.02,15.52,11.68,8.92,6.47
2175000,4.25,15.52,11.69,8.96,6.43
2176000,4.21,16.62,11.71,8.83,6.59
2177000,4.22,16.54,11.78,8.82,6.6
2178000,4.26,16.3,11.65,8.95,6.24
2179000,4.44,16.23,11.52,8.83,6.09
2180000,4.51,15.6,11.38,8.69,5.9
2181000,4.55,15.42,11.12,8.34,5.97
2182000,4.36,15.35,11.21,8.39,6.02
2183000,4.39,15.24,10.86,8.36,6.11
2184000,4.32,15.14,10.86,8.67,6.25
2185000,4.39,15.22,11.11,8.51,6.11
2186000,4.36,15.43,11.35,8.38,6.11
2187000,4.41,16.05,11.28,8.37,5.67
2188000,4.27,16.18,11.33,8.51,5.64
2189000,4.39,16.31,11.4,8.58,5.69
2190000,4.43,16.35,11.04,8.74,5.71
2191000,4.61,16.45,10.93,8.92,5.37
2192000,4.61,15.98,11.24,8.9,5.43
2193000,4.71,16.32,11.46,8.88,5.21
2194000,4.97,16.35,11.41,9.16,5.29
2195000,4.73,16.66,11.46,9.23,5.42
2196000,4.77,17.04,11.58,9.06,5.47
2197000,4.74,17.02,11.95,8.74,5.4
2198000,4.54,17.21,11.81,8.9,5.47
2199000,4.55,16.96,12.08,8.98,5.68
2200000,4.7,17.06,12.11,9.0,5.44
2201000,4.5,17.12,12.17,9.17,5.32
2202000,4.62,17.06,12.32,9.4,5.21
2203000,4.55,16.41,12.22,9.48,5.34
2204000,4.39,16.26,12.03,9.51,5.58
2205000,4.46,16.72,11.96,9.53,5.65
2206000,4.35,16.43,11.84,9.41,5.34
2207000,4.46,16.64,11.89,9.49,5.23
2208000,4.27,16.5,12.11,9.01,5.27
2209000,4.15,16.7,12.0,9.15,5.69
2210000,4.26,17.14,11.3,9.06,5.59
2211000,4.33,17.24,11.49,9.06,5.75
2212000,4.19,17.25,11.35,9.7,5.74
2213000,4.17,16.42,11.18,9.54,5.7
2214000,4.25,16.89,11.44,9.41,5.59
2215000,4.21,16.87,11.67,9.35,5.71
2216000,4.24,16.87,11.82,9.45,5.88
2217000,4.54,17.6,11.78,9.43,5.93
2218000,4.54,17.5,12.06,9.34,6.21
2219000,4.74,17.41,12.39,9.38,6.22
2220000,4.8,17.71,12.53,9.26,6.29
2221000,4.92,17.55,12.79,9.16,6.45
2222000,4.89,17.52,12.96,9.33,6.33
2223000,5.09,17.13,12.99,9.32,6.07
2224000,4.91,17.02,12.95,9.25,6.37
2225000,5.08,17.27,13.17,9.25,6.54
2226000,5.1,17.34,12.96,9.05,6.56
2227000,4.92,17.45,12.9,9.05,6.55
2228000,4.91,17.54,12.99,9.15,6.6
2229000,4.83,17.09,13.15,9.44,6.7
2230000,4.92,16.4,12.31,9.02,6.75
2231000,5.15,16.72,12.24,9.06,6.37
2232000,5.28,16.29,12.29,8.9,6.34
2233000,5.33,16.42,12.35,8.88,6.36
2234000,5.21,16.28,12.35,8.32,6.59
2235000,5.17,16.33,12.92,8.22,6.86
2236000,5.37,16.5,13.07,8.12,6.97
2237000,5.47,16.48,12.98,8.11,6.64
2238000,5.25,15.92,12.57,8.11,6.67
2239000,5.32,15.69,12.36,8.1,6.41
2240000,5.37,15.59,12.36,7.91,6.53
2241000,5.09,16.06,12.26,7.52,6.55
2242000,5.28,16.01,12.63,7.37,6.75
2243000,5.26,16.54,12.63,7.5,6.52
2244000,5.28,16.61,13.15,7.69,6.62
2245000,5.13,16.42,13.03,7.97,6.68
2246000,5.03,16.54,13.47,8.17,6.45
2247000,5.0,16.75,13.93,8.23,6.45
2248000,4.84,16.77,13.86,8.35,6.39
2249000,5.02,16.7,13.85,8.49,6.44
2250000,5.09,16.93,13.59,8.39,6.47
2251000,5.17,17.15,13.99,8.5,5.82
2252000,5.34,17.56,13.91,8.38,5.74
2253000,5.3,17.31,14.07,8.37,5.86
2254000,5.16,17.32,14.34,8.48,6.0
2255000,5.11,17.8,14.14,8.11,6.15
2256000,5.22,17.65,13.93,8.03,6.29
2257000,5.15,17.0,13.53,8.05,6.5
2258000,5.29,16.88,13.26,8.12,6.63
2259000,5.45,16.7,13.05,7.79,6.71
2260000,5.25,16.78,12.75,7.88,6.74
2261000,5.24,17.1,12.39,8.37,6.55
2262000,5.43,16.64,12.2,8.41,6.13
2263000,5.4,16.87,11.91,8.32,6.34
2264000,5.24,16.58,12.02,8.39,6.31
2265000,5.15,15.72,12.07,8.37,6.3
2266000,5.06,15.71,11.72,8.33,6.47
2267000,5.14,15.98,11.76,8.57,6.19
2268000,5.03,15.73,12.34,8.45,5.95
2269000,5.16,15.81,12.34,8.53,5.85
2270000,5.37,15.86,12.12,8.38,6.04
2271000,5.46,15.53,11.26,8.51,5.92
2272000,5.43,15.79,11.33,8.87,5.86
2273000,5.48,16.03,11.91,8.63,5.99
2274000,5.51,15.36,11.55,8.84,5.87
2275000,5.66,15.7,11.69,9.02,5.77
2276000,5.97,16.03,11.46,9.23,5.9
2277000,6.0,15.57,11.47,8.92,6.15
2278000,6.21,15.58,11.47,8.84,6.3
2279000,6.14,15.6,11.23,8.76,6.23
2280000,5.9,15.6,11.31,8.81,6.09
2281000,6.07,16.32,10.64,8.92,5.83
2282000,5.77,16.37,10.48,8.88,5.51
2283000,5.8,16.69,10.57,9.17,5.66
2284000,5.6,16.69,10.93,8.82,5.87
2285000,5.6,16.68,10.64,8.8,6.07
2286000,5.77,16.96,10.64,8.65,6.22
2287000,5.86,16.54,11.26,8.67,6.19
2288000,6.07,16.96,10.87,8.8,6.25
2289000,6.25,17.23,10.99,8.72,6.1
2290000,6.16,17.22,11.0,8.86,6.27
2291000,6.43,17.0,11.24,8.81,6.19
2292000,6.45,16.8,11.52,8.84,6.05
2293000,6.41,16.9,11.61,8.29,6.18
2294000,6.26,16.98,11.87,8.28,5.96
2295000,6.35,17.26,12.01,8.18,5.95
2296000,6.35,17.06,12.01,8.29,5.85
2297000,6.56,15.76,12.24,8.38,6.08
2298000,6.2,15.93,12.43,8.58,6.11
2299000,5.92,15.96,12.49,8.45,6.03
2300000,5.95,15.74,12.72,8.6,6.1
2301000,6.11,16.02,12.81,8.67,6.37
2302000,6.27,15.65,13.14,8.71,6.1
2303000,6.15,15.84,13.59,8.71,6.1
2304000,6.2,15.31,13.55,8.54,6.2
2305000,6.38,15.7,13.4,8.58,6.19
2306000,6.47,15.7,13.45,8.68,6.36
2307000,6.54,16.39,13.92,8.3,6.54
2308000,6.69,16.09,14.07,8.47,6.81
2309000,6.74,15.93,13.85,8.39,6.55
2310000,6.75,15.78,13.85,8.34,6.41
2311000,6.43,15.95,13.81,8.36,6.16
2312000,6.42,15.61,14.33,8.2,6.13
2313000,6.39,15.82,14.25,8.3,6.27
2314000,6.63,15.82,13.58,8.15,6.48
2315000,6.44,15.9,14.01,8.15,6.32
2316000,6.38,15.9,14.22,8.6,6.48
2317000,6.47,16.66,14.26,8.74,6.46
2318000,6.47,16.66,14.62,9.0,6.22
2319000,6.57,16.64,14.62,9.09,6.25
2320000,6.57,16.66,15.21,9.26,6.4
2321000,6.72,16.84,15.29,9.38,6.47
2322000,6.62,17.1,14.78,9.67,6.53
2323000,6.87,17.1,14.95,9.78,6.81
2324000,6.73,16.89,14.82,9.95,6.63
2325000,6.75,17.04,14.8,9.94,6.65
2326000,6.82,16.95,14.67,10.04,6.5
2327000,6.72,17.2,14.87,9.85,6.24
2328000,6.9,16.76,14.87,10.0,6.37
2329000,6.96,17.57,15.36,10.23,6.23
2330000,7.08,17.77,15.37,10.41,6.06
2331000,7.27,17.77,15.18,10.48,6.22
2332000,7.15,17.61,15.18,10.56,5.71
2333000,7.08,17.2,15.58,10.56,6.04
2334000,7.23,17.2,15.96,10.37,6.15
2335000,6.87,18.15,16.14,10.65,6.08
2336000,6.83,18.15,16.27,10.82,6.18
2337000,6.9,18.87,16.32,10.74,6.15
2338000,7.03,19.05,16.32,10.71,6.28
2339000,6.78,19.17,16.82,10.7,6.09
2340000,6.88,18.86,16.94,10.82,6.32
2341000,6.92,18.6,17.14,10.73,6.2
2342000,6.9,18.22,16.63,10.63,6.44
2343000,7.21,18.6,16.63,10.36,6.51
2344000,7.21,18.86,17.14,10.37,6.61
2345000,7.21,18.81,17.43,10.21,6.8
2346000,7.12,18.87,17.38,10.33,6.92
2347000,7.23,19.13,17.68,10.2,6.99
2348000,7.08,18.86,17.57,10.04,7.06
2349000,7.29,18.61,17.19,10.14,6.58
2350000,7.26,18.88,16.83,10.3,6.59
2351000,7.09,19.11,16.62,9.74,6.71
2352000,6.86,18.95,16.52,9.92,6.68
2353000,7.04,18.13,16.33,9.92,6.84
2354000,6.9,18.42,16.17,9.72,7.13
2355000,6.96,18.56,16.13,9.93,7.34
2356000,6.9,18.77,15.92,9.93,7.48
2357000,7.12,19.48,15.79,10.18,7.5
2358000,7.11,19.48,15.97,9.86,7.77
2359000,7.14,20.12,15.97,10.0,8.03
2360000,7.29,19.9,15.84,9.95,8.1
2361000,7.27,20.27,15.64,10.05,7.85
2362000,7.45,20.37,14.58,9.98,8.15
2363000,7.42,20.5,14.61,10.45,8.34
2364000,7.52,20.29,14.85,10.48,8.05
2365000,7.74,19.55,14.64,10.48,8.14
2366000,7.71,19.76,14.84,10.32,8.16
2367000,7.24,19.23,14.89,10.14,8.23
2368000,7.28,19.86,14.84,10.1,8.28
2369000,7.43,19.33,15.17,10.24,8.1
2370000,7.23,19.59,15.17,10.11,7.96
2371000,7.04,19.24,15.67,10.39,7.68
2372000,7.14,19.34,15.51,9.73,7.68
2373000,7.32,19.6,15.08,9.73,8.19
2374000,7.22,19.6,14.92,9.5,8.03
2375000,7.41,19.72,13.92,9.41,7.91
2376000,7.62,18.99,13.88,9.26,8.0
2377000,7.8,18.4,14.06,9.29,7.99
2378000,8.04,18.4,14.06,9.36,8.07
2379000,7.8,17.46,13.79,9.28,8.22
2380000,7.79,16.8,13.15,9.34,7.94
2381000,7.67,16.52,13.34,9.46,8.06
2382000,7.81,16.54,13.86,9.48,8.27
2383000,7.63,16.54,14.17,9.44,7.73
2384000,7.73,17.5,13.77,9.38,7.95
2385000,7.5,17.57,14.27,9.33,7.73
2386000,7.79,17.56,13.95,9.4,8.0
2387000,7.62,17.42,13.7,9.24,7.64
2388000,7.53,17.64,13.84,9.26,7.53
2389000,7.46,17.71,13.79,9.03,7.36
2390000,7.63,17.71,13.71,8.96,7.17
2391000,7.67,18.27,13.7,8.71,7.39
2392000,8.13,18.49,13.79,8.83,7.22
2393000,8.37,18.49,13.62,9.09,7.15
2394000,8.44,18.78,14.01,9.2,7.17
2395000,8.24,18.95,14.1,9.39,7.31
2396000,8.25,19.35,14.06,9.67,7.3
2397000,8.12,19.51,13.89,9.61,7.22
2398000,7.92,19.32,14.12,9.9,7.34
2399000,8.15,19.64,13.37,9.51,7.64
2400000,7.98,19.65,13.35,9.53,7.59
2401000,7.66,19.65,13.58,9.42,7.03
2402000,7.85,20.43,13.83,9.36,7.24
2403000,7.78,20.74,13.83,9.0,7.25
2404000,7.82,20.33,14.29,8.81,7.05
2405000,8.0,19.35,14.91,8.71,7.18
2406000,8.31,19.09,15.09,8.93,7.08
2407000,8.55,19.75,15.46,9.01,7.21
2408000,8.86,19.32,15.77,9.09,7.5
2409000,8.88,19.51,15.61,9.42,7.51
2410000,9.14,19.28,15.53,9.77,7.33
2411000,9.18,19.42,15.43,9.77,7.33
2412000,9.06,19.26,15.45,9.82,7.47
2413000,9.24,19.24,15.47,10.1,7.17
2414000,9.68,19.85,15.56,10.14,7.08
2415000,9.84,19.68,14.76,10.11,7.08
2416000,9.89,19.87,14.57,10.17,7.06
2417000,9.75,19.87,14.36,10.41,7.29
2418000,9.73,20.35,14.71,10.26,7.4
2419000,9.76,20.35,14.71,10.23,7.56
2420000,9.58,21.19,14.97,10.25,7.35
2421000,9.91,21.19,14.19,10.44,7.38
2422000,9.2,21.4,14.5,10.43,7.37
2423000,9.25,21.38,14.5,10.59,7.22
2424000,9.22,21.79,15.21,10.42,7.25
2425000,9.23,21.41,15.3,10.6,7.35
2426000,9.14,21.63,14.59,10.4,7.58
2427000,9.4,22.03,14.9,10.74,7.44
2428000,9.59,21.6,15.08,10.56,7.44
2429000,9.74,21.78,14.54,10.32,7.44
2430000,9.62,21.98,15.03,10.17,7.72
2431000,9.78,22.58,15.34,10.06,7.83
2432000,10.0,22.59,15.28,9.77,7.67
2433000,10.16,22.59,14.98,9.63,7.66
2434000,10.36,21.96,15.25,9.78,7.77
2435000,10.03,22.28,15.35,9.59,7.76
2436000,10.27,22.01,15.49,9.74,7.81
2437000,10.4,22.33,15.69,9.67,8.08
2438000,9.62,21.82,15.7,10.0,8.09
2439000,9.27,21.01,15.59,10.19,8.19
2440000,9.24,21.0,15.52,10.35,8.15
2441000,8.91,21.14,15.66,10.2,7.97
2442000,8.16,20.86,15.69,10.42,8.15
2443000,8.05,21.23,16.13,10.71,8.08
2444000,8.13,21.26,15.91,10.44,7.99
2445000,8.16,21.49,16.49,10.17,8.14
2446000,8.32,21.36,16.79,10.09,8.25
2447000,7.99,21.33,16.86,10.15,7.95
2448000,8.16,20.91,16.86,9.93,8.0
2449000,8.33,21.08,17.26,9.79,8.08
2450000,8.76,21.49,17.72,9.86,8.08
2451000,8.43,21.8,16.8,9.83,8.09
2452000,8.64,21.78,16.25,10.02,7.97
2453000,8.64,22.03,15.82,10.35,7.87
2454000,8.27,22.56,15.73,10.0,7.98
2455000,8.37,22.26,16.09,10.11,7.78
2456000,8.5,21.98,16.19,10.07,7.87
2457000,8.49,21.98,16.44,9.96,7.83
2458000,8.21,21.89,16.56,10.32,7.71
2459000,8.35,22.18,16.66,10.02,7.69
2460000,8.49,22.57,16.66,10.09,7.55
2461000,8.11,23.13,16.82,10.44,7.71
2462000,8.15,23.25,17.27,10.58,7.47
2463000,8.48,23.31,17.52,10.77,7.51
2464000,8.45,23.51,17.91,10.54,7.22
2465000,8.59,23.51,17.99,10.6,6.52
2466000,8.99,24.25,17.99,10.6,6.63
2467000,9.18,24.25,18.58,10.71,6.47
2468000,9.39,24.97,18.82,10.32,6.68
2469000,9.56,23.81,18.94,10.64,6.73
2470000,9.89,21.88,19.38,10.54,6.94
2471000,10.22,21.9,19.27,10.44,7.08
2472000,10.46,21.84,19.53,10.44,6.93
2473000,10.6,22.34,19.48,10.82,7.18
2474000,10.98,22.34,18.19,10.79,7.23
2475000,11.01,22.17,18.53,10.89,7.42
2476000,10.93,21.42,18.47,11.0,7.29
2477000,10.83,21.34,18.96,11.13,7.27
2478000,10.94,21.67,18.51,11.23,7.14
2479000,11.1,22.35,18.34,11.39,7.17
2480000,11.26,22.34,17.52,11.46,7.3
2481000,11.5,22.6,17.55,11.82,7.55
2482000,11.43,23.15,17.59,12.14,7.75
2483000,11.52,22.5,17.73,11.83,7.93
2484000,11.57,21.97,17.18,11.99,7.89
2485000,11.79,22.2,16.74,11.58,7.97
2486000,11.73,22.16,16.03,11.64,7.86
2487000,11.99,22.16,15.63,11.66,7.86
2488000,11.98,22.25,15.27,11.75,8.17
2489000,12.4,22.33,15.27,11.74,7.85
2490000,12.94,22.35,16.1,11.96,7.82
2491000,12.9,22.35,15.9,11.94,7.75
2492000,13.06,23.24,15.95,12.03,7.83
2493000,13.25,23.81,15.95,11.69,7.86
2494000,13.2,23.84,15.82,12.08,7.96
2495000,13.54,23.84,15.46,12.03,8.2
2496000,13.48,23.46,15.48,12.19,8.27
2497000,13.59,23.11,15.48,12.39,8.24
2498000,13.72,23.39,16.25,12.37,8.24
2499000,13.77,23.08,16.33,12.03,8.4
2500000,13.87,22.81,16.43,11.79,7.94
2501000,13.69,22.03,15.76,11.62,7.83
2502000,13.39,22.04,15.52,11.48,7.32
2503000,13.85,21.48,15.42,11.49,7.05
2504000,14.2,21.81,15.46,11.65,7.02
2505000,13.6,22.01,15.12,11.64,7.15
2506000,13.55,22.48,14.7,11.51,7.21
2507000,13.62,22.84,14.72,11.65,7.07
2508000,13.09,22.84,15.48,11.53,6.96
2509000,13.04,22.74,14.41,11.44,6.82
2510000,13.11,23.31,13.95,10.7,7.01
2511000,13.13,22.22,13.8,10.48,7.12
2512000,13.23,21.69,13.51,10.17,7.1
2513000,13.06,21.13,13.51,9.88,6.82
2514000,13.26,21.27,13.71,10.1,6.86
2515000,13.48,20.95,13.36,10.13,7.28
2516000,13.23,20.75,13.69,10.13,6.86
2517000,13.31,21.34,13.19,10.31,6.82
2518000,13.39,21.35,13.63,10.31,7.09
2519000,13.43,22.36,13.77,10.18,7.13
2520000,13.36,22.59,13.97,10.43,7.28
2521000,13.26,22.66,14.25,10.51,7.08
2522000,13.23,22.39,14.64,10.48,6.86
2523000,13.53,21.82,14.76,10.46,6.76
2524000,13.24,22.39,14.76,10.42,7.03
2525000,13.26,22.39,15.16,10.42,7.1
2526000,13.75,22.55,15.24,10.75,6.84
2527000,14.29,22.55,15.57,10.77,6.98
2528000,14.11,23.83,15.58,10.83,7.0
2529000,14.11,24.08,15.76,11.08,7.15
2530000,14.26,24.69,16.0,10.78,7.31
2531000,14.09,24.85,15.93,11.05,7.45
2532000,14.27,24.4,16.41,11.08,7.48
2533000,14.12,24.09,16.79,10.66,7.36
2534000,14.4,24.84,16.77,10.39,7.29
2535000,14.23,24.99,16.93,10.39,7.25
2536000,13.96,25.5,17.5,10.97,7.44
2537000,13.71,25.5,17.5,10.97,7.51
2538000,13.69,25.51,18.15,11.33,7.18
2539000,13.94,25.94,18.6,11.27,7.02
2540000,13.94,26.03,17.75,11.45,6.74
2541000,14.3,26.06,17.68,11.27,6.93
2542000,14.07,26.3,17.59,11.17,6.6
2543000,14.24,26.95,18.25,10.85,6.73
2544000,14.4,26.38,18.3,10.99,6.61
2545000,14.08,26.62,18.32,10.72,6.81
2546000,14.18,27.13,17.34,10.78,6.69
2547000,14.14,27.32,17.37,10.94,6.44
2548000,14.19,26.41,17.17,10.97,6.47
2549000,13.76,26.08,17.17,11.28,6.64
2550000,13.74,25.4,17.56,11.52,6.71
2551000,13.93,25.28,18.33,11.74,6.64
2552000,14.08,25.88,18.19,11.78,6.58
2553000,14.24,25.86,18.14,11.96,7.05
2554000,14.19,25.86,18.19,11.52,6.9
2555000,14.33,26.33,17.93,11.88,6.94
2556000,14.0,26.63,17.19,11.67,7.09
2557000,14.16,26.01,17.86,11.27,6.98
2558000,14.05,25.11,18.03,10.98,7.13
2559000,14.18,25.11,18.53,10.62,7.18
2560000,14.6,25.79,18.61,10.81,6.94
2561000,14.77,25.08,18.69,10.78,7.06
2562000,14.5,24.65,18.18,10.97,7.04
2563000,14.5,25.04,18.2,10.71,6.7
2564000,15.3,24.67,18.72,10.93,6.89
2565000,15.65,24.76,18.94,10.41,7.05
2566000,15.79,24.71,19.19,10.58,7.31
2567000,15.6,25.1,19.29,10.34,7.46
2568000,15.61,24.54,19.23,10.15,7.46
2569000,15.48,24.46,19.23,10.42,7.39
2570000,14.95,23.16,20.1,10.46,7.42
2571000,14.62,23.16,20.35,10.09,7.49
2572000,14.08,23.81,20.73,10.14,7.86
2573000,14.47,23.85,20.72,10.68,7.87
2574000,14.6,23.69,19.89,10.28,8.11
2575000,14.6,21.7,19.65,10.46,7.83
2576000,15.41,21.77,19.09,10.5,7.94
2577000,15.17,20.38,18.53,10.85,8.02
2578000,15.59,20.86,18.41,10.78,7.81
2579000,15.88,21.05,18.52,10.69,7.66
2580000,15.27,20.84,18.43,10.78,7.78
2581000,15.12,19.86,18.74,10.78,7.91
2582000,15.09,19.8,18.18,11.39,7.59
2583000,14.92,19.72,18.07,11.37,7.48
2584000,15.19,19.63,18.45,11.42,7.5
2585000,14.91,19.44,18.89,11.64,7.61
2586000,14.88,19.44,17.31,11.27,7.25
2587000,15.0,19.64,17.07,11.3,7.38
2588000,15.1,19.51,17.07,11.53,7.41
2589000,15.78,18.39,17.01,11.16,7.25
2590000,15.81,18.7,16.78,11.11,7.24
2591000,15.73,18.7,16.82,11.21,7.47
2592000,15.64,18.95,16.98,11.07,7.4
2593000,15.87,18.95,17.48,11.1,6.93
2594000,15.9,20.03,17.39,11.0,6.93
2595000,15.9,20.23,17.81,10.96,7.01
2596000,16.41,20.77,17.83,11.09,7.1
2597000,16.29,20.98,18.32,11.22,6.94
2598000,16.44,20.8,18.53,11.54,6.58
2599000,16.44,20.73,18.53,11.71,6.55
2600000,15.39,19.94,19.31,11.51,6.38
2601000,15.5,20.57,19.54,11.87,6.42
2602000,15.34,20.69,18.72,11.82,6.82
2603000,13.99,20.7,19.18,11.88,6.88
2604000,13.92,19.84,19.39,11.85,7.07
2605000,14.1,19.93,19.42,12.15,7.14
2606000,13.98,19.92,19.56,11.77,7.21
2607000,14.14,19.67,19.72,11.94,7.39
2608000,14.28,19.66,19.93,11.97,7.36
2609000,14.66,19.7,18.58,12.16,7.38
2610000,14.75,20.08,18.59,12.08,7.44
2611000,15.09,19.86,18.75,12.08,7.62
2612000,14.67,19.75,18.56,12.37,7.1
2613000,14.81,19.98,18.77,12.42,7.29
2614000,14.1,20.2,18.96,11.86,7.6
2615000,13.9,20.34,18.63,11.78,7.49
2616000,13.89,20.14,18.79,11.72,7.51
2617000,13.9,19.98,18.96,12.03,7.71
2618000,14.08,20.28,18.64,11.76,7.81
2619000,13.88,20.16,18.63,11.95,7.72
2620000,13.92,20.22,18.02,12.01,7.86
2621000,13.7,20.47,17.31,12.65,7.95
2622000,13.89,20.89,17.47,12.06,7.64
2623000,13.96,20.62,17.76,12.06,7.55
2624000,13.62,20.62,17.91,12.37,7.55
2625000,14.0,20.94,18.48,12.63,7.77
2626000,13.63,21.0,18.48,12.76,8.22
2627000,14.09,20.83,18.53,13.14,8.28
2628000,14.21,21.13,18.41,13.08,8.55
2629000,14.39,21.41,18.67,13.14,8.29
2630000,14.31,21.26,19.08,13.3,8.38
2631000,14.17,20.08,19.04,13.38,8.03
2632000,14.38,20.18,19.17,13.15,7.93
2633000,14.29,20.43,19.05,12.92,7.84
2634000,14.66,21.1,19.15,12.79,7.89
2635000,14.23,21.43,18.17,12.67,7.99
2636000,14.08,21.91,18.17,12.72,7.96
2637000,14.16,22.13,18.78,12.92,8.05
2638000,14.16,22.52,18.91,13.06,8.07
2639000,14.96,22.88,19.3,12.37,8.04
2640000,14.71,22.42,18.59,12.38,8.23
2641000,15.09,22.8,18.51,12.39,8.17
2642000,15.25,22.32,18.76,12.56,8.26
2643000,15.52,23.01,19.33,12.57,7.9
2644000,15.85,23.11,19.16,12.64,7.88
2645000,15.39,22.94,19.8,12.6,7.49
2646000,14.88,23.0,19.47,12.92,7.57
2647000,15.37,22.88,19.27,12.76,7.43
2648000,14.99,22.98,19.22,12.76,7.38
2649000,15.2,22.73,19.04,12.87,7.49
2650000,15.43,22.43,19.41,12.91,7.52
2651000,15.43,22.78,17.91,13.16,7.61
2652000,15.81,23.08,17.42,12.99,7.21
2653000,15.45,23.54,17.05,12.95,7.22
2654000,15.85,23.9,17.2,13.1,7.34
2655000,15.84,23.65,17.49,13.1,7.12
2656000,16.1,24.04,17.14,13.12,7.16
2657000,15.99,24.69,17.29,13.56,6.99
2658000,16.23,24.95,17.74,13.42,6.96
2659000,16.04,24.41,17.85,13.42,7.03
2660000,16.04,24.31,18.0,14.04,6.75
2661000,16.95,23.84,17.83,14.24,6.68
2662000,17.02,23.83,18.27,14.33,6.84
2663000,16.93,24.19,18.09,14.31,6.79
2664000,17.3,24.66,18.14,14.51,6.89
2665000,17.42,25.14,17.94,14.68,6.79
2666000,17.49,24.81,17.4,14.51,6.8
2667000,18.11,24.91,17.55,13.94,6.72
2668000,18.09,24.97,17.55,14.01,6.89
2669000,18.66,24.98,17.73,13.47,7.09
2670000,18.08,25.2,18.06,12.78,7.2
2671000,17.42,25.2,18.06,12.72,7.28
2672000,17.52,25.62,18.55,12.96,7.28
2673000,17.53,25.59,18.79,13.29,7.41
2674000,17.65,25.51,18.67,13.08,7.68
2675000,17.59,25.75,18.91,13.05,7.73
2676000,16.71,25.8,18.85,13.34,7.73
2677000,16.96,25.6,19.18,13.38,7.97
2678000,17.15,25.96,19.12,13.84,8.12
2679000,17.41,26.37,19.23,14.05,8.5
2680000,17.47,26.48,19.51,14.13,8.5
2681000,16.75,25.97,19.66,14.33,8.88
2682000,17.22,25.28,19.63,14.05,8.81
2683000,17.12,25.37,19.81,13.71,8.84
2684000,17.37,25.69,19.44,13.76,8.91
2685000,17.39,26.08,19.44,13.96,8.81
2686000,17.5,26.48,19.37,14.21,8.63
2687000,17.21,26.74,19.76,14.21,8.62
2688000,17.73,27.35,20.24,14.54,8.83
2689000,17.57,27.35,20.45,14.12,8.87
2690000,17.37,27.66,20.14,14.46,9.05
2691000,18.08,26.29,20.03,14.47,9.31
2692000,18.29,26.16,19.96,14.06,9.51
2693000,17.31,25.78,20.22,13.99,9.49
2694000,17.5,25.78,19.86,14.16,9.67
2695000,17.5,25.92,19.35,13.88,9.42
2696000,17.66,24.48,18.63,13.64,9.51
2697000,17.66,24.06,18.63,13.86,9.18
2698000,18.27,24.06,17.81,13.93,9.17
2699000,18.63,24.5,18.05,13.08,9.12
2700000,18.15,24.82,17.86,12.69,9.04
2701000,17.96,24.93,18.68,13.01,8.98
2702000,18.17,25.12,18.74,12.16,8.93
2703000,17.74,25.12,18.94,12.27,9.14
2704000,17.74,25.82,18.96,11.59,9.1
2705000,18.13,25.7,19.13,11.42,8.81
2706000,17.67,25.96,19.56,11.3,8.61
2707000,17.85,25.89,19.41,11.45,8.26
2708000,17.93,25.62,19.42,11.57,8.35
2709000,17.0,26.25,18.95,11.45,8.35
2710000,17.0,26.82,19.28,11.5,8.1
2711000,17.63,26.63,19.28,11.81,8.01
2712000,17.63,26.48,19.51,11.28,7.83
2713000,17.63,26.81,19.51,11.21,7.86
2714000,18.41,26.81,20.32,10.88,7.69
2715000,17.89,27.08,20.2,11.21,7.7
2716000,17.97,27.25,20.14,11.26,8.23
2717000,18.15,27.27,20.16,11.42,8.12
2718000,18.39,27.51,20.03,11.26,8.05
2719000,18.57,27.58,20.19,11.4,8.02
2720000,18.92,28.49,20.39,11.47,8.04
2721000,18.79,28.49,20.15,11.62,7.57
2722000,19.39,29.28,19.91,11.8,7.74
2723000,19.64,27.64,20.18,11.89,7.56
2724000,19.64,27.64,20.02,11.9,7.76
2725000,19.44,28.14,19.72,11.81,7.55
2726000,18.9,27.64,19.32,11.71,7.58
2727000,18.65,27.59,19.27,11.79,7.75
2728000,18.07,27.71,18.73,11.79,7.67
2729000,18.25,27.33,18.69,12.03,7.49
2730000,17.82,27.58,18.69,11.86,7.41
2731000,18.11,27.69,18.56,11.66,7.25
2732000,17.45,27.69,18.17,11.66,7.33
2733000,17.18,28.07,18.48,11.37,7.4
2734000,17.26,28.2,18.4,11.78,7.42
2735000,17.35,28.03,18.43,12.02,8.07
2736000,16.95,27.43,18.51,12.0,8.13
2737000,17.19,27.48,17.88,12.03,7.99
2738000,16.93,27.57,17.88,12.13,7.98
2739000,16.43,27.35,17.59,12.36,7.9
2740000,16.39,28.1,17.71,12.56,8.06
2741000,16.18,27.81,18.21,12.7,8.17
2742000,16.17,27.81,18.01,12.79,8.2
2743000,15.4,28.72,18.07,12.69,8.37
2744000,16.02,29.39,17.84,12.85,8.34
2745000,15.86,29.34,18.21,12.85,8.54
2746000,15.83,30.06,18.57,13.46,8.28
2747000,16.11,29.3,18.63,13.5,8.74
2748000,16.43,29.39,18.7,13.71,8.46
2749000,16.43,29.23,18.98,13.7,8.32
2750000,17.13,29.54,19.01,13.78,8.23
2751000,16.32,29.52,19.04,14.22,8.27
2752000,16.65,29.52,18.51,14.13,8.24
2753000,15.85,29.55,17.77,14.13,8.33
2754000,15.97,29.66,17.77,14.71,8.19
2755000,15.92,30.13,18.11,14.76,8.33
2756000,15.92,30.05,18.41,14.71,8.27
2757000,16.51,30.78,18.3,14.65,8.57
2758000,15.87,30.78,18.3,14.6,8.62
2759000,16.14,30.54,18.77,14.63,8.82
2760000,16.37,30.83,18.63,14.32,9.0
2761000,16.37,30.83,17.79,13.94,8.92
2762000,17.12,30.91,17.66,14.22,9.03
2763000,15.9,30.91,17.77,14.14,9.16
2764000,15.9,31.76,17.79,14.2,9.3
2765000,16.35,32.03,17.6,14.0,9.46
2766000,16.73,30.5,17.67,14.19,9.56
2767000,17.03,30.71,17.67,14.54,9.54
2768000,17.03,30.28,17.94,14.62,9.72
2769000,17.32,30.72,17.92,14.49,9.13
2770000,17.56,30.11,17.57,14.63,9.1
2771000,17.57,30.49,17.7,14.54,9.15
2772000,17.84,30.04,17.37,14.73,9.28
2773000,17.92,30.03,17.64,14.26,9.43
2774000,17.81,30.0,17.76,14.22,9.25
2775000,17.81,30.26,17.45,14.48,9.25
2776000,17.71,30.36,17.23,14.59,9.33
2777000,17.96,30.84,17.65,14.55,9.27
2778000,17.8,30.74,18.16,14.6,9.34
2779000,17.98,30.74,18.46,14.93,8.94
2780000,17.83,31.4,18.81,15.55,8.89
2781000,17.46,29.22,18.69,15.19,9.12
2782000,17.62,29.52,19.14,15.12,9.21
2783000,17.84,28.81,19.0,14.91,9.09
2784000,17.98,29.01,19.55,14.96,9.07
2785000,18.14,29.01,19.27,14.71,9.34
2786000,18.34,30.24,19.27,14.56,9.44
2787000,18.67,30.24,19.56,14.67,9.39
2788000,18.34,31.2,19.86,14.64,9.43
2789000,18.73,30.65,19.94,13.84,9.64
2790000,18.41,30.65,19.82,13.58,9.53
2791000,17.97,31.71,19.49,13.33,9.52
2792000,17.45,31.74,19.64,12.98,9.65
2793000,17.25,31.97,19.64,12.21,9.41
2794000,17.08,32.42,20.01,12.14,9.44
2795000,17.19,31.67,19.57,12.07,9.28
2796000,17.27,31.8,19.68,12.28,9.35
2797000,17.25,30.62,19.71,12.35,9.44
2798000,17.28,31.04,19.45,12.86,9.57
2799000,17.49,31.04,19.45,12.85,9.34
2800000,16.35,31.5,19.53,12.77,9.37
2801000,16.2,31.63,19.74,12.88,9.39
2802000,15.44,29.61,19.74,12.57,9.61
2803000,15.44,29.61,19.85,12.55,9.57
2804000,15.55,28.8,19.83,13.0,9.7
2805000,14.69,29.03,19.99,12.72,9.38
2806000,14.56,28.43,19.98,12.04,9.19
2807000,14.08,27.91,19.9,12.22,9.24
2808000,14.55,28.21,19.04,12.45,9.2
2809000,14.31,27.79,18.98,12.5,9.23
2810000,14.39,28.4,18.98,12.5,9.72
2811000,14.23,28.59,19.23,12.23,9.9
2812000,14.73,28.33,18.8,11.88,10.0
2813000,14.67,28.39,19.11,11.48,10.17
2814000,14.85,28.39,18.94,11.43,9.94
2815000,15.3,29.03,18.78,11.32,10.0
2816000,15.61,28.51,18.78,11.32,10.2
2817000,15.72,28.51,19.39,12.06,10.23
2818000,16.19,29.17,19.4,11.29,10.4
2819000,16.25,28.62,18.75,11.38,10.5
2820000,16.74,28.84,18.75,11.37,10.23
2821000,16.93,29.21,18.99,11.37,10.23
2822000,17.01,28.35,19.01,12.09,10.42
2823000,16.9,28.98,18.84,11.56,10.56
2824000,16.89,28.98,18.5,11.87,10.2
2825000,17.0,29.03,18.4,11.84,10.39
2826000,16.68,28.72,18.79,11.84,10.34
2827000,16.87,28.68,18.02,12.59,10.55
2828000,16.95,28.17,18.02,12.5,10.45
2829000,17.1,28.17,18.69,12.51,10.36
2830000,17.33,28.48,18.33,12.66,10.32
2831000,17.47,28.48,18.87,12.83,10.23
2832000,17.83,29.28,18.52,13.29,10.44
2833000,17.98,28.74,18.52,13.62,10.63
2834000,17.9,28.8,19.11,13.57,10.49
2835000,17.88,28.8,19.21,13.81,10.41
2836000,18.57,29.44,19.28,13.91,10.69
2837000,18.51,30.22,19.84,14.15,10.53
2838000,19.18,30.22,19.83,14.26,10.38
2839000,19.18,30.88,20.42,14.14,10.42
2840000,19.46,30.55,19.82,14.2,10.16
2841000,19.78,30.91,19.68,13.73,10.47
2842000,20.1,31.28,20.03,13.86,10.66
2843000,20.35,31.28,20.21,13.86,10.75
2844000,20.46,32.0,20.21,14.56,10.97
2845000,20.46,32.47,20.89,14.24,10.95
2846000,21.14,33.33,20.89,14.2,11.09
2847000,20.85,33.13,21.49,14.49,10.73
2848000,20.92,33.13,21.71,14.49,10.46
2849000,20.97,33.13,21.81,14.94,9.65
2850000,21.54,32.31,21.24,15.03,9.77
2851000,21.8,31.96,21.75,14.91,9.25
2852000,22.04,32.57,21.93,14.93,9.36
2853000,22.03,33.12,22.14,14.87,9.48
2854000,22.03,32.41,22.14,14.59,9.01
2855000,22.3,32.25,22.72,14.59,8.76
2856000,22.15,31.8,23.26,15.13,8.87
2857000,22.15,31.8,22.68,15.06,9.01
2858000,22.54,33.03,22.87,15.24,8.77
2859000,22.67,32.57,23.52,15.49,8.75
2860000,23.31,32.55,23.56,15.62,8.7
2861000,23.19,33.34,23.56,15.74,8.72
2862000,23.79,33.34,23.53,15.92,8.93
2863000,22.91,34.54,23.67,16.28,8.95
2864000,23.25,34.66,23.67,16.32,9.21
2865000,23.19,35.0,24.55,15.59,8.64
2866000,21.87,35.72,24.81,15.6,8.72
2867000,21.54,34.12,24.81,15.62,8.58
2868000,21.76,34.12,25.06,15.9,8.45
2869000,21.9,35.16,25.34,15.85,8.74
2870000,21.81,35.16,25.68,15.32,8.76
2871000,21.67,34.77,25.99,15.36,8.76
2872000,21.58,34.77,25.99,15.29,9.2
2873000,21.58,35.77,26.65,14.24,8.77
2874000,21.47,35.67,26.65,14.24,9.06
2875000,21.41,36.05,25.85,14.77,8.77
2876000,21.68,36.28,26.72,15.05,8.97
2877000,21.68,37.22,26.84,14.97,8.97
2878000,22.06,37.36,27.23,15.2,9.07
2879000,21.59,37.36,26.83,14.74,9.35
2880000,21.48,37.31,27.14,14.62,9.22
2881000,21.76,36.66,27.13,14.62,9.19
2882000,22.16,36.97,27.46,15.5,9.37
2883000,21.77,36.95,27.39,15.63,9.42
2884000,21.77,36.33,27.16,15.63,9.66
2885000,22.58,35.45,27.48,15.9,9.68
2886000,21.91,35.51,27.14,16.06,10.22
2887000,22.0,35.29,27.59,16.07,10.32
2888000,21.67,34.8,27.59,15.8,10.32
2889000,21.57,34.8,28.28,15.81,10.5
2890000,21.01,34.64,28.41,15.87,10.57
2891000,20.28,34.77,28.36,16.01,10.65
2892000,20.73,34.77,28.43,15.93,10.75
2893000,20.73,35.78,28.69,15.61,10.63
2894000,20.59,36.1,28.77,15.57,10.73
2895000,20.77,35.55,28.65,15.71,10.63
2896000,20.77,35.55,28.81,15.69,10.76
2897000,21.49,36.69,27.66,15.73,10.74
2898000,21.63,36.69,26.94,15.02,10.63
2899000,20.65,37.16,26.94,15.03,10.63
2900000,20.79,37.54,26.79,15.11,10.52
2901000,21.24,37.54,26.86,15.18,10.56
2902000,21.42,37.38,26.94,15.22,10.59
2903000,21.02,37.56,26.6,15.73,10.58
2904000,21.24,38.02,26.49,15.49,10.09
2905000,21.55,36.21,26.49,14.85,10.03
2906000,21.85,34.57,26.92,14.73,9.66
2907000,22.03,34.28,27.17,14.79,9.74
2908000,22.13,33.32,26.72,14.93,9.99
2909000,21.02,33.32,25.45,15.01,9.51
2910000,21.19,33.07,24.57,15.19,9.51
2911000,21.19,33.15,25.07,14.65,9.33
2912000,21.34,32.58,25.42,14.77,9.06
2913000,21.34,31.22,25.82,14.82,9.27
2914000,22.37,31.57,25.38,15.16,9.52
2915000,22.45,31.47,23.85,14.91,9.54
2916000,22.51,32.31,23.85,14.91,9.73
2917000,22.71,32.31,23.45,15.33,9.96
2918000,22.96,33.23,23.44,15.45,9.7
2919000,23.31,33.23,23.15,15.78,9.76
2920000,23.76,32.28,23.09,15.53,9.52
2921000,23.43,32.37,23.37,15.81,9.43
2922000,22.99,31.95,23.71,16.02,9.16
2923000,22.99,31.54,22.71,16.02,9.13
2924000,23.43,31.28,23.02,15.68,9.21
2925000,22.89,30.67,23.02,15.92,9.45
2926000,23.3,31.26,23.41,15.93,9.15
2927000,23.47,31.42,23.72,15.7,9.32
2928000,23.48,32.32,24.22,15.61,8.82
2929000,23.55,32.4,24.71,15.09,8.98
2930000,23.55,31.43,24.19,15.4,9.17
2931000,23.75,30.41,24.47,14.28,9.19
2932000,24.45,30.41,24.84,14.53,9.35
2933000,24.42,31.0,22.76,14.46,9.22
2934000,24.42,29.61,22.76,14.12,9.55
2935000,24.98,29.93,23.45,13.68,9.6
2936000,25.29,30.38,23.91,13.89,9.76
2937000,24.88,29.53,23.96,13.76,9.6
2938000,25.16,29.53,23.9,14.06,9.75
2939000,25.1,30.17,24.17,14.08,9.95
2940000,25.01,29.95,24.32,14.27,9.84
2941000,25.24,30.71,24.13,14.51,9.83
2942000,24.98,30.37,24.19,14.76,10.01
2943000,24.55,30.48,23.95,14.5,9.77
2944000,25.24,30.9,23.94,14.59,9.9
2945000,25.26,30.9,23.81,14.39,10.29
2946000,25.75,31.39,24.04,14.18,10.39
2947000,25.5,30.85,24.07,13.78,10.15
2948000,25.96,30.11,24.07,13.42,10.15
2949000,25.43,30.47,24.01,13.7,10.05
2950000,24.31,29.11,24.01,13.31,9.92
2951000,24.52,29.77,24.35,13.28,9.28
2952000,24.59,30.11,24.34,12.72,9.15
2953000,25.53,30.01,24.34,12.66,8.86
2954000,24.62,30.01,24.4,12.57,8.85
2955000,24.62,29.28,24.4,12.88,9.15
2956000,25.08,29.03,25.04,12.63,9.25
2957000,24.85,28.72,25.23,12.45,9.27
2958000,24.84,28.72,25.32,12.06,9.23
2959000,25.14,28.78,25.35,11.43,9.44
2960000,25.53,28.43,25.6,11.26,9.69
2961000,25.94,28.56,26.02,11.02,9.78
2962000,25.94,29.07,26.02,10.93,9.94
2963000,25.88,28.92,26.62,10.91,10.23
2964000,26.02,29.47,26.17,10.62,10.32
2965000,26.71,29.47,26.17,10.6,10.39
2966000,26.71,29.65,26.95,10.65,10.46
2967000,27.54,30.14,26.97,10.91,10.18
2968000,28.2,29.94,27.28,10.34,10.22
2969000,28.65,29.99,27.15,11.0,10.25
2970000,28.11,30.6,26.34,10.55,10.04
2971000,28.21,30.6,26.66,10.67,9.77
2972000,27.67,31.57,26.55,10.66,10.05
2973000,27.85,32.26,26.55,10.73,10.22
2974000,28.75,31.83,27.49,10.81,10.22
2975000,28.75,31.1,27.49,10.4,10.22
2976000,28.0,30.35,27.83,10.4,10.41
2977000,28.0,30.22,28.24,10.57,10.51
2978000,28.36,30.15,28.27,10.05,10.65
2979000,28.36,29.32,28.24,10.07,10.58
2980000,28.88,29.32,28.24,10.09,10.67
2981000,28.76,29.78,28.4,10.41,10.78
2982000,29.2,29.73,28.57,10.52,10.57
2983000,29.15,29.95,28.76,10.9,10.35
2984000,28.75,29.95,29.0,11.2,10.08
2985000,28.75,31.08,29.26,11.2,10.02
2986000,29.57,30.46,29.63,11.17,10.22
2987000,29.1,30.85,28.82,11.42,10.28
2988000,29.82,30.67,28.68,11.67,10.56
2989000,29.99,31.53,29.15,11.96,10.51
2990000,30.21,31.22,29.47,12.01,10.64
2991000,30.02,31.6,28.89,11.86,10.72
2992000,29.74,31.35,28.68,12.43,11.13
2993000,29.34,31.45,28.39,12.41,10.91
2994000,29.87,31.6,28.39,12.52,10.65
2995000,29.34,32.01,28.04,12.89,10.83
2996000,29.29,32.01,27.66,13.29,10.76
2997000,29.5,32.2,27.66,13.41,10.33
2998000,29.0,32.57,28.32,13.41,10.37
2999000,29.46,31.91,27.42,13.48,9.95
3000000,29.82,31.31,26.91,13.62,9.75
3001000,29.63,31.31,26.03,13.72,9.36
3002000,29.9,31.58,25.68,13.92,9.13
3003000,29.9,31.4,25.5,13.92,9.23
3004000,30.58,31.83,25.67,13.82,9.35
3005000,30.58,31.27,25.51,14.18,9.44
3006000,31.38,32.2,25.47,13.91,9.88
3007000,31.0,32.2,25.64,13.86,9.81
3008000,31.08,33.0,25.96,13.9,9.74
3009000,30.63,33.08,25.86,14.19,9.9
3010000,30.42,32.98,25.83,14.43,9.49
3011000,30.12,32.96,25.59,14.68,9.66
3012000,30.43,32.01,25.59,14.87,9.2
3013000,31.19,31.1,25.12,13.87,9.32
3014000,31.5,31.5,25.57,13.95,9.12
3015000,32.04,31.5,25.65,14.22,9.06
3016000,30.62,32.45,25.76,14.68,9.14
3017000,30.69,32.67,25.72,14.62,9.34
3018000,31.3,32.67,25.72,14.61,9.31
3019000,30.4,32.96,26.4,14.26,9.26
3020000,30.4,32.29,26.4,14.11,9.52
3021000,30.78,32.29,26.83,13.95,9.7
3022000,30.78,33.4,26.54,13.68,9.47
3023000,30.8,33.97,26.66,13.68,9.82
3024000,30.32,34.66,27.0,14.53,9.63
3025000,30.08,34.52,27.29,14.78,9.42
3026000,30.08,34.98,27.05,14.57,9.45
3027000,30.7,34.98,27.05,14.57,9.81
3028000,29.65,35.37,26.81,15.22,9.61
3029000,28.43,36.24,26.43,15.33,9.54
3030000,28.75,36.24,25.66,15.33,9.63
3031000,29.2,36.82,25.47,15.22,9.72
3032000,28.93,35.52,25.17,15.1,9.72
3033000,28.93,36.16,25.79,15.34,9.82
3034000,28.2,37.01,25.8,15.42,9.89
3035000,28.2,36.57,25.73,15.44,10.13
3036000,28.89,36.57,24.84,14.91,10.3
3037000,28.21,37.02,24.64,14.91,10.39
3038000,29.01,37.48,23.99,15.29,10.55
3039000,28.17,37.51,23.77,14.84,10.48
3040000,28.14,36.76,23.77,14.52,10.36
3041000,27.52,36.16,23.94,14.15,10.08
3042000,28.13,36.13,23.94,13.28,10.23
3043000,28.1,36.26,25.27,13.41,9.71
3044000,28.24,35.87,25.42,13.5,9.74
3045000,28.48,36.11,25.37,13.5,9.74
3046000,27.94,36.68,25.33,13.78,10.07
3047000,28.29,37.07,25.09,13.9,9.95
3048000,27.73,37.21,25.16,14.0,10.11
3049000,27.93,36.55,25.16,14.47,10.39
3050000,28.28,36.73,26.01,14.7,10.37
3051000,27.64,36.73,26.26,14.71,10.73
3052000,27.47,37.57,26.72,15.05,10.64
3053000,27.47,38.76,26.04,14.94,10.81
3054000,27.77,37.12,26.14,15.03,10.7
3055000,26.59,37.52,26.03,14.88,10.7
3056000,26.61,37.37,25.04,14.76,10.97
3057000,26.83,36.63,24.25,14.4,11.19
3058000,24.95,36.63,24.4,14.64,10.74
3059000,24.93,37.44,24.55,14.97,10.91
3060000,25.14,37.44,24.55,15.03,10.52
3061000,25.14,37.4,25.93,14.49,10.39
3062000,25.71,37.4,25.93,14.56,9.82
3063000,25.71,38.39,26.58,14.58,10.06
3064000,26.42,38.34,26.46,14.73,10.21
3065000,26.9,37.06,26.23,15.07,10.24
3066000,25.94,36.75,26.46,15.43,10.04
3067000,26.3,36.49,26.46,15.17,10.17
3068000,25.91,36.49,26.84,15.17,10.07
3069000,26.11,36.53,26.64,15.66,9.95
3070000,25.4,36.59,26.03,14.69,9.45
3071000,25.4,37.41,25.82,14.71,9.38
3072000,26.02,36.94,25.83,13.68,9.38
3073000,26.76,36.94,24.0,13.83,9.84
3074000,26.92,37.63,23.81,13.62,9.95
3075000,26.84,37.89,23.94,13.79,9.5
3076000,27.18,37.33,23.94,13.35,9.78
3077000,26.86,37.34,23.87,13.35,9.81
3078000,27.35,37.43,23.32,14.04,10.07
3079000,27.67,37.58,22.94,14.27,9.5
3080000,28.01,37.58,22.26,14.0,9.5
3081000,28.11,38.4,22.67,14.25,9.56
3082000,26.77,39.19,21.97,14.58,9.44
3083000,26.97,39.91,21.5,14.16,9.55
3084000,27.29,39.79,21.78,14.28,9.29
3085000,26.66,40.76,21.84,14.17,9.57
3086000,25.8,41.03,22.06,14.54,9.29
3087000,25.14,40.65,22.26,14.54,9.54
3088000,25.28,41.39,22.22,15.13,8.87
3089000,26.12,41.26,21.99,15.51,9.14
3090000,26.47,41.14,21.45,15.43,9.12
3091000,25.66,40.9,21.4,14.94,9.0
3092000,26.1,40.19,21.69,14.91,9.0
3093000,26.07,40.62,22.43,15.11,9.23
3094000,26.46,41.06,21.57,15.25,9.46
3095000,27.21,40.47,20.67,14.86,9.68
3096000,27.21,40.47,20.43,14.79,9.99
3097000,27.88,40.87,20.81,14.79,9.93
3098000,27.37,40.52,20.88,15.07,9.69
3099000,27.98,41.28,20.88,15.39,9.85
3100000,28.19,41.08,21.54,15.36,10.09
3101000,28.07,40.21,21.21,15.3,10.17
3102000,28.07,39.47,20.61,15.0,10.06
3103000,28.74,39.47,20.66,14.78,10.24
3104000,28.74,39.82,20.07,14.77,10.18
3105000,28.79,40.45,19.96,14.99,10.43
3106000,27.85,40.24,19.96,14.73,10.54
3107000,27.85,39.68,20.18,15.16,10.03
3108000,28.48,40.34,20.63,15.13,10.39
3109000,28.39,40.34,20.66,15.86,10.54
3110000,28.01,39.27,20.63,15.69,10.44
3111000,28.41,39.23,19.42,15.77,10.67
3112000,28.47,38.92,19.36,15.99,10.43
3113000,28.47,39.1,18.88,16.23,10.3
3114000,29.37,39.59,19.08,16.14,10.34
3115000,28.96,39.51,19.51,16.18,10.63
3116000,29.08,39.92,19.68,16.37,10.9
3117000,29.44,40.14,20.02,15.95,10.9
3118000,29.26,40.14,19.35,16.16,11.38
3119000,28.31,41.06,19.35,16.43,11.11
3120000,27.8,40.98,19.92,16.72,10.84
3121000,28.43,41.17,20.24,16.99,10.89
3122000,28.07,41.14,20.5,16.99,10.85
3123000,28.07,41.63,20.61,17.74,10.91
3124000,28.88,41.63,20.63,17.73,10.83
3125000,29.63,42.45,20.38,17.64,10.87
3126000,29.59,40.66,21.03,17.63,10.79
3127000,29.78,41.06,21.05,18.02,10.96
3128000,29.84,41.47,21.65,17.95,11.15
3129000,30.22,42.17,22.0,17.67,11.32
3130000,30.65,41.93,22.0,17.21,11.58
3131000,30.87,42.09,22.87,17.21,11.49
3132000,31.08,40.51,22.27,17.19,11.67
3133000,31.08,40.13,22.09,17.39,11.76
3134000,31.52,39.03,22.08,17.28,11.92
3135000,31.52,39.53,22.3,17.44,11.93
3136000,30.87,39.53,22.59,17.3,12.15
3137000,31.15,40.08,22.31,17.86,12.29
3138000,31.15,39.97,22.42,17.74,12.39
3139000,31.55,40.45,23.19,17.05,12.51
3140000,31.78,40.45,23.34,17.05,11.85
3141000,31.8,40.83,23.52,17.52,11.96
3142000,31.01,41.45,23.52,17.49,11.97
3143000,31.01,41.45,24.45,17.67,12.16
3144000,31.64,41.3,24.3,17.91,12.43
3145000,32.16,42.18,24.52,17.93,12.43
3146000,32.44,41.36,23.48,17.93,12.76
3147000,32.82,41.54,23.69,18.75,12.82
3148000,32.54,41.54,23.59,18.78,13.09
3149000,31.94,41.56,24.0,18.73,13.32
3150000,32.11,41.6,24.0,19.19,13.25
3151000,32.11,40.73,24.68,19.11,13.12
3152000,31.01,38.18,24.84,19.33,13.3
3153000,31.31,36.45,24.6,18.64,13.35
3154000,31.82,36.57,24.6,18.53,13.42
3155000,31.56,36.21,24.59,18.8,13.32
3156000,31.24,35.78,25.21,19.08,13.33
3157000,30.77,35.62,25.32,19.12,13.31
3158000,31.27,35.76,24.9,19.28,13.05
3159000,30.99,36.53,24.9,19.07,13.1
3160000,28.66,35.36,24.26,19.07,12.58
3161000,28.81,34.6,24.54,19.22,12.69
3162000,28.81,33.18,24.6,18.94,12.84
3163000,29.05,33.18,24.29,19.34,12.6
3164000,29.09,33.94,24.55,18.76,12.5
3165000,29.43,33.55,24.82,18.78,12.45
3166000,29.82,34.14,24.82,19.15,12.65
3167000,29.63,32.97,25.53,19.63,12.65
3168000,29.54,32.97,25.67,19.63,13.02
3169000,30.1,34.09,25.51,19.79,12.95
3170000,30.45,34.09,25.82,18.9,12.73
3171000,30.43,34.56,25.7,18.87,12.52
3172000,30.43,35.43,25.76,18.97,12.77
3173000,31.08,35.43,25.57,19.14,12.89
3174000,31.21,35.15,25.64,19.21,12.52
3175000,31.07,35.15,26.13,17.53,12.27
3176000,31.41,35.77,25.79,17.53,12.12
3177000,30.94,36.02,25.96,17.9,12.15
3178000,30.94,36.6,25.53,18.01,12.06
3179000,31.23,36.7,25.61,18.52,12.23
3180000,31.62,36.7,25.61,18.52,12.47
3181000,31.76,37.34,26.02,18.04,12.51
3182000,32.09,36.77,26.09,18.35,12.61
3183000,32.2,34.91,26.04,18.8,13.0
3184000,32.41,33.59,26.38,18.69,13.37
3185000,33.12,32.71,26.38,18.64,13.38
3186000,33.07,32.6,26.58,18.85,13.15
3187000,32.34,32.61,26.58,18.74,13.01
3188000,32.34,33.32,27.15,18.78,12.62
3189000,32.66,33.2,27.51,18.51,12.65
3190000,32.63,33.2,27.5,18.63,12.34
3191000,32.09,33.69,27.77,18.85,12.35
3192000,31.88,33.69,27.74,18.86,12.35
3193000,31.88,34.09,27.72,18.31,12.51
3194000,32.35,34.22,27.93,17.49,12.32
3195000,32.87,34.15,27.65,17.41,12.34
3196000,33.32,34.81,27.65,16.95,12.47
3197000,33.5,34.81,27.84,16.96,12.74
3198000,33.09,35.98,27.7,16.41,12.77
3199000,32.37,36.56,27.7,16.84,12.98
3200000,32.62,36.56,27.63,16.02,13.25
3201000,33.38,37.53,28.22,15.78,12.91
3202000,33.66,37.48,28.12,15.97,13.17
3203000,33.66,37.8,28.25,15.99,13.41
3204000,32.75,37.29,28.6,15.3,13.58
3205000,32.75,37.29,28.42,15.51,13.52
3206000,33.18,37.96,28.97,15.49,13.56
3207000,33.63,38.08,28.97,15.8,13.71
3208000,33.01,38.5,29.35,15.23,13.87
3209000,32.67,38.71,28.43,15.0,14.07
3210000,32.61,38.75,28.35,14.76,14.29
3211000,33.03,37.62,28.03,14.69,14.5
3212000,33.34,37.18,27.73,14.41,14.14
3213000,33.62,37.53,27.85,13.95,14.27
3214000,33.7,37.6,27.08,13.97,13.92
3215000,34.29,36.81,26.39,14.04,14.07
3216000,34.4,36.81,26.03,14.2,13.67
3217000,34.13,37.69,25.48,14.05,13.73
3218000,33.69,38.29,24.29,13.81,13.97
3219000,34.09,37.91,24.33,13.83,13.89
3220000,34.43,38.81,24.33,14.3,13.61
3221000,34.08,38.72,25.25,13.94,13.02
3222000,34.23,39.52,25.25,14.08,12.69
3223000,34.58,40.02,25.44,13.41,12.46
3224000,33.55,40.17,25.78,13.31,12.01
3225000,33.95,40.91,26.23,12.54,11.87
3226000,34.26,41.44,26.52,12.75,11.71
3227000,34.26,41.36,26.29,12.49,11.32
3228000,34.71,42.14,26.09,12.4,11.33
3229000,35.4,42.31,25.38,12.68,11.11
3230000,36.31,42.54,25.47,12.68,11.15
3231000,35.01,42.64,25.82,13.05,10.83
3232000,35.19,42.2,26.01,12.71,10.9
3233000,35.21,41.57,25.76,12.87,10.35
3234000,34.75,41.88,25.8,12.8,9.99
3235000,33.74,42.59,25.8,13.03,9.64
3236000,33.49,42.1,26.8,13.07,9.72
3237000,32.81,41.49,27.02,13.4,9.82
3238000,32.81,41.48,26.65,13.77,9.71
3239000,33.61,41.71,26.6,13.71,9.58
3240000,33.84,41.24,26.38,13.91,9.24
3241000,34.14,41.93,26.38,14.01,8.91
3242000,33.55,40.69,27.19,13.65,8.58
3243000,33.79,40.11,27.23,13.55,8.29
3244000,33.35,37.87,26.52,13.69,8.26
3245000,33.35,36.73,26.52,13.23,8.23
3246000,34.01,35.82,26.32,13.29,8.35
3247000,34.55,36.02,25.97,13.63,8.11
3248000,34.55,36.42,24.54,13.1,8.08
3249000,35.05,36.34,24.58,12.95,8.17
3250000,35.65,36.67,24.58,13.46,8.38
3251000,35.87,36.99,24.89,13.39,8.64
3252000,35.94,37.59,25.18,13.39,8.71
3253000,35.13,37.06,24.53,13.96,8.58
3254000,35.01,36.38,23.72,14.1,8.35
3255000,34.34,37.29,23.12,13.74,8.69
3256000,33.92,36.23,22.59,13.61,8.64
3257000,33.73,36.5,22.53,13.36,9.05
3258000,33.39,35.67,22.66,13.44,9.21
3259000,33.39,35.69,22.42,13.33,9.26
3260000,33.41,36.19,22.61,13.39,9.12
3261000,33.25,36.22,21.74,13.39,9.38
3262000,33.6,35.06,21.97,13.24,9.0
3263000,32.67,35.08,22.42,13.54,8.84
3264000,32.27,34.37,22.45,13.55,8.96
3265000,32.49,34.62,21.84,13.75,9.18
3266000,32.24,34.62,21.71,13.99,9.61
3267000,30.22,35.05,21.63,14.4,9.47
3268000,30.22,35.77,22.21,14.27,9.64
3269000,30.99,36.24,22.31,14.31,9.8
3270000,30.76,36.84,22.65,14.34,9.48
3271000,30.81,36.14,22.61,14.29,9.76
3272000,30.81,35.82,23.16,13.34,9.93
3273000,31.17,35.4,23.48,13.58,10.17
3274000,31.21,35.16,23.68,13.58,10.03
3275000,31.77,34.69,23.74,13.79,10.06
3276000,31.3,35.66,23.92,13.71,10.33
3277000,31.53,35.66,24.38,13.99,10.34
3278000,31.83,36.23,23.41,13.87,10.35
3279000,31.87,36.16,22.95,14.31,10.42
3280000,32.25,35.86,23.03,14.11,10.67
3281000,33.06,35.34,22.77,14.19,10.63
3282000,33.24,35.01,22.58,14.13,10.45
3283000,33.24,34.84,22.86,14.31,10.37
3284000,33.69,34.64,22.84,14.5,10.32
3285000,33.69,34.25,23.02,14.7,10.34
3286000,33.78,33.96,23.05,14.7,10.39
3287000,34.1,33.96,24.08,15.05,10.28
3288000,33.92,35.05,23.78,15.09,10.41
3289000,33.7,34.25,24.02,15.25,10.86
3290000,33.62,34.25,24.35,14.98,11.14
3291000,34.01,34.06,24.35,15.49,11.27
3292000,34.01,33.52,24.78,15.52,10.61
3293000,34.52,33.56,23.71,15.38,10.64
3294000,34.52,33.82,23.28,15.77,10.48
3295000,34.64,34.25,23.55,15.73,10.5
3296000,34.48,34.41,23.4,15.73,10.67
3297000,34.48,34.41,23.82,16.39,10.65
3298000,35.51,35.03,22.69,16.46,10.73
3299000,35.51,34.9,22.7,16.74,11.02
3300000,36.35,34.87,23.0,16.51,11.27
3301000,35.68,35.06,24.05,16.94,11.3
3302000,35.94,35.06,23.58,17.44,11.68
3303000,36.76,36.23,23.65,17.73,12.0
3304000,37.02,37.34,24.2,17.14,12.31
3305000,37.22,37.19,24.39,16.92,11.89
3306000,37.22,36.91,24.5,17.02,11.87
3307000,37.59,36.91,24.5,17.4,11.59
3308000,36.67,37.42,24.87,17.71,11.73
3309000,36.67,37.42,25.29,17.8,11.75
3310000,37.21,37.99,24.1,18.21,11.64
3311000,36.81,37.92,24.09,18.0,11.65
3312000,35.88,38.25,24.09,18.51,11.97
3313000,36.15,38.28,25.19,18.59,12.06
3314000,36.15,38.95,25.2,18.54,12.21
3315000,35.86,38.95,25.01,18.53,12.64
3316000,35.86,39.75,25.06,18.37,12.56
3317000,36.2,39.51,24.96,17.78,12.37
3318000,36.02,40.0,24.49,17.69,12.55
3319000,36.2,40.0,23.74,17.69,12.62
3320000,35.46,40.68,23.69,17.92,12.38
3321000,35.46,40.27,23.69,18.33,12.61
3322000,36.16,40.56,24.37,18.59,12.77
3323000,36.31,39.79,24.3,18.7,13.02
3324000,36.3,40.0,24.4,18.96,12.94
3325000,36.3,39.84,24.4,18.84,12.97
3326000,37.5,40.18,25.18,18.84,12.56
3327000,38.22,40.18,25.18,19.2,12.69
3328000,38.23,39.44,25.84,19.22,12.55
3329000,38.23,39.8,25.84,19.59,12.61
3330000,38.59,39.99,26.2,19.67,12.81
3331000,38.83,38.31,26.34,19.85,13.0
3332000,38.09,38.31,26.37,19.97,12.99
3333000,38.09,39.26,26.94,20.27,13.33
3334000,38.93,38.61,26.33,20.27,12.99
3335000,38.75,38.68,26.34,20.83,12.81
3336000,38.75,38.8,26.2,20.85,12.68
3337000,40.03,38.8,26.79,20.84,12.42
3338000,40.02,37.32,26.79,20.8,12.26
3339000,39.41,37.03,27.21,20.82,12.02
3340000,39.87,36.97,26.92,20.94,11.88
3341000,39.8,37.09,26.56,20.43,12.15
3342000,40.26,37.55,26.63,19.16,11.74
3343000,40.77,37.55,26.68,18.83,11.84
3344000,41.29,38.13,26.68,18.85,11.84
3345000,40.59,37.48,27.2,18.65,12.44
3346000,40.59,37.48,27.49,19.25,12.36
3347000,39.89,36.6,27.09,19.1,12.81
3348000,39.89,36.71,26.13,19.1,12.78
3349000,39.5,37.22,26.52,19.48,12.67
3350000,39.8,37.22,26.84,19.87,12.71
3351000,40.03,36.49,26.05,19.89,13.09
3352000,40.34,36.67,25.5,19.55,13.23
3353000,40.79,35.15,25.5,20.09,12.78
3354000,40.96,35.2,26.38,20.09,12.78
3355000,40.96,35.47,26.36,19.96,12.94
3356000,41.9,35.67,26.36,20.02,12.78
3357000,41.5,35.92,27.28,20.02,12.78
3358000,41.34,36.13,27.28,20.18,13.13
3359000,41.17,36.24,27.92,20.18,13.36
3360000,40.38,35.97,28.24,19.5,13.68
3361000,40.94,36.08,27.48,19.62,13.75
3362000,40.94,36.07,27.42,19.62,13.57
3363000,41.49,36.07,27.9,19.97,13.52
3364000,41.49,37.18,28.13,19.97,13.49
3365000,42.1,37.51,27.22,20.34,13.69
3366000,42.78,36.57,27.22,20.21,13.4
3367000,43.3,36.61,27.22,20.22,13.23
3368000,43.3,36.61,27.51,20.4,13.27
3369000,43.5,37.06,27.51,20.14,13.24
3370000,40.49,36.89,27.51,20.56,13.33
3371000,40.5,36.3,27.41,19.98,13.55
3372000,40.4,36.02,27.31,19.65,13.83
3373000,40.17,36.02,27.31,19.37,14.16
3374000,40.14,37.13,27.27,19.46,13.77
3375000,40.71,36.52,27.81,19.46,14.12
3376000,39.72,36.52,28.19,19.89,14.28
3377000,39.59,37.19,27.43,20.17,14.36
3378000,39.94,37.47,27.63,19.83,14.38
3379000,41.08,37.47,27.63,20.09,14.39
3380000,40.0,37.1,27.85,19.44,14.5
3381000,40.0,37.18,28.06,19.4,14.51
3382000,39.9,38.08,28.25,19.62,15.01
3383000,39.71,38.14,28.2,19.62,15.03
3384000,40.3,37.1,28.59,20.42,15.03
3385000,40.75,36.85,29.03,20.25,15.55
3386000,40.75,36.85,29.14,20.45,15.59
3387000,40.46,37.35,29.71,19.35,15.85
3388000,40.69,36.97,29.9,19.15,15.84
3389000,40.09,36.24,30.09,18.72,15.73
3390000,40.1,36.36,30.09,18.25,15.52
3391000,39.9,36.59,29.93,18.08,15.55
3392000,39.82,36.59,29.64,17.95,14.97
3393000,40.2,37.0,29.77,17.82,14.37
3394000,39.92,37.0,30.05,17.81,14.31
3395000,40.18,37.69,29.69,17.9,14.31
3396000,40.18,38.21,29.97,17.9,13.98
3397000,41.14,38.21,27.84,18.53,14.13
3398000,41.14,38.21,28.19,18.81,14.24
3399000,40.67,38.16,27.54,19.15,13.95
3400000,40.88,37.65,27.53,18.99,13.97
3401000,40.91,37.8,27.32,19.65,14.34
3402000,41.63,37.84,26.46,18.71,14.17
3403000,39.64,37.18,26.22,18.76,14.47
3404000,39.64,36.61,26.26,18.76,14.47
3405000,40.37,36.61,26.42,18.53,14.86
3406000,40.41,37.07,26.78,18.78,14.78
3407000,40.17,36.46,26.6,18.32,14.2
3408000,39.06,35.13,26.6,18.32,14.12
3409000,39.06,35.44,26.2,18.39,14.51
3410000,39.53,35.47,26.08,17.8,14.55
3411000,39.83,34.96,26.4,17.5,14.55
3412000,39.83,35.79,26.4,17.68,15.03
3413000,40.21,36.28,27.0,17.02,15.48
3414000,40.4,35.86,27.0,16.42,15.48
3415000,39.38,35.17,27.85,16.64,14.84
3416000,39.24,35.42,27.85,15.99,14.12
3417000,38.68,36.11,27.61,15.78,14.12
3418000,39.32,36.25,27.64,15.84,13.69
3419000,39.32,36.23,26.64,16.11,13.53
3420000,39.38,36.55,26.41,16.47,13.4
3421000,39.89,36.55,25.82,16.98,12.62
3422000,38.91,37.79,25.82,17.26,12.09
3423000,39.35,38.05,26.17,17.53,12.09
3424000,39.35,36.49,26.17,17.72,12.23
3425000,39.22,36.46,26.6,17.54,12.41
3426000,39.83,36.99,26.6,17.54,12.42
3427000,39.83,37.7,27.56,17.38,12.93
3428000,39.47,38.0,27.74,17.48,12.65
3429000,39.88,37.76,27.84,17.68,12.61
3430000,39.88,36.2,27.1,17.75,12.91
3431000,40.36,35.68,27.52,17.73,12.93
3432000,39.93,35.68,27.06,17.96,12.88
3433000,38.53,36.32,27.21,18.04,12.27
3434000,35.8,36.32,26.51,18.41,12.52
3435000,35.66,36.51,26.25,17.22,12.59
3436000,35.66,36.17,26.64,17.14,12.88
3437000,36.89,36.26,26.33,17.17,12.88
3438000,37.69,36.22,25.86,17.32,13.2
3439000,37.81,35.5,25.86,17.09,12.76
3440000,38.52,34.52,25.71,16.98,12.88
3441000,38.52,32.86,25.54,16.98,12.83
3442000,38.98,33.23,25.54,17.51,12.24
3443000,38.98,33.8,26.05,17.51,12.29
3444000,38.61,33.8,25.68,17.73,12.18
3445000,38.34,33.78,24.86,18.05,12.0
3446000,38.5,33.78,24.29,18.4,12.43
3447000,38.85,33.98,24.12,18.4,12.62
3448000,38.9,34.74,23.12,18.85,11.95
3449000,38.9,35.46,23.54,18.94,11.95
3450000,39.13,35.72,23.7,19.28,12.38
3451000,39.13,35.99,24.29,19.28,12.5
3452000,40.12,34.48,24.15,19.49,12.5
3453000,39.73,35.26,24.47,19.32,12.85
3454000,39.73,35.26,24.9,19.11,13.15
3455000,40.08,35.96,24.9,18.56,12.86
3456000,40.36,36.42,25.02,18.87,13.02
3457000,40.42,36.42,25.4,18.75,13.17
3458000,40.42,36.5,26.13,18.07,13.59
3459000,40.95,33.65,25.87,18.45,13.59
3460000,41.18,33.65,26.26,18.54,13.96
3461000,41.79,34.38,26.67,18.86,14.13
3462000,41.37,34.14,26.45,18.86,14.13
3463000,41.47,34.67,26.36,18.69,14.71
3464000,41.47,34.98,26.16,18.84,14.91
3465000,42.05,35.01,26.16,18.98,14.71
3466000,41.51,35.03,26.76,18.98,14.96
3467000,41.28,35.03,26.76,19.28,14.41
3468000,41.28,35.94,27.02,19.28,14.54
3469000,40.98,36.09,27.02,19.63,14.54
3470000,40.98,35.44,27.83,19.62,15.21
3471000,40.91,35.44,27.56,19.84,14.91
3472000,41.29,36.09,27.56,19.84,15.06
3473000,41.29,36.3,28.25,20.62,15.0
3474000,40.76,37.47,27.9,20.61,15.29
3475000,40.4,37.26,27.69,20.74,15.43
3476000,40.09,37.26,27.96,20.69,15.6
3477000,40.09,38.73,28.31,20.6,15.99
3478000,40.88,39.07,28.31,20.51,15.92
3479000,40.57,39.07,28.22,20.61,16.03
3480000,40.67,39.35,27.66,20.9,15.92
3481000,41.35,39.58,26.9,20.08,15.83
3482000,41.19,38.68,26.49,20.13,15.64
3483000,41.6,38.68,27.19,20.04,14.96
3484000,41.6,39.02,27.67,19.73,15.52
3485000,41.68,39.08,27.67,19.73,15.5
3486000,41.78,39.44,28.57,20.35,15.55
3487000,40.68,39.39,28.73,20.44,15.53
3488000,41.34,39.39,28.73,20.01,15.04
3489000,41.43,39.72,28.1,20.03,14.5
3490000,41.82,40.57,28.1,19.51,14.08
3491000,42.5,40.26,27.44,19.43,14.19
3492000,43.06,40.78,27.44,19.86,14.3
3493000,43.13,40.77,27.44,19.99,14.46
3494000,43.13,40.77,27.99,19.75,14.49
3495000,43.37,40.8,28.51,20.08,14.41
3496000,43.22,41.52,28.4,20.67,14.22
3497000,43.22,41.65,28.62,20.98,13.97
3498000,43.46,41.85,28.76,20.87,13.82
3499000,43.38,42.35,28.48,20.89,13.95
3500000,43.33,42.02,28.57,21.24,13.97
3501000,42.19,42.0,28.48,20.7,14.19
3502000,41.47,41.72,28.9,20.55,14.25
3503000,41.86,41.72,28.83,20.55,14.02
3504000,40.41,42.41,28.97,21.28,13.63
3505000,40.43,42.41,28.97,21.21,13.93
3506000,41.14,42.92,29.27,20.45,13.5
3507000,41.69,42.45,29.03,20.42,13.94
3508000,41.9,42.96,28.86,20.41,13.74
3509000,42.38,42.96,28.61,20.06,13.12
3510000,42.38,41.16,28.61,20.13,12.89
3511000,43.55,41.24,28.89,20.13,13.11
3512000,43.51,41.59,29.05,20.66,13.57
3513000,41.98,41.59,29.06,20.66,13.07
3514000,42.46,42.12,29.61,21.17,13.11
3515000,42.5,42.65,29.91,21.62,12.89
3516000,41.41,42.93,30.05,21.35,12.95
3517000,41.7,42.93,30.0,21.73,12.71
3518000,41.42,42.8,30.49,21.83,12.92
3519000,41.13,42.61,30.63,21.43,12.74
3520000,41.98,42.41,30.49,21.23,12.92
3521000,42.01,41.92,29.22,20.87,12.86
3522000,41.43,41.01,29.22,21.31,12.39
3523000,39.02,41.13,28.15,21.26,12.52
3524000,39.02,41.33,27.34,21.31,12.72
3525000,39.79,41.08,28.16,21.14,12.79
3526000,39.65,41.08,27.25,20.44,12.92
3527000,40.22,41.15,27.39,20.96,13.21
3528000,39.77,41.59,27.82,20.95,13.46
3529000,39.16,41.59,28.03,21.35,13.6
3530000,39.16,42.21,28.03,21.87,13.89
3531000,39.3,42.59,28.7,21.87,13.72
3532000,39.29,41.92,29.4,21.62,13.94
3533000,39.29,42.0,29.4,21.84,13.78
3534000,40.0,42.66,30.28,21.92,13.79
3535000,40.0,42.66,30.33,21.94,13.8
3536000,40.53,44.3,30.25,22.13,13.73
3537000,39.71,44.3,30.55,22.06,14.07
3538000,39.71,43.49,30.18,21.71,14.27
3539000,40.19,43.78,30.97,21.7,14.26
3540000,40.19,43.94,29.98,21.17,14.35
3541000,40.28,43.9,30.37,21.26,14.33
3542000,38.97,44.38,29.8,21.61,14.13
3543000,38.78,44.38,29.57,21.22,14.52
3544000,38.6,44.71,29.9,20.75,14.57
3545000,38.9,44.71,30.44,20.94,14.37
3546000,38.95,45.19,29.61,21.47,14.52
3547000,39.74,45.08,29.61,21.38,14.48
3548000,39.99,45.01,29.79,21.82,14.83
3549000,39.8,45.01,29.98,21.82,14.98
3550000,40.34,46.26,29.83,21.97,14.78
3551000,39.07,46.06,30.78,21.69,14.76
3552000,39.07,45.9,30.72,21.51,15.08
3553000,40.11,45.21,31.14,21.51,15.4
3554000,40.17,45.37,31.16,21.16,15.3
3555000,39.77,44.95,30.09,21.38,15.28
3556000,39.13,43.87,30.04,21.44,15.32
3557000,39.13,44.18,30.01,21.12,15.35
3558000,39.23,44.18,30.19,21.08,15.54
3559000,39.33,44.75,29.41,21.52,15.88
3560000,39.33,45.53,28.65,20.76,15.85
3561000,39.68,45.6,28.53,20.53,16.02
3562000,39.02,45.08,28.53,20.62,16.04
3563000,39.09,45.08,29.05,20.62,15.99
3564000,39.35,44.75,28.86,20.73,16.52
3565000,38.92,44.35,28.18,20.85,16.48
3566000,38.92,42.82,28.39,21.15,16.29
3567000,38.95,42.38,28.49,21.43,16.35
3568000,38.79,42.12,28.94,21.22,16.17
3569000,39.81,42.47,28.87,21.68,15.82
3570000,39.81,42.2,29.44,21.68,15.48
3571000,40.32,42.2,29.66,21.7,15.6
3572000,40.05,41.69,29.95,21.37,15.68
3573000,41.1,41.79,29.95,21.07,15.91
3574000,41.1,41.7,29.76,20.43,15.5
3575000,41.43,41.7,30.34,20.64,15.89
3576000,41.06,42.21,30.58,20.89,16.1
3577000,41.37,40.47,30.58,21.04,16.15
3578000,41.88,40.47,30.78,21.07,15.87
3579000,41.03,41.28,31.48,21.94,15.66
3580000,41.03,41.43,31.48,22.12,15.66
3581000,41.84,41.43,32.07,21.42,15.22
3582000,42.11,42.12,32.5,21.52,15.22
3583000,41.3,41.67,33.14,21.63,15.36
3584000,41.0,42.54,32.59,22.11,15.77
3585000,41.0,42.97,32.43,21.51,15.48
3586000,41.61,42.71,32.43,20.57,15.73
3587000,42.21,42.32,32.5,19.92,15.21
3588000,41.52,41.65,32.27,19.63,15.28
3589000,41.52,41.84,32.45,18.98,15.34
3590000,42.38,42.08,32.61,18.92,14.76
3591000,42.91,41.22,31.66,18.53,14.85
3592000,42.91,41.37,31.96,18.6,15.05
3593000,44.06,41.91,31.87,19.2,14.86
3594000,43.84,42.01,32.05,18.82,14.18
3595000,43.26,42.36,32.05,18.63,13.93
3596000,42.79,41.78,32.63,17.67,14.24
3597000,42.33,40.76,32.63,18.06,14.24
3598000,43.13,40.68,33.74,18.06,14.44
3599000,43.46,40.74,32.94,18.93,14.31
3600000,43.43,40.29,33.13,19.13,14.81
3601000,43.31,40.4,33.28,19.13,14.15
3602000,42.83,40.89,32.76,19.57,13.69
3603000,42.83,41.54,32.98,19.69,13.69
3604000,42.84,42.21,32.92,19.66,13.97
3605000,42.49,40.08,32.02,19.38,13.53
3606000,42.81,40.08,31.47,19.38,13.62
3607000,42.81,40.44,31.75,20.07,13.71
3608000,42.5,39.9,31.0,20.34,13.71
3609000,42.84,39.5,30.16,19.67,14.3
3610000,43.03,39.16,30.54,20.05,14.38
3611000,43.2,39.03,30.82,20.16,14.55
3612000,42.35,37.77,30.37,20.24,14.24
3613000,42.69,38.16,30.54,19.88,14.49
3614000,42.6,36.97,30.31,19.64,14.68
3615000,42.58,37.57,29.63,19.68,14.68
3616000,42.72,36.83,29.63,20.18,14.69
3617000,43.23,36.6,29.63,20.24,14.81
3618000,43.29,37.21,29.67,20.06,14.77
3619000,43.2,37.21,30.04,20.26,14.64
3620000,43.8,37.35,30.2,20.27,14.54
3621000,44.0,37.84,29.8,19.39,14.83
3622000,44.84,37.42,30.02,19.24,14.94
3623000,44.04,37.9,30.24,18.54,15.15
3624000,43.9,37.4,30.24,18.55,15.7
3625000,43.65,37.4,30.43,18.67,15.93
3626000,43.5,37.63,30.5,18.54,16.08
3627000,44.09,37.63,29.99,18.54,15.82
3628000,44.09,38.62,29.61,18.67,15.29
3629000,43.96,37.84,29.61,18.71,15.1
3630000,43.9,38.44,30.37,18.74,15.14
3631000,43.9,38.44,30.92,17.94,15.4
3632000,45.14,39.1,30.3,17.94,15.4
3633000,45.14,40.08,29.79,18.08,15.46
3634000,45.88,40.29,29.79,18.07,15.59
3635000,45.88,40.47,30.1,17.71,15.86
3636000,45.91,40.7,30.27,17.98,15.89
3637000,45.96,41.67,30.6,18.12,15.83
3638000,46.75,40.92,30.39,18.24,16.32
3639000,46.3,40.97,29.29,18.3,16.31
3640000,45.45,40.97,28.87,18.22,16.65
3641000,45.74,40.6,28.5,18.55,16.37
3642000,46.5,40.79,29.1,18.55,16.01
3643000,45.74,41.07,28.71,19.65,15.66
3644000,46.43,41.07,28.33,19.88,15.68
3645000,46.39,41.57,28.33,20.16,16.1
3646000,46.67,41.6,27.5,20.77,16.4
3647000,46.62,41.33,27.46,20.85,15.98
3648000,46.64,41.72,26.64,21.07,16.08
3649000,45.99,42.12,26.64,21.11,16.0
3650000,44.35,41.6,27.18,21.04,16.25
3651000,43.41,40.21,26.61,21.63,15.76
3652000,43.89,40.21,26.88,21.28,15.89
3653000,43.86,41.15,26.63,21.28,15.97
3654000,43.66,40.86,26.82,22.02,15.96
3655000,42.6,40.36,27.04,22.43,15.92
3656000,42.09,40.66,27.04,22.83,15.78
3657000,42.29,40.66,27.81,23.15,15.78
3658000,42.46,40.7,28.29,23.02,15.93
3659000,43.04,40.7,28.29,23.09,15.37
3660000,43.23,41.57,28.99,22.19,15.27
3661000,41.45,41.57,29.4,21.46,15.2
3662000,42.04,42.97,29.42,20.99,15.61
3663000,42.08,41.82,29.06,20.99,15.74
3664000,40.06,42.07,29.06,20.54,15.73
3665000,40.55,40.82,28.78,20.29,15.41
3666000,40.46,41.4,28.9,20.51,14.91
3667000,41.02,41.4,29.14,20.35,15.05
3668000,40.86,41.46,29.53,20.35,14.98
3669000,41.5,41.93,29.53,20.37,15.19
3670000,42.0,42.1,30.24,20.37,15.33
3671000,42.74,41.81,30.54,20.81,15.15
3672000,42.74,42.25,30.88,21.23,14.99
3673000,42.74,42.43,30.86,21.53,14.77
3674000,43.59,42.43,31.22,21.58,14.92
3675000,43.9,42.85,30.94,20.91,14.79
3676000,43.67,42.29,30.88,20.88,15.08
3677000,43.67,42.29,30.99,20.63,15.11
3678000,44.25,42.54,31.33,20.4,15.12
3679000,44.69,42.54,31.15,20.9,14.99
3680000,44.35,43.29,31.11,20.89,15.43
3681000,44.35,44.01,30.7,21.02,15.53
3682000,45.1,44.53,30.7,20.53,15.54
3683000,44.21,43.94,30.55,20.6,15.55
3684000,44.91,43.74,30.63,20.98,15.59
3685000,44.9,43.74,31.16,20.31,15.57
3686000,43.51,44.54,31.16,20.49,15.38
3687000,43.51,43.95,32.29,20.16,15.66
3688000,44.0,44.42,32.29,20.28,15.73
3689000,43.26,44.34,33.19,20.89,15.72
3690000,43.12,45.27,31.81,20.56,15.64
3691000,43.95,45.27,31.02,20.48,16.03
3692000,43.95,45.18,29.33,20.32,15.62
3693000,44.86,45.22,29.33,20.77,15.78
3694000,44.14,45.22,30.42,20.59,15.71
3695000,43.89,46.28,30.26,20.45,15.55
3696000,43.19,46.51,30.26,21.17,15.64
3697000,42.34,47.05,31.0,21.29,15.54
3698000,42.1,46.73,31.41,21.22,16.21
3699000,40.86,46.73,31.06,21.22,15.57
3700000,40.35,46.16,30.11,21.68,15.72
3701000,40.02,46.61,29.96,20.84,15.87
3702000,40.02,45.86,29.66,20.84,16.12
3703000,39.67,45.86,29.66,21.18,16.4
3704000,38.02,46.15,30.66,21.18,16.43
3705000,38.37,45.76,30.37,20.89,16.13
3706000,38.37,45.76,30.4,20.53,15.93
3707000,39.49,45.67,30.48,20.57,16.19
3708000,39.38,45.67,30.09,21.0,15.94
3709000,39.38,46.76,30.42,20.61,16.08
3710000,40.45,46.43,29.95,20.88,16.13
3711000,39.67,45.77,30.38,19.84,16.25
3712000,38.29,45.71,30.36,19.84,16.6
3713000,38.29,45.78,29.98,19.72,16.52
3714000,38.9,44.56,29.98,19.65,16.39
3715000,38.9,45.1,30.03,19.89,16.39
3716000,39.32,44.77,30.3,19.89,16.52
3717000,39.32,45.24,30.3,20.38,15.92
3718000,39.82,45.24,29.75,20.5,15.93
3719000,40.43,44.61,29.75,20.37,16.18
3720000,40.75,43.35,30.43,20.53,15.41
3721000,40.75,44.44,31.17,20.55,15.49
3722000,41.06,44.18,31.04,21.18,15.65
3723000,41.6,44.06,31.21,21.09,16.04
3724000,41.6,44.35,31.31,21.58,15.99
3725000,42.04,44.35,31.55,21.55,15.83
3726000,42.51,45.07,30.96,21.55,15.93
3727000,43.42,44.89,30.52,21.71,16.35
3728000,43.32,43.78,30.21,21.54,16.31
3729000,43.91,43.61,30.35,21.54,15.96
3730000,43.65,44.12,30.51,22.15,15.62
3731000,44.12,44.22,30.72,21.75,15.45
3732000,44.72,43.45,30.95,22.03,15.57
3733000,45.05,42.41,30.95,22.03,15.37
3734000,45.02,41.56,31.23,22.07,15.18
3735000,44.06,41.56,31.81,22.43,14.96
3736000,44.22,42.72,29.81,22.48,15.0
3737000,44.02,43.11,28.68,22.56,14.86
3738000,43.55,43.41,27.45,22.89,15.41
3739000,44.17,43.45,27.27,22.89,15.35
3740000,44.17,44.07,27.52,23.2,15.57
3741000,44.08,44.4,27.52,23.44,15.57
3742000,43.96,44.4,27.95,23.69,15.58
3743000,44.06,45.42,27.85,23.39,15.63
3744000,44.06,45.57,28.25,23.1,15.74
3745000,44.64,44.8,28.28,23.27,14.96
3746000,43.89,45.04,29.02,23.42,14.7
3747000,42.43,45.11,29.27,23.65,14.83
3748000,42.0,45.39,29.24,23.21,14.66
3749000,41.99,44.98,29.24,23.51,14.5
3750000,41.11,44.63,29.19,23.51,14.69
3751000,41.17,44.25,27.6,24.21,14.47
3752000,39.63,44.59,27.68,24.21,14.7
3753000,39.63,44.59,27.55,24.31,14.36
3754000,38.93,42.74,27.66,24.31,14.52
3755000,38.92,42.74,27.75,24.5,14.15
3756000,38.23,42.47,27.9,24.47,14.36
3757000,38.23,41.89,28.42,24.47,14.74
3758000,38.63,42.26,28.57,25.53,14.86
3759000,38.58,42.26,28.84,24.95,14.32
3760000,38.58,43.39,28.84,24.72,14.34
3761000,38.24,43.39,28.59,24.36,14.91
3762000,38.89,43.46,28.2,24.59,14.73
3763000,38.89,43.8,27.83,24.43,13.84
3764000,39.41,43.87,27.54,24.18,13.79
3765000,39.88,43.78,28.09,24.18,13.62
3766000,39.98,41.85,28.09,24.88,13.75
3767000,39.79,41.91,29.03,24.15,14.03
3768000,40.21,41.16,29.29,23.92,14.03
3769000,40.26,41.2,29.83,23.92,14.6
3770000,40.91,40.91,29.75,24.3,14.8
3771000,41.67,41.57,28.73,24.39,14.81
3772000,41.67,41.57,28.47,24.64,14.76
3773000,40.61,41.65,28.47,24.17,14.97
3774000,41.34,41.65,29.14,24.17,14.72
3775000,41.34,41.88,29.42,24.28,14.72
3776000,41.7,42.11,29.77,24.48,15.37
3777000,42.46,42.54,29.57,24.59,15.33
3778000,42.89,42.64,28.45,25.2,15.7
3779000,43.22,42.57,28.51,24.84,15.96
3780000,43.22,41.55,28.16,24.9,15.62
3781000,42.7,41.75,28.17,24.19,15.62
3782000,42.66,42.29,26.03,24.03,16.15
3783000,42.6,42.29,25.54,24.1,16.25
3784000,42.6,42.38,25.54,24.36,15.75
3785000,43.49,42.57,25.34,23.47,15.95
3786000,43.58,42.81,25.34,23.77,15.59
3787000,43.98,42.01,24.8,23.97,15.91
3788000,43.61,42.31,25.3,23.31,15.89
3789000,44.15,42.25,25.53,21.25,16.29
3790000,43.49,42.25,25.53,21.22,16.32
3791000,43.43,43.85,26.14,21.73,15.83
3792000,43.29,43.85,26.14,21.88,15.86
3793000,41.19,44.05,26.37,21.77,15.55
3794000,40.03,44.61,26.97,21.17,15.35
3795000,39.3,43.59,26.97,21.56,15.35
3796000,38.8,43.7,27.0,21.56,15.62
3797000,38.2,44.3,26.68,21.62,15.74
3798000,37.76,44.3,26.85,21.67,15.69
3799000,37.76,43.68,27.24,21.43,15.22
3800000,37.23,42.89,27.24,21.43,15.36
3801000,37.23,41.93,27.95,21.49,15.52
3802000,38.1,41.93,28.13,21.9,16.24
3803000,38.56,42.93,28.36,22.02,16.45
3804000,39.36,43.03,28.67,22.29,16.15
3805000,38.92,43.03,29.1,22.37,16.43
3806000,39.8,43.9,28.89,22.37,16.56
3807000,40.01,43.39,28.89,22.69,16.47
3808000,40.4,43.39,28.53,22.74,16.77
3809000,38.5,44.0,28.71,22.66,16.7
3810000,38.5,44.5,28.55,22.69,16.85
3811000,37.7,44.5,28.0,21.84,16.82
3812000,37.69,45.43,27.91,21.5,16.7
3813000,37.69,44.18,28.48,21.5,16.57
3814000,38.94,44.18,28.9,22.45,16.27
3815000,38.94,44.51,28.51,21.7,16.54
3816000,39.53,44.6,28.68,21.7,16.64
3817000,39.53,44.5,28.81,22.24,16.74
3818000,39.84,45.45,28.9,21.66,16.91
3819000,40.43,44.79,28.28,21.58,17.39
3820000,40.67,45.33,27.46,21.73,17.74
3821000,41.15,45.33,27.77,21.91,17.4
3822000,41.44,45.57,27.77,22.13,17.29
3823000,42.14,44.88,28.38,21.98,16.85
3824000,42.66,44.88,28.38,21.86,16.9
3825000,42.66,44.98,29.1,22.1,17.18
3826000,43.18,45.49,28.99,22.31,16.61
3827000,43.58,45.35,29.05,22.31,16.51
3828000,43.58,45.31,28.72,22.24,16.58
3829000,44.52,45.31,29.07,22.24,16.76
3830000,44.37,46.39,29.18,22.82,16.43
3831000,45.17,46.96,27.87,23.16,16.44
3832000,45.59,46.55,27.74,23.31,16.82
3833000,44.96,46.55,28.33,22.79,16.81
3834000,45.44,46.36,28.38,23.03,16.84
3835000,45.44,46.67,28.29,23.03,17.2
3836000,46.22,46.67,28.06,23.69,17.11
3837000,46.32,46.83,28.76,23.64,17.41
3838000,45.49,47.18,28.67,23.65,17.47
3839000,45.41,48.0,28.67,24.1,17.68
3840000,45.66,46.81,28.86,23.09,17.26
3841000,45.14,45.77,28.01,23.09,17.39
3842000,45.54,45.77,27.99,23.09,17.59
3843000,45.95,46.41,27.99,23.24,17.67
3844000,46.27,47.15,28.71,23.12,17.79
3845000,44.48,47.34,28.71,23.46,17.97
3846000,44.09,47.34,29.9,23.67,18.08
3847000,42.54,47.66,30.26,23.93,18.0
3848000,42.32,48.18,30.09,23.23,17.52
3849000,41.64,48.18,30.21,23.53,17.32
3850000,41.64,48.59,30.15,23.72,17.2
3851000,42.17,48.88,30.43,23.57,16.98
3852000,39.35,49.07,30.75,23.63,16.9
3853000,39.86,49.07,30.25,23.91,16.66
3854000,40.28,48.31,30.48,24.02,16.8
3855000,40.17,47.9,30.72,24.53,16.29
3856000,40.47,47.9,30.72,24.71,15.92
3857000,40.42,47.3,31.03,24.88,16.02
3858000,40.42,47.45,31.15,25.3,16.21
3859000,41.3,47.81,30.68,24.73,16.6
3860000,41.52,48.44,29.17,24.66,16.29
3861000,41.41,47.99,27.51,24.92,15.55
3862000,41.4,47.77,27.51,24.48,15.74
3863000,42.22,47.77,28.29,24.65,15.6
3864000,42.62,48.75,28.29,24.85,15.78
3865000,42.85,49.32,27.99,24.43,15.9
3866000,44.06,49.32,28.36,23.87,15.29
3867000,44.29,49.71,28.4,23.21,15.39
3868000,44.42,48.99,28.85,23.21,15.39
3869000,44.42,49.11,28.85,23.0,15.88
3870000,45.54,49.35,29.3,23.0,16.07
3871000,45.54,48.49,29.3,23.54,15.64
3872000,46.08,48.63,29.46,23.38,16.03
3873000,46.23,47.76,29.46,23.36,16.06
3874000,46.79,47.76,30.0,23.9,15.99
3875000,45.49,48.59,29.94,24.02,15.98
3876000,46.33,47.75,28.89,23.81,15.76
3877000,45.7,47.75,28.89,23.3,15.63
3878000,46.14,48.35,29.8,23.31,15.46
3879000,46.02,49.4,29.8,23.29,15.67
3880000,45.33,49.4,30.74,22.66,15.67
3881000,44.65,50.25,29.71,22.66,16.04
3882000,45.15,49.77,29.71,23.39,16.04
3883000,45.28,49.77,30.34,23.63,16.0
3884000,45.46,49.61,30.1,23.64,15.77
3885000,45.67,50.73,30.73,23.73,15.97
3886000,46.21,50.71,30.73,23.81,15.69
3887000,46.99,50.71,31.26,23.88,15.59
3888000,46.99,51.49,31.26,23.4,15.67
3889000,48.14,51.69,31.48,23.48,15.05
3890000,48.25,51.69,31.73,23.67,15.03
3891000,48.25,51.64,31.73,23.2,15.55
3892000,49.48,51.64,32.64,22.74,15.95
3893000,49.48,51.42,32.69,22.69,16.48
3894000,49.84,52.09,32.93,22.77,16.33
3895000,49.15,52.28,30.78,22.97,16.54
3896000,49.15,52.28,30.43,22.86,16.87
3897000,49.32,52.76,30.63,22.32,17.08
3898000,49.23,52.76,30.5,22.61,17.35
3899000,49.29,52.69,30.51,22.43,17.58
3900000,48.69,52.26,30.77,22.02,17.45
3901000,48.34,52.26,30.77,20.82,17.44
3902000,47.63,53.15,31.56,21.21,16.99
3903000,47.2,53.74,31.13,21.32,17.17
3904000,46.97,52.48,30.9,20.7,17.46
3905000,46.32,51.67,31.29,20.4,17.1
3906000,46.34,51.67,30.67,20.72,17.2
3907000,45.57,51.83,31.3,21.04,17.34
3908000,44.89,50.46,31.3,21.11,17.22
3909000,44.81,50.63,31.37,21.11,16.94
3910000,45.36,50.63,31.37,21.66,16.58
3911000,45.36,51.02,31.37,21.56,16.31
3912000,46.24,51.41,32.45,21.94,16.49
3913000,45.81,50.86,32.75,21.94,16.68
3914000,45.91,51.3,32.64,22.63,16.63
3915000,45.91,51.3,32.82,22.63,16.14
3916000,46.13,49.68,31.4,22.47,16.15
3917000,46.48,50.08,31.43,22.4,16.18
3918000,46.09,50.31,31.07,22.53,16.43
3919000,46.83,50.31,31.12,22.07,16.13
3920000,46.32,51.29,31.35,22.11,16.13
3921000,46.51,51.27,31.34,21.88,16.55
3922000,45.3,52.27,31.37,22.55,16.92
3923000,45.52,52.36,31.38,22.55,16.9
3924000,45.95,52.36,31.38,22.99,16.9
3925000,45.95,53.25,31.93,23.41,16.52
3926000,46.72,52.76,31.61,23.51,16.82
3927000,46.8,52.68,31.83,22.7,16.81
3928000,47.32,53.68,31.51,22.7,16.8
3929000,46.9,53.14,31.51,23.35,17.18
3930000,45.78,53.14,32.3,23.69,16.96
3931000,45.88,53.68,32.3,23.69,17.22
3932000,45.88,54.48,33.23,24.28,17.56
3933000,47.02,54.7,33.5,24.34,17.59
3934000,47.26,54.2,33.55,24.34,17.85
3935000,46.74,54.1,32.72,24.14,17.72
3936000,46.42,53.88,32.94,24.14,16.69
3937000,46.15,53.39,33.17,24.36,16.37
3938000,45.26,53.39,32.66,24.32,16.71
3939000,45.05,54.2,30.67,24.32,16.27
3940000,45.43,54.2,30.67,24.85,15.94
3941000,45.43,55.28,31.23,24.85,16.09
3942000,45.48,54.81,29.94,24.14,16.07
3943000,45.11,54.31,29.94,24.09,15.98
3944000,43.94,54.17,30.42,24.5,16.26
3945000,44.03,54.07,30.95,24.6,15.69
3946000,44.03,53.99,30.4,24.84,15.91
3947000,43.86,53.99,28.65,24.84,16.35
3948000,43.8,55.12,28.65,25.36,16.89
3949000,43.42,54.21,28.45,25.36,16.36
3950000,43.71,54.21,27.72,25.05,16.55
3951000,43.0,54.93,27.48,25.16,16.56
3952000,41.9,54.68,27.71,24.47,16.43
3953000,42.73,54.68,26.98,24.07,16.98
3954000,42.64,55.37,26.87,24.31,17.02
3955000,42.64,54.52,26.85,23.99,17.52
3956000,43.32,54.14,27.21,23.06,17.84
3957000,43.23,53.88,27.21,22.96,17.7
3958000,43.39,53.68,28.03,22.96,17.76
3959000,42.99,53.74,28.03,23.14,18.02
3960000,42.65,53.88,28.13,23.47,18.42
3961000,42.65,53.56,28.0,23.47,18.37
3962000,43.12,53.56,27.88,23.98,18.31
3963000,43.6,53.25,28.23,23.98,18.71
3964000,41.87,52.66,27.1,24.65,18.74
3965000,41.34,52.02,27.75,24.39,18.47
3966000,40.94,53.22,27.91,24.39,18.81
3967000,40.94,52.57,27.51,25.34,19.12
3968000,41.0,51.25,27.87,25.42,19.44
3969000,41.79,51.25,26.47,25.72,18.24
3970000,42.15,51.25,26.84,25.72,18.29
3971000,42.15,52.18,25.78,26.1,18.46
3972000,41.67,51.77,26.49,26.29,18.56
3973000,41.09,50.3,26.68,26.03,18.82
3974000,41.29,49.97,26.71,26.04,18.14
3975000,41.42,50.57,26.71,24.31,18.33
3976000,41.58,49.32,26.61,24.2,18.36
3977000,42.07,49.28,27.31,23.74,18.72
3978000,41.38,49.28,27.56,23.18,18.72
3979000,41.38,49.77,27.56,23.18,19.14
3980000,42.18,49.77,28.38,23.72,19.29
3981000,41.88,50.31,28.38,23.74,19.11
3982000,42.43,50.31,28.9,23.94,19.36
3983000,42.11,48.75,29.43,24.48,19.36
3984000,42.11,49.29,29.06,24.14,19.91
3985000,42.57,48.38,28.93,24.26,20.0
3986000,41.66,48.29,28.88,24.26,19.72
3987000,40.38,48.29,28.91,24.37,19.79
3988000,39.83,49.57,29.32,23.3,20.23
3989000,39.39,49.49,28.76,23.18,19.55
3990000,39.39,48.73,28.19,23.18,18.98
3991000,39.26,48.73,28.22,23.65,19.27
3992000,39.25,49.9,27.4,23.66,19.52
3993000,39.5,50.59,26.17,23.95,19.31
3994000,40.07,50.59,26.87,23.92,19.77
3995000,40.48,51.1,26.87,23.92,19.8
3996000,41.09,50.58,27.53,24.4,19.27
3997000,41.63,50.58,26.94,24.4,19.39
3998000,41.36,50.96,26.94,24.52,19.38
3999000,40.13,49.57,28.1,24.56,19.42
4000000,40.13,49.57,27.88,23.93,18.61
4001000,40.6,50.36,27.84,24.27,18.61
4002000,41.36,50.36,27.43,24.27,18.44
4003000,41.23,50.81,27.55,23.84,18.5
4004000,41.95,50.81,27.99,24.03,17.97
4005000,42.75,50.99,27.37,24.06,17.97
4006000,42.5,49.76,27.55,23.48,17.85
4007000,42.48,50.36,27.31,24.07,18.14
4008000,42.74,50.36,27.46,24.07,18.38
4009000,42.9,47.9,27.73,24.47,18.36
4010000,42.94,46.06,27.04,24.83,18.64
4011000,43.13,46.06,27.77,25.03,18.64
4012000,42.74,46.75,27.77,24.78,19.07
4013000,43.28,46.41,28.21,24.51,18.77
4014000,43.28,46.18,28.21,23.13,18.7
4015000,43.69,44.76,29.15,23.05,18.74
4016000,43.95,43.68,28.75,23.05,18.21
4017000,43.95,44.02,28.58,23.98,18.24
4018000,43.86,44.3,28.43,24.16,18.53
4019000,43.86,44.3,29.13,24.16,17.93
4020000,43.88,44.5,29.13,24.2,18.02
4021000,43.85,44.73,29.37,24.35,18.14
4022000,43.85,45.16,28.89,24.34,17.62
4023000,43.58,45.16,28.35,24.56,17.72
4024000,43.58,45.16,28.46,24.56,17.4
4025000,43.85,45.88,28.22,24.5,17.18
4026000,43.85,44.62,28.76,24.5,17.22
4027000,43.68,44.88,28.11,25.22,16.37
4028000,43.91,44.88,27.5,24.63,16.76
4029000,43.91,44.72,27.8,24.63,17.14
4030000,44.92,44.72,27.84,24.63,17.42
4031000,44.92,45.29,27.78,24.9,17.4
4032000,45.54,45.01,28.1,25.08,16.97
4033000,43.83,43.8,27.85,24.16,17.28
4034000,43.93,42.82,27.85,24.16,17.33
4035000,44.57,42.82,28.21,25.08,17.59
4036000,44.47,43.29,27.66,24.79,17.97
4037000,44.02,43.42,28.28,24.15,17.73
4038000,44.94,43.52,28.34,24.27,17.48
4039000,43.88,43.52,28.34,24.44,17.45
4040000,43.61,43.52,27.44,24.97,17.43
4041000,44.33,44.73,27.44,25.33,17.34
4042000,44.12,44.07,27.44,25.33,17.33
4043000,44.73,44.07,27.5,25.81,17.25
4044000,44.51,44.65,27.64,26.09,17.3
4045000,44.18,44.74,27.22,26.24,17.51
4046000,44.18,43.42,27.22,26.49,17.68
4047000,43.69,42.94,28.0,26.82,17.46
4048000,43.59,43.19,28.54,26.82,17.73
4049000,43.59,42.75,28.32,27.41,17.61
4050000,44.64,42.22,28.7,27.39,17.86
4051000,44.95,41.35,28.2,26.83,17.41
4052000,44.95,39.57,28.2,26.4,17.83
4053000,44.36,39.92,28.64,26.82,18.04
4054000,44.72,39.92,28.86,26.82,17.81
4055000,44.95,40.94,29.05,27.21,17.63
4056000,45.25,40.94,29.02,27.23,17.75
4057000,45.82,41.63,29.57,27.19,17.47
4058000,44.77,41.19,29.51,27.19,17.59
4059000,44.26,41.68,29.51,27.1,17.55
4060000,44.83,41.68,28.85,26.61,17.41
4061000,44.74,41.59,29.02,26.6,17.67
4062000,44.38,41.64,29.33,24.73,17.36
4063000,44.37,42.6,28.14,24.01,17.48
4064000,45.2,41.59,28.14,24.24,17.8
4065000,45.2,39.66,28.81,24.24,17.8
4066000,46.08,39.66,29.4,24.87,17.49
4067000,45.67,40.39,29.86,25.3,17.59
4068000,44.94,40.39,29.96,24.63,17.59
4069000,44.62,41.12,30.24,25.25,17.84
4070000,44.65,41.12,30.45,24.75,17.95
4071000,44.65,42.18,30.02,24.75,18.27
4072000,44.95,42.88,30.11,24.54,18.26
4073000,45.21,42.88,30.32,24.55,18.36
4074000,44.33,42.88,30.65,24.36,18.08
4075000,44.33,43.8,30.93,24.51,17.47
4076000,44.73,43.93,30.95,24.73,17.5
4077000,44.83,44.28,31.32,24.73,17.24
4078000,45.4,44.28,31.51,25.54,17.57
4079000,45.61,44.2,30.62,25.47,17.14
4080000,45.83,43.15,29.97,25.47,17.36
4081000,45.83,43.52,30.1,26.29,17.24
4082000,46.24,43.37,29.87,25.35,17.4
4083000,46.43,43.37,29.31,25.17,18.05
4084000,45.47,43.71,29.16,25.01,18.05
4085000,46.12,44.03,29.57,25.49,18.27
4086000,45.38,44.43,29.38,24.95,18.26
4087000,45.91,44.82,29.74,25.48,18.55
4088000,45.44,44.27,29.83,25.48,18.52
4089000,45.4,43.64,29.83,25.34,18.79
4090000,45.95,43.33,30.47,24.5,19.05
4091000,45.81,43.08,30.47,23.46,18.76
4092000,44.92,41.26,30.67,23.65,18.82
4093000,45.55,41.26,30.6,23.42,18.87
4094000,45.84,42.05,30.8,23.42,18.93
4095000,45.84,42.05,30.8,24.1,18.76
4096000,45.74,43.34,31.63,23.32,18.61
4097000,46.11,43.34,32.16,23.96,18.75
4098000,45.94,43.99,31.64,23.99,18.49
4099000,45.94,42.09,31.64,23.71,18.48
4100000,46.48,42.09,31.73,23.71,17.71
4101000,47.5,43.14,32.22,23.46,17.77
4102000,46.51,43.38,32.39,23.02,17.63
4103000,45.94,42.25,31.24,23.49,17.35
4104000,45.12,41.49,31.38,23.89,17.75
4105000,44.99,41.72,31.3,23.99,17.89
4106000,44.99,41.72,30.33,24.57,17.72
4107000,45.19,42.6,30.63,24.12,18.06
4108000,45.64,43.22,30.38,24.4,18.09
4109000,45.46,43.55,30.76,23.5,17.86
4110000,45.69,43.55,30.44,23.85,18.2
4111000,45.69,43.5,30.44,23.85,18.23
4112000,46.29,43.28,30.14,24.22,18.67
4113000,47.31,40.71,29.96,24.53,18.89
4114000,47.31,40.81,30.09,24.17,18.89
4115000,48.5,40.81,29.85,24.36,19.41
4116000,48.5,40.76,29.58,24.4,18.94
4117000,48.74,40.76,30.22,24.4,19.07
4118000,48.74,41.79,30.1,24.67,18.73
4119000,48.5,42.33,30.5,23.99,18.73
4120000,48.5,42.38,30.29,23.86,19.15
4121000,49.79,42.65,30.64,23.91,18.93
4122000,50.14,42.85,30.66,23.91,19.12
4123000,50.14,42.77,30.21,24.48,18.88
4124000,50.88,42.77,30.87,24.24,19.3
4125000,50.54,44.14,30.5,24.24,19.05
4126000,50.46,44.14,30.63,23.56,19.4
4127000,50.05,45.17,30.68,24.1,19.56
4128000,49.88,44.87,30.26,23.77,19.41
4129000,49.88,44.92,30.26,23.95,19.35
4130000,49.68,45.13,30.86,23.88,19.09
4131000,49.68,44.25,30.17,23.37,18.16
4132000,50.04,44.25,29.59,23.12,18.16
4133000,49.84,44.41,29.84,21.59,18.39
4134000,49.84,44.46,29.84,21.87,18.8
4135000,49.06,44.1,29.77,22.45,18.38
4136000,49.39,43.35,30.56,21.61,18.32
4137000,49.38,42.76,30.11,22.11,18.22
4138000,48.79,42.41,30.0,22.4,18.8
4139000,48.76,43.22,30.01,22.9,18.8
4140000,49.09,43.74,29.85,22.97,18.79
4141000,48.74,44.37,29.99,22.97,18.79
4142000,48.74,43.65,28.78,23.13,19.0
4143000,47.78,41.97,28.91,23.13,18.59
4144000,47.59,39.15,29.31,24.1,18.46
4145000,47.59,38.73,29.01,24.29,18.56
4146000,47.24,37.35,29.34,24.23,18.73
4147000,48.19,37.35,29.44,23.91,18.62
4148000,48.19,38.3,27.88,23.99,18.96
4149000,48.83,37.62,26.41,24.19,19.12
4150000,48.83,37.69,26.41,24.78,18.45
4151000,49.53,36.99,26.74,25.12,18.36
4152000,49.9,36.99,27.48,25.12,18.5
4153000,49.9,36.87,27.33,25.76,18.36
4154000,50.29,36.6,27.33,26.03,18.65
4155000,50.29,37.11,28.03,25.57,18.16
4156000,50.37,37.33,27.37,25.47,18.25
4157000,49.46,37.51,26.8,25.01,17.39
4158000,49.46,37.87,26.36,25.21,17.06
4159000,50.35,38.47,26.38,25.82,16.37
4160000,51.19,38.39,27.09,25.87,16.19
4161000,50.85,39.18,26.29,25.47,16.76
4162000,48.54,39.95,26.29,25.51,16.03
4163000,48.54,39.95,27.34,26.09,15.91
4164000,48.1,40.49,27.34,25.72,15.99
4165000,48.54,40.15,27.74,25.72,16.01
4166000,48.81,40.15,28.12,26.41,16.28
4167000,47.99,40.08,27.83,26.55,16.28
4168000,49.1,39.93,28.18,26.44,16.42
4169000,49.5,39.49,27.32,26.44,16.36
4170000,49.5,40.2,25.9,27.43,16.39
4171000,49.42,39.82,25.9,27.45,16.82
4172000,49.42,39.87,26.99,27.45,16.75
4173000,50.4,40.78,26.8,27.86,17.22
4174000,50.36,40.21,26.8,27.86,17.49
4175000,51.06,40.16,27.63,27.75,17.49
4176000,50.6,40.16,28.0,27.96,17.8
4177000,50.95,40.29,28.72,27.86,17.94
4178000,50.45,39.75,27.8,27.51,18.04
4179000,49.43,40.63,28.04,27.23,17.65
4180000,49.55,40.63,28.04,27.99,17.65
4181000,49.55,40.82,28.98,28.06,17.54
4182000,49.55,40.59,28.97,27.5,17.13
4183000,49.9,40.98,29.06,27.69,17.33
4184000,50.18,41.76,29.07,27.69,16.89
4185000,50.18,41.62,28.48,28.49,16.71
4186000,51.31,41.62,28.06,28.87,16.9
4187000,51.38,42.22,28.45,29.42,17.14
4188000,51.38,40.87,28.47,29.57,17.08
4189000,52.6,40.87,28.37,29.85,17.33
4190000,53.01,40.43,27.94,30.12,17.34
4191000,53.4,40.86,27.68,30.34,17.9
4192000,52.63,40.61,27.8,30.53,18.09
4193000,53.4,41.31,27.8,30.52,18.07
4194000,53.12,41.31,27.28,30.33,18.52
4195000,51.84,42.1,27.28,29.54,18.46
4196000,50.78,41.4,27.55,29.55,18.83
4197000,50.49,42.15,27.6,29.55,18.5
4198000,49.5,41.18,27.6,29.69,18.66
4199000,49.81,41.65,27.79,29.93,18.66
4200000,49.74,41.65,27.85,30.6,19.34
4201000,49.74,42.62,27.86,30.25,19.79
4202000,50.34,42.96,28.63,31.04,19.72
4203000,49.86,43.2,28.82,31.04,19.72
4204000,50.03,43.08,28.87,31.5,19.86
4205000,50.03,41.74,29.04,32.26,20.11
4206000,49.17,42.27,28.94,31.99,20.17
4207000,49.35,42.27,29.34,31.59,19.88
4208000,49.35,43.33,29.36,32.02,20.23
4209000,50.13,43.77,29.23,32.02,20.51
4210000,50.13,44.32,29.23,32.18,20.08
4211000,50.15,44.11,29.51,31.43,20.24
4212000,49.38,43.91,30.09,31.43,19.77
4213000,49.82,44.43,30.22,32.32,20.03
4214000,49.82,44.98,30.78,30.72,19.88
4215000,49.82,44.74,30.93,30.81,19.62
4216000,49.82,44.9,31.54,30.48,18.84
4217000,49.78,44.89,30.93,30.74,18.72
4218000,50.77,44.89,30.74,30.91,18.14
4219000,50.77,45.02,30.98,30.58,18.15
4220000,51.48,44.97,30.98,30.62,18.42
4221000,52.13,45.94,30.18,30.1,18.09
4222000,51.7,46.41,30.24,28.98,18.2
4223000,52.8,46.29,30.53,28.53,17.9
4224000,53.24,46.76,29.66,28.93,17.71
4225000,53.25,45.99,28.18,29.11,17.84
4226000,52.79,45.52,28.23,29.11,17.55
4227000,53.71,45.87,27.87,29.69,17.55
4228000,54.0,46.1,27.87,29.54,18.09
4229000,54.58,46.05,28.37,29.28,17.96
4230000,54.58,45.66,28.65,26.97,17.79
4231000,55.9,45.66,29.32,26.97,18.54
4232000,56.51,46.2,29.32,26.94,18.75
4233000,56.51,45.41,29.68,27.14,18.34
4234000,57.29,46.11,30.15,26.34,18.34
4235000,57.29,46.5,29.73,25.52,18.35
4236000,58.64,46.73,28.97,24.26,17.75
4237000,56.98,46.73,29.49,24.56,17.87
4238000,56.98,46.98,28.26,24.78,16.95
4239000,58.0,46.98,28.26,24.82,16.33
4240000,57.42,47.37,29.51,25.07,16.7
4241000,58.06,45.88,29.51,24.15,15.57
4242000,57.62,45.88,28.84,24.15,15.08
4243000,57.66,45.41,28.92,24.46,14.91
4244000,57.48,45.41,28.67,24.46,14.91
4245000,57.0,45.63,28.85,25.06,14.95
4246000,56.21,45.72,28.85,23.17,14.95
4247000,56.21,46.13,29.64,23.65,15.73
4248000,56.82,46.13,29.64,23.75,16.08
4249000,55.02,46.68,30.78,23.06,16.04
4250000,55.02,47.06,31.31,23.06,16.01
4251000,55.97,47.06,31.45,23.26,16.47
4252000,56.4,47.09,31.13,23.32,16.45
4253000,56.4,46.67,31.13,23.32,16.57
4254000,57.3,46.1,32.26,24.16,17.2
4255000,58.71,44.95,31.8,23.84,17.09
4256000,58.71,44.54,31.82,23.84,17.06
4257000,59.82,45.08,31.96,24.46,17.45
4258000,59.75,45.08,32.43,24.79,17.92
4259000,59.75,44.36,32.41,24.79,17.94
4260000,59.64,44.67,33.0,24.96,17.94
4261000,59.64,45.04,32.76,24.96,18.59
4262000,60.66,45.04,32.76,25.21,18.8
4263000,60.66,46.46,33.54,24.16,18.84
4264000,59.86,46.95,33.53,24.16,19.21
4265000,58.0,46.95,33.4,24.48,19.36
4266000,58.0,46.19,33.12,24.48,19.41
4267000,57.78,46.2,32.86,24.66,19.76
4268000,57.78,46.13,31.58,24.66,19.96
4269000,58.42,46.13,31.53,25.7,19.19
4270000,58.17,47.31,31.61,25.95,19.09
4271000,58.17,47.31,31.41,25.8,19.05
4272000,57.82,48.53,30.67,25.95,19.41
4273000,58.91,48.53,30.82,26.28,19.31
4274000,56.9,49.5,31.16,26.65,19.71
4275000,56.9,49.66,31.57,26.65,19.71
4276000,57.57,50.26,31.44,26.03,20.08
4277000,56.98,49.05,31.05,26.03,19.99
4278000,56.98,49.05,30.53,27.14,19.8
4279000,58.11,49.37,31.28,27.09,19.91
4280000,56.6,48.68,30.41,27.0,19.57
4281000,56.88,48.68,30.22,27.64,19.14
4282000,56.88,49.28,29.82,27.59,18.88
4283000,56.2,50.26,29.59,27.35,18.72
4284000,55.58,50.26,29.69,27.51,17.97
4285000,55.58,50.59,28.96,27.68,18.41
4286000,56.8,50.11,28.96,27.67,18.68
4287000,56.8,49.88,29.97,27.67,18.83
4288000,56.82,49.88,29.97,28.17,18.57
4289000,56.99,50.62,30.87,28.67,18.88
4290000,56.01,51.27,31.14,28.52,19.44
4291000,56.19,50.73,31.01,28.72,19.29
4292000,55.92,50.01,30.93,28.55,20.02
4293000,54.44,50.01,31.01,28.61,20.19
4294000,54.44,49.83,30.97,28.61,19.36
4295000,54.95,49.23,30.83,28.6,18.66
4296000,54.95,49.08,30.04,28.59,18.72
4297000,55.13,48.97,29.07,28.59,18.77
4298000,55.76,48.51,29.8,29.45,18.87
4299000,54.75,48.51,29.8,29.49,18.38
4300000,54.19,48.82,30.37,29.84,18.81
4301000,50.42,49.08,30.02,30.24,18.87
4302000,50.42,49.49,30.02,30.58,18.32
4303000,49.54,49.49,30.82,30.62,18.5
4304000,49.28,50.09,31.39,30.37,18.28
4305000,49.48,50.19,30.58,30.37,18.09
4306000,50.11,51.0,29.99,30.86,18.09
4307000,49.74,51.25,29.58,31.12,18.64
4308000,49.64,51.25,29.9,31.19,17.96
4309000,49.3,51.59,27.68,31.12,18.08
4310000,49.3,51.57,27.55,30.93,18.28
4311000,48.61,50.79,26.9,30.93,18.18
4312000,48.61,50.79,26.33,31.38,18.26
4313000,47.46,52.16,26.19,31.38,18.26
4314000,47.46,52.16,26.67,31.38,18.57
4315000,48.15,53.11,26.82,32.22,18.22
4316000,47.8,53.11,26.7,32.6,18.41
4317000,47.55,53.88,26.68,32.98,18.42
4318000,47.55,55.02,26.85,33.17,18.76
4319000,46.61,54.49,26.85,32.48,18.69
4320000,46.16,54.03,27.88,32.7,18.84
4321000,45.83,54.34,26.06,32.7,18.42
4322000,45.26,54.34,26.06,32.56,17.58
4323000,45.31,53.83,26.0,32.42,17.55
4324000,46.22,54.17,26.37,33.08,17.6
4325000,45.36,54.17,26.21,33.07,17.28
4326000,44.52,54.58,26.18,32.91,17.11
4327000,44.52,54.09,25.84,33.17,17.24
4328000,43.77,54.09,26.39,32.46,17.53
4329000,42.34,55.15,26.66,32.82,17.35
4330000,42.27,54.65,26.57,33.06,17.56
4331000,42.31,53.78,26.62,31.91,17.77
4332000,43.05,53.78,27.25,31.91,18.04
4333000,42.06,54.83,27.25,31.79,18.64
4334000,41.34,54.83,27.54,31.38,18.48
4335000,41.56,55.86,27.56,31.45,18.96
4336000,41.73,55.86,27.34,31.45,19.51
4337000,41.33,56.68,27.4,32.27,19.52
4338000,40.87,57.35,27.4,32.27,19.52
4339000,40.14,57.04,28.15,32.19,19.71
4340000,40.54,56.55,27.79,32.08,20.04
4341000,40.54,56.55,28.13,31.76,19.67
4342000,40.48,56.3,28.58,31.39,20.14
4343000,41.02,55.56,28.29,30.71,19.54
4344000,41.16,55.56,28.7,30.71,19.25
4345000,41.01,55.82,28.88,31.22,19.26
4346000,41.01,55.82,29.03,30.75,19.25
4347000,41.88,56.19,29.03,30.33,18.86
4348000,41.88,56.2,30.38,30.44,18.9
4349000,41.71,56.2,30.62,29.68,18.62
4350000,41.32,56.9,30.69,30.26,18.86
4351000,40.58,57.44,31.56,29.92,18.64
4352000,40.58,57.33,30.75,29.92,18.75
4353000,41.48,56.93,30.06,30.43,18.87
4354000,41.74,56.93,29.99,30.43,19.08
4355000,41.83,56.93,29.94,31.21,18.94
4356000,42.88,57.72,30.12,30.07,18.58
4357000,43.3,57.72,30.12,30.07,18.99
4358000,42.91,58.98,31.25,30.88,18.78
4359000,42.91,59.68,31.7,30.79,18.76
4360000,43.01,58.34,31.59,31.17,19.1
4361000,42.98,58.34,31.59,30.06,17.99
4362000,42.98,59.46,32.26,29.09,17.9
4363000,44.15,59.71,32.26,29.0,18.62
4364000,44.15,58.71,33.31,29.0,18.78
4365000,43.39,58.71,33.37,29.41,18.94
4366000,43.39,57.78,33.37,29.92,18.61
4367000,42.99,55.53,34.61,30.22,18.88
4368000,43.49,55.81,34.61,30.1,18.22
4369000,42.73,55.19,35.27,29.57,18.19
4370000,42.73,55.73,35.29,29.38,18.51
4371000,43.37,55.73,35.67,29.29,18.64
4372000,43.34,57.06,34.72,29.26,18.58
4373000,43.82,56.67,35.0,29.26,18.66
4374000,44.57,56.48,35.45,30.04,18.66
4375000,44.73,56.2,35.45,30.04,19.66
4376000,45.39,55.38,34.75,30.32,19.8
4377000,45.76,54.32,34.21,29.93,19.88
4378000,45.76,54.03,34.66,28.26,19.62
4379000,46.9,54.07,34.66,28.26,19.73
4380000,46.63,54.5,35.63,29.13,20.06
4381000,46.63,53.99,35.26,28.78,20.06
4382000,47.3,53.99,35.4,28.55,20.32
4383000,45.66,53.4,35.4,27.91,19.59
4384000,45.52,53.4,35.36,28.27,18.78
4385000,44.18,54.42,35.58,28.63,18.85
4386000,44.39,54.42,35.63,28.63,18.61
4387000,44.28,54.8,36.4,28.16,18.57
4388000,45.01,54.8,35.55,28.53,18.7
4389000,45.01,56.14,35.55,28.57,18.01
4390000,46.36,55.01,36.09,28.54,18.26
4391000,45.81,54.73,36.08,28.15,18.86
4392000,45.98,53.13,35.27,28.56,18.86
4393000,46.99,52.85,35.16,28.56,19.46
4394000,46.99,52.85,35.16,29.35,19.96
4395000,46.44,52.84,36.5,28.72,20.26
4396000,46.56,52.93,35.74,28.72,20.19
4397000,47.25,52.75,36.22,29.47,20.28
4398000,46.81,52.75,36.25,29.49,20.23
4399000,47.23,52.81,36.29,30.3,19.76
4400000,47.1,51.84,36.46,30.48,20.06
4401000,47.29,50.42,37.09,29.84,19.98
4402000,47.83,49.97,37.17,29.2,19.98
4403000,46.27,50.93,37.93,29.92,20.01
4404000,45.71,50.93,37.15,29.18,19.79
4405000,46.16,50.57,37.15,28.93,20.11
4406000,46.16,50.81,37.21,28.11,20.1
4407000,46.16,50.71,37.32,28.11,20.13
4408000,47.69,50.5,37.32,28.06,20.57
4409000,47.61,50.92,37.93,28.21,20.91
4410000,48.54,50.92,37.95,28.3,21.06
4411000,47.97,50.97,37.74,28.3,21.15
4412000,48.47,51.17,37.74,28.44,20.91
4413000,48.11,51.17,38.25,28.44,21.48
4414000,49.32,52.27,38.56,28.22,21.73
4415000,49.32,51.29,39.1,28.2,21.29
4416000,49.7,49.18,39.62,28.69,21.54
4417000,50.49,47.56,39.62,28.33,21.14
4418000,50.38,46.88,39.38,28.4,21.42
4419000,49.63,47.27,39.88,28.4,21.42
4420000,50.33,47.8,39.88,28.16,21.92
4421000,50.33,47.8,40.66,28.27,22.02
4422000,51.26,48.76,41.15,28.79,22.14
4423000,51.6,48.75,41.15,29.17,21.92
4424000,51.52,48.75,41.76,29.03,22.05
4425000,51.52,48.46,41.76,29.03,21.88
4426000,51.98,48.94,41.76,29.91,22.06
4427000,52.07,47.92,42.68,30.36,22.31
4428000,52.44,48.23,42.73,31.02,21.96
4429000,52.15,47.99,42.96,31.12,21.78
4430000,52.15,47.89,41.59,31.12,21.82
4431000,52.77,48.17,41.95,31.98,21.76
4432000,52.37,47.03,42.3,32.66,22.43
4433000,52.57,47.03,41.3,32.22,22.48
4434000,52.57,46.77,41.76,31.35,22.2
4435000,52.99,46.52,41.82,31.15,22.43
4436000,52.99,46.52,42.09,31.15,21.93
4437000,53.62,47.01,42.09,31.05,21.77
4438000,53.11,47.49,42.45,31.04,21.68
4439000,53.11,46.25,42.45,30.15,21.82
4440000,53.72,46.89,43.02,30.43,21.55
4441000,52.72,47.04,42.47,30.71,21.82
4442000,53.42,46.1,42.74,30.71,21.96
4443000,53.42,47.02,42.74,30.55,21.55
4444000,53.64,47.29,43.3,31.16,20.32
4445000,53.61,47.29,43.3,31.22,21.07
4446000,53.34,47.34,42.36,31.07,21.07
4447000,53.34,48.12,42.08,30.29,20.64
4448000,53.24,47.3,40.57,30.2,20.6
4449000,53.02,47.3,40.63,30.55,20.6
4450000,53.14,46.72,40.87,30.48,21.06
4451000,53.31,46.42,40.87,30.97,21.17
4452000,53.6,47.22,41.36,30.97,21.42
4453000,53.74,47.22,41.44,30.76,21.56
4454000,52.73,47.14,41.8,29.44,21.27
4455000,52.71,47.2,41.25,29.41,21.38
4456000,51.21,47.2,40.94,29.32,21.59
4457000,50.59,48.51,40.94,29.07,21.82
4458000,50.88,48.51,41.6,28.23,21.41
4459000,50.36,49.73,41.88,28.6,20.6
4460000,50.36,49.64,41.95,28.6,19.88
4461000,50.62,49.49,41.73,28.5,19.71
4462000,50.47,48.65,41.98,27.36,19.79
4463000,50.47,48.74,42.51,27.43,19.82
4464000,51.73,49.89,42.42,27.43,19.54
4465000,51.73,49.89,42.09,27.03,18.85
4466000,52.76,49.69,42.12,27.09,17.97
4467000,52.64,49.04,42.28,27.1,18.19
4468000,52.71,49.71,41.81,27.73,18.02
4469000,53.53,48.68,41.81,28.01,17.68
4470000,53.29,49.2,42.32,27.42,17.68
4471000,50.03,49.2,42.76,27.42,18.2
4472000,48.38,49.01,42.37,28.12,17.49
4473000,48.38,50.01,42.37,26.9,17.72
4474000,47.45,49.51,42.46,27.36,18.09
4475000,47.5,49.51,42.6,26.96,18.2
4476000,47.5,49.51,42.6,26.92,18.5
4477000,48.9,47.45,42.46,27.06,17.68
4478000,48.78,47.45,42.46,26.27,17.69
4479000,48.78,48.73,42.9,26.16,17.87
4480000,49.73,48.73,43.4,26.06,17.65
4481000,50.25,49.99,43.46,26.06,18.25
4482000,50.8,50.35,42.67,25.93,18.31
4483000,50.72,50.35,42.32,25.78,18.59
4484000,51.75,50.7,42.0,24.47,18.42
4485000,51.84,51.1,42.27,24.48,18.57
4486000,52.96,50.42,42.68,24.47,18.87
4487000,52.96,50.42,42.77,24.47,18.32
4488000,53.03,50.66,42.55,23.45,18.32
4489000,53.24,50.66,42.34,23.36,18.88
4490000,53.24,52.24,41.63,23.15,19.05
4491000,53.12,52.24,41.63,23.79,18.18
4492000,52.99,52.73,41.87,23.53,18.52
4493000,53.09,53.27,42.21,23.49,18.52
4494000,53.09,52.53,41.46,23.76,18.52
4495000,53.75,53.54,40.41,23.67,18.31
4496000,53.55,53.54,40.37,24.35,18.5
4497000,51.61,53.83,38.58,24.73,18.53
4498000,52.31,53.83,36.97,24.89,18.29
4499000,51.8,54.15,35.66,25.18,18.59
4500000,52.72,53.45,35.66,24.46,18.1
4501000,52.72,53.5,35.66,24.64,18.33
4502000,53.26,53.31,35.72,24.48,18.43
4503000,54.37,53.97,36.05,25.41,18.43
4504000,54.37,53.97,36.33,25.41,18.82
4505000,55.35,54.88,36.33,25.87,19.11
4506000,54.74,54.88,36.33,26.7,19.25
4507000,53.57,54.88,37.22,26.78,19.5
4508000,51.9,56.49,37.66,27.03,19.7
4509000,51.9,56.49,37.66,27.03,19.48
4510000,52.85,57.84,37.25,27.28,19.27
4511000,51.06,57.84,36.71,27.71,19.76
4512000,50.14,58.25,36.71,27.71,19.91
4513000,49.53,58.64,37.81,28.42,20.01
4514000,49.65,58.58,37.81,28.3,20.32
4515000,50.45,58.58,37.59,27.99,20.54
4516000,50.2,58.1,36.63,28.14,20.86
4517000,50.2,57.04,35.67,28.78,20.97
4518000,51.11,56.16,35.65,29.02,20.86
4519000,49.82,56.65,35.65,29.19,21.43
4520000,50.77,56.42,36.82,29.19,21.89
4521000,50.77,56.42,36.48,28.74,20.97
4522000,51.88,57.21,36.9,28.95,21.36
4523000,52.58,57.23,36.71,28.74,21.45
4524000,52.58,57.53,36.97,29.23,21.59
4525000,51.88,55.34,36.25,28.77,21.33
4526000,51.31,55.58,36.0,29.7,20.88
4527000,51.22,55.58,35.99,29.67,20.94
4528000,51.22,55.79,35.84,29.67,21.06
4529000,50.93,55.79,36.49,30.87,21.08
4530000,51.41,55.92,37.16,30.87,21.32
4531000,51.41,55.92,37.33,31.83,20.89
4532000,52.08,57.05,36.46,31.67,21.26
4533000,53.03,56.94,35.81,31.53,21.19
4534000,52.07,57.2,35.17,31.53,21.5
4535000,52.25,57.33,35.05,32.1,21.73
4536000,52.25,57.33,35.34,32.57,21.43
4537000,52.33,58.63,35.42,32.47,21.25
4538000,53.49,59.52,35.42,32.97,20.59
4539000,53.49,59.52,35.23,32.69,20.74
4540000,54.5,59.56,35.02,33.25,20.74
4541000,55.07,59.56,35.02,33.12,21.36
4542000,54.81,59.17,35.34,32.86,20.93
4543000,55.69,58.22,35.36,32.96,20.9
4544000,55.69,58.22,34.81,32.96,21.27
4545000,56.33,59.09,34.99,33.33,21.03
4546000,56.33,59.49,33.64,33.3,20.3
4547000,56.3,57.83,33.43,33.62,20.29
4548000,56.67,58.3,33.13,33.09,20.65
4549000,56.19,58.3,33.33,32.78,20.57
4550000,56.19,56.52,33.66,32.78,20.23
4551000,57.32,56.54,32.65,33.19,20.25
4552000,57.42,55.92,32.13,32.86,19.45
4553000,56.01,55.95,32.13,32.7,18.92
4554000,56.01,55.89,32.58,33.19,19.1
4555000,56.42,56.97,33.2,32.91,18.85
4556000,57.07,56.97,33.2,32.11,18.85
4557000,57.07,56.67,33.86,31.95,19.43
4558000,58.51,56.7,33.86,31.95,19.64
4559000,58.99,57.28,34.53,32.89,19.8
4560000,58.99,57.28,34.28,32.89,19.74
4561000,59.75,58.1,33.7,32.97,19.43
4562000,60.07,57.72,33.67,32.97,19.72
4563000,60.07,57.9,33.1,32.97,19.72
4564000,60.52,57.9,33.54,33.55,19.72
4565000,61.56,59.2,33.54,33.98,19.66
4566000,61.55,59.2,34.49,34.29,19.64
4567000,62.79,59.45,34.9,34.56,19.25
4568000,63.03,60.07,35.22,34.53,18.96
4569000,63.41,59.39,34.96,34.62,19.34
4570000,63.54,59.39,34.68,34.62,19.55
4571000,63.61,58.77,31.9,35.09,19.12
4572000,64.36,59.47,31.66,35.09,19.12
4573000,64.55,59.49,31.33,34.85,19.49
4574000,64.55,60.04,31.49,34.17,19.55
4575000,64.06,59.69,31.65,34.31,19.66
4576000,64.17,58.84,31.05,34.1,19.66
4577000,63.25,58.84,30.52,33.66,20.1
4578000,63.77,58.61,30.55,32.96,20.1
4579000,61.66,58.88,30.24,32.73,20.26
4580000,59.63,58.51,29.93,32.73,19.57
4581000,58.33,58.97,29.74,32.48,19.57
4582000,58.39,58.54,29.74,32.56,19.29
4583000,58.39,58.54,30.21,32.53,19.16
4584000,56.95,57.97,30.57,32.59,19.62
4585000,56.92,57.49,30.57,32.59,19.56
4586000,54.71,57.49,30.89,33.51,19.86
4587000,54.33,56.57,31.54,33.63,20.23
4588000,52.23,55.77,30.99,33.63,20.53
4589000,52.32,53.61,30.69,33.69,20.75
4590000,52.98,52.61,30.69,34.02,20.75
4591000,52.98,52.61,31.22,34.45,21.82
4592000,53.64,52.42,30.02,34.4,21.06
4593000,52.5,51.93,29.54,34.76,21.01
4594000,52.87,51.93,29.61,35.09,21.31
4595000,52.87,51.3,29.65,35.39,21.31
4596000,53.8,51.51,30.13,35.65,21.19
4597000,53.8,51.92,30.0,36.15,21.34
4598000,54.55,51.92,30.0,36.43,21.8
4599000,55.31,52.66,30.02,36.63,21.97
4600000,55.31,52.66,29.25,36.63,21.71
4601000,56.08,53.07,29.25,36.13,21.6
4602000,55.38,53.07,29.84,36.21,21.88
4603000,55.86,53.05,29.24,35.54,22.21
4604000,54.74,53.05,29.7,35.54,22.62
4605000,54.31,53.73,30.36,36.5,22.37
4606000,53.5,54.39,30.36,36.07,22.62
4607000,53.05,54.09,31.22,36.42,23.0
4608000,52.69,54.83,31.64,36.4,23.41
4609000,52.21,54.83,31.73,36.78,23.43
4610000,51.74,56.22,31.73,36.16,23.27
4611000,50.97,55.36,32.56,36.16,23.71
4612000,50.64,55.36,32.95,36.22,23.05
4613000,50.64,56.34,32.95,37.21,23.05
4614000,51.21,56.34,32.95,37.41,23.59
4615000,51.21,57.19,34.23,36.49,23.5
4616000,52.08,57.19,34.54,36.49,23.35
4617000,51.86,57.19,34.42,37.77,23.36
4618000,51.72,58.02,34.85,37.77,23.36
4619000,51.72,58.02,34.85,38.12,23.05
4620000,50.78,59.43,35.79,38.07,23.23
4621000,50.78,60.38,36.52,37.97,22.97
4622000,51.07,60.38,36.62,37.73,22.97
4623000,52.18,61.8,36.62,37.73,24.04
4624000,52.18,61.66,37.88,38.25,24.04
4625000,51.69,60.2,38.7,38.95,24.18
4626000,51.69,59.61,39.07,38.95,23.81
4627000,52.2,59.61,38.45,39.7,23.47
4628000,52.83,59.32,37.82,40.17,23.81
4629000,52.94,59.32,37.58,40.01,23.57
4630000,52.48,58.95,36.88,40.64,23.6
4631000,52.33,58.74,36.88,40.64,23.13
4632000,52.25,57.65,37.63,41.53,23.53
4633000,51.09,58.33,37.93,41.5,22.93
4634000,50.2,58.33,38.07,41.43,23.2
4635000,50.42,59.38,38.03,41.43,23.72
4636000,50.75,59.71,38.03,42.1,24.01
4637000,50.24,59.73,38.43,42.03,24.19
4638000,50.24,60.0,37.39,41.23,23.82
4639000,50.71,59.0,37.18,41.62,22.7
4640000,50.48,58.81,37.18,41.62,22.24
4641000,50.48,59.04,37.82,42.47,22.34
4642000,49.56,58.0,37.74,43.15,22.34
4643000,49.65,58.2,38.26,43.15,21.81
4644000,48.45,58.62,37.56,43.75,21.52
4645000,49.24,58.62,38.09,43.9,21.52
4646000,49.24,59.86,38.09,44.1,22.19
4647000,49.48,59.53,39.15,44.65,22.3
4648000,49.58,59.7,38.9,44.23,21.61
4649000,50.3,59.7,38.46,43.78,21.97
4650000,50.3,59.84,38.46,43.88,21.36
4651000,51.19,60.53,38.5,43.3,21.61
4652000,51.21,60.53,39.14,43.3,21.46
4653000,49.97,59.92,38.4,43.47,21.77
4654000,49.84,58.35,38.4,43.47,21.39
4655000,50.19,58.55,39.12,43.68,20.28
4656000,50.22,58.55,39.74,43.89,20.59
4657000,50.22,59.05,37.8,43.08,20.59
4658000,50.82,58.45,36.93,42.62,20.53
4659000,51.43,57.8,36.93,42.31,20.38
4660000,51.9,57.8,38.06,42.31,20.5
4661000,52.17,58.04,37.92,43.19,20.8
4662000,52.17,58.24,37.26,43.19,21.4
4663000,53.25,59.11,37.26,44.27,21.03
4664000,54.2,58.89,37.26,44.49,20.92
4665000,54.76,58.01,38.33,44.16,20.33
4666000,54.76,58.46,38.42,43.97,20.27
4667000,55.92,58.1,38.72,44.16,20.41
4668000,54.47,57.62,38.72,44.41,19.85
4669000,54.95,58.67,40.03,44.41,20.18
4670000,55.53,58.67,38.61,45.37,19.59
4671000,55.86,58.51,38.61,45.37,19.79
4672000,55.86,57.85,39.82,46.35,19.56
4673000,56.91,58.14,38.95,46.07,19.79
4674000,56.91,58.61,38.67,44.74,19.45
4675000,57.74,58.61,38.67,43.31,19.67
4676000,58.08,58.91,39.4,42.67,19.67
4677000,58.33,58.01,39.04,42.35,19.2
4678000,58.97,58.01,39.4,42.59,19.5
4679000,58.14,59.33,39.58,42.39,18.95
4680000,58.14,58.37,38.96,42.39,18.99
4681000,57.64,59.21,38.41,42.89,19.1
4682000,58.67,59.21,38.47,43.0,18.53
4683000,59.16,60.23,37.72,42.92,18.53
4684000,60.0,60.19,37.01,42.92,18.73
4685000,60.0,60.19,35.39,42.91,18.85
4686000,60.65,61.17,35.06,42.91,18.89
4687000,60.03,61.17,33.51,42.64,19.0
4688000,60.03,61.81,33.51,42.45,19.01
4689000,60.1,62.18,34.1,42.07,19.53
4690000,56.72,61.13,33.64,41.06,19.59
4691000,56.72,62.18,32.5,41.28,19.47
4692000,55.9,62.1,32.68,41.14,19.56
4693000,55.9,62.1,32.09,40.7,18.2
4694000,56.68,63.28,32.49,40.44,18.12
4695000,57.18,63.28,32.62,40.26,18.65
4696000,57.85,64.24,32.62,40.13,19.11
4697000,57.56,64.24,32.95,38.98,19.18
4698000,58.16,62.73,32.86,39.19,19.4
4699000,57.97,62.73,33.17,39.19,19.51
4700000,57.25,61.93,33.62,39.22,19.37
4701000,57.42,61.25,33.7,39.22,19.06
4702000,57.42,61.63,33.7,39.6,19.35
4703000,57.42,61.17,34.21,39.68,19.5
4704000,57.42,61.17,33.99,40.02,19.84
4705000,58.51,61.25,34.32,39.89,20.17
4706000,59.1,60.42,34.27,39.39,19.67
4707000,57.75,60.42,33.96,38.33,19.54
4708000,58.73,61.3,34.17,37.66,19.82
4709000,58.73,59.33,34.76,37.15,18.52
4710000,57.77,59.33,34.76,36.45,18.35
4711000,57.77,59.99,35.58,36.58,18.85
4712000,57.25,58.04,35.58,36.98,18.85
4713000,57.27,58.04,35.95,36.98,19.38
4714000,55.95,57.83,35.99,36.28,18.99
4715000,54.09,57.19,36.5,36.26,19.25
4716000,54.26,57.3,36.5,35.98,19.22
4717000,53.27,56.99,37.41,35.17,19.69
4718000,51.49,56.99,37.41,34.78,19.34
4719000,50.98,57.79,36.85,34.66,19.34
4720000,50.83,57.67,36.77,35.1,20.28
4721000,49.8,56.37,37.13,34.87,20.55
4722000,50.84,56.85,36.33,35.44,20.33
4723000,50.84,56.67,36.83,35.18,20.27
4724000,50.71,56.67,36.34,35.29,20.45
4725000,50.34,56.91,36.79,35.45,19.93
4726000,50.78,56.91,36.09,34.33,20.04
4727000,48.23,56.92,36.52,34.33,20.31
4728000,47.87,56.75,36.22,34.76,20.58
4729000,48.23,56.75,36.6,34.7,20.31
4730000,49.06,57.98,36.7,34.7,20.63
4731000,49.04,57.98,36.7,35.19,20.64
4732000,47.95,58.73,36.28,35.14,20.67
4733000,47.87,58.77,36.28,34.38,20.83
4734000,47.42,59.35,36.19,33.75,21.1
4735000,47.47,59.35,35.9,34.02,21.47
4736000,46.5,60.59,35.9,34.21,21.47
4737000,46.08,60.59,36.75,34.65,21.35
4738000,46.08,61.71,36.67,34.5,21.11
4739000,46.66,60.97,35.57,34.23,21.2
4740000,46.17,60.97,35.57,34.23,21.43
4741000,46.17,61.66,36.53,34.48,21.58
4742000,47.21,62.21,37.17,34.7,21.4
4743000,47.21,62.25,37.17,33.62,21.45
4744000,47.87,61.12,38.19,33.9,21.83
4745000,48.29,61.13,38.66,34.38,21.47
4746000,48.44,60.64,37.66,34.43,21.47
4747000,48.44,58.98,37.95,34.64,22.3
4748000,49.85,59.66,37.95,35.66,22.74
4749000,50.11,59.6,38.71,36.07,22.64
4750000,50.11,59.94,38.4,35.62,22.48
4751000,50.17,60.32,36.76,35.04,21.87
4752000,49.52,60.66,36.76,35.04,21.63
4753000,49.06,59.76,35.87,35.15,22.25
4754000,49.71,60.1,36.16,35.53,22.28
4755000,48.53,60.72,36.19,35.53,22.36
4756000,49.27,59.6,36.12,34.77,21.96
4757000,48.67,59.7,36.15,33.81,21.89
4758000,48.27,59.28,36.15,33.58,22.0
4759000,46.5,59.09,36.88,33.97,21.78
4760000,46.5,59.09,36.88,33.82,21.78
4761000,47.33,59.52,38.18,33.36,22.38
4762000,46.59,59.52,36.6,32.92,22.56
4763000,46.38,60.43,36.75,32.92,22.19
4764000,47.36,61.48,36.83,33.55,22.37
4765000,48.24,61.48,37.15,33.76,22.46
4766000,48.87,62.32,36.51,32.96,22.77
4767000,48.87,61.86,36.51,33.2,22.39
4768000,49.55,61.28,35.85,33.48,22.16
4769000,50.72,61.79,34.92,33.31,22.45
4770000,49.84,61.84,34.92,33.24,22.45
4771000,49.93,61.84,34.91,32.26,22.69
4772000,49.9,63.06,34.27,32.37,22.2
4773000,49.44,63.61,34.21,32.37,21.26
4774000,49.77,62.43,33.96,32.67,21.25
4775000,49.77,62.39,33.89,32.69,21.58
4776000,49.39,62.39,31.96,32.69,21.72
4777000,49.39,62.42,31.96,33.34,22.08
4778000,50.33,62.42,32.59,33.34,21.74
4779000,49.92,62.83,32.53,34.31,21.93
4780000,49.48,63.24,32.36,34.76,22.21
4781000,50.48,63.29,31.05,34.76,21.97
4782000,50.48,61.81,30.77,35.41,22.22
4783000,49.06,61.81,30.77,35.96,22.28
4784000,49.06,61.85,31.52,35.77,22.27
4785000,50.06,60.16,30.96,35.65,22.36
4786000,48.58,60.16,30.6,35.65,22.36
4787000,47.9,61.48,30.6,35.71,22.35
4788000,48.1,61.25,30.69,36.36,21.45
4789000,47.92,60.67,30.7,36.36,21.35
4790000,48.62,60.32,30.85,37.38,21.36
4791000,49.51,60.32,30.71,37.27,21.48
4792000,49.51,59.56,31.14,37.85,21.43
4793000,50.01,59.5,31.0,37.93,21.05
4794000,50.75,57.8,31.0,37.95,21.17
4795000,50.75,58.21,30.77,38.11,20.91
4796000,51.6,57.39,30.0,38.11,20.91
4797000,52.12,57.39,29.26,38.61,21.44
4798000,52.33,58.27,29.26,38.59,20.82
4799000,52.78,57.64,30.2,38.7,21.23
4800000,52.78,58.0,30.2,38.7,21.29
4801000,54.1,57.97,30.48,38.99,21.41
4802000,55.26,57.73,31.14,38.99,21.47
4803000,55.66,57.45,31.02,39.52,21.47
4804000,55.66,57.33,30.87,39.52,21.92
4805000,55.42,56.18,30.19,39.52,22.28
4806000,55.42,56.18,29.81,40.49,21.67
4807000,56.72,56.84,29.81,40.71,21.79
4808000,56.72,56.14,30.79,40.41,22.15
4809000,57.89,57.27,30.79,40.41,22.06
4810000,57.89,57.27,31.33,40.66,22.29
4811000,59.13,57.37,30.69,40.94,22.9
4812000,59.1,58.25,30.97,40.68,22.61
4813000,58.76,58.9,30.75,40.59,22.83
4814000,59.11,58.9,30.75,40.59,22.83
4815000,59.46,59.6,31.91,41.03,22.21
4816000,59.34,59.6,31.91,40.95,22.6
4817000,59.34,60.4,32.72,40.87,22.67
4818000,59.91,60.16,33.29,41.03,22.89
4819000,60.28,59.48,32.6,40.22,22.98
4820000,61.0,59.17,32.81,39.45,23.14
4821000,61.0,59.17,32.81,39.45,23.13
4822000,62.63,59.08,33.14,40.19,23.02
4823000,61.49,59.08,33.76,40.27,23.04
4824000,61.35,56.29,33.44,40.27,23.05
4825000,61.35,56.29,33.68,41.28,22.93
4826000,61.45,55.78,34.22,41.3,23.11
4827000,61.87,56.08,34.68,41.05,23.16
4828000,61.87,55.34,34.42,40.17,23.31
4829000,62.63,55.02,33.61,40.17,23.15
4830000,63.13,55.16,33.61,40.67,23.07
4831000,63.13,54.86,33.61,40.95,23.13
4832000,62.03,56.06,34.84,40.95,22.69
4833000,60.08,56.26,34.83,42.37,22.84
4834000,60.08,55.55,34.66,42.19,22.58
4835000,60.11,55.55,34.66,42.46,22.63
4836000,60.9,56.76,35.58,42.46,22.41
4837000,60.81,56.75,35.71,42.11,22.43
4838000,60.58,56.5,36.24,41.09,22.01
4839000,60.15,57.3,35.41,41.63,22.31
4840000,60.15,57.53,35.41,41.6,22.45
4841000,60.66,57.36,36.34,42.18,22.57
4842000,60.66,57.36,37.02,42.43,22.48
4843000,59.92,57.63,36.2,42.4,22.86
4844000,59.92,56.32,36.09,42.24,22.83
4845000,60.52,55.96,36.36,42.24,22.7
4846000,60.52,56.84,36.8,42.24,23.01
4847000,61.39,56.84,37.54,43.39,23.43
4848000,62.27,57.41,37.91,42.84,23.5
4849000,61.58,57.48,37.21,43.41,23.05
4850000,61.01,56.92,37.44,43.22,22.97
4851000,61.44,57.18,37.89,42.73,22.37
4852000,61.44,57.5,37.39,43.24,22.17
4853000,61.19,57.89,36.59,43.28,22.01
4854000,61.27,57.89,36.98,42.98,22.19
4855000,60.34,55.81,36.98,42.98,22.28
4856000,60.34,55.81,38.1,43.31,22.65
4857000,60.24,56.07,38.1,42.42,21.84
4858000,58.61,55.94,37.55,42.42,21.02
4859000,59.7,55.69,38.2,43.2,21.76
4860000,59.66,55.69,38.92,43.91,21.76
4861000,59.66,55.48,39.08,43.91,22.46
4862000,60.72,55.44,39.36,42.66,22.05
4863000,60.49,56.55,39.38,42.58,21.8
4864000,60.65,56.55,39.86,42.82,21.54
4865000,60.39,57.27,39.86,41.96,21.58
4866000,59.76,56.16,40.12,41.96,21.38
4867000,60.52,56.16,40.37,42.58,21.46
4868000,59.14,56.68,40.39,42.58,21.68
4869000,60.37,57.11,39.79,42.16,21.24
4870000,60.97,56.49,40.48,40.57,21.5
4871000,60.97,56.49,40.48,40.84,21.73
4872000,61.71,57.25,40.99,39.89,21.65
4873000,61.5,57.25,40.99,38.81,21.48
4874000,60.3,57.68,41.35,36.23,21.5
4875000,60.41,57.68,41.64,35.35,21.31
4876000,59.9,58.37,41.88,35.03,20.97
4877000,59.94,58.37,40.33,34.44,20.55
4878000,60.2,59.94,40.79,34.44,20.56
4879000,60.8,58.95,40.79,34.57,20.53
4880000,61.08,58.96,40.21,34.57,20.53
4881000,61.08,59.13,39.95,34.38,20.86
4882000,61.2,58.76,39.95,34.43,20.68
4883000,61.2,57.51,40.33,34.14,20.79
4884000,60.36,58.8,41.16,33.18,20.57
4885000,60.36,58.8,41.16,33.14,20.57
4886000,61.74,59.18,41.15,32.71,20.52
4887000,60.36,59.95,41.15,32.71,21.1
4888000,59.94,60.26,42.1,33.89,21.3
4889000,60.15,61.08,42.49,33.89,21.58
4890000,59.75,61.01,41.66,34.37,21.4
4891000,59.75,59.33,41.81,33.64,21.44
4892000,59.95,59.74,41.8,33.66,20.86
4893000,59.81,59.74,39.29,34.07,20.78
4894000,60.21,59.42,39.29,33.07,21.02
4895000,60.21,60.41,40.46,33.07,20.43
4896000,59.86,59.51,40.46,33.82,20.74
4897000,57.72,59.51,40.89,33.7,20.43
4898000,57.72,60.76,41.39,33.7,20.05
4899000,58.04,60.39,41.4,33.82,20.04
4900000,58.06,59.64,40.26,33.89,20.26
4901000,58.06,59.64,39.5,34.71,20.83
4902000,58.98,60.71,39.5,33.53,20.73
4903000,58.95,59.58,40.13,33.53,21.12
4904000,58.83,59.9,39.57,34.7,21.4
4905000,58.06,59.9,38.32,34.79,21.11
4906000,58.42,60.26,38.47,35.43,20.14
4907000,58.42,60.26,38.73,34.79,20.37
4908000,57.21,59.28,38.73,35.23,20.65
4909000,57.02,58.74,39.85,35.56,21.1
4910000,57.51,58.74,40.41,35.67,21.35
4911000,58.48,59.23,39.5,35.5,21.57
4912000,57.86,59.23,38.87,35.69,21.42
4913000,55.95,57.65,38.54,35.57,20.69
4914000,55.94,57.17,38.54,35.73,21.17
4915000,55.75,57.17,39.5,35.85,21.14
4916000,55.75,58.65,39.5,36.0,21.67
4917000,56.45,59.71,38.95,36.0,22.19
4918000,57.03,60.02,39.11,37.26,22.07
4919000,57.74,60.02,39.12,36.5,21.98
4920000,56.76,60.67,39.41,36.41,21.98
4921000,56.33,60.72,40.14,36.91,22.84
4922000,56.44,60.72,39.46,36.18,21.93
4923000,55.64,61.01,39.06,36.04,22.55
4924000,54.9,61.72,39.05,35.73,21.76
4925000,55.75,62.02,39.35,35.13,21.58
4926000,55.38,60.64,38.87,34.95,21.98
4927000,55.3,60.03,38.72,35.49,21.91
4928000,56.14,60.62,38.72,34.47,21.92
4929000,54.37,60.62,39.38,33.85,21.87
4930000,53.74,60.62,39.38,33.99,22.46
4931000,53.79,60.26,40.3,34.44,22.63
4932000,54.03,59.35,40.43,34.17,23.45
4933000,53.19,58.96,40.74,34.17,23.33
4934000,53.19,58.96,40.74,34.92,23.78
4935000,53.94,58.94,40.13,34.98,23.78
4936000,54.86,60.07,40.3,35.37,24.39
4937000,55.52,60.07,40.3,34.77,23.86
4938000,55.51,60.38,38.99,34.34,24.13
4939000,55.51,60.38,38.99,34.64,24.45
4940000,56.69,60.3,39.8,34.6,24.72
4941000,57.18,59.24,39.8,34.6,24.31
4942000,56.81,59.67,39.99,35.81,24.4
4943000,56.81,59.74,38.49,35.98,24.59
4944000,57.54,59.74,38.63,36.16,24.9
4945000,57.54,58.43,39.15,36.36,25.46
4946000,57.6,58.43,37.66,37.04,24.0
4947000,58.59,58.91,37.14,37.31,24.28
4948000,57.88,59.37,37.22,37.31,24.66
4949000,57.12,58.52,37.18,38.23,24.55
4950000,57.15,58.58,37.2,38.65,24.38
4951000,57.15,58.58,37.76,38.74,24.13
4952000,58.04,58.98,37.85,38.65,24.05
4953000,56.18,58.82,36.85,38.21,24.11
4954000,53.48,58.82,37.69,38.21,24.12
4955000,52.88,58.46,37.31,38.37,24.72
4956000,52.88,58.07,38.29,37.55,24.86
4957000,52.61,58.07,37.64,37.55,24.46
4958000,52.95,58.69,37.65,38.51,24.56
4959000,53.12,59.71,36.71,38.96,23.77
4960000,53.0,59.71,36.46,39.27,23.81
4961000,53.0,59.71,36.07,39.34,23.81
4962000,52.38,59.87,36.64,39.34,24.46
4963000,53.32,59.85,36.47,40.16,24.61
4964000,52.6,59.71,36.47,38.22,24.61
4965000,53.58,59.71,37.07,38.22,24.39
4966000,53.58,60.2,37.74,38.64,24.32
4967000,53.27,60.2,37.74,37.93,23.53
4968000,53.25,59.1,38.35,37.07,23.18
4969000,54.1,59.31,38.47,37.39,23.01
4970000,54.11,58.14,38.75,36.5,23.26
4971000,54.25,57.0,38.35,36.41,23.09
4972000,52.43,56.53,38.35,35.75,23.06
4973000,52.4,56.53,38.84,36.27,23.13
4974000,51.93,55.15,39.41,36.27,23.47
4975000,51.93,55.15,39.41,36.75,22.61
4976000,51.93,53.79,39.73,36.23,22.8
4977000,52.08,53.55,39.6,36.23,22.59
4978000,52.98,53.55,40.32,37.06,22.63
4979000,52.98,54.98,40.68,36.66,22.68
4980000,53.19,54.29,40.8,36.66,23.55
4981000,50.58,54.29,41.13,37.4,23.45
4982000,50.38,53.96,40.45,37.2,23.44
4983000,50.38,53.96,40.26,37.42,23.44
4984000,51.05,54.67,39.93,37.34,23.78
4985000,51.05,54.04,40.18,38.0,24.14
4986000,51.21,54.1,40.18,38.0,24.14
4987000,51.21,54.39,40.46,38.93,24.11
4988000,52.15,54.39,40.46,38.4,24.4
4989000,52.15,54.02,40.55,38.72,23.26
4990000,53.78,54.28,40.6,38.7,23.74
4991000,52.39,54.66,40.6,38.81,22.89
4992000,52.26,54.66,41.61,37.03,22.73
4993000,52.26,53.95,41.61,37.26,22.33
4994000,52.96,53.46,42.12,37.26,22.48
4995000,53.06,53.46,41.64,37.74,22.94
4996000,53.06,54.67,41.64,38.0,22.94
4997000,53.55,55.02,41.65,38.0,22.69
4998000,53.85,55.02,41.65,38.3,22.27
4999000,53.21,55.15,41.65,38.3,22.04
