step,seed1,seed2,seed3,seed4,seed5
1000,3.642857,4.611111,3.5,2.8947368,3.4444444
2000,4.826087,4.5555553,3.4473684,3.4054055,3.3589745
3000,4.825,4.4423075,3.4464285,3.6666667,3.508772
4000,4.4333334,4.2394366,3.5479453,3.68,3.5844157
5000,4.246753,4.27907,3.5591397,3.9574468,3.9230769
6000,4.3913045,4.28,3.5,4.03,4.31
7000,4.58,3.99,3.5,4.31,4.14
8000,4.36,4.05,3.4,4.43,4.2
9000,4.29,3.92,3.28,4.52,4.1
10000,4.35,4.05,3.2,4.97,3.93
11000,4.3,4.07,3.3,4.85,3.5
12000,3.87,3.98,3.6,4.73,3.63
13000,3.62,3.82,3.93,4.72,3.56
14000,3.83,3.94,3.98,4.0,3.82
15000,3.87,4.19,4.28,3.99,3.84
16000,4.16,4.11,4.49,3.6,4.19
17000,4.3,4.11,4.62,3.94,4.12
18000,4.43,4.21,3.97,4.08,4.18
19000,4.54,4.32,3.89,4.16,4.26
20000,4.64,4.01,3.99,4.33,4.16
21000,4.52,3.57,3.86,4.72,4.23
22000,4.14,3.67,3.79,4.52,4.37
23000,4.28,3.87,3.83,4.51,4.25
24000,4.18,4.02,4.28,4.25,4.23
25000,4.12,4.07,4.28,4.22,4.18
26000,4.21,4.41,4.22,4.1,4.41
27000,4.13,4.54,4.17,3.98,4.33
28000,4.27,4.49,4.27,4.25,4.14
29000,3.72,4.71,4.34,4.56,4.34
30000,3.72,4.32,4.19,4.37,4.54
31000,3.42,4.55,4.19,4.53,4.3
32000,3.21,4.24,4.07,4.41,4.23
33000,3.4,4.21,4.26,4.51,4.43
34000,3.63,4.18,4.3,4.37,4.28
35000,3.57,3.96,4.14,4.24,4.18
36000,3.84,4.27,4.02,4.09,4.14
37000,3.97,4.0,4.16,3.9,4.44
38000,4.07,4.22,4.01,3.69,4.41
39000,3.99,4.35,3.89,3.81,4.24
40000,4.03,4.34,3.97,3.79,4.36
41000,4.1,4.5,3.88,3.58,4.35
42000,3.93,4.46,3.86,3.77,4.53
43000,3.99,4.16,3.84,3.95,4.51
44000,3.65,4.1,3.85,4.12,4.6
45000,3.62,4.0,3.67,3.72,4.2
46000,3.62,3.6,3.56,3.83,4.06
47000,3.7,3.52,3.66,3.96,4.3
48000,3.69,3.48,3.67,3.61,3.92
49000,4.01,3.74,3.63,3.47,3.42
50000,4.32,3.57,3.51,3.5,3.34
51000,4.73,3.87,3.68,3.79,3.62
52000,4.44,4.03,3.66,4.06,3.64
53000,4.51,4.04,3.66,4.09,3.78
54000,4.52,4.11,3.75,4.02,3.68
55000,4.67,3.83,3.97,4.2,3.89
56000,4.82,4.11,3.99,4.12,4.13
57000,4.46,4.41,3.98,4.15,4.06
58000,4.71,4.11,3.98,3.95,4.27
59000,4.75,4.27,4.33,3.91,4.42
60000,5.0,4.37,4.49,3.72,4.78
61000,5.11,4.44,4.45,3.92,4.87
62000,4.87,4.01,4.58,3.69,4.78
63000,4.91,4.14,4.63,3.6,4.77
64000,4.88,4.3,4.45,4.04,4.49
65000,5.01,4.19,4.42,4.03,4.15
66000,4.74,4.01,4.3,4.09,4.03
67000,4.16,4.4,4.31,4.2,4.16
68000,4.35,4.84,4.43,4.44,4.18
69000,4.7,4.94,4.52,4.4,3.98
70000,4.7,4.62,4.82,4.23,4.12
71000,4.45,4.7,4.85,4.45,4.26
72000,4.45,4.86,4.94,4.3,3.84
73000,4.44,4.09,4.9,4.41,3.93
74000,4.46,4.03,4.93,4.55,4.03
75000,3.89,4.41,4.84,4.75,4.11
76000,3.97,4.63,5.14,4.89,3.96
77000,4.31,4.7,4.78,4.6,4.03
78000,4.58,4.77,4.87,4.77,4.38
79000,4.62,4.85,5.05,4.99,4.71
80000,4.67,5.0,4.92,4.93,4.81
81000,4.85,5.01,5.13,4.9,4.84
82000,4.97,4.81,4.88,4.73,5.03
83000,4.65,4.7,4.69,4.98,5.28
84000,4.52,4.77,4.79,5.19,5.05
85000,4.25,4.68,4.59,5.24,4.96
86000,4.4,4.54,4.85,4.89,4.88
87000,4.28,4.53,4.91,4.86,4.62
88000,4.32,4.65,4.53,4.48,4.43
89000,4.46,4.66,4.9,4.27,4.31
90000,4.46,4.47,4.51,4.44,4.51
91000,4.23,4.42,4.56,4.37,4.35
92000,4.3,4.52,4.64,4.57,4.35
93000,4.45,4.3,4.7,4.62,4.68
94000,4.61,4.39,4.91,4.96,4.67
95000,4.77,4.5,4.97,4.99,4.52
96000,4.63,4.41,5.06,4.86,4.58
97000,4.97,4.65,5.25,4.74,4.59
98000,5.0,4.64,5.24,4.81,4.56
99000,5.23,4.95,5.61,4.86,4.41
100000,4.78,5.31,5.7,4.88,4.34
101000,4.75,4.92,5.4,4.82,4.41
102000,5.0,4.96,5.59,4.89,4.26
103000,4.91,4.86,5.41,5.02,4.36
104000,4.83,5.13,5.58,4.73,4.29
105000,4.66,4.41,5.41,4.53,4.67
106000,4.62,4.72,5.04,4.57,4.49
107000,4.6,4.74,4.76,4.46,4.83
108000,4.47,4.64,4.68,4.34,4.9
109000,4.53,4.67,4.7,4.45,4.9
110000,4.77,4.93,4.85,4.23,4.96
111000,4.7,4.9,5.03,3.96,4.73
112000,4.78,4.6,5.05,4.33,5.08
113000,4.63,4.63,5.01,4.59,5.04
114000,4.37,4.45,5.39,4.69,5.09
115000,4.39,4.31,5.3,4.81,5.42
116000,4.17,4.29,5.21,5.08,5.69
117000,4.35,4.38,4.86,5.29,5.75
118000,4.32,4.36,4.86,5.48,5.55
119000,4.49,4.68,4.95,5.35,5.26
120000,4.33,4.95,4.89,5.11,5.27
121000,4.47,4.81,4.96,5.2,5.15
122000,4.59,4.82,4.62,4.84,4.93
123000,4.48,5.21,4.61,4.98,4.73
124000,4.4,5.08,4.75,4.82,4.69
125000,4.6,5.08,4.55,4.97,4.39
126000,4.57,5.19,4.73,5.15,4.33
127000,4.52,4.85,4.5,5.14,4.47
128000,4.77,4.9,4.7,5.28,4.39
129000,4.64,4.95,4.85,5.08,4.53
130000,4.79,4.87,4.66,4.97,4.48
131000,4.84,5.05,4.67,4.89,4.72
132000,4.64,4.97,4.46,4.66,4.6
133000,4.51,4.84,4.53,4.44,4.57
134000,5.14,4.79,4.88,4.32,4.11
135000,5.33,4.68,4.86,4.31,4.45
136000,5.13,4.84,5.09,4.26,4.6
137000,5.16,4.8,5.47,4.38,4.65
138000,5.32,4.87,5.62,4.59,4.71
139000,5.33,4.75,5.81,4.84,4.73
140000,5.0,5.0,5.46,4.69,5.08
141000,4.98,5.2,5.67,4.77,5.03
142000,5.24,5.42,5.83,4.93,4.91
143000,5.32,5.15,5.65,5.08,4.98
144000,5.36,4.91,5.61,5.15,4.88
145000,5.39,4.9,4.97,4.64,4.94
146000,5.51,4.39,5.04,4.61,4.82
147000,5.81,4.23,4.71,4.68,5.06
148000,5.75,4.28,4.43,4.58,5.16
149000,5.72,4.33,4.26,4.49,5.05
150000,5.57,4.65,4.47,4.56,5.24
151000,5.45,5.15,4.69,4.85,5.57
152000,5.21,5.19,4.55,4.7,5.62
153000,5.06,5.3,4.48,4.2,5.48
154000,4.91,5.29,4.98,4.18,5.13
155000,4.84,5.37,4.81,4.04,5.38
156000,5.18,5.3,4.83,4.01,5.31
157000,5.36,5.15,4.86,3.83,5.27
158000,5.56,5.15,4.78,4.36,5.33
159000,5.63,5.59,4.98,4.84,4.83
160000,5.7,5.69,4.69,4.97,4.75
161000,5.79,5.45,4.28,4.98,4.96
162000,5.99,5.2,4.21,5.05,5.1
163000,5.83,5.06,4.21,5.07,4.84
164000,5.75,5.23,4.56,5.18,4.61
165000,5.5,5.36,4.43,4.78,4.97
166000,5.62,4.95,4.8,5.06,5.23
167000,5.44,4.97,4.9,5.13,5.16
168000,5.39,5.1,5.22,4.78,4.85
169000,5.66,5.38,4.94,4.61,4.86
170000,5.7,5.58,4.74,4.72,5.04
171000,5.42,5.42,4.61,4.96,5.19
172000,5.3,5.25,4.47,4.66,5.52
173000,5.31,5.41,4.34,4.37,5.52
174000,5.08,5.44,4.19,4.22,5.59
175000,5.03,5.23,4.32,3.99,5.87
176000,5.11,5.21,4.17,3.96,5.98
177000,5.61,5.08,4.6,3.64,5.65
178000,5.9,5.24,4.88,3.51,5.49
179000,6.11,5.19,5.13,3.84,5.37
180000,6.17,5.23,5.14,4.4,5.43
181000,5.81,5.39,5.02,5.01,5.28
182000,5.81,5.5,4.9,5.39,5.21
183000,5.2,5.29,4.7,5.52,5.31
184000,4.95,5.26,4.61,5.45,5.65
185000,5.33,5.24,4.52,5.39,5.75
186000,5.55,5.19,4.28,5.08,5.65
187000,5.45,5.18,4.11,4.8,5.94
188000,5.89,4.85,4.07,4.72,6.05
189000,6.07,4.74,4.48,4.72,6.28
190000,6.5,4.85,4.55,4.92,6.15
191000,6.26,5.13,4.65,4.86,6.04
192000,5.87,5.36,4.7,5.23,5.65
193000,5.89,5.2,4.81,5.56,5.72
194000,5.74,5.51,4.83,5.68,5.87
195000,5.89,5.53,4.65,5.41,5.75
196000,5.63,5.47,4.45,5.25,5.57
197000,5.72,5.11,4.44,5.17,5.22
198000,5.81,5.05,4.66,4.87,5.19
199000,5.61,5.29,4.55,4.71,5.61
200000,5.72,5.29,4.44,4.45,5.67
201000,5.6,5.15,4.58,4.57,5.62
202000,5.74,5.05,4.39,4.63,5.66
203000,5.74,5.28,4.43,4.73,5.52
204000,6.17,5.31,4.23,4.86,5.61
205000,6.09,5.05,4.14,5.07,5.74
206000,6.1,4.82,4.27,5.36,5.77
207000,6.28,5.12,4.42,5.43,6.07
208000,6.22,4.91,4.45,5.44,5.94
209000,6.29,4.66,4.81,5.5,5.81
210000,6.09,4.8,4.92,5.37,5.77
211000,5.94,4.7,5.08,5.29,6.08
212000,6.16,4.44,5.31,5.73,5.96
213000,6.36,4.56,5.42,5.79,5.8
214000,6.19,4.6,5.3,5.76,5.88
215000,6.15,4.79,5.37,5.61,5.79
216000,6.28,5.09,5.23,5.67,5.82
217000,6.47,5.1,5.51,5.6,5.9
218000,6.52,5.15,5.55,5.39,5.53
219000,5.92,5.15,5.28,4.96,6.03
220000,6.05,5.31,5.18,4.92,5.86
221000,6.49,4.93,5.3,4.94,5.71
222000,6.29,5.08,5.07,4.97,5.58
223000,6.12,5.14,4.71,5.02,5.77
224000,6.44,5.19,4.6,5.23,5.82
225000,6.42,5.24,4.23,5.42,5.76
226000,6.35,5.44,3.85,5.48,5.82
227000,6.52,5.12,3.89,5.7,6.13
228000,6.44,5.04,4.08,5.85,6.19
229000,6.45,5.08,4.16,6.02,6.4
230000,6.68,4.78,4.38,5.78,6.53
231000,6.37,5.14,4.75,5.52,6.42
232000,6.62,5.23,4.95,5.5,6.4
233000,6.1,5.27,4.87,5.39,6.4
234000,6.3,5.25,4.86,5.53,6.1
235000,6.41,5.37,4.72,5.71,5.84
236000,6.5,5.6,4.77,5.7,5.96
237000,6.52,5.58,5.14,5.56,5.98
238000,6.36,5.23,5.16,5.68,5.88
239000,6.3,4.97,4.73,5.58,5.91
240000,6.45,4.9,4.79,5.81,5.73
241000,6.27,4.87,4.79,5.6,6.06
242000,6.35,4.72,4.8,5.51,6.27
243000,6.6,5.02,4.33,5.41,6.11
244000,6.59,5.39,4.55,5.58,6.23
245000,7.07,5.64,4.61,5.8,6.54
246000,6.97,5.64,4.57,5.63,6.31
247000,6.91,5.52,4.78,5.8,6.43
248000,6.66,5.32,4.69,5.94,6.27
249000,6.47,5.43,4.41,5.99,6.33
250000,6.21,5.23,4.27,5.94,5.89
251000,6.31,4.93,4.34,5.85,5.64
252000,6.21,4.98,4.33,5.74,5.89
253000,6.47,5.11,4.5,5.77,6.0
254000,6.55,5.22,4.59,5.76,6.02
255000,6.47,5.26,4.81,5.63,6.12
256000,6.71,5.42,4.46,5.76,6.57
257000,6.88,5.75,4.77,5.57,6.64
258000,6.96,5.96,4.79,5.68,6.99
259000,7.07,5.99,4.98,5.72,6.77
260000,6.62,6.11,5.28,5.71,7.0
261000,6.71,6.04,5.36,5.75,6.81
262000,6.83,6.28,4.99,5.82,6.88
263000,7.23,6.36,5.28,5.78,6.95
264000,7.2,6.51,5.22,5.89,6.44
265000,6.94,6.24,5.44,5.82,6.42
266000,6.78,5.95,5.3,5.5,6.52
267000,6.87,5.78,5.37,5.17,6.44
268000,6.97,5.61,5.06,5.28,6.77
269000,6.84,5.68,5.16,5.41,6.99
270000,6.38,5.73,5.23,5.59,6.89
271000,6.75,5.58,5.41,5.21,7.21
272000,6.76,5.91,5.52,5.28,7.37
273000,7.24,6.07,5.48,5.59,7.19
274000,7.46,5.8,5.82,5.97,7.35
275000,7.27,5.76,5.83,6.08,7.32
276000,7.2,5.95,5.52,5.96,7.24
277000,7.2,6.31,5.38,6.26,7.48
278000,7.02,6.5,5.3,6.51,7.23
279000,6.93,6.64,5.3,6.51,6.91
280000,6.7,6.58,5.02,6.35,6.9
281000,6.57,6.67,4.91,6.53,6.73
282000,6.99,6.04,5.09,6.47,6.68
283000,7.0,6.19,5.5,6.61,6.91
284000,7.1,5.86,5.51,6.37,6.86
285000,7.35,5.64,5.57,6.23,7.21
286000,7.25,5.51,5.6,6.56,7.27
287000,7.2,5.46,5.43,6.47,7.5
288000,7.38,5.68,5.59,6.28,7.63
289000,7.38,5.72,5.69,6.37,8.08
290000,7.48,5.62,5.55,6.42,7.97
291000,7.41,5.7,5.53,6.46,8.12
292000,7.57,5.78,5.5,6.39,8.23
293000,7.53,6.14,5.69,6.05,8.31
294000,7.45,6.35,5.69,5.99,8.47
295000,7.49,6.52,5.6,6.15,8.54
296000,7.45,5.95,5.78,6.3,8.25
297000,7.35,5.64,6.11,5.74,7.99
298000,7.2,5.77,5.87,5.59,7.49
299000,7.48,5.78,6.18,5.59,7.16
300000,7.61,5.5,6.5,5.93,7.29
301000,7.32,5.58,6.23,6.11,7.48
302000,7.12,5.9,6.6,5.67,7.41
303000,7.08,6.1,6.67,5.88,7.54
304000,7.2,6.4,6.64,6.17,7.67
305000,7.4,6.7,6.56,6.59,8.06
306000,7.27,6.63,6.69,6.76,8.08
307000,7.11,6.81,6.39,6.71,8.15
308000,7.19,6.72,6.73,6.57,8.26
309000,7.32,6.77,6.64,6.59,8.5
310000,7.52,6.77,6.55,6.28,8.53
311000,7.5,6.92,6.8,5.96,8.29
312000,7.59,6.5,6.59,5.79,8.41
313000,8.03,6.48,6.43,5.78,8.4
314000,7.56,6.65,6.52,5.72,8.59
315000,7.67,6.86,6.79,5.7,8.92
316000,7.8,6.96,6.82,5.97,9.12
317000,7.53,7.2,6.81,6.05,9.07
318000,7.48,6.75,7.01,6.28,8.9
319000,7.86,6.51,7.09,6.4,8.74
320000,7.21,6.51,7.27,6.41,8.51
321000,7.69,6.32,7.55,6.55,8.53
322000,7.91,5.84,7.65,6.75,8.74
323000,7.95,5.5,7.23,6.91,8.82
324000,8.16,5.56,7.04,7.04,8.57
325000,7.47,5.71,7.19,7.1,8.66
326000,8.01,5.78,6.87,7.32,8.64
327000,7.74,5.47,6.34,7.2,8.71
328000,7.67,5.85,6.42,7.13,8.64
329000,7.74,5.97,6.32,6.79,8.94
330000,7.5,6.1,6.69,6.69,9.46
331000,7.54,6.29,6.72,6.71,9.52
332000,7.79,6.71,6.9,6.99,9.26
333000,7.84,7.03,6.78,7.06,9.17
334000,7.79,7.33,6.97,6.96,8.56
335000,7.86,7.53,7.16,6.84,8.79
336000,7.9,7.18,7.59,6.92,8.76
337000,8.11,7.08,8.05,6.89,9.13
338000,8.28,7.24,8.12,6.99,8.8
339000,8.63,6.82,7.89,7.04,8.56
340000,8.67,6.59,8.13,7.05,8.74
341000,8.44,6.46,8.53,7.16,8.64
342000,8.29,6.54,8.53,7.44,8.81
343000,7.91,6.92,8.3,7.25,9.1
344000,7.96,7.08,8.41,7.25,9.27
345000,8.2,6.96,8.41,7.45,9.27
346000,8.24,6.99,8.06,7.35,8.91
347000,8.53,7.39,8.04,7.27,8.7
348000,8.33,6.82,8.23,6.86,9.22
349000,8.76,6.88,7.75,6.82,9.23
350000,9.03,6.59,7.75,6.98,9.57
351000,9.33,6.35,7.71,7.2,9.88
352000,9.32,6.47,7.38,7.11,9.67
353000,9.29,6.35,7.36,6.83,9.66
354000,9.32,6.27,7.35,6.66,9.81
355000,9.47,6.48,6.96,6.67,10.16
356000,10.04,6.59,7.03,6.94,10.38
357000,9.65,6.59,6.73,6.92,10.49
358000,9.45,6.91,6.62,6.8,10.49
359000,9.65,6.96,6.44,6.5,10.34
360000,9.3,6.8,6.77,6.84,10.27
361000,9.53,6.92,6.62,6.89,10.18
362000,9.55,6.9,6.68,7.18,10.49
363000,9.82,6.92,6.91,7.24,10.78
364000,9.54,7.36,6.95,7.33,11.0
365000,9.59,7.4,7.1,7.4,11.03
366000,9.67,7.39,7.43,7.42,10.88
367000,9.62,7.29,7.66,7.42,10.87
368000,9.74,7.26,7.84,7.42,10.77
369000,9.84,7.33,7.88,7.52,10.33
370000,10.21,7.42,7.77,7.27,10.15
371000,10.44,7.31,7.96,7.4,10.33
372000,9.92,7.01,7.92,7.24,9.89
373000,10.45,7.03,8.02,7.3,9.92
374000,10.51,7.09,7.97,7.27,9.73
375000,10.59,7.21,7.95,7.44,10.05
376000,10.85,7.01,7.81,7.39,10.04
377000,10.77,6.78,7.88,7.44,9.76
378000,10.73,7.01,8.13,7.24,10.15
379000,10.49,7.06,8.29,7.22,10.19
380000,10.37,6.49,8.14,7.15,9.89
381000,10.8,6.47,8.31,7.04,10.17
382000,10.87,6.69,8.31,7.05,10.32
383000,10.96,6.39,7.91,7.32,10.28
384000,10.9,6.54,8.1,7.51,10.29
385000,11.23,6.52,8.07,7.75,10.31
386000,11.15,6.57,7.97,7.42,10.1
387000,11.75,6.98,7.48,7.46,9.95
388000,11.83,7.17,7.65,7.62,9.97
389000,11.88,7.66,7.71,7.47,10.07
390000,12.01,7.77,7.58,7.81,9.8
391000,12.21,8.1,7.68,7.52,9.86
392000,12.26,8.5,7.81,7.23,9.98
393000,12.65,8.3,8.22,7.38,10.07
394000,13.02,8.64,8.0,7.71,10.46
395000,13.12,8.39,8.0,8.06,10.27
396000,13.49,8.03,8.26,7.83,10.68
397000,13.55,7.96,8.51,7.89,10.91
398000,13.77,7.87,8.42,7.88,10.97
399000,13.71,7.37,8.59,7.85,10.94
400000,13.66,7.36,8.83,8.1,11.31
401000,14.02,7.19,9.05,8.05,11.57
402000,14.15,7.18,8.92,8.05,11.8
403000,14.22,7.01,9.13,8.18,11.09
404000,14.26,7.24,8.71,8.04,10.91
405000,13.91,7.09,8.52,8.4,11.09
406000,13.99,7.05,8.19,8.32,11.49
407000,13.69,6.84,8.18,8.09,11.53
408000,13.54,7.0,8.2,8.54,11.63
409000,13.63,6.75,8.2,8.67,11.49
410000,13.29,6.69,7.88,8.61,11.78
411000,13.77,6.62,7.94,8.51,11.8
412000,13.37,6.5,7.98,8.58,11.36
413000,13.08,6.56,8.27,8.44,11.68
414000,13.18,6.71,8.51,8.55,12.03
415000,12.92,6.93,8.73,8.87,11.68
416000,13.28,6.89,9.14,8.86,11.52
417000,13.6,7.13,9.58,8.8,11.09
418000,13.37,7.38,9.66,8.88,11.09
419000,13.45,7.79,9.64,9.06,11.36
420000,13.13,7.75,9.66,9.15,11.65
421000,13.29,7.68,9.83,9.15,11.86
422000,13.35,7.53,9.64,9.18,11.98
423000,14.0,7.79,9.89,8.8,12.01
424000,14.25,8.0,10.12,9.14,11.68
425000,14.16,7.47,10.19,9.25,11.85
426000,14.2,7.12,10.13,9.04,11.83
427000,14.2,7.15,10.07,9.0,12.24
428000,13.83,7.49,9.84,8.45,12.69
429000,14.1,7.85,9.9,8.64,13.01
430000,14.61,7.78,9.97,8.91,13.2
431000,14.4,7.34,9.67,8.88,13.34
432000,14.45,7.54,10.04,8.98,13.32
433000,14.77,7.57,10.0,8.89,13.64
434000,15.21,7.71,10.01,8.72,13.65
435000,14.87,8.06,10.08,8.36,13.66
436000,15.16,7.72,9.83,8.38,13.77
437000,15.36,7.49,9.8,8.5,14.0
438000,15.58,7.53,9.74,8.31,13.91
439000,15.62,7.92,9.77,8.19,13.98
440000,15.38,8.12,9.7,8.52,13.58
441000,15.61,8.36,9.53,8.21,13.5
442000,15.37,8.36,9.62,8.24,13.35
443000,15.84,8.14,9.74,8.51,13.17
444000,16.24,8.61,9.75,8.73,12.38
445000,16.82,8.72,9.63,8.95,12.05
446000,17.08,9.02,9.68,8.74,12.2
447000,17.3,9.28,9.69,8.67,12.45
448000,17.17,9.2,9.71,8.46,12.64
449000,17.16,8.79,9.7,8.31,12.48
450000,17.23,8.84,9.65,8.32,12.29
451000,17.21,8.55,9.73,8.19,12.22
452000,17.19,8.29,9.78,8.19,12.19
453000,17.4,8.1,10.01,8.53,11.82
454000,18.06,7.77,10.03,8.7,11.74
455000,18.23,7.65,10.24,8.61,12.35
456000,18.73,7.65,10.19,8.2,12.32
457000,19.21,7.74,10.34,7.61,12.56
458000,19.85,7.78,10.46,7.35,12.38
459000,20.06,7.86,10.31,7.25,12.29
460000,20.49,7.87,10.41,6.94,12.56
461000,20.29,7.97,10.4,7.2,12.92
462000,20.37,8.18,10.47,7.17,12.89
463000,19.64,8.19,10.7,7.2,12.72
464000,19.94,8.24,10.6,7.49,13.31
465000,20.17,8.48,10.63,7.72,13.63
466000,20.12,8.68,10.83,8.08,13.35
467000,20.14,8.85,10.81,8.53,13.57
468000,19.7,8.89,10.81,8.84,13.6
469000,19.87,9.06,11.09,9.31,13.91
470000,20.0,9.41,11.19,9.09,13.52
471000,19.07,9.61,11.32,9.12,13.53
472000,19.21,9.97,11.36,9.07,13.4
473000,18.81,10.08,11.61,9.19,13.75
474000,18.36,10.14,11.71,9.43,14.13
475000,18.12,10.39,11.51,9.29,14.27
476000,17.85,10.56,11.73,9.33,14.61
477000,17.99,10.49,11.99,9.1,14.93
478000,18.47,10.01,11.89,8.96,15.0
479000,18.7,9.96,12.01,9.11,15.2
480000,18.94,9.73,11.99,9.39,15.08
481000,18.72,9.27,12.14,9.76,15.2
482000,19.02,9.43,12.29,9.92,14.81
483000,18.97,9.02,12.17,9.91,14.91
484000,19.39,8.75,12.15,9.95,14.9
485000,19.57,8.62,11.76,10.23,14.96
486000,20.08,8.67,11.69,10.52,14.85
487000,20.3,8.4,11.61,11.2,14.96
488000,20.69,8.27,11.33,11.18,15.47
489000,19.79,8.71,11.32,10.88,15.43
490000,19.74,8.56,11.55,10.36,15.31
491000,19.77,9.06,11.66,10.52,15.27
492000,20.39,9.08,11.52,10.53,15.33
493000,20.26,9.03,11.58,10.69,15.8
494000,20.52,8.94,11.82,10.61,16.01
495000,19.99,9.17,12.01,10.37,16.66
496000,20.43,9.12,12.22,9.91,16.9
497000,20.1,9.06,12.27,9.93,17.2
498000,20.32,9.25,12.04,9.38,17.38
499000,20.12,9.41,12.09,8.7,17.16
500000,20.1,9.6,12.08,8.57,17.33
501000,20.11,9.51,12.09,8.39,17.86
502000,19.93,9.76,12.05,8.46,18.09
503000,19.76,9.59,12.08,8.32,17.93
504000,19.83,9.66,12.16,8.44,17.85
505000,19.35,9.69,12.42,8.7,17.9
506000,20.07,10.14,12.24,8.94,18.12
507000,20.49,9.94,12.41,9.59,18.21
508000,21.31,10.16,12.15,10.27,18.35
509000,21.36,9.85,12.27,10.71,18.3
510000,21.53,9.97,12.28,10.58,18.01
511000,21.52,10.18,12.25,10.71,18.3
512000,21.91,9.84,12.27,11.11,18.06
513000,21.95,9.8,12.21,11.03,18.2
514000,22.03,9.38,12.42,10.95,18.05
515000,21.49,9.19,12.37,10.68,18.44
516000,21.12,9.26,12.28,10.4,18.16
517000,21.49,9.41,12.38,10.35,18.3
518000,21.58,9.61,12.46,10.47,18.38
519000,21.58,9.57,12.44,10.43,18.85
520000,21.93,9.82,12.18,9.5,18.62
521000,21.94,10.06,12.05,9.59,18.92
522000,21.44,10.04,11.97,9.53,19.11
523000,21.23,9.78,12.24,9.53,19.22
524000,21.37,10.1,12.05,9.14,19.37
525000,21.8,9.92,11.97,9.67,19.44
526000,22.08,9.18,11.95,9.77,19.46
527000,21.82,8.8,11.73,10.07,19.07
528000,21.5,8.69,11.92,10.18,18.63
529000,21.45,8.37,11.76,9.99,18.34
530000,21.62,8.66,12.1,10.46,18.72
531000,21.31,8.88,12.43,11.0,18.5
532000,21.56,8.7,12.62,11.11,18.54
533000,21.78,8.87,12.59,11.47,18.21
534000,21.58,9.19,12.67,11.86,17.72
535000,22.15,9.11,12.8,10.88,17.79
536000,21.8,9.62,13.11,10.34,17.91
537000,21.96,9.87,13.21,10.44,17.29
538000,21.98,9.96,13.27,9.98,17.27
539000,22.38,10.35,13.45,9.26,16.65
540000,22.13,10.47,13.28,9.25,16.64
541000,22.85,10.17,13.36,9.58,17.08
542000,22.17,10.36,13.44,9.39,17.39
543000,22.22,10.53,13.49,9.7,17.79
544000,22.04,10.16,13.77,10.18,17.93
545000,21.87,9.98,13.64,10.29,18.28
546000,21.49,9.78,13.77,10.3,18.24
547000,21.66,9.47,14.12,9.95,18.6
548000,21.99,9.64,14.14,10.28,18.72
549000,21.9,9.79,14.15,10.15,18.59
550000,21.96,10.06,14.33,9.94,18.75
551000,21.79,10.09,14.47,9.51,18.36
552000,22.0,10.1,14.67,9.71,18.3
553000,21.57,10.54,14.34,10.05,17.8
554000,22.27,10.35,14.5,9.78,17.82
555000,22.58,10.46,14.51,10.05,17.98
556000,22.0,10.64,14.82,9.88,17.43
557000,22.1,10.35,14.73,9.85,17.39
558000,21.91,10.22,14.79,10.5,17.02
559000,21.7,10.0,14.6,10.71,16.88
560000,21.29,9.8,14.62,10.77,16.7
561000,21.74,9.73,14.61,10.94,16.23
562000,21.99,9.91,14.67,10.66,16.45
563000,22.01,9.59,14.49,10.71,16.4
564000,22.21,9.39,14.04,10.47,16.36
565000,22.49,9.1,13.97,10.85,16.57
566000,22.85,8.76,14.09,11.2,16.62
567000,23.29,8.88,14.0,10.41,17.06
568000,23.14,9.17,13.73,10.43,17.31
569000,23.31,8.69,13.77,10.12,17.84
570000,23.79,8.7,13.77,10.27,17.94
571000,23.91,8.78,13.76,10.26,18.47
572000,24.09,8.79,13.64,10.59,18.86
573000,24.03,9.13,13.61,11.15,18.64
574000,23.72,9.61,13.86,10.77,18.52
575000,22.76,9.82,13.81,10.57,18.9
576000,23.03,9.64,14.01,11.12,18.99
577000,23.38,9.62,14.27,10.82,19.16
578000,23.39,9.82,14.61,11.05,19.23
579000,23.17,10.39,14.45,11.17,19.22
580000,23.43,10.11,14.47,11.47,19.58
581000,23.82,9.96,14.68,11.81,19.85
582000,24.21,9.45,14.9,10.92,19.96
583000,24.53,9.2,14.97,10.97,20.03
584000,24.04,9.39,14.65,11.3,19.93
585000,24.25,9.32,14.58,11.44,20.48
586000,23.73,9.64,14.64,11.48,20.08
587000,23.78,9.69,14.9,11.14,19.68
588000,23.36,9.78,14.77,11.11,19.19
589000,23.55,10.11,15.02,11.37,18.94
590000,23.37,10.26,15.13,11.62,18.95
591000,22.3,10.2,14.69,11.26,19.44
592000,22.61,10.47,14.84,11.65,19.4
593000,22.44,10.65,15.02,12.18,19.61
594000,22.99,10.92,14.74,12.25,19.75
595000,23.68,10.81,14.62,11.86,19.43
596000,23.92,10.56,14.68,11.66,19.51
597000,24.04,10.59,14.51,11.6,19.47
598000,23.23,10.09,14.51,11.47,19.47
599000,23.2,10.0,14.31,11.04,19.56
600000,23.45,9.66,14.3,11.06,19.12
601000,23.71,9.4,14.33,10.75,19.14
602000,23.57,9.35,14.4,10.58,19.15
603000,23.12,9.2,14.71,10.87,19.48
604000,23.8,9.2,14.58,11.05,19.77
605000,23.16,9.4,14.77,11.44,20.04
606000,23.19,9.44,14.82,11.53,19.76
607000,23.7,9.3,14.24,11.47,19.75
608000,22.32,9.52,14.47,11.48,19.83
609000,22.34,9.49,14.36,11.52,19.53
610000,22.46,9.76,14.13,11.26,19.31
611000,22.11,9.7,13.78,10.87,19.48
612000,22.22,9.43,13.93,10.72,19.3
613000,22.23,9.46,14.09,10.7,19.23
614000,21.98,9.79,13.92,10.66,19.12
615000,22.44,9.78,13.96,10.49,19.17
616000,22.48,9.63,13.94,10.51,19.28
617000,22.78,9.59,13.64,10.63,19.27
618000,23.1,9.78,13.66,11.0,19.21
619000,23.67,9.28,13.77,11.3,19.13
620000,23.36,9.35,14.01,11.2,18.86
621000,23.91,9.78,13.8,11.16,18.78
622000,23.7,9.87,13.87,11.31,18.96
623000,23.27,9.76,14.2,11.81,19.41
624000,23.16,9.96,14.26,11.87,19.59
625000,23.27,10.2,14.39,11.79,19.74
626000,23.43,10.41,14.72,11.8,19.88
627000,23.83,10.85,15.1,11.25,20.12
628000,23.5,10.69,15.11,11.4,20.06
629000,24.16,10.76,14.98,11.36,20.3
630000,24.94,10.74,14.96,10.99,20.07
631000,25.51,11.2,15.01,10.26,20.49
632000,25.71,11.27,14.89,9.97,20.61
633000,26.04,11.47,14.87,10.09,20.64
634000,26.1,11.37,14.93,9.95,20.83
635000,26.54,11.68,15.05,10.67,21.01
636000,26.51,11.49,14.99,11.03,21.3
637000,26.1,11.39,14.5,11.1,21.77
638000,26.23,11.26,14.8,11.24,21.78
639000,26.45,11.38,14.74,11.14,21.87
640000,26.44,11.56,14.29,11.42,22.14
641000,26.57,11.25,13.87,11.59,21.87
642000,26.22,10.96,13.86,11.82,22.05
643000,26.78,10.82,13.81,11.96,21.54
644000,25.93,10.94,13.7,11.78,21.65
645000,26.26,10.44,13.75,11.26,21.69
646000,26.37,10.58,13.49,11.16,20.89
647000,26.49,10.7,13.71,11.3,20.86
648000,26.81,10.68,13.91,11.48,20.93
649000,27.19,10.54,13.81,11.23,21.6
650000,27.47,10.98,13.91,11.51,21.36
651000,27.72,11.41,13.93,11.78,21.41
652000,27.64,11.6,13.56,11.33,21.33
653000,27.92,11.85,13.8,11.69,21.68
654000,27.02,11.63,13.83,12.17,21.33
655000,26.71,11.28,14.01,12.31,20.33
656000,26.74,11.06,14.48,12.3,20.4
657000,26.35,11.37,14.55,12.05,20.63
658000,26.67,11.32,14.69,12.24,20.62
659000,26.39,11.36,14.88,11.91,20.97
660000,26.6,11.31,15.15,11.86,20.01
661000,26.71,11.24,15.37,11.87,19.81
662000,25.93,10.79,15.26,11.99,19.39
663000,25.57,10.85,15.05,11.92,19.67
664000,25.27,10.92,15.26,11.91,19.9
665000,25.07,10.81,15.12,12.02,19.79
666000,25.32,10.62,15.36,12.14,19.28
667000,24.81,10.83,15.78,12.14,18.86
668000,24.95,11.15,15.57,11.6,18.01
669000,23.97,11.38,15.65,11.88,17.86
670000,23.59,11.45,15.54,11.49,17.82
671000,23.25,11.61,15.92,11.86,17.91
672000,23.66,11.58,15.69,11.29,17.96
673000,23.41,11.45,15.52,10.75,17.51
674000,23.82,11.61,15.21,11.01,17.82
675000,24.13,11.83,15.46,10.58,17.69
676000,24.18,11.86,15.15,10.93,17.64
677000,24.24,11.77,14.84,11.24,17.44
678000,24.12,11.75,14.82,11.09,17.13
679000,24.03,12.06,14.6,11.68,17.07
680000,23.88,12.49,14.17,11.77,16.98
681000,23.96,12.41,13.89,12.06,17.33
682000,24.01,12.63,13.79,11.9,17.48
683000,24.61,12.76,13.81,12.48,17.47
684000,24.83,12.82,14.15,12.16,17.93
685000,25.92,12.91,13.97,12.54,18.15
686000,25.59,13.04,13.68,12.14,18.34
687000,25.81,12.98,13.85,12.91,17.5
688000,25.73,13.14,13.94,13.16,17.64
689000,26.19,12.88,13.93,13.41,17.99
690000,25.97,12.78,14.17,12.77,18.17
691000,25.83,12.86,13.87,12.53,18.91
692000,26.17,12.87,14.07,12.2,18.98
693000,26.68,12.76,14.14,12.31,18.99
694000,26.23,12.77,14.52,12.49,18.92
695000,25.61,12.54,14.98,12.51,19.24
696000,25.85,12.29,15.11,12.17,19.11
697000,26.14,11.85,15.46,12.32,19.35
698000,26.52,12.07,15.66,12.55,19.42
699000,26.15,11.84,15.58,12.92,19.15
700000,26.31,12.15,15.96,13.01,19.06
701000,26.13,11.76,16.05,13.45,18.58
702000,26.33,12.09,16.24,13.64,18.49
703000,26.39,12.09,16.55,13.88,19.14
704000,26.03,12.08,16.71,14.03,19.25
705000,24.85,12.28,16.57,14.12,19.57
706000,24.48,12.3,16.86,14.15,19.33
707000,24.8,12.38,16.91,13.95,19.55
708000,24.49,12.28,16.99,13.9,19.32
709000,24.56,11.73,17.03,12.9,19.45
710000,24.18,11.35,16.73,12.67,19.44
711000,24.29,10.82,16.79,12.48,19.88
712000,24.83,11.03,16.57,12.11,19.61
713000,24.58,10.72,16.81,12.38,19.86
714000,24.26,10.58,16.85,12.54,19.56
715000,24.43,10.2,16.72,12.96,19.55
716000,24.31,9.78,16.6,12.64,19.78
717000,23.89,9.61,16.46,12.73,20.42
718000,23.47,9.9,16.12,12.62,20.56
719000,22.92,10.35,16.44,12.77,20.53
720000,22.68,10.33,16.69,13.41,20.87
721000,22.89,10.7,16.38,14.14,21.13
722000,22.41,10.97,16.59,14.27,20.75
723000,22.23,11.06,16.48,14.52,20.35
724000,22.58,11.37,16.51,14.36,20.5
725000,22.9,11.64,16.61,14.54,20.33
726000,23.59,11.5,16.76,14.22,20.48
727000,23.74,11.59,16.33,14.06,20.45
728000,24.24,12.17,16.64,14.17,20.2
729000,24.57,12.44,16.25,13.99,20.1
730000,24.15,12.64,16.05,13.99,20.22
731000,23.91,12.69,15.68,14.01,20.28
732000,23.11,12.85,15.2,13.22,20.65
733000,23.21,12.87,14.99,13.13,20.32
734000,23.34,13.13,14.86,13.23,20.04
735000,23.08,13.13,14.81,13.6,19.94
736000,23.53,13.07,14.85,13.5,20.09
737000,23.54,13.07,14.78,13.32,20.39
738000,23.72,12.47,14.42,13.28,20.41
739000,23.74,12.53,14.63,12.91,20.6
740000,23.42,12.44,14.53,13.02,20.92
741000,23.86,12.5,14.62,12.93,20.98
742000,24.51,12.51,14.63,12.75,20.65
743000,24.89,12.44,14.69,12.91,20.59
744000,24.85,12.39,14.38,12.9,20.61
745000,24.32,12.14,14.37,12.55,20.4
746000,23.78,12.34,14.12,12.76,20.39
747000,23.81,12.13,14.63,13.2,20.62
748000,22.69,12.66,14.72,13.66,20.46
749000,22.52,12.69,14.84,13.69,20.29
750000,22.91,12.87,15.1,13.99,20.17
751000,23.35,13.14,15.44,14.73,20.51
752000,23.81,13.24,15.47,14.75,20.41
753000,24.46,13.34,15.94,14.47,20.05
754000,24.89,13.15,15.95,14.67,19.99
755000,25.1,13.37,16.0,14.57,19.74
756000,25.17,13.43,15.91,14.38,19.66
757000,25.27,13.53,15.93,14.51,19.29
758000,24.53,13.36,15.55,14.53,19.49
759000,24.55,13.2,15.39,14.3,19.71
760000,24.62,13.34,15.21,13.72,19.75
761000,25.3,13.43,15.1,13.91,19.83
762000,25.02,13.32,15.27,13.69,19.78
763000,24.54,13.11,15.5,13.2,20.32
764000,24.09,12.8,15.34,13.55,21.04
765000,24.33,12.77,15.79,13.84,21.16
766000,24.36,12.82,15.31,13.95,21.46
767000,24.59,12.79,15.6,14.5,21.44
768000,24.11,12.65,15.37,14.71,20.58
769000,24.05,12.48,15.42,14.47,20.5
770000,24.24,12.76,15.41,14.56,20.71
771000,24.38,12.63,15.67,14.88,20.8
772000,23.8,12.41,15.45,15.32,20.79
773000,22.81,12.58,15.13,15.17,20.78
774000,22.37,12.57,15.41,14.79,20.9
775000,22.16,12.84,15.48,15.49,20.97
776000,22.12,13.14,15.24,15.27,21.3
777000,22.09,13.06,15.42,14.82,21.31
778000,21.97,12.93,15.38,14.38,21.67
779000,22.35,13.07,15.66,14.21,21.98
780000,22.27,13.12,16.07,13.82,21.91
781000,22.02,12.95,16.21,13.56,21.49
782000,22.15,12.58,16.51,13.04,21.28
783000,22.65,12.6,16.34,12.33,20.93
784000,22.51,12.32,16.5,12.64,20.88
785000,23.21,11.59,16.39,12.85,21.13
786000,23.51,11.45,16.36,12.68,21.44
787000,24.4,11.13,16.05,12.96,22.19
788000,24.55,11.05,16.1,12.91,22.7
789000,24.3,10.87,16.15,12.94,22.42
790000,24.81,10.59,16.31,13.33,22.55
791000,25.08,10.46,16.29,13.66,22.49
792000,25.39,10.77,16.21,13.94,22.42
793000,25.74,10.88,16.25,13.99,22.33
794000,26.04,10.64,16.26,14.09,22.68
795000,26.44,11.05,16.52,14.24,22.83
796000,26.59,11.3,16.16,14.41,22.87
797000,26.54,11.16,15.81,14.08,22.59
798000,26.71,11.52,16.0,14.21,22.25
799000,27.19,11.4,15.94,14.5,22.36
800000,27.22,11.25,16.12,14.61,22.68
801000,28.05,11.51,16.0,14.69,22.68
802000,28.12,11.38,15.58,15.02,22.95
803000,27.8,11.33,15.65,14.9,22.56
804000,28.44,11.42,15.82,15.21,22.56
805000,28.35,11.77,16.22,15.1,22.22
806000,28.51,11.83,15.98,15.35,21.7
807000,27.39,11.82,15.81,15.45,21.3
808000,26.55,11.86,16.24,15.41,21.49
809000,26.16,12.09,16.27,15.64,21.29
810000,25.78,12.61,16.28,15.67,21.46
811000,25.92,12.53,16.39,15.71,21.37
812000,26.89,12.78,16.7,15.35,21.21
813000,27.23,12.93,16.68,15.27,20.8
814000,26.31,13.26,16.77,14.96,20.41
815000,26.51,12.99,16.97,14.92,20.02
816000,26.54,13.1,16.97,14.75,19.92
817000,26.51,13.5,17.36,14.62,19.41
818000,26.5,13.55,17.44,14.49,19.8
819000,26.53,13.07,17.85,14.61,19.78
820000,27.08,12.99,17.77,14.78,19.99
821000,27.38,12.74,17.76,14.43,20.54
822000,26.81,12.74,17.86,14.51,20.84
823000,26.76,12.45,17.78,14.46,21.02
824000,26.28,12.1,17.71,14.4,21.2
825000,26.57,12.31,17.77,14.66,21.36
826000,26.18,11.54,17.77,15.08,21.44
827000,26.31,11.71,17.74,15.44,21.47
828000,25.86,11.77,18.06,15.46,21.34
829000,25.99,11.58,17.92,15.71,21.35
830000,26.16,11.57,18.14,15.76,21.52
831000,25.91,11.92,17.86,15.85,21.76
832000,25.57,12.11,18.14,16.14,21.8
833000,25.01,11.99,18.0,16.14,22.0
834000,25.11,11.99,18.29,16.17,22.0
835000,24.74,11.91,18.51,16.43,22.36
836000,25.3,12.25,17.96,15.78,22.35
837000,25.21,12.58,17.92,16.17,22.67
838000,25.04,12.55,17.74,16.02,22.18
839000,25.17,12.95,18.12,16.18,21.54
840000,25.43,13.77,17.68,16.19,21.17
841000,25.44,14.1,17.69,16.36,21.34
842000,25.11,14.26,17.6,16.14,21.1
843000,24.54,14.38,17.59,16.56,21.17
844000,25.06,14.32,17.49,16.65,21.25
845000,25.79,14.34,17.49,16.35,21.27
846000,26.22,14.11,17.28,16.3,21.45
847000,25.69,13.82,17.36,16.14,21.65
848000,25.36,13.51,17.34,16.3,21.47
849000,25.24,13.7,17.31,16.17,21.05
850000,25.14,13.58,16.68,16.31,21.13
851000,25.01,13.27,16.79,16.25,21.51
852000,25.23,13.44,16.86,16.14,21.49
853000,25.37,13.17,16.87,15.91,21.56
854000,25.56,13.14,16.8,15.83,21.56
855000,25.84,13.35,17.02,15.61,21.65
856000,25.32,13.32,17.01,15.37,21.27
857000,25.32,13.06,16.76,15.08,21.92
858000,25.26,13.38,17.0,15.16,22.26
859000,25.38,13.84,17.53,14.81,22.16
860000,25.07,14.32,17.58,15.37,22.25
861000,25.25,14.31,17.14,15.3,22.43
862000,25.11,14.45,16.74,15.29,22.04
863000,25.28,14.83,16.61,15.16,22.43
864000,25.18,14.44,16.72,15.24,22.64
865000,24.51,14.76,16.94,15.19,22.46
866000,23.7,14.84,16.89,15.17,22.72
867000,23.95,14.72,16.82,15.08,23.02
868000,23.97,14.83,17.0,15.32,22.95
869000,24.97,14.8,17.21,15.13,23.16
870000,25.08,14.67,17.26,15.19,23.4
871000,24.98,14.81,16.89,15.14,23.9
872000,25.51,15.04,16.94,14.58,23.39
873000,25.54,15.18,17.17,14.67,23.6
874000,25.95,15.04,17.23,14.87,23.64
875000,26.05,14.93,17.13,14.88,23.84
876000,26.54,14.61,17.0,14.86,24.07
877000,25.91,14.36,16.83,14.6,24.42
878000,26.52,14.11,16.48,14.43,24.66
879000,27.04,14.17,16.28,14.61,24.14
880000,27.01,14.04,16.01,14.68,24.23
881000,27.9,14.34,15.66,15.12,24.42
882000,28.18,14.63,15.79,15.23,24.64
883000,28.4,14.83,15.62,15.13,24.86
884000,28.25,14.86,15.85,15.11,25.0
885000,28.65,14.59,15.72,15.22,25.29
886000,28.4,14.78,15.45,15.45,25.13
887000,27.95,15.08,15.36,15.65,25.89
888000,28.18,15.13,15.48,15.34,25.8
889000,28.4,15.38,15.59,15.54,26.23
890000,29.06,15.14,15.87,15.45,25.93
891000,28.99,15.02,15.52,15.86,26.5
892000,29.05,14.82,15.42,15.83,26.16
893000,29.38,14.51,15.4,15.79,26.42
894000,28.49,14.51,15.25,16.19,25.84
895000,28.38,14.34,14.97,15.32,25.53
896000,28.24,13.85,14.64,15.54,25.41
897000,28.12,13.5,14.79,15.35,25.22
898000,27.61,13.39,14.64,15.27,24.5
899000,27.89,13.36,14.89,15.34,24.82
900000,28.43,13.56,14.81,15.36,24.73
901000,27.99,13.54,14.91,15.47,24.76
902000,27.54,13.84,14.88,15.28,24.05
903000,27.8,13.54,15.24,15.68,23.61
904000,28.24,13.75,15.2,14.77,22.8
905000,27.8,13.98,15.53,14.38,22.77
906000,27.28,14.03,15.44,14.42,22.08
907000,26.89,14.13,15.75,14.86,21.16
908000,27.56,14.3,15.78,14.98,21.16
909000,27.4,14.35,15.31,14.81,20.57
910000,27.53,14.4,15.29,14.59,21.06
911000,28.07,14.68,15.51,14.81,20.82
912000,28.07,15.1,15.24,14.72,21.22
913000,28.28,15.19,15.17,15.38,22.01
914000,27.95,15.26,15.36,15.51,22.14
915000,28.45,15.42,15.53,15.46,22.24
916000,28.7,15.13,15.6,15.13,21.85
917000,28.75,15.17,15.88,15.51,21.33
918000,28.86,15.06,15.86,15.7,21.32
919000,28.8,14.89,16.08,15.8,21.2
920000,28.74,14.74,16.02,15.11,21.37
921000,28.94,14.83,16.17,14.76,21.89
922000,29.08,14.6,16.13,15.03,22.48
923000,28.81,14.73,16.13,14.73,23.05
924000,28.2,14.75,16.08,14.38,23.35
925000,27.91,14.64,15.55,14.3,23.18
926000,27.48,14.58,15.77,14.14,23.56
927000,27.19,14.64,15.55,14.45,23.74
928000,27.25,14.17,15.75,14.49,23.89
929000,27.13,13.5,15.56,14.87,24.32
930000,27.1,13.83,15.61,15.51,24.8
931000,26.61,13.61,15.64,15.28,24.24
932000,26.53,13.86,15.97,15.16,24.33
933000,26.28,13.84,15.86,15.39,24.21
934000,25.98,14.28,15.94,15.7,24.04
935000,25.51,14.64,15.69,15.85,24.81
936000,25.47,14.71,15.58,16.18,24.33
937000,24.78,14.82,15.9,16.64,24.66
938000,24.58,14.86,15.28,16.48,24.5
939000,24.37,14.89,15.23,16.34,24.98
940000,24.08,15.1,15.11,16.15,25.1
941000,24.29,14.74,15.04,15.56,25.5
942000,24.04,15.11,15.23,15.8,25.06
943000,23.77,15.38,15.4,15.65,25.42
944000,24.43,15.48,15.6,16.06,24.73
945000,24.3,15.34,15.86,16.1,24.5
946000,24.54,15.36,15.42,16.35,24.77
947000,24.78,15.53,15.2,16.38,24.83
948000,25.45,14.7,14.97,16.37,24.77
949000,25.5,14.05,14.78,16.56,24.81
950000,25.31,13.62,14.82,16.57,23.9
951000,25.73,13.43,14.89,16.27,24.17
952000,25.09,13.02,15.43,16.16,24.38
953000,25.06,12.47,15.52,16.17,24.29
954000,25.55,12.54,15.24,16.15,24.44
955000,25.33,12.6,15.47,16.62,23.5
956000,25.55,12.53,15.8,16.42,23.12
957000,26.08,12.52,15.98,16.13,23.33
958000,25.78,12.6,15.76,16.48,23.31
959000,26.07,12.96,15.7,16.34,23.14
960000,26.3,13.44,15.94,16.37,23.11
961000,26.33,13.88,15.91,16.51,23.0
962000,26.6,14.02,15.96,16.45,23.19
963000,27.07,14.42,16.14,16.11,22.76
964000,27.02,14.86,16.29,16.17,22.99
965000,27.24,14.94,16.49,16.08,22.28
966000,26.66,15.07,16.39,16.02,21.91
967000,26.81,15.32,16.18,16.29,21.86
968000,26.79,15.46,16.51,16.41,21.82
969000,26.66,15.29,16.53,16.23,21.74
970000,26.75,15.36,16.4,16.29,21.43
971000,26.38,15.38,15.95,16.18,21.7
972000,26.75,14.81,15.88,16.0,21.68
973000,26.42,14.82,15.52,16.43,22.09
974000,26.54,14.85,15.67,16.37,22.46
975000,26.66,15.11,15.47,16.44,22.75
976000,26.9,14.68,15.49,16.12,22.96
977000,27.43,14.69,15.42,15.98,22.74
978000,27.09,14.82,15.58,16.17,22.92
979000,27.69,14.34,15.64,16.48,22.38
980000,27.24,14.42,15.77,16.43,22.45
981000,27.45,14.58,15.35,16.63,23.02
982000,27.25,14.61,15.67,16.69,23.09
983000,26.91,14.71,15.57,16.69,23.15
984000,27.23,14.85,15.73,16.85,23.21
985000,27.2,14.76,15.97,17.13,23.62
986000,26.54,14.94,16.04,17.42,23.98
987000,26.87,15.23,16.18,16.84,23.99
988000,26.91,15.47,15.62,16.7,23.86
989000,27.05,15.52,15.7,16.5,23.54
990000,27.31,15.37,16.13,16.93,23.9
991000,27.19,15.45,16.31,17.29,23.77
992000,27.5,15.47,16.4,17.37,23.56
993000,27.08,15.47,16.7,16.99,23.54
994000,28.02,15.38,16.87,17.54,23.45
995000,27.35,15.4,16.72,17.42,23.18
996000,26.77,15.59,16.26,17.45,23.0
997000,27.05,15.69,16.37,17.42,22.86
998000,26.76,15.96,16.2,17.54,23.2
999000,26.5,15.98,16.4,18.08,23.8
1000000,26.42,15.95,16.43,18.31,23.19
1001000,26.54,15.75,16.82,18.05,23.98
1002000,27.11,15.59,16.54,17.78,23.89
1003000,26.75,15.57,16.77,17.57,24.19
1004000,27.26,15.74,16.94,17.5,24.41
1005000,27.43,15.66,16.91,17.03,24.14
1006000,27.37,16.06,17.37,16.26,23.58
1007000,27.46,16.24,17.24,16.69,23.49
1008000,27.68,16.09,17.4,16.74,24.28
1009000,27.37,16.23,17.26,16.01,24.55
1010000,27.29,16.54,17.18,15.91,24.27
1011000,27.04,16.0,17.28,15.55,23.96
1012000,27.14,15.46,17.14,15.1,23.7
1013000,27.73,14.97,17.33,14.75,23.59
1014000,27.42,15.03,17.78,14.89,23.82
1015000,27.82,15.07,17.79,15.17,24.06
1016000,27.89,14.93,17.7,15.58,24.07
1017000,28.23,15.17,17.49,16.28,23.44
1018000,27.9,15.01,18.11,16.57,22.64
1019000,28.47,15.25,18.39,16.7,21.9
1020000,28.88,15.15,18.82,17.38,21.68
1021000,28.6,15.14,19.23,17.95,21.21
1022000,28.88,15.31,19.21,17.82,20.57
1023000,28.02,15.17,19.22,17.75,20.75
1024000,28.14,14.97,19.15,18.47,20.87
1025000,27.16,14.34,18.82,18.14,20.69
1026000,26.42,14.66,18.92,18.25,20.26
1027000,26.47,14.41,18.76,18.0,20.71
1028000,26.53,14.37,18.48,18.55,21.21
1029000,26.09,14.44,18.57,18.85,21.42
1030000,26.12,14.63,18.12,18.76,21.48
1031000,25.66,14.84,18.42,18.78,21.49
1032000,25.77,15.08,18.82,19.16,21.78
1033000,25.28,15.12,18.52,18.49,21.91
1034000,25.97,15.25,19.17,18.54,22.09
1035000,25.64,15.13,19.28,18.53,22.22
1036000,25.11,15.21,19.68,18.26,22.41
1037000,24.44,15.32,19.79,17.7,22.8
1038000,24.08,15.12,19.08,17.64,23.08
1039000,23.77,15.65,18.9,17.66,22.99
1040000,23.58,15.3,18.78,17.66,23.02
1041000,24.14,15.19,18.72,17.64,23.13
1042000,23.76,15.16,18.0,17.36,22.88
1043000,23.98,15.39,18.21,16.64,22.41
1044000,24.73,15.48,17.96,16.74,22.78
1045000,24.03,15.68,17.77,16.36,22.75
1046000,25.12,15.75,17.31,16.09,23.01
1047000,25.68,16.11,17.02,16.05,22.26
1048000,25.96,16.25,16.84,16.69,22.17
1049000,26.05,16.47,16.77,16.74,22.88
1050000,25.81,16.49,16.75,16.8,23.31
1051000,26.77,16.47,16.48,17.05,22.53
1052000,27.2,16.65,16.29,17.33,22.51
1053000,27.4,16.77,16.58,17.32,22.76
1054000,27.5,16.69,16.21,17.15,23.08
1055000,27.99,16.24,15.96,17.31,22.99
1056000,28.33,16.46,15.75,17.37,23.68
1057000,27.57,15.99,15.93,17.82,23.55
1058000,27.6,16.07,15.85,18.12,23.55
1059000,27.8,16.37,15.92,18.51,23.52
1060000,28.4,16.47,16.13,18.61,23.78
1061000,28.15,16.4,16.1,18.92,24.2
1062000,28.84,16.36,16.24,18.86,24.44
1063000,29.29,16.36,16.34,18.61,25.09
1064000,29.29,16.09,16.26,17.81,25.38
1065000,29.12,16.23,16.47,17.71,25.27
1066000,28.89,16.08,16.3,17.76,25.24
1067000,29.18,16.07,16.51,17.98,24.61
1068000,29.24,16.19,16.75,18.3,24.53
1069000,28.84,16.0,17.1,18.22,23.7
1070000,27.24,15.91,17.09,18.56,23.43
1071000,27.45,16.0,17.36,18.93,23.98
1072000,27.52,15.97,17.51,18.99,24.5
1073000,26.53,16.43,17.62,19.36,23.98
1074000,27.27,15.84,17.85,19.35,23.93
1075000,26.77,15.96,17.82,18.99,23.91
1076000,27.46,15.69,18.11,19.11,24.03
1077000,26.81,15.54,18.26,19.36,24.33
1078000,26.64,15.36,18.31,18.91,23.86
1079000,26.85,15.25,18.57,19.34,23.78
1080000,27.91,15.12,18.47,19.42,23.79
1081000,27.82,15.08,18.48,19.85,23.58
1082000,27.76,15.27,18.7,20.06,23.17
1083000,27.75,15.19,18.88,20.12,23.12
1084000,27.56,15.05,18.86,20.12,22.94
1085000,27.0,14.78,18.81,20.19,22.74
1086000,26.69,14.91,18.45,19.8,23.05
1087000,27.26,15.07,18.31,19.38,23.21
1088000,27.45,15.4,18.6,19.41,23.6
1089000,27.85,15.54,18.87,19.37,23.55
1090000,28.65,15.6,18.78,19.28,22.77
1091000,28.45,15.71,19.05,19.21,22.4
1092000,28.74,16.02,19.25,18.74,22.38
1093000,28.72,15.93,19.61,18.34,22.37
1094000,29.75,15.98,19.58,18.45,21.87
1095000,29.04,16.19,19.19,17.94,21.56
1096000,29.07,15.95,18.67,17.93,21.8
1097000,29.27,15.92,18.45,17.11,22.03
1098000,29.29,16.01,18.7,17.02,21.98
1099000,29.59,16.01,18.64,16.82,21.97
1100000,29.42,16.1,17.94,17.09,22.12
1101000,29.69,16.28,18.18,17.21,21.88
1102000,29.68,16.24,18.05,17.11,21.78
1103000,29.84,16.22,17.92,17.0,22.27
1104000,29.5,16.02,17.15,17.03,22.77
1105000,29.83,16.31,17.2,16.95,22.77
1106000,30.2,16.42,17.26,16.94,22.65
1107000,29.71,16.18,17.23,17.56,22.66
1108000,29.85,16.17,16.8,17.48,22.73
1109000,29.28,16.05,17.34,17.86,22.78
1110000,28.68,16.19,17.55,17.45,22.88
1111000,28.05,16.27,17.58,17.2,22.98
1112000,28.12,16.06,16.9,17.64,22.96
1113000,27.22,16.04,16.52,18.27,23.04
1114000,26.63,16.23,16.58,18.47,23.38
1115000,27.21,16.29,16.63,18.54,23.69
1116000,26.46,16.08,16.88,18.53,23.36
1117000,26.83,16.16,16.6,18.47,23.36
1118000,26.77,16.29,17.02,18.77,23.53
1119000,26.76,16.33,16.82,18.82,23.41
1120000,26.77,16.19,17.08,18.67,23.43
1121000,27.21,16.21,17.78,18.55,23.6
1122000,27.48,16.53,17.32,18.45,23.62
1123000,27.24,16.33,17.39,17.79,23.36
1124000,27.21,16.49,17.23,17.29,23.36
1125000,27.43,16.35,17.28,17.53,23.11
1126000,28.11,16.28,16.65,18.15,23.08
1127000,27.77,16.28,16.41,17.82,23.12
1128000,27.79,16.26,15.78,18.1,22.97
1129000,27.22,16.14,16.12,18.16,22.91
1130000,27.37,16.39,15.64,18.27,22.72
1131000,27.19,16.31,15.97,18.01,23.11
1132000,28.19,16.28,16.12,18.35,23.17
1133000,28.19,16.18,16.36,18.03,22.73
1134000,28.27,16.15,16.38,18.06,22.21
1135000,28.69,16.09,16.4,18.4,21.36
1136000,28.74,16.18,16.3,18.53,21.66
1137000,28.98,16.36,16.16,18.71,21.62
1138000,27.99,16.38,15.8,18.68,21.3
1139000,28.3,16.25,15.89,19.25,20.96
1140000,29.15,16.42,14.95,19.93,20.67
1141000,29.83,16.47,15.18,19.64,20.44
1142000,29.81,16.3,15.58,19.64,20.42
1143000,30.35,16.38,15.45,19.48,20.41
1144000,28.88,16.36,15.5,19.12,20.08
1145000,28.91,16.3,15.83,19.38,20.1
1146000,28.99,16.59,15.92,19.06,19.85
1147000,28.92,16.68,16.14,18.54,19.76
1148000,28.66,16.91,16.2,18.57,19.91
1149000,28.22,17.16,16.47,18.47,19.42
1150000,27.82,17.1,16.54,18.41,20.15
1151000,27.39,17.09,16.97,18.35,20.38
1152000,27.7,17.1,16.89,18.15,20.64
1153000,27.65,17.2,16.74,18.25,20.9
1154000,26.65,17.28,17.2,18.2,21.34
1155000,27.33,17.12,17.28,17.7,21.47
1156000,27.35,17.31,17.9,17.68,21.43
1157000,26.98,17.32,17.52,18.08,21.45
1158000,26.99,17.25,17.89,18.4,21.97
1159000,27.19,17.15,18.07,18.39,21.99
1160000,27.64,17.26,18.08,18.7,22.13
1161000,28.25,17.35,18.57,18.8,21.87
1162000,28.05,17.48,18.71,18.53,22.09
1163000,26.96,17.37,19.32,19.06,22.03
1164000,26.5,17.34,19.14,19.27,22.65
1165000,26.27,17.19,18.89,19.36,23.14
1166000,26.63,16.7,19.05,19.3,23.42
1167000,27.64,16.25,18.91,19.56,23.39
1168000,27.56,16.34,18.89,19.58,23.56
1169000,27.44,16.33,18.89,19.88,23.93
1170000,27.24,16.49,19.54,19.69,23.97
1171000,27.66,16.51,20.08,19.99,24.2
1172000,27.62,16.63,19.83,19.79,24.0
1173000,27.78,16.64,19.91,19.85,24.09
1174000,27.45,16.7,19.79,19.86,24.28
1175000,27.22,16.67,19.42,19.8,23.89
1176000,27.97,16.76,19.2,19.68,24.52
1177000,28.1,16.63,19.18,19.38,24.43
1178000,27.72,16.68,18.81,19.51,24.68
1179000,28.27,16.65,18.83,19.53,24.26
1180000,28.87,16.71,18.43,18.65,24.05
1181000,28.36,16.96,18.81,18.31,24.25
1182000,29.31,17.01,18.57,17.99,24.24
1183000,28.98,17.0,18.79,18.05,24.66
1184000,29.35,17.09,18.61,17.76,25.25
1185000,28.69,17.55,18.67,17.63,25.38
1186000,28.47,17.43,18.25,17.6,25.14
1187000,28.66,17.65,18.19,17.56,24.61
1188000,28.97,17.28,18.57,17.39,24.54
1189000,28.69,17.03,18.86,17.05,24.75
1190000,28.89,17.0,19.14,16.95,24.73
1191000,28.88,16.96,19.56,17.1,24.18
1192000,29.55,16.75,19.48,17.16,24.36
1193000,29.31,16.94,19.72,16.93,24.76
1194000,29.58,17.27,19.97,17.08,24.8
1195000,29.54,17.43,19.76,17.48,24.63
1196000,29.53,17.08,19.61,17.72,23.86
1197000,29.14,16.78,19.96,17.85,23.3
1198000,29.33,16.74,20.34,17.99,23.7
1199000,28.49,16.8,20.48,18.2,23.99
1200000,28.53,17.1,20.61,18.6,24.39
1201000,28.77,17.11,20.64,18.88,24.09
1202000,29.08,17.24,20.97,18.95,24.25
1203000,27.85,17.06,20.96,18.76,24.64
1204000,28.11,17.36,21.02,18.94,24.34
1205000,27.87,17.04,21.11,19.13,24.09
1206000,26.87,17.3,20.4,18.99,23.62
1207000,26.73,17.27,20.29,18.84,24.0
1208000,27.25,17.25,20.6,18.71,24.58
1209000,27.66,17.43,20.41,18.65,24.73
1210000,27.49,17.55,20.59,19.09,24.35
1211000,27.63,17.57,20.6,18.86,24.72
1212000,27.53,17.51,20.89,18.88,24.72
1213000,27.66,17.84,20.69,18.58,24.92
1214000,26.82,18.34,20.19,19.12,24.47
1215000,26.97,18.19,19.76,18.94,24.14
1216000,26.54,18.35,19.57,18.37,24.53
1217000,26.89,18.29,19.01,18.11,24.59
1218000,27.29,18.32,19.11,18.16,24.92
1219000,27.06,18.34,19.1,18.62,25.17
1220000,27.73,18.16,18.88,18.83,25.58
1221000,27.31,18.1,19.01,18.65,25.39
1222000,27.36,17.54,19.13,19.15,25.74
1223000,27.46,17.28,18.86,19.42,25.89
1224000,27.8,17.21,18.24,19.67,26.29
1225000,27.39,17.24,18.38,19.73,26.51
1226000,27.92,17.14,18.17,19.57,26.14
1227000,27.51,17.02,18.25,19.74,26.19
1228000,27.96,16.78,18.39,19.77,26.05
1229000,28.56,16.28,19.11,19.59,26.75
1230000,29.04,15.28,18.98,18.69,26.8
1231000,28.79,15.73,18.79,18.65,26.43
1232000,27.41,15.74,18.73,18.55,26.11
1233000,27.78,15.59,18.48,18.35,26.31
1234000,27.82,15.15,18.09,18.25,25.83
1235000,28.53,14.97,18.4,18.37,25.55
1236000,27.42,15.26,18.75,18.24,25.58
1237000,27.02,15.28,18.95,18.45,25.21
1238000,28.01,15.55,19.46,17.44,25.14
1239000,27.49,16.14,19.59,17.62,25.38
1240000,27.34,16.78,19.39,17.3,25.02
1241000,27.27,16.85,19.57,17.44,24.56
1242000,26.98,16.83,19.15,17.33,24.19
1243000,26.99,17.17,18.78,17.37,24.08
1244000,26.98,17.04,18.87,17.55,23.94
1245000,27.57,17.24,19.11,17.76,24.11
1246000,27.44,17.64,19.07,18.0,23.77
1247000,27.36,17.72,19.27,18.14,23.29
1248000,27.39,17.87,19.35,18.91,22.73
1249000,27.08,17.74,19.4,19.11,22.56
1250000,26.58,17.87,19.55,18.95,22.61
1251000,26.58,17.76,19.89,18.54,22.77
1252000,26.78,17.96,19.49,18.69,23.39
1253000,26.73,18.69,19.51,18.64,23.43
1254000,27.71,18.55,19.19,18.94,23.29
1255000,27.88,18.57,19.4,19.04,23.63
1256000,27.9,18.91,19.66,19.39,23.94
1257000,28.62,18.86,19.68,19.6,24.1
1258000,28.65,18.67,20.32,19.84,24.51
1259000,28.62,18.31,20.22,20.28,24.74
1260000,29.28,18.15,19.79,20.54,24.86
1261000,29.41,18.11,19.89,20.58,25.24
1262000,28.54,17.29,19.96,20.25,25.72
1263000,28.07,17.05,20.14,20.73,26.19
1264000,27.91,16.38,19.76,20.04,26.47
1265000,28.1,16.39,19.96,20.0,26.05
1266000,27.9,16.17,19.51,19.8,25.87
1267000,28.37,16.0,19.59,20.1,25.98
1268000,27.9,15.98,19.05,20.22,26.01
1269000,28.9,15.58,19.02,19.82,26.41
1270000,28.98,15.29,19.13,19.61,26.19
1271000,29.01,15.36,19.2,19.58,26.11
1272000,29.35,15.09,19.14,19.7,25.87
1273000,29.84,15.22,19.03,19.47,25.72
1274000,30.29,15.15,18.93,19.09,25.62
1275000,30.51,15.2,18.84,19.8,25.69
1276000,30.03,15.44,19.25,19.33,26.48
1277000,29.87,15.52,19.16,19.57,25.79
1278000,30.59,16.09,18.96,20.08,26.37
1279000,30.05,16.52,18.44,19.97,26.41
1280000,30.0,16.74,17.73,20.25,25.97
1281000,30.47,16.92,18.1,20.53,26.14
1282000,29.78,17.18,17.76,21.02,26.04
1283000,29.62,17.37,18.02,21.02,26.34
1284000,29.73,17.6,18.1,20.76,24.78
1285000,29.18,17.65,17.69,21.42,24.91
1286000,29.32,17.85,18.13,21.59,24.8
1287000,29.55,17.86,17.81,21.87,25.29
1288000,29.68,17.67,17.93,21.95,24.64
1289000,30.3,17.94,18.78,22.45,24.83
1290000,30.9,17.99,18.91,22.65,24.98
1291000,30.91,18.09,18.95,22.52,25.14
1292000,31.17,18.16,19.6,23.11,24.79
1293000,30.44,18.3,19.59,23.4,25.4
1294000,29.13,18.75,19.9,22.75,25.6
1295000,28.99,18.66,19.68,22.6,25.71
1296000,28.75,18.67,19.97,22.39,25.53
1297000,27.63,18.72,19.64,22.13,25.02
1298000,27.52,18.63,19.71,22.31,24.97
1299000,27.67,18.41,19.82,21.48,24.84
1300000,27.25,18.3,19.56,21.64,25.22
1301000,26.21,18.61,19.81,21.08,25.1
1302000,26.09,18.51,19.61,20.54,25.26
1303000,25.16,18.38,19.62,20.31,25.09
1304000,25.52,18.27,19.82,20.2,24.79
1305000,25.12,18.1,20.07,20.4,25.39
1306000,25.36,18.08,20.03,20.3,25.34
1307000,25.38,18.04,20.12,20.73,26.14
1308000,25.32,17.95,19.95,20.44,25.87
1309000,25.27,18.41,19.73,20.11,25.82
1310000,25.49,18.38,20.11,19.94,26.18
1311000,25.28,18.33,20.02,19.84,25.91
1312000,24.96,17.7,19.81,19.9,25.72
1313000,24.79,17.83,20.33,20.06,25.67
1314000,25.63,17.38,20.54,20.6,25.65
1315000,25.25,17.59,19.54,20.26,25.47
1316000,25.66,17.27,19.11,20.39,25.53
1317000,25.87,17.32,18.49,20.21,25.7
1318000,26.01,17.28,17.99,20.88,25.71
1319000,26.56,16.76,17.7,20.96,26.01
1320000,26.86,16.56,17.11,20.61,25.94
1321000,26.6,16.65,17.08,20.73,26.4
1322000,27.15,16.06,17.36,21.13,26.6
1323000,26.83,16.26,17.24,21.15,26.64
1324000,27.25,16.37,16.69,21.32,26.46
1325000,27.05,16.65,16.49,20.91,25.81
1326000,27.37,16.62,16.61,20.79,25.98
1327000,28.1,16.37,16.16,21.14,25.89
1328000,27.81,16.59,16.05,21.05,25.12
1329000,28.01,16.67,16.11,21.28,25.16
1330000,28.08,16.75,15.51,21.47,25.26
1331000,27.87,16.96,15.72,21.56,25.19
1332000,28.22,17.03,15.3,20.9,25.22
1333000,28.54,16.6,15.23,21.1,25.57
1334000,28.16,16.49,15.36,21.33,25.88
1335000,28.59,16.57,15.95,21.3,26.17
1336000,28.74,16.84,16.25,20.9,26.28
1337000,29.14,17.01,16.75,20.72,26.28
1338000,29.05,17.34,16.73,20.95,25.58
1339000,29.74,17.6,17.07,21.11,24.88
1340000,30.46,18.2,17.48,20.82,25.1
1341000,30.47,18.3,17.43,21.3,24.56
1342000,30.91,18.66,17.7,20.48,24.29
1343000,30.74,18.79,18.29,20.12,23.97
1344000,30.25,18.9,18.9,19.27,24.07
1345000,30.85,18.95,19.19,19.95,24.04
1346000,30.85,18.8,19.38,19.72,24.11
1347000,31.13,18.35,19.84,19.98,23.81
1348000,31.04,17.79,20.13,19.53,23.72
1349000,31.56,17.59,20.2,19.82,23.41
1350000,31.55,17.75,20.15,20.05,23.73
1351000,31.59,17.59,20.46,20.12,24.05
1352000,31.65,17.65,20.74,19.55,24.22
1353000,31.03,17.95,21.18,19.45,24.22
1354000,31.35,17.06,21.37,19.12,23.99
1355000,31.28,16.89,21.4,19.12,24.18
1356000,31.99,16.73,21.67,19.27,23.7
1357000,32.5,16.51,21.51,19.42,23.51
1358000,32.28,15.75,20.7,19.05,23.48
1359000,32.78,15.35,20.71,19.78,23.93
1360000,33.55,14.88,20.56,20.29,24.44
1361000,33.53,14.82,19.99,20.77,24.67
1362000,33.45,15.06,20.42,21.23,24.65
1363000,33.15,15.11,20.52,21.02,24.1
1364000,33.64,15.91,20.34,20.95,24.16
1365000,33.62,15.91,20.7,20.87,24.44
1366000,32.95,16.49,20.86,21.25,24.47
1367000,33.26,16.41,21.22,21.83,24.56
1368000,33.43,16.28,21.26,21.5,24.8
1369000,32.36,16.16,20.59,21.14,25.05
1370000,32.31,16.45,20.09,21.53,25.45
1371000,32.95,16.42,20.61,22.12,26.4
1372000,33.13,16.24,21.13,22.25,27.0
1373000,33.54,15.83,20.89,22.65,26.78
1374000,33.52,15.87,20.74,22.61,26.18
1375000,32.03,15.86,21.33,22.21,25.83
1376000,31.96,16.03,21.2,22.56,25.24
1377000,32.25,15.94,21.22,22.74,25.12
1378000,32.7,15.86,20.91,22.89,25.15
1379000,32.7,15.34,20.74,23.23,25.58
1380000,33.26,14.92,20.66,22.6,25.95
1381000,32.44,15.04,20.81,22.72,25.72
1382000,31.64,14.61,20.79,22.37,25.54
1383000,31.54,14.63,20.93,22.92,25.48
1384000,31.66,14.81,21.57,23.03,25.77
1385000,30.76,15.33,22.06,23.36,26.22
1386000,30.41,15.64,22.73,23.34,26.48
1387000,30.6,15.97,22.48,23.42,26.93
1388000,30.04,15.81,22.77,23.74,26.2
1389000,29.8,16.08,22.69,23.82,26.26
1390000,29.63,16.33,23.13,23.85,26.46
1391000,29.34,16.2,22.27,23.86,25.92
1392000,28.73,16.76,21.97,23.75,26.38
1393000,28.88,16.99,22.17,24.04,25.47
1394000,27.53,17.18,22.04,24.04,25.23
1395000,27.53,17.42,21.48,23.33,25.37
1396000,27.65,17.94,21.82,22.53,25.48
1397000,28.23,18.02,21.17,23.29,25.76
1398000,28.61,18.46,20.99,23.33,26.28
1399000,29.24,18.86,20.32,23.16,26.35
1400000,27.94,18.8,20.19,23.21,26.27
1401000,28.4,18.83,20.27,23.45,25.81
1402000,28.27,18.67,20.46,23.53,25.66
1403000,27.91,18.41,20.16,22.62,26.44
1404000,28.32,18.18,20.18,22.43,26.09
1405000,28.78,18.09,20.28,22.08,25.79
1406000,29.32,17.83,20.4,21.63,25.66
1407000,29.64,17.1,19.78,21.37,25.44
1408000,29.04,16.87,19.49,21.39,25.5
1409000,29.95,16.15,19.23,21.54,25.59
1410000,29.67,16.07,19.35,21.23,25.63
1411000,30.07,15.89,19.09,21.51,26.06
1412000,29.89,15.91,19.0,21.44,25.51
1413000,30.53,15.91,18.71,21.33,25.37
1414000,30.71,15.61,18.46,21.83,25.04
1415000,30.56,15.81,18.38,22.16,25.09
1416000,30.77,15.83,18.14,22.44,25.14
1417000,30.99,15.99,18.33,21.45,25.62
1418000,31.72,16.52,18.62,21.56,25.9
1419000,31.8,15.81,18.51,21.83,25.32
1420000,32.11,16.15,18.58,21.84,25.91
1421000,31.63,16.28,18.54,21.44,25.76
1422000,31.58,16.51,18.7,21.25,25.87
1423000,31.88,16.6,18.67,21.52,26.31
1424000,32.23,16.78,18.72,21.62,26.39
1425000,32.92,17.31,19.03,21.1,26.56
1426000,32.92,17.48,19.32,21.16,26.75
1427000,33.1,17.7,19.14,21.64,27.14
1428000,34.18,17.7,18.77,21.38,27.39
1429000,34.6,17.58,18.75,21.5,27.15
1430000,35.23,17.46,19.15,21.53,27.39
1431000,34.84,17.44,18.69,21.99,27.21
1432000,34.69,17.48,18.82,21.85,27.22
1433000,33.81,17.5,18.97,21.67,26.62
1434000,33.71,17.29,19.21,22.06,26.84
1435000,33.72,16.73,19.56,21.93,26.86
1436000,34.21,17.05,19.8,21.72,26.53
1437000,34.09,17.31,20.1,21.43,27.16
1438000,34.25,16.87,20.34,21.3,27.33
1439000,33.3,17.23,20.36,21.24,27.44
1440000,34.13,17.37,20.28,21.69,26.81
1441000,33.84,17.56,20.23,21.5,26.98
1442000,33.44,17.9,20.25,21.73,26.26
1443000,32.47,18.21,19.68,21.9,26.79
1444000,32.76,18.19,19.56,21.88,27.0
1445000,32.84,18.0,20.05,21.83,27.64
1446000,32.82,17.9,20.1,21.73,28.12
1447000,33.2,17.89,19.98,21.78,27.51
1448000,32.38,18.21,19.97,21.44,27.31
1449000,32.07,18.6,20.06,21.3,28.03
1450000,31.52,18.57,20.27,21.72,28.47
1451000,31.29,18.63,20.39,21.79,28.42
1452000,31.57,18.83,20.23,21.97,28.33
1453000,29.29,19.26,20.9,22.07,28.18
1454000,29.61,19.39,21.05,22.58,27.95
1455000,29.45,19.44,20.96,22.51,28.67
1456000,30.14,19.48,20.98,22.53,28.14
1457000,30.48,19.46,21.49,22.47,28.68
1458000,29.49,19.2,21.21,22.86,28.69
1459000,29.38,19.64,20.59,23.05,28.88
1460000,28.73,19.69,20.47,22.68,28.69
1461000,28.9,19.36,20.82,23.14,29.06
1462000,29.39,19.62,20.98,22.57,28.54
1463000,29.69,19.02,21.38,22.64,28.64
1464000,29.64,19.05,21.47,22.28,28.44
1465000,28.93,19.04,20.96,22.28,28.83
1466000,29.53,19.42,20.92,22.14,29.26
1467000,30.35,19.58,21.25,22.44,29.29
1468000,29.85,19.66,21.54,22.74,29.09
1469000,29.89,19.76,21.83,21.93,29.68
1470000,30.58,19.62,21.9,22.03,28.46
1471000,29.98,19.65,21.79,22.37,28.57
1472000,30.29,19.32,21.78,22.52,27.79
1473000,30.01,18.81,21.68,22.21,27.38
1474000,29.36,18.86,21.4,22.41,26.9
1475000,29.34,18.86,21.65,22.28,26.28
1476000,30.26,18.25,21.24,22.52,26.45
1477000,30.93,18.45,20.77,22.19,26.21
1478000,30.82,17.89,20.61,22.19,26.46
1479000,30.73,18.0,20.52,22.33,26.14
1480000,31.69,18.03,20.74,22.52,26.16
1481000,31.52,18.0,20.36,22.82,26.58
1482000,31.76,17.91,20.4,23.13,26.46
1483000,31.52,18.4,20.62,23.2,25.81
1484000,30.78,18.46,20.92,23.13,25.06
1485000,31.41,18.3,20.93,22.93,24.99
1486000,31.05,18.13,20.22,22.93,24.55
1487000,31.0,18.52,19.87,22.57,24.86
1488000,29.84,18.14,19.9,22.27,24.41
1489000,30.2,18.08,20.04,22.35,23.66
1490000,29.85,18.13,19.95,22.03,22.82
1491000,29.94,18.15,19.53,21.92,23.41
1492000,30.23,18.39,19.85,21.73,23.71
1493000,30.78,18.51,20.05,21.93,24.24
1494000,30.8,18.57,20.26,22.16,24.83
1495000,30.85,18.91,20.26,22.25,25.04
1496000,30.96,19.2,19.81,22.34,25.32
1497000,31.61,19.69,20.15,22.32,25.33
1498000,31.9,19.78,20.12,22.45,25.51
1499000,32.27,19.81,19.96,22.34,25.24
1500000,32.71,19.95,19.84,22.22,25.5
1501000,31.32,19.96,20.32,22.21,25.68
1502000,31.53,20.12,20.26,21.76,26.06
1503000,31.41,20.13,20.47,21.98,25.96
1504000,31.88,19.93,20.34,21.36,26.5
1505000,31.19,19.96,20.51,20.94,26.58
1506000,31.08,19.9,20.57,21.28,27.34
1507000,30.96,19.45,20.5,21.36,27.56
1508000,31.26,19.21,20.72,21.53,27.9
1509000,31.56,19.37,19.88,21.3,28.39
1510000,31.53,19.0,20.34,21.06,29.3
1511000,31.61,18.96,21.0,20.83,28.84
1512000,32.24,17.74,20.96,20.65,28.96
1513000,32.17,17.52,21.11,20.18,28.87
1514000,32.67,17.57,21.51,20.23,29.73
1515000,32.63,17.89,21.36,19.89,30.35
1516000,32.9,17.76,21.23,20.11,30.82
1517000,32.39,17.81,20.99,20.7,30.23
1518000,31.89,18.24,20.96,20.41,29.11
1519000,31.39,17.96,21.27,20.17,29.37
1520000,31.56,18.11,21.64,20.26,29.76
1521000,30.98,17.98,21.44,20.38,30.4
1522000,31.21,18.1,21.58,20.9,29.73
1523000,30.63,17.88,22.0,21.15,29.74
1524000,30.36,17.59,21.49,21.09,30.23
1525000,30.34,17.9,21.5,20.89,29.86
1526000,30.72,18.45,21.58,21.07,30.43
1527000,31.01,18.87,21.31,21.24,29.63
1528000,31.41,18.82,21.17,21.29,29.8
1529000,32.08,18.98,20.83,21.49,30.19
1530000,32.38,19.15,21.02,21.37,30.12
1531000,31.81,19.36,20.92,21.81,29.4
1532000,31.53,19.66,21.11,21.9,29.28
1533000,31.99,19.94,21.87,22.2,28.83
1534000,31.71,20.01,21.76,22.23,28.12
1535000,31.33,19.73,21.3,21.61,28.29
1536000,31.55,19.47,21.4,21.75,28.63
1537000,33.11,19.76,20.97,22.21,28.77
1538000,32.45,19.46,20.63,21.99,28.34
1539000,32.14,19.48,20.49,22.14,28.32
1540000,32.24,19.41,20.67,22.48,27.79
1541000,31.97,19.38,20.73,22.44,27.84
1542000,32.33,19.67,20.74,22.7,28.29
1543000,32.39,19.21,20.9,23.51,27.92
1544000,32.57,19.45,20.96,23.2,27.64
1545000,31.72,19.01,20.94,23.97,27.93
1546000,31.46,17.65,20.81,23.05,28.77
1547000,31.32,16.93,20.6,22.96,28.05
1548000,31.35,16.73,21.04,22.97,28.24
1549000,31.45,17.03,21.23,22.47,27.85
1550000,31.29,16.52,21.23,22.21,27.6
1551000,29.62,16.87,21.27,21.61,27.52
1552000,30.63,16.78,21.38,21.39,27.26
1553000,28.77,16.81,21.67,21.51,27.39
1554000,29.13,16.91,21.37,21.35,27.57
1555000,29.51,16.99,21.8,21.01,27.9
1556000,28.77,16.79,21.06,21.25,27.69
1557000,29.45,16.94,21.04,21.22,27.72
1558000,29.78,16.89,20.36,20.52,27.51
1559000,30.23,16.55,20.37,20.64,27.57
1560000,29.1,16.69,20.43,20.01,27.17
1561000,29.11,16.98,20.91,19.83,27.32
1562000,28.44,17.58,20.81,19.81,27.61
1563000,29.23,17.73,21.05,20.46,27.94
1564000,29.17,18.28,21.26,20.61,28.22
1565000,29.36,18.48,21.56,20.96,28.05
1566000,29.15,18.71,21.62,21.27,26.93
1567000,29.62,18.63,21.58,21.75,27.03
1568000,29.53,18.52,21.34,22.14,27.15
1569000,29.35,19.04,21.11,22.31,27.09
1570000,29.22,19.57,21.43,22.2,27.01
1571000,29.37,19.54,21.38,22.62,27.26
1572000,29.64,19.53,21.58,22.38,27.14
1573000,29.87,19.02,21.32,22.62,27.48
1574000,30.14,19.26,21.72,22.39,27.83
1575000,30.64,19.07,21.73,22.53,27.97
1576000,30.18,18.81,22.38,23.13,28.68
1577000,29.14,19.03,22.46,22.95,28.48
1578000,29.18,19.38,22.13,23.48,28.98
1579000,29.59,19.11,22.23,23.89,28.99
1580000,28.88,19.12,22.67,24.21,28.82
1581000,29.46,19.06,22.46,24.36,29.05
1582000,29.09,19.07,22.84,24.38,29.83
1583000,28.65,19.02,23.15,25.09,29.42
1584000,29.62,19.19,23.49,24.65,29.69
1585000,30.33,19.36,24.1,25.16,29.35
1586000,30.12,19.79,23.98,25.21,29.96
1587000,29.91,19.97,24.16,24.68,30.16
1588000,29.87,19.91,24.55,25.22,30.26
1589000,30.62,19.94,25.15,24.47,30.14
1590000,29.87,20.08,25.02,24.95,29.82
1591000,29.79,19.75,24.39,25.39,30.23
1592000,29.7,19.49,24.84,25.42,30.87
1593000,29.82,19.42,24.52,25.15,30.25
1594000,30.11,19.67,24.24,24.66,30.04
1595000,30.92,19.7,24.58,25.41,29.95
1596000,31.13,19.81,24.79,25.32,30.05
1597000,30.05,19.89,24.55,24.55,29.75
1598000,30.62,20.25,23.62,24.27,29.48
1599000,30.15,20.05,23.42,24.15,29.58
1600000,30.21,20.04,23.55,23.95,29.8
1601000,30.42,20.38,22.67,23.77,29.07
1602000,31.12,20.53,22.24,23.35,28.44
1603000,31.25,20.71,22.16,22.58,27.99
1604000,31.61,20.27,22.36,22.36,27.64
1605000,31.76,20.47,22.3,22.8,27.8
1606000,31.85,20.32,21.79,22.47,28.03
1607000,31.87,20.29,21.88,22.65,28.43
1608000,32.45,19.82,21.47,22.67,28.44
1609000,33.1,19.94,21.05,21.81,28.95
1610000,31.69,19.71,20.91,22.14,27.98
1611000,31.36,19.66,20.52,22.23,28.03
1612000,31.05,19.35,20.07,22.31,28.03
1613000,30.39,19.12,20.21,22.43,28.6
1614000,30.7,19.07,20.1,22.77,27.95
1615000,31.56,18.9,21.01,22.85,28.43
1616000,31.41,18.61,20.89,23.05,28.34
1617000,31.9,18.5,20.97,23.07,28.32
1618000,32.36,18.74,21.26,23.03,28.19
1619000,32.82,19.03,20.89,22.94,29.12
1620000,32.52,19.01,21.15,23.17,28.85
1621000,32.78,18.46,21.49,23.7,29.61
1622000,33.04,18.21,21.73,23.55,30.12
1623000,32.85,18.22,21.87,23.92,30.74
1624000,32.92,18.17,21.45,24.37,30.48
1625000,32.36,17.87,21.93,24.42,29.58
1626000,32.3,17.59,22.48,24.02,29.73
1627000,32.01,17.59,22.19,23.68,29.77
1628000,32.08,17.49,22.31,23.75,30.23
1629000,32.94,17.86,22.19,23.87,30.24
1630000,32.22,18.09,21.78,23.83,30.1
1631000,31.65,18.36,21.89,23.8,30.04
1632000,31.55,18.43,21.43,24.16,29.31
1633000,31.12,18.31,21.39,23.26,28.65
1634000,30.74,18.37,21.73,22.83,28.9
1635000,31.1,18.42,21.77,22.94,28.72
1636000,31.75,18.54,22.0,23.14,28.76
1637000,31.18,17.85,22.35,23.56,28.44
1638000,30.98,17.88,22.55,24.09,28.47
1639000,30.18,18.02,22.65,24.2,28.12
1640000,29.55,18.43,23.06,24.17,27.83
1641000,28.27,18.58,22.08,23.74,27.58
1642000,28.37,18.89,22.21,23.54,27.33
1643000,28.35,18.87,22.41,23.51,27.11
1644000,28.58,18.78,22.56,23.89,25.89
1645000,28.4,18.68,22.52,24.36,25.68
1646000,28.3,17.74,22.24,23.97,25.39
1647000,28.7,17.87,21.96,23.88,25.59
1648000,28.81,18.04,21.99,24.18,25.74
1649000,29.31,17.91,22.32,24.38,25.74
1650000,29.14,18.01,22.38,24.86,25.96
1651000,28.83,17.8,22.28,25.16,25.62
1652000,29.15,18.07,21.9,25.56,25.38
1653000,28.56,18.27,21.12,25.06,26.11
1654000,28.51,18.19,20.68,25.24,26.63
1655000,29.13,18.5,21.03,25.91,26.66
1656000,28.56,18.69,20.97,26.2,26.25
1657000,29.28,18.62,20.54,25.9,26.34
1658000,29.79,18.56,20.56,26.04,26.54
1659000,29.57,18.09,20.92,25.85,26.87
1660000,30.21,18.19,21.04,25.67,27.43
1661000,30.24,18.01,20.64,25.65,27.31
1662000,29.65,17.94,20.06,25.83,27.58
1663000,29.5,18.21,19.71,26.36,27.99
1664000,30.07,18.64,20.18,26.07,28.07
1665000,30.31,19.16,19.83,26.29,27.86
1666000,30.37,19.77,19.96,25.82,28.19
1667000,29.61,20.11,20.21,25.4,28.49
1668000,30.01,19.93,20.09,26.24,28.91
1669000,30.76,20.22,20.25,26.29,29.67
1670000,30.98,20.19,20.11,25.82,29.46
1671000,31.11,20.09,19.99,26.02,29.09
1672000,31.12,20.08,20.05,26.08,29.29
1673000,31.49,19.96,19.95,25.39,28.4
1674000,31.78,19.72,19.54,25.62,29.47
1675000,31.86,20.06,19.47,25.95,29.76
1676000,32.16,20.25,19.74,26.17,30.21
1677000,31.1,20.48,19.89,26.34,30.54
1678000,31.3,20.4,20.2,26.37,30.67
1679000,30.25,20.36,20.65,26.19,29.95
1680000,28.87,19.98,20.93,26.03,30.13
1681000,28.56,19.95,20.75,25.79,29.65
1682000,26.88,19.18,21.01,26.0,28.87
1683000,26.83,19.0,21.1,26.24,28.2
1684000,27.46,18.76,20.84,26.28,27.8
1685000,28.08,18.58,21.09,25.96,28.42
1686000,27.57,18.21,21.43,25.53,28.24
1687000,27.86,18.33,21.36,25.92,27.63
1688000,28.19,17.91,21.28,25.92,28.0
1689000,27.98,17.65,21.45,25.15,27.75
1690000,26.37,18.39,21.24,25.92,28.16
1691000,26.78,18.29,21.64,26.12,28.4
1692000,27.16,18.54,21.32,26.61,27.49
1693000,26.31,18.24,21.86,27.23,27.65
1694000,26.53,18.56,21.85,27.23,27.61
1695000,24.83,18.2,21.12,27.05,27.4
1696000,25.11,19.02,21.05,26.81,27.09
1697000,25.65,18.61,21.25,26.43,27.38
1698000,26.24,18.78,20.98,25.15,26.79
1699000,26.48,19.12,21.36,24.71,26.18
1700000,26.76,19.43,21.59,24.65,25.66
1701000,27.25,19.56,22.16,24.76,26.03
1702000,28.09,20.34,22.43,25.04,26.5
1703000,28.67,20.67,22.41,25.39,27.51
1704000,28.44,20.8,22.62,24.89,27.77
1705000,28.48,20.24,22.31,25.04,28.38
1706000,29.3,20.47,21.85,24.97,28.69
1707000,29.3,20.74,21.85,25.05,28.01
1708000,29.0,21.06,21.79,25.48,28.0
1709000,29.4,21.25,21.62,25.24,28.2
1710000,29.33,20.74,21.43,25.37,28.75
1711000,29.31,20.45,21.85,25.03,28.46
1712000,30.02,20.6,21.83,23.51,28.81
1713000,30.25,20.51,21.88,23.5,28.42
1714000,30.82,19.98,21.59,23.48,28.66
1715000,31.0,19.73,21.58,23.72,28.64
1716000,30.13,19.36,21.29,24.09,28.86
1717000,29.92,19.26,21.33,24.48,29.44
1718000,29.58,19.22,21.14,24.8,30.07
1719000,30.61,19.54,21.39,25.57,30.44
1720000,30.64,19.81,21.35,25.53,31.04
1721000,29.95,19.29,21.62,25.27,30.62
1722000,30.89,19.33,21.61,25.49,29.63
1723000,31.92,19.21,21.28,25.43,29.77
1724000,31.79,19.14,21.1,24.95,29.39
1725000,31.57,19.56,20.96,25.1,28.9
1726000,31.54,19.26,19.96,25.23,28.49
1727000,31.6,19.05,19.5,24.95,28.49
1728000,31.74,18.34,19.73,25.13,28.5
1729000,31.9,18.28,19.91,24.06,28.66
1730000,32.56,18.09,20.23,23.83,28.79
1731000,33.03,17.85,20.3,24.7,29.38
1732000,32.83,17.38,20.52,25.36,29.55
1733000,33.15,17.48,20.76,25.7,29.64
1734000,33.42,17.3,20.86,26.26,29.71
1735000,33.9,17.55,21.14,26.77,29.13
1736000,33.4,16.99,21.22,26.64,28.99
1737000,33.58,17.03,21.64,26.69,29.12
1738000,33.23,16.84,21.97,26.48,29.05
1739000,33.08,17.08,21.51,25.88,29.83
1740000,32.76,17.35,21.02,26.41,30.34
1741000,32.86,17.45,21.41,25.92,30.34
1742000,32.83,17.63,21.97,26.01,29.42
1743000,33.49,17.2,21.88,26.08,29.19
1744000,33.26,17.04,21.82,26.88,28.85
1745000,32.95,16.73,21.65,26.37,30.1
1746000,33.23,16.68,21.79,26.48,30.3
1747000,32.41,16.67,21.85,26.4,30.79
1748000,32.52,17.24,21.5,26.43,31.31
1749000,31.5,17.26,21.18,26.27,31.1
1750000,31.85,17.51,21.01,26.64,31.46
1751000,32.12,17.57,21.69,26.91,31.9
1752000,32.37,17.81,21.89,27.08,31.54
1753000,31.85,18.08,22.58,27.64,31.69
1754000,31.62,18.17,22.91,28.2,31.96
1755000,31.05,17.54,23.93,28.44,32.35
1756000,31.46,17.25,24.5,27.39,32.65
1757000,32.1,16.93,24.83,27.7,32.82
1758000,31.86,16.78,24.91,26.84,32.75
1759000,32.29,16.52,25.22,26.76,32.75
1760000,31.55,16.48,25.23,26.71,33.17
1761000,32.15,16.65,24.71,26.21,32.96
1762000,31.85,17.08,25.07,26.49,33.01
1763000,32.51,17.54,24.25,26.41,32.9
1764000,31.98,17.98,23.47,26.83,32.82
1765000,32.01,18.21,23.28,26.77,32.37
1766000,31.96,18.72,23.19,26.76,30.83
1767000,31.58,18.75,23.22,26.93,30.93
1768000,30.92,18.95,23.01,27.21,30.97
1769000,31.12,19.08,22.67,27.4,30.67
1770000,30.87,19.58,22.94,27.53,29.3
1771000,31.17,19.61,23.03,26.9,29.12
1772000,31.9,19.59,23.23,27.02,28.63
1773000,31.94,19.27,22.82,26.68,28.53
1774000,32.09,19.53,23.27,27.12,28.24
1775000,31.23,19.45,23.78,27.32,27.99
1776000,31.25,19.35,22.67,25.78,27.91
1777000,30.98,19.47,22.93,26.12,28.4
1778000,31.56,19.45,21.89,26.27,28.5
1779000,32.17,19.83,21.77,25.51,27.26
1780000,31.91,19.64,21.33,25.58,27.7
1781000,31.01,19.43,21.79,25.42,28.18
1782000,30.22,19.43,22.13,25.16,27.91
1783000,30.96,18.77,22.44,25.6,27.11
1784000,31.23,18.4,21.92,25.05,26.78
1785000,31.75,18.29,22.2,24.8,27.28
1786000,31.25,17.94,22.29,25.43,27.82
1787000,31.27,17.87,22.09,25.91,26.81
1788000,31.4,17.91,22.49,25.72,27.35
1789000,31.83,17.8,22.75,26.3,28.19
1790000,32.58,17.48,22.76,26.71,28.54
1791000,32.79,17.41,22.92,26.46,28.58
1792000,33.22,17.05,23.19,26.2,28.7
1793000,33.85,17.38,23.69,26.27,29.1
1794000,34.03,17.67,23.45,27.14,29.37
1795000,34.85,17.6,23.48,27.41,30.01
1796000,33.68,17.65,23.3,27.44,30.01
1797000,33.64,17.82,23.04,27.34,30.14
1798000,32.81,17.67,22.99,27.29,30.82
1799000,33.17,17.97,22.74,27.32,31.13
1800000,33.42,18.09,22.76,27.88,31.41
1801000,34.34,18.42,23.08,27.73,31.81
1802000,35.25,18.54,22.8,27.66,32.6
1803000,34.89,18.76,23.08,28.4,32.47
1804000,34.71,19.38,23.1,28.77,31.42
1805000,34.9,19.84,23.36,29.13,31.46
1806000,33.58,19.98,22.83,29.32,31.67
1807000,34.11,20.1,22.58,29.35,30.94
1808000,34.72,20.01,21.47,30.37,31.43
1809000,33.84,20.52,21.11,30.58,31.22
1810000,33.25,20.57,21.19,30.55,31.52
1811000,32.4,20.56,21.4,30.97,31.56
1812000,31.92,20.57,21.4,29.24,31.19
1813000,32.48,21.05,21.12,28.21,31.34
1814000,32.5,21.2,20.8,28.07,31.01
1815000,32.27,21.41,20.84,27.96,31.16
1816000,31.41,21.11,20.87,28.14,31.63
1817000,31.01,20.86,20.89,28.82,32.18
1818000,30.92,20.58,20.88,28.36,31.45
1819000,30.56,19.99,20.71,27.97,30.7
1820000,31.04,19.88,20.69,28.24,30.98
1821000,31.07,20.02,21.03,28.31,30.51
1822000,31.02,19.74,20.9,27.93,30.74
1823000,30.63,19.67,20.94,27.18,30.53
1824000,30.56,19.19,20.94,27.07,30.34
1825000,29.51,18.68,20.85,26.43,29.68
1826000,29.23,18.35,20.29,26.75,29.39
1827000,29.9,17.75,19.91,27.46,29.9
1828000,30.63,17.62,20.16,27.32,29.76
1829000,30.45,17.38,20.13,27.26,29.97
1830000,30.74,17.38,20.28,26.95,29.42
1831000,30.87,16.99,20.49,27.05,30.26
1832000,30.27,17.13,20.26,26.51,30.59
1833000,30.94,17.1,20.07,26.32,30.21
1834000,30.75,17.38,20.21,26.76,30.7
1835000,30.69,17.62,20.34,26.99,30.42
1836000,30.93,18.07,20.52,26.77,30.3
1837000,31.1,18.11,20.65,26.83,30.36
1838000,31.41,18.23,20.63,26.62,30.9
1839000,30.86,18.55,20.21,27.1,30.95
1840000,30.84,17.99,20.01,26.97,30.94
1841000,31.22,18.18,19.97,26.78,30.49
1842000,30.53,18.29,19.37,26.23,29.78
1843000,31.25,18.54,19.44,25.77,30.17
1844000,30.64,18.7,19.08,26.39,29.62
1845000,31.48,18.95,19.14,26.95,29.73
1846000,31.81,19.13,19.42,26.8,30.03
1847000,32.55,19.19,19.69,27.08,29.89
1848000,32.47,19.43,20.14,27.48,29.82
1849000,32.59,19.5,20.29,26.9,30.01
1850000,31.37,20.04,20.75,26.33,29.95
1851000,31.63,19.48,20.91,26.5,29.06
1852000,30.82,19.84,20.78,26.12,29.14
1853000,31.33,19.84,21.03,25.4,29.54
1854000,31.4,20.06,21.06,26.12,29.32
1855000,31.45,19.63,21.34,26.16,28.98
1856000,31.21,19.22,21.29,26.34,29.08
1857000,31.77,19.38,20.99,27.09,29.33
1858000,31.84,19.39,21.18,27.16,29.78
1859000,32.31,18.85,21.06,27.53,29.62
1860000,32.65,19.08,20.9,27.97,29.54
1861000,32.67,18.86,20.96,28.5,29.41
1862000,32.64,19.27,21.15,27.64,29.34
1863000,31.3,18.99,22.13,28.26,28.7
1864000,30.61,19.09,22.27,27.64,28.34
1865000,30.19,19.13,22.65,27.87,28.04
1866000,30.6,19.4,22.65,27.13,28.36
1867000,30.85,19.74,22.8,26.85,28.68
1868000,30.24,19.52,22.99,26.65,28.99
1869000,29.73,19.49,22.82,27.17,30.01
1870000,29.75,19.27,22.94,26.91,29.64
1871000,29.31,19.67,23.07,27.13,29.16
1872000,28.84,19.66,22.55,27.29,29.42
1873000,29.63,19.41,22.67,27.63,29.02
1874000,30.95,19.54,22.63,27.52,29.27
1875000,31.43,19.78,22.68,28.23,29.83
1876000,30.83,20.07,22.76,28.17,29.59
1877000,30.99,20.3,22.59,27.95,29.87
1878000,30.87,20.23,22.52,28.55,30.11
1879000,30.63,20.32,22.54,28.8,31.03
1880000,31.01,20.56,22.91,28.31,30.68
1881000,30.76,20.87,22.86,27.8,30.78
1882000,31.9,20.87,22.67,27.39,30.08
1883000,32.14,20.86,22.35,27.47,29.81
1884000,32.07,20.95,22.32,27.18,29.53
1885000,32.03,20.67,21.63,27.4,29.82
1886000,31.76,20.49,21.08,27.45,29.82
1887000,32.07,19.49,21.32,27.86,29.97
1888000,32.67,19.6,20.85,27.46,29.96
1889000,32.75,20.04,20.97,27.72,30.45
1890000,33.28,19.77,20.96,27.81,30.26
1891000,33.69,19.94,20.97,28.17,29.15
1892000,33.96,19.96,20.45,27.97,28.45
1893000,33.23,20.02,20.39,28.11,29.15
1894000,34.35,19.79,20.36,27.84,29.43
1895000,35.11,19.62,20.19,27.35,29.54
1896000,35.01,19.86,20.39,27.11,29.65
1897000,34.33,20.04,20.02,27.56,29.57
1898000,34.51,19.99,19.88,27.39,30.2
1899000,35.13,19.85,20.23,27.71,29.84
1900000,33.8,20.52,19.78,27.8,29.36
1901000,34.0,20.22,19.67,27.57,28.94
1902000,33.81,20.55,19.76,26.72,27.1
1903000,33.82,20.11,19.94,26.61,27.51
1904000,33.65,20.31,20.38,26.84,27.47
1905000,33.65,19.88,20.77,27.2,27.6
1906000,35.49,20.24,20.57,26.65,26.7
1907000,35.56,20.6,20.57,26.15,26.1
1908000,35.36,21.13,20.95,26.34,25.61
1909000,35.13,20.61,21.28,26.08,26.17
1910000,33.7,21.0,21.64,27.09,25.85
1911000,33.75,20.81,22.0,27.69,25.34
1912000,34.62,20.61,21.82,27.2,26.66
1913000,34.99,20.33,21.74,27.82,26.62
1914000,35.71,20.59,21.9,27.97,25.18
1915000,35.67,20.9,21.99,28.76,25.19
1916000,35.05,20.88,22.19,29.19,25.61
1917000,34.83,21.11,22.67,28.68,25.45
1918000,34.38,21.04,22.69,28.62,24.78
1919000,33.75,20.86,22.3,28.95,24.67
1920000,34.21,21.07,22.11,28.9,25.33
1921000,33.21,20.31,22.24,29.1,24.86
1922000,33.71,20.62,22.6,29.24,25.01
1923000,33.28,20.62,22.22,29.07,25.0
1924000,33.83,20.72,22.36,29.36,24.3
1925000,33.57,20.58,22.3,29.56,23.94
1926000,33.33,20.94,22.3,30.25,24.88
1927000,33.95,21.18,22.78,30.48,25.45
1928000,33.64,20.76,22.64,30.32,25.87
1929000,32.94,20.83,22.93,30.43,26.61
1930000,32.37,20.62,23.4,29.57,26.17
1931000,31.25,20.24,23.59,30.19,27.01
1932000,31.41,20.43,23.39,30.22,27.15
1933000,31.43,20.38,23.42,30.2,27.55
1934000,31.66,20.29,22.93,30.67,26.32
1935000,32.1,20.09,23.11,31.07,26.44
1936000,32.44,20.11,23.53,30.57,26.45
1937000,31.03,20.27,23.75,30.04,26.5
1938000,30.34,19.9,23.67,30.63,26.3
1939000,30.01,20.03,23.79,30.53,26.72
1940000,30.35,19.5,23.69,29.85,26.74
1941000,30.88,18.83,23.86,30.47,27.12
1942000,30.81,18.82,23.69,30.32,26.55
1943000,31.43,18.86,23.74,31.0,27.11
1944000,31.87,18.35,23.77,31.47,26.51
1945000,31.66,18.35,23.82,32.17,26.68
1946000,31.31,19.03,23.7,30.84,27.21
1947000,30.82,18.78,23.71,30.24,27.78
1948000,31.32,18.8,24.06,30.68,27.79
1949000,31.19,19.07,24.13,30.84,27.33
1950000,31.28,18.96,23.97,30.21,27.53
1951000,30.62,19.1,23.2,29.5,27.49
1952000,29.91,19.12,23.26,30.26,27.97
1953000,30.0,19.12,23.75,30.29,28.2
1954000,29.53,19.33,23.07,30.86,28.02
1955000,29.7,19.2,22.84,31.33,28.08
1956000,29.59,18.73,22.48,31.94,28.33
1957000,29.63,18.82,22.33,31.76,28.59
1958000,29.83,19.31,22.45,30.93,29.03
1959000,29.07,19.38,22.42,31.53,29.58
1960000,28.7,19.21,22.55,31.49,29.8
1961000,28.14,19.56,22.84,31.18,30.11
1962000,28.04,19.46,23.08,31.38,30.34
1963000,27.83,20.03,22.55,31.72,29.6
1964000,27.7,20.13,22.81,30.93,30.08
1965000,26.8,20.44,22.66,30.54,29.95
1966000,26.35,20.21,22.9,29.9,30.36
1967000,26.94,20.15,23.31,29.68,30.27
1968000,27.33,19.94,23.28,29.61,30.46
1969000,27.27,19.94,23.22,29.23,30.74
1970000,27.14,20.16,23.31,29.39,31.2
1971000,27.28,20.26,22.88,29.5,31.72
1972000,27.43,20.22,23.16,29.13,30.94
1973000,27.03,19.99,23.2,28.96,31.04
1974000,26.87,19.77,23.26,29.13,31.21
1975000,27.16,19.72,23.4,28.94,31.04
1976000,26.72,20.19,22.89,29.07,31.64
1977000,26.8,19.8,23.32,28.17,31.62
1978000,27.35,19.67,23.73,28.41,31.81
1979000,27.09,19.92,23.63,28.68,32.05
1980000,27.24,19.63,23.85,28.74,31.28
1981000,27.44,20.09,23.74,29.12,31.16
1982000,28.42,20.15,24.11,29.75,30.66
1983000,29.02,19.79,24.15,30.5,29.81
1984000,29.02,19.77,23.79,29.68,30.1
1985000,30.58,19.18,23.38,29.48,29.26
1986000,30.91,18.93,23.22,29.81,29.79
1987000,31.85,18.9,22.7,29.44,29.56
1988000,31.6,18.73,22.74,29.84,29.27
1989000,31.42,18.14,23.23,29.91,29.18
1990000,31.61,17.89,22.64,29.7,29.65
1991000,31.79,18.2,22.47,30.19,29.32
1992000,31.38,17.99,22.64,30.19,29.35
1993000,31.68,18.13,22.99,30.14,29.66
1994000,31.14,18.64,22.47,30.14,29.21
1995000,31.21,18.4,22.62,30.02,28.97
1996000,32.18,18.6,22.57,30.03,29.31
1997000,32.87,18.12,22.61,30.03,29.2
1998000,33.2,18.41,22.74,30.4,28.62
1999000,33.97,18.71,22.38,30.13,27.91
2000000,34.5,18.67,22.75,29.4,27.72
2001000,35.24,18.68,22.85,30.06,27.73
2002000,34.02,18.6,22.63,30.78,26.6
2003000,33.88,18.67,22.75,30.98,27.49
2004000,33.76,18.56,22.7,31.29,27.25
2005000,34.13,18.62,22.43,30.25,27.86
2006000,33.99,18.57,22.67,30.49,28.04
2007000,34.04,18.66,22.62,31.07,27.92
2008000,33.12,18.92,22.67,31.1,28.14
2009000,33.2,19.13,21.94,30.34,28.53
2010000,33.37,19.74,22.59,29.87,28.26
2011000,32.43,19.26,23.0,28.43,28.26
2012000,31.49,19.48,22.77,28.3,28.3
2013000,31.8,19.46,22.64,28.45,28.76
2014000,31.56,19.05,22.2,27.78,28.38
2015000,32.01,19.28,22.54,26.59,29.24
2016000,32.65,19.18,22.39,27.16,29.5
2017000,33.43,19.2,22.09,27.16,29.61
2018000,33.3,18.94,22.0,27.77,29.02
2019000,32.75,18.9,22.16,28.66,29.99
2020000,32.76,18.74,22.23,28.52,30.2
2021000,32.79,18.55,22.41,28.53,30.71
2022000,33.61,18.4,22.77,28.77,31.0
2023000,31.64,18.28,22.43,29.32,30.98
2024000,31.04,18.61,22.61,29.55,31.29
2025000,30.74,18.67,22.58,29.82,31.65
2026000,31.21,18.99,21.67,28.73,31.73
2027000,31.65,19.01,21.88,28.52,32.39
2028000,32.36,18.91,21.69,28.69,32.84
2029000,32.47,18.64,22.42,28.65,32.93
2030000,31.77,18.64,22.33,28.08,33.37
2031000,31.58,18.69,22.32,28.39,33.62
2032000,32.04,18.43,22.58,28.64,33.68
2033000,32.58,18.69,22.49,28.54,33.1
2034000,32.89,18.83,22.65,29.0,33.58
2035000,33.63,19.08,23.02,29.35,34.7
2036000,34.03,19.22,22.58,29.76,34.48
2037000,33.9,19.23,22.65,30.4,34.94
2038000,33.45,19.57,22.9,30.48,34.89
2039000,32.56,19.57,23.06,30.56,35.31
2040000,33.17,19.81,23.11,31.09,35.7
2041000,33.45,20.36,22.55,31.3,35.94
2042000,33.13,20.26,22.68,31.67,35.09
2043000,32.43,20.95,22.81,31.38,35.33
2044000,32.77,20.91,22.4,30.58,34.07
2045000,32.81,21.01,22.32,30.35,33.31
2046000,32.98,20.9,22.08,30.53,33.02
2047000,34.15,20.77,22.46,31.27,33.3
2048000,32.13,20.86,22.75,31.08,32.55
2049000,33.38,20.31,23.3,30.96,32.43
2050000,33.49,19.98,22.35,30.95,32.97
2051000,33.97,20.08,22.47,31.01,32.69
2052000,35.07,20.31,21.16,30.71,32.39
2053000,35.13,20.36,20.69,29.46,30.95
2054000,35.29,20.48,21.21,29.6,31.63
2055000,34.87,20.82,20.82,30.0,32.16
2056000,34.62,20.25,20.84,30.3,30.88
2057000,35.04,20.38,20.29,30.24,30.92
2058000,35.74,20.34,20.08,31.04,31.0
2059000,35.93,20.54,20.27,30.58,30.87
2060000,35.66,20.62,20.76,31.04,29.66
2061000,34.58,20.72,20.8,31.29,29.4
2062000,34.43,20.5,20.98,31.24,29.48
2063000,34.23,20.59,21.12,30.8,29.95
2064000,33.36,19.99,21.58,31.5,28.98
2065000,33.61,19.59,21.78,31.51,28.97
2066000,34.19,19.44,21.63,31.69,29.8
2067000,34.14,19.54,22.16,31.67,29.21
2068000,35.27,19.67,21.98,31.91,29.47
2069000,34.63,20.25,22.01,31.35,29.91
2070000,34.76,20.78,21.58,31.4,30.41
2071000,35.32,20.68,21.63,31.19,30.47
2072000,34.98,20.32,21.64,31.17,30.23
2073000,35.92,19.96,22.21,30.11,30.11
2074000,36.47,20.38,23.02,28.9,29.55
2075000,36.07,20.03,22.76,29.35,29.66
2076000,35.97,20.34,23.48,29.22,29.62
2077000,36.4,19.96,23.83,29.34,30.23
2078000,35.58,19.34,24.64,30.02,29.99
2079000,36.45,19.2,23.81,29.84,29.17
2080000,35.55,19.38,23.83,29.62,29.94
2081000,35.65,19.42,24.24,30.29,30.47
2082000,35.96,19.73,24.6,29.85,30.47
2083000,37.0,19.56,24.8,29.64,30.73
2084000,37.44,19.68,24.77,29.29,30.54
2085000,37.87,19.96,24.7,28.61,30.04
2086000,38.87,19.56,24.15,28.74,29.61
2087000,38.17,19.35,24.41,28.92,29.69
2088000,37.97,19.19,24.69,28.12,29.94
2089000,38.51,19.12,24.6,27.96,29.54
2090000,38.48,19.2,24.64,27.98,29.72
2091000,38.87,18.63,24.75,28.06,30.0
2092000,39.26,18.59,24.78,28.12,29.74
2093000,39.62,18.24,24.96,28.11,30.06
2094000,40.47,18.36,25.12,28.75,29.87
2095000,41.01,18.32,25.29,29.09,29.95
2096000,40.92,18.07,25.24,29.43,29.63
2097000,39.84,18.41,25.18,29.28,29.52
2098000,38.45,17.99,25.17,29.32,29.93
2099000,38.36,17.95,25.03,29.8,29.98
2100000,37.59,17.76,24.87,29.51,30.26
2101000,37.59,17.43,24.76,29.95,30.55
2102000,36.32,17.58,25.11,30.13,30.38
2103000,36.48,17.17,25.22,29.68,30.58
2104000,36.56,17.39,25.23,30.11,30.3
2105000,36.56,17.43,25.0,30.57,30.0
2106000,36.27,17.79,25.29,29.37,30.16
2107000,34.73,18.12,24.54,29.67,30.37
2108000,34.59,18.17,23.93,29.4,30.39
2109000,33.22,18.29,24.05,29.47,30.22
2110000,33.13,18.21,24.08,29.93,30.92
2111000,32.15,18.11,24.01,30.39,31.75
2112000,32.43,17.94,23.73,30.52,32.07
2113000,33.17,17.58,23.72,30.69,32.01
2114000,34.24,18.13,24.28,30.96,32.18
2115000,33.31,18.08,23.89,30.23,32.37
2116000,33.36,18.51,23.96,30.32,32.45
2117000,32.67,18.61,24.19,30.68,32.21
2118000,32.2,18.61,24.19,29.6,32.05
2119000,32.82,18.7,23.98,28.99,31.24
2120000,32.04,18.75,23.84,29.19,31.16
2121000,32.12,18.34,23.86,28.95,30.73
2122000,32.34,18.03,23.85,29.52,29.71
2123000,32.85,18.2,24.41,29.9,29.64
2124000,33.12,18.26,24.07,29.83,28.34
2125000,33.24,18.27,24.49,30.1,28.31
2126000,32.87,18.36,24.55,29.62,28.02
2127000,32.5,18.58,24.22,29.4,27.59
2128000,33.26,18.85,23.81,29.66,27.46
2129000,33.98,18.99,23.31,29.64,26.88
2130000,33.78,18.94,23.64,29.56,27.07
2131000,33.76,18.89,24.12,29.79,27.37
2132000,33.15,19.0,24.3,29.82,27.26
2133000,33.64,18.73,24.64,30.13,26.56
2134000,34.48,18.38,25.21,30.14,26.29
2135000,34.96,18.36,24.83,29.83,26.78
2136000,36.2,18.07,24.85,29.51,26.55
2137000,35.56,18.37,25.27,29.49,26.54
2138000,36.4,18.84,25.45,29.29,26.93
2139000,36.28,18.61,25.48,29.41,26.56
2140000,36.29,18.64,25.38,29.46,26.66
2141000,34.27,18.45,25.86,29.12,26.16
2142000,34.53,18.8,25.49,29.66,26.54
2143000,34.55,18.6,25.16,29.88,27.36
2144000,34.77,18.83,25.07,30.39,27.62
2145000,34.67,18.7,24.5,30.79,27.65
2146000,35.64,18.28,24.14,31.0,28.03
2147000,34.83,18.59,24.51,30.39,27.97
2148000,35.19,18.69,24.64,29.35,27.69
2149000,35.02,18.7,24.16,29.33,27.44
2150000,34.63,18.98,24.05,29.26,27.24
2151000,34.94,18.85,24.18,29.61,27.48
2152000,34.64,18.64,24.43,29.35,27.27
2153000,35.44,19.11,24.38,28.79,26.13
2154000,36.14,19.6,24.36,29.6,25.94
2155000,36.02,19.49,24.46,29.62,25.51
2156000,35.66,19.36,25.04,29.56,25.78
2157000,35.96,19.4,24.57,29.44,25.25
2158000,36.49,19.28,25.09,29.41,24.75
2159000,36.95,18.96,25.23,29.01,25.76
2160000,37.6,18.62,25.55,29.55,26.16
2161000,37.93,18.21,25.18,29.0,26.72
2162000,36.69,18.15,25.1,28.6,27.17
2163000,35.74,18.51,24.94,29.4,27.8
2164000,35.93,18.54,25.14,29.84,27.71
2165000,35.83,18.44,25.06,29.34,28.11
2166000,34.69,18.32,24.62,29.65,27.35
2167000,34.49,18.18,24.81,29.97,27.45
2168000,34.57,18.22,24.77,30.1,27.85
2169000,34.5,18.73,25.13,28.74,28.42
2170000,33.89,19.08,25.2,28.76,28.22
2171000,33.74,18.96,25.65,28.99,28.47
2172000,31.44,19.22,25.43,29.1,29.06
2173000,31.11,19.37,24.96,29.13,29.15
2174000,31.05,19.66,24.92,30.03,29.25
2175000,30.09,19.69,25.25,29.84,29.37
2176000,29.91,19.57,25.05,29.93,29.31
2177000,28.79,19.81,25.33,30.42,29.68
2178000,28.86,20.13,25.24,30.69,29.65
2179000,27.22,20.02,24.24,30.14,29.22
2180000,25.43,19.63,24.39,30.22,28.91
2181000,24.46,19.9,24.48,30.16,28.65
2182000,24.83,20.07,24.74,30.09,28.48
2183000,24.32,19.87,24.95,30.07,28.14
2184000,24.17,19.8,25.02,30.12,28.01
2185000,24.2,20.04,24.99,30.0,27.72
2186000,24.04,19.9,25.58,30.24,27.06
2187000,25.02,20.03,25.73,30.52,27.29
2188000,24.7,19.84,25.7,31.01,27.63
2189000,25.5,19.33,25.59,30.15,27.82
2190000,26.12,19.62,25.86,30.07,28.17
2191000,26.59,19.56,25.5,30.11,27.86
2192000,26.93,19.23,26.24,29.4,27.4
2193000,27.44,19.2,25.93,29.48,26.71
2194000,27.48,19.59,26.01,28.96,27.61
2195000,27.99,19.86,25.79,29.06,28.12
2196000,28.23,19.59,25.5,29.59,28.45
2197000,28.59,19.42,25.58,30.08,28.45
2198000,28.92,19.71,25.58,30.26,29.14
2199000,29.89,19.87,25.6,29.46,29.35
2200000,30.14,19.89,25.53,29.28,29.6
2201000,30.47,19.61,25.78,30.38,29.53
2202000,31.21,19.87,25.67,29.86,29.57
2203000,31.46,20.01,25.44,29.55,29.06
2204000,31.76,19.99,25.45,30.14,29.57
2205000,32.71,19.88,25.24,30.63,29.86
2206000,32.67,20.04,24.66,31.27,29.37
2207000,32.25,19.72,24.39,31.68,29.04
2208000,32.36,20.08,24.31,31.3,29.83
2209000,33.02,20.05,24.25,31.55,29.75
2210000,31.77,20.26,23.94,31.39,30.03
2211000,32.74,20.41,24.06,31.58,29.96
2212000,31.96,20.22,24.28,31.54,30.12
2213000,32.3,19.96,24.32,31.75,29.93
2214000,31.57,20.0,24.34,32.17,29.94
2215000,31.81,20.15,24.83,32.35,28.56
2216000,31.83,20.31,23.88,32.39,27.66
2217000,31.95,20.37,24.1,32.69,26.61
2218000,32.64,20.6,24.15,33.05,27.03
2219000,32.21,20.29,24.66,33.54,26.81
2220000,33.32,20.63,24.64,33.03,26.08
2221000,32.54,20.92,24.7,33.6,26.87
2222000,33.32,20.58,24.52,33.84,27.33
2223000,33.26,20.58,24.61,34.75,27.23
2224000,33.94,20.71,25.07,35.3,27.22
2225000,34.37,20.49,25.52,34.99,27.46
2226000,33.3,20.49,24.82,35.68,27.57
2227000,33.07,20.53,24.84,35.54,27.85
2228000,32.36,20.62,25.04,35.74,28.36
2229000,32.72,20.29,25.39,36.29,28.21
2230000,31.85,20.05,25.45,36.12,27.97
2231000,32.69,20.42,25.41,36.38,28.19
2232000,32.74,20.61,25.27,36.4,28.23
2233000,32.48,20.73,25.04,35.72,28.37
2234000,32.94,20.54,25.16,35.67,28.18
2235000,33.28,20.76,25.3,36.11,28.11
2236000,32.99,21.03,25.17,34.62,28.04
2237000,32.57,21.6,25.3,35.11,28.25
2238000,32.47,21.58,25.01,34.81,28.5
2239000,32.3,21.75,25.1,35.55,29.33
2240000,32.89,21.59,25.32,35.6,29.31
2241000,31.9,21.5,25.53,35.71,29.39
2242000,32.06,21.02,25.48,36.38,29.12
2243000,32.51,21.1,24.56,36.8,29.1
2244000,32.03,21.33,24.65,36.47,28.34
2245000,32.61,21.26,24.97,36.27,28.39
2246000,31.35,21.15,24.75,36.02,29.2
2247000,32.52,21.57,25.35,37.13,29.6
2248000,32.28,21.29,25.16,37.01,29.89
2249000,32.58,21.58,24.69,35.98,30.41
2250000,32.16,21.79,24.39,35.91,30.17
2251000,32.14,21.72,25.09,35.74,29.93
2252000,32.49,21.88,25.35,36.01,29.93
2253000,32.15,21.6,25.26,35.65,30.23
2254000,32.59,21.66,24.95,35.48,30.06
2255000,33.49,20.59,24.75,35.59,29.9
2256000,33.59,19.54,24.97,34.4,28.96
2257000,32.81,19.77,25.12,35.03,28.95
2258000,33.9,20.14,25.17,34.98,29.34
2259000,34.29,20.23,25.24,34.82,29.57
2260000,34.24,20.35,25.52,35.23,29.88
2261000,34.15,19.86,25.82,35.9,29.63
2262000,34.14,19.8,25.54,35.45,29.08
2263000,33.99,19.37,25.56,36.28,29.15
2264000,34.15,19.44,25.13,36.27,28.99
2265000,33.67,19.84,25.38,36.84,28.94
2266000,34.48,20.16,25.55,36.16,29.03
2267000,35.09,19.95,25.52,36.7,29.32
2268000,35.5,19.76,25.43,37.04,28.69
2269000,34.01,19.5,25.53,37.5,27.96
2270000,33.8,18.62,25.56,37.69,27.82
2271000,33.34,18.67,25.54,36.91,27.85
2272000,32.72,19.2,25.73,37.08,27.33
2273000,32.41,19.58,25.74,37.05,27.28
2274000,31.88,19.65,25.81,36.66,27.5
2275000,31.52,19.4,25.5,36.69,27.16
2276000,31.56,18.83,25.17,38.02,27.11
2277000,31.85,18.49,25.34,37.77,27.16
2278000,30.8,19.05,25.84,38.12,27.59
2279000,29.88,19.0,25.72,37.9,27.11
2280000,29.45,19.06,25.78,37.1,26.93
2281000,30.18,19.13,26.29,37.62,26.09
2282000,29.76,18.86,25.75,37.55,26.22
2283000,28.79,18.86,25.35,38.47,25.6
2284000,29.56,18.35,24.87,38.99,25.72
2285000,29.62,18.29,24.95,39.11,25.83
2286000,30.13,18.25,24.51,39.06,25.09
2287000,30.77,18.4,24.95,38.95,25.16
2288000,30.87,17.73,25.04,39.14,25.53
2289000,31.37,17.48,25.04,39.08,25.59
2290000,30.59,17.8,25.03,38.57,26.26
2291000,30.52,17.81,25.63,38.34,26.07
2292000,30.91,18.09,25.64,37.9,25.96
2293000,31.52,17.74,25.61,37.45,26.31
2294000,31.89,17.59,25.8,37.31,25.8
2295000,32.58,18.06,26.37,37.67,26.02
2296000,32.24,17.92,26.69,37.77,26.43
2297000,32.77,17.97,26.79,37.58,26.33
2298000,32.74,17.79,26.14,38.47,26.42
2299000,33.2,17.76,25.56,37.66,26.03
2300000,33.38,18.12,26.0,37.43,26.89
2301000,34.42,18.12,26.31,38.16,26.27
2302000,33.89,18.32,26.67,37.74,26.33
2303000,34.02,18.29,26.69,38.09,26.49
2304000,34.88,18.89,26.41,37.57,26.95
2305000,35.51,19.07,26.51,36.36,27.33
2306000,35.75,18.96,26.83,34.48,26.46
2307000,36.14,19.2,27.12,33.0,27.13
2308000,36.47,19.06,27.48,33.55,27.25
2309000,35.96,19.42,27.57,33.09,27.17
2310000,35.91,19.59,27.91,31.96,27.53
2311000,36.36,19.56,28.1,30.47,26.51
2312000,36.85,19.94,28.21,29.89,26.63
2313000,36.15,19.51,27.79,29.83,26.84
2314000,36.13,18.98,28.03,29.32,26.61
2315000,36.46,18.87,27.95,28.28,26.32
2316000,36.59,19.54,28.24,27.3,25.49
2317000,36.58,19.05,28.08,26.04,25.71
2318000,36.16,18.79,27.67,25.75,25.99
2319000,33.81,19.25,27.51,25.57,25.74
2320000,32.31,18.72,27.61,25.03,25.73
2321000,31.92,19.1,27.73,23.74,25.75
2322000,32.32,18.6,27.85,23.28,26.7
2323000,32.12,18.19,27.51,22.68,26.82
2324000,32.68,18.54,27.44,23.19,26.92
2325000,33.46,18.61,27.81,23.29,27.64
2326000,33.73,18.32,28.42,23.17,27.28
2327000,33.91,18.33,29.02,24.15,27.35
2328000,34.7,18.55,29.23,24.43,27.3
2329000,34.46,17.85,29.32,24.41,27.34
2330000,34.95,18.15,28.72,24.84,26.98
2331000,35.1,18.51,28.39,24.99,26.39
2332000,34.71,18.69,28.45,24.79,26.62
2333000,34.19,18.6,28.87,25.29,26.41
2334000,34.88,18.47,28.84,25.08,26.87
2335000,35.64,18.95,28.53,25.04,26.89
2336000,35.79,19.06,28.03,25.55,26.31
2337000,36.01,18.4,28.04,25.85,26.05
2338000,36.78,18.24,27.84,25.89,25.94
2339000,37.04,18.31,27.82,25.44,25.57
2340000,38.15,18.71,27.77,25.16,24.95
2341000,37.24,18.96,27.67,25.22,24.38
2342000,36.25,19.06,28.12,25.28,24.17
2343000,36.0,18.64,28.11,25.13,23.7
2344000,34.5,18.62,28.03,25.18,23.77
2345000,34.61,18.74,27.83,25.59,23.55
2346000,35.73,18.57,27.9,26.18,23.69
2347000,36.5,19.27,27.6,26.37,23.51
2348000,36.96,19.74,27.43,26.53,24.14
2349000,38.03,19.52,27.7,25.64,24.34
2350000,38.05,19.83,27.35,25.91,23.42
2351000,38.72,20.13,27.33,25.75,23.48
2352000,38.85,19.36,27.19,25.67,23.2
2353000,39.06,19.22,27.21,25.95,23.08
2354000,38.6,19.27,27.08,25.35,23.48
2355000,37.81,19.44,27.46,25.63,24.41
2356000,37.23,19.49,27.88,25.67,24.58
2357000,37.74,19.61,28.07,25.74,24.86
2358000,36.49,19.35,27.98,25.94,25.66
2359000,36.52,19.76,27.9,26.28,26.0
2360000,35.71,19.93,27.88,26.25,26.17
2361000,35.68,20.01,27.51,26.06,26.18
2362000,35.41,20.37,26.92,26.26,26.4
2363000,34.57,20.28,26.89,26.29,27.06
2364000,35.04,20.56,26.93,26.95,27.06
2365000,34.71,20.49,26.61,26.42,27.57
2366000,34.17,20.73,26.58,26.49,27.97
2367000,33.04,20.51,25.86,24.75,27.95
2368000,33.63,19.79,25.76,24.67,28.15
2369000,34.04,19.17,25.39,24.63,28.33
2370000,34.17,19.45,25.5,24.43,27.72
2371000,35.12,19.6,25.24,24.19,27.63
2372000,36.41,19.7,25.75,24.18,28.06
2373000,36.63,19.62,25.51,24.16,28.83
2374000,35.96,19.74,25.33,23.99,29.29
2375000,36.01,19.78,24.79,24.62,29.85
2376000,36.4,19.04,24.78,24.12,30.06
2377000,35.59,19.1,24.73,23.92,29.45
2378000,35.67,18.9,24.42,24.14,28.14
2379000,35.26,19.16,23.87,23.64,28.24
2380000,34.65,19.29,23.51,23.43,27.24
2381000,34.24,19.42,23.36,23.82,26.81
2382000,34.47,19.01,22.9,23.45,26.69
2383000,34.9,18.85,22.9,23.53,26.17
2384000,34.83,19.23,22.98,23.45,25.72
2385000,35.4,19.82,23.11,23.29,26.58
2386000,36.2,19.48,23.06,24.14,25.62
2387000,35.97,19.47,23.44,23.81,25.48
2388000,35.6,18.97,24.02,24.25,25.52
2389000,35.26,18.85,23.74,24.45,25.99
2390000,35.31,18.84,23.82,24.78,26.13
2391000,35.73,19.11,23.1,25.2,26.68
2392000,36.34,19.29,23.28,25.36,26.74
2393000,36.51,19.57,23.33,25.2,26.73
2394000,36.2,19.18,23.15,25.78,25.69
2395000,35.65,19.64,22.98,25.12,25.33
2396000,36.45,19.03,22.56,25.59,24.86
2397000,36.69,19.03,22.53,25.89,25.52
2398000,37.02,19.05,22.74,25.49,25.52
2399000,37.52,19.46,22.86,25.63,26.21
2400000,36.32,19.54,22.9,26.13,26.81
2401000,37.07,19.38,22.86,26.27,26.94
2402000,37.0,19.28,23.11,25.88,27.64
2403000,36.76,19.92,23.12,25.78,27.72
2404000,37.42,20.1,23.41,25.65,28.15
2405000,36.53,20.06,23.3,25.49,28.29
2406000,37.49,20.15,23.47,25.84,28.73
2407000,38.2,20.38,23.66,26.55,28.3
2408000,37.31,20.23,24.35,26.85,27.95
2409000,37.85,19.38,24.63,27.43,27.95
2410000,37.48,19.72,24.91,27.41,27.21
2411000,38.72,19.66,25.13,27.21,27.53
2412000,38.43,19.05,25.67,27.18,27.15
2413000,38.05,19.02,24.64,26.58,26.76
2414000,37.73,18.73,24.78,27.05,26.79
2415000,37.23,18.76,25.3,27.15,26.53
2416000,37.17,18.27,24.88,26.97,26.63
2417000,37.57,18.3,25.57,26.84,26.85
2418000,37.74,17.76,25.57,26.59,27.02
2419000,38.35,17.88,25.96,26.91,27.07
2420000,37.83,17.59,25.85,27.2,26.51
2421000,37.7,17.45,25.74,27.6,26.1
2422000,37.88,17.35,25.83,27.63,26.03
2423000,38.34,17.57,26.45,27.46,26.35
2424000,38.52,17.32,26.63,27.98,25.89
2425000,39.03,16.9,26.92,28.17,25.74
2426000,38.5,17.2,26.55,28.24,25.18
2427000,37.16,17.4,26.52,27.86,25.78
2428000,36.35,17.77,26.12,26.97,25.94
2429000,36.99,17.5,25.94,26.55,26.44
2430000,36.52,17.99,25.61,26.46,26.64
2431000,36.35,17.97,25.8,26.31,26.61
2432000,36.58,18.32,26.27,26.62,26.08
2433000,36.56,18.43,26.19,26.64,25.48
2434000,37.53,18.59,25.78,27.08,25.92
2435000,37.56,18.53,25.33,26.7,26.45
2436000,36.59,18.44,25.75,26.42,26.29
2437000,36.97,18.95,25.3,26.56,26.68
2438000,36.87,19.34,25.15,26.71,26.95
2439000,37.68,19.12,25.61,26.24,26.55
2440000,35.83,19.31,26.31,26.16,27.13
2441000,36.74,19.6,25.65,26.51,27.59
2442000,37.05,19.66,26.14,26.66,27.88
2443000,37.08,20.19,25.67,26.62,27.45
2444000,37.32,19.95,24.94,26.59,27.23
2445000,37.87,19.35,24.61,26.41,26.88
2446000,36.75,18.97,24.01,26.85,26.62
2447000,36.31,19.58,24.25,27.02,26.16
2448000,36.77,19.58,24.73,27.03,25.68
2449000,36.33,19.33,24.79,27.64,25.06
2450000,35.59,19.36,24.54,27.55,25.16
2451000,35.11,19.6,24.9,27.98,25.08
2452000,35.8,20.1,24.88,28.13,25.08
2453000,36.03,20.3,24.95,28.12,24.74
2454000,36.48,19.46,25.49,28.33,24.67
2455000,36.68,19.24,25.78,27.04,24.88
2456000,37.37,19.06,25.69,26.96,24.58
2457000,38.61,19.07,25.61,26.56,24.17
2458000,38.95,19.22,25.78,26.08,24.84
2459000,37.29,19.14,26.12,25.9,24.96
2460000,37.52,19.08,26.35,26.19,24.22
2461000,37.15,19.11,25.8,26.18,23.93
2462000,37.29,19.43,26.18,26.16,23.89
2463000,36.0,19.29,26.67,26.1,23.96
2464000,36.48,19.08,25.54,26.16,24.21
2465000,37.22,18.95,25.32,26.9,24.23
2466000,37.85,18.6,25.82,27.28,24.4
2467000,37.89,18.0,24.55,26.42,24.23
2468000,38.21,18.23,24.4,26.02,24.64
2469000,38.71,18.42,24.81,25.97,24.47
2470000,38.61,19.14,25.19,25.69,24.97
2471000,37.28,19.78,24.53,25.73,25.58
2472000,37.21,19.63,23.91,25.06,26.11
2473000,37.03,19.59,23.45,24.8,26.4
2474000,36.55,19.27,23.32,24.79,26.75
2475000,37.03,19.72,22.16,25.27,26.24
2476000,37.76,19.69,22.1,25.44,26.42
2477000,37.13,19.78,22.32,25.3,26.21
2478000,36.55,19.83,22.31,26.39,25.34
2479000,36.68,19.87,22.08,26.4,25.1
2480000,37.78,19.85,21.64,26.77,25.78
2481000,38.5,20.38,22.01,27.15,25.93
2482000,38.43,20.25,21.69,27.35,26.23
2483000,37.25,20.17,21.62,27.29,25.46
2484000,36.03,20.9,21.86,26.49,24.68
2485000,35.4,21.25,22.01,26.16,24.68
2486000,36.02,21.48,22.56,25.65,24.95
2487000,36.44,21.61,22.46,25.46,25.25
2488000,35.8,22.0,23.55,25.46,25.93
2489000,35.93,22.24,24.07,25.81,24.89
2490000,36.27,22.07,24.43,25.29,25.09
2491000,36.13,21.96,24.54,25.46,24.91
2492000,37.08,21.91,24.96,25.65,24.68
2493000,37.28,22.02,25.32,25.33,24.43
2494000,36.23,21.95,25.22,24.76,25.07
2495000,36.42,22.01,25.55,24.72,25.39
2496000,35.23,21.96,25.32,24.59,25.23
2497000,34.42,22.37,25.9,24.03,25.35
2498000,34.49,22.55,26.66,24.05,25.64
2499000,35.2,21.71,27.02,24.1,25.74
2500000,34.62,21.88,27.03,23.75,26.91
2501000,34.59,21.67,27.67,23.59,26.82
2502000,34.34,21.63,27.04,23.73,26.95
2503000,34.0,21.43,27.17,24.43,26.99
2504000,33.82,21.44,27.2,24.81,27.44
2505000,33.37,21.09,28.11,25.13,28.2
2506000,32.9,20.84,27.81,24.99,28.77
2507000,32.21,21.42,28.02,25.63,28.47
2508000,33.26,21.34,27.63,25.29,27.79
2509000,33.18,21.86,26.43,25.67,27.21
2510000,33.87,21.61,25.9,26.21,27.23
2511000,34.33,21.86,26.17,26.8,28.01
2512000,35.26,21.57,26.09,27.29,27.51
2513000,35.92,21.69,26.43,28.01,27.2
2514000,35.13,21.65,26.64,27.41,27.06
2515000,35.18,21.67,26.21,27.4,26.78
2516000,35.18,21.34,26.06,28.0,26.43
2517000,35.98,21.79,25.64,27.63,26.9
2518000,35.29,21.98,25.99,28.14,26.06
2519000,34.11,22.2,26.37,27.86,25.56
2520000,33.96,22.26,26.39,27.58,24.64
2521000,34.73,22.03,27.07,27.89,24.46
2522000,34.03,21.85,25.9,28.24,24.17
2523000,34.26,22.12,26.06,28.13,24.66
2524000,35.39,21.94,26.35,27.27,24.23
2525000,36.29,21.95,26.81,26.45,24.28
2526000,35.64,21.33,27.14,26.3,24.49
2527000,36.32,21.24,27.78,26.1,25.23
2528000,36.5,21.02,27.91,25.88,25.81
2529000,36.53,21.11,27.05,26.34,26.08
2530000,37.98,21.89,27.44,26.1,26.68
2531000,38.75,21.48,27.3,26.28,27.41
2532000,38.16,21.47,26.88,25.77,27.91
2533000,39.16,21.75,27.69,25.26,26.94
2534000,39.37,21.5,28.19,25.58,27.25
2535000,39.56,21.47,28.75,25.99,27.79
2536000,40.29,21.71,29.25,25.63,28.75
2537000,40.71,21.6,29.26,25.7,28.87
2538000,40.94,21.61,29.18,25.25,28.9
2539000,40.48,21.63,28.95,25.93,29.06
2540000,40.73,21.6,29.19,25.55,29.17
2541000,37.78,22.13,29.46,25.33,29.24
2542000,38.49,22.13,29.82,24.9,29.77
2543000,38.25,21.96,29.96,24.85,30.13
2544000,38.7,21.77,29.98,25.55,30.25
2545000,37.33,22.07,30.12,25.79,30.65
2546000,37.55,21.87,28.94,25.77,30.79
2547000,36.84,22.16,28.5,25.68,30.96
2548000,36.69,22.18,28.11,25.75,31.17
2549000,36.15,22.28,28.59,25.31,31.22
2550000,36.35,22.05,27.1,25.14,31.93
2551000,37.65,22.61,26.05,25.46,31.17
2552000,37.48,22.3,26.14,25.69,30.63
2553000,37.01,22.34,26.89,25.57,30.82
2554000,37.23,22.23,27.28,25.49,31.17
2555000,38.19,21.14,27.71,25.89,30.43
2556000,39.27,20.92,27.16,26.1,29.55
2557000,37.16,21.06,27.61,26.74,29.9
2558000,37.75,20.99,27.18,27.06,30.17
2559000,36.65,19.98,27.06,27.97,29.49
2560000,35.41,20.01,26.54,27.91,28.9
2561000,35.13,20.07,25.95,28.3,28.9
2562000,35.54,20.22,25.41,28.44,28.07
2563000,33.79,20.31,25.52,28.37,28.6
2564000,33.51,20.39,25.65,28.89,28.5
2565000,32.51,20.05,25.31,29.14,28.82
2566000,33.05,20.15,24.76,29.58,28.74
2567000,32.01,20.53,25.39,29.36,29.19
2568000,32.14,20.19,25.45,29.17,29.01
2569000,31.62,20.13,25.37,29.01,29.2
2570000,31.93,20.29,25.49,28.78,28.88
2571000,32.03,19.95,26.17,28.62,29.6
2572000,32.28,20.2,26.07,29.07,29.37
2573000,32.46,20.46,26.73,29.27,29.09
2574000,32.29,19.67,27.51,28.9,29.14
2575000,33.08,19.66,27.59,28.1,29.19
2576000,32.26,19.71,26.98,28.78,28.44
2577000,32.56,19.38,27.49,28.36,28.28
2578000,33.32,19.61,26.39,28.43,28.52
2579000,33.65,19.05,26.81,27.87,28.35
2580000,31.4,18.29,26.33,27.65,28.48
2581000,31.54,17.47,27.02,27.25,28.4
2582000,31.9,17.1,26.67,27.11,28.53
2583000,30.55,17.25,26.81,26.41,28.96
2584000,30.88,17.61,27.28,26.52,29.45
2585000,30.53,17.41,27.46,26.08,29.77
2586000,30.92,17.69,27.77,25.93,29.12
2587000,31.08,17.82,27.59,25.62,29.38
2588000,32.01,18.2,27.8,26.15,29.73
2589000,32.82,19.05,27.42,26.29,28.2
2590000,33.03,19.29,27.7,26.5,28.17
2591000,33.53,20.01,27.72,26.33,27.47
2592000,34.11,20.07,27.64,26.31,26.62
2593000,34.37,20.4,28.09,25.86,26.64
2594000,35.61,20.32,28.14,26.29,27.07
2595000,36.31,20.4,27.65,26.01,26.9
2596000,36.16,20.65,28.11,26.94,27.42
2597000,36.05,20.85,27.67,27.11,27.47
2598000,35.45,21.32,26.81,26.62,27.8
2599000,35.71,21.72,25.49,26.74,28.11
2600000,37.04,21.72,25.23,26.5,28.26
2601000,37.25,21.48,25.37,26.3,28.36
2602000,37.11,21.6,25.72,26.02,28.88
2603000,37.74,21.57,25.49,26.23,29.39
2604000,37.02,21.42,24.29,26.22,28.92
2605000,36.33,21.27,23.69,25.69,28.8
2606000,35.62,21.46,23.75,25.49,28.74
2607000,35.34,20.31,23.58,25.7,28.83
2608000,35.62,19.83,22.89,25.52,28.65
2609000,36.07,19.81,22.6,25.28,28.97
2610000,35.62,19.92,22.65,25.53,29.16
2611000,35.59,20.28,22.71,25.56,28.44
2612000,35.51,19.94,22.5,25.35,29.25
2613000,35.91,19.91,22.01,25.31,29.43
2614000,36.51,20.38,22.24,24.93,30.2
2615000,37.49,19.95,22.27,24.19,30.35
2616000,36.91,20.03,22.13,24.56,30.45
2617000,36.23,19.82,22.5,24.62,31.18
2618000,34.6,19.84,22.78,24.4,31.26
2619000,34.18,19.92,23.2,24.15,30.43
2620000,34.49,20.23,23.64,24.22,30.94
2621000,34.96,20.39,23.71,24.21,30.99
2622000,34.45,20.4,24.0,24.99,31.09
2623000,35.23,20.71,23.9,25.04,30.61
2624000,35.13,20.65,24.4,25.49,30.46
2625000,35.28,21.02,24.13,25.53,30.72
2626000,35.72,21.42,24.66,25.79,30.45
2627000,34.58,21.97,25.28,26.36,30.51
2628000,34.32,22.14,25.69,26.58,31.04
2629000,34.78,21.98,26.15,26.89,31.48
2630000,35.2,22.12,26.09,27.0,31.51
2631000,35.16,22.5,26.74,27.15,31.43
2632000,34.94,22.63,27.37,27.85,31.42
2633000,35.43,22.41,28.03,27.89,31.66
2634000,35.91,22.61,28.53,27.92,31.23
2635000,36.19,22.63,28.79,27.64,30.02
2636000,36.76,22.51,28.97,27.46,28.33
2637000,35.61,22.9,29.6,27.87,28.4
2638000,36.45,23.47,29.38,27.66,29.13
2639000,37.3,23.51,30.01,28.19,28.85
2640000,37.57,23.6,29.97,28.01,28.44
2641000,37.95,23.48,29.95,28.02,28.35
2642000,38.18,23.22,29.62,28.47,28.6
2643000,37.74,22.97,29.68,28.58,27.79
2644000,37.17,23.04,29.78,28.86,27.09
2645000,37.33,23.05,28.96,28.19,27.11
2646000,37.73,22.78,29.05,27.94,27.44
2647000,38.21,22.96,28.53,27.91,27.25
2648000,38.66,23.06,28.49,27.67,27.43
2649000,39.47,22.57,28.35,27.51,26.14
2650000,38.28,22.09,28.33,26.86,26.18
2651000,37.62,22.18,28.67,27.11,25.54
2652000,36.23,21.62,29.0,26.8,25.49
2653000,36.61,22.12,29.3,26.36,25.33
2654000,37.76,21.99,29.63,25.82,25.2
2655000,37.45,22.02,30.0,26.25,25.48
2656000,37.62,22.31,27.89,26.61,26.52
2657000,37.23,22.42,27.82,26.65,27.07
2658000,37.16,22.09,26.91,26.27,26.8
2659000,37.09,22.4,26.33,27.07,26.94
2660000,38.19,22.74,26.14,26.23,26.41
2661000,37.69,22.7,26.69,26.16,26.09
2662000,38.78,22.84,26.16,26.57,26.84
2663000,38.88,23.25,26.61,27.29,25.63
2664000,38.41,23.05,26.33,26.83,26.2
2665000,37.63,22.93,25.89,26.31,26.72
2666000,38.11,22.99,25.58,27.26,27.88
2667000,38.73,23.06,25.48,27.61,27.86
2668000,36.95,23.19,26.07,27.6,27.3
2669000,36.8,23.7,26.17,28.06,27.46
2670000,37.1,23.91,25.69,28.34,27.62
2671000,37.21,23.56,26.03,28.05,28.03
2672000,37.9,23.36,25.86,28.86,27.94
2673000,38.44,22.88,24.94,29.63,28.77
2674000,38.09,22.75,25.05,30.1,29.14
2675000,37.62,22.92,24.5,29.28,28.31
2676000,38.05,22.64,24.42,29.2,28.24
2677000,38.51,22.44,24.37,29.45,28.82
2678000,39.18,21.75,25.33,29.98,29.13
2679000,38.89,21.67,25.5,30.47,29.68
2680000,38.87,21.7,25.46,30.97,29.59
2681000,38.19,21.73,26.23,31.16,29.82
2682000,38.58,21.01,25.61,31.42,30.33
2683000,38.81,21.38,25.18,32.05,30.05
2684000,39.54,20.63,24.97,31.34,30.35
2685000,39.22,20.37,23.82,31.5,30.38
2686000,39.21,20.89,24.45,31.69,30.18
2687000,39.74,21.11,24.11,31.54,31.13
2688000,40.38,21.58,24.08,31.94,30.92
2689000,41.05,22.05,24.37,31.53,29.19
2690000,41.21,22.42,24.11,31.72,29.15
2691000,42.83,22.77,24.47,30.3,29.45
2692000,43.24,23.16,24.53,30.83,28.96
2693000,43.16,23.41,23.96,31.12,29.29
2694000,42.15,23.33,24.18,30.97,29.25
2695000,41.51,22.95,23.86,30.68,29.55
2696000,41.51,23.11,23.44,30.08,29.0
2697000,41.27,23.34,22.52,28.58,29.45
2698000,41.14,23.51,22.59,28.8,29.78
2699000,41.61,23.73,22.16,29.66,30.56
2700000,41.91,23.93,22.72,29.81,30.91
2701000,42.36,23.81,22.7,29.87,31.36
2702000,42.56,23.98,22.39,29.55,31.48
2703000,42.5,24.25,22.76,29.32,30.42
2704000,43.01,24.47,23.12,28.26,30.37
2705000,41.7,24.85,23.55,28.17,30.33
2706000,42.08,25.19,23.36,28.31,30.05
2707000,42.55,25.01,23.72,27.98,30.35
2708000,40.75,24.07,24.15,28.22,30.73
2709000,39.12,24.01,24.67,28.7,30.81
2710000,39.49,23.21,24.96,28.56,30.99
2711000,39.96,23.6,25.72,28.16,31.73
2712000,40.08,23.31,25.51,28.07,32.18
2713000,41.15,23.79,25.49,28.54,31.98
2714000,39.57,23.64,25.48,28.91,32.45
2715000,39.87,23.52,25.89,28.28,32.84
2716000,40.09,24.06,26.23,28.31,32.43
2717000,39.21,23.6,26.22,28.34,32.71
2718000,39.87,23.95,26.48,28.62,32.99
2719000,39.44,23.5,26.71,28.37,32.98
2720000,39.98,23.68,27.06,28.57,32.99
2721000,37.52,23.43,27.16,27.67,32.94
2722000,37.05,24.02,27.53,27.73,32.61
2723000,37.26,24.56,28.23,28.17,31.67
2724000,36.49,24.39,28.87,28.6,31.28
2725000,36.6,24.31,28.7,28.41,30.91
2726000,37.13,24.05,29.33,28.47,29.95
2727000,37.34,24.05,29.72,28.63,30.35
2728000,37.31,24.03,30.49,28.31,30.73
2729000,37.04,23.65,30.52,28.4,31.22
2730000,37.57,23.95,30.18,28.52,31.22
2731000,37.73,24.74,30.93,27.37,32.23
2732000,37.57,24.12,30.12,26.96,32.07
2733000,36.36,23.96,30.33,26.92,31.16
2734000,36.91,23.98,30.71,26.69,30.91
2735000,37.14,24.61,30.76,26.4,29.97
2736000,37.62,25.04,31.1,25.97,29.36
2737000,38.11,24.78,31.09,26.57,28.43
2738000,38.35,24.76,30.97,26.42,28.55
2739000,39.55,24.52,30.37,26.44,28.97
2740000,40.65,24.85,30.11,26.92,29.03
2741000,40.96,24.66,30.35,27.02,29.08
2742000,41.77,24.35,30.15,26.71,28.47
2743000,41.5,23.42,29.6,26.84,28.45
2744000,41.55,22.87,28.19,26.76,27.77
2745000,41.49,22.76,27.43,26.57,28.02
2746000,41.08,23.01,27.4,26.65,28.71
2747000,41.03,23.01,27.74,26.61,28.89
2748000,42.44,23.06,27.51,26.68,28.67
2749000,42.26,23.19,26.95,26.86,29.09
2750000,41.68,22.18,27.54,27.01,29.42
2751000,42.1,22.78,27.82,26.74,29.22
2752000,41.51,22.36,27.38,27.13,28.49
2753000,41.53,22.33,27.84,27.41,28.45
2754000,42.6,22.1,26.51,27.72,27.86
2755000,42.0,21.62,25.84,27.5,27.78
2756000,42.2,21.69,25.82,27.0,28.05
2757000,41.68,21.96,26.29,27.42,28.0
2758000,42.28,21.83,25.99,27.05,28.0
2759000,42.8,22.11,25.83,26.65,28.1
2760000,42.61,22.3,26.22,27.01,28.08
2761000,42.77,22.23,25.87,26.91,28.32
2762000,43.34,22.09,25.45,26.56,27.63
2763000,42.2,22.58,25.58,26.86,26.74
2764000,42.49,22.83,25.89,27.03,26.28
2765000,43.31,23.05,25.77,26.99,26.96
2766000,43.75,23.07,26.09,26.99,26.85
2767000,44.47,22.78,26.72,26.88,27.31
2768000,43.86,23.08,27.28,26.85,26.89
2769000,44.09,22.89,27.44,27.12,26.96
2770000,43.75,23.46,26.95,27.27,27.25
2771000,43.63,22.91,27.72,27.28,26.96
2772000,43.28,23.2,28.0,27.25,27.01
2773000,42.2,23.53,27.65,27.43,27.03
2774000,43.57,23.33,26.32,27.31,26.67
2775000,42.49,23.49,26.23,27.83,26.72
2776000,43.5,23.26,25.92,26.95,26.32
2777000,43.98,23.37,25.71,26.97,26.28
2778000,43.09,22.91,26.02,26.96,26.33
2779000,41.88,22.82,25.67,27.1,26.68
2780000,41.31,23.03,25.27,27.55,26.98
2781000,40.2,23.23,25.23,27.57,27.11
2782000,40.27,23.09,24.75,27.73,27.49
2783000,41.64,23.06,24.58,27.49,27.36
2784000,41.44,22.98,25.27,27.85,27.96
2785000,40.98,23.38,25.28,27.7,28.64
2786000,40.71,23.21,25.56,27.5,28.35
2787000,40.89,23.31,25.54,27.1,28.38
2788000,41.0,23.43,25.5,27.82,28.17
2789000,39.38,23.14,26.42,27.83,27.37
2790000,39.58,22.53,26.64,28.06,27.0
2791000,39.7,22.59,26.2,27.16,26.82
2792000,38.01,22.63,26.43,27.12,27.63
2793000,37.23,22.38,27.02,27.24,27.21
2794000,38.16,22.41,27.53,27.23,27.11
2795000,38.22,22.19,28.45,27.96,27.54
2796000,37.38,22.33,27.16,27.6,27.27
2797000,36.21,22.52,26.98,27.47,27.24
2798000,34.39,22.3,27.52,27.78,27.43
2799000,35.09,22.26,27.96,28.63,28.28
2800000,33.14,22.14,27.31,29.12,27.72
2801000,33.4,22.38,27.25,29.12,27.56
2802000,31.92,22.6,27.49,29.22,27.47
2803000,32.09,23.06,27.99,28.98,27.45
2804000,32.61,23.49,28.66,29.16,27.85
2805000,32.64,23.45,28.73,28.44,27.85
2806000,34.06,23.05,28.73,28.71,27.5
2807000,34.44,23.2,28.6,28.95,27.66
2808000,35.3,23.12,28.79,28.89,28.73
2809000,35.35,23.82,28.18,29.17,28.92
2810000,34.82,24.01,26.95,29.44,28.58
2811000,34.67,24.17,26.46,28.78,29.16
2812000,33.91,24.07,26.58,28.82,29.16
2813000,34.81,23.92,26.26,29.25,30.05
2814000,35.25,23.84,26.33,29.06,30.02
2815000,35.74,23.92,25.48,28.54,28.88
2816000,36.88,24.41,24.14,28.4,28.6
2817000,37.19,24.35,24.56,27.89,28.61
2818000,37.59,24.04,24.6,27.56,29.14
2819000,38.34,23.7,24.71,27.32,28.84
2820000,37.53,23.47,24.15,26.56,29.11
2821000,37.78,23.13,24.51,26.7,28.94
2822000,38.36,23.37,24.79,26.39,28.02
2823000,38.21,23.38,25.16,26.95,28.23
2824000,37.36,23.09,25.17,26.86,28.77
2825000,37.56,23.08,25.02,27.41,28.63
2826000,38.53,22.78,24.32,28.13,27.88
2827000,38.84,22.82,24.47,28.21,27.52
2828000,39.49,22.68,24.68,29.17,27.25
2829000,40.18,23.08,24.95,29.35,26.25
2830000,39.7,22.94,25.76,29.33,26.57
2831000,40.09,23.6,25.89,29.52,26.63
2832000,40.87,23.3,26.59,29.41,26.36
2833000,41.23,22.45,26.98,28.69,25.99
2834000,41.74,22.5,26.66,28.7,26.32
2835000,42.67,21.98,27.17,27.4,25.84
2836000,42.76,21.99,27.6,27.64,25.72
2837000,42.89,21.92,28.16,28.0,26.17
2838000,43.56,22.2,28.02,28.33,26.23
2839000,43.94,22.24,28.59,28.64,26.44
2840000,43.75,22.96,29.16,28.77,26.63
2841000,44.48,22.38,29.44,28.7,27.39
2842000,43.97,22.64,29.7,29.22,26.86
2843000,42.26,22.95,29.57,29.35,27.18
2844000,42.98,22.74,29.9,30.01,27.57
2845000,42.03,23.0,30.65,30.34,27.8
2846000,42.07,23.61,31.37,30.57,26.89
2847000,40.84,23.57,31.64,30.84,26.84
2848000,41.18,22.67,31.6,30.93,27.76
2849000,41.99,22.92,31.91,30.6,28.51
2850000,40.63,22.13,31.87,29.18,28.65
2851000,40.95,22.48,30.94,28.56,29.28
2852000,41.36,23.15,30.44,28.59,29.17
2853000,42.88,23.75,30.85,29.47,29.19
2854000,43.56,23.65,30.36,29.23,29.3
2855000,43.91,24.05,30.03,28.94,29.07
2856000,43.61,24.08,29.79,29.17,30.75
2857000,43.41,24.31,29.41,29.73,30.68
2858000,43.67,24.14,29.45,29.48,30.45
2859000,44.51,24.01,29.81,29.69,30.15
2860000,43.05,23.4,29.77,30.51,30.54
2861000,44.01,23.47,29.13,29.7,30.98
2862000,43.97,23.64,28.38,30.06,31.52
2863000,44.91,23.25,28.74,30.16,31.72
2864000,44.01,23.24,29.36,30.09,31.65
2865000,43.62,22.85,28.88,30.59,31.65
2866000,42.68,22.66,28.83,30.39,31.22
2867000,42.41,22.89,29.14,30.11,31.29
2868000,42.47,23.35,26.74,29.91,30.3
2869000,41.91,23.45,25.63,29.75,30.38
2870000,39.27,23.69,26.13,29.27,30.43
2871000,38.38,24.22,25.79,29.56,30.97
2872000,38.93,24.2,25.54,29.32,31.6
2873000,39.62,23.68,26.19,29.72,31.06
2874000,39.58,23.96,26.03,29.97,30.91
2875000,40.43,24.25,25.99,30.17,30.9
2876000,39.6,23.92,26.32,30.64,30.69
2877000,40.33,23.74,26.34,30.71,30.91
2878000,40.66,23.86,25.84,30.19,30.6
2879000,40.19,23.93,25.64,30.3,30.77
2880000,40.22,24.34,25.47,30.95,30.21
2881000,41.43,24.63,25.38,31.15,30.14
2882000,42.15,24.76,25.85,31.05,30.37
2883000,41.95,24.51,25.65,31.15,30.9
2884000,41.31,23.96,25.66,32.25,31.44
2885000,40.65,23.79,24.65,31.77,31.79
2886000,40.46,23.6,24.75,32.23,31.14
2887000,40.23,23.22,24.95,32.08,31.05
2888000,40.38,23.35,25.33,31.69,30.92
2889000,39.47,23.1,25.63,31.07,30.4
2890000,40.0,22.94,26.12,30.35,29.63
2891000,39.78,23.04,26.7,29.98,30.05
2892000,38.86,22.84,27.73,31.04,30.4
2893000,37.68,22.84,26.75,30.5,31.3
2894000,38.83,22.1,27.48,30.53,31.77
2895000,39.29,22.04,28.04,30.29,32.47
2896000,38.6,22.26,27.35,30.96,32.32
2897000,38.25,22.72,27.46,30.81,31.83
2898000,36.98,22.75,27.37,31.28,31.44
2899000,37.73,22.95,27.55,31.06,31.74
2900000,38.26,23.45,28.04,31.03,31.95
2901000,38.68,23.53,27.96,31.11,32.76
2902000,39.39,23.9,29.17,31.46,33.12
2903000,40.13,23.5,29.15,31.27,33.15
2904000,40.62,23.9,28.9,32.05,33.62
2905000,41.92,23.94,28.63,31.88,33.79
2906000,41.09,23.8,28.98,31.97,33.78
2907000,41.75,24.39,28.83,32.24,34.12
2908000,41.65,24.76,28.6,32.63,34.06
2909000,42.94,24.87,28.63,31.52,33.51
2910000,41.89,24.35,28.49,31.01,33.77
2911000,41.61,24.6,27.99,31.13,33.25
2912000,41.86,24.65,26.14,31.09,32.71
2913000,41.41,24.71,26.07,30.91,33.28
2914000,41.09,24.61,26.55,31.04,33.7
2915000,41.56,24.94,25.76,31.0,33.61
2916000,42.04,24.85,25.15,31.06,33.92
2917000,41.33,25.18,25.54,29.85,33.67
2918000,41.15,25.31,25.44,29.92,34.44
2919000,41.65,25.02,26.22,29.17,34.47
2920000,41.35,24.57,25.84,28.39,33.87
2921000,42.17,23.94,26.26,28.1,33.1
2922000,42.58,24.48,24.54,27.98,32.74
2923000,41.59,24.3,24.89,28.25,32.89
2924000,41.71,24.4,24.47,27.26,32.82
2925000,42.06,25.07,24.64,27.34,32.77
2926000,41.84,25.0,23.83,26.04,31.99
2927000,41.3,25.08,23.98,25.6,30.51
2928000,41.97,24.65,23.65,24.89,30.21
2929000,42.13,25.01,24.28,25.03,29.36
2930000,42.41,24.89,24.48,25.41,29.23
2931000,43.43,24.56,24.37,25.38,29.3
2932000,43.59,24.52,25.17,25.8,29.68
2933000,43.03,24.21,25.88,25.85,30.6
2934000,42.22,24.46,26.83,26.02,29.88
2935000,40.65,24.23,27.23,26.5,30.19
2936000,39.46,24.54,26.37,26.87,30.03
2937000,40.62,24.63,26.74,27.34,29.36
2938000,39.47,25.09,27.46,27.43,29.11
2939000,39.06,25.85,28.09,28.48,30.08
2940000,39.44,25.87,28.2,28.58,30.36
2941000,39.09,26.01,28.73,29.05,30.35
2942000,39.28,25.59,28.86,29.41,29.95
2943000,38.72,26.16,28.27,30.09,29.3
2944000,39.49,26.08,27.72,30.29,30.11
2945000,40.04,25.84,28.45,30.18,29.97
2946000,39.64,25.95,28.15,29.66,30.22
2947000,39.79,26.31,28.27,29.53,30.63
2948000,38.88,25.84,28.83,29.41,31.08
2949000,38.65,25.89,29.12,29.83,31.86
2950000,38.48,26.23,29.08,29.83,31.5
2951000,38.72,26.46,29.15,30.01,31.86
2952000,39.97,26.41,28.92,30.3,32.08
2953000,39.4,26.54,28.85,30.52,31.93
2954000,39.78,26.81,29.11,30.76,32.53
2955000,40.43,26.85,29.67,31.0,32.63
2956000,41.28,26.75,29.72,30.58,33.16
2957000,40.13,26.98,28.55,30.39,32.28
2958000,39.77,26.3,28.34,30.47,32.4
2959000,40.17,26.49,28.26,29.99,31.71
2960000,40.93,26.46,28.27,30.14,31.57
2961000,41.69,25.79,28.6,29.32,32.04
2962000,41.93,25.14,28.67,28.61,31.52
2963000,41.63,24.84,28.11,27.95,31.56
2964000,42.14,24.18,27.93,28.13,31.74
2965000,42.2,23.91,28.29,27.78,30.28
2966000,42.08,23.75,28.35,27.74,30.35
2967000,42.55,22.83,28.96,27.96,30.38
2968000,44.08,22.44,28.62,28.3,29.97
2969000,44.57,21.81,29.43,28.75,30.66
2970000,42.93,22.52,29.36,28.94,30.31
2971000,43.15,22.36,29.54,28.44,29.53
2972000,42.44,21.97,29.9,27.85,28.63
2973000,42.64,21.65,29.76,28.07,28.01
2974000,42.08,21.94,29.95,28.02,28.47
2975000,42.96,21.78,29.4,27.76,28.69
2976000,42.63,22.23,30.27,26.84,29.1
2977000,42.38,22.72,30.54,26.96,28.98
2978000,42.45,22.37,30.55,26.35,28.5
2979000,42.54,22.21,30.35,26.27,28.91
2980000,42.6,22.54,29.17,26.24,29.71
2981000,43.45,23.23,29.12,26.5,29.34
2982000,43.41,23.5,28.92,26.8,29.09
2983000,43.3,23.64,29.55,26.97,29.35
2984000,41.79,23.93,29.49,27.44,28.26
2985000,41.2,23.84,29.85,26.86,28.37
2986000,40.67,23.77,29.07,27.19,27.67
2987000,40.09,24.36,29.65,27.18,28.33
2988000,41.03,24.65,29.57,27.5,28.67
2989000,41.25,24.89,29.26,27.01,28.45
2990000,42.18,24.91,29.67,26.12,28.87
2991000,42.57,24.66,29.18,26.59,28.02
2992000,41.85,25.17,29.71,26.61,27.84
2993000,41.83,25.51,28.82,26.81,28.37
2994000,42.54,25.3,29.52,26.89,27.77
2995000,41.58,24.96,28.9,26.63,27.62
2996000,41.18,25.24,28.84,26.13,26.76
2997000,41.39,25.5,28.72,26.45,27.1
2998000,41.16,25.12,28.48,27.3,27.13
2999000,41.18,25.87,28.28,27.74,27.57
3000000,40.55,25.77,27.93,27.73,27.37
3001000,40.69,25.88,27.87,27.63,26.44
3002000,41.42,26.11,27.9,28.11,26.54
3003000,42.36,25.78,28.02,28.85,26.31
3004000,42.18,25.52,28.96,28.11,26.13
3005000,42.4,25.28,29.14,28.04,26.87
3006000,42.63,25.29,29.77,27.26,27.29
3007000,43.3,25.53,29.22,27.12,27.43
3008000,43.51,25.76,29.04,27.83,28.17
3009000,43.35,25.58,29.07,27.77,28.64
3010000,44.13,25.89,28.93,28.28,28.39
3011000,43.37,25.42,28.89,28.68,28.38
3012000,42.62,25.79,29.01,28.6,27.95
3013000,42.15,26.29,29.27,27.95,28.42
3014000,42.47,25.72,28.99,28.35,28.23
3015000,42.24,25.63,28.62,28.2,28.74
3016000,43.19,25.49,28.42,28.24,28.83
3017000,43.38,26.25,28.65,28.29,29.12
3018000,43.5,26.82,28.15,28.68,29.59
3019000,44.7,27.19,29.26,29.03,29.46
3020000,44.59,27.26,29.55,29.11,29.62
3021000,44.33,27.48,29.75,29.05,29.18
3022000,42.96,26.85,29.85,29.01,28.62
3023000,43.12,26.1,29.61,29.23,28.99
3024000,43.01,25.73,30.09,28.94,29.5
3025000,43.04,25.92,30.48,28.13,29.83
3026000,41.59,25.59,29.99,28.21,30.11
3027000,40.88,25.24,30.86,27.73,30.02
3028000,39.09,25.4,31.24,27.76,29.85
3029000,39.18,25.4,31.75,27.78,29.47
3030000,39.67,25.66,32.38,26.74,29.59
3031000,39.88,25.45,31.53,26.26,28.18
3032000,38.96,25.8,31.8,26.18,27.53
3033000,39.74,26.17,31.88,26.9,27.42
3034000,40.71,26.67,30.29,27.29,27.99
3035000,40.6,26.32,30.23,27.82,27.62
3036000,41.57,26.36,30.76,28.23,27.33
3037000,40.05,25.61,31.08,27.98,26.59
3038000,40.53,24.91,30.87,28.6,25.16
3039000,39.98,24.21,30.83,28.82,25.36
3040000,40.45,23.93,31.43,28.79,24.38
3041000,39.37,23.91,31.3,28.54,24.7
3042000,39.83,23.49,30.69,28.63,24.45
3043000,40.02,23.92,31.35,27.5,23.6
3044000,38.93,24.38,31.06,27.81,23.24
3045000,38.35,25.16,30.42,27.55,23.41
3046000,37.42,24.72,30.08,27.29,23.55
3047000,37.27,24.84,30.64,27.25,23.5
3048000,37.29,24.97,31.72,28.05,22.43
3049000,37.47,25.58,31.86,28.23,22.43
3050000,37.9,25.3,31.9,28.58,22.45
3051000,38.84,25.31,31.62,28.89,22.11
3052000,39.75,25.3,31.4,28.83,22.08
3053000,37.94,25.44,30.57,29.12,22.22
3054000,37.87,25.11,29.86,29.33,22.39
3055000,38.55,24.77,29.95,29.28,22.42
3056000,39.74,25.0,30.18,28.56,22.92
3057000,39.91,25.35,30.28,28.78,22.63
3058000,40.39,25.31,30.52,28.12,22.82
3059000,40.35,25.36,30.77,27.95,22.9
3060000,39.52,25.48,30.89,27.39,23.24
3061000,39.59,25.45,29.94,27.7,23.14
3062000,40.04,24.83,29.67,27.3,22.92
3063000,38.74,24.95,30.47,27.57,23.61
3064000,38.01,24.79,30.29,28.46,23.47
3065000,37.81,24.5,29.68,28.74,22.94
3066000,37.95,23.96,30.11,28.54,23.41
3067000,36.27,24.17,29.59,28.31,24.33
3068000,36.89,24.6,28.7,28.53,24.82
3069000,37.34,23.76,28.69,28.62,25.04
3070000,38.06,23.49,27.02,28.83,25.48
3071000,38.3,23.53,26.28,27.89,26.22
3072000,38.54,23.18,26.45,27.88,26.34
3073000,39.22,23.65,26.09,27.96,26.53
3074000,40.42,23.55,25.89,28.3,26.79
3075000,40.47,23.31,26.06,28.69,26.75
3076000,40.85,23.1,25.68,28.6,26.96
3077000,40.89,23.74,25.1,28.63,27.22
3078000,41.09,23.41,24.05,28.49,27.33
3079000,40.33,23.73,24.18,28.93,27.4
3080000,40.32,23.93,23.49,28.48,27.86
3081000,41.17,24.48,23.43,29.19,28.26
3082000,40.2,24.6,22.75,29.21,28.7
3083000,40.69,24.3,21.83,29.89,28.28
3084000,40.8,24.56,22.23,29.6,28.4
3085000,39.54,24.52,22.29,29.41,28.74
3086000,39.06,25.12,21.99,29.9,28.76
3087000,39.08,24.65,21.81,29.75,28.42
3088000,38.91,24.67,22.58,28.89,28.53
3089000,39.28,24.63,22.93,29.42,28.58
3090000,38.77,24.81,23.32,30.06,28.4
3091000,39.36,25.12,22.87,30.15,28.0
3092000,39.88,25.47,23.61,30.42,27.82
3093000,40.18,25.56,23.25,30.6,26.84
3094000,38.75,25.36,22.64,31.15,27.0
3095000,40.05,25.83,23.19,31.01,26.13
3096000,39.81,25.64,23.55,31.3,25.96
3097000,39.94,25.63,23.45,31.08,25.69
3098000,38.97,26.39,24.03,31.24,25.21
3099000,37.64,26.08,24.19,30.89,24.87
3100000,38.35,25.99,24.63,30.66,24.75
3101000,40.02,25.74,24.85,30.75,24.42
3102000,39.9,25.67,25.6,31.14,23.84
3103000,40.25,25.81,26.12,31.12,23.55
3104000,38.86,26.05,26.48,30.31,23.14
3105000,38.48,26.29,26.12,30.62,22.92
3106000,38.03,25.48,25.19,29.58,22.97
3107000,38.09,25.59,25.97,30.23,23.09
3108000,38.85,26.05,26.37,28.96,22.66
3109000,39.06,26.07,26.8,28.99,22.33
3110000,38.83,26.16,26.83,28.37,22.46
3111000,38.52,27.02,26.36,28.39,21.93
3112000,38.29,27.17,26.87,28.38,21.54
3113000,38.16,26.17,26.44,28.49,21.97
3114000,37.95,25.57,25.88,28.31,21.78
3115000,38.44,25.09,26.47,27.64,21.9
3116000,37.98,24.14,25.64,27.63,22.0
3117000,38.18,24.12,26.01,27.13,22.3
3118000,38.82,23.44,26.41,27.59,22.16
3119000,37.89,24.28,27.0,27.71,22.64
3120000,36.47,24.2,26.47,27.95,22.9
3121000,36.72,24.52,26.39,28.23,23.43
3122000,36.8,24.8,26.59,28.03,23.3
3123000,37.43,24.8,25.52,28.03,23.65
3124000,36.99,25.11,25.2,27.33,23.73
3125000,36.97,25.45,25.03,26.88,23.65
3126000,36.83,25.33,25.68,27.01,23.66
3127000,37.39,24.79,26.47,27.39,23.65
3128000,38.22,24.6,27.02,27.43,23.47
3129000,36.68,24.71,27.06,26.88,23.85
3130000,36.47,24.48,26.55,27.07,23.59
3131000,35.71,24.07,27.27,26.8,23.51
3132000,36.21,24.01,26.86,27.34,23.3
3133000,35.68,24.37,27.15,26.8,23.43
3134000,36.09,25.04,27.1,27.39,24.01
3135000,36.51,25.18,26.54,26.72,23.83
3136000,35.78,25.4,26.84,26.96,23.99
3137000,36.09,26.08,27.51,26.74,23.58
3138000,35.28,26.23,27.16,26.73,23.46
3139000,35.95,25.89,27.1,27.5,23.25
3140000,36.38,26.09,26.3,26.93,23.39
3141000,35.87,25.37,25.52,26.9,23.3
3142000,37.0,25.08,25.63,26.46,23.12
3143000,37.62,24.8,25.82,26.41,22.91
3144000,37.62,25.02,25.75,26.59,22.64
3145000,37.74,24.85,26.0,26.82,22.91
3146000,38.45,24.24,26.56,27.05,23.29
3147000,39.02,24.69,26.78,26.95,23.92
3148000,39.4,24.92,26.13,26.7,23.67
3149000,40.08,25.25,25.24,26.37,23.37
3150000,40.78,25.67,24.62,26.51,23.81
3151000,40.61,25.62,23.87,26.74,24.6
3152000,42.16,25.8,24.21,26.67,24.23
3153000,41.25,26.23,24.26,27.2,23.7
3154000,41.52,25.87,24.66,26.96,23.47
3155000,42.37,25.75,24.63,27.38,23.3
3156000,42.28,25.26,25.06,27.62,23.25
3157000,42.61,25.69,24.59,27.86,23.33
3158000,43.41,26.22,25.1,28.15,23.55
3159000,43.75,25.28,25.5,28.22,23.93
3160000,42.76,25.1,26.75,28.72,24.06
3161000,42.37,25.82,26.57,29.17,24.38
3162000,43.3,25.56,27.01,29.41,24.59
3163000,42.87,26.18,27.69,29.04,25.07
3164000,43.47,26.3,27.97,29.49,25.67
3165000,43.7,26.03,27.91,29.79,25.35
3166000,43.3,26.87,27.88,29.78,25.6
3167000,43.05,26.73,28.08,30.15,25.46
3168000,42.19,27.04,28.03,30.39,25.61
3169000,44.03,27.09,28.67,30.64,26.33
3170000,43.34,26.57,28.32,30.93,26.81
3171000,44.74,26.35,29.11,30.48,25.84
3172000,45.07,25.72,29.23,30.2,26.2
3173000,46.0,25.61,29.11,29.81,25.92
3174000,45.27,25.22,29.78,29.1,26.52
3175000,44.58,24.9,29.82,29.56,26.91
3176000,44.13,25.47,29.76,30.03,26.82
3177000,43.17,25.75,30.22,29.92,27.02
3178000,42.84,26.23,30.1,29.77,26.39
3179000,42.25,25.28,30.05,29.05,25.51
3180000,41.17,25.43,29.87,28.26,25.21
3181000,41.91,25.59,30.21,27.83,25.51
3182000,42.37,25.35,29.31,28.04,25.47
3183000,42.77,25.29,28.59,27.69,25.26
3184000,43.91,25.3,28.66,28.41,25.97
3185000,43.9,24.97,28.3,28.09,25.27
3186000,43.94,24.95,27.84,27.32,25.15
3187000,44.35,24.3,27.99,27.59,24.91
3188000,43.24,23.4,27.86,26.96,25.02
3189000,42.29,23.64,27.84,26.89,24.66
3190000,42.6,23.69,26.69,27.28,25.44
3191000,42.53,23.68,26.48,26.74,25.65
3192000,42.67,23.74,25.41,26.68,26.01
3193000,41.98,24.09,25.79,27.21,25.39
3194000,41.31,24.3,26.21,27.56,25.75
3195000,40.14,24.03,25.89,27.54,25.57
3196000,40.98,23.33,25.23,27.66,26.17
3197000,41.86,23.34,23.76,28.44,26.53
3198000,42.42,23.57,23.61,29.13,27.04
3199000,42.82,24.07,22.95,28.54,27.23
3200000,43.07,23.88,22.69,28.75,27.38
3201000,41.65,24.08,21.67,28.39,27.41
3202000,41.72,23.98,22.39,28.7,28.08
3203000,41.48,23.98,21.4,29.12,27.87
3204000,41.19,23.4,20.34,29.78,28.36
3205000,41.36,23.57,19.95,30.06,28.59
3206000,41.09,22.84,19.84,29.57,27.21
3207000,41.33,23.2,20.0,29.6,27.77
3208000,42.14,23.8,20.35,29.13,28.16
3209000,42.31,23.89,20.9,29.59,28.5
3210000,42.26,23.72,20.14,29.81,28.74
3211000,42.71,24.35,20.28,29.64,29.41
3212000,42.83,24.23,20.35,30.23,28.87
3213000,43.51,23.81,20.23,30.07,28.34
3214000,42.55,23.62,20.88,30.01,29.29
3215000,43.12,23.95,21.06,29.66,29.78
3216000,43.27,23.68,20.88,30.08,28.96
3217000,43.51,23.02,21.77,30.21,29.43
3218000,43.28,22.77,22.37,30.22,29.43
3219000,42.97,22.27,22.98,30.66,29.7
3220000,42.69,21.85,23.74,31.58,29.86
3221000,42.77,22.45,23.26,32.07,30.05
3222000,43.25,22.85,23.8,31.63,30.23
3223000,42.65,22.97,23.7,31.54,30.47
3224000,42.88,22.99,25.09,31.45,31.17
3225000,42.68,23.26,25.27,32.32,31.46
3226000,43.4,23.73,25.4,31.96,31.16
3227000,43.87,23.64,25.92,31.56,31.19
3228000,44.48,24.23,25.63,31.32,31.79
3229000,42.12,24.11,26.23,30.98,31.5
3230000,42.72,24.3,25.84,31.17,31.64
3231000,41.81,24.39,26.18,30.82,32.12
3232000,41.71,23.79,26.43,30.52,32.21
3233000,41.18,23.79,26.84,29.76,32.76
3234000,41.36,24.44,27.22,29.35,33.2
3235000,42.9,24.98,27.77,29.14,33.02
3236000,42.61,25.38,27.66,29.26,32.82
3237000,42.87,25.06,27.82,29.94,33.2
3238000,42.28,25.09,26.94,29.77,32.92
3239000,42.91,25.39,27.5,29.81,33.8
3240000,44.61,25.39,27.72,29.95,34.21
3241000,44.02,25.79,27.24,29.91,33.77
3242000,43.54,26.41,27.82,30.14,33.23
3243000,44.24,25.65,26.79,29.07,33.56
3244000,45.18,25.89,26.32,28.56,34.45
3245000,43.29,25.81,25.9,28.53,33.88
3246000,43.54,25.9,25.52,28.61,34.12
3247000,44.04,25.85,24.52,28.84,34.24
3248000,44.87,26.14,23.96,28.22,34.94
3249000,44.62,25.71,24.07,28.74,34.98
3250000,44.55,25.35,23.49,29.01,34.56
3251000,41.98,25.49,23.02,29.23,33.83
3252000,42.14,25.18,22.7,29.82,33.9
3253000,42.89,25.75,22.79,29.71,34.38
3254000,43.6,26.42,22.62,29.65,34.28
3255000,44.62,26.73,22.32,29.79,34.45
3256000,43.54,26.34,22.49,30.04,34.15
3257000,43.8,26.45,22.87,30.28,34.22
3258000,43.65,26.19,23.4,29.9,34.33
3259000,45.3,26.56,23.0,30.24,33.91
3260000,44.26,26.98,23.01,30.39,33.65
3261000,44.29,26.47,22.86,30.07,34.07
3262000,44.1,26.15,23.23,31.06,34.6
3263000,44.89,26.0,23.99,31.03,33.98
3264000,45.69,25.97,24.03,31.57,34.01
3265000,45.16,26.11,24.69,31.56,33.46
3266000,45.64,26.36,25.4,31.67,33.12
3267000,46.25,25.93,25.62,31.43,32.66
3268000,47.16,25.99,26.38,31.58,32.36
3269000,48.08,25.7,26.68,31.54,32.73
3270000,45.67,25.18,27.37,32.16,32.9
3271000,45.18,24.81,27.84,31.91,33.65
3272000,46.36,25.09,27.25,32.38,33.56
3273000,45.79,24.2,27.76,31.56,33.21
3274000,45.1,23.76,27.63,31.4,32.2
3275000,44.0,23.52,28.13,30.81,31.76
3276000,44.51,23.31,28.29,30.34,31.29
3277000,43.63,23.14,28.59,31.44,31.12
3278000,43.64,23.13,29.14,31.12,31.04
3279000,44.77,22.62,29.55,30.87,31.14
3280000,44.01,23.21,29.66,30.93,31.93
3281000,44.57,23.73,28.06,30.73,31.64
3282000,43.51,24.2,27.64,30.55,31.75
3283000,43.99,24.19,27.37,31.01,31.73
3284000,44.46,24.16,26.83,31.09,31.3
3285000,44.77,24.28,27.85,30.85,31.67
3286000,45.04,24.07,27.95,31.06,31.37
3287000,45.51,24.7,28.19,29.83,31.52
3288000,44.45,25.01,28.78,29.61,31.98
3289000,45.22,25.37,28.38,28.56,31.95
3290000,43.19,25.39,29.02,28.95,32.15
3291000,43.69,25.8,29.27,29.21,32.02
3292000,42.79,26.27,29.43,29.25,31.76
3293000,42.96,26.56,28.53,29.44,31.79
3294000,44.16,26.32,28.38,29.07,31.69
3295000,43.59,26.52,28.7,28.32,32.28
3296000,43.71,27.16,28.55,28.71,31.71
3297000,43.7,27.16,28.8,29.04,31.04
3298000,43.46,27.32,28.54,29.17,31.49
3299000,44.24,26.64,28.14,28.96,32.07
3300000,44.97,26.71,27.86,27.94,32.16
3301000,45.81,26.5,26.33,27.93,32.59
3302000,45.55,26.77,27.3,28.22,33.18
3303000,44.9,26.06,27.57,28.4,33.49
3304000,44.57,25.7,28.71,28.62,33.37
3305000,44.12,25.69,28.84,28.79,32.62
3306000,43.18,25.88,29.21,29.25,32.01
3307000,43.98,26.18,29.33,29.06,32.44
3308000,43.33,25.69,28.75,29.13,32.43
3309000,43.45,25.69,28.06,29.19,32.93
3310000,43.92,25.58,27.07,29.19,33.52
3311000,43.77,25.45,27.06,29.21,33.49
3312000,43.55,25.42,26.59,28.78,33.01
3313000,43.86,25.54,26.01,28.94,33.15
3314000,43.91,25.68,26.12,29.39,34.16
3315000,43.45,25.52,26.44,29.32,33.47
3316000,44.39,25.56,26.16,29.36,33.31
3317000,44.33,24.71,26.97,28.66,33.58
3318000,43.45,24.25,26.38,29.15,34.1
3319000,44.54,24.78,26.49,29.47,34.45
3320000,44.84,25.02,26.45,30.25,34.86
3321000,44.3,25.74,26.96,30.21,35.52
3322000,43.76,25.91,27.09,30.75,36.04
3323000,43.95,25.46,27.79,30.5,35.28
3324000,44.59,25.51,28.31,30.41,35.09
3325000,45.78,25.58,29.11,30.83,35.59
3326000,46.65,25.96,29.38,31.12,35.64
3327000,47.37,26.17,29.42,32.05,35.86
3328000,46.64,26.06,28.84,31.51,36.06
3329000,47.5,25.14,28.36,31.49,36.58
3330000,46.6,25.59,27.87,31.92,36.79
3331000,47.14,25.55,28.43,32.27,35.44
3332000,47.42,25.25,28.54,32.43,36.07
3333000,47.67,25.21,28.32,32.24,36.55
3334000,48.63,25.26,27.98,32.38,36.35
3335000,49.58,25.34,27.57,32.59,36.1
3336000,49.29,24.83,27.5,32.33,35.91
3337000,48.85,25.09,26.98,32.78,35.9
3338000,47.77,25.23,27.17,32.89,35.31
3339000,48.22,25.17,27.18,33.35,35.52
3340000,48.84,24.68,26.94,33.38,35.51
3341000,48.98,24.67,26.85,33.01,35.12
3342000,49.55,24.34,27.11,32.65,34.27
3343000,49.88,24.62,25.33,33.21,34.5
3344000,51.39,24.94,25.31,32.89,34.13
3345000,50.13,24.8,25.61,32.8,33.82
3346000,50.86,24.81,23.56,31.68,33.44
3347000,51.86,24.46,23.35,31.72,32.66
3348000,52.11,24.96,22.86,31.7,32.53
3349000,53.52,25.17,22.66,31.86,32.07
3350000,52.81,25.79,22.97,31.15,32.42
3351000,52.98,26.03,23.24,30.79,31.9
3352000,52.96,25.13,22.99,30.58,32.1
3353000,52.92,25.82,23.49,29.89,31.91
3354000,53.39,25.89,23.78,30.25,31.71
3355000,53.57,25.16,23.88,30.16,30.52
3356000,53.45,25.29,24.39,30.11,31.01
3357000,53.6,25.57,24.77,29.78,31.12
3358000,54.12,26.27,24.76,30.14,31.06
3359000,54.18,26.06,25.07,29.69,31.13
3360000,52.7,26.84,25.04,30.54,31.53
3361000,53.33,27.13,25.71,30.53,31.48
3362000,52.31,26.95,26.21,30.15,30.23
3363000,52.03,27.02,26.72,30.33,29.12
3364000,49.8,26.42,26.53,29.87,29.18
3365000,48.88,26.4,27.05,30.02,29.15
3366000,49.04,26.42,27.12,30.73,28.99
3367000,49.29,26.03,27.31,30.07,28.84
3368000,49.11,26.54,27.43,30.36,29.07
3369000,48.52,25.99,27.77,30.97,29.84
3370000,46.12,25.92,28.1,30.96,30.07
3371000,46.31,25.92,28.5,31.4,29.82
3372000,46.33,25.7,28.57,30.92,29.62
3373000,45.67,25.74,29.08,31.85,29.99
3374000,45.75,25.23,28.88,32.06,30.48
3375000,45.26,25.0,29.13,32.0,29.82
3376000,44.96,25.55,29.58,32.45,29.43
3377000,43.5,25.5,30.03,33.37,29.25
3378000,41.51,25.79,28.39,32.97,29.07
3379000,41.26,25.18,28.75,33.67,28.57
3380000,40.56,24.39,28.93,33.17,27.72
3381000,40.59,23.93,29.53,33.2,27.68
3382000,41.32,24.69,29.03,33.12,27.71
3383000,42.65,24.75,29.18,33.18,27.96
3384000,43.46,25.29,28.98,32.95,28.39
3385000,41.97,25.12,29.08,32.49,28.36
3386000,41.51,25.34,28.65,32.2,28.56
3387000,40.29,26.01,27.99,32.4,29.01
3388000,40.54,26.46,28.24,32.39,29.26
3389000,40.95,26.81,27.79,32.14,29.05
3390000,41.99,27.53,27.62,32.31,28.72
3391000,42.16,27.1,28.07,31.69,27.28
3392000,41.12,27.18,27.38,31.72,27.11
3393000,41.47,27.04,28.16,30.68,27.5
3394000,41.82,27.68,27.17,30.11,27.38
3395000,42.51,27.51,27.76,30.11,27.28
3396000,42.46,27.59,27.13,29.63,27.01
3397000,43.14,28.09,26.04,29.27,27.19
3398000,42.83,28.3,26.25,29.34,27.37
3399000,43.64,27.84,25.1,29.02,27.18
3400000,44.3,27.67,24.76,28.34,27.7
3401000,44.77,27.62,24.58,27.76,28.15
3402000,45.82,27.88,24.86,27.55,29.25
3403000,46.3,28.16,24.51,27.77,29.33
3404000,46.22,28.07,22.8,28.38,29.39
3405000,46.88,27.4,23.03,28.4,28.15
3406000,47.41,27.5,23.03,28.7,26.93
3407000,46.43,26.94,23.25,28.72,27.46
3408000,46.57,27.01,22.83,29.48,27.57
3409000,46.48,26.49,22.36,29.7,27.28
3410000,45.21,26.36,21.67,29.77,26.93
3411000,45.8,24.77,21.85,30.25,27.35
3412000,45.79,25.72,21.75,30.23,28.01
3413000,45.68,25.45,21.89,30.18,28.22
3414000,45.45,25.69,22.43,30.01,29.18
3415000,45.61,24.97,22.69,30.29,29.25
3416000,43.19,25.03,22.84,30.77,29.11
3417000,42.09,25.55,23.29,31.12,29.35
3418000,42.67,25.32,23.26,31.86,29.08
3419000,42.95,25.57,23.71,31.87,29.57
3420000,41.8,25.78,23.99,32.33,30.04
3421000,42.19,25.95,23.5,32.17,29.61
3422000,42.21,26.17,24.18,32.35,29.67
3423000,41.58,26.31,24.28,32.65,29.02
3424000,42.46,25.91,24.09,32.9,28.41
3425000,43.35,26.28,24.01,32.65,28.7
3426000,42.86,26.37,23.51,33.33,28.42
3427000,42.75,26.62,23.85,33.31,28.64
3428000,42.7,26.49,23.52,33.87,29.7
3429000,43.24,26.69,23.77,34.36,30.48
3430000,43.33,26.74,23.75,33.55,31.71
3431000,44.54,26.28,23.89,33.29,32.92
3432000,43.84,26.34,23.24,33.13,33.29
3433000,43.78,26.8,23.66,31.44,32.74
3434000,43.08,26.75,23.05,32.14,32.96
3435000,41.7,26.57,22.7,31.17,33.23
3436000,42.73,27.07,21.67,30.81,33.52
3437000,43.08,26.77,22.19,30.9,34.08
3438000,42.47,26.48,21.91,31.68,33.64
3439000,42.04,25.92,21.8,31.87,33.99
3440000,43.28,24.86,21.59,31.56,33.49
3441000,44.05,24.54,21.31,31.55,33.75
3442000,44.05,24.61,21.28,31.71,34.26
3443000,45.08,24.32,21.57,32.3,34.92
3444000,45.85,24.23,21.6,32.32,34.72
3445000,46.75,24.59,21.58,31.24,35.0
3446000,46.0,24.13,20.63,31.67,35.02
3447000,47.46,24.06,20.12,30.48,34.08
3448000,47.88,24.45,20.19,29.87,34.14
3449000,48.51,23.93,20.28,30.11,34.55
3450000,49.49,23.88,21.07,30.37,34.64
3451000,49.49,24.65,21.23,30.29,35.34
3452000,51.82,24.88,22.05,30.5,35.34
3453000,52.28,24.91,22.82,30.23,35.48
3454000,52.26,24.85,23.15,30.35,35.4
3455000,53.53,24.53,23.69,30.12,35.08
3456000,53.81,24.28,23.38,30.32,34.61
3457000,54.13,24.76,23.77,30.16,34.51
3458000,54.69,24.77,24.83,30.58,34.81
3459000,55.88,25.16,25.32,30.6,34.56
3460000,56.17,25.58,25.56,31.16,33.96
3461000,56.68,25.63,25.88,30.88,34.86
3462000,56.87,25.92,26.22,30.24,35.22
3463000,58.33,26.3,26.37,30.41,35.39
3464000,57.76,26.11,27.01,31.17,35.97
3465000,56.71,25.43,27.53,30.45,35.74
3466000,57.32,25.61,27.87,29.78,35.74
3467000,58.29,25.32,28.29,29.16,35.87
3468000,58.86,25.67,28.54,29.45,35.75
3469000,58.52,25.28,28.81,30.0,35.07
3470000,59.23,25.72,28.95,30.46,35.04
3471000,59.6,25.88,28.61,31.13,34.65
3472000,60.89,25.66,27.65,31.85,35.32
3473000,59.5,24.78,27.63,32.41,35.0
3474000,59.22,25.31,27.83,32.73,35.44
3475000,58.05,25.56,27.04,32.62,35.89
3476000,58.26,25.97,26.62,33.15,36.4
3477000,58.15,26.54,26.46,33.07,36.84
3478000,58.02,26.17,25.21,32.91,36.3
3479000,59.23,26.61,24.37,32.3,35.86
3480000,59.95,26.13,24.35,32.4,36.03
3481000,59.99,26.53,24.61,32.24,36.01
3482000,60.44,26.06,24.11,32.85,36.65
3483000,60.52,25.87,24.21,32.87,37.55
3484000,60.66,26.27,23.59,33.79,36.94
3485000,60.89,25.99,22.94,33.55,37.3
3486000,60.31,25.9,22.72,33.43,37.61
3487000,58.67,26.36,23.11,33.84,37.91
3488000,58.56,27.41,23.27,34.27,37.75
3489000,58.22,27.0,23.51,34.29,37.96
3490000,58.79,26.82,23.84,33.16,38.59
3491000,58.38,26.92,24.11,33.55,37.92
3492000,58.21,27.33,23.9,33.64,37.41
3493000,59.43,27.2,23.99,34.34,36.77
3494000,59.36,27.55,24.12,34.83,36.23
3495000,60.78,27.14,23.9,35.5,36.53
3496000,57.98,27.3,23.89,35.83,37.03
3497000,57.14,26.37,24.92,34.83,37.21
3498000,58.35,25.73,25.14,33.86,37.18
3499000,58.18,25.93,24.76,33.58,37.43
3500000,58.16,25.53,24.71,34.0,36.51
3501000,57.78,25.78,24.93,33.21,36.69
3502000,58.72,26.44,25.28,32.64,36.57
3503000,57.75,25.89,25.27,33.73,36.47
3504000,57.08,25.9,25.58,33.93,36.07
3505000,57.43,26.55,26.02,33.57,36.51
3506000,55.66,26.55,26.15,34.9,36.43
3507000,56.07,26.75,26.42,34.71,37.0
3508000,56.59,26.95,26.34,35.0,37.61
3509000,56.83,26.73,26.1,34.55,37.42
3510000,55.62,26.09,26.65,34.45,37.84
3511000,56.42,26.19,27.22,34.3,36.87
3512000,56.78,26.5,27.45,34.79,36.8
3513000,57.16,26.83,27.87,34.8,36.94
3514000,56.32,26.73,28.23,35.15,36.57
3515000,56.81,27.48,28.78,34.41,35.89
3516000,56.95,26.95,29.63,34.38,34.47
3517000,57.49,26.48,30.09,34.65,34.29
3518000,57.95,26.97,30.68,35.1,34.31
3519000,58.87,26.76,30.53,34.53,34.4
3520000,58.36,26.64,30.97,34.55,35.23
3521000,59.2,27.03,31.04,33.56,35.51
3522000,58.72,27.07,32.14,33.85,35.46
3523000,58.73,27.34,32.38,33.03,34.83
3524000,58.25,27.07,31.73,33.26,35.23
3525000,58.12,26.74,32.35,33.94,35.65
3526000,57.62,26.78,32.54,33.77,35.37
3527000,58.34,26.94,32.9,33.78,35.08
3528000,58.27,26.59,33.04,33.79,35.65
3529000,57.88,26.62,34.05,32.04,35.76
3530000,57.43,26.94,33.91,32.17,36.49
3531000,57.31,26.58,33.6,31.31,36.9
3532000,58.21,27.24,33.08,31.9,37.08
3533000,58.79,27.03,33.13,32.17,36.64
3534000,58.8,27.05,33.38,32.4,35.93
3535000,59.74,26.46,34.0,33.28,35.86
3536000,61.0,26.4,34.44,32.79,35.1
3537000,61.28,25.44,34.35,33.01,34.81
3538000,60.02,25.47,34.4,32.81,35.06
3539000,60.04,26.17,34.74,32.3,35.15
3540000,59.75,26.84,34.69,31.99,34.34
3541000,60.03,26.55,35.09,32.0,34.48
3542000,58.82,27.36,35.62,31.95,35.04
3543000,59.19,28.17,35.26,32.05,35.75
3544000,58.7,28.49,34.13,31.17,35.88
3545000,59.48,28.35,33.41,30.98,35.37
3546000,58.59,28.46,32.35,31.73,36.03
3547000,58.59,28.53,32.96,31.32,35.43
3548000,58.38,29.09,32.42,31.44,35.67
3549000,58.94,29.07,31.56,31.18,36.24
3550000,59.19,29.43,32.58,31.97,35.77
3551000,60.13,29.7,32.64,31.62,35.78
3552000,61.2,29.78,32.53,30.73,35.68
3553000,61.15,29.64,32.45,30.64,36.08
3554000,60.28,29.37,32.65,30.76,35.14
3555000,60.04,29.03,32.07,31.15,34.47
3556000,58.93,29.6,32.47,30.87,34.24
3557000,58.24,30.42,31.83,30.54,33.73
3558000,56.68,29.86,31.87,29.72,33.27
3559000,56.54,30.14,30.69,29.07,33.41
3560000,54.67,30.19,30.17,29.53,34.23
3561000,54.05,30.39,29.34,29.25,33.93
3562000,55.4,30.46,28.48,28.76,34.72
3563000,54.67,30.7,27.01,29.03,34.89
3564000,55.14,30.74,26.37,29.99,35.01
3565000,53.95,29.63,25.88,30.03,35.53
3566000,53.33,29.4,26.05,30.19,35.92
3567000,51.75,29.23,26.55,30.4,36.09
3568000,51.74,28.27,26.45,30.57,36.86
3569000,52.31,28.57,25.51,30.99,36.63
3570000,52.07,27.66,24.47,31.08,37.41
3571000,52.24,27.42,24.51,30.83,37.91
3572000,51.9,26.55,23.89,30.89,37.89
3573000,48.48,25.93,23.96,31.21,37.89
3574000,47.07,26.34,23.36,30.56,38.87
3575000,44.91,26.38,22.94,30.56,38.98
3576000,44.62,27.33,23.45,30.05,39.27
3577000,43.78,27.78,23.8,29.74,40.05
3578000,42.55,28.13,23.92,29.34,39.37
3579000,43.01,28.19,24.68,29.99,37.93
3580000,42.39,27.22,24.8,30.32,38.85
3581000,42.27,27.41,24.65,30.14,39.29
3582000,42.07,27.95,24.65,30.31,38.62
3583000,42.07,27.87,24.96,29.68,38.88
3584000,41.6,28.19,25.24,30.24,39.34
3585000,40.92,28.24,25.5,30.48,40.12
3586000,39.94,28.07,26.25,30.39,40.49
3587000,40.85,28.51,26.75,30.45,39.91
3588000,41.55,28.68,26.83,29.69,39.41
3589000,42.65,28.88,26.65,29.49,40.28
3590000,42.89,28.52,26.96,29.13,40.99
3591000,42.65,29.01,27.63,28.68,41.64
3592000,44.19,29.19,28.22,28.61,41.1
3593000,45.06,29.32,28.7,28.68,41.26
3594000,46.02,29.5,29.01,28.45,40.31
3595000,46.57,29.73,29.68,29.07,39.81
3596000,46.45,29.66,29.43,29.55,39.47
3597000,45.99,30.28,30.14,30.46,39.61
3598000,45.08,30.33,30.32,30.14,38.56
3599000,44.67,30.04,30.16,29.93,38.13
3600000,45.32,29.55,30.34,30.45,37.96
3601000,45.27,29.24,29.54,30.81,36.32
3602000,45.75,29.34,29.6,31.06,36.69
3603000,46.54,29.77,29.79,31.57,36.87
3604000,46.77,30.01,29.98,31.43,37.29
3605000,46.9,28.68,30.42,31.46,37.66
3606000,47.47,29.04,30.24,31.12,38.47
3607000,48.16,29.25,29.01,30.96,38.21
3608000,48.39,29.47,27.71,31.87,38.22
3609000,49.59,28.59,27.44,31.16,37.64
3610000,50.22,28.8,27.73,31.54,37.71
3611000,50.84,28.95,27.83,31.05,37.48
3612000,51.16,28.97,27.06,31.7,37.79
3613000,51.85,29.65,26.52,31.59,36.57
3614000,51.94,30.15,26.08,31.15,35.98
3615000,52.86,29.95,24.98,31.54,36.11
3616000,53.72,29.99,25.55,32.56,36.85
3617000,54.23,30.49,24.77,32.6,37.49
3618000,54.68,30.29,24.52,32.55,38.21
3619000,55.41,30.28,24.09,32.63,37.49
3620000,55.4,30.17,24.3,32.03,36.99
3621000,55.79,29.4,24.38,32.27,36.97
3622000,55.95,29.81,23.69,31.21,37.65
3623000,56.13,29.44,22.58,31.69,36.7
3624000,56.95,28.69,22.35,31.86,35.57
3625000,57.0,28.2,22.45,31.94,36.32
3626000,55.78,28.16,23.34,31.93,36.52
3627000,55.7,27.32,23.28,31.9,37.34
3628000,56.2,26.77,23.76,31.4,37.43
3629000,57.05,26.29,23.72,31.11,38.19
3630000,58.24,25.6,23.93,31.32,37.88
3631000,57.22,26.03,24.11,31.32,38.35
3632000,57.31,26.1,23.98,32.05,38.91
3633000,56.96,25.48,24.71,31.12,37.91
3634000,55.47,25.42,24.65,30.88,37.51
3635000,55.74,24.97,24.54,30.59,35.43
3636000,55.97,24.65,24.86,30.09,36.11
3637000,55.7,24.64,24.48,29.92,35.92
3638000,53.97,24.21,25.65,29.95,36.65
3639000,54.32,24.0,25.89,30.14,36.57
3640000,54.55,23.65,25.96,29.04,35.28
3641000,55.32,24.12,26.29,28.57,36.08
3642000,55.36,24.7,26.71,28.98,36.85
3643000,55.42,24.5,26.91,29.49,37.78
3644000,55.21,25.5,27.32,29.36,36.63
3645000,54.78,26.09,27.59,29.08,36.47
3646000,53.65,26.17,27.79,29.06,36.23
3647000,53.65,26.34,27.49,28.88,36.47
3648000,54.32,26.21,28.0,28.33,37.13
3649000,55.5,26.4,28.09,29.03,37.13
3650000,55.8,26.4,27.67,28.78,36.39
3651000,54.35,26.76,28.3,27.85,36.36
3652000,53.66,26.97,27.91,27.66,36.94
3653000,52.94,27.44,27.92,27.9,37.69
3654000,52.93,27.31,28.15,28.19,37.91
3655000,53.88,27.95,27.64,27.44,38.94
3656000,53.68,28.19,28.0,27.27,38.52
3657000,53.41,28.46,28.58,26.74,38.27
3658000,52.79,28.8,29.15,27.24,37.25
3659000,52.99,29.15,29.27,27.4,38.3
3660000,52.97,29.21,29.47,26.8,39.16
3661000,53.21,28.68,29.85,26.88,38.81
3662000,53.46,29.07,30.27,27.08,38.76
3663000,54.19,29.09,30.07,27.76,38.65
3664000,54.19,29.68,29.2,27.37,39.5
3665000,54.96,29.83,29.07,26.79,39.59
3666000,54.92,29.97,28.78,27.76,40.01
3667000,55.25,29.68,28.92,27.71,40.08
3668000,56.36,29.23,29.45,27.31,40.3
3669000,55.89,28.72,29.2,27.7,40.43
3670000,54.83,28.98,29.59,28.11,40.77
3671000,55.06,29.55,29.75,27.98,40.81
3672000,56.0,29.58,30.2,27.99,40.56
3673000,55.54,29.51,31.02,28.33,39.25
3674000,55.51,29.95,30.96,28.82,39.85
3675000,55.75,30.02,31.75,28.84,40.2
3676000,56.76,29.74,31.88,29.13,41.05
3677000,56.4,29.8,32.88,29.11,41.45
3678000,56.37,30.47,33.17,29.05,41.71
3679000,56.41,30.4,32.94,29.85,42.02
3680000,55.04,29.82,33.39,30.12,41.01
3681000,55.38,29.87,33.0,30.06,41.12
3682000,56.75,29.61,33.03,29.56,41.47
3683000,56.97,29.06,33.18,29.64,42.0
3684000,58.6,29.42,33.77,29.66,42.01
3685000,58.68,29.1,33.27,29.25,42.36
3686000,57.84,28.15,32.89,29.28,42.59
3687000,58.28,27.72,33.25,30.26,40.97
3688000,57.43,27.93,34.0,30.26,41.14
3689000,57.8,27.37,33.41,30.73,41.24
3690000,58.0,26.8,33.27,30.41,41.84
3691000,56.55,26.93,33.75,30.54,39.61
3692000,54.93,26.59,33.78,30.36,40.47
3693000,54.93,26.38,33.97,30.42,40.59
3694000,55.75,26.71,33.61,30.31,40.36
3695000,55.32,27.11,33.44,30.41,40.05
3696000,56.12,26.51,32.65,30.11,40.11
3697000,56.75,25.72,33.12,30.37,39.39
3698000,55.91,25.96,32.86,29.63,39.53
3699000,56.56,25.49,32.25,28.78,38.63
3700000,56.73,25.54,30.23,29.28,39.29
3701000,57.34,26.02,28.62,28.7,39.5
3702000,57.37,26.41,28.92,28.7,39.9
3703000,56.36,26.37,28.79,28.94,40.34
3704000,56.6,26.48,28.89,29.68,40.8
3705000,58.12,25.43,29.27,30.32,40.88
3706000,57.47,25.83,28.77,30.02,40.89
3707000,58.01,26.11,27.98,29.89,40.6
3708000,57.53,26.36,27.5,30.3,41.06
3709000,58.06,26.14,26.79,30.58,40.63
3710000,55.22,26.2,26.33,29.79,39.35
3711000,55.27,26.81,26.21,29.98,39.28
3712000,56.0,26.95,26.12,29.73,38.67
3713000,55.02,27.12,26.29,29.34,37.98
3714000,55.27,27.3,26.44,29.83,38.3
3715000,54.87,27.96,25.79,30.12,38.04
3716000,52.51,28.11,25.62,30.16,38.02
3717000,52.75,27.4,25.46,30.48,37.4
3718000,52.82,27.42,25.47,31.02,37.13
3719000,53.63,27.96,25.68,30.29,36.4
3720000,53.14,28.38,26.15,30.12,37.33
3721000,53.49,28.76,26.46,30.51,37.45
3722000,54.46,29.72,26.34,30.54,37.51
3723000,53.84,29.24,26.41,30.77,37.02
3724000,52.61,29.47,26.53,31.33,36.89
3725000,52.71,28.97,26.66,31.18,36.71
3726000,53.74,29.02,27.25,32.09,37.22
3727000,53.5,29.33,27.27,31.82,36.97
3728000,53.49,29.42,27.69,31.6,37.56
3729000,53.91,29.5,27.45,31.65,37.0
3730000,55.33,29.6,27.59,31.31,36.97
3731000,56.38,30.24,27.82,31.99,37.76
3732000,56.15,29.98,28.39,31.59,38.02
3733000,56.17,30.34,28.71,32.08,37.22
3734000,55.29,30.31,28.79,31.98,36.85
3735000,54.14,30.57,29.1,31.14,36.41
3736000,55.64,30.36,29.27,30.68,35.9
3737000,55.95,30.07,29.58,30.5,35.69
3738000,55.1,30.85,29.54,29.69,35.67
3739000,55.55,30.33,29.8,29.28,36.23
3740000,55.78,29.91,30.6,28.47,36.19
3741000,55.43,29.58,31.02,29.27,36.55
3742000,55.22,29.95,30.55,29.45,37.73
3743000,55.47,29.95,30.89,30.19,37.66
3744000,55.74,30.01,31.48,30.35,38.15
3745000,56.25,29.76,31.61,30.27,38.39
3746000,55.75,30.5,30.92,30.9,39.04
3747000,54.31,29.59,31.46,30.37,39.17
3748000,54.14,29.46,31.45,30.13,40.26
3749000,52.31,29.23,31.96,29.54,40.25
3750000,53.35,29.57,32.89,30.0,40.95
3751000,53.84,28.79,33.32,29.78,40.11
3752000,55.0,28.27,33.02,29.17,39.76
3753000,54.71,28.32,33.48,28.97,40.16
3754000,55.05,28.48,33.63,28.81,40.58
3755000,56.11,27.93,33.81,29.54,41.6
3756000,56.15,28.28,34.1,29.03,41.92
3757000,55.4,28.22,34.61,29.09,41.88
3758000,55.65,28.43,35.24,29.68,42.86
3759000,57.34,27.67,34.26,30.42,43.22
3760000,58.04,27.5,35.05,30.71,43.37
3761000,56.8,26.99,34.94,31.43,43.43
3762000,56.8,27.25,34.71,31.76,43.41
3763000,57.75,27.27,34.83,31.84,44.36
3764000,58.42,27.73,34.66,31.83,44.53
3765000,58.3,27.33,34.77,31.56,44.47
3766000,58.07,26.56,35.26,31.89,43.91
3767000,58.53,27.15,35.81,31.68,43.37
3768000,57.92,26.67,35.35,30.87,44.39
3769000,57.05,26.68,35.04,30.44,44.24
3770000,57.08,26.84,34.98,31.1,43.94
3771000,57.33,27.12,33.68,30.54,44.37
3772000,58.6,26.68,33.91,30.87,44.58
3773000,57.91,27.14,34.25,31.38,44.96
3774000,56.44,27.47,34.44,31.71,44.91
3775000,55.27,27.24,35.39,31.62,44.33
3776000,55.72,27.23,34.61,31.28,44.14
3777000,52.98,26.86,33.36,31.68,44.89
3778000,53.53,26.67,33.93,32.01,43.37
3779000,51.71,26.91,34.05,32.56,43.14
3780000,52.25,26.74,33.99,32.56,42.91
3781000,52.94,27.6,33.14,32.22,41.58
3782000,52.81,27.57,32.22,32.26,42.35
3783000,52.78,28.1,31.59,32.17,42.89
3784000,52.79,28.65,32.3,31.8,43.41
3785000,51.91,28.73,32.83,31.18,43.9
3786000,50.98,28.49,32.87,30.42,43.66
3787000,51.15,27.84,33.08,30.43,43.87
3788000,51.15,28.08,33.59,29.89,43.21
3789000,51.04,29.05,34.15,29.71,41.87
3790000,50.3,29.43,33.76,29.18,42.29
3791000,49.19,29.81,33.55,28.5,42.0
3792000,50.38,29.31,33.77,27.77,41.61
3793000,49.28,29.3,33.74,27.44,41.63
3794000,49.91,29.56,34.42,26.9,41.9
3795000,50.1,29.78,34.04,25.96,40.62
3796000,51.13,29.8,34.0,25.95,40.53
3797000,50.71,29.94,34.76,25.96,40.18
3798000,48.83,30.19,34.45,24.22,41.26
3799000,49.48,30.52,34.71,23.88,40.84
3800000,46.88,30.18,35.16,23.64,41.07
3801000,46.77,30.69,33.95,23.6,40.71
3802000,46.07,30.8,33.61,22.92,41.65
3803000,46.85,31.3,33.84,22.17,42.31
3804000,47.09,31.28,34.37,21.62,43.04
3805000,49.04,31.03,34.05,21.51,42.49
3806000,49.54,31.27,33.9,21.67,42.36
3807000,49.88,31.39,32.75,21.42,42.39
3808000,51.31,31.65,33.34,21.45,42.15
3809000,51.89,32.18,33.49,21.86,41.23
3810000,51.17,31.59,34.32,21.8,41.47
3811000,51.23,31.71,33.45,22.15,41.67
3812000,50.46,31.47,33.2,22.72,41.66
3813000,50.67,31.86,33.01,22.42,42.06
3814000,51.66,32.9,33.3,21.99,42.06
3815000,51.96,32.17,32.41,21.88,41.47
3816000,53.47,31.76,32.62,22.66,41.18
3817000,53.78,32.17,31.77,22.59,40.87
3818000,54.75,32.65,31.92,22.46,41.13
3819000,55.36,32.55,31.65,22.84,41.74
3820000,55.74,32.67,32.03,23.27,42.23
3821000,56.23,32.61,32.26,23.65,42.62
3822000,56.48,32.51,31.31,24.05,41.67
3823000,57.84,32.75,30.75,24.8,41.64
3824000,57.37,32.57,30.09,25.61,40.79
3825000,58.65,32.06,30.71,25.96,41.14
3826000,57.86,32.44,31.11,25.96,41.13
3827000,57.23,31.93,31.54,26.58,41.55
3828000,57.27,32.31,31.41,27.03,41.58
3829000,57.74,32.13,31.29,27.64,40.95
3830000,57.47,31.61,31.03,27.96,41.2
3831000,56.26,31.95,31.55,28.87,42.57
3832000,57.02,31.69,32.22,28.91,43.37
3833000,57.39,31.66,32.37,28.99,43.85
3834000,57.23,30.96,32.52,29.74,43.42
3835000,57.11,30.68,32.93,29.5,44.14
3836000,58.06,30.54,32.56,29.81,41.53
3837000,57.36,30.07,32.61,30.42,42.37
3838000,56.16,30.16,31.77,30.76,41.88
3839000,55.53,29.29,31.43,30.89,41.15
3840000,55.54,29.28,31.3,31.15,41.61
3841000,56.55,28.48,30.76,31.43,41.07
3842000,56.68,27.52,31.5,31.5,41.54
3843000,57.87,26.93,30.94,31.8,41.21
3844000,58.49,26.41,30.02,30.79,39.99
3845000,58.95,26.14,30.23,31.05,40.34
3846000,58.71,25.94,29.99,30.59,40.84
3847000,58.42,25.55,30.32,29.59,41.26
3848000,56.58,26.02,30.75,29.25,41.74
3849000,55.0,26.38,31.4,29.1,41.21
3850000,53.68,26.05,31.48,28.64,40.17
3851000,53.99,26.05,29.97,27.76,40.35
3852000,54.63,26.87,29.53,27.69,40.69
3853000,54.44,27.29,29.37,26.42,40.63
3854000,54.43,26.75,28.01,27.01,40.87
3855000,54.36,27.03,28.68,26.29,41.48
3856000,53.52,27.31,28.8,25.67,41.62
3857000,53.77,27.26,29.42,25.72,41.61
3858000,54.79,27.29,29.23,26.36,40.66
3859000,53.73,27.63,29.91,26.11,41.03
3860000,52.19,28.05,29.57,26.64,40.54
3861000,52.19,28.67,29.61,26.55,38.7
3862000,53.88,28.25,29.51,26.21,38.77
3863000,54.79,28.54,29.19,26.32,38.38
3864000,54.36,28.88,29.07,27.02,37.52
3865000,52.98,29.81,29.69,27.44,37.95
3866000,53.78,30.08,30.35,27.29,37.84
3867000,52.82,30.12,30.54,27.04,37.51
3868000,53.76,30.67,30.75,27.16,38.07
3869000,54.05,31.11,31.48,27.64,38.63
3870000,55.49,31.27,31.47,27.96,39.03
3871000,56.39,31.65,31.38,28.59,38.42
3872000,56.79,31.76,31.89,29.04,38.57
3873000,57.13,32.33,31.58,28.87,39.11
3874000,57.13,32.3,32.17,29.34,39.59
3875000,57.72,33.03,32.02,29.56,39.28
3876000,58.22,31.82,32.99,29.77,38.59
3877000,58.03,31.76,33.0,29.99,39.33
3878000,59.34,32.22,33.82,29.59,38.42
3879000,59.11,32.07,33.47,29.8,39.11
3880000,60.42,32.47,34.05,29.87,38.23
3881000,61.38,32.34,34.57,29.85,38.37
3882000,61.14,32.17,35.48,29.43,38.78
3883000,61.62,31.9,36.2,29.15,39.52
3884000,62.03,31.8,35.44,29.15,38.71
3885000,63.37,32.03,34.25,29.43,38.99
3886000,64.29,31.16,33.08,28.64,39.1
3887000,65.18,30.47,33.67,27.84,38.99
3888000,66.14,29.79,32.91,28.17,38.54
3889000,66.24,29.46,32.72,28.58,38.85
3890000,66.47,28.71,32.59,28.97,39.15
3891000,67.44,28.61,33.44,29.23,40.07
3892000,68.63,28.75,32.45,29.73,40.11
3893000,67.32,28.52,31.85,29.89,39.29
3894000,67.42,28.3,31.47,29.89,39.95
3895000,67.84,28.22,31.14,29.64,40.41
3896000,68.09,28.41,30.26,29.88,40.04
3897000,68.69,29.07,30.75,29.84,40.47
3898000,68.25,27.71,30.22,29.43,40.18
3899000,67.91,27.84,29.72,29.01,40.19
3900000,67.84,28.38,29.74,29.03,40.4
3901000,69.16,28.61,29.79,29.37,40.56
3902000,67.19,28.57,30.02,30.17,40.46
3903000,66.97,28.57,30.17,30.12,40.93
3904000,67.84,28.1,30.0,29.63,41.76
3905000,69.21,28.57,30.15,30.5,41.68
3906000,69.68,29.25,29.01,30.43,41.47
3907000,70.85,29.54,28.27,30.94,41.96
3908000,70.2,29.0,28.02,30.32,41.35
3909000,69.67,28.49,28.49,30.61,41.56
3910000,69.99,28.84,28.55,31.04,42.46
3911000,70.95,29.03,28.99,31.43,42.91
3912000,70.61,29.41,29.49,31.41,42.28
3913000,71.6,29.94,29.92,31.36,42.67
3914000,67.89,30.48,30.21,31.66,43.11
3915000,67.45,30.63,30.19,31.61,44.4
3916000,67.77,30.76,30.83,31.85,45.34
3917000,68.58,30.83,31.0,31.58,44.25
3918000,69.47,30.66,30.94,31.69,44.45
3919000,67.03,30.9,31.66,32.11,44.32
3920000,65.83,30.45,32.39,31.52,44.84
3921000,66.41,30.06,32.56,30.8,43.61
3922000,66.96,29.49,33.22,30.91,43.48
3923000,67.45,29.37,34.06,31.4,43.64
3924000,68.31,29.18,34.28,31.6,44.55
3925000,67.17,28.39,34.44,30.89,44.6
3926000,67.06,27.82,34.79,31.14,44.65
3927000,65.14,27.32,34.93,30.16,44.94
3928000,65.14,27.3,35.11,30.74,45.52
3929000,63.38,26.53,34.68,30.3,44.21
3930000,61.99,26.24,34.01,30.4,43.98
3931000,60.81,26.48,34.97,29.8,44.44
3932000,60.67,27.44,34.28,30.3,45.44
3933000,59.53,26.71,34.09,29.68,45.4
3934000,60.26,26.97,34.12,29.66,44.87
3935000,59.72,26.7,34.45,29.53,44.88
3936000,59.47,26.07,35.17,30.4,46.06
3937000,59.69,25.92,35.29,30.72,45.5
3938000,59.58,25.81,35.35,30.21,45.0
3939000,59.69,26.07,35.15,30.59,44.32
3940000,57.77,25.7,35.55,30.68,43.78
3941000,57.64,25.95,35.86,30.11,44.5
3942000,57.88,26.47,36.34,29.45,45.0
3943000,57.0,26.84,36.54,29.33,43.43
3944000,57.94,27.04,36.69,29.77,43.53
3945000,58.8,26.67,36.82,29.7,43.43
3946000,59.22,26.62,36.15,30.08,41.97
3947000,59.37,27.3,36.6,29.89,40.86
3948000,60.32,27.52,33.75,29.81,41.12
3949000,60.78,27.49,31.96,29.85,41.97
3950000,58.6,27.64,29.43,29.55,40.19
3951000,58.42,27.77,29.0,30.21,40.83
3952000,58.73,27.85,26.81,30.22,40.63
3953000,58.09,27.97,27.16,30.48,38.53
3954000,57.27,27.79,26.92,30.44,38.31
3955000,57.95,27.41,26.69,30.68,38.4
3956000,58.45,27.63,26.02,30.95,39.07
3957000,60.25,28.09,24.14,31.49,38.96
3958000,60.03,27.77,24.27,30.99,39.48
3959000,61.44,27.96,23.42,31.85,39.61
3960000,61.96,28.15,22.36,31.67,39.43
3961000,63.02,28.81,21.08,31.86,38.57
3962000,62.8,28.77,20.12,31.89,38.3
3963000,60.53,28.4,20.47,30.74,38.21
3964000,60.88,28.68,20.59,30.97,37.63
3965000,61.89,29.1,21.59,30.76,38.1
3966000,62.13,28.96,22.6,30.63,37.07
3967000,62.38,28.83,22.35,30.56,38.18
3968000,61.56,28.23,23.14,30.24,38.53
3969000,60.73,28.95,24.3,30.21,38.55
3970000,60.48,28.91,24.81,31.19,38.26
3971000,59.54,28.82,25.05,31.22,38.21
3972000,60.17,28.55,25.42,31.51,38.74
3973000,60.98,28.61,25.88,32.09,38.25
3974000,59.57,28.79,25.86,32.02,38.13
3975000,60.59,28.73,26.17,31.24,38.0
3976000,61.59,28.85,26.91,31.0,35.92
3977000,61.98,29.04,27.7,31.62,36.28
3978000,61.48,29.35,28.14,30.46,36.9
3979000,61.92,28.97,28.07,30.43,37.78
3980000,62.51,29.27,28.53,30.63,37.82
3981000,59.67,29.18,29.34,30.94,37.8
3982000,59.91,29.65,29.79,30.92,38.27
3983000,59.54,29.37,29.56,30.64,39.22
3984000,60.48,28.21,29.85,29.7,38.51
3985000,61.44,28.37,30.38,29.14,37.96
3986000,61.22,28.88,31.14,28.91,37.89
3987000,61.09,28.46,31.78,28.89,37.66
3988000,61.0,28.19,31.25,28.63,36.6
3989000,61.81,28.18,31.75,28.39,36.82
3990000,61.81,28.16,32.38,28.36,36.52
3991000,62.32,28.28,32.4,29.54,36.96
3992000,61.93,27.71,32.39,28.99,37.7
3993000,62.9,28.15,32.42,29.14,37.67
3994000,62.72,28.62,32.33,29.4,38.82
3995000,61.33,28.23,32.15,28.71,38.71
3996000,60.98,28.77,33.2,28.76,39.37
3997000,62.11,28.99,33.54,29.02,38.85
3998000,62.88,29.08,33.76,29.78,38.15
3999000,63.6,28.88,33.9,30.18,39.14
4000000,63.82,27.68,34.89,30.66,37.31
4001000,63.54,28.27,36.0,30.71,37.45
4002000,65.34,28.56,36.79,31.02,37.62
4003000,64.34,28.22,36.35,31.66,38.28
4004000,63.6,27.94,35.31,32.06,38.19
4005000,62.89,27.95,35.32,32.33,39.15
4006000,62.27,28.15,36.16,33.08,39.49
4007000,61.3,28.01,36.31,33.11,40.36
4008000,61.74,28.85,36.28,32.44,40.91
4009000,62.45,29.22,36.44,32.52,40.53
4010000,62.79,29.0,36.1,32.83,40.67
4011000,63.39,29.15,37.11,32.99,40.66
4012000,62.37,28.97,38.1,33.45,41.3
4013000,62.37,29.21,37.14,34.16,41.06
4014000,63.18,29.44,37.09,34.65,40.45
4015000,64.23,29.24,36.23,34.42,40.59
4016000,64.12,29.45,36.71,34.58,40.49
4017000,63.4,29.51,37.71,34.78,41.37
4018000,63.19,29.27,37.52,35.66,40.67
4019000,64.84,29.4,37.55,35.32,40.91
4020000,65.07,29.65,38.26,35.38,41.37
4021000,65.45,29.23,38.37,35.7,41.37
4022000,66.76,28.4,37.89,35.3,41.43
4023000,66.25,28.64,38.63,35.67,41.3
4024000,67.18,29.08,38.56,34.3,41.3
4025000,68.43,28.98,38.96,33.43,40.39
4026000,68.0,28.16,38.49,33.66,40.43
4027000,68.03,28.5,38.12,33.76,39.43
4028000,68.17,28.65,37.83,32.78,39.34
4029000,68.43,27.26,38.04,32.51,39.36
4030000,67.24,27.57,36.37,32.81,40.25
4031000,68.1,27.46,36.6,32.69,40.81
4032000,68.31,26.68,36.74,32.78,41.23
4033000,66.85,27.14,36.59,31.82,41.21
4034000,64.4,27.03,36.0,32.13,41.47
4035000,64.73,27.27,35.22,32.61,41.89
4036000,64.57,26.79,34.5,32.26,41.33
4037000,64.96,27.15,33.7,32.52,41.7
4038000,66.14,27.68,32.64,32.68,42.19
4039000,64.46,27.82,33.69,32.54,40.68
4040000,62.97,27.93,33.82,32.75,40.27
4041000,61.33,27.66,33.26,33.01,40.29
4042000,62.5,27.98,31.96,32.8,40.8
4043000,62.69,28.2,32.22,32.6,40.55
4044000,62.0,28.32,30.97,31.7,39.72
4045000,62.17,28.43,30.52,31.65,40.43
4046000,61.69,28.79,30.55,30.82,40.92
4047000,60.75,29.23,29.75,30.57,41.36
4048000,60.56,28.86,29.33,30.71,41.85
4049000,60.56,28.21,28.2,31.35,41.79
4050000,62.17,28.8,27.68,31.54,42.72
4051000,62.18,28.8,27.23,31.7,43.44
4052000,62.18,28.97,27.14,31.67,43.71
4053000,62.72,28.81,26.81,31.63,44.63
4054000,62.91,29.65,26.72,32.0,45.07
4055000,62.93,29.82,26.64,30.44,44.43
4056000,62.44,30.27,26.35,30.35,44.98
4057000,63.12,30.31,26.77,30.62,45.92
4058000,64.07,30.84,26.07,31.11,46.13
4059000,63.37,30.05,26.59,31.84,47.0
4060000,63.61,30.23,26.2,31.87,46.45
4061000,65.27,30.63,25.87,30.8,47.47
4062000,64.81,30.95,26.57,30.99,47.54
4063000,64.6,29.97,27.36,30.41,48.69
4064000,64.26,29.9,28.15,30.33,49.17
4065000,64.53,29.62,27.91,30.48,49.17
4066000,63.33,29.87,28.03,30.78,48.29
4067000,63.33,29.3,27.88,30.87,49.16
4068000,63.74,29.41,28.2,30.55,49.04
4069000,64.26,28.76,28.66,31.26,48.67
4070000,64.25,29.0,29.36,32.04,48.67
4071000,62.87,29.63,29.69,31.8,47.7
4072000,62.97,29.73,30.26,32.44,48.06
4073000,62.52,30.0,30.21,32.94,48.09
4074000,63.0,30.63,30.87,33.32,48.99
4075000,63.33,30.28,31.55,33.17,49.5
4076000,61.28,29.9,31.6,33.61,49.16
4077000,60.96,29.95,31.92,33.04,50.46
4078000,61.49,29.54,31.74,33.22,51.12
4079000,62.69,28.4,31.98,33.18,51.75
4080000,63.84,27.58,32.5,33.81,51.26
4081000,63.96,27.85,32.41,33.71,51.23
4082000,65.06,27.94,33.09,34.18,51.73
4083000,65.06,27.86,33.72,35.1,52.69
4084000,66.9,27.37,33.57,33.94,52.95
4085000,66.61,27.09,34.34,33.64,52.47
4086000,65.81,26.9,34.93,33.13,51.21
4087000,65.93,27.18,35.89,33.59,50.96
4088000,66.65,27.24,36.55,34.14,49.59
4089000,66.85,27.19,36.89,35.37,47.97
4090000,68.29,27.61,37.71,35.3,47.43
4091000,68.4,27.45,38.23,35.49,47.33
4092000,67.27,27.28,38.87,35.2,45.72
4093000,67.27,26.42,39.55,35.28,44.54
4094000,68.71,26.17,39.32,35.28,44.75
4095000,67.18,26.36,37.98,36.22,42.8
4096000,66.8,25.84,38.06,36.34,42.87
4097000,67.46,25.21,38.46,36.94,42.87
4098000,66.35,26.01,39.4,35.51,43.05
4099000,65.1,26.7,39.8,35.85,41.8
4100000,64.22,27.03,39.15,35.95,42.28
4101000,64.66,27.28,38.49,35.12,42.75
4102000,63.44,27.97,38.79,34.58,42.94
4103000,63.68,28.16,38.41,34.74,42.8
4104000,63.21,28.14,39.06,34.88,43.11
4105000,63.21,27.98,39.17,34.82,42.72
4106000,61.64,27.98,38.95,34.31,40.58
4107000,59.55,27.84,39.63,32.6,39.69
4108000,59.55,27.85,39.63,33.09,38.45
4109000,58.98,28.37,39.49,32.77,38.63
4110000,60.17,28.29,39.2,33.22,37.3
4111000,60.0,28.1,39.11,33.63,37.57
4112000,56.96,28.5,39.69,33.67,36.79
4113000,57.66,27.73,40.11,33.63,36.15
4114000,57.86,27.68,40.01,32.83,37.02
4115000,57.22,27.76,40.17,32.22,37.2
4116000,57.7,27.89,40.22,32.38,37.68
4117000,57.78,28.34,39.02,32.28,38.13
4118000,58.49,28.0,37.37,31.94,39.09
4119000,58.02,28.18,36.93,30.13,39.01
4120000,58.94,28.12,36.66,29.79,39.3
4121000,59.22,28.6,36.12,29.72,39.19
4122000,58.89,28.24,35.54,30.16,38.83
4123000,57.81,27.96,35.53,29.94,39.25
4124000,57.82,28.57,35.55,29.97,39.07
4125000,55.27,28.92,36.05,29.94,39.32
4126000,56.47,29.32,35.81,29.12,39.55
4127000,57.07,29.44,36.01,29.38,40.04
4128000,58.02,29.18,36.28,29.13,40.11
4129000,57.75,29.59,36.95,29.56,40.05
4130000,57.74,29.47,37.08,30.11,40.47
4131000,57.99,29.49,37.93,30.64,38.95
4132000,58.06,29.34,37.45,31.29,38.95
4133000,58.03,29.38,37.17,31.27,39.86
4134000,58.28,28.68,36.24,31.14,39.35
4135000,58.13,28.72,35.63,30.67,39.17
4136000,56.92,29.62,35.85,31.47,39.9
4137000,57.65,29.37,36.59,31.06,40.78
4138000,58.19,30.14,37.12,32.07,41.04
4139000,57.49,30.49,38.06,31.98,41.05
4140000,56.36,31.07,37.78,31.01,41.21
4141000,56.82,31.24,37.41,30.75,41.78
4142000,57.16,30.42,36.86,31.44,42.16
4143000,56.49,30.32,36.54,31.43,42.99
4144000,56.43,29.97,37.28,32.03,42.83
4145000,57.67,29.62,37.98,32.31,42.79
4146000,57.86,29.69,38.12,32.54,42.23
4147000,58.24,29.7,38.94,32.99,42.94
4148000,58.65,29.67,38.61,33.02,42.15
4149000,58.17,27.73,38.39,33.75,42.6
4150000,58.89,27.36,38.94,34.51,41.38
4151000,59.11,27.27,39.12,34.86,41.82
4152000,60.92,27.46,39.9,35.43,41.85
4153000,60.58,26.93,40.1,35.27,42.12
4154000,62.37,27.28,40.01,36.01,43.06
4155000,62.73,27.12,39.13,36.01,43.16
4156000,61.09,27.37,37.97,35.43,43.98
4157000,60.85,28.52,38.3,34.75,44.61
4158000,62.38,28.69,35.61,33.0,45.08
4159000,61.23,27.57,35.38,33.09,45.93
4160000,61.35,27.54,35.19,32.9,46.41
4161000,62.42,27.09,35.06,32.66,46.62
4162000,60.53,27.02,34.89,32.59,46.57
4163000,59.83,26.6,33.55,33.05,46.35
4164000,58.61,26.92,32.4,32.43,45.7
4165000,59.01,28.15,31.45,32.68,45.7
4166000,59.48,28.65,31.54,32.64,46.23
4167000,58.7,28.58,31.03,32.88,45.74
4168000,58.86,28.82,30.32,32.93,46.29
4169000,58.87,29.33,29.34,33.11,46.72
4170000,58.09,29.72,28.32,33.12,46.83
4171000,56.89,29.98,28.28,32.64,46.88
4172000,56.43,30.3,27.93,32.83,46.17
4173000,55.95,29.67,28.27,32.57,45.76
4174000,56.16,29.8,27.12,31.4,45.4
4175000,54.63,29.48,26.65,29.79,45.65
4176000,54.87,29.69,26.76,29.25,46.12
4177000,55.34,30.23,26.03,28.35,44.73
4178000,54.38,29.97,26.0,28.11,45.71
4179000,54.86,30.76,26.09,28.08,45.48
4180000,55.99,30.61,26.12,27.87,45.67
4181000,56.31,30.6,26.19,28.51,46.26
4182000,56.9,31.03,25.61,28.45,45.84
4183000,56.98,29.89,25.81,27.79,45.49
4184000,57.46,30.54,25.5,27.24,45.31
4185000,58.71,30.78,25.69,26.93,45.25
4186000,58.66,31.21,25.63,25.98,44.95
4187000,58.28,30.81,26.04,25.66,45.16
4188000,57.12,30.85,25.84,25.07,44.77
4189000,58.56,31.12,26.39,24.77,45.01
4190000,57.57,29.47,26.78,24.14,44.51
4191000,57.31,29.84,26.89,24.27,42.97
4192000,58.21,29.9,27.37,24.46,42.75
4193000,55.67,30.3,28.21,24.99,42.76
4194000,55.04,30.09,28.65,24.61,41.86
4195000,54.89,29.01,28.59,24.82,42.09
4196000,55.0,28.33,28.69,25.09,41.73
4197000,55.13,28.84,28.43,24.99,43.23
4198000,55.56,29.01,29.16,25.34,43.81
4199000,55.82,29.78,29.47,25.65,43.93
4200000,54.81,30.01,29.79,25.92,43.35
4201000,55.37,29.84,30.46,26.05,42.54
4202000,54.72,30.64,31.17,26.2,42.95
4203000,55.06,30.1,31.81,26.4,43.71
4204000,55.43,29.74,31.76,26.95,42.77
4205000,55.94,30.51,33.05,26.62,42.51
4206000,56.55,30.78,33.66,27.16,43.61
4207000,56.12,31.04,33.11,27.31,43.27
4208000,58.11,30.85,33.5,27.01,42.73
4209000,58.35,30.65,33.63,26.78,42.88
4210000,59.3,30.6,33.89,26.68,42.37
4211000,59.44,31.0,33.88,26.81,42.92
4212000,60.16,30.97,34.67,25.87,43.43
4213000,60.1,31.07,34.82,25.49,43.45
4214000,60.59,31.8,35.01,26.02,42.32
4215000,61.07,31.05,35.05,26.13,42.34
4216000,61.7,31.33,34.65,26.6,42.95
4217000,61.42,30.94,34.6,26.64,42.6
4218000,62.26,30.45,34.67,26.65,43.7
4219000,62.78,30.02,34.45,27.07,44.06
4220000,63.17,30.74,34.37,27.21,43.46
4221000,62.96,31.01,33.7,27.23,43.37
4222000,62.74,31.04,34.63,26.89,42.96
4223000,63.18,31.49,34.63,26.88,42.49
4224000,63.64,32.24,35.64,26.73,43.19
4225000,64.08,32.42,35.0,26.71,43.49
4226000,64.33,31.83,35.13,27.39,42.55
4227000,65.07,31.06,34.42,27.09,42.17
4228000,65.55,31.35,33.69,27.54,42.67
4229000,64.37,31.38,33.75,28.03,41.48
4230000,63.66,30.64,32.86,27.89,41.22
4231000,64.46,30.82,31.97,28.08,40.7
4232000,65.08,31.31,32.12,28.87,41.13
4233000,63.18,30.94,31.83,29.2,42.11
4234000,63.44,30.64,32.44,28.61,40.94
4235000,63.67,31.22,32.8,28.92,40.58
4236000,64.54,31.27,32.73,29.64,41.18
4237000,66.05,30.95,33.46,29.45,40.14
4238000,66.97,30.4,34.27,28.74,41.09
4239000,65.52,29.84,33.53,28.69,41.95
4240000,64.62,30.09,33.01,29.01,42.33
4241000,65.74,29.91,32.87,30.14,42.96
4242000,65.51,29.68,32.96,29.71,42.46
4243000,66.4,29.67,32.64,30.16,42.21
4244000,65.92,30.66,32.89,30.3,42.42
4245000,66.71,31.19,31.45,29.95,41.88
4246000,66.23,30.65,31.63,29.53,43.2
4247000,66.43,30.65,30.47,29.18,44.19
4248000,67.0,31.13,30.29,29.03,42.84
4249000,67.74,30.95,30.29,28.55,43.33
4250000,68.45,29.59,30.5,27.14,43.58
4251000,68.55,29.47,31.17,26.69,43.75
4252000,70.0,30.11,31.88,26.11,43.78
4253000,68.98,29.77,32.13,25.75,43.11
4254000,69.91,29.22,32.86,26.15,43.25
4255000,70.43,28.72,32.88,24.59,44.0
4256000,69.25,29.12,33.77,24.27,44.69
4257000,69.93,28.61,33.77,24.49,43.82
4258000,69.81,28.98,34.61,22.96,43.3
4259000,70.58,28.41,34.29,22.48,43.78
4260000,70.58,28.54,35.01,21.2,43.59
4261000,68.91,28.47,35.92,20.64,44.13
4262000,68.52,29.01,35.7,20.17,44.36
4263000,68.52,29.36,35.94,19.42,44.97
4264000,69.17,29.1,35.91,18.63,45.33
4265000,68.93,28.35,35.02,18.59,45.14
4266000,69.64,28.44,34.87,18.72,44.8
4267000,68.47,27.22,35.08,18.78,45.97
4268000,68.0,27.18,36.11,18.6,46.34
4269000,68.01,27.24,36.73,18.53,46.32
4270000,68.26,27.19,36.81,18.35,46.55
4271000,68.73,27.19,37.62,18.44,45.93
4272000,68.79,27.14,37.73,18.6,44.58
4273000,68.61,27.37,38.18,18.65,44.62
4274000,68.12,27.27,38.7,19.36,44.28
4275000,67.31,27.75,38.6,19.68,44.49
4276000,67.39,28.33,39.48,19.88,45.28
4277000,67.84,28.05,40.28,20.09,45.6
4278000,67.46,28.08,40.71,20.51,45.03
4279000,67.48,28.09,40.55,21.1,45.98
4280000,66.86,27.51,40.48,21.44,47.14
4281000,66.39,27.25,39.97,21.52,47.25
4282000,67.05,26.77,40.27,21.87,46.59
4283000,67.5,26.23,40.44,21.57,46.46
4284000,67.09,26.16,40.11,21.66,46.73
4285000,65.55,26.17,40.0,21.72,46.7
4286000,65.78,26.66,39.83,21.69,47.03
4287000,65.39,27.01,39.91,21.24,47.32
4288000,66.19,27.16,39.13,21.68,47.58
4289000,64.61,27.49,39.97,21.9,47.65
4290000,65.28,28.15,39.38,21.71,47.6
4291000,64.91,27.4,38.11,21.65,46.69
4292000,64.66,27.09,37.95,21.79,47.4
4293000,64.92,26.41,37.03,21.59,48.19
4294000,64.44,26.84,36.85,21.56,48.61
4295000,64.49,26.67,37.18,21.26,49.87
4296000,65.14,26.17,36.45,21.14,49.47
4297000,64.16,25.41,35.41,21.37,49.91
4298000,64.12,25.35,35.36,21.51,49.52
4299000,63.88,24.89,35.84,21.74,50.23
4300000,64.92,25.06,34.01,21.93,50.24
4301000,64.23,24.99,31.72,21.96,49.09
4302000,62.99,25.55,31.48,21.69,49.53
4303000,63.35,26.27,31.04,21.74,48.3
4304000,62.66,27.02,29.88,21.44,48.63
4305000,63.9,27.06,30.06,21.29,48.83
4306000,64.09,27.7,29.39,21.25,49.93
4307000,64.27,28.14,28.17,21.59,49.3
4308000,64.51,27.7,28.74,21.83,50.87
4309000,64.2,27.65,28.06,22.08,50.8
4310000,64.48,27.53,27.88,21.98,51.75
4311000,64.6,26.63,26.98,22.03,52.25
4312000,65.59,27.71,27.45,22.41,51.83
4313000,65.61,27.98,27.57,22.81,52.05
4314000,65.21,28.35,28.38,23.42,52.22
4315000,65.18,28.57,28.42,23.46,50.32
4316000,66.43,29.21,28.3,23.5,49.95
4317000,64.52,29.33,27.82,23.92,49.71
4318000,65.49,29.35,28.04,23.35,48.82
4319000,64.41,29.2,28.84,23.13,48.57
4320000,64.51,29.59,28.42,23.58,48.6
4321000,64.77,30.06,27.87,23.58,47.1
4322000,65.06,30.62,28.24,23.91,47.02
4323000,65.05,31.16,28.14,24.08,47.38
4324000,65.18,31.55,27.84,24.39,47.45
4325000,64.71,32.09,27.72,25.13,47.95
4326000,64.72,32.2,28.47,24.92,48.19
4327000,65.1,31.94,28.64,24.49,48.77
4328000,66.21,30.78,28.56,24.82,49.87
4329000,67.15,30.31,28.9,24.94,50.44
4330000,67.1,30.49,28.38,24.94,50.74
4331000,66.97,29.54,28.75,25.31,49.68
4332000,67.2,29.58,28.63,24.21,50.29
4333000,68.1,29.03,28.54,24.25,49.83
4334000,67.96,29.15,28.8,23.86,49.75
4335000,67.94,29.9,29.25,23.57,51.15
4336000,68.89,30.48,28.27,23.86,51.36
4337000,69.26,29.17,28.29,24.32,50.43
4338000,69.17,29.82,28.27,24.64,50.93
4339000,69.6,29.7,28.99,24.73,51.07
4340000,70.07,28.85,29.21,25.17,50.75
4341000,70.07,28.72,29.7,24.26,50.59
4342000,71.74,29.01,29.95,24.15,51.07
4343000,71.69,29.35,30.45,24.2,50.52
4344000,72.12,28.49,31.2,23.78,49.08
4345000,71.4,28.17,30.89,23.87,48.99
4346000,72.35,28.15,31.58,23.95,47.52
4347000,72.47,28.97,32.2,24.17,47.66
4348000,72.81,29.1,32.56,24.79,48.56
4349000,71.44,28.59,32.68,25.03,47.4
4350000,71.58,28.85,32.91,25.23,48.13
4351000,72.6,29.22,33.74,25.42,48.46
4352000,70.97,29.28,34.28,25.58,48.44
4353000,70.97,28.66,34.63,25.48,49.26
4354000,71.75,28.55,34.72,25.48,49.31
4355000,70.49,28.09,34.94,25.93,50.42
4356000,71.45,28.2,35.32,25.29,50.76
4357000,70.47,28.1,34.94,25.54,50.77
4358000,70.75,27.63,35.64,25.64,51.47
4359000,70.41,27.64,35.76,25.31,52.11
4360000,70.49,27.59,35.81,25.25,51.75
4361000,70.56,27.52,35.95,25.8,51.5
4362000,70.11,27.67,36.22,25.21,51.26
4363000,70.72,28.28,36.47,24.63,52.1
4364000,69.38,28.24,36.57,24.62,51.84
4365000,68.71,28.7,36.61,23.97,51.65
4366000,68.94,28.35,37.01,24.0,51.65
4367000,68.05,28.33,37.08,24.1,50.56
4368000,67.17,28.37,37.33,23.61,50.12
4369000,66.76,28.32,37.23,23.32,49.29
4370000,67.65,27.5,37.34,23.42,47.74
4371000,67.55,27.0,35.58,23.7,47.81
4372000,66.88,27.5,34.91,23.58,48.08
4373000,66.25,27.42,34.35,23.55,48.5
4374000,66.96,27.83,34.09,23.74,48.71
4375000,67.91,28.33,33.31,23.6,48.69
4376000,67.93,28.26,33.48,23.13,48.95
4377000,66.15,28.78,32.18,23.44,49.11
4378000,65.96,28.65,32.07,23.83,49.34
4379000,65.63,28.99,31.78,23.57,48.6
4380000,63.28,28.82,30.35,23.86,49.18
4381000,63.53,29.07,30.48,24.05,49.36
4382000,61.0,29.13,29.77,24.05,49.91
4383000,60.48,28.93,29.13,24.3,49.96
4384000,60.21,28.3,29.22,23.95,50.89
4385000,60.02,28.88,29.48,23.4,50.72
4386000,57.31,29.04,28.91,23.63,50.62
4387000,56.83,28.53,28.59,23.58,50.65
4388000,57.13,27.68,29.08,23.57,50.94
4389000,57.26,27.93,28.48,23.22,51.88
4390000,56.3,27.73,28.37,23.39,52.12
4391000,56.45,28.49,28.71,22.99,50.26
4392000,56.68,28.6,28.95,23.02,49.23
4393000,56.28,28.47,28.75,23.5,49.57
4394000,56.29,28.84,28.74,23.86,50.28
4395000,55.52,28.51,29.22,23.74,51.16
4396000,56.48,28.82,29.16,23.36,51.37
4397000,55.66,28.68,29.74,22.87,50.54
4398000,55.6,28.04,29.97,22.86,49.69
4399000,55.73,28.8,30.31,22.5,48.95
4400000,56.31,28.64,30.03,22.28,48.94
4401000,55.54,28.6,30.4,22.47,49.34
4402000,54.25,28.75,30.35,22.51,49.94
4403000,52.97,28.66,30.18,22.81,49.26
4404000,53.23,29.16,30.43,23.19,48.48
4405000,54.65,29.08,31.27,23.64,49.23
4406000,53.95,29.21,31.77,23.92,49.16
4407000,53.85,29.55,32.11,23.68,49.82
4408000,54.25,29.31,32.45,23.84,48.92
4409000,55.92,29.79,32.92,24.38,49.7
4410000,56.18,29.95,33.41,25.14,48.9
4411000,55.74,29.82,33.18,25.48,48.91
4412000,56.03,30.15,33.49,25.53,49.03
4413000,56.85,30.5,33.6,25.5,49.16
4414000,56.27,31.05,33.29,25.84,49.9
4415000,56.76,30.77,33.43,26.51,49.48
4416000,54.74,30.11,34.13,27.04,50.15
4417000,54.65,30.08,34.93,27.06,50.83
4418000,55.19,30.24,35.33,27.04,51.63
4419000,54.68,31.39,34.19,27.13,52.11
4420000,55.18,31.04,34.79,27.21,51.9
4421000,56.36,30.83,34.21,27.32,51.85
4422000,56.71,31.37,34.56,27.22,51.35
4423000,56.37,31.52,34.91,27.35,50.94
4424000,56.71,30.55,35.22,27.33,51.41
4425000,57.4,30.35,35.75,26.67,51.85
4426000,58.46,30.61,36.89,26.52,52.16
4427000,58.32,30.93,35.91,26.68,51.24
4428000,59.27,30.71,36.08,26.11,51.49
4429000,58.57,31.09,36.52,24.99,51.48
4430000,59.42,31.23,36.72,24.95,52.18
4431000,59.47,31.32,37.29,25.06,52.77
4432000,60.38,30.78,37.37,24.17,52.55
4433000,59.24,31.34,37.46,23.75,51.98
4434000,59.41,31.01,37.9,23.05,50.6
4435000,59.74,30.56,38.39,23.15,51.31
4436000,58.78,31.44,37.99,22.99,52.45
4437000,57.94,30.86,38.13,22.83,52.89
4438000,58.6,31.69,38.61,23.16,53.04
4439000,58.18,31.41,37.97,23.03,50.88
4440000,58.49,30.84,37.72,23.36,51.34
4441000,58.87,30.94,37.59,22.65,51.91
4442000,59.99,31.58,38.16,22.6,52.01
4443000,59.99,32.13,38.17,22.42,52.54
4444000,61.2,31.0,38.89,22.11,52.09
4445000,60.15,30.65,39.49,22.3,51.88
4446000,60.86,31.37,39.27,21.64,52.55
4447000,60.87,30.24,38.6,21.22,52.19
4448000,61.7,30.66,38.3,20.19,51.4
4449000,62.89,31.05,39.2,18.3,52.27
4450000,63.73,30.83,38.72,16.25,52.27
4451000,63.26,31.51,39.26,13.57,51.91
4452000,62.68,30.77,40.52,11.72,50.61
4453000,62.47,31.67,38.58,10.24,48.65
4454000,63.03,31.63,38.75,8.37,47.15
4455000,63.61,30.88,37.01,7.33,46.67
4456000,63.61,30.99,36.82,6.85,46.77
4457000,63.61,30.71,36.72,6.78,46.35
4458000,64.55,30.5,35.32,6.83,47.16
4459000,65.58,30.12,34.23,6.85,46.61
4460000,63.86,29.17,33.92,6.94,47.13
4461000,64.12,29.54,32.68,6.98,46.13
4462000,65.17,29.67,32.18,7.02,47.46
4463000,64.14,30.17,31.59,7.1,46.87
4464000,64.91,30.71,30.11,7.01,45.65
4465000,65.65,30.97,29.44,6.88,44.31
4466000,65.62,29.91,27.74,6.79,44.6
4467000,65.1,29.53,26.75,6.83,45.09
4468000,66.22,30.1,26.23,6.79,42.8
4469000,67.18,31.2,25.64,6.81,43.38
4470000,66.7,31.37,24.88,6.7,43.14
4471000,65.2,31.08,24.2,6.54,44.04
4472000,66.1,31.23,23.52,6.57,44.83
4473000,62.79,31.64,23.48,6.61,45.42
4474000,63.36,31.88,23.73,6.71,45.82
4475000,62.42,31.78,24.04,6.77,44.91
4476000,62.86,31.99,24.37,6.72,45.1
4477000,63.11,31.78,24.84,6.62,45.91
4478000,64.28,31.82,25.04,6.66,46.16
4479000,64.99,32.53,25.28,6.71,46.62
4480000,64.63,32.25,25.58,6.75,46.56
4481000,65.41,31.48,25.24,6.66,45.79
4482000,65.45,32.77,24.84,6.75,47.21
4483000,65.54,32.56,24.91,6.71,46.7
4484000,65.17,33.21,25.14,6.95,47.34
4485000,66.38,33.49,25.99,7.5,46.45
4486000,67.58,33.66,26.07,7.88,46.58
4487000,67.51,33.92,25.99,8.3,47.43
4488000,67.79,34.68,26.71,8.86,47.89
4489000,68.61,33.88,26.45,9.32,48.28
4490000,68.56,33.95,26.6,9.95,48.56
4491000,68.5,32.67,27.14,10.24,49.45
4492000,64.92,32.0,27.53,10.66,49.57
4493000,64.92,32.42,27.76,10.91,49.65
4494000,65.73,32.24,27.82,11.34,50.24
4495000,65.98,31.86,27.08,11.74,49.35
4496000,66.4,31.65,26.85,12.0,50.02
4497000,65.97,31.0,25.83,12.35,49.86
4498000,65.31,31.41,26.31,12.49,49.6
4499000,65.04,31.83,25.55,12.79,48.71
4500000,64.99,31.02,25.13,13.4,48.64
4501000,65.33,31.42,25.67,14.09,49.58
4502000,65.81,31.07,25.89,14.69,50.06
4503000,66.07,30.94,26.12,15.14,50.67
4504000,62.56,30.85,25.82,15.45,51.25
4505000,62.42,30.7,25.19,15.8,51.3
4506000,62.24,29.07,25.4,16.26,51.48
4507000,63.62,29.8,25.94,16.57,51.21
4508000,64.23,30.45,25.29,16.8,50.56
4509000,63.07,29.65,24.89,16.98,50.38
4510000,63.44,29.81,24.14,17.42,49.55
4511000,64.4,30.51,23.95,17.58,48.52
4512000,63.44,30.48,24.67,17.84,48.32
4513000,62.98,30.68,24.68,18.14,48.35
4514000,63.48,30.44,24.98,18.2,47.43
4515000,62.77,31.09,25.07,18.83,47.22
4516000,61.09,31.15,25.25,19.36,47.39
4517000,61.0,31.06,26.17,19.59,48.11
4518000,61.55,31.15,25.76,19.91,47.63
4519000,61.53,30.06,26.23,20.15,47.21
4520000,63.02,30.16,26.52,20.24,47.93
4521000,63.87,30.01,26.5,20.38,47.56
4522000,63.44,29.68,26.15,20.73,46.52
4523000,62.83,28.79,26.66,21.04,47.0
4524000,61.55,29.04,27.39,21.51,46.64
4525000,60.45,28.96,27.74,21.87,47.01
4526000,60.67,28.46,28.19,22.09,46.15
4527000,59.95,27.78,28.74,22.35,45.39
4528000,59.12,27.85,28.43,23.18,45.95
4529000,58.43,28.25,29.17,23.97,45.79
4530000,58.03,27.35,29.01,23.92,46.31
4531000,58.14,27.38,30.24,23.53,45.84
4532000,58.14,27.82,30.39,23.68,44.75
4533000,58.29,28.78,31.05,23.74,45.29
4534000,58.53,28.76,30.99,23.73,44.39
4535000,59.3,28.13,32.03,23.62,44.17
4536000,59.5,28.03,32.22,23.67,44.67
4537000,58.63,28.06,32.27,23.83,44.26
4538000,58.79,28.81,32.64,24.42,45.41
4539000,58.31,27.74,32.23,24.47,45.45
4540000,57.42,28.32,32.57,24.6,44.59
4541000,57.81,28.09,32.87,24.87,45.32
4542000,58.8,27.97,33.09,24.99,46.47
4543000,59.28,28.73,33.58,24.79,46.94
4544000,58.51,28.31,33.86,25.01,46.94
4545000,58.99,28.58,33.83,25.59,46.82
4546000,59.0,28.93,34.72,25.25,47.27
4547000,58.6,29.52,34.82,25.41,48.91
4548000,59.15,29.16,34.45,24.48,48.61
4549000,60.43,29.22,34.44,24.71,49.21
4550000,61.72,29.29,35.53,24.9,49.94
4551000,62.34,29.33,35.56,25.71,50.09
4552000,61.0,30.11,36.65,26.09,50.77
4553000,61.71,30.31,37.54,26.28,51.01
4554000,61.38,29.97,36.77,26.13,51.1
4555000,62.34,30.9,36.46,25.88,51.05
4556000,62.52,31.39,36.3,26.01,50.47
4557000,62.53,30.39,36.88,26.47,50.53
4558000,63.0,28.83,37.28,26.16,49.87
4559000,62.76,29.4,36.68,26.83,50.9
4560000,63.24,29.79,36.13,26.61,51.62
4561000,63.61,29.2,35.45,26.75,52.11
4562000,63.47,28.64,35.41,26.6,52.36
4563000,63.5,29.52,34.4,26.76,52.42
4564000,64.61,29.37,33.98,27.2,52.16
4565000,64.64,29.93,33.3,26.8,52.21
4566000,61.37,30.14,32.86,26.61,53.51
4567000,60.61,30.65,33.17,26.72,54.4
4568000,60.94,30.3,33.33,27.06,54.44
4569000,60.11,30.81,32.13,27.21,55.62
4570000,60.77,31.11,31.9,27.69,55.67
4571000,61.41,31.08,30.86,28.44,55.22
4572000,61.17,31.17,31.64,27.95,55.18
4573000,61.43,31.81,31.58,27.89,56.36
4574000,63.55,31.77,31.92,27.16,57.07
4575000,63.0,32.0,32.65,27.07,58.22
4576000,63.56,32.46,32.05,27.45,57.92
4577000,63.55,32.64,31.54,27.34,59.19
4578000,63.61,33.15,31.37,27.56,58.22
4579000,62.89,33.72,30.65,27.42,57.49
4580000,61.53,33.93,31.44,27.61,57.94
4581000,61.18,33.76,31.98,27.54,56.2
4582000,60.97,32.93,31.89,28.41,55.93
4583000,60.95,33.03,32.72,28.53,56.35
4584000,59.61,33.45,32.51,28.43,56.31
4585000,58.15,33.77,32.57,27.99,56.79
4586000,57.81,33.5,32.75,28.14,57.76
4587000,58.78,33.73,33.51,27.86,58.7
4588000,58.56,34.0,33.74,27.74,58.41
4589000,58.19,34.32,33.61,27.65,58.76
4590000,57.15,34.47,34.27,28.91,58.08
4591000,54.62,33.93,34.38,28.21,58.29
4592000,54.62,34.26,35.46,27.88,57.49
4593000,53.71,33.04,36.29,27.57,55.48
4594000,51.43,32.88,35.14,27.63,55.1
4595000,49.23,32.86,35.08,28.0,55.08
4596000,49.41,33.5,34.88,28.42,55.48
4597000,48.44,32.96,35.02,28.52,55.02
4598000,48.32,33.67,35.61,29.12,54.86
4599000,46.47,33.84,35.66,29.02,55.74
4600000,46.81,34.45,34.95,28.27,53.13
4601000,47.43,33.41,33.45,28.08,52.51
4602000,47.89,32.75,33.16,27.56,52.95
4603000,48.18,33.02,32.61,26.48,53.64
4604000,49.08,32.9,33.07,26.21,53.24
4605000,49.58,32.63,32.3,26.12,52.99
4606000,50.07,32.78,31.22,26.07,52.14
4607000,49.59,32.19,30.96,26.45,52.28
4608000,47.93,32.51,31.39,27.08,52.13
4609000,46.73,32.48,30.78,27.76,52.37
4610000,47.38,32.91,30.1,27.3,52.96
4611000,47.61,32.27,29.13,26.99,52.44
4612000,47.62,32.26,29.12,26.33,52.95
4613000,47.16,32.6,28.18,26.55,50.64
4614000,47.41,32.27,28.36,26.2,50.8
4615000,47.86,31.8,27.62,25.84,51.45
4616000,48.04,31.84,27.85,25.63,51.05
4617000,47.93,31.2,28.52,25.41,51.42
4618000,47.68,31.34,28.92,26.11,51.29
4619000,48.13,32.03,27.99,26.05,52.15
4620000,47.92,32.84,28.48,26.47,52.92
4621000,48.07,32.49,28.52,26.65,53.19
4622000,48.1,33.11,29.21,26.77,52.52
4623000,47.27,32.63,29.04,26.51,53.44
4624000,45.14,32.91,29.39,26.72,51.29
4625000,45.38,33.35,30.04,26.09,50.42
4626000,44.63,32.73,30.17,25.54,49.7
4627000,44.55,31.94,29.83,25.38,50.56
4628000,44.52,32.68,30.38,25.36,49.95
4629000,45.27,33.62,30.12,24.85,50.46
4630000,45.13,34.15,30.53,24.95,51.5
4631000,45.23,34.45,30.06,25.09,51.36
4632000,45.06,34.39,30.44,25.38,52.33
4633000,46.08,33.81,30.31,25.45,53.2
4634000,46.75,33.36,30.07,25.34,53.05
4635000,46.56,32.59,30.55,26.15,54.01
4636000,47.43,32.93,31.09,26.14,53.56
4637000,47.89,32.55,31.1,25.92,53.73
4638000,43.8,32.6,31.66,24.43,52.25
4639000,44.69,32.6,32.13,24.1,53.17
4640000,44.25,32.63,31.95,23.9,53.82
4641000,44.57,32.35,32.13,24.19,54.3
4642000,43.91,32.4,31.33,24.48,55.59
4643000,43.83,31.99,31.14,25.0,55.69
4644000,43.33,32.25,31.18,25.34,55.83
4645000,43.31,32.28,29.76,25.61,55.32
4646000,40.88,32.42,29.6,25.86,55.89
4647000,41.28,31.67,30.04,26.18,54.97
4648000,40.66,30.82,29.39,25.58,54.55
4649000,39.42,30.75,29.88,25.21,54.08
4650000,39.34,31.16,29.89,24.99,53.1
4651000,39.78,30.42,30.26,24.58,53.71
4652000,39.16,30.72,30.11,24.58,54.24
4653000,40.08,31.3,30.13,25.39,53.72
4654000,40.76,31.75,30.26,24.71,53.64
4655000,41.07,31.15,30.73,24.85,52.87
4656000,39.78,30.46,29.61,25.07,53.59
4657000,39.96,30.25,29.83,25.96,54.49
4658000,40.27,30.3,29.43,26.34,55.09
4659000,39.77,30.64,29.41,26.29,55.44
4660000,40.45,30.71,29.48,26.54,55.23
4661000,40.27,30.73,29.38,26.39,55.75
4662000,38.69,31.04,29.19,26.49,55.18
4663000,37.23,31.0,28.27,26.1,56.05
4664000,36.59,31.28,28.18,26.18,56.77
4665000,37.39,31.59,28.27,26.97,57.18
4666000,38.59,31.81,29.02,26.67,56.47
4667000,38.89,31.8,28.94,26.9,57.48
4668000,39.28,32.47,29.65,26.95,56.52
4669000,39.51,32.37,29.69,27.34,56.87
4670000,39.87,32.43,29.78,26.89,56.16
4671000,39.52,32.75,30.03,27.47,56.9
4672000,40.09,32.82,30.54,27.77,56.89
4673000,39.39,32.96,30.08,28.04,57.63
4674000,39.19,32.95,29.98,27.64,57.9
4675000,39.94,33.11,30.09,27.96,56.74
4676000,40.84,33.24,29.82,27.39,57.16
4677000,40.37,33.23,29.25,27.6,57.66
4678000,40.44,33.19,28.75,27.55,56.92
4679000,41.9,32.07,29.19,27.52,56.9
4680000,42.9,30.96,29.63,28.15,57.73
4681000,42.79,30.33,30.28,28.36,57.71
4682000,42.97,30.55,28.33,28.09,57.94
4683000,42.86,31.11,28.61,27.9,58.72
4684000,42.36,31.36,28.63,28.38,57.52
4685000,41.99,30.98,28.29,27.89,57.05
4686000,41.45,31.36,28.91,27.5,57.12
4687000,42.53,31.91,30.08,26.84,56.9
4688000,42.39,32.17,30.74,26.62,57.11
4689000,41.92,32.74,31.43,26.9,56.66
4690000,42.49,32.27,31.97,27.47,56.95
4691000,41.36,32.08,31.21,27.7,56.81
4692000,41.16,32.22,31.73,27.31,57.84
4693000,41.95,31.72,30.45,27.42,56.7
4694000,42.25,31.59,30.18,27.52,55.33
4695000,42.19,31.48,30.15,28.01,56.22
4696000,42.49,31.73,30.21,29.21,56.65
4697000,42.94,31.89,29.78,29.32,57.17
4698000,43.27,31.61,30.94,29.18,57.15
4699000,41.85,31.39,31.55,28.96,57.67
4700000,40.85,31.18,31.04,29.14,57.34
4701000,40.98,31.72,31.72,29.32,56.88
4702000,40.31,31.94,31.91,28.59,55.56
4703000,40.6,32.46,32.08,28.61,56.25
4704000,40.59,33.16,33.24,28.6,56.25
4705000,37.99,34.01,33.41,28.31,57.22
4706000,35.95,33.47,32.64,28.2,54.59
4707000,33.4,33.54,32.6,28.04,55.56
4708000,31.01,34.03,32.67,28.38,56.17
4709000,29.61,34.42,32.8,28.44,55.29
4710000,28.31,34.71,33.06,28.19,52.91
4711000,26.27,35.1,31.2,27.63,51.2
4712000,24.33,34.94,31.28,27.84,50.81
4713000,20.38,34.09,30.22,27.76,50.75
4714000,16.28,34.47,30.46,28.21,49.61
4715000,13.8,34.17,30.88,27.97,50.13
4716000,12.34,33.78,30.42,26.72,51.0
4717000,10.88,34.09,30.71,26.36,50.06
4718000,9.18,34.42,30.86,26.31,50.6
4719000,8.52,34.9,30.55,26.79,50.9
4720000,8.59,34.27,30.89,27.21,50.42
4721000,7.85,34.03,30.32,26.16,50.07
4722000,7.74,33.51,29.25,26.21,50.79
4723000,7.71,33.6,28.59,26.48,51.27
4724000,7.62,33.5,28.48,26.28,51.95
4725000,7.45,34.23,27.22,26.37,52.28
4726000,8.29,34.49,27.52,26.51,52.03
4727000,8.61,34.47,27.63,26.41,52.02
4728000,8.74,34.84,27.77,26.41,53.03
4729000,9.11,34.54,26.31,26.43,52.91
4730000,9.44,34.34,25.98,27.3,53.69
4731000,9.75,33.76,24.48,27.59,53.6
4732000,9.79,32.63,24.47,27.65,53.75
4733000,9.97,32.64,23.44,28.14,53.98
4734000,10.6,32.33,23.59,28.43,54.1
4735000,11.17,31.98,23.74,28.62,53.69
4736000,11.59,31.96,23.45,28.39,53.91
4737000,11.85,32.24,23.42,28.52,53.72
4738000,11.9,32.55,22.62,27.95,54.67
4739000,12.66,32.23,22.64,28.44,54.35
4740000,13.21,31.64,23.16,28.26,54.75
4741000,13.61,30.83,22.63,27.65,54.48
4742000,13.93,31.19,22.6,28.03,55.13
4743000,14.15,30.92,21.26,28.06,53.51
4744000,14.41,31.07,21.04,28.08,52.29
4745000,14.3,31.07,21.18,28.56,52.0
4746000,14.7,31.3,21.41,27.96,53.75
4747000,14.72,32.07,21.68,28.63,53.27
4748000,15.23,32.74,21.8,28.53,52.29
4749000,15.81,33.15,21.51,29.2,53.01
4750000,16.4,32.37,21.42,29.4,53.7
4751000,16.34,32.09,20.19,29.67,54.94
4752000,16.52,32.23,20.39,29.52,55.34
4753000,16.82,32.37,20.21,28.71,56.04
4754000,17.33,31.96,20.35,29.05,55.64
4755000,16.78,32.49,19.84,28.76,55.75
4756000,16.67,32.27,19.81,28.85,56.15
4757000,16.85,32.28,20.03,28.74,55.42
4758000,17.14,31.9,19.81,28.93,55.2
4759000,16.44,32.12,20.35,28.56,55.46
4760000,16.84,32.44,20.73,28.78,54.86
4761000,16.55,32.5,20.96,29.17,53.57
4762000,16.28,32.61,20.9,29.07,53.03
4763000,16.4,32.87,21.39,28.97,51.07
4764000,16.71,32.38,21.72,29.45,51.47
4765000,17.1,32.32,21.97,29.69,51.52
4766000,17.58,32.41,21.94,29.73,50.68
4767000,17.22,32.53,22.23,29.29,50.8
4768000,17.74,33.92,22.39,29.18,49.32
4769000,17.83,34.66,22.53,29.0,50.8
4770000,18.2,34.0,22.46,28.89,50.13
4771000,18.2,34.26,22.45,27.79,50.05
4772000,18.57,34.28,22.27,27.8,50.57
4773000,18.37,34.05,22.11,27.8,49.54
4774000,18.45,34.97,21.38,27.54,49.88
4775000,18.91,34.38,21.43,27.36,49.2
4776000,18.43,33.68,20.62,26.67,49.03
4777000,18.72,33.97,20.4,26.79,48.65
4778000,18.27,34.66,19.71,27.5,48.29
4779000,18.05,33.91,19.08,27.99,47.99
4780000,18.29,32.9,18.95,28.58,48.44
4781000,19.19,33.23,18.26,28.62,47.71
4782000,19.64,33.7,18.39,28.74,47.13
4783000,19.87,33.8,18.24,28.38,47.87
4784000,20.02,34.1,18.24,28.45,47.63
4785000,19.93,33.48,18.15,28.19,47.81
4786000,19.75,33.04,18.23,27.44,48.24
4787000,20.35,32.69,18.46,27.55,48.83
4788000,21.13,32.47,18.76,28.13,49.29
4789000,21.3,32.02,19.07,28.01,49.94
4790000,21.21,32.7,19.04,28.29,49.27
4791000,21.36,32.67,19.1,28.64,49.74
4792000,21.97,32.5,19.18,29.04,48.16
4793000,21.3,32.79,19.16,29.28,47.23
4794000,21.24,31.72,19.58,29.95,47.62
4795000,21.23,31.22,20.11,29.93,47.88
4796000,21.63,31.52,20.85,29.81,48.58
4797000,21.41,31.26,20.88,30.48,48.89
4798000,21.53,31.36,21.09,30.68,48.39
4799000,21.5,31.18,21.45,31.69,49.58
4800000,21.78,31.83,21.64,31.27,49.38
4801000,22.14,31.73,21.8,30.29,49.48
4802000,22.56,31.33,21.91,29.3,49.91
4803000,22.97,30.3,21.71,28.64,49.57
4804000,22.94,30.54,21.38,27.99,49.48
4805000,22.97,30.42,22.03,28.85,50.13
4806000,22.74,30.77,21.72,28.59,49.23
4807000,22.64,31.17,21.92,29.47,48.98
4808000,22.52,30.65,22.28,30.2,49.14
4809000,22.5,30.18,22.2,30.61,48.83
4810000,23.32,30.67,22.31,30.6,47.86
4811000,23.65,31.2,21.68,30.01,47.27
4812000,23.5,31.55,20.8,30.72,48.1
4813000,23.63,31.98,20.78,30.64,48.38
4814000,23.37,32.01,20.55,30.57,48.73
4815000,22.41,31.79,20.54,30.99,48.82
4816000,23.34,31.1,20.39,30.5,48.97
4817000,23.5,31.23,20.56,31.06,49.0
4818000,23.74,31.56,20.41,31.11,49.88
4819000,24.13,31.67,20.3,31.67,48.54
4820000,22.95,31.37,20.86,31.15,48.32
4821000,23.12,30.56,20.98,30.98,47.38
4822000,22.86,30.02,20.29,29.85,46.1
4823000,23.42,29.48,20.03,29.82,46.31
4824000,23.92,30.45,20.05,29.49,45.13
4825000,24.32,29.37,20.6,30.04,45.28
4826000,24.33,29.43,20.61,30.42,45.12
4827000,24.6,29.63,20.54,31.2,45.12
4828000,24.71,30.3,20.62,31.58,45.45
4829000,24.14,29.79,20.22,31.82,44.54
4830000,25.15,29.54,20.18,31.98,44.45
4831000,25.9,29.36,19.73,30.99,44.49
4832000,26.08,29.18,19.51,30.59,45.61
4833000,26.16,28.97,19.64,30.99,46.17
4834000,26.23,29.54,19.85,30.81,45.2
4835000,26.93,28.55,20.13,31.7,45.92
4836000,27.08,28.36,20.19,32.03,46.12
4837000,27.24,28.47,19.74,32.0,46.63
4838000,27.25,28.4,19.72,31.94,47.27
4839000,26.29,28.78,20.35,31.86,47.21
4840000,26.99,28.74,20.3,31.2,47.79
4841000,27.65,29.12,19.43,29.84,48.52
4842000,27.51,29.28,20.08,29.99,48.06
4843000,27.59,29.16,20.4,29.87,49.11
4844000,27.57,29.07,20.07,29.96,49.04
4845000,27.89,30.63,20.29,30.06,48.46
4846000,28.57,31.41,21.04,30.28,49.22
4847000,28.4,32.03,21.1,30.76,49.95
4848000,29.09,32.27,21.85,31.3,50.12
4849000,29.18,32.74,22.37,31.23,49.38
4850000,30.21,32.4,21.6,31.19,48.65
4851000,30.15,32.98,20.87,29.86,47.97
4852000,30.82,32.97,19.96,29.49,46.36
4853000,31.13,33.06,20.4,29.41,47.17
4854000,29.87,32.65,20.24,29.08,47.89
4855000,29.46,33.14,19.62,28.88,48.27
4856000,29.63,33.53,20.01,28.68,49.18
4857000,30.2,34.05,20.21,28.6,48.92
4858000,30.51,34.2,20.51,28.77,48.87
4859000,30.39,34.22,19.74,29.0,47.78
4860000,29.61,34.37,19.93,28.78,47.97
4861000,30.03,35.03,19.61,28.38,47.74
4862000,30.21,34.56,19.15,27.94,48.69
4863000,29.4,34.72,18.94,29.06,48.61
4864000,29.4,36.02,18.43,29.7,48.14
4865000,30.09,35.82,19.0,29.88,48.14
4866000,30.19,35.96,19.28,30.14,49.08
4867000,30.4,35.9,19.79,30.28,49.15
4868000,30.03,35.87,20.47,30.75,49.79
4869000,29.52,35.0,20.76,31.42,48.76
4870000,30.49,35.48,20.6,31.7,49.01
4871000,29.69,35.69,20.53,31.81,49.83
4872000,29.52,35.78,20.76,31.47,49.87
4873000,29.65,34.18,21.35,31.01,48.83
4874000,29.11,33.82,21.55,30.89,48.7
4875000,28.94,32.32,21.26,31.44,49.32
4876000,29.12,32.37,21.11,32.14,49.72
4877000,30.18,32.88,21.26,32.21,48.79
4878000,30.57,33.27,21.91,32.34,49.52
4879000,31.56,33.16,22.35,32.6,49.26
4880000,30.62,34.14,22.22,32.63,49.6
4881000,30.72,34.73,22.05,32.61,48.69
4882000,29.64,34.32,22.4,32.2,50.17
4883000,29.13,34.92,22.92,32.43,50.07
4884000,29.62,35.09,22.97,32.15,48.66
4885000,29.83,35.04,21.56,32.67,49.14
4886000,29.63,35.67,22.08,33.13,49.41
4887000,29.64,35.18,22.3,33.79,50.32
4888000,30.39,35.01,22.66,32.55,50.77
4889000,30.63,34.79,22.94,32.2,50.42
4890000,30.1,34.07,22.76,32.47,51.95
4891000,30.59,33.53,22.26,31.43,52.22
4892000,30.72,33.36,22.32,30.96,53.29
4893000,30.84,34.1,22.44,31.7,51.29
4894000,30.68,34.55,22.15,31.22,49.67
4895000,30.97,34.91,22.44,31.48,50.12
4896000,30.91,35.05,22.84,31.78,51.04
4897000,31.23,34.85,22.89,32.7,51.61
4898000,31.26,35.05,23.12,32.38,51.86
4899000,29.76,34.2,22.93,31.89,52.02
4900000,29.75,34.61,22.57,31.76,52.51
4901000,29.9,34.95,21.71,32.22,53.21
4902000,28.65,35.3,21.72,32.27,53.47
4903000,29.35,35.44,22.09,31.55,53.71
4904000,29.66,35.59,22.96,31.53,54.44
4905000,29.77,35.4,22.52,31.75,55.17
4906000,30.32,34.69,22.68,32.07,55.31
4907000,30.14,32.53,22.77,30.78,55.88
4908000,30.68,32.66,22.44,30.7,55.85
4909000,30.91,31.88,22.25,29.67,56.74
4910000,31.05,31.37,22.26,29.37,55.23
4911000,30.74,30.53,22.48,29.3,54.87
4912000,30.63,30.25,22.64,29.03,53.45
4913000,30.56,30.49,22.47,28.57,53.65
4914000,31.0,31.36,21.15,27.47,53.87
4915000,31.15,31.05,20.57,27.05,53.03
4916000,31.39,31.19,20.41,26.06,52.78
4917000,31.5,31.31,20.93,25.53,51.88
4918000,31.41,31.95,21.11,25.91,50.98
4919000,31.9,31.08,21.84,26.37,51.2
4920000,32.02,31.01,21.74,26.86,52.53
4921000,32.22,31.05,21.67,27.13,53.12
4922000,31.9,31.44,21.51,27.06,52.86
4923000,31.99,31.77,21.58,27.02,52.95
4924000,33.11,31.16,21.83,27.38,53.46
4925000,33.81,31.33,21.69,28.28,54.51
4926000,33.15,30.9,21.91,28.48,54.37
4927000,33.67,30.9,22.27,27.55,55.03
4928000,32.54,30.32,22.37,27.32,53.95
4929000,33.41,30.76,21.61,28.13,54.34
4930000,33.41,30.85,21.62,28.0,53.95
4931000,34.69,30.01,21.82,27.86,54.39
4932000,34.95,30.7,21.79,28.24,54.38
4933000,35.63,30.91,22.58,28.14,54.55
4934000,35.81,31.07,23.15,28.22,55.66
4935000,35.76,31.22,23.5,28.57,56.93
4936000,35.9,32.1,23.57,28.86,57.1
4937000,36.65,32.19,23.63,29.68,57.35
4938000,36.81,32.88,22.99,29.57,58.05
4939000,37.04,32.59,23.39,30.01,59.27
4940000,36.98,32.19,22.93,30.46,59.45
4941000,37.6,32.83,22.87,29.82,58.62
4942000,38.23,32.64,22.45,29.56,59.59
4943000,37.9,32.73,22.61,29.73,60.07
4944000,38.1,32.6,22.67,30.43,59.96
4945000,38.66,32.17,23.09,29.93,60.89
4946000,38.31,32.49,23.35,29.4,59.25
4947000,38.73,32.3,23.91,28.98,58.89
4948000,38.29,32.58,23.91,28.75,57.69
4949000,38.77,32.02,23.84,29.02,55.87
4950000,38.66,32.83,23.98,29.92,55.68
4951000,38.58,32.94,24.16,30.58,55.26
4952000,38.92,33.31,23.71,30.32,55.77
4953000,38.71,33.7,24.31,30.28,55.6
4954000,39.13,34.0,24.66,30.52,56.6
4955000,39.11,34.87,24.42,30.58,56.5
4956000,39.89,34.61,25.0,30.62,55.34
4957000,38.88,35.34,25.0,30.93,55.05
4958000,38.54,35.36,25.51,30.73,55.13
4959000,38.34,35.48,25.85,30.99,55.49
4960000,37.46,36.0,26.3,31.81,55.79
4961000,37.18,36.83,26.51,31.38,54.88
4962000,36.71,37.07,26.85,31.83,54.53
4963000,37.3,36.76,26.96,32.8,55.27
4964000,36.36,37.12,26.95,33.17,55.27
4965000,36.56,37.7,26.97,33.15,55.72
4966000,36.26,36.94,27.23,33.42,55.2
4967000,37.22,36.13,27.41,34.03,55.23
4968000,37.0,35.7,27.4,34.29,56.3
4969000,36.43,35.65,27.61,33.88,56.3
4970000,36.98,36.17,27.77,33.8,56.31
4971000,37.23,36.28,27.85,34.38,57.47
4972000,37.52,35.82,28.43,34.45,57.79
4973000,37.54,35.45,28.9,34.99,58.18
4974000,38.02,34.04,28.98,34.87,57.83
4975000,38.15,33.86,29.16,35.01,57.36
4976000,38.64,33.95,28.71,35.35,57.33
4977000,37.52,33.89,28.59,35.66,56.9
4978000,36.65,34.1,29.11,35.01,57.14
4979000,36.84,34.32,29.18,34.56,57.76
4980000,37.22,34.15,29.69,34.52,58.63
4981000,36.68,32.07,29.35,34.93,57.44
4982000,35.92,31.91,29.25,35.11,56.84
4983000,36.53,31.59,28.49,35.17,56.79
4984000,36.39,31.74,28.77,34.88,57.25
4985000,36.67,32.34,29.32,34.76,57.14
4986000,37.51,32.56,29.93,34.14,57.38
4987000,38.18,32.66,30.3,33.9,56.08
4988000,38.85,31.76,30.22,33.33,55.45
4989000,39.31,31.94,29.54,31.89,56.12
4990000,39.53,31.92,29.11,31.79,56.63
4991000,38.53,32.17,28.56,31.56,57.45
4992000,38.29,31.93,27.92,31.92,56.75
4993000,38.1,31.78,28.28,31.94,56.63
4994000,37.6,32.1,28.72,30.76,56.29
4995000,38.1,32.92,29.21,29.75,56.65
4996000,37.06,31.81,28.26,29.9,56.39
4997000,36.83,31.0,28.2,30.26,55.73
4998000,36.54,31.59,28.81,30.91,57.46
4999000,35.74,32.46,29.39,30.21,58.41
