step,seed1,seed2,seed3,seed4,seed5
1000,4.125,3.8947368,3.7777777,3.8823528,8.857142
2000,4.0,3.8947368,3.5142858,3.8387096,6.0
3000,3.8076923,4.0384617,3.75,4.3555555,5.631579
4000,4.0151515,3.7260275,3.5945945,4.151515,5.3773584
5000,3.9277108,3.8333333,3.788889,4.352941,5.4626865
6000,4.112245,3.96,3.81,4.17,5.4117646
7000,4.31,4.25,3.76,4.52,4.64
8000,4.28,4.09,3.66,4.58,4.6
9000,4.31,4.02,4.05,4.62,4.11
10000,4.35,4.29,4.18,4.97,3.93
11000,4.31,4.22,4.45,4.85,3.5
12000,3.72,3.79,4.23,4.86,3.69
13000,3.88,3.54,4.49,4.91,3.76
14000,4.21,3.58,4.38,4.32,3.92
15000,4.23,3.37,3.9,4.17,3.96
16000,4.29,3.64,3.7,3.49,4.13
17000,4.29,3.61,3.5,3.9,4.17
18000,4.47,3.92,3.34,3.93,4.15
19000,4.07,4.01,3.57,3.91,4.07
20000,4.31,3.79,3.64,3.99,4.08
21000,4.17,3.48,3.54,4.24,4.26
22000,4.25,3.51,3.73,4.4,4.14
23000,4.17,3.41,3.41,4.16,4.24
24000,3.93,3.32,3.4,3.9,4.35
25000,3.88,3.51,3.46,4.05,3.99
26000,3.69,3.74,3.48,4.03,3.81
27000,3.76,3.96,3.93,4.03,3.94
28000,3.65,4.25,4.11,4.08,3.66
29000,3.5,4.64,4.19,4.22,3.78
30000,3.41,4.88,4.42,4.07,4.1
31000,3.13,4.96,4.52,3.95,4.35
32000,3.26,5.07,4.42,3.62,4.59
33000,3.42,4.84,4.32,3.62,4.37
34000,3.56,4.75,4.04,3.43,4.41
35000,3.82,4.53,4.19,3.42,4.42
36000,4.05,4.26,4.29,3.54,4.39
37000,4.46,4.46,4.06,3.56,4.25
38000,4.47,3.87,3.85,3.66,4.32
39000,4.31,3.9,3.89,3.85,4.12
40000,4.19,3.85,4.08,4.05,3.91
41000,4.58,4.14,3.76,4.21,3.89
42000,4.65,3.74,3.88,4.31,3.66
43000,4.63,3.59,3.77,4.3,3.73
44000,4.21,3.62,4.04,4.17,3.53
45000,4.24,3.71,3.94,4.07,3.7
46000,4.49,3.8,4.19,3.86,3.75
47000,4.14,3.78,4.12,3.62,3.93
48000,4.14,4.0,3.98,3.56,4.06
49000,4.0,4.14,3.71,3.52,4.14
50000,3.89,4.41,3.68,3.63,4.21
51000,3.94,4.51,3.79,3.72,4.35
52000,4.05,4.17,4.0,3.9,4.46
53000,3.95,3.94,4.07,3.71,4.79
54000,3.87,3.98,4.06,3.83,4.86
55000,3.79,3.86,4.27,3.87,4.98
56000,3.98,3.7,4.42,3.75,4.95
57000,4.13,3.85,4.55,3.88,4.95
58000,4.07,4.27,4.56,3.76,4.77
59000,4.33,4.51,4.68,4.05,4.63
60000,4.57,4.45,4.41,4.34,4.38
61000,4.98,4.61,4.63,4.5,4.41
62000,4.65,4.66,4.7,4.62,4.46
63000,4.64,4.49,4.39,4.79,3.98
64000,4.65,4.46,4.25,4.86,4.14
65000,4.55,4.25,4.24,4.81,4.1
66000,4.41,4.54,4.11,4.64,4.07
67000,4.23,4.54,4.3,4.72,4.21
68000,4.44,4.58,4.49,4.62,4.24
69000,4.21,4.69,4.48,4.41,4.38
70000,4.24,4.69,4.49,4.47,4.72
71000,4.37,4.75,4.5,4.57,4.51
72000,4.1,4.63,4.8,4.82,4.73
73000,4.11,4.72,4.54,4.72,4.79
74000,4.02,4.51,4.71,4.66,4.53
75000,4.36,4.65,4.68,4.65,4.51
76000,4.61,4.32,4.82,4.77,4.47
77000,4.87,4.45,4.8,4.75,4.18
78000,5.01,4.39,4.78,4.73,4.11
79000,5.14,4.55,4.66,4.79,4.09
80000,5.26,4.41,4.53,4.78,4.29
81000,5.39,4.42,4.69,4.71,4.27
82000,5.13,4.39,4.63,4.5,4.44
83000,4.79,4.41,4.62,4.38,4.7
84000,4.51,4.44,4.64,4.14,4.77
85000,4.39,4.34,4.73,4.0,4.77
86000,4.37,4.18,4.45,4.16,4.52
87000,4.53,4.32,4.3,4.41,4.32
88000,4.87,4.24,4.15,4.16,4.42
89000,4.61,4.33,4.12,4.15,4.24
90000,4.69,4.3,4.18,4.5,4.19
91000,4.99,4.53,4.2,4.24,4.25
92000,4.79,4.77,4.47,3.98,4.32
93000,4.53,4.69,4.41,4.05,4.67
94000,4.75,4.52,4.61,4.19,4.52
95000,4.48,4.71,4.74,4.03,4.79
96000,4.5,4.59,4.69,4.28,4.83
97000,4.4,4.36,4.94,4.5,4.94
98000,4.5,4.2,4.9,4.63,5.05
99000,4.4,4.35,5.06,4.83,4.65
100000,4.63,4.55,5.23,4.94,4.65
101000,4.46,4.7,5.39,4.9,5.12
102000,4.49,4.74,5.4,4.7,4.82
103000,4.21,5.15,5.01,4.57,4.85
104000,4.43,5.32,4.92,4.51,5.09
105000,4.17,5.62,5.02,4.55,5.09
106000,4.46,5.54,4.74,4.5,5.22
107000,5.12,5.08,4.49,4.26,5.02
108000,5.23,5.03,4.62,4.44,5.26
109000,5.56,4.33,4.5,4.89,5.3
110000,5.75,4.48,4.59,4.74,5.08
111000,5.72,4.21,4.7,4.78,4.94
112000,5.39,4.55,4.77,5.09,4.8
113000,4.83,4.33,4.76,5.35,4.82
114000,4.4,4.62,4.81,5.39,5.0
115000,4.51,4.87,4.73,5.46,5.39
116000,4.48,4.84,4.61,5.48,5.59
117000,4.69,5.05,4.56,5.0,5.44
118000,5.05,4.72,4.85,5.15,5.23
119000,4.87,4.77,4.75,4.91,5.48
120000,4.96,4.64,4.83,4.84,5.69
121000,5.04,4.66,5.1,5.01,5.53
122000,5.1,4.45,5.23,4.58,5.4
123000,5.17,4.44,5.12,4.54,5.4
124000,4.95,4.49,5.0,4.55,5.57
125000,5.13,4.39,5.15,4.48,5.71
126000,5.14,4.03,5.18,4.79,5.35
127000,5.09,4.26,5.39,4.67,5.33
128000,5.21,4.33,5.28,5.04,5.18
129000,5.01,4.72,5.57,5.07,5.38
130000,4.93,4.81,5.57,5.13,5.22
131000,4.89,4.98,5.72,5.01,5.05
132000,4.92,5.04,5.56,4.89,5.17
133000,4.73,5.24,5.3,5.31,5.18
134000,4.9,4.85,5.15,5.17,5.02
135000,5.26,4.47,5.07,5.24,4.93
136000,5.42,4.77,4.79,5.28,5.06
137000,5.44,4.73,5.06,5.22,5.19
138000,5.37,4.82,4.98,5.21,5.27
139000,5.5,4.77,5.27,5.37,4.98
140000,5.66,5.1,5.35,5.03,4.94
141000,5.34,5.2,5.55,4.72,5.15
142000,5.41,5.3,5.8,4.87,5.28
143000,5.67,5.16,5.7,4.89,5.17
144000,5.8,5.35,5.79,4.92,5.3
145000,5.81,5.35,5.78,4.95,5.47
146000,5.32,5.45,5.69,4.74,5.56
147000,5.47,5.34,5.62,4.7,5.69
148000,5.37,5.3,5.54,4.9,5.52
149000,5.4,5.09,5.84,4.68,5.44
150000,5.57,5.04,5.85,4.91,5.38
151000,5.26,5.07,5.62,4.56,5.22
152000,5.47,5.01,5.98,4.5,5.34
153000,5.49,4.92,5.72,4.58,5.3
154000,5.64,4.81,5.68,4.68,5.39
155000,5.44,4.6,5.86,4.73,5.38
156000,5.26,4.53,5.62,4.72,5.36
157000,5.31,4.45,5.9,4.5,5.17
158000,5.01,4.32,5.58,4.56,5.07
159000,5.18,4.64,5.71,4.44,4.9
160000,5.28,4.72,5.67,4.42,4.97
161000,5.21,5.1,5.85,4.66,4.99
162000,5.42,5.2,5.88,4.83,5.32
163000,5.47,5.3,6.02,4.74,5.25
164000,5.95,4.9,5.79,4.86,5.24
165000,5.71,4.73,5.87,4.94,5.34
166000,5.74,4.92,5.9,4.72,5.5
167000,5.77,4.87,5.9,4.36,5.49
168000,6.16,5.19,5.78,4.14,5.02
169000,5.77,4.98,5.81,4.44,5.05
170000,5.89,5.09,5.82,4.42,5.29
171000,5.6,5.1,6.01,4.45,5.32
172000,5.46,4.98,5.93,4.83,5.13
173000,5.69,4.66,5.76,5.06,5.11
174000,5.28,5.0,5.77,5.38,5.31
175000,5.6,4.93,6.24,5.27,5.42
176000,5.87,4.7,6.25,5.15,5.63
177000,5.84,4.74,6.13,5.44,5.54
178000,6.03,4.48,5.68,5.16,5.44
179000,6.21,4.49,5.71,5.18,5.54
180000,6.35,4.38,5.7,5.23,5.43
181000,6.44,4.8,5.63,5.15,5.69
182000,6.4,4.89,5.57,5.29,5.8
183000,6.39,5.01,5.39,5.28,5.8
184000,6.25,5.24,5.36,5.3,5.96
185000,6.28,5.53,5.52,5.52,6.04
186000,6.12,5.76,5.57,5.28,6.04
187000,6.09,5.57,6.07,5.25,6.0
188000,6.11,5.39,6.27,5.32,6.07
189000,6.16,5.49,5.94,5.54,6.07
190000,5.76,5.26,6.26,5.65,5.57
191000,5.68,5.12,6.31,5.25,5.53
192000,5.62,5.38,6.03,5.29,5.6
193000,5.76,5.32,6.0,5.18,5.41
194000,5.44,5.43,5.69,5.02,5.55
195000,5.7,5.35,5.79,4.78,5.7
196000,5.61,5.58,5.91,4.92,5.59
197000,5.45,5.49,6.09,4.95,5.68
198000,5.2,5.54,5.91,5.17,6.21
199000,5.34,5.71,6.13,5.14,6.35
200000,5.37,5.74,6.56,5.09,6.55
201000,5.41,5.85,6.16,5.13,6.62
202000,5.34,5.66,6.11,5.23,6.62
203000,5.57,5.35,5.96,5.16,6.58
204000,5.67,5.49,5.62,5.02,6.6
205000,5.62,5.39,5.84,5.39,6.45
206000,5.99,5.39,5.97,5.5,5.9
207000,5.89,5.27,5.88,5.49,5.83
208000,5.7,5.16,6.26,5.12,5.86
209000,5.78,5.03,6.49,5.33,5.72
210000,5.77,5.24,6.44,5.6,5.62
211000,5.54,5.04,6.7,5.68,5.87
212000,5.34,5.14,6.98,5.69,5.92
213000,5.97,5.4,7.07,5.65,6.05
214000,6.1,5.47,6.71,5.49,6.05
215000,5.85,5.66,6.52,5.69,6.05
216000,6.0,5.62,6.43,5.53,6.21
217000,6.16,5.78,6.33,5.46,6.28
218000,6.3,5.56,6.66,5.53,5.91
219000,6.42,5.59,6.37,5.45,6.09
220000,6.56,5.62,6.36,5.71,5.9
221000,6.68,5.7,6.75,5.72,5.9
222000,6.96,5.5,6.76,5.76,6.01
223000,6.57,5.36,6.55,5.87,5.64
224000,6.53,5.62,6.5,6.0,5.81
225000,6.75,5.49,6.53,6.22,5.98
226000,6.89,5.39,6.47,6.02,5.94
227000,6.75,5.49,6.42,6.0,6.15
228000,6.72,5.55,6.26,6.28,6.24
229000,6.88,5.78,6.4,6.48,6.02
230000,7.07,5.69,6.09,6.28,6.12
231000,7.35,6.06,6.28,5.67,6.21
232000,7.38,5.79,6.57,6.1,6.13
233000,7.32,5.59,6.35,6.08,5.98
234000,7.03,5.67,6.51,5.94,6.14
235000,6.96,5.8,6.54,5.74,6.27
236000,7.03,5.52,6.48,5.75,6.41
237000,6.63,5.75,6.48,6.0,6.11
238000,6.63,5.63,6.76,6.4,6.16
239000,6.66,5.85,6.94,5.92,6.39
240000,6.62,5.86,6.89,5.62,6.6
241000,7.04,6.14,7.22,5.44,6.71
242000,7.03,6.15,7.4,5.46,6.39
243000,7.23,5.85,7.46,5.51,6.41
244000,7.25,5.67,7.42,5.46,6.66
245000,7.16,5.76,7.47,5.91,6.89
246000,7.01,5.66,7.63,6.21,6.42
247000,7.24,5.45,7.54,6.55,6.45
248000,7.37,5.49,7.33,6.65,6.25
249000,7.52,5.85,7.22,6.53,6.21
250000,7.08,5.94,7.04,6.33,6.04
251000,7.2,5.82,7.3,5.98,5.81
252000,7.23,5.72,7.25,5.93,6.07
253000,6.82,6.18,6.95,5.87,6.13
254000,6.64,5.97,7.11,5.82,6.13
255000,6.59,5.66,7.04,5.68,6.15
256000,6.8,5.72,6.91,5.61,6.13
257000,6.8,5.8,6.95,5.7,6.36
258000,6.57,5.92,7.14,5.85,6.62
259000,6.97,5.95,7.0,5.73,6.54
260000,7.02,6.14,6.86,5.97,6.55
261000,7.08,6.19,7.03,6.14,6.83
262000,7.04,6.06,7.14,5.96,6.91
263000,6.92,6.13,6.98,6.01,6.87
264000,7.05,6.33,7.26,6.29,6.77
265000,7.25,6.3,7.32,6.09,6.91
266000,7.28,6.52,6.86,5.91,6.58
267000,7.13,6.4,7.31,5.63,6.8
268000,6.99,6.58,7.15,5.65,6.81
269000,7.16,6.74,7.11,5.27,6.53
270000,6.93,6.97,7.35,5.5,6.42
271000,6.78,6.69,7.47,5.74,6.58
272000,6.8,6.6,7.6,5.8,6.44
273000,6.74,6.48,7.48,6.1,6.69
274000,6.72,6.67,7.78,6.28,6.48
275000,6.91,6.38,7.68,6.55,6.39
276000,6.76,6.13,7.56,6.54,6.72
277000,6.88,5.81,7.63,6.49,7.01
278000,6.94,6.0,7.41,6.24,7.05
279000,7.09,6.3,7.62,6.23,7.25
280000,6.96,6.17,7.86,6.16,7.17
281000,7.26,6.06,8.19,6.22,7.5
282000,6.91,6.11,7.99,6.33,7.78
283000,7.46,6.41,7.76,6.13,8.04
284000,7.59,6.65,8.02,6.19,8.04
285000,7.68,6.76,8.17,6.37,8.16
286000,7.87,6.63,8.27,6.59,7.86
287000,7.83,6.69,8.15,6.53,7.84
288000,7.77,6.81,8.24,6.73,8.07
289000,8.02,6.82,8.31,6.63,7.53
290000,7.79,6.69,8.03,6.8,7.13
291000,7.3,6.52,8.15,6.94,7.16
292000,7.15,6.34,8.35,6.99,6.97
293000,6.64,6.22,8.3,6.92,7.25
294000,6.84,6.34,8.0,6.77,7.04
295000,7.07,6.25,7.89,7.09,6.99
296000,6.96,6.26,7.46,6.98,7.39
297000,6.98,6.27,7.56,7.04,7.75
298000,7.37,6.3,7.57,6.93,7.81
299000,7.67,6.62,7.33,6.79,8.0
300000,8.05,6.36,7.26,6.8,8.24
301000,7.92,6.11,7.5,6.82,8.13
302000,7.63,6.19,7.51,6.61,8.22
303000,7.77,6.72,7.8,6.62,7.61
304000,7.76,7.05,7.7,6.52,7.61
305000,7.54,6.81,7.73,6.59,7.82
306000,7.64,6.89,7.88,6.82,7.96
307000,7.66,6.79,7.87,7.13,7.94
308000,7.8,6.88,7.94,7.62,8.42
309000,8.03,7.44,7.76,7.54,8.14
310000,8.35,7.46,7.9,7.44,8.37
311000,8.3,7.43,7.79,7.09,8.52
312000,8.27,7.65,7.74,6.98,8.74
313000,8.62,7.53,7.83,7.08,8.13
314000,8.67,7.71,7.57,7.16,8.04
315000,8.43,7.76,7.77,6.83,7.81
316000,8.04,7.48,8.2,6.87,8.12
317000,8.38,7.23,8.27,7.04,8.24
318000,8.49,7.18,8.23,7.26,8.03
319000,8.65,7.18,8.42,7.57,7.87
320000,8.81,7.08,8.36,7.62,8.34
321000,8.55,7.03,8.75,7.98,8.72
322000,8.44,7.0,8.94,7.75,8.73
323000,8.57,7.04,9.05,7.59,8.7
324000,8.62,6.77,9.28,7.59,8.41
325000,8.4,7.04,9.11,7.35,8.16
326000,8.33,7.24,9.17,7.63,8.1
327000,8.43,7.03,9.24,7.53,7.99
328000,8.7,6.83,9.26,7.8,7.99
329000,8.97,6.71,9.53,7.37,8.25
330000,9.09,7.07,9.54,7.35,8.36
331000,9.27,7.35,9.5,7.67,8.43
332000,9.44,7.65,9.42,7.65,8.31
333000,9.36,7.66,9.41,7.62,8.67
334000,9.67,7.54,9.46,7.57,8.99
335000,9.56,7.48,9.47,7.52,8.91
336000,9.36,7.64,9.6,7.52,8.84
337000,9.48,7.51,9.55,7.88,8.61
338000,9.11,7.66,8.99,7.92,8.45
339000,9.39,7.62,8.97,7.73,8.32
340000,9.56,7.39,9.13,7.76,9.02
341000,9.5,7.3,9.33,7.51,8.66
342000,9.37,7.21,9.43,7.47,8.55
343000,9.61,7.61,9.42,6.92,8.17
344000,10.09,7.85,9.35,6.59,8.28
345000,10.09,7.69,9.49,6.62,8.0
346000,10.42,7.46,9.71,6.86,8.21
347000,10.67,7.7,10.18,6.78,8.28
348000,10.44,7.78,10.02,6.74,8.49
349000,10.75,7.7,9.59,6.81,8.51
350000,10.86,7.55,9.63,7.14,8.82
351000,10.86,6.72,9.76,7.24,9.04
352000,10.95,6.47,10.11,7.51,9.3
353000,11.13,6.54,10.21,7.16,9.2
354000,11.45,6.66,10.44,7.35,9.21
355000,11.5,6.29,10.2,7.44,9.5
356000,11.44,6.18,9.18,7.65,9.75
357000,11.5,6.31,9.77,7.72,9.4
358000,11.53,6.46,10.04,7.91,9.64
359000,11.3,6.64,10.07,7.41,9.06
360000,10.88,6.7,10.09,7.78,9.42
361000,10.82,6.8,10.09,8.08,9.97
362000,10.76,7.26,10.2,7.95,9.81
363000,10.94,7.23,10.3,7.99,10.0
364000,11.03,7.07,10.47,8.12,9.82
365000,11.04,7.23,11.02,8.14,9.69
366000,10.91,7.34,11.47,8.49,9.99
367000,10.94,7.18,11.61,8.93,10.17
368000,10.93,7.45,11.06,8.38,10.48
369000,10.8,7.24,10.55,8.52,10.51
370000,11.27,7.34,10.61,8.5,10.36
371000,11.51,7.25,9.92,8.37,10.26
372000,11.36,6.7,9.54,8.59,10.41
373000,11.45,6.66,9.48,8.76,10.64
374000,11.47,6.78,9.43,8.02,10.45
375000,11.62,6.86,9.32,8.23,10.29
376000,11.91,6.87,9.73,8.03,10.73
377000,11.38,6.98,10.02,7.9,10.79
378000,11.45,7.3,10.22,7.96,10.94
379000,11.89,7.41,10.31,7.59,10.78
380000,11.65,7.9,10.49,7.73,11.23
381000,11.76,8.43,10.69,7.91,10.95
382000,12.16,8.56,11.01,7.96,11.43
383000,11.99,8.54,11.4,8.38,11.24
384000,11.94,8.65,11.52,8.08,11.26
385000,11.78,8.41,11.71,8.05,11.34
386000,11.73,8.41,11.81,8.14,10.5
387000,12.17,8.54,11.61,8.55,10.88
388000,12.68,8.56,11.84,8.29,10.99
389000,13.14,8.41,11.71,8.2,11.17
390000,13.27,8.43,11.94,8.31,10.78
391000,12.9,8.62,11.7,8.8,10.78
392000,13.16,8.28,11.83,8.84,10.98
393000,13.29,8.46,11.75,9.05,11.57
394000,13.46,8.56,11.84,8.57,11.94
395000,13.33,8.79,11.42,8.79,12.12
396000,13.47,8.77,11.57,8.86,10.69
397000,13.57,8.68,11.58,9.04,10.4
398000,13.9,8.49,11.76,9.17,10.19
399000,13.98,8.15,11.52,9.26,10.27
400000,14.35,7.92,11.88,9.3,10.51
401000,14.46,7.48,11.65,9.03,10.7
402000,13.81,7.27,11.95,9.26,10.3
403000,14.19,7.13,12.21,9.53,10.5
404000,14.24,6.69,12.18,9.51,10.85
405000,13.84,6.67,12.19,8.86,11.52
406000,14.27,7.13,12.11,8.58,11.61
407000,14.46,7.17,12.47,8.37,11.87
408000,15.11,7.45,12.58,8.4,11.79
409000,15.12,7.87,12.44,8.03,11.69
410000,15.32,7.99,12.41,8.17,11.3
411000,15.58,8.07,12.2,8.34,11.37
412000,15.37,8.43,11.35,8.83,11.74
413000,15.64,8.5,10.69,8.92,11.25
414000,15.63,8.66,10.44,9.01,11.69
415000,15.5,8.67,10.23,9.27,12.15
416000,16.07,8.89,10.02,9.35,12.61
417000,15.57,9.04,10.2,9.62,12.63
418000,15.74,9.44,9.72,9.6,13.29
419000,15.13,9.21,9.74,9.71,13.94
420000,15.15,9.01,9.83,9.7,14.24
421000,14.71,9.19,10.43,9.61,14.29
422000,14.51,9.47,10.9,9.88,14.57
423000,14.06,9.63,11.48,10.09,14.97
424000,14.23,9.19,11.7,10.03,14.95
425000,13.69,8.87,12.02,10.17,14.6
426000,13.53,8.42,11.86,10.37,14.98
427000,13.52,8.44,11.85,10.26,15.03
428000,13.55,8.75,12.33,10.18,14.61
429000,13.79,8.62,12.72,10.36,14.71
430000,14.17,8.63,12.6,10.46,14.25
431000,14.86,8.73,12.97,10.43,13.9
432000,14.79,8.74,12.96,10.5,13.93
433000,15.5,8.89,13.16,10.57,14.24
434000,16.03,8.86,13.82,10.65,14.48
435000,16.29,8.84,13.72,10.3,14.88
436000,16.95,8.94,13.76,9.97,14.1
437000,17.47,9.04,13.7,10.32,14.46
438000,17.81,8.95,14.02,10.24,14.43
439000,17.8,9.11,14.22,10.1,14.46
440000,18.54,9.04,14.59,10.28,14.12
441000,18.67,8.66,14.48,10.08,14.23
442000,18.7,8.68,14.48,9.98,14.72
443000,18.6,8.48,14.99,10.47,14.71
444000,18.39,8.44,14.81,10.82,14.47
445000,18.59,8.6,14.31,11.25,14.56
446000,18.36,8.69,14.56,10.77,14.49
447000,18.69,8.7,14.38,11.02,14.69
448000,19.38,8.72,14.49,10.7,15.07
449000,19.26,9.14,14.73,10.88,15.23
450000,19.41,9.16,14.57,11.14,15.56
451000,19.07,9.32,14.37,10.87,15.39
452000,19.17,9.12,14.24,10.66,15.31
453000,18.95,9.33,14.39,10.68,15.61
454000,18.99,9.66,14.21,11.01,15.67
455000,18.74,9.7,14.03,11.18,16.13
456000,18.85,9.88,14.21,11.27,16.33
457000,18.93,9.83,14.52,11.52,16.29
458000,18.98,9.05,14.33,11.26,16.44
459000,19.1,8.55,14.41,11.37,16.14
460000,19.31,8.73,14.9,11.95,15.57
461000,18.6,8.93,14.87,12.01,15.58
462000,18.66,8.23,14.94,12.42,15.77
463000,18.76,8.19,14.58,12.0,15.53
464000,18.27,8.26,14.55,11.62,15.29
465000,18.13,8.37,14.09,11.7,15.0
466000,18.33,8.74,14.09,11.47,15.57
467000,18.58,9.1,13.73,11.84,15.51
468000,18.21,8.93,14.0,11.52,15.14
469000,18.02,9.16,13.98,11.61,15.2
470000,18.26,9.33,13.71,11.75,15.39
471000,17.93,9.46,13.68,11.57,16.12
472000,18.13,9.73,13.65,11.89,16.36
473000,18.26,10.03,13.94,12.25,17.07
474000,18.7,10.32,14.13,12.2,17.2
475000,18.79,9.78,14.14,12.38,17.3
476000,18.98,9.93,14.72,12.54,17.25
477000,19.62,9.79,14.78,12.37,17.41
478000,19.91,9.79,14.79,12.72,17.53
479000,20.8,10.27,15.0,12.17,17.75
480000,21.2,9.96,15.0,12.17,18.09
481000,21.75,9.53,15.04,12.24,18.23
482000,21.83,9.02,15.13,12.36,18.38
483000,21.69,8.63,15.43,12.4,18.53
484000,22.06,8.02,15.39,12.43,18.94
485000,21.43,8.13,15.44,12.87,18.93
486000,21.56,8.27,15.5,12.81,19.2
487000,22.27,7.96,15.43,13.11,19.38
488000,22.14,8.03,14.69,12.84,18.86
489000,22.48,7.93,14.13,12.91,18.79
490000,22.55,8.25,14.07,13.12,18.51
491000,22.92,8.72,13.92,13.12,18.63
492000,22.92,8.88,13.74,13.3,19.02
493000,22.91,9.01,13.92,13.55,18.88
494000,23.46,9.06,14.4,13.62,19.25
495000,23.31,8.88,13.99,13.83,19.42
496000,23.43,9.23,14.31,13.55,19.26
497000,23.44,9.48,14.28,13.4,19.27
498000,23.01,9.43,14.47,13.83,19.26
499000,22.89,9.59,14.51,14.02,19.73
500000,22.9,9.25,15.2,13.71,19.43
501000,22.1,9.32,16.07,13.38,19.34
502000,22.25,9.56,16.27,13.33,19.29
503000,22.33,9.58,16.45,13.41,19.09
504000,22.55,9.75,16.67,14.03,19.32
505000,22.54,9.69,17.1,14.17,19.36
506000,23.05,9.53,17.17,14.1,19.66
507000,23.54,9.61,17.39,14.74,19.54
508000,23.28,9.76,17.05,14.85,19.69
509000,23.22,9.78,16.57,14.7,19.98
510000,23.17,10.03,16.87,15.26,20.0
511000,23.17,9.74,16.74,15.11,19.93
512000,23.12,9.17,16.5,15.55,19.99
513000,23.41,9.54,16.46,15.53,19.77
514000,23.21,8.94,16.43,15.23,20.19
515000,22.65,9.1,16.66,15.12,19.91
516000,22.77,9.17,16.67,15.25,19.86
517000,22.97,9.55,16.96,15.27,19.69
518000,23.09,8.97,16.89,14.97,19.82
519000,23.23,9.16,16.27,15.06,19.5
520000,23.58,9.08,16.42,15.38,19.5
521000,23.58,9.31,16.54,15.72,19.36
522000,23.98,9.99,16.43,15.89,19.12
523000,24.21,10.12,16.33,16.63,19.14
524000,23.99,10.25,16.58,16.82,19.45
525000,24.16,10.38,16.73,16.81,19.56
526000,24.28,10.54,16.79,16.83,19.46
527000,24.77,10.49,16.7,16.93,19.09
528000,24.95,10.6,16.7,16.9,19.47
529000,25.07,10.92,16.91,16.3,19.27
530000,24.89,10.48,16.4,15.98,19.41
531000,24.97,10.14,16.6,16.05,19.51
532000,25.04,10.15,17.01,16.01,19.52
533000,24.44,10.2,17.12,15.62,19.48
534000,24.15,10.27,17.08,15.21,19.18
535000,24.67,10.49,17.11,14.77,19.62
536000,24.63,10.67,17.46,14.77,19.68
537000,24.56,10.38,17.44,15.02,19.86
538000,25.0,9.85,17.22,15.12,20.21
539000,25.13,9.29,17.52,15.14,20.13
540000,24.81,9.35,17.44,15.17,20.3
541000,24.33,9.34,17.29,15.54,20.28
542000,24.44,8.96,17.34,16.01,20.05
543000,23.59,8.77,17.06,16.39,20.14
544000,23.13,8.65,17.29,16.19,20.34
545000,23.25,9.04,16.92,15.77,20.56
546000,23.26,9.09,17.07,15.93,20.66
547000,22.54,9.71,17.11,16.03,20.89
548000,22.66,10.03,16.61,15.76,20.77
549000,21.98,10.25,16.96,15.83,21.12
550000,22.69,10.58,16.85,15.37,21.02
551000,22.51,10.71,17.13,15.49,21.1
552000,22.64,10.73,17.09,15.59,21.08
553000,22.92,10.84,16.78,15.62,20.98
554000,23.5,10.69,16.97,15.49,20.97
555000,23.74,11.16,17.02,15.21,20.99
556000,23.8,10.93,17.34,15.1,20.22
557000,23.67,11.25,17.69,15.0,20.91
558000,23.54,11.31,17.48,15.19,21.02
559000,23.34,11.21,17.68,15.28,21.09
560000,23.25,11.27,17.67,15.12,21.36
561000,23.27,11.6,17.73,15.16,20.24
562000,22.81,11.48,17.97,15.12,20.21
563000,22.94,11.51,18.2,15.43,20.12
564000,22.96,11.6,18.18,15.59,20.03
565000,22.52,11.2,18.54,16.16,19.93
566000,22.48,11.41,19.37,16.06,19.47
567000,22.56,10.79,19.62,16.3,19.55
568000,22.44,11.07,19.3,16.53,19.94
569000,21.97,11.29,19.56,17.01,19.58
570000,21.71,11.3,19.66,17.21,20.01
571000,22.12,11.35,19.16,17.43,19.82
572000,22.64,10.75,19.43,17.38,20.1
573000,22.45,10.99,19.5,17.38,20.75
574000,22.05,10.89,19.65,16.84,21.42
575000,21.71,11.51,19.33,17.1,21.07
576000,21.9,11.88,19.1,17.24,20.8
577000,22.38,12.09,18.79,17.25,20.99
578000,22.37,12.47,18.54,17.46,21.0
579000,21.91,12.65,18.81,17.25,21.11
580000,22.35,12.57,18.05,16.9,21.26
581000,23.05,12.31,18.05,16.51,21.6
582000,23.22,12.27,17.84,16.41,21.45
583000,23.14,11.94,18.2,16.47,21.87
584000,23.36,12.04,18.22,16.63,21.97
585000,23.45,12.26,18.54,17.05,22.14
586000,23.69,11.81,18.71,17.52,22.0
587000,23.83,11.9,18.89,17.73,21.88
588000,23.39,11.08,18.56,17.56,22.07
589000,23.57,11.06,18.3,17.81,22.1
590000,23.57,11.31,18.38,18.18,22.28
591000,23.23,11.41,17.88,18.18,22.11
592000,23.74,11.56,18.07,17.8,21.32
593000,22.98,11.75,18.59,17.65,21.54
594000,22.73,11.86,17.94,17.6,21.87
595000,22.5,11.26,18.09,17.41,21.06
596000,22.38,11.13,17.9,17.21,20.88
597000,22.62,11.4,17.82,17.05,21.14
598000,22.74,11.57,18.1,16.53,20.91
599000,23.16,11.34,18.31,15.57,20.99
600000,23.02,10.85,17.8,14.83,21.24
601000,22.81,10.82,17.9,14.82,21.02
602000,22.99,10.89,18.05,14.88,20.77
603000,23.42,10.42,18.06,15.07,21.18
604000,23.39,10.46,17.95,14.5,20.94
605000,23.59,10.41,18.34,14.74,21.51
606000,23.3,9.76,18.63,14.88,21.23
607000,23.25,9.91,18.79,15.13,21.19
608000,23.41,10.08,18.67,15.23,21.12
609000,23.55,10.3,18.91,15.09,20.97
610000,23.56,10.76,19.0,15.2,21.45
611000,23.76,10.84,19.17,15.26,21.46
612000,23.61,10.31,19.01,15.46,21.53
613000,23.95,10.13,18.77,15.87,21.24
614000,23.99,10.05,18.62,15.72,21.92
615000,24.32,10.03,18.72,15.48,21.53
616000,25.43,9.4,18.53,15.42,21.87
617000,25.13,9.69,18.52,15.21,21.76
618000,24.87,9.28,18.66,14.71,21.78
619000,25.14,9.13,18.64,14.39,21.69
620000,25.12,9.57,18.7,14.34,21.6
621000,25.44,10.02,18.63,14.76,21.34
622000,25.49,10.41,18.93,14.78,21.06
623000,25.26,10.74,18.84,14.87,21.11
624000,25.0,11.2,19.0,15.42,20.96
625000,24.89,11.49,18.76,15.54,21.26
626000,25.0,11.49,18.6,15.37,21.52
627000,24.81,11.93,18.91,15.57,21.59
628000,25.14,12.23,18.98,15.86,21.64
629000,24.69,12.47,19.17,15.92,20.96
630000,24.56,12.46,18.84,16.43,21.14
631000,24.8,12.49,18.92,16.59,21.02
632000,24.65,12.45,18.95,16.91,21.35
633000,24.45,12.82,18.74,17.24,21.55
634000,24.37,12.86,18.8,17.51,21.55
635000,24.27,12.79,18.68,17.21,21.46
636000,23.29,12.67,18.13,17.45,21.33
637000,23.19,12.84,18.04,17.51,21.5
638000,23.3,12.59,18.31,17.67,22.09
639000,23.41,12.6,18.2,17.7,22.28
640000,23.39,12.54,18.58,17.93,22.22
641000,23.4,11.97,18.57,18.04,22.46
642000,23.38,12.05,18.47,18.38,22.5
643000,23.81,11.96,18.32,18.49,23.09
644000,23.45,12.29,18.47,18.55,23.08
645000,23.64,12.16,18.54,18.73,23.38
646000,23.63,12.32,18.41,18.62,22.93
647000,23.43,12.44,18.53,18.74,22.54
648000,23.23,12.68,18.54,18.5,23.21
649000,23.56,12.73,18.72,18.5,23.9
650000,23.6,12.7,18.67,18.82,23.82
651000,23.98,12.26,19.17,19.31,23.98
652000,24.28,12.02,19.38,19.51,23.71
653000,24.3,12.5,19.53,19.66,23.8
654000,25.02,12.5,19.04,19.1,23.09
655000,25.11,12.78,19.16,19.25,23.33
656000,24.96,12.55,19.45,18.91,23.23
657000,24.95,12.61,19.02,18.58,22.72
658000,25.03,12.69,19.13,18.23,22.67
659000,25.13,12.66,18.91,18.12,23.16
660000,24.8,12.12,19.12,17.97,23.05
661000,25.06,11.8,19.09,18.27,23.01
662000,25.39,11.98,18.69,17.75,22.23
663000,24.57,12.07,18.53,17.92,22.04
664000,25.0,11.92,17.89,17.6,22.29
665000,25.5,11.81,17.72,17.84,22.32
666000,25.71,11.92,17.74,17.37,22.43
667000,25.47,12.26,17.72,17.34,22.14
668000,26.01,12.54,17.73,17.6,21.36
669000,26.61,11.98,18.11,17.76,21.43
670000,26.73,11.76,17.84,17.42,21.43
671000,26.66,11.76,17.77,17.95,21.74
672000,26.48,11.57,18.43,17.88,21.89
673000,26.64,11.69,18.37,18.47,21.96
674000,26.8,11.25,18.74,18.56,21.78
675000,27.51,11.71,18.86,18.29,21.9
676000,26.3,11.81,19.15,18.05,22.04
677000,26.62,11.59,19.38,18.06,21.83
678000,26.65,11.77,19.8,17.95,21.98
679000,27.12,11.94,19.84,17.77,21.88
680000,27.35,11.66,20.39,17.32,22.17
681000,26.74,11.53,21.07,17.29,22.57
682000,26.3,11.74,21.06,16.69,22.31
683000,25.78,11.83,20.95,16.71,21.72
684000,26.19,11.72,21.63,16.93,21.13
685000,26.8,12.12,21.73,16.83,21.3
686000,26.51,12.34,21.72,16.94,21.62
687000,25.88,12.16,21.49,16.84,21.91
688000,26.32,12.22,21.53,16.53,22.04
689000,26.12,12.07,21.53,16.72,21.54
690000,25.49,12.23,21.35,17.02,21.11
691000,25.36,12.12,21.86,17.36,20.62
692000,25.74,11.94,21.25,17.94,20.89
693000,26.42,11.85,21.53,18.05,20.83
694000,26.89,11.85,20.8,18.05,20.47
695000,26.58,12.12,20.5,18.26,20.77
696000,26.7,12.41,20.48,18.35,20.74
697000,25.8,12.56,20.33,18.46,20.9
698000,26.23,12.6,20.46,18.53,20.75
699000,25.8,12.57,20.65,18.65,20.75
700000,26.55,12.61,20.62,18.83,21.37
701000,26.96,12.91,20.12,18.34,21.36
702000,27.02,13.19,20.07,18.38,21.17
703000,27.38,13.26,20.08,18.76,21.21
704000,27.21,13.34,20.19,18.6,21.73
705000,27.24,13.22,20.12,18.59,21.63
706000,27.7,13.59,19.81,18.53,21.52
707000,27.76,13.5,19.59,18.4,21.37
708000,27.56,13.42,19.51,18.61,21.96
709000,27.3,13.48,19.58,18.87,22.41
710000,27.17,13.24,19.61,19.44,22.51
711000,27.63,12.99,20.15,19.97,22.36
712000,27.71,13.08,20.41,19.84,22.55
713000,27.77,13.1,20.43,20.34,22.58
714000,27.78,12.96,20.53,20.34,22.52
715000,27.92,13.32,20.57,20.76,22.7
716000,27.36,13.43,20.38,21.06,22.66
717000,26.31,13.38,20.32,21.22,22.82
718000,26.61,13.07,20.34,21.22,22.59
719000,26.62,13.19,20.6,21.47,22.61
720000,26.56,13.11,20.81,21.48,22.77
721000,26.31,12.97,21.08,21.2,23.15
722000,26.57,13.11,21.21,21.59,23.0
723000,26.0,13.34,21.49,21.36,22.52
724000,25.1,12.8,21.54,21.64,22.78
725000,24.77,12.43,21.95,21.78,22.97
726000,25.05,12.21,22.16,21.47,23.42
727000,25.69,11.79,21.79,21.45,23.44
728000,26.17,11.83,21.37,20.82,23.2
729000,25.96,11.41,21.84,19.84,23.06
730000,26.0,11.62,21.74,19.49,23.1
731000,26.5,11.63,21.59,19.54,23.14
732000,26.64,11.73,21.18,19.2,23.61
733000,26.7,11.59,21.63,19.15,23.71
734000,27.08,11.72,21.94,18.92,23.25
735000,26.83,12.11,21.91,18.7,23.04
736000,26.71,12.38,21.69,18.58,23.02
737000,26.71,12.52,21.49,19.02,23.1
738000,26.44,12.7,21.15,19.21,23.06
739000,26.7,12.69,20.69,19.67,22.87
740000,26.77,12.83,20.93,20.04,22.91
741000,26.13,13.17,20.94,20.01,23.05
742000,26.2,13.05,20.79,19.83,22.04
743000,26.36,13.16,20.79,19.67,22.04
744000,26.06,13.43,20.94,20.01,21.77
745000,26.47,13.69,21.3,20.25,21.85
746000,26.66,13.49,20.77,20.59,22.03
747000,26.96,13.52,21.17,20.34,21.98
748000,27.41,13.82,21.15,20.21,22.01
749000,27.89,14.04,21.51,20.14,22.01
750000,28.37,14.13,21.85,19.89,21.7
751000,27.82,14.24,21.39,20.22,21.95
752000,26.59,14.05,21.16,20.42,21.62
753000,26.1,14.09,21.21,20.86,22.08
754000,25.89,14.03,21.41,21.1,22.16
755000,25.07,14.12,21.93,20.8,21.91
756000,24.93,14.03,22.01,20.41,22.04
757000,24.77,13.96,21.97,19.8,21.68
758000,24.7,13.51,22.23,19.94,21.72
759000,25.07,13.97,21.83,19.75,22.19
760000,25.17,13.79,21.47,20.03,22.63
761000,25.76,14.05,21.42,20.15,22.75
762000,25.73,14.16,21.27,20.25,22.66
763000,26.53,14.18,20.43,20.62,22.16
764000,27.07,14.17,20.4,20.7,22.01
765000,26.58,14.03,20.29,21.12,21.89
766000,26.53,14.13,19.92,21.38,21.56
767000,26.35,14.32,20.23,21.7,21.77
768000,26.08,14.56,20.5,22.07,21.6
769000,26.81,14.52,20.57,22.42,21.85
770000,27.03,13.87,20.68,22.67,21.4
771000,27.13,13.95,20.03,23.12,21.39
772000,26.17,13.73,20.36,22.52,21.34
773000,26.36,13.59,20.72,22.43,21.68
774000,27.19,13.36,21.38,22.74,21.97
775000,27.99,13.26,21.33,22.56,21.23
776000,28.43,13.21,21.02,22.84,21.11
777000,28.88,13.33,21.43,22.6,20.94
778000,28.89,13.51,21.83,23.07,21.07
779000,29.13,13.49,22.26,22.46,21.47
780000,29.1,13.43,22.7,22.47,21.61
781000,29.26,13.08,23.33,22.88,22.07
782000,29.72,13.31,23.47,22.56,22.2
783000,30.19,13.6,23.52,22.36,22.01
784000,30.42,13.7,23.63,21.99,22.03
785000,30.36,13.72,23.52,21.75,22.18
786000,30.11,13.89,23.72,21.48,22.52
787000,30.53,13.8,23.61,20.77,23.36
788000,28.8,13.95,23.67,20.35,23.79
789000,29.03,13.98,23.49,20.44,23.47
790000,29.19,13.9,23.29,20.45,23.1
791000,29.26,13.72,22.93,20.09,23.72
792000,28.65,13.63,22.55,20.29,23.76
793000,28.58,13.4,22.48,20.37,23.61
794000,28.14,13.57,22.53,19.74,23.74
795000,28.42,13.8,22.35,19.57,24.58
796000,28.25,14.23,22.44,19.44,24.33
797000,27.5,14.03,22.57,19.09,24.28
798000,27.46,14.04,22.46,18.48,23.41
799000,26.92,14.01,22.15,18.52,24.08
800000,26.85,13.91,21.87,18.63,24.31
801000,27.13,13.9,21.73,18.54,24.07
802000,27.36,13.88,21.65,18.62,23.39
803000,27.74,13.86,21.11,19.34,23.61
804000,27.62,13.84,20.46,19.29,23.36
805000,27.19,14.16,20.36,19.3,22.8
806000,26.85,14.4,20.75,19.52,22.41
807000,26.79,14.34,20.92,19.61,22.33
808000,26.58,14.05,21.61,19.78,22.42
809000,26.52,14.02,21.83,19.87,22.03
810000,26.92,13.69,21.82,20.0,22.64
811000,27.21,13.85,21.75,20.23,22.37
812000,26.98,13.99,21.61,20.55,22.76
813000,27.24,14.11,20.86,21.02,22.22
814000,27.6,14.0,21.51,21.13,22.54
815000,28.1,13.94,21.25,21.32,22.41
816000,28.12,13.96,21.05,21.51,22.05
817000,28.26,14.14,21.58,21.54,22.23
818000,28.03,14.19,21.67,21.49,21.87
819000,27.76,13.93,21.48,21.73,21.73
820000,27.75,13.76,21.58,21.76,22.18
821000,27.87,13.96,21.98,21.52,22.49
822000,27.19,13.94,22.59,21.04,22.65
823000,27.56,13.78,22.89,21.34,22.57
824000,28.51,14.23,22.98,21.39,22.74
825000,27.8,14.42,22.67,21.53,22.58
826000,27.66,14.1,23.05,21.27,22.71
827000,27.99,14.37,22.79,21.1,23.05
828000,28.24,14.06,22.83,21.04,23.59
829000,28.53,14.17,23.23,21.1,22.89
830000,28.47,14.43,23.3,20.91,23.66
831000,28.99,14.48,23.13,21.22,23.35
832000,29.33,14.54,23.3,21.16,23.59
833000,28.65,14.93,22.86,20.86,23.61
834000,28.55,15.05,22.99,20.95,23.84
835000,28.54,15.1,23.45,20.75,23.67
836000,28.11,15.25,23.09,20.82,23.83
837000,28.01,15.3,23.26,21.21,24.04
838000,27.05,15.65,23.32,20.97,24.25
839000,27.33,15.72,23.3,21.36,24.73
840000,27.99,15.34,23.25,20.78,24.89
841000,27.9,15.3,23.04,20.34,25.19
842000,27.71,15.04,23.09,20.24,25.1
843000,27.97,14.85,23.04,20.09,24.56
844000,27.72,14.82,22.48,19.7,24.32
845000,28.09,14.97,22.54,19.81,24.18
846000,28.26,14.83,22.87,19.79,23.74
847000,27.08,14.65,22.61,19.98,23.18
848000,27.62,14.61,21.81,19.83,23.61
849000,27.8,14.53,22.03,19.82,23.09
850000,27.31,14.55,22.02,19.78,23.12
851000,26.86,14.7,22.38,19.81,22.93
852000,26.11,14.41,21.98,19.35,22.86
853000,25.67,14.47,22.0,18.31,22.6
854000,25.5,14.63,21.75,17.64,23.26
855000,26.29,14.65,21.92,17.76,23.49
856000,27.45,15.02,22.15,17.43,23.73
857000,26.92,15.44,22.38,17.59,23.92
858000,26.47,15.49,22.38,18.1,23.53
859000,26.89,15.06,22.08,18.12,22.89
860000,26.73,14.96,22.32,18.0,22.62
861000,27.3,14.78,22.05,17.6,22.9
862000,26.96,14.72,22.62,17.4,23.68
863000,26.18,14.37,23.0,16.86,23.83
864000,26.53,14.19,22.28,16.67,24.42
865000,26.59,13.99,22.65,16.73,24.26
866000,26.32,13.78,23.22,17.16,24.62
867000,26.15,13.6,23.73,17.55,24.97
868000,26.06,13.68,23.58,18.33,24.48
869000,26.41,13.56,23.03,19.22,24.69
870000,26.27,13.65,22.97,19.19,24.79
871000,26.02,13.53,23.49,19.7,24.75
872000,25.99,13.95,23.89,20.43,24.89
873000,26.41,14.12,23.69,20.51,25.74
874000,26.89,14.4,24.02,20.21,25.55
875000,27.64,14.5,23.74,20.43,25.54
876000,27.68,14.75,23.33,20.22,25.4
877000,27.94,14.89,23.62,20.54,25.42
878000,27.93,14.92,23.57,20.29,25.65
879000,27.0,15.1,23.4,20.58,25.92
880000,26.89,15.13,23.31,21.21,25.97
881000,27.1,15.09,22.81,22.36,26.02
882000,27.51,15.18,22.67,22.32,25.73
883000,27.11,15.37,22.86,22.61,26.24
884000,26.79,15.49,22.4,22.65,26.25
885000,26.9,15.62,22.32,23.26,25.9
886000,27.06,15.81,22.04,23.46,26.2
887000,27.37,15.65,22.68,23.16,26.53
888000,27.69,15.28,23.05,22.52,26.64
889000,28.05,15.37,23.46,22.63,26.35
890000,28.53,14.77,22.48,22.83,25.86
891000,27.92,14.78,22.41,22.47,26.33
892000,27.25,14.57,22.09,23.03,26.6
893000,27.72,14.54,21.95,22.82,27.3
894000,27.28,14.6,22.38,22.94,27.53
895000,27.61,15.0,22.47,23.12,27.02
896000,27.2,14.7,22.25,23.24,26.77
897000,26.69,14.46,22.72,23.25,27.19
898000,25.9,14.09,22.68,23.4,26.68
899000,25.76,13.79,23.24,23.44,26.7
900000,25.34,14.11,23.27,22.56,26.18
901000,25.34,14.36,23.39,22.66,26.08
902000,25.09,14.38,22.66,23.04,26.38
903000,26.1,14.63,23.21,23.2,25.09
904000,26.52,14.7,23.64,23.56,24.76
905000,26.58,14.57,23.81,23.32,25.01
906000,26.79,14.67,24.07,23.23,24.48
907000,27.0,14.56,22.62,23.18,24.67
908000,27.58,14.77,22.13,23.3,24.37
909000,27.84,14.92,22.2,23.78,25.21
910000,28.08,14.97,22.3,23.22,24.55
911000,27.65,15.09,22.47,22.96,24.38
912000,27.69,15.13,22.2,23.47,22.97
913000,26.48,15.26,22.4,23.19,23.07
914000,26.27,15.53,22.33,23.24,22.01
915000,25.95,15.49,22.32,23.2,21.84
916000,26.45,15.18,21.91,23.34,21.46
917000,25.64,15.21,21.75,23.38,21.75
918000,25.88,15.03,21.7,23.87,21.38
919000,26.36,15.28,21.55,24.02,21.53
920000,26.5,15.17,21.89,23.5,22.14
921000,26.47,15.26,21.88,23.47,21.78
922000,26.58,15.34,21.67,23.49,21.48
923000,26.48,15.26,21.83,23.19,21.66
924000,26.41,15.41,21.89,22.65,21.41
925000,27.29,15.42,21.67,22.59,21.35
926000,26.17,15.42,22.12,22.03,21.4
927000,26.25,15.52,22.85,21.8,21.13
928000,25.79,15.3,23.03,21.66,21.39
929000,25.66,15.19,23.18,22.02,21.25
930000,25.67,15.33,23.18,21.1,21.85
931000,26.23,15.27,22.94,21.37,21.72
932000,25.41,15.36,23.1,21.01,22.39
933000,25.89,15.32,23.34,20.54,23.18
934000,25.81,15.45,23.24,19.85,23.73
935000,26.26,15.89,22.92,19.81,23.94
936000,26.68,16.08,23.53,19.96,24.27
937000,26.81,16.27,23.66,20.65,24.19
938000,26.96,16.06,24.14,20.91,24.73
939000,27.39,16.1,24.22,21.18,25.06
940000,27.45,15.88,24.46,21.1,25.12
941000,27.18,15.9,24.49,21.72,25.03
942000,27.18,15.86,24.62,22.0,25.53
943000,27.69,15.55,24.65,21.82,26.06
944000,28.53,15.43,24.61,21.92,26.76
945000,28.91,15.19,25.07,22.18,26.78
946000,28.86,15.54,25.12,21.84,26.82
947000,29.49,15.74,25.34,22.18,26.45
948000,28.73,15.78,24.89,22.58,26.38
949000,28.73,15.46,24.82,22.59,26.3
950000,28.56,14.74,24.89,22.98,26.5
951000,28.29,14.67,25.14,23.39,26.81
952000,27.75,14.66,25.04,23.97,27.05
953000,27.63,14.82,25.24,24.09,26.31
954000,27.02,15.06,25.06,24.16,26.1
955000,27.39,15.12,24.66,24.14,26.13
956000,26.53,15.37,24.13,23.56,25.79
957000,26.51,15.34,23.86,23.34,26.31
958000,26.44,15.68,23.71,23.54,26.84
959000,26.13,15.69,22.64,23.84,26.88
960000,25.82,15.37,22.94,24.11,26.76
961000,26.06,15.36,22.39,23.2,25.87
962000,26.17,15.36,22.59,23.17,25.33
963000,26.39,15.26,22.21,23.63,24.49
964000,27.36,15.35,22.11,23.84,23.97
965000,26.4,14.78,23.02,23.68,24.17
966000,25.45,14.95,22.96,23.93,24.59
967000,25.64,14.83,23.17,23.61,24.57
968000,26.14,14.54,23.2,23.6,25.19
969000,26.17,14.86,23.32,23.88,25.52
970000,26.24,14.87,22.83,23.63,25.51
971000,26.27,15.03,22.79,23.5,25.42
972000,26.36,15.28,22.54,23.19,25.24
973000,26.71,15.27,22.61,23.79,25.44
974000,27.31,15.54,23.18,23.97,25.11
975000,27.05,15.68,23.28,23.84,25.43
976000,27.14,15.67,23.47,23.46,25.4
977000,27.56,15.75,23.51,22.97,25.67
978000,27.39,16.1,24.05,22.87,25.54
979000,27.41,16.16,24.19,22.63,24.78
980000,28.01,16.17,24.44,22.64,24.15
981000,27.99,15.84,24.17,22.95,24.53
982000,28.62,15.11,24.23,23.09,25.13
983000,29.1,15.24,24.13,22.72,25.52
984000,28.95,15.09,23.74,23.2,25.84
985000,29.31,14.97,22.99,23.64,25.3
986000,28.39,14.91,23.02,23.73,25.54
987000,28.17,14.99,22.81,23.56,25.7
988000,28.12,14.66,22.43,23.63,25.67
989000,27.55,14.87,22.54,23.49,25.57
990000,26.8,14.88,22.75,23.17,25.72
991000,26.65,15.11,22.57,22.53,25.67
992000,27.18,15.29,22.79,22.63,26.35
993000,27.08,15.45,23.07,22.76,26.47
994000,27.3,15.76,23.2,23.0,26.08
995000,27.49,16.24,23.3,23.08,26.3
996000,27.2,16.35,23.37,23.51,26.43
997000,27.08,16.72,23.38,23.21,26.25
998000,27.33,17.15,23.48,23.1,25.58
999000,26.97,17.12,23.61,23.21,25.34
1000000,27.75,16.92,23.48,22.97,25.64
1001000,27.73,17.31,23.74,22.38,25.66
1002000,27.82,16.86,23.44,22.51,26.85
1003000,27.21,17.15,23.78,22.11,26.97
1004000,28.1,16.97,23.89,21.59,26.67
1005000,27.69,17.11,24.46,21.81,26.24
1006000,27.35,16.23,24.44,22.07,26.44
1007000,27.16,15.79,24.69,22.02,27.42
1008000,26.8,15.25,25.04,21.36,28.18
1009000,27.22,15.58,25.64,21.72,27.74
1010000,27.24,15.76,25.92,21.92,27.54
1011000,27.49,15.42,25.69,22.51,27.46
1012000,28.24,15.76,25.53,21.88,27.03
1013000,28.9,16.05,25.86,21.88,26.95
1014000,29.54,16.24,25.32,21.59,26.05
1015000,29.01,16.3,25.76,22.1,26.45
1016000,29.66,16.29,26.02,22.61,26.11
1017000,29.69,16.2,25.99,22.66,26.49
1018000,30.81,16.32,25.69,22.85,26.74
1019000,31.16,16.68,25.62,23.46,27.15
1020000,31.37,16.67,26.1,23.22,27.18
1021000,30.55,17.06,25.93,23.37,27.62
1022000,30.8,17.38,25.86,23.57,27.78
1023000,30.85,17.53,26.09,23.86,28.41
1024000,30.78,17.16,26.29,23.41,28.08
1025000,31.62,17.43,25.99,23.23,27.78
1026000,31.13,17.22,25.4,23.24,27.61
1027000,31.21,16.72,25.05,23.9,27.35
1028000,30.93,16.5,25.17,24.91,27.6
1029000,31.32,16.48,24.68,24.69,27.16
1030000,30.96,16.64,24.87,24.59,26.33
1031000,30.41,16.75,25.01,24.12,26.27
1032000,30.86,16.35,25.21,24.12,26.5
1033000,31.58,15.85,24.93,24.48,26.34
1034000,31.47,16.17,25.07,24.01,26.14
1035000,31.96,16.23,24.76,23.9,26.53
1036000,31.31,16.52,24.6,23.04,26.35
1037000,30.61,16.71,24.16,22.7,26.43
1038000,29.85,16.72,24.66,22.55,26.85
1039000,29.38,16.7,24.47,23.21,25.51
1040000,30.26,16.56,24.17,23.4,24.98
1041000,30.03,16.5,24.51,23.37,24.53
1042000,28.62,16.36,24.44,23.23,23.85
1043000,28.56,16.62,24.55,23.31,24.34
1044000,28.23,16.04,24.36,23.49,24.01
1045000,29.01,16.37,24.79,23.76,23.52
1046000,29.23,16.84,25.3,23.61,23.47
1047000,29.24,17.24,25.22,22.84,23.31
1048000,28.08,17.54,24.71,22.81,23.05
1049000,28.04,17.14,25.35,22.83,23.03
1050000,27.97,17.14,25.45,23.09,23.01
1051000,28.25,16.9,25.05,22.57,23.42
1052000,28.23,16.66,24.93,23.41,23.64
1053000,27.89,17.0,25.11,23.56,24.15
1054000,28.09,17.04,24.87,23.53,24.71
1055000,28.39,17.02,24.77,23.86,24.44
1056000,28.55,17.05,24.5,23.86,24.41
1057000,27.78,17.02,24.55,24.43,23.56
1058000,28.66,17.25,23.91,25.1,24.15
1059000,28.42,17.26,24.32,24.92,24.9
1060000,29.25,17.15,24.5,25.61,25.58
1061000,29.4,17.31,24.28,25.4,25.66
1062000,29.33,17.03,24.78,25.22,26.24
1063000,29.21,17.17,24.43,25.33,25.63
1064000,29.54,17.22,24.43,25.51,25.82
1065000,29.4,17.46,23.46,24.99,25.88
1066000,29.48,17.61,23.98,25.04,26.08
1067000,29.24,17.33,24.35,24.8,25.76
1068000,29.31,17.33,24.87,25.02,25.86
1069000,29.66,17.13,24.04,25.44,26.26
1070000,29.43,17.15,24.0,25.53,26.52
1071000,29.68,17.38,24.48,24.82,26.99
1072000,29.69,17.58,24.85,25.2,26.95
1073000,29.88,17.55,24.75,24.85,27.0
1074000,30.22,17.67,24.83,24.63,27.38
1075000,30.03,17.58,24.69,25.22,27.64
1076000,30.3,17.55,24.55,25.19,27.5
1077000,29.5,17.46,24.91,25.42,27.93
1078000,29.35,17.2,25.64,24.51,27.96
1079000,29.15,17.65,26.11,24.36,28.7
1080000,28.61,17.51,26.03,24.66,28.52
1081000,28.76,17.47,25.55,23.98,28.18
1082000,27.94,17.75,24.81,24.41,28.19
1083000,27.47,17.85,24.87,23.97,28.4
1084000,27.46,17.75,25.35,23.63,27.68
1085000,27.9,17.6,25.15,24.1,27.88
1086000,27.98,17.58,25.28,24.81,28.41
1087000,27.27,17.6,25.92,24.53,28.13
1088000,28.04,17.57,26.33,24.23,28.3
1089000,28.07,17.82,25.83,24.07,28.83
1090000,28.46,18.08,26.28,24.31,29.31
1091000,28.06,18.05,26.83,24.56,29.62
1092000,27.82,18.32,26.85,24.61,30.03
1093000,28.54,18.58,26.58,24.66,30.35
1094000,28.51,18.85,26.48,24.85,30.81
1095000,28.13,18.65,26.46,24.72,30.42
1096000,28.2,18.75,26.63,24.36,29.75
1097000,28.91,18.73,26.92,24.62,28.68
1098000,28.98,18.78,26.96,24.43,28.22
1099000,29.04,18.74,26.14,24.4,28.73
1100000,28.99,18.53,25.85,23.82,28.31
1101000,28.94,18.72,25.91,23.68,28.79
1102000,28.72,19.05,26.16,23.78,28.85
1103000,28.85,19.23,26.16,23.84,28.72
1104000,29.09,18.76,24.84,24.13,29.53
1105000,29.77,18.5,23.59,24.26,27.95
1106000,29.45,18.32,23.11,23.44,27.86
1107000,29.61,18.45,22.32,23.72,28.26
1108000,29.51,18.18,22.09,23.79,27.89
1109000,29.84,18.25,22.56,23.8,28.38
1110000,29.85,18.51,22.8,23.83,27.37
1111000,30.18,18.3,22.86,23.47,26.53
1112000,30.4,18.31,22.67,23.47,26.02
1113000,30.99,18.18,22.51,23.05,24.21
1114000,30.82,18.12,22.55,23.22,24.31
1115000,31.03,17.98,21.94,23.15,25.08
1116000,31.14,18.16,22.13,22.87,25.57
1117000,31.3,18.42,22.39,23.06,25.92
1118000,31.77,18.2,22.28,23.41,25.88
1119000,31.21,17.96,22.16,23.54,25.05
1120000,31.0,17.96,22.8,23.75,24.88
1121000,31.37,18.0,23.04,24.22,24.96
1122000,31.86,17.94,23.14,24.14,24.94
1123000,31.08,18.03,23.83,24.35,24.3
1124000,30.71,17.91,23.92,24.75,24.49
1125000,30.86,17.79,24.42,24.84,24.79
1126000,31.39,17.64,24.69,24.79,24.93
1127000,31.62,17.65,24.55,24.82,24.48
1128000,32.03,17.85,24.26,24.75,24.0
1129000,32.18,18.08,24.28,24.69,24.67
1130000,32.09,18.0,24.05,24.91,24.79
1131000,31.7,17.8,23.77,24.64,25.06
1132000,31.62,17.8,23.75,24.78,25.06
1133000,31.96,17.8,24.6,25.05,25.29
1134000,31.43,17.99,24.05,25.64,25.65
1135000,30.98,18.1,24.09,25.78,25.59
1136000,30.77,18.22,24.16,25.56,25.76
1137000,30.28,18.21,23.61,25.84,25.99
1138000,30.0,18.27,23.96,25.59,26.0
1139000,29.23,18.35,23.04,24.68,25.52
1140000,28.51,18.36,22.99,24.75,26.23
1141000,28.74,18.24,22.6,24.75,25.87
1142000,28.54,18.08,23.35,24.66,26.24
1143000,28.5,18.14,23.76,24.57,25.19
1144000,28.55,17.95,23.58,23.68,25.71
1145000,27.8,17.87,23.66,23.74,26.55
1146000,26.47,17.77,23.48,24.32,26.88
1147000,26.5,18.18,23.62,24.01,26.68
1148000,26.77,18.1,23.48,24.25,26.72
1149000,26.78,18.02,23.4,24.0,27.13
1150000,26.06,18.12,23.57,23.83,27.0
1151000,25.88,18.16,23.87,23.47,27.45
1152000,26.18,18.52,23.18,23.19,27.38
1153000,26.1,18.19,23.34,23.1,27.33
1154000,25.53,17.47,23.46,22.82,27.1
1155000,25.11,17.61,22.77,23.12,27.82
1156000,25.78,17.71,23.28,23.31,27.92
1157000,25.51,17.75,23.66,23.4,27.62
1158000,25.56,17.7,23.74,23.5,26.74
1159000,25.83,17.82,23.34,24.03,26.82
1160000,25.85,17.82,23.38,23.97,26.06
1161000,25.88,18.25,23.5,23.79,25.77
1162000,26.32,18.53,23.46,24.04,25.35
1163000,26.77,18.16,23.59,24.34,25.78
1164000,25.99,18.0,23.47,24.67,25.76
1165000,24.9,18.18,23.42,24.3,24.99
1166000,25.31,18.02,23.88,24.15,24.63
1167000,25.79,17.99,24.5,23.95,25.0
1168000,26.23,18.16,23.84,23.78,25.48
1169000,26.63,17.83,24.3,24.62,25.15
1170000,26.33,18.19,24.45,25.23,25.5
1171000,26.23,18.52,23.62,25.3,25.67
1172000,26.67,18.68,24.24,25.61,25.44
1173000,27.33,18.59,24.42,25.62,25.81
1174000,27.55,18.76,24.23,25.42,25.58
1175000,27.08,18.83,24.41,25.04,26.04
1176000,27.51,18.73,24.21,25.13,25.68
1177000,28.06,18.61,24.05,25.16,25.34
1178000,27.9,18.07,24.21,24.87,25.8
1179000,27.5,18.23,24.23,24.8,25.56
1180000,27.09,18.68,24.42,25.45,25.62
1181000,27.53,18.53,24.32,25.21,25.57
1182000,28.53,18.27,24.15,25.35,25.96
1183000,28.23,18.67,24.49,25.0,25.44
1184000,28.66,18.37,24.53,24.83,25.12
1185000,28.19,18.88,24.8,24.45,25.27
1186000,28.16,18.94,25.01,24.4,25.21
1187000,28.7,18.8,25.34,24.67,25.11
1188000,29.02,18.87,25.73,25.04,24.69
1189000,29.03,19.13,25.84,24.37,25.08
1190000,28.15,18.98,25.84,24.34,24.73
1191000,27.96,19.05,25.29,25.16,24.71
1192000,27.4,18.94,24.69,25.01,25.18
1193000,27.66,19.25,24.39,24.83,24.51
1194000,27.11,19.57,24.34,25.51,24.68
1195000,26.43,19.57,24.15,25.5,24.89
1196000,26.5,18.94,24.43,25.32,24.6
1197000,26.01,19.15,23.93,25.12,24.46
1198000,26.39,19.44,23.76,24.68,24.81
1199000,26.18,19.28,24.24,25.76,25.0
1200000,26.85,19.0,24.92,25.77,25.29
1201000,27.55,18.98,24.26,24.84,25.55
1202000,27.55,19.4,24.47,24.87,26.41
1203000,28.25,19.16,24.65,25.18,25.45
1204000,27.4,19.28,24.35,25.43,26.11
1205000,27.37,19.27,23.86,25.65,26.37
1206000,27.87,19.3,22.78,25.9,26.53
1207000,28.34,18.88,22.23,25.63,26.39
1208000,28.35,19.0,22.05,25.64,26.67
1209000,29.13,18.66,22.98,25.74,26.69
1210000,29.04,18.82,23.06,25.93,27.01
1211000,28.13,18.99,23.21,25.42,27.13
1212000,28.75,19.38,22.76,24.51,27.4
1213000,29.01,19.6,23.17,24.6,27.78
1214000,29.57,19.15,23.84,25.2,27.95
1215000,30.21,19.55,23.66,24.6,27.05
1216000,30.62,19.44,24.27,24.82,26.76
1217000,32.1,19.7,24.25,24.88,27.12
1218000,31.99,19.44,24.05,25.83,27.52
1219000,32.76,19.42,23.54,26.11,27.93
1220000,32.58,19.75,23.88,24.95,28.28
1221000,32.97,20.07,23.66,25.18,26.48
1222000,33.32,19.86,23.56,25.28,26.38
1223000,33.34,19.79,23.45,25.39,25.81
1224000,33.51,20.23,23.64,24.82,26.04
1225000,33.65,20.78,23.72,24.64,25.84
1226000,33.09,20.93,23.83,24.63,25.91
1227000,33.43,20.76,24.6,24.6,25.66
1228000,33.47,21.03,24.25,25.1,25.76
1229000,32.19,21.06,24.41,24.89,25.81
1230000,32.32,21.25,24.21,24.15,26.06
1231000,32.69,21.4,24.46,24.01,26.4
1232000,32.83,21.22,24.91,24.38,26.44
1233000,31.54,21.26,24.64,24.57,26.44
1234000,29.8,21.18,24.3,24.23,26.48
1235000,29.93,21.06,24.77,23.96,26.7
1236000,30.15,20.89,24.91,23.72,26.33
1237000,29.73,21.17,24.8,23.48,26.85
1238000,29.44,20.43,24.99,23.04,27.59
1239000,29.27,20.13,25.01,22.93,26.81
1240000,27.92,20.19,24.96,22.92,26.12
1241000,28.4,20.55,25.02,22.18,26.04
1242000,27.65,20.17,25.24,21.96,26.42
1243000,27.57,20.01,25.6,21.41,27.35
1244000,27.55,20.19,25.2,21.76,27.78
1245000,27.65,19.89,25.1,21.34,27.7
1246000,28.89,20.05,24.42,21.84,27.79
1247000,28.65,19.08,24.37,22.01,27.65
1248000,28.92,19.27,25.16,22.22,28.24
1249000,28.76,19.19,24.69,22.26,28.33
1250000,28.25,18.9,24.59,22.02,28.57
1251000,27.62,18.9,23.47,22.49,28.52
1252000,28.15,18.93,23.9,22.42,28.14
1253000,28.32,19.42,23.0,22.54,28.3
1254000,26.85,19.01,22.56,22.64,28.0
1255000,27.68,19.27,22.62,22.38,27.16
1256000,28.17,19.4,22.44,22.33,27.14
1257000,28.67,19.92,22.35,22.22,27.22
1258000,29.02,19.26,21.85,22.47,26.96
1259000,29.35,18.99,21.12,22.55,27.45
1260000,29.08,18.98,20.87,23.16,27.63
1261000,29.6,19.16,21.38,23.56,27.74
1262000,30.09,19.67,21.68,23.88,27.88
1263000,30.36,19.18,21.37,23.78,27.28
1264000,30.43,19.81,21.71,23.91,26.96
1265000,30.47,19.77,22.02,23.97,27.96
1266000,30.39,20.1,21.65,24.11,27.5
1267000,30.74,20.08,22.23,23.7,27.65
1268000,30.95,20.64,22.34,24.31,27.86
1269000,31.06,20.49,22.43,24.53,28.43
1270000,31.31,20.87,22.63,24.12,27.1
1271000,30.01,20.64,22.61,24.25,27.34
1272000,30.65,21.14,22.98,23.84,27.41
1273000,30.04,21.57,23.88,23.66,27.87
1274000,30.17,21.54,24.19,23.97,28.14
1275000,29.87,21.11,23.4,24.17,27.14
1276000,30.1,21.17,23.41,24.82,27.23
1277000,30.24,21.5,23.46,25.22,26.8
1278000,30.75,21.68,23.7,25.24,26.24
1279000,30.51,22.04,23.83,25.71,26.74
1280000,31.5,21.91,24.11,25.72,25.94
1281000,30.54,21.8,24.01,26.14,26.19
1282000,30.55,21.92,23.8,25.8,25.61
1283000,30.63,21.49,24.43,25.44,25.55
1284000,30.96,21.6,24.22,25.87,25.78
1285000,31.16,21.41,23.64,25.52,26.22
1286000,30.71,21.66,23.53,25.5,26.44
1287000,30.06,21.38,23.6,25.13,26.75
1288000,29.71,21.86,23.95,24.9,26.86
1289000,28.48,21.63,24.53,24.43,27.09
1290000,29.17,21.41,24.89,24.59,27.92
1291000,29.08,20.19,25.12,24.64,27.68
1292000,29.13,20.05,24.93,24.6,27.49
1293000,28.4,19.43,25.03,24.69,27.31
1294000,28.36,19.87,24.56,25.13,27.09
1295000,27.98,19.73,24.45,24.69,26.49
1296000,28.11,19.42,24.65,23.79,26.93
1297000,28.45,19.42,24.64,23.45,27.93
1298000,28.93,18.99,24.04,22.44,28.15
1299000,29.13,18.73,23.86,21.75,28.34
1300000,29.54,18.57,23.65,21.69,28.85
1301000,28.86,18.65,23.75,22.17,29.39
1302000,28.83,18.55,23.26,22.38,30.03
1303000,28.87,18.29,23.48,21.94,29.62
1304000,28.82,18.35,23.34,22.12,30.2
1305000,29.72,17.96,23.66,22.2,30.47
1306000,29.18,18.49,23.74,22.13,30.49
1307000,29.93,18.98,22.95,22.79,31.16
1308000,28.67,19.22,22.99,23.22,31.48
1309000,29.02,19.58,22.61,23.0,31.36
1310000,28.89,19.0,23.04,23.5,30.2
1311000,29.46,18.88,23.7,23.9,30.09
1312000,30.78,19.14,23.71,24.24,30.53
1313000,31.14,19.24,23.96,23.94,29.82
1314000,31.16,18.93,24.38,23.99,29.77
1315000,31.96,19.42,24.25,24.38,30.6
1316000,31.55,19.41,24.56,24.54,30.56
1317000,31.09,19.53,25.01,24.36,30.86
1318000,31.29,19.62,25.72,25.02,30.19
1319000,31.78,19.85,25.97,25.3,30.78
1320000,32.18,20.43,26.54,25.55,30.98
1321000,32.49,20.36,26.92,26.15,30.82
1322000,32.36,20.29,26.97,25.36,30.29
1323000,32.15,21.06,26.87,25.28,30.04
1324000,31.81,20.65,26.83,25.17,30.19
1325000,31.68,20.95,27.11,25.29,29.74
1326000,32.09,21.12,26.56,25.18,29.63
1327000,32.84,20.95,26.78,24.82,29.15
1328000,32.76,21.52,26.76,24.43,29.4
1329000,32.65,21.54,27.77,23.83,30.1
1330000,32.55,20.77,27.52,23.64,29.78
1331000,32.51,20.59,27.09,23.44,29.86
1332000,32.59,21.1,26.43,23.81,29.92
1333000,31.93,21.29,26.47,23.33,29.86
1334000,32.26,21.1,26.74,22.69,29.44
1335000,32.74,21.59,26.22,22.25,29.51
1336000,32.68,21.31,26.59,21.86,29.63
1337000,32.29,21.25,27.1,21.82,30.16
1338000,31.19,20.16,26.22,20.64,30.02
1339000,31.05,20.18,25.96,21.03,29.96
1340000,30.62,19.9,26.28,21.32,30.57
1341000,30.36,19.96,26.12,21.39,30.39
1342000,30.79,19.22,25.62,21.1,30.87
1343000,29.76,18.99,26.19,21.22,31.25
1344000,28.71,19.27,26.36,21.11,30.06
1345000,28.53,19.21,26.29,21.08,29.92
1346000,28.26,19.16,26.08,21.06,29.18
1347000,28.9,19.6,26.35,21.18,29.55
1348000,28.28,20.29,26.08,20.56,30.07
1349000,28.74,19.86,25.8,20.94,30.0
1350000,28.56,19.75,25.26,21.0,30.07
1351000,28.19,19.11,25.74,21.25,29.53
1352000,28.64,18.73,25.99,21.27,29.49
1353000,28.64,18.88,26.53,21.27,29.45
1354000,28.12,19.16,26.34,21.73,30.29
1355000,28.74,19.66,26.22,22.16,30.13
1356000,29.7,19.59,26.54,21.87,30.32
1357000,29.67,19.27,26.77,22.4,30.69
1358000,29.86,19.77,26.94,22.22,31.18
1359000,29.82,19.9,26.69,22.11,30.41
1360000,29.13,19.98,27.26,22.4,30.42
1361000,29.83,19.92,27.73,22.29,30.25
1362000,30.09,20.31,27.04,22.31,30.13
1363000,30.09,20.39,27.55,22.55,30.67
1364000,30.32,20.32,27.28,22.66,30.42
1365000,30.48,20.28,26.54,22.96,30.45
1366000,30.49,20.11,26.27,23.65,30.85
1367000,30.83,20.36,26.15,23.8,30.67
1368000,30.58,20.47,27.21,24.31,31.29
1369000,31.09,20.75,26.86,23.98,31.34
1370000,31.91,20.88,27.05,24.3,32.13
1371000,32.36,21.14,27.31,24.75,32.17
1372000,32.79,20.7,27.14,24.86,32.56
1373000,32.75,20.42,27.34,25.31,32.64
1374000,32.75,20.53,27.36,25.47,31.46
1375000,33.55,20.95,26.49,25.47,32.4
1376000,33.83,20.82,26.64,25.54,31.9
1377000,33.1,20.68,26.67,26.08,32.15
1378000,33.77,21.21,26.18,26.59,31.53
1379000,33.88,21.19,25.7,26.56,30.88
1380000,32.98,21.02,26.24,26.75,31.12
1381000,34.25,21.39,25.77,27.06,30.35
1382000,34.26,21.55,25.5,27.18,30.94
1383000,34.04,21.39,25.12,27.01,30.97
1384000,34.42,21.21,25.55,26.99,31.06
1385000,34.42,21.15,25.31,27.19,31.97
1386000,34.67,21.45,26.08,27.0,31.53
1387000,34.43,21.45,26.56,26.82,32.2
1388000,34.38,21.29,26.16,26.75,32.94
1389000,34.64,21.35,25.68,26.05,32.22
1390000,34.85,21.54,26.05,25.95,32.02
1391000,33.77,21.9,26.38,25.72,31.69
1392000,33.64,22.0,26.49,25.49,31.87
1393000,33.38,21.74,26.68,24.96,30.85
1394000,33.99,21.98,26.24,24.76,32.05
1395000,34.13,22.4,26.77,24.96,31.79
1396000,34.99,22.58,26.57,24.99,31.77
1397000,35.59,22.39,26.91,24.88,31.92
1398000,34.61,22.45,27.64,24.29,32.39
1399000,34.14,22.25,28.22,24.79,32.86
1400000,33.83,22.0,28.39,24.21,33.31
1401000,34.05,22.1,28.08,25.14,33.11
1402000,34.3,22.08,28.53,24.24,33.5
1403000,33.79,22.62,27.83,24.71,32.95
1404000,33.97,22.39,27.84,24.9,33.39
1405000,34.54,22.8,28.32,25.59,33.31
1406000,33.87,22.93,28.26,25.51,32.97
1407000,34.24,22.53,28.3,25.61,33.69
1408000,32.74,22.77,28.78,26.18,33.26
1409000,31.93,22.76,28.93,26.11,32.93
1410000,31.31,23.0,28.46,25.99,33.64
1411000,30.69,22.47,29.08,26.74,32.8
1412000,30.72,22.29,28.84,27.2,32.83
1413000,31.16,22.55,28.98,27.41,31.75
1414000,30.68,23.03,28.3,27.87,30.48
1415000,30.66,22.35,28.22,27.6,30.64
1416000,31.05,22.31,28.17,27.42,30.16
1417000,31.31,22.85,28.18,27.05,28.98
1418000,31.99,22.67,27.99,27.18,28.75
1419000,31.16,22.81,28.2,26.59,29.01
1420000,30.91,22.98,28.55,26.95,29.22
1421000,30.86,23.07,27.99,26.6,29.65
1422000,30.27,22.92,26.99,27.0,27.44
1423000,30.56,22.83,26.46,27.0,26.77
1424000,31.03,22.56,26.55,26.97,26.68
1425000,31.75,22.03,26.75,27.14,25.84
1426000,32.07,21.99,26.79,26.91,25.99
1427000,31.57,22.2,26.33,27.13,25.26
1428000,30.96,22.4,26.5,26.96,25.3
1429000,29.77,22.36,26.24,27.1,25.55
1430000,28.92,22.62,25.83,27.37,25.22
1431000,29.61,22.83,25.7,27.25,25.18
1432000,29.9,23.03,25.56,27.4,24.06
1433000,29.44,23.51,25.24,26.97,24.02
1434000,28.95,23.42,24.86,27.35,24.3
1435000,29.8,22.79,24.87,27.19,24.67
1436000,29.84,23.17,25.18,27.43,25.28
1437000,29.23,22.54,24.49,26.57,26.19
1438000,29.49,22.15,24.14,26.92,26.07
1439000,28.89,21.81,23.86,28.03,25.48
1440000,28.71,21.34,23.46,28.81,25.08
1441000,28.86,21.66,23.95,29.75,25.44
1442000,28.74,21.65,24.18,29.86,25.78
1443000,28.87,21.94,24.74,30.92,26.57
1444000,29.53,22.09,25.12,30.16,26.97
1445000,28.85,22.44,25.59,30.49,27.31
1446000,29.39,22.32,25.45,30.02,27.28
1447000,29.47,22.8,25.86,30.0,27.79
1448000,29.09,22.55,26.25,28.9,27.73
1449000,28.5,22.85,25.72,28.6,28.17
1450000,28.74,23.1,25.42,28.56,28.9
1451000,29.28,23.08,25.37,28.71,28.43
1452000,29.77,22.91,25.55,29.34,28.31
1453000,30.37,22.57,25.66,29.65,27.96
1454000,30.56,22.57,25.88,29.75,28.34
1455000,30.85,22.39,25.88,29.06,29.23
1456000,31.1,22.68,26.07,29.54,29.44
1457000,31.13,22.87,26.23,27.35,29.73
1458000,31.13,22.63,26.11,26.97,29.72
1459000,32.12,22.8,26.41,27.15,29.2
1460000,32.59,23.42,26.69,27.54,28.83
1461000,31.67,23.87,26.51,25.44,28.82
1462000,32.05,23.97,26.2,25.43,29.33
1463000,32.81,23.77,26.19,25.82,29.82
1464000,34.03,23.77,26.56,24.96,29.93
1465000,33.54,23.61,25.69,25.44,30.02
1466000,33.73,23.45,24.8,26.71,30.53
1467000,34.02,23.19,24.36,26.8,31.15
1468000,33.63,22.79,24.95,26.74,30.77
1469000,34.28,22.82,24.71,27.39,30.74
1470000,34.02,22.08,24.53,28.15,30.65
1471000,34.26,22.04,25.07,28.6,30.05
1472000,33.77,21.93,25.34,28.67,30.71
1473000,34.01,21.86,24.74,29.56,29.5
1474000,34.1,21.62,24.37,29.59,29.26
1475000,34.71,21.62,24.46,28.24,29.32
1476000,34.54,21.24,24.06,27.74,29.34
1477000,35.26,21.37,24.5,27.29,30.06
1478000,35.23,21.58,24.63,27.76,29.97
1479000,34.18,20.92,25.2,27.66,29.6
1480000,34.66,20.24,25.26,28.59,30.28
1481000,33.6,20.38,24.55,29.21,29.65
1482000,33.78,20.46,23.98,29.45,30.46
1483000,34.0,20.19,24.03,29.95,30.62
1484000,33.71,20.07,24.12,30.02,30.21
1485000,33.71,20.73,24.16,30.81,29.98
1486000,32.09,20.79,24.53,30.75,30.39
1487000,32.57,21.07,24.79,31.39,30.19
1488000,33.22,21.53,24.87,30.93,31.26
1489000,33.34,21.97,25.27,30.45,30.44
1490000,32.08,22.4,25.44,30.0,30.75
1491000,32.32,22.11,25.69,28.24,30.75
1492000,32.28,22.2,24.75,28.18,31.03
1493000,32.8,22.24,24.84,27.96,30.99
1494000,33.52,22.27,25.06,26.56,31.23
1495000,33.76,22.4,25.2,26.51,31.23
1496000,34.24,22.6,26.08,26.33,31.05
1497000,33.78,22.7,26.35,26.93,31.11
1498000,32.96,22.67,25.65,26.99,31.08
1499000,33.19,22.84,25.84,27.9,31.09
1500000,33.21,22.91,25.56,28.41,31.16
1501000,33.35,23.13,25.46,28.82,30.7
1502000,32.97,22.79,25.65,28.86,30.9
1503000,33.31,22.7,25.96,28.26,31.27
1504000,32.23,22.88,25.88,28.72,31.59
1505000,32.56,22.85,25.46,28.47,31.25
1506000,33.03,22.6,25.11,29.18,30.92
1507000,32.52,22.61,25.74,29.28,31.4
1508000,33.18,22.01,25.94,29.62,32.37
1509000,32.52,21.92,26.13,28.54,32.18
1510000,32.85,21.73,26.51,27.88,31.64
1511000,33.13,22.36,26.78,27.38,31.53
1512000,33.08,22.33,26.79,27.75,31.48
1513000,33.6,22.77,26.63,27.86,30.5
1514000,33.52,22.61,26.14,27.97,29.66
1515000,33.44,22.78,26.0,28.35,28.29
1516000,33.47,22.83,26.64,29.49,28.65
1517000,33.28,22.81,25.74,29.22,28.39
1518000,33.19,22.8,25.68,29.86,29.04
1519000,31.88,22.51,26.18,30.49,29.57
1520000,32.01,22.17,26.11,30.71,29.6
1521000,31.3,22.34,26.36,31.36,29.94
1522000,30.9,22.3,26.03,30.22,29.71
1523000,30.62,22.61,26.3,29.46,29.71
1524000,31.33,22.47,26.6,28.85,29.28
1525000,31.33,22.33,26.2,28.23,27.88
1526000,31.38,22.44,25.62,28.6,27.56
1527000,31.87,22.32,25.72,27.49,28.36
1528000,31.41,22.65,25.26,27.5,28.71
1529000,32.28,23.04,25.02,27.66,27.36
1530000,33.1,23.12,24.48,27.07,27.22
1531000,32.49,23.14,23.42,26.22,27.62
1532000,32.52,23.27,23.74,26.7,27.62
1533000,32.56,22.77,24.42,27.22,26.43
1534000,32.51,22.83,24.75,27.49,26.49
1535000,32.74,23.31,25.07,28.23,25.92
1536000,33.03,23.14,24.35,29.13,26.57
1537000,32.33,23.27,24.73,28.52,26.84
1538000,32.54,22.97,25.01,29.15,26.99
1539000,32.52,23.22,24.93,29.01,27.43
1540000,32.64,23.24,25.0,28.78,27.05
1541000,32.64,23.5,24.52,28.71,27.32
1542000,32.43,23.93,24.73,29.12,27.27
1543000,32.64,24.25,25.11,29.2,26.91
1544000,32.51,24.33,25.06,29.25,27.34
1545000,33.06,24.26,24.95,28.51,27.87
1546000,34.04,24.1,25.52,28.66,28.22
1547000,33.6,24.16,26.4,29.3,28.42
1548000,33.86,24.03,26.58,29.47,28.74
1549000,33.95,23.59,27.0,30.06,27.69
1550000,33.93,22.86,26.99,30.41,27.36
1551000,33.1,22.56,26.81,30.77,27.23
1552000,33.07,22.27,26.99,30.96,27.13
1553000,32.68,22.65,27.13,31.37,27.67
1554000,32.67,22.85,27.58,30.69,27.76
1555000,33.31,22.42,27.24,30.9,28.01
1556000,32.28,22.59,27.27,31.29,28.12
1557000,32.41,22.59,27.01,31.23,28.74
1558000,31.65,23.08,27.31,30.71,29.7
1559000,31.75,23.43,28.08,31.1,29.69
1560000,31.6,23.63,28.03,30.89,30.67
1561000,32.03,23.66,27.83,30.11,30.38
1562000,31.46,23.64,27.35,30.81,29.17
1563000,32.55,23.81,26.9,31.06,29.15
1564000,32.15,23.37,27.15,31.03,29.36
1565000,32.26,23.16,27.36,30.76,29.05
1566000,32.27,24.0,27.27,31.15,28.9
1567000,31.87,24.02,26.73,31.48,29.38
1568000,31.79,24.44,26.73,31.7,28.86
1569000,31.13,24.69,27.72,30.85,27.97
1570000,31.7,24.34,26.99,30.9,28.69
1571000,31.83,24.61,26.67,31.57,28.94
1572000,31.89,24.49,26.28,30.71,28.96
1573000,32.35,24.58,26.07,30.42,28.83
1574000,32.08,25.19,26.94,30.57,29.06
1575000,32.47,24.32,27.23,30.38,29.65
1576000,32.77,24.32,26.91,29.54,29.32
1577000,33.05,24.63,26.71,30.26,29.5
1578000,32.07,24.37,26.4,31.05,29.75
1579000,32.28,24.84,26.75,31.5,29.4
1580000,31.72,24.33,26.94,32.01,29.09
1581000,30.89,24.28,25.71,31.41,28.98
1582000,31.34,24.11,25.55,31.1,28.89
1583000,31.94,23.83,25.93,31.57,28.2
1584000,32.68,23.58,26.61,32.09,28.95
1585000,32.68,23.87,26.89,32.68,30.07
1586000,33.3,23.8,26.42,32.6,29.8
1587000,33.1,23.85,26.73,32.25,29.25
1588000,31.88,23.18,26.76,31.38,29.73
1589000,32.1,23.38,27.22,31.1,30.27
1590000,32.77,23.4,26.08,31.35,30.78
1591000,33.0,22.89,26.31,30.89,30.76
1592000,32.62,23.07,26.9,31.1,31.12
1593000,32.65,23.63,26.66,30.45,31.46
1594000,32.87,23.75,27.5,30.89,31.35
1595000,33.27,24.29,27.29,31.08,31.31
1596000,33.45,23.94,26.95,30.81,30.77
1597000,33.28,24.08,27.16,31.4,30.87
1598000,32.89,24.16,27.3,31.69,31.38
1599000,32.19,24.37,27.67,31.74,31.37
1600000,31.66,24.16,27.96,31.08,31.78
1601000,31.43,24.18,27.78,31.73,32.74
1602000,32.16,24.29,26.91,31.76,32.99
1603000,31.88,24.02,27.89,30.18,33.1
1604000,32.54,23.62,28.04,29.82,32.76
1605000,32.41,23.76,28.59,29.16,33.24
1606000,33.26,23.86,29.29,29.42,33.46
1607000,33.5,23.53,29.88,29.36,33.42
1608000,33.73,24.19,29.23,28.5,33.6
1609000,34.23,23.96,29.82,27.74,34.05
1610000,34.54,24.28,30.18,28.11,33.43
1611000,34.5,24.08,30.37,28.64,33.07
1612000,33.72,24.3,30.68,28.67,34.06
1613000,34.1,24.75,29.96,28.75,33.45
1614000,33.9,24.73,29.54,28.57,31.94
1615000,33.81,24.12,29.0,28.55,31.68
1616000,33.75,24.47,29.38,28.46,30.92
1617000,32.68,24.36,28.58,28.78,30.88
1618000,32.16,24.57,29.25,28.2,31.45
1619000,32.03,24.57,29.11,27.99,32.43
1620000,31.41,24.74,28.84,27.86,32.19
1621000,31.53,24.81,29.45,28.59,32.13
1622000,31.69,25.07,30.09,28.65,32.33
1623000,31.49,24.53,29.78,29.19,32.15
1624000,32.42,24.41,29.91,29.63,31.69
1625000,32.62,24.48,29.57,27.94,30.55
1626000,33.01,24.74,29.66,27.87,31.28
1627000,33.86,24.85,29.87,28.48,31.7
1628000,33.07,24.91,30.11,28.43,31.45
1629000,33.5,25.05,30.03,29.02,31.75
1630000,32.99,24.45,28.56,29.36,32.6
1631000,33.78,23.63,27.89,29.67,32.43
1632000,32.37,23.86,27.05,29.65,32.89
1633000,32.62,23.76,26.76,30.45,32.56
1634000,33.36,23.63,26.59,31.35,32.0
1635000,32.25,24.33,27.09,31.55,31.93
1636000,32.08,23.84,27.77,31.65,30.98
1637000,32.63,23.3,27.94,31.41,29.71
1638000,33.11,23.6,28.4,31.69,30.47
1639000,33.35,24.01,28.26,32.1,31.43
1640000,33.13,23.79,28.6,31.63,31.8
1641000,33.07,23.86,28.36,31.26,32.72
1642000,32.55,23.92,27.89,31.24,32.73
1643000,32.49,23.63,25.94,31.68,32.9
1644000,32.9,24.21,25.46,31.66,33.29
1645000,33.52,24.22,25.67,32.12,33.26
1646000,34.33,23.63,25.91,31.93,33.04
1647000,33.95,23.17,26.36,31.46,32.95
1648000,34.39,23.33,26.41,30.66,32.07
1649000,34.79,23.39,26.3,30.14,32.05
1650000,33.88,23.56,25.82,30.45,32.01
1651000,31.88,23.96,25.47,30.64,31.55
1652000,31.41,24.2,26.15,30.28,31.02
1653000,31.72,24.23,26.36,30.45,30.92
1654000,30.73,24.4,27.12,30.59,30.28
1655000,30.74,24.65,27.03,30.43,30.81
1656000,30.65,24.93,26.87,30.32,30.84
1657000,31.47,24.85,27.37,29.15,30.0
1658000,29.86,25.28,26.65,28.14,30.71
1659000,30.06,25.76,24.67,27.71,31.43
1660000,30.42,25.28,23.88,27.38,32.15
1661000,29.26,24.82,24.26,27.36,32.16
1662000,29.17,24.58,24.23,26.79,32.74
1663000,28.85,24.58,24.83,26.37,33.12
1664000,28.83,24.6,25.6,27.15,33.39
1665000,29.21,24.96,26.21,27.44,32.69
1666000,29.8,24.81,26.19,27.02,32.32
1667000,30.5,24.56,26.39,27.43,32.14
1668000,30.98,25.02,25.18,27.09,32.08
1669000,31.05,25.09,25.31,26.96,31.63
1670000,31.33,24.83,25.18,26.71,31.3
1671000,31.82,24.95,25.67,27.16,31.29
1672000,31.66,24.34,25.65,27.79,31.57
1673000,31.32,24.44,25.43,28.64,32.26
1674000,30.85,24.25,25.06,29.05,32.91
1675000,31.43,24.35,24.86,29.74,34.3
1676000,32.19,24.63,24.38,30.33,34.35
1677000,32.93,24.56,24.41,29.93,34.31
1678000,33.18,24.29,24.82,29.33,34.7
1679000,32.6,23.82,25.25,29.22,34.92
1680000,33.03,23.87,26.29,29.13,35.13
1681000,33.63,23.75,26.49,29.06,34.45
1682000,33.24,24.22,27.05,29.28,33.27
1683000,33.05,24.16,27.23,29.78,33.57
1684000,33.2,24.24,27.7,30.36,33.12
1685000,34.04,23.99,28.31,29.73,31.81
1686000,35.28,24.39,28.51,29.96,31.78
1687000,35.15,23.92,28.42,30.61,31.73
1688000,35.38,24.1,28.02,31.08,32.53
1689000,35.63,24.65,27.88,30.04,32.2
1690000,35.87,24.65,27.92,28.66,32.29
1691000,35.81,25.02,28.95,28.38,32.66
1692000,36.14,24.89,29.26,28.47,33.08
1693000,37.33,25.46,29.4,29.18,32.86
1694000,37.85,25.61,28.94,29.02,33.48
1695000,38.11,26.13,28.98,28.76,33.72
1696000,39.13,26.33,29.49,27.59,33.86
1697000,38.98,26.23,30.08,26.79,33.57
1698000,38.61,26.23,30.17,26.88,32.32
1699000,39.3,26.16,30.9,27.41,31.54
1700000,39.0,26.1,30.63,27.44,31.56
1701000,38.53,26.15,31.29,28.29,31.11
1702000,38.17,26.14,31.79,28.21,31.55
1703000,38.63,26.17,31.95,27.71,31.07
1704000,38.42,26.02,32.06,27.19,31.34
1705000,37.3,26.37,32.43,27.01,31.47
1706000,37.48,26.85,32.51,27.49,32.1
1707000,37.07,27.24,33.09,27.89,33.58
1708000,37.37,27.57,32.87,27.92,33.17
1709000,38.44,27.33,32.3,28.62,33.0
1710000,39.21,27.42,31.19,29.26,32.68
1711000,39.43,27.83,31.25,28.99,33.35
1712000,39.37,27.32,30.74,29.6,33.28
1713000,39.77,26.93,30.71,29.74,31.19
1714000,39.13,26.54,31.56,29.99,32.01
1715000,37.97,26.69,31.85,30.63,32.26
1716000,37.8,26.27,32.26,30.98,31.97
1717000,38.52,25.68,31.48,31.72,31.81
1718000,37.19,26.29,31.4,30.13,31.27
1719000,37.8,25.99,31.04,30.46,31.5
1720000,37.53,26.14,31.66,30.82,31.99
1721000,36.78,26.08,31.41,30.91,32.16
1722000,36.34,25.95,30.94,31.78,32.26
1723000,35.32,26.11,30.15,32.79,33.4
1724000,34.22,25.63,30.44,33.06,33.84
1725000,34.65,25.46,29.33,34.15,34.51
1726000,34.04,25.22,28.56,34.19,34.88
1727000,33.76,24.94,28.21,33.83,35.2
1728000,34.46,24.86,27.76,34.45,35.34
1729000,35.52,24.94,26.63,33.77,36.4
1730000,35.89,24.68,27.34,34.38,36.28
1731000,35.99,25.0,27.79,34.74,36.7
1732000,36.15,24.79,27.56,34.65,37.48
1733000,36.27,24.88,27.84,34.85,37.03
1734000,36.43,25.51,27.39,34.73,36.52
1735000,37.34,25.7,27.06,34.43,35.57
1736000,37.9,25.91,26.51,33.05,35.92
1737000,38.2,25.48,26.93,32.11,35.34
1738000,38.77,25.76,26.37,31.66,35.89
1739000,38.07,25.42,26.24,31.65,35.7
1740000,38.16,25.05,26.02,32.36,35.39
1741000,37.47,25.13,26.6,32.82,35.92
1742000,37.1,25.32,26.45,32.97,36.75
1743000,37.17,25.45,26.7,32.29,35.95
1744000,37.38,25.36,26.78,32.22,36.08
1745000,37.16,24.83,27.05,32.94,36.2
1746000,35.61,25.45,27.22,32.69,36.15
1747000,36.34,26.01,27.24,33.63,36.39
1748000,36.28,25.48,27.6,33.31,36.98
1749000,36.19,25.53,28.38,33.02,36.27
1750000,35.53,26.09,28.82,32.85,35.97
1751000,35.84,26.66,29.0,32.96,35.15
1752000,36.1,26.48,29.03,32.49,33.87
1753000,35.22,25.72,29.39,32.3,34.01
1754000,34.42,25.39,29.58,32.75,33.8
1755000,34.65,25.83,29.72,32.59,33.3
1756000,32.66,25.8,30.38,32.74,33.43
1757000,33.2,25.74,30.56,32.72,34.02
1758000,32.7,26.04,30.75,32.13,34.09
1759000,32.83,25.91,30.42,32.57,33.36
1760000,33.56,26.42,29.78,33.05,34.14
1761000,34.32,26.23,29.15,34.43,34.62
1762000,32.29,26.49,29.55,33.94,33.74
1763000,31.07,27.0,29.95,33.35,33.96
1764000,30.11,26.6,29.67,33.84,33.8
1765000,29.32,26.46,28.73,34.41,34.52
1766000,30.16,25.81,27.9,35.0,35.12
1767000,29.66,26.37,27.86,34.74,35.82
1768000,30.59,26.85,27.3,34.09,35.78
1769000,30.66,26.67,27.19,33.79,36.28
1770000,31.02,26.65,26.32,34.11,36.94
1771000,31.42,26.9,26.5,34.4,37.85
1772000,31.31,27.42,26.23,34.41,38.34
1773000,30.74,27.5,25.66,34.58,38.35
1774000,31.69,26.6,25.27,35.37,38.74
1775000,31.96,26.12,25.47,34.6,38.7
1776000,31.9,26.24,25.47,33.31,38.9
1777000,31.01,26.46,25.1,33.34,36.86
1778000,31.61,26.73,24.87,33.43,36.83
1779000,32.26,26.82,25.3,33.5,37.49
1780000,32.54,27.17,25.78,33.54,37.71
1781000,33.39,26.99,26.29,33.03,37.34
1782000,33.84,27.13,26.92,32.88,36.45
1783000,34.07,27.16,26.95,33.5,36.82
1784000,33.54,26.6,26.98,33.27,36.6
1785000,33.33,26.52,26.67,34.0,36.89
1786000,33.75,27.04,27.0,34.25,36.82
1787000,33.09,26.77,27.07,34.98,36.82
1788000,33.32,27.13,27.99,33.95,36.98
1789000,34.14,26.94,27.53,34.29,35.39
1790000,34.87,27.31,27.91,34.65,36.04
1791000,35.11,26.64,28.0,34.87,36.71
1792000,35.33,26.54,28.41,34.64,36.64
1793000,35.79,26.76,29.2,34.04,37.46
1794000,36.71,26.54,29.18,34.69,37.2
1795000,35.99,26.32,29.3,34.35,37.88
1796000,36.79,25.8,29.31,34.75,36.77
1797000,36.13,25.93,29.49,34.85,37.04
1798000,35.21,25.82,29.3,34.58,37.18
1799000,35.43,26.32,28.66,34.83,34.84
1800000,36.16,25.95,28.91,34.51,34.59
1801000,35.95,26.63,29.3,34.22,34.07
1802000,36.25,25.37,28.92,33.69,33.63
1803000,36.01,24.94,28.93,33.67,33.99
1804000,36.68,23.74,30.36,33.03,34.35
1805000,36.08,23.92,29.13,33.27,34.28
1806000,36.48,23.89,29.57,32.01,34.24
1807000,36.82,23.46,29.63,31.13,34.3
1808000,37.19,23.55,29.48,31.03,34.45
1809000,37.1,23.47,29.52,30.49,34.27
1810000,37.84,23.23,29.76,30.36,34.55
1811000,36.54,23.24,29.76,29.12,34.95
1812000,35.66,23.14,30.2,28.75,34.82
1813000,36.41,22.7,30.46,28.31,34.43
1814000,36.23,22.68,30.89,28.3,34.31
1815000,36.16,22.71,31.03,28.61,34.73
1816000,36.31,23.06,30.19,28.31,35.03
1817000,34.46,23.02,28.64,28.74,35.63
1818000,34.21,22.96,28.63,27.88,34.56
1819000,34.63,23.48,29.56,28.27,33.82
1820000,34.35,23.32,29.75,28.8,33.76
1821000,34.4,23.45,29.08,29.01,34.71
1822000,33.62,23.33,29.13,27.94,35.27
1823000,33.14,23.82,29.48,27.97,35.5
1824000,33.83,24.26,29.89,27.4,34.69
1825000,34.83,24.8,30.16,27.83,34.11
1826000,34.79,25.46,30.38,28.29,34.82
1827000,33.96,25.79,30.35,28.56,34.74
1828000,34.33,26.16,30.33,29.1,35.08
1829000,34.06,26.16,29.74,28.73,34.83
1830000,34.23,26.18,29.08,29.32,34.29
1831000,34.23,26.19,29.57,30.29,34.86
1832000,34.9,26.0,30.17,30.67,35.21
1833000,35.27,26.16,30.32,30.32,35.45
1834000,35.57,26.38,29.83,29.69,36.02
1835000,36.37,26.51,29.55,29.93,35.84
1836000,36.69,26.44,28.64,30.23,36.47
1837000,36.22,26.47,28.34,30.27,36.99
1838000,36.84,26.51,28.52,31.07,36.96
1839000,35.86,25.79,29.45,31.14,36.9
1840000,36.52,25.84,29.87,31.01,37.11
1841000,37.31,25.24,30.09,31.14,36.16
1842000,37.99,25.69,30.72,30.89,35.6
1843000,38.08,25.19,30.77,30.98,35.83
1844000,38.05,25.77,29.46,31.55,35.74
1845000,38.23,25.66,29.46,31.26,35.67
1846000,37.46,25.28,30.05,30.89,36.2
1847000,37.46,24.64,30.0,31.07,37.06
1848000,36.85,24.78,29.73,32.17,37.7
1849000,37.15,24.44,29.16,32.44,37.73
1850000,37.23,24.3,29.2,32.79,35.78
1851000,37.34,24.43,28.5,33.54,35.64
1852000,36.04,24.63,28.26,33.88,35.86
1853000,35.77,24.82,28.91,34.26,35.6
1854000,35.32,24.92,28.08,34.56,35.19
1855000,35.38,25.27,28.08,33.91,34.9
1856000,35.93,25.2,28.01,33.59,34.72
1857000,35.62,25.0,28.12,34.27,35.24
1858000,34.05,24.48,28.58,33.42,36.12
1859000,33.85,24.49,28.46,33.05,36.35
1860000,32.24,24.71,28.64,33.29,36.78
1861000,32.13,24.5,28.53,33.87,37.43
1862000,32.35,25.13,27.74,33.64,37.54
1863000,31.08,25.12,26.92,33.49,37.52
1864000,30.1,24.25,26.9,33.28,37.1
1865000,29.9,24.04,26.94,32.93,36.38
1866000,29.27,24.35,27.13,33.4,36.52
1867000,28.55,24.39,27.27,32.9,37.52
1868000,28.85,24.4,27.11,32.71,36.97
1869000,29.03,25.0,26.33,32.96,37.05
1870000,29.78,24.57,26.44,32.67,37.03
1871000,30.85,23.68,26.78,32.74,37.58
1872000,31.31,22.99,26.53,33.07,37.01
1873000,31.4,22.91,26.85,33.05,37.0
1874000,31.53,23.82,25.89,33.03,36.79
1875000,30.84,23.53,25.78,33.1,36.46
1876000,30.48,23.78,25.58,33.06,35.56
1877000,30.92,23.63,25.13,32.97,35.83
1878000,31.15,23.79,25.11,31.68,36.19
1879000,31.32,24.18,24.83,31.47,35.91
1880000,31.82,23.72,24.79,31.32,35.86
1881000,31.92,23.37,24.25,31.96,35.97
1882000,31.29,23.44,24.33,32.53,35.3
1883000,32.1,23.43,24.16,32.35,36.03
1884000,32.08,23.8,24.21,32.92,35.39
1885000,33.58,23.89,24.41,32.64,35.34
1886000,34.19,24.31,24.28,33.31,35.0
1887000,34.43,24.6,24.66,33.33,35.18
1888000,34.17,24.13,24.75,33.43,34.27
1889000,33.21,23.91,24.87,33.44,34.27
1890000,34.17,22.99,24.76,33.7,34.98
1891000,34.17,23.2,25.57,33.82,35.23
1892000,35.17,23.42,25.58,34.13,35.67
1893000,35.47,22.79,26.14,34.32,34.91
1894000,35.45,22.49,25.65,33.56,34.76
1895000,36.14,21.93,26.04,34.28,34.2
1896000,35.01,22.2,25.96,35.19,33.06
1897000,35.13,22.52,25.71,34.48,32.91
1898000,33.37,22.56,26.61,34.96,32.94
1899000,32.49,22.81,26.62,35.63,32.72
1900000,32.71,23.04,26.62,35.12,33.35
1901000,33.6,23.31,26.85,35.51,32.99
1902000,34.39,23.27,27.19,36.31,33.56
1903000,34.39,23.47,27.84,36.32,33.85
1904000,35.61,22.87,28.57,36.21,34.59
1905000,35.28,23.03,28.19,36.5,33.41
1906000,34.73,22.76,28.88,36.18,33.91
1907000,34.89,22.62,29.34,36.83,34.04
1908000,33.74,22.63,29.17,37.03,34.25
1909000,34.2,22.7,29.74,36.99,34.64
1910000,34.12,23.37,29.08,37.15,35.06
1911000,32.49,23.3,28.77,36.89,35.01
1912000,32.65,23.95,28.87,35.94,35.39
1913000,33.08,23.67,28.99,36.07,35.19
1914000,33.26,23.81,26.97,36.59,35.0
1915000,33.83,23.72,26.78,36.83,34.75
1916000,34.14,23.59,26.97,35.38,34.3
1917000,33.82,23.52,26.9,35.5,33.5
1918000,33.03,22.65,27.28,35.91,33.58
1919000,33.13,22.74,27.92,36.23,34.07
1920000,33.34,23.06,27.37,36.47,34.07
1921000,32.59,23.35,26.9,36.41,35.19
1922000,32.96,23.42,26.71,36.65,35.16
1923000,32.55,23.14,27.77,36.59,35.66
1924000,33.27,23.25,27.33,37.05,35.96
1925000,33.91,22.81,27.59,37.29,36.5
1926000,35.19,22.74,27.15,37.29,36.48
1927000,35.85,23.38,27.81,37.33,37.27
1928000,35.39,22.94,28.04,38.21,37.2
1929000,34.14,23.06,27.99,38.17,37.42
1930000,32.71,22.76,27.67,37.52,37.99
1931000,32.16,22.61,27.79,37.49,37.95
1932000,32.39,23.02,27.88,38.08,37.16
1933000,32.03,23.57,28.31,37.37,37.15
1934000,31.82,24.35,28.84,37.59,38.06
1935000,32.27,24.3,28.39,38.29,38.68
1936000,31.66,24.52,28.66,37.4,38.75
1937000,32.37,24.92,29.45,37.78,38.66
1938000,32.69,25.07,30.08,38.16,39.31
1939000,32.51,25.12,30.62,38.44,39.0
1940000,31.84,25.41,30.74,38.21,38.2
1941000,30.06,26.05,31.14,38.54,37.52
1942000,29.87,25.64,31.88,37.42,37.41
1943000,29.52,26.04,31.35,37.77,37.62
1944000,30.48,25.69,32.23,37.86,37.22
1945000,30.15,25.95,31.98,36.62,37.63
1946000,30.47,26.36,32.14,37.49,38.45
1947000,30.21,26.45,32.65,37.81,38.45
1948000,29.03,26.27,31.38,37.54,37.36
1949000,28.05,26.29,31.74,37.16,36.09
1950000,28.48,26.18,32.05,37.15,36.34
1951000,28.44,26.44,31.66,37.03,37.29
1952000,28.75,26.18,31.65,37.24,37.55
1953000,29.29,26.8,31.09,36.88,37.92
1954000,29.78,26.34,31.17,36.16,38.57
1955000,29.66,26.68,30.84,35.97,38.6
1956000,29.33,26.13,30.41,34.95,37.48
1957000,30.13,25.94,30.19,33.85,37.89
1958000,28.98,25.68,29.87,34.12,36.27
1959000,29.4,25.32,30.13,34.84,34.82
1960000,29.27,25.32,29.69,33.29,33.94
1961000,29.68,25.4,29.95,34.07,33.18
1962000,29.34,25.17,30.35,34.16,33.38
1963000,29.91,24.68,30.49,33.66,33.63
1964000,30.03,24.81,29.79,34.38,33.27
1965000,30.06,24.53,30.0,34.73,32.9
1966000,30.69,24.34,30.02,34.99,32.92
1967000,29.77,23.58,29.52,34.12,32.75
1968000,30.27,24.08,28.91,33.28,33.66
1969000,30.28,24.49,29.78,34.13,34.45
1970000,31.19,23.92,29.67,34.41,34.42
1971000,31.45,23.95,29.52,34.02,34.76
1972000,32.37,24.09,28.79,33.92,33.68
1973000,32.2,23.96,29.34,34.59,33.2
1974000,32.28,23.6,29.1,34.49,33.88
1975000,31.99,23.95,28.69,34.2,33.85
1976000,32.31,23.75,28.86,34.25,33.73
1977000,32.77,23.77,28.88,32.22,32.88
1978000,32.74,23.14,28.96,30.9,33.1
1979000,33.49,23.16,28.96,30.65,33.15
1980000,33.66,23.42,28.67,29.68,32.72
1981000,33.92,23.35,27.82,30.28,32.71
1982000,34.45,23.73,27.96,31.14,33.1
1983000,33.52,23.86,27.56,30.08,32.64
1984000,34.09,23.75,26.97,30.31,33.58
1985000,34.06,23.84,26.12,29.88,33.95
1986000,34.57,23.8,27.2,30.41,34.79
1987000,34.62,24.04,26.31,29.28,35.58
1988000,34.72,24.38,25.91,28.46,35.8
1989000,34.45,24.19,26.15,28.21,35.04
1990000,34.96,23.83,25.98,28.77,35.48
1991000,35.64,23.89,25.89,28.88,36.63
1992000,35.8,24.1,26.2,28.29,35.84
1993000,36.29,24.44,26.71,29.11,35.71
1994000,36.22,24.25,26.53,29.76,36.18
1995000,36.17,24.51,26.74,30.05,36.01
1996000,35.72,24.83,26.98,29.22,35.81
1997000,33.88,24.52,26.68,29.22,35.66
1998000,34.0,24.58,26.36,29.46,36.16
1999000,33.45,24.66,26.95,29.75,36.41
2000000,33.51,25.07,26.74,30.45,36.87
2001000,33.75,25.2,27.18,30.75,36.82
2002000,34.84,25.1,27.89,31.6,37.06
2003000,34.35,24.79,28.06,31.81,37.05
2004000,34.13,24.57,28.26,33.16,38.25
2005000,33.01,24.8,28.44,33.79,38.07
2006000,33.76,24.39,28.05,34.12,37.7
2007000,33.99,24.39,28.3,34.62,37.35
2008000,34.48,25.0,28.19,34.68,36.72
2009000,34.35,25.17,27.94,34.42,37.06
2010000,34.64,25.15,28.16,34.75,37.31
2011000,35.03,25.64,27.75,34.75,36.78
2012000,34.69,25.51,27.52,35.1,37.26
2013000,34.51,25.68,27.56,33.9,37.46
2014000,34.45,26.06,27.75,33.92,37.49
2015000,33.68,25.98,26.61,34.4,37.83
2016000,33.13,25.92,26.12,33.99,38.29
2017000,33.68,26.08,25.49,33.79,38.69
2018000,33.29,25.77,25.44,33.77,37.64
2019000,32.84,25.91,25.42,34.78,37.67
2020000,32.32,25.89,25.53,35.28,37.9
2021000,32.56,26.02,25.78,35.13,36.8
2022000,33.06,25.78,25.35,34.79,37.15
2023000,33.79,25.57,25.24,35.11,38.17
2024000,34.51,25.76,24.93,35.34,38.21
2025000,35.01,25.95,24.8,35.77,38.57
2026000,34.77,26.0,24.89,35.14,38.9
2027000,34.75,25.64,24.21,35.37,38.99
2028000,35.07,25.67,24.13,35.63,38.49
2029000,35.07,25.94,24.15,35.88,38.83
2030000,35.34,25.43,23.59,35.77,38.12
2031000,35.63,25.57,24.23,35.13,38.34
2032000,35.15,24.7,24.32,35.24,37.53
2033000,35.52,24.37,24.41,35.6,36.47
2034000,34.26,23.79,24.85,35.51,36.36
2035000,32.94,23.26,25.0,35.78,36.64
2036000,32.68,23.41,25.76,36.04,36.86
2037000,32.81,23.39,26.03,36.5,37.98
2038000,33.14,23.37,26.88,36.3,38.47
2039000,32.85,23.42,27.17,37.4,38.28
2040000,32.39,23.41,27.24,36.24,37.75
2041000,32.98,23.78,27.1,36.92,38.05
2042000,33.22,23.21,25.79,36.87,37.19
2043000,34.0,22.94,25.94,37.34,37.56
2044000,33.35,22.95,26.75,38.21,37.72
2045000,32.98,23.41,27.04,38.8,37.47
2046000,33.19,23.08,27.97,38.44,37.53
2047000,33.49,23.32,28.02,37.89,37.81
2048000,32.41,24.12,28.16,38.47,37.11
2049000,32.24,24.25,28.92,39.19,36.94
2050000,31.63,24.5,28.7,39.57,37.14
2051000,31.3,24.53,29.28,38.6,36.18
2052000,33.0,24.6,29.74,37.99,36.57
2053000,33.39,24.99,30.48,37.94,37.42
2054000,33.72,25.58,31.14,38.19,37.17
2055000,33.88,25.94,30.91,38.1,37.09
2056000,32.93,26.08,30.55,37.75,36.36
2057000,32.11,26.29,29.36,38.41,36.93
2058000,32.65,27.07,29.02,38.03,37.07
2059000,33.1,26.77,29.4,37.35,37.68
2060000,33.16,27.07,29.37,37.59,36.85
2061000,33.71,27.37,28.64,38.05,37.58
2062000,34.36,26.86,29.19,39.36,38.48
2063000,35.13,27.11,28.86,40.19,38.85
2064000,35.11,26.8,29.7,39.73,39.1
2065000,35.52,27.07,30.2,37.87,38.73
2066000,36.72,27.38,30.29,38.29,38.78
2067000,37.3,27.69,28.24,39.01,37.19
2068000,37.64,27.54,28.58,38.16,37.14
2069000,36.53,26.99,28.43,37.12,37.34
2070000,37.27,27.51,28.2,37.27,37.1
2071000,36.57,27.59,28.25,37.98,37.36
2072000,36.53,26.89,28.26,38.1,36.65
2073000,36.68,27.0,27.81,37.7,35.72
2074000,37.09,27.3,28.17,35.85,35.64
2075000,37.59,27.02,27.08,35.87,35.69
2076000,37.64,27.18,26.78,36.52,36.19
2077000,38.45,26.02,27.47,36.53,35.92
2078000,38.63,26.44,27.69,35.91,36.01
2079000,38.36,26.79,27.47,35.36,36.16
2080000,38.23,27.24,27.66,35.58,36.23
2081000,37.74,27.59,27.59,35.68,35.43
2082000,37.86,27.1,26.3,35.94,34.88
2083000,38.1,27.63,24.78,35.05,35.75
2084000,37.03,27.85,24.26,35.33,33.95
2085000,37.88,27.64,24.25,34.84,34.53
2086000,38.54,27.65,24.69,33.71,34.7
2087000,38.27,28.11,25.68,34.9,34.96
2088000,38.21,27.97,26.12,33.95,36.02
2089000,38.76,27.86,26.38,32.89,34.69
2090000,38.49,27.81,25.87,32.97,33.71
2091000,38.27,27.87,25.95,33.24,34.37
2092000,38.62,27.51,25.78,33.5,33.93
2093000,39.42,27.88,25.3,33.64,33.94
2094000,38.57,28.31,24.4,33.2,34.62
2095000,38.9,28.0,24.82,32.93,35.01
2096000,38.29,27.67,24.2,33.29,35.23
2097000,36.75,27.06,24.96,33.06,35.69
2098000,37.07,27.2,25.08,31.87,35.76
2099000,37.06,26.73,25.58,32.65,36.04
2100000,37.51,27.03,26.28,32.56,36.28
2101000,37.56,27.34,26.91,32.71,36.66
2102000,37.78,27.38,27.74,31.99,36.69
2103000,37.76,27.39,28.08,32.31,35.89
2104000,38.03,26.79,27.95,33.16,35.95
2105000,37.78,26.88,28.27,33.05,36.63
2106000,38.21,27.19,28.43,33.16,37.36
2107000,36.89,26.69,29.11,32.72,37.33
2108000,37.24,26.88,28.87,33.38,37.81
2109000,38.11,26.78,27.81,33.71,37.11
2110000,37.91,26.92,27.93,34.19,37.37
2111000,37.33,27.23,27.42,33.66,35.89
2112000,37.32,27.31,27.66,33.81,36.58
2113000,38.29,27.42,27.46,34.08,35.75
2114000,38.0,27.68,27.9,34.94,34.76
2115000,39.62,27.82,28.01,35.35,35.51
2116000,38.84,27.6,28.12,34.14,35.22
2117000,37.91,27.52,28.16,34.27,35.51
2118000,36.39,27.48,28.0,33.76,34.55
2119000,36.83,27.41,28.66,34.1,35.01
2120000,35.68,27.73,27.61,34.39,34.99
2121000,35.61,28.21,27.18,34.95,33.96
2122000,36.1,27.98,26.25,35.43,34.02
2123000,36.73,28.06,26.01,35.64,34.34
2124000,35.09,28.03,25.55,36.07,33.54
2125000,35.0,27.58,26.17,36.39,33.68
2126000,35.44,27.89,26.12,36.87,32.95
2127000,34.49,28.33,26.1,36.84,33.86
2128000,34.26,28.58,26.69,37.07,34.07
2129000,34.77,27.93,26.29,37.31,34.0
2130000,34.27,27.48,26.58,37.89,34.49
2131000,33.88,26.73,27.1,38.04,35.08
2132000,34.02,26.7,27.09,38.27,34.89
2133000,33.26,26.4,27.53,38.68,33.97
2134000,33.46,26.09,27.57,39.02,33.91
2135000,33.03,25.8,27.58,38.66,33.68
2136000,33.35,26.02,28.2,38.44,34.35
2137000,33.4,26.45,27.15,37.99,34.51
2138000,32.1,26.21,27.62,38.32,35.85
2139000,31.17,26.5,27.69,38.78,36.27
2140000,30.99,26.0,27.56,39.16,35.26
2141000,30.55,25.8,28.28,40.08,36.14
2142000,30.88,25.73,28.1,40.52,35.87
2143000,31.39,25.46,27.9,40.15,34.65
2144000,31.1,25.67,28.67,39.73,35.59
2145000,30.55,26.62,28.83,40.87,35.9
2146000,29.02,26.84,28.58,40.9,36.86
2147000,29.38,26.99,28.06,41.0,37.11
2148000,28.7,27.35,28.16,40.69,36.25
2149000,28.18,27.01,28.77,40.77,36.93
2150000,28.35,25.68,28.68,41.13,37.78
2151000,28.59,25.7,29.17,41.64,38.1
2152000,27.96,25.75,28.46,42.03,37.69
2153000,28.12,25.56,27.84,42.91,39.01
2154000,28.8,25.86,27.32,42.12,38.96
2155000,28.95,25.9,27.33,42.41,38.09
2156000,29.02,25.8,27.49,40.17,38.11
2157000,29.89,25.38,27.71,39.52,37.28
2158000,29.26,25.36,27.0,39.16,36.52
2159000,28.97,24.85,27.21,39.34,36.28
2160000,29.34,24.93,27.65,39.21,35.82
2161000,29.27,25.23,27.21,38.64,35.92
2162000,29.28,25.04,27.94,39.26,35.74
2163000,29.24,25.56,28.05,38.54,35.26
2164000,29.72,25.99,28.06,38.99,35.29
2165000,29.87,26.61,27.28,38.03,35.55
2166000,30.67,26.27,27.02,38.02,34.92
2167000,30.01,26.48,26.6,38.48,35.38
2168000,30.47,26.19,27.44,38.32,34.59
2169000,30.6,25.81,28.0,37.48,35.3
2170000,30.94,25.15,28.36,37.27,34.93
2171000,31.15,25.16,28.23,35.84,33.5
2172000,31.66,24.97,28.98,35.98,33.0
2173000,31.95,25.4,29.29,34.1,33.07
2174000,32.18,25.44,29.23,34.14,33.2
2175000,33.39,25.98,29.16,34.78,33.67
2176000,33.74,26.22,29.22,34.93,32.74
2177000,33.31,26.33,29.83,35.12,32.57
2178000,32.85,25.9,30.29,35.54,31.85
2179000,33.72,26.11,29.71,36.38,31.48
2180000,34.07,26.43,28.79,35.95,31.31
2181000,33.38,26.6,28.88,34.29,30.97
2182000,32.76,26.87,28.95,34.69,31.64
2183000,32.26,27.3,29.48,34.63,32.14
2184000,33.22,27.51,29.65,35.6,32.51
2185000,33.51,27.67,29.99,36.2,32.53
2186000,32.72,27.24,29.88,36.92,32.87
2187000,32.88,27.67,30.5,37.29,33.5
2188000,33.72,27.42,29.83,37.89,34.19
2189000,33.24,26.98,30.48,38.06,35.08
2190000,33.39,27.21,30.83,37.67,35.38
2191000,33.61,26.35,30.89,37.8,35.87
2192000,33.71,26.38,31.17,38.7,36.32
2193000,33.52,26.71,31.31,39.46,35.56
2194000,34.75,26.89,30.54,38.72,35.09
2195000,34.87,26.86,30.07,38.94,36.02
2196000,34.11,27.28,28.97,39.4,36.53
2197000,34.08,27.31,29.29,40.59,37.42
2198000,34.44,27.21,29.65,41.13,37.84
2199000,33.38,27.74,29.71,41.11,37.79
2200000,31.94,27.25,29.87,40.83,38.43
2201000,31.85,27.33,29.98,40.81,39.08
2202000,32.27,27.85,29.65,41.34,38.96
2203000,32.53,27.68,29.91,41.56,39.12
2204000,33.22,27.58,30.57,40.68,40.29
2205000,33.89,27.6,29.99,41.17,40.54
2206000,33.46,27.74,30.13,41.73,38.73
2207000,32.62,27.95,29.65,42.14,37.97
2208000,33.32,27.19,29.89,41.04,38.54
2209000,32.65,26.98,29.86,41.31,39.58
2210000,32.86,27.45,29.42,40.83,39.83
2211000,32.73,27.63,28.61,40.36,40.2
2212000,32.75,27.32,28.85,40.42,39.35
2213000,33.06,27.44,28.91,41.18,38.69
2214000,32.94,27.64,28.71,41.65,38.31
2215000,33.82,27.9,28.17,41.43,36.98
2216000,34.31,28.44,28.01,39.79,38.01
2217000,33.47,28.58,28.59,39.04,36.58
2218000,33.06,28.24,28.36,39.52,37.25
2219000,33.07,27.97,28.85,39.75,36.84
2220000,33.0,28.22,28.67,40.62,36.37
2221000,32.75,28.13,28.64,41.57,36.71
2222000,32.45,28.08,28.96,42.01,37.34
2223000,33.38,28.23,28.24,41.84,37.95
2224000,32.66,28.52,27.95,42.62,35.61
2225000,33.52,27.8,28.23,41.59,35.41
2226000,34.0,28.22,27.25,40.47,35.59
2227000,34.59,28.22,27.66,40.8,35.49
2228000,34.61,28.28,27.59,40.66,35.83
2229000,35.33,28.28,27.1,38.83,35.36
2230000,35.09,28.08,27.21,38.14,34.8
2231000,35.78,27.94,27.69,37.71,34.87
2232000,34.55,28.07,27.57,37.43,35.43
2233000,34.73,28.08,27.95,36.6,35.93
2234000,34.58,28.79,28.58,37.2,36.58
2235000,35.93,28.85,28.71,37.47,36.68
2236000,36.56,28.74,28.22,37.8,35.52
2237000,36.76,28.57,27.86,37.83,35.88
2238000,37.26,28.58,27.44,37.78,36.75
2239000,36.26,28.81,27.07,37.42,36.93
2240000,37.26,28.27,26.51,37.29,36.6
2241000,36.99,27.75,25.84,37.37,36.86
2242000,38.27,27.55,25.98,37.86,36.97
2243000,37.87,27.51,26.02,38.28,37.71
2244000,37.81,27.5,26.4,39.0,37.13
2245000,36.16,27.75,26.5,38.08,37.18
2246000,35.58,27.83,26.01,38.33,36.45
2247000,35.97,27.9,26.87,38.24,37.04
2248000,36.05,27.68,27.38,39.13,35.71
2249000,34.86,27.29,27.2,39.28,34.46
2250000,34.84,26.69,27.34,38.65,34.25
2251000,34.61,27.07,27.19,37.84,32.65
2252000,35.09,26.93,26.82,36.96,31.92
2253000,35.81,26.8,26.07,37.07,31.94
2254000,35.09,27.04,25.52,36.72,31.76
2255000,35.36,27.12,25.81,37.09,30.96
2256000,36.27,27.41,25.42,36.9,30.46
2257000,36.25,26.68,25.4,36.18,30.67
2258000,35.14,26.96,25.85,35.88,30.67
2259000,34.83,26.54,26.13,36.08,30.02
2260000,35.36,26.29,25.75,36.99,28.47
2261000,32.75,26.49,26.21,37.49,28.23
2262000,32.24,25.92,26.38,37.98,28.25
2263000,32.44,25.97,26.44,37.71,28.71
2264000,32.95,26.12,26.29,37.56,28.57
2265000,32.64,26.16,26.4,38.27,29.39
2266000,32.35,26.21,25.83,37.39,28.65
2267000,31.51,26.7,25.54,37.51,28.74
2268000,30.6,26.75,24.89,37.58,27.77
2269000,31.13,26.22,25.4,37.48,28.08
2270000,31.75,26.14,25.54,36.97,28.88
2271000,32.43,26.08,25.53,36.28,29.24
2272000,33.19,26.24,26.54,35.58,29.54
2273000,32.72,26.43,27.14,34.82,30.12
2274000,32.52,26.34,27.06,33.68,30.49
2275000,32.74,26.52,26.31,32.95,30.98
2276000,32.17,26.94,25.9,32.78,31.53
2277000,31.32,26.79,26.23,32.88,31.8
2278000,30.48,26.62,26.61,32.51,32.26
2279000,30.36,26.15,26.54,33.18,31.81
2280000,30.35,26.38,26.8,34.3,32.73
2281000,30.49,26.02,27.03,34.8,33.27
2282000,31.67,26.33,27.36,35.31,33.96
2283000,32.26,26.36,27.4,35.79,32.94
2284000,32.89,26.75,28.12,35.74,32.98
2285000,32.96,26.71,27.5,36.07,33.97
2286000,32.15,26.98,27.74,35.94,33.66
2287000,33.02,26.8,27.71,36.48,34.65
2288000,33.71,26.58,27.89,36.29,35.72
2289000,33.57,26.97,28.37,36.39,35.83
2290000,33.67,27.06,29.05,37.34,36.29
2291000,34.29,27.13,29.6,37.35,36.21
2292000,33.79,27.17,30.1,37.46,36.82
2293000,33.98,27.14,29.21,37.36,36.5
2294000,33.95,27.47,29.76,37.53,37.1
2295000,34.61,27.2,29.19,36.9,37.03
2296000,34.9,26.89,28.25,37.84,36.66
2297000,34.48,26.92,28.4,37.91,35.81
2298000,33.69,26.89,29.02,37.64,34.94
2299000,34.17,26.72,29.39,38.58,34.95
2300000,34.9,27.0,29.37,38.5,33.79
2301000,35.14,27.02,29.23,38.82,33.8
2302000,35.69,27.26,29.53,39.23,32.81
2303000,35.4,27.36,29.55,39.06,32.11
2304000,35.68,27.07,29.33,39.11,31.11
2305000,36.02,26.79,29.22,39.17,30.75
2306000,36.16,26.45,29.25,39.24,31.12
2307000,35.02,27.27,29.62,39.12,31.56
2308000,35.28,26.67,29.3,39.13,31.91
2309000,35.37,26.4,29.28,39.39,31.34
2310000,35.32,26.58,29.09,39.55,31.49
2311000,34.87,26.79,28.76,36.65,30.09
2312000,34.63,27.31,29.29,36.42,29.71
2313000,35.3,27.09,28.7,36.63,29.25
2314000,35.59,26.21,27.78,37.46,28.51
2315000,36.59,25.9,27.75,37.19,28.88
2316000,35.87,26.11,28.26,37.2,28.22
2317000,36.09,26.13,27.59,37.95,28.54
2318000,36.73,26.26,27.99,38.18,28.53
2319000,37.19,26.2,28.05,37.04,29.27
2320000,37.01,25.64,28.38,37.19,29.76
2321000,36.58,26.16,27.98,36.36,29.29
2322000,36.35,25.79,27.87,36.04,29.59
2323000,37.01,25.56,28.08,36.63,30.44
2324000,36.5,25.64,27.71,37.22,30.92
2325000,36.49,25.78,28.35,37.31,31.57
2326000,37.04,25.76,28.1,38.08,32.32
2327000,36.36,26.03,28.41,37.82,33.19
2328000,36.67,26.37,28.4,37.88,33.01
2329000,36.17,26.65,27.93,37.76,33.38
2330000,35.31,26.0,28.34,38.45,34.01
2331000,35.15,26.37,28.49,38.24,35.0
2332000,35.49,26.69,28.12,38.32,34.9
2333000,35.92,26.79,28.24,38.03,34.47
2334000,36.43,26.28,27.78,38.42,34.46
2335000,36.21,25.81,27.91,39.09,34.1
2336000,36.45,26.06,28.15,39.23,34.37
2337000,36.71,26.27,28.24,39.25,34.98
2338000,36.52,26.84,27.94,39.98,35.06
2339000,36.28,27.1,28.11,39.92,35.16
2340000,37.0,27.07,28.72,39.92,35.97
2341000,35.35,26.9,28.09,38.62,35.88
2342000,34.11,26.74,27.94,38.7,36.93
2343000,33.86,27.04,27.67,37.81,37.05
2344000,32.89,27.24,28.26,37.05,37.03
2345000,31.89,26.62,28.06,36.24,36.85
2346000,32.21,26.92,28.43,36.04,36.56
2347000,31.94,26.69,27.96,36.81,35.41
2348000,31.24,26.66,28.2,36.23,35.32
2349000,31.78,26.55,28.25,37.57,33.29
2350000,30.55,26.67,28.77,37.61,32.95
2351000,30.94,26.76,28.73,37.6,32.78
2352000,30.7,26.67,28.15,37.84,33.73
2353000,31.06,26.38,28.35,37.8,33.43
2354000,31.6,26.76,28.55,37.86,34.08
2355000,32.4,26.76,29.02,37.15,34.78
2356000,32.43,27.14,28.89,36.38,34.35
2357000,31.29,27.01,29.41,36.2,34.3
2358000,30.48,27.28,29.23,36.72,34.11
2359000,30.97,27.72,29.06,35.36,34.37
2360000,31.23,28.19,28.98,35.73,34.19
2361000,31.1,27.81,29.18,35.16,34.29
2362000,29.96,27.58,28.28,36.38,35.12
2363000,30.61,27.05,28.4,36.78,35.26
2364000,30.56,26.86,28.43,36.21,36.78
2365000,30.67,27.05,28.16,36.73,35.4
2366000,30.55,27.35,28.0,37.05,35.22
2367000,31.47,27.16,27.55,38.03,34.93
2368000,31.48,27.19,27.97,36.85,34.88
2369000,30.91,26.9,27.25,36.46,34.16
2370000,30.64,26.93,27.08,36.46,34.56
2371000,31.21,27.15,25.88,37.27,34.83
2372000,31.87,27.61,25.56,37.18,35.3
2373000,31.75,27.75,24.99,37.62,35.47
2374000,32.85,27.85,25.34,37.27,35.84
2375000,32.61,27.68,24.62,38.55,36.58
2376000,31.59,27.94,24.7,39.32,37.06
2377000,30.99,27.87,24.17,39.63,38.62
2378000,29.85,27.17,24.03,39.18,38.58
2379000,29.18,27.48,23.92,38.44,39.15
2380000,28.88,27.68,23.84,38.04,40.47
2381000,29.89,27.7,24.0,36.94,41.41
2382000,30.85,27.52,24.24,37.26,41.85
2383000,30.95,27.69,24.55,37.43,42.62
2384000,30.6,27.99,25.15,38.43,41.39
2385000,30.5,27.95,25.41,38.77,40.09
2386000,31.04,27.94,25.34,38.73,39.62
2387000,29.93,27.82,25.28,38.31,39.28
2388000,29.2,28.07,24.52,37.39,38.82
2389000,29.52,27.61,24.67,37.69,39.66
2390000,29.69,27.34,25.02,37.85,39.77
2391000,29.4,27.57,25.2,38.11,40.4
2392000,29.76,27.56,25.27,39.29,39.99
2393000,29.76,28.09,25.27,37.79,39.39
2394000,31.2,28.23,25.04,38.62,38.11
2395000,30.19,28.15,25.12,37.78,38.03
2396000,29.93,28.04,25.23,38.31,38.05
2397000,29.11,27.86,25.25,37.63,38.57
2398000,29.81,28.05,25.56,38.11,39.3
2399000,29.51,27.91,26.02,38.88,38.4
2400000,30.44,27.54,26.76,39.25,38.21
2401000,31.27,28.09,26.52,39.26,38.2
2402000,31.52,28.05,26.84,39.76,39.02
2403000,32.14,27.83,27.14,38.97,39.22
2404000,31.77,27.63,27.11,39.02,40.52
2405000,32.14,27.13,26.36,40.0,39.62
2406000,31.41,27.23,26.48,39.64,39.16
2407000,31.42,26.73,26.05,38.62,37.96
2408000,31.02,26.6,26.24,39.05,38.61
2409000,31.21,26.69,26.31,38.55,36.73
2410000,31.93,27.42,26.37,38.84,34.89
2411000,31.53,27.08,26.08,39.66,35.68
2412000,32.25,27.26,25.97,40.3,36.33
2413000,32.72,27.73,25.96,41.07,36.15
2414000,32.38,28.36,25.96,41.93,36.22
2415000,32.08,28.82,26.08,42.21,36.88
2416000,31.5,28.92,26.05,41.68,36.93
2417000,31.14,28.73,26.36,40.76,37.09
2418000,31.04,28.13,26.23,39.53,37.33
2419000,31.1,27.47,25.31,40.51,37.4
2420000,31.74,27.27,25.03,40.8,37.03
2421000,31.45,27.04,25.02,40.13,37.68
2422000,31.98,26.74,25.07,40.27,38.38
2423000,32.11,27.07,24.87,40.18,38.05
2424000,32.49,27.14,25.49,40.5,38.69
2425000,31.95,26.88,25.73,39.45,39.72
2426000,31.75,26.89,25.59,39.48,40.28
2427000,30.86,26.89,25.54,39.96,40.45
2428000,31.42,26.69,26.13,39.82,39.47
2429000,32.19,26.52,25.82,39.1,40.09
2430000,31.56,26.53,26.08,39.48,38.95
2431000,32.07,26.8,25.86,38.83,39.1
2432000,31.94,26.77,26.17,38.71,38.74
2433000,32.7,26.09,25.88,38.45,39.26
2434000,32.56,26.45,26.17,39.24,37.97
2435000,32.01,26.11,26.38,39.14,38.68
2436000,31.39,25.43,25.77,38.5,38.88
2437000,32.03,25.0,25.07,38.57,39.4
2438000,32.45,25.49,25.46,37.94,40.15
2439000,32.9,25.58,25.53,38.22,40.36
2440000,32.69,26.03,25.99,37.33,40.94
2441000,33.45,26.32,26.23,35.76,39.65
2442000,33.26,26.85,25.76,35.08,38.89
2443000,32.85,27.05,26.14,35.05,40.05
2444000,33.24,27.53,26.55,35.72,40.18
2445000,33.23,27.61,27.02,35.62,40.28
2446000,33.03,27.4,27.38,36.01,40.35
2447000,32.91,27.08,27.04,36.82,39.91
2448000,32.22,27.45,27.17,36.3,39.27
2449000,30.81,27.43,27.61,36.52,39.64
2450000,31.29,27.95,27.41,36.61,38.53
2451000,32.51,27.92,28.18,37.18,38.42
2452000,32.87,28.18,28.72,35.87,38.59
2453000,31.64,28.17,28.09,35.24,38.52
2454000,32.22,28.34,28.31,35.87,38.97
2455000,32.84,28.17,28.27,36.24,37.98
2456000,32.91,28.24,28.96,36.45,37.95
2457000,32.41,28.57,29.12,36.86,38.07
2458000,31.42,29.33,28.98,37.1,38.15
2459000,30.07,29.42,29.75,37.56,37.69
2460000,29.49,29.89,29.89,37.39,38.14
2461000,28.9,30.16,30.04,37.88,37.52
2462000,28.57,30.35,29.67,38.14,38.05
2463000,28.59,30.93,29.8,38.69,37.79
2464000,27.99,30.79,30.13,38.61,37.91
2465000,28.45,30.55,29.49,38.17,37.78
2466000,27.08,29.97,29.78,38.47,38.0
2467000,26.2,30.01,29.66,38.71,39.2
2468000,25.3,29.55,28.94,39.06,37.94
2469000,25.3,29.79,28.66,38.18,37.45
2470000,25.47,29.73,30.02,38.74,38.13
2471000,24.07,29.97,29.89,38.92,38.92
2472000,24.14,30.6,30.19,39.08,39.27
2473000,22.77,30.31,28.54,39.03,40.19
2474000,22.92,29.47,28.78,39.31,40.6
2475000,22.97,29.9,28.86,38.03,39.47
2476000,23.49,29.59,29.36,38.38,39.19
2477000,23.46,30.24,29.56,38.06,39.3
2478000,23.98,29.88,29.17,38.53,37.69
2479000,23.95,29.84,29.29,39.0,36.79
2480000,24.09,30.22,29.84,38.46,35.69
2481000,24.14,30.42,29.92,39.41,34.66
2482000,23.58,31.03,29.01,39.44,34.15
2483000,23.52,31.18,28.89,39.21,33.26
2484000,24.11,29.78,29.11,40.12,32.94
2485000,24.67,29.95,28.81,40.1,33.41
2486000,24.46,29.67,29.83,40.17,33.18
2487000,24.16,30.02,29.17,40.29,32.52
2488000,24.03,29.97,29.68,40.29,32.81
2489000,23.94,29.94,30.49,39.86,32.33
2490000,24.1,29.49,29.8,38.79,31.57
2491000,23.93,29.29,29.76,37.78,29.87
2492000,23.61,29.2,29.83,37.78,29.47
2493000,23.62,29.22,30.07,37.71,27.75
2494000,22.82,29.51,29.24,37.51,25.8
2495000,22.36,29.5,29.54,37.63,25.66
2496000,22.18,28.93,29.78,37.2,26.0
2497000,22.52,28.76,30.75,36.57,25.6
2498000,22.26,29.16,31.23,36.81,26.16
2499000,22.32,29.4,29.82,37.27,26.25
2500000,21.89,29.7,30.35,37.39,26.46
2501000,20.59,29.79,31.27,36.68,26.42
2502000,19.73,28.61,32.27,38.02,25.49
2503000,19.58,28.96,32.52,38.01,26.01
2504000,19.65,28.43,32.45,39.11,26.54
2505000,20.04,28.43,32.07,39.61,26.5
2506000,19.86,28.74,32.89,40.29,26.79
2507000,19.97,27.93,32.56,39.78,26.8
2508000,19.85,28.01,32.72,40.64,27.41
2509000,20.53,27.87,32.95,40.73,26.61
2510000,20.81,27.5,33.08,40.31,26.08
2511000,20.32,27.02,33.36,39.94,26.22
2512000,19.81,26.57,32.32,39.6,26.63
2513000,19.48,27.02,32.38,40.2,26.65
2514000,19.52,27.21,32.12,39.6,26.94
2515000,20.0,27.63,31.94,39.54,26.79
2516000,20.57,27.44,32.25,38.71,26.86
2517000,21.54,26.71,31.78,38.59,25.75
2518000,21.97,26.46,32.12,38.0,25.35
2519000,22.09,26.21,31.76,38.76,25.5
2520000,22.34,26.18,32.4,38.68,25.29
2521000,21.92,26.42,32.41,38.93,25.54
2522000,21.96,26.62,31.78,39.84,25.15
2523000,21.71,26.65,32.22,40.81,24.56
2524000,21.75,26.05,31.86,40.79,23.92
2525000,21.56,26.29,30.48,41.21,23.48
2526000,21.85,25.94,29.81,41.25,22.22
2527000,22.34,26.08,29.48,41.2,22.03
2528000,22.13,25.8,30.09,41.41,22.09
2529000,22.2,26.21,29.39,41.08,21.82
2530000,22.23,26.32,29.36,41.19,22.36
2531000,21.83,26.17,29.8,41.77,22.76
2532000,21.88,26.23,29.96,42.22,22.69
2533000,21.21,25.99,29.8,42.72,22.52
2534000,21.54,26.53,30.38,42.87,23.16
2535000,21.12,26.85,30.49,42.86,23.46
2536000,20.89,26.17,30.64,43.79,23.93
2537000,21.06,26.0,30.59,43.79,23.42
2538000,21.03,26.05,30.41,43.18,23.85
2539000,21.53,25.98,29.35,41.81,24.57
2540000,21.09,26.43,29.39,41.95,25.2
2541000,20.06,26.91,29.91,42.81,25.68
2542000,19.45,27.06,30.27,43.29,26.19
2543000,19.01,27.31,29.34,42.84,25.97
2544000,19.07,27.22,28.69,43.39,26.03
2545000,19.13,27.08,27.86,43.1,26.05
2546000,18.95,26.83,27.62,43.32,26.44
2547000,18.73,26.8,28.33,43.59,26.21
2548000,18.65,26.94,28.72,42.51,26.99
2549000,18.12,27.27,28.01,43.41,27.56
2550000,18.31,27.36,28.52,43.12,27.57
2551000,18.38,26.74,28.6,43.69,27.27
2552000,18.07,26.47,28.0,43.48,27.33
2553000,18.25,25.73,28.22,43.73,27.66
2554000,18.92,25.98,28.14,44.61,28.0
2555000,19.09,25.92,28.03,43.8,27.72
2556000,19.15,26.07,27.55,43.3,27.99
2557000,19.65,25.97,26.71,42.24,28.27
2558000,19.52,26.13,26.62,42.7,28.36
2559000,19.36,26.73,26.92,43.23,29.42
2560000,19.32,26.9,27.21,42.56,29.58
2561000,19.52,27.22,27.6,42.3,29.58
2562000,19.47,27.7,28.11,43.87,30.19
2563000,19.43,27.6,28.57,44.18,30.26
2564000,19.7,27.35,28.26,44.58,31.12
2565000,19.45,26.76,27.97,45.07,31.51
2566000,19.63,26.48,27.17,46.01,30.85
2567000,19.46,27.05,27.05,46.02,31.5
2568000,19.93,26.99,26.72,45.69,31.77
2569000,19.65,27.3,26.62,45.44,31.29
2570000,19.7,27.45,26.4,45.79,31.93
2571000,19.91,27.94,26.6,46.42,32.49
2572000,19.86,28.14,26.89,46.77,33.08
2573000,19.6,28.76,26.73,46.05,33.17
2574000,20.04,28.75,26.87,47.14,33.58
2575000,20.07,28.69,27.04,47.92,33.66
2576000,19.78,28.36,26.88,48.2,33.3
2577000,20.25,29.09,27.48,48.35,33.28
2578000,20.21,29.48,27.57,47.93,34.21
2579000,20.77,29.94,28.24,45.76,34.84
2580000,21.23,29.97,28.45,44.5,34.59
2581000,21.13,30.21,27.95,44.76,34.29
2582000,21.15,30.57,27.2,44.83,33.69
2583000,20.65,31.15,27.47,44.82,33.92
2584000,20.59,31.51,28.21,45.64,33.26
2585000,19.93,31.23,28.4,46.14,33.04
2586000,19.79,31.09,27.84,45.48,33.09
2587000,19.69,31.06,28.58,45.98,31.63
2588000,20.17,31.26,28.39,46.31,30.22
2589000,19.78,30.58,28.82,45.67,29.68
2590000,19.46,30.6,28.87,46.55,29.36
2591000,19.93,30.73,28.13,45.83,29.22
2592000,20.16,31.03,27.91,46.65,28.62
2593000,19.47,30.79,27.84,46.83,27.92
2594000,18.54,30.67,27.68,47.57,27.25
2595000,18.47,30.11,27.28,46.43,26.47
2596000,18.86,29.62,27.31,45.96,26.57
2597000,19.32,29.21,26.37,44.94,26.71
2598000,19.48,28.85,25.59,43.65,26.0
2599000,19.71,28.79,24.32,43.05,25.69
2600000,20.17,29.26,23.67,43.22,26.07
2601000,20.58,29.25,23.96,43.82,26.31
2602000,20.59,29.22,23.35,43.19,26.84
2603000,20.81,29.56,21.7,43.71,26.83
2604000,20.55,28.88,21.42,43.56,26.74
2605000,20.55,29.06,21.11,42.16,26.31
2606000,20.65,27.24,21.03,42.83,25.98
2607000,20.5,27.07,21.41,42.13,26.17
2608000,20.22,27.14,21.91,40.8,26.65
2609000,20.64,27.29,22.52,41.16,26.83
2610000,20.51,26.88,22.77,41.04,27.68
2611000,20.7,26.91,22.36,41.02,28.49
2612000,19.9,26.96,22.63,41.71,28.31
2613000,19.6,27.25,22.58,43.4,28.76
2614000,19.88,27.84,21.78,44.01,29.13
2615000,19.67,27.51,22.24,43.33,29.36
2616000,19.49,27.53,22.74,42.89,30.36
2617000,19.83,28.03,23.06,42.48,30.89
2618000,19.26,27.73,23.6,43.36,31.15
2619000,19.28,28.07,24.13,42.8,31.35
2620000,19.26,28.36,24.64,42.55,31.17
2621000,19.24,28.42,25.08,42.04,32.07
2622000,18.77,28.63,25.46,41.15,32.6
2623000,18.82,28.87,25.64,41.45,31.97
2624000,19.08,28.6,26.33,40.81,32.59
2625000,19.05,28.81,26.67,41.36,32.57
2626000,19.4,28.18,26.23,40.17,33.01
2627000,19.49,27.93,26.67,40.61,33.51
2628000,19.47,28.07,26.89,41.06,33.34
2629000,18.83,28.42,26.63,41.62,33.45
2630000,18.71,28.55,26.86,40.56,32.82
2631000,18.59,29.05,26.69,40.58,33.14
2632000,18.51,29.85,26.53,40.96,33.14
2633000,19.03,30.32,26.34,39.7,33.49
2634000,18.57,30.4,26.92,39.05,34.22
2635000,18.39,30.11,27.37,38.84,35.08
2636000,19.01,29.97,26.42,39.81,35.74
2637000,18.85,30.31,27.2,40.56,35.32
2638000,18.81,30.38,27.61,40.53,35.57
2639000,18.67,30.14,27.06,41.26,35.9
2640000,18.82,29.82,27.06,41.88,35.57
2641000,19.26,30.08,27.59,41.44,35.86
2642000,19.47,30.64,27.48,41.34,36.25
2643000,19.5,30.95,27.27,41.71,36.45
2644000,20.07,30.32,27.39,42.15,35.75
2645000,20.55,30.25,26.56,42.4,35.84
2646000,19.97,29.8,26.8,43.69,36.03
2647000,20.37,29.71,27.56,43.68,36.16
2648000,20.23,28.91,28.12,43.16,36.11
2649000,20.74,28.58,27.94,42.92,35.27
2650000,21.2,28.55,28.15,43.31,36.22
2651000,20.86,28.32,27.75,43.6,36.44
2652000,20.8,28.75,28.46,43.32,35.59
2653000,21.28,28.89,28.2,41.81,36.15
2654000,21.23,28.28,28.55,41.35,35.81
2655000,21.42,27.43,29.39,41.55,36.46
2656000,20.54,27.17,29.23,40.83,36.32
2657000,20.01,26.9,29.33,39.82,36.93
2658000,20.09,26.64,29.13,40.27,37.61
2659000,19.48,27.04,29.87,40.33,38.25
2660000,19.41,26.39,30.16,40.55,39.29
2661000,20.01,26.93,30.71,41.23,39.39
2662000,20.04,26.55,30.65,40.52,39.02
2663000,19.97,26.33,30.07,41.71,36.72
2664000,20.42,26.12,29.54,41.97,36.84
2665000,20.51,25.46,29.28,42.79,36.83
2666000,21.01,25.35,29.07,42.72,37.45
2667000,21.24,25.4,28.29,43.08,36.76
2668000,22.01,25.39,29.1,43.25,36.98
2669000,21.17,25.47,29.35,43.37,37.35
2670000,21.38,25.88,29.94,42.21,37.12
2671000,21.46,26.23,29.27,41.19,36.82
2672000,21.62,26.11,29.41,40.86,36.86
2673000,21.84,25.69,29.21,41.09,37.32
2674000,22.37,25.42,28.61,40.82,37.78
2675000,22.56,25.39,29.16,40.55,38.11
2676000,22.59,25.45,29.28,40.33,39.07
2677000,22.83,25.85,29.21,40.05,38.67
2678000,22.74,25.82,29.67,40.55,39.06
2679000,22.56,25.94,29.28,40.05,40.06
2680000,22.39,26.2,29.34,40.05,40.54
2681000,22.44,26.52,29.64,40.98,40.07
2682000,22.88,26.6,29.95,41.27,39.76
2683000,22.11,26.54,29.45,41.38,39.74
2684000,21.98,26.55,29.58,41.58,39.19
2685000,22.01,26.73,29.72,42.03,38.47
2686000,22.46,26.9,29.17,42.9,38.93
2687000,22.67,26.94,29.75,43.01,38.69
2688000,21.9,26.96,29.9,43.69,38.54
2689000,21.76,27.08,29.18,44.05,37.89
2690000,21.98,27.57,29.65,44.55,38.41
2691000,22.01,27.73,29.35,45.11,38.57
2692000,21.91,28.35,29.19,45.42,39.1
2693000,21.74,27.98,28.45,45.57,39.52
2694000,21.78,28.24,28.16,45.83,40.53
2695000,22.31,28.15,28.3,46.27,40.95
2696000,22.72,28.8,28.68,46.68,40.06
2697000,23.28,28.77,28.04,45.7,38.8
2698000,23.06,29.36,28.38,46.66,38.81
2699000,22.65,29.49,28.19,46.95,39.11
2700000,22.86,29.91,27.7,47.23,38.86
2701000,22.99,30.16,27.87,46.05,39.14
2702000,23.07,30.39,27.68,46.81,39.0
2703000,23.14,30.28,27.67,46.41,39.74
2704000,23.05,30.2,28.08,46.7,40.35
2705000,22.85,29.71,27.97,46.82,40.81
2706000,23.08,29.29,27.91,47.94,40.85
2707000,23.55,29.4,28.18,47.82,39.89
2708000,23.75,29.28,27.93,47.3,38.57
2709000,23.97,29.83,27.86,47.15,37.86
2710000,23.39,29.58,28.17,47.14,37.04
2711000,23.38,28.99,28.09,46.65,37.77
2712000,23.51,29.59,28.64,47.85,37.87
2713000,23.59,29.2,28.4,46.89,38.28
2714000,22.87,29.28,28.15,46.15,38.17
2715000,22.83,28.94,27.71,45.63,39.08
2716000,23.17,29.0,27.8,43.62,38.56
2717000,23.63,28.65,28.14,41.75,38.28
2718000,23.38,28.74,28.37,39.88,37.85
2719000,22.41,29.13,28.24,39.13,38.12
2720000,22.85,29.18,28.6,38.18,38.02
2721000,22.85,29.3,28.86,37.4,39.04
2722000,22.81,29.34,29.42,36.58,38.95
2723000,23.19,29.73,28.74,34.49,37.97
2724000,23.89,30.0,29.06,32.83,37.78
2725000,23.19,30.05,28.63,30.81,37.54
2726000,22.7,29.79,29.79,30.66,37.71
2727000,22.62,29.84,29.58,30.32,37.85
2728000,22.93,29.5,29.25,29.07,38.06
2729000,23.18,30.1,28.63,27.88,37.43
2730000,23.33,30.53,28.96,26.72,37.38
2731000,23.49,30.33,28.84,25.95,36.93
2732000,24.13,30.44,28.59,24.16,35.55
2733000,24.74,30.43,28.25,24.15,33.78
2734000,24.64,30.94,28.53,23.79,34.24
2735000,24.49,31.22,29.04,24.08,34.68
2736000,24.24,30.94,29.73,24.56,34.52
2737000,24.93,30.8,29.65,24.44,34.74
2738000,25.07,31.47,30.06,24.52,34.63
2739000,25.42,31.27,30.78,24.17,34.18
2740000,26.08,31.16,31.29,24.14,34.17
2741000,25.93,31.13,31.25,23.92,33.14
2742000,25.86,31.07,32.15,24.31,33.16
2743000,26.61,30.58,32.31,24.04,33.53
2744000,25.44,30.53,32.85,24.44,33.3
2745000,25.95,30.81,32.91,22.74,32.58
2746000,25.98,30.63,32.1,22.48,32.07
2747000,26.77,30.34,31.4,22.58,32.63
2748000,26.77,30.21,31.31,22.76,33.07
2749000,27.33,30.19,31.02,23.23,33.77
2750000,27.65,29.27,30.43,23.51,33.63
2751000,27.6,29.31,29.89,24.61,34.04
2752000,26.62,29.21,29.24,24.99,35.16
2753000,26.96,29.16,29.49,25.47,35.4
2754000,27.23,28.46,28.69,25.36,35.21
2755000,26.44,28.16,29.08,25.42,35.46
2756000,26.74,28.59,29.32,25.48,35.58
2757000,26.7,29.03,30.0,25.67,35.96
2758000,26.76,29.14,29.77,26.3,35.36
2759000,26.51,29.04,29.52,26.51,35.24
2760000,26.7,29.4,29.38,26.69,36.45
2761000,25.84,30.18,29.15,26.98,37.15
2762000,26.48,30.0,29.3,27.32,37.64
2763000,25.9,30.62,29.66,27.28,38.07
2764000,26.66,30.45,29.67,26.99,38.32
2765000,27.52,29.93,29.87,26.44,38.28
2766000,27.44,29.95,29.05,26.98,37.98
2767000,27.53,30.0,29.07,27.9,37.5
2768000,26.3,30.86,29.47,28.34,37.53
2769000,26.26,31.02,30.18,28.31,37.83
2770000,25.11,31.01,30.84,28.85,37.76
2771000,25.06,30.54,31.27,29.05,37.74
2772000,25.41,30.35,31.33,29.32,37.26
2773000,25.19,31.03,31.93,29.23,37.32
2774000,24.89,31.16,30.94,28.24,37.94
2775000,25.29,31.63,31.67,28.2,38.73
2776000,25.26,31.63,32.11,28.06,37.97
2777000,24.99,32.17,32.74,28.1,37.58
2778000,24.83,32.04,32.24,27.8,37.35
2779000,24.56,32.06,31.62,27.56,36.4
2780000,25.14,32.16,31.07,26.86,35.25
2781000,25.09,31.82,30.81,26.78,35.64
2782000,25.17,31.98,31.53,26.81,35.63
2783000,25.1,32.33,31.29,26.8,35.5
2784000,23.78,32.0,31.78,27.17,35.05
2785000,23.47,31.99,31.64,26.77,35.76
2786000,23.62,32.0,30.01,27.46,36.28
2787000,24.4,31.78,29.56,28.49,34.94
2788000,25.16,31.46,29.25,28.55,34.36
2789000,25.48,31.2,29.79,28.58,34.48
2790000,25.28,30.64,29.58,27.86,34.68
2791000,25.07,30.39,29.52,26.84,34.96
2792000,25.33,30.96,29.89,26.71,35.14
2793000,25.12,31.33,28.97,26.28,35.25
2794000,25.28,31.61,28.73,25.85,36.18
2795000,25.76,30.9,28.69,26.31,36.36
2796000,25.71,30.63,29.46,26.52,36.96
2797000,25.46,31.12,29.15,26.44,36.91
2798000,25.22,31.01,29.81,26.88,37.63
2799000,24.45,31.24,29.52,27.59,37.76
2800000,24.31,30.46,30.2,27.86,37.8
2801000,24.84,29.64,30.1,28.31,37.32
2802000,25.2,29.09,31.15,28.88,35.41
2803000,25.18,28.59,31.72,29.6,35.82
2804000,25.69,28.78,32.13,30.27,35.69
2805000,26.07,28.51,32.54,30.53,35.69
2806000,26.5,28.49,33.1,31.07,36.29
2807000,27.32,28.54,32.01,31.55,36.6
2808000,27.1,28.25,32.19,32.02,36.67
2809000,26.93,28.23,32.35,32.04,36.9
2810000,26.77,28.02,31.9,32.7,37.66
2811000,26.85,27.74,32.47,33.23,38.47
2812000,26.65,28.02,32.65,32.19,38.0
2813000,26.2,28.38,32.62,33.12,38.79
2814000,26.42,27.81,32.73,33.73,38.79
2815000,27.09,28.46,32.37,34.41,38.55
2816000,26.7,28.87,32.45,35.13,38.27
2817000,26.33,28.63,32.07,35.27,38.06
2818000,27.22,28.51,32.0,35.95,36.64
2819000,27.44,28.73,32.15,36.02,36.45
2820000,27.88,28.63,31.96,36.5,35.44
2821000,28.53,28.6,32.55,36.97,35.98
2822000,28.98,28.21,31.9,38.06,35.8
2823000,28.53,28.39,32.25,38.42,35.4
2824000,28.09,28.4,31.79,39.54,35.4
2825000,27.95,28.7,30.75,40.42,34.21
2826000,27.81,28.78,30.18,40.79,34.24
2827000,26.96,28.93,30.5,41.53,35.08
2828000,26.97,29.22,30.55,41.88,35.28
2829000,27.06,29.48,30.31,42.39,35.99
2830000,26.36,29.6,29.24,42.6,37.23
2831000,26.79,30.05,29.89,43.24,38.08
2832000,27.03,30.03,30.3,43.32,38.31
2833000,27.53,30.29,30.71,43.73,39.39
2834000,27.61,30.8,31.14,43.92,39.78
2835000,27.15,31.27,31.38,43.76,39.38
2836000,27.37,31.31,31.72,43.88,39.19
2837000,26.94,30.96,31.61,43.2,39.11
2838000,27.34,31.57,31.33,43.46,39.87
2839000,27.57,31.21,30.88,43.48,38.64
2840000,27.49,30.77,31.22,44.01,39.0
2841000,26.91,30.8,30.22,44.09,38.0
2842000,27.21,30.07,30.96,45.0,37.93
2843000,27.34,30.25,31.04,44.76,37.57
2844000,27.57,30.24,30.91,44.13,37.11
2845000,27.64,29.43,31.08,44.48,38.22
2846000,28.19,29.27,30.68,43.77,38.96
2847000,28.23,29.18,30.34,44.11,38.88
2848000,28.37,29.56,30.44,45.14,39.32
2849000,28.89,29.56,30.02,44.95,39.54
2850000,28.5,29.83,30.62,44.69,40.14
2851000,27.93,29.83,29.45,44.39,40.5
2852000,27.7,29.97,29.29,44.51,40.18
2853000,28.08,29.79,29.33,43.81,39.7
2854000,27.48,29.81,29.21,43.96,40.12
2855000,27.47,29.53,28.73,42.88,40.19
2856000,27.68,29.3,28.11,41.93,40.69
2857000,28.16,29.24,27.56,39.25,40.68
2858000,26.63,29.54,27.1,36.46,40.16
2859000,26.74,29.44,26.84,34.49,39.7
2860000,26.71,29.22,27.29,34.3,38.5
2861000,26.21,28.24,27.68,33.79,37.92
2862000,26.32,28.0,27.82,33.0,36.54
2863000,25.52,28.33,28.41,32.14,36.72
2864000,25.58,27.35,28.47,31.61,36.95
2865000,26.0,27.37,27.93,29.4,37.38
2866000,25.98,28.39,27.08,28.99,38.0
2867000,25.98,28.75,27.0,28.96,38.88
2868000,26.86,28.91,27.11,28.53,39.79
2869000,25.53,29.11,26.8,28.55,39.09
2870000,25.53,29.41,26.91,28.49,39.0
2871000,25.22,30.12,27.41,27.52,39.37
2872000,24.72,30.64,27.16,25.92,40.18
2873000,24.88,30.42,27.7,25.2,40.87
2874000,25.45,30.31,28.1,25.07,41.07
2875000,25.68,30.22,28.46,24.93,41.57
2876000,25.92,29.26,28.64,25.4,41.38
2877000,25.74,29.14,29.06,25.49,41.02
2878000,26.14,28.95,29.04,25.69,41.01
2879000,27.39,29.45,29.64,25.72,40.88
2880000,27.48,29.64,29.61,26.01,40.65
2881000,27.17,29.54,30.52,25.73,40.56
2882000,27.23,29.79,30.09,25.97,40.72
2883000,27.29,29.6,30.22,26.3,41.45
2884000,27.72,29.47,30.49,26.73,41.93
2885000,28.04,28.62,30.52,26.76,42.37
2886000,27.06,29.32,30.35,27.0,41.9
2887000,26.24,30.41,30.68,27.85,41.94
2888000,25.08,30.92,30.94,28.01,41.93
2889000,25.36,30.7,30.73,29.71,40.53
2890000,25.98,30.76,31.43,29.68,40.56
2891000,26.42,30.76,32.0,29.86,41.16
2892000,26.63,29.85,32.03,29.96,41.14
2893000,27.33,29.32,32.41,30.65,40.32
2894000,27.91,29.07,32.48,30.56,40.0
2895000,27.88,28.41,32.63,31.75,38.62
2896000,28.19,28.42,32.58,32.19,37.72
2897000,28.12,28.21,31.87,33.52,36.79
2898000,28.6,27.64,32.29,34.24,36.89
2899000,28.6,27.68,32.42,34.54,36.22
2900000,28.58,28.03,31.81,34.82,36.13
2901000,29.78,28.16,31.49,35.72,34.88
2902000,29.99,27.76,31.06,36.45,34.71
2903000,29.43,26.89,30.19,37.09,35.46
2904000,29.96,27.08,29.58,38.52,35.68
2905000,30.16,26.94,29.2,39.71,35.99
2906000,30.14,27.47,28.91,39.55,35.96
2907000,29.99,27.27,29.28,40.1,36.21
2908000,29.9,26.95,27.79,40.52,36.56
2909000,29.93,27.03,27.72,41.44,36.79
2910000,30.35,26.81,28.18,41.57,37.01
2911000,29.84,26.03,27.92,42.76,35.88
2912000,30.28,26.23,27.92,43.25,34.95
2913000,30.69,26.7,27.64,43.96,34.89
2914000,30.82,26.93,27.83,44.93,34.86
2915000,30.66,27.36,27.34,45.11,34.56
2916000,30.62,27.94,27.22,45.96,35.22
2917000,30.18,27.93,27.96,46.37,36.59
2918000,30.16,28.27,28.03,47.02,37.13
2919000,29.93,28.09,28.53,47.16,38.34
2920000,28.97,28.57,29.13,47.39,36.96
2921000,29.22,28.81,29.0,47.63,37.58
2922000,27.95,28.58,28.97,48.66,37.02
2923000,27.27,28.82,29.09,49.0,38.41
2924000,27.24,29.25,29.34,49.92,39.16
2925000,27.04,29.65,29.84,49.96,39.36
2926000,26.78,29.43,30.2,48.75,38.99
2927000,26.38,29.98,30.3,48.54,39.03
2928000,26.57,30.65,31.24,48.68,38.5
2929000,26.1,30.98,31.77,48.59,38.53
2930000,25.54,31.38,32.24,49.8,39.11
2931000,25.85,31.65,32.14,50.8,39.65
2932000,26.31,32.03,32.23,51.75,38.65
2933000,26.39,32.01,32.26,52.72,38.06
2934000,25.63,31.73,32.42,53.05,37.54
2935000,25.26,31.72,31.85,52.18,37.82
2936000,24.7,32.48,31.73,52.62,37.08
2937000,24.65,33.42,31.54,52.04,37.56
2938000,23.74,33.58,31.77,51.66,37.09
2939000,23.3,33.46,31.72,52.89,38.19
2940000,23.18,33.44,32.35,54.02,38.87
2941000,22.55,34.65,32.21,54.62,39.4
2942000,22.37,34.43,31.73,54.79,39.61
2943000,21.54,34.36,32.21,55.51,39.91
2944000,20.83,34.35,32.3,54.28,39.72
2945000,20.6,34.39,32.31,53.78,40.43
2946000,19.98,34.31,32.55,51.94,39.44
2947000,19.58,33.99,32.4,52.55,39.12
2948000,19.0,34.58,32.35,53.19,39.84
2949000,19.21,34.77,32.59,53.85,39.44
2950000,19.68,34.34,32.21,54.39,39.86
2951000,19.88,34.12,31.83,53.67,41.32
2952000,19.82,34.01,31.22,52.55,41.63
2953000,20.3,33.82,31.17,52.42,41.93
2954000,21.19,34.07,30.63,51.43,42.01
2955000,21.38,34.15,30.57,51.5,40.92
2956000,21.63,33.89,30.44,50.2,41.27
2957000,21.41,33.56,30.7,48.8,41.77
2958000,22.14,33.67,31.5,48.04,42.33
2959000,21.58,33.97,31.63,46.98,42.99
2960000,22.15,33.94,31.91,47.67,43.7
2961000,22.63,34.28,32.43,47.79,43.75
2962000,23.32,33.82,32.58,46.38,44.27
2963000,24.02,34.09,32.45,46.56,45.08
2964000,23.99,33.8,33.0,45.82,45.8
2965000,24.89,33.1,32.55,43.26,44.89
2966000,25.32,32.07,32.89,41.5,45.84
2967000,25.21,32.05,31.74,40.93,46.46
2968000,24.93,30.89,32.67,39.21,45.89
2969000,25.44,30.2,32.9,36.88,45.94
2970000,25.4,30.52,32.99,36.02,45.91
2971000,25.09,30.68,31.87,35.18,45.9
2972000,25.05,30.27,32.2,34.85,44.5
2973000,24.59,29.39,32.49,34.44,42.68
2974000,23.76,29.47,32.18,33.93,42.88
2975000,23.94,29.37,32.42,31.36,42.98
2976000,23.6,29.55,32.22,30.97,42.97
2977000,23.84,29.48,32.51,29.61,43.13
2978000,23.28,29.82,32.3,28.87,42.22
2979000,23.62,29.27,32.5,29.42,42.98
2980000,22.42,29.21,32.84,29.81,42.74
2981000,21.21,28.97,33.14,29.64,44.08
2982000,20.61,29.47,33.4,29.82,43.36
2983000,19.65,28.3,32.95,27.59,42.71
2984000,19.48,27.59,33.29,27.25,42.59
2985000,18.89,27.52,34.03,27.65,42.33
2986000,18.3,27.24,33.16,27.66,43.07
2987000,18.03,27.26,33.19,27.56,43.54
2988000,18.64,27.12,32.91,27.22,43.13
2989000,18.18,27.25,32.96,27.14,43.56
2990000,18.21,27.01,33.36,27.66,41.97
2991000,18.18,27.12,32.85,27.54,42.76
2992000,18.93,26.31,33.35,26.76,41.2
2993000,18.96,25.98,32.73,27.02,40.97
2994000,19.07,26.0,32.64,27.12,40.45
2995000,19.35,25.93,32.55,27.95,40.62
2996000,20.02,26.23,33.38,28.57,39.48
2997000,20.59,25.91,33.34,28.84,38.64
2998000,20.67,25.87,32.05,29.07,39.62
2999000,21.07,26.25,32.43,29.65,40.48
3000000,21.41,26.46,31.78,29.74,41.39
3001000,22.06,26.05,32.36,30.24,41.16
3002000,22.43,25.63,31.43,30.38,41.37
3003000,23.09,26.17,30.65,31.1,41.65
3004000,23.88,26.29,30.28,31.34,41.87
3005000,24.07,26.19,29.85,32.74,42.66
3006000,24.92,26.51,29.23,33.17,42.76
3007000,25.18,26.75,28.75,34.18,42.94
3008000,25.97,26.71,28.7,33.86,43.19
3009000,25.59,27.36,28.14,34.62,43.48
3010000,26.68,27.02,27.97,34.62,43.94
3011000,27.17,27.58,28.05,35.96,44.11
3012000,27.47,27.74,27.9,36.63,43.86
3013000,27.67,28.2,28.63,36.56,42.09
3014000,27.23,28.42,29.0,37.03,41.53
3015000,26.9,28.62,28.58,37.65,42.2
3016000,26.28,28.93,28.12,38.27,42.04
3017000,25.99,29.27,28.09,39.4,40.59
3018000,25.98,29.07,27.48,40.14,40.62
3019000,25.66,28.97,28.0,40.85,40.53
3020000,25.24,28.09,28.74,41.81,40.41
3021000,25.1,29.4,28.29,42.0,41.3
3022000,24.61,29.23,28.22,41.75,42.66
3023000,24.04,28.9,27.78,43.51,42.55
3024000,23.12,28.83,28.39,43.91,42.73
3025000,22.18,29.61,29.13,44.08,43.02
3026000,21.56,30.3,28.76,44.73,43.94
3027000,21.41,30.61,28.86,44.7,43.89
3028000,19.98,31.07,28.8,44.3,44.26
3029000,19.31,30.48,27.68,43.82,44.56
3030000,19.16,30.19,27.81,44.31,44.25
3031000,18.88,30.16,28.39,44.63,44.95
3032000,19.08,30.33,28.23,45.32,45.17
3033000,19.65,29.76,28.52,45.82,44.55
3034000,19.63,29.29,28.33,45.45,44.88
3035000,19.57,28.9,28.02,46.17,44.28
3036000,19.69,28.83,27.83,46.21,45.03
3037000,19.75,28.9,28.2,46.83,45.38
3038000,20.08,28.18,28.02,45.68,45.86
3039000,20.53,27.76,28.09,45.21,45.01
3040000,20.94,28.04,28.02,43.09,44.27
3041000,21.25,27.82,27.58,43.35,43.98
3042000,21.33,28.06,27.77,42.67,43.15
3043000,21.62,28.12,28.0,43.51,43.58
3044000,22.39,28.51,28.17,42.9,44.26
3045000,23.11,28.32,27.93,42.45,44.5
3046000,23.54,28.2,28.44,43.65,45.4
3047000,24.04,28.27,27.97,43.88,46.36
3048000,24.43,27.99,28.32,44.13,46.77
3049000,24.67,27.35,28.68,44.47,47.29
3050000,25.19,28.08,28.75,44.29,46.28
3051000,25.75,27.63,29.2,43.65,45.73
3052000,26.19,27.75,29.31,43.56,46.74
3053000,26.67,27.61,29.8,43.91,46.86
3054000,27.3,27.96,30.34,43.21,46.92
3055000,27.73,28.88,30.51,43.5,46.98
3056000,28.22,28.88,31.23,42.7,45.35
3057000,28.2,29.19,30.14,42.84,45.67
3058000,28.73,29.23,29.97,42.8,45.42
3059000,29.22,29.58,29.68,42.84,46.35
3060000,29.89,29.57,30.21,43.95,46.65
3061000,29.67,29.58,30.3,44.54,47.08
3062000,30.14,28.96,29.63,45.22,45.81
3063000,31.15,29.38,29.23,45.94,45.06
3064000,30.91,29.62,29.43,46.32,45.33
3065000,30.36,29.96,28.91,47.13,45.12
3066000,30.71,29.96,28.8,46.49,44.26
3067000,30.79,29.91,28.78,46.88,44.94
3068000,31.46,29.96,28.86,47.5,44.51
3069000,31.7,30.25,27.76,46.78,45.42
3070000,31.7,30.26,26.77,46.72,45.44
3071000,31.73,29.63,25.28,45.84,46.83
3072000,31.72,30.26,25.15,46.21,46.65
3073000,31.72,30.88,25.32,45.52,47.31
3074000,31.04,30.83,24.0,45.97,47.33
3075000,30.31,29.71,22.62,47.19,46.79
3076000,29.92,29.54,22.63,47.56,47.13
3077000,30.11,29.0,22.42,48.41,48.17
3078000,30.2,28.81,21.95,49.08,49.11
3079000,29.65,28.34,21.92,49.55,49.36
3080000,29.01,27.96,22.56,50.73,47.54
3081000,29.24,27.9,22.58,50.95,47.7
3082000,29.48,28.53,22.73,51.19,47.69
3083000,29.26,28.8,22.47,50.43,46.12
3084000,29.2,29.15,22.81,49.36,46.12
3085000,29.39,29.68,23.11,49.49,47.47
3086000,29.65,29.61,23.58,49.71,48.18
3087000,28.96,30.4,23.85,48.96,48.58
3088000,29.63,30.16,23.82,48.21,48.67
3089000,30.11,30.05,24.05,48.55,49.1
3090000,30.23,30.31,24.95,48.72,49.83
3091000,29.94,30.23,25.16,48.59,48.87
3092000,29.84,30.82,25.29,47.81,48.56
3093000,30.21,30.78,24.68,48.3,48.5
3094000,30.0,31.4,24.93,49.19,50.22
3095000,29.94,31.39,25.34,49.35,49.74
3096000,29.24,31.92,25.81,48.63,50.17
3097000,29.14,32.06,26.17,48.02,49.78
3098000,29.88,32.27,26.57,47.92,49.15
3099000,30.1,32.85,26.31,46.85,48.92
3100000,30.62,32.05,25.76,46.86,48.74
3101000,31.14,31.68,25.92,46.11,49.41
3102000,30.96,31.64,26.2,46.62,49.96
3103000,31.15,31.61,26.47,45.74,50.2
3104000,31.51,32.12,26.45,45.0,49.53
3105000,31.93,32.66,26.24,45.09,48.37
3106000,32.17,32.68,26.19,45.81,46.88
3107000,31.23,32.66,26.13,46.1,46.41
3108000,30.41,32.44,26.08,46.79,45.96
3109000,30.3,33.22,26.26,46.43,46.39
3110000,30.98,32.13,25.97,46.91,46.73
3111000,30.47,31.67,26.53,46.2,44.71
3112000,30.05,31.6,26.78,45.15,44.78
3113000,29.55,31.38,27.17,44.31,45.06
3114000,29.86,31.31,27.16,44.08,45.66
3115000,30.16,31.55,27.23,44.73,45.86
3116000,29.8,31.71,27.57,44.12,44.78
3117000,29.47,32.22,27.54,43.7,44.46
3118000,29.87,30.75,27.79,43.4,43.7
3119000,30.44,30.96,27.7,42.26,43.67
3120000,30.29,30.18,27.79,41.66,44.37
3121000,30.75,30.48,28.37,41.38,44.43
3122000,31.27,30.39,28.37,41.19,44.45
3123000,30.33,29.91,28.47,40.33,43.62
3124000,30.76,29.7,28.1,39.34,43.84
3125000,31.23,29.63,28.57,37.9,43.36
3126000,31.84,29.89,28.41,37.99,42.48
3127000,32.34,29.51,28.54,38.3,42.12
3128000,32.33,30.09,28.2,37.67,41.58
3129000,31.85,29.93,28.05,37.9,41.43
3130000,32.53,29.68,28.34,38.3,42.51
3131000,32.33,29.68,28.64,38.28,42.48
3132000,32.67,30.17,28.75,37.96,43.29
3133000,32.84,30.16,29.29,38.57,43.6
3134000,33.58,30.22,28.33,38.53,43.28
3135000,34.43,30.42,29.11,39.98,42.65
3136000,34.91,30.71,29.34,39.73,42.39
3137000,35.13,31.02,29.89,39.95,43.6
3138000,34.23,30.22,29.86,39.72,43.79
3139000,33.84,30.08,30.15,39.98,43.82
3140000,33.81,29.23,29.64,40.23,43.94
3141000,32.93,29.24,29.38,41.44,44.3
3142000,33.01,29.17,28.63,41.02,44.04
3143000,33.6,29.84,29.32,41.78,43.74
3144000,33.31,30.69,29.54,41.98,44.65
3145000,33.22,31.17,29.98,42.27,45.25
3146000,33.31,31.25,29.96,42.01,45.01
3147000,31.89,31.72,30.48,42.91,44.97
3148000,32.26,32.34,30.59,42.87,45.71
3149000,31.96,31.47,30.91,43.35,45.71
3150000,31.1,32.03,31.06,43.98,45.37
3151000,29.39,31.46,31.26,44.69,45.6
3152000,29.25,31.25,30.54,45.45,45.98
3153000,28.5,30.79,30.52,46.23,45.74
3154000,28.67,31.43,30.54,46.37,44.44
3155000,28.61,31.65,29.72,46.88,43.46
3156000,28.86,31.74,29.82,48.02,42.71
3157000,28.22,32.03,30.35,48.16,43.4
3158000,26.71,31.33,30.59,49.08,42.65
3159000,26.58,31.94,29.75,49.24,43.11
3160000,26.65,31.55,29.99,50.11,43.1
3161000,27.57,30.99,30.07,50.78,42.25
3162000,28.0,30.42,30.14,51.24,41.63
3163000,28.08,30.1,30.69,51.75,41.49
3164000,28.68,30.5,31.5,52.44,41.74
3165000,28.64,31.11,32.29,52.17,42.09
3166000,29.44,31.55,33.0,52.49,41.75
3167000,29.19,31.78,32.57,51.31,42.05
3168000,28.62,31.96,31.84,52.01,41.91
3169000,28.11,32.54,31.7,52.72,40.75
3170000,28.27,32.25,31.72,50.63,41.23
3171000,28.63,31.53,31.4,51.05,41.35
3172000,29.06,31.35,30.77,50.72,42.25
3173000,29.07,30.26,30.45,49.79,42.62
3174000,29.87,30.61,30.31,49.33,43.05
3175000,30.18,31.08,30.44,49.73,43.56
3176000,30.27,31.35,30.28,48.72,44.15
3177000,30.56,31.84,29.68,48.86,43.93
3178000,30.08,31.91,29.33,48.62,42.6
3179000,29.89,32.39,28.96,48.51,42.12
3180000,29.4,32.38,28.88,48.57,42.99
3181000,29.09,31.73,29.39,48.37,42.83
3182000,29.7,31.35,30.04,47.9,42.76
3183000,29.84,31.33,29.9,48.53,42.03
3184000,30.57,30.82,29.23,48.77,42.09
3185000,29.6,31.37,29.07,48.8,42.09
3186000,30.03,31.19,27.8,46.74,42.75
3187000,30.15,30.94,27.34,44.05,43.25
3188000,31.39,30.88,27.81,43.45,43.27
3189000,31.01,31.4,28.94,42.28,44.02
3190000,31.95,31.39,29.95,41.8,42.62
3191000,31.66,31.67,30.84,42.08,42.3
3192000,31.46,31.16,30.34,42.2,42.38
3193000,31.7,31.46,30.44,41.58,42.47
3194000,31.97,32.11,30.79,39.51,43.77
3195000,31.6,31.0,30.94,39.62,43.92
3196000,31.6,30.8,32.03,40.13,44.09
3197000,31.4,31.15,32.48,41.0,44.01
3198000,30.65,31.3,32.27,41.24,43.24
3199000,30.48,31.35,32.26,39.56,43.25
3200000,30.59,32.2,33.05,39.82,44.39
3201000,30.5,32.51,32.91,40.42,44.39
3202000,31.48,31.4,32.75,39.32,44.97
3203000,31.36,31.46,33.2,38.4,45.22
3204000,32.11,31.83,33.95,37.34,45.85
3205000,32.67,31.49,34.26,36.88,44.31
3206000,32.96,31.64,34.57,36.09,45.07
3207000,32.85,32.08,34.22,36.0,44.74
3208000,33.56,32.18,33.83,35.96,44.02
3209000,34.05,32.67,32.96,35.62,43.42
3210000,34.04,32.87,32.44,36.69,42.7
3211000,34.49,32.67,31.98,35.89,43.05
3212000,33.79,33.51,31.95,35.12,43.24
3213000,34.33,33.37,31.87,35.3,43.08
3214000,34.73,33.33,30.42,36.13,42.92
3215000,34.62,33.23,30.04,36.8,42.51
3216000,34.69,33.65,29.87,36.95,43.22
3217000,33.15,33.92,29.57,37.62,42.29
3218000,33.26,33.23,28.34,38.32,41.96
3219000,32.43,32.84,27.01,36.68,41.99
3220000,32.16,33.37,27.69,36.48,42.35
3221000,32.87,33.7,28.14,36.35,42.28
3222000,33.41,32.6,27.82,36.77,42.48
3223000,33.96,32.79,28.1,36.59,42.64
3224000,34.12,32.79,28.82,34.71,42.89
3225000,34.91,32.91,29.16,35.33,43.54
3226000,35.49,32.75,29.04,36.22,42.76
3227000,35.84,31.97,28.58,37.17,43.42
3228000,36.37,32.04,28.56,35.88,43.92
3229000,36.34,32.37,28.95,36.83,43.44
3230000,35.91,32.36,28.79,37.06,43.44
3231000,35.27,32.23,28.78,37.38,44.02
3232000,34.29,31.77,29.16,38.2,44.16
3233000,33.92,31.81,29.92,38.38,43.43
3234000,32.78,32.04,30.23,39.71,41.97
3235000,33.02,31.56,30.68,39.03,41.69
3236000,33.11,31.57,30.78,39.88,41.31
3237000,33.65,32.23,30.0,40.61,41.64
3238000,33.69,32.16,29.2,40.87,41.0
3239000,34.03,31.56,28.9,40.76,41.05
3240000,34.55,31.42,29.16,38.91,41.28
3241000,34.18,31.21,29.18,38.67,42.34
3242000,34.66,31.69,29.49,38.8,42.03
3243000,34.76,32.14,29.39,39.08,42.72
3244000,34.29,32.42,29.02,39.78,42.9
3245000,35.21,32.43,28.89,39.5,42.85
3246000,35.88,32.88,28.43,39.87,42.25
3247000,36.49,33.52,28.95,41.04,42.24
3248000,36.54,33.4,28.97,40.59,42.94
3249000,37.39,33.23,29.37,40.19,42.91
3250000,37.64,33.25,30.14,40.48,43.52
3251000,38.13,32.89,30.31,41.74,44.18
3252000,37.4,32.74,30.79,41.97,43.69
3253000,36.78,33.01,31.11,42.14,43.0
3254000,36.61,32.71,30.99,42.34,43.09
3255000,35.8,33.31,31.54,42.0,42.84
3256000,36.38,32.61,31.14,42.2,43.64
3257000,36.77,32.95,30.65,43.03,43.61
3258000,36.21,32.74,30.87,42.3,43.27
3259000,37.0,32.54,31.31,41.29,43.57
3260000,36.42,32.91,30.89,42.46,44.14
3261000,36.91,31.8,30.68,42.51,42.82
3262000,37.05,31.69,30.85,41.68,43.65
3263000,37.06,31.83,31.41,42.52,43.77
3264000,37.72,31.2,30.45,42.99,42.33
3265000,38.13,31.27,30.25,43.7,43.22
3266000,37.66,31.18,30.41,44.22,42.95
3267000,38.19,30.57,29.83,44.39,43.54
3268000,38.11,30.49,29.67,43.99,43.29
3269000,37.24,30.71,29.52,44.79,43.89
3270000,37.14,30.7,29.09,43.06,43.28
3271000,36.58,30.5,28.67,43.5,42.22
3272000,36.09,30.04,27.37,43.71,40.98
3273000,36.35,29.27,27.72,43.63,39.73
3274000,35.07,29.72,26.91,44.27,40.14
3275000,34.85,30.04,25.71,45.08,39.71
3276000,35.27,30.24,25.56,44.66,39.22
3277000,35.8,30.33,26.08,45.6,39.79
3278000,35.51,29.76,25.97,45.55,40.26
3279000,36.42,30.47,25.93,45.25,39.79
3280000,36.69,30.76,25.48,45.06,39.64
3281000,36.17,30.75,25.93,44.14,39.12
3282000,36.17,31.42,26.19,44.86,39.83
3283000,36.29,31.1,26.54,45.42,40.17
3284000,37.63,30.93,26.94,45.67,40.87
3285000,38.12,31.34,26.56,44.99,41.1
3286000,37.89,31.11,27.07,45.24,41.59
3287000,38.4,31.26,26.37,44.94,41.53
3288000,38.75,31.91,26.34,45.18,41.22
3289000,39.08,31.72,26.66,45.86,41.92
3290000,39.55,31.83,26.36,45.42,42.53
3291000,39.59,31.39,26.57,46.12,42.3
3292000,39.57,31.13,26.54,46.77,41.58
3293000,39.2,31.82,26.98,47.61,40.17
3294000,39.9,31.81,26.43,48.91,40.38
3295000,40.66,31.71,26.54,49.52,40.57
3296000,40.3,31.85,27.23,49.2,39.38
3297000,40.43,31.07,27.71,49.69,39.99
3298000,39.1,31.6,27.17,49.66,39.66
3299000,39.6,31.74,27.62,49.08,40.1
3300000,39.45,31.86,27.68,49.06,39.62
3301000,39.69,31.37,27.45,48.96,39.73
3302000,39.72,31.16,27.05,48.01,40.59
3303000,41.19,31.39,27.21,45.83,40.5
3304000,41.2,31.24,27.19,46.55,41.24
3305000,40.84,30.24,27.34,46.2,41.54
3306000,41.34,30.34,26.75,46.59,40.73
3307000,41.13,30.37,27.19,45.89,40.08
3308000,41.33,30.46,27.72,45.44,40.34
3309000,41.15,30.15,27.3,44.82,40.11
3310000,40.56,29.7,27.4,45.32,39.88
3311000,39.04,29.4,27.71,45.87,40.35
3312000,38.68,29.26,28.03,45.19,41.16
3313000,38.01,28.6,27.58,44.97,40.3
3314000,38.6,28.98,27.04,45.3,40.51
3315000,38.11,29.12,27.27,46.08,39.79
3316000,37.67,28.87,27.2,46.44,39.96
3317000,36.97,29.09,27.18,46.93,40.24
3318000,36.18,28.27,26.62,45.38,40.38
3319000,36.61,27.83,26.89,44.77,40.75
3320000,36.04,27.95,26.34,45.24,39.35
3321000,36.66,28.17,26.64,45.17,39.21
3322000,36.62,28.11,26.58,44.39,40.12
3323000,37.75,28.89,27.28,44.67,40.36
3324000,36.72,28.46,27.19,44.3,41.32
3325000,37.15,28.36,27.18,44.49,42.24
3326000,37.2,29.19,27.09,42.64,42.98
3327000,36.93,28.73,27.57,42.06,43.49
3328000,38.09,28.95,28.13,40.78,43.07
3329000,37.92,29.19,27.58,42.3,42.49
3330000,37.8,29.48,27.9,40.33,42.76
3331000,39.11,28.99,28.13,40.98,42.29
3332000,38.98,28.68,27.99,41.26,43.13
3333000,39.34,28.55,27.83,41.4,43.87
3334000,38.54,29.38,27.54,41.89,43.91
3335000,38.67,29.68,27.71,42.25,44.41
3336000,38.89,29.53,27.55,41.91,43.59
3337000,38.93,29.27,27.99,42.37,44.67
3338000,38.1,30.3,27.52,42.67,44.86
3339000,36.45,31.15,27.64,42.94,44.2
3340000,36.68,30.74,28.15,43.67,44.71
3341000,37.8,30.34,28.14,44.45,44.73
3342000,38.46,31.22,28.67,44.83,43.95
3343000,39.38,31.4,28.58,44.54,45.42
3344000,39.66,32.04,28.71,44.61,45.61
3345000,40.37,32.52,29.16,43.09,44.9
3346000,39.43,32.84,29.39,42.78,44.45
3347000,39.88,33.33,29.71,43.98,44.94
3348000,39.1,33.33,29.9,43.25,45.32
3349000,39.32,33.33,29.68,43.25,45.98
3350000,38.15,33.07,29.63,44.28,45.73
3351000,37.88,33.28,29.16,42.81,47.11
3352000,36.86,33.8,28.75,42.68,45.88
3353000,35.6,33.8,29.08,42.66,45.43
3354000,34.18,34.46,29.55,43.23,45.91
3355000,33.97,33.66,29.98,43.28,45.91
3356000,34.32,33.91,30.22,42.81,46.3
3357000,34.54,33.78,31.06,43.49,47.05
3358000,34.55,34.28,31.61,44.4,47.24
3359000,34.3,34.02,31.4,43.41,47.13
3360000,33.02,34.01,31.39,43.03,47.03
3361000,32.68,33.77,31.52,43.61,48.21
3362000,33.19,34.04,31.14,43.74,47.0
3363000,32.87,34.01,31.52,43.8,46.33
3364000,32.82,34.34,31.34,44.1,46.72
3365000,33.02,34.49,31.04,44.57,47.66
3366000,33.34,33.68,30.67,44.42,48.38
3367000,33.86,33.45,30.7,45.33,48.39
3368000,33.52,33.03,30.55,45.07,48.91
3369000,32.63,33.73,29.7,45.15,47.34
3370000,31.21,34.16,29.23,45.46,46.96
3371000,30.77,34.35,29.93,45.66,47.41
3372000,30.42,34.3,30.35,44.65,45.72
3373000,30.54,33.68,30.2,45.19,44.82
3374000,30.36,33.65,30.64,45.43,44.89
3375000,31.11,33.51,31.03,44.53,45.89
3376000,31.6,32.68,30.34,45.16,46.15
3377000,31.79,33.06,30.82,44.94,46.31
3378000,31.83,33.31,31.17,45.15,46.56
3379000,32.37,33.91,30.83,45.74,46.32
3380000,32.34,33.46,30.43,46.13,47.07
3381000,33.21,31.87,29.69,47.04,47.61
3382000,32.6,32.07,29.8,45.02,47.84
3383000,32.92,32.18,30.39,45.04,47.38
3384000,32.62,32.71,29.53,44.48,46.13
3385000,32.81,31.9,29.9,45.05,46.35
3386000,32.54,31.08,29.67,45.22,45.2
3387000,32.91,31.65,29.3,45.77,44.88
3388000,33.04,30.73,28.8,45.35,43.84
3389000,33.13,29.83,28.85,44.74,43.5
3390000,32.97,29.82,29.18,45.24,43.97
3391000,32.93,29.91,29.37,46.08,43.36
3392000,32.68,30.15,28.98,45.86,42.77
3393000,33.04,29.94,28.85,45.66,42.16
3394000,32.39,29.54,28.54,46.54,42.4
3395000,32.37,28.86,28.62,46.8,43.38
3396000,32.43,29.32,28.75,47.4,43.11
3397000,33.12,29.14,28.56,47.98,42.59
3398000,32.9,29.4,29.14,48.02,42.6
3399000,32.91,29.81,29.01,48.51,42.02
3400000,32.31,29.75,29.01,47.79,42.2
3401000,33.41,29.97,28.78,47.98,42.6
3402000,32.89,29.55,28.73,48.86,43.55
3403000,32.11,28.22,29.33,49.79,44.4
3404000,32.11,28.0,30.03,48.88,43.79
3405000,31.53,28.35,30.26,48.2,44.01
3406000,32.03,26.99,30.87,48.42,45.28
3407000,31.54,27.29,31.41,49.11,46.0
3408000,30.39,27.32,31.56,49.22,46.0
3409000,31.11,27.94,32.29,49.77,46.25
3410000,30.45,28.87,32.33,50.46,46.28
3411000,30.23,29.16,32.53,50.94,46.64
3412000,30.71,29.04,32.38,51.16,46.95
3413000,30.93,29.24,31.83,50.65,46.13
3414000,30.93,29.83,30.89,50.52,45.73
3415000,30.96,30.14,30.46,50.79,44.8
3416000,30.8,30.17,29.87,51.07,45.17
3417000,31.03,29.94,29.89,51.04,45.62
3418000,31.28,30.06,29.11,50.72,45.59
3419000,31.34,30.76,29.92,50.67,46.26
3420000,30.19,31.04,29.45,50.73,47.63
3421000,29.91,31.04,28.57,51.52,47.92
3422000,30.35,30.32,27.52,51.66,47.99
3423000,30.36,29.64,26.81,52.18,48.74
3424000,30.46,29.51,26.08,52.07,48.14
3425000,31.24,29.91,25.22,52.27,48.09
3426000,30.45,29.85,25.56,52.52,46.96
3427000,30.77,29.89,24.86,53.0,47.6
3428000,31.63,30.51,23.21,53.3,46.48
3429000,31.64,31.06,23.73,52.6,46.5
3430000,31.85,31.21,24.53,52.93,45.97
3431000,32.35,31.96,24.72,52.9,45.72
3432000,32.92,32.34,25.09,53.24,46.03
3433000,32.61,32.57,25.36,53.94,46.26
3434000,32.75,32.14,26.22,54.07,46.76
3435000,31.67,32.36,26.95,52.85,47.03
3436000,31.11,32.54,27.4,52.7,47.11
3437000,30.63,31.46,28.1,53.17,45.15
3438000,28.75,31.92,27.78,53.17,45.86
3439000,28.42,32.04,28.24,52.94,45.7
3440000,27.84,32.41,27.86,52.6,45.51
3441000,28.57,32.49,28.07,52.6,45.5
3442000,28.74,32.26,28.73,52.66,45.74
3443000,28.24,32.32,29.17,52.08,46.23
3444000,28.47,33.09,29.67,52.17,44.3
3445000,29.2,33.47,30.58,52.73,43.94
3446000,28.98,33.89,30.64,50.9,44.04
3447000,29.58,33.98,31.39,48.97,44.53
3448000,29.49,34.2,31.52,49.72,44.12
3449000,29.87,34.25,30.67,49.73,44.42
3450000,30.5,34.16,31.22,49.66,44.65
3451000,30.34,34.69,31.17,48.14,44.53
3452000,30.4,34.69,32.28,46.14,44.87
3453000,29.51,35.65,33.39,44.51,44.3
3454000,29.08,35.49,33.35,44.23,43.44
3455000,28.0,35.76,33.31,44.19,42.4
3456000,26.92,35.04,33.52,44.41,43.32
3457000,26.47,34.6,33.54,45.67,44.13
3458000,26.13,34.46,33.27,45.46,44.08
3459000,26.41,33.77,33.4,44.83,44.52
3460000,26.57,34.2,33.14,45.01,44.51
3461000,26.66,33.32,32.24,45.87,44.36
3462000,26.71,33.53,32.38,45.87,44.26
3463000,26.47,33.34,33.02,46.28,44.18
3464000,25.87,33.63,33.89,46.05,44.83
3465000,25.99,33.44,34.14,45.96,45.77
3466000,25.8,33.42,34.79,45.93,45.66
3467000,25.85,33.05,35.12,44.94,45.18
3468000,25.81,32.72,34.34,43.63,45.74
3469000,26.05,32.42,34.72,43.78,44.59
3470000,25.62,31.93,33.64,43.19,44.62
3471000,24.81,32.09,33.61,43.68,45.51
3472000,23.97,31.87,34.49,42.93,45.46
3473000,24.43,31.25,33.26,42.97,45.87
3474000,24.9,31.32,34.12,42.25,44.55
3475000,25.43,31.2,34.48,42.21,44.29
3476000,25.7,31.15,34.81,41.91,44.85
3477000,26.29,30.62,34.64,43.31,44.29
3478000,26.47,30.36,32.87,42.38,45.26
3479000,26.9,30.89,33.0,42.74,45.61
3480000,27.66,30.5,33.57,43.31,45.65
3481000,28.06,31.26,33.86,43.55,44.54
3482000,28.2,31.76,33.08,43.62,45.44
3483000,28.43,31.99,33.1,43.09,46.13
3484000,29.0,32.09,33.09,43.92,46.43
3485000,29.41,32.33,32.87,44.44,45.6
3486000,29.71,32.65,32.9,44.97,46.3
3487000,30.39,32.38,32.2,45.05,46.87
3488000,30.72,32.16,31.53,45.77,46.26
3489000,31.01,32.39,30.42,47.05,46.43
3490000,31.38,32.1,29.47,47.88,46.65
3491000,30.81,32.24,30.22,47.41,46.97
3492000,31.35,32.34,30.32,47.68,46.96
3493000,31.77,32.74,30.72,48.35,48.28
3494000,32.08,32.54,31.76,48.14,48.36
3495000,32.04,31.95,32.01,48.85,48.18
3496000,32.49,32.02,32.03,49.3,48.5
3497000,33.08,32.76,31.18,49.61,48.21
3498000,33.14,33.34,31.45,49.05,47.32
3499000,32.81,33.11,31.37,48.48,47.29
3500000,32.24,32.18,31.43,48.47,47.12
3501000,31.94,32.04,31.55,48.92,47.16
3502000,32.57,31.29,31.73,49.66,47.68
3503000,32.28,30.96,31.8,50.31,47.37
3504000,32.63,31.41,31.68,50.35,47.27
3505000,33.06,31.54,30.66,51.08,48.14
3506000,33.09,31.18,31.45,52.02,46.96
3507000,33.06,30.37,31.1,52.02,46.39
3508000,33.23,30.09,31.51,51.21,46.9
3509000,33.71,30.05,32.18,51.71,47.5
3510000,34.19,30.21,32.91,50.92,47.5
3511000,33.91,30.02,32.11,51.53,49.78
3512000,34.29,30.18,32.49,52.23,50.37
3513000,34.27,30.72,32.32,52.75,49.73
3514000,34.41,30.96,32.5,53.24,50.46
3515000,34.14,30.99,32.84,53.79,51.17
3516000,33.2,31.14,31.61,54.28,52.36
3517000,33.2,32.01,30.91,54.48,51.87
3518000,33.82,32.23,31.23,53.59,52.53
3519000,33.55,31.47,31.3,53.68,52.05
3520000,33.84,31.06,31.61,53.9,52.54
3521000,32.55,31.31,32.03,51.73,53.37
3522000,30.77,31.85,31.87,51.94,52.03
3523000,30.92,32.57,32.07,52.4,51.43
3524000,31.24,33.08,32.0,51.86,50.17
3525000,31.94,32.99,31.93,52.94,48.98
3526000,31.67,33.49,32.01,53.02,48.96
3527000,32.19,32.84,31.89,53.51,47.93
3528000,32.29,33.42,31.35,52.07,47.63
3529000,32.24,33.55,31.11,50.26,48.49
3530000,31.72,33.74,31.5,51.37,48.34
3531000,31.63,33.7,31.52,51.38,48.61
3532000,31.78,34.63,31.92,50.42,49.03
3533000,30.9,34.97,31.51,50.47,49.5
3534000,31.33,34.61,31.39,50.99,50.5
3535000,31.41,34.68,32.0,51.21,49.92
3536000,31.92,35.37,32.76,50.95,51.35
3537000,32.51,35.42,33.17,51.24,51.73
3538000,31.65,35.63,33.64,51.5,51.45
3539000,32.4,35.67,34.33,52.4,52.03
3540000,31.1,35.72,34.76,52.34,51.97
3541000,32.56,35.87,35.21,52.69,51.11
3542000,32.96,35.96,35.06,51.77,50.69
3543000,33.89,35.96,35.07,52.41,50.32
3544000,34.76,35.95,34.59,52.27,50.61
3545000,33.05,35.24,34.34,52.99,51.09
3546000,32.33,35.88,34.2,52.85,51.91
3547000,33.14,35.94,34.47,52.51,50.02
3548000,33.9,36.21,33.55,53.09,48.2
3549000,34.24,35.96,33.68,53.41,48.92
3550000,35.39,36.2,33.08,54.13,48.83
3551000,36.33,36.09,33.09,54.86,47.29
3552000,36.59,36.67,33.17,55.76,45.63
3553000,35.69,36.83,34.57,55.49,45.18
3554000,34.86,37.12,34.49,55.16,45.18
3555000,35.24,36.96,34.87,55.29,45.63
3556000,34.97,36.91,34.66,54.69,45.74
3557000,35.52,36.69,34.89,53.27,46.23
3558000,36.23,36.61,34.32,52.37,46.64
3559000,36.03,36.25,34.6,52.12,46.93
3560000,36.51,35.83,34.12,51.97,46.89
3561000,37.7,35.92,34.2,52.14,47.11
3562000,37.94,36.16,34.21,53.22,48.3
3563000,38.55,35.64,33.85,53.98,48.54
3564000,38.92,35.63,33.15,54.22,48.99
3565000,39.53,35.72,31.88,54.83,49.03
3566000,38.59,34.93,32.35,54.88,49.0
3567000,37.15,34.97,32.47,55.34,48.38
3568000,36.26,34.76,32.58,54.53,48.73
3569000,36.94,35.47,32.4,54.52,48.82
3570000,35.88,35.14,31.87,55.42,46.52
3571000,36.16,35.08,32.79,56.34,47.28
3572000,36.5,35.37,33.39,56.8,47.63
3573000,36.02,35.36,33.77,58.26,48.35
3574000,36.97,34.92,34.49,57.83,48.12
3575000,38.18,35.48,34.61,57.71,46.95
3576000,37.95,34.1,35.61,57.85,47.29
3577000,38.52,33.14,36.08,58.34,47.07
3578000,37.67,33.51,37.3,56.72,46.68
3579000,36.74,33.55,37.55,55.49,46.55
3580000,37.1,33.31,37.6,54.12,47.46
3581000,36.2,33.4,35.69,53.21,48.41
3582000,36.88,32.85,35.26,52.51,48.26
3583000,37.17,32.07,34.99,50.87,48.27
3584000,37.78,31.7,35.24,52.03,48.17
3585000,35.87,31.74,35.83,50.8,48.97
3586000,36.4,31.52,35.14,49.74,49.45
3587000,36.64,32.44,35.29,50.2,48.64
3588000,37.03,32.39,35.25,50.99,48.81
3589000,34.55,31.35,35.69,50.69,49.58
3590000,33.59,31.35,35.89,47.91,49.77
3591000,32.62,31.26,35.89,48.27,49.24
3592000,32.64,31.49,36.32,48.76,47.93
3593000,33.43,31.75,37.33,48.53,47.83
3594000,34.55,31.89,37.12,48.6,47.23
3595000,35.49,31.82,37.45,49.25,47.09
3596000,35.05,30.88,37.48,49.87,47.33
3597000,35.06,30.79,37.38,50.47,47.78
3598000,35.22,30.93,38.16,51.32,49.01
3599000,34.54,30.41,37.51,51.16,48.4
3600000,35.03,30.48,36.09,50.03,49.36
3601000,34.91,30.65,35.29,49.99,49.48
3602000,34.37,31.01,32.32,50.1,49.58
3603000,33.61,31.08,32.01,49.95,50.32
3604000,32.93,31.39,32.74,48.8,50.82
3605000,33.57,31.24,32.84,49.37,49.94
3606000,33.69,31.39,32.84,50.1,48.76
3607000,33.8,31.33,33.72,49.41,49.36
3608000,34.17,31.2,32.68,49.98,49.59
3609000,33.93,31.34,32.32,50.43,47.69
3610000,34.87,31.68,32.16,48.58,47.15
3611000,34.96,31.82,32.88,48.76,47.51
3612000,35.26,32.24,33.2,48.82,46.82
3613000,36.07,32.51,32.53,49.23,46.58
3614000,34.64,32.4,31.3,49.71,47.53
3615000,34.52,32.44,30.97,48.25,48.0
3616000,34.7,32.71,30.8,49.2,48.57
3617000,35.58,33.08,30.76,49.78,47.24
3618000,35.25,33.68,30.01,49.53,47.24
3619000,35.5,34.2,30.2,49.81,47.0
3620000,36.4,34.89,30.3,49.62,47.21
3621000,35.88,35.2,29.76,49.52,47.69
3622000,36.24,34.83,29.99,48.28,47.79
3623000,35.6,34.38,30.42,49.24,48.7
3624000,35.36,34.68,31.06,49.85,48.46
3625000,36.44,34.57,31.74,50.19,48.2
3626000,35.63,34.81,31.39,50.38,48.05
3627000,34.16,34.36,31.5,50.18,48.19
3628000,33.66,34.59,31.07,50.65,48.84
3629000,33.89,34.76,31.63,51.02,49.08
3630000,33.89,34.74,30.68,51.93,49.67
3631000,35.91,34.2,30.13,53.09,49.51
3632000,36.32,34.3,30.71,54.05,49.99
3633000,35.49,33.45,30.8,54.04,51.44
3634000,35.97,33.46,31.42,54.15,51.62
3635000,35.49,33.4,30.96,54.62,51.63
3636000,36.07,34.07,30.68,53.98,50.08
3637000,36.33,33.5,31.19,53.59,50.58
3638000,35.93,34.21,31.48,54.24,49.37
3639000,35.99,34.13,31.43,52.29,49.46
3640000,36.0,33.8,30.94,53.14,49.64
3641000,35.9,33.1,30.86,53.3,49.14
3642000,36.23,33.18,31.26,54.55,49.77
3643000,36.62,34.0,31.89,53.34,49.77
3644000,35.81,33.22,31.27,54.01,50.39
3645000,35.53,33.99,31.63,53.68,50.87
3646000,36.12,34.2,31.1,54.28,51.29
3647000,36.99,34.45,31.01,54.54,50.75
3648000,36.65,34.7,31.13,52.77,51.22
3649000,36.89,34.22,30.58,53.32,51.7
3650000,37.59,34.37,31.61,52.95,52.5
3651000,36.88,34.1,31.77,53.67,52.49
3652000,36.35,33.62,31.68,52.63,53.29
3653000,37.4,33.93,31.11,53.78,53.51
3654000,37.13,34.5,31.77,52.88,54.34
3655000,37.7,34.63,32.44,53.01,54.81
3656000,37.85,34.26,32.66,53.54,53.91
3657000,38.55,34.99,33.12,53.52,53.05
3658000,38.77,34.93,34.26,53.74,53.57
3659000,39.07,34.55,34.49,54.97,54.03
3660000,36.76,34.79,33.83,54.97,54.19
3661000,36.98,35.13,34.07,55.8,53.75
3662000,36.99,35.66,33.89,56.05,53.67
3663000,37.82,35.92,34.34,56.47,53.23
3664000,38.5,36.36,34.03,55.49,52.36
3665000,38.34,36.9,34.37,55.98,53.22
3666000,37.99,37.27,34.55,53.88,53.68
3667000,36.37,36.25,34.43,51.83,53.68
3668000,35.88,36.69,33.77,51.29,54.08
3669000,36.06,35.45,33.25,49.88,52.4
3670000,35.65,35.53,32.42,48.68,53.0
3671000,35.47,34.94,32.8,45.86,52.73
3672000,36.02,34.21,32.36,44.6,52.51
3673000,36.4,34.07,32.3,44.8,51.52
3674000,36.83,32.91,32.06,43.03,51.29
3675000,36.88,31.98,31.41,43.29,51.89
3676000,35.72,31.97,30.93,42.76,52.24
3677000,35.27,32.52,31.84,42.76,51.76
3678000,34.84,32.55,32.5,40.94,50.57
3679000,34.35,32.32,32.34,41.44,50.8
3680000,35.6,32.35,31.59,40.63,50.39
3681000,35.92,31.84,31.85,40.86,50.39
3682000,35.66,31.53,30.61,39.03,50.14
3683000,35.88,31.06,30.41,39.37,51.07
3684000,35.09,30.99,30.72,39.71,51.23
3685000,34.74,31.19,30.49,40.13,51.18
3686000,33.95,30.6,31.26,39.54,51.56
3687000,34.75,30.97,30.75,40.21,51.83
3688000,35.88,30.77,30.47,38.6,52.5
3689000,35.96,30.0,30.6,37.35,50.83
3690000,36.21,30.97,30.45,37.76,50.03
3691000,35.8,30.54,31.06,36.88,49.91
3692000,36.01,30.17,31.15,37.84,50.38
3693000,36.31,30.48,31.19,37.73,49.49
3694000,37.05,30.05,31.74,38.21,50.23
3695000,37.08,30.51,32.23,37.69,51.12
3696000,38.24,30.81,32.44,39.18,50.64
3697000,39.12,31.11,32.56,39.58,51.35
3698000,39.53,31.77,33.23,40.08,50.98
3699000,39.62,32.07,33.02,40.25,51.62
3700000,38.95,32.42,33.02,39.42,50.21
3701000,38.76,32.71,33.1,39.47,49.72
3702000,38.2,32.43,33.62,39.77,49.41
3703000,38.5,33.18,33.81,40.21,48.63
3704000,38.79,33.82,33.17,40.77,48.91
3705000,38.78,33.41,33.29,41.34,49.49
3706000,39.28,33.25,33.81,41.45,49.07
3707000,39.74,33.6,33.55,42.12,50.12
3708000,39.61,33.21,33.73,41.42,51.29
3709000,39.84,33.5,33.66,42.09,48.98
3710000,40.56,33.37,32.88,42.58,49.18
3711000,40.05,33.46,32.12,42.97,49.93
3712000,39.85,33.66,32.17,43.13,49.92
3713000,40.33,33.15,31.77,43.61,50.36
3714000,39.77,33.5,31.07,43.66,50.36
3715000,38.97,33.07,32.03,44.61,50.37
3716000,39.15,33.52,32.56,44.81,50.45
3717000,39.68,34.02,32.49,44.45,50.46
3718000,39.9,33.3,31.9,44.9,50.79
3719000,39.05,33.78,31.87,45.81,50.16
3720000,39.29,33.7,32.83,44.88,50.75
3721000,39.88,33.64,32.92,46.01,50.16
3722000,39.65,34.06,33.13,45.23,49.54
3723000,40.1,34.3,33.47,46.07,49.47
3724000,40.09,34.39,33.08,45.49,50.33
3725000,40.13,34.7,33.33,46.21,49.86
3726000,39.64,34.42,32.12,45.82,50.39
3727000,39.88,34.75,31.8,46.11,50.62
3728000,40.13,34.59,31.43,44.68,50.92
3729000,39.73,34.29,31.31,44.58,51.95
3730000,40.04,34.53,31.58,43.97,51.15
3731000,40.24,34.79,31.15,43.54,50.61
3732000,39.85,33.59,30.66,42.82,50.37
3733000,40.38,34.31,30.76,42.64,50.45
3734000,40.87,34.11,31.59,43.73,50.14
3735000,39.19,33.71,31.14,44.11,50.42
3736000,39.2,33.78,30.65,44.11,50.34
3737000,38.42,34.46,31.09,44.57,49.65
3738000,39.39,34.43,31.49,45.4,50.48
3739000,39.4,35.41,32.08,45.64,51.33
3740000,40.17,35.92,30.21,46.01,52.0
3741000,39.79,36.12,29.84,45.78,52.67
3742000,39.13,35.7,29.3,46.79,52.83
3743000,37.87,35.94,28.12,45.96,52.5
3744000,37.21,36.44,26.78,46.43,52.68
3745000,37.2,36.69,25.89,47.2,51.13
3746000,38.42,36.45,26.22,46.75,50.63
3747000,38.34,35.78,26.53,47.12,51.35
3748000,38.26,36.55,25.76,47.22,51.72
3749000,37.88,37.25,25.96,47.7,50.14
3750000,37.32,36.67,25.95,46.77,50.18
3751000,36.46,37.0,25.89,47.7,49.85
3752000,35.42,37.48,25.65,47.67,49.48
3753000,35.35,36.7,26.16,48.66,49.91
3754000,35.62,36.63,25.44,48.75,50.2
3755000,34.91,36.66,26.02,49.43,50.6
3756000,35.1,36.73,26.37,48.55,50.06
3757000,35.27,37.5,26.84,48.26,50.28
3758000,34.9,37.12,26.95,48.1,49.65
3759000,35.39,36.61,27.13,48.36,49.91
3760000,35.2,37.17,27.45,48.6,51.55
3761000,35.99,36.89,27.59,48.68,52.42
3762000,35.66,37.31,28.44,48.14,51.59
3763000,35.36,37.7,28.76,48.1,50.87
3764000,35.99,38.32,29.31,47.83,50.18
3765000,35.61,37.5,29.34,48.77,51.69
3766000,36.08,37.42,29.41,49.8,51.94
3767000,35.73,37.18,29.52,50.39,52.72
3768000,34.37,36.45,29.86,51.05,52.13
3769000,34.61,36.8,30.05,51.25,52.61
3770000,34.86,35.37,30.03,51.55,53.46
3771000,34.87,35.11,30.65,51.78,53.95
3772000,36.3,34.3,31.05,52.47,54.68
3773000,36.74,34.37,30.93,53.86,53.93
3774000,37.65,33.81,30.87,54.74,53.99
3775000,38.2,34.16,31.39,54.74,53.95
3776000,36.87,32.53,31.83,55.18,53.26
3777000,37.39,32.25,31.38,55.04,53.92
3778000,37.37,32.31,31.76,54.33,54.28
3779000,37.67,32.74,32.15,55.87,55.02
3780000,37.63,32.51,31.8,55.88,55.26
3781000,37.91,32.49,31.88,55.87,54.88
3782000,38.03,32.46,31.9,56.83,54.75
3783000,39.04,31.77,31.59,57.58,55.14
3784000,39.58,31.84,31.78,57.42,54.75
3785000,37.7,32.16,31.29,57.48,54.52
3786000,37.98,32.26,32.07,56.94,55.31
3787000,37.94,31.94,32.09,57.09,55.56
3788000,38.11,31.93,31.87,56.74,55.57
3789000,37.71,32.39,31.7,56.44,55.9
3790000,37.87,31.46,31.59,55.11,56.15
3791000,37.29,32.09,31.09,55.39,56.94
3792000,36.79,32.31,31.23,55.39,56.94
3793000,37.55,32.22,31.18,56.72,57.29
3794000,38.39,32.13,32.16,56.2,57.48
3795000,36.95,32.56,32.62,54.31,57.43
3796000,37.34,33.02,32.53,54.05,57.87
3797000,36.93,33.06,32.71,54.24,58.02
3798000,37.3,32.82,32.95,53.51,56.6
3799000,37.88,33.31,33.55,53.43,56.75
3800000,37.3,33.6,34.01,52.83,56.75
3801000,36.98,34.27,33.88,52.38,54.85
3802000,36.9,34.32,33.12,53.41,53.36
3803000,37.23,34.84,32.81,53.82,53.2
3804000,37.75,35.48,32.24,53.79,52.25
3805000,38.13,35.44,31.62,54.21,52.43
3806000,39.59,36.02,31.52,54.63,52.33
3807000,39.98,35.77,30.59,53.54,52.07
3808000,39.99,34.67,30.62,54.2,52.32
3809000,39.25,34.76,30.24,53.06,52.81
3810000,39.02,34.99,30.32,53.9,52.07
3811000,39.12,34.95,29.55,54.49,51.31
3812000,38.77,34.99,29.31,55.45,51.74
3813000,39.48,34.94,29.53,55.58,50.47
3814000,38.81,35.11,30.0,54.18,51.83
3815000,39.65,35.03,29.32,53.16,51.34
3816000,39.16,34.79,29.95,53.91,50.86
3817000,39.42,34.99,28.86,53.74,49.7
3818000,39.24,34.11,28.72,53.43,50.18
3819000,39.67,34.33,28.41,53.35,50.66
3820000,39.49,33.72,28.57,53.43,50.81
3821000,39.85,34.14,28.4,53.91,50.21
3822000,40.14,34.64,28.08,54.16,50.52
3823000,40.63,34.54,28.62,53.7,51.0
3824000,41.31,34.22,29.22,53.59,51.01
3825000,40.68,34.08,28.9,54.32,50.79
3826000,40.67,33.98,29.07,55.53,49.71
3827000,40.74,33.68,29.62,55.23,50.68
3828000,41.01,33.94,30.07,55.11,50.94
3829000,41.81,34.38,29.26,55.04,51.73
3830000,41.88,33.83,29.92,55.88,52.16
3831000,42.42,34.23,30.22,55.21,51.55
3832000,41.31,32.93,30.0,56.08,51.41
3833000,40.94,33.4,29.6,55.51,51.21
3834000,40.34,33.09,30.21,55.92,51.47
3835000,39.47,33.28,30.36,54.84,51.95
3836000,38.52,33.75,30.56,54.42,51.69
3837000,38.27,34.09,30.92,55.58,52.45
3838000,38.19,34.37,30.64,56.36,51.64
3839000,38.4,34.67,31.54,56.38,51.44
3840000,37.9,34.52,30.92,57.83,52.16
3841000,37.92,34.9,31.31,56.64,52.27
3842000,36.68,34.48,31.9,55.55,52.77
3843000,37.13,33.94,31.44,55.55,53.1
3844000,37.08,33.63,30.65,56.25,53.5
3845000,36.93,33.7,31.0,56.64,53.35
3846000,36.51,33.01,29.91,57.31,53.37
3847000,36.82,33.37,29.51,56.41,53.22
3848000,36.54,33.56,30.06,57.33,52.34
3849000,37.04,33.1,29.75,57.86,52.17
3850000,36.84,33.03,29.37,57.0,52.44
3851000,36.64,33.03,29.72,56.59,53.11
3852000,36.87,31.98,30.34,56.97,53.38
3853000,36.73,31.25,30.1,57.77,51.91
3854000,36.8,31.39,30.17,56.91,51.17
3855000,37.15,30.78,30.4,57.54,50.75
3856000,36.87,30.7,30.06,57.31,50.29
3857000,35.66,31.33,30.02,57.33,51.01
3858000,34.64,31.33,30.71,57.91,50.89
3859000,34.9,30.73,30.3,57.27,51.63
3860000,35.98,30.88,31.31,56.11,50.8
3861000,35.32,30.9,31.13,55.63,51.36
3862000,35.23,31.11,31.69,55.59,51.53
3863000,36.27,30.82,31.87,55.88,52.04
3864000,36.43,30.3,32.85,54.18,51.0
3865000,36.39,30.66,32.46,53.06,51.22
3866000,36.1,30.47,32.13,52.79,51.82
3867000,36.97,30.57,31.63,53.15,51.35
3868000,36.78,30.83,32.09,53.12,51.43
3869000,37.49,31.74,31.8,54.0,51.48
3870000,37.23,32.78,31.97,54.66,52.57
3871000,38.37,33.42,32.2,55.05,52.98
3872000,38.62,32.98,31.59,54.27,53.37
3873000,38.52,33.15,31.67,55.45,53.67
3874000,39.53,33.07,31.91,56.07,54.05
3875000,39.55,33.13,31.97,55.08,54.01
3876000,39.87,33.75,32.73,54.3,54.04
3877000,39.92,33.71,32.75,54.92,53.79
3878000,39.17,33.52,33.61,54.19,54.39
3879000,38.75,33.75,32.99,53.19,54.81
3880000,38.94,33.86,31.88,53.88,54.71
3881000,39.01,34.23,32.0,53.4,54.89
3882000,39.65,34.53,32.13,53.93,55.83
3883000,39.87,34.68,32.58,54.16,55.07
3884000,40.34,34.87,30.34,54.92,55.29
3885000,40.09,34.67,30.28,54.12,55.29
3886000,40.32,34.13,29.57,54.68,55.45
3887000,39.13,34.32,29.38,54.53,55.95
3888000,39.41,34.56,28.66,55.3,55.16
3889000,40.19,34.85,27.89,54.61,54.16
3890000,40.82,35.6,27.78,54.83,53.17
3891000,41.3,36.25,27.19,54.84,53.66
3892000,41.76,35.55,27.19,53.76,54.41
3893000,41.81,36.51,27.18,52.23,54.89
3894000,41.25,36.36,26.7,50.65,55.37
3895000,41.04,35.98,26.39,50.32,56.04
3896000,41.07,35.25,25.69,50.31,56.93
3897000,41.57,35.22,24.49,50.73,56.68
3898000,41.21,33.98,25.04,51.25,57.47
3899000,40.93,33.54,25.69,51.18,54.97
3900000,41.67,33.75,25.81,51.66,55.34
3901000,41.08,33.82,24.21,52.48,55.67
3902000,40.5,34.08,24.82,50.72,56.39
3903000,40.34,33.99,24.9,50.94,56.88
3904000,38.92,34.1,24.79,50.95,56.19
3905000,39.08,33.67,25.17,51.17,55.54
3906000,39.54,33.43,25.63,51.28,55.71
3907000,39.13,34.14,25.8,51.37,56.04
3908000,39.62,34.39,25.97,48.65,55.63
3909000,40.29,33.97,26.56,49.61,55.42
3910000,41.19,34.43,26.35,49.06,54.6
3911000,41.98,34.3,26.74,48.99,55.08
3912000,41.62,35.18,26.1,49.22,54.7
3913000,41.19,34.69,26.16,49.47,55.21
3914000,40.25,34.48,26.39,50.43,51.62
3915000,39.83,35.26,26.19,49.99,51.89
3916000,40.49,34.89,25.9,50.55,51.6
3917000,41.6,34.67,24.98,50.99,50.96
3918000,41.19,34.34,24.53,51.45,50.14
3919000,40.74,34.21,23.74,51.69,48.92
3920000,40.18,33.88,23.82,51.51,49.72
3921000,39.98,34.07,23.08,50.97,49.42
3922000,39.92,33.45,22.98,50.65,48.1
3923000,39.85,33.45,22.78,51.99,48.13
3924000,39.66,33.88,22.95,53.04,48.11
3925000,39.96,33.81,23.4,52.32,48.01
3926000,39.83,33.89,23.33,50.13,48.34
3927000,40.23,34.31,23.9,50.22,48.33
3928000,39.39,34.09,24.66,50.2,48.88
3929000,39.12,34.68,24.22,50.33,48.56
3930000,39.41,34.35,24.43,50.84,48.03
3931000,39.63,34.28,24.7,51.09,48.85
3932000,39.18,34.82,25.18,51.53,47.87
3933000,39.7,34.25,24.94,52.46,47.18
3934000,39.6,33.14,24.58,52.5,47.61
3935000,40.33,32.61,24.76,53.85,48.39
3936000,40.65,32.87,25.51,54.29,48.69
3937000,40.34,33.2,25.86,53.33,46.87
3938000,40.66,33.34,26.29,52.84,47.59
3939000,41.14,32.81,27.08,53.03,48.53
3940000,41.6,32.7,26.82,52.88,48.2
3941000,41.38,32.27,26.95,52.09,48.97
3942000,41.67,32.35,27.35,53.36,49.64
3943000,41.54,32.63,27.79,54.36,50.16
3944000,41.5,32.81,27.38,54.51,48.46
3945000,40.71,33.47,27.17,54.94,49.18
3946000,37.37,33.34,27.4,54.68,49.33
3947000,37.06,32.86,27.1,54.34,49.68
3948000,37.21,32.77,27.44,53.96,48.02
3949000,37.94,33.3,26.93,55.0,48.5
3950000,37.71,33.56,27.59,55.06,49.38
3951000,36.87,33.06,28.11,55.92,49.82
3952000,37.41,33.55,27.44,56.38,50.26
3953000,37.72,34.07,27.69,54.97,50.01
3954000,36.86,34.7,27.56,55.17,51.03
3955000,36.29,35.2,27.36,56.06,50.38
3956000,37.31,35.51,27.51,57.18,50.75
3957000,37.63,35.17,28.12,57.73,49.87
3958000,38.08,34.85,27.54,57.76,50.08
3959000,38.81,35.51,27.37,58.14,50.57
3960000,37.98,35.11,27.71,58.66,51.29
3961000,38.35,34.88,27.97,59.07,52.18
3962000,39.01,35.04,28.5,59.86,53.01
3963000,38.4,35.07,28.58,60.1,52.62
3964000,37.89,35.86,29.03,58.81,52.73
3965000,38.15,36.19,28.34,58.8,53.41
3966000,36.95,36.27,28.57,59.02,53.95
3967000,37.83,36.83,28.41,58.01,53.32
3968000,36.74,35.73,28.64,57.2,51.41
3969000,37.43,36.15,28.83,57.46,52.66
3970000,37.3,36.9,28.08,58.73,52.12
3971000,37.54,37.18,27.77,58.73,52.7
3972000,37.55,36.96,27.69,60.07,53.02
3973000,37.79,37.26,28.13,60.5,53.96
3974000,38.25,37.48,28.51,60.29,55.13
3975000,38.53,37.61,28.14,61.22,55.56
3976000,39.49,37.57,28.22,61.33,54.83
3977000,40.42,36.52,28.74,62.04,54.47
3978000,41.2,36.8,28.34,62.76,54.71
3979000,41.34,36.79,28.39,63.67,53.46
3980000,41.32,36.07,28.39,61.29,52.45
3981000,40.71,35.4,28.73,59.33,52.84
3982000,41.41,35.04,29.19,59.65,52.37
3983000,41.37,33.65,29.72,61.05,50.92
3984000,41.04,32.61,29.63,61.12,51.31
3985000,40.88,32.43,29.71,61.99,50.17
3986000,41.67,31.62,28.85,62.21,48.49
3987000,41.77,31.57,29.18,63.02,49.01
3988000,42.49,31.37,29.03,63.2,48.64
3989000,43.05,31.49,29.25,63.27,48.5
3990000,43.59,31.62,29.62,62.51,47.85
3991000,43.74,31.07,29.69,62.61,48.52
3992000,41.23,31.32,29.84,63.27,47.75
3993000,39.98,31.63,30.62,64.29,48.23
3994000,40.59,31.24,31.66,64.75,49.71
3995000,40.1,31.99,31.98,63.83,50.16
3996000,40.34,32.09,32.32,63.32,49.48
3997000,40.82,31.37,33.04,64.57,49.15
3998000,40.25,31.12,33.01,62.45,48.75
3999000,39.17,31.39,32.64,61.35,49.31
4000000,38.99,31.65,32.53,61.36,50.17
4001000,37.79,31.33,32.92,61.11,49.46
4002000,37.34,31.12,32.97,60.17,49.35
4003000,37.19,31.44,33.29,59.75,49.29
4004000,37.84,31.43,33.13,59.64,48.11
4005000,37.67,32.05,33.01,58.65,47.67
4006000,37.72,31.89,32.07,58.89,48.07
4007000,37.43,31.93,31.32,58.61,45.9
4008000,38.19,31.65,32.15,58.36,45.74
4009000,38.23,32.34,32.61,57.69,43.91
4010000,38.98,32.34,32.97,57.83,44.54
4011000,37.59,32.89,33.45,58.31,45.74
4012000,37.6,33.59,33.93,58.78,46.13
4013000,37.13,34.09,33.71,59.03,46.19
4014000,36.3,34.5,33.94,59.69,46.27
4015000,36.48,34.74,34.8,59.22,47.6
4016000,37.08,35.01,32.81,60.08,47.85
4017000,35.81,35.54,33.32,59.69,47.48
4018000,34.96,35.78,32.8,60.18,48.43
4019000,35.11,35.83,31.82,61.12,48.74
4020000,36.22,35.39,31.85,61.15,48.85
4021000,36.62,35.33,31.4,60.95,48.44
4022000,37.56,35.65,31.72,58.68,49.44
4023000,37.72,35.51,32.98,58.47,48.69
4024000,37.56,34.52,33.3,59.18,48.4
4025000,38.24,34.26,33.77,59.84,49.31
4026000,38.02,34.94,34.46,61.24,49.81
4027000,37.77,34.89,34.43,62.29,49.22
4028000,38.78,33.53,34.97,61.82,49.74
4029000,38.96,34.0,34.69,60.66,50.26
4030000,39.52,33.91,34.39,61.39,49.88
4031000,39.47,34.0,34.4,62.1,48.87
4032000,39.79,33.28,34.42,60.11,48.33
4033000,40.37,33.05,34.37,60.3,48.24
4034000,40.99,33.1,35.23,61.39,49.19
4035000,41.42,33.53,35.41,62.13,48.77
4036000,41.22,33.96,35.37,60.86,47.74
4037000,40.86,33.83,33.9,61.59,47.59
4038000,41.1,33.35,33.78,60.73,48.39
4039000,40.92,33.51,33.84,59.66,48.63
4040000,41.84,32.83,33.16,60.14,49.17
4041000,42.12,32.38,33.95,60.06,49.17
4042000,42.1,32.64,34.68,59.69,51.7
4043000,42.68,32.62,35.07,60.39,51.92
4044000,42.36,33.18,35.02,61.4,51.85
4045000,42.58,32.76,35.35,61.41,52.28
4046000,43.82,32.34,34.74,62.13,52.72
4047000,44.23,32.72,35.36,62.35,52.99
4048000,44.2,32.76,33.79,63.32,52.55
4049000,45.03,33.25,33.27,62.79,53.01
4050000,44.55,33.18,32.97,63.66,51.41
4051000,44.13,33.37,32.12,62.27,51.07
4052000,44.31,33.73,31.15,61.47,50.59
4053000,43.72,33.86,31.43,60.62,51.8
4054000,44.01,34.65,32.53,61.09,50.45
4055000,44.79,34.15,33.02,62.02,50.49
4056000,45.63,34.45,32.67,63.03,49.78
4057000,44.85,34.53,33.15,62.4,50.52
4058000,45.78,35.1,32.79,61.86,50.55
4059000,44.76,34.55,32.11,59.69,50.27
4060000,45.01,34.71,31.73,58.13,50.03
4061000,44.9,34.49,32.28,56.26,50.52
4062000,44.91,34.79,33.13,55.51,51.47
4063000,45.15,35.22,32.55,55.56,52.21
4064000,44.68,35.59,31.52,56.28,52.21
4065000,45.59,35.15,29.5,56.24,52.88
4066000,44.99,34.67,29.13,55.67,53.12
4067000,45.09,34.96,29.54,54.53,52.89
4068000,43.56,34.93,29.06,54.12,52.18
4069000,43.52,35.13,30.05,53.53,52.66
4070000,43.25,35.38,29.45,52.51,53.21
4071000,44.27,34.98,30.18,53.0,54.07
4072000,44.65,35.17,31.1,51.41,53.55
4073000,43.83,35.11,31.18,50.33,54.26
4074000,43.63,34.77,31.49,50.14,53.92
4075000,42.66,35.03,32.05,49.74,54.37
4076000,43.36,35.01,31.61,49.86,54.3
4077000,42.9,35.34,32.3,50.01,54.75
4078000,41.85,35.6,32.42,50.45,53.42
4079000,40.76,35.31,31.39,50.03,52.46
4080000,41.8,35.53,31.5,49.1,52.05
4081000,41.16,34.95,32.21,49.67,52.48
4082000,41.32,35.2,31.49,50.0,52.28
4083000,42.02,35.45,32.08,49.64,52.58
4084000,41.85,34.94,32.49,50.62,52.83
4085000,42.9,34.01,33.38,50.57,52.2
4086000,43.7,34.18,34.18,50.48,52.39
4087000,44.66,34.19,33.78,48.84,53.08
4088000,43.52,34.77,34.23,50.31,54.33
4089000,44.45,34.61,35.15,51.48,54.08
4090000,44.24,35.0,35.76,52.12,53.98
4091000,44.93,34.92,35.88,52.44,53.98
4092000,44.51,34.41,36.35,53.4,52.46
4093000,44.33,34.27,37.19,53.5,52.2
4094000,44.66,34.17,37.85,54.13,52.36
4095000,44.53,33.68,37.36,52.51,52.91
4096000,44.92,34.2,38.18,53.64,53.75
4097000,44.47,33.62,38.01,53.0,53.02
4098000,45.74,33.79,38.44,54.22,53.7
4099000,45.6,33.91,38.73,54.85,53.94
4100000,45.39,33.55,38.56,55.35,55.12
4101000,46.03,33.17,38.03,57.44,55.0
4102000,45.68,33.92,38.35,56.92,54.96
4103000,45.42,33.9,39.51,57.26,54.99
4104000,46.66,34.47,39.92,58.0,55.66
4105000,46.96,33.78,40.87,58.68,55.89
4106000,47.02,33.35,40.93,59.28,56.43
4107000,46.53,32.72,41.55,58.94,56.04
4108000,46.05,32.82,41.96,58.7,55.45
4109000,47.11,32.36,41.15,59.62,55.76
4110000,46.27,32.6,41.86,59.31,55.45
4111000,46.81,32.99,42.33,59.65,55.68
4112000,47.26,33.59,42.69,60.32,55.13
4113000,46.88,33.96,43.05,61.1,55.61
4114000,46.77,34.22,43.04,61.82,56.34
4115000,47.13,34.69,42.51,61.48,57.05
4116000,46.32,33.61,42.03,61.53,57.5
4117000,45.06,34.03,41.55,61.75,56.9
4118000,45.29,33.61,41.5,61.52,57.57
4119000,44.58,33.64,40.64,61.73,58.08
4120000,42.17,34.27,40.08,61.61,58.12
4121000,42.64,34.68,39.73,62.76,58.58
4122000,41.71,34.76,39.83,63.91,58.58
4123000,41.52,35.11,39.96,63.24,56.54
4124000,41.27,35.85,38.95,63.5,56.79
4125000,41.87,36.54,38.21,64.07,57.25
4126000,42.27,36.96,37.1,63.87,57.81
4127000,41.73,37.18,37.35,65.03,57.9
4128000,40.92,37.27,38.42,64.89,57.5
4129000,39.73,37.67,38.63,64.9,57.31
4130000,39.26,37.37,38.95,64.69,57.58
4131000,38.76,37.17,38.3,63.5,56.7
4132000,38.12,38.03,37.44,62.78,56.35
4133000,38.13,38.44,36.68,63.94,56.38
4134000,38.37,38.41,36.41,64.33,56.41
4135000,37.41,36.99,36.37,63.94,57.38
4136000,38.11,36.95,37.01,62.7,58.54
4137000,38.45,37.28,37.37,63.19,58.45
4138000,37.98,37.47,36.6,63.67,57.68
4139000,38.48,37.53,37.23,64.53,58.57
4140000,38.74,37.82,37.28,63.58,58.1
4141000,39.48,38.0,35.95,62.35,56.9
4142000,40.39,37.72,35.84,63.62,57.67
4143000,40.06,37.31,34.85,62.33,57.78
4144000,40.71,37.75,34.92,60.83,58.17
4145000,41.02,37.61,34.91,61.2,57.95
4146000,41.43,38.16,35.24,60.05,58.91
4147000,42.15,37.35,35.42,61.21,58.43
4148000,42.43,37.84,35.34,61.48,56.24
4149000,41.81,38.46,35.3,62.14,56.02
4150000,42.53,38.34,34.99,60.81,55.43
4151000,42.11,39.06,34.18,60.59,55.65
4152000,43.51,38.98,34.82,60.48,54.6
4153000,43.74,38.58,35.51,60.17,55.22
4154000,44.22,38.44,35.02,60.53,54.23
4155000,44.27,39.18,34.68,61.29,53.06
4156000,45.23,39.52,33.9,60.53,52.39
4157000,45.35,38.66,33.78,58.35,51.75
4158000,45.15,38.3,33.74,59.18,50.39
4159000,44.66,38.36,33.37,58.61,50.37
4160000,45.13,38.1,33.42,60.23,51.11
4161000,44.95,38.08,32.53,59.46,52.28
4162000,44.28,38.0,33.39,60.32,52.57
4163000,44.77,38.61,33.79,60.02,52.86
4164000,44.81,38.98,33.14,59.22,52.48
4165000,45.54,38.03,32.74,58.22,52.74
4166000,45.04,37.63,33.12,59.13,52.78
4167000,45.25,38.43,33.38,57.97,52.31
4168000,45.63,38.67,33.61,57.15,52.28
4169000,45.91,38.81,33.72,55.02,51.19
4170000,45.47,38.46,33.45,54.97,51.74
4171000,45.81,38.34,32.74,55.19,51.69
4172000,44.71,38.37,33.02,55.65,52.93
4173000,45.44,38.71,33.35,54.74,52.73
4174000,45.37,38.77,34.0,54.98,52.71
4175000,44.88,39.22,33.84,55.3,51.19
4176000,43.94,38.81,33.69,55.27,51.09
4177000,43.52,38.61,34.82,54.53,50.52
4178000,43.55,38.65,34.41,53.87,50.68
4179000,42.76,38.32,34.54,52.81,51.06
4180000,42.54,38.78,33.7,52.57,49.62
4181000,41.73,38.41,34.19,51.8,49.07
4182000,42.2,38.07,34.9,52.45,47.1
4183000,42.92,37.31,34.96,52.69,46.21
4184000,43.66,37.41,34.7,53.7,46.69
4185000,42.81,36.46,35.07,53.46,46.91
4186000,43.64,36.23,35.33,53.46,47.83
4187000,44.55,36.14,35.1,52.84,48.08
4188000,43.85,36.12,35.23,51.23,48.33
4189000,42.43,35.78,34.92,51.84,48.81
4190000,42.97,36.5,35.44,52.12,48.49
4191000,43.0,37.25,34.82,52.25,47.75
4192000,43.14,37.04,35.84,52.29,47.48
4193000,42.55,36.32,35.65,51.55,48.33
4194000,43.04,35.26,36.07,51.16,48.08
4195000,43.42,35.12,36.19,51.86,45.74
4196000,43.84,35.61,35.9,52.56,44.33
4197000,43.49,35.17,36.45,53.28,43.86
4198000,44.03,35.32,36.59,54.44,42.45
4199000,43.59,35.0,35.99,55.26,42.44
4200000,44.14,34.71,35.46,56.84,42.2
4201000,44.0,34.41,35.71,56.14,42.22
4202000,44.56,34.71,35.66,55.55,42.82
4203000,44.58,34.76,34.89,56.58,42.42
4204000,44.3,34.76,35.56,57.77,42.21
4205000,43.38,34.75,35.13,58.28,42.44
4206000,41.83,34.74,34.84,58.73,42.91
4207000,41.71,34.88,33.41,59.13,43.21
4208000,41.25,34.79,33.1,58.61,44.2
4209000,42.13,35.13,33.25,59.18,44.37
4210000,42.23,34.92,33.41,59.86,44.31
4211000,41.97,35.28,32.86,59.69,44.28
4212000,42.25,35.3,32.63,59.79,43.34
4213000,42.62,35.49,32.78,60.23,43.69
4214000,42.81,35.89,32.26,60.72,44.07
4215000,43.17,35.55,32.25,60.76,44.78
4216000,41.95,36.1,33.17,62.58,45.42
4217000,42.67,36.25,32.39,62.8,45.57
4218000,42.81,36.84,32.47,64.47,45.8
4219000,43.06,36.77,31.88,65.03,45.06
4220000,42.89,36.1,31.97,64.15,45.53
4221000,42.65,35.0,31.87,65.04,46.38
4222000,42.79,34.95,31.7,65.36,46.17
4223000,43.45,35.15,32.26,64.47,46.96
4224000,43.47,35.8,32.87,64.96,45.93
4225000,44.04,36.2,32.35,65.8,46.33
4226000,44.21,35.97,32.09,64.87,47.31
4227000,43.6,35.88,32.95,64.7,47.86
4228000,43.74,35.46,33.0,64.89,48.58
4229000,42.65,35.68,31.82,64.82,48.44
4230000,42.69,36.16,32.01,65.66,48.5
4231000,41.61,36.5,32.51,64.88,49.58
4232000,41.39,37.21,32.54,63.93,50.54
4233000,39.85,37.37,32.31,63.7,51.44
4234000,40.35,36.5,31.58,63.7,51.63
4235000,40.25,36.62,32.18,63.59,52.39
4236000,41.36,35.53,32.01,63.77,53.21
4237000,42.07,35.11,32.18,64.45,54.18
4238000,42.32,35.9,32.63,63.78,54.8
4239000,42.78,35.25,32.74,63.78,55.63
4240000,44.02,35.72,32.16,63.78,55.63
4241000,44.38,35.6,31.69,63.34,56.59
4242000,44.36,35.3,31.3,61.53,56.65
4243000,44.28,35.79,31.81,59.2,57.24
4244000,43.58,35.61,30.9,57.71,57.41
4245000,43.79,35.46,31.24,57.71,56.26
4246000,43.98,35.24,31.6,58.65,56.19
4247000,45.26,34.53,30.69,58.71,55.22
4248000,44.77,34.52,30.95,58.35,56.35
4249000,45.47,35.14,31.5,58.35,55.34
4250000,44.74,35.33,32.21,58.78,56.26
4251000,45.15,35.77,32.82,59.27,56.52
4252000,45.01,36.31,31.79,59.38,55.4
4253000,43.88,36.78,31.98,60.55,56.03
4254000,43.14,36.69,32.26,61.85,56.83
4255000,43.7,37.15,32.59,62.1,57.34
4256000,44.09,36.45,31.8,62.57,56.97
4257000,43.77,36.88,31.63,61.42,57.47
4258000,42.11,37.18,32.31,61.68,56.97
4259000,42.41,37.46,32.44,61.55,57.91
4260000,42.04,38.07,33.09,62.2,58.98
4261000,41.85,37.87,33.85,61.94,59.5
4262000,42.48,37.79,33.76,62.42,59.07
4263000,43.44,37.23,34.49,61.48,57.54
4264000,43.8,37.63,34.7,61.27,56.76
4265000,43.24,37.75,34.18,60.74,57.21
4266000,43.6,38.21,33.77,60.86,57.27
4267000,44.52,38.32,34.07,61.21,57.36
4268000,44.64,38.58,34.55,61.6,58.19
4269000,43.44,38.67,33.7,60.58,57.7
4270000,43.56,37.77,33.71,61.57,56.75
4271000,43.88,37.64,34.19,60.82,56.96
4272000,44.02,38.14,33.65,61.3,58.03
4273000,42.95,37.77,33.69,61.83,57.47
4274000,43.17,38.0,33.76,61.61,56.61
4275000,43.4,37.33,31.98,62.98,56.96
4276000,43.93,37.23,31.44,62.54,56.41
4277000,44.26,37.15,31.12,63.58,56.64
4278000,44.39,38.03,31.1,63.43,57.56
4279000,45.71,38.17,30.7,64.32,57.06
4280000,46.35,38.05,31.1,64.49,55.7
4281000,46.85,38.29,30.62,65.66,56.64
4282000,45.87,38.32,30.43,65.51,56.18
4283000,46.11,37.93,30.51,65.32,56.36
4284000,47.07,37.97,30.24,64.88,56.23
4285000,46.94,37.16,29.08,62.24,56.62
4286000,47.64,37.24,28.62,62.39,56.84
4287000,46.76,37.44,28.18,61.6,57.3
4288000,45.9,37.42,27.53,61.17,57.51
4289000,46.67,38.11,28.02,61.09,57.59
4290000,46.87,37.71,27.59,60.56,58.47
4291000,46.89,37.37,27.15,56.9,57.07
4292000,46.28,36.97,26.88,53.29,57.37
4293000,46.63,37.2,26.34,49.94,57.54
4294000,47.28,36.56,26.65,49.7,58.01
4295000,47.77,37.16,26.54,50.02,58.45
4296000,47.92,37.06,26.5,50.45,57.18
4297000,47.93,36.98,26.5,49.77,58.14
4298000,48.17,37.92,26.82,49.29,58.37
4299000,48.18,37.62,27.29,47.9,59.44
4300000,47.45,37.68,27.69,48.99,57.64
4301000,47.56,38.07,27.49,48.02,57.26
4302000,48.53,37.86,26.95,48.24,56.42
4303000,48.32,38.32,27.57,46.4,56.78
4304000,48.37,38.59,28.32,47.26,57.0
4305000,49.36,38.68,27.94,45.45,58.44
4306000,48.53,37.96,28.43,46.09,58.03
4307000,49.66,38.75,28.4,45.75,58.75
4308000,49.85,39.18,28.48,44.23,60.36
4309000,49.72,39.22,28.49,44.96,59.31
4310000,48.51,38.19,29.21,45.64,59.51
4311000,48.31,37.74,28.83,41.99,58.52
4312000,47.43,38.4,29.26,41.0,58.02
4313000,47.09,38.14,29.01,40.34,56.07
4314000,46.57,38.33,29.64,40.35,55.09
4315000,46.01,38.46,29.5,41.04,55.02
4316000,45.05,38.25,30.25,41.99,55.46
4317000,44.63,38.54,29.81,42.76,54.04
4318000,44.39,38.29,30.35,42.48,53.37
4319000,44.15,37.67,30.48,42.69,54.13
4320000,43.47,37.65,30.47,42.89,52.79
4321000,44.31,37.16,30.69,42.97,52.04
4322000,43.99,36.71,31.22,43.67,52.91
4323000,44.13,37.52,30.4,44.64,54.33
4324000,43.58,37.28,29.65,45.36,53.79
4325000,43.46,37.33,30.11,46.14,53.94
4326000,44.04,36.78,29.91,45.87,54.67
4327000,44.74,37.24,29.0,45.73,55.14
4328000,44.28,36.7,28.65,45.64,55.37
4329000,44.74,36.79,28.02,46.25,55.35
4330000,44.74,37.33,28.44,45.33,55.18
4331000,44.01,36.98,27.85,45.25,55.08
4332000,44.31,36.98,27.91,45.7,56.22
4333000,45.23,37.25,27.83,46.02,54.99
4334000,45.41,37.44,27.58,46.49,54.94
4335000,46.2,36.71,28.11,46.3,55.77
4336000,45.96,36.4,28.19,45.11,55.68
4337000,46.93,36.06,28.78,45.89,56.88
4338000,47.54,35.57,28.27,44.93,56.43
4339000,48.27,36.02,27.55,44.34,56.45
4340000,47.69,36.3,27.43,44.57,55.6
4341000,48.16,36.66,28.32,44.67,55.71
4342000,49.12,37.5,28.3,43.23,55.74
4343000,48.16,36.71,28.21,43.69,55.74
4344000,49.45,36.62,28.17,44.03,56.1
4345000,48.54,36.48,28.99,44.54,55.84
4346000,47.58,36.11,28.96,43.92,55.15
4347000,47.44,36.84,29.43,44.68,54.94
4348000,48.67,37.35,29.15,45.03,54.2
4349000,48.64,37.15,30.22,45.17,53.59
4350000,49.83,37.69,30.57,44.53,55.03
4351000,50.25,38.09,31.23,43.14,55.19
4352000,49.77,37.27,31.18,42.35,55.42
4353000,50.06,37.93,31.36,41.17,56.19
4354000,49.02,37.76,31.34,40.3,55.82
4355000,48.6,36.66,31.04,39.14,57.47
4356000,49.0,37.06,31.23,39.76,57.52
4357000,48.4,37.45,31.24,40.21,58.65
4358000,48.61,37.99,30.91,40.15,59.6
4359000,49.18,37.43,29.86,40.29,59.28
4360000,48.97,37.07,29.58,39.91,60.04
4361000,49.07,37.19,29.58,38.46,60.8
4362000,49.42,36.54,30.38,38.42,61.25
4363000,49.17,36.92,30.28,37.51,61.17
4364000,49.0,36.43,30.86,37.51,61.82
4365000,47.72,36.66,30.57,37.38,62.54
4366000,47.4,37.47,30.61,37.35,62.65
4367000,48.67,37.79,31.23,38.02,63.76
4368000,48.4,38.16,31.36,38.81,65.15
4369000,48.41,38.13,31.82,38.2,64.36
4370000,47.27,37.75,31.13,38.39,63.4
4371000,47.56,37.61,31.09,38.96,62.79
4372000,47.8,36.42,31.94,39.67,61.34
4373000,48.03,36.17,31.73,39.98,61.21
4374000,47.84,35.81,31.68,39.92,61.46
4375000,46.86,35.84,32.49,39.96,61.46
4376000,46.0,35.91,31.81,40.03,62.87
4377000,44.8,34.73,32.05,39.92,63.04
4378000,43.97,35.46,32.45,40.03,63.45
4379000,44.32,35.43,32.22,40.42,63.06
4380000,44.98,34.28,32.43,40.81,63.67
4381000,45.84,34.52,32.51,41.07,63.69
4382000,46.55,34.92,32.4,42.53,62.77
4383000,46.91,35.39,33.52,42.88,62.21
4384000,47.25,35.59,33.3,43.6,61.74
4385000,47.03,35.47,32.85,43.84,61.89
4386000,47.2,36.4,33.48,45.44,61.31
4387000,47.08,36.18,33.54,46.06,59.71
4388000,47.21,35.69,33.27,46.27,58.33
4389000,47.65,35.79,33.48,46.34,58.18
4390000,47.85,35.63,33.42,47.62,58.86
4391000,48.82,35.92,33.82,46.85,57.91
4392000,48.66,36.28,33.99,47.3,59.28
4393000,47.99,36.32,34.38,48.02,58.39
4394000,48.62,36.35,34.38,48.24,57.9
4395000,48.08,36.46,34.58,47.62,58.04
4396000,47.95,36.01,34.44,47.24,57.63
4397000,48.9,36.29,34.53,48.19,57.75
4398000,49.04,35.45,32.78,47.1,57.54
4399000,49.01,35.78,33.14,46.38,57.12
4400000,47.7,35.4,32.7,47.1,57.79
4401000,48.6,35.95,32.64,47.5,57.55
4402000,48.93,35.89,33.12,45.51,58.13
4403000,48.19,36.65,32.41,45.47,59.2
4404000,48.32,36.85,32.41,45.71,58.68
4405000,48.09,37.69,32.3,44.2,57.51
4406000,48.44,36.93,31.64,44.68,56.65
4407000,48.43,36.91,31.33,44.7,56.88
4408000,49.16,36.68,31.63,44.8,57.34
4409000,48.65,37.01,31.93,44.58,56.87
4410000,47.88,37.01,32.45,45.44,56.32
4411000,47.85,37.94,32.5,45.85,55.53
4412000,48.07,37.95,32.59,46.33,56.23
4413000,48.28,38.12,32.1,45.46,56.45
4414000,48.58,37.22,31.42,45.22,57.83
4415000,49.17,37.28,31.11,43.36,57.56
4416000,49.12,36.55,30.95,44.13,58.76
4417000,50.02,36.15,31.1,44.34,58.71
4418000,50.02,36.41,30.14,44.98,58.87
4419000,49.04,36.49,30.79,43.84,58.26
4420000,49.21,36.35,30.67,43.86,58.26
4421000,48.79,36.0,31.56,44.43,58.39
4422000,48.21,35.7,32.04,44.89,58.52
4423000,47.39,36.07,32.02,45.18,58.97
4424000,48.02,35.93,31.6,45.26,58.32
4425000,47.0,35.53,31.19,45.61,58.56
4426000,46.36,35.32,31.14,46.17,58.78
4427000,47.04,35.62,30.85,46.64,59.41
4428000,46.91,36.07,31.19,46.58,60.61
4429000,46.65,35.16,31.53,46.41,61.38
4430000,45.61,35.5,31.7,47.45,61.1
4431000,45.36,34.91,31.12,46.86,61.25
4432000,46.07,34.9,31.0,47.58,61.57
4433000,46.14,34.9,30.06,47.49,62.03
4434000,45.6,34.66,30.88,47.72,63.49
4435000,46.11,34.75,30.46,48.09,64.13
4436000,45.58,35.5,30.78,48.48,65.11
4437000,45.44,35.9,31.05,47.42,65.59
4438000,45.25,36.32,30.26,48.14,66.04
4439000,46.11,35.65,29.32,48.44,65.38
4440000,45.96,35.73,29.88,49.63,64.45
4441000,45.7,34.89,29.81,48.48,64.62
4442000,45.45,35.09,30.17,48.36,64.88
4443000,44.51,35.09,30.06,49.86,66.22
4444000,44.42,34.16,29.28,49.06,66.79
4445000,44.7,34.64,29.06,49.27,67.76
4446000,45.05,34.75,29.12,49.22,67.48
4447000,45.76,34.8,29.04,49.35,66.68
4448000,45.44,35.05,29.92,48.67,67.33
4449000,44.93,35.24,29.62,48.09,67.04
4450000,45.19,35.32,29.31,48.84,68.55
4451000,44.3,35.51,29.73,48.58,67.38
4452000,44.39,35.61,29.29,48.86,66.77
4453000,45.11,35.81,29.91,49.32,67.01
4454000,43.91,35.9,30.3,48.92,66.99
4455000,44.35,35.94,30.33,48.89,67.94
4456000,45.04,35.85,30.83,49.1,67.5
4457000,45.31,35.15,30.95,48.71,66.55
4458000,44.62,34.96,30.49,48.49,65.94
4459000,44.71,34.93,30.01,48.39,65.32
4460000,44.59,35.04,30.4,47.84,66.25
4461000,44.32,35.2,31.49,46.82,66.96
4462000,44.66,35.44,31.99,46.38,66.28
4463000,44.82,35.48,32.41,45.78,64.7
4464000,45.8,34.86,31.29,44.72,64.52
4465000,45.31,34.24,31.58,45.15,64.34
4466000,44.73,34.55,31.65,45.63,63.3
4467000,44.08,33.63,31.37,44.21,62.12
4468000,45.29,33.43,31.31,44.93,62.43
4469000,45.51,33.65,30.36,44.24,62.02
4470000,46.24,33.45,29.9,44.05,61.91
4471000,45.95,32.83,29.2,44.87,60.81
4472000,42.59,32.8,28.96,44.09,61.16
4473000,41.88,32.66,29.08,44.76,60.43
4474000,41.92,32.99,28.58,44.9,59.86
4475000,42.0,32.29,28.53,44.73,59.45
4476000,42.1,32.24,27.41,44.47,59.01
4477000,41.78,32.5,26.06,43.4,59.5
4478000,40.36,32.6,26.52,42.36,58.93
4479000,39.69,32.93,26.39,42.46,58.73
4480000,39.76,32.72,25.09,41.62,56.34
4481000,38.64,32.33,23.54,40.06,57.02
4482000,38.5,32.52,22.94,39.71,56.5
4483000,37.89,33.21,23.5,38.51,57.15
4484000,37.81,33.23,23.19,38.65,52.95
4485000,37.04,33.06,22.79,38.47,53.37
4486000,36.4,33.12,22.69,38.72,53.97
4487000,36.52,33.48,22.3,38.96,53.57
4488000,36.8,33.12,22.8,39.14,52.74
4489000,37.59,33.56,22.75,38.28,51.59
4490000,38.02,33.52,22.15,38.94,52.07
4491000,38.37,33.82,21.46,40.0,51.7
4492000,39.26,34.19,21.45,39.98,52.38
4493000,39.65,34.91,21.3,40.63,51.51
4494000,38.62,35.01,21.65,40.71,52.01
4495000,39.14,35.33,21.74,40.02,52.73
4496000,39.17,35.58,21.15,40.38,52.73
4497000,39.43,36.06,21.59,40.59,51.8
4498000,38.82,36.2,22.17,41.13,49.68
4499000,38.35,36.69,21.6,41.08,50.17
4500000,38.49,36.63,22.11,41.03,50.12
4501000,38.98,37.09,22.55,39.26,50.95
4502000,40.13,37.75,23.05,38.35,50.65
4503000,40.65,37.79,23.02,38.07,52.09
4504000,41.72,38.68,23.44,38.26,51.97
4505000,42.53,39.04,23.47,39.23,51.74
4506000,43.05,39.38,23.97,39.15,51.75
4507000,43.69,39.28,24.0,39.54,51.7
4508000,42.7,39.07,23.86,40.34,51.31
4509000,42.4,39.53,23.95,40.2,51.58
4510000,43.85,39.62,24.81,39.14,50.84
4511000,44.17,39.2,25.46,38.53,51.54
4512000,44.67,38.15,26.01,39.19,52.49
4513000,44.98,38.34,25.34,40.05,52.5
4514000,45.23,37.32,25.25,40.16,52.99
4515000,45.49,37.31,26.07,39.24,53.06
4516000,45.56,37.24,25.58,37.58,54.31
4517000,45.66,37.76,25.77,37.6,54.74
4518000,45.31,38.0,26.34,37.82,55.05
4519000,45.58,38.2,27.4,36.47,54.68
4520000,45.47,38.62,27.5,36.39,54.89
4521000,46.28,38.97,26.89,37.56,55.42
4522000,46.04,38.72,26.8,37.03,57.09
4523000,46.06,38.9,27.56,36.43,57.09
4524000,45.71,37.92,27.08,37.01,57.57
4525000,45.98,38.13,26.73,37.37,57.52
4526000,45.9,38.74,26.11,37.14,57.07
4527000,44.28,37.72,26.14,38.03,57.56
4528000,44.46,38.07,26.13,37.74,56.55
4529000,44.4,37.72,26.22,38.11,57.44
4530000,44.23,36.89,26.17,38.49,58.07
4531000,45.43,36.56,25.85,39.23,58.31
4532000,44.61,36.79,25.4,39.5,58.66
4533000,45.7,36.33,25.53,39.52,58.82
4534000,45.74,36.14,25.17,39.77,57.55
4535000,45.8,36.06,25.78,38.82,56.4
4536000,44.17,35.34,25.84,39.1,56.56
4537000,44.21,35.73,25.03,39.29,56.55
4538000,44.84,35.57,23.96,39.13,57.06
4539000,44.53,34.85,23.53,39.5,58.01
4540000,43.6,34.24,23.73,40.47,58.83
4541000,44.02,34.67,23.04,41.47,59.48
4542000,44.27,34.97,23.89,42.19,60.22
4543000,42.64,35.09,24.11,43.14,60.92
4544000,43.22,36.12,24.96,43.99,60.87
4545000,43.46,36.47,24.81,43.14,60.38
4546000,43.62,37.32,25.19,42.95,58.54
4547000,43.16,36.82,25.04,43.13,58.15
4548000,43.89,37.73,25.8,43.42,58.65
4549000,43.35,37.94,25.72,43.29,58.57
4550000,43.2,37.38,26.28,43.46,59.11
4551000,43.88,36.69,25.91,42.99,59.21
4552000,44.4,36.96,25.85,43.25,60.57
4553000,44.3,37.13,26.57,42.47,61.43
4554000,44.49,36.85,26.9,42.73,62.61
4555000,44.59,37.24,26.12,41.97,63.65
4556000,45.42,37.11,26.67,42.57,63.33
4557000,45.55,36.68,27.13,40.87,63.34
4558000,45.34,36.68,27.5,41.09,61.96
4559000,45.43,36.03,27.53,41.42,62.23
4560000,45.49,36.66,28.14,41.63,62.28
4561000,45.4,37.54,27.91,40.68,63.04
4562000,46.39,37.91,28.46,41.65,61.57
4563000,44.92,38.92,27.69,41.83,62.06
4564000,43.37,38.04,27.13,42.47,62.3
4565000,42.37,37.91,27.09,42.93,62.16
4566000,42.32,38.31,27.38,42.41,62.82
4567000,41.78,38.13,27.98,42.18,61.1
4568000,42.6,37.89,28.25,41.6,61.24
4569000,42.77,38.22,27.57,41.79,61.55
4570000,41.6,38.15,27.5,42.52,61.12
4571000,41.48,37.76,27.43,42.0,60.96
4572000,40.99,37.52,26.83,41.77,61.81
4573000,41.92,37.79,27.42,40.77,63.33
4574000,40.81,36.67,26.39,40.93,63.32
4575000,40.17,36.68,27.04,40.91,63.18
4576000,39.94,35.91,27.32,41.88,61.46
4577000,40.01,36.33,26.99,41.86,60.88
4578000,40.52,36.04,26.97,41.35,61.47
4579000,40.79,35.89,27.14,41.89,62.41
4580000,41.44,36.11,26.22,41.62,62.36
4581000,41.91,35.62,26.95,42.37,62.49
4582000,41.7,35.38,27.31,43.23,61.19
4583000,42.53,35.16,27.65,43.89,60.97
4584000,41.52,35.13,27.67,44.21,59.6
4585000,41.5,35.42,28.71,44.5,60.75
4586000,41.24,34.85,29.12,43.51,61.29
4587000,41.34,34.64,29.07,42.77,60.11
4588000,41.57,33.39,28.72,43.57,59.56
4589000,41.77,33.87,28.64,44.2,59.02
4590000,41.54,33.99,28.64,44.07,59.36
4591000,41.8,33.44,29.07,44.57,59.31
4592000,41.74,33.94,28.94,44.35,59.06
4593000,42.88,34.2,29.54,44.17,58.02
4594000,43.37,34.27,29.66,44.65,58.71
4595000,42.7,34.26,29.95,45.41,57.45
4596000,42.76,34.31,30.24,45.38,56.34
4597000,43.95,33.98,30.49,45.36,56.46
4598000,44.59,34.04,30.91,44.56,56.74
4599000,45.22,34.29,30.72,45.29,56.64
4600000,45.22,34.68,30.2,44.92,56.91
4601000,46.97,34.74,30.54,45.31,54.76
4602000,47.83,34.84,30.84,45.29,55.2
4603000,47.49,35.0,30.69,44.72,53.87
4604000,48.39,35.19,30.63,44.55,53.8
4605000,48.35,35.56,30.64,43.69,54.39
4606000,49.08,35.95,30.54,44.64,54.19
4607000,49.02,35.07,31.03,45.74,53.95
4608000,49.11,35.07,31.01,45.58,53.98
4609000,49.71,35.5,29.54,45.37,54.8
4610000,49.92,35.99,29.92,45.71,55.18
4611000,49.23,35.76,30.89,45.69,55.71
4612000,49.7,35.93,29.48,45.52,56.33
4613000,50.73,35.66,30.48,46.48,56.83
4614000,51.08,36.59,30.55,46.69,56.79
4615000,50.25,36.02,30.23,46.73,56.17
4616000,50.06,35.9,31.02,44.84,56.22
4617000,48.81,36.03,30.96,43.75,55.57
4618000,47.06,36.68,31.45,43.84,56.2
4619000,47.56,36.83,30.8,44.51,54.92
4620000,47.6,36.07,30.64,44.27,54.53
4621000,47.72,35.47,30.55,43.78,55.41
4622000,48.18,35.33,30.65,44.14,55.99
4623000,47.94,36.14,31.21,44.71,56.48
4624000,49.04,36.33,30.85,45.26,56.28
4625000,48.32,35.89,30.52,44.59,56.92
4626000,47.99,36.11,30.98,45.08,56.68
4627000,47.48,36.02,31.78,45.97,55.74
4628000,46.87,36.32,31.33,45.2,55.22
4629000,45.6,37.19,31.6,44.89,56.09
4630000,45.73,37.2,31.54,45.22,57.38
4631000,46.15,36.68,32.11,45.05,57.74
4632000,45.7,36.02,31.94,45.81,57.96
4633000,44.6,36.24,31.85,45.41,58.34
4634000,42.42,36.32,32.62,45.81,58.66
4635000,42.25,35.43,32.05,45.98,59.59
4636000,41.57,35.4,32.09,46.21,59.02
4637000,40.86,36.4,31.44,46.57,58.69
4638000,41.49,36.54,31.13,47.21,58.44
4639000,41.84,35.84,31.22,47.5,58.63
4640000,42.33,36.07,31.6,46.89,57.66
4641000,43.33,36.74,31.85,46.48,56.97
4642000,43.32,37.11,31.63,46.0,56.67
4643000,43.9,37.21,32.3,45.81,56.79
4644000,43.53,37.85,32.76,46.06,57.03
4645000,44.46,36.91,32.11,45.22,58.26
4646000,44.78,37.62,32.36,44.27,58.73
4647000,43.41,38.53,32.49,44.16,58.68
4648000,42.65,38.71,32.93,44.23,60.85
4649000,43.52,38.72,33.33,44.1,60.61
4650000,43.87,37.98,33.46,44.36,61.16
4651000,44.49,37.52,34.12,45.16,61.16
4652000,43.96,37.76,33.42,46.11,60.93
4653000,42.85,38.33,33.6,46.39,61.13
4654000,43.5,38.28,33.4,46.83,61.95
4655000,42.76,37.36,33.49,47.08,61.29
4656000,41.55,37.77,33.42,48.45,61.06
4657000,42.59,37.89,33.43,48.79,61.77
4658000,43.53,38.15,33.48,47.17,62.24
4659000,43.89,37.6,34.26,47.14,63.07
4660000,44.17,36.81,34.97,47.4,61.38
4661000,44.86,36.93,34.98,48.28,60.71
4662000,44.83,37.04,35.61,47.0,61.87
4663000,44.11,37.53,35.48,47.46,62.56
4664000,42.89,38.08,35.21,46.8,63.2
4665000,43.19,37.95,35.04,46.93,63.79
4666000,43.52,37.25,34.91,46.61,63.4
4667000,43.2,37.45,35.04,46.11,63.66
4668000,44.54,37.48,35.08,46.51,64.98
4669000,44.47,38.06,34.19,46.4,64.08
4670000,45.09,38.22,35.48,46.64,64.01
4671000,45.77,38.29,35.7,46.57,63.97
4672000,46.52,38.34,36.03,46.85,63.62
4673000,44.56,37.96,36.06,45.75,63.12
4674000,43.18,38.05,36.2,46.54,63.36
4675000,41.77,38.22,36.03,47.22,65.06
4676000,40.75,37.31,35.98,47.41,64.97
4677000,40.34,36.93,36.1,47.64,65.14
4678000,40.64,36.19,35.9,46.79,64.1
4679000,41.7,36.92,35.06,46.52,63.55
4680000,42.75,36.52,35.76,47.5,63.59
4681000,43.47,37.18,35.94,48.01,64.58
4682000,41.9,36.97,36.11,48.51,65.01
4683000,42.07,37.44,35.93,47.89,65.05
4684000,42.61,38.39,35.92,47.48,65.14
4685000,43.5,38.1,35.74,47.76,65.51
4686000,42.81,38.44,34.79,47.06,66.01
4687000,43.32,38.39,34.06,47.29,66.55
4688000,43.4,38.14,34.46,47.15,66.18
4689000,44.81,37.17,34.65,47.2,66.0
4690000,42.82,37.53,35.56,45.61,67.4
4691000,42.93,38.06,35.96,45.81,67.46
4692000,42.51,37.93,36.51,45.9,67.8
4693000,42.23,38.24,37.1,45.8,67.8
4694000,42.8,38.26,37.82,44.92,67.31
4695000,41.68,37.31,38.34,43.65,67.32
4696000,41.96,37.35,38.68,42.69,66.64
4697000,42.69,37.8,38.24,43.69,68.57
4698000,43.2,37.62,38.39,43.36,66.94
4699000,43.27,37.38,38.06,44.54,66.45
4700000,42.23,37.94,37.32,44.58,67.28
4701000,41.43,37.6,37.75,45.12,67.94
4702000,41.39,38.23,37.32,43.78,68.68
4703000,41.09,38.17,37.83,44.02,68.58
4704000,41.38,38.03,38.46,44.08,68.1
4705000,41.69,37.49,38.27,42.93,68.35
4706000,42.51,37.01,37.89,43.89,68.1
4707000,43.26,37.63,37.96,45.09,67.63
4708000,42.13,37.71,38.17,44.98,65.62
4709000,42.2,37.74,39.06,44.79,65.73
4710000,41.14,37.04,39.72,44.62,64.74
4711000,40.32,37.11,39.02,43.79,64.75
4712000,40.31,36.91,38.65,44.04,65.23
4713000,41.74,36.36,38.04,43.06,65.73
4714000,42.15,35.84,37.99,42.85,65.89
4715000,42.45,36.15,38.06,43.43,65.89
4716000,42.77,36.12,38.25,43.92,66.75
4717000,42.16,35.97,38.56,44.54,65.61
4718000,41.49,36.15,38.69,44.41,64.9
4719000,40.24,35.88,38.75,45.32,65.06
4720000,39.42,35.31,38.69,44.88,64.1
4721000,38.56,35.72,39.02,44.17,63.16
4722000,37.58,35.42,38.76,44.0,61.61
4723000,37.64,35.42,37.78,44.22,62.33
4724000,37.41,36.04,36.87,44.57,62.31
4725000,35.53,35.94,36.36,44.31,62.64
4726000,35.21,36.0,36.16,44.33,62.31
4727000,35.71,36.36,36.03,44.61,60.45
4728000,36.53,36.68,35.71,45.4,59.85
4729000,36.15,37.06,36.1,45.9,59.75
4730000,36.66,36.68,35.31,47.06,60.89
4731000,36.32,35.74,35.31,47.92,61.29
4732000,37.04,35.06,35.24,48.9,61.23
4733000,34.63,35.09,35.07,49.44,61.47
4734000,35.59,35.67,35.41,49.44,61.22
4735000,36.71,35.88,35.42,49.74,61.47
4736000,37.44,35.8,35.49,48.96,61.02
4737000,38.12,36.52,35.43,48.25,61.97
4738000,38.92,36.29,36.13,48.74,61.32
4739000,38.42,36.24,35.5,49.46,61.4
4740000,38.65,36.22,35.71,48.86,61.71
4741000,36.84,36.34,35.29,49.74,61.11
4742000,35.92,36.89,35.45,49.61,60.93
4743000,35.85,37.06,35.35,49.6,61.42
4744000,36.1,36.59,34.68,48.88,59.37
4745000,37.06,36.42,34.96,49.16,58.6
4746000,36.54,36.65,35.33,48.91,57.42
4747000,36.98,36.24,35.02,49.96,57.92
4748000,37.33,35.62,34.29,50.17,58.24
4749000,37.84,36.02,34.3,50.95,58.72
4750000,38.78,36.64,34.29,51.54,58.02
4751000,38.44,36.65,35.04,52.82,58.7
4752000,39.21,37.12,35.07,52.46,59.25
4753000,39.28,37.14,35.72,53.35,58.79
4754000,39.46,36.32,35.91,54.48,57.37
4755000,40.07,36.27,36.7,53.2,57.59
4756000,40.34,37.11,36.09,53.26,56.95
4757000,40.21,37.52,35.43,53.24,56.88
4758000,40.26,37.15,35.7,52.71,56.92
4759000,39.97,37.66,36.42,52.86,57.04
4760000,41.17,37.49,35.25,53.51,57.04
4761000,40.38,36.22,35.58,53.08,58.76
4762000,40.59,36.59,34.89,52.94,58.89
4763000,40.99,37.07,35.37,53.7,59.38
4764000,41.41,37.03,34.5,53.97,59.41
4765000,41.9,36.39,34.54,53.94,60.36
4766000,43.17,36.29,34.98,53.11,61.08
4767000,42.35,36.79,34.84,53.35,61.96
4768000,41.15,35.83,34.82,52.19,62.15
4769000,40.87,35.99,34.72,50.61,62.77
4770000,41.02,35.98,35.23,49.12,62.3
4771000,40.88,36.26,36.34,48.78,62.33
4772000,41.5,35.21,35.35,48.9,63.37
4773000,41.16,35.45,35.81,49.91,63.92
4774000,40.6,35.67,35.34,49.74,64.9
4775000,39.29,35.6,36.11,50.21,65.0
4776000,39.64,35.44,36.04,50.2,64.64
4777000,40.41,35.47,37.18,50.81,63.21
4778000,40.25,35.57,37.11,49.23,62.02
4779000,39.92,35.2,36.38,50.0,60.17
4780000,40.59,34.72,35.32,49.33,59.87
4781000,40.95,34.05,34.61,48.05,61.03
4782000,40.95,34.08,34.6,47.23,61.76
4783000,40.93,33.02,34.78,46.68,61.54
4784000,41.28,32.16,34.79,46.6,62.81
4785000,41.02,32.14,34.64,47.05,61.59
4786000,41.89,32.27,35.26,47.42,61.76
4787000,41.77,32.43,35.93,46.11,59.37
4788000,42.61,32.3,36.13,46.21,59.87
4789000,43.29,31.62,36.52,46.65,59.39
4790000,42.81,31.87,35.98,46.41,60.05
4791000,41.08,31.61,35.87,46.78,59.78
4792000,42.02,31.43,36.01,46.58,58.66
4793000,42.04,31.53,35.89,47.08,57.27
4794000,41.07,31.47,36.27,46.38,58.43
4795000,42.16,30.96,36.33,46.79,58.7
4796000,41.87,31.76,36.59,47.57,59.43
4797000,43.2,31.36,37.34,47.03,59.92
4798000,42.67,31.97,37.19,47.42,60.63
4799000,42.79,32.42,37.83,47.81,60.09
4800000,41.6,32.44,37.43,48.42,60.34
4801000,41.42,32.17,37.66,48.44,61.05
4802000,42.05,32.09,37.0,48.3,60.87
4803000,41.9,31.69,37.01,48.37,60.87
4804000,42.77,32.23,37.44,48.15,61.21
4805000,43.13,31.95,36.15,49.21,62.28
4806000,43.15,31.73,35.95,49.82,60.29
4807000,45.02,32.54,36.04,50.34,60.34
4808000,45.32,33.06,36.08,50.95,60.27
4809000,46.03,33.67,36.53,51.42,60.9
4810000,44.81,33.88,36.99,51.11,60.47
4811000,44.29,33.98,37.26,51.3,59.42
4812000,44.2,34.5,37.98,51.53,60.38
4813000,45.23,34.66,37.54,51.04,58.97
4814000,43.99,34.15,37.68,50.64,60.16
4815000,44.38,33.82,37.8,50.07,59.15
4816000,44.78,34.12,37.12,50.78,59.17
4817000,45.14,34.39,37.51,50.29,59.46
4818000,45.09,34.24,37.44,51.0,58.86
4819000,45.85,34.05,36.56,51.5,58.43
4820000,47.23,34.42,36.71,52.3,59.02
4821000,44.47,34.37,36.81,52.54,59.45
4822000,45.0,34.4,36.92,51.17,59.88
4823000,44.64,34.49,36.88,50.14,60.49
4824000,44.63,34.73,36.51,50.41,60.49
4825000,44.43,34.56,36.4,49.87,62.08
4826000,43.95,35.11,36.44,49.61,62.56
4827000,44.33,34.2,35.19,50.5,62.61
4828000,45.03,34.47,35.14,49.38,60.91
4829000,44.55,34.32,35.04,50.17,60.11
4830000,44.01,34.3,35.66,50.28,60.82
4831000,43.63,34.86,35.45,50.2,61.38
4832000,44.15,35.46,35.69,50.26,61.87
4833000,44.03,35.42,35.97,49.66,62.32
4834000,45.47,35.5,35.88,48.8,63.03
4835000,46.14,35.61,36.96,48.76,64.38
4836000,46.36,34.77,37.53,48.67,62.35
4837000,46.05,34.94,38.1,48.65,62.17
4838000,44.85,34.6,37.08,49.24,62.0
4839000,43.93,34.9,36.87,49.83,63.08
4840000,42.4,35.07,36.52,50.23,63.77
4841000,42.52,35.26,36.69,50.15,63.03
4842000,43.23,35.39,37.31,50.88,63.5
4843000,44.23,35.66,36.24,50.69,62.17
4844000,44.52,35.35,36.68,51.52,63.82
4845000,42.94,35.44,36.23,51.09,62.62
4846000,43.26,35.85,36.39,48.88,61.87
4847000,43.83,35.53,36.03,47.38,62.25
4848000,43.57,35.5,35.41,48.21,62.26
4849000,43.3,35.2,35.58,47.82,61.04
4850000,42.97,35.42,35.51,47.78,60.24
4851000,43.64,35.88,35.33,48.58,59.46
4852000,42.09,36.33,34.65,49.51,60.16
4853000,42.78,36.6,35.4,49.69,60.3
4854000,43.49,36.66,35.19,49.35,59.21
4855000,44.25,35.02,35.69,48.85,59.84
4856000,45.23,35.13,35.35,49.39,58.43
4857000,45.17,36.07,35.31,49.24,58.42
4858000,45.59,35.67,34.74,48.45,59.18
4859000,46.49,35.79,35.45,49.31,59.9
4860000,46.25,35.2,36.02,49.25,57.77
4861000,46.65,35.02,35.09,49.45,58.36
4862000,45.77,35.47,35.37,48.52,58.57
4863000,45.25,36.0,34.77,49.2,58.51
4864000,45.05,36.02,35.5,48.72,58.81
4865000,45.61,36.38,35.89,49.01,58.52
4866000,45.75,36.15,35.48,48.61,58.14
4867000,44.67,36.64,35.44,48.66,57.37
4868000,43.13,35.7,34.44,47.68,57.18
4869000,43.27,35.27,35.18,47.96,55.59
4870000,43.69,35.4,35.17,47.93,56.97
4871000,44.9,36.0,35.14,49.22,56.77
4872000,45.62,35.3,35.33,48.96,56.29
4873000,45.52,35.78,36.32,49.38,57.15
4874000,46.38,35.65,36.2,49.06,57.04
4875000,46.56,35.44,37.04,49.19,56.12
4876000,47.23,34.78,36.99,49.21,55.55
4877000,45.55,35.14,37.21,50.13,56.06
4878000,45.84,35.06,37.48,51.29,56.35
4879000,46.68,35.11,38.42,50.85,57.54
4880000,46.7,34.72,38.14,51.23,56.8
4881000,46.27,34.08,38.77,50.98,56.14
4882000,46.35,33.28,38.58,50.11,56.3
4883000,46.62,33.26,38.42,50.71,56.77
4884000,47.03,33.57,38.05,51.8,55.59
4885000,46.67,32.81,37.99,51.81,56.27
4886000,45.93,32.91,38.04,54.04,55.83
4887000,46.79,33.48,38.52,54.44,56.06
4888000,47.49,33.23,37.98,54.01,55.26
4889000,48.04,33.96,39.15,54.41,54.4
4890000,46.86,33.28,39.46,55.33,53.9
4891000,45.11,33.01,38.57,55.4,55.03
4892000,44.85,32.96,38.02,53.95,55.31
4893000,44.85,33.0,37.98,53.13,54.94
4894000,45.78,33.32,38.51,53.27,55.74
4895000,45.63,33.84,39.22,52.64,55.71
4896000,45.51,33.71,38.68,52.63,56.2
4897000,45.22,34.12,38.18,53.2,56.11
4898000,45.64,34.23,38.99,52.73,56.64
4899000,45.36,33.26,38.85,53.31,57.16
4900000,45.06,33.67,38.7,53.41,55.54
4901000,45.34,33.85,39.41,53.67,55.97
4902000,45.97,33.41,39.42,54.09,55.91
4903000,46.53,33.87,39.66,53.53,55.91
4904000,46.96,33.83,40.77,53.46,57.04
4905000,47.35,33.74,40.77,53.77,57.32
4906000,47.26,34.19,42.32,54.23,57.28
4907000,46.17,34.37,42.38,53.17,56.98
4908000,46.67,34.47,43.04,53.65,55.88
4909000,46.71,34.45,43.37,54.27,56.59
4910000,46.48,34.65,42.93,54.74,56.69
4911000,46.38,34.72,42.97,54.67,56.26
4912000,47.56,34.65,43.42,54.17,56.73
4913000,46.61,35.45,43.56,54.32,56.37
4914000,46.61,35.65,43.68,53.58,56.5
4915000,46.92,35.44,43.8,52.85,55.82
4916000,48.14,35.14,43.16,52.16,56.07
4917000,49.1,35.74,44.09,50.91,55.64
4918000,48.34,35.53,44.36,49.36,55.65
4919000,48.48,34.84,45.03,50.15,56.63
4920000,48.56,35.33,45.39,49.49,57.65
4921000,49.0,35.15,45.03,48.85,57.01
4922000,49.47,33.49,43.56,47.66,58.1
4923000,50.15,34.14,43.8,47.2,57.62
4924000,51.07,34.26,44.63,46.77,58.7
4925000,50.24,33.79,44.61,46.55,57.73
4926000,50.49,34.05,45.49,45.36,57.42
4927000,50.47,33.75,46.53,46.01,56.53
4928000,51.07,33.53,47.05,45.43,56.98
4929000,51.8,33.72,46.99,46.15,57.33
4930000,52.67,32.93,47.07,46.31,57.11
4931000,53.55,32.54,47.4,46.84,56.25
4932000,53.47,33.01,47.86,45.58,57.16
4933000,53.71,33.3,48.5,45.46,57.64
4934000,54.25,33.48,49.57,45.36,57.58
4935000,54.8,32.53,49.79,45.38,58.1
4936000,54.4,32.14,50.04,45.64,57.65
4937000,54.24,33.0,50.55,45.51,56.65
4938000,54.27,33.52,49.62,45.91,55.54
4939000,54.58,33.21,49.41,45.48,57.19
4940000,53.91,32.51,50.21,43.81,56.44
4941000,53.92,32.74,50.24,44.65,56.08
4942000,52.98,32.61,48.34,45.11,56.23
4943000,53.26,32.21,48.31,44.27,56.37
4944000,52.01,31.81,48.68,44.28,56.48
4945000,51.87,32.51,48.57,43.51,57.44
4946000,52.64,32.28,48.94,43.37,57.86
4947000,53.26,32.57,48.84,43.54,56.93
4948000,52.29,32.94,48.21,43.25,57.44
4949000,52.35,32.79,47.27,43.39,58.53
4950000,51.49,33.1,47.75,43.15,59.24
4951000,51.42,33.18,47.74,44.67,59.27
4952000,52.62,33.63,47.83,44.99,59.05
4953000,52.84,34.23,47.82,45.5,59.27
4954000,53.33,33.88,48.26,45.6,59.05
4955000,53.02,32.73,47.06,46.04,59.41
4956000,51.98,33.24,46.1,46.39,59.62
4957000,51.31,33.72,46.64,45.98,59.52
4958000,52.66,34.4,47.21,45.01,60.0
4959000,53.09,34.93,47.64,44.07,59.76
4960000,51.93,34.62,47.2,44.43,60.47
4961000,52.16,34.29,47.66,45.07,60.93
4962000,51.86,34.3,47.75,45.54,61.75
4963000,51.79,35.15,48.23,44.73,61.62
4964000,50.87,35.58,46.91,44.52,59.72
4965000,50.97,35.33,46.51,43.92,58.35
4966000,51.17,35.13,46.42,44.45,59.26
4967000,50.23,34.98,47.12,44.76,59.66
4968000,46.81,35.75,46.87,44.1,59.18
4969000,46.62,35.91,46.7,44.15,60.05
4970000,46.62,36.39,46.21,44.5,59.79
4971000,47.72,36.36,47.17,44.41,59.48
4972000,48.21,36.29,45.99,45.39,58.91
4973000,49.85,36.62,46.21,45.48,59.71
4974000,49.1,36.62,46.92,45.58,60.58
4975000,50.67,36.66,46.2,46.55,62.01
4976000,49.95,36.56,47.21,46.34,62.39
4977000,50.32,36.73,47.27,46.0,61.39
4978000,51.13,36.67,46.66,46.03,61.44
4979000,51.24,35.71,45.94,46.18,61.85
4980000,51.73,35.03,46.26,46.92,62.33
4981000,51.49,35.89,46.74,48.14,61.55
4982000,50.47,36.33,46.8,47.71,61.8
4983000,49.5,36.07,47.52,47.36,62.39
4984000,49.73,36.43,47.91,45.7,61.89
4985000,50.18,37.55,48.0,45.09,62.13
4986000,50.5,37.77,47.91,44.22,62.79
4987000,51.18,36.77,47.92,43.62,62.95
4988000,51.07,36.15,48.37,43.58,62.81
4989000,50.57,36.29,48.4,44.16,63.08
4990000,48.91,36.76,48.92,44.27,63.57
4991000,48.47,36.36,48.72,44.63,62.16
4992000,48.48,35.71,48.87,45.23,62.33
4993000,49.32,36.18,49.48,45.27,63.67
4994000,48.28,36.87,48.86,45.15,62.57
4995000,48.99,37.26,48.71,45.06,61.88
4996000,49.46,37.25,48.93,44.99,61.54
4997000,50.16,37.32,49.01,45.77,61.91
4998000,49.56,36.99,48.87,46.37,62.3
4999000,49.05,36.84,48.15,46.96,61.67
