step,seed1,seed2,seed3,seed4,seed5
1000,0.6923077,0.64285713,0.33333334,1.0,0.25
2000,0.5714286,0.4516129,0.37931034,0.60714287,0.2647059
3000,0.55813956,0.36956522,0.52272725,0.73170733,0.39130434
4000,0.60714287,0.4,0.46774194,0.6545454,0.44444445
5000,0.6567164,0.47368422,0.5131579,0.53424656,0.41558442
6000,0.58536583,0.46391752,0.54444444,0.53571427,0.43820226
7000,0.6210526,0.45,0.57,0.53,0.42
8000,0.49,0.54,0.61,0.49,0.47
9000,0.48,0.62,0.57,0.54,0.49
10000,0.43,0.68,0.53,0.45,0.46
11000,0.34,0.66,0.6,0.49,0.46
12000,0.27,0.6,0.58,0.51,0.53
13000,0.31,0.62,0.58,0.45,0.45
14000,0.41,0.6,0.54,0.49,0.5
15000,0.41,0.54,0.51,0.48,0.45
16000,0.42,0.45,0.57,0.5,0.49
17000,0.43,0.43,0.52,0.51,0.42
18000,0.52,0.42,0.52,0.53,0.36
19000,0.53,0.44,0.52,0.55,0.4
20000,0.47,0.35,0.54,0.6,0.42
21000,0.43,0.3,0.63,0.56,0.46
22000,0.53,0.28,0.59,0.54,0.47
23000,0.57,0.37,0.53,0.59,0.39
24000,0.6,0.42,0.4,0.56,0.39
25000,0.58,0.46,0.43,0.52,0.42
26000,0.57,0.46,0.43,0.56,0.36
27000,0.62,0.48,0.37,0.57,0.3
28000,0.66,0.46,0.43,0.61,0.32
29000,0.63,0.38,0.51,0.62,0.37
30000,0.66,0.43,0.55,0.59,0.43
31000,0.68,0.44,0.53,0.55,0.37
32000,0.57,0.44,0.5,0.53,0.41
33000,0.62,0.43,0.53,0.61,0.42
34000,0.6,0.48,0.49,0.62,0.48
35000,0.58,0.48,0.52,0.53,0.5
36000,0.58,0.51,0.5,0.52,0.58
37000,0.54,0.53,0.49,0.54,0.53
38000,0.56,0.56,0.48,0.54,0.59
39000,0.55,0.56,0.52,0.49,0.63
40000,0.52,0.57,0.51,0.45,0.64
41000,0.45,0.62,0.52,0.45,0.59
42000,0.42,0.58,0.51,0.46,0.53
43000,0.42,0.5,0.5,0.48,0.46
44000,0.36,0.47,0.56,0.45,0.55
45000,0.35,0.47,0.53,0.43,0.54
46000,0.35,0.44,0.5,0.43,0.5
47000,0.34,0.36,0.57,0.47,0.57
48000,0.36,0.42,0.55,0.44,0.55
49000,0.38,0.48,0.51,0.43,0.52
50000,0.42,0.53,0.44,0.42,0.4
51000,0.42,0.5,0.41,0.46,0.4
52000,0.45,0.47,0.46,0.48,0.41
53000,0.43,0.51,0.45,0.39,0.47
54000,0.52,0.45,0.46,0.38,0.44
55000,0.57,0.37,0.42,0.39,0.49
56000,0.5,0.34,0.42,0.41,0.58
57000,0.55,0.37,0.49,0.34,0.64
58000,0.64,0.47,0.48,0.38,0.61
59000,0.61,0.43,0.49,0.39,0.57
60000,0.67,0.48,0.59,0.46,0.49
61000,0.55,0.56,0.57,0.49,0.49
62000,0.48,0.61,0.64,0.44,0.35
63000,0.37,0.58,0.68,0.47,0.38
64000,0.37,0.61,0.66,0.47,0.35
65000,0.4,0.53,0.6,0.42,0.3
66000,0.4,0.53,0.5,0.43,0.33
67000,0.43,0.56,0.51,0.42,0.34
68000,0.49,0.47,0.45,0.43,0.36
69000,0.56,0.45,0.44,0.51,0.36
70000,0.6,0.56,0.44,0.57,0.39
71000,0.54,0.48,0.51,0.63,0.45
72000,0.65,0.52,0.53,0.69,0.48
73000,0.75,0.54,0.48,0.66,0.49
74000,0.8,0.54,0.48,0.69,0.47
75000,0.81,0.57,0.47,0.65,0.47
76000,0.75,0.58,0.51,0.59,0.49
77000,0.79,0.55,0.43,0.44,0.44
78000,0.78,0.53,0.45,0.43,0.43
79000,0.72,0.52,0.41,0.4,0.47
80000,0.63,0.49,0.49,0.37,0.49
81000,0.53,0.4,0.51,0.38,0.52
82000,0.58,0.39,0.49,0.38,0.52
83000,0.53,0.37,0.43,0.45,0.58
84000,0.48,0.35,0.52,0.44,0.58
85000,0.51,0.4,0.51,0.41,0.59
86000,0.5,0.39,0.47,0.41,0.59
87000,0.53,0.45,0.48,0.42,0.53
88000,0.53,0.5,0.5,0.47,0.6
89000,0.52,0.47,0.52,0.5,0.69
90000,0.64,0.54,0.42,0.49,0.58
91000,0.64,0.5,0.48,0.51,0.58
92000,0.71,0.54,0.55,0.46,0.57
93000,0.7,0.58,0.55,0.48,0.57
94000,0.67,0.62,0.66,0.52,0.59
95000,0.65,0.5,0.7,0.52,0.58
96000,0.7,0.47,0.73,0.53,0.53
97000,0.61,0.38,0.79,0.53,0.45
98000,0.59,0.41,0.72,0.61,0.46
99000,0.55,0.33,0.71,0.58,0.43
100000,0.46,0.32,0.66,0.59,0.42
101000,0.52,0.31,0.59,0.66,0.46
102000,0.51,0.38,0.63,0.61,0.42
103000,0.49,0.43,0.55,0.67,0.45
104000,0.44,0.47,0.52,0.6,0.45
105000,0.47,0.44,0.59,0.59,0.53
106000,0.5,0.42,0.62,0.53,0.51
107000,0.55,0.42,0.56,0.48,0.54
108000,0.56,0.44,0.56,0.49,0.57
109000,0.61,0.4,0.52,0.44,0.61
110000,0.6,0.4,0.56,0.52,0.66
111000,0.66,0.46,0.54,0.59,0.69
112000,0.64,0.48,0.48,0.65,0.63
113000,0.7,0.48,0.42,0.66,0.59
114000,0.63,0.48,0.45,0.61,0.59
115000,0.58,0.47,0.58,0.61,0.45
116000,0.54,0.5,0.55,0.58,0.48
117000,0.56,0.49,0.55,0.55,0.44
118000,0.52,0.42,0.56,0.57,0.48
119000,0.47,0.43,0.57,0.56,0.44
120000,0.49,0.45,0.6,0.54,0.47
121000,0.5,0.49,0.61,0.6,0.6
122000,0.48,0.49,0.62,0.63,0.61
123000,0.47,0.45,0.52,0.61,0.57
124000,0.55,0.41,0.49,0.68,0.49
125000,0.55,0.42,0.57,0.62,0.43
126000,0.49,0.46,0.57,0.69,0.48
127000,0.49,0.37,0.61,0.69,0.49
128000,0.54,0.37,0.58,0.71,0.42
129000,0.56,0.38,0.63,0.72,0.48
130000,0.57,0.36,0.68,0.71,0.44
131000,0.5,0.37,0.71,0.67,0.52
132000,0.49,0.31,0.68,0.61,0.56
133000,0.55,0.39,0.67,0.56,0.55
134000,0.52,0.45,0.69,0.58,0.57
135000,0.63,0.46,0.68,0.54,0.55
136000,0.6,0.49,0.52,0.48,0.55
137000,0.59,0.47,0.5,0.54,0.48
138000,0.58,0.49,0.45,0.59,0.46
139000,0.54,0.49,0.35,0.6,0.42
140000,0.52,0.46,0.35,0.52,0.46
141000,0.54,0.42,0.29,0.51,0.43
142000,0.45,0.39,0.36,0.5,0.42
143000,0.39,0.46,0.32,0.53,0.48
144000,0.36,0.47,0.34,0.53,0.48
145000,0.34,0.49,0.39,0.54,0.49
146000,0.37,0.56,0.46,0.57,0.51
147000,0.37,0.62,0.47,0.58,0.48
148000,0.41,0.69,0.53,0.61,0.46
149000,0.47,0.76,0.51,0.63,0.45
150000,0.51,0.72,0.48,0.56,0.41
151000,0.56,0.67,0.46,0.5,0.43
152000,0.63,0.65,0.6,0.48,0.41
153000,0.66,0.57,0.65,0.51,0.38
154000,0.69,0.44,0.62,0.4,0.38
155000,0.7,0.48,0.63,0.39,0.41
156000,0.67,0.5,0.62,0.45,0.42
157000,0.67,0.52,0.69,0.41,0.45
158000,0.65,0.51,0.63,0.47,0.49
159000,0.57,0.57,0.46,0.52,0.52
160000,0.65,0.58,0.46,0.48,0.58
161000,0.63,0.61,0.56,0.58,0.63
162000,0.61,0.58,0.55,0.61,0.64
163000,0.56,0.53,0.61,0.5,0.65
164000,0.55,0.49,0.56,0.47,0.67
165000,0.62,0.5,0.63,0.43,0.6
166000,0.58,0.49,0.68,0.43,0.64
167000,0.52,0.51,0.49,0.43,0.65
168000,0.52,0.59,0.51,0.41,0.59
169000,0.52,0.62,0.47,0.46,0.56
170000,0.53,0.63,0.53,0.5,0.58
171000,0.5,0.65,0.56,0.55,0.64
172000,0.48,0.64,0.59,0.57,0.6
173000,0.52,0.61,0.55,0.62,0.64
174000,0.57,0.69,0.62,0.6,0.67
175000,0.52,0.68,0.62,0.65,0.68
176000,0.65,0.57,0.56,0.68,0.74
177000,0.64,0.57,0.54,0.56,0.72
178000,0.63,0.58,0.53,0.63,0.7
179000,0.65,0.55,0.47,0.71,0.72
180000,0.68,0.59,0.42,0.67,0.69
181000,0.62,0.64,0.43,0.7,0.66
182000,0.63,0.61,0.4,0.69,0.67
183000,0.57,0.57,0.38,0.65,0.7
184000,0.5,0.59,0.36,0.63,0.66
185000,0.41,0.61,0.37,0.66,0.62
186000,0.41,0.59,0.39,0.62,0.57
187000,0.41,0.6,0.41,0.65,0.59
188000,0.39,0.57,0.41,0.61,0.5
189000,0.4,0.55,0.41,0.63,0.46
190000,0.39,0.59,0.45,0.65,0.42
191000,0.47,0.58,0.48,0.67,0.46
192000,0.54,0.53,0.52,0.7,0.49
193000,0.63,0.55,0.54,0.65,0.47
194000,0.59,0.59,0.54,0.64,0.5
195000,0.63,0.61,0.52,0.65,0.53
196000,0.64,0.62,0.51,0.58,0.49
197000,0.64,0.6,0.5,0.62,0.57
198000,0.65,0.57,0.49,0.58,0.55
199000,0.57,0.62,0.47,0.62,0.45
200000,0.58,0.64,0.45,0.56,0.44
201000,0.54,0.71,0.5,0.57,0.41
202000,0.59,0.7,0.51,0.51,0.41
203000,0.6,0.73,0.48,0.52,0.38
204000,0.65,0.68,0.47,0.53,0.38
205000,0.67,0.6,0.42,0.55,0.45
206000,0.64,0.57,0.45,0.49,0.51
207000,0.65,0.63,0.37,0.5,0.52
208000,0.63,0.55,0.38,0.42,0.47
209000,0.63,0.51,0.46,0.51,0.54
210000,0.62,0.42,0.47,0.5,0.56
211000,0.63,0.48,0.52,0.48,0.53
212000,0.63,0.54,0.62,0.45,0.49
213000,0.68,0.57,0.61,0.56,0.48
214000,0.69,0.54,0.68,0.64,0.51
215000,0.64,0.54,0.67,0.62,0.6
216000,0.74,0.57,0.61,0.62,0.57
217000,0.74,0.64,0.61,0.56,0.55
218000,0.68,0.69,0.57,0.57,0.56
219000,0.64,0.67,0.52,0.49,0.6
220000,0.69,0.65,0.54,0.52,0.62
221000,0.56,0.64,0.48,0.4,0.62
222000,0.57,0.68,0.52,0.47,0.53
223000,0.57,0.66,0.53,0.54,0.43
224000,0.51,0.69,0.54,0.56,0.43
225000,0.54,0.64,0.57,0.59,0.37
226000,0.55,0.62,0.52,0.63,0.33
227000,0.56,0.57,0.5,0.62,0.36
228000,0.61,0.59,0.5,0.62,0.39
229000,0.6,0.62,0.47,0.64,0.39
230000,0.64,0.51,0.47,0.58,0.42
231000,0.65,0.5,0.45,0.6,0.45
232000,0.64,0.55,0.42,0.6,0.49
233000,0.62,0.56,0.49,0.58,0.52
234000,0.68,0.65,0.52,0.56,0.49
235000,0.69,0.68,0.55,0.61,0.5
236000,0.72,0.58,0.6,0.67,0.5
237000,0.71,0.69,0.54,0.65,0.54
238000,0.76,0.73,0.57,0.65,0.56
239000,0.73,0.75,0.64,0.63,0.51
240000,0.73,0.65,0.57,0.62,0.5
241000,0.72,0.53,0.51,0.64,0.52
242000,0.73,0.55,0.56,0.74,0.52
243000,0.65,0.64,0.48,0.78,0.55
244000,0.69,0.63,0.45,0.71,0.5
245000,0.65,0.62,0.46,0.76,0.49
246000,0.63,0.67,0.41,0.78,0.49
247000,0.69,0.64,0.48,0.83,0.57
248000,0.7,0.61,0.54,0.82,0.57
249000,0.72,0.57,0.5,0.81,0.59
250000,0.73,0.55,0.54,0.74,0.52
251000,0.7,0.56,0.57,0.69,0.51
252000,0.71,0.54,0.55,0.58,0.56
253000,0.69,0.55,0.5,0.58,0.61
254000,0.75,0.57,0.54,0.51,0.56
255000,0.72,0.59,0.44,0.54,0.54
256000,0.83,0.61,0.47,0.56,0.6
257000,0.81,0.63,0.46,0.5,0.6
258000,0.79,0.67,0.46,0.54,0.63
259000,0.78,0.71,0.47,0.58,0.65
260000,0.75,0.7,0.55,0.57,0.7
261000,0.76,0.67,0.57,0.61,0.65
262000,0.75,0.74,0.58,0.63,0.61
263000,0.8,0.68,0.68,0.64,0.63
264000,0.78,0.72,0.64,0.58,0.55
265000,0.74,0.75,0.7,0.6,0.59
266000,0.71,0.77,0.78,0.61,0.64
267000,0.72,0.72,0.84,0.61,0.64
268000,0.79,0.62,0.84,0.5,0.65
269000,0.84,0.64,0.8,0.48,0.67
270000,0.75,0.6,0.78,0.51,0.69
271000,0.7,0.57,0.71,0.51,0.61
272000,0.77,0.58,0.68,0.45,0.62
273000,0.79,0.68,0.69,0.48,0.54
274000,0.77,0.64,0.64,0.47,0.58
275000,0.81,0.68,0.55,0.5,0.46
276000,0.82,0.74,0.57,0.49,0.4
277000,0.77,0.79,0.56,0.52,0.47
278000,0.82,0.87,0.62,0.53,0.51
279000,0.83,0.84,0.65,0.58,0.55
280000,0.8,0.82,0.58,0.68,0.61
281000,0.75,0.87,0.57,0.71,0.51
282000,0.69,0.71,0.57,0.64,0.58
283000,0.62,0.77,0.58,0.72,0.65
284000,0.59,0.78,0.57,0.72,0.7
285000,0.55,0.72,0.54,0.71,0.71
286000,0.57,0.62,0.55,0.68,0.65
287000,0.62,0.65,0.6,0.67,0.73
288000,0.64,0.71,0.56,0.61,0.71
289000,0.68,0.77,0.61,0.58,0.75
290000,0.73,0.85,0.57,0.63,0.83
291000,0.75,0.83,0.58,0.63,0.78
292000,0.75,0.79,0.53,0.68,0.77
293000,0.74,0.79,0.52,0.65,0.84
294000,0.79,0.85,0.49,0.6,0.83
295000,0.8,0.93,0.51,0.52,0.81
296000,0.8,0.96,0.55,0.53,0.74
297000,0.8,0.92,0.51,0.51,0.7
298000,0.75,0.75,0.57,0.51,0.62
299000,0.63,0.81,0.64,0.47,0.58
300000,0.66,0.73,0.7,0.39,0.53
301000,0.57,0.79,0.73,0.41,0.57
302000,0.57,0.76,0.78,0.51,0.62
303000,0.46,0.75,0.82,0.54,0.66
304000,0.46,0.69,0.86,0.54,0.69
305000,0.43,0.71,0.94,0.62,0.74
306000,0.39,0.74,0.92,0.63,0.73
307000,0.39,0.73,0.8,0.6,0.81
308000,0.41,0.79,0.85,0.67,0.79
309000,0.45,0.65,0.82,0.64,0.81
310000,0.5,0.63,0.8,0.59,0.73
311000,0.53,0.57,0.7,0.63,0.68
312000,0.53,0.57,0.64,0.51,0.61
313000,0.57,0.57,0.62,0.52,0.61
314000,0.65,0.55,0.65,0.53,0.61
315000,0.67,0.53,0.59,0.55,0.57
316000,0.76,0.49,0.63,0.53,0.5
317000,0.77,0.53,0.62,0.54,0.51
318000,0.83,0.52,0.61,0.58,0.49
319000,0.76,0.54,0.62,0.55,0.44
320000,0.83,0.56,0.63,0.58,0.56
321000,0.84,0.56,0.62,0.55,0.56
322000,0.88,0.7,0.65,0.42,0.61
323000,0.86,0.78,0.67,0.45,0.57
324000,0.8,0.84,0.73,0.42,0.6
325000,0.82,0.84,0.78,0.44,0.68
326000,0.74,0.92,0.84,0.46,0.69
327000,0.69,1.03,0.77,0.54,0.74
328000,0.69,1.03,0.79,0.59,0.72
329000,0.7,1.04,0.79,0.6,0.64
330000,0.77,1.04,0.79,0.69,0.65
331000,0.7,1.07,0.87,0.66,0.69
332000,0.73,0.86,0.83,0.7,0.73
333000,0.75,0.77,0.77,0.69,0.79
334000,0.69,0.77,0.66,0.65,0.82
335000,0.7,0.68,0.65,0.61,0.82
336000,0.8,0.66,0.66,0.57,0.75
337000,0.78,0.67,0.59,0.58,0.82
338000,0.68,0.71,0.67,0.62,0.85
339000,0.65,0.7,0.61,0.65,0.79
340000,0.65,0.69,0.58,0.79,0.73
341000,0.57,0.84,0.57,0.78,0.72
342000,0.64,0.97,0.58,0.77,0.6
343000,0.64,0.99,0.56,0.88,0.6
344000,0.58,0.99,0.61,0.92,0.61
345000,0.52,1.06,0.5,0.88,0.57
346000,0.54,1.03,0.5,0.79,0.52
347000,0.52,0.97,0.53,0.77,0.48
348000,0.52,0.98,0.48,0.63,0.58
349000,0.53,1.0,0.49,0.69,0.58
350000,0.4,0.96,0.55,0.7,0.64
351000,0.44,0.84,0.57,0.69,0.62
352000,0.44,0.65,0.55,0.7,0.68
353000,0.45,0.61,0.58,0.66,0.73
354000,0.46,0.59,0.58,0.67,0.79
355000,0.63,0.63,0.69,0.69,0.84
356000,0.57,0.64,0.7,0.72,0.91
357000,0.65,0.59,0.72,0.81,0.91
358000,0.77,0.5,0.63,0.83,0.89
359000,0.76,0.48,0.69,0.85,0.86
360000,0.81,0.57,0.71,0.76,0.86
361000,0.84,0.57,0.81,0.75,0.86
362000,0.88,0.62,0.83,0.76,0.83
363000,0.94,0.59,0.85,0.73,0.72
364000,1.01,0.55,0.79,0.73,0.6
365000,0.93,0.54,0.8,0.59,0.58
366000,0.97,0.61,0.81,0.57,0.6
367000,0.89,0.63,0.86,0.58,0.58
368000,0.92,0.64,0.8,0.69,0.59
369000,0.9,0.63,0.87,0.66,0.47
370000,0.9,0.65,0.75,0.72,0.47
371000,0.88,0.67,0.75,0.73,0.52
372000,0.9,0.76,0.8,0.77,0.56
373000,0.9,0.79,0.81,0.79,0.56
374000,0.87,0.78,0.79,0.73,0.57
375000,0.89,0.86,0.81,0.7,0.55
376000,0.96,0.84,0.76,0.63,0.56
377000,0.91,0.84,0.77,0.59,0.57
378000,0.9,0.88,0.67,0.6,0.66
379000,0.87,0.85,0.72,0.56,0.65
380000,0.86,0.91,0.79,0.56,0.71
381000,0.86,0.93,0.72,0.53,0.63
382000,0.88,0.92,0.65,0.54,0.65
383000,0.89,0.87,0.7,0.57,0.63
384000,0.87,0.88,0.66,0.59,0.61
385000,0.91,0.87,0.67,0.63,0.6
386000,0.9,0.94,0.72,0.63,0.68
387000,0.89,0.99,0.79,0.65,0.61
388000,0.83,0.97,0.74,0.66,0.62
389000,0.81,0.96,0.69,0.62,0.69
390000,0.89,0.97,0.72,0.62,0.68
391000,0.9,0.92,0.74,0.66,0.69
392000,0.86,0.92,0.77,0.62,0.74
393000,0.8,0.86,0.76,0.61,0.72
394000,0.79,0.81,0.83,0.59,0.73
395000,0.71,0.83,0.85,0.56,0.69
396000,0.76,0.85,0.84,0.53,0.68
397000,0.84,0.78,0.83,0.53,0.66
398000,0.88,0.76,0.81,0.53,0.61
399000,0.88,0.71,0.82,0.55,0.62
400000,0.86,0.68,0.84,0.54,0.64
401000,0.83,0.63,0.91,0.54,0.67
402000,0.78,0.62,0.81,0.59,0.6
403000,0.77,0.71,0.8,0.67,0.59
404000,0.84,0.68,0.74,0.68,0.58
405000,0.74,0.69,0.75,0.76,0.57
406000,0.76,0.67,0.73,0.78,0.6
407000,0.71,0.64,0.77,0.81,0.66
408000,0.75,0.72,0.76,0.82,0.78
409000,0.81,0.79,0.8,0.81,0.84
410000,0.84,0.82,0.81,0.8,0.78
411000,0.84,0.81,0.81,0.79,0.78
412000,0.9,0.81,0.79,0.79,0.81
413000,0.92,0.82,0.81,0.72,0.83
414000,0.97,0.81,0.84,0.71,0.81
415000,0.98,0.79,0.9,0.69,0.91
416000,0.96,0.79,0.79,0.61,0.88
417000,0.97,0.75,0.69,0.61,0.9
418000,1.01,0.66,0.7,0.61,0.8
419000,1.0,0.68,0.76,0.64,0.76
420000,1.03,0.66,0.77,0.68,0.75
421000,0.95,0.7,0.82,0.65,0.79
422000,0.9,0.69,0.84,0.69,0.79
423000,0.91,0.61,0.79,0.71,0.76
424000,0.95,0.59,0.74,0.7,0.88
425000,0.91,0.55,0.73,0.67,0.78
426000,0.89,0.62,0.8,0.64,0.83
427000,0.85,0.69,0.81,0.66,0.83
428000,0.89,0.71,0.83,0.6,0.73
429000,0.97,0.78,0.76,0.56,0.78
430000,0.92,0.8,0.77,0.63,0.78
431000,0.96,0.77,0.72,0.57,0.71
432000,1.01,0.78,0.75,0.58,0.72
433000,0.99,0.84,0.8,0.58,0.75
434000,0.93,0.85,0.77,0.62,0.71
435000,0.99,0.84,0.69,0.63,0.77
436000,0.99,0.79,0.65,0.67,0.71
437000,0.99,0.87,0.67,0.72,0.74
438000,0.97,0.76,0.66,0.73,0.76
439000,0.91,0.78,0.74,0.63,0.82
440000,0.93,0.61,0.79,0.66,0.79
441000,0.98,0.62,0.7,0.68,0.83
442000,1.0,0.66,0.73,0.7,0.83
443000,1.0,0.65,0.77,0.75,0.79
444000,1.01,0.65,0.81,0.76,0.82
445000,1.03,0.67,0.88,0.68,0.75
446000,1.08,0.66,0.9,0.62,0.79
447000,1.13,0.66,0.91,0.62,0.79
448000,1.09,0.76,0.91,0.61,0.74
449000,1.08,0.7,0.88,0.63,0.7
450000,1.12,0.73,0.9,0.63,0.62
451000,1.05,0.73,0.95,0.63,0.6
452000,1.03,0.76,0.98,0.62,0.56
453000,0.99,0.73,1.02,0.56,0.55
454000,0.98,0.72,1.01,0.67,0.61
455000,1.07,0.74,1.12,0.73,0.65
456000,1.0,0.75,1.08,0.73,0.65
457000,1.0,0.72,1.07,0.76,0.67
458000,1.05,0.62,1.04,0.78,0.69
459000,1.09,0.68,1.08,0.69,0.73
460000,1.07,0.75,1.16,0.76,0.74
461000,1.12,0.81,1.12,0.73,0.85
462000,1.12,0.85,1.2,0.85,0.85
463000,1.07,0.8,1.2,0.84,0.89
464000,0.97,0.86,1.12,0.89,0.87
465000,0.94,0.85,1.03,0.85,0.83
466000,0.84,0.85,1.09,0.8,0.77
467000,0.87,0.94,1.08,0.82,0.76
468000,0.85,0.93,1.14,0.78,0.76
469000,0.86,0.89,1.14,0.74,0.7
470000,0.85,0.81,1.09,0.73,0.68
471000,0.86,0.86,1.14,0.71,0.65
472000,0.8,0.85,1.12,0.68,0.66
473000,0.78,0.75,1.11,0.62,0.66
474000,0.89,0.82,1.11,0.62,0.62
475000,0.87,0.75,1.03,0.69,0.7
476000,0.9,0.72,1.06,0.71,0.66
477000,0.91,0.7,1.03,0.78,0.64
478000,0.89,0.69,1.0,0.81,0.67
479000,0.92,0.71,1.07,0.89,0.8
480000,0.92,0.69,0.98,0.89,0.86
481000,0.97,0.66,0.97,0.85,0.92
482000,1.01,0.74,0.99,0.87,0.88
483000,0.97,0.66,1.03,0.91,0.88
484000,0.99,0.65,1.07,0.97,0.93
485000,1.02,0.65,1.13,0.97,0.91
486000,1.04,0.62,1.08,0.95,0.95
487000,1.11,0.68,1.06,0.9,1.01
488000,1.08,0.74,1.02,0.84,0.83
489000,1.12,0.81,1.04,0.77,0.83
490000,1.16,0.86,1.04,0.78,0.77
491000,1.33,0.91,1.1,0.84,0.78
492000,1.3,0.92,1.12,0.83,0.74
493000,1.24,0.96,1.01,0.75,0.77
494000,1.24,1.02,0.98,0.71,0.8
495000,1.21,1.07,1.0,0.69,0.77
496000,1.06,1.11,1.1,0.63,0.76
497000,0.95,1.15,1.14,0.67,0.73
498000,0.95,1.08,1.22,0.64,0.78
499000,0.89,1.05,1.16,0.69,0.84
500000,0.8,1.02,1.14,0.65,0.83
501000,0.63,0.99,1.26,0.67,0.84
502000,0.65,1.01,1.23,0.68,0.98
503000,0.72,0.98,1.28,0.64,0.95
504000,0.79,0.9,1.2,0.63,0.96
505000,0.91,0.96,1.3,0.65,1.05
506000,1.05,0.98,1.35,0.68,0.99
507000,1.14,0.95,1.3,0.68,1.04
508000,1.29,0.93,1.32,0.68,0.87
509000,1.35,0.92,1.36,0.66,0.88
510000,1.45,0.95,1.22,0.65,0.88
511000,1.5,0.89,1.26,0.73,0.83
512000,1.56,0.9,1.19,0.76,0.86
513000,1.58,0.94,1.12,0.7,0.84
514000,1.63,0.9,1.06,0.69,0.73
515000,1.67,0.9,1.06,0.72,0.73
516000,1.57,0.92,1.0,0.68,0.7
517000,1.5,0.94,0.84,0.72,0.78
518000,1.36,1.04,0.74,0.75,0.78
519000,1.39,1.1,0.69,0.85,0.75
520000,1.29,1.17,0.78,0.77,0.7
521000,1.34,1.16,0.79,0.76,0.6
522000,1.22,1.18,0.73,0.81,0.56
523000,1.27,1.17,0.76,0.87,0.6
524000,1.16,1.13,0.71,0.87,0.6
525000,1.12,1.06,0.75,0.93,0.63
526000,1.13,1.13,0.69,0.94,0.61
527000,1.16,1.06,0.69,0.97,0.59
528000,1.14,1.12,0.75,1.0,0.58
529000,1.1,0.99,0.73,1.0,0.59
530000,1.11,0.9,0.64,1.08,0.58
531000,1.18,0.88,0.71,1.16,0.6
532000,1.25,0.77,0.74,1.22,0.63
533000,1.29,0.77,0.75,1.26,0.64
534000,1.3,0.78,0.93,1.26,0.64
535000,1.42,0.75,0.91,1.26,0.7
536000,1.46,0.77,1.04,1.12,0.76
537000,1.51,0.64,1.12,1.04,0.82
538000,1.56,0.65,1.19,0.96,0.85
539000,1.6,0.62,1.14,0.95,0.88
540000,1.66,0.72,1.23,0.89,0.89
541000,1.57,0.71,1.27,0.8,0.98
542000,1.56,0.84,1.28,0.83,1.03
543000,1.63,0.8,1.26,0.79,1.05
544000,1.63,0.85,1.34,0.85,1.09
545000,1.6,0.88,1.25,0.84,1.05
546000,1.64,0.88,1.27,0.82,1.07
547000,1.61,0.9,1.14,0.85,0.95
548000,1.65,0.92,1.13,0.87,1.06
549000,1.62,0.9,1.21,0.91,1.06
550000,1.67,0.84,1.24,0.98,1.0
551000,1.76,0.73,1.2,1.05,0.92
552000,1.73,0.79,1.26,1.09,0.9
553000,1.78,0.85,1.29,1.03,0.93
554000,1.79,0.83,1.44,1.08,0.93
555000,1.82,0.84,1.42,1.07,0.85
556000,1.77,0.81,1.34,1.07,0.84
557000,1.71,0.84,1.29,1.07,0.9
558000,1.77,0.89,1.29,1.05,0.84
559000,1.72,0.9,1.31,1.04,0.92
560000,1.71,0.9,1.31,1.0,1.01
561000,1.66,0.87,1.12,1.04,0.98
562000,1.69,0.87,0.96,0.93,1.07
563000,1.67,0.89,0.82,0.89,1.0
564000,1.7,0.9,0.86,0.92,1.13
565000,1.78,0.99,0.85,0.92,1.27
566000,1.81,1.0,0.98,0.99,1.38
567000,1.75,1.0,0.9,0.96,1.37
568000,1.68,1.04,1.0,0.96,1.34
569000,1.62,1.1,0.92,0.93,1.32
570000,1.63,1.13,0.97,0.97,1.44
571000,1.63,1.18,1.1,0.99,1.37
572000,1.51,1.09,1.15,0.97,1.43
573000,1.55,1.16,1.24,1.01,1.45
574000,1.47,1.24,1.26,1.08,1.28
575000,1.4,1.28,1.26,1.05,1.33
576000,1.42,1.34,1.27,1.09,1.33
577000,1.52,1.32,1.26,1.06,1.41
578000,1.54,1.3,1.26,1.13,1.44
579000,1.59,1.34,1.24,1.08,1.58
580000,1.51,1.4,1.35,0.99,1.52
581000,1.6,1.3,1.34,0.97,1.63
582000,1.53,1.43,1.27,0.97,1.61
583000,1.52,1.32,1.21,0.93,1.66
584000,1.43,1.21,1.27,0.78,1.56
585000,1.39,1.1,1.24,0.86,1.67
586000,1.31,1.2,1.3,0.87,1.62
587000,1.25,1.19,1.28,0.94,1.63
588000,1.29,1.23,1.34,0.92,1.63
589000,1.24,1.17,1.26,0.95,1.49
590000,1.32,1.12,1.18,1.08,1.48
591000,1.46,1.15,1.29,1.18,1.56
592000,1.58,1.17,1.32,1.23,1.47
593000,1.55,1.16,1.31,1.22,1.49
594000,1.64,1.24,1.36,1.21,1.56
595000,1.62,1.28,1.34,1.11,1.58
596000,1.68,1.34,1.33,1.14,1.57
597000,1.79,1.36,1.4,1.09,1.54
598000,1.8,1.34,1.43,1.2,1.63
599000,1.83,1.29,1.53,1.14,1.65
600000,1.71,1.34,1.53,1.14,1.68
601000,1.58,1.31,1.57,1.26,1.67
602000,1.72,1.5,1.69,1.36,1.63
603000,1.73,1.51,1.63,1.33,1.68
604000,1.67,1.48,1.54,1.45,1.61
605000,1.68,1.49,1.53,1.5,1.56
606000,1.62,1.43,1.42,1.44,1.52
607000,1.75,1.45,1.38,1.45,1.53
608000,1.83,1.49,1.19,1.4,1.71
609000,1.81,1.47,1.18,1.53,1.56
610000,1.92,1.58,1.21,1.54,1.54
611000,1.95,1.56,1.14,1.52,1.58
612000,2.11,1.61,1.04,1.42,1.7
613000,1.9,1.46,1.06,1.46,1.74
614000,1.91,1.39,1.13,1.48,1.72
615000,1.89,1.42,1.16,1.43,1.66
616000,1.92,1.35,1.25,1.56,1.58
617000,1.84,1.39,1.33,1.6,1.66
618000,1.76,1.36,1.34,1.65,1.65
619000,1.67,1.22,1.32,1.69,1.63
620000,1.73,1.19,1.3,1.62,1.73
621000,1.58,1.19,1.36,1.5,1.8
622000,1.49,1.17,1.51,1.6,1.79
623000,1.48,1.17,1.61,1.57,1.68
624000,1.44,1.08,1.44,1.51,1.77
625000,1.44,1.15,1.53,1.68,1.89
626000,1.45,1.06,1.5,1.71,1.94
627000,1.62,1.07,1.62,1.65,1.96
628000,1.56,1.15,1.46,1.71,2.01
629000,1.55,1.23,1.53,1.58,2.04
630000,1.63,1.28,1.53,1.69,2.07
631000,1.82,1.21,1.54,1.62,2.12
632000,1.84,1.19,1.56,1.6,1.95
633000,2.02,1.24,1.45,1.46,2.03
634000,2.13,1.24,1.34,1.47,2.05
635000,2.13,1.37,1.34,1.41,2.01
636000,2.17,1.4,1.36,1.03,2.01
637000,2.24,1.46,1.34,1.0,2.02
638000,2.15,1.42,1.37,0.81,1.91
639000,2.21,1.38,1.33,0.81,1.96
640000,2.15,1.37,1.45,0.6,2.03
641000,2.04,1.48,1.39,0.48,1.96
642000,1.94,1.52,1.47,0.52,2.05
643000,1.93,1.51,1.52,0.45,2.1
644000,1.83,1.64,1.63,0.48,2.23
645000,1.92,1.61,1.67,0.48,2.33
646000,2.02,1.59,1.68,0.43,2.22
647000,2.07,1.54,1.67,0.5,2.17
648000,1.98,1.52,1.62,0.51,2.07
649000,2.09,1.46,1.6,0.57,2.07
650000,2.21,1.48,1.57,0.6,2.0
651000,2.09,1.52,1.54,0.65,2.03
652000,2.29,1.56,1.6,0.66,1.92
653000,2.27,1.47,1.52,0.68,1.89
654000,2.11,1.55,1.43,0.71,1.76
655000,2.02,1.57,1.36,0.69,1.62
656000,1.92,1.53,1.43,0.74,1.53
657000,1.79,1.57,1.42,0.72,1.46
658000,1.78,1.55,1.5,0.69,1.51
659000,1.92,1.51,1.53,0.64,1.54
660000,1.74,1.58,1.62,0.6,1.62
661000,1.85,1.44,1.69,0.62,1.66
662000,1.75,1.52,1.74,0.59,1.68
663000,1.75,1.47,1.69,0.58,1.84
664000,1.82,1.42,1.83,0.65,1.79
665000,1.91,1.44,1.75,0.68,1.83
666000,1.83,1.32,1.76,0.73,1.81
667000,1.83,1.42,1.69,0.81,1.92
668000,1.86,1.42,1.69,0.83,1.82
669000,1.96,1.34,1.65,0.86,1.83
670000,1.73,1.41,1.59,0.89,1.86
671000,1.9,1.48,1.51,1.01,1.88
672000,1.9,1.45,1.54,1.09,1.94
673000,1.84,1.5,1.53,1.06,2.03
674000,1.93,1.55,1.49,1.14,1.91
675000,2.01,1.59,1.54,1.3,2.04
676000,2.02,1.56,1.45,1.31,2.01
677000,2.07,1.66,1.49,1.33,2.01
678000,2.12,1.7,1.43,1.33,1.98
679000,2.26,1.64,1.48,1.31,2.07
680000,2.3,1.63,1.48,1.31,1.95
681000,2.35,1.69,1.48,1.28,1.96
682000,2.32,1.66,1.51,1.29,2.05
683000,2.05,1.73,1.61,1.3,2.09
684000,2.17,1.63,1.77,1.36,2.01
685000,2.18,1.46,1.79,1.22,1.88
686000,1.84,1.38,1.72,1.19,1.91
687000,1.88,1.28,1.61,1.08,1.83
688000,1.89,1.2,1.65,0.99,1.81
689000,1.68,1.03,1.61,1.08,1.72
690000,1.64,1.05,1.53,1.17,1.74
691000,1.71,0.97,1.59,1.35,1.93
692000,1.86,0.87,1.43,1.35,2.06
693000,1.96,0.81,1.27,1.4,1.99
694000,2.09,0.79,1.19,1.4,1.95
695000,2.0,0.84,1.28,1.36,1.89
696000,1.98,0.9,1.37,1.33,1.82
697000,2.07,0.92,1.46,1.43,1.9
698000,2.05,0.96,1.5,1.42,1.88
699000,1.96,0.96,1.57,1.45,1.87
700000,2.06,1.05,1.61,1.48,1.91
701000,2.21,1.1,1.63,1.4,2.04
702000,2.27,1.2,1.75,1.14,2.08
703000,2.08,1.28,1.75,1.1,1.87
704000,1.97,1.37,1.83,0.9,1.9
705000,2.0,1.45,1.84,0.92,1.86
706000,1.98,1.54,1.79,0.91,1.86
707000,2.02,1.6,1.84,0.9,1.8
708000,2.06,1.59,1.82,0.88,1.68
709000,2.08,1.63,1.84,0.94,1.67
710000,1.93,1.63,1.79,0.92,1.76
711000,1.72,1.63,1.7,0.99,1.61
712000,1.83,1.64,1.65,1.02,1.67
713000,1.91,1.56,1.73,1.05,1.5
714000,2.09,1.65,1.68,1.14,1.48
715000,2.1,1.58,1.66,1.22,1.45
716000,1.96,1.55,1.58,1.36,1.51
717000,2.13,1.43,1.64,1.37,1.52
718000,2.15,1.4,1.7,1.39,1.68
719000,2.25,1.37,1.75,1.37,1.78
720000,2.15,1.4,1.82,1.42,1.84
721000,2.2,1.48,2.03,1.45,1.89
722000,2.1,1.47,1.92,1.48,1.84
723000,2.07,1.49,1.96,1.37,1.9
724000,2.01,1.43,1.95,1.47,2.02
725000,2.07,1.39,1.9,1.52,2.11
726000,2.07,1.38,2.17,1.49,2.11
727000,2.13,1.32,2.37,1.5,1.96
728000,2.22,1.34,2.33,1.49,1.91
729000,2.18,1.34,2.21,1.53,1.96
730000,2.1,1.16,2.11,1.57,1.83
731000,2.26,1.17,2.04,1.59,1.86
732000,2.25,1.18,1.94,1.53,2.04
733000,2.35,1.17,2.04,1.58,2.13
734000,2.39,1.23,2.09,1.61,2.21
735000,2.4,1.25,2.01,1.72,2.06
736000,2.53,1.34,1.88,1.79,2.1
737000,2.52,1.32,1.84,1.83,2.17
738000,2.56,1.35,1.69,1.8,2.32
739000,2.63,1.31,1.83,1.7,2.4
740000,2.75,1.42,1.85,1.65,2.38
741000,2.79,1.49,1.95,1.63,2.37
742000,2.89,1.67,2.08,1.59,2.5
743000,2.76,1.6,2.1,1.6,2.25
744000,2.74,1.65,1.96,1.6,2.23
745000,2.78,1.73,1.9,1.49,2.22
746000,2.61,1.88,2.02,1.22,2.26
747000,2.63,1.88,1.99,1.09,2.17
748000,2.32,1.88,1.9,1.03,1.97
749000,2.44,1.8,2.03,1.02,2.08
750000,2.4,1.8,1.9,1.05,2.02
751000,2.43,1.85,1.98,1.06,2.17
752000,2.29,1.88,1.92,1.07,2.21
753000,2.2,1.81,1.79,1.19,2.16
754000,2.27,1.71,1.78,1.15,2.2
755000,2.3,1.76,1.88,1.13,2.17
756000,2.39,1.81,1.87,1.2,2.15
757000,2.3,1.89,1.98,1.24,2.19
758000,2.41,1.71,2.02,1.24,2.31
759000,2.48,1.73,1.85,1.36,2.34
760000,2.58,1.82,1.95,1.37,2.35
761000,2.68,1.85,2.09,1.38,2.5
762000,2.37,2.0,1.99,1.31,2.34
763000,2.33,1.98,1.98,1.28,2.31
764000,2.36,2.03,2.03,1.23,2.42
765000,2.38,2.07,2.1,1.22,2.47
766000,2.22,2.24,2.27,1.35,2.39
767000,2.29,2.24,2.03,1.25,2.55
768000,2.15,2.14,1.93,1.31,2.59
769000,2.19,2.17,1.95,1.35,2.56
770000,2.16,2.22,1.98,1.35,2.67
771000,2.19,2.17,1.94,1.32,2.63
772000,2.2,2.13,1.83,1.38,2.83
773000,2.28,2.11,1.75,1.32,2.83
774000,2.45,2.17,1.86,1.32,2.8
775000,2.34,2.36,1.93,1.35,2.73
776000,2.39,2.21,1.72,1.47,2.74
777000,2.41,1.98,1.75,1.38,2.66
778000,2.5,2.06,1.68,1.37,2.75
779000,2.46,2.05,1.8,1.39,2.91
780000,2.56,2.03,1.89,1.39,2.84
781000,2.62,2.05,1.83,1.34,2.82
782000,2.71,1.99,1.97,1.34,2.8
783000,2.54,2.05,1.9,1.46,2.68
784000,2.47,1.98,1.94,1.47,2.5
785000,2.57,1.96,1.89,1.53,2.56
786000,2.58,1.92,1.88,1.54,2.64
787000,2.65,2.0,2.02,1.47,2.49
788000,2.65,2.06,2.09,1.59,2.49
789000,2.72,2.12,2.14,1.6,2.6
790000,2.68,2.03,2.24,1.57,2.69
791000,2.62,2.16,2.28,1.63,2.6
792000,2.53,2.19,2.14,1.8,2.47
793000,2.57,2.29,2.06,1.85,2.52
794000,2.76,2.35,2.16,1.73,2.71
795000,2.81,2.32,2.05,1.76,2.49
796000,2.71,2.33,2.04,1.78,2.39
797000,2.83,2.41,2.06,1.89,2.5
798000,2.43,2.31,2.14,1.79,2.38
799000,2.44,2.24,2.08,1.85,2.39
800000,2.54,2.17,2.1,1.88,2.51
801000,2.5,2.09,2.0,1.93,2.45
802000,2.46,1.78,2.15,1.86,2.44
803000,2.49,1.72,2.17,1.72,2.51
804000,2.5,1.73,2.3,1.51,2.44
805000,2.29,1.56,2.24,1.57,2.41
806000,2.31,1.64,2.37,1.64,2.31
807000,2.29,1.69,2.59,1.56,2.54
808000,2.18,1.87,2.63,1.52,2.67
809000,2.23,1.82,2.65,1.47,2.74
810000,2.08,1.87,2.54,1.47,2.71
811000,2.05,1.98,2.35,1.44,2.73
812000,2.0,2.02,2.53,1.45,2.78
813000,1.94,2.12,2.35,1.54,2.64
814000,1.99,2.24,2.35,1.59,2.62
815000,1.92,2.2,2.32,1.68,2.65
816000,1.95,2.28,2.12,1.62,2.77
817000,2.0,2.3,2.01,1.72,2.97
818000,1.92,2.34,1.91,1.72,2.97
819000,2.09,2.22,1.83,1.85,2.95
820000,2.25,2.12,2.11,1.95,2.8
821000,2.18,2.18,2.12,2.02,2.94
822000,2.22,2.22,2.21,1.96,3.03
823000,2.32,2.25,2.24,1.94,3.0
824000,2.41,2.33,2.19,1.89,2.93
825000,2.47,2.29,2.05,1.91,3.04
826000,2.36,2.42,2.24,1.94,3.09
827000,2.49,2.5,2.36,2.05,3.17
828000,2.52,2.63,2.18,2.12,3.18
829000,2.45,2.74,2.28,2.19,3.04
830000,2.6,2.75,2.24,2.23,3.11
831000,2.71,2.9,2.03,2.21,2.97
832000,2.32,2.86,2.16,2.22,3.12
833000,2.55,2.95,2.11,2.22,3.02
834000,2.52,2.91,1.97,2.18,3.08
835000,2.7,3.02,2.09,2.28,3.01
836000,2.49,2.94,2.24,2.41,3.08
837000,2.5,2.96,2.31,2.49,3.19
838000,2.51,2.97,2.23,2.5,3.33
839000,2.43,3.05,2.35,2.64,3.44
840000,2.5,2.95,2.36,2.5,3.44
841000,2.6,2.93,2.43,2.51,3.46
842000,2.47,2.93,2.13,2.53,3.59
843000,2.55,3.03,2.19,2.46,3.76
844000,2.68,2.94,2.36,2.48,3.75
845000,2.66,2.97,2.26,2.43,3.77
846000,2.36,2.86,1.93,2.51,3.78
847000,2.48,2.81,1.94,2.6,3.67
848000,2.46,2.86,1.92,2.71,3.7
849000,2.47,2.75,1.97,2.68,3.95
850000,2.55,2.62,2.03,2.61,3.83
851000,2.58,2.66,2.1,2.5,3.5
852000,2.58,2.62,2.15,2.23,3.24
853000,2.75,2.53,2.23,2.31,3.16
854000,2.64,2.43,2.45,2.27,3.24
855000,2.58,2.21,2.34,2.37,3.31
856000,2.88,2.1,2.54,2.43,3.33
857000,2.98,2.12,2.67,2.52,3.51
858000,3.01,2.24,2.75,2.46,3.2
859000,3.14,2.33,2.89,2.11,3.19
860000,3.3,2.22,2.92,2.16,3.25
861000,3.25,2.24,2.88,2.03,3.22
862000,3.41,2.39,2.83,1.95,3.14
863000,3.45,2.21,2.89,2.03,3.09
864000,3.53,2.21,2.8,2.14,3.07
865000,3.45,2.24,3.05,2.11,3.2
866000,3.38,2.36,2.93,2.01,3.18
867000,3.34,2.38,3.0,1.9,3.22
868000,3.3,2.45,2.79,1.93,3.19
869000,3.06,2.52,2.46,2.02,3.02
870000,3.0,2.47,2.52,2.11,2.72
871000,2.88,2.21,2.35,2.16,2.69
872000,2.83,2.28,2.43,2.11,2.92
873000,2.78,2.19,2.51,2.05,2.83
874000,2.76,2.22,2.66,2.2,2.81
875000,2.84,2.3,2.49,2.32,2.87
876000,2.86,2.2,2.29,2.36,2.82
877000,2.8,2.07,2.49,2.39,2.86
878000,3.02,2.02,2.41,2.41,2.79
879000,2.95,2.28,2.54,2.36,2.95
880000,2.93,2.25,2.64,2.33,2.9
881000,3.03,2.34,2.62,2.33,2.9
882000,2.77,2.36,2.82,2.27,2.97
883000,2.74,2.45,2.74,2.26,3.05
884000,2.71,2.62,2.66,2.34,3.23
885000,2.86,2.9,2.4,2.27,3.26
886000,2.73,2.95,2.46,2.24,3.09
887000,2.73,3.08,2.21,2.11,3.14
888000,2.68,3.1,2.17,1.88,3.51
889000,2.67,3.18,2.19,1.97,3.44
890000,2.76,3.13,2.19,2.12,3.49
891000,2.71,3.25,2.17,2.18,3.49
892000,2.61,3.21,1.91,2.24,3.59
893000,2.93,3.46,2.09,2.31,3.56
894000,3.05,3.46,2.09,2.26,3.69
895000,2.86,3.27,2.28,2.38,3.86
896000,2.92,3.18,2.37,2.39,3.82
897000,2.95,3.33,2.41,2.16,3.55
898000,3.05,3.32,2.49,2.4,3.55
899000,2.94,3.37,2.65,2.57,3.41
900000,2.95,2.93,2.73,2.65,3.49
901000,2.82,2.8,2.53,2.77,3.23
902000,2.91,2.92,2.53,2.91,3.28
903000,2.82,2.9,2.59,2.96,3.35
904000,2.83,2.9,2.72,3.09,3.42
905000,2.53,2.87,2.79,3.29,3.67
906000,2.62,2.74,2.68,3.15,3.63
907000,2.74,2.56,2.75,3.3,3.61
908000,2.68,2.62,2.67,3.33,3.58
909000,2.73,2.48,2.56,3.28,3.29
910000,2.64,2.5,2.72,3.31,3.36
911000,2.68,2.43,2.74,3.39,3.6
912000,2.74,2.61,2.79,3.27,3.66
913000,2.76,2.68,2.91,3.37,3.76
914000,2.83,2.66,3.01,3.23,3.88
915000,2.9,2.63,2.94,3.05,4.08
916000,2.92,2.73,2.85,3.05,4.18
917000,2.95,2.76,2.68,2.91,4.14
918000,3.09,2.92,2.53,2.99,4.02
919000,3.13,3.0,2.59,2.85,3.99
920000,3.26,3.18,2.51,2.69,3.83
921000,3.23,3.19,2.42,2.61,3.7
922000,2.98,3.25,2.25,2.79,3.81
923000,2.83,3.33,2.16,2.84,3.84
924000,2.97,3.36,2.24,2.91,3.78
925000,3.04,3.37,2.18,2.99,3.88
926000,3.08,3.35,2.34,2.94,3.97
927000,3.19,3.16,2.45,2.91,3.8
928000,3.11,3.24,2.5,2.99,4.0
929000,3.19,3.41,2.6,3.08,3.96
930000,3.14,3.33,2.6,3.04,4.01
931000,2.99,3.2,2.61,2.93,3.57
932000,3.09,3.25,2.74,3.04,3.66
933000,3.05,3.24,2.75,2.97,3.85
934000,3.08,3.1,2.71,3.02,4.04
935000,3.19,3.14,2.78,2.98,4.03
936000,3.4,3.08,2.77,2.9,4.18
937000,3.63,3.05,2.73,2.86,3.93
938000,3.63,3.04,2.53,2.99,4.12
939000,3.68,3.04,2.26,2.96,4.38
940000,3.73,3.08,2.3,3.0,4.43
941000,3.57,3.05,2.12,2.95,4.38
942000,3.34,3.11,2.08,3.12,4.18
943000,3.22,3.21,2.02,2.93,4.12
944000,3.22,3.19,2.23,2.99,3.96
945000,3.19,3.36,2.16,3.1,3.96
946000,3.05,3.36,2.25,3.19,3.92
947000,2.9,3.29,2.3,3.33,4.09
948000,2.87,3.44,2.31,3.36,4.0
949000,2.58,3.44,2.31,3.48,3.71
950000,2.63,3.42,2.3,3.46,3.8
951000,2.61,3.28,2.32,3.49,3.58
952000,2.64,3.45,2.48,3.59,3.43
953000,2.77,3.63,2.48,3.75,3.38
954000,2.89,3.49,2.57,3.64,3.3
955000,3.0,3.58,2.56,3.52,3.47
956000,2.97,3.49,2.56,3.5,3.55
957000,2.98,3.27,2.39,3.7,3.64
958000,3.11,3.26,2.35,3.6,3.74
959000,3.3,3.24,2.34,3.66,3.67
960000,3.14,3.05,2.44,3.9,3.67
961000,3.21,2.88,2.64,4.04,3.78
962000,3.25,2.96,2.82,3.97,3.76
963000,3.16,2.99,2.95,4.0,3.98
964000,3.03,3.05,2.87,3.97,4.02
965000,3.03,3.2,2.92,3.69,4.11
966000,2.76,3.22,2.88,3.66,4.18
967000,2.77,3.21,2.94,3.53,4.21
968000,2.79,3.3,3.16,3.55,4.43
969000,2.69,3.33,3.1,3.48,4.53
970000,2.71,3.41,3.19,3.45,4.51
971000,2.58,3.48,3.19,3.64,4.53
972000,2.7,3.51,3.25,3.58,4.67
973000,2.87,3.5,3.05,3.71,4.55
974000,2.81,3.5,2.97,3.72,4.5
975000,2.95,3.57,2.8,3.79,4.55
976000,3.11,3.31,2.75,3.44,4.52
977000,3.25,3.37,2.52,3.3,4.54
978000,3.1,3.21,2.6,3.47,4.52
979000,3.14,3.33,2.5,3.34,4.38
980000,3.0,2.92,2.46,3.24,4.21
981000,2.92,2.77,2.63,3.37,4.36
982000,3.09,2.72,2.41,3.44,4.18
983000,2.91,2.77,2.51,3.62,4.2
984000,2.85,2.83,2.53,3.67,4.36
985000,2.62,2.97,2.5,3.82,4.36
986000,2.8,2.97,2.4,3.74,4.24
987000,2.68,3.03,2.53,3.76,4.29
988000,2.83,2.92,2.39,3.73,4.4
989000,2.69,2.96,2.41,3.77,4.31
990000,2.75,2.99,2.56,3.75,4.37
991000,2.8,3.25,2.4,3.73,4.45
992000,2.9,3.36,2.54,3.83,4.35
993000,2.91,3.49,2.63,3.84,4.43
994000,3.04,3.43,2.45,3.89,4.46
995000,2.91,3.51,2.42,3.77,4.44
996000,2.94,3.63,2.5,4.04,4.45
997000,3.08,3.57,2.63,4.09,4.44
998000,3.21,3.37,2.66,4.27,4.66
999000,3.28,3.23,2.82,4.21,4.38
1000000,3.02,3.29,2.72,4.35,4.37
1001000,2.78,3.17,2.49,4.38,4.55
1002000,3.03,3.1,2.27,4.18,4.56
1003000,3.01,3.09,2.31,3.98,4.62
1004000,2.99,2.89,2.46,3.98,4.57
1005000,2.92,2.83,2.6,3.98,4.72
1006000,3.0,2.78,2.68,3.98,4.53
1007000,3.06,2.73,2.7,3.85,4.66
1008000,3.14,2.72,2.61,3.81,4.77
1009000,3.11,2.87,2.45,4.03,4.92
1010000,3.02,2.99,2.56,4.06,4.91
1011000,3.04,3.08,2.46,4.13,4.75
1012000,3.11,3.28,2.53,4.03,4.94
1013000,3.08,3.4,2.57,3.68,5.27
1014000,2.94,3.36,2.53,3.93,5.21
1015000,2.96,3.39,2.4,3.78,5.22
1016000,3.22,3.24,2.49,3.76,5.18
1017000,3.14,3.32,2.45,3.73,4.94
1018000,2.91,3.45,2.58,3.64,5.06
1019000,3.03,3.52,2.38,3.72,5.07
1020000,3.28,3.51,2.38,3.85,4.65
1021000,3.3,3.59,2.16,3.74,4.44
1022000,3.43,3.59,2.27,3.56,4.59
1023000,3.47,3.59,2.36,3.56,4.46
1024000,3.45,3.64,2.45,3.49,4.43
1025000,3.49,3.68,2.38,3.55,4.34
1026000,3.51,3.64,2.31,3.31,4.03
1027000,3.59,3.76,2.27,3.41,4.07
1028000,3.67,3.65,2.33,3.56,4.33
1029000,3.7,3.64,2.35,3.55,4.2
1030000,3.68,3.78,2.47,3.46,4.11
1031000,3.65,3.77,2.46,3.5,4.31
1032000,3.7,3.85,2.59,3.43,4.32
1033000,3.73,3.99,2.69,3.54,4.38
1034000,3.47,4.13,2.53,3.64,4.49
1035000,3.29,4.08,2.39,3.57,4.34
1036000,3.18,3.95,2.45,3.63,4.21
1037000,3.36,3.93,2.52,3.59,4.54
1038000,3.13,3.99,2.44,3.82,4.49
1039000,3.22,4.01,2.41,3.9,4.39
1040000,2.98,3.83,2.4,3.78,4.47
1041000,3.07,3.97,2.37,3.73,4.65
1042000,3.16,3.93,2.36,3.78,4.74
1043000,3.06,3.98,2.39,3.45,4.57
1044000,2.93,3.85,2.4,3.54,4.5
1045000,2.91,3.9,2.47,3.68,4.34
1046000,2.78,3.78,2.64,3.75,4.35
1047000,2.74,3.9,2.53,3.77,4.16
1048000,2.98,3.92,2.81,3.67,3.98
1049000,2.81,3.79,3.02,3.73,3.93
1050000,2.9,3.77,3.06,3.65,3.94
1051000,2.81,3.76,3.17,3.66,4.01
1052000,2.82,3.81,3.2,3.97,3.95
1053000,2.7,3.92,3.1,4.19,3.98
1054000,2.51,4.12,2.96,4.13,4.09
1055000,2.46,3.84,3.02,4.16,4.07
1056000,2.55,3.96,2.97,4.11,3.8
1057000,2.53,3.83,3.25,4.19,3.74
1058000,2.56,3.93,3.18,4.29,3.87
1059000,2.55,3.97,3.26,4.57,3.99
1060000,2.34,4.01,3.32,4.79,3.98
1061000,2.27,3.97,3.03,4.84,3.81
1062000,2.38,4.16,3.26,4.87,4.09
1063000,2.29,4.06,3.11,4.81,4.17
1064000,2.22,4.09,3.08,4.73,4.43
1065000,2.21,4.13,3.23,4.76,4.44
1066000,2.12,4.19,3.44,4.89,4.72
1067000,2.33,4.22,3.48,4.96,4.82
1068000,2.28,4.27,3.67,5.02,4.69
1069000,2.37,3.91,3.69,4.99,4.74
1070000,2.46,3.87,3.71,4.76,4.7
1071000,2.49,4.06,3.54,4.77,4.63
1072000,2.51,4.24,3.63,4.72,4.53
1073000,2.46,4.37,3.39,4.7,4.76
1074000,2.42,4.3,2.98,4.45,4.81
1075000,2.59,4.22,2.71,4.67,4.99
1076000,2.58,4.26,2.58,4.69,5.08
1077000,2.84,4.2,2.45,4.55,5.02
1078000,2.85,4.39,2.55,4.38,5.0
1079000,2.79,4.17,2.31,4.31,5.1
1080000,3.03,4.11,2.34,4.26,4.83
1081000,3.06,4.03,2.34,4.33,4.73
1082000,2.84,4.05,2.17,4.35,4.69
1083000,2.7,3.98,2.17,4.43,4.59
1084000,2.72,4.03,2.34,4.54,4.47
1085000,2.64,4.01,2.49,4.47,4.7
1086000,2.8,4.09,2.63,4.6,4.81
1087000,2.88,3.99,2.58,4.55,5.16
1088000,3.07,3.83,2.57,4.84,5.32
1089000,2.86,3.79,2.61,4.8,5.13
1090000,2.99,3.87,2.72,4.97,5.23
1091000,2.98,3.85,2.88,4.94,5.3
1092000,2.88,3.97,3.12,4.99,5.13
1093000,2.95,3.73,3.01,5.16,5.03
1094000,2.97,3.67,3.02,5.23,5.11
1095000,3.02,3.76,3.1,5.23,5.02
1096000,3.13,3.92,3.29,5.13,5.14
1097000,2.97,4.05,3.21,4.99,5.09
1098000,2.91,4.33,3.03,5.1,5.02
1099000,2.59,4.48,3.23,5.0,4.97
1100000,2.54,4.42,3.07,5.11,5.29
1101000,2.66,4.35,3.02,5.26,5.08
1102000,2.56,4.37,3.07,5.2,5.32
1103000,2.67,4.38,3.0,5.38,5.17
1104000,2.52,4.57,2.91,5.48,5.0
1105000,2.55,4.55,3.02,5.47,4.73
1106000,2.57,4.43,3.15,5.51,4.66
1107000,2.56,4.56,2.99,5.35,4.88
1108000,2.72,4.56,3.03,5.4,4.93
1109000,2.98,4.34,3.02,5.62,4.97
1110000,2.92,4.53,3.0,5.13,4.92
1111000,3.0,4.4,3.06,5.3,5.05
1112000,3.02,4.62,3.11,5.39,5.0
1113000,3.2,4.45,3.3,5.2,5.1
1114000,3.33,4.45,3.43,5.31,5.03
1115000,3.17,4.3,3.19,5.34,5.06
1116000,3.12,4.31,2.98,5.23,5.04
1117000,2.96,4.23,2.73,5.37,5.09
1118000,2.99,4.46,2.72,5.38,4.78
1119000,2.89,4.16,2.78,5.53,4.71
1120000,2.86,4.21,2.79,5.55,4.67
1121000,2.77,4.31,2.67,5.67,4.71
1122000,2.99,4.25,2.84,5.55,4.73
1123000,2.98,4.36,2.75,5.42,4.59
1124000,3.0,4.2,2.72,5.55,4.61
1125000,3.08,4.2,2.56,5.24,4.67
1126000,3.05,4.09,2.54,5.33,4.48
1127000,2.91,3.7,2.67,5.46,4.55
1128000,3.13,3.44,2.75,5.36,4.59
1129000,3.1,3.22,2.87,5.31,4.66
1130000,3.33,3.13,3.06,5.4,4.76
1131000,3.32,3.21,3.08,5.12,4.57
1132000,3.31,3.25,3.32,5.42,4.59
1133000,3.57,2.99,3.27,5.63,4.47
1134000,3.56,3.11,3.25,5.57,4.52
1135000,3.32,3.3,3.42,5.74,4.52
1136000,3.33,3.22,3.46,5.71,4.65
1137000,3.35,3.33,3.56,5.8,4.69
1138000,3.45,3.5,3.59,5.76,4.81
1139000,3.41,3.42,3.56,6.04,4.68
1140000,3.45,3.55,3.67,5.86,4.56
1141000,3.29,3.83,3.6,5.68,4.72
1142000,3.26,3.89,3.57,6.0,4.73
1143000,3.39,3.98,3.39,6.03,4.59
1144000,3.39,4.17,3.26,6.02,4.76
1145000,3.59,4.18,3.21,6.03,4.78
1146000,3.37,4.06,3.15,5.98,4.78
1147000,3.45,4.05,3.2,6.15,4.63
1148000,3.4,4.04,3.46,6.03,4.81
1149000,3.44,3.8,3.4,6.21,4.54
1150000,3.38,3.77,3.43,6.2,4.74
1151000,3.56,3.59,3.24,6.43,4.79
1152000,3.5,3.38,3.45,6.43,5.01
1153000,3.42,3.52,3.36,6.59,5.18
1154000,3.19,3.61,3.33,6.77,5.17
1155000,3.08,3.48,3.42,6.85,5.33
1156000,3.14,3.64,3.45,6.54,5.43
1157000,3.05,3.65,3.53,6.28,5.5
1158000,3.13,3.79,3.52,6.41,5.29
1159000,3.23,3.69,3.6,6.51,5.37
1160000,3.24,3.67,3.51,6.42,5.59
1161000,3.28,3.63,3.09,6.25,5.79
1162000,3.49,3.75,2.85,6.19,5.92
1163000,3.25,3.81,2.96,6.02,5.84
1164000,3.06,3.81,3.01,5.68,5.73
1165000,3.13,4.04,2.9,5.8,5.72
1166000,3.43,4.1,2.86,5.69,5.78
1167000,3.43,4.33,2.83,6.04,5.72
1168000,3.71,4.51,2.85,5.83,5.69
1169000,3.73,4.58,2.82,5.84,5.31
1170000,3.53,4.62,2.83,5.17,5.3
1171000,3.48,4.63,2.46,5.38,5.16
1172000,3.57,4.73,2.51,5.18,5.3
1173000,3.32,4.77,2.58,5.15,4.98
1174000,3.38,4.69,2.59,5.03,4.84
1175000,3.22,4.64,2.6,5.31,4.9
1176000,3.29,4.84,2.65,5.06,4.98
1177000,3.26,5.01,2.71,5.03,4.79
1178000,3.44,5.14,2.78,4.88,4.51
1179000,3.33,5.33,3.12,5.05,4.2
1180000,3.39,5.52,3.2,5.1,4.39
1181000,3.46,5.4,3.37,5.22,4.55
1182000,3.51,5.4,3.48,5.39,4.43
1183000,3.37,5.36,3.53,5.56,4.46
1184000,3.34,5.22,3.54,5.79,4.56
1185000,3.33,4.98,3.75,5.9,4.72
1186000,3.4,4.8,3.78,5.91,4.85
1187000,3.35,4.94,3.85,5.96,4.99
1188000,3.27,4.88,3.86,5.64,5.31
1189000,3.39,4.6,3.83,5.65,5.42
1190000,3.45,4.65,4.01,5.81,5.46
1191000,3.65,4.7,3.9,5.85,5.45
1192000,3.54,4.48,3.95,5.89,5.35
1193000,3.58,4.55,3.75,5.85,5.43
1194000,3.46,4.11,3.67,5.88,5.41
1195000,3.15,4.11,3.44,5.58,5.58
1196000,3.35,4.16,3.38,5.39,5.67
1197000,3.49,4.33,3.25,5.62,5.87
1198000,3.57,4.29,3.1,5.55,5.87
1199000,3.66,4.41,3.1,5.51,5.87
1200000,3.63,4.16,3.01,5.45,5.8
1201000,3.51,4.29,3.01,5.34,5.7
1202000,3.56,4.23,2.77,5.44,5.55
1203000,3.74,4.24,2.93,4.9,5.56
1204000,3.56,4.15,3.04,4.99,5.56
1205000,3.61,4.11,3.04,4.87,5.38
1206000,3.57,4.19,3.11,4.69,5.66
1207000,3.4,4.02,3.23,4.49,5.27
1208000,3.54,3.77,3.15,4.63,5.27
1209000,3.48,3.85,3.39,4.55,5.3
1210000,3.38,3.96,3.35,4.61,5.4
1211000,3.52,3.59,3.45,4.88,5.58
1212000,3.29,3.54,3.73,5.07,5.59
1213000,3.33,3.72,3.77,5.15,5.55
1214000,3.37,3.6,3.7,5.39,5.47
1215000,3.28,3.77,3.87,5.44,5.21
1216000,3.21,3.86,4.01,5.39,5.26
1217000,3.07,3.91,4.11,5.21,4.99
1218000,2.99,3.63,4.05,5.56,5.02
1219000,3.0,3.77,4.14,5.78,5.12
1220000,3.2,3.7,4.03,5.94,5.18
1221000,3.28,3.65,3.92,5.93,5.27
1222000,3.11,3.75,4.01,6.04,5.31
1223000,3.16,4.06,3.93,6.05,5.29
1224000,3.09,4.05,4.09,6.29,5.11
1225000,3.22,4.24,3.84,6.47,5.01
1226000,3.04,4.13,3.68,6.72,4.88
1227000,2.98,4.35,3.7,6.44,4.77
1228000,3.0,4.38,3.93,6.42,4.9
1229000,3.2,4.47,3.63,6.68,4.64
1230000,3.34,4.43,3.52,6.68,4.85
1231000,3.43,4.59,3.27,6.63,5.17
1232000,3.66,4.63,3.07,6.69,5.08
1233000,3.77,4.68,3.03,6.82,5.05
1234000,3.63,4.76,3.15,6.97,5.12
1235000,3.55,4.97,3.12,6.71,5.24
1236000,3.51,5.11,3.11,6.54,5.4
1237000,3.54,5.13,3.02,6.82,5.72
1238000,3.57,5.29,3.11,6.76,5.63
1239000,3.57,5.42,2.99,6.76,5.49
1240000,3.54,5.53,3.0,6.84,5.45
1241000,3.72,5.57,2.97,7.1,5.43
1242000,3.84,5.25,3.12,7.26,5.47
1243000,3.9,5.32,3.09,7.21,5.41
1244000,3.69,5.51,3.25,6.88,5.32
1245000,3.68,5.5,3.35,6.69,5.54
1246000,3.68,5.4,3.29,6.59,5.53
1247000,3.43,5.43,3.28,6.37,5.71
1248000,3.51,5.27,3.25,6.28,5.66
1249000,3.74,5.31,3.41,6.23,5.55
1250000,3.7,5.22,3.39,6.35,5.27
1251000,3.74,4.93,3.5,6.54,5.25
1252000,3.9,5.06,3.41,6.76,5.41
1253000,3.85,5.07,3.18,6.6,5.34
1254000,3.96,5.18,3.26,6.69,5.35
1255000,4.11,5.1,3.32,6.85,5.6
1256000,3.96,4.97,3.38,6.76,5.66
1257000,3.94,4.96,3.3,6.54,5.72
1258000,3.9,5.1,3.42,6.65,5.59
1259000,4.09,5.11,3.49,6.79,5.64
1260000,4.17,5.15,3.69,6.49,5.64
1261000,4.01,5.22,3.77,6.63,5.62
1262000,4.08,4.99,3.71,6.64,5.6
1263000,4.05,4.88,3.49,6.57,5.75
1264000,3.86,5.01,3.62,6.15,5.86
1265000,3.82,4.92,3.55,6.19,5.97
1266000,3.64,5.1,3.71,6.36,6.04
1267000,3.57,5.18,3.6,6.55,6.23
1268000,3.52,5.26,3.52,6.83,6.11
1269000,3.49,5.31,3.52,6.66,6.07
1270000,3.28,5.31,3.47,7.03,6.25
1271000,3.39,5.25,3.33,7.15,6.33
1272000,3.39,4.93,3.22,7.19,6.49
1273000,3.56,4.84,3.19,7.11,6.31
1274000,3.5,4.94,3.27,7.16,6.35
1275000,3.49,4.91,3.15,6.97,6.36
1276000,3.56,4.87,3.1,6.93,6.51
1277000,3.73,4.93,2.94,6.54,6.43
1278000,3.64,4.69,2.96,6.7,6.15
1279000,3.61,4.81,3.08,6.75,6.04
1280000,3.62,4.95,3.18,6.7,6.2
1281000,3.68,4.76,3.04,6.54,6.14
1282000,3.73,4.95,3.18,6.55,6.16
1283000,3.79,4.96,3.22,6.72,6.25
1284000,3.93,4.94,3.27,6.8,6.16
1285000,3.99,5.06,3.41,6.99,6.15
1286000,4.16,4.95,3.27,7.11,5.93
1287000,4.04,5.08,3.38,7.12,5.97
1288000,3.66,5.21,3.3,7.18,6.14
1289000,3.34,5.18,3.4,7.45,6.01
1290000,3.39,5.22,3.44,7.38,6.19
1291000,3.47,5.28,3.56,7.14,6.34
1292000,3.42,5.54,3.58,7.05,6.26
1293000,3.55,5.77,3.61,7.0,6.23
1294000,3.55,5.27,3.68,6.87,6.19
1295000,3.48,5.12,3.69,6.89,6.43
1296000,3.36,5.32,3.69,7.02,6.3
1297000,3.35,5.49,3.58,7.08,6.46
1298000,3.21,5.54,3.66,7.17,6.5
1299000,3.21,5.6,3.81,7.27,6.67
1300000,3.26,5.62,3.65,7.05,6.94
1301000,3.32,5.59,3.64,7.26,7.02
1302000,3.56,5.4,3.88,7.46,7.14
1303000,3.69,5.25,3.74,7.31,7.43
1304000,3.84,5.31,3.84,7.46,7.08
1305000,3.86,5.32,3.9,7.48,7.33
1306000,3.68,5.01,3.98,7.76,7.23
1307000,3.88,4.96,3.92,7.91,7.11
1308000,3.82,5.1,3.78,7.76,7.25
1309000,4.11,5.15,3.81,7.9,7.49
1310000,4.04,5.12,3.68,7.51,7.64
1311000,3.94,4.98,3.48,7.39,7.59
1312000,3.93,5.02,3.17,7.5,7.27
1313000,4.06,5.31,3.41,7.13,7.15
1314000,3.95,5.43,3.6,7.28,6.97
1315000,3.93,5.44,3.65,7.26,6.81
1316000,3.82,5.4,3.5,7.57,6.83
1317000,3.62,5.7,3.34,7.74,6.72
1318000,3.45,5.54,3.37,7.5,6.54
1319000,3.55,5.57,3.26,7.53,6.21
1320000,3.43,5.73,3.37,7.64,6.44
1321000,3.44,5.87,3.41,7.42,6.47
1322000,3.31,6.14,3.25,7.7,6.33
1323000,3.36,6.1,3.46,7.5,6.44
1324000,3.56,6.02,3.43,7.52,6.05
1325000,3.49,5.8,3.72,7.52,6.17
1326000,3.64,6.05,3.81,7.65,6.02
1327000,3.43,6.15,3.66,7.29,6.21
1328000,3.46,6.14,3.8,7.36,6.28
1329000,3.55,6.24,3.67,7.66,5.81
1330000,3.58,6.2,3.84,7.74,5.81
1331000,3.53,6.18,3.95,7.74,5.43
1332000,3.38,6.17,3.97,7.75,5.76
1333000,3.27,6.11,3.85,7.38,5.85
1334000,3.25,6.2,3.76,7.53,5.64
1335000,3.2,6.09,3.92,7.66,5.74
1336000,3.28,5.89,3.99,7.82,5.61
1337000,3.23,5.75,4.17,7.73,5.85
1338000,3.3,5.83,4.15,7.7,6.0
1339000,3.14,6.14,4.21,7.85,6.0
1340000,3.26,5.77,4.0,7.73,6.14
1341000,3.34,5.53,3.76,7.7,6.18
1342000,3.29,5.51,3.72,7.65,5.92
1343000,3.21,5.49,3.59,7.32,5.68
1344000,3.51,5.65,3.48,7.55,5.98
1345000,3.64,5.76,3.61,7.35,6.11
1346000,3.7,5.51,3.66,7.57,6.29
1347000,3.82,5.59,3.49,7.27,6.34
1348000,4.16,5.34,3.27,7.3,6.5
1349000,3.94,5.31,3.08,7.58,6.37
1350000,3.88,5.44,3.09,7.63,6.23
1351000,3.74,5.33,3.34,7.86,6.61
1352000,3.65,5.07,3.2,7.91,6.68
1353000,3.8,5.34,3.31,8.06,6.78
1354000,4.01,5.43,3.32,8.05,6.94
1355000,4.12,5.68,3.34,8.09,6.81
1356000,3.95,5.65,3.41,8.27,6.67
1357000,4.11,5.44,3.4,8.21,6.76
1358000,4.2,5.17,3.36,8.13,7.04
1359000,3.89,5.28,3.44,8.12,7.07
1360000,3.84,5.44,3.46,8.32,7.24
1361000,3.84,5.24,3.52,8.4,6.91
1362000,3.67,5.54,3.5,8.08,6.76
1363000,3.73,5.73,3.77,8.07,6.89
1364000,3.93,5.54,3.6,8.09,6.73
1365000,4.07,5.59,3.44,8.06,6.64
1366000,4.25,5.73,3.27,8.02,6.93
1367000,4.34,5.76,3.41,8.12,6.62
1368000,4.29,5.75,3.19,8.03,6.48
1369000,4.69,5.58,3.09,8.31,6.19
1370000,4.19,5.54,3.06,8.48,6.39
1371000,4.2,5.66,2.99,8.58,6.41
1372000,4.39,5.14,2.81,8.56,6.47
1373000,4.59,5.28,2.77,8.87,6.52
1374000,4.41,5.08,2.94,8.91,6.71
1375000,4.43,5.43,2.85,8.84,6.53
1376000,4.28,5.38,2.98,8.69,6.64
1377000,4.55,5.25,3.17,8.62,6.87
1378000,4.5,5.29,3.21,8.32,7.01
1379000,4.41,5.38,3.34,8.58,6.96
1380000,4.42,5.15,3.37,8.49,6.92
1381000,4.49,5.07,3.33,8.32,6.73
1382000,4.53,5.03,3.46,8.56,6.99
1383000,4.44,5.13,3.56,8.41,6.7
1384000,4.53,5.12,3.78,8.43,6.83
1385000,4.41,5.4,3.87,8.65,6.85
1386000,4.35,5.4,4.03,8.7,6.69
1387000,4.55,5.4,4.12,8.84,6.55
1388000,4.1,5.67,3.97,8.61,6.67
1389000,4.15,5.82,4.02,8.4,6.68
1390000,4.19,5.89,3.9,8.53,6.6
1391000,4.22,5.94,3.82,8.74,6.58
1392000,4.27,6.12,3.87,8.8,6.67
1393000,4.25,6.23,3.98,9.08,6.51
1394000,4.23,6.25,3.92,9.38,6.46
1395000,4.42,6.33,3.88,9.33,6.33
1396000,3.89,6.66,4.01,9.41,6.1
1397000,4.03,6.47,3.83,9.38,5.85
1398000,3.92,6.53,3.88,9.23,5.84
1399000,3.99,6.6,3.95,9.44,5.87
1400000,3.94,6.76,3.88,9.48,5.85
1401000,3.88,6.79,4.17,9.47,6.17
1402000,3.9,6.78,4.16,9.39,6.37
1403000,3.82,6.89,4.0,9.38,6.51
1404000,3.79,6.88,4.06,9.17,6.79
1405000,3.76,7.05,4.29,9.33,6.59
1406000,3.9,6.83,4.37,9.23,6.61
1407000,3.7,6.88,4.06,9.49,6.39
1408000,3.65,6.7,3.98,9.63,6.58
1409000,3.64,6.62,4.03,9.57,6.62
1410000,3.77,6.68,4.12,9.72,6.52
1411000,3.5,6.57,4.32,9.26,6.5
1412000,3.52,6.83,4.32,9.15,6.53
1413000,3.47,6.89,4.29,9.67,6.6
1414000,3.79,7.26,3.87,9.17,6.67
1415000,3.84,6.93,3.84,8.83,6.79
1416000,4.0,6.99,3.76,9.11,7.09
1417000,4.22,7.01,3.6,9.21,7.11
1418000,4.38,6.62,3.42,9.38,7.11
1419000,4.25,6.79,3.34,9.43,7.19
1420000,4.5,6.65,3.53,9.43,7.36
1421000,4.75,6.31,3.47,9.31,7.47
1422000,4.92,6.5,3.66,9.12,7.41
1423000,4.78,6.47,3.58,8.91,7.78
1424000,4.95,6.63,3.47,8.9,7.55
1425000,5.23,6.55,3.63,9.14,7.59
1426000,5.48,6.56,3.61,9.46,7.12
1427000,5.57,6.77,3.35,9.12,6.89
1428000,5.45,6.87,3.63,9.08,6.97
1429000,5.72,6.6,3.54,8.86,7.2
1430000,5.67,6.61,3.59,9.21,7.22
1431000,5.7,7.0,3.79,9.06,6.95
1432000,5.79,6.8,3.97,9.21,6.86
1433000,5.49,6.52,4.07,9.67,6.9
1434000,5.58,6.47,4.18,9.48,6.91
1435000,5.54,6.16,3.92,9.28,7.1
1436000,5.29,6.08,3.99,9.46,6.77
1437000,5.35,6.15,3.86,9.51,6.59
1438000,5.34,6.42,3.87,9.73,6.39
1439000,5.09,6.58,3.82,9.66,6.34
1440000,5.11,6.47,3.76,9.78,6.36
1441000,4.91,6.43,3.64,10.29,6.07
1442000,4.5,6.62,3.78,9.85,6.49
1443000,4.37,6.3,3.53,10.02,6.32
1444000,4.54,6.38,3.49,10.45,5.87
1445000,4.43,6.52,3.49,10.25,6.01
1446000,4.58,6.75,3.33,10.37,6.14
1447000,4.65,6.65,3.41,10.46,6.19
1448000,4.66,6.42,3.33,10.39,6.28
1449000,4.75,6.22,3.45,10.41,5.93
1450000,4.57,6.27,3.67,10.0,5.85
1451000,4.38,6.5,3.73,10.06,5.88
1452000,4.53,6.12,3.83,9.92,5.95
1453000,4.65,6.2,4.04,9.93,6.12
1454000,4.35,6.45,4.01,9.77,6.09
1455000,4.33,6.37,3.99,9.79,6.16
1456000,4.54,6.37,3.98,10.1,6.01
1457000,4.6,6.66,3.89,10.34,6.23
1458000,4.73,6.74,4.13,10.12,6.42
1459000,4.7,6.65,4.25,10.28,6.3
1460000,4.22,6.67,4.22,10.62,6.3
1461000,4.39,6.64,4.24,10.48,6.17
1462000,3.95,6.52,4.19,10.65,6.49
1463000,3.8,6.75,4.41,10.11,6.66
1464000,3.78,6.77,4.41,10.38,6.46
1465000,4.0,6.91,4.13,10.55,6.57
1466000,4.15,7.26,4.31,10.71,6.96
1467000,4.17,7.11,4.37,10.8,7.04
1468000,4.15,7.13,3.9,10.55,6.9
1469000,4.26,7.09,3.75,10.57,6.84
1470000,4.13,7.06,3.94,10.42,6.88
1471000,4.27,7.28,3.85,10.22,6.82
1472000,4.34,7.51,4.06,9.97,7.02
1473000,4.06,7.46,3.74,9.92,7.2
1474000,4.1,7.44,3.61,9.51,7.37
1475000,4.18,7.39,3.5,9.63,7.23
1476000,4.26,7.28,3.6,9.65,7.63
1477000,4.37,7.37,3.65,9.5,7.68
1478000,4.5,7.26,3.76,9.51,7.57
1479000,4.63,6.92,3.69,9.59,7.19
1480000,4.83,6.5,3.53,9.58,6.95
1481000,4.78,6.21,3.61,9.65,6.78
1482000,4.55,6.36,3.66,9.99,7.1
1483000,4.47,5.97,3.77,9.92,6.98
1484000,4.49,6.08,3.91,10.16,7.0
1485000,4.51,5.99,3.9,10.06,6.54
1486000,4.5,6.12,3.82,10.11,6.26
1487000,4.8,6.24,3.94,10.16,6.29
1488000,5.0,6.4,4.02,10.41,6.43
1489000,5.0,6.55,4.12,10.31,6.07
1490000,4.99,6.64,4.19,9.91,5.87
1491000,5.25,6.41,4.24,9.93,5.95
1492000,5.21,6.38,4.03,10.08,6.25
1493000,5.05,6.49,4.08,10.09,6.25
1494000,5.09,6.41,4.2,10.07,6.1
1495000,5.24,6.45,4.39,10.07,6.33
1496000,5.23,6.49,4.15,9.48,6.43
1497000,5.11,6.5,4.19,9.49,6.25
1498000,5.05,6.62,4.01,9.31,6.51
1499000,4.84,6.7,3.91,9.63,6.34
1500000,5.07,6.88,4.12,9.71,6.5
1501000,4.68,6.89,4.17,9.45,6.73
1502000,4.83,7.21,4.3,9.44,6.81
1503000,4.77,7.48,4.4,9.33,6.98
1504000,4.41,7.37,4.37,9.42,7.05
1505000,4.24,7.52,4.04,9.61,7.16
1506000,4.32,7.62,4.03,9.75,7.19
1507000,4.03,7.6,4.04,9.92,7.03
1508000,4.18,7.49,4.03,10.23,7.13
1509000,4.16,7.08,3.89,10.16,7.4
1510000,4.26,6.67,3.69,10.48,7.43
1511000,4.19,6.66,3.8,10.34,7.43
1512000,4.33,6.65,3.77,10.17,7.46
1513000,4.44,6.98,4.05,10.38,7.5
1514000,4.62,7.04,4.09,10.59,7.61
1515000,4.91,7.0,3.77,10.67,7.85
1516000,4.97,7.05,3.87,10.2,8.0
1517000,4.85,6.93,4.09,9.95,8.22
1518000,4.93,6.98,3.57,10.04,8.31
1519000,5.01,6.87,3.59,9.95,7.94
1520000,4.91,6.81,3.68,10.06,7.82
1521000,5.03,6.76,3.8,9.86,7.81
1522000,5.02,6.62,3.83,9.9,7.73
1523000,5.14,6.45,3.71,10.28,7.91
1524000,5.06,6.28,3.98,10.31,7.68
1525000,5.16,6.33,4.07,10.3,8.03
1526000,5.23,6.3,4.1,10.15,8.13
1527000,5.31,6.38,4.05,10.06,8.02
1528000,5.28,6.19,3.99,10.0,7.89
1529000,4.85,6.16,4.08,9.76,8.1
1530000,4.85,6.37,4.04,9.86,8.19
1531000,4.98,6.61,4.11,9.83,8.09
1532000,4.82,6.61,4.23,10.14,8.26
1533000,5.02,6.43,4.28,10.09,8.03
1534000,4.98,5.88,4.3,10.02,8.08
1535000,5.09,6.21,4.42,9.76,7.92
1536000,5.18,5.81,4.49,9.3,8.0
1537000,5.48,5.93,4.52,8.88,7.89
1538000,5.36,5.66,4.56,9.29,7.75
1539000,5.14,5.68,4.35,9.33,7.53
1540000,4.9,5.73,4.56,9.57,7.42
1541000,4.8,5.65,4.61,9.59,7.06
1542000,4.94,5.63,4.75,9.37,7.07
1543000,5.03,5.63,4.75,9.46,7.33
1544000,4.84,5.69,4.71,9.27,7.39
1545000,4.78,5.92,4.82,9.34,7.01
1546000,4.94,5.66,4.93,9.39,6.9
1547000,4.98,5.7,5.04,9.31,7.01
1548000,5.06,5.73,4.79,9.28,6.69
1549000,5.05,5.88,4.56,9.33,6.66
1550000,4.85,5.7,4.56,9.68,6.43
1551000,5.0,5.56,4.75,9.91,6.61
1552000,4.89,5.81,4.84,9.81,6.66
1553000,4.96,5.87,4.73,9.57,6.4
1554000,4.81,5.94,4.87,9.47,6.65
1555000,4.67,5.75,4.92,9.49,6.5
1556000,4.82,5.91,4.97,9.61,6.7
1557000,5.0,5.89,4.99,9.71,6.62
1558000,5.0,6.01,5.16,10.12,6.77
1559000,5.33,6.03,4.79,9.98,6.55
1560000,5.52,6.22,4.78,10.07,6.77
1561000,5.37,6.13,4.9,9.84,6.76
1562000,5.05,6.43,5.0,10.33,6.87
1563000,4.84,6.24,4.92,10.45,6.9
1564000,4.87,6.3,4.71,10.65,6.92
1565000,5.07,6.29,4.82,10.5,7.03
1566000,4.92,6.35,4.82,10.62,6.78
1567000,5.01,6.61,5.15,10.8,6.79
1568000,5.16,6.72,4.82,11.0,7.18
1569000,5.32,6.98,4.8,10.96,7.32
1570000,5.18,6.89,5.1,11.56,7.29
1571000,5.34,7.07,4.96,11.57,7.4
1572000,5.41,6.86,4.8,11.74,7.55
1573000,5.47,6.99,4.68,11.58,7.37
1574000,5.8,6.98,4.43,11.72,7.61
1575000,6.09,6.76,4.42,11.38,7.82
1576000,6.16,6.7,4.4,11.6,7.68
1577000,6.34,6.69,4.16,11.64,8.07
1578000,6.42,6.83,4.11,11.78,8.02
1579000,6.46,6.7,4.24,11.95,8.02
1580000,6.36,6.43,4.23,11.9,7.87
1581000,6.35,6.46,4.23,11.79,7.5
1582000,6.53,6.48,4.16,11.6,7.53
1583000,6.69,6.83,4.24,11.47,7.65
1584000,6.77,6.78,4.16,10.95,7.29
1585000,6.88,6.92,3.91,11.1,7.54
1586000,6.77,7.02,4.06,11.25,7.53
1587000,6.9,7.08,4.08,11.45,7.89
1588000,6.93,7.15,3.95,11.59,7.77
1589000,6.85,7.2,4.09,11.37,7.66
1590000,6.6,6.96,3.98,11.54,7.6
1591000,6.74,7.01,3.89,11.46,7.37
1592000,6.89,7.03,4.09,11.58,7.7
1593000,6.51,6.83,3.98,11.51,7.53
1594000,6.54,6.85,4.13,11.88,7.62
1595000,6.1,6.91,4.07,11.61,7.84
1596000,5.49,7.26,4.02,11.37,7.64
1597000,5.47,6.95,3.89,11.43,7.52
1598000,5.16,7.17,3.81,11.56,7.17
1599000,5.21,7.25,3.84,11.68,7.21
1600000,5.41,7.25,4.03,11.26,7.14
1601000,5.45,7.3,3.86,11.34,6.91
1602000,5.51,7.23,3.85,11.2,7.23
1603000,5.57,7.56,4.02,11.09,7.42
1604000,5.8,7.53,4.06,11.16,7.53
1605000,5.62,7.59,4.26,11.14,7.62
1606000,5.77,7.66,4.05,11.19,7.55
1607000,5.51,7.59,4.1,10.04,7.72
1608000,5.68,7.51,4.21,9.78,7.82
1609000,5.75,7.22,3.93,9.88,7.85
1610000,5.66,7.36,4.06,9.93,7.85
1611000,5.52,7.19,4.14,10.09,7.8
1612000,5.83,7.23,4.15,10.47,7.89
1613000,5.61,7.34,4.1,10.42,7.98
1614000,5.74,7.39,4.35,10.51,8.02
1615000,5.96,7.61,4.31,10.38,8.3
1616000,5.87,7.48,4.2,10.68,8.34
1617000,5.95,7.42,4.5,10.78,7.84
1618000,5.93,7.19,4.49,10.9,7.5
1619000,5.7,7.01,4.48,10.85,7.33
1620000,6.01,7.24,4.43,10.87,7.34
1621000,6.0,7.3,4.26,11.03,7.52
1622000,5.79,7.48,4.42,11.2,7.68
1623000,5.6,7.49,4.48,11.08,7.73
1624000,5.67,7.68,4.32,11.28,7.59
1625000,5.49,7.63,4.48,11.2,7.88
1626000,5.6,7.88,4.46,11.17,7.96
1627000,5.43,7.76,4.6,11.33,7.85
1628000,5.56,7.91,4.66,11.17,7.62
1629000,5.44,7.52,4.61,10.86,7.61
1630000,5.69,7.66,4.46,10.85,7.62
1631000,5.65,7.55,4.24,10.78,7.75
1632000,5.69,7.56,4.33,10.72,7.74
1633000,5.55,7.85,4.39,10.51,7.4
1634000,5.59,7.91,4.49,10.2,7.83
1635000,5.6,8.1,4.28,10.36,7.89
1636000,5.73,8.14,4.28,10.03,7.84
1637000,5.38,8.09,4.22,10.41,7.57
1638000,5.73,7.47,4.28,10.8,7.62
1639000,5.69,7.56,4.51,11.09,7.37
1640000,5.5,7.75,4.42,11.1,7.55
1641000,5.87,8.02,4.41,10.7,7.63
1642000,5.86,7.88,4.69,10.36,7.61
1643000,5.92,8.04,4.49,10.34,7.81
1644000,6.12,8.31,4.52,10.77,8.15
1645000,6.08,8.29,4.72,10.71,8.15
1646000,6.17,7.89,4.75,11.14,8.14
1647000,6.24,8.09,4.85,10.73,7.88
1648000,6.16,8.12,4.69,10.86,7.91
1649000,6.36,8.05,4.87,11.04,8.28
1650000,6.45,8.4,4.92,10.9,8.54
1651000,6.18,8.19,4.82,10.68,8.71
1652000,6.11,8.28,4.95,10.95,8.54
1653000,6.34,8.14,4.96,10.53,8.87
1654000,6.4,7.86,4.97,10.68,8.76
1655000,6.28,7.7,4.94,10.25,8.94
1656000,6.32,7.52,4.85,10.21,8.9
1657000,6.44,7.17,5.09,9.91,8.72
1658000,6.63,7.2,5.11,10.24,8.51
1659000,6.51,7.08,5.09,10.27,8.79
1660000,6.29,7.09,5.33,10.4,8.34
1661000,6.35,7.16,5.44,10.21,8.06
1662000,6.16,7.34,5.27,10.31,8.12
1663000,6.41,7.18,5.37,10.25,8.12
1664000,6.46,7.01,5.15,10.49,8.39
1665000,6.76,7.12,5.25,10.21,8.22
1666000,6.51,6.89,5.39,10.33,7.9
1667000,6.74,6.83,5.17,10.52,8.09
1668000,6.63,6.79,5.07,10.41,8.05
1669000,6.62,6.67,5.19,10.06,8.05
1670000,6.46,6.68,5.43,9.98,8.16
1671000,6.08,6.78,5.47,10.26,8.16
1672000,6.19,6.53,5.5,10.4,8.44
1673000,6.26,6.4,5.53,10.67,8.39
1674000,6.15,6.29,5.38,10.7,8.15
1675000,6.27,6.36,5.31,10.32,8.09
1676000,6.53,6.68,5.28,10.37,8.17
1677000,6.66,6.76,4.82,10.39,7.82
1678000,6.51,6.85,4.6,10.34,7.82
1679000,6.5,7.07,4.83,10.29,7.69
1680000,6.42,7.41,4.58,10.33,7.84
1681000,6.34,7.1,4.66,10.4,7.86
1682000,6.25,7.42,5.0,10.24,8.13
1683000,6.13,7.54,5.17,10.22,8.18
1684000,6.19,7.88,5.23,10.33,8.26
1685000,6.07,7.87,5.04,10.86,8.2
1686000,5.97,7.59,4.88,11.01,8.21
1687000,5.93,7.62,4.45,11.06,8.42
1688000,5.95,7.97,4.47,10.91,8.49
1689000,5.91,8.14,4.41,11.04,8.72
1690000,5.82,8.15,4.36,11.19,8.63
1691000,6.08,8.24,4.38,11.51,8.52
1692000,6.31,8.43,4.3,11.63,8.79
1693000,6.17,8.81,4.23,11.34,8.92
1694000,6.02,8.79,4.34,11.44,9.01
1695000,5.72,8.43,4.51,11.66,9.05
1696000,5.57,8.5,4.45,11.72,9.14
1697000,5.87,8.5,4.65,11.82,9.08
1698000,5.88,8.48,4.49,11.8,8.94
1699000,5.89,8.81,4.34,11.99,8.92
1700000,6.05,9.13,4.29,12.4,8.86
1701000,6.15,9.37,4.08,12.63,9.13
1702000,6.47,9.48,4.22,12.76,9.07
1703000,6.41,9.66,4.4,12.82,8.88
1704000,6.6,9.67,4.4,12.81,8.89
1705000,6.45,9.94,4.59,12.76,8.98
1706000,6.41,10.04,4.63,12.9,9.07
1707000,6.34,10.25,4.77,12.9,8.75
1708000,6.21,9.8,4.83,13.48,8.59
1709000,6.47,9.27,4.82,13.55,8.7
1710000,6.56,9.15,4.81,13.77,8.75
1711000,6.73,9.08,4.96,13.57,8.6
1712000,6.81,9.12,4.82,13.89,8.68
1713000,6.96,9.15,4.66,13.91,8.96
1714000,6.9,8.6,4.71,14.17,9.14
1715000,6.96,8.59,4.59,14.51,8.94
1716000,7.28,8.73,4.62,14.69,9.18
1717000,7.34,8.52,4.64,14.48,8.88
1718000,7.51,8.52,4.78,14.25,8.87
1719000,7.53,8.39,4.81,13.69,8.57
1720000,7.3,8.32,5.15,13.72,8.81
1721000,7.21,8.57,5.01,13.86,8.66
1722000,7.28,8.28,4.65,13.95,8.54
1723000,7.37,8.38,4.69,14.24,8.17
1724000,7.22,8.28,4.49,14.16,7.98
1725000,6.79,7.82,4.61,13.85,7.95
1726000,7.02,7.56,4.68,13.92,8.03
1727000,6.8,7.58,4.67,14.32,7.89
1728000,6.83,6.99,4.6,14.14,7.78
1729000,6.93,6.87,4.78,14.18,7.84
1730000,6.62,6.72,4.88,13.54,7.82
1731000,7.09,6.73,5.06,13.85,7.59
1732000,6.6,6.41,4.97,14.04,7.75
1733000,6.51,6.32,5.05,14.0,7.97
1734000,6.31,6.46,5.15,14.39,7.93
1735000,6.16,6.45,5.13,14.09,7.73
1736000,6.19,6.63,5.01,14.31,7.78
1737000,5.98,6.38,5.22,13.63,8.14
1738000,6.22,6.37,4.86,13.37,8.25
1739000,6.32,6.69,4.93,13.17,8.04
1740000,6.29,6.7,4.98,13.73,8.18
1741000,6.26,6.57,5.25,13.54,7.86
1742000,6.47,6.61,5.34,13.4,7.98
1743000,6.46,6.73,5.33,13.43,7.89
1744000,6.16,6.91,5.38,13.3,7.98
1745000,6.23,6.82,5.39,13.25,7.63
1746000,6.22,6.9,5.66,13.1,7.66
1747000,6.3,6.98,5.66,13.11,7.65
1748000,6.23,7.3,5.97,13.07,7.83
1749000,6.02,7.4,6.0,12.93,8.05
1750000,6.22,7.58,6.04,12.81,8.01
1751000,6.0,7.69,6.11,12.77,7.95
1752000,6.19,7.68,5.77,12.66,7.92
1753000,6.42,7.79,5.82,12.76,7.91
1754000,6.5,7.93,6.09,12.89,7.96
1755000,6.37,8.11,6.09,13.31,8.08
1756000,6.45,8.16,6.01,13.35,8.07
1757000,6.33,8.36,6.09,13.81,8.13
1758000,6.63,8.84,6.0,13.63,8.16
1759000,6.25,8.99,5.97,13.66,8.11
1760000,6.3,8.91,6.06,13.32,8.03
1761000,6.3,9.04,6.19,13.47,8.14
1762000,6.58,8.99,6.15,13.71,8.69
1763000,6.39,9.26,6.22,13.05,8.31
1764000,6.62,9.3,6.15,13.1,8.7
1765000,6.54,9.58,6.15,13.05,8.99
1766000,6.64,9.25,6.18,13.34,8.98
1767000,6.62,9.22,6.1,13.55,8.82
1768000,6.44,9.06,6.08,13.41,8.88
1769000,6.57,8.88,6.18,13.52,8.95
1770000,6.64,9.01,6.34,13.67,8.97
1771000,6.91,8.98,6.24,13.25,9.06
1772000,7.02,9.1,5.87,13.72,9.11
1773000,7.39,9.14,5.97,14.17,9.44
1774000,7.59,9.05,6.38,14.28,9.44
1775000,7.18,9.28,5.99,14.19,9.33
1776000,7.2,8.91,5.95,14.26,9.44
1777000,7.31,8.59,5.93,14.55,9.5
1778000,7.36,8.73,5.89,14.63,9.59
1779000,7.54,8.74,5.96,14.27,9.85
1780000,7.26,8.79,6.09,14.62,9.76
1781000,6.83,9.02,6.08,14.74,9.79
1782000,6.88,8.88,6.15,14.96,9.95
1783000,6.89,8.3,6.07,14.98,9.59
1784000,6.95,8.35,5.91,14.93,9.81
1785000,7.04,8.27,5.81,14.9,9.92
1786000,7.33,8.06,5.73,15.03,9.45
1787000,7.17,8.07,5.7,14.88,9.51
1788000,7.25,8.32,5.94,15.02,9.61
1789000,7.34,8.38,6.0,15.23,8.59
1790000,7.48,8.31,6.08,15.4,8.28
1791000,7.4,8.23,5.99,15.2,8.4
1792000,7.49,8.39,5.97,15.21,8.4
1793000,7.33,8.26,6.15,15.37,8.36
1794000,7.43,8.27,5.9,14.94,8.33
1795000,6.56,8.13,5.76,14.69,8.27
1796000,6.61,8.17,5.94,14.71,8.41
1797000,6.51,7.74,6.14,14.7,8.56
1798000,6.45,7.92,6.29,14.91,8.5
1799000,6.77,7.85,6.32,15.0,8.25
1800000,6.69,7.75,6.42,14.72,8.25
1801000,6.76,7.7,6.46,14.46,8.04
1802000,7.04,7.85,6.62,14.61,7.9
1803000,7.15,8.37,6.65,15.07,7.86
1804000,7.49,8.44,6.76,15.23,7.54
1805000,7.33,8.72,6.58,15.55,7.55
1806000,7.4,8.67,6.82,15.31,7.64
1807000,7.48,8.8,6.88,15.07,7.87
1808000,7.36,8.75,6.93,15.28,7.34
1809000,7.22,8.7,7.01,15.16,7.51
1810000,7.15,8.81,6.92,14.71,7.83
1811000,6.96,8.88,6.9,15.08,8.04
1812000,7.07,8.76,7.02,14.73,8.11
1813000,7.12,8.94,6.68,14.42,8.02
1814000,7.0,9.25,6.87,14.39,8.47
1815000,6.93,9.25,6.86,14.4,8.61
1816000,6.83,8.87,6.99,14.49,8.83
1817000,7.08,8.79,7.14,14.72,8.87
1818000,7.08,8.74,7.26,14.79,8.83
1819000,7.22,8.8,7.46,14.58,8.89
1820000,7.24,9.06,7.09,14.5,9.03
1821000,6.98,9.39,7.36,14.61,8.82
1822000,6.82,9.36,7.28,14.45,8.38
1823000,6.67,9.09,7.13,14.69,8.49
1824000,6.68,9.32,6.83,14.47,8.51
1825000,6.83,9.23,6.93,14.65,8.64
1826000,7.05,9.18,6.83,14.12,8.84
1827000,6.83,9.54,6.89,13.82,9.08
1828000,6.78,9.52,6.77,13.72,9.27
1829000,6.76,9.47,7.03,13.68,9.42
1830000,6.56,9.45,6.67,13.8,9.54
1831000,6.54,9.22,6.64,14.06,9.33
1832000,6.61,9.3,6.62,14.29,9.52
1833000,6.45,9.44,6.61,14.42,9.22
1834000,6.5,9.15,6.51,14.75,9.46
1835000,6.47,8.78,6.53,14.72,9.2
1836000,6.51,9.03,6.58,14.52,9.5
1837000,6.77,9.04,6.35,14.91,9.38
1838000,6.86,9.15,6.45,15.01,9.33
1839000,6.86,9.29,6.64,15.06,9.26
1840000,6.76,9.31,6.53,15.05,9.3
1841000,6.58,9.2,6.75,14.6,9.42
1842000,6.85,8.87,6.52,14.31,9.41
1843000,7.0,8.98,6.39,14.39,9.09
1844000,6.83,8.84,6.49,14.57,8.83
1845000,7.08,8.33,6.62,14.81,8.91
1846000,7.1,8.25,6.58,14.6,9.2
1847000,6.7,8.52,6.55,14.48,9.0
1848000,6.85,8.4,6.52,14.89,9.14
1849000,6.94,8.66,6.59,15.02,9.31
1850000,6.91,8.81,6.54,15.06,9.34
1851000,6.86,8.38,6.66,15.29,9.66
1852000,6.93,8.46,6.76,15.2,9.71
1853000,7.08,8.42,6.72,14.89,9.76
1854000,7.16,8.19,6.44,14.87,9.89
1855000,7.31,8.2,6.28,15.15,9.94
1856000,7.29,8.21,6.4,15.05,9.71
1857000,7.18,7.94,6.13,15.39,9.63
1858000,6.97,8.15,6.43,14.95,9.44
1859000,6.89,8.3,6.28,15.01,9.51
1860000,6.99,8.14,6.32,14.84,9.53
1861000,7.35,8.55,6.3,14.89,9.69
1862000,7.28,8.64,6.25,14.62,9.55
1863000,7.33,8.92,6.21,14.52,9.35
1864000,7.45,8.59,6.28,14.58,9.01
1865000,7.17,8.6,6.44,14.9,8.88
1866000,7.18,8.66,6.35,14.91,8.72
1867000,7.42,8.91,6.23,15.38,8.58
1868000,7.59,8.8,6.15,15.19,8.26
1869000,7.52,8.65,6.05,15.22,8.14
1870000,7.28,8.67,6.14,15.07,8.35
1871000,7.14,8.88,6.19,14.92,7.96
1872000,7.08,9.03,6.19,14.95,8.34
1873000,7.11,8.9,6.13,14.57,8.35
1874000,7.1,8.75,6.32,14.54,8.17
1875000,7.09,8.53,6.47,14.45,7.7
1876000,7.27,8.47,6.67,14.38,7.44
1877000,7.17,8.44,6.89,14.22,7.4
1878000,7.27,8.39,7.02,14.26,7.38
1879000,7.58,8.52,7.33,14.13,7.6
1880000,7.49,8.76,7.08,14.11,7.83
1881000,7.54,8.36,6.79,14.26,8.06
1882000,7.76,8.68,7.02,14.3,7.98
1883000,7.61,8.88,6.96,14.03,7.84
1884000,7.01,8.56,6.93,14.39,7.71
1885000,7.25,8.59,6.77,14.58,7.89
1886000,7.07,8.43,6.81,14.53,7.88
1887000,6.6,8.46,7.15,14.69,8.0
1888000,6.87,8.35,7.12,14.76,8.12
1889000,7.11,8.38,7.27,15.0,8.17
1890000,6.83,8.04,7.17,14.96,8.45
1891000,6.9,8.11,7.06,14.82,8.31
1892000,7.07,8.18,7.19,15.12,8.36
1893000,7.15,8.15,7.19,15.3,8.53
1894000,7.45,8.05,7.11,15.11,8.5
1895000,7.6,8.0,7.29,14.85,8.7
1896000,7.48,8.24,7.44,14.99,8.86
1897000,7.78,8.21,7.48,15.22,8.91
1898000,7.71,8.34,7.38,14.93,9.03
1899000,7.44,8.52,7.45,15.13,9.23
1900000,7.59,8.4,7.41,14.8,9.01
1901000,7.66,8.61,7.57,14.91,9.16
1902000,7.43,8.54,7.09,14.75,9.36
1903000,7.19,8.61,7.05,15.14,9.23
1904000,7.36,8.41,7.25,15.01,9.16
1905000,7.54,8.52,7.34,15.2,9.16
1906000,7.7,8.61,7.39,15.38,8.76
1907000,7.98,8.51,7.49,15.3,8.04
1908000,8.31,8.48,7.28,15.23,8.23
1909000,8.42,8.62,7.39,15.47,8.44
1910000,8.41,8.76,7.49,15.52,8.51
1911000,8.53,8.84,7.33,15.58,8.47
1912000,8.6,8.56,7.65,15.74,8.49
1913000,8.86,8.37,7.63,16.26,8.52
1914000,9.0,8.4,7.72,15.92,8.52
1915000,9.15,8.44,7.91,15.97,8.62
1916000,8.98,8.86,8.09,15.94,8.72
1917000,8.91,8.69,8.29,16.14,8.69
1918000,8.69,8.85,8.24,16.32,8.75
1919000,8.56,9.02,8.27,16.46,8.85
1920000,8.59,8.93,7.96,16.62,8.87
1921000,8.62,8.97,8.11,16.8,8.51
1922000,8.77,9.06,8.54,16.93,8.69
1923000,8.93,8.54,8.52,16.79,8.81
1924000,8.79,8.45,8.64,17.13,8.87
1925000,8.63,8.61,8.6,16.88,9.04
1926000,8.73,8.88,8.29,16.82,8.81
1927000,8.91,8.94,8.52,17.05,8.66
1928000,9.14,9.24,8.53,16.48,9.05
1929000,9.12,9.16,8.52,16.47,9.05
1930000,9.2,9.05,8.51,15.44,9.36
1931000,9.26,9.35,8.37,15.27,9.4
1932000,9.59,9.07,8.41,14.71,9.74
1933000,9.36,9.39,8.58,14.77,9.61
1934000,9.36,9.63,8.84,15.09,9.59
1935000,9.22,9.48,8.91,14.98,9.9
1936000,9.02,9.2,8.97,15.23,10.18
1937000,9.19,8.84,8.83,14.59,10.29
1938000,9.12,8.94,8.98,14.75,10.66
1939000,8.84,8.96,8.65,14.87,10.56
1940000,9.31,8.99,8.97,15.22,10.49
1941000,8.88,9.06,8.75,15.18,10.58
1942000,8.42,8.8,9.01,15.06,10.61
1943000,8.41,8.61,8.66,15.37,10.88
1944000,8.55,8.69,9.05,14.6,10.76
1945000,8.68,8.76,8.9,14.46,11.04
1946000,8.54,8.64,8.95,14.66,11.35
1947000,7.81,8.58,8.76,14.54,10.82
1948000,7.84,8.63,8.89,14.96,10.73
1949000,7.59,8.58,8.48,14.86,10.39
1950000,8.17,8.97,8.44,14.11,10.58
1951000,7.97,8.94,8.43,13.58,10.81
1952000,7.75,8.89,8.51,13.96,10.34
1953000,7.59,8.81,8.43,13.88,10.45
1954000,7.52,9.24,8.54,12.95,10.18
1955000,7.22,8.56,8.49,13.17,10.35
1956000,7.42,8.73,8.46,12.64,10.24
1957000,6.82,9.03,8.34,12.74,9.84
1958000,6.53,8.84,8.4,12.89,9.84
1959000,6.57,9.18,8.07,12.92,9.94
1960000,6.86,8.64,7.84,12.88,10.1
1961000,6.91,8.73,7.81,13.01,9.94
1962000,6.6,8.96,7.61,13.43,9.94
1963000,6.8,9.27,7.5,13.55,9.98
1964000,7.01,9.42,7.38,14.05,10.35
1965000,6.99,9.8,7.52,13.99,10.02
1966000,7.19,10.05,7.37,13.96,10.11
1967000,6.79,9.88,7.51,14.2,9.7
1968000,7.06,9.67,6.82,14.2,9.93
1969000,6.96,9.61,7.19,14.06,9.6
1970000,7.19,9.47,7.01,14.25,9.22
1971000,7.24,9.47,7.12,14.56,8.9
1972000,7.53,9.28,7.13,14.81,8.74
1973000,7.65,9.01,6.87,14.06,8.88
1974000,7.94,9.26,6.78,14.03,9.01
1975000,7.6,9.17,6.52,14.57,9.02
1976000,7.54,9.13,6.63,14.73,8.87
1977000,7.57,8.94,6.65,15.0,8.85
1978000,7.7,8.91,6.7,15.09,9.02
1979000,8.0,9.13,6.74,15.3,9.19
1980000,8.09,9.05,6.85,15.24,8.92
1981000,8.07,8.49,6.8,15.36,8.94
1982000,8.12,8.85,7.02,15.45,8.7
1983000,8.24,8.64,6.97,15.59,8.72
1984000,8.62,8.52,7.04,15.61,8.45
1985000,8.87,8.36,7.08,16.28,8.62
1986000,8.46,8.4,7.19,16.53,8.61
1987000,8.34,8.73,6.88,16.92,8.53
1988000,8.62,8.57,6.94,16.51,8.62
1989000,8.88,7.81,6.92,16.17,8.75
1990000,8.99,7.43,7.1,16.04,8.11
1991000,9.04,7.58,7.36,16.15,8.22
1992000,8.93,7.97,7.67,16.36,8.22
1993000,9.09,8.04,7.38,16.6,7.86
1994000,9.19,8.22,7.02,16.37,8.0
1995000,9.28,8.44,6.99,16.25,8.13
1996000,9.2,8.45,7.08,16.69,8.41
1997000,9.57,8.69,7.19,16.79,8.59
1998000,9.39,8.86,7.17,16.87,8.85
1999000,9.25,8.89,7.1,17.02,8.95
2000000,9.57,8.97,7.05,17.01,9.12
2001000,9.55,8.81,6.97,16.55,9.37
2002000,9.23,9.19,6.63,16.93,9.56
2003000,9.03,9.08,6.94,16.71,9.67
2004000,9.15,9.46,7.14,16.48,9.82
2005000,9.07,9.55,7.14,15.87,9.9
2006000,9.09,9.36,6.79,15.8,10.0
2007000,9.28,9.61,7.11,16.21,9.71
2008000,9.27,9.7,6.95,15.73,9.65
2009000,9.38,9.66,7.23,16.02,9.76
2010000,9.63,9.91,7.03,16.28,9.92
2011000,9.6,10.13,6.63,16.27,10.07
2012000,9.48,9.96,6.1,16.43,9.77
2013000,9.19,10.04,6.19,16.27,9.8
2014000,9.31,10.05,6.48,16.39,9.72
2015000,9.36,9.97,6.48,16.61,9.64
2016000,9.05,9.96,6.32,16.48,9.58
2017000,9.12,10.24,6.41,15.97,9.9
2018000,9.25,10.53,6.45,15.62,9.95
2019000,9.1,10.72,6.71,15.27,10.16
2020000,9.24,10.97,6.82,15.38,10.08
2021000,9.09,10.95,7.12,15.49,10.05
2022000,8.82,10.57,7.11,15.51,9.99
2023000,8.9,10.71,7.09,14.98,10.06
2024000,8.67,10.36,7.04,14.73,9.5
2025000,8.48,10.17,6.92,14.25,9.33
2026000,8.43,10.25,7.05,14.15,9.02
2027000,8.16,10.33,7.16,14.08,8.4
2028000,8.21,10.54,6.97,14.42,8.53
2029000,8.19,10.74,6.7,14.56,8.57
2030000,8.65,10.67,6.79,14.39,8.2
2031000,8.43,10.4,6.86,14.46,8.62
2032000,8.37,10.53,6.71,14.81,8.68
2033000,7.94,10.72,6.8,14.75,8.61
2034000,8.08,10.21,7.08,15.12,8.82
2035000,8.2,10.45,7.25,15.18,8.46
2036000,7.87,10.14,7.26,15.32,8.5
2037000,7.73,10.37,7.23,15.61,8.55
2038000,7.9,9.8,7.46,15.33,8.93
2039000,7.92,9.24,7.58,15.48,9.12
2040000,7.99,9.25,7.64,15.43,8.97
2041000,8.49,9.2,7.91,15.38,9.07
2042000,8.05,9.2,8.06,15.88,9.25
2043000,7.55,9.26,8.38,15.43,9.35
2044000,7.58,9.58,8.62,15.76,9.62
2045000,7.58,9.74,8.27,16.07,9.48
2046000,7.46,9.66,8.1,16.41,9.58
2047000,7.54,9.03,8.25,16.27,9.5
2048000,7.54,9.26,8.34,16.28,9.93
2049000,7.73,9.53,8.24,16.52,9.75
2050000,7.73,9.26,8.18,16.16,9.92
2051000,7.93,9.56,8.65,16.42,10.24
2052000,7.97,9.67,8.76,16.49,10.43
2053000,7.99,9.87,8.57,16.51,10.5
2054000,8.0,10.08,8.79,16.64,10.71
2055000,8.17,10.25,8.79,16.68,10.61
2056000,8.26,9.88,9.36,16.66,10.64
2057000,8.59,9.81,9.5,16.33,10.71
2058000,8.83,10.0,9.55,16.71,11.03
2059000,8.76,10.07,9.72,16.52,11.12
2060000,8.64,9.77,9.58,16.73,11.05
2061000,8.93,9.95,9.05,17.1,11.05
2062000,8.86,10.09,8.89,17.14,10.82
2063000,9.01,9.59,9.06,16.71,10.72
2064000,8.88,9.46,9.2,16.86,10.54
2065000,9.03,9.75,8.99,16.65,10.71
2066000,9.18,10.05,8.84,16.79,10.56
2067000,9.33,10.15,8.83,16.6,10.79
2068000,9.55,10.42,8.45,16.85,10.44
2069000,9.34,10.45,7.94,16.91,10.25
2070000,9.55,10.32,8.06,17.14,10.33
2071000,9.75,10.71,8.13,17.52,10.38
2072000,9.77,10.53,8.52,17.62,10.46
2073000,10.11,10.08,8.79,17.04,9.98
2074000,10.25,9.99,8.47,17.22,9.68
2075000,10.54,9.93,8.68,17.26,9.99
2076000,10.4,10.18,8.89,16.94,9.78
2077000,10.48,9.98,9.04,16.34,9.61
2078000,10.47,10.03,8.5,16.45,9.52
2079000,10.34,9.5,8.22,16.33,9.79
2080000,10.65,9.63,8.3,15.96,9.39
2081000,11.04,9.73,7.92,16.18,9.24
2082000,10.98,9.27,7.88,16.39,9.22
2083000,10.92,9.26,7.91,16.61,9.48
2084000,10.95,9.12,7.85,16.2,9.33
2085000,11.21,9.02,7.95,16.02,9.41
2086000,11.39,9.22,8.24,15.72,9.08
2087000,10.91,9.5,8.33,15.72,9.13
2088000,10.98,9.82,8.54,15.75,9.08
2089000,10.45,9.89,8.52,15.6,9.23
2090000,10.53,10.13,8.51,15.87,9.2
2091000,10.59,10.15,8.48,15.93,9.0
2092000,10.26,10.03,8.57,15.89,8.93
2093000,10.31,10.33,8.77,15.81,9.04
2094000,10.25,10.43,8.88,15.96,8.95
2095000,10.39,10.28,8.93,15.84,8.95
2096000,10.14,10.54,9.2,15.79,8.87
2097000,9.89,10.15,9.35,15.53,9.0
2098000,9.58,10.12,8.99,15.96,8.81
2099000,9.79,10.35,9.14,15.88,8.83
2100000,9.52,9.98,8.86,15.88,9.11
2101000,9.72,9.96,9.04,15.89,9.24
2102000,9.75,10.06,8.87,15.67,9.4
2103000,9.34,10.1,9.01,15.7,9.18
2104000,9.27,10.16,8.99,15.77,9.31
2105000,9.22,10.31,9.16,15.45,9.76
2106000,8.84,10.2,9.23,15.38,9.61
2107000,9.24,10.21,9.03,15.03,9.64
2108000,8.94,10.55,9.13,15.04,9.79
2109000,9.07,10.77,9.26,15.29,9.36
2110000,9.07,10.86,9.14,14.55,9.53
2111000,8.57,11.16,9.11,14.73,9.51
2112000,8.51,11.11,9.05,14.75,9.69
2113000,8.73,10.97,9.1,14.56,9.95
2114000,8.91,11.12,9.13,14.7,9.93
2115000,8.88,11.4,8.99,14.78,10.16
2116000,9.1,11.2,8.98,15.15,10.25
2117000,8.62,11.22,8.94,15.05,10.27
2118000,8.96,10.8,9.1,15.12,10.32
2119000,9.05,10.73,8.67,15.26,10.0
2120000,9.55,10.62,8.68,15.62,10.47
2121000,9.59,10.43,9.02,15.37,10.58
2122000,9.79,10.55,9.07,15.34,10.98
2123000,9.58,10.59,8.97,14.83,11.16
2124000,9.58,10.64,9.01,14.93,11.17
2125000,9.64,10.73,9.16,15.14,11.23
2126000,9.76,10.72,9.13,15.66,11.14
2127000,9.81,10.62,9.04,15.57,11.12
2128000,9.98,10.88,9.14,15.34,11.36
2129000,9.68,10.25,9.19,15.36,11.11
2130000,9.59,10.53,8.92,15.97,10.76
2131000,9.63,10.48,9.16,15.7,10.85
2132000,9.56,10.45,9.47,15.78,10.88
2133000,9.9,10.75,9.53,15.99,10.55
2134000,10.21,10.84,9.46,16.17,10.51
2135000,10.15,10.8,9.39,16.13,9.98
2136000,10.34,10.59,9.29,15.66,10.02
2137000,9.92,10.37,9.5,15.75,9.84
2138000,9.93,10.22,9.75,15.91,9.86
2139000,9.99,10.1,9.8,15.75,10.0
2140000,10.0,10.38,9.94,16.0,9.88
2141000,10.09,10.35,10.0,16.26,9.7
2142000,10.36,10.14,10.2,16.5,9.63
2143000,10.38,10.38,10.1,16.31,9.48
2144000,9.76,10.08,10.34,16.59,9.68
2145000,9.76,10.22,10.79,16.68,9.74
2146000,9.94,10.14,10.83,17.14,9.83
2147000,9.74,10.31,10.92,17.03,10.06
2148000,9.78,10.17,10.74,17.16,10.09
2149000,9.05,9.95,10.7,17.24,9.79
2150000,8.81,9.96,10.86,17.28,9.8
2151000,8.55,9.91,10.69,17.42,9.77
2152000,8.34,9.86,10.34,17.84,9.45
2153000,8.33,10.01,10.54,17.88,9.29
2154000,8.42,10.06,10.48,17.76,9.65
2155000,8.54,10.03,10.52,17.87,9.99
2156000,8.71,9.99,10.52,18.35,10.26
2157000,8.46,10.14,10.49,18.13,10.31
2158000,8.59,10.12,10.42,18.28,10.43
2159000,8.23,10.1,10.67,18.31,10.59
2160000,8.02,10.15,10.6,18.18,10.82
2161000,8.34,10.2,10.64,17.96,10.82
2162000,8.38,10.64,10.68,17.39,10.8
2163000,8.33,10.57,10.61,17.43,10.91
2164000,8.57,10.26,10.46,17.1,11.04
2165000,8.4,10.52,10.74,16.85,10.89
2166000,8.3,10.55,11.0,17.24,11.27
2167000,7.81,10.61,10.96,16.91,11.38
2168000,7.85,10.53,10.94,16.89,11.29
2169000,7.94,10.58,10.81,16.64,11.51
2170000,8.15,10.02,10.72,16.99,11.58
2171000,7.8,9.81,10.79,17.38,11.82
2172000,8.04,9.99,10.69,17.13,12.19
2173000,7.84,9.93,11.02,17.05,12.26
2174000,8.25,10.05,10.58,16.87,12.24
2175000,8.49,10.04,10.73,17.0,12.44
2176000,8.47,9.96,10.16,16.75,12.65
2177000,8.49,10.21,10.22,16.64,12.25
2178000,8.9,10.2,10.37,16.76,12.42
2179000,9.18,10.32,10.47,17.14,12.52
2180000,9.25,10.41,10.54,17.27,12.15
2181000,9.35,10.62,10.81,16.78,12.33
2182000,9.05,10.4,10.69,16.28,12.51
2183000,8.71,10.44,10.76,16.28,12.66
2184000,8.87,10.43,10.88,15.7,12.81
2185000,8.75,10.4,10.95,15.3,12.79
2186000,9.03,10.13,10.95,15.19,12.89
2187000,9.23,10.29,11.25,15.34,13.03
2188000,9.11,10.05,11.32,15.36,12.87
2189000,9.2,9.82,11.19,15.28,12.37
2190000,9.34,9.35,11.36,14.87,11.92
2191000,9.23,9.34,11.19,14.84,12.02
2192000,9.19,9.25,11.11,14.95,11.87
2193000,9.45,9.01,10.74,15.26,11.67
2194000,9.57,8.53,10.87,15.3,11.71
2195000,9.51,8.85,10.84,14.91,11.32
2196000,9.55,9.06,11.02,15.16,11.41
2197000,9.85,9.33,10.52,14.8,11.36
2198000,10.16,9.64,10.64,14.79,11.7
2199000,10.32,9.31,11.13,14.89,12.0
2200000,10.46,9.58,11.02,14.89,12.03
2201000,10.42,9.42,11.33,15.49,11.74
2202000,10.32,9.16,11.3,15.68,11.59
2203000,10.27,8.73,11.05,15.88,11.37
2204000,10.08,8.58,11.08,15.97,10.93
2205000,10.15,8.78,10.98,16.14,11.2
2206000,10.54,8.95,10.96,16.19,10.94
2207000,10.7,8.74,10.92,16.05,10.83
2208000,10.67,8.82,10.71,16.13,10.5
2209000,10.44,9.06,10.95,16.69,10.84
2210000,10.53,8.61,11.32,16.88,10.77
2211000,10.04,8.49,10.92,16.88,10.74
2212000,10.19,8.35,11.06,17.13,10.93
2213000,10.51,8.86,11.1,16.47,10.79
2214000,10.48,8.86,11.12,16.7,11.28
2215000,10.91,8.99,11.37,16.56,11.08
2216000,10.96,9.22,11.14,16.45,11.11
2217000,11.15,9.41,11.47,17.19,10.66
2218000,11.1,9.55,11.2,17.1,10.64
2219000,11.16,9.59,10.71,17.51,11.01
2220000,11.04,9.58,10.93,17.58,10.8
2221000,11.38,10.02,10.88,17.57,10.75
2222000,11.1,10.15,10.21,16.6,10.96
2223000,11.11,10.41,10.47,16.59,10.9
2224000,10.99,10.38,10.5,16.86,11.09
2225000,10.94,10.4,10.45,16.96,10.85
2226000,11.21,9.93,10.49,16.86,11.37
2227000,11.3,10.17,10.52,17.46,11.63
2228000,11.24,10.36,10.42,17.6,11.62
2229000,11.06,10.13,10.31,17.9,11.64
2230000,10.55,10.25,10.17,18.15,11.15
2231000,10.49,10.36,10.13,18.4,11.07
2232000,10.84,10.5,10.13,18.76,11.17
2233000,10.67,10.63,10.21,18.79,11.34
2234000,10.82,10.7,10.03,19.02,11.32
2235000,10.94,10.44,10.19,19.16,11.36
2236000,10.42,10.44,10.58,19.29,11.23
2237000,10.04,10.34,10.87,19.64,11.27
2238000,9.75,10.62,10.92,19.75,11.54
2239000,9.98,10.76,10.96,19.88,11.6
2240000,10.28,10.62,10.49,20.4,11.18
2241000,10.46,10.79,10.31,20.2,11.06
2242000,10.04,11.12,10.24,20.51,10.68
2243000,9.68,11.47,10.09,20.6,10.46
2244000,9.89,11.68,9.68,20.79,10.21
2245000,9.42,11.26,9.65,21.03,10.09
2246000,9.35,11.26,9.74,21.24,10.39
2247000,9.56,11.28,9.72,21.36,10.58
2248000,9.39,11.17,9.73,21.51,10.67
2249000,9.43,11.2,9.94,22.0,10.35
2250000,9.76,11.2,10.27,21.01,10.53
2251000,9.6,10.71,9.85,21.1,10.88
2252000,9.68,10.64,10.15,21.42,10.87
2253000,9.69,10.62,10.52,21.83,10.65
2254000,9.64,10.32,10.39,22.11,10.54
2255000,9.31,10.26,10.53,22.02,10.54
2256000,9.43,10.61,10.51,21.92,10.26
2257000,9.66,10.39,10.55,22.24,10.28
2258000,10.05,10.47,10.64,22.35,10.42
2259000,10.24,10.8,10.57,22.48,10.75
2260000,10.07,10.75,10.78,22.3,10.84
2261000,10.19,10.57,10.74,22.26,11.18
2262000,10.37,10.63,10.27,22.39,10.95
2263000,10.36,10.54,10.34,22.15,10.4
2264000,10.03,10.9,10.43,22.18,10.75
2265000,10.21,10.72,10.57,21.84,10.78
2266000,10.3,10.3,10.74,21.38,10.96
2267000,10.37,10.23,10.79,20.33,10.72
2268000,10.52,10.18,10.22,20.21,10.86
2269000,10.86,10.03,10.18,20.36,10.55
2270000,10.16,10.13,9.97,20.4,10.81
2271000,10.47,9.98,10.21,20.78,11.01
2272000,10.73,9.93,10.34,21.26,11.17
2273000,10.83,10.09,10.41,21.18,11.43
2274000,11.18,10.08,10.51,21.11,11.41
2275000,11.07,9.9,10.52,21.37,11.84
2276000,10.81,9.94,10.42,21.04,11.97
2277000,10.8,9.87,10.23,20.86,11.98
2278000,10.88,9.98,10.15,20.2,12.1
2279000,10.99,10.08,10.24,19.51,11.82
2280000,10.81,10.21,10.23,19.21,12.06
2281000,11.05,10.36,10.03,19.0,12.37
2282000,11.19,10.32,10.05,18.81,12.2
2283000,11.25,9.93,10.3,18.75,12.13
2284000,11.35,10.05,10.22,17.99,11.76
2285000,11.47,10.2,10.33,17.54,12.0
2286000,11.6,10.51,9.97,17.6,11.99
2287000,11.92,10.64,10.22,17.5,12.17
2288000,11.9,10.09,10.45,17.14,12.35
2289000,11.69,10.1,10.5,17.64,11.95
2290000,11.58,10.22,10.4,17.64,12.23
2291000,11.63,10.13,10.19,17.78,12.16
2292000,12.01,10.56,10.38,17.5,12.1
2293000,11.9,10.47,10.72,18.02,11.98
2294000,11.81,10.49,10.92,18.28,11.94
2295000,11.59,10.63,10.98,18.73,11.96
2296000,11.8,10.91,11.29,18.03,12.33
2297000,11.65,11.1,11.29,17.72,12.47
2298000,11.91,11.0,10.95,17.09,12.53
2299000,11.72,10.55,10.99,17.28,12.27
2300000,11.06,10.72,10.59,17.0,12.06
2301000,11.78,10.51,10.89,16.96,12.15
2302000,11.41,10.38,10.67,16.99,12.49
2303000,10.93,10.2,10.84,16.85,12.48
2304000,10.49,10.16,10.86,16.87,12.93
2305000,10.43,10.16,10.78,16.64,12.86
2306000,10.56,10.66,10.94,17.04,12.66
2307000,10.46,10.31,10.58,17.23,12.22
2308000,10.4,10.52,10.51,17.51,11.78
2309000,10.37,10.24,10.28,17.46,11.94
2310000,10.57,10.29,10.21,17.94,12.02
2311000,10.62,10.29,10.39,18.28,11.66
2312000,10.61,10.48,10.18,18.54,11.58
2313000,10.11,10.53,10.04,18.73,11.63
2314000,9.88,9.89,10.21,18.54,11.41
2315000,10.04,9.51,10.24,18.89,11.61
2316000,9.93,9.76,10.4,18.0,11.72
2317000,9.97,9.98,10.49,17.45,11.99
2318000,9.73,10.13,10.4,17.32,11.98
2319000,9.73,9.54,10.53,17.53,11.8
2320000,9.43,9.3,10.45,18.03,11.43
2321000,9.56,9.28,10.54,18.17,11.46
2322000,9.7,9.23,10.57,18.28,11.81
2323000,9.67,8.87,10.4,18.68,12.06
2324000,9.53,8.81,10.35,18.95,11.72
2325000,9.27,8.99,9.87,19.32,11.97
2326000,9.38,9.26,9.9,19.37,11.95
2327000,9.88,9.35,9.81,19.79,11.77
2328000,9.83,9.36,9.94,19.98,12.06
2329000,9.69,9.32,10.06,19.94,12.42
2330000,10.08,9.02,9.89,20.4,12.58
2331000,10.06,9.2,9.61,20.11,12.44
2332000,10.29,9.44,9.54,20.42,11.61
2333000,10.17,9.14,9.62,20.85,11.82
2334000,10.25,9.3,9.82,20.84,11.93
2335000,10.26,9.23,9.75,21.34,11.81
2336000,10.8,9.39,10.05,21.35,11.74
2337000,10.69,9.29,10.29,21.47,11.7
2338000,10.46,9.22,10.3,21.86,11.46
2339000,9.84,9.08,10.39,21.11,11.65
2340000,9.68,8.9,10.37,20.99,12.01
2341000,9.95,9.29,10.02,20.64,12.3
2342000,10.14,9.53,10.39,20.53,12.58
2343000,10.27,9.68,10.46,20.53,12.3
2344000,10.35,8.86,10.5,20.47,12.49
2345000,10.52,9.0,10.53,20.63,12.59
2346000,10.36,9.07,9.95,20.74,12.63
2347000,10.42,9.07,9.34,20.88,12.61
2348000,10.32,9.17,9.59,20.78,12.61
2349000,10.58,9.3,9.67,20.85,12.58
2350000,10.92,9.31,9.82,21.17,12.43
2351000,10.36,9.2,9.64,21.48,12.42
2352000,10.43,9.18,9.74,21.62,12.23
2353000,10.6,9.46,9.91,21.44,12.31
2354000,10.64,9.26,9.83,21.45,12.5
2355000,10.78,9.35,9.83,21.02,12.15
2356000,10.97,9.63,9.95,21.21,11.9
2357000,10.91,9.51,9.92,21.0,11.75
2358000,10.87,9.91,10.07,21.11,12.01
2359000,10.58,10.01,10.26,20.9,12.47
2360000,10.88,10.02,10.25,21.22,12.7
2361000,10.57,10.11,10.5,21.12,12.63
2362000,10.58,10.4,10.49,21.22,12.21
2363000,10.73,10.37,10.44,21.12,12.26
2364000,10.68,10.42,10.26,21.29,12.41
2365000,10.89,10.03,10.22,21.45,12.62
2366000,10.65,10.18,10.26,21.8,12.8
2367000,10.88,10.19,9.97,21.76,12.5
2368000,10.72,10.49,10.06,22.0,12.91
2369000,10.59,10.52,10.22,21.72,12.68
2370000,10.72,10.35,10.36,21.62,12.75
2371000,10.24,10.08,10.36,21.32,12.49
2372000,10.63,10.18,10.29,21.06,12.59
2373000,11.1,10.53,10.22,20.61,12.18
2374000,10.73,10.88,10.22,20.72,11.95
2375000,10.58,11.24,10.61,20.72,11.82
2376000,10.65,11.2,10.61,20.51,11.86
2377000,10.91,11.37,10.91,20.12,12.27
2378000,10.95,11.76,10.82,20.19,12.27
2379000,11.06,11.77,11.35,19.45,12.24
2380000,10.9,11.81,11.13,18.56,12.34
2381000,11.03,11.99,11.18,18.11,12.43
2382000,11.09,12.13,11.21,17.79,12.34
2383000,11.33,12.37,11.38,18.02,12.41
2384000,11.38,12.23,11.23,18.41,12.46
2385000,11.49,12.49,11.17,18.56,12.29
2386000,11.63,12.69,11.24,18.42,12.45
2387000,11.59,12.61,11.14,18.66,12.64
2388000,11.4,12.66,10.99,18.46,12.83
2389000,11.31,13.04,11.19,18.71,12.67
2390000,11.22,13.1,11.39,18.69,12.71
2391000,10.98,12.93,11.38,18.31,12.81
2392000,11.06,12.85,11.49,18.53,11.93
2393000,11.37,12.55,11.74,18.52,11.64
2394000,11.41,12.38,11.82,18.71,11.81
2395000,11.7,11.91,12.03,18.22,12.18
2396000,11.42,11.87,12.36,18.26,11.32
2397000,11.63,12.18,12.38,18.4,11.37
2398000,12.1,12.39,12.43,18.42,11.26
2399000,11.54,12.31,12.78,18.63,11.46
2400000,11.82,12.51,12.89,18.39,11.25
2401000,11.88,12.77,12.81,18.81,11.15
2402000,12.2,12.79,12.8,18.9,11.07
2403000,12.31,12.63,12.93,18.83,10.96
2404000,12.56,12.74,12.9,19.17,10.95
2405000,12.61,12.94,12.93,19.03,10.77
2406000,12.78,13.23,13.27,19.13,10.41
2407000,12.14,13.17,13.33,19.62,9.74
2408000,12.31,12.89,13.36,19.7,9.66
2409000,12.7,12.92,13.32,19.67,9.25
2410000,12.95,12.67,13.53,19.21,9.36
2411000,12.64,12.68,13.38,19.48,9.45
2412000,12.91,12.37,13.11,19.22,9.49
2413000,12.24,12.43,13.15,19.7,9.7
2414000,11.99,12.57,13.37,19.79,9.63
2415000,12.11,12.41,13.6,18.86,8.95
2416000,11.98,12.58,13.57,19.39,9.18
2417000,11.73,12.33,13.78,19.63,9.38
2418000,11.87,12.25,13.81,19.78,9.54
2419000,11.92,11.9,13.7,19.48,9.6
2420000,12.3,11.97,13.45,19.72,9.64
2421000,12.36,11.48,13.62,19.87,9.71
2422000,12.57,11.57,13.6,20.15,9.44
2423000,12.74,11.76,13.6,19.89,9.44
2424000,13.07,11.44,13.65,20.03,9.47
2425000,13.13,11.6,13.79,20.35,9.79
2426000,12.81,11.49,13.94,20.44,9.87
2427000,12.81,11.62,13.96,20.25,10.06
2428000,12.82,11.88,13.86,20.87,10.11
2429000,12.59,11.69,13.81,21.1,10.02
2430000,12.25,11.6,14.06,21.15,10.19
2431000,12.03,11.91,13.4,21.49,9.98
2432000,12.3,11.61,13.38,21.63,10.15
2433000,11.99,11.35,13.42,21.54,10.48
2434000,12.1,11.37,13.66,21.18,10.03
2435000,11.56,11.55,13.55,21.32,10.23
2436000,11.83,11.69,13.73,21.3,10.41
2437000,11.65,11.32,13.6,21.49,10.25
2438000,12.02,10.86,13.29,21.39,10.35
2439000,11.86,10.97,13.55,21.33,10.62
2440000,11.5,10.93,13.69,21.64,10.58
2441000,11.33,10.97,13.12,21.79,10.56
2442000,11.32,11.06,13.13,21.37,10.88
2443000,11.09,11.16,13.39,21.57,11.1
2444000,11.34,11.13,13.04,21.66,11.17
2445000,11.68,11.43,12.78,21.31,10.96
2446000,11.91,11.14,13.12,21.53,11.19
2447000,12.24,11.13,13.03,21.56,11.37
2448000,12.53,11.25,12.7,21.49,11.4
2449000,12.23,11.12,12.66,21.22,11.31
2450000,12.09,10.99,11.85,21.24,11.01
2451000,12.43,10.59,11.95,21.05,11.12
2452000,12.35,10.76,12.02,20.72,11.49
2453000,12.78,10.41,11.8,20.94,11.69
2454000,12.59,10.66,11.77,19.82,11.43
2455000,12.4,10.59,11.76,19.75,11.33
2456000,12.25,10.71,11.61,19.82,11.45
2457000,11.97,11.06,11.56,20.39,11.48
2458000,12.1,11.22,11.86,20.28,11.41
2459000,12.38,11.21,11.31,20.77,11.9
2460000,12.66,11.5,11.84,20.69,12.04
2461000,12.84,11.27,12.11,20.48,11.88
2462000,12.99,10.96,12.07,20.67,12.34
2463000,12.8,11.14,11.86,20.93,12.59
2464000,13.01,11.08,12.19,20.79,12.53
2465000,13.27,11.3,11.85,20.91,12.65
2466000,13.5,11.62,11.8,21.02,12.91
2467000,13.4,11.4,11.57,21.39,12.77
2468000,13.41,11.33,11.45,21.19,12.71
2469000,13.76,11.36,11.66,21.35,13.08
2470000,13.94,11.64,11.95,21.0,13.39
2471000,14.14,11.37,11.93,20.95,13.39
2472000,14.33,11.32,11.57,20.7,13.91
2473000,14.28,11.4,11.89,20.5,13.96
2474000,14.29,11.26,11.92,20.84,14.22
2475000,14.48,11.05,11.96,20.49,13.96
2476000,14.15,11.01,11.71,20.79,13.68
2477000,14.26,11.14,11.65,20.5,13.77
2478000,14.07,11.61,11.3,20.56,13.71
2479000,14.33,11.59,11.47,20.28,13.63
2480000,14.35,11.62,11.27,20.55,13.67
2481000,14.37,11.45,11.26,20.0,13.46
2482000,14.56,11.72,11.67,20.11,13.5
2483000,14.58,12.02,11.99,20.27,13.78
2484000,14.93,12.22,11.87,20.24,13.76
2485000,15.12,12.37,11.98,20.44,14.2
2486000,14.75,12.43,11.83,19.98,13.99
2487000,14.59,12.31,12.02,20.03,14.0
2488000,14.39,12.22,12.28,20.54,13.69
2489000,14.11,11.72,12.2,20.77,13.83
2490000,14.42,11.5,12.09,20.71,13.84
2491000,14.15,11.51,12.31,20.5,14.14
2492000,14.25,11.48,12.01,20.64,14.05
2493000,14.28,11.89,12.27,20.41,14.34
2494000,14.3,11.81,11.93,19.97,14.47
2495000,14.44,11.76,11.67,19.79,14.35
2496000,14.57,11.59,11.61,20.28,13.59
2497000,14.55,11.59,11.49,20.43,13.65
2498000,14.46,11.0,11.79,20.53,13.32
2499000,14.14,10.93,11.54,20.66,13.32
2500000,13.62,10.85,11.71,20.64,12.99
2501000,13.59,10.92,11.42,20.55,13.2
2502000,13.38,10.81,11.54,21.2,12.93
2503000,13.48,10.27,11.27,21.09,12.57
2504000,13.44,10.49,11.42,21.31,12.56
2505000,13.2,10.79,11.46,21.63,12.55
2506000,13.36,10.62,11.65,21.15,12.1
2507000,12.8,10.4,11.38,20.69,12.23
2508000,12.8,10.46,11.51,20.65,12.24
2509000,12.71,10.56,11.64,20.55,12.01
2510000,12.66,10.61,11.96,20.59,12.03
2511000,12.42,10.59,12.12,20.73,11.99
2512000,12.62,10.15,12.29,20.95,11.95
2513000,12.49,10.05,12.18,21.71,11.72
2514000,12.47,9.62,12.39,21.8,11.98
2515000,12.77,9.55,12.42,21.34,11.64
2516000,12.05,9.57,12.04,21.25,11.66
2517000,11.84,9.81,12.22,21.16,11.34
2518000,11.9,9.82,12.24,21.6,11.48
2519000,11.92,9.67,12.35,21.65,11.47
2520000,11.77,9.67,12.46,21.74,11.77
2521000,11.64,9.85,12.55,22.17,11.33
2522000,11.61,9.49,12.46,21.58,11.0
2523000,11.53,9.25,12.71,21.91,11.25
2524000,11.24,9.5,12.74,22.36,11.11
2525000,11.01,9.33,12.55,22.32,11.18
2526000,11.16,9.48,12.81,22.18,11.61
2527000,10.86,9.54,12.55,22.22,11.31
2528000,10.76,9.64,12.66,22.24,11.48
2529000,10.76,9.48,12.72,22.76,11.39
2530000,10.78,9.73,12.61,22.79,11.35
2531000,10.85,10.19,12.05,22.51,11.49
2532000,10.54,10.23,11.75,22.82,11.65
2533000,10.82,10.87,11.84,23.24,11.92
2534000,10.88,11.12,11.61,23.22,12.19
2535000,10.82,10.72,12.06,23.41,12.28
2536000,10.67,10.5,11.89,23.24,12.18
2537000,10.56,10.11,11.86,23.49,12.55
2538000,10.83,9.83,12.05,22.79,11.86
2539000,11.09,9.92,11.9,22.82,12.01
2540000,11.17,10.2,12.17,22.45,11.86
2541000,10.98,10.48,11.79,22.52,11.73
2542000,11.26,10.73,11.93,22.78,12.08
2543000,11.44,10.72,11.82,22.54,12.37
2544000,11.37,10.85,12.12,22.45,12.2
2545000,11.47,10.8,12.26,22.62,12.37
2546000,11.5,10.63,12.11,22.96,12.52
2547000,11.91,10.55,11.97,22.97,12.35
2548000,11.73,10.63,12.06,22.91,12.26
2549000,12.01,10.36,12.05,22.67,12.17
2550000,12.04,10.68,12.04,22.69,12.67
2551000,12.56,10.95,12.09,22.61,12.34
2552000,12.76,11.17,11.83,22.59,12.72
2553000,12.73,11.27,12.06,22.59,12.99
2554000,12.43,11.26,12.29,22.26,13.32
2555000,12.79,11.49,12.13,21.92,13.58
2556000,12.82,11.31,12.23,21.82,13.28
2557000,13.15,11.12,12.28,21.94,13.33
2558000,13.42,11.14,12.11,22.34,13.45
2559000,13.12,11.15,12.26,22.04,13.34
2560000,13.3,10.86,12.43,22.0,13.6
2561000,13.57,10.99,12.5,21.91,13.49
2562000,13.76,10.27,12.76,21.18,13.04
2563000,13.76,10.3,12.85,21.06,13.08
2564000,13.53,10.5,12.8,21.36,13.46
2565000,13.62,10.66,12.79,20.93,13.33
2566000,13.2,10.81,13.49,21.24,13.51
2567000,13.23,10.91,14.08,21.22,13.35
2568000,13.32,11.1,14.34,21.42,13.33
2569000,13.51,10.98,14.55,21.18,13.21
2570000,13.9,10.8,14.75,21.47,13.55
2571000,13.72,10.35,15.2,21.36,13.59
2572000,13.73,10.42,14.77,21.56,13.73
2573000,13.69,10.24,14.56,21.77,13.55
2574000,13.78,10.35,14.67,21.24,13.78
2575000,13.75,10.58,14.69,21.26,14.01
2576000,13.25,10.98,14.24,21.11,14.29
2577000,13.26,10.77,14.16,20.95,14.04
2578000,13.74,10.95,14.26,20.88,14.25
2579000,13.96,11.27,14.12,20.36,14.12
2580000,13.43,11.27,14.43,19.88,13.89
2581000,13.77,10.99,14.2,20.09,14.1
2582000,13.78,10.74,14.01,19.77,14.39
2583000,13.83,11.03,13.75,19.27,14.42
2584000,13.66,11.23,13.61,19.02,14.49
2585000,13.87,11.37,13.04,19.13,14.55
2586000,13.7,11.24,13.32,19.47,14.71
2587000,13.18,10.88,13.53,19.62,14.34
2588000,12.96,11.17,12.89,19.85,14.21
2589000,13.36,11.14,12.95,20.05,14.34
2590000,13.64,11.3,13.23,19.45,14.19
2591000,13.96,11.09,13.41,19.64,14.24
2592000,13.99,11.12,13.38,19.9,13.74
2593000,13.78,11.06,13.58,19.12,13.98
2594000,13.67,11.04,13.38,19.46,14.01
2595000,13.61,10.77,13.57,19.8,14.26
2596000,13.67,10.99,13.36,19.7,14.4
2597000,13.74,11.15,13.33,19.28,14.32
2598000,13.47,11.11,13.25,18.85,14.55
2599000,13.28,11.32,13.5,19.07,14.5
2600000,13.35,11.24,13.39,19.2,14.61
2601000,13.33,11.52,12.91,19.45,14.69
2602000,13.51,11.48,12.56,19.14,14.32
2603000,13.88,11.04,12.61,19.18,14.04
2604000,14.01,11.05,12.08,19.53,14.1
2605000,14.26,10.98,12.29,19.96,14.25
2606000,14.75,10.82,12.39,20.38,14.24
2607000,14.57,10.59,12.34,20.03,13.73
2608000,14.38,10.52,12.62,20.1,13.73
2609000,14.16,10.46,12.9,20.59,13.56
2610000,14.57,10.45,12.96,20.02,13.63
2611000,14.87,10.41,12.97,19.87,13.93
2612000,14.83,9.98,13.05,20.22,13.94
2613000,14.93,9.56,12.92,19.48,13.9
2614000,15.22,9.55,12.98,19.42,13.85
2615000,15.09,9.59,13.13,18.83,14.06
2616000,15.16,9.65,13.2,18.91,13.97
2617000,14.93,9.76,13.5,19.35,13.86
2618000,14.57,10.19,13.71,19.1,13.6
2619000,14.46,10.29,13.89,19.06,13.56
2620000,14.63,10.23,13.95,19.39,13.53
2621000,14.47,9.9,14.41,19.47,13.34
2622000,14.44,10.1,14.16,19.44,13.05
2623000,14.52,10.31,14.51,19.68,13.67
2624000,14.84,10.47,14.41,19.95,13.76
2625000,14.57,10.76,14.58,20.25,13.13
2626000,14.44,10.69,14.86,20.67,13.02
2627000,14.47,10.28,14.54,20.93,12.91
2628000,13.83,9.74,14.74,21.26,13.29
2629000,13.88,10.02,15.02,21.01,12.75
2630000,14.24,10.12,13.94,20.85,12.5
2631000,14.24,10.71,13.94,20.98,12.75
2632000,13.91,10.68,13.76,21.35,12.54
2633000,13.82,10.92,12.89,21.34,12.89
2634000,14.03,11.06,13.02,21.32,12.77
2635000,14.37,10.98,13.03,21.3,13.16
2636000,14.3,11.16,13.17,21.46,13.24
2637000,14.32,11.43,13.33,21.63,13.57
2638000,14.49,11.5,13.27,21.01,13.26
2639000,14.72,11.76,13.35,20.97,13.39
2640000,14.66,11.58,13.65,21.07,13.22
2641000,14.6,11.64,13.69,21.23,13.21
2642000,14.28,11.65,13.69,21.72,12.93
2643000,14.44,11.87,13.99,21.6,12.84
2644000,14.59,12.04,14.01,21.35,12.45
2645000,14.8,12.17,13.73,21.27,12.76
2646000,14.46,12.36,13.98,21.55,13.03
2647000,14.61,12.11,14.02,21.71,12.96
2648000,14.48,12.42,13.78,21.64,13.01
2649000,14.14,12.48,13.52,22.51,13.02
2650000,13.93,13.0,13.31,22.32,12.93
2651000,14.02,12.91,13.44,22.71,13.12
2652000,14.02,13.32,13.45,23.03,12.88
2653000,14.12,13.14,13.64,22.97,13.21
2654000,14.01,13.07,13.6,22.95,13.39
2655000,14.11,12.97,13.68,23.16,13.56
2656000,14.09,13.23,13.7,23.47,13.42
2657000,14.12,12.95,13.63,23.09,13.57
2658000,13.25,12.88,13.34,23.05,13.8
2659000,13.33,12.86,13.68,23.39,13.63
2660000,13.23,12.66,13.52,23.16,13.5
2661000,13.86,12.89,13.42,23.01,13.68
2662000,14.04,12.87,13.73,22.83,13.86
2663000,13.99,13.11,13.96,23.13,13.48
2664000,13.67,13.36,13.74,23.53,13.4
2665000,13.83,12.33,13.77,23.84,13.59
2666000,14.08,11.63,13.97,23.87,13.95
2667000,13.66,11.88,14.22,23.87,14.14
2668000,13.79,11.72,14.14,24.44,14.48
2669000,14.01,11.91,14.38,24.55,14.31
2670000,14.21,11.73,14.66,24.79,13.87
2671000,13.96,11.48,14.79,24.8,13.56
2672000,13.66,11.52,14.83,25.08,13.52
2673000,13.46,11.59,14.95,25.07,13.44
2674000,13.43,11.74,14.58,24.68,13.62
2675000,13.38,11.68,14.56,24.83,13.33
2676000,13.04,11.5,14.31,24.71,13.69
2677000,13.23,11.56,14.38,25.0,13.49
2678000,12.81,11.51,14.49,24.8,13.92
2679000,12.71,11.56,14.51,24.63,14.38
2680000,12.62,11.66,14.67,24.78,14.73
2681000,12.9,11.29,14.24,24.52,15.12
2682000,12.46,11.18,14.2,24.43,15.28
2683000,12.57,11.01,14.33,23.77,15.4
2684000,12.75,11.38,14.17,24.09,15.54
2685000,12.75,11.29,14.42,24.16,15.04
2686000,13.03,11.44,14.41,24.1,15.15
2687000,13.09,11.66,14.93,24.01,14.61
2688000,13.2,11.65,15.08,24.09,14.79
2689000,13.17,11.57,15.15,23.91,15.0
2690000,13.09,11.61,14.8,23.95,14.99
2691000,13.07,11.75,14.61,23.87,14.9
2692000,13.25,11.63,14.55,23.55,14.66
2693000,13.43,11.75,14.76,24.06,15.01
2694000,13.39,11.48,14.75,24.17,14.86
2695000,13.62,11.6,14.57,24.5,14.88
2696000,13.84,11.82,14.54,24.24,14.49
2697000,13.19,12.07,14.47,23.66,14.66
2698000,13.09,12.54,14.75,23.97,14.49
2699000,13.09,12.89,14.35,23.87,14.42
2700000,13.24,12.72,14.39,23.85,14.47
2701000,13.35,12.82,14.39,24.09,14.23
2702000,13.18,12.52,14.61,24.09,14.28
2703000,13.41,12.95,14.68,23.77,14.35
2704000,13.08,13.08,15.42,23.7,13.73
2705000,12.66,13.02,15.07,23.38,13.13
2706000,12.57,13.06,14.95,22.91,13.15
2707000,12.75,13.03,15.2,22.97,13.61
2708000,12.74,12.79,15.27,23.21,13.52
2709000,12.9,12.74,15.2,23.03,13.63
2710000,13.11,12.65,15.29,23.35,13.29
2711000,13.03,12.63,14.75,22.97,13.37
2712000,12.99,12.62,14.75,22.81,13.46
2713000,13.05,12.45,15.07,22.53,13.02
2714000,13.31,12.3,15.17,21.94,12.08
2715000,13.49,12.13,15.32,21.07,11.82
2716000,13.72,11.95,15.18,21.03,11.94
2717000,13.44,11.94,14.98,20.76,11.81
2718000,13.4,11.83,14.5,20.32,11.81
2719000,13.65,11.77,14.85,20.26,12.05
2720000,13.57,11.78,14.3,19.94,12.29
2721000,13.51,11.67,14.14,20.34,12.56
2722000,12.93,11.9,14.24,20.53,12.6
2723000,12.74,12.24,14.13,20.66,12.37
2724000,12.89,12.28,13.35,20.57,12.61
2725000,13.04,12.3,13.39,21.01,12.33
2726000,12.99,12.14,13.5,20.74,12.0
2727000,12.68,12.27,13.72,20.69,12.25
2728000,12.19,12.04,13.38,20.38,12.31
2729000,12.44,12.0,13.62,20.39,12.17
2730000,12.34,12.06,13.54,20.4,12.07
2731000,12.5,12.2,13.31,20.74,12.22
2732000,12.42,11.79,13.25,21.0,12.14
2733000,12.08,11.66,12.92,21.14,12.34
2734000,11.99,11.79,13.01,20.99,12.3
2735000,12.46,12.18,12.91,21.2,12.45
2736000,12.29,12.55,12.69,21.03,12.3
2737000,12.27,12.46,12.41,20.81,12.41
2738000,12.16,12.4,12.27,20.87,13.11
2739000,12.52,12.25,12.73,20.77,13.13
2740000,12.53,12.22,12.51,20.78,13.38
2741000,12.76,12.14,12.5,20.73,13.15
2742000,12.64,12.06,12.15,20.76,12.42
2743000,12.69,12.35,12.01,20.98,12.68
2744000,12.41,12.59,12.09,20.92,12.64
2745000,12.37,12.62,12.0,21.21,12.0
2746000,12.57,12.86,11.99,21.44,12.22
2747000,12.72,12.93,12.11,20.76,12.55
2748000,12.87,12.77,11.98,21.14,12.23
2749000,12.56,12.92,11.95,21.56,12.68
2750000,12.39,12.91,12.19,21.32,12.62
2751000,12.54,12.77,12.46,21.54,12.83
2752000,12.58,12.63,12.32,21.24,12.3
2753000,12.65,12.68,12.72,21.41,12.56
2754000,12.67,12.47,13.04,21.31,12.48
2755000,12.75,12.51,13.37,21.48,12.43
2756000,13.08,11.93,13.84,21.59,12.53
2757000,12.82,11.98,14.09,21.24,12.75
2758000,12.84,12.07,14.31,20.78,12.29
2759000,12.77,12.26,14.72,20.8,12.97
2760000,13.22,12.38,14.21,21.02,12.94
2761000,13.05,12.47,14.5,21.0,13.28
2762000,13.46,12.94,14.56,21.21,12.9
2763000,13.65,12.7,14.0,21.6,12.95
2764000,13.79,12.4,14.1,21.81,13.16
2765000,13.25,12.72,14.03,22.27,13.44
2766000,13.55,12.94,13.9,22.3,13.4
2767000,13.55,13.2,14.33,22.69,13.5
2768000,13.53,13.63,14.29,22.53,13.7
2769000,13.1,13.66,14.61,22.67,13.52
2770000,13.06,13.71,14.78,23.04,13.39
2771000,12.97,13.03,15.0,23.04,13.42
2772000,13.03,13.31,15.19,23.31,13.28
2773000,12.73,13.06,14.62,23.71,13.28
2774000,13.06,13.16,14.44,23.67,13.54
2775000,13.07,13.25,14.65,23.78,13.7
2776000,12.95,13.29,14.63,23.92,13.81
2777000,12.85,13.59,14.69,23.72,14.01
2778000,12.54,13.86,14.64,23.76,14.09
2779000,12.52,13.76,14.91,24.03,14.11
2780000,12.55,13.66,15.24,24.02,14.21
2781000,12.75,13.52,15.32,24.42,14.27
2782000,12.41,13.74,15.59,24.83,14.71
2783000,12.86,13.59,15.23,25.13,14.86
2784000,12.95,13.62,15.49,25.14,14.95
2785000,13.09,13.65,15.62,25.22,15.1
2786000,13.45,13.52,15.28,25.08,15.27
2787000,13.17,13.37,15.62,24.68,14.82
2788000,13.42,13.06,15.79,24.83,14.55
2789000,13.15,13.27,15.7,25.31,14.33
2790000,12.92,13.08,15.68,25.18,14.15
2791000,12.82,13.2,15.44,25.59,13.73
2792000,12.86,13.63,15.02,25.81,14.06
2793000,13.06,14.03,14.08,26.06,13.79
2794000,12.73,13.95,13.82,26.2,13.46
2795000,12.98,13.44,13.38,26.19,13.3
2796000,13.15,13.4,13.42,26.41,12.99
2797000,13.13,13.25,13.4,26.12,12.96
2798000,13.06,13.34,13.57,25.96,13.01
2799000,13.29,13.73,13.83,25.92,12.95
2800000,13.27,13.45,13.93,25.82,12.92
2801000,13.66,13.1,14.05,25.35,12.61
2802000,13.09,13.13,13.89,25.49,12.38
2803000,13.27,13.07,14.01,25.9,12.61
2804000,13.32,13.3,13.92,25.96,12.77
2805000,13.41,12.69,13.77,25.6,12.92
2806000,13.31,12.72,14.07,25.55,12.86
2807000,13.36,12.99,13.43,25.81,12.09
2808000,13.6,13.18,13.69,25.67,12.21
2809000,13.36,13.43,13.43,25.53,12.31
2810000,13.04,13.55,13.68,25.3,12.19
2811000,12.95,13.66,13.66,25.56,12.07
2812000,13.45,13.6,12.85,25.83,12.36
2813000,13.63,13.72,13.06,26.19,12.09
2814000,13.87,13.81,13.36,26.31,12.69
2815000,14.18,13.62,13.02,26.54,13.0
2816000,14.32,13.89,12.54,26.66,13.18
2817000,14.58,13.38,12.82,26.7,13.18
2818000,14.59,13.38,12.76,26.65,13.11
2819000,14.56,13.16,13.02,26.66,13.19
2820000,14.31,13.35,12.59,27.15,12.74
2821000,14.28,13.57,13.04,27.24,13.15
2822000,13.35,13.55,12.6,27.21,12.97
2823000,13.23,13.84,12.45,26.88,13.15
2824000,13.29,14.04,12.72,26.69,13.39
2825000,13.74,13.66,12.67,26.98,13.62
2826000,13.72,13.57,12.78,27.09,13.5
2827000,13.38,13.09,13.16,27.15,13.74
2828000,13.16,12.89,12.72,27.65,13.71
2829000,13.01,13.06,12.73,27.85,13.7
2830000,13.0,12.62,13.17,27.84,13.87
2831000,12.98,12.37,13.25,27.6,14.07
2832000,12.68,12.08,13.28,27.08,14.07
2833000,12.28,12.41,13.35,26.94,14.25
2834000,12.29,11.97,13.39,26.74,14.17
2835000,12.34,11.59,13.52,27.06,14.32
2836000,12.16,11.72,13.66,27.05,14.37
2837000,12.29,11.85,13.79,27.01,14.25
2838000,12.29,12.07,13.95,26.94,14.58
2839000,12.4,11.63,13.85,27.39,14.6
2840000,12.66,11.02,13.8,27.47,14.66
2841000,12.37,10.67,13.67,26.8,14.72
2842000,12.68,10.29,13.49,26.69,14.56
2843000,12.92,10.24,13.64,26.79,14.72
2844000,13.1,10.24,13.55,26.68,14.64
2845000,13.14,9.82,13.35,26.49,14.79
2846000,12.7,10.07,13.51,26.03,14.62
2847000,12.3,10.36,13.43,25.92,14.51
2848000,12.34,10.25,13.73,26.28,14.12
2849000,12.36,10.27,13.77,26.15,13.91
2850000,12.51,10.02,13.94,26.05,13.03
2851000,12.47,10.12,13.77,26.12,12.82
2852000,12.33,10.12,13.62,25.9,12.64
2853000,12.72,10.21,13.89,25.75,12.54
2854000,12.83,10.23,13.74,25.78,12.35
2855000,12.77,10.3,13.77,26.05,12.11
2856000,12.59,10.1,13.6,26.27,12.4
2857000,13.04,10.2,14.08,26.06,12.25
2858000,12.93,10.0,13.71,26.16,12.55
2859000,12.67,10.28,14.17,26.44,12.57
2860000,12.97,10.36,14.17,26.81,12.55
2861000,13.01,10.08,14.53,26.99,12.69
2862000,13.38,10.15,14.75,26.4,12.78
2863000,13.61,10.3,14.58,26.22,12.31
2864000,13.77,10.82,14.68,26.61,12.62
2865000,13.84,10.92,14.9,26.23,12.53
2866000,14.21,10.83,14.7,26.74,12.93
2867000,14.26,11.16,14.69,26.76,12.78
2868000,14.42,10.98,15.05,27.0,12.69
2869000,14.32,11.15,14.87,27.49,12.73
2870000,14.49,11.46,14.69,27.37,12.7
2871000,15.02,11.65,14.06,26.24,12.9
2872000,14.96,11.98,13.78,26.64,12.8
2873000,15.09,12.14,13.72,26.63,12.71
2874000,15.51,12.45,13.38,26.87,12.44
2875000,15.2,12.66,13.46,26.34,12.76
2876000,15.22,12.49,13.7,26.46,12.98
2877000,15.59,12.74,13.98,26.1,12.9
2878000,15.62,12.79,13.71,26.22,12.76
2879000,15.36,12.82,13.63,26.12,12.94
2880000,15.68,12.74,13.63,26.1,13.03
2881000,15.36,12.74,13.61,26.2,12.98
2882000,14.95,12.97,13.93,26.54,12.96
2883000,15.12,13.38,14.13,26.65,13.1
2884000,15.2,13.05,14.02,26.52,13.13
2885000,15.36,13.06,14.37,26.42,13.19
2886000,15.53,13.31,14.27,26.05,13.29
2887000,15.03,13.13,14.5,25.89,13.15
2888000,15.03,13.11,14.38,26.06,12.84
2889000,14.99,13.19,14.86,26.34,13.28
2890000,15.06,13.66,14.96,26.38,12.88
2891000,14.74,13.95,15.0,26.32,12.73
2892000,14.69,14.22,14.96,26.4,12.42
2893000,14.96,13.83,15.07,26.55,12.68
2894000,15.23,13.98,14.94,26.76,12.4
2895000,15.32,13.96,14.83,26.7,12.68
2896000,15.48,14.17,14.69,26.51,12.53
2897000,15.33,14.33,13.92,26.5,12.48
2898000,15.4,14.57,13.95,26.51,12.4
2899000,15.38,14.65,13.52,26.54,12.25
2900000,14.91,14.7,13.48,26.01,12.46
2901000,14.89,14.3,13.68,26.01,12.23
2902000,15.1,14.36,13.25,26.35,12.15
2903000,15.24,14.32,13.48,26.72,11.99
2904000,14.95,13.81,13.75,26.46,11.98
2905000,14.35,13.77,14.18,26.91,11.89
2906000,14.2,13.75,13.74,26.49,12.25
2907000,14.26,13.8,14.24,26.47,12.46
2908000,14.35,13.66,14.5,26.26,12.57
2909000,14.31,13.55,14.8,26.41,12.4
2910000,14.45,12.92,14.7,25.97,12.38
2911000,14.24,13.04,15.3,26.4,12.58
2912000,14.41,13.34,15.37,26.54,12.71
2913000,14.87,13.34,15.82,26.39,12.44
2914000,15.04,13.43,16.17,26.24,12.33
2915000,14.77,13.34,16.08,26.63,12.67
2916000,14.71,13.26,16.25,26.0,12.43
2917000,14.9,13.3,16.44,26.49,12.77
2918000,14.57,13.21,16.19,26.41,13.02
2919000,14.56,13.14,16.26,26.59,13.14
2920000,14.45,13.03,16.41,26.29,13.44
2921000,14.66,13.27,16.31,26.79,13.6
2922000,14.83,13.11,16.05,26.35,13.72
2923000,14.82,13.09,16.18,25.67,13.39
2924000,14.85,13.39,16.41,25.92,13.57
2925000,14.63,13.34,16.67,25.85,13.95
2926000,14.35,12.69,16.45,25.3,14.05
2927000,14.56,12.53,16.25,25.33,14.36
2928000,14.07,12.73,16.51,25.54,14.47
2929000,14.19,12.84,16.14,25.19,14.43
2930000,13.7,13.16,15.75,25.74,14.38
2931000,13.82,13.52,16.14,25.77,14.6
2932000,13.76,13.68,15.73,26.09,14.93
2933000,14.03,13.44,16.01,25.58,14.64
2934000,14.04,13.11,15.98,25.43,14.42
2935000,14.18,12.67,16.18,25.52,13.72
2936000,14.39,12.86,16.13,25.56,14.06
2937000,14.47,13.01,15.88,25.64,13.62
2938000,14.6,12.95,16.07,24.89,13.88
2939000,14.59,13.09,15.96,25.16,13.87
2940000,14.26,13.15,16.18,24.79,14.05
2941000,14.3,13.06,16.24,24.89,13.15
2942000,14.38,12.14,16.17,25.29,13.17
2943000,14.53,12.39,16.53,25.37,13.7
2944000,14.91,12.39,16.69,25.02,13.12
2945000,15.09,12.38,16.43,25.26,13.19
2946000,15.42,12.49,16.29,25.53,12.85
2947000,15.27,12.4,16.52,25.73,13.11
2948000,15.32,12.38,16.4,25.57,13.02
2949000,15.34,12.64,16.13,24.81,13.09
2950000,15.11,12.44,15.95,25.02,13.15
2951000,14.7,12.7,15.75,25.22,13.54
2952000,14.44,12.82,15.6,25.03,13.65
2953000,14.34,12.86,15.2,24.83,13.22
2954000,14.81,12.89,15.17,25.23,13.31
2955000,15.01,12.91,15.15,25.47,12.83
2956000,15.0,12.79,15.17,25.87,12.56
2957000,15.37,12.89,15.48,26.04,12.75
2958000,15.54,12.89,15.35,26.0,12.68
2959000,15.51,12.28,15.36,26.18,12.28
2960000,15.72,12.5,15.63,26.5,12.08
2961000,15.81,12.98,15.78,26.64,12.06
2962000,16.1,13.05,15.64,26.75,11.78
2963000,15.94,12.55,15.81,26.51,11.73
2964000,16.05,11.83,15.58,26.26,11.29
2965000,15.89,11.95,15.13,26.07,11.57
2966000,15.86,11.77,15.29,26.26,11.79
2967000,16.0,12.04,15.61,25.99,12.08
2968000,16.06,11.96,14.73,26.02,12.19
2969000,16.17,12.19,15.03,25.99,12.38
2970000,16.37,12.26,15.02,25.81,12.38
2971000,16.44,12.09,14.83,25.91,12.82
2972000,16.68,12.31,14.73,25.76,12.73
2973000,16.86,11.98,14.55,25.57,12.62
2974000,16.79,12.26,14.18,25.79,12.65
2975000,17.08,12.48,14.19,25.72,12.76
2976000,17.23,12.55,14.1,26.11,13.12
2977000,16.96,12.77,14.55,25.97,12.52
2978000,16.37,12.66,14.36,26.09,12.75
2979000,16.31,12.46,13.99,25.84,12.34
2980000,16.14,12.58,14.49,26.15,12.63
2981000,16.32,13.02,13.87,26.34,12.55
2982000,16.57,12.77,13.66,26.49,12.46
2983000,16.67,12.93,13.71,26.49,12.66
2984000,16.3,13.14,13.62,26.45,12.13
2985000,16.86,12.53,13.67,26.11,11.98
2986000,16.32,12.63,13.24,25.44,12.1
2987000,15.97,12.48,13.36,25.84,11.64
2988000,16.17,12.71,12.96,25.8,11.97
2989000,16.07,12.79,13.34,25.75,12.15
2990000,15.76,13.0,13.4,25.98,12.55
2991000,16.03,12.87,13.16,25.79,12.64
2992000,16.16,13.04,13.01,25.63,12.85
2993000,16.18,12.83,13.31,25.51,12.6
2994000,14.91,13.05,13.14,25.84,13.02
2995000,14.92,13.3,13.45,25.54,13.1
2996000,14.16,13.05,13.33,25.83,13.01
2997000,14.26,13.18,12.83,26.22,13.4
2998000,13.56,13.18,12.48,25.7,13.45
2999000,13.91,13.38,12.56,25.11,13.78
3000000,13.77,13.56,12.63,24.93,13.65
3001000,13.9,13.94,12.36,24.69,14.03
3002000,14.17,14.19,12.63,23.95,14.2
3003000,13.78,14.3,12.64,23.98,14.13
3004000,13.97,14.35,12.69,23.36,14.21
3005000,13.73,14.25,12.59,22.68,14.42
3006000,13.78,14.7,13.2,22.77,14.34
3007000,13.92,14.04,13.37,22.91,14.19
3008000,13.89,14.06,13.28,22.69,14.49
3009000,13.21,14.04,13.51,22.61,14.21
3010000,13.29,14.19,13.55,22.75,14.32
3011000,13.33,14.24,13.73,22.63,14.42
3012000,13.35,14.4,13.71,21.94,14.43
3013000,13.82,14.34,13.65,22.15,14.26
3014000,14.08,14.06,13.47,22.38,14.24
3015000,14.0,14.32,13.83,22.62,14.16
3016000,14.2,14.32,14.18,23.05,14.01
3017000,14.43,14.15,13.79,23.6,14.31
3018000,14.09,14.14,13.84,23.73,14.13
3019000,14.09,14.32,14.45,24.09,13.7
3020000,13.88,14.67,14.52,24.24,14.17
3021000,14.13,14.55,14.66,23.72,14.2
3022000,14.05,14.6,14.63,23.8,14.54
3023000,14.22,14.82,14.63,23.58,14.24
3024000,14.24,15.01,14.68,23.45,14.28
3025000,13.83,15.03,14.74,22.95,14.48
3026000,14.05,15.21,15.09,23.09,14.44
3027000,13.89,15.28,14.95,22.89,14.47
3028000,14.0,15.06,14.57,22.58,14.43
3029000,14.19,15.11,14.43,22.32,14.69
3030000,14.44,15.33,14.33,22.8,15.15
3031000,14.56,15.22,14.18,22.94,15.09
3032000,14.58,15.35,13.96,23.18,14.48
3033000,14.68,15.31,14.56,23.67,14.37
3034000,14.97,15.36,14.38,23.59,14.13
3035000,14.75,15.09,14.76,23.95,14.14
3036000,15.28,15.07,15.11,23.98,14.06
3037000,15.67,15.26,15.36,24.17,14.29
3038000,15.6,15.0,15.84,24.59,14.54
3039000,15.68,14.67,15.48,24.62,14.34
3040000,15.88,14.89,15.66,24.7,14.54
3041000,15.96,14.72,15.8,25.0,14.27
3042000,15.89,14.78,16.02,25.43,14.49
3043000,16.13,14.55,16.19,24.67,14.75
3044000,16.0,14.44,15.07,24.56,14.7
3045000,15.55,14.69,15.04,24.69,14.93
3046000,15.25,14.86,15.11,24.59,14.63
3047000,15.38,15.08,15.58,24.62,14.44
3048000,15.64,15.15,15.35,24.77,13.89
3049000,15.91,15.04,16.01,24.9,14.07
3050000,15.72,15.13,15.95,25.05,13.98
3051000,15.23,15.08,15.91,24.98,14.19
3052000,15.06,15.37,15.97,25.04,14.28
3053000,14.7,15.76,15.92,25.06,14.53
3054000,15.14,15.84,16.26,25.18,14.62
3055000,14.77,15.57,16.07,25.23,14.61
3056000,14.73,15.47,16.04,25.19,14.88
3057000,14.98,15.54,16.14,25.74,14.72
3058000,15.03,14.8,16.13,25.98,14.61
3059000,14.57,14.86,15.84,26.27,14.8
3060000,14.79,14.4,15.97,26.23,14.79
3061000,14.6,14.12,16.14,26.94,15.0
3062000,14.69,13.89,16.19,27.01,15.4
3063000,14.61,13.64,16.28,26.85,14.82
3064000,14.7,13.2,16.3,27.09,14.97
3065000,15.12,13.31,16.72,26.89,14.79
3066000,15.32,13.24,16.71,26.71,15.02
3067000,14.84,12.96,16.52,26.72,14.22
3068000,15.05,12.97,16.83,26.57,14.25
3069000,14.96,13.0,16.98,27.06,14.73
3070000,15.39,13.21,16.87,27.41,14.47
3071000,15.34,13.27,16.66,27.03,14.38
3072000,15.67,12.9,16.63,26.78,14.2
3073000,15.35,13.2,16.98,26.18,13.93
3074000,15.19,13.19,16.69,25.99,13.96
3075000,14.77,12.95,16.8,26.09,13.83
3076000,14.28,12.68,16.63,25.93,14.22
3077000,14.1,12.48,16.68,26.46,14.23
3078000,14.1,12.57,16.46,26.68,13.49
3079000,14.25,12.57,16.85,26.66,13.6
3080000,13.97,12.53,16.74,26.81,13.64
3081000,13.93,12.53,16.97,26.97,13.7
3082000,14.44,12.64,17.05,27.43,13.74
3083000,14.68,12.61,17.04,27.57,13.85
3084000,15.02,12.32,16.8,28.01,13.92
3085000,14.71,11.92,17.33,28.24,14.04
3086000,14.62,11.6,17.78,28.34,14.41
3087000,14.14,11.71,17.97,28.17,14.56
3088000,14.22,11.97,18.2,27.82,14.48
3089000,14.27,12.25,18.25,27.73,14.19
3090000,14.45,12.78,17.96,27.63,13.86
3091000,14.27,12.61,17.61,27.67,13.9
3092000,14.38,12.8,17.69,27.64,14.19
3093000,14.31,12.5,17.68,27.07,14.22
3094000,14.31,12.5,17.52,26.67,14.18
3095000,14.36,12.59,17.71,26.62,14.46
3096000,14.5,12.5,17.68,26.65,14.22
3097000,14.89,12.48,17.55,26.81,14.2
3098000,14.49,12.78,17.9,26.25,14.24
3099000,14.64,12.95,17.84,26.13,14.08
3100000,14.51,12.77,17.95,26.71,14.19
3101000,14.42,13.3,17.84,27.01,14.26
3102000,14.08,13.43,18.17,27.07,14.27
3103000,13.87,13.0,18.31,27.53,14.37
3104000,13.48,12.67,17.9,27.44,14.43
3105000,13.64,12.83,17.62,27.25,14.23
3106000,13.43,12.58,17.85,25.93,14.52
3107000,13.7,12.43,17.46,25.62,14.6
3108000,13.34,12.4,17.18,25.62,14.72
3109000,13.84,12.51,17.28,25.39,14.76
3110000,13.78,12.15,17.67,25.54,14.81
3111000,13.91,12.49,17.86,26.2,15.08
3112000,13.84,12.59,17.52,26.05,15.09
3113000,13.96,12.73,18.01,26.23,14.82
3114000,13.84,12.72,18.23,25.69,14.65
3115000,14.29,12.93,18.24,25.77,14.36
3116000,14.04,13.35,18.54,24.73,14.36
3117000,14.6,13.08,18.35,25.06,14.48
3118000,14.95,13.07,17.97,24.92,14.71
3119000,15.07,12.84,18.36,25.4,14.29
3120000,14.75,12.2,18.65,24.93,14.2
3121000,14.44,12.18,18.29,24.98,14.25
3122000,14.41,11.88,18.26,25.0,14.18
3123000,14.46,12.11,17.44,24.8,14.36
3124000,14.49,12.0,17.2,24.48,14.25
3125000,14.53,12.08,17.46,24.18,13.75
3126000,14.76,12.37,17.63,24.53,14.17
3127000,14.7,12.73,17.62,24.54,14.26
3128000,14.9,12.57,17.27,24.56,14.11
3129000,15.18,12.82,17.42,24.76,13.9
3130000,15.21,12.66,17.14,24.45,14.11
3131000,15.27,13.13,17.04,24.54,14.2
3132000,14.97,12.93,17.37,24.64,14.05
3133000,15.29,13.16,17.09,24.73,14.23
3134000,15.19,12.69,17.38,24.86,14.43
3135000,14.81,12.56,16.98,25.07,14.24
3136000,14.84,12.46,17.05,25.52,14.41
3137000,14.91,12.55,16.92,25.44,14.64
3138000,15.24,12.68,16.96,24.36,14.41
3139000,15.13,12.87,17.17,23.79,14.63
3140000,15.34,12.99,16.93,23.86,14.44
3141000,15.39,13.21,16.67,23.84,14.61
3142000,15.1,13.09,16.09,23.94,14.54
3143000,15.24,13.2,16.52,23.36,14.36
3144000,15.8,13.2,16.34,22.87,14.27
3145000,15.85,13.44,16.63,23.03,14.41
3146000,15.51,13.56,16.5,23.18,14.58
3147000,15.56,13.63,17.01,23.16,14.33
3148000,15.88,13.2,16.67,22.44,14.62
3149000,15.88,13.03,16.59,22.8,14.66
3150000,15.66,12.74,16.99,23.14,14.57
3151000,15.59,12.87,16.28,22.75,14.44
3152000,15.62,13.17,16.52,22.87,14.46
3153000,15.57,13.16,16.65,22.74,14.73
3154000,15.53,13.39,16.48,22.88,14.2
3155000,15.02,13.37,15.71,22.81,14.47
3156000,15.21,13.5,15.67,23.03,14.17
3157000,15.09,13.59,15.56,23.13,13.95
3158000,14.86,13.53,15.04,23.42,13.56
3159000,14.8,12.87,15.19,23.66,13.54
3160000,14.78,12.56,15.32,24.0,13.69
3161000,14.92,12.73,15.3,24.3,13.54
3162000,15.06,13.04,15.39,24.61,13.81
3163000,14.95,12.85,15.1,24.75,13.7
3164000,14.73,12.94,15.23,24.71,13.73
3165000,14.82,12.89,15.19,25.05,13.79
3166000,15.13,12.55,15.02,24.28,14.0
3167000,15.13,12.62,15.46,23.83,13.9
3168000,14.91,12.43,15.09,24.27,13.37
3169000,15.17,12.6,15.25,25.07,13.32
3170000,15.4,13.19,15.67,24.89,13.6
3171000,15.54,13.34,15.72,25.32,13.14
3172000,15.25,13.59,15.84,25.72,13.04
3173000,14.86,13.04,16.12,25.88,13.22
3174000,15.21,12.84,16.01,25.79,13.05
3175000,15.51,13.14,16.05,25.33,13.14
3176000,15.36,13.07,16.14,25.41,12.56
3177000,15.46,13.29,16.29,25.37,12.63
3178000,15.68,13.13,16.32,25.43,11.75
3179000,15.62,13.17,16.22,25.15,11.65
3180000,15.32,12.85,16.13,25.14,11.44
3181000,15.65,12.64,16.35,25.39,11.88
3182000,15.84,12.63,16.31,25.06,11.77
3183000,15.55,12.66,16.48,25.22,11.87
3184000,15.61,12.45,16.31,25.39,12.28
3185000,15.64,12.21,16.12,25.19,11.99
3186000,16.02,12.25,16.13,25.33,11.89
3187000,15.8,12.5,15.64,24.22,11.96
3188000,15.73,12.76,16.23,23.64,12.06
3189000,15.42,12.85,16.65,23.4,12.07
3190000,15.49,12.5,16.54,22.96,12.28
3191000,15.43,12.64,16.52,23.19,12.85
3192000,15.77,12.71,16.57,23.3,13.33
3193000,15.76,12.98,16.81,23.22,13.13
3194000,16.19,12.96,16.03,23.26,13.26
3195000,16.31,12.76,16.15,23.24,13.84
3196000,16.5,12.43,16.11,23.48,13.97
3197000,16.83,12.51,16.54,23.65,13.62
3198000,16.75,12.28,16.5,24.1,13.77
3199000,16.78,12.44,16.34,24.48,13.75
3200000,16.71,12.17,16.59,25.08,14.03
3201000,16.72,11.63,16.59,25.27,13.68
3202000,16.92,11.25,16.7,25.09,14.25
3203000,17.38,10.98,16.63,25.11,14.22
3204000,16.96,11.09,16.86,25.45,14.16
3205000,17.46,11.55,16.87,25.76,14.27
3206000,17.05,11.58,16.64,25.01,13.94
3207000,16.98,10.95,16.74,25.04,14.2
3208000,16.77,11.04,16.86,25.02,14.14
3209000,16.86,11.13,16.9,24.87,14.29
3210000,16.57,11.03,16.95,24.71,14.43
3211000,16.37,10.8,16.48,24.22,14.25
3212000,16.51,10.95,16.48,23.98,14.44
3213000,16.35,10.61,16.38,23.85,14.72
3214000,16.66,10.88,15.91,23.94,14.97
3215000,16.92,11.05,16.1,23.87,15.2
3216000,17.17,10.74,16.12,23.88,15.43
3217000,17.19,9.89,16.34,23.95,15.59
3218000,17.16,9.68,16.38,23.96,15.95
3219000,17.15,9.9,16.6,24.12,16.26
3220000,17.06,9.8,16.46,24.6,16.71
3221000,17.12,10.13,16.14,24.36,16.54
3222000,17.09,10.02,16.57,24.77,16.27
3223000,16.98,10.4,16.56,25.09,16.15
3224000,16.74,10.53,16.4,25.42,16.2
3225000,16.7,10.52,16.77,24.78,16.12
3226000,16.83,10.34,16.47,24.75,16.28
3227000,16.95,10.92,16.45,24.32,16.37
3228000,17.11,10.97,16.66,24.43,16.5
3229000,17.24,11.07,16.34,23.67,16.75
3230000,17.58,11.1,16.01,23.81,17.07
3231000,17.35,11.27,16.04,23.61,16.96
3232000,17.59,11.68,15.98,23.95,16.64
3233000,17.42,11.8,15.86,23.93,16.52
3234000,17.27,11.94,16.05,23.93,16.4
3235000,17.32,12.14,16.2,24.03,16.48
3236000,17.5,12.11,16.36,24.03,16.32
3237000,16.86,11.96,16.58,24.24,16.37
3238000,17.27,12.02,16.61,23.8,16.42
3239000,17.49,12.1,16.64,23.73,16.51
3240000,17.06,11.98,16.76,23.88,16.96
3241000,16.98,12.16,16.87,24.31,17.1
3242000,17.03,12.13,17.14,24.6,16.9
3243000,17.38,12.38,17.04,24.84,16.65
3244000,17.36,12.51,16.95,24.78,16.88
3245000,17.33,12.95,16.98,25.07,16.54
3246000,16.71,12.86,17.2,25.33,16.56
3247000,16.72,13.11,16.89,25.17,16.57
3248000,16.74,13.07,16.43,25.32,16.79
3249000,16.93,13.23,16.1,25.1,16.9
3250000,16.88,13.2,16.3,25.5,17.28
3251000,16.86,13.36,16.51,25.57,17.31
3252000,16.63,13.46,16.81,24.98,17.32
3253000,16.53,13.57,16.68,25.31,16.87
3254000,16.26,13.47,16.95,25.34,16.88
3255000,16.47,13.52,17.07,25.08,17.12
3256000,16.61,13.03,17.24,25.02,17.01
3257000,16.54,13.19,17.21,24.92,16.6
3258000,16.43,12.99,17.4,25.01,16.36
3259000,16.17,13.29,17.37,24.86,16.84
3260000,16.54,13.41,17.45,25.29,16.91
3261000,16.39,13.22,17.31,25.0,16.71
3262000,16.54,13.66,17.5,25.34,16.27
3263000,16.61,13.7,17.65,25.51,16.27
3264000,16.53,13.55,18.13,25.87,16.54
3265000,16.7,13.67,18.34,26.01,16.59
3266000,16.7,14.04,17.79,25.92,16.62
3267000,16.82,14.36,17.71,26.06,16.51
3268000,16.43,13.89,17.92,26.16,16.74
3269000,16.27,13.81,17.86,26.01,16.83
3270000,15.82,13.14,17.84,25.99,16.71
3271000,15.81,13.0,17.69,25.94,16.61
3272000,15.54,13.15,17.36,25.92,16.23
3273000,15.74,13.31,17.64,26.07,16.86
3274000,15.66,13.25,17.87,25.98,16.83
3275000,15.68,13.01,18.22,25.91,17.14
3276000,16.06,13.1,18.26,26.25,17.27
3277000,15.92,13.08,18.39,25.95,17.4
3278000,15.11,12.72,18.67,24.88,17.32
3279000,15.17,12.88,18.77,25.06,17.27
3280000,15.32,13.14,19.28,24.98,17.35
3281000,15.74,13.2,19.53,25.04,17.13
3282000,15.32,13.19,19.64,25.4,16.83
3283000,15.28,13.2,19.61,25.73,16.73
3284000,15.15,12.71,19.59,25.84,16.72
3285000,15.36,12.97,19.02,26.27,16.47
3286000,15.26,13.23,18.89,26.38,16.24
3287000,15.24,13.59,19.08,26.82,16.14
3288000,14.9,13.7,18.61,26.91,16.2
3289000,14.57,14.04,18.58,26.7,15.77
3290000,15.0,13.87,18.68,26.77,15.73
3291000,15.14,13.87,18.76,26.9,15.51
3292000,15.11,13.87,19.03,26.54,15.64
3293000,15.12,14.11,19.48,25.89,15.83
3294000,15.15,13.9,19.68,26.11,15.93
3295000,15.24,13.74,19.69,25.89,15.6
3296000,14.65,13.71,19.87,26.39,15.38
3297000,14.78,13.63,19.53,25.93,15.65
3298000,14.78,13.17,19.65,26.12,15.58
3299000,14.28,13.44,18.95,26.39,15.37
3300000,14.44,13.52,18.65,26.54,15.35
3301000,14.85,13.32,18.81,26.43,15.69
3302000,14.37,13.22,18.79,26.92,15.45
3303000,14.11,13.09,18.85,26.56,15.33
3304000,14.42,13.16,18.81,26.83,15.33
3305000,14.52,13.48,18.62,27.03,15.52
3306000,14.25,13.82,18.6,27.13,15.43
3307000,14.67,14.19,18.23,27.13,15.54
3308000,14.78,13.83,18.32,27.45,15.36
3309000,14.89,13.77,18.69,26.75,15.51
3310000,14.58,14.05,18.78,26.62,15.95
3311000,14.77,14.28,19.02,26.94,15.81
3312000,14.83,14.27,18.54,26.74,15.7
3313000,14.79,14.2,18.35,26.8,15.74
3314000,15.09,14.25,18.17,27.0,15.25
3315000,14.55,14.49,18.04,26.65,15.03
3316000,14.82,14.64,17.37,26.84,14.99
3317000,15.25,14.74,17.16,27.14,14.81
3318000,15.39,14.64,17.24,27.45,14.85
3319000,15.51,14.7,17.37,27.49,15.06
3320000,15.22,14.76,17.57,27.68,15.39
3321000,15.03,14.65,17.07,27.46,15.31
3322000,15.14,14.43,16.87,26.93,15.49
3323000,14.87,13.83,16.65,26.97,15.47
3324000,14.9,13.83,16.49,27.03,15.88
3325000,15.12,13.69,16.64,26.59,15.86
3326000,15.08,13.5,16.86,26.46,16.1
3327000,15.19,13.42,17.07,26.76,15.73
3328000,15.49,13.27,16.77,26.69,15.9
3329000,15.68,13.49,16.83,26.93,16.03
3330000,15.74,13.89,17.01,26.22,16.04
3331000,15.71,13.75,17.57,25.54,16.48
3332000,15.88,13.84,17.28,25.29,16.5
3333000,15.87,14.24,17.74,25.44,16.61
3334000,15.7,14.12,17.83,25.62,16.63
3335000,16.03,14.07,17.86,25.39,16.8
3336000,15.76,14.31,17.4,25.33,16.94
3337000,16.05,13.67,17.16,25.33,17.16
3338000,15.19,13.7,16.75,24.54,17.08
3339000,15.38,13.82,16.88,23.86,16.81
3340000,15.17,13.36,17.21,23.39,16.94
3341000,14.97,13.61,17.49,22.83,17.34
3342000,14.91,13.57,17.6,22.79,17.46
3343000,14.74,13.64,17.66,23.01,17.49
3344000,14.85,13.95,17.84,22.92,17.49
3345000,14.85,14.18,17.38,23.35,17.58
3346000,15.0,13.77,17.96,23.88,17.81
3347000,15.2,13.76,17.91,24.32,17.49
3348000,15.34,13.57,18.25,24.63,17.72
3349000,15.14,13.46,18.49,24.38,17.55
3350000,15.47,13.27,18.69,24.12,17.47
3351000,15.55,13.28,18.78,24.37,16.86
3352000,15.7,12.93,18.98,24.14,16.53
3353000,15.63,12.77,18.74,23.54,16.84
3354000,15.59,12.82,18.79,23.23,16.73
3355000,15.34,12.98,18.91,23.24,16.68
3356000,15.42,13.18,18.65,22.77,16.89
3357000,15.66,13.4,18.94,22.31,17.27
3358000,15.46,13.28,18.98,22.46,16.86
3359000,15.77,13.31,18.95,22.83,17.48
3360000,15.97,13.33,19.46,22.73,17.71
3361000,16.28,13.54,19.41,22.89,17.25
3362000,16.4,13.88,19.85,22.45,17.07
3363000,16.53,13.76,20.35,22.77,17.03
3364000,16.56,13.74,20.47,21.8,17.08
3365000,16.76,13.39,20.85,21.4,17.09
3366000,16.95,13.47,20.91,21.56,17.0
3367000,16.76,13.01,21.08,21.45,17.28
3368000,16.88,13.43,20.51,21.73,17.49
3369000,17.11,13.61,20.82,21.42,17.56
3370000,17.22,13.54,20.81,21.62,17.91
3371000,17.41,13.46,20.9,21.85,17.44
3372000,17.28,13.76,20.95,21.51,17.26
3373000,17.28,13.74,20.85,21.23,17.15
3374000,17.49,14.04,20.55,21.58,16.81
3375000,17.67,13.94,20.97,22.16,16.49
3376000,17.47,13.56,21.4,21.28,16.2
3377000,17.61,13.22,21.52,21.4,16.28
3378000,17.7,13.5,21.04,21.3,16.3
3379000,17.29,13.48,21.56,21.57,16.28
3380000,17.24,13.62,21.34,21.81,16.66
3381000,17.2,13.46,21.57,22.04,16.8
3382000,17.68,13.4,20.81,22.46,16.71
3383000,17.45,13.89,20.51,22.55,15.91
3384000,17.9,13.85,20.67,22.11,15.95
3385000,17.9,14.08,21.14,21.94,15.82
3386000,18.07,13.88,21.69,22.32,16.06
3387000,18.53,13.91,21.61,22.29,16.23
3388000,18.64,13.97,22.21,22.64,15.92
3389000,18.61,14.34,22.12,22.94,16.37
3390000,18.56,14.28,21.86,22.93,16.07
3391000,18.42,14.47,21.56,23.1,16.53
3392000,18.3,14.62,21.51,23.58,16.57
3393000,18.07,15.02,21.15,23.74,16.97
3394000,18.02,15.18,20.64,24.08,17.02
3395000,17.81,15.2,19.71,23.25,17.1
3396000,18.1,15.07,19.84,23.57,17.22
3397000,17.97,15.14,19.52,23.34,17.07
3398000,18.24,15.56,18.94,22.9,17.04
3399000,18.14,15.78,18.75,22.88,17.26
3400000,18.14,15.73,18.88,22.83,16.59
3401000,17.93,15.69,19.18,23.23,16.27
3402000,18.17,15.34,19.07,23.44,16.41
3403000,18.09,15.11,19.19,23.5,16.68
3404000,18.39,15.28,18.97,23.85,16.51
3405000,17.64,15.76,18.87,23.75,16.85
3406000,17.51,15.9,18.53,23.64,17.08
3407000,16.83,15.96,18.49,23.65,16.98
3408000,16.99,15.89,17.99,24.01,16.33
3409000,16.99,15.85,17.97,24.29,16.52
3410000,16.52,15.67,18.36,24.15,16.37
3411000,16.53,14.97,18.57,24.36,16.77
3412000,15.62,15.19,18.41,23.98,17.03
3413000,15.77,15.07,18.44,23.89,17.1
3414000,15.76,15.17,18.8,24.14,17.43
3415000,15.41,15.15,18.79,24.65,17.67
3416000,15.38,15.5,19.11,24.26,17.86
3417000,15.45,15.99,19.59,24.65,18.49
3418000,15.63,15.95,19.68,25.14,18.54
3419000,15.68,15.74,19.91,25.35,18.9
3420000,15.78,14.98,19.66,24.81,18.94
3421000,15.7,15.08,19.41,24.49,18.15
3422000,15.81,15.25,19.48,24.35,17.86
3423000,16.11,15.41,18.78,24.52,18.25
3424000,15.95,15.14,18.77,24.12,17.99
3425000,16.04,15.08,18.55,24.31,18.0
3426000,15.65,15.31,18.68,24.23,18.42
3427000,15.71,15.19,18.81,24.21,18.19
3428000,15.41,14.86,18.08,23.93,18.09
3429000,15.64,14.87,18.01,24.26,17.97
3430000,15.43,14.61,18.06,24.51,18.08
3431000,15.42,14.21,17.96,24.35,17.76
3432000,15.15,14.18,17.89,24.53,18.03
3433000,15.22,13.99,18.11,24.56,18.24
3434000,15.65,13.93,18.12,24.47,18.22
3435000,15.68,13.75,18.16,24.98,18.37
3436000,16.24,13.37,18.22,25.1,18.37
3437000,15.78,13.74,18.25,24.9,17.9
3438000,15.72,13.81,18.52,24.65,18.18
3439000,15.65,13.99,18.58,24.8,17.79
3440000,15.52,14.03,18.75,25.48,17.99
3441000,15.79,13.34,18.74,25.62,18.45
3442000,15.71,13.58,18.66,25.75,18.29
3443000,15.52,13.55,18.59,26.3,18.08
3444000,15.0,13.79,18.58,26.43,18.31
3445000,15.33,13.87,18.53,26.69,18.24
3446000,15.62,13.45,18.37,26.2,18.09
3447000,15.29,13.57,18.64,26.41,18.38
3448000,15.35,13.83,18.66,26.49,18.19
3449000,15.46,14.08,19.31,26.53,17.8
3450000,15.95,13.67,18.87,26.22,17.81
3451000,15.99,14.0,18.79,26.17,17.9
3452000,16.01,13.76,19.16,26.48,18.18
3453000,16.19,13.79,19.13,26.51,18.23
3454000,16.25,13.44,19.24,26.51,17.86
3455000,16.22,13.39,18.91,26.71,17.56
3456000,16.38,13.84,18.65,26.75,17.85
3457000,16.61,14.23,18.9,26.52,18.12
3458000,16.64,13.73,18.3,26.26,17.72
3459000,16.66,14.0,18.04,26.41,16.79
3460000,16.37,13.76,17.5,26.71,16.28
3461000,16.84,13.97,17.51,26.99,16.3
3462000,16.93,14.17,17.29,27.1,16.34
3463000,17.01,14.19,17.47,27.03,16.44
3464000,17.25,14.18,17.65,27.82,16.57
3465000,16.97,14.47,17.48,28.0,16.27
3466000,16.81,14.67,17.94,28.22,16.01
3467000,16.52,14.34,18.1,28.06,15.99
3468000,16.77,14.27,17.66,28.26,16.22
3469000,16.95,14.4,17.33,27.94,16.28
3470000,16.73,14.28,17.29,27.6,16.08
3471000,17.16,14.44,17.2,27.35,15.81
3472000,17.02,14.39,17.18,27.93,15.87
3473000,17.2,14.6,17.43,28.14,15.7
3474000,17.37,14.55,17.43,28.16,15.03
3475000,17.47,14.05,17.47,27.78,15.42
3476000,17.83,14.14,17.47,28.15,14.96
3477000,18.12,13.86,17.62,28.3,14.72
3478000,18.23,14.04,17.8,28.43,14.71
3479000,18.09,13.68,17.42,28.43,14.55
3480000,17.58,13.73,17.33,28.44,14.81
3481000,17.57,14.03,17.31,28.66,14.4
3482000,17.78,14.21,17.39,28.88,14.79
3483000,17.49,14.31,17.57,28.47,14.85
3484000,17.3,14.12,17.81,28.37,14.47
3485000,17.14,13.92,18.29,28.67,14.72
3486000,17.03,14.15,18.17,29.08,14.99
3487000,17.21,14.41,18.25,28.87,15.11
3488000,17.8,14.04,18.31,29.25,15.03
3489000,18.18,14.33,18.25,29.63,14.86
3490000,18.45,14.33,18.48,30.32,15.57
3491000,17.87,14.77,18.23,30.31,15.27
3492000,18.39,15.04,18.12,30.62,15.13
3493000,18.55,15.3,17.94,30.58,15.53
3494000,18.06,15.54,17.92,30.45,14.94
3495000,18.01,15.32,18.2,30.85,14.81
3496000,18.31,15.5,18.05,31.07,14.79
3497000,18.05,15.47,18.6,31.02,14.87
3498000,18.1,15.43,18.42,30.78,14.8
3499000,18.05,15.46,18.7,30.73,14.82
3500000,18.06,15.68,18.31,30.81,14.86
3501000,18.49,15.66,18.57,30.99,14.63
3502000,18.56,15.46,18.65,31.33,14.79
3503000,18.09,15.02,18.94,31.21,14.87
3504000,18.35,15.04,18.9,30.63,14.66
3505000,18.27,15.13,19.1,29.2,14.78
3506000,17.75,15.22,18.8,29.68,14.84
3507000,17.63,15.32,18.64,29.15,14.75
3508000,17.9,15.42,18.93,29.38,14.59
3509000,18.16,15.72,18.99,29.29,14.72
3510000,18.37,15.67,19.41,29.56,14.69
3511000,18.4,15.53,19.38,29.61,15.18
3512000,18.81,15.63,19.03,29.67,15.31
3513000,18.99,15.99,18.91,29.7,15.33
3514000,18.41,15.98,18.97,30.26,15.8
3515000,18.69,16.24,19.42,29.95,15.69
3516000,18.58,16.26,19.26,29.98,15.67
3517000,18.55,16.48,19.8,30.02,15.97
3518000,18.58,16.66,19.96,29.55,15.45
3519000,18.67,16.79,19.2,29.68,15.52
3520000,18.82,16.98,19.24,29.76,15.28
3521000,18.75,17.5,19.21,30.12,15.5
3522000,18.02,17.17,19.41,30.41,15.41
3523000,18.16,16.79,19.77,30.04,15.32
3524000,18.08,16.87,19.94,30.14,15.12
3525000,17.76,17.12,19.91,29.45,15.21
3526000,17.77,17.16,20.03,28.92,14.84
3527000,17.78,17.2,19.69,29.16,14.8
3528000,18.06,17.63,19.87,29.39,14.73
3529000,18.47,17.59,20.06,29.6,14.86
3530000,18.81,17.72,20.38,29.35,14.61
3531000,18.61,17.68,20.33,29.67,14.56
3532000,18.63,17.06,20.26,29.82,14.84
3533000,18.58,16.65,20.11,30.37,14.69
3534000,18.39,15.83,20.43,30.27,15.14
3535000,18.3,15.42,20.75,30.09,15.22
3536000,18.76,15.45,20.19,29.74,15.48
3537000,18.38,14.96,19.84,29.78,15.79
3538000,18.66,15.13,19.84,28.72,16.03
3539000,19.08,15.42,20.23,28.75,15.95
3540000,18.71,15.11,20.41,28.44,15.58
3541000,18.39,14.93,20.45,28.13,15.9
3542000,17.74,15.02,20.79,28.16,16.21
3543000,17.93,15.03,20.68,28.39,16.41
3544000,17.04,15.41,20.14,28.75,16.49
3545000,16.89,15.67,20.11,28.38,16.62
3546000,16.76,15.02,20.4,28.68,16.71
3547000,16.78,14.2,20.4,27.96,16.95
3548000,17.02,13.93,20.51,27.62,16.98
3549000,17.31,14.21,20.68,27.61,16.55
3550000,17.61,14.2,20.13,27.84,16.83
3551000,16.96,14.07,20.24,27.37,16.64
3552000,16.8,13.87,20.1,26.97,16.64
3553000,16.2,13.69,20.06,27.36,16.47
3554000,16.26,14.04,20.22,27.08,16.53
3555000,16.41,13.12,19.98,26.4,16.43
3556000,16.36,13.07,19.78,26.66,16.31
3557000,16.45,12.93,19.57,26.51,16.2
3558000,16.51,13.28,19.28,25.95,15.93
3559000,16.14,13.21,19.59,25.64,16.3
3560000,16.53,13.18,19.8,25.59,16.55
3561000,16.7,12.62,19.85,26.06,16.61
3562000,16.56,12.47,20.04,26.44,16.65
3563000,17.01,12.65,20.2,26.5,16.62
3564000,16.42,12.54,20.37,26.52,16.76
3565000,16.92,12.36,20.17,26.63,16.2
3566000,16.83,12.49,20.28,27.17,16.24
3567000,17.04,12.54,20.83,27.14,16.4
3568000,16.94,12.94,21.22,27.51,16.17
3569000,16.66,13.36,21.1,26.63,16.29
3570000,16.89,13.31,21.31,26.21,16.39
3571000,16.65,13.62,20.05,25.95,16.38
3572000,16.48,13.68,20.06,25.75,16.71
3573000,16.28,13.88,20.37,25.96,16.3
3574000,16.31,13.68,20.36,25.81,16.44
3575000,16.18,13.79,20.42,25.77,16.01
3576000,16.23,14.05,20.78,25.35,15.29
3577000,16.02,14.28,20.26,25.4,15.43
3578000,15.88,14.31,20.11,25.46,15.17
3579000,15.65,14.29,20.33,25.42,15.41
3580000,15.89,14.06,20.15,25.31,15.46
3581000,16.32,13.98,20.08,24.79,15.88
3582000,16.66,14.25,19.96,24.49,14.89
3583000,17.01,14.29,20.33,24.52,14.7
3584000,16.87,14.02,20.4,24.61,14.43
3585000,17.25,13.45,20.51,24.15,14.74
3586000,17.46,13.47,20.5,23.47,14.46
3587000,17.62,13.7,20.34,23.82,14.51
3588000,17.81,13.87,20.25,24.06,14.77
3589000,17.47,13.49,20.48,24.19,14.85
3590000,17.01,14.07,19.75,24.5,14.87
3591000,16.84,14.01,19.88,24.41,14.86
3592000,16.89,13.82,20.49,24.74,14.67
3593000,16.8,13.1,19.59,24.98,14.55
3594000,17.17,13.52,19.72,25.58,14.89
3595000,17.29,13.53,19.71,25.86,15.12
3596000,17.6,13.7,19.65,26.03,15.37
3597000,17.43,13.32,19.85,26.18,15.36
3598000,18.0,13.39,19.49,26.18,15.67
3599000,17.48,13.61,19.45,26.25,15.4
3600000,17.5,13.6,19.5,25.96,15.24
3601000,17.59,13.77,19.64,25.82,15.14
3602000,17.28,14.12,19.51,25.82,15.27
3603000,17.54,13.79,19.9,25.93,15.55
3604000,17.26,13.44,19.48,26.01,15.64
3605000,17.48,13.39,19.72,26.1,15.44
3606000,17.29,13.4,19.77,26.08,15.59
3607000,17.35,12.88,19.56,26.01,15.28
3608000,17.57,13.18,19.77,25.95,15.52
3609000,17.97,13.61,19.11,25.65,15.56
3610000,18.11,13.83,18.66,25.87,15.56
3611000,18.22,13.18,18.82,25.9,15.71
3612000,18.29,13.53,18.63,26.27,15.64
3613000,18.17,13.24,18.61,26.62,15.72
3614000,18.1,13.17,18.48,25.96,15.76
3615000,18.14,13.39,17.78,26.18,15.95
3616000,18.6,13.45,18.3,26.18,16.46
3617000,18.67,13.67,18.5,26.26,16.23
3618000,17.74,13.78,18.19,26.08,16.46
3619000,18.03,14.0,17.68,25.97,16.54
3620000,18.07,14.61,17.5,26.19,16.73
3621000,18.35,14.7,17.87,26.4,16.58
3622000,18.81,14.82,17.64,25.77,16.19
3623000,18.48,14.89,17.53,25.48,16.72
3624000,18.62,14.9,17.54,26.04,16.97
3625000,18.68,13.98,17.33,26.2,16.16
3626000,18.15,13.69,17.07,25.84,16.36
3627000,18.27,14.07,16.82,26.31,16.43
3628000,17.79,13.96,16.54,26.35,16.1
3629000,18.13,14.26,16.84,26.87,16.2
3630000,18.22,14.01,16.68,27.06,16.22
3631000,17.98,13.93,16.47,27.26,15.96
3632000,17.82,14.1,16.22,27.17,16.08
3633000,17.96,14.38,15.92,27.05,15.41
3634000,18.15,14.76,16.23,26.51,15.39
3635000,18.35,14.56,16.35,26.26,15.17
3636000,18.15,14.55,16.51,26.37,15.06
3637000,18.29,14.63,16.83,26.28,15.04
3638000,18.22,14.8,16.53,26.3,15.46
3639000,17.92,14.67,16.65,26.57,15.52
3640000,17.91,14.46,16.5,26.56,15.91
3641000,17.76,14.19,16.9,26.85,15.89
3642000,17.81,14.48,16.99,26.81,15.74
3643000,18.09,14.62,17.03,26.78,15.64
3644000,17.93,13.47,16.83,26.97,15.86
3645000,17.84,13.46,17.33,27.49,16.12
3646000,18.04,13.64,17.43,27.73,16.12
3647000,18.01,13.69,17.35,27.82,15.03
3648000,17.68,13.81,17.5,27.52,14.91
3649000,17.5,14.17,17.53,27.44,14.87
3650000,17.79,14.08,17.47,27.36,14.91
3651000,17.65,14.2,17.56,27.76,15.43
3652000,17.65,13.51,17.88,27.78,15.5
3653000,17.52,13.36,17.52,27.96,15.67
3654000,17.65,13.49,17.51,27.83,15.72
3655000,17.79,13.41,17.18,27.43,16.0
3656000,18.17,13.53,17.33,27.07,15.69
3657000,17.98,13.5,17.51,26.95,16.07
3658000,18.1,13.45,17.6,27.24,15.85
3659000,18.23,13.44,17.78,27.95,15.74
3660000,17.94,13.67,17.44,27.27,15.3
3661000,18.11,13.71,17.8,26.95,15.19
3662000,18.28,14.01,17.76,27.28,15.7
3663000,18.03,14.23,18.12,27.48,15.44
3664000,17.64,14.31,17.56,27.62,15.74
3665000,17.74,14.64,17.57,27.2,15.4
3666000,18.07,14.36,17.96,27.7,15.66
3667000,18.21,14.53,18.43,28.0,15.84
3668000,18.25,14.31,18.45,28.34,15.51
3669000,18.57,13.45,18.26,28.1,15.76
3670000,18.0,13.58,18.58,28.17,15.72
3671000,18.49,13.52,18.2,27.84,15.56
3672000,18.66,13.5,18.43,27.97,15.85
3673000,18.81,13.13,18.38,27.42,15.49
3674000,18.66,13.3,18.37,27.7,15.38
3675000,18.42,13.66,18.56,28.21,15.61
3676000,18.56,13.72,18.59,28.23,15.37
3677000,18.78,13.91,18.68,28.25,15.18
3678000,19.27,13.59,18.69,28.53,15.43
3679000,18.95,13.9,17.78,28.26,15.19
3680000,18.78,14.12,17.64,28.34,14.82
3681000,19.0,14.39,17.69,28.52,14.94
3682000,19.35,14.1,17.73,28.41,15.04
3683000,19.11,14.11,18.26,28.26,15.19
3684000,19.1,14.42,17.86,28.17,15.63
3685000,19.2,14.4,17.56,27.76,15.63
3686000,19.09,14.43,17.3,27.88,15.88
3687000,18.43,14.05,17.61,27.75,16.2
3688000,18.82,14.31,17.82,27.33,16.49
3689000,18.46,14.45,17.99,27.23,16.87
3690000,18.58,14.65,18.31,27.29,16.53
3691000,17.96,14.73,17.99,27.49,16.76
3692000,18.19,14.9,17.62,27.4,16.26
3693000,18.23,15.13,17.65,27.85,16.43
3694000,18.7,15.14,17.82,28.37,16.16
3695000,18.68,15.41,17.95,28.82,15.95
3696000,18.71,15.36,18.39,29.2,16.22
3697000,17.67,15.57,18.52,29.29,15.81
3698000,17.49,15.67,18.52,29.37,16.12
3699000,17.27,16.01,18.58,29.2,16.13
3700000,17.94,16.32,18.38,29.04,16.16
3701000,17.71,16.07,17.96,29.07,16.47
3702000,17.41,15.92,18.03,29.41,16.39
3703000,16.99,16.01,18.2,29.44,16.47
3704000,17.21,16.26,17.65,29.47,16.34
3705000,17.3,16.24,18.17,29.7,16.3
3706000,17.47,16.07,18.17,29.85,16.6
3707000,17.47,16.27,18.22,29.73,16.26
3708000,17.71,16.83,18.76,30.25,16.49
3709000,17.16,16.73,18.99,30.03,16.79
3710000,17.28,17.09,18.78,29.5,16.63
3711000,17.33,17.22,18.4,29.53,16.91
3712000,17.69,17.45,18.06,29.68,17.22
3713000,17.4,17.8,18.25,29.1,17.52
3714000,17.54,17.77,18.22,29.02,17.8
3715000,17.78,17.82,18.52,28.76,17.83
3716000,18.08,17.56,18.11,28.87,17.96
3717000,18.35,17.49,18.05,28.69,18.17
3718000,17.97,16.75,17.6,29.06,18.47
3719000,18.05,16.31,17.46,28.77,18.18
3720000,18.41,16.2,17.3,28.55,18.4
3721000,18.54,16.64,17.59,28.12,18.33
3722000,18.1,15.79,17.79,28.45,18.1
3723000,18.18,15.56,17.86,27.88,17.78
3724000,18.09,15.6,17.9,27.84,17.68
3725000,18.45,15.65,17.69,27.63,17.58
3726000,18.07,16.13,17.78,27.52,17.64
3727000,17.9,16.34,17.53,27.35,17.24
3728000,18.09,16.09,17.64,27.24,16.76
3729000,18.03,15.95,17.72,27.04,16.89
3730000,17.85,15.52,17.4,27.15,17.05
3731000,17.82,16.03,17.49,26.86,17.16
3732000,17.76,15.71,17.34,26.89,17.43
3733000,18.17,15.46,17.06,27.13,17.13
3734000,18.37,15.48,17.24,27.27,17.62
3735000,18.16,15.88,17.42,27.28,17.79
3736000,18.32,15.72,17.51,27.35,18.23
3737000,18.16,15.29,17.11,27.12,18.18
3738000,18.0,15.18,17.18,27.05,18.18
3739000,17.4,15.34,17.43,26.92,18.32
3740000,17.62,15.42,17.29,26.98,18.48
3741000,17.94,15.74,17.15,26.99,18.11
3742000,18.55,14.99,17.35,27.02,18.29
3743000,18.65,15.14,17.75,26.83,18.79
3744000,19.1,15.26,17.51,26.9,18.99
3745000,19.12,15.67,17.47,26.78,18.89
3746000,18.75,15.87,17.73,26.77,19.05
3747000,18.73,15.38,18.0,26.8,18.94
3748000,18.96,15.1,17.63,26.94,19.02
3749000,18.58,15.03,17.41,27.15,18.8
3750000,18.35,15.04,16.76,27.14,18.73
3751000,18.33,15.27,16.5,26.52,18.35
3752000,17.87,14.8,16.65,26.42,17.97
3753000,18.1,14.83,16.73,26.39,17.82
3754000,18.43,15.21,16.81,26.3,18.02
3755000,18.5,15.19,16.96,26.23,17.8
3756000,18.3,15.3,17.36,26.2,16.74
3757000,18.05,15.53,17.25,26.8,16.74
3758000,17.59,15.98,17.55,26.92,16.83
3759000,17.6,16.46,17.91,26.28,17.11
3760000,17.64,16.46,18.26,26.78,16.45
3761000,17.16,17.04,18.11,27.08,16.58
3762000,17.63,17.13,18.66,27.3,16.76
3763000,17.35,16.98,18.53,27.29,16.87
3764000,17.84,17.04,19.21,26.7,16.93
3765000,17.05,17.62,19.03,26.22,16.89
3766000,17.45,17.73,18.46,26.4,16.56
3767000,17.39,17.89,18.88,26.25,16.52
3768000,17.61,18.14,18.89,26.51,16.33
3769000,18.0,18.49,19.31,26.33,16.41
3770000,17.73,18.49,19.74,26.24,16.65
3771000,17.47,18.09,19.58,25.93,16.56
3772000,17.57,17.16,19.31,26.09,16.46
3773000,17.86,17.22,19.88,25.86,16.22
3774000,17.84,17.24,20.22,25.99,16.44
3775000,17.13,17.24,19.93,26.01,16.66
3776000,17.18,16.92,20.13,26.54,16.34
3777000,17.24,17.11,20.69,26.53,16.1
3778000,17.25,17.0,20.33,26.74,16.23
3779000,17.42,16.99,20.31,27.03,16.35
3780000,17.8,16.76,20.82,27.1,16.4
3781000,17.95,16.17,20.83,27.44,15.97
3782000,18.61,16.67,20.86,27.97,16.28
3783000,18.04,16.65,20.77,28.32,16.71
3784000,18.06,17.02,21.11,28.77,16.55
3785000,17.24,16.2,21.18,28.92,16.04
3786000,16.69,15.82,21.34,28.87,16.17
3787000,16.88,15.96,21.19,28.98,15.97
3788000,16.64,15.88,20.85,28.97,15.71
3789000,16.94,15.8,21.4,29.23,16.48
3790000,17.28,16.05,20.93,29.37,16.84
3791000,17.36,16.11,21.04,29.46,17.22
3792000,17.35,16.35,20.71,29.42,17.6
3793000,17.41,16.33,20.14,29.07,17.61
3794000,17.8,15.86,20.11,29.39,17.6
3795000,17.33,16.03,20.18,29.61,17.67
3796000,16.78,16.15,20.34,29.55,17.69
3797000,16.88,15.79,20.6,29.33,17.48
3798000,17.23,15.8,21.08,29.82,18.06
3799000,16.9,16.12,21.19,29.81,18.22
3800000,17.0,15.76,21.01,30.02,19.09
3801000,17.5,15.66,21.35,30.26,18.76
3802000,17.6,15.96,21.26,29.79,18.86
3803000,17.24,16.07,20.98,30.23,18.72
3804000,17.37,15.9,21.26,30.15,19.18
3805000,17.13,15.01,21.15,29.91,18.88
3806000,17.23,14.86,21.21,30.11,18.55
3807000,17.17,14.73,21.18,30.53,18.54
3808000,17.42,14.68,21.42,30.96,18.62
3809000,17.7,14.91,21.6,30.67,18.54
3810000,17.79,15.12,21.43,31.13,18.94
3811000,17.23,15.69,20.7,31.33,19.4
3812000,17.38,15.96,20.64,30.99,19.82
3813000,17.58,15.59,20.44,30.87,19.59
3814000,17.71,15.81,20.68,31.06,19.69
3815000,17.53,15.38,20.27,30.89,19.7
3816000,17.75,15.68,20.11,30.99,19.43
3817000,18.36,15.2,20.28,30.9,19.66
3818000,18.58,15.24,20.63,31.17,19.29
3819000,18.46,15.31,20.68,31.18,19.23
3820000,18.82,15.41,20.54,30.89,18.97
3821000,18.65,15.2,20.78,30.98,19.18
3822000,19.03,15.0,20.88,31.1,19.56
3823000,18.74,15.32,20.28,30.84,19.62
3824000,18.66,15.72,20.44,30.68,19.83
3825000,18.66,15.84,20.92,30.61,20.12
3826000,18.32,15.87,20.11,30.61,19.92
3827000,18.41,16.14,20.05,30.63,20.26
3828000,18.37,16.04,20.16,31.06,19.48
3829000,18.45,15.9,20.15,31.17,19.39
3830000,18.45,16.02,20.25,30.94,19.68
3831000,19.1,16.18,20.41,30.58,19.25
3832000,19.05,16.21,20.45,30.33,19.38
3833000,19.65,16.08,20.46,30.63,18.67
3834000,19.95,16.19,20.76,30.75,18.23
3835000,19.77,16.09,20.39,31.33,18.04
3836000,19.77,15.75,20.64,31.7,18.15
3837000,19.72,15.52,20.77,31.36,18.02
3838000,19.42,15.22,20.75,31.86,18.31
3839000,19.22,15.57,20.92,32.21,18.17
3840000,19.18,14.75,21.22,32.1,18.05
3841000,19.42,14.79,21.79,32.04,18.6
3842000,19.1,14.96,22.1,31.92,18.35
3843000,18.95,15.17,22.48,31.23,17.86
3844000,19.06,15.01,22.72,31.45,17.67
3845000,19.19,14.75,23.2,31.51,17.96
3846000,18.6,14.71,23.31,30.97,17.95
3847000,18.88,14.27,22.58,31.03,18.49
3848000,18.9,14.39,22.43,31.04,18.06
3849000,19.29,14.34,22.28,30.82,18.37
3850000,19.35,14.57,22.28,30.82,18.65
3851000,19.6,14.65,22.27,30.1,18.88
3852000,19.49,14.53,21.92,30.27,19.23
3853000,19.54,14.9,22.17,29.78,19.54
3854000,19.85,14.37,21.93,29.97,19.3
3855000,19.36,14.71,22.22,30.21,19.02
3856000,19.29,15.09,21.73,30.55,18.85
3857000,19.72,14.86,21.21,30.4,18.97
3858000,19.9,14.52,21.1,30.56,18.77
3859000,19.92,14.68,21.25,30.62,18.73
3860000,19.77,14.91,21.56,30.7,18.87
3861000,19.61,14.45,21.73,29.98,18.98
3862000,19.41,14.67,21.66,30.19,18.77
3863000,18.95,14.91,21.89,30.12,19.0
3864000,19.19,15.33,22.37,29.84,19.09
3865000,19.45,14.8,22.4,29.63,19.35
3866000,19.17,14.91,22.51,29.71,19.1
3867000,19.54,14.92,22.53,29.86,19.19
3868000,19.96,15.02,22.02,30.04,18.79
3869000,19.69,14.98,21.91,30.09,18.73
3870000,19.91,14.7,21.57,30.26,18.32
3871000,19.66,14.72,21.56,29.25,17.73
3872000,19.68,14.73,21.44,29.5,17.85
3873000,19.9,15.05,20.61,28.86,17.57
3874000,19.9,14.96,20.73,28.29,17.7
3875000,19.93,14.9,21.1,28.16,18.04
3876000,20.33,15.1,21.24,28.5,17.81
3877000,20.41,15.09,20.95,28.29,18.38
3878000,20.07,15.19,20.82,28.83,18.35
3879000,19.8,15.49,20.2,28.65,18.71
3880000,19.62,15.81,19.65,28.52,18.45
3881000,19.17,15.92,19.28,28.29,18.28
3882000,19.22,15.59,18.87,28.33,18.4
3883000,19.69,15.59,18.57,28.48,18.4
3884000,20.0,15.72,18.3,28.58,18.77
3885000,20.23,16.12,17.68,28.7,18.37
3886000,20.55,16.11,17.38,28.23,18.3
3887000,20.77,15.97,17.44,27.54,18.5
3888000,20.95,16.17,16.61,27.8,18.63
3889000,21.12,16.53,17.02,27.78,18.06
3890000,20.93,16.64,17.07,28.21,17.91
3891000,20.86,16.78,17.11,28.42,17.64
3892000,20.84,16.6,17.35,28.36,17.76
3893000,20.97,16.84,17.39,28.03,17.93
3894000,21.15,16.96,17.4,28.2,17.77
3895000,21.0,16.95,17.56,27.97,17.36
3896000,20.88,17.2,17.46,27.98,17.61
3897000,20.7,17.7,17.4,27.96,17.23
3898000,20.64,17.58,17.01,27.23,17.59
3899000,20.71,17.77,16.78,27.62,17.66
3900000,21.05,17.83,17.09,27.4,17.44
3901000,21.1,18.14,17.39,27.79,17.6
3902000,20.73,18.21,17.28,27.66,17.54
3903000,20.84,18.59,16.99,27.98,17.51
3904000,20.92,18.87,17.15,28.03,17.22
3905000,20.49,18.49,17.5,27.97,17.31
3906000,20.57,18.57,17.55,27.63,17.25
3907000,20.56,18.38,17.41,27.54,17.01
3908000,20.74,17.9,17.04,27.1,16.55
3909000,20.89,18.01,16.57,27.38,16.85
3910000,21.14,18.4,16.52,27.69,16.99
3911000,21.34,18.23,16.6,27.88,16.98
3912000,21.5,17.93,16.95,27.5,17.29
3913000,21.51,17.5,17.01,27.0,17.19
3914000,21.22,18.09,16.98,26.71,17.3
3915000,21.05,18.3,17.52,26.85,17.4
3916000,20.89,18.2,17.68,26.63,17.01
3917000,20.4,18.2,17.99,27.06,16.53
3918000,19.67,18.11,18.12,27.01,16.8
3919000,20.02,18.13,18.39,26.99,16.75
3920000,19.93,18.37,18.04,26.51,16.73
3921000,19.84,18.34,18.32,26.59,16.83
3922000,20.24,18.14,18.34,27.03,17.04
3923000,20.66,18.46,18.56,27.19,17.0
3924000,20.26,18.18,18.77,27.09,16.9
3925000,20.41,18.4,18.82,26.96,16.89
3926000,20.07,18.51,18.51,27.19,16.88
3927000,20.34,18.79,18.86,26.48,16.2
3928000,20.24,18.19,19.05,26.94,16.25
3929000,20.39,18.33,19.58,27.24,16.18
3930000,20.63,18.23,19.85,26.94,16.44
3931000,20.29,18.67,19.87,27.26,16.16
3932000,20.43,18.77,19.49,27.59,15.68
3933000,19.9,18.19,19.5,27.79,15.77
3934000,19.7,17.83,19.56,28.23,16.0
3935000,19.8,18.24,19.75,27.91,15.41
3936000,20.17,18.06,19.8,27.78,15.43
3937000,20.26,17.78,20.02,27.31,15.51
3938000,20.27,17.98,20.27,26.99,15.44
3939000,20.51,17.85,20.09,26.92,15.8
3940000,20.22,17.01,20.04,26.78,15.6
3941000,20.25,17.03,19.61,26.56,15.63
3942000,20.26,16.95,19.63,26.27,15.42
3943000,20.31,16.82,19.93,26.02,15.32
3944000,20.38,16.5,20.13,26.29,15.36
3945000,20.19,16.72,20.33,26.16,15.3
3946000,20.11,16.49,19.61,26.27,15.48
3947000,20.44,16.43,19.74,25.91,16.11
3948000,20.03,16.28,19.54,25.63,15.81
3949000,20.25,16.13,19.68,25.84,15.57
3950000,20.56,16.39,19.66,25.9,15.8
3951000,20.53,16.44,19.88,26.4,15.65
3952000,19.99,16.57,19.45,26.57,15.97
3953000,19.84,16.74,19.45,26.38,15.9
3954000,20.03,16.19,19.94,26.56,16.22
3955000,20.01,16.55,20.38,26.5,16.2
3956000,19.69,16.39,20.08,26.74,16.28
3957000,20.04,16.37,20.05,27.14,16.67
3958000,19.67,16.59,20.1,26.92,16.24
3959000,19.55,16.4,20.24,26.33,16.71
3960000,20.01,16.37,20.43,26.11,16.59
3961000,20.06,16.01,20.09,26.02,16.18
3962000,19.73,15.86,20.11,25.98,15.84
3963000,19.84,15.78,19.27,26.51,15.98
3964000,20.17,15.34,19.59,26.2,15.98
3965000,20.56,15.78,19.52,26.44,15.97
3966000,20.6,15.51,19.95,26.45,16.07
3967000,20.35,15.71,19.7,26.56,16.32
3968000,20.47,15.99,19.5,26.04,16.42
3969000,20.16,15.78,19.44,26.3,16.69
3970000,20.27,15.55,19.44,26.77,16.62
3971000,20.11,15.29,19.49,27.02,17.0
3972000,19.83,15.22,19.72,27.27,16.97
3973000,19.65,15.72,18.85,27.29,17.32
3974000,19.4,16.0,18.87,26.8,17.13
3975000,19.21,15.98,19.09,26.59,17.43
3976000,18.93,16.23,19.31,26.67,17.28
3977000,18.87,16.46,19.46,27.01,17.68
3978000,18.74,16.74,19.55,27.55,17.83
3979000,18.39,16.56,19.65,27.17,17.78
3980000,18.37,16.32,19.35,26.75,18.08
3981000,18.18,16.68,18.32,27.1,17.75
3982000,18.58,15.92,18.54,26.9,17.6
3983000,18.6,16.27,18.32,26.98,17.71
3984000,18.62,16.32,18.61,27.01,17.78
3985000,18.93,16.6,18.91,27.56,18.14
3986000,19.35,16.47,18.77,27.7,18.27
3987000,19.85,16.26,18.62,27.73,18.14
3988000,19.84,16.79,19.04,27.66,18.25
3989000,20.0,16.93,18.97,27.47,18.58
3990000,19.93,16.93,19.42,27.12,18.32
3991000,19.48,17.14,19.35,26.68,18.17
3992000,19.42,17.17,18.83,26.72,18.29
3993000,18.9,17.11,18.8,26.96,18.5
3994000,18.99,17.3,18.75,27.11,19.22
3995000,18.87,17.42,18.62,27.5,18.36
3996000,18.99,17.66,18.79,27.44,18.22
3997000,19.31,17.73,19.03,27.48,18.55
3998000,19.67,17.88,18.43,27.33,18.2
3999000,19.77,17.52,18.41,27.6,17.95
4000000,19.68,17.57,18.82,27.99,18.12
4001000,19.71,17.58,19.06,28.13,17.52
4002000,20.06,17.33,19.29,28.22,17.22
4003000,20.06,17.06,19.55,28.11,17.21
4004000,20.33,17.03,19.04,27.6,17.55
4005000,19.51,17.07,19.01,27.75,17.88
4006000,19.8,17.16,19.07,27.41,18.06
4007000,20.5,17.08,19.09,27.86,17.79
4008000,20.38,17.51,18.8,27.99,18.04
4009000,20.31,17.47,19.04,27.91,17.92
4010000,20.68,17.88,18.82,28.0,17.97
4011000,20.87,17.95,18.5,27.96,17.85
4012000,20.9,17.7,18.32,27.63,18.1
4013000,21.11,17.96,18.77,27.81,18.27
4014000,20.64,18.16,18.97,27.84,17.86
4015000,20.47,18.05,19.23,27.86,18.12
4016000,20.06,17.74,19.36,27.69,18.36
4017000,20.31,17.06,19.41,28.0,18.04
4018000,20.55,16.43,19.39,28.27,18.06
4019000,20.85,16.63,19.39,28.39,18.12
4020000,20.68,16.65,19.94,28.83,18.48
4021000,20.39,16.53,19.98,28.92,17.92
4022000,20.36,16.1,20.06,29.08,18.09
4023000,20.7,16.7,19.83,29.22,17.77
4024000,20.7,16.98,20.2,29.83,17.76
4025000,20.2,16.3,20.55,30.0,18.04
4026000,20.33,16.08,20.51,30.17,18.34
4027000,20.46,16.26,20.42,30.28,18.09
4028000,20.32,16.56,20.16,30.43,18.08
4029000,20.14,16.53,20.46,29.78,18.67
4030000,19.67,15.89,20.83,30.41,18.16
4031000,19.71,16.07,21.01,30.84,18.43
4032000,19.29,16.35,20.99,31.03,18.53
4033000,19.17,16.11,21.46,30.93,18.79
4034000,19.31,15.57,20.36,31.27,18.69
4035000,18.89,15.24,19.73,31.51,18.29
4036000,19.45,15.52,19.84,31.22,18.36
4037000,19.6,15.3,19.75,31.6,18.49
4038000,19.73,15.57,20.05,31.42,18.02
4039000,19.99,15.62,20.15,31.89,17.9
4040000,20.31,15.39,20.41,32.05,18.02
4041000,20.64,15.36,20.25,32.03,18.07
4042000,20.31,15.58,20.38,31.17,18.61
4043000,19.96,15.88,20.3,31.13,18.63
4044000,20.04,16.47,20.09,31.46,19.06
4045000,20.15,16.61,20.19,31.78,19.08
4046000,20.16,16.86,20.41,31.66,19.24
4047000,20.13,16.7,20.05,31.22,19.42
4048000,19.96,16.63,20.26,31.05,19.55
4049000,19.77,16.38,19.58,30.89,19.65
4050000,19.92,16.38,19.58,31.02,19.5
4051000,19.22,15.93,19.37,31.45,19.82
4052000,19.07,15.46,19.35,31.12,19.21
4053000,18.97,15.0,19.48,31.53,19.41
4054000,18.7,14.93,19.19,31.79,19.16
4055000,19.0,14.74,19.46,31.9,19.37
4056000,18.4,14.14,19.0,32.34,19.68
4057000,18.37,14.35,19.14,32.17,19.83
4058000,18.63,14.42,19.46,32.25,20.13
4059000,18.52,14.86,19.19,31.89,20.21
4060000,18.94,15.34,18.92,31.52,19.86
4061000,19.23,15.29,18.87,31.51,18.81
4062000,19.25,15.61,18.91,31.8,18.53
4063000,19.0,15.54,18.92,32.04,18.08
4064000,19.38,15.64,19.07,31.99,18.16
4065000,19.18,15.77,18.77,32.06,18.3
4066000,19.8,16.02,18.41,31.99,18.38
4067000,19.68,16.14,18.31,32.27,18.58
4068000,20.23,16.15,18.26,32.18,18.7
4069000,20.49,16.06,17.96,32.38,18.7
4070000,20.27,16.03,18.05,32.19,17.91
4071000,20.24,15.61,18.22,32.38,17.58
4072000,20.13,15.65,18.32,32.78,17.0
4073000,20.59,16.18,18.35,32.83,17.04
4074000,20.46,16.31,18.18,32.24,17.43
4075000,20.48,16.38,18.19,31.81,17.45
4076000,20.2,16.52,18.06,31.53,16.86
4077000,20.62,16.54,18.06,31.22,17.2
4078000,20.82,16.73,18.42,31.04,17.5
4079000,20.95,16.68,18.61,30.72,17.44
4080000,20.86,17.22,19.05,30.4,17.54
4081000,20.9,17.22,19.36,30.43,17.6
4082000,20.77,17.46,19.23,29.91,17.79
4083000,20.81,17.73,18.91,29.94,18.22
4084000,20.13,17.65,19.62,29.86,18.21
4085000,20.11,17.27,19.47,29.96,18.78
4086000,20.03,17.01,19.47,29.9,18.01
4087000,19.81,16.78,19.68,29.43,17.82
4088000,19.28,16.79,19.83,29.24,18.0
4089000,19.52,16.93,19.78,29.17,17.91
4090000,19.72,17.01,19.56,29.21,17.86
4091000,19.7,17.18,19.84,29.43,17.64
4092000,19.09,17.48,20.08,29.36,17.42
4093000,19.25,16.97,20.25,29.15,17.34
4094000,19.23,17.09,20.38,29.04,17.43
4095000,19.61,17.26,20.38,28.95,17.41
4096000,19.15,17.57,19.82,29.06,17.58
4097000,19.76,17.82,20.13,28.85,17.41
4098000,19.59,18.0,20.37,28.84,17.38
4099000,19.64,18.16,20.77,28.84,16.65
4100000,19.7,18.1,20.33,28.67,16.48
4101000,20.07,18.28,20.18,28.64,16.77
4102000,19.76,17.62,20.34,28.78,16.84
4103000,19.94,17.81,20.77,28.87,17.22
4104000,19.62,17.37,20.81,29.2,17.46
4105000,19.46,16.93,20.97,29.26,17.67
4106000,19.19,16.76,21.39,29.22,17.52
4107000,18.68,16.83,21.38,28.96,17.54
4108000,18.51,17.3,21.41,29.1,17.3
4109000,18.03,17.46,21.76,29.13,17.6
4110000,17.88,17.43,21.59,29.21,17.23
4111000,18.26,17.59,21.32,29.3,17.49
4112000,18.3,17.65,21.44,29.33,17.32
4113000,18.06,18.03,21.63,29.55,17.32
4114000,18.11,17.72,21.88,29.25,17.42
4115000,18.15,17.51,22.44,29.58,17.36
4116000,18.07,17.54,22.16,29.19,16.84
4117000,18.27,17.28,22.12,29.09,16.97
4118000,18.25,17.69,22.26,29.03,16.88
4119000,18.47,17.69,22.47,29.1,17.02
4120000,18.43,17.51,21.87,29.28,16.66
4121000,18.7,17.63,22.06,29.33,17.04
4122000,18.6,17.15,22.4,29.62,16.9
4123000,18.53,17.07,22.52,29.83,17.05
4124000,17.79,16.37,22.07,29.68,17.07
4125000,17.87,16.5,22.25,29.7,16.65
4126000,18.04,16.65,22.26,29.42,16.98
4127000,17.87,16.8,22.6,29.77,16.81
4128000,18.0,16.78,22.44,29.37,16.7
4129000,18.19,16.86,22.57,29.04,16.73
4130000,17.79,17.01,23.0,29.43,17.11
4131000,18.18,15.93,22.89,29.22,17.21
4132000,18.35,16.15,22.89,28.98,17.32
4133000,18.54,16.26,22.95,29.2,17.48
4134000,18.61,16.47,23.47,28.71,17.47
4135000,18.65,16.51,23.23,28.71,17.51
4136000,18.57,15.89,23.56,28.9,17.96
4137000,18.54,15.92,23.23,28.79,18.04
4138000,19.06,15.64,22.96,29.24,18.01
4139000,18.76,15.47,22.74,29.3,17.9
4140000,19.04,15.72,22.69,29.3,18.14
4141000,19.0,15.75,22.54,29.28,17.91
4142000,19.17,16.03,22.16,29.9,18.33
4143000,18.97,15.98,21.67,29.47,18.37
4144000,19.33,16.18,21.91,29.52,18.74
4145000,19.47,16.22,21.84,29.79,18.77
4146000,19.44,15.42,22.14,29.79,18.74
4147000,18.99,15.22,22.13,29.59,19.17
4148000,18.66,15.69,22.35,29.61,18.75
4149000,19.15,15.14,22.3,29.41,18.78
4150000,19.43,15.34,22.35,29.55,18.56
4151000,19.72,15.19,22.14,29.41,18.73
4152000,20.03,15.08,22.06,29.52,18.5
4153000,20.18,15.05,22.13,29.88,18.3
4154000,20.51,14.82,22.38,29.67,18.18
4155000,20.48,14.83,21.82,29.75,18.57
4156000,20.14,14.85,21.51,29.96,18.11
4157000,19.68,14.46,21.6,29.08,18.35
4158000,19.86,15.0,21.37,29.07,18.37
4159000,19.66,14.97,21.46,28.46,18.24
4160000,19.9,15.17,21.37,28.7,17.41
4161000,19.96,15.6,21.17,28.49,17.38
4162000,19.85,15.51,21.42,28.36,17.53
4163000,19.91,15.15,21.27,27.94,17.75
4164000,19.92,14.61,20.96,28.27,17.34
4165000,19.65,14.65,20.97,28.58,17.25
4166000,19.68,14.54,20.87,28.95,17.64
4167000,19.12,14.81,20.89,28.56,17.0
4168000,19.26,14.87,21.06,28.32,17.13
4169000,19.12,15.54,20.66,28.57,17.24
4170000,19.25,15.32,20.63,28.89,17.28
4171000,18.9,15.49,20.44,28.96,16.81
4172000,18.61,15.6,20.69,28.24,16.24
4173000,18.67,15.71,20.57,27.82,16.56
4174000,18.56,15.91,20.13,28.28,16.66
4175000,18.84,16.31,20.22,28.16,16.05
4176000,18.83,16.42,20.1,28.59,16.42
4177000,18.87,16.68,19.95,28.61,16.41
4178000,18.44,16.76,20.2,28.81,16.49
4179000,18.06,17.13,20.08,28.88,16.65
4180000,18.11,17.06,19.59,28.83,15.43
4181000,18.0,17.18,18.99,28.6,15.75
4182000,18.34,17.0,19.22,28.43,15.55
4183000,18.38,17.03,19.31,28.36,15.63
4184000,18.54,17.52,19.31,28.14,15.66
4185000,18.11,17.08,19.43,28.14,15.29
4186000,18.42,17.09,19.81,28.25,15.4
4187000,18.33,17.18,19.92,28.29,15.84
4188000,17.81,17.39,20.19,28.17,15.6
4189000,17.81,17.28,19.71,28.34,15.81
4190000,17.69,16.74,19.62,28.37,15.71
4191000,17.79,16.97,19.32,28.43,15.98
4192000,18.2,16.99,19.49,28.91,16.27
4193000,18.37,17.0,19.32,28.7,16.11
4194000,18.17,17.0,19.47,28.66,16.72
4195000,18.17,16.91,19.87,29.13,16.6
4196000,18.07,17.28,19.65,29.49,16.75
4197000,17.9,17.17,19.73,29.58,17.25
4198000,17.46,17.09,19.93,29.38,17.32
4199000,17.73,16.45,19.68,29.75,17.49
4200000,17.57,16.37,19.22,29.64,17.46
4201000,17.91,16.31,20.03,28.77,17.71
4202000,18.42,16.5,20.15,29.06,17.69
4203000,18.62,16.58,19.8,29.45,18.34
4204000,18.47,16.85,19.62,29.09,18.69
4205000,18.03,17.03,20.35,29.35,19.08
4206000,18.09,17.28,20.07,29.76,18.9
4207000,18.11,17.77,20.28,29.79,19.03
4208000,17.26,17.27,20.07,29.57,18.8
4209000,17.72,17.02,19.67,29.14,18.4
4210000,18.05,16.98,19.51,28.82,18.29
4211000,18.58,16.95,19.66,28.82,18.62
4212000,18.34,17.3,19.79,28.99,18.58
4213000,18.39,17.64,19.62,29.22,19.13
4214000,18.6,17.8,19.59,29.3,18.67
4215000,18.58,17.7,19.55,28.87,18.68
4216000,18.74,17.26,19.95,28.73,19.24
4217000,19.14,16.76,19.85,28.82,19.49
4218000,19.5,17.08,20.32,29.03,19.64
4219000,19.44,16.62,20.04,29.2,19.09
4220000,19.46,16.47,20.14,29.44,19.01
4221000,19.29,16.41,20.18,29.62,18.46
4222000,19.25,16.5,20.03,30.01,18.42
4223000,19.05,16.7,19.7,30.03,18.88
4224000,19.15,16.63,19.26,30.09,18.9
4225000,19.26,16.36,19.7,30.42,19.32
4226000,19.49,16.19,19.68,29.86,19.21
4227000,19.02,16.06,19.91,29.56,19.76
4228000,19.29,15.99,20.28,29.4,19.15
4229000,19.17,15.87,20.42,29.1,19.23
4230000,19.25,16.29,20.24,29.06,19.69
4231000,18.71,16.25,20.94,29.01,20.18
4232000,18.31,16.36,20.76,28.95,19.78
4233000,18.56,16.3,20.37,29.23,19.58
4234000,18.22,16.29,20.36,29.31,20.07
4235000,17.69,15.62,20.54,29.68,19.76
4236000,17.41,15.93,20.72,29.97,19.83
4237000,17.76,15.79,21.33,29.67,20.07
4238000,17.62,16.06,21.7,29.97,19.98
4239000,18.09,15.91,21.2,29.89,19.99
4240000,18.12,15.96,21.17,29.53,20.06
4241000,18.16,15.75,21.61,29.78,19.51
4242000,18.15,15.62,21.57,29.46,19.33
4243000,18.27,15.71,21.32,29.21,19.38
4244000,18.43,15.75,21.42,29.26,19.36
4245000,18.12,15.61,21.58,29.44,19.49
4246000,18.07,15.1,21.31,29.57,19.54
4247000,18.15,15.31,21.51,29.88,19.05
4248000,18.11,15.52,21.52,29.79,18.78
4249000,18.24,15.46,21.98,29.86,19.08
4250000,18.02,15.58,20.9,29.86,19.27
4251000,18.34,15.83,21.23,30.13,19.09
4252000,18.53,15.7,21.23,29.94,19.18
4253000,18.3,14.9,21.14,29.23,19.31
4254000,17.38,14.83,21.32,28.77,19.05
4255000,17.35,14.75,21.27,28.5,18.8
4256000,17.78,14.48,21.41,28.34,18.89
4257000,17.59,14.67,21.28,27.98,18.92
4258000,17.6,14.71,21.4,28.03,19.0
4259000,17.46,14.26,21.93,28.16,18.8
4260000,17.27,13.9,21.73,28.34,18.96
4261000,17.33,13.99,21.26,28.2,18.77
4262000,17.36,14.1,21.66,28.62,19.0
4263000,16.81,14.02,21.95,28.65,19.18
4264000,17.55,14.03,22.3,28.58,19.02
4265000,17.62,14.36,22.67,29.12,19.19
4266000,17.55,14.46,22.65,29.19,19.26
4267000,18.07,14.4,22.8,28.47,20.04
4268000,18.36,14.06,22.81,28.29,19.77
4269000,17.96,14.33,22.78,28.2,19.75
4270000,17.96,14.47,23.0,28.4,19.32
4271000,17.93,14.38,23.17,28.81,19.49
4272000,18.14,14.46,23.61,27.88,19.2
4273000,17.57,14.93,23.39,28.02,18.4
4274000,17.67,15.37,23.84,28.18,18.01
4275000,17.71,15.38,23.66,28.12,17.56
4276000,17.97,15.6,23.89,27.98,17.36
4277000,18.21,15.79,23.47,27.91,17.12
4278000,18.37,15.69,23.76,28.05,16.69
4279000,18.42,15.98,23.76,27.58,16.55
4280000,18.39,16.25,24.06,26.91,16.71
4281000,18.96,16.11,24.0,26.74,16.58
4282000,18.85,16.16,23.83,27.0,16.64
4283000,19.17,15.79,23.01,26.94,16.87
4284000,18.36,15.7,22.42,26.82,16.6
4285000,17.97,16.02,22.37,26.76,16.96
4286000,18.11,15.91,21.82,27.47,16.99
4287000,18.46,15.37,21.94,26.91,16.74
4288000,17.88,14.82,22.35,26.51,17.17
4289000,17.6,14.95,22.3,26.55,16.58
4290000,17.47,15.42,21.85,26.43,16.84
4291000,17.88,15.72,22.18,26.61,16.87
4292000,17.99,15.7,21.87,26.8,16.77
4293000,17.83,16.1,21.75,26.49,16.54
4294000,17.9,16.49,21.67,26.37,16.65
4295000,17.81,16.26,21.69,26.36,16.9
4296000,18.04,16.75,21.97,26.65,17.11
4297000,18.44,16.61,21.99,26.52,16.76
4298000,18.41,16.76,22.0,26.9,16.34
4299000,18.18,17.01,22.2,26.9,16.18
4300000,18.64,17.33,22.1,26.99,16.28
4301000,18.68,17.47,22.52,27.28,15.99
4302000,18.73,17.62,22.57,26.9,15.85
4303000,18.53,17.47,22.0,27.09,15.52
4304000,18.38,17.94,21.24,27.02,15.34
4305000,17.95,18.42,21.44,26.16,15.5
4306000,18.13,18.09,21.87,26.37,15.1
4307000,18.45,18.16,21.88,26.57,14.95
4308000,18.81,17.95,22.1,26.94,14.9
4309000,18.8,18.07,22.31,27.14,15.07
4310000,18.79,18.26,22.48,27.35,15.29
4311000,18.96,17.71,22.51,27.48,15.22
4312000,18.58,17.73,22.63,28.08,15.44
4313000,18.63,17.8,21.6,28.34,16.18
4314000,18.58,17.67,20.76,28.86,16.15
4315000,18.57,17.65,20.92,28.84,16.61
4316000,18.12,17.82,20.81,28.76,16.88
4317000,18.02,17.82,20.22,29.12,17.13
4318000,18.14,17.51,19.93,28.99,17.36
4319000,18.57,17.83,19.9,29.21,17.67
4320000,18.52,17.52,20.0,28.79,18.01
4321000,18.41,17.7,20.15,28.74,17.95
4322000,18.47,17.83,20.13,28.6,18.42
4323000,18.36,17.73,20.18,28.47,18.96
4324000,18.38,18.07,19.78,28.05,19.19
4325000,18.77,18.13,19.67,28.22,18.6
4326000,18.66,18.88,19.61,28.37,18.77
4327000,18.9,18.27,19.61,28.87,18.95
4328000,18.51,18.47,19.61,28.95,18.82
4329000,18.76,18.56,20.06,29.5,19.21
4330000,18.87,18.89,20.5,28.74,19.12
4331000,18.97,19.09,21.11,28.98,19.09
4332000,18.85,18.7,21.56,28.3,18.99
4333000,19.06,18.29,21.68,28.48,19.05
4334000,19.28,18.52,21.62,28.7,19.09
4335000,19.42,18.41,21.83,28.77,19.52
4336000,19.65,18.58,21.42,28.85,19.36
4337000,18.89,18.97,21.8,28.97,19.41
4338000,19.07,18.43,21.81,28.89,19.03
4339000,19.48,18.72,22.07,29.15,19.38
4340000,19.7,19.01,21.84,29.54,19.51
4341000,19.75,18.89,21.64,29.34,19.41
4342000,19.62,18.89,21.31,29.27,19.6
4343000,19.23,19.08,21.28,29.34,19.65
4344000,19.48,18.73,21.13,29.82,19.93
4345000,19.66,18.64,21.11,29.93,20.22
4346000,19.58,18.65,21.49,30.28,20.33
4347000,19.39,18.63,21.59,30.37,20.42
4348000,19.42,18.65,21.44,30.2,20.05
4349000,19.63,18.33,21.22,29.95,20.61
4350000,19.77,18.47,21.14,30.39,20.52
4351000,19.86,18.76,21.37,30.75,20.54
4352000,19.97,19.08,21.72,30.53,20.75
4353000,20.27,19.36,21.59,30.89,21.0
4354000,20.36,19.38,21.62,29.82,20.67
4355000,19.5,19.28,21.68,29.45,20.73
4356000,19.72,19.28,21.46,28.6,20.91
4357000,19.16,18.57,21.43,28.45,20.95
4358000,19.42,18.89,21.16,28.7,20.77
4359000,19.47,18.86,21.27,28.62,20.7
4360000,19.71,18.4,21.28,28.94,20.02
4361000,19.51,18.52,21.81,28.45,19.98
4362000,19.71,18.98,21.67,28.75,19.79
4363000,19.85,18.58,22.1,28.65,19.72
4364000,19.5,18.27,22.44,28.94,19.7
4365000,19.25,18.56,22.17,28.99,19.44
4366000,19.46,19.01,22.05,28.66,19.88
4367000,19.74,18.98,22.76,28.43,19.87
4368000,20.03,18.3,22.81,28.54,19.41
4369000,19.77,17.93,22.66,28.7,19.13
4370000,20.03,18.31,22.85,28.63,19.45
4371000,19.97,18.29,22.83,28.56,19.81
4372000,20.21,18.88,22.75,28.83,19.67
4373000,20.17,18.3,23.2,27.99,19.63
4374000,20.25,18.53,22.78,28.05,19.17
4375000,20.24,18.72,23.33,28.42,19.24
4376000,20.08,18.37,23.13,27.64,19.01
4377000,20.45,18.29,23.46,27.78,19.16
4378000,20.23,18.15,23.25,27.94,18.87
4379000,19.95,18.0,23.27,27.91,18.68
4380000,19.82,17.82,23.42,28.01,17.99
4381000,19.4,17.77,22.68,27.92,18.08
4382000,19.12,17.5,21.83,28.33,18.3
4383000,19.67,17.63,21.91,28.23,18.01
4384000,19.72,17.89,21.67,28.72,18.11
4385000,19.52,17.46,21.85,28.93,17.44
4386000,19.05,17.65,21.63,28.5,17.5
4387000,19.25,18.03,21.63,28.49,16.89
4388000,19.06,17.84,21.07,28.32,16.99
4389000,18.64,17.84,21.05,27.85,17.21
4390000,18.46,17.87,21.09,28.21,16.95
4391000,18.29,17.95,21.25,28.13,17.28
4392000,18.62,17.42,22.04,28.02,17.52
4393000,18.49,16.82,21.07,27.54,17.75
4394000,18.41,16.37,21.31,27.43,17.37
4395000,18.24,16.51,21.07,27.67,17.27
4396000,18.43,16.26,21.32,28.22,17.47
4397000,18.47,16.98,21.5,28.08,17.62
4398000,18.27,16.97,21.67,27.76,17.58
4399000,18.48,17.41,21.12,28.06,17.48
4400000,18.76,17.25,21.26,28.03,17.61
4401000,18.34,17.38,21.21,28.07,17.49
4402000,18.73,17.61,21.58,27.71,17.85
4403000,18.68,17.4,21.75,26.9,17.59
4404000,18.61,17.18,21.6,26.76,17.45
4405000,18.66,17.26,21.02,27.18,17.39
4406000,19.11,17.17,21.12,27.25,17.15
4407000,19.06,16.69,21.32,26.85,17.38
4408000,18.86,16.9,21.59,27.01,17.12
4409000,19.44,17.34,21.54,27.45,17.49
4410000,19.48,17.58,21.66,27.4,17.56
4411000,19.51,17.26,21.6,27.54,18.24
4412000,18.52,17.65,21.64,27.83,17.88
4413000,18.51,16.81,21.42,28.08,17.32
4414000,18.47,17.04,21.45,28.31,17.13
4415000,17.81,17.03,21.46,28.11,17.47
4416000,17.85,17.23,21.3,28.22,17.69
4417000,17.77,17.05,21.44,28.55,17.88
4418000,17.7,17.58,21.51,28.38,18.06
4419000,18.08,17.98,21.2,28.78,18.17
4420000,18.33,18.1,21.46,28.77,18.2
4421000,18.09,18.42,21.4,28.73,18.24
4422000,17.83,18.27,21.51,28.75,18.49
4423000,17.21,18.88,21.85,28.41,18.56
4424000,17.29,19.09,21.22,28.58,18.4
4425000,17.56,19.36,20.92,28.63,18.29
4426000,17.53,19.71,21.44,28.7,18.21
4427000,17.67,19.26,21.25,28.06,18.55
4428000,17.83,19.19,21.58,27.98,19.12
4429000,17.95,19.54,21.57,28.32,19.01
4430000,18.05,19.22,21.94,27.7,18.88
4431000,18.16,19.03,22.29,27.65,19.34
4432000,18.33,18.65,22.25,27.89,19.46
4433000,18.41,18.75,21.97,27.64,19.57
4434000,18.44,19.04,22.26,27.96,19.35
4435000,18.76,18.91,22.67,28.05,19.9
4436000,18.82,19.33,22.36,27.89,19.71
4437000,18.69,19.53,22.37,27.23,19.69
4438000,18.72,19.44,22.36,27.43,19.66
4439000,19.11,19.86,22.3,27.61,19.98
4440000,19.24,20.0,22.57,27.6,20.08
4441000,19.39,20.22,22.83,27.35,20.01
4442000,19.55,19.67,22.68,27.29,19.74
4443000,19.19,20.05,22.89,26.79,19.0
4444000,19.25,20.19,23.03,26.84,19.03
4445000,18.87,20.28,22.82,26.62,19.41
4446000,19.01,19.45,22.75,26.68,19.39
4447000,18.76,19.68,22.35,27.04,19.53
4448000,18.84,19.52,22.48,27.44,19.54
4449000,18.51,19.71,22.7,27.84,19.18
4450000,18.57,19.85,22.6,27.67,19.16
4451000,18.22,19.83,22.85,28.0,18.9
4452000,18.2,20.16,22.53,27.93,19.09
4453000,18.22,20.23,22.33,27.9,17.93
4454000,18.58,19.57,22.82,27.86,18.1
4455000,18.46,19.76,22.78,28.04,18.44
4456000,18.68,19.66,22.76,27.87,18.52
4457000,18.59,19.87,23.0,27.94,18.65
4458000,18.71,19.27,22.44,27.66,18.14
4459000,18.43,19.42,22.29,27.93,17.97
4460000,18.62,19.79,22.02,27.84,18.27
4461000,18.83,19.88,22.48,28.3,17.97
4462000,18.6,19.51,22.22,28.4,17.68
4463000,17.91,19.66,22.2,28.65,17.99
4464000,17.36,19.59,21.18,28.95,18.44
4465000,17.71,19.28,20.41,29.0,18.56
4466000,17.96,19.17,20.82,28.97,18.97
4467000,18.31,18.88,20.97,29.19,18.79
4468000,18.66,18.19,20.57,29.14,18.87
4469000,18.68,17.51,20.06,29.2,18.74
4470000,17.82,17.52,20.21,28.45,17.78
4471000,17.85,17.72,20.33,28.51,18.15
4472000,17.52,18.08,20.28,29.02,18.28
4473000,17.41,18.04,20.41,29.2,18.47
4474000,17.61,17.95,20.67,29.14,18.08
4475000,17.82,18.63,20.37,29.25,18.47
4476000,17.75,18.79,19.81,29.6,18.53
4477000,17.98,18.86,19.91,29.79,17.66
4478000,17.84,18.39,20.56,29.71,17.6
4479000,17.67,18.42,20.43,29.51,17.74
4480000,17.77,18.14,20.76,28.68,17.83
4481000,17.89,18.17,20.7,28.62,17.72
4482000,17.52,18.43,20.67,28.71,17.72
4483000,17.6,18.42,21.01,28.74,17.74
4484000,17.66,18.6,20.95,29.1,17.7
4485000,17.66,18.45,21.25,29.13,17.96
4486000,18.04,18.51,21.36,29.57,18.27
4487000,18.1,18.81,21.35,29.72,18.86
4488000,18.09,18.8,20.96,29.52,18.68
4489000,18.14,19.16,21.03,29.0,18.53
4490000,18.22,19.48,20.72,29.32,18.3
4491000,18.24,19.4,20.76,29.26,18.47
4492000,17.98,19.56,20.85,29.5,18.5
4493000,17.93,19.53,21.24,29.66,18.7
4494000,18.17,19.72,21.43,29.47,18.4
4495000,18.29,19.48,21.54,29.2,18.82
4496000,17.82,19.04,21.15,29.56,19.12
4497000,17.4,19.13,21.27,30.22,19.05
4498000,17.37,18.79,21.44,29.8,19.18
4499000,17.28,18.84,21.22,29.99,19.3
4500000,17.48,18.92,21.18,29.98,19.26
4501000,17.5,18.83,20.83,30.1,19.03
4502000,17.44,19.07,20.92,30.02,19.48
4503000,17.38,19.42,21.26,30.33,19.62
4504000,17.4,19.12,21.45,30.21,19.41
4505000,17.96,19.12,21.31,30.49,19.46
4506000,18.11,19.09,21.62,30.36,19.48
4507000,18.07,18.76,21.6,30.52,19.51
4508000,18.35,18.92,21.88,30.57,19.35
4509000,18.59,19.19,21.82,30.25,19.09
4510000,18.85,19.52,21.85,30.39,19.01
4511000,18.61,19.63,21.99,30.56,18.8
4512000,18.83,20.03,22.44,30.68,19.13
4513000,18.74,19.85,22.66,30.91,19.4
4514000,18.72,19.68,23.02,30.78,19.49
4515000,18.84,19.76,23.35,30.72,19.41
4516000,19.17,19.22,24.0,30.97,19.4
4517000,19.49,19.19,24.02,30.8,19.73
4518000,19.55,18.92,24.39,30.78,19.18
4519000,19.85,18.92,24.38,30.21,19.27
4520000,19.83,19.09,23.89,30.64,19.07
4521000,20.02,19.31,23.69,30.51,19.53
4522000,19.87,19.32,24.08,30.63,19.37
4523000,19.69,19.28,24.48,30.07,19.55
4524000,19.99,19.1,24.83,30.23,19.66
4525000,20.23,18.31,24.73,30.11,19.4
4526000,20.43,17.13,24.58,30.07,18.95
4527000,20.5,17.09,24.72,30.12,18.96
4528000,20.57,16.29,24.45,30.08,19.01
4529000,20.82,15.8,24.51,30.21,19.19
4530000,20.96,16.09,24.57,30.22,19.2
4531000,20.99,16.44,24.56,29.76,19.07
4532000,20.91,16.43,24.7,29.31,19.31
4533000,20.9,16.67,24.83,28.27,19.25
4534000,20.01,16.46,25.05,28.48,18.83
4535000,19.95,16.97,25.16,28.2,19.38
4536000,20.0,17.21,24.82,27.96,18.92
4537000,20.0,17.07,24.49,27.85,18.95
4538000,20.27,16.98,24.65,27.93,19.06
4539000,20.5,17.33,24.77,28.11,19.15
4540000,21.0,17.35,24.89,28.45,19.43
4541000,20.77,17.09,25.19,28.36,19.28
4542000,21.28,17.04,25.62,28.67,19.11
4543000,21.26,16.73,25.99,28.33,19.31
4544000,21.59,16.94,25.89,28.36,18.96
4545000,21.35,17.18,25.21,28.25,19.28
4546000,21.35,17.0,25.38,28.01,19.56
4547000,21.78,17.28,25.4,28.1,19.66
4548000,21.99,17.15,25.56,28.49,19.55
4549000,21.95,17.11,25.17,28.94,19.36
4550000,22.42,17.09,25.24,29.27,19.35
4551000,22.55,17.02,25.59,29.41,19.3
4552000,22.77,17.46,25.52,29.27,19.18
4553000,23.09,16.85,25.19,29.22,19.21
4554000,23.17,17.23,25.37,29.13,19.22
4555000,23.63,17.24,25.25,28.9,19.37
4556000,23.52,17.55,25.78,28.91,19.18
4557000,23.74,17.65,25.57,28.64,19.58
4558000,23.76,17.84,26.11,28.85,19.81
4559000,23.38,18.16,25.98,28.63,19.36
4560000,23.56,18.3,26.14,28.83,19.67
4561000,23.23,18.09,26.43,28.02,19.79
4562000,23.32,17.57,26.27,28.04,20.29
4563000,23.31,17.35,25.17,28.14,20.38
4564000,23.47,17.53,24.91,27.59,19.88
4565000,23.75,17.89,25.3,27.62,20.34
4566000,23.5,18.18,24.53,27.78,20.51
4567000,23.88,18.37,23.8,27.75,20.7
4568000,23.65,18.42,23.58,28.13,20.01
4569000,23.69,18.33,23.59,27.98,19.86
4570000,23.89,18.49,23.84,27.84,19.94
4571000,23.43,19.08,24.14,27.29,20.37
4572000,23.64,19.37,23.72,27.05,20.61
4573000,23.35,19.47,23.44,27.52,20.36
4574000,23.68,19.36,23.15,27.95,20.25
4575000,23.38,19.66,23.02,28.38,19.6
4576000,23.41,19.72,23.18,27.43,19.95
4577000,23.47,19.44,23.32,27.68,19.48
4578000,23.39,19.17,23.06,27.88,19.49
4579000,23.26,19.16,23.42,27.99,19.52
4580000,23.27,19.07,23.1,27.86,19.86
4581000,22.85,19.21,22.17,27.29,19.64
4582000,22.89,18.95,22.45,27.72,19.92
4583000,23.35,18.95,22.34,27.72,20.24
4584000,23.27,19.1,21.94,27.56,20.35
4585000,23.2,18.82,22.27,27.58,20.33
4586000,23.47,19.2,22.54,27.42,20.03
4587000,23.45,19.18,22.5,27.39,19.88
4588000,23.52,19.16,22.51,28.05,19.28
4589000,23.33,19.18,22.45,28.04,19.28
4590000,23.33,18.95,22.0,28.25,19.72
4591000,23.35,18.86,21.11,27.94,20.03
4592000,23.16,18.76,21.26,28.08,19.9
4593000,23.16,19.03,21.45,27.99,19.97
4594000,23.47,19.13,21.47,27.92,20.34
4595000,23.63,19.57,20.88,27.53,20.29
4596000,23.46,19.48,20.51,27.71,20.52
4597000,23.45,19.68,19.89,27.7,20.81
4598000,23.51,18.98,19.58,27.82,21.21
4599000,23.14,19.42,19.85,27.28,21.35
4600000,22.97,19.68,19.71,27.65,21.38
4601000,23.01,19.6,19.26,27.83,21.15
4602000,22.98,19.94,18.82,27.41,20.4
4603000,23.12,19.53,18.72,27.36,20.53
4604000,22.61,19.8,18.63,27.21,20.1
4605000,22.2,19.25,18.71,27.43,20.38
4606000,21.77,19.16,18.74,27.66,20.06
4607000,21.0,19.09,19.08,26.76,19.36
4608000,20.82,18.52,19.5,26.42,19.73
4609000,21.18,18.62,18.95,26.91,19.58
4610000,21.08,18.69,19.14,27.08,18.97
4611000,21.05,18.66,19.54,27.11,18.69
4612000,21.29,18.91,19.56,27.39,19.07
4613000,21.05,18.96,19.3,26.97,19.4
4614000,20.96,19.24,19.36,27.17,19.75
4615000,21.09,19.34,19.06,27.24,19.96
4616000,21.19,19.35,18.83,27.38,20.22
4617000,21.09,19.51,18.92,27.59,19.58
4618000,21.82,19.3,19.61,27.76,19.25
4619000,21.22,19.27,19.78,27.79,19.49
4620000,21.68,19.56,20.02,28.4,19.73
4621000,21.85,19.82,20.09,28.06,20.16
4622000,22.04,19.8,20.02,27.96,20.31
4623000,22.23,19.69,19.72,28.02,20.17
4624000,21.87,19.09,19.69,28.6,20.22
4625000,22.17,19.35,19.29,28.67,20.29
4626000,22.21,19.38,19.36,28.17,20.6
4627000,22.32,19.35,19.83,28.46,20.51
4628000,22.47,19.83,20.14,28.26,20.79
4629000,22.48,19.9,20.22,28.73,20.48
4630000,22.41,19.68,19.93,28.79,20.35
4631000,21.9,19.42,19.42,28.99,20.46
4632000,20.86,19.25,19.33,29.08,20.77
4633000,20.65,19.23,19.36,29.34,21.03
4634000,20.94,18.94,19.57,28.97,21.18
4635000,21.03,18.96,19.17,28.6,21.31
4636000,21.21,19.37,19.43,28.78,21.47
4637000,21.33,19.54,19.72,29.42,21.45
4638000,20.64,19.83,19.72,29.01,20.2
4639000,20.74,19.72,19.86,28.96,19.57
4640000,20.46,19.72,20.28,28.89,18.97
4641000,20.39,19.63,20.44,29.16,18.82
4642000,20.12,19.42,20.69,29.52,18.74
4643000,19.73,19.31,20.91,29.7,18.57
4644000,19.72,18.93,21.23,30.2,18.59
4645000,19.9,19.11,21.54,30.3,18.45
4646000,20.22,18.79,21.84,30.16,18.58
4647000,20.05,19.25,21.81,30.1,18.93
4648000,20.26,18.51,22.23,29.81,19.48
4649000,20.28,18.75,22.16,29.59,19.2
4650000,20.15,19.12,22.55,29.45,19.27
4651000,20.28,18.93,22.77,29.59,19.45
4652000,20.55,19.2,22.61,29.65,20.05
4653000,20.53,19.55,23.1,29.8,20.25
4654000,20.55,19.92,23.27,30.36,19.63
4655000,20.84,19.61,23.5,30.46,19.59
4656000,20.85,19.16,23.71,30.7,20.07
4657000,21.01,19.09,22.91,31.05,19.09
4658000,20.96,19.32,23.11,31.59,18.99
4659000,21.27,18.95,23.01,31.31,18.99
4660000,21.48,18.69,23.47,31.87,18.96
4661000,21.45,18.86,23.19,32.28,19.22
4662000,21.06,19.04,23.45,32.27,19.11
4663000,20.71,19.28,23.48,32.28,19.22
4664000,20.97,19.07,23.43,32.15,18.92
4665000,20.96,18.81,23.63,31.9,18.84
4666000,20.63,18.55,23.84,32.25,18.68
4667000,20.74,18.39,24.39,32.39,17.86
4668000,21.07,18.71,24.42,32.74,17.62
4669000,20.46,18.29,24.64,32.88,17.45
4670000,20.47,18.2,25.08,33.03,17.08
4671000,20.23,18.19,24.87,32.86,17.06
4672000,20.54,18.31,25.1,32.78,16.97
4673000,20.31,17.86,24.53,32.92,16.68
4674000,20.33,18.09,24.78,33.57,16.63
4675000,19.84,18.24,24.64,33.8,16.84
4676000,19.36,18.62,24.54,33.61,16.96
4677000,19.54,18.77,25.15,33.27,16.94
4678000,19.96,19.04,24.45,33.34,17.2
4679000,20.03,18.93,24.79,32.95,17.69
4680000,20.21,19.23,24.87,33.28,17.9
4681000,20.41,19.05,24.89,33.6,17.64
4682000,20.6,18.86,24.79,34.11,17.87
4683000,20.7,18.51,24.75,33.73,17.6
4684000,20.67,18.07,24.63,33.08,17.59
4685000,20.49,18.29,25.01,33.22,17.8
4686000,20.53,18.28,24.6,32.92,17.83
4687000,20.61,18.52,24.83,33.44,18.14
4688000,20.85,18.73,24.98,33.21,18.41
4689000,20.81,19.05,25.0,32.95,18.51
4690000,21.06,18.87,24.94,32.42,17.91
4691000,20.9,19.37,25.17,32.44,18.06
4692000,21.05,18.78,24.94,32.16,17.81
4693000,21.5,19.07,24.87,31.62,16.84
4694000,21.3,18.83,24.4,31.29,17.02
4695000,21.6,18.86,24.85,31.75,16.94
4696000,21.69,18.86,24.8,31.85,17.31
4697000,21.64,19.44,25.09,31.99,17.55
4698000,21.52,18.69,24.44,32.4,16.88
4699000,21.45,18.57,23.98,31.87,16.51
4700000,21.71,18.53,24.32,31.73,16.65
4701000,21.66,18.73,24.35,31.93,17.0
4702000,21.58,18.29,24.46,32.05,17.25
4703000,21.13,18.38,24.48,31.47,17.4
4704000,21.08,18.15,24.23,31.13,17.38
4705000,21.48,18.09,24.33,31.51,17.82
4706000,21.09,18.32,24.33,30.38,17.87
4707000,20.98,17.74,23.9,30.5,17.5
4708000,20.75,17.92,23.32,30.67,17.83
4709000,20.62,18.06,22.87,30.79,17.85
4710000,20.65,18.18,23.16,30.9,18.01
4711000,20.94,18.0,23.34,31.08,17.93
4712000,20.82,18.4,23.58,31.2,18.03
4713000,20.68,18.57,23.46,31.62,18.36
4714000,20.38,18.75,23.64,31.68,18.63
4715000,20.59,18.85,23.06,31.58,18.8
4716000,20.6,19.04,22.6,32.19,18.55
4717000,20.17,18.84,22.09,32.41,18.11
4718000,19.59,19.1,22.26,32.36,18.32
4719000,20.11,19.05,22.65,32.2,18.01
4720000,20.44,19.43,22.56,32.01,17.74
4721000,20.36,19.37,22.24,32.34,17.48
4722000,20.74,18.73,22.45,32.66,17.3
4723000,20.58,18.54,22.1,32.86,17.31
4724000,21.02,18.52,22.29,32.72,17.27
4725000,20.95,18.45,21.9,32.72,17.19
4726000,20.7,18.63,21.58,32.24,16.72
4727000,20.99,18.72,21.34,31.86,16.96
4728000,20.92,18.6,21.56,31.99,16.75
4729000,21.36,18.5,21.62,32.04,16.34
4730000,21.25,18.83,21.68,31.7,16.32
4731000,20.69,18.81,21.43,31.74,15.93
4732000,21.09,18.44,21.43,31.64,15.76
4733000,21.14,18.47,21.56,31.66,15.95
4734000,21.28,18.65,21.74,31.32,16.27
4735000,21.16,18.6,21.57,31.59,16.2
4736000,20.08,18.89,21.57,30.89,16.45
4737000,19.93,18.87,21.82,30.72,16.13
4738000,20.4,18.95,21.27,30.72,16.04
4739000,20.29,19.04,21.32,30.65,16.6
4740000,20.24,19.43,21.02,30.78,16.63
4741000,19.75,19.31,20.64,30.71,16.88
4742000,19.53,19.23,19.79,30.77,16.82
4743000,19.66,19.37,19.62,30.63,16.37
4744000,19.35,19.57,19.76,30.48,16.52
4745000,19.5,19.57,19.98,31.03,15.86
4746000,19.56,19.84,20.15,30.91,15.75
4747000,19.47,19.6,19.73,31.09,15.77
4748000,19.48,19.59,19.23,30.87,15.34
4749000,19.79,19.87,19.47,30.93,15.58
4750000,18.75,19.94,19.47,31.03,16.1
4751000,18.66,20.02,19.5,30.97,16.04
4752000,18.89,19.88,19.65,31.15,16.4
4753000,19.05,19.63,19.59,31.36,16.36
4754000,19.33,19.37,20.0,31.69,15.81
4755000,19.25,19.81,20.35,32.22,16.29
4756000,19.6,19.54,20.68,32.44,16.47
4757000,19.1,19.8,20.43,32.52,16.22
4758000,19.09,20.05,20.09,32.66,16.34
4759000,19.63,20.26,20.09,33.06,16.35
4760000,19.66,20.09,19.64,32.87,16.23
4761000,18.93,19.81,19.71,31.96,16.13
4762000,18.72,19.14,19.95,30.91,16.52
4763000,19.1,19.18,20.3,31.37,16.56
4764000,19.17,19.62,20.37,30.43,16.61
4765000,18.99,19.36,19.53,30.43,16.69
4766000,18.72,19.0,19.52,30.57,16.68
4767000,18.62,18.7,19.61,30.73,17.13
4768000,18.82,18.9,18.94,30.44,17.61
4769000,18.73,19.07,19.06,30.91,17.66
4770000,18.67,19.08,19.04,31.07,17.67
4771000,18.87,19.11,19.48,31.62,17.31
4772000,18.68,19.07,19.58,32.05,17.26
4773000,18.44,19.27,19.96,31.24,17.02
4774000,18.21,19.18,19.79,31.1,17.53
4775000,18.08,19.46,19.7,30.61,17.17
4776000,17.72,19.16,19.65,30.11,17.39
4777000,17.88,19.04,19.84,30.32,17.49
4778000,18.34,18.77,19.8,30.09,17.59
4779000,18.47,17.98,19.49,29.7,17.71
4780000,18.26,17.87,19.44,29.79,17.74
4781000,18.44,18.2,19.81,30.03,17.54
4782000,18.77,18.12,20.11,30.17,17.87
4783000,19.43,17.81,19.96,29.49,17.56
4784000,19.19,17.64,19.98,28.99,17.29
4785000,18.84,17.61,19.95,28.99,17.39
4786000,18.88,17.28,19.73,29.04,17.68
4787000,18.84,16.32,20.34,29.2,17.94
4788000,19.03,16.51,20.58,29.42,18.09
4789000,19.02,16.0,20.39,29.85,18.25
4790000,18.68,16.02,20.85,29.96,18.28
4791000,18.5,16.26,20.99,29.8,18.52
4792000,18.05,15.77,21.35,29.97,17.98
4793000,18.4,15.94,20.74,30.02,18.12
4794000,18.49,16.41,20.86,29.61,18.36
4795000,18.34,16.5,20.82,30.02,18.3
4796000,18.72,16.34,21.01,29.64,18.37
4797000,19.37,16.04,21.14,30.1,18.19
4798000,19.73,16.47,21.3,30.06,18.27
4799000,19.6,16.43,21.1,30.19,17.98
4800000,19.86,16.06,21.02,30.68,18.03
4801000,19.85,16.27,20.65,30.68,17.56
4802000,19.99,16.42,20.89,31.14,17.75
4803000,19.69,16.14,20.95,30.98,17.71
4804000,19.35,15.93,20.93,31.18,18.05
4805000,19.61,16.24,21.68,31.18,18.16
4806000,19.98,16.31,21.37,31.12,17.76
4807000,19.63,16.33,21.46,31.22,17.93
4808000,19.57,16.46,21.58,30.99,18.27
4809000,19.9,16.63,22.02,31.5,18.47
4810000,20.15,16.5,22.02,31.32,18.31
4811000,19.92,16.3,22.28,30.75,18.42
4812000,20.13,16.4,22.05,30.66,18.39
4813000,20.06,16.17,21.77,30.54,18.43
4814000,20.22,16.12,21.89,30.79,18.63
4815000,20.38,16.29,21.87,30.6,18.89
4816000,20.61,16.52,21.74,31.27,19.17
4817000,20.21,16.66,22.28,31.3,19.43
4818000,19.77,16.62,22.45,30.82,19.57
4819000,19.77,16.7,22.06,30.59,19.63
4820000,19.92,16.27,22.24,31.09,19.0
4821000,19.98,15.88,22.19,31.14,19.03
4822000,19.69,15.73,22.25,31.19,19.26
4823000,20.04,15.83,21.82,31.72,18.77
4824000,19.98,15.93,22.07,31.73,19.06
4825000,19.94,15.96,22.35,31.81,18.76
4826000,19.33,16.83,22.37,32.17,18.41
4827000,19.43,16.92,22.24,32.5,18.67
4828000,19.58,16.97,22.27,32.43,19.24
4829000,19.58,17.24,22.58,32.96,19.21
4830000,19.25,17.16,22.4,33.02,19.66
4831000,19.39,17.07,22.5,32.91,19.85
4832000,19.31,17.37,22.19,33.3,19.36
4833000,19.1,17.81,22.24,33.61,19.36
4834000,19.61,17.56,22.21,33.48,19.49
4835000,19.7,17.28,22.39,33.45,19.17
4836000,19.83,17.14,22.53,33.24,18.85
4837000,20.0,17.25,21.91,33.21,18.63
4838000,20.27,17.53,22.02,33.47,18.57
4839000,20.56,17.33,22.14,33.16,18.99
4840000,20.68,17.35,21.98,33.12,19.01
4841000,21.08,17.16,21.85,33.11,19.08
4842000,21.21,17.16,21.78,33.01,18.89
4843000,21.33,17.54,22.25,33.17,19.14
4844000,21.13,17.67,22.15,33.1,18.82
4845000,20.73,17.91,22.17,32.45,18.99
4846000,20.69,17.4,22.48,31.83,19.5
4847000,20.69,17.77,22.49,31.83,19.89
4848000,20.28,17.79,22.3,32.08,19.82
4849000,20.31,17.7,21.63,32.29,19.8
4850000,20.52,17.39,21.74,32.49,19.56
4851000,20.58,17.63,21.84,33.01,19.59
4852000,20.54,17.44,21.72,32.82,19.61
4853000,20.07,17.35,21.41,32.79,19.48
4854000,19.89,17.52,21.54,31.86,19.35
4855000,19.86,17.69,21.24,31.47,19.42
4856000,19.79,17.76,21.58,31.04,19.6
4857000,19.82,17.25,21.44,31.19,19.51
4858000,19.9,17.73,21.75,30.94,19.0
4859000,20.23,17.48,21.66,30.29,18.93
4860000,19.93,17.64,21.36,29.89,18.81
4861000,19.8,17.85,21.01,29.96,19.02
4862000,19.9,17.92,21.26,30.36,18.76
4863000,19.29,18.07,21.63,30.1,19.05
4864000,19.6,18.09,22.1,29.53,19.33
4865000,19.76,18.42,22.51,29.36,19.43
4866000,19.6,18.53,22.68,29.67,19.7
4867000,19.42,18.39,22.96,29.96,19.76
4868000,19.77,18.67,22.4,29.83,19.43
4869000,20.02,19.22,22.55,29.97,18.95
4870000,20.04,19.08,22.62,29.8,19.15
4871000,19.7,18.81,22.47,29.56,19.02
4872000,19.57,18.33,22.61,29.38,19.05
4873000,19.5,18.22,22.49,29.35,18.74
4874000,19.59,18.39,22.51,29.67,18.88
4875000,19.67,18.23,22.35,30.27,18.17
4876000,19.27,18.12,22.13,30.16,18.59
4877000,19.03,18.04,22.16,29.78,18.59
4878000,19.25,18.5,22.35,29.76,18.17
4879000,19.62,18.61,21.93,29.67,18.2
4880000,19.1,18.9,21.98,29.71,18.2
4881000,19.08,18.75,21.97,30.01,17.76
4882000,18.86,18.5,22.47,30.18,17.58
4883000,19.13,18.22,22.13,29.7,16.91
4884000,19.27,18.36,22.25,29.42,17.4
4885000,19.29,18.85,22.22,28.92,17.66
4886000,19.48,18.59,22.36,28.69,17.48
4887000,19.35,18.46,22.25,28.56,17.87
4888000,19.01,18.43,22.76,28.72,18.08
4889000,19.4,18.32,23.19,29.03,17.8
4890000,19.15,18.13,23.53,29.05,17.5
4891000,19.33,18.37,23.41,29.06,17.69
4892000,19.3,18.0,23.43,29.17,17.78
4893000,19.29,18.0,23.44,28.59,18.06
4894000,19.61,17.79,23.14,28.53,17.94
4895000,19.71,17.92,23.11,28.84,18.12
4896000,19.07,17.55,23.16,29.02,18.45
4897000,19.2,17.34,23.28,28.45,18.68
4898000,19.33,17.48,23.31,28.09,18.92
4899000,19.32,17.6,23.24,28.36,18.82
4900000,19.74,17.84,22.92,28.8,18.51
4901000,19.71,17.74,23.26,28.6,18.09
4902000,19.79,18.14,23.03,28.78,18.4
4903000,20.21,18.21,22.47,29.08,18.39
4904000,20.59,18.48,22.47,28.77,18.57
4905000,20.57,18.11,22.01,28.89,17.92
4906000,20.53,18.5,21.96,29.11,17.85
4907000,20.27,18.7,22.06,29.47,17.97
4908000,20.38,19.02,22.12,29.77,17.76
4909000,20.98,18.64,22.48,29.06,17.93
4910000,20.85,18.98,22.28,29.34,17.94
4911000,21.09,18.7,22.14,28.91,17.87
4912000,21.54,18.75,22.75,28.7,18.04
4913000,21.61,18.28,22.89,29.22,18.43
4914000,21.13,17.99,23.08,29.32,18.46
4915000,21.32,18.54,21.98,29.17,18.9
4916000,21.52,18.86,21.21,29.72,19.15
4917000,21.54,19.1,21.01,29.83,19.46
4918000,21.19,19.1,21.44,29.68,19.31
4919000,21.15,19.0,21.39,29.61,19.43
4920000,21.36,19.2,21.61,29.7,19.32
4921000,21.75,19.36,21.74,30.34,19.51
4922000,22.08,19.91,21.69,30.53,19.3
4923000,22.11,20.14,21.69,31.02,19.34
4924000,22.39,19.62,21.72,31.45,19.73
4925000,22.28,20.13,21.83,31.59,19.72
4926000,22.59,20.04,21.79,31.72,19.89
4927000,22.74,20.19,21.86,31.03,19.99
4928000,22.46,20.25,21.65,31.07,20.33
4929000,22.77,20.61,21.65,31.1,20.3
4930000,22.87,20.61,21.23,31.08,20.84
4931000,23.26,20.98,21.05,31.0,21.05
4932000,22.89,20.99,21.44,31.3,21.16
4933000,22.74,20.49,21.07,31.26,21.08
4934000,23.16,20.59,21.11,31.51,21.06
4935000,22.74,20.99,21.0,31.64,21.23
4936000,22.64,21.0,21.02,31.82,20.55
4937000,21.44,20.99,21.12,32.27,20.56
4938000,20.75,20.41,21.05,32.44,20.7
4939000,20.87,20.78,20.87,32.21,20.68
4940000,21.28,20.91,20.84,32.02,20.94
4941000,21.69,20.87,20.71,31.88,21.14
4942000,21.14,21.22,20.31,32.18,20.81
4943000,20.89,21.34,20.23,32.1,20.79
4944000,21.17,21.61,20.53,32.01,20.9
4945000,21.44,22.14,20.69,31.66,20.04
4946000,21.51,22.61,20.74,31.4,19.88
4947000,21.47,22.41,20.16,31.45,19.86
4948000,21.34,21.86,20.36,31.86,20.18
4949000,21.58,22.03,20.51,31.85,20.09
4950000,21.27,21.81,21.08,32.21,20.16
4951000,20.76,21.66,21.25,32.22,20.17
4952000,20.89,21.29,21.46,31.92,20.63
4953000,20.77,21.36,21.48,31.8,20.9
4954000,20.59,20.94,21.62,31.66,20.89
4955000,20.24,20.51,21.84,31.47,21.11
4956000,20.36,20.22,22.3,31.81,21.41
4957000,19.94,20.04,22.38,31.96,21.7
4958000,19.45,19.88,22.36,32.34,21.61
4959000,19.95,20.1,21.57,32.4,21.53
4960000,19.84,20.13,21.98,31.95,21.77
4961000,19.7,20.47,22.35,32.01,21.53
4962000,19.81,20.35,22.27,32.03,21.35
4963000,19.88,20.32,22.37,32.03,21.45
4964000,19.5,20.42,22.4,32.24,21.08
4965000,19.53,20.2,22.37,31.67,20.77
4966000,19.0,19.95,22.58,32.08,20.63
4967000,19.24,18.77,22.67,32.61,20.4
4968000,19.47,18.8,22.69,32.51,19.91
4969000,19.22,18.61,22.06,32.53,19.93
4970000,19.07,18.58,21.91,32.64,20.04
4971000,19.18,18.18,21.96,33.02,20.18
4972000,19.2,17.93,21.91,32.84,20.23
4973000,19.34,17.88,21.95,33.04,20.62
4974000,19.51,17.81,21.94,32.94,20.83
4975000,19.74,17.41,22.52,33.09,20.64
4976000,19.56,17.29,22.32,33.09,19.84
4977000,19.37,17.32,21.97,33.42,19.37
4978000,19.37,17.52,22.28,33.38,19.56
4979000,19.35,17.26,22.46,33.67,19.34
4980000,19.54,17.81,22.96,34.05,19.08
4981000,19.45,17.39,22.79,33.31,19.76
4982000,20.01,17.45,23.17,33.04,19.15
4983000,20.41,17.4,22.97,33.1,19.56
4984000,20.75,17.85,23.12,32.89,18.87
4985000,20.69,17.58,23.26,33.41,18.83
4986000,21.15,16.92,23.62,33.6,18.79
4987000,21.63,17.08,23.44,33.59,18.58
4988000,22.07,16.94,23.69,33.65,18.83
4989000,21.12,17.39,23.64,33.86,18.77
4990000,21.26,17.15,23.37,33.91,18.67
4991000,21.53,17.23,23.79,33.91,18.72
4992000,21.53,17.09,23.38,33.33,18.41
4993000,21.79,17.56,24.12,33.13,18.59
4994000,22.17,17.35,24.41,32.97,18.66
4995000,22.04,17.54,24.53,33.42,17.91
4996000,21.86,17.51,24.5,33.56,17.78
4997000,21.97,17.76,24.31,33.19,17.53
4998000,22.39,17.96,24.27,32.87,17.4
4999000,21.83,17.9,24.5,32.95,17.69
