step,seed1,seed2,seed3,seed4,seed5
1000,0.36,0.34,0.24,0.4623656,0.44210526
2000,0.28,0.36,0.46,0.34,0.39
3000,0.35,0.36,0.36,0.43,0.36
4000,0.38,0.34,0.44,0.46,0.32
5000,0.34,0.34,0.39,0.46,0.43
6000,0.53,0.45,0.41,0.36,0.37
7000,0.35,0.41,0.32,0.32,0.42
8000,0.38,0.49,0.45,0.36,0.51
9000,0.33,0.29,0.34,0.43,0.29
10000,0.47,0.42,0.48,0.38,0.41
11000,0.38,0.43,0.44,0.51,0.37
12000,0.48,0.34,0.23,0.41,0.28
13000,0.39,0.31,0.44,0.42,0.38
14000,0.38,0.4,0.36,0.35,0.51
15000,0.44,0.41,0.49,0.33,0.41
16000,0.24,0.51,0.29,0.34,0.39
17000,0.47,0.22,0.4,0.51,0.43
18000,0.33,0.36,0.51,0.47,0.42
19000,0.48,0.32,0.34,0.3,0.34
20000,0.32,0.28,0.4,0.26,0.44
21000,0.36,0.41,0.48,0.39,0.56
22000,0.25,0.28,0.34,0.32,0.3
23000,0.27,0.31,0.34,0.41,0.37
24000,0.32,0.52,0.4,0.43,0.41
25000,0.43,0.36,0.28,0.52,0.42
26000,0.36,0.31,0.39,0.39,0.38
27000,0.4,0.37,0.36,0.35,0.39
28000,0.42,0.46,0.34,0.39,0.35
29000,0.42,0.37,0.36,0.41,0.5
30000,0.3,0.38,0.46,0.27,0.45
31000,0.32,0.44,0.32,0.36,0.51
32000,0.44,0.48,0.44,0.43,0.36
33000,0.39,0.4,0.3,0.46,0.38
34000,0.51,0.49,0.49,0.34,0.41
35000,0.39,0.42,0.38,0.28,0.48
36000,0.45,0.29,0.36,0.32,0.45
37000,0.38,0.54,0.39,0.42,0.4
38000,0.43,0.44,0.42,0.34,0.38
39000,0.46,0.43,0.36,0.37,0.51
40000,0.48,0.39,0.32,0.39,0.34
41000,0.56,0.48,0.37,0.48,0.37
42000,0.49,0.37,0.48,0.51,0.46
43000,0.31,0.52,0.42,0.38,0.42
44000,0.53,0.55,0.41,0.2,0.4
45000,0.48,0.53,0.45,0.48,0.39
46000,0.44,0.38,0.42,0.62,0.32
47000,0.39,0.37,0.45,0.54,0.49
48000,0.29,0.54,0.51,0.38,0.3
49000,0.5,0.4,0.53,0.39,0.4
50000,0.62,0.5,0.48,0.37,0.53
51000,0.47,0.45,0.52,0.42,0.53
52000,0.44,0.49,0.47,0.29,0.45
53000,0.37,0.53,0.35,0.42,0.51
54000,0.42,0.45,0.35,0.42,0.51
55000,0.45,0.5,0.35,0.45,0.46
56000,0.47,0.55,0.46,0.33,0.51
57000,0.5,0.58,0.47,0.39,0.36
58000,0.53,0.53,0.56,0.53,0.56
59000,0.63,0.55,0.61,0.38,0.46
60000,0.44,0.57,0.5,0.57,0.45
61000,0.52,0.53,0.58,0.44,0.44
62000,0.51,0.34,0.35,0.33,0.62
63000,0.55,0.4,0.51,0.52,0.42
64000,0.6,0.55,0.56,0.47,0.36
65000,0.57,0.64,0.61,0.53,0.48
66000,0.71,0.49,0.4,0.41,0.54
67000,0.54,0.64,0.55,0.5,0.71
68000,0.69,0.58,0.47,0.53,0.55
69000,0.64,0.69,0.55,0.55,0.58
70000,0.69,0.45,0.63,0.63,0.62
71000,0.6,0.52,0.71,0.49,0.62
72000,0.73,0.64,0.61,0.45,0.6
73000,0.63,0.65,0.51,0.49,0.6
74000,0.63,0.59,0.5,0.46,0.45
75000,0.58,0.53,0.64,0.51,0.54
76000,0.71,0.54,0.47,0.48,0.58
77000,0.81,0.44,0.62,0.58,0.78
78000,0.62,0.75,0.55,0.58,0.56
79000,0.54,0.43,0.6,0.51,0.73
80000,0.6,0.55,0.65,0.57,0.69
81000,0.66,0.56,0.64,0.54,0.68
82000,0.6,0.56,0.64,0.45,0.76
83000,0.73,0.5,0.69,0.45,0.68
84000,0.62,0.63,0.54,0.77,0.57
85000,0.55,0.59,0.55,0.62,0.74
86000,0.62,0.66,0.46,0.45,0.76
87000,0.61,0.56,0.48,0.69,0.63
88000,0.56,0.59,0.69,0.76,0.58
89000,0.61,0.61,0.7,0.62,0.64
90000,0.62,0.68,0.56,0.53,0.69
91000,0.61,0.58,0.53,0.63,0.72
92000,0.64,0.56,0.44,0.56,0.85
93000,0.65,0.68,0.47,0.48,0.6
94000,0.65,0.56,0.63,0.59,0.73
95000,0.54,0.7,0.73,0.66,0.63
96000,0.57,0.66,0.58,0.63,0.77
97000,0.7,0.52,0.69,0.64,0.87
98000,0.78,0.62,0.56,0.75,0.54
99000,0.64,0.66,0.61,0.71,0.61
100000,0.65,0.53,0.66,0.76,0.55
101000,0.69,0.67,0.61,0.77,0.59
102000,0.84,0.56,0.65,0.62,0.67
103000,0.76,0.58,0.53,0.68,0.72
104000,0.6,0.66,0.66,0.72,0.64
105000,0.68,0.52,0.58,0.49,0.74
106000,0.76,0.4,0.56,0.7,0.68
107000,0.66,0.54,0.71,0.8,0.56
108000,0.68,0.66,0.52,0.48,0.79
109000,0.55,0.71,0.62,0.62,0.72
110000,0.64,0.55,0.63,0.69,0.64
111000,0.67,0.67,0.69,0.63,0.68
112000,0.6,0.73,0.7,0.65,0.71
113000,0.6,0.69,0.69,0.64,0.48
114000,0.59,0.76,0.85,0.91,0.66
115000,0.78,0.65,0.78,0.72,0.59
116000,0.74,0.72,0.65,0.78,0.4
117000,0.64,0.77,0.69,0.72,0.6
118000,0.82,0.68,0.76,0.7,0.7
119000,0.68,0.62,0.85,0.75,0.77
120000,0.87,0.59,0.89,0.59,0.72
121000,0.75,0.67,0.82,0.62,0.72
122000,0.7,0.62,0.73,0.68,0.83
123000,0.65,0.67,0.8,0.84,0.71
124000,0.66,0.75,0.91,0.78,0.86
125000,0.89,0.69,0.98,0.76,0.89
126000,0.94,0.8,1.01,0.75,0.77
127000,0.68,0.72,0.88,0.57,0.64
128000,0.85,0.59,0.76,0.58,0.77
129000,0.9,0.74,0.63,0.66,0.77
130000,0.88,0.6,0.85,0.74,0.79
131000,0.75,0.74,0.76,0.85,0.68
132000,0.84,0.67,0.74,0.82,0.72
133000,0.61,0.76,0.87,0.65,0.89
134000,0.61,0.76,0.81,0.8,0.8
135000,0.69,0.74,0.76,0.88,0.92
136000,0.71,0.74,0.81,0.93,0.82
137000,0.67,0.74,0.8,0.79,0.89
138000,0.67,0.62,0.77,0.83,0.72
139000,0.82,1.04,0.92,0.97,0.61
140000,0.86,1.08,0.78,0.97,0.73
141000,0.75,0.76,0.64,0.74,0.81
142000,0.81,0.64,0.8,0.7,0.7
143000,0.66,0.74,0.68,0.74,0.68
144000,0.81,0.87,0.81,0.8,0.93
145000,0.68,0.92,0.86,0.68,0.77
146000,0.74,0.66,0.72,0.75,0.91
147000,0.72,0.74,0.57,0.79,0.82
148000,0.77,0.84,0.73,0.89,0.75
149000,0.82,0.79,0.86,0.79,0.83
150000,0.92,0.84,1.13,0.92,0.76
151000,0.96,0.72,0.8,1.05,0.65
152000,0.72,0.79,0.8,0.84,0.81
153000,0.78,0.91,0.97,0.87,0.82
154000,0.92,0.94,1.0,0.72,0.87
155000,0.86,0.94,0.86,0.82,0.96
156000,0.93,0.75,1.0,0.84,0.8
157000,0.94,0.79,0.88,0.98,0.86
158000,0.88,0.8,0.8,0.88,0.78
159000,0.65,0.86,0.96,0.74,0.9
160000,0.71,0.9,1.15,0.71,0.78
161000,0.77,0.74,1.04,0.71,0.88
162000,0.8,0.9,0.86,1.04,0.8
163000,0.99,1.01,0.79,0.89,0.69
164000,0.91,0.69,0.94,0.96,0.69
165000,1.0,0.77,1.0,0.71,0.69
166000,0.9,0.87,0.85,0.88,0.75
167000,0.9,0.98,0.85,1.05,0.8
168000,1.03,0.91,0.93,0.96,0.77
169000,0.97,0.98,1.03,1.0,0.92
170000,0.95,1.04,0.9,1.0,0.98
171000,0.82,1.04,0.86,0.82,0.78
172000,0.98,1.0,0.93,0.75,0.77
173000,0.81,0.98,0.92,0.74,1.03
174000,1.04,1.14,0.88,0.84,0.93
175000,0.93,1.0,0.84,0.82,0.98
176000,1.04,0.88,0.8,0.87,0.83
177000,1.07,0.98,0.91,0.86,0.83
178000,1.1,1.01,0.9,0.89,0.87
179000,0.91,0.62,0.75,0.84,0.95
180000,0.88,0.67,0.83,0.88,0.63
181000,0.91,0.86,0.86,0.83,0.77
182000,1.09,0.93,0.91,1.02,1.18
183000,1.17,0.97,0.87,1.01,1.09
184000,1.02,1.0,0.96,1.1,0.86
185000,1.16,0.73,1.13,0.97,0.93
186000,0.85,0.8,1.11,1.0,1.03
187000,0.83,1.08,1.12,1.15,0.69
188000,0.87,1.04,1.16,1.04,0.68
189000,0.99,0.97,1.22,1.12,1.04
190000,1.11,1.27,0.95,1.02,0.93
191000,1.01,1.07,0.92,0.86,0.99
192000,0.97,1.03,1.17,1.02,0.99
193000,1.02,0.91,0.91,1.12,0.98
194000,0.97,1.07,0.74,0.93,0.85
195000,1.08,1.08,0.73,0.96,0.72
196000,0.92,0.93,1.14,1.19,0.8
197000,0.85,1.01,1.14,1.3,0.88
198000,1.03,1.39,0.97,1.3,0.9
199000,1.23,1.56,0.91,1.16,0.94
200000,0.93,1.27,0.83,1.16,0.96
201000,0.94,1.04,0.82,1.21,1.03
202000,0.98,1.01,0.96,0.95,1.02
203000,0.94,1.03,0.96,0.96,0.86
204000,1.05,1.0,1.2,1.04,0.79
205000,1.27,1.0,1.29,0.96,0.96
206000,1.09,1.08,1.11,1.05,0.94
207000,1.04,1.2,1.02,1.05,0.95
208000,0.91,1.08,1.0,0.98,0.9
209000,1.04,0.98,1.05,0.82,1.07
210000,0.98,0.86,1.08,0.85,1.1
211000,0.74,0.89,1.08,0.91,0.86
212000,0.95,1.11,0.78,1.05,0.97
213000,1.07,1.14,1.01,0.89,1.13
214000,1.08,1.12,1.19,1.0,1.0
215000,1.18,1.14,0.92,1.19,0.97
216000,1.2,1.08,1.06,1.13,1.05
217000,1.04,1.11,1.21,1.23,1.02
218000,1.04,1.07,1.04,1.31,0.91
219000,1.11,1.02,1.06,1.21,1.07
220000,1.08,1.05,1.03,1.24,1.23
221000,0.97,1.12,0.98,1.17,1.25
222000,0.86,1.13,1.0,1.13,1.15
223000,1.07,1.02,1.23,1.21,1.14
224000,1.07,1.08,1.22,1.04,1.2
225000,1.1,1.18,1.03,1.07,1.06
226000,1.16,1.16,0.97,1.14,1.08
227000,1.07,1.15,1.1,1.17,1.11
228000,1.2,1.16,1.02,1.25,1.02
229000,1.33,1.1,1.2,1.19,0.88
230000,1.22,1.09,1.26,1.2,1.13
231000,1.14,1.26,1.29,1.15,1.01
232000,1.12,1.33,1.31,1.14,0.97
233000,1.1,1.4,1.21,1.02,1.19
234000,1.09,1.34,1.2,1.01,1.43
235000,1.15,1.28,1.15,1.12,1.4
236000,1.29,1.28,1.17,1.21,1.53
237000,1.32,1.27,1.12,0.97,1.7
238000,1.36,1.24,0.98,1.22,1.36
239000,1.39,1.16,1.27,1.34,1.13
240000,1.19,1.21,1.39,1.42,1.15
241000,1.2,1.38,1.24,1.36,1.14
242000,1.4,1.45,1.11,1.46,1.22
243000,1.39,1.57,1.12,1.52,1.25
244000,1.02,1.49,1.1,1.3,1.23
245000,0.99,1.28,0.93,1.28,1.23
246000,1.02,1.21,1.14,1.26,1.27
247000,1.11,1.22,1.4,1.31,1.25
248000,1.24,1.2,1.26,1.36,1.09
249000,1.15,1.17,1.4,1.42,1.14
250000,1.08,1.0,1.46,1.42,1.23
251000,1.39,1.22,1.18,1.18,1.27
252000,1.58,1.05,1.18,1.22,1.32
253000,1.56,0.99,1.47,1.54,1.38
254000,1.49,0.94,1.4,1.53,1.37
255000,1.6,1.21,1.07,1.25,1.31
256000,1.59,1.49,1.14,1.25,1.41
257000,1.39,1.65,1.21,1.14,1.39
258000,1.3,1.4,1.26,1.17,1.22
259000,1.3,1.3,1.23,1.2,1.43
260000,1.19,1.16,1.33,1.2,1.41
261000,1.37,1.02,1.45,1.1,1.24
262000,1.43,1.25,1.46,1.22,1.31
263000,1.4,1.39,1.44,1.46,1.42
264000,1.34,1.44,1.47,1.46,1.28
265000,1.23,1.55,1.3,1.2,0.92
266000,1.25,1.67,1.43,1.13,1.06
267000,1.28,1.7,1.46,1.4,1.23
268000,1.24,1.52,1.39,1.55,1.5
269000,1.48,1.36,1.21,1.4,1.59
270000,1.6,1.48,1.24,1.37,1.73
271000,1.55,1.79,1.22,1.47,1.42
272000,1.44,1.74,1.32,1.36,1.37
273000,1.39,1.84,1.49,1.23,1.39
274000,1.48,1.81,1.28,1.38,1.31
275000,1.37,1.66,1.31,1.56,1.48
276000,1.42,1.72,1.57,1.7,1.56
277000,1.56,1.75,1.75,1.59,1.48
278000,1.37,1.76,1.66,1.61,1.5
279000,1.38,1.39,1.71,1.55,1.58
280000,1.39,1.23,1.49,1.56,1.7
281000,1.43,1.49,1.54,1.46,1.63
282000,1.66,1.83,1.68,1.44,1.47
283000,1.71,1.73,1.38,1.49,1.56
284000,1.99,1.44,1.28,1.19,1.61
285000,1.87,1.47,1.43,1.47,1.74
286000,2.05,1.64,1.5,1.67,1.62
287000,1.67,1.76,1.47,1.65,1.58
288000,1.65,1.61,1.48,1.49,1.66
289000,1.55,1.39,1.66,1.62,1.63
290000,1.46,1.44,1.81,1.78,1.76
291000,1.6,1.62,1.79,1.75,1.48
292000,1.7,1.65,1.7,1.65,1.42
293000,1.71,1.62,1.6,1.67,1.4
294000,1.6,1.83,1.74,1.69,1.69
295000,1.82,1.89,1.73,1.88,1.77
296000,1.71,1.86,1.65,1.86,1.84
297000,1.6,1.66,1.57,1.57,1.97
298000,1.57,1.6,1.71,1.68,1.83
299000,1.5,1.82,1.69,1.87,1.68
300000,1.63,2.09,1.85,2.01,1.79
301000,1.76,2.14,1.87,2.05,2.01
302000,1.79,2.07,1.88,1.81,1.93
303000,1.85,1.88,1.9,1.58,1.67
304000,1.86,2.04,1.87,1.91,1.64
305000,1.82,1.82,1.61,1.75,1.62
306000,1.86,1.8,1.58,1.81,1.71
307000,2.16,1.87,1.54,1.99,1.64
308000,2.19,1.99,1.61,2.05,1.59
309000,2.25,1.86,1.91,2.03,1.62
310000,2.12,1.79,2.06,2.04,1.32
311000,2.02,2.0,2.06,1.89,1.63
312000,2.01,2.07,1.97,1.76,1.88
313000,2.1,2.05,1.96,1.78,2.18
314000,1.96,1.98,1.91,1.91,2.0
315000,1.85,2.12,1.78,1.86,2.21
316000,1.9,2.28,1.86,1.93,2.15
317000,1.9,2.33,1.86,1.88,2.09
318000,2.05,2.39,1.96,1.95,1.85
319000,2.27,2.35,1.92,1.76,1.97
320000,2.24,2.5,1.72,1.84,1.79
321000,2.27,2.21,1.94,1.9,1.79
322000,1.95,2.21,1.91,2.13,1.97
323000,2.06,2.22,2.1,2.11,1.92
324000,1.98,2.41,2.22,1.91,1.83
325000,1.91,2.47,2.12,2.0,1.84
326000,1.85,2.45,1.97,2.07,1.86
327000,2.04,2.39,1.98,2.34,1.97
328000,2.13,1.8,2.15,2.08,2.05
329000,2.13,1.88,2.34,2.12,2.01
330000,2.27,1.98,2.4,2.13,2.28
331000,2.34,2.29,2.28,2.37,2.47
332000,2.45,2.21,2.16,2.25,2.5
333000,2.18,1.68,1.83,1.91,2.2
334000,2.13,1.8,1.87,1.89,2.1
335000,2.08,2.0,1.95,1.86,2.07
336000,2.0,2.19,2.16,2.08,1.97
337000,2.23,2.39,2.29,1.95,1.98
338000,2.14,2.31,2.42,2.21,2.09
339000,2.22,2.12,2.27,2.24,2.34
340000,2.01,1.98,2.38,2.4,2.53
341000,2.01,2.18,2.19,2.43,2.59
342000,2.11,2.31,2.26,2.52,2.36
343000,2.34,2.43,2.2,2.52,1.96
344000,2.44,2.54,2.35,2.47,1.83
345000,2.42,2.52,2.27,2.31,1.9
346000,2.57,2.26,2.17,2.38,1.92
347000,2.56,2.23,2.25,2.55,2.11
348000,2.58,2.28,2.55,2.5,2.23
349000,2.61,2.53,2.49,2.37,2.33
350000,2.58,2.49,2.51,2.09,2.39
351000,2.57,2.34,2.28,2.22,2.36
352000,2.61,2.31,2.4,2.17,2.42
353000,2.46,2.46,2.4,2.57,2.31
354000,2.47,2.51,2.29,2.55,2.3
355000,2.08,2.44,2.23,2.67,2.32
356000,2.2,2.44,2.23,2.59,2.28
357000,2.35,2.57,2.32,2.64,2.39
358000,2.65,2.78,2.51,2.56,2.31
359000,2.89,2.65,2.53,2.4,2.55
360000,2.91,2.74,2.43,2.4,2.69
361000,2.69,2.73,2.76,2.39,2.5
362000,2.63,2.76,2.89,2.69,2.25
363000,2.83,2.85,3.01,2.87,2.17
364000,2.92,2.73,3.11,3.01,2.56
365000,3.01,2.74,2.67,2.84,2.8
366000,3.14,2.65,2.43,2.82,3.07
367000,2.93,2.67,2.39,2.64,3.11
368000,2.63,2.81,2.36,2.8,2.85
369000,2.19,3.07,2.48,2.81,2.54
370000,2.14,2.95,2.74,2.65,2.71
371000,2.45,3.19,2.85,2.39,2.78
372000,2.56,2.82,2.77,2.56,2.82
373000,2.82,2.84,2.82,2.73,2.54
374000,2.99,2.82,2.55,2.82,2.36
375000,3.12,2.79,2.72,2.67,2.4
376000,3.08,2.94,2.7,2.71,2.72
377000,2.91,2.98,2.71,2.65,2.86
378000,2.99,2.88,2.65,2.79,2.7
379000,3.01,2.9,2.65,2.8,2.74
380000,3.05,2.94,2.7,2.94,2.5
381000,3.21,3.05,2.72,3.05,2.63
382000,3.09,3.43,3.08,2.56,2.78
383000,3.1,3.37,2.83,2.71,2.95
384000,3.12,3.39,2.8,2.62,2.96
385000,3.13,3.21,2.76,2.95,2.95
386000,3.03,2.88,2.75,3.32,3.1
387000,2.97,2.8,2.87,3.15,3.17
388000,3.25,2.81,3.05,3.17,3.35
389000,3.24,2.86,3.19,3.05,3.45
390000,3.3,3.28,3.21,2.92,3.4
391000,3.43,3.41,3.11,2.75,2.89
392000,3.33,3.52,3.09,2.69,2.94
393000,3.18,3.64,3.35,2.86,2.65
394000,2.85,3.57,3.42,3.07,2.73
395000,2.72,3.38,3.57,3.32,2.76
396000,2.8,3.3,3.46,3.58,2.74
397000,2.82,3.2,3.43,3.8,2.85
398000,2.91,2.98,3.47,3.66,2.84
399000,3.05,3.15,3.4,3.68,2.95
400000,3.1,3.14,3.61,3.78,3.17
401000,3.01,3.21,3.6,3.67,3.19
402000,3.17,3.7,3.54,3.56,3.3
403000,3.34,3.68,3.44,3.8,3.48
404000,3.15,3.47,3.38,3.54,3.73
405000,3.09,3.52,3.53,3.71,3.55
406000,2.96,3.37,3.31,3.51,3.54
407000,2.93,3.18,3.5,3.11,3.37
408000,3.0,3.34,3.41,3.2,3.14
409000,3.15,3.09,3.5,2.92,3.33
410000,3.24,2.88,3.45,3.24,3.45
411000,3.37,2.95,3.55,3.52,3.67
412000,3.5,2.85,3.34,3.66,3.73
413000,3.59,3.22,3.23,3.56,3.78
414000,3.53,3.41,3.02,3.82,3.71
415000,3.76,3.19,3.11,3.67,3.72
416000,3.61,3.26,3.2,3.58,3.32
417000,3.4,3.34,3.42,3.51,3.27
418000,3.6,3.55,3.33,3.86,3.43
419000,3.95,3.87,3.36,3.73,3.2
420000,3.99,4.07,3.53,3.96,3.3
421000,4.02,4.02,3.92,3.9,3.37
422000,3.8,3.94,3.96,3.89,3.42
423000,3.63,3.7,4.06,3.68,3.75
424000,3.46,3.77,4.1,3.7,3.91
425000,3.45,3.75,4.16,3.45,3.76
426000,3.66,3.94,4.02,3.7,3.77
427000,3.98,3.97,3.9,3.42,3.67
428000,4.11,3.99,4.11,3.53,3.49
429000,4.35,4.01,4.18,3.68,3.66
430000,4.36,4.1,4.13,3.53,3.54
431000,4.39,4.07,4.3,3.54,3.29
432000,4.09,4.25,4.33,3.79,3.54
433000,4.13,4.38,4.23,3.76,3.74
434000,3.97,4.38,4.12,3.69,3.85
435000,4.19,4.16,3.96,3.7,3.95
436000,4.17,4.13,3.79,3.88,3.93
437000,4.46,4.13,3.88,3.86,3.75
438000,4.54,3.89,3.7,3.83,3.61
439000,4.54,4.08,3.85,3.95,3.64
440000,4.59,4.29,4.0,3.65,3.93
441000,4.63,4.21,4.04,3.85,4.28
442000,4.53,4.43,3.87,3.57,4.5
443000,4.59,4.24,4.06,3.75,4.59
444000,4.43,4.38,3.91,3.89,4.65
445000,4.23,4.29,3.82,4.08,4.66
446000,4.05,4.21,4.05,3.9,4.64
447000,4.15,4.3,4.24,4.12,4.58
448000,4.14,4.23,4.07,4.14,4.56
449000,4.32,4.28,4.28,4.31,4.7
450000,4.38,4.22,4.21,4.37,4.39
451000,4.51,4.45,4.18,4.61,4.56
452000,4.54,4.53,4.33,4.8,4.44
453000,4.65,4.71,4.59,4.94,4.19
454000,4.36,5.0,4.74,4.76,4.14
455000,4.27,5.01,4.96,4.63,4.33
456000,4.54,5.11,4.79,4.38,4.51
457000,4.58,5.14,4.9,4.49,4.48
458000,4.52,5.01,4.59,4.49,4.77
459000,4.6,5.0,4.5,4.35,5.11
460000,4.8,4.91,4.12,4.39,4.85
461000,4.83,5.19,4.09,4.35,5.0
462000,4.83,5.11,4.26,4.54,4.93
463000,4.77,5.14,4.49,4.39,4.92
464000,4.75,5.31,4.64,4.41,4.61
465000,4.98,5.54,4.9,4.57,4.61
466000,4.71,5.39,5.28,4.26,4.88
467000,4.95,5.29,5.37,4.33,4.82
468000,4.97,5.28,5.44,4.51,4.71
469000,4.86,5.5,5.41,4.52,4.84
470000,5.0,5.51,5.28,4.5,4.99
471000,5.07,5.49,4.99,4.64,4.88
472000,5.08,5.51,4.95,5.01,4.74
473000,5.06,5.59,4.98,5.16,4.96
474000,5.21,5.61,5.12,5.01,5.14
475000,5.22,5.75,5.06,5.0,5.17
476000,5.4,5.62,4.89,5.15,5.26
477000,5.57,5.7,4.94,5.26,5.21
478000,5.7,5.57,4.76,5.08,5.29
479000,5.99,5.66,4.9,5.14,5.26
480000,6.03,5.48,4.78,5.37,5.17
481000,5.92,5.66,4.93,5.44,5.06
482000,5.97,5.49,5.16,5.5,5.21
483000,5.81,5.48,5.33,5.38,5.18
484000,5.68,5.55,5.47,5.5,5.34
485000,5.43,5.47,5.54,5.59,5.19
486000,5.45,5.61,5.65,5.82,5.31
487000,5.51,5.66,5.63,5.76,5.23
488000,5.53,5.54,5.55,5.56,5.36
489000,5.66,5.64,5.71,5.58,5.5
490000,5.83,5.72,5.8,5.67,5.62
491000,5.86,5.76,5.55,5.68,5.5
492000,5.77,5.8,5.53,5.59,5.78
493000,5.78,5.88,5.45,5.4,5.73
494000,5.89,5.98,5.56,5.41,5.82
495000,6.03,6.1,5.7,5.76,5.72
496000,6.08,6.25,5.65,5.73,5.79
497000,6.11,6.37,5.64,5.85,5.79
498000,6.09,6.53,5.79,5.87,6.06
499000,6.05,6.64,5.79,6.02,5.97
500000,5.98,6.77,5.83,6.13,6.01
501000,5.96,6.79,5.82,6.24,6.1
502000,5.9,6.8,5.78,5.96,6.18
503000,5.84,6.86,5.85,6.12,6.22
504000,5.85,6.93,5.96,6.03,6.09
505000,5.93,6.89,6.07,6.01,6.1
506000,6.18,6.7,6.13,5.87,5.99
507000,6.41,6.74,6.18,5.98,6.03
508000,6.48,6.73,6.28,5.87,6.04
509000,6.49,6.72,6.4,5.7,6.1
510000,6.46,6.84,6.39,5.44,6.01
511000,6.45,6.76,6.28,5.41,6.01
512000,6.44,6.78,6.1,5.35,5.92
513000,6.37,6.95,6.1,5.23,6.03
514000,6.32,7.08,6.11,5.12,6.01
515000,6.32,7.13,6.12,5.41,6.15
516000,6.42,7.18,6.16,5.62,5.98
517000,6.27,7.11,6.22,5.87,6.22
518000,6.23,7.13,6.16,5.89,6.32
519000,6.3,6.98,6.22,6.0,6.51
520000,6.34,7.17,6.26,6.07,6.64
521000,6.33,7.18,6.18,6.24,6.75
522000,6.4,7.18,5.96,6.26,6.62
523000,6.34,6.87,5.95,6.28,6.55
524000,6.27,6.98,5.89,6.36,6.58
525000,6.28,7.03,5.89,6.22,6.57
526000,6.33,6.9,5.89,6.26,6.56
527000,6.3,7.1,5.82,6.07,6.44
528000,6.25,7.18,5.82,6.02,6.53
529000,6.32,7.18,5.96,6.04,6.5
530000,6.28,7.13,5.97,5.99,6.71
531000,6.2,7.27,5.99,5.88,6.76
532000,6.22,7.45,6.11,5.81,6.76
533000,6.14,7.33,6.18,5.78,6.75
534000,6.28,7.34,6.25,5.94,6.8
535000,6.28,7.42,6.33,5.88,6.76
536000,6.21,7.39,6.36,5.84,6.67
537000,6.34,7.16,6.15,5.86,6.56
538000,6.26,7.12,6.18,5.87,6.49
539000,6.25,7.1,6.22,6.01,6.58
540000,6.23,7.11,6.31,6.13,6.6
541000,6.38,7.23,6.25,6.08,6.35
542000,6.42,7.45,6.18,6.25,6.42
543000,6.58,7.52,6.09,6.09,6.42
544000,6.73,7.58,6.15,6.02,6.49
545000,6.72,7.6,6.09,5.88,6.65
546000,6.78,7.7,6.01,5.91,6.61
547000,6.77,7.46,6.03,5.87,6.46
548000,6.74,7.42,6.11,5.85,6.35
549000,6.58,7.34,6.03,5.66,6.58
550000,6.42,7.25,6.16,5.91,6.6
551000,6.37,7.17,6.09,5.87,6.52
552000,6.33,7.13,6.34,5.93,6.46
553000,6.22,7.08,6.15,5.89,6.42
554000,6.4,7.07,6.17,5.85,6.5
555000,6.33,7.38,5.89,5.91,6.57
556000,6.42,7.63,5.95,6.01,6.74
557000,6.54,7.48,5.78,5.95,6.66
558000,6.53,7.58,5.94,6.02,6.64
559000,6.48,7.56,5.89,6.06,6.66
560000,6.38,7.54,5.93,5.99,6.8
561000,6.44,7.62,5.95,6.06,6.83
562000,6.44,7.36,6.04,6.02,6.9
563000,6.63,7.17,6.2,6.03,6.84
564000,6.6,6.98,6.15,5.97,6.79
565000,6.5,7.11,6.1,6.07,6.69
566000,6.42,7.25,6.09,5.99,6.56
567000,6.62,7.13,6.21,6.0,6.61
568000,6.7,7.22,6.09,6.02,6.62
569000,6.63,7.15,6.11,6.15,6.65
570000,6.45,7.14,6.08,6.24,6.65
571000,6.33,7.23,6.04,6.26,6.49
572000,6.31,7.29,6.04,6.13,6.55
573000,6.27,7.37,6.09,6.19,6.56
574000,6.2,7.39,6.0,6.41,6.66
575000,6.18,7.3,6.05,6.51,6.64
576000,6.21,7.41,6.08,6.44,6.61
577000,6.06,7.42,6.07,6.33,6.47
578000,6.12,7.51,6.15,6.31,6.55
579000,6.24,7.65,6.27,6.44,6.64
580000,6.45,7.66,6.32,6.36,6.71
581000,6.54,7.65,6.14,6.3,6.73
582000,6.66,7.39,6.2,6.19,6.84
583000,6.64,7.36,6.21,6.26,6.69
584000,6.63,7.61,6.26,6.32,6.77
585000,6.74,7.62,6.28,6.28,6.87
586000,6.7,7.65,6.33,6.34,6.77
587000,6.71,7.49,6.41,6.36,6.71
588000,6.57,7.53,6.36,6.57,6.49
589000,6.52,7.69,6.54,6.55,6.44
590000,6.51,7.75,6.36,6.58,6.45
591000,6.39,7.89,6.42,6.6,6.48
592000,6.47,8.02,6.35,6.46,6.47
593000,6.46,8.03,6.38,6.39,6.52
594000,6.56,7.94,6.36,6.28,6.53
595000,6.52,7.78,6.21,6.39,6.58
596000,6.47,7.79,6.21,6.5,6.57
597000,6.57,7.7,6.26,6.32,6.56
598000,6.61,7.48,6.28,6.32,6.36
599000,6.53,7.36,6.33,6.04,6.46
600000,6.7,7.35,6.28,6.06,6.43
601000,6.56,6.94,6.13,6.04,6.34
602000,6.58,6.71,6.11,6.1,6.27
603000,6.53,6.7,6.12,5.8,6.18
604000,6.43,6.89,6.18,5.81,6.41
605000,6.48,7.01,6.18,5.84,6.49
606000,6.6,7.13,6.23,6.16,6.55
607000,6.7,7.3,6.28,6.18,6.49
608000,6.73,7.15,6.27,6.23,6.37
609000,6.71,7.23,6.46,6.08,6.45
610000,6.77,7.24,6.46,6.15,6.54
611000,6.66,7.38,6.27,6.38,6.35
612000,6.67,7.48,6.27,6.32,6.26
613000,6.68,7.4,6.23,6.29,6.25
614000,6.66,7.37,6.23,6.29,6.34
615000,6.73,7.47,6.19,6.49,6.37
616000,6.74,7.56,6.24,6.54,6.43
617000,6.6,7.74,6.25,6.54,6.43
618000,6.63,7.71,6.24,6.47,6.49
619000,6.67,7.77,6.45,6.43,6.72
620000,6.72,7.82,6.42,6.67,6.66
621000,6.57,7.83,6.47,6.5,6.69
622000,6.5,7.67,6.51,6.5,6.81
623000,6.36,7.64,6.53,6.4,6.81
624000,6.37,7.52,6.53,6.51,6.75
625000,6.52,7.48,6.63,6.59,6.87
626000,6.37,7.4,6.69,6.62,6.89
627000,6.44,7.48,6.57,6.62,6.85
628000,6.47,7.66,6.67,6.59,6.97
629000,6.44,7.78,6.75,6.64,7.02
630000,6.54,7.75,6.77,6.55,6.98
631000,6.65,7.63,6.79,6.49,6.9
632000,6.68,7.68,6.92,6.38,6.84
633000,6.5,7.72,6.94,6.39,6.65
634000,6.47,7.66,6.94,6.36,6.56
635000,6.46,7.58,7.0,6.38,6.43
636000,6.42,7.63,6.96,6.44,6.26
637000,6.5,7.65,6.82,6.26,6.29
638000,6.45,7.26,6.79,6.45,6.3
639000,6.39,7.3,6.67,6.5,6.32
640000,6.43,7.48,6.65,6.32,6.3
641000,6.53,7.36,6.79,6.42,6.34
642000,6.7,7.26,6.75,6.43,6.45
643000,6.83,7.27,6.84,6.49,6.41
644000,6.99,7.32,6.91,6.6,6.38
645000,6.87,7.35,7.1,6.75,6.19
646000,6.89,7.35,7.18,6.49,6.25
647000,6.79,7.63,7.22,6.51,6.32
648000,6.6,7.73,7.12,6.57,6.36
649000,6.56,7.55,7.02,6.53,6.33
650000,6.49,7.44,6.99,6.43,6.47
651000,6.31,7.33,7.21,6.51,6.55
652000,6.36,7.45,7.13,6.49,6.54
653000,6.39,7.55,6.96,6.48,6.69
654000,6.41,7.49,6.82,6.65,6.83
655000,6.36,7.39,6.83,6.74,6.89
656000,6.57,7.09,6.89,6.82,6.91
657000,6.49,7.12,6.8,6.76,6.82
658000,6.35,7.18,6.89,6.75,6.88
659000,6.54,7.29,6.58,6.6,6.94
660000,6.3,7.34,6.72,6.68,6.98
661000,6.28,7.28,6.89,6.79,7.09
662000,6.26,7.29,6.97,6.82,7.16
663000,6.11,7.21,7.15,6.86,7.2
664000,6.03,7.3,7.19,6.55,7.22
665000,5.95,7.52,7.31,6.66,7.29
666000,5.84,7.71,7.45,6.73,7.25
667000,5.87,7.69,7.46,6.74,6.93
668000,5.89,7.74,7.54,6.7,7.04
669000,5.94,7.79,7.44,6.64,6.78
670000,5.95,7.68,7.24,6.41,6.64
671000,5.9,7.74,7.37,6.34,6.56
672000,6.1,7.72,7.32,6.48,6.49
673000,6.22,7.71,7.23,6.42,6.53
674000,6.3,7.71,6.97,6.34,6.53
675000,6.26,7.49,7.14,6.13,6.62
676000,6.13,7.68,7.26,6.13,6.62
677000,6.02,7.67,7.31,6.19,6.78
678000,5.93,7.72,7.38,6.36,6.78
679000,5.64,7.91,7.44,6.39,6.89
680000,5.55,8.08,7.32,6.41,7.06
681000,5.45,7.85,7.33,6.52,6.92
682000,5.44,7.9,7.46,6.58,6.96
683000,5.61,7.84,7.64,6.65,7.13
684000,5.58,7.96,7.8,6.7,7.25
685000,5.96,7.89,7.38,6.86,7.28
686000,6.18,7.73,7.57,6.86,7.34
687000,6.13,7.72,7.52,6.77,7.31
688000,6.2,7.73,7.75,6.7,7.31
689000,6.3,7.67,7.82,6.76,7.01
690000,6.28,7.81,7.62,6.73,6.77
691000,6.3,7.87,7.56,6.66,6.64
692000,6.47,7.93,7.57,6.65,6.31
693000,6.41,7.87,7.5,6.71,5.89
694000,6.65,8.03,7.7,6.73,5.66
695000,6.71,7.92,7.68,6.69,5.71
696000,6.64,7.99,7.85,6.77,5.84
697000,6.86,8.12,7.84,6.85,6.02
698000,6.79,7.8,7.79,6.92,6.31
699000,6.88,7.81,7.57,7.05,6.35
700000,6.76,7.77,7.65,7.1,6.52
701000,6.83,7.79,7.55,6.89,6.58
702000,6.67,7.73,7.25,6.83,6.67
703000,6.68,7.57,7.3,6.94,6.77
704000,6.71,7.7,7.18,6.77,6.54
705000,6.72,7.62,7.03,6.67,6.57
706000,6.83,7.51,7.02,6.69,6.47
707000,6.79,7.6,7.16,6.74,6.62
708000,6.85,7.81,7.51,6.77,6.66
709000,6.83,7.86,7.2,6.85,6.68
710000,6.63,8.05,7.26,6.91,6.66
711000,6.62,8.19,7.07,6.9,6.57
712000,6.63,8.36,7.0,6.98,6.59
713000,6.48,8.51,7.06,6.81,6.51
714000,6.43,8.57,7.13,6.83,6.52
715000,6.49,8.54,7.06,6.66,6.53
716000,6.46,8.61,6.69,6.62,6.36
717000,6.44,8.73,6.76,6.61,6.47
718000,6.84,8.73,6.9,6.47,6.62
719000,6.84,8.62,6.97,6.46,6.72
720000,6.86,8.37,7.12,6.37,6.64
721000,6.68,8.21,7.28,6.48,6.7
722000,6.6,8.11,7.17,6.45,6.89
723000,6.54,7.78,7.27,6.43,6.94
724000,6.59,7.74,7.39,6.45,6.9
725000,6.5,7.57,7.66,6.52,6.81
726000,6.4,7.5,7.7,6.49,6.83
727000,6.19,7.53,7.59,6.53,6.93
728000,6.5,7.5,7.76,6.56,6.87
729000,6.55,7.62,7.63,6.58,6.95
730000,6.68,7.77,7.66,6.52,6.92
731000,6.64,7.89,7.64,6.55,7.19
732000,6.62,8.07,7.71,6.44,7.23
733000,6.65,8.19,7.79,6.37,7.2
734000,6.66,8.3,7.8,6.22,7.0
735000,6.69,8.28,7.84,6.19,6.94
736000,6.69,8.19,7.78,6.17,7.08
737000,6.7,8.05,7.72,6.11,7.03
738000,6.75,7.99,7.83,6.14,6.8
739000,6.75,7.92,7.81,6.28,6.64
740000,6.73,7.86,7.65,6.21,6.94
741000,6.71,7.77,7.64,6.22,7.27
742000,6.69,7.77,7.61,6.4,7.34
743000,6.68,7.82,7.64,6.45,7.69
744000,6.67,7.8,7.49,6.43,7.87
745000,6.69,7.9,7.66,6.31,8.02
746000,6.63,7.96,7.7,6.19,8.38
747000,6.64,7.95,7.79,6.25,8.53
748000,6.63,7.98,7.73,6.25,8.48
749000,6.57,7.88,7.56,6.12,8.29
750000,6.64,7.81,7.35,6.19,8.21
751000,6.66,7.89,7.1,6.14,8.18
752000,6.76,8.01,7.22,6.22,8.33
753000,6.84,7.74,7.4,6.18,8.55
754000,6.77,7.63,7.47,6.19,8.53
755000,6.92,7.73,7.26,6.27,8.32
756000,6.8,7.52,7.07,6.3,8.54
757000,6.89,7.36,7.31,6.23,8.53
758000,7.01,7.44,7.44,6.34,8.6
759000,7.07,7.42,7.34,6.4,8.8
760000,6.93,7.23,7.52,6.48,8.43
761000,6.83,7.27,7.37,6.53,8.41
762000,6.91,7.44,7.22,6.58,8.12
763000,6.99,7.54,7.36,6.57,7.91
764000,7.01,7.36,7.36,6.66,8.07
765000,6.91,7.47,7.54,6.68,8.02
766000,6.79,7.46,7.55,6.55,7.98
767000,6.79,7.52,7.83,6.33,8.01
768000,6.9,7.51,8.0,6.31,7.83
769000,6.91,7.75,7.84,6.29,8.2
770000,6.85,7.76,8.1,6.4,8.25
771000,6.85,7.83,8.36,6.45,8.38
772000,6.67,7.83,8.39,6.42,8.31
773000,6.17,7.94,8.58,6.64,8.08
774000,5.99,8.1,8.54,6.61,7.8
775000,5.74,8.08,8.64,6.6,7.75
776000,5.55,8.16,8.5,6.41,7.55
777000,5.56,7.97,8.52,6.15,7.75
778000,5.57,7.99,8.67,5.91,7.46
779000,5.78,7.84,8.71,5.87,7.54
780000,6.09,7.83,8.38,5.74,7.92
781000,6.1,7.76,8.34,5.87,8.06
782000,6.45,7.75,8.34,6.01,8.24
783000,6.55,7.43,8.48,6.1,8.32
784000,6.56,7.37,8.2,6.17,8.47
785000,6.5,7.43,8.25,6.22,8.81
786000,6.53,7.71,8.29,6.13,8.76
787000,6.38,7.52,7.88,6.19,8.91
788000,6.55,7.36,8.07,6.22,8.97
789000,6.65,7.31,7.9,6.3,8.7
790000,6.59,7.25,8.21,6.19,8.66
791000,6.64,7.26,8.12,6.35,8.49
792000,6.78,7.49,8.19,6.32,8.68
793000,6.97,7.69,8.51,6.21,9.08
794000,6.94,7.59,8.6,6.17,8.9
795000,7.07,7.44,8.83,6.08,9.01
796000,7.29,7.58,8.92,5.83,9.17
797000,7.12,7.91,9.02,5.95,9.02
798000,7.19,8.0,9.18,5.82,8.85
799000,7.25,8.09,9.42,5.76,8.79
800000,7.29,8.15,9.1,5.98,8.92
801000,7.24,8.16,9.11,5.69,8.91
802000,7.18,8.28,9.14,5.81,8.43
803000,7.01,8.16,9.07,5.9,8.16
804000,7.05,8.08,8.86,5.71,7.89
805000,7.04,8.05,8.93,5.73,8.09
806000,7.1,7.72,8.89,5.78,8.22
807000,7.15,7.66,8.94,5.74,8.27
808000,7.01,7.5,8.87,5.95,8.55
809000,7.08,7.51,8.68,5.96,8.53
810000,7.23,7.41,8.65,5.88,8.7
811000,7.13,7.35,8.51,6.07,8.73
812000,7.39,7.48,8.4,6.13,8.96
813000,7.33,7.56,8.01,6.25,8.69
814000,7.38,7.56,8.04,6.35,8.5
815000,7.45,7.85,7.73,6.18,8.52
816000,7.45,7.86,7.54,6.31,8.77
817000,7.46,7.77,7.54,6.34,8.78
818000,7.01,7.86,7.72,6.37,8.6
819000,6.86,8.01,7.88,6.49,8.45
820000,6.82,8.17,7.98,6.61,8.52
821000,6.86,8.28,7.96,6.49,8.76
822000,6.6,8.28,8.3,6.47,8.71
823000,6.66,8.33,8.17,6.35,8.92
824000,6.55,8.44,8.21,6.22,9.19
825000,6.45,8.43,8.65,6.26,9.02
826000,6.69,8.51,8.76,6.32,8.91
827000,6.9,8.6,8.75,6.15,9.11
828000,6.83,8.55,8.6,6.26,9.29
829000,6.72,8.47,8.34,6.19,8.86
830000,6.87,8.5,8.46,6.05,8.94
831000,6.92,8.42,8.31,6.18,9.33
832000,6.96,8.52,8.06,6.27,9.32
833000,7.26,8.64,8.09,6.24,9.58
834000,7.39,8.55,7.93,6.06,9.83
835000,7.35,8.58,7.87,6.14,9.89
836000,7.54,8.51,7.98,6.03,10.01
837000,7.47,8.62,8.01,6.07,10.0
838000,7.76,8.61,8.32,6.25,9.77
839000,7.92,8.53,8.29,6.35,10.15
840000,8.01,8.26,8.46,6.25,10.27
841000,7.83,8.15,8.47,6.35,9.55
842000,7.79,8.08,8.73,6.33,9.64
843000,7.81,8.04,8.68,6.49,9.61
844000,7.97,7.88,8.72,6.5,9.32
845000,7.97,7.79,8.77,6.63,9.48
846000,8.01,7.72,8.79,6.6,9.74
847000,8.01,7.86,9.04,6.6,9.7
848000,8.08,7.75,8.78,6.67,9.97
849000,8.21,8.02,8.86,6.79,10.2
850000,7.86,8.12,8.75,6.86,9.97
851000,8.03,7.94,8.63,6.65,10.38
852000,7.83,8.06,8.67,6.76,10.94
853000,7.82,8.13,8.52,6.63,11.05
854000,7.72,8.28,8.76,6.72,11.11
855000,7.59,8.15,8.72,6.87,11.07
856000,7.64,8.02,8.51,6.85,11.26
857000,7.52,7.84,8.79,6.81,11.06
858000,7.6,7.71,8.81,6.79,11.09
859000,7.69,7.64,8.73,6.91,10.69
860000,7.67,7.64,8.78,6.74,10.95
861000,7.61,7.55,8.9,6.86,10.58
862000,7.26,7.5,8.99,6.7,9.89
863000,7.54,7.43,9.15,6.65,9.18
864000,7.5,7.38,9.22,6.53,9.22
865000,7.6,7.32,9.15,6.37,9.03
866000,7.69,7.39,9.12,6.19,9.34
867000,7.58,7.26,8.98,6.25,9.34
868000,7.62,7.4,9.12,6.29,9.44
869000,7.65,7.4,9.1,6.26,9.84
870000,7.62,7.54,9.26,6.16,9.78
871000,7.87,7.57,9.33,6.14,10.09
872000,7.79,7.69,9.28,6.13,10.45
873000,7.48,7.95,9.18,6.3,11.0
874000,7.29,7.89,9.26,6.22,11.31
875000,7.12,8.08,9.19,6.37,11.5
876000,7.11,8.36,9.46,6.49,11.25
877000,7.07,8.59,9.73,6.47,10.65
878000,7.27,8.7,9.75,6.7,10.81
879000,7.04,8.44,9.83,6.62,10.55
880000,7.12,8.24,10.03,6.76,10.41
881000,7.31,8.37,9.87,6.75,10.73
882000,7.46,8.22,9.71,6.85,10.77
883000,7.42,8.15,9.38,6.74,11.03
884000,7.55,8.0,9.4,6.64,10.76
885000,7.41,7.96,8.93,6.68,10.79
886000,7.2,7.61,8.8,6.57,11.12
887000,7.35,7.44,8.6,6.55,11.53
888000,7.36,7.58,8.38,6.67,11.43
889000,7.27,7.69,8.01,6.55,11.46
890000,7.39,7.58,8.08,6.59,11.69
891000,7.33,7.54,8.09,6.66,11.32
892000,7.63,7.48,8.43,6.71,11.06
893000,7.68,7.58,8.3,6.71,10.92
894000,7.79,7.57,8.51,6.82,10.62
895000,7.8,7.68,8.78,6.89,10.73
896000,7.68,7.89,8.98,6.87,10.67
897000,7.74,8.02,8.92,6.95,10.71
898000,7.87,7.93,9.07,6.85,10.41
899000,7.86,8.04,9.27,6.87,10.75
900000,8.1,8.26,9.31,6.86,10.77
901000,7.84,8.3,9.31,6.78,10.65
902000,7.74,8.37,9.25,6.75,10.48
903000,7.74,8.24,9.04,6.71,10.74
904000,7.72,8.25,8.96,6.62,10.95
905000,7.76,8.22,8.64,6.43,11.02
906000,7.82,8.08,8.73,6.12,11.02
907000,7.72,8.08,8.96,6.09,11.12
908000,7.65,8.07,8.87,6.1,10.99
909000,7.62,7.97,8.79,6.04,11.03
910000,7.71,7.95,8.64,6.12,10.57
911000,7.83,7.94,9.03,6.08,10.61
912000,7.83,8.0,9.37,6.18,10.6
913000,7.79,7.97,9.58,6.1,11.12
914000,7.83,8.03,9.95,6.32,10.73
915000,7.66,7.98,9.7,6.34,10.48
916000,7.5,8.04,10.19,6.18,10.08
917000,7.65,7.77,9.94,6.26,10.04
918000,7.57,7.9,9.98,6.23,10.26
919000,7.46,8.03,9.98,6.25,10.38
920000,7.48,8.1,9.98,6.33,10.5
921000,7.56,8.09,9.88,6.45,10.68
922000,7.69,8.06,9.2,6.44,10.65
923000,7.59,8.19,8.82,6.53,10.8
924000,7.25,7.99,8.77,6.71,10.69
925000,7.31,8.03,8.43,6.67,11.2
926000,7.07,8.04,8.33,6.73,11.65
927000,7.24,8.17,8.27,6.72,11.79
928000,7.14,8.17,8.36,6.74,11.88
929000,7.15,8.1,8.58,6.78,12.09
930000,6.85,8.06,8.71,6.67,11.74
931000,6.87,7.84,8.88,6.71,11.26
932000,7.27,7.88,8.98,6.8,11.33
933000,7.62,8.15,9.39,6.83,11.69
934000,7.59,8.08,9.54,6.79,11.47
935000,7.74,8.33,9.72,6.8,11.37
936000,7.75,8.42,10.04,6.97,10.81
937000,7.82,8.2,10.04,6.88,10.5
938000,7.71,8.2,10.18,6.94,10.66
939000,7.78,8.26,10.08,6.81,10.17
940000,7.93,8.2,10.07,6.56,9.91
941000,8.04,8.29,9.69,6.41,9.95
942000,8.15,8.19,9.92,6.4,10.33
943000,8.38,7.99,9.43,6.24,10.46
944000,8.26,8.18,9.34,6.18,10.41
945000,8.37,8.0,9.05,6.17,10.32
946000,8.43,8.09,8.54,6.24,10.25
947000,8.51,7.98,8.87,6.44,10.39
948000,8.65,7.96,8.76,6.43,10.22
949000,8.75,8.12,8.95,6.55,10.13
950000,8.7,8.25,8.98,6.62,10.5
951000,8.46,8.24,8.91,6.57,10.49
952000,8.24,8.3,8.61,6.65,10.47
953000,8.09,8.49,8.88,6.49,10.56
954000,8.01,8.33,9.25,6.58,10.72
955000,7.76,8.29,9.28,6.29,10.73
956000,7.65,8.38,9.48,6.36,10.76
957000,7.54,8.33,9.57,6.26,10.7
958000,7.25,8.18,9.35,6.15,10.37
959000,7.29,7.95,9.18,6.08,10.47
960000,7.41,8.11,9.29,6.21,10.67
961000,7.44,8.12,9.24,6.01,10.62
962000,7.67,8.07,9.2,6.17,11.18
963000,7.87,8.1,9.57,6.29,11.08
964000,8.13,8.27,9.42,6.15,10.77
965000,8.06,8.24,9.47,6.18,10.57
966000,8.06,8.21,9.19,6.23,10.58
967000,8.25,8.5,9.57,6.31,10.71
968000,8.29,8.53,9.81,6.26,10.52
969000,7.93,8.48,9.76,6.21,10.48
970000,8.13,8.5,9.69,6.24,10.37
971000,8.08,8.45,9.95,6.27,10.14
972000,7.96,8.59,10.01,6.5,10.24
973000,8.07,8.51,10.19,6.51,9.76
974000,8.06,8.53,9.98,6.56,9.97
975000,8.19,8.47,10.38,6.69,10.0
976000,8.18,8.5,10.1,6.8,10.02
977000,8.18,8.45,10.44,6.81,9.8
978000,8.28,8.26,10.48,6.69,9.77
979000,8.58,8.18,10.27,6.7,10.11
980000,8.4,8.21,10.43,6.73,10.37
981000,8.38,8.19,10.37,6.73,10.43
982000,8.33,7.84,10.26,6.74,10.64
983000,8.12,7.97,10.37,6.5,10.15
984000,8.08,8.07,10.35,6.39,10.39
985000,7.92,7.98,10.62,6.48,10.58
986000,7.49,7.98,10.56,6.55,10.21
987000,7.29,7.95,10.81,6.63,10.62
988000,7.32,7.93,10.56,6.47,10.36
989000,7.42,8.03,10.27,6.39,10.62
990000,7.49,7.95,10.38,6.31,10.19
991000,7.44,8.12,10.46,6.46,10.01
992000,7.16,7.96,10.66,6.5,9.95
993000,7.19,8.01,10.82,6.53,10.24
994000,7.22,7.96,10.69,6.52,10.57
995000,7.37,7.99,10.76,6.53,10.39
996000,7.67,7.99,10.28,6.54,10.46
997000,7.67,8.23,9.95,6.51,10.54
998000,7.66,8.4,9.45,6.54,10.01
999000,7.78,8.31,9.73,6.62,10.57
1000000,7.82,8.34,9.87,6.79,10.54
1001000,8.0,8.27,9.71,6.7,10.63
1002000,8.32,8.5,10.02,6.7,10.53
1003000,8.58,8.37,10.03,6.71,10.62
1004000,8.59,8.39,9.86,6.95,10.67
1005000,8.24,8.35,10.06,6.87,11.02
1006000,8.23,8.29,10.0,6.87,11.0
1007000,8.22,8.14,10.08,6.84,11.18
1008000,8.31,7.9,10.01,6.82,11.07
1009000,8.23,8.0,10.08,6.9,11.05
1010000,8.32,7.96,9.52,6.99,11.05
1011000,8.37,7.74,9.27,6.88,11.1
1012000,8.24,7.65,8.82,6.87,11.09
1013000,8.34,7.56,8.46,6.86,11.37
1014000,8.37,7.6,8.38,6.97,11.54
1015000,8.76,7.56,8.14,7.01,11.37
1016000,8.78,7.52,8.32,6.74,10.86
1017000,8.71,7.83,8.33,6.76,10.7
1018000,8.78,7.84,8.44,6.74,10.46
1019000,8.58,7.86,8.55,6.76,10.63
1020000,8.39,7.97,8.69,6.72,10.59
1021000,8.27,7.87,8.95,6.74,10.43
1022000,8.06,7.86,9.32,6.64,10.4
1023000,8.0,7.87,9.53,6.72,10.55
1024000,7.81,7.92,9.98,6.87,10.66
1025000,7.78,7.97,10.0,6.73,10.5
1026000,7.76,8.1,10.27,6.55,11.08
1027000,7.76,7.96,10.08,6.49,11.23
1028000,7.97,7.91,10.23,6.57,11.15
1029000,8.07,7.93,9.92,6.68,11.37
1030000,8.35,7.96,10.1,6.69,11.69
1031000,8.29,8.19,10.2,6.66,11.37
1032000,8.24,8.23,10.23,6.64,11.44
1033000,8.53,8.26,10.28,6.87,11.55
1034000,8.64,8.18,10.11,6.68,11.62
1035000,8.66,8.16,9.74,6.58,11.3
1036000,8.73,8.15,9.85,6.47,11.28
1037000,8.61,8.2,10.09,6.37,11.7
1038000,8.41,8.22,10.21,6.34,11.16
1039000,8.38,8.19,10.03,6.22,11.27
1040000,8.19,8.29,10.39,6.15,11.39
1041000,8.38,8.19,10.39,6.18,10.99
1042000,8.24,8.37,10.44,6.25,11.21
1043000,8.03,8.44,10.35,6.06,11.7
1044000,8.16,8.62,10.53,6.06,11.88
1045000,8.0,8.5,10.9,6.12,11.58
1046000,8.02,8.53,10.96,6.05,11.81
1047000,8.05,8.55,11.3,6.1,12.11
1048000,8.27,8.61,11.42,6.1,12.2
1049000,8.25,8.77,11.09,6.12,11.97
1050000,8.5,8.77,11.3,6.18,12.04
1051000,8.53,8.8,11.19,6.39,11.84
1052000,8.53,8.57,11.2,6.3,11.68
1053000,8.55,8.65,11.28,6.47,11.27
1054000,8.56,8.61,11.2,6.68,11.07
1055000,8.63,8.78,10.94,6.65,11.01
1056000,8.54,8.8,10.58,6.69,11.17
1057000,8.37,8.9,9.93,6.93,10.72
1058000,8.33,8.84,9.45,6.97,10.62
1059000,8.2,8.78,9.37,6.92,10.57
1060000,8.16,8.85,9.49,7.02,10.43
1061000,8.18,8.92,9.47,6.93,10.69
1062000,8.28,8.89,9.77,6.63,10.91
1063000,8.48,8.89,9.88,6.66,10.92
1064000,8.56,8.7,9.86,6.62,11.15
1065000,8.44,8.47,9.66,6.46,11.41
1066000,8.62,8.66,10.24,6.38,11.44
1067000,8.68,8.44,10.46,6.26,10.88
1068000,8.72,8.48,10.44,6.21,10.88
1069000,8.8,8.48,10.8,6.24,10.96
1070000,8.87,8.23,10.78,6.34,10.86
1071000,8.69,8.27,10.67,6.26,10.73
1072000,8.72,8.26,10.65,6.25,10.18
1073000,8.55,8.14,10.47,6.26,9.89
1074000,8.46,8.12,10.63,6.42,9.79
1075000,8.38,8.32,10.61,6.29,9.74
1076000,8.38,8.34,10.64,6.22,9.22
1077000,8.4,8.13,10.23,6.38,9.62
1078000,8.23,8.2,10.06,6.38,9.56
1079000,8.3,8.33,9.94,6.6,9.52
1080000,8.43,8.47,9.81,6.68,9.61
1081000,8.57,8.35,9.64,6.64,9.93
1082000,8.49,8.44,10.02,6.43,10.48
1083000,8.29,8.63,9.94,6.52,10.45
1084000,8.31,8.63,9.25,6.42,10.6
1085000,8.59,8.64,8.98,6.11,10.33
1086000,8.53,8.65,8.98,6.05,10.17
1087000,8.51,8.62,9.25,5.99,10.47
1088000,8.48,8.51,9.02,6.07,10.68
1089000,8.52,8.48,9.1,6.27,10.81
1090000,8.39,8.37,9.46,6.38,10.91
1091000,8.36,8.49,9.65,6.5,10.78
1092000,8.27,8.38,9.68,6.57,10.9
1093000,8.51,8.39,9.87,6.76,10.78
1094000,8.51,8.47,9.97,6.87,11.29
1095000,8.48,8.46,10.4,6.98,11.21
1096000,8.43,8.34,10.55,7.16,11.5
1097000,8.45,8.47,10.42,6.99,11.33
1098000,8.33,8.58,9.86,7.07,11.56
1099000,8.22,8.59,9.8,7.02,11.69
1100000,8.11,8.44,9.83,7.05,11.88
1101000,8.14,8.38,9.69,7.09,11.85
1102000,8.3,8.43,9.87,6.89,11.68
1103000,8.37,8.33,9.68,6.76,11.69
1104000,8.29,8.39,9.43,6.69,11.94
1105000,8.32,8.42,8.94,6.63,11.69
1106000,8.27,8.44,8.71,6.4,11.73
1107000,8.29,8.48,8.66,6.53,11.88
1108000,8.45,8.49,8.86,6.39,11.55
1109000,8.65,8.56,9.03,6.43,12.04
1110000,8.48,8.66,9.01,6.45,11.87
1111000,8.31,8.57,8.82,6.56,11.65
1112000,8.04,8.49,8.73,6.61,11.64
1113000,7.95,8.52,9.05,6.7,11.49
1114000,7.83,8.4,9.02,6.81,11.77
1115000,7.94,8.36,9.3,6.66,11.92
1116000,7.95,8.22,9.52,6.56,11.48
1117000,7.97,8.24,9.49,6.45,11.52
1118000,7.86,8.22,9.47,6.67,11.77
1119000,7.96,8.13,9.17,6.56,11.4
1120000,8.12,8.08,9.45,6.65,11.74
1121000,8.12,8.1,9.19,6.61,11.35
1122000,8.16,8.26,9.36,6.72,10.93
1123000,8.36,8.15,9.38,6.91,10.43
1124000,8.27,8.09,9.5,6.94,10.6
1125000,8.39,8.26,9.73,7.08,10.35
1126000,8.4,8.27,10.0,7.12,9.86
1127000,8.53,8.23,10.16,7.0,9.34
1128000,8.54,8.13,10.59,7.21,9.08
1129000,8.47,8.0,10.85,7.29,9.14
1130000,8.61,7.99,11.11,7.34,9.12
1131000,8.75,8.06,11.28,7.3,9.28
1132000,8.9,8.15,11.4,7.36,9.71
1133000,9.02,8.14,11.54,7.39,9.84
1134000,9.14,7.91,11.75,7.48,9.71
1135000,9.15,7.9,11.57,7.36,9.82
1136000,9.19,8.0,11.33,7.48,10.01
1137000,9.01,8.17,11.41,7.33,10.33
1138000,8.8,8.02,11.57,7.19,10.93
1139000,8.79,8.26,11.17,7.22,11.26
1140000,8.76,8.24,11.18,7.19,11.35
1141000,8.7,8.14,11.72,7.31,11.3
1142000,8.48,8.19,11.65,7.32,11.3
1143000,8.47,8.14,11.65,7.28,11.32
1144000,8.48,7.88,11.67,7.27,11.41
1145000,8.52,7.93,11.61,7.39,11.76
1146000,8.68,7.69,11.69,7.59,11.71
1147000,8.68,7.84,12.02,7.68,11.63
1148000,8.88,7.77,11.43,7.73,11.16
1149000,8.86,7.82,11.52,7.79,10.67
1150000,8.98,7.85,11.0,7.42,10.84
1151000,9.1,7.76,10.63,7.19,10.5
1152000,9.02,7.77,9.82,7.17,10.53
1153000,8.74,8.05,9.39,7.06,10.15
1154000,8.77,8.2,9.24,6.91,10.27
1155000,8.61,8.26,9.47,6.9,10.23
1156000,8.63,8.29,9.57,6.81,10.55
1157000,8.49,8.2,9.45,6.56,10.11
1158000,8.61,8.26,9.66,6.52,10.36
1159000,8.61,8.33,9.72,6.32,10.62
1160000,8.74,8.35,9.82,6.34,10.66
1161000,8.35,8.39,10.0,6.41,10.94
1162000,8.48,8.43,10.05,6.31,11.17
1163000,8.81,8.45,10.26,6.3,11.02
1164000,8.67,8.4,10.33,6.49,11.03
1165000,8.78,8.45,10.52,6.73,11.05
1166000,8.55,8.43,10.48,6.89,11.19
1167000,8.73,8.5,10.44,7.26,10.87
1168000,8.62,8.45,10.18,7.3,11.06
1169000,8.7,8.39,10.16,7.32,11.19
1170000,8.55,8.34,10.13,7.3,10.95
1171000,8.77,8.3,9.95,7.31,10.82
1172000,8.84,8.23,10.17,7.17,10.82
1173000,8.54,8.21,10.47,7.18,10.72
1174000,8.56,8.33,10.97,7.09,11.11
1175000,8.64,8.22,11.14,7.05,11.01
1176000,8.69,8.22,10.74,6.94,11.27
1177000,8.73,8.11,10.62,6.86,11.12
1178000,8.7,8.26,9.91,6.96,11.24
1179000,8.56,8.23,10.25,7.04,11.09
1180000,8.66,8.27,10.12,7.11,11.02
1181000,8.64,8.41,10.47,7.08,10.97
1182000,8.72,8.56,10.25,7.09,11.13
1183000,8.93,8.5,10.2,7.12,11.05
1184000,9.07,8.4,10.3,7.12,11.13
1185000,8.92,8.5,9.87,7.19,10.73
1186000,8.75,8.6,10.2,7.28,10.53
1187000,8.65,8.66,10.5,7.19,10.25
1188000,8.81,8.45,10.45,7.09,9.93
1189000,8.81,8.53,10.8,7.13,10.17
1190000,8.82,8.63,11.2,6.94,10.38
1191000,8.45,8.61,11.14,7.0,10.35
1192000,8.32,8.52,11.7,6.84,10.47
1193000,8.17,8.65,11.52,7.02,10.56
1194000,8.07,8.77,11.75,6.84,10.51
1195000,8.29,8.86,11.65,6.81,10.8
1196000,8.56,8.92,11.34,6.89,11.03
1197000,8.2,8.71,11.19,7.02,11.15
1198000,8.09,8.88,10.99,6.96,11.17
1199000,8.19,8.88,10.64,7.02,11.38
1200000,8.18,8.85,10.59,7.01,11.4
1201000,8.34,8.68,10.36,7.04,11.59
1202000,8.45,8.84,10.45,6.83,11.82
1203000,8.42,8.61,10.23,6.84,12.1
1204000,8.54,8.54,9.9,6.79,12.16
1205000,8.33,8.35,9.35,6.64,12.03
1206000,8.28,8.27,9.24,6.83,12.05
1207000,8.34,8.51,9.45,6.71,11.75
1208000,8.49,8.59,9.36,6.81,11.87
1209000,8.0,8.33,9.6,6.64,11.57
1210000,8.19,8.47,9.62,6.88,11.74
1211000,8.31,8.6,9.44,6.84,11.61
1212000,8.41,8.51,8.71,6.91,11.53
1213000,8.68,8.52,8.89,6.92,11.15
1214000,8.54,8.42,8.63,6.81,11.09
1215000,8.66,8.44,9.15,6.87,11.02
1216000,8.58,8.26,9.22,7.13,10.81
1217000,8.58,8.0,9.35,7.46,11.34
1218000,8.61,8.12,9.09,7.49,11.47
1219000,8.78,8.02,9.32,7.17,11.67
1220000,8.83,8.03,9.18,7.03,11.48
1221000,8.9,8.11,9.33,7.12,11.72
1222000,8.77,7.98,9.61,6.91,11.46
1223000,8.4,8.12,10.07,6.84,11.12
1224000,8.25,8.34,9.76,6.74,10.75
1225000,8.27,8.21,10.15,6.74,10.18
1226000,8.06,8.37,10.3,6.68,10.43
1227000,7.8,8.57,10.49,6.8,10.71
1228000,7.47,8.52,10.22,7.0,10.28
1229000,7.64,8.58,9.98,7.15,10.33
1230000,7.47,8.52,10.19,7.26,10.48
1231000,7.62,8.48,10.61,7.5,10.57
1232000,7.8,8.43,11.12,7.35,10.67
1233000,8.01,8.33,10.61,7.31,11.17
1234000,7.91,8.37,10.44,7.33,11.58
1235000,7.89,8.25,10.82,7.28,11.6
1236000,8.04,8.25,10.83,7.12,11.71
1237000,8.07,8.27,10.57,7.11,12.03
1238000,8.15,8.21,10.36,7.23,11.66
1239000,8.29,8.08,10.61,7.04,11.73
1240000,8.22,8.01,10.95,6.94,11.66
1241000,8.32,8.15,11.46,7.19,11.52
1242000,7.96,8.31,11.02,7.05,11.86
1243000,8.02,8.38,10.61,6.96,12.56
1244000,8.14,8.38,10.87,7.04,12.62
1245000,8.55,8.59,10.67,6.9,12.8
1246000,8.44,8.54,10.25,6.88,12.73
1247000,8.38,8.45,10.45,6.75,12.51
1248000,8.36,8.38,10.46,6.74,12.85
1249000,8.27,8.58,10.65,6.53,12.69
1250000,8.49,8.53,10.07,6.68,12.51
1251000,8.6,8.39,10.34,6.77,12.47
1252000,8.63,8.32,10.31,6.7,12.6
1253000,8.74,8.36,10.64,6.61,12.52
1254000,8.69,8.32,10.74,6.36,12.35
1255000,8.61,8.3,10.54,6.6,12.13
1256000,8.88,8.16,10.79,6.6,11.44
1257000,9.17,8.03,11.2,6.82,11.14
1258000,9.24,8.06,11.34,6.67,11.34
1259000,9.38,7.97,11.31,6.66,11.58
1260000,9.43,7.77,10.66,6.52,11.21
1261000,9.26,7.87,10.79,6.59,11.61
1262000,9.23,7.84,11.12,6.75,11.85
1263000,9.11,7.81,10.9,6.51,11.57
1264000,9.27,7.69,10.61,6.41,11.9
1265000,9.06,7.89,10.87,6.05,12.02
1266000,8.95,7.78,10.99,6.23,12.07
1267000,8.88,7.86,10.6,6.13,11.6
1268000,8.76,7.82,10.63,5.83,12.01
1269000,8.65,7.85,10.62,5.7,11.8
1270000,8.19,7.86,10.57,5.78,11.48
1271000,7.94,7.86,10.81,5.71,11.7
1272000,8.04,7.71,10.78,5.77,11.81
1273000,8.32,7.82,10.91,5.48,11.78
1274000,8.26,7.91,10.74,5.61,11.55
1275000,8.46,7.91,10.82,5.49,11.55
1276000,8.21,8.07,10.02,5.45,11.37
1277000,8.3,8.23,9.99,5.53,11.3
1278000,8.23,8.28,10.3,5.65,11.48
1279000,8.39,8.63,10.06,5.87,11.5
1280000,8.68,8.6,10.02,6.03,11.51
1281000,8.92,8.52,9.82,6.21,11.8
1282000,9.11,8.72,10.08,6.44,11.77
1283000,9.28,8.76,10.35,6.33,11.35
1284000,9.14,8.62,9.98,6.27,11.49
1285000,9.19,8.7,10.01,5.96,11.98
1286000,9.35,8.49,10.01,5.92,11.68
1287000,9.56,8.36,10.51,5.87,11.82
1288000,9.67,8.55,10.55,5.72,11.75
1289000,9.79,8.51,10.64,5.47,11.6
1290000,9.77,8.57,10.72,5.37,11.71
1291000,10.01,8.52,11.26,5.39,11.41
1292000,9.92,8.55,11.08,5.08,11.5
1293000,10.0,8.38,11.06,4.87,11.63
1294000,9.96,8.53,11.06,4.37,12.08
1295000,9.82,8.47,11.31,4.23,12.11
1296000,9.76,8.65,11.4,4.17,11.85
1297000,9.64,8.58,11.51,4.15,11.61
1298000,9.58,8.34,11.82,4.1,11.33
1299000,9.44,7.99,11.41,4.03,11.45
1300000,9.61,8.07,11.14,3.79,11.45
1301000,9.4,7.95,11.16,3.5,11.25
1302000,9.25,7.89,11.06,3.4,11.11
1303000,9.05,8.02,10.51,3.57,10.86
1304000,9.15,7.98,10.27,3.8,10.53
1305000,9.09,8.02,10.14,3.98,10.45
1306000,9.09,8.05,9.73,4.13,10.67
1307000,9.21,8.14,9.91,4.29,10.85
1308000,9.09,8.06,10.22,4.52,11.13
1309000,9.09,8.17,10.03,4.65,11.55
1310000,9.17,8.24,10.29,4.87,11.61
1311000,9.16,8.16,10.53,4.95,11.64
1312000,9.36,8.15,10.54,5.06,11.59
1313000,9.35,8.2,10.49,5.25,11.64
1314000,9.41,8.4,10.92,5.33,12.32
1315000,9.32,8.35,11.05,5.27,12.53
1316000,9.15,8.22,11.5,5.12,12.75
1317000,9.21,8.29,11.61,5.14,12.88
1318000,9.3,8.47,11.68,5.27,12.74
1319000,9.36,8.63,11.65,5.37,12.77
1320000,9.19,8.61,11.28,5.39,12.7
1321000,9.11,8.66,11.31,5.06,12.66
1322000,8.95,8.69,11.05,5.08,12.51
1323000,8.88,8.7,11.03,5.13,12.44
1324000,8.97,8.49,11.12,5.14,12.25
1325000,8.98,8.52,11.24,5.03,12.44
1326000,9.01,8.54,11.49,5.31,12.31
1327000,8.98,8.58,11.25,5.57,12.24
1328000,8.73,8.49,11.18,5.76,12.33
1329000,8.6,8.51,11.21,5.84,12.23
1330000,8.64,8.45,10.93,5.83,12.17
1331000,8.62,8.38,11.02,5.83,12.4
1332000,8.71,8.47,11.11,5.75,12.21
1333000,8.55,8.42,11.31,5.68,12.09
1334000,8.52,8.37,11.38,5.5,12.08
1335000,8.66,8.19,11.33,5.37,12.18
1336000,8.72,8.32,11.07,5.37,12.15
1337000,8.72,8.3,11.2,5.1,12.25
1338000,8.67,8.14,11.21,5.0,12.38
1339000,8.84,8.04,11.25,4.81,12.36
1340000,8.73,8.01,11.16,4.85,12.4
1341000,8.83,8.13,11.27,4.87,12.45
1342000,8.67,8.09,11.66,4.92,12.1
1343000,8.76,8.22,11.47,5.11,11.97
1344000,8.58,8.24,11.47,5.35,12.16
1345000,8.59,8.26,11.07,5.51,12.39
1346000,8.6,8.24,10.93,5.51,12.35
1347000,8.53,8.18,11.12,5.52,12.43
1348000,8.57,8.37,11.49,5.58,12.34
1349000,8.55,8.43,11.15,5.65,12.23
1350000,8.45,8.44,10.92,5.89,12.24
1351000,8.59,8.54,10.74,5.98,12.19
1352000,8.65,8.62,10.85,5.94,12.31
1353000,8.56,8.6,10.41,6.02,12.16
1354000,8.74,8.52,10.26,6.1,12.41
1355000,8.7,8.43,10.29,6.3,12.71
1356000,8.71,8.55,10.37,6.29,12.56
1357000,8.84,8.51,10.76,5.77,12.43
1358000,8.98,8.66,10.74,5.63,12.36
1359000,8.99,8.7,10.59,5.41,12.37
1360000,9.09,8.72,10.38,5.36,12.47
1361000,9.3,8.71,10.52,5.39,12.28
1362000,9.35,8.69,10.54,5.4,12.47
1363000,9.38,8.45,10.19,5.51,12.58
1364000,9.57,8.69,10.47,5.82,12.17
1365000,9.21,8.7,10.3,5.92,12.27
1366000,9.56,8.48,10.06,6.0,11.79
1367000,9.66,8.62,10.23,6.02,11.93
1368000,9.61,8.63,10.07,6.07,11.85
1369000,9.42,8.55,10.41,6.05,11.66
1370000,9.29,8.3,10.28,5.95,11.74
1371000,9.41,8.33,10.46,6.06,11.55
1372000,9.33,8.39,10.1,6.16,11.96
1373000,9.22,8.51,10.25,6.24,12.03
1374000,8.98,8.51,10.28,6.22,11.56
1375000,9.13,8.56,10.29,6.3,11.72
1376000,9.2,8.52,10.56,6.07,11.52
1377000,8.98,8.27,10.74,6.15,10.96
1378000,9.1,8.02,11.05,6.03,10.97
1379000,9.03,8.11,10.7,6.02,11.01
1380000,9.34,8.34,10.45,5.81,10.72
1381000,9.42,8.13,10.29,5.89,10.62
1382000,9.11,7.99,10.37,5.81,10.55
1383000,9.1,7.9,10.27,5.89,10.26
1384000,9.09,7.87,10.59,5.92,10.36
1385000,9.29,7.96,10.21,6.07,10.52
1386000,8.83,8.02,10.44,5.85,9.93
1387000,8.99,8.17,10.71,6.07,10.35
1388000,8.7,8.35,10.29,6.06,10.39
1389000,8.61,8.36,9.91,6.07,10.25
1390000,8.6,8.43,9.99,6.05,10.44
1391000,8.62,8.34,10.33,5.67,10.58
1392000,9.01,8.42,9.96,5.68,10.92
1393000,9.07,8.47,10.23,5.86,10.68
1394000,8.93,8.69,10.61,5.8,10.78
1395000,8.92,8.78,10.65,5.54,10.62
1396000,9.12,8.85,10.82,5.39,10.7
1397000,9.36,8.81,10.78,5.55,11.02
1398000,9.32,8.69,10.99,5.71,11.34
1399000,9.31,8.72,10.87,5.72,11.35
1400000,9.38,8.75,11.19,5.51,11.61
1401000,9.05,8.72,11.57,5.39,11.6
1402000,8.62,8.79,11.56,5.56,11.59
1403000,8.45,8.52,11.51,5.79,11.81
1404000,8.64,8.32,11.58,5.82,11.65
1405000,8.33,8.31,11.59,5.89,12.14
1406000,8.12,8.18,11.49,5.7,12.05
1407000,7.95,8.28,11.04,5.58,11.68
1408000,8.05,8.21,10.95,5.69,11.72
1409000,8.36,8.3,11.14,5.65,11.68
1410000,8.63,8.3,11.34,5.52,11.14
1411000,8.82,8.25,11.01,5.37,11.08
1412000,8.88,8.34,11.3,5.31,10.95
1413000,8.94,8.37,11.06,5.51,11.01
1414000,8.62,8.45,11.11,5.65,10.99
1415000,8.95,8.38,11.06,5.63,11.05
1416000,9.1,8.49,11.01,5.64,10.82
1417000,9.29,8.51,11.16,5.67,10.69
1418000,9.41,8.58,11.27,5.8,11.16
1419000,9.21,8.32,11.71,5.9,11.4
1420000,9.2,8.27,12.08,5.89,11.42
1421000,8.77,8.42,12.13,5.99,11.18
1422000,8.87,8.42,11.7,5.89,11.62
1423000,9.12,8.36,12.08,5.81,11.71
1424000,9.34,8.34,11.85,5.67,11.84
1425000,9.52,8.29,11.82,5.74,11.83
1426000,9.84,8.38,11.79,5.79,11.72
1427000,9.97,8.09,12.18,5.66,11.62
1428000,9.51,8.17,12.18,5.59,11.92
1429000,9.73,8.23,12.36,5.57,11.96
1430000,9.67,8.17,12.32,5.71,11.43
1431000,9.48,8.2,12.52,5.71,11.41
1432000,9.73,8.17,12.67,5.77,11.3
1433000,9.45,8.31,12.55,5.77,11.34
1434000,9.41,8.34,12.55,5.82,11.31
1435000,9.48,8.26,12.56,5.81,11.28
1436000,9.35,8.11,12.69,5.86,11.09
1437000,9.29,8.29,12.93,5.75,10.72
1438000,9.52,8.31,13.08,5.87,10.26
1439000,9.08,8.31,12.87,5.8,9.99
1440000,9.34,8.38,12.33,5.86,9.9
1441000,9.5,8.42,12.53,5.97,9.91
1442000,9.67,8.31,12.41,6.16,10.37
1443000,9.61,8.5,12.19,6.22,10.49
1444000,9.61,8.33,11.97,6.26,10.37
1445000,9.68,8.43,11.51,6.31,10.31
1446000,9.18,8.6,11.35,6.4,10.25
1447000,9.07,8.6,11.56,6.43,10.49
1448000,9.28,8.75,11.23,6.42,10.64
1449000,9.57,8.67,10.98,6.41,11.08
1450000,9.87,8.7,11.07,6.21,11.47
1451000,9.3,8.59,10.84,6.25,11.62
1452000,9.14,8.6,10.96,6.34,11.69
1453000,9.42,8.59,10.6,6.15,11.48
1454000,9.48,8.72,10.83,6.04,11.68
1455000,9.06,8.95,11.25,5.97,11.51
1456000,9.45,8.89,11.36,5.79,11.96
1457000,9.71,8.88,11.35,5.78,12.15
1458000,9.26,8.75,11.18,5.82,11.89
1459000,9.05,8.69,11.1,5.87,11.97
1460000,8.93,8.49,11.08,5.92,11.86
1461000,9.18,8.4,11.11,5.86,11.8
1462000,9.12,8.36,11.05,5.91,11.89
1463000,8.99,8.3,11.25,6.08,11.79
1464000,8.76,8.01,11.43,6.17,12.2
1465000,9.11,7.97,11.62,6.11,11.93
1466000,9.09,7.91,11.65,6.01,11.9
1467000,9.06,8.13,11.29,6.0,12.1
1468000,9.21,8.17,11.1,6.11,11.83
1469000,9.53,8.21,11.01,6.23,11.91
1470000,9.85,8.3,11.28,6.19,12.14
1471000,10.42,8.38,11.53,6.19,12.49
1472000,10.58,8.39,11.35,6.2,12.43
1473000,10.94,8.47,11.43,6.04,12.32
1474000,10.95,8.53,11.49,5.96,12.42
1475000,10.92,8.35,11.76,5.79,12.36
1476000,11.29,8.34,11.77,5.72,12.34
1477000,11.39,8.28,11.82,5.71,12.25
1478000,11.39,8.29,12.03,5.69,12.52
1479000,11.54,8.25,11.62,5.63,12.52
1480000,11.55,8.2,11.7,5.74,12.36
1481000,11.75,8.14,11.78,5.93,12.35
1482000,11.66,7.95,12.02,5.83,12.26
1483000,11.04,8.02,12.3,5.87,11.77
1484000,10.96,8.01,12.26,5.83,12.08
1485000,10.81,8.17,11.98,5.87,12.16
1486000,11.19,8.13,12.35,5.75,12.01
1487000,11.49,8.3,12.38,5.87,11.9
1488000,11.51,8.08,11.93,5.7,11.88
1489000,11.98,8.26,12.14,5.8,11.96
1490000,11.98,8.28,12.06,5.6,11.98
1491000,11.83,8.38,12.15,5.64,12.15
1492000,11.86,8.53,12.68,5.73,12.48
1493000,11.51,8.57,12.92,5.88,12.17
1494000,11.4,8.56,12.46,5.81,12.12
1495000,11.47,8.6,12.54,5.9,12.44
1496000,11.29,8.37,12.09,5.99,12.01
1497000,11.44,8.42,12.24,5.98,11.63
1498000,11.44,8.38,12.56,5.86,11.83
1499000,10.95,8.36,12.3,5.77,11.6
1500000,10.7,8.4,12.52,5.58,11.39
1501000,10.37,8.25,12.81,5.55,11.73
1502000,10.19,8.1,12.59,5.28,11.74
1503000,9.75,8.04,12.12,5.32,11.73
1504000,9.96,8.04,12.09,5.56,11.36
1505000,10.28,8.02,12.11,5.67,11.88
1506000,10.38,7.85,12.15,5.47,11.91
1507000,10.7,7.84,12.4,5.67,11.77
1508000,10.55,7.84,11.86,5.73,11.7
1509000,9.96,7.97,12.32,6.03,11.88
1510000,10.17,8.06,12.73,6.0,11.81
1511000,10.2,8.07,12.25,5.93,11.83
1512000,10.28,8.09,12.23,6.02,11.83
1513000,10.39,8.06,11.54,6.44,11.75
1514000,10.62,8.01,11.85,6.37,11.19
1515000,10.53,8.2,11.95,6.4,11.1
1516000,10.24,8.24,11.66,6.37,10.31
1517000,10.4,8.13,11.59,6.33,10.36
1518000,10.55,8.24,11.16,6.3,10.62
1519000,10.2,8.33,11.36,6.31,10.9
1520000,10.54,8.36,11.12,6.33,10.73
1521000,10.76,8.51,10.92,6.31,10.68
1522000,10.72,8.69,10.46,6.34,10.81
1523000,10.92,8.76,10.51,6.12,10.42
1524000,10.86,8.88,10.52,6.16,10.46
1525000,10.97,8.76,10.83,6.18,10.66
1526000,11.06,8.69,10.46,5.97,10.73
1527000,10.82,8.89,10.53,5.99,10.7
1528000,10.9,8.81,10.83,5.99,10.55
1529000,10.73,8.92,11.24,6.07,10.93
1530000,10.47,8.8,11.37,6.09,11.02
1531000,10.8,8.82,11.56,6.3,11.02
1532000,10.49,8.82,11.98,6.28,11.09
1533000,10.07,8.74,12.27,6.28,10.78
1534000,9.87,8.69,12.65,6.3,11.09
1535000,9.99,8.84,12.41,6.2,10.89
1536000,10.31,9.0,12.61,6.14,10.68
1537000,10.27,9.09,12.44,6.3,10.76
1538000,10.26,8.91,12.41,6.29,11.13
1539000,10.11,8.53,12.88,6.51,11.07
1540000,10.62,8.58,13.07,6.5,11.07
1541000,10.74,8.58,13.14,6.53,11.1
1542000,10.74,8.41,13.07,6.51,11.24
1543000,10.64,8.41,13.14,6.76,11.52
1544000,10.83,8.29,12.66,6.79,11.97
1545000,11.38,8.29,12.57,6.76,12.27
1546000,11.25,8.29,12.0,6.72,12.04
1547000,10.76,8.23,12.25,6.57,12.12
1548000,10.58,8.3,12.32,6.85,12.31
1549000,10.74,8.45,12.32,6.69,12.32
1550000,10.74,8.51,12.8,6.83,12.56
1551000,10.4,8.38,12.96,6.85,12.59
1552000,10.74,8.55,12.32,6.93,12.16
1553000,10.65,8.62,12.15,7.08,11.37
1554000,10.75,8.69,12.41,7.3,11.09
1555000,10.77,8.59,11.93,7.32,10.77
1556000,10.12,8.61,11.87,7.58,10.31
1557000,9.95,8.59,11.91,7.66,10.63
1558000,10.21,8.61,12.12,7.87,10.81
1559000,10.15,8.41,12.51,8.11,10.72
1560000,10.08,8.3,12.54,8.21,10.59
1561000,10.16,8.33,12.53,7.91,9.96
1562000,10.48,8.29,12.27,6.95,10.36
1563000,10.22,8.14,11.86,6.44,10.54
1564000,10.01,8.07,12.21,6.1,10.16
1565000,10.19,8.26,12.58,5.96,10.26
1566000,10.24,8.14,12.05,5.52,10.59
1567000,10.28,8.05,12.05,5.31,10.87
1568000,10.64,8.13,12.37,5.63,10.56
1569000,11.06,8.11,12.06,5.76,10.4
1570000,10.64,8.24,12.0,5.89,10.66
1571000,10.69,8.13,12.19,5.76,10.43
1572000,11.03,8.08,12.23,5.82,10.4
1573000,11.29,8.15,11.8,5.86,10.09
1574000,11.06,8.1,12.19,5.99,10.37
1575000,11.34,8.05,12.14,5.86,10.57
1576000,11.77,8.23,12.47,5.9,11.18
1577000,11.98,8.29,12.18,6.06,11.14
1578000,12.16,8.33,12.22,6.14,10.85
1579000,12.22,8.45,12.28,6.33,10.63
1580000,12.27,8.59,12.58,6.36,11.09
1581000,12.19,8.67,12.43,6.3,10.87
1582000,12.03,8.64,12.25,6.46,11.25
1583000,12.52,8.79,12.29,6.51,11.38
1584000,12.7,8.76,12.14,6.6,11.46
1585000,12.58,8.69,11.81,6.23,11.39
1586000,12.59,8.48,12.24,6.22,11.62
1587000,12.47,8.52,11.95,6.16,11.53
1588000,11.71,8.34,11.82,6.28,11.54
1589000,11.61,8.22,11.69,6.33,11.58
1590000,11.66,8.22,12.0,6.43,11.42
1591000,11.52,8.13,12.28,6.58,11.36
1592000,11.59,8.03,12.12,6.79,11.32
1593000,11.56,8.03,12.14,7.01,11.64
1594000,11.83,8.03,12.22,7.35,11.65
1595000,11.59,8.05,12.34,7.47,11.56
1596000,11.15,7.94,12.59,7.71,11.72
1597000,11.01,8.05,12.54,7.76,11.86
1598000,10.88,8.14,12.58,7.51,11.83
1599000,11.0,8.25,12.81,7.36,11.84
1600000,11.24,8.11,12.72,7.42,11.92
1601000,11.54,8.34,12.76,7.38,11.83
1602000,11.19,8.31,12.8,7.41,12.17
1603000,10.94,8.35,12.66,7.17,12.2
1604000,11.17,8.23,12.6,7.25,12.08
1605000,11.01,8.19,12.75,7.19,11.88
1606000,11.14,8.17,13.07,7.2,11.78
1607000,11.47,8.11,13.02,7.36,11.91
1608000,11.54,7.95,13.22,7.43,11.76
1609000,11.82,7.9,12.91,7.28,11.5
1610000,12.3,7.93,12.99,7.42,11.77
1611000,12.45,7.84,12.87,7.37,11.7
1612000,12.64,7.86,12.88,7.36,11.36
1613000,12.7,7.97,12.98,7.45,11.56
1614000,12.8,7.98,12.79,7.05,11.23
1615000,12.94,8.23,12.73,7.16,11.31
1616000,13.3,8.19,12.83,7.15,11.45
1617000,13.47,8.0,12.82,7.24,11.31
1618000,13.11,8.2,12.98,7.38,10.91
1619000,13.11,8.19,12.58,7.57,10.79
1620000,12.86,8.14,12.87,7.7,11.17
1621000,12.96,8.2,12.78,7.65,10.79
1622000,12.56,8.22,12.94,7.77,10.73
1623000,12.68,8.34,13.22,7.85,10.62
1624000,12.82,8.28,13.03,8.0,10.68
1625000,13.05,8.22,13.49,8.14,10.96
1626000,12.64,8.18,13.66,7.93,10.93
1627000,12.21,8.26,13.37,7.71,10.85
1628000,11.74,8.31,13.86,7.7,10.71
1629000,11.55,8.3,14.1,7.74,11.15
1630000,11.82,8.36,13.72,7.54,11.64
1631000,11.84,8.34,13.84,7.44,11.66
1632000,11.94,8.32,13.47,7.34,11.26
1633000,12.1,8.24,13.31,6.92,11.39
1634000,12.48,8.27,13.26,6.81,11.38
1635000,12.48,8.22,12.77,6.85,11.44
1636000,12.34,8.5,13.06,6.89,11.2
1637000,11.98,8.42,12.73,6.94,10.99
1638000,11.96,8.67,12.46,7.2,10.75
1639000,11.96,8.66,12.04,7.22,10.78
1640000,12.49,8.59,11.81,7.2,10.23
1641000,12.27,8.65,11.52,7.35,9.87
1642000,12.46,8.73,11.47,7.35,9.72
1643000,11.94,8.71,11.59,7.67,9.98
1644000,12.24,8.59,11.43,7.6,9.87
1645000,11.54,8.72,12.04,7.3,9.99
1646000,11.41,8.53,11.53,7.44,10.16
1647000,11.35,8.58,11.71,6.93,10.25
1648000,10.97,8.42,11.21,6.96,10.36
1649000,10.91,8.45,11.41,7.07,10.11
1650000,11.23,8.51,11.74,7.28,10.47
1651000,11.2,8.4,12.05,7.4,10.74
1652000,11.38,8.39,12.07,7.31,10.85
1653000,11.38,8.41,11.97,7.43,11.18
1654000,11.39,8.46,11.97,7.52,11.02
1655000,11.53,8.29,11.48,7.5,10.88
1656000,11.17,8.29,11.4,7.84,11.31
1657000,11.58,8.27,11.43,7.91,11.23
1658000,11.52,8.28,11.57,7.89,11.09
1659000,11.78,8.41,11.5,7.77,11.34
1660000,11.97,8.35,11.91,7.74,11.59
1661000,12.5,8.44,12.4,7.64,11.86
1662000,12.85,8.46,12.18,7.67,11.88
1663000,12.78,8.51,11.37,7.64,11.98
1664000,12.65,8.54,11.36,7.68,11.99
1665000,12.51,8.68,11.59,7.78,12.02
1666000,12.73,8.79,11.75,7.93,12.29
1667000,12.95,8.72,12.11,7.69,12.62
1668000,13.3,8.63,12.46,7.67,12.23
1669000,12.88,8.48,12.22,7.65,12.48
1670000,12.34,8.56,12.03,7.29,12.6
1671000,12.0,8.64,12.06,7.35,12.61
1672000,12.11,8.74,11.61,7.16,12.38
1673000,12.32,8.62,11.17,6.8,12.1
1674000,12.12,8.59,11.23,6.82,12.28
1675000,11.87,8.61,11.6,7.01,12.16
1676000,12.08,8.66,11.92,7.01,12.08
1677000,12.38,8.74,11.56,6.96,12.05
1678000,12.53,8.75,11.59,7.29,12.15
1679000,12.28,8.77,11.44,7.5,12.32
1680000,12.28,8.6,11.04,7.55,11.97
1681000,12.21,8.47,11.34,7.77,11.81
1682000,12.38,8.44,11.19,7.83,11.69
1683000,12.62,8.56,11.13,7.47,11.47
1684000,12.81,8.71,11.28,7.53,11.44
1685000,12.74,8.74,11.7,7.55,11.19
1686000,12.54,8.51,11.85,7.34,10.93
1687000,12.48,8.48,11.77,7.21,11.11
1688000,12.55,8.4,11.65,7.37,10.5
1689000,11.72,8.56,11.65,7.39,10.14
1690000,11.56,8.53,12.34,7.29,9.93
1691000,11.66,8.27,12.65,7.47,10.22
1692000,11.5,7.85,12.34,7.54,10.07
1693000,11.35,7.69,12.53,7.48,10.34
1694000,11.64,7.6,12.85,7.53,10.16
1695000,11.6,7.68,12.79,7.66,10.11
1696000,11.71,7.76,12.88,7.87,10.36
1697000,11.99,7.92,12.99,7.91,10.56
1698000,11.59,7.72,12.58,7.88,10.41
1699000,11.77,7.77,12.54,7.79,10.6
1700000,12.03,7.95,12.4,7.96,10.72
1701000,12.31,8.05,12.18,7.89,10.86
1702000,12.85,8.27,11.89,7.98,11.04
1703000,13.04,8.34,11.77,7.88,10.95
1704000,13.24,8.29,11.51,7.94,10.7
1705000,13.15,8.28,11.99,7.99,10.8
1706000,13.01,8.13,11.71,7.98,11.11
1707000,13.44,8.13,11.52,7.76,10.91
1708000,13.66,8.24,11.54,7.57,10.83
1709000,13.9,8.19,11.53,7.6,10.9
1710000,14.01,8.26,11.65,7.56,11.34
1711000,14.02,8.3,11.6,7.52,11.3
1712000,14.37,8.26,11.56,7.32,11.46
1713000,14.61,8.33,12.01,7.47,10.9
1714000,14.39,8.41,12.24,7.37,10.97
1715000,14.2,8.48,11.94,7.48,10.83
1716000,14.06,8.55,12.13,7.37,11.07
1717000,14.01,8.5,12.18,7.32,11.17
1718000,14.22,8.56,11.85,7.24,11.2
1719000,14.18,8.77,11.95,7.06,11.57
1720000,14.29,8.82,12.09,7.4,11.85
1721000,14.04,8.79,11.74,7.12,11.56
1722000,13.64,8.91,11.95,7.42,11.53
1723000,13.77,9.06,11.95,7.19,11.57
1724000,13.78,9.09,11.69,7.5,11.56
1725000,13.7,9.16,11.24,7.71,11.59
1726000,13.58,8.93,11.32,7.48,11.52
1727000,13.67,9.06,11.26,7.74,11.63
1728000,14.02,8.91,11.62,7.84,11.42
1729000,13.9,9.02,11.64,7.85,11.66
1730000,14.14,8.84,11.43,8.01,11.65
1731000,14.23,8.79,11.69,7.77,11.53
1732000,14.49,8.74,11.7,7.77,11.71
1733000,14.73,8.48,12.28,7.4,12.12
1734000,14.79,8.27,12.23,7.48,12.11
1735000,14.83,8.22,12.73,7.86,12.24
1736000,15.01,8.29,12.51,7.62,11.99
1737000,15.42,8.33,12.5,7.52,12.22
1738000,15.2,8.4,12.67,7.5,12.0
1739000,15.03,8.29,12.62,7.27,11.9
1740000,15.02,8.3,12.8,7.18,12.17
1741000,14.73,8.32,12.98,7.47,12.43
1742000,14.6,8.4,13.04,7.63,12.37
1743000,14.27,8.49,13.03,7.71,11.89
1744000,14.38,8.65,12.75,7.66,11.89
1745000,14.45,8.66,12.73,7.49,11.61
1746000,13.88,8.57,12.2,7.68,11.51
1747000,13.9,8.74,11.59,7.63,11.48
1748000,13.76,8.94,11.17,7.64,11.34
1749000,13.7,9.0,11.1,7.55,11.11
1750000,13.3,9.06,11.29,7.53,10.96
1751000,13.03,8.91,11.24,7.35,11.05
1752000,13.06,8.92,11.09,7.36,11.31
1753000,12.55,8.77,10.74,7.48,11.27
1754000,12.83,8.74,10.9,7.65,11.34
1755000,12.98,8.81,11.05,7.46,11.6
1756000,13.19,8.84,10.62,7.49,11.38
1757000,12.84,8.86,10.44,7.38,11.51
1758000,12.65,8.63,10.71,6.93,11.49
1759000,12.59,8.64,10.99,6.89,11.23
1760000,12.62,8.66,11.1,6.81,11.59
1761000,12.63,8.56,11.53,6.16,11.86
1762000,12.43,8.6,11.45,6.07,12.19
1763000,12.06,8.49,11.66,5.88,12.39
1764000,12.61,8.45,11.65,5.98,12.16
1765000,12.81,8.35,11.37,5.97,12.41
1766000,12.99,8.31,11.69,6.28,12.54
1767000,12.78,8.22,11.54,6.56,12.15
1768000,12.53,8.32,11.46,6.71,12.12
1769000,12.38,8.29,11.84,7.13,12.01
1770000,12.9,8.27,12.0,7.5,11.97
1771000,12.71,8.41,12.27,7.74,12.05
1772000,12.81,8.27,12.23,8.05,12.18
1773000,13.3,8.63,12.45,8.28,12.78
1774000,13.14,8.66,11.94,8.54,12.62
1775000,13.57,8.7,11.45,8.53,11.8
1776000,13.58,8.29,11.53,8.02,11.84
1777000,14.19,8.25,11.38,8.11,11.48
1778000,13.79,8.31,11.5,8.06,11.49
1779000,13.32,8.15,11.56,8.05,11.44
1780000,13.77,8.18,11.83,8.03,11.08
1781000,14.08,8.28,12.12,7.9,10.94
1782000,13.68,8.34,11.9,7.56,11.07
1783000,13.72,8.21,11.53,7.91,11.1
1784000,13.51,8.11,11.82,7.88,10.87
1785000,13.39,8.27,11.69,8.29,10.51
1786000,13.15,8.53,11.57,7.95,10.83
1787000,12.59,8.46,11.94,7.87,10.93
1788000,12.9,8.34,11.9,7.72,10.89
1789000,12.87,8.46,11.87,7.95,10.99
1790000,12.23,8.45,12.13,7.95,11.2
1791000,12.55,8.36,11.08,8.02,11.1
1792000,12.86,8.42,10.7,7.94,11.36
1793000,12.45,8.52,10.7,8.02,11.38
1794000,12.4,8.64,10.68,7.72,11.6
1795000,12.86,8.67,10.5,7.92,11.76
1796000,12.97,8.85,10.14,8.09,11.69
1797000,12.81,8.95,9.7,8.16,12.1
1798000,13.0,8.94,8.99,7.73,12.31
1799000,12.96,8.88,8.67,7.83,12.52
1800000,12.92,8.72,8.98,7.91,12.65
1801000,12.79,8.61,9.24,7.57,12.53
1802000,13.16,8.34,9.3,7.7,12.16
1803000,13.09,8.33,8.97,7.57,12.44
1804000,13.16,8.35,9.54,7.63,12.54
1805000,13.44,8.22,9.78,7.72,12.74
1806000,12.94,8.15,10.04,7.69,12.51
1807000,13.29,8.17,10.51,7.77,12.43
1808000,13.16,8.12,10.97,7.67,12.41
1809000,12.91,8.21,11.21,7.94,12.29
1810000,12.85,8.41,10.97,8.06,12.26
1811000,12.71,8.55,10.86,7.9,11.82
1812000,12.91,8.87,10.55,8.2,11.88
1813000,12.52,8.85,10.3,8.4,11.99
1814000,12.44,8.77,9.69,8.05,11.92
1815000,12.62,8.73,8.93,8.25,11.43
1816000,12.75,8.87,8.3,8.06,11.44
1817000,13.03,8.79,7.72,8.09,11.39
1818000,12.8,8.62,7.92,8.12,11.2
1819000,13.0,8.72,8.2,8.47,11.41
1820000,12.59,8.74,8.27,8.37,11.85
1821000,12.62,8.79,8.14,7.97,11.81
1822000,12.82,8.69,7.65,7.87,11.64
1823000,12.84,8.5,8.01,7.98,11.21
1824000,12.36,8.63,7.89,7.97,11.0
1825000,12.4,8.61,8.14,8.22,10.92
1826000,12.7,8.6,7.99,8.45,11.1
1827000,12.6,8.62,7.64,8.46,11.31
1828000,12.67,8.79,7.43,8.45,11.57
1829000,12.63,8.59,7.57,8.26,11.58
1830000,12.64,8.51,7.85,8.39,10.84
1831000,12.57,8.76,7.62,8.61,10.39
1832000,12.44,8.37,7.64,8.89,10.37
1833000,13.18,8.52,7.82,8.73,10.58
1834000,12.79,8.56,7.53,8.49,10.82
1835000,12.42,8.47,7.76,8.73,10.62
1836000,12.82,8.57,7.41,8.48,10.64
1837000,12.87,8.74,7.27,8.26,10.75
1838000,13.15,8.57,6.97,8.26,10.84
1839000,13.5,8.74,6.67,8.51,10.65
1840000,13.84,8.87,6.58,8.46,10.53
1841000,13.8,8.67,6.58,8.11,11.04
1842000,13.64,8.68,6.59,8.54,11.6
1843000,13.81,8.82,6.65,8.66,11.46
1844000,14.28,8.91,6.81,8.53,11.08
1845000,14.56,8.82,6.76,8.45,11.21
1846000,14.72,8.75,6.86,8.61,11.19
1847000,14.39,8.46,7.34,8.92,11.59
1848000,14.45,8.58,7.46,9.2,11.25
1849000,14.61,8.49,7.53,9.43,11.13
1850000,15.36,8.37,7.41,9.35,11.4
1851000,15.12,8.49,7.0,9.67,11.37
1852000,15.51,8.66,6.9,9.33,11.86
1853000,14.9,8.6,6.9,9.42,11.96
1854000,14.93,8.44,6.98,9.23,11.7
1855000,14.71,8.54,6.67,8.9,12.08
1856000,14.45,8.7,6.78,8.67,11.97
1857000,14.06,8.88,6.98,8.31,12.05
1858000,14.07,8.75,7.24,8.18,12.07
1859000,14.16,8.72,7.48,8.19,12.07
1860000,14.34,8.74,7.71,7.89,12.4
1861000,14.31,8.7,7.86,8.02,12.11
1862000,14.63,8.43,7.77,7.4,12.23
1863000,14.49,8.56,7.73,7.7,12.07
1864000,14.15,8.55,7.42,7.8,11.21
1865000,14.07,8.34,7.36,7.64,11.71
1866000,14.08,8.29,7.17,7.35,11.28
1867000,14.21,8.21,7.07,7.66,11.29
1868000,14.05,8.26,6.62,7.93,10.95
1869000,14.06,8.3,6.89,7.83,10.76
1870000,14.41,8.29,6.95,8.19,10.88
1871000,14.93,8.25,7.1,8.5,10.77
1872000,14.76,8.36,7.28,8.81,10.92
1873000,14.35,8.45,6.99,9.27,10.84
1874000,13.52,8.53,6.76,9.29,10.61
1875000,13.75,8.55,6.87,9.21,10.67
1876000,13.85,8.72,7.29,9.29,10.49
1877000,14.08,8.63,7.04,9.21,10.36
1878000,14.2,8.76,6.65,9.03,10.7
1879000,14.57,8.66,6.85,9.03,10.77
1880000,14.71,8.52,6.76,9.19,10.93
1881000,14.4,8.55,7.16,8.7,10.35
1882000,14.91,8.54,7.18,8.45,10.16
1883000,15.4,8.33,7.45,8.1,9.79
1884000,15.38,8.14,7.56,7.88,9.82
1885000,15.15,8.13,7.66,7.76,10.22
1886000,15.37,8.28,8.02,7.35,10.37
1887000,15.53,8.2,7.83,7.4,10.79
1888000,15.5,8.13,7.85,7.15,10.55
1889000,15.92,8.24,7.86,6.86,10.34
1890000,15.9,8.12,7.81,6.74,10.56
1891000,15.4,8.09,7.49,6.81,10.54
1892000,15.38,8.08,7.48,6.59,10.37
1893000,15.3,8.39,7.31,6.27,10.39
1894000,15.13,8.46,7.16,6.06,10.77
1895000,14.76,8.35,7.22,5.87,10.85
1896000,14.5,8.2,6.8,6.01,10.64
1897000,14.66,8.26,6.98,6.19,10.2
1898000,14.66,8.19,7.0,6.67,10.15
1899000,14.46,8.18,7.17,6.79,10.68
1900000,14.79,8.44,7.47,7.36,10.39
1901000,14.61,8.42,7.23,7.36,10.59
1902000,14.89,8.37,7.39,7.83,10.39
1903000,14.47,8.38,7.59,8.24,10.76
1904000,14.52,8.41,7.9,8.51,11.11
1905000,14.29,8.4,8.06,8.66,11.03
1906000,14.86,8.37,7.99,8.81,10.9
1907000,14.89,8.58,8.29,8.71,11.19
1908000,15.09,8.55,8.3,8.44,11.26
1909000,14.92,8.77,8.4,8.46,11.49
1910000,14.88,8.8,8.38,8.3,11.54
1911000,15.11,8.66,8.7,8.2,11.31
1912000,14.6,8.72,8.3,7.63,11.64
1913000,14.58,8.85,7.91,7.5,11.95
1914000,14.22,8.95,7.94,7.65,11.93
1915000,13.79,8.62,7.77,8.03,11.93
1916000,13.51,8.6,7.47,8.09,11.84
1917000,14.07,8.49,7.4,8.29,12.01
1918000,14.25,8.53,7.0,8.49,12.35
1919000,14.52,8.52,7.0,8.64,12.17
1920000,14.33,8.57,7.27,8.71,12.21
1921000,14.39,8.63,7.73,8.89,12.02
1922000,14.46,8.61,7.68,9.28,12.06
1923000,14.14,8.66,7.99,9.71,12.12
1924000,14.63,8.53,8.14,9.75,11.6
1925000,14.76,8.79,8.3,9.31,11.67
1926000,14.81,8.81,8.25,9.1,11.62
1927000,14.82,8.95,8.4,8.76,11.47
1928000,14.98,8.87,8.69,8.87,11.25
1929000,15.27,8.95,8.86,8.99,10.61
1930000,15.69,8.7,8.71,9.14,10.2
1931000,15.54,8.67,8.42,9.02,10.38
1932000,15.32,8.5,8.37,9.07,10.39
1933000,14.96,8.48,8.21,8.79,10.34
1934000,14.59,8.48,8.17,9.02,10.79
1935000,14.61,8.51,8.12,8.96,10.65
1936000,14.33,8.73,8.26,8.39,10.68
1937000,14.52,8.57,8.18,7.59,10.54
1938000,14.24,8.52,8.02,7.0,10.52
1939000,14.25,8.41,8.13,6.12,10.76
1940000,14.18,8.29,8.22,6.18,11.02
1941000,13.85,8.37,8.23,5.99,11.59
1942000,13.97,8.39,8.33,6.37,11.81
1943000,13.98,8.43,8.29,6.78,11.86
1944000,14.03,8.54,8.48,7.23,11.85
1945000,14.62,8.16,8.62,7.75,11.85
1946000,14.86,8.03,8.5,8.16,11.71
1947000,14.59,8.15,8.91,8.67,11.92
1948000,14.88,7.99,8.74,9.03,12.09
1949000,15.45,8.06,8.53,9.5,11.94
1950000,15.42,8.17,8.57,9.65,11.83
1951000,15.57,8.23,8.64,9.66,11.43
1952000,15.68,8.23,9.0,9.37,10.99
1953000,15.23,8.11,9.09,9.5,11.17
1954000,14.94,8.23,9.12,9.37,11.14
1955000,15.08,8.28,9.31,9.44,11.29
1956000,15.26,8.53,9.32,9.27,11.28
1957000,15.13,8.43,9.03,9.24,10.58
1958000,14.82,8.67,9.1,9.13,10.47
1959000,14.21,8.65,9.54,9.1,10.49
1960000,13.91,8.67,9.39,8.87,11.01
1961000,14.38,8.51,9.55,8.92,10.88
1962000,13.98,8.31,9.62,9.29,10.92
1963000,13.84,8.43,9.43,9.27,10.81
1964000,13.61,8.34,9.31,9.28,10.45
1965000,13.42,8.33,9.01,9.48,10.68
1966000,13.5,8.06,8.76,9.5,10.66
1967000,13.96,8.23,8.8,9.47,10.54
1968000,14.25,8.08,8.91,9.46,11.09
1969000,14.72,8.16,8.93,9.65,11.37
1970000,14.43,8.28,8.83,9.44,11.61
1971000,14.81,8.43,8.65,9.54,11.38
1972000,14.41,8.5,9.0,9.38,11.19
1973000,15.07,8.39,9.01,9.4,11.2
1974000,15.0,8.39,9.45,9.3,11.16
1975000,15.19,8.47,9.49,9.12,11.19
1976000,14.64,8.47,9.57,9.24,10.71
1977000,14.74,8.38,9.75,9.01,10.72
1978000,14.73,8.43,9.39,9.0,10.95
1979000,15.06,8.22,9.12,8.85,11.39
1980000,15.07,8.22,8.97,8.99,11.24
1981000,15.01,8.24,8.72,8.88,11.1
1982000,15.09,8.27,8.61,9.28,11.03
1983000,14.93,8.24,7.99,9.2,11.44
1984000,14.92,8.3,7.54,9.3,11.06
1985000,15.14,8.35,7.72,9.82,11.47
1986000,15.16,8.39,7.89,9.94,11.34
1987000,15.7,8.37,7.74,9.98,11.37
1988000,15.52,8.41,7.85,10.11,11.38
1989000,15.85,8.58,8.14,10.0,11.43
1990000,15.68,8.8,7.89,9.94,11.5
1991000,15.85,8.73,7.81,9.95,11.02
1992000,16.02,8.82,7.99,9.75,11.06
1993000,16.48,8.84,8.46,9.74,10.74
1994000,16.24,8.87,8.96,10.12,10.46
1995000,16.2,8.93,8.44,9.47,10.95
1996000,16.23,8.77,9.03,9.31,10.99
1997000,16.57,8.72,8.89,9.07,11.13
1998000,16.39,8.84,9.23,9.09,11.15
1999000,16.19,8.81,9.04,8.8,11.33
2000000,15.92,9.0,9.1,8.16,11.36
2001000,15.44,9.02,9.01,7.72,11.43
2002000,15.48,9.12,9.28,6.79,11.41
2003000,15.53,9.22,8.82,7.05,11.51
2004000,15.36,9.26,8.83,7.08,11.77
2005000,14.9,9.11,8.95,6.92,12.26
2006000,14.47,9.14,8.63,6.94,12.6
2007000,14.47,9.23,8.63,7.22,12.83
2008000,14.21,9.14,8.75,7.37,12.88
2009000,14.42,9.17,8.72,7.96,13.01
2010000,14.3,8.91,8.74,8.17,13.14
2011000,14.5,8.89,8.3,8.69,13.51
2012000,14.29,8.86,8.76,8.76,13.26
2013000,14.26,8.64,8.61,8.77,13.43
2014000,14.42,8.37,8.78,9.06,13.26
2015000,14.48,8.55,8.66,9.46,13.23
2016000,14.65,8.62,8.87,9.4,13.05
2017000,14.55,8.51,8.91,9.43,13.05
2018000,14.74,8.64,8.43,9.82,12.79
2019000,14.71,8.56,8.47,9.58,12.38
2020000,14.91,8.42,8.84,9.68,12.37
2021000,14.61,8.32,8.85,9.8,12.18
2022000,13.95,8.18,9.0,9.67,12.28
2023000,14.16,8.15,8.97,9.83,11.96
2024000,14.51,8.22,8.51,10.16,11.66
2025000,14.19,8.29,8.8,10.26,11.64
2026000,14.27,8.22,8.48,10.36,11.6
2027000,13.83,8.04,8.8,10.18,11.63
2028000,13.84,7.94,8.98,9.75,11.61
2029000,13.96,8.01,8.81,9.92,11.44
2030000,14.17,8.13,8.89,10.03,11.62
2031000,14.64,8.2,8.59,9.65,11.73
2032000,14.07,8.26,8.23,9.34,11.74
2033000,13.91,8.46,8.47,8.66,11.94
2034000,13.95,8.41,8.25,8.33,11.64
2035000,14.17,8.35,8.48,8.19,11.45
2036000,14.66,8.37,8.47,8.27,11.35
2037000,14.64,8.49,8.59,8.28,11.29
2038000,14.61,8.56,9.04,8.1,11.26
2039000,14.08,8.63,9.05,7.99,11.1
2040000,13.78,8.66,8.83,8.13,11.24
2041000,14.32,8.46,8.7,8.19,11.16
2042000,13.96,8.62,8.7,8.42,10.99
2043000,13.95,8.42,8.75,8.76,10.94
2044000,13.43,8.52,8.56,8.91,10.74
2045000,13.31,8.52,8.74,9.06,11.01
2046000,13.47,8.57,8.76,9.5,10.69
2047000,13.03,8.55,8.31,9.88,10.96
2048000,13.53,8.46,8.33,10.17,11.29
2049000,13.44,8.4,8.48,10.56,11.33
2050000,13.55,8.52,8.46,10.86,11.55
2051000,13.82,8.53,8.39,10.71,11.86
2052000,13.88,8.6,8.42,11.05,11.82
2053000,14.36,8.77,8.53,11.19,11.81
2054000,14.65,8.77,8.9,11.43,12.02
2055000,13.94,8.74,8.92,11.39,12.04
2056000,13.42,8.6,9.2,11.59,12.27
2057000,13.45,8.74,9.28,11.49,12.07
2058000,13.54,8.76,9.54,11.21,11.85
2059000,13.45,8.62,9.53,10.8,12.02
2060000,13.74,8.73,9.77,10.49,11.83
2061000,13.56,8.67,10.25,10.09,11.56
2062000,13.37,8.54,10.38,10.38,11.41
2063000,12.96,8.66,10.69,10.35,11.26
2064000,12.56,8.72,10.77,10.15,11.4
2065000,12.09,8.81,11.02,9.85,11.54
2066000,12.08,8.8,10.76,9.5,11.83
2067000,12.58,8.79,10.45,9.28,11.73
2068000,13.0,8.84,10.7,9.41,11.6
2069000,12.75,8.94,10.54,9.51,11.6
2070000,13.08,8.98,10.31,9.65,12.03
2071000,13.18,8.83,10.24,9.82,11.42
2072000,13.77,8.92,10.05,9.95,11.9
2073000,13.95,8.91,10.08,10.12,12.06
2074000,13.92,8.75,9.66,10.03,11.88
2075000,13.87,8.85,8.84,10.09,11.39
2076000,14.06,8.8,8.67,9.86,11.56
2077000,14.48,8.87,8.35,10.07,11.44
2078000,14.58,8.97,7.82,10.05,10.92
2079000,15.07,9.05,7.92,10.02,10.66
2080000,15.5,9.07,7.81,10.09,10.74
2081000,15.71,9.07,8.17,10.02,10.66
2082000,15.15,9.12,8.32,9.91,11.04
2083000,15.12,9.17,8.18,9.38,11.08
2084000,15.52,9.17,8.94,9.39,10.56
2085000,15.04,9.16,9.1,9.46,10.48
2086000,15.02,9.24,9.49,9.78,10.35
2087000,14.22,9.03,9.74,10.02,10.01
2088000,14.17,8.99,10.09,9.94,10.22
2089000,14.39,8.91,9.96,10.06,10.21
2090000,14.64,8.82,10.13,10.12,10.09
2091000,14.37,8.95,10.25,9.81,9.98
2092000,14.38,9.06,10.06,9.82,9.64
2093000,14.12,8.85,9.98,9.82,9.54
2094000,13.16,8.87,10.14,10.11,9.82
2095000,13.51,8.86,9.8,10.27,10.2
2096000,13.75,8.87,9.56,10.23,10.34
2097000,13.72,8.89,9.61,9.89,10.15
2098000,13.56,8.95,9.93,9.98,9.99
2099000,13.88,8.73,9.92,10.27,10.08
2100000,14.13,8.69,9.81,9.9,10.24
2101000,14.35,8.62,9.42,10.16,10.29
2102000,14.5,8.53,9.05,10.51,10.38
2103000,14.96,8.58,9.04,10.57,10.42
2104000,14.81,8.59,8.69,10.21,10.71
2105000,14.24,8.52,8.59,10.27,10.96
2106000,14.37,8.46,8.2,10.22,10.98
2107000,14.01,8.55,8.21,10.85,10.7
2108000,14.27,8.6,8.15,10.88,10.96
2109000,13.93,8.39,8.29,11.21,10.95
2110000,13.78,8.21,8.6,11.04,11.21
2111000,13.64,8.19,8.74,11.26,11.37
2112000,13.54,8.13,9.19,10.96,10.95
2113000,13.5,8.28,9.06,11.05,10.93
2114000,13.27,7.94,9.47,11.13,11.01
2115000,13.51,7.67,9.87,11.4,11.09
2116000,13.68,7.63,10.2,11.33,10.81
2117000,13.62,7.62,10.34,11.51,10.55
2118000,13.53,7.88,10.31,10.86,10.81
2119000,13.63,7.97,10.61,10.9,10.83
2120000,14.06,8.07,10.28,10.54,10.76
2121000,14.58,8.21,9.96,10.67,10.67
2122000,14.39,8.19,9.56,10.75,10.48
2123000,14.51,8.08,9.65,10.48,10.61
2124000,14.84,8.33,9.2,10.07,10.78
2125000,14.3,8.67,8.84,10.17,10.74
2126000,14.22,8.62,8.38,10.4,10.64
2127000,14.38,8.48,8.05,10.61,10.83
2128000,14.27,8.53,7.62,10.25,10.79
2129000,14.45,8.79,7.91,10.14,10.68
2130000,14.45,8.73,7.96,9.84,10.77
2131000,14.45,8.69,8.26,9.88,10.6
2132000,14.39,8.63,8.13,9.9,10.45
2133000,14.66,8.7,7.78,9.89,10.77
2134000,14.44,8.68,8.31,10.25,10.71
2135000,14.28,8.5,8.93,10.65,10.64
2136000,14.44,8.42,8.7,10.51,10.73
2137000,14.63,8.29,9.15,10.25,10.93
2138000,14.95,8.14,9.27,10.34,11.11
2139000,14.89,7.99,9.02,10.34,10.68
2140000,15.4,7.99,9.2,10.35,10.6
2141000,15.4,8.04,9.17,10.29,10.34
2142000,15.61,7.98,9.18,10.72,10.47
2143000,15.23,7.96,9.19,10.62,10.77
2144000,15.32,7.95,9.08,10.45,10.72
2145000,15.48,7.95,9.17,10.61,10.71
2146000,15.46,8.01,9.57,10.62,11.05
2147000,15.85,8.24,9.52,10.94,11.1
2148000,16.22,8.29,9.38,10.58,10.82
2149000,15.9,8.47,9.64,10.54,10.66
2150000,15.69,8.44,9.66,10.65,10.87
2151000,15.52,8.2,9.76,10.75,11.26
2152000,15.31,8.35,10.09,10.89,11.3
2153000,15.11,8.32,10.18,10.69,11.61
2154000,15.48,8.4,9.9,10.75,11.12
2155000,15.44,8.41,9.93,10.59,10.91
2156000,15.51,8.46,9.91,10.24,10.8
2157000,15.37,8.38,9.55,10.42,10.73
2158000,15.67,8.41,9.66,10.18,10.57
2159000,15.71,8.19,9.68,10.26,10.94
2160000,16.06,8.39,9.91,9.99,10.96
2161000,15.4,8.53,10.06,9.75,10.6
2162000,15.52,8.68,9.72,10.13,10.9
2163000,15.43,8.56,9.58,10.12,10.95
2164000,15.21,8.67,9.95,10.34,11.26
2165000,15.17,8.63,9.98,10.33,11.46
2166000,15.02,8.72,9.73,10.37,11.36
2167000,14.78,8.83,10.02,10.14,11.67
2168000,14.44,8.76,9.88,9.9,11.43
2169000,14.07,8.81,9.89,10.09,11.7
2170000,14.21,8.97,9.55,10.25,11.86
2171000,14.45,8.78,8.84,10.3,11.45
2172000,14.32,8.68,8.57,9.94,11.72
2173000,14.28,8.94,8.62,10.06,12.06
2174000,14.15,8.95,8.62,10.02,11.9
2175000,14.5,8.71,8.68,9.67,11.35
2176000,14.63,8.58,8.41,9.65,11.32
2177000,14.4,8.38,8.48,9.39,11.47
2178000,14.41,8.45,8.08,9.06,11.63
2179000,14.76,8.49,8.21,9.11,11.66
2180000,14.86,8.38,8.69,9.32,11.88
2181000,15.13,8.42,8.22,9.43,11.55
2182000,15.86,8.44,8.37,9.76,11.85
2183000,15.81,8.53,8.49,9.38,11.84
2184000,15.55,8.71,8.52,9.29,11.25
2185000,15.53,8.75,8.46,9.49,11.16
2186000,15.63,8.91,8.41,9.59,11.21
2187000,15.58,9.03,8.55,10.05,11.32
2188000,15.6,9.23,8.51,10.14,11.18
2189000,15.67,9.21,8.73,10.27,11.12
2190000,15.48,9.12,9.25,10.22,11.25
2191000,14.72,9.29,9.39,10.28,11.45
2192000,14.91,9.3,9.65,10.2,11.35
2193000,15.05,9.1,9.71,10.44,10.98
2194000,14.88,8.61,9.5,10.58,11.12
2195000,15.23,8.52,9.86,10.97,11.17
2196000,15.3,8.29,10.24,11.08,11.53
2197000,15.18,8.21,9.97,11.34,11.64
2198000,15.19,8.28,10.25,11.32,11.33
2199000,15.25,8.11,10.16,11.5,11.46
2200000,15.45,7.66,9.39,11.66,11.32
2201000,15.38,7.75,9.2,11.3,10.94
2202000,14.83,7.73,8.72,10.72,10.33
2203000,14.57,7.79,8.73,10.41,10.46
2204000,14.88,7.94,8.95,10.05,10.79
2205000,15.17,7.98,8.58,9.98,11.09
2206000,15.31,8.08,8.49,9.81,11.25
2207000,15.17,7.82,7.94,10.02,10.17
2208000,14.88,7.85,7.87,9.6,10.05
2209000,14.99,8.03,8.09,9.55,10.15
2210000,14.96,8.01,7.96,9.42,10.33
2211000,14.63,8.1,8.04,9.72,10.66
2212000,14.83,8.1,8.18,9.93,11.19
2213000,15.14,8.23,7.81,10.31,11.28
2214000,14.76,8.16,7.78,10.91,10.93
2215000,14.59,8.36,7.64,10.86,10.6
2216000,14.79,8.46,7.86,11.15,10.25
2217000,15.33,8.56,7.86,10.78,10.2
2218000,15.41,8.61,7.53,10.81,10.76
2219000,15.27,8.54,7.35,10.74,10.86
2220000,15.11,8.64,6.62,10.9,10.77
2221000,15.56,8.57,5.94,10.99,10.3
2222000,15.35,8.35,4.98,10.85,10.15
2223000,15.47,8.39,3.81,10.58,9.82
2224000,15.33,8.39,3.14,10.38,9.73
2225000,15.37,8.28,2.98,10.55,10.04
2226000,15.9,8.31,3.0,10.48,10.41
2227000,15.35,8.28,3.09,10.36,10.52
2228000,15.38,8.35,3.26,10.62,10.71
2229000,15.52,8.51,3.56,10.51,10.48
2230000,15.88,8.35,3.67,10.69,10.34
2231000,15.81,8.45,3.78,10.22,10.35
2232000,16.15,8.69,4.0,10.44,10.9
2233000,15.97,8.81,4.21,10.28,11.08
2234000,15.88,8.72,4.43,10.34,11.13
2235000,15.95,8.57,4.7,9.93,11.07
2236000,15.81,8.29,4.96,9.64,11.36
2237000,15.7,8.31,5.2,9.99,11.46
2238000,15.79,8.32,5.35,9.89,10.89
2239000,15.65,8.39,5.23,9.87,11.16
2240000,15.89,8.52,5.28,10.0,11.36
2241000,15.68,8.48,5.32,10.12,11.8
2242000,15.62,8.32,5.49,10.0,11.91
2243000,15.92,8.21,5.6,9.52,11.91
2244000,15.96,8.17,5.88,9.83,11.39
2245000,16.14,8.51,6.1,10.02,11.52
2246000,15.8,8.67,6.2,10.36,11.55
2247000,15.81,8.55,6.47,10.64,11.43
2248000,15.56,8.71,6.32,10.19,11.33
2249000,15.52,8.75,6.45,10.69,11.36
2250000,15.6,8.78,6.49,10.77,10.76
2251000,15.37,8.68,6.21,10.28,10.47
2252000,15.26,8.8,6.0,10.19,10.07
2253000,15.64,8.89,6.09,10.56,10.23
2254000,15.3,8.92,6.11,10.79,10.34
2255000,15.18,8.94,6.25,10.48,10.55
2256000,15.24,8.88,6.47,10.79,10.74
2257000,15.38,9.08,6.26,10.9,10.96
2258000,15.14,8.99,6.49,10.95,11.4
2259000,14.61,8.92,6.59,10.88,11.11
2260000,14.31,8.89,6.83,10.91,10.87
2261000,14.61,8.94,6.94,10.9,11.26
2262000,14.69,9.16,6.89,11.14,11.49
2263000,14.94,9.14,7.07,10.86,11.62
2264000,14.56,9.17,6.96,11.05,11.42
2265000,14.41,9.24,7.22,11.32,11.53
2266000,14.61,9.34,7.41,11.6,11.39
2267000,14.48,9.46,7.63,11.66,11.14
2268000,14.4,9.29,7.66,11.73,10.68
2269000,14.29,9.43,7.77,11.09,10.47
2270000,13.86,9.56,7.84,11.31,10.41
2271000,14.08,9.38,8.29,11.15,10.5
2272000,13.91,9.46,8.39,11.24,10.36
2273000,13.76,9.22,8.33,11.34,9.95
2274000,14.08,9.19,8.44,11.14,9.91
2275000,13.87,9.22,8.34,11.28,9.5
2276000,14.14,8.95,8.62,11.1,9.41
2277000,13.65,8.9,8.23,10.91,9.73
2278000,13.82,8.93,8.34,10.46,9.51
2279000,14.15,8.82,8.45,10.22,9.36
2280000,13.79,8.72,8.3,10.2,8.89
2281000,13.69,8.63,8.13,10.07,8.53
2282000,14.06,8.32,8.22,9.72,8.94
2283000,13.98,8.49,8.31,9.8,8.99
2284000,14.05,8.55,8.49,10.04,8.9
2285000,14.13,8.37,8.69,10.34,9.2
2286000,14.07,8.55,8.68,10.5,9.65
2287000,14.56,8.53,8.87,10.47,9.76
2288000,14.45,8.28,9.29,10.51,10.18
2289000,14.67,8.51,9.03,10.63,9.87
2290000,14.77,8.53,9.12,10.57,9.61
2291000,14.57,8.26,9.47,10.8,9.87
2292000,14.61,8.36,9.23,10.83,9.4
2293000,14.67,8.24,9.36,11.33,9.13
2294000,14.71,8.34,9.32,11.06,8.57
2295000,14.98,8.22,9.19,10.55,8.27
2296000,15.23,8.16,9.25,9.85,7.65
2297000,14.94,8.28,8.96,9.53,7.75
2298000,15.29,8.31,8.85,9.5,8.37
2299000,15.47,8.22,9.12,9.91,8.09
2300000,15.59,8.38,8.66,9.56,8.2
2301000,15.53,8.63,8.62,9.63,8.54
2302000,15.1,8.76,8.49,9.88,8.53
2303000,15.18,8.85,8.58,9.86,9.03
2304000,15.37,8.57,8.65,9.67,9.15
2305000,15.52,8.88,8.61,10.0,8.94
2306000,15.59,9.07,8.83,9.98,8.83
2307000,15.44,8.86,8.72,10.37,8.36
2308000,15.19,8.82,8.57,10.58,8.59
2309000,15.68,8.42,8.92,10.71,7.88
2310000,15.43,8.27,9.14,10.52,7.88
2311000,15.66,8.29,9.22,10.59,7.08
2312000,15.89,8.12,9.28,10.53,6.94
2313000,16.08,8.16,9.22,10.6,7.2
2314000,15.96,8.23,9.13,10.73,7.2
2315000,16.11,8.17,9.41,10.97,7.34
2316000,15.43,7.9,9.31,11.34,7.37
2317000,15.61,7.94,9.34,11.24,7.29
2318000,15.43,8.18,9.34,10.82,7.21
2319000,15.47,8.03,9.22,11.0,7.41
2320000,15.42,8.19,9.21,10.87,7.4
2321000,15.36,8.05,9.43,10.53,7.25
2322000,15.61,8.05,9.51,10.22,7.28
2323000,15.33,7.94,9.53,10.11,7.42
2324000,15.3,7.81,9.65,9.59,7.45
2325000,15.01,7.96,9.52,8.98,7.55
2326000,14.78,8.18,9.46,8.39,7.02
2327000,14.85,8.02,9.57,8.69,5.99
2328000,14.76,8.11,9.69,8.25,4.63
2329000,14.76,8.32,9.65,8.67,3.43
2330000,14.93,8.54,9.8,8.64,2.18
2331000,15.43,8.54,9.72,8.86,1.65
2332000,15.93,8.74,9.5,8.82,1.5
2333000,15.94,8.77,9.72,8.74,1.51
2334000,16.18,8.88,10.05,9.13,1.57
2335000,15.82,8.85,9.52,9.38,1.6
2336000,15.59,8.77,9.31,9.8,1.86
2337000,15.61,9.02,9.19,9.98,2.09
2338000,15.46,9.07,8.87,10.02,2.14
2339000,15.46,9.16,8.5,9.9,1.96
2340000,15.39,9.08,8.86,9.98,2.21
2341000,14.92,8.78,8.83,10.21,2.55
2342000,14.13,8.7,8.94,10.13,2.93
2343000,13.75,8.67,8.73,9.84,3.27
2344000,13.46,8.73,8.94,9.86,3.32
2345000,12.86,8.72,9.09,9.6,3.28
2346000,12.84,8.65,9.16,9.71,3.15
2347000,12.38,8.4,9.24,9.64,2.95
2348000,12.11,8.24,9.15,9.47,2.69
2349000,12.35,8.17,9.53,9.42,2.86
2350000,12.08,8.2,9.5,9.48,2.89
2351000,12.49,8.26,9.36,9.25,3.12
2352000,12.5,8.18,9.17,9.12,3.07
2353000,12.93,8.13,8.64,9.05,3.18
2354000,13.16,8.2,8.77,9.25,3.32
2355000,13.12,8.54,9.32,9.17,3.17
2356000,13.62,8.3,9.27,9.07,3.32
2357000,13.85,8.37,9.56,9.18,3.44
2358000,13.76,8.55,10.03,9.41,3.4
2359000,14.18,8.51,9.98,9.24,3.43
2360000,14.13,8.62,9.61,9.18,3.41
2361000,14.19,8.73,10.07,9.16,3.17
2362000,14.46,8.96,10.36,9.28,2.95
2363000,14.75,8.93,10.31,9.14,2.93
2364000,14.88,9.06,10.55,9.33,3.27
2365000,14.82,8.98,10.29,9.59,3.34
2366000,14.92,9.04,10.1,9.76,3.45
2367000,15.14,9.16,10.48,9.67,3.73
2368000,15.04,9.19,10.15,9.7,3.45
2369000,15.02,9.17,10.07,9.47,3.36
2370000,15.61,8.92,9.86,9.49,3.07
2371000,15.57,8.84,9.97,10.13,2.88
2372000,15.52,8.91,9.71,10.01,2.79
2373000,15.47,8.84,9.55,10.35,2.37
2374000,15.54,8.88,9.28,10.7,2.55
2375000,15.56,8.81,9.6,11.04,2.7
2376000,15.56,8.67,9.64,11.22,2.94
2377000,15.9,8.89,9.68,11.13,3.44
2378000,16.04,8.68,9.39,10.88,3.29
2379000,15.9,8.76,9.36,10.92,3.17
2380000,15.67,8.81,10.1,11.15,3.3
2381000,15.55,8.85,10.43,11.48,3.18
2382000,15.46,8.43,9.69,11.36,3.11
2383000,15.79,8.45,9.51,11.65,3.11
2384000,15.55,8.36,8.86,11.61,2.78
2385000,15.49,8.33,7.9,11.03,2.93
2386000,15.38,8.1,7.33,10.4,3.04
2387000,15.75,8.05,6.43,10.52,3.22
2388000,15.59,7.7,5.88,10.84,3.46
2389000,15.72,7.8,5.74,11.12,3.31
2390000,15.46,7.79,5.81,10.98,3.16
2391000,15.26,7.96,5.92,11.08,2.97
2392000,14.81,7.86,6.2,10.25,2.99
2393000,14.74,7.85,6.43,9.81,3.04
2394000,14.75,7.79,6.78,9.47,3.18
2395000,14.91,7.99,6.87,9.69,3.38
2396000,15.09,8.21,6.92,9.88,3.25
2397000,15.31,8.16,7.14,9.23,3.37
2398000,15.26,8.49,7.18,8.92,3.32
2399000,15.39,8.63,7.38,8.59,3.21
2400000,15.45,8.8,7.29,8.16,3.3
2401000,15.42,8.92,7.65,8.05,3.14
2402000,15.23,9.07,7.82,8.11,3.19
2403000,15.22,8.84,8.07,8.23,3.22
2404000,15.33,9.1,8.09,7.62,3.12
2405000,15.72,8.97,8.03,7.34,3.18
2406000,15.73,8.67,7.98,7.19,3.22
2407000,16.19,8.66,8.35,7.39,3.11
2408000,16.66,8.67,8.53,7.16,3.17
2409000,16.82,8.55,8.96,7.34,3.14
2410000,17.19,8.51,9.4,6.69,3.16
2411000,17.45,8.49,9.75,6.45,3.23
2412000,17.46,8.19,9.6,6.39,3.17
2413000,17.35,8.47,9.46,5.75,3.27
2414000,16.98,8.39,9.64,5.34,3.18
2415000,17.21,8.57,9.83,5.17,3.26
2416000,17.17,8.58,9.85,3.96,3.36
2417000,17.3,8.61,10.45,1.14,3.71
2418000,17.39,8.7,10.61,0.39,3.38
2419000,17.38,8.61,10.69,0.42,3.61
2420000,17.12,8.63,10.93,0.48,3.48
2421000,16.96,8.55,10.61,0.44,3.15
2422000,16.58,8.72,10.19,0.5,3.3
2423000,16.29,8.69,10.49,0.46,3.25
2424000,15.87,8.68,10.12,0.5,3.34
2425000,15.62,8.76,10.37,0.53,3.39
2426000,14.76,8.76,10.54,0.55,3.53
2427000,14.73,8.88,10.37,0.5,3.57
2428000,14.85,8.58,10.12,0.5,3.59
2429000,14.82,8.6,9.77,0.57,3.55
2430000,14.59,8.63,9.09,0.55,3.59
2431000,14.07,8.52,9.37,0.56,3.65
2432000,14.55,8.47,8.9,0.43,3.52
2433000,14.33,8.55,9.1,0.5,3.44
2434000,14.46,8.69,9.39,0.35,3.33
2435000,14.52,8.37,9.01,0.47,3.36
2436000,14.8,8.39,9.24,0.4,3.35
2437000,15.0,8.31,9.01,0.53,3.35
2438000,15.24,8.13,9.33,0.52,3.53
2439000,15.2,8.29,9.25,0.7,3.56
2440000,14.87,8.28,9.62,1.11,3.75
2441000,15.21,8.49,9.8,1.35,4.03
2442000,15.48,8.55,9.9,1.4,3.82
2443000,15.55,8.71,10.48,1.43,3.79
2444000,15.42,8.63,10.87,1.33,3.9
2445000,15.5,8.64,10.94,1.37,3.7
2446000,15.79,8.59,11.0,1.48,3.56
2447000,15.72,8.67,11.13,1.46,3.57
2448000,15.66,8.8,11.2,1.41,3.46
2449000,15.78,8.95,11.79,1.38,3.51
2450000,14.71,8.92,12.29,1.32,3.37
2451000,14.81,8.7,12.28,1.31,3.4
2452000,14.13,8.7,11.75,1.29,3.28
2453000,14.34,8.73,11.49,1.28,3.32
2454000,14.67,8.73,11.35,1.38,3.38
2455000,14.82,8.78,10.83,1.37,3.48
2456000,14.79,8.9,10.07,1.39,3.59
2457000,14.4,8.89,9.67,1.38,3.51
2458000,14.62,8.84,9.02,1.27,3.49
2459000,15.06,8.72,7.8,1.21,3.46
2460000,15.25,8.78,7.69,1.33,3.41
2461000,15.06,8.9,7.89,1.43,3.5
2462000,14.93,8.52,8.16,1.41,3.41
2463000,14.2,8.43,8.12,1.4,3.35
2464000,14.97,8.42,8.15,1.42,3.48
2465000,15.16,8.49,8.3,1.34,3.52
2466000,15.27,8.66,8.87,1.25,3.41
2467000,15.48,8.75,9.2,1.27,3.41
2468000,15.86,8.76,9.53,1.3,3.19
2469000,15.36,8.97,9.99,1.32,3.14
2470000,15.8,9.08,10.47,1.31,3.26
2471000,15.67,8.89,10.49,1.33,3.6
2472000,15.9,8.95,10.4,1.36,3.6
2473000,15.77,9.2,10.1,1.39,3.26
2474000,15.63,9.28,10.19,1.43,3.12
2475000,15.22,9.3,10.55,1.35,2.63
2476000,15.77,9.21,10.37,1.29,2.84
2477000,15.76,9.25,10.22,1.28,3.1
2478000,16.23,9.09,9.67,1.42,3.14
2479000,16.63,9.14,9.51,1.48,3.34
2480000,16.72,9.19,9.76,1.47,3.5
2481000,16.5,8.92,9.76,1.41,3.52
2482000,16.31,9.09,10.2,1.38,3.51
2483000,16.54,9.12,10.02,1.4,3.59
2484000,16.13,9.14,9.94,1.39,3.41
2485000,16.6,9.14,10.05,1.37,3.71
2486000,16.48,9.24,10.01,1.37,3.68
2487000,16.69,9.28,10.53,1.31,3.79
2488000,16.6,9.14,10.82,1.34,3.83
2489000,16.85,9.3,11.24,1.35,3.89
2490000,16.56,9.27,11.15,1.32,3.79
2491000,17.02,9.24,11.07,1.34,3.82
2492000,16.96,9.44,11.05,1.32,3.79
2493000,16.95,9.27,10.86,1.32,3.6
2494000,16.52,9.23,11.02,1.4,3.62
2495000,16.61,9.22,11.02,1.45,3.63
2496000,16.52,9.02,10.81,1.41,3.82
2497000,16.61,9.01,10.76,1.37,3.87
2498000,16.6,8.91,10.46,1.34,3.86
2499000,16.75,9.02,10.42,1.37,3.79
2500000,16.75,9.07,10.47,1.42,3.69
2501000,16.95,9.09,10.66,1.28,3.72
2502000,16.75,9.08,10.5,1.25,3.75
2503000,16.37,9.12,10.18,1.33,3.73
2504000,16.3,9.25,10.08,1.37,3.78
2505000,15.92,9.21,9.89,1.34,3.83
2506000,16.15,9.26,9.93,1.36,3.75
2507000,15.38,9.3,9.57,1.38,3.79
2508000,15.53,9.27,9.82,1.51,3.89
2509000,15.56,9.24,9.76,1.69,3.7
2510000,15.86,9.04,9.6,1.89,3.72
2511000,15.46,9.11,9.25,1.95,3.85
2512000,15.74,8.99,9.39,2.0,3.82
2513000,15.72,8.92,9.63,2.08,3.85
2514000,15.93,8.88,9.85,2.19,4.03
2515000,16.1,8.95,10.04,2.2,4.09
2516000,16.32,8.89,10.34,2.33,4.13
2517000,16.34,9.14,10.5,2.46,4.28
2518000,16.38,9.07,11.04,2.6,4.16
2519000,16.54,9.06,10.89,2.7,4.21
2520000,16.54,9.3,10.98,2.72,4.19
2521000,16.63,9.27,11.36,2.81,4.29
2522000,16.32,9.2,11.63,2.87,4.37
2523000,16.58,9.19,11.29,3.03,4.48
2524000,16.79,9.21,11.26,3.14,4.34
2525000,17.0,9.38,10.98,3.21,4.35
2526000,17.24,9.39,11.35,3.35,3.83
2527000,16.93,9.14,11.52,3.4,3.87
2528000,17.3,9.05,11.3,3.39,3.94
2529000,17.57,9.03,10.67,3.3,4.09
2530000,17.33,8.93,10.71,3.38,4.23
2531000,17.46,9.03,10.52,3.37,4.36
2532000,16.66,9.0,9.96,3.51,4.54
2533000,16.13,9.12,10.2,3.57,4.28
2534000,16.21,9.07,10.43,3.74,4.07
2535000,16.36,8.89,10.4,3.77,3.93
2536000,16.37,8.58,10.83,3.82,3.85
2537000,16.37,8.61,10.48,3.83,3.9
2538000,16.43,8.64,9.92,2.61,4.12
2539000,16.65,8.73,9.78,1.07,4.19
2540000,16.61,8.81,10.09,1.16,4.42
2541000,16.31,8.8,10.16,1.22,4.6
2542000,16.08,8.9,10.05,1.3,4.61
2543000,16.38,8.88,10.19,1.56,4.66
2544000,15.91,8.72,9.51,1.43,4.71
2545000,15.84,8.58,9.53,1.55,4.59
2546000,15.87,9.01,8.97,1.5,4.7
2547000,15.86,8.95,8.82,1.3,4.63
2548000,15.51,8.98,9.19,1.67,4.92
2549000,15.89,9.29,9.3,2.08,4.88
2550000,15.96,9.01,9.51,2.43,4.94
2551000,15.73,8.87,9.29,2.8,5.02
2552000,15.87,9.05,9.55,3.07,4.86
2553000,15.37,8.88,9.52,3.31,4.81
2554000,15.46,8.8,9.9,3.67,4.62
2555000,15.37,8.89,10.03,3.88,4.79
2556000,14.91,8.82,10.28,4.07,4.86
2557000,14.71,8.91,10.64,4.21,4.71
2558000,14.33,8.87,10.52,4.41,4.84
2559000,14.27,8.78,10.59,4.41,4.88
2560000,14.3,8.66,10.94,4.53,4.78
2561000,14.34,8.92,10.97,4.17,4.85
2562000,14.61,8.89,11.33,3.11,4.68
2563000,15.23,8.9,11.45,2.2,4.78
2564000,14.72,8.76,11.29,1.93,4.68
2565000,14.31,8.82,11.05,2.03,4.76
2566000,14.2,9.08,10.76,2.33,4.3
2567000,14.36,9.02,11.26,2.54,4.37
2568000,14.21,9.03,11.07,2.69,4.58
2569000,14.35,9.08,10.88,2.45,4.61
2570000,14.77,9.07,11.01,2.39,4.59
2571000,15.27,8.98,10.87,2.4,4.91
2572000,15.12,9.09,10.54,2.67,5.2
2573000,15.33,9.06,10.16,2.69,4.94
2574000,15.84,9.09,10.03,2.61,5.07
2575000,15.8,9.07,9.45,2.73,5.17
2576000,15.53,8.76,9.77,2.85,5.23
2577000,15.36,8.65,9.41,2.96,5.13
2578000,15.2,8.62,8.9,3.01,5.19
2579000,15.26,8.18,9.37,2.86,5.24
2580000,15.66,8.11,9.54,2.81,5.17
2581000,15.85,8.21,9.34,2.65,5.01
2582000,15.99,8.11,8.95,2.68,5.03
2583000,16.34,8.15,8.5,2.85,4.99
2584000,15.97,8.21,8.91,2.7,4.89
2585000,16.35,8.36,9.1,2.73,4.81
2586000,15.95,8.48,9.13,2.49,4.93
2587000,15.86,8.46,9.05,2.56,4.93
2588000,16.19,8.39,9.81,2.71,4.73
2589000,16.61,8.63,9.98,2.84,4.45
2590000,16.11,8.78,9.44,2.81,4.44
2591000,16.43,8.81,9.72,2.7,4.77
2592000,16.42,8.87,10.0,2.8,4.82
2593000,16.41,8.79,10.59,2.83,4.94
2594000,16.31,8.9,11.15,2.89,5.0
2595000,16.27,9.11,11.29,2.92,5.28
2596000,16.32,9.1,11.36,2.86,5.36
2597000,16.01,9.23,11.43,2.88,5.47
2598000,16.04,9.33,11.65,2.96,5.26
2599000,16.06,9.28,10.77,3.0,4.99
2600000,16.48,9.29,10.64,2.86,5.32
2601000,16.28,9.33,10.85,2.99,5.36
2602000,16.29,9.38,10.41,2.99,5.19
2603000,16.5,9.27,10.11,2.81,4.71
2604000,16.34,9.33,10.01,2.89,4.91
2605000,15.75,9.31,9.67,3.09,5.02
2606000,16.04,9.11,9.34,3.1,4.52
2607000,15.99,9.13,9.51,3.2,4.56
2608000,15.96,9.17,9.53,3.34,4.43
2609000,15.88,9.15,9.89,3.25,4.47
2610000,16.08,9.23,10.57,3.3,4.15
2611000,16.22,9.32,10.92,3.33,4.27
2612000,15.89,9.26,11.11,3.09,3.84
2613000,15.71,9.27,10.95,3.03,4.12
2614000,15.41,9.23,11.08,3.01,4.19
2615000,15.33,8.92,11.13,3.08,4.41
2616000,15.51,8.96,11.25,3.25,4.56
2617000,15.75,8.93,11.41,3.41,4.86
2618000,15.58,8.95,11.68,3.49,5.03
2619000,15.96,9.0,11.52,3.61,5.08
2620000,15.86,9.05,11.3,3.52,5.26
2621000,16.04,9.03,10.67,3.52,5.32
2622000,15.58,8.88,10.34,3.55,5.31
2623000,15.87,8.78,10.43,3.44,4.69
2624000,15.89,8.85,10.26,3.44,4.61
2625000,16.11,9.02,10.25,3.33,4.13
2626000,16.13,9.26,10.49,3.28,4.14
2627000,15.87,9.36,10.63,3.4,4.37
2628000,16.05,9.43,10.65,3.4,4.59
2629000,16.08,9.47,10.18,3.38,4.94
2630000,16.36,9.5,10.22,3.37,5.03
2631000,16.09,9.5,10.27,3.51,5.24
2632000,16.25,9.3,10.44,3.55,5.02
2633000,15.86,9.45,10.67,3.64,4.8
2634000,16.05,9.66,11.09,3.87,4.46
2635000,15.94,9.8,10.91,3.91,4.35
2636000,15.74,9.64,11.26,3.86,4.26
2637000,16.06,9.59,11.03,4.02,4.37
2638000,15.85,9.49,11.04,4.04,4.64
2639000,16.12,9.62,10.99,3.97,4.86
2640000,16.1,9.75,11.05,4.02,5.09
2641000,15.96,9.74,10.76,4.02,5.15
2642000,15.97,9.66,10.71,4.02,5.18
2643000,16.28,9.7,10.75,4.15,5.29
2644000,16.64,9.46,11.03,4.34,5.27
2645000,16.4,9.4,10.66,4.43,5.21
2646000,16.33,9.46,10.79,4.36,5.19
2647000,16.22,9.71,10.78,4.22,5.22
2648000,16.0,9.44,10.79,4.11,5.2
2649000,15.93,9.22,10.74,3.79,5.14
2650000,16.13,9.11,10.47,3.65,5.09
2651000,15.97,9.01,10.48,3.7,5.09
2652000,16.09,8.89,10.59,3.83,5.29
2653000,15.99,8.99,10.83,4.01,5.14
2654000,16.14,8.9,11.18,4.09,5.28
2655000,15.91,8.86,10.05,4.29,5.24
2656000,15.77,9.11,10.26,4.4,5.34
2657000,15.49,9.12,10.33,4.51,5.07
2658000,15.16,9.04,9.91,4.4,4.97
2659000,14.45,9.21,9.75,4.3,5.17
2660000,14.78,9.37,9.73,4.34,5.15
2661000,14.33,9.37,9.82,4.46,5.42
2662000,14.17,9.45,10.13,4.5,5.4
2663000,14.16,9.39,9.88,4.5,5.61
2664000,13.86,9.49,10.19,4.4,5.33
2665000,13.9,9.67,10.12,4.58,5.38
2666000,13.88,9.77,10.66,4.56,5.44
2667000,14.1,9.83,11.17,4.48,5.73
2668000,13.46,9.89,11.4,4.66,5.59
2669000,13.49,9.97,11.03,4.63,5.63
2670000,13.32,10.07,11.51,4.63,5.66
2671000,13.09,9.79,11.56,4.61,5.87
2672000,13.63,9.95,11.38,4.81,6.05
2673000,14.06,10.0,11.61,4.83,6.11
2674000,13.85,10.1,11.22,4.89,5.95
2675000,14.14,10.21,11.35,4.9,6.11
2676000,14.28,10.33,11.4,5.11,6.14
2677000,14.86,10.32,10.87,5.11,6.07
2678000,15.17,10.29,10.89,5.03,6.15
2679000,15.04,10.09,10.71,5.07,6.28
2680000,15.3,9.86,10.73,4.95,6.4
2681000,15.21,9.96,10.6,4.93,6.45
2682000,15.22,9.82,10.49,4.67,6.46
2683000,15.34,9.83,10.16,4.97,6.45
2684000,15.45,9.57,10.34,4.83,6.68
2685000,15.56,9.36,10.45,4.9,6.84
2686000,15.93,9.41,10.52,5.01,6.87
2687000,16.46,9.53,10.29,4.98,6.95
2688000,16.18,9.44,10.41,5.1,6.71
2689000,15.96,9.46,10.79,4.96,6.95
2690000,15.54,9.54,10.54,4.92,7.28
2691000,15.43,9.62,10.51,4.89,7.34
2692000,15.23,9.64,10.86,4.9,7.23
2693000,15.08,9.53,11.08,4.99,7.36
2694000,15.31,9.71,11.3,5.11,7.37
2695000,15.04,9.8,11.54,5.16,7.33
2696000,14.93,9.96,11.67,4.9,6.95
2697000,14.69,10.24,11.8,4.42,6.89
2698000,14.66,10.02,12.0,3.68,6.94
2699000,14.6,9.93,11.95,3.02,6.78
2700000,14.88,9.97,12.05,2.71,6.82
2701000,14.88,9.92,12.09,2.8,6.77
2702000,14.45,9.88,12.06,2.97,6.49
2703000,14.7,9.81,12.26,3.04,6.56
2704000,15.09,9.85,12.32,3.21,6.69
2705000,15.34,9.94,12.52,3.26,6.76
2706000,15.03,9.92,12.36,3.48,6.64
2707000,14.4,10.01,11.88,3.75,6.38
2708000,14.53,10.09,11.99,3.98,6.13
2709000,14.66,10.11,11.99,4.0,6.33
2710000,14.74,10.17,11.94,4.26,6.15
2711000,14.97,10.04,11.86,4.37,6.01
2712000,15.06,10.06,12.16,4.38,6.06
2713000,15.29,10.11,12.25,4.45,5.99
2714000,15.15,10.07,12.08,4.56,6.2
2715000,15.29,10.17,12.1,4.81,6.48
2716000,15.31,9.95,12.14,5.04,6.47
2717000,15.19,9.87,11.98,5.14,6.29
2718000,15.01,9.88,11.74,5.4,6.33
2719000,14.64,9.86,11.8,5.54,6.12
2720000,15.19,9.79,12.08,5.56,5.71
2721000,14.92,9.53,12.37,5.69,5.71
2722000,15.13,9.64,12.64,5.86,5.71
2723000,15.27,9.61,12.69,5.85,5.38
2724000,15.11,9.53,12.44,5.99,5.52
2725000,15.16,9.51,12.7,6.04,5.7
2726000,14.02,9.38,12.93,6.11,6.0
2727000,14.34,9.46,12.54,6.22,6.25
2728000,14.46,9.66,11.48,6.33,6.31
2729000,14.41,9.64,11.06,6.52,6.33
2730000,14.51,9.48,10.64,6.64,6.56
2731000,14.25,9.34,9.76,6.92,6.88
2732000,14.02,9.54,8.88,7.07,6.71
2733000,13.88,9.76,8.23,7.23,6.76
2734000,13.67,9.88,7.16,7.41,6.58
2735000,14.27,9.99,6.85,7.61,6.74
2736000,14.39,10.02,6.97,7.67,6.56
2737000,14.45,9.93,6.95,7.83,6.8
2738000,14.36,9.98,6.75,7.98,6.83
2739000,14.39,9.98,6.79,8.15,6.79
2740000,14.54,9.99,6.57,8.09,7.19
2741000,15.07,9.78,6.61,8.06,7.17
2742000,15.12,10.03,6.81,8.48,6.97
2743000,14.94,10.08,7.16,8.54,7.31
2744000,14.88,10.05,7.25,8.47,7.29
2745000,14.7,9.79,7.67,8.97,7.6
2746000,14.9,9.71,8.12,8.99,7.45
2747000,15.49,9.83,8.6,9.01,7.52
2748000,15.48,9.83,8.85,9.24,7.24
2749000,15.37,9.73,9.28,8.97,6.87
2750000,15.01,9.73,10.02,8.99,6.88
2751000,15.26,9.71,10.45,9.26,6.84
2752000,15.17,9.77,10.95,9.26,6.88
2753000,15.85,9.68,11.4,9.32,6.86
2754000,15.8,9.58,11.8,9.47,6.54
2755000,15.56,9.59,12.02,9.58,6.67
2756000,15.33,9.52,12.19,9.6,6.71
2757000,15.62,9.52,12.26,9.79,6.65
2758000,15.3,9.56,12.32,9.73,6.62
2759000,15.13,9.67,12.23,9.31,6.69
2760000,15.26,9.82,12.38,9.49,6.65
2761000,15.44,9.91,12.55,9.4,6.48
2762000,15.22,9.78,12.36,9.62,6.55
2763000,15.69,9.66,12.26,9.78,6.38
2764000,15.81,9.58,11.89,10.05,6.49
2765000,16.0,9.63,11.8,9.59,6.82
2766000,16.26,9.72,11.55,9.38,6.71
2767000,16.16,9.86,11.24,9.03,6.63
2768000,16.33,9.88,11.2,9.13,6.69
2769000,15.93,9.86,11.56,9.26,6.8
2770000,15.77,9.84,11.83,9.22,6.78
2771000,15.61,9.62,11.99,8.85,7.06
2772000,15.91,9.37,11.98,8.3,7.18
2773000,15.4,9.4,11.96,8.1,7.13
2774000,16.15,9.48,12.13,7.97,7.17
2775000,15.69,9.56,11.88,8.2,7.19
2776000,14.85,9.42,11.78,8.24,7.04
2777000,15.05,9.56,11.54,8.33,6.99
2778000,15.02,9.44,11.5,8.45,7.01
2779000,14.51,9.52,11.84,8.51,6.91
2780000,14.55,9.57,11.62,8.45,6.92
2781000,14.42,9.62,11.4,8.95,6.96
2782000,14.71,9.69,10.91,9.43,6.82
2783000,14.13,9.76,10.81,9.66,7.1
2784000,14.43,10.07,11.01,9.72,7.22
2785000,14.67,9.97,10.92,9.76,7.27
2786000,14.85,9.97,11.34,10.07,7.48
2787000,14.75,10.08,11.4,10.49,7.47
2788000,14.81,10.14,11.74,10.69,7.33
2789000,14.74,10.32,11.67,10.03,7.4
2790000,15.38,10.47,11.48,10.09,7.31
2791000,15.7,10.6,11.32,9.72,7.14
2792000,16.12,10.67,11.1,9.23,6.99
2793000,15.87,10.61,11.05,9.29,7.13
2794000,15.78,10.39,11.37,9.04,7.13
2795000,15.54,10.44,11.28,9.15,7.14
2796000,15.33,10.16,11.09,9.11,7.12
2797000,15.28,10.26,10.2,9.17,7.21
2798000,15.49,10.17,10.18,9.13,7.12
2799000,15.9,10.17,10.1,9.3,7.21
2800000,15.53,10.01,10.35,9.65,7.32
2801000,15.27,9.8,10.48,9.99,7.59
2802000,14.6,9.63,10.28,9.75,7.51
2803000,14.27,9.8,10.55,9.7,7.57
2804000,14.28,9.69,10.69,9.87,7.45
2805000,14.2,9.78,10.65,9.92,7.55
2806000,14.52,10.24,10.74,8.96,7.58
2807000,14.68,10.17,10.69,8.9,7.56
2808000,14.58,10.37,10.73,9.11,7.75
2809000,14.95,10.46,11.14,9.38,7.35
2810000,15.45,10.69,10.84,9.18,7.13
2811000,15.6,10.73,11.02,8.82,7.04
2812000,15.57,10.7,11.31,8.69,7.1
2813000,16.07,10.89,11.44,8.58,6.92
2814000,15.65,10.99,11.66,8.5,7.09
2815000,15.57,10.85,11.93,8.95,6.89
2816000,15.96,10.84,12.07,9.01,6.82
2817000,16.28,10.88,12.11,9.19,7.06
2818000,16.75,10.46,12.07,8.63,7.12
2819000,16.54,10.52,12.06,8.69,7.19
2820000,16.37,10.3,11.94,8.86,7.18
2821000,16.46,10.44,12.23,9.29,7.42
2822000,16.33,10.23,11.88,9.47,7.5
2823000,16.48,10.23,11.67,9.56,7.46
2824000,16.75,10.0,10.99,9.6,7.55
2825000,16.72,9.82,10.6,9.27,7.39
2826000,16.79,9.67,10.47,8.6,7.29
2827000,16.54,9.6,10.17,6.26,7.33
2828000,16.54,9.66,10.3,4.28,7.43
2829000,16.33,9.81,10.46,3.21,7.44
2830000,15.93,9.96,10.49,3.15,7.55
2831000,15.44,10.04,10.85,3.25,7.66
2832000,15.37,10.03,10.84,3.7,7.7
2833000,14.97,10.11,10.89,4.03,7.86
2834000,15.16,9.99,10.86,4.19,7.88
2835000,15.11,9.99,11.24,3.99,8.16
2836000,15.21,10.19,11.4,4.25,8.01
2837000,14.77,10.16,11.07,4.38,7.93
2838000,14.6,10.49,10.98,4.47,7.93
2839000,14.37,10.68,11.22,4.47,7.95
2840000,14.4,10.59,10.97,4.61,7.87
2841000,14.5,10.56,11.11,4.69,7.93
2842000,14.67,10.35,11.24,4.7,7.52
2843000,14.2,10.52,11.31,4.77,7.43
2844000,14.57,10.2,10.94,4.65,7.35
2845000,15.11,10.15,11.03,4.78,7.48
2846000,15.5,10.42,11.34,4.76,7.49
2847000,15.54,10.61,11.12,4.66,7.43
2848000,15.85,10.62,11.34,4.8,7.55
2849000,16.31,10.72,11.81,4.76,7.26
2850000,16.61,10.69,12.14,4.98,7.21
2851000,16.48,10.6,12.52,4.83,7.13
2852000,16.23,10.52,11.99,4.91,7.16
2853000,16.38,10.45,12.0,4.84,7.11
2854000,16.55,10.53,12.17,4.84,6.97
2855000,16.81,10.56,11.97,5.05,7.07
2856000,16.89,10.59,11.83,5.03,6.96
2857000,16.54,10.59,11.73,5.14,7.16
2858000,16.71,10.63,11.63,5.04,7.24
2859000,16.66,10.62,11.68,5.16,7.28
2860000,16.67,10.55,11.42,5.06,7.44
2861000,16.37,10.53,11.67,5.07,7.49
2862000,16.51,10.4,11.86,4.82,7.36
2863000,16.2,10.52,11.55,4.8,7.23
2864000,15.87,10.41,11.8,4.79,7.32
2865000,15.63,10.53,12.48,4.83,7.39
2866000,15.87,10.32,12.33,5.06,7.45
2867000,15.99,10.41,12.01,4.96,7.44
2868000,16.18,10.59,11.88,5.09,7.6
2869000,15.94,10.71,12.52,5.32,7.76
2870000,16.14,10.54,13.02,5.2,7.73
2871000,16.11,10.63,13.34,4.86,7.83
2872000,16.13,10.56,13.39,4.69,7.94
2873000,16.39,10.65,13.1,4.86,7.81
2874000,15.52,10.72,13.34,4.84,7.86
2875000,15.74,10.53,13.0,4.93,7.61
2876000,15.58,10.42,13.31,5.09,7.44
2877000,15.8,10.44,13.27,5.23,7.28
2878000,15.73,10.51,12.95,5.27,7.2
2879000,15.66,10.47,12.63,5.07,7.51
2880000,14.58,10.36,12.87,5.06,7.45
2881000,12.9,10.37,12.85,5.09,7.53
2882000,12.04,10.01,12.96,5.2,7.39
2883000,11.77,10.16,12.88,5.22,7.22
2884000,11.41,10.14,12.61,5.29,7.48
2885000,11.78,9.66,12.89,5.37,7.57
2886000,12.38,9.6,12.73,5.47,7.39
2887000,11.7,9.81,12.42,5.52,7.52
2888000,11.61,10.0,12.42,5.32,7.56
2889000,11.63,10.02,12.4,5.33,7.67
2890000,11.47,9.94,12.29,5.23,7.53
2891000,11.64,9.91,12.12,5.32,7.71
2892000,12.19,9.57,12.53,5.29,7.87
2893000,12.53,9.79,12.52,5.27,7.92
2894000,13.07,9.93,12.47,5.36,7.95
2895000,13.97,9.93,11.88,5.3,7.87
2896000,14.25,10.21,11.94,5.33,7.93
2897000,14.59,10.38,11.99,5.3,7.64
2898000,14.89,10.52,11.95,5.32,7.52
2899000,15.49,10.45,12.19,5.35,7.4
2900000,15.61,10.24,12.46,5.37,7.72
2901000,15.65,10.26,12.57,5.38,7.76
2902000,15.54,10.43,11.83,5.26,7.9
2903000,15.77,10.34,12.21,5.1,7.93
2904000,15.87,10.47,12.28,4.82,8.11
2905000,15.77,10.15,11.86,4.72,8.07
2906000,15.87,9.85,11.75,4.65,8.04
2907000,16.11,9.93,11.93,4.63,8.03
2908000,15.65,9.69,11.73,4.82,7.84
2909000,15.9,9.72,11.26,4.8,7.59
2910000,16.11,9.59,10.95,5.04,7.37
2911000,16.16,9.74,10.57,4.89,7.28
2912000,15.42,9.8,10.3,4.96,7.28
2913000,15.51,9.89,10.49,4.94,7.32
2914000,15.36,9.95,10.81,4.95,7.33
2915000,15.03,9.89,10.99,5.06,7.48
2916000,14.79,10.08,10.94,5.1,7.62
2917000,14.6,10.08,11.05,5.15,7.68
2918000,14.27,10.38,10.92,5.26,7.87
2919000,14.51,10.61,11.04,5.26,8.1
2920000,14.45,10.49,11.1,5.19,8.14
2921000,14.18,10.24,11.28,5.08,8.16
2922000,14.1,10.12,11.61,5.01,8.14
2923000,14.38,10.03,11.63,5.13,8.4
2924000,14.62,9.93,11.43,5.11,8.24
2925000,14.83,9.58,11.33,4.95,8.41
2926000,14.72,9.6,11.33,5.15,8.64
2927000,14.93,9.61,11.48,5.29,8.45
2928000,15.37,9.27,11.4,5.42,8.26
2929000,15.63,9.06,11.37,5.42,8.38
2930000,15.69,9.3,11.37,5.52,8.39
2931000,15.92,9.44,11.24,5.63,8.21
2932000,16.17,9.67,11.38,5.72,7.99
2933000,16.34,9.78,11.55,5.65,8.04
2934000,16.89,9.99,11.66,5.45,8.07
2935000,17.43,10.09,11.81,5.31,7.96
2936000,17.81,10.26,11.64,5.29,8.09
2937000,17.97,10.33,11.73,5.28,8.12
2938000,18.1,10.41,11.51,5.29,8.02
2939000,18.16,10.54,11.15,5.24,8.07
2940000,17.63,10.83,11.25,5.43,8.27
2941000,17.63,11.05,11.45,5.55,8.09
2942000,16.76,10.81,11.61,5.56,8.2
2943000,17.16,10.72,11.66,5.6,7.79
2944000,17.41,10.44,11.48,5.68,7.64
2945000,16.78,10.32,11.29,5.76,7.86
2946000,16.8,10.36,11.16,5.89,7.77
2947000,16.28,10.19,11.04,5.72,7.83
2948000,16.12,10.32,11.45,5.71,7.83
2949000,15.96,10.39,11.43,5.53,7.92
2950000,15.48,10.57,11.92,5.38,8.1
2951000,15.23,10.26,12.09,5.37,8.24
2952000,15.06,10.25,12.05,5.23,8.47
2953000,14.61,10.28,11.88,5.34,8.38
2954000,14.64,10.42,11.9,5.32,8.68
2955000,14.8,10.61,11.81,5.42,8.7
2956000,14.75,10.76,11.79,5.69,8.74
2957000,14.02,10.75,11.8,5.72,9.16
2958000,13.76,10.49,11.6,5.76,9.28
2959000,13.72,10.37,11.66,5.78,9.09
2960000,13.54,10.37,11.78,5.7,9.27
2961000,13.76,9.78,11.86,5.69,9.23
2962000,12.97,9.92,12.04,5.58,9.38
2963000,13.29,10.17,11.85,5.46,9.54
2964000,12.76,10.21,11.87,5.51,9.59
2965000,12.89,10.38,12.3,5.56,9.47
2966000,13.36,10.4,12.29,5.62,9.72
2967000,13.45,10.47,11.79,5.49,9.34
2968000,13.43,10.53,11.86,5.58,9.41
2969000,13.23,10.5,11.89,5.66,9.65
2970000,13.57,10.84,11.95,5.71,9.41
2971000,14.17,11.05,12.49,5.64,9.14
2972000,14.39,11.22,12.6,5.59,9.47
2973000,14.6,11.2,12.59,5.64,9.45
2974000,14.81,11.73,12.52,5.78,9.54
2975000,15.12,11.79,12.12,5.63,9.54
2976000,15.13,11.38,12.18,5.7,9.53
2977000,15.26,11.47,11.72,5.65,9.56
2978000,15.09,11.05,11.58,5.76,9.79
2979000,15.73,10.87,11.92,5.78,10.14
2980000,15.11,10.94,12.05,5.59,9.99
2981000,14.67,10.96,12.47,5.48,10.14
2982000,14.86,11.0,12.68,5.58,10.18
2983000,14.78,11.14,12.9,5.62,10.02
2984000,15.11,10.83,12.8,5.67,9.88
2985000,15.75,10.58,12.61,5.59,9.48
2986000,15.25,10.54,12.07,5.7,9.47
2987000,15.35,10.44,12.34,5.86,9.31
2988000,15.56,10.7,12.58,6.06,9.02
2989000,15.65,10.93,12.66,5.97,8.93
2990000,15.3,10.83,13.08,5.8,9.08
2991000,15.64,10.88,13.37,5.64,9.2
2992000,15.8,10.97,13.11,5.43,9.34
2993000,16.17,10.79,13.14,5.51,9.55
2994000,16.39,10.5,12.22,5.36,9.72
2995000,16.86,10.28,12.02,5.36,10.2
2996000,16.46,10.27,10.98,5.33,10.66
2997000,16.73,10.43,11.21,5.44,10.34
2998000,16.57,10.51,11.41,5.58,10.42
2999000,16.64,10.68,11.11,5.52,10.26
3000000,16.76,10.5,10.93,5.46,10.2
3001000,16.71,10.52,10.03,5.45,10.1
3002000,16.74,10.68,10.31,5.42,9.81
3003000,17.0,10.84,9.94,5.29,9.64
3004000,16.09,10.83,9.99,5.33,9.38
3005000,16.25,10.84,10.36,5.35,9.12
3006000,15.98,10.95,10.53,5.46,9.07
3007000,15.89,11.32,10.8,5.5,9.42
3008000,15.24,11.26,11.28,5.59,9.37
3009000,14.63,11.51,11.35,5.62,9.7
3010000,14.75,11.59,10.85,5.78,9.99
3011000,14.78,11.65,11.41,5.72,10.23
3012000,14.8,11.3,11.32,5.88,10.06
3013000,14.89,11.13,11.61,5.92,10.57
3014000,15.31,11.22,11.78,5.91,10.64
3015000,15.5,11.22,11.68,5.98,10.33
3016000,15.5,11.36,11.4,5.99,10.55
3017000,15.13,11.25,11.48,5.87,10.52
3018000,15.15,11.47,10.93,6.0,10.55
3019000,15.23,11.48,10.97,6.13,9.86
3020000,15.1,11.44,10.84,6.14,9.68
3021000,15.28,11.79,11.1,6.17,9.93
3022000,15.26,11.73,11.6,6.02,10.08
3023000,15.52,11.51,11.38,6.0,9.67
3024000,15.88,11.39,11.87,5.87,9.49
3025000,15.97,11.51,12.19,5.67,9.95
3026000,15.33,11.63,11.97,5.4,10.37
3027000,15.44,11.74,11.91,5.32,10.06
3028000,15.35,11.59,12.21,5.27,10.0
3029000,15.26,11.41,12.32,5.29,10.19
3030000,15.06,11.44,12.27,5.44,10.24
3031000,14.72,11.26,12.69,5.67,10.03
3032000,14.36,11.06,13.0,5.86,9.32
3033000,13.77,11.03,13.01,5.92,9.44
3034000,14.14,10.73,12.44,6.02,9.73
3035000,13.58,10.89,12.05,5.94,9.77
3036000,13.55,10.92,11.5,5.98,9.4
3037000,13.03,11.08,11.28,5.84,9.23
3038000,12.85,10.78,11.39,5.81,9.01
3039000,12.86,10.78,11.64,5.74,9.12
3040000,12.83,10.61,11.65,5.77,9.15
3041000,13.16,10.49,11.52,5.71,9.46
3042000,13.51,10.63,11.91,5.74,10.14
3043000,13.56,10.76,11.86,5.75,10.12
3044000,13.78,10.94,11.53,5.74,9.99
3045000,14.02,11.01,11.6,5.59,9.76
3046000,14.11,11.11,11.81,5.58,9.99
3047000,14.7,11.33,11.97,5.54,10.27
3048000,14.73,11.38,11.83,5.65,10.46
3049000,14.62,11.21,12.51,5.61,10.85
3050000,14.95,11.25,12.43,5.18,11.16
3051000,15.4,11.15,12.12,5.15,11.41
3052000,15.16,11.04,11.92,4.98,11.82
3053000,15.7,11.24,11.63,4.96,11.41
3054000,15.55,11.64,11.42,5.04,11.3
3055000,15.97,11.55,11.11,5.2,11.74
3056000,16.52,11.61,11.37,5.44,11.59
3057000,16.58,11.42,10.92,5.76,11.79
3058000,16.64,11.28,10.87,5.9,11.67
3059000,16.44,11.01,11.16,5.89,11.62
3060000,16.73,11.22,11.23,6.0,11.51
3061000,16.91,10.95,11.23,5.94,11.37
3062000,17.01,10.93,11.09,5.88,11.55
3063000,17.49,10.99,11.55,5.9,11.24
3064000,17.58,11.19,11.65,5.95,10.91
3065000,17.66,11.3,11.51,6.05,10.8
3066000,18.13,11.76,11.74,6.1,10.71
3067000,18.24,11.37,11.87,6.33,10.12
3068000,18.1,11.33,11.55,6.53,9.8
3069000,18.12,11.32,12.03,6.27,9.99
3070000,18.46,11.43,12.12,6.41,9.16
3071000,18.21,11.43,12.32,5.92,9.5
3072000,18.24,11.68,12.11,5.58,9.1
3073000,18.28,11.81,11.96,5.71,9.29
3074000,18.06,11.72,12.07,5.55,9.45
3075000,18.09,11.95,11.34,5.5,9.56
3076000,18.07,12.04,11.13,5.5,9.66
3077000,17.9,11.99,11.47,5.34,10.0
3078000,17.13,12.1,11.35,5.68,10.25
3079000,17.04,11.32,11.36,5.81,10.55
3080000,16.99,11.71,11.61,5.76,10.48
3081000,17.05,11.78,10.98,5.41,10.76
3082000,16.75,11.74,11.05,5.39,10.86
3083000,16.84,11.81,10.74,5.41,11.17
3084000,16.7,11.89,10.51,5.5,11.15
3085000,16.44,11.76,10.25,5.73,11.24
3086000,16.39,11.47,10.64,5.65,11.31
3087000,16.39,11.34,10.63,5.66,11.24
3088000,16.52,11.39,10.73,5.72,11.17
3089000,16.16,11.42,11.0,5.76,10.85
3090000,16.08,11.77,11.03,5.82,10.64
3091000,15.98,11.75,10.79,5.95,10.54
3092000,16.04,11.91,11.27,5.75,10.04
3093000,16.08,11.85,11.29,5.81,9.52
3094000,16.61,11.84,11.46,5.95,9.3
3095000,16.54,11.64,11.6,6.04,9.41
3096000,16.14,11.64,11.79,6.01,9.28
3097000,16.29,11.62,11.98,5.85,9.55
3098000,16.18,11.63,12.16,5.81,9.4
3099000,15.99,11.72,12.63,5.81,9.58
3100000,15.86,12.0,12.69,5.93,9.59
3101000,15.36,11.96,12.97,5.32,9.71
3102000,15.21,12.2,13.17,5.45,9.65
3103000,14.86,12.13,12.85,5.51,9.7
3104000,14.87,11.82,12.7,5.38,10.11
3105000,14.69,11.99,12.15,5.48,9.53
3106000,14.93,11.99,12.59,5.65,9.51
3107000,14.74,12.24,12.25,5.57,9.27
3108000,15.06,11.93,12.27,5.97,9.48
3109000,14.48,11.97,12.08,5.88,9.46
3110000,14.14,11.6,12.19,5.8,9.88
3111000,14.29,11.59,11.78,5.93,10.18
3112000,13.87,11.82,11.74,5.9,10.4
3113000,13.99,11.78,11.57,5.63,10.67
3114000,13.83,11.76,11.43,5.75,10.0
3115000,14.53,11.93,11.79,5.85,10.36
3116000,14.87,11.56,11.72,5.98,10.78
3117000,15.21,11.36,11.87,6.09,10.37
3118000,15.13,11.4,11.11,6.14,9.91
3119000,15.74,11.37,11.15,6.1,9.71
3120000,15.95,11.08,10.81,6.27,9.64
3121000,16.15,11.37,10.52,6.32,9.46
3122000,16.18,11.49,11.03,6.62,9.58
3123000,16.45,11.7,10.98,6.64,9.62
3124000,16.57,12.0,11.19,6.65,10.02
3125000,16.47,11.6,11.39,6.65,10.1
3126000,17.13,11.56,11.31,6.63,9.77
3127000,17.28,11.63,11.15,6.43,10.33
3128000,17.55,11.72,11.39,6.08,10.77
3129000,17.67,11.92,11.55,5.86,10.99
3130000,18.18,12.21,11.81,5.66,11.34
3131000,18.2,11.91,12.08,5.82,10.81
3132000,17.44,11.72,12.43,5.89,11.0
3133000,17.51,11.76,12.83,6.02,11.14
3134000,17.79,11.94,13.24,6.31,11.06
3135000,17.2,11.88,13.14,6.43,10.98
3136000,17.39,11.83,12.84,6.35,10.52
3137000,17.33,11.78,12.13,5.93,10.71
3138000,17.47,11.77,12.09,5.27,10.57
3139000,17.43,11.49,12.06,4.3,10.19
3140000,15.7,11.19,12.19,3.54,10.0
3141000,15.87,11.22,12.17,3.84,9.81
3142000,15.71,11.22,12.07,3.96,9.77
3143000,15.49,11.31,12.13,4.22,9.36
3144000,15.76,11.45,12.43,4.7,9.27
3145000,15.65,11.59,11.72,5.1,9.39
3146000,15.09,11.51,11.26,5.55,9.64
3147000,15.37,11.49,11.07,6.18,9.24
3148000,15.55,11.67,11.08,6.51,9.51
3149000,15.32,11.99,11.26,6.87,9.8
3150000,15.36,11.9,11.32,7.08,10.01
3151000,14.7,11.99,11.57,7.31,10.27
3152000,14.23,11.99,11.65,7.17,10.85
3153000,13.99,11.85,11.75,7.24,10.99
3154000,14.43,11.97,11.93,7.16,11.03
3155000,15.17,11.63,12.01,7.09,11.13
3156000,14.96,11.26,12.04,7.26,10.84
3157000,14.92,10.89,12.01,7.16,10.36
3158000,14.9,10.76,12.23,7.13,10.97
3159000,14.84,10.52,12.01,7.26,10.38
3160000,14.98,10.3,12.42,7.17,10.32
3161000,15.04,9.79,12.26,7.17,10.21
3162000,14.76,10.0,11.89,7.48,10.17
3163000,14.33,10.1,11.95,7.6,9.51
3164000,14.45,10.38,11.97,7.67,9.66
3165000,15.26,10.44,12.09,7.7,9.44
3166000,15.4,10.33,12.18,7.79,9.71
3167000,15.47,10.52,11.71,7.89,10.15
3168000,15.17,10.77,11.7,7.93,10.1
3169000,14.97,10.83,11.75,8.2,10.2
3170000,14.89,11.05,12.14,8.28,10.33
3171000,14.94,11.26,12.36,8.18,10.59
3172000,15.14,11.31,12.63,8.22,10.19
3173000,14.62,11.33,12.98,7.77,10.68
3174000,14.54,11.56,12.76,7.38,11.13
3175000,14.47,11.5,12.79,7.55,11.38
3176000,14.65,11.7,12.51,7.54,11.38
3177000,14.99,11.54,12.3,7.6,11.17
3178000,15.5,11.56,11.74,7.57,10.92
3179000,15.6,11.72,11.36,7.75,11.15
3180000,15.64,11.57,11.71,7.56,11.12
3181000,15.44,11.69,11.69,7.28,11.11
3182000,15.63,11.83,11.29,5.99,10.68
3183000,16.05,12.16,11.26,5.22,10.67
3184000,16.5,11.98,11.05,5.35,10.54
3185000,16.7,12.0,10.87,5.1,10.89
3186000,16.45,11.82,10.82,5.25,11.07
3187000,16.49,11.95,11.31,5.33,11.61
3188000,16.36,11.67,11.39,6.02,11.59
3189000,16.23,11.63,11.51,6.44,11.57
3190000,16.38,11.64,11.33,7.15,11.62
3191000,16.88,11.66,11.57,7.56,11.46
3192000,16.73,11.84,11.73,8.05,11.51
3193000,17.05,12.06,11.61,8.07,11.61
3194000,16.31,12.48,11.83,8.34,11.84
3195000,16.52,12.21,12.13,8.38,12.07
3196000,16.01,12.12,11.94,8.5,12.04
3197000,15.34,12.08,11.42,8.69,11.77
3198000,14.41,11.84,11.6,8.92,11.43
3199000,14.14,12.16,11.78,9.26,11.2
3200000,14.27,12.3,11.97,9.16,11.26
3201000,14.19,12.26,11.63,9.28,11.26
3202000,13.79,12.26,11.85,9.39,11.71
3203000,13.93,12.23,11.77,9.17,11.84
3204000,13.51,12.31,12.19,9.33,11.99
3205000,13.31,12.33,11.8,9.36,11.74
3206000,13.2,12.1,11.32,9.27,11.45
3207000,11.89,11.94,11.36,9.38,10.87
3208000,11.81,11.81,11.47,9.2,10.8
3209000,12.41,11.84,11.79,9.26,10.57
3210000,12.55,11.68,11.69,9.28,10.85
3211000,13.01,11.88,11.69,8.88,10.84
3212000,13.51,11.44,11.32,8.99,11.27
3213000,13.26,11.51,11.81,8.81,11.02
3214000,13.29,11.52,11.99,8.57,10.27
3215000,13.63,11.87,12.05,8.37,10.39
3216000,13.65,12.02,12.03,8.23,10.59
3217000,13.88,12.03,12.09,8.35,10.65
3218000,13.7,11.94,12.12,8.21,10.8
3219000,13.55,11.81,11.82,8.2,11.09
3220000,13.96,11.64,11.27,8.14,11.29
3221000,14.25,11.88,11.76,7.7,11.45
3222000,14.85,11.88,11.98,7.55,11.66
3223000,15.06,12.05,11.9,7.69,11.43
3224000,14.75,12.37,12.26,7.81,11.03
3225000,14.83,12.36,12.42,7.73,11.2
3226000,14.64,12.62,12.36,7.56,11.4
3227000,14.7,12.76,11.48,7.33,11.52
3228000,14.65,12.68,11.65,7.62,11.46
3229000,14.52,12.22,11.45,8.05,11.63
3230000,13.87,12.31,11.51,8.2,11.8
3231000,13.28,12.37,11.85,8.48,12.11
3232000,13.54,12.27,12.37,8.53,12.01
3233000,13.69,12.48,13.0,8.54,12.14
3234000,13.84,12.67,12.73,8.54,12.11
3235000,13.86,12.58,12.65,9.01,12.05
3236000,13.6,12.55,12.7,9.14,12.0
3237000,13.34,12.64,12.41,9.0,12.49
3238000,13.64,12.6,12.58,8.15,12.53
3239000,13.64,12.55,12.66,8.27,12.39
3240000,13.56,12.46,13.14,7.53,12.55
3241000,13.38,12.32,13.67,7.28,11.97
3242000,13.57,12.24,13.77,7.85,11.72
3243000,13.72,12.43,13.75,7.74,11.42
3244000,14.43,12.3,13.77,7.66,11.47
3245000,14.96,12.5,13.99,7.83,11.64
3246000,14.94,12.72,13.54,8.07,11.53
3247000,15.14,12.77,13.41,8.49,11.8
3248000,15.16,12.86,13.44,8.89,12.08
3249000,15.42,12.99,13.81,9.16,11.76
3250000,15.43,12.97,13.93,9.55,11.99
3251000,15.22,12.84,13.77,10.01,12.0
3252000,15.21,12.78,13.19,9.89,12.02
3253000,15.5,12.77,13.35,9.97,12.17
3254000,15.65,12.91,13.45,9.6,11.94
3255000,15.21,12.87,12.87,9.48,11.83
3256000,15.03,12.91,13.04,9.43,11.81
3257000,15.08,13.01,12.92,9.47,11.63
3258000,14.13,13.08,12.88,9.36,11.76
3259000,14.21,13.17,13.2,9.45,11.76
3260000,14.67,12.87,13.19,9.74,11.69
3261000,14.81,12.45,13.39,9.42,12.02
3262000,14.64,12.22,13.18,9.42,11.51
3263000,14.76,12.09,12.6,10.06,11.65
3264000,14.86,12.27,13.0,9.76,11.69
3265000,14.56,12.38,13.35,10.07,11.92
3266000,15.06,12.69,13.22,9.96,12.02
3267000,14.69,12.86,12.49,9.78,11.98
3268000,14.39,12.89,12.77,9.65,11.76
3269000,14.47,13.12,13.07,9.74,11.17
3270000,15.19,13.11,12.8,9.63,11.19
3271000,15.2,13.45,13.06,9.94,11.26
3272000,14.93,13.39,12.87,9.53,11.33
3273000,15.17,13.35,12.91,9.41,11.25
3274000,14.3,12.97,12.63,9.16,11.41
3275000,13.55,13.1,12.57,9.01,11.17
3276000,13.18,13.41,12.79,9.01,11.05
3277000,12.76,13.44,12.98,8.87,11.35
3278000,12.59,13.65,12.95,8.81,11.48
3279000,12.48,13.26,13.19,9.04,11.67
3280000,12.42,13.17,12.87,8.65,12.18
3281000,12.33,13.06,13.11,8.53,12.43
3282000,11.94,13.1,12.99,8.07,12.67
3283000,12.25,12.93,12.98,8.16,12.45
3284000,12.27,12.9,12.97,8.05,12.21
3285000,12.43,12.66,12.69,8.27,12.11
3286000,12.7,12.7,12.73,8.6,12.04
3287000,12.83,12.53,12.86,8.68,12.11
3288000,12.79,12.64,12.84,8.32,12.4
3289000,12.95,12.89,12.82,8.45,11.94
3290000,13.11,12.85,12.51,8.42,12.03
3291000,13.12,12.73,12.65,8.78,11.4
3292000,13.59,12.61,12.65,8.75,11.37
3293000,13.78,12.7,12.52,8.96,11.45
3294000,14.24,12.54,12.81,9.16,11.49
3295000,14.03,12.47,12.33,9.1,11.34
3296000,14.46,12.4,12.25,9.38,10.86
3297000,14.21,12.46,11.71,9.2,11.0
3298000,14.66,12.34,12.12,9.23,10.65
3299000,15.04,12.31,12.28,9.12,10.43
3300000,14.82,12.07,12.42,9.52,10.49
3301000,14.39,11.91,12.8,9.7,10.54
3302000,14.71,11.98,12.42,9.84,10.45
3303000,14.84,12.21,12.31,9.95,10.37
3304000,15.21,12.32,12.15,9.71,10.46
3305000,15.17,12.57,12.09,9.91,10.15
3306000,15.22,12.83,12.2,9.77,10.1
3307000,15.1,12.57,12.22,9.88,10.41
3308000,15.3,12.65,12.5,9.93,10.69
3309000,15.21,12.77,12.58,10.18,10.85
3310000,15.62,12.78,12.96,10.37,11.0
3311000,15.72,12.68,13.03,10.06,11.22
3312000,15.13,12.97,12.47,10.02,11.27
3313000,14.69,12.95,12.07,10.51,11.21
3314000,14.63,12.99,11.94,10.0,11.17
3315000,14.9,12.99,12.25,10.01,10.76
3316000,15.33,13.1,12.19,9.74,10.68
3317000,15.54,12.99,12.42,9.63,10.74
3318000,15.49,12.87,12.13,9.61,10.88
3319000,15.74,12.75,11.96,9.27,10.93
3320000,15.77,12.12,11.94,8.84,10.91
3321000,15.55,12.19,12.42,8.0,10.69
3322000,13.06,12.32,12.52,8.22,10.62
3323000,10.92,12.34,11.69,8.49,10.67
3324000,9.58,11.95,11.8,8.22,10.91
3325000,9.32,11.4,12.0,8.28,10.82
3326000,8.02,11.49,12.16,8.55,10.72
3327000,8.38,11.61,12.27,8.7,11.05
3328000,7.98,11.34,12.4,9.11,10.95
3329000,7.64,11.45,12.63,9.11,11.05
3330000,8.33,11.65,12.6,9.7,10.66
3331000,8.84,11.45,12.89,9.81,10.35
3332000,9.42,11.22,13.07,9.52,10.8
3333000,10.26,11.63,13.14,9.22,10.09
3334000,11.04,11.64,13.2,9.17,9.86
3335000,11.7,11.64,13.0,9.68,9.93
3336000,12.4,11.68,12.89,9.49,10.09
3337000,12.77,11.54,13.45,9.58,10.09
3338000,13.0,12.0,12.64,9.61,10.11
3339000,13.64,12.04,12.74,9.48,10.05
3340000,14.09,12.19,12.96,9.33,10.09
3341000,13.56,12.1,12.62,9.63,9.87
3342000,13.67,12.34,12.2,10.07,9.91
3343000,13.8,12.32,11.81,10.35,10.14
3344000,13.6,12.06,11.76,10.33,10.15
3345000,13.99,11.88,11.32,10.32,10.63
3346000,14.44,12.0,11.05,10.12,10.48
3347000,13.92,11.9,11.29,10.47,10.17
3348000,13.62,12.04,11.63,10.02,10.21
3349000,13.56,12.07,11.01,10.51,10.38
3350000,14.0,12.06,11.18,10.1,10.67
3351000,14.35,12.23,11.27,10.71,10.76
3352000,14.52,12.25,11.05,10.94,10.85
3353000,14.23,12.3,11.18,10.39,11.22
3354000,14.25,11.84,11.32,10.76,11.5
3355000,14.3,11.98,11.1,10.71,11.51
3356000,13.89,11.91,11.47,10.7,11.67
3357000,13.77,11.92,11.95,10.33,11.29
3358000,13.54,11.91,11.93,10.5,11.41
3359000,13.01,12.06,11.5,10.66,11.52
3360000,13.5,11.97,11.5,10.54,11.74
3361000,13.7,12.02,11.86,10.37,11.68
3362000,13.67,11.9,12.35,10.0,11.76
3363000,13.94,11.85,12.56,9.97,11.91
3364000,13.95,11.81,12.84,9.83,11.95
3365000,13.92,11.67,13.02,9.5,11.93
3366000,13.38,11.94,12.95,9.64,11.79
3367000,13.78,11.63,13.17,9.76,12.01
3368000,13.81,11.64,13.25,9.47,12.1
3369000,14.34,11.73,13.48,9.36,11.94
3370000,14.68,11.93,13.34,9.44,11.91
3371000,15.31,11.89,13.13,9.2,11.92
3372000,15.44,12.1,13.31,9.38,12.09
3373000,15.4,12.4,13.52,9.01,12.35
3374000,15.49,12.42,13.6,9.09,12.2
3375000,15.4,12.49,13.75,9.36,12.05
3376000,15.46,12.51,13.58,9.76,11.87
3377000,15.8,12.21,13.43,9.42,11.28
3378000,15.82,12.26,13.02,9.28,11.39
3379000,15.68,12.27,13.02,9.06,11.05
3380000,15.69,12.1,12.57,9.09,11.05
3381000,15.78,12.63,12.41,9.43,11.39
3382000,15.7,12.54,11.97,10.0,11.54
3383000,15.69,12.53,11.9,9.86,11.82
3384000,15.47,12.58,11.59,9.82,11.36
3385000,15.52,12.66,11.68,9.62,10.94
3386000,15.43,12.88,11.51,9.3,10.77
3387000,15.63,12.49,11.75,9.58,10.42
3388000,15.57,12.44,11.96,9.61,10.86
3389000,15.56,12.43,11.97,9.66,11.08
3390000,15.5,12.46,11.92,9.43,11.1
3391000,15.38,12.54,11.94,9.52,11.07
3392000,15.41,12.37,12.26,9.23,11.2
3393000,15.59,12.55,11.99,9.23,11.23
3394000,15.61,12.69,12.32,9.16,11.11
3395000,14.98,12.57,12.28,9.7,11.23
3396000,15.34,12.46,12.33,9.91,11.56
3397000,15.7,12.44,12.63,10.63,11.79
3398000,15.93,12.12,12.66,10.41,12.29
3399000,15.56,12.04,12.64,10.76,12.56
3400000,15.6,11.89,12.59,11.13,12.88
3401000,15.73,12.28,11.9,11.15,12.7
3402000,15.94,12.46,11.96,11.19,12.88
3403000,15.85,12.6,12.18,11.08,12.71
3404000,16.14,12.67,12.01,10.99,12.81
3405000,15.57,12.83,11.82,10.82,12.38
3406000,16.04,13.1,12.36,10.47,11.97
3407000,15.84,13.21,12.84,10.44,11.41
3408000,15.17,13.08,12.95,10.31,11.5
3409000,14.56,13.17,13.07,10.57,11.36
3410000,13.55,13.08,13.29,10.26,11.09
3411000,13.13,13.01,13.13,10.02,10.9
3412000,13.11,13.19,13.19,9.48,10.92
3413000,12.65,13.32,12.86,9.4,10.93
3414000,12.7,13.45,13.09,9.59,11.05
3415000,12.08,13.01,13.45,9.78,10.72
3416000,12.39,12.74,13.47,9.95,11.24
3417000,12.42,12.86,13.6,10.05,11.6
3418000,12.88,12.96,13.99,9.22,12.06
3419000,12.85,12.76,14.18,9.37,12.39
3420000,13.24,12.6,13.77,9.41,12.41
3421000,13.13,12.49,13.72,9.77,12.63
3422000,12.81,12.21,13.64,10.24,12.33
3423000,13.37,12.34,13.72,10.49,12.54
3424000,13.19,12.14,13.58,10.52,12.24
3425000,13.2,11.89,13.55,10.14,12.52
3426000,13.28,11.88,13.54,10.19,12.22
3427000,12.71,11.95,13.35,9.84,12.37
3428000,12.78,12.0,13.22,10.49,12.36
3429000,12.74,11.67,13.19,10.97,12.07
3430000,12.45,11.35,13.38,11.12,11.62
3431000,12.53,11.33,13.4,11.32,11.45
3432000,11.99,11.28,13.25,11.15,10.95
3433000,11.91,11.26,13.4,11.17,10.97
3434000,12.17,11.4,13.68,10.61,11.02
3435000,13.03,11.79,13.38,10.78,11.07
3436000,13.03,11.81,13.32,11.04,11.31
3437000,13.43,11.69,13.48,10.76,11.21
3438000,13.35,11.83,13.18,10.51,11.48
3439000,13.35,12.37,13.12,10.43,11.7
3440000,13.69,12.26,13.33,9.9,11.67
3441000,13.61,12.25,13.29,10.12,11.77
3442000,13.65,12.38,13.13,9.99,11.58
3443000,13.58,12.84,12.34,10.02,11.86
3444000,13.75,12.92,12.0,10.39,11.79
3445000,13.98,13.22,11.3,10.76,11.77
3446000,14.11,13.44,10.96,10.58,11.48
3447000,13.85,13.54,11.19,10.33,11.49
3448000,13.7,13.51,10.36,10.28,11.59
3449000,13.71,13.27,10.71,10.5,11.55
3450000,13.55,13.24,10.52,10.08,11.12
3451000,13.58,13.09,10.68,10.01,10.71
3452000,14.02,12.81,10.54,9.9,11.0
3453000,13.48,12.47,10.53,9.96,11.01
3454000,13.77,12.77,10.72,9.69,10.85
3455000,14.13,12.42,11.29,9.85,11.11
3456000,14.37,12.47,11.29,9.87,11.41
3457000,14.22,12.46,11.56,10.09,11.72
3458000,14.06,12.44,11.56,10.33,11.99
3459000,13.45,12.15,11.63,9.85,11.94
3460000,13.63,11.73,11.71,9.77,11.98
3461000,13.76,11.92,11.75,10.04,11.8
3462000,13.92,11.78,11.53,10.26,12.16
3463000,14.03,11.93,11.62,10.13,12.57
3464000,13.91,11.59,11.59,10.33,12.29
3465000,13.99,11.73,11.66,10.65,11.86
3466000,14.02,11.91,11.64,10.54,12.2
3467000,14.08,12.07,11.23,11.04,11.88
3468000,14.14,12.0,11.72,10.87,12.15
3469000,13.54,12.1,11.93,11.01,12.03
3470000,13.43,11.85,11.91,11.54,11.84
3471000,13.64,11.85,11.81,11.2,12.01
3472000,13.48,11.94,11.71,11.68,11.7
3473000,13.57,11.89,11.99,11.68,11.65
3474000,13.27,11.95,12.21,11.93,11.59
3475000,12.82,11.95,12.39,11.64,11.36
3476000,12.59,11.87,12.21,11.8,11.35
3477000,12.64,11.94,12.45,11.96,11.64
3478000,12.75,12.2,11.89,11.37,11.52
3479000,12.6,12.14,12.32,11.1,11.88
3480000,12.87,12.5,12.71,10.98,11.82
3481000,12.97,12.34,12.9,10.68,11.38
3482000,12.96,12.51,12.58,10.15,11.45
3483000,13.46,12.41,12.43,10.15,11.37
3484000,13.05,12.35,12.55,9.7,11.41
3485000,13.29,12.65,12.37,10.19,11.08
3486000,13.72,12.85,12.15,10.3,11.23
3487000,14.26,12.72,12.34,9.99,11.15
3488000,14.28,12.64,12.42,10.17,10.78
3489000,14.02,12.95,12.4,10.42,10.48
3490000,13.98,13.07,12.08,10.12,10.38
3491000,13.33,13.06,12.1,10.31,10.11
3492000,13.51,13.09,11.56,10.92,10.11
3493000,12.59,12.97,11.23,11.46,10.07
3494000,12.03,13.08,11.5,11.22,10.18
3495000,11.18,13.19,11.1,11.15,9.55
3496000,10.94,12.96,11.45,11.55,9.21
3497000,10.29,12.94,11.36,11.0,9.54
3498000,9.65,13.16,11.54,10.95,9.75
3499000,9.7,13.33,11.62,10.55,9.77
3500000,9.46,13.01,11.43,10.59,9.83
3501000,9.28,12.83,10.73,10.7,10.0
3502000,9.6,12.93,11.25,10.77,10.14
3503000,9.38,13.22,11.08,10.04,10.25
3504000,9.5,12.94,11.33,9.85,10.55
3505000,9.95,12.8,11.27,9.47,10.57
3506000,10.28,13.04,11.32,9.46,11.02
3507000,9.26,13.03,11.37,9.43,11.26
3508000,8.87,12.82,11.06,9.66,11.23
3509000,9.05,13.03,11.09,9.59,11.74
3510000,8.95,12.81,10.51,9.29,11.82
3511000,8.73,12.65,10.03,9.36,11.69
3512000,8.31,12.7,10.62,9.62,11.62
3513000,7.92,12.77,10.71,9.91,11.54
3514000,7.66,12.89,10.42,10.08,11.72
3515000,7.67,12.99,10.55,10.03,11.25
3516000,8.2,13.16,10.53,10.25,11.11
3517000,8.26,13.3,10.45,9.96,10.86
3518000,7.92,13.25,10.5,9.54,10.82
3519000,7.76,13.38,10.65,9.6,11.04
3520000,7.65,13.23,10.71,9.78,10.82
3521000,7.62,13.21,11.14,10.01,10.55
3522000,7.68,13.19,11.06,9.49,10.47
3523000,7.51,13.14,11.5,8.56,10.82
3524000,7.57,12.75,11.81,8.74,10.89
3525000,7.59,12.63,12.05,8.5,10.79
3526000,7.76,13.06,11.9,8.42,11.11
3527000,7.58,12.87,11.7,8.71,11.02
3528000,7.75,12.62,11.86,8.72,10.88
3529000,7.72,12.72,12.21,8.86,10.8
3530000,7.63,12.9,12.16,8.97,10.86
3531000,7.78,13.0,12.14,9.17,10.52
3532000,7.56,12.45,11.87,9.63,10.27
3533000,7.31,12.09,12.08,9.96,10.59
3534000,7.1,12.26,11.69,10.44,10.06
3535000,7.23,12.23,11.38,10.72,9.96
3536000,7.32,12.31,11.34,10.82,9.98
3537000,7.54,12.27,9.88,11.04,10.52
3538000,7.69,12.64,6.75,10.98,10.38
3539000,7.7,12.88,5.7,11.22,10.45
3540000,7.7,13.05,5.76,11.14,10.91
3541000,8.12,12.88,5.58,10.79,10.79
3542000,8.45,12.88,5.63,10.62,10.82
3543000,8.7,13.1,5.71,9.99,11.01
3544000,8.98,13.12,6.3,9.18,10.74
3545000,9.16,12.84,7.16,8.63,10.99
3546000,9.43,12.59,7.9,8.59,11.32
3547000,9.69,13.03,8.58,7.85,11.43
3548000,9.83,12.9,9.14,7.73,11.07
3549000,10.2,12.8,9.49,7.05,11.33
3550000,10.55,12.78,9.54,7.28,11.51
3551000,11.03,12.73,9.63,7.19,11.17
3552000,11.39,12.74,9.09,7.04,11.05
3553000,11.42,12.78,8.53,6.35,10.91
3554000,10.91,12.87,6.82,6.65,10.96
3555000,10.97,12.8,1.28,6.12,10.96
3556000,11.11,12.67,0.43,5.71,10.57
3557000,11.11,12.75,0.41,4.76,10.21
3558000,10.85,12.88,0.82,3.72,9.92
3559000,11.18,12.93,1.27,1.58,10.12
3560000,10.61,13.06,1.33,0.1,9.97
3561000,10.58,13.48,1.37,0.01,9.82
3562000,10.71,13.66,1.34,0.0,9.63
3563000,10.24,13.85,1.32,0.04,9.8
3564000,10.22,13.87,1.36,0.3,9.95
3565000,10.59,13.7,1.4,0.62,9.98
3566000,10.95,13.89,1.31,0.68,9.78
3567000,10.71,13.96,1.28,0.82,9.95
3568000,10.91,14.23,1.27,0.81,9.99
3569000,10.67,14.35,1.36,0.75,9.87
3570000,10.42,14.39,1.44,0.79,9.68
3571000,10.84,14.52,1.35,0.94,9.41
3572000,10.8,14.51,1.31,1.01,9.41
3573000,10.6,14.71,1.38,0.86,9.47
3574000,10.69,14.47,1.31,0.78,9.01
3575000,10.6,14.5,1.3,0.84,8.9
3576000,10.61,14.42,1.38,0.91,8.63
3577000,10.87,13.73,1.47,1.05,9.0
3578000,11.14,13.43,1.47,1.33,8.83
3579000,11.27,13.64,1.49,1.48,8.82
3580000,11.51,13.74,1.47,1.61,9.24
3581000,11.88,13.92,1.45,1.6,9.0
3582000,12.27,13.7,1.42,1.75,8.49
3583000,12.66,13.26,1.36,2.03,8.5
3584000,12.76,13.02,1.38,2.28,8.96
3585000,12.96,13.11,1.46,2.49,8.9
3586000,12.89,13.05,1.39,2.78,8.87
3587000,12.91,12.64,1.27,3.03,9.09
3588000,13.03,12.49,1.35,3.13,8.69
3589000,13.44,12.54,1.56,3.16,8.65
3590000,13.39,12.55,1.7,3.33,8.7
3591000,13.22,12.66,1.86,3.21,8.87
3592000,13.16,13.13,1.92,3.26,9.03
3593000,12.89,12.93,2.08,3.37,8.68
3594000,12.6,13.0,2.19,3.18,8.42
3595000,12.72,12.87,2.3,3.14,8.3
3596000,12.25,13.01,2.47,3.03,8.12
3597000,11.65,13.03,2.51,3.22,8.18
3598000,11.68,13.32,2.71,3.26,8.43
3599000,11.67,13.46,2.8,3.48,8.28
3600000,10.88,13.32,2.73,3.65,8.5
3601000,10.91,13.44,2.73,3.75,8.41
3602000,10.96,13.6,2.74,3.87,8.12
3603000,11.09,13.85,2.76,3.92,8.26
3604000,11.29,13.87,2.61,3.7,7.82
3605000,11.06,13.37,2.67,3.61,8.26
3606000,10.65,13.44,2.7,3.43,8.39
3607000,11.03,13.33,2.67,3.58,8.32
3608000,11.24,13.47,2.79,3.61,8.32
3609000,11.36,13.83,2.83,3.64,8.23
3610000,11.41,13.68,2.85,3.89,8.63
3611000,11.71,13.7,2.99,3.98,8.59
3612000,12.04,13.54,3.07,3.89,8.86
3613000,12.21,13.63,2.95,3.95,9.4
3614000,12.25,13.59,2.83,4.04,9.98
3615000,12.32,13.35,2.76,3.73,10.04
3616000,11.57,13.21,2.74,3.73,10.16
3617000,11.83,13.32,2.82,3.92,10.27
3618000,11.91,13.4,2.73,3.73,10.18
3619000,12.34,13.69,1.84,3.74,10.49
3620000,12.17,13.87,0.66,3.82,10.54
3621000,12.32,14.06,1.23,3.72,10.6
3622000,12.2,13.87,1.88,3.63,10.68
3623000,12.28,13.84,2.42,3.81,11.11
3624000,12.39,13.95,2.58,3.64,11.0
3625000,12.28,13.86,2.71,3.48,10.81
3626000,12.36,13.5,2.82,3.61,10.56
3627000,12.15,13.53,2.79,3.78,10.92
3628000,12.68,13.85,2.82,3.74,10.67
3629000,12.99,13.69,2.93,3.83,10.42
3630000,12.95,13.8,2.86,4.08,10.21
3631000,12.97,13.87,2.93,3.93,10.37
3632000,12.58,13.67,2.97,3.61,10.6
3633000,12.41,13.45,3.09,3.64,10.25
3634000,12.55,13.18,3.28,3.46,10.39
3635000,12.73,13.42,3.42,3.37,10.33
3636000,12.23,13.08,3.55,3.61,10.3
3637000,12.16,13.25,3.58,3.65,10.72
3638000,12.04,13.13,3.41,3.7,10.68
3639000,11.82,13.25,3.52,3.82,10.65
3640000,11.87,13.32,3.24,4.0,11.08
3641000,11.67,13.31,3.25,4.18,10.97
3642000,11.82,13.83,3.27,3.96,10.55
3643000,11.88,13.91,3.22,4.04,10.59
3644000,12.15,13.55,3.48,3.86,10.52
3645000,11.51,13.85,3.66,3.7,10.11
3646000,11.67,13.81,3.68,3.73,10.39
3647000,11.38,13.69,3.73,4.09,10.08
3648000,11.56,13.93,3.73,4.27,10.22
3649000,11.35,14.06,3.81,4.24,10.09
3650000,11.25,14.03,3.8,4.32,9.96
3651000,11.21,13.68,4.01,4.24,9.97
3652000,10.55,13.57,4.22,4.05,10.2
3653000,10.83,13.6,3.95,3.94,10.13
3654000,10.71,13.37,4.04,4.17,10.44
3655000,10.9,13.0,4.25,4.21,10.4
3656000,11.21,13.05,4.17,4.29,10.37
3657000,11.55,12.9,3.92,4.78,10.17
3658000,11.72,12.6,4.25,4.76,9.98
3659000,12.06,12.66,4.32,4.48,10.01
3660000,12.04,12.64,4.15,4.71,10.18
3661000,12.29,12.64,4.14,4.46,10.38
3662000,12.81,12.35,4.39,4.46,10.68
3663000,13.31,12.35,4.44,4.62,10.77
3664000,13.76,12.48,4.56,4.61,10.65
3665000,13.3,12.63,4.67,4.8,10.06
3666000,13.58,12.51,3.06,4.89,9.77
3667000,13.11,12.66,1.82,5.03,9.63
3668000,13.14,12.33,1.68,5.04,9.65
3669000,13.23,12.39,2.43,5.08,9.41
3670000,13.16,11.95,3.1,5.01,9.61
3671000,13.02,11.94,3.75,4.85,9.73
3672000,13.41,12.28,4.22,4.66,9.54
3673000,13.19,12.18,4.63,4.84,9.32
3674000,13.26,12.04,4.59,4.75,9.24
3675000,12.78,11.96,4.76,4.6,9.8
3676000,11.65,11.95,4.82,4.69,10.17
3677000,11.71,11.74,4.94,4.68,10.17
3678000,11.43,11.87,4.77,4.52,10.15
3679000,11.04,11.93,4.88,4.59,10.08
3680000,10.63,11.99,4.86,4.58,9.46
3681000,10.98,12.24,4.86,4.43,9.48
3682000,11.05,12.54,4.76,4.54,9.65
3683000,11.08,12.69,4.71,4.44,9.78
3684000,10.98,12.78,4.86,4.28,10.2
3685000,10.69,13.13,4.98,4.32,10.16
3686000,11.02,13.18,5.14,4.35,9.94
3687000,11.32,12.92,5.15,4.37,10.19
3688000,11.87,12.79,4.7,4.54,10.69
3689000,12.46,13.0,4.68,4.34,10.93
3690000,12.72,13.34,4.59,4.22,10.76
3691000,12.7,13.41,4.59,3.89,10.8
3692000,13.44,13.33,4.57,3.75,11.08
3693000,13.74,13.57,4.78,3.44,10.59
3694000,14.09,13.46,5.13,2.81,10.42
3695000,14.14,13.31,4.88,1.95,10.43
3696000,14.56,13.14,5.11,1.85,10.26
3697000,14.11,13.37,5.15,1.89,10.19
3698000,14.08,13.32,5.05,1.94,9.76
3699000,14.15,13.33,5.01,1.77,9.61
3700000,13.72,13.25,4.93,1.83,9.32
3701000,12.85,13.12,5.28,1.95,8.67
3702000,12.79,13.44,5.4,2.18,7.85
3703000,13.05,13.54,5.44,2.17,7.37
3704000,13.5,13.72,5.65,2.25,6.88
3705000,13.68,13.67,5.69,2.24,6.02
3706000,13.5,13.47,5.38,2.68,5.83
3707000,13.75,13.24,5.15,2.92,5.89
3708000,13.58,13.17,5.16,3.14,6.08
3709000,12.99,13.39,5.0,3.24,6.29
3710000,13.29,13.61,4.9,3.1,6.57
3711000,13.4,13.53,4.68,3.15,6.51
3712000,13.78,13.2,4.94,3.07,6.63
3713000,13.52,13.21,5.12,3.06,6.9
3714000,13.86,13.21,5.18,3.24,7.02
3715000,14.37,13.55,5.34,3.38,7.03
3716000,14.11,13.41,5.37,3.45,7.04
3717000,14.09,13.33,5.53,3.66,6.99
3718000,13.73,13.36,5.59,3.8,6.94
3719000,13.45,13.41,5.54,3.58,7.28
3720000,12.51,13.44,5.32,3.53,7.24
3721000,13.02,13.63,5.21,3.49,7.14
3722000,13.04,13.58,5.23,3.52,6.72
3723000,12.57,13.01,5.21,3.42,6.69
3724000,12.69,12.77,5.32,3.51,6.77
3725000,12.52,12.56,5.6,3.62,6.7
3726000,12.51,12.68,5.82,3.57,6.81
3727000,11.97,12.58,5.98,3.53,6.63
3728000,12.13,12.56,6.16,3.65,6.59
3729000,12.01,12.71,6.24,3.81,6.75
3730000,12.13,12.73,6.19,3.53,7.12
3731000,12.47,12.9,6.38,3.5,6.92
3732000,12.47,12.9,6.28,3.69,6.87
3733000,12.21,12.69,6.1,3.35,6.88
3734000,11.99,12.66,6.11,3.49,7.02
3735000,12.64,12.16,6.1,3.53,6.94
3736000,12.38,12.58,5.71,3.42,7.02
3737000,12.05,12.82,5.82,3.26,7.2
3738000,12.41,13.17,5.69,3.24,7.07
3739000,12.14,13.76,5.86,3.09,7.24
3740000,12.14,14.2,6.04,3.22,7.44
3741000,12.12,14.29,5.68,3.24,7.34
3742000,12.18,14.33,5.73,3.19,7.61
3743000,12.37,14.47,5.9,3.42,7.56
3744000,12.52,14.73,6.09,3.44,7.6
3745000,12.39,14.54,6.09,3.53,7.68
3746000,13.17,14.47,6.08,3.71,7.61
3747000,13.27,14.18,5.79,3.52,7.77
3748000,12.97,13.98,6.04,3.65,7.68
3749000,12.5,14.06,6.23,3.57,7.6
3750000,12.12,14.17,6.34,3.59,7.77
3751000,12.13,14.39,6.12,3.54,7.69
3752000,12.0,14.03,6.12,3.48,7.86
3753000,11.13,14.18,6.16,3.61,7.8
3754000,10.98,14.53,6.21,3.51,7.94
3755000,11.13,14.2,6.51,3.54,7.8
3756000,11.26,13.53,6.12,3.74,7.88
3757000,11.35,13.62,5.94,3.28,8.05
3758000,11.47,13.7,5.75,3.47,8.11
3759000,11.47,13.66,5.89,3.44,8.27
3760000,11.83,13.19,5.95,3.24,8.11
3761000,12.2,13.05,6.07,3.74,8.04
3762000,12.4,13.11,5.79,3.81,8.17
3763000,12.16,13.23,6.05,3.84,8.06
3764000,12.27,12.96,6.01,4.01,8.09
3765000,12.48,12.84,6.11,4.33,8.3
3766000,12.79,13.11,6.03,4.37,8.25
3767000,12.87,13.32,5.87,4.19,8.18
3768000,12.88,13.39,5.84,4.27,8.18
3769000,12.89,13.28,5.52,4.22,8.34
3770000,12.03,13.14,5.64,3.95,8.36
3771000,11.71,13.34,5.83,3.94,8.69
3772000,11.13,13.68,6.1,3.66,8.69
3773000,11.38,13.37,6.14,3.56,8.55
3774000,11.62,13.32,6.33,3.63,8.55
3775000,11.83,13.63,6.56,3.58,8.68
3776000,12.27,13.83,6.75,3.73,8.67
3777000,12.16,14.01,7.06,3.95,8.62
3778000,12.52,13.99,6.98,4.34,8.52
3779000,12.66,14.01,6.8,4.05,8.4
3780000,12.66,14.33,6.52,3.9,8.39
3781000,11.95,14.15,6.49,3.85,8.2
3782000,12.33,13.96,6.44,3.83,8.3
3783000,12.58,13.95,6.3,3.7,8.33
3784000,12.35,13.77,6.1,3.83,8.34
3785000,12.81,13.37,6.07,3.89,8.3
3786000,12.95,13.36,6.1,4.29,8.13
3787000,12.75,13.42,6.25,4.07,8.37
3788000,12.62,13.55,6.36,4.11,8.66
3789000,12.59,13.52,6.19,3.9,8.73
3790000,13.11,13.57,6.17,4.01,8.49
3791000,13.19,13.51,6.31,3.9,8.63
3792000,13.03,13.22,6.51,4.0,8.75
3793000,13.04,12.95,6.24,3.98,8.71
3794000,13.24,12.92,6.33,4.08,8.64
3795000,13.79,12.57,6.49,4.1,8.72
3796000,13.46,12.23,6.64,4.19,8.46
3797000,13.83,12.01,6.82,4.13,8.48
3798000,13.98,12.06,6.66,4.14,8.16
3799000,13.56,12.38,5.5,4.29,8.34
3800000,13.48,12.04,4.21,3.82,8.39
3801000,13.57,11.42,4.04,3.66,8.28
3802000,14.14,11.51,3.6,3.62,8.34
3803000,13.95,11.21,4.04,3.66,8.06
3804000,13.43,11.42,4.67,3.94,7.97
3805000,13.45,11.45,4.87,4.08,7.9
3806000,14.06,11.5,5.32,4.18,8.1
3807000,14.33,11.85,5.86,4.24,7.88
3808000,14.21,11.79,5.74,4.2,8.22
3809000,14.33,12.08,5.89,3.93,8.36
3810000,14.53,12.28,6.15,3.6,8.18
3811000,14.73,12.46,6.02,3.71,7.93
3812000,14.54,12.83,6.17,3.71,7.97
3813000,14.41,12.2,6.49,3.51,8.2
3814000,14.86,12.19,6.55,3.83,8.12
3815000,14.76,12.69,6.76,4.09,8.2
3816000,14.73,13.13,7.07,4.05,8.11
3817000,14.57,13.27,7.05,3.79,8.04
3818000,14.89,13.43,7.05,4.01,7.83
3819000,15.17,13.31,7.26,3.92,7.94
3820000,15.1,13.59,7.27,3.64,8.06
3821000,14.99,13.76,7.43,3.58,8.28
3822000,15.14,13.89,7.44,3.79,8.08
3823000,14.87,13.91,6.96,3.61,8.19
3824000,14.19,14.05,6.82,3.63,7.99
3825000,14.01,14.32,6.91,3.95,8.13
3826000,14.0,14.4,6.67,4.11,8.22
3827000,14.17,14.33,6.62,4.12,8.19
3828000,14.0,14.49,6.72,4.2,8.31
3829000,14.3,14.27,6.75,4.46,8.16
3830000,14.56,14.21,6.76,4.43,7.91
3831000,14.06,14.5,6.95,4.39,7.73
3832000,13.51,14.58,7.17,4.41,7.92
3833000,13.74,14.7,7.13,4.32,8.01
3834000,13.97,14.81,7.37,3.87,7.45
3835000,13.95,14.8,7.46,4.06,7.31
3836000,13.63,14.43,7.45,4.04,7.2
3837000,13.9,14.11,7.37,4.02,7.43
3838000,13.89,13.85,7.1,3.99,7.58
3839000,13.75,13.98,7.1,4.24,7.53
3840000,13.92,14.04,7.21,4.01,7.7
3841000,14.43,13.84,7.11,4.14,7.79
3842000,14.67,13.93,7.25,4.25,7.97
3843000,14.75,13.71,7.2,4.47,7.97
3844000,14.63,13.71,7.31,4.6,8.08
3845000,14.4,13.62,7.44,4.34,8.38
3846000,14.62,13.51,7.38,4.25,8.25
3847000,15.11,13.26,7.68,4.53,8.52
3848000,14.71,12.81,7.68,4.44,8.41
3849000,14.9,12.63,7.76,4.27,8.35
3850000,14.67,12.59,7.64,4.4,8.39
3851000,14.89,12.73,7.38,4.47,8.4
3852000,14.77,12.49,7.46,4.38,8.51
3853000,14.91,12.14,7.26,4.4,8.62
3854000,14.85,12.26,7.09,4.31,8.51
3855000,14.71,12.22,7.1,4.02,8.53
3856000,14.68,12.0,7.03,3.9,8.48
3857000,14.24,11.95,7.05,3.9,8.37
3858000,14.46,12.07,7.23,3.85,8.5
3859000,14.74,12.25,7.47,3.96,8.47
3860000,14.82,12.21,7.67,3.96,8.19
3861000,15.4,12.19,7.41,4.0,7.94
3862000,15.1,12.5,7.56,4.1,8.12
3863000,14.83,12.65,7.54,3.92,8.14
3864000,14.75,12.84,7.48,4.17,7.72
3865000,15.02,13.11,7.65,4.22,7.87
3866000,14.95,12.86,7.9,4.33,7.99
3867000,14.82,12.93,7.64,4.31,7.84
3868000,14.95,12.99,7.2,4.02,7.96
3869000,14.2,12.92,7.37,4.04,8.0
3870000,13.24,13.1,6.74,4.2,8.29
3871000,13.07,13.17,6.29,4.01,8.27
3872000,13.53,13.36,6.02,3.87,8.26
3873000,12.47,13.5,5.7,4.19,8.56
3874000,12.73,13.54,5.77,4.03,8.87
3875000,12.61,13.87,5.9,3.72,8.81
3876000,12.31,14.07,6.12,3.82,8.88
3877000,12.37,14.4,6.21,3.82,8.8
3878000,12.6,14.19,6.76,3.63,8.51
3879000,12.23,14.3,7.05,3.72,8.42
3880000,11.77,14.13,7.45,3.96,8.34
3881000,11.95,13.82,7.41,4.13,8.39
3882000,12.61,14.19,7.35,4.0,8.41
3883000,12.39,14.34,7.31,4.09,8.12
3884000,12.28,14.44,7.32,4.13,7.92
3885000,12.4,14.49,7.19,4.2,7.84
3886000,12.95,14.37,7.58,4.14,7.88
3887000,12.79,14.18,7.53,4.38,8.03
3888000,12.59,13.9,6.93,4.41,8.07
3889000,12.55,13.6,6.89,4.57,8.26
3890000,12.23,13.6,7.1,4.58,8.38
3891000,12.52,13.77,7.16,4.41,8.3
3892000,12.8,13.1,7.15,4.05,8.45
3893000,13.03,12.95,7.28,3.95,8.52
3894000,13.25,12.51,6.92,3.9,8.7
3895000,12.77,12.5,6.95,3.84,8.56
3896000,12.8,12.47,7.21,3.79,8.4
3897000,13.46,12.51,7.72,4.2,8.14
3898000,13.29,12.42,7.5,4.08,8.15
3899000,13.39,12.39,7.15,3.96,7.99
3900000,12.98,12.31,7.11,3.98,7.97
3901000,13.04,12.45,6.99,4.09,7.99
3902000,12.9,12.59,7.22,4.02,7.88
3903000,12.89,12.52,7.36,4.12,7.9
3904000,12.84,12.53,7.24,4.2,7.99
3905000,12.48,12.31,7.29,4.06,8.35
3906000,12.58,12.51,7.45,4.09,8.41
3907000,12.8,12.87,7.61,4.16,8.47
3908000,13.26,12.83,7.9,4.14,8.36
3909000,13.62,12.96,7.94,4.13,8.22
3910000,13.0,12.75,8.05,4.19,8.03
3911000,13.1,12.68,7.94,4.2,8.04
3912000,13.28,12.54,7.89,4.0,8.13
3913000,13.38,12.43,7.94,4.13,7.84
3914000,13.4,12.54,7.92,4.29,7.72
3915000,13.57,12.64,7.54,4.01,7.67
3916000,13.84,12.64,7.66,4.14,7.79
3917000,13.78,12.89,7.32,4.19,7.79
3918000,13.92,12.64,7.5,3.92,7.79
3919000,13.48,12.86,7.02,3.83,8.01
3920000,13.02,13.05,7.2,4.14,8.29
3921000,12.72,13.12,7.2,4.01,8.22
3922000,12.56,13.13,7.28,4.12,8.26
3923000,13.09,13.49,7.36,4.23,8.47
3924000,12.95,13.54,7.18,4.35,8.53
3925000,13.27,13.47,7.32,4.59,8.47
3926000,12.79,13.6,7.52,4.45,8.44
3927000,13.14,13.8,7.54,3.92,8.56
3928000,12.75,13.97,7.76,3.64,8.56
3929000,13.04,14.19,7.58,3.35,8.36
3930000,12.73,14.39,7.72,3.48,8.22
3931000,12.93,14.42,7.59,3.61,8.04
3932000,13.33,14.56,7.56,4.0,7.89
3933000,13.74,14.53,7.74,4.29,7.87
3934000,13.82,14.36,7.69,4.48,8.01
3935000,14.13,14.13,7.69,4.53,7.97
3936000,14.11,14.41,7.67,4.56,7.7
3937000,13.8,14.5,7.78,4.9,7.8
3938000,13.94,14.41,7.87,4.75,7.85
3939000,13.75,14.61,7.96,4.53,7.92
3940000,13.98,14.4,7.82,4.61,8.0
3941000,13.92,14.48,7.76,4.17,7.87
3942000,14.42,14.42,7.76,3.93,8.08
3943000,14.91,14.43,7.73,4.04,8.19
3944000,15.13,14.09,7.79,4.22,8.07
3945000,15.55,14.22,7.79,4.47,8.33
3946000,15.34,14.0,7.82,4.45,8.47
3947000,15.1,14.11,7.92,4.77,8.42
3948000,15.35,14.03,7.9,5.07,8.45
3949000,15.78,14.25,8.05,5.48,8.57
3950000,15.12,14.4,8.16,5.52,8.74
3951000,15.1,14.45,8.3,5.51,9.13
3952000,15.35,14.45,8.25,5.49,9.18
3953000,15.6,14.29,8.13,5.44,9.08
3954000,15.72,14.43,8.05,5.22,8.88
3955000,16.22,14.64,7.9,4.97,8.7
3956000,16.32,14.67,7.76,4.93,8.62
3957000,15.77,14.75,7.7,4.95,8.65
3958000,15.45,14.62,7.58,5.04,8.33
3959000,15.2,14.3,7.5,5.21,8.18
3960000,14.85,14.21,7.44,5.26,8.25
3961000,15.42,13.69,7.57,5.3,8.05
3962000,15.55,14.08,7.69,5.58,7.93
3963000,15.74,13.86,7.79,5.88,7.94
3964000,15.65,13.69,7.91,5.82,8.06
3965000,16.08,13.61,7.91,6.0,7.98
3966000,15.95,13.46,8.01,5.92,7.78
3967000,15.97,13.64,7.97,5.97,7.92
3968000,15.93,13.66,7.92,6.21,7.9
3969000,15.75,13.14,8.08,6.2,7.91
3970000,15.42,12.99,8.07,6.07,7.83
3971000,15.08,12.74,8.02,6.37,7.84
3972000,15.45,12.89,8.04,6.47,7.84
3973000,15.86,12.92,8.03,6.45,7.5
3974000,15.41,13.22,8.02,6.71,6.96
3975000,15.31,13.57,7.96,6.68,3.58
3976000,15.57,13.73,8.07,6.84,0.03
3977000,15.62,13.98,8.27,6.81,0.02
3978000,15.81,13.83,7.88,6.97,0.13
3979000,15.19,13.79,7.78,6.96,0.37
3980000,15.59,13.81,7.66,6.84,0.42
3981000,15.81,13.88,8.03,6.93,0.47
3982000,16.16,14.23,8.0,6.96,0.44
3983000,16.48,14.33,8.02,7.08,0.42
3984000,16.43,14.22,7.99,7.39,0.39
3985000,16.67,14.32,8.11,7.5,0.52
3986000,16.59,14.73,7.99,7.3,0.48
3987000,16.91,14.66,8.09,7.15,0.55
3988000,16.84,14.22,8.46,7.06,0.66
3989000,17.18,14.4,8.41,6.92,0.92
3990000,16.62,14.45,8.54,6.58,1.18
3991000,16.96,14.58,8.53,6.63,1.37
3992000,16.58,14.55,8.67,6.47,1.37
3993000,16.51,14.76,8.6,6.63,1.17
3994000,16.11,14.61,8.83,6.72,1.01
3995000,16.03,14.96,8.64,7.0,1.04
3996000,15.09,15.23,8.58,7.06,1.15
3997000,14.84,14.7,8.47,7.26,1.36
3998000,14.61,14.22,8.35,7.31,1.39
3999000,14.84,13.39,8.59,7.5,1.25
4000000,14.5,13.14,8.58,7.5,1.25
4001000,14.5,12.78,8.49,7.81,1.33
4002000,14.3,13.13,8.47,7.53,1.22
4003000,13.66,13.38,8.57,7.59,1.23
4004000,14.17,13.1,8.59,6.98,1.3
4005000,14.31,13.27,8.82,7.1,1.29
4006000,14.42,13.48,9.08,7.37,1.18
4007000,14.57,13.83,9.3,7.31,1.2
4008000,14.63,13.03,9.44,7.32,1.31
4009000,14.91,13.28,9.54,7.18,1.27
4010000,15.42,13.2,9.28,7.16,1.28
4011000,15.72,12.97,9.17,6.92,1.34
4012000,16.23,13.43,9.18,7.12,1.35
4013000,16.52,13.76,9.2,7.33,1.33
4014000,16.55,13.88,9.14,7.08,1.29
4015000,16.58,14.01,9.16,7.51,1.26
4016000,16.63,14.2,9.01,7.43,1.27
4017000,16.72,14.14,8.7,7.61,1.24
4018000,16.84,14.03,8.55,7.32,1.18
4019000,17.16,13.98,8.64,7.68,1.21
4020000,17.39,14.1,8.6,7.92,1.27
4021000,17.21,14.17,8.69,8.09,1.25
4022000,17.61,13.95,8.57,7.83,1.23
4023000,17.29,13.89,8.49,7.94,1.25
4024000,16.28,13.85,8.49,7.8,1.27
4025000,16.11,13.83,8.46,7.92,1.27
4026000,16.36,13.72,8.4,7.85,1.28
4027000,16.37,13.98,8.55,8.29,1.34
4028000,16.11,13.99,8.6,8.29,1.41
4029000,15.67,13.98,8.67,8.38,1.45
4030000,15.52,14.23,8.64,7.95,1.38
4031000,15.59,14.28,8.77,8.05,1.32
4032000,15.89,14.17,8.66,8.09,1.41
4033000,15.63,14.3,8.68,8.36,1.43
4034000,15.09,14.17,8.8,8.01,1.57
4035000,15.32,14.32,8.85,8.08,1.71
4036000,15.54,14.34,8.98,8.15,1.91
4037000,15.08,14.3,9.12,7.79,2.04
4038000,15.08,14.55,8.96,7.94,2.16
4039000,15.39,14.51,9.21,8.23,2.26
4040000,14.65,14.57,9.19,8.76,2.27
4041000,14.38,14.54,9.28,8.69,2.31
4042000,13.74,14.36,9.02,8.92,2.37
4043000,13.84,14.19,9.2,8.63,2.52
4044000,14.14,13.97,9.36,9.09,2.64
4045000,14.1,14.16,9.31,9.17,2.63
4046000,14.12,13.98,9.23,9.0,2.5
4047000,13.97,13.92,9.18,8.94,2.39
4048000,14.22,14.03,9.19,8.36,2.53
4049000,13.47,13.88,8.97,8.27,2.62
4050000,13.45,14.19,9.05,8.18,2.81
4051000,13.79,13.97,8.87,8.24,2.88
4052000,14.1,13.39,9.09,8.37,2.95
4053000,14.0,13.29,9.19,8.53,2.74
4054000,14.78,13.3,9.18,8.26,2.7
4055000,14.7,13.28,9.13,8.38,2.69
4056000,14.82,13.27,9.18,8.89,2.77
4057000,15.37,13.43,9.06,9.31,2.8
4058000,15.68,13.48,8.71,9.66,2.82
4059000,16.23,13.65,8.1,9.74,2.85
4060000,15.54,13.86,8.2,9.44,2.89
4061000,16.01,13.72,8.08,8.78,2.89
4062000,16.0,13.61,7.77,8.39,3.0
4063000,15.87,13.2,7.53,8.26,2.99
4064000,15.94,13.38,7.23,8.24,3.06
4065000,16.01,13.43,7.2,7.64,3.08
4066000,15.28,13.45,7.42,7.63,3.15
4067000,14.96,13.77,7.65,7.65,2.99
4068000,15.0,13.91,7.9,7.83,3.07
4069000,14.58,13.91,8.08,8.01,2.98
4070000,14.53,13.94,8.04,8.39,2.96
4071000,14.73,13.87,8.27,8.74,3.06
4072000,14.76,13.64,8.15,8.9,3.19
4073000,14.66,13.87,8.27,9.07,3.32
4074000,14.61,13.89,8.44,9.37,3.36
4075000,15.09,13.85,8.37,9.35,3.28
4076000,14.99,13.71,8.13,9.26,3.13
4077000,14.99,13.85,8.07,9.02,3.04
4078000,14.89,14.14,8.25,9.07,2.82
4079000,14.97,14.07,8.49,9.34,2.97
4080000,15.05,14.11,8.19,9.26,3.09
4081000,15.45,14.04,8.23,9.03,3.1
4082000,16.01,13.97,8.41,9.28,3.11
4083000,16.48,13.85,8.32,9.16,3.15
4084000,16.74,14.18,8.52,8.92,3.11
4085000,16.63,13.95,8.29,9.03,3.15
4086000,16.42,14.08,8.36,9.27,3.23
4087000,16.59,14.2,8.34,9.29,3.26
4088000,16.5,14.58,8.55,9.19,3.26
4089000,15.99,14.67,8.44,8.88,3.31
4090000,16.06,14.27,8.6,8.24,3.38
4091000,15.54,13.98,8.64,7.95,3.48
4092000,15.47,14.06,8.79,7.67,3.55
4093000,15.92,13.9,8.85,7.78,3.57
4094000,15.97,13.93,8.82,7.8,3.69
4095000,16.11,14.38,8.88,7.81,3.58
4096000,16.29,14.27,9.08,8.09,3.67
4097000,16.14,14.69,8.9,8.22,3.68
4098000,15.85,14.58,8.76,8.14,3.75
4099000,15.27,14.71,8.75,8.38,3.64
4100000,15.43,14.15,8.41,8.56,3.61
4101000,15.87,13.79,8.46,8.91,3.75
4102000,16.04,13.43,8.35,9.09,3.72
4103000,15.9,13.34,8.06,9.52,3.66
4104000,15.77,13.43,8.04,9.69,3.67
4105000,16.2,13.5,8.08,9.52,3.75
4106000,16.14,13.68,8.25,9.51,3.77
4107000,16.48,13.64,8.25,9.39,3.71
4108000,16.58,13.62,8.41,9.67,3.53
4109000,16.68,13.7,8.34,9.97,3.61
4110000,16.75,13.34,8.51,10.13,3.71
4111000,16.71,12.93,8.55,10.6,3.76
4112000,16.6,12.15,8.5,10.46,3.88
4113000,16.96,11.91,8.53,10.41,4.07
4114000,17.2,12.35,8.35,10.55,4.08
4115000,17.09,12.23,8.52,10.37,4.06
4116000,16.89,12.22,8.57,10.58,4.16
4117000,16.64,12.24,8.61,10.83,4.24
4118000,17.16,12.19,8.54,10.77,4.37
4119000,17.15,12.45,8.75,10.73,4.28
4120000,17.46,12.33,8.84,10.38,4.37
4121000,17.73,12.51,8.84,10.55,4.44
4122000,17.69,12.69,8.83,10.64,4.55
4123000,17.88,12.49,8.39,10.94,4.64
4124000,17.77,12.59,7.77,10.88,4.73
4125000,17.58,12.46,7.52,10.83,4.91
4126000,17.85,12.9,7.48,10.61,4.84
4127000,18.06,13.32,7.25,10.22,4.98
4128000,17.91,13.46,7.4,10.21,4.91
4129000,17.77,13.72,7.31,10.38,4.99
4130000,16.85,13.94,7.31,10.04,5.02
4131000,16.82,14.08,7.43,10.37,5.02
4132000,16.99,14.35,7.87,9.99,5.19
4133000,17.34,14.63,8.09,9.85,5.27
4134000,16.8,14.33,8.2,9.53,5.2
4135000,16.79,14.04,8.53,9.72,5.27
4136000,16.04,13.99,8.5,9.92,5.2
4137000,15.96,14.12,8.68,10.15,5.36
4138000,15.68,13.9,8.77,10.8,5.65
4139000,15.64,13.99,8.51,11.14,5.6
4140000,16.22,14.09,8.79,10.89,5.64
4141000,16.23,14.07,8.66,10.87,5.67
4142000,14.97,13.8,8.73,10.42,5.36
4143000,14.97,13.83,9.2,10.4,5.46
4144000,14.87,13.76,9.53,10.37,5.53
4145000,15.32,13.64,9.4,10.02,5.56
4146000,15.31,13.49,9.44,8.95,5.74
4147000,15.7,13.17,9.6,7.9,5.91
4148000,15.52,12.86,9.65,7.25,6.05
4149000,15.75,13.03,9.82,7.15,6.24
4150000,16.04,13.36,9.82,6.83,6.54
4151000,16.29,13.3,9.74,6.46,6.5
4152000,16.69,12.62,9.72,6.03,6.38
4153000,16.69,13.03,9.85,5.67,6.17
4154000,16.94,13.15,9.4,4.75,6.06
4155000,16.72,12.96,9.58,4.48,5.93
4156000,16.87,13.09,9.63,4.18,5.9
4157000,16.55,13.53,9.71,4.13,5.83
4158000,16.95,13.57,9.49,4.26,5.91
4159000,17.27,13.35,9.29,4.69,6.05
4160000,17.55,12.73,9.44,4.45,6.25
4161000,17.5,12.76,9.37,3.62,6.15
4162000,17.31,12.98,9.53,3.3,6.2
4163000,17.51,13.15,9.67,2.87,5.97
4164000,17.2,13.61,9.76,3.07,5.9
4165000,16.73,13.48,9.86,3.33,5.97
4166000,16.13,13.74,9.52,3.62,5.87
4167000,15.01,13.93,9.4,3.75,5.69
4168000,14.91,14.03,9.38,3.97,5.84
4169000,15.25,13.97,9.63,3.6,6.1
4170000,14.98,13.88,9.72,3.78,6.26
4171000,14.91,14.0,9.88,3.97,6.51
4172000,14.21,14.08,9.94,4.0,6.51
4173000,14.3,13.82,10.18,4.12,6.34
4174000,14.02,13.93,10.26,4.54,6.34
4175000,14.3,14.09,10.21,4.65,6.31
4176000,14.38,14.33,10.35,4.51,6.35
4177000,14.41,14.81,10.47,4.4,6.44
4178000,14.27,15.17,10.87,3.86,6.31
4179000,14.39,14.92,10.92,3.41,6.17
4180000,14.31,14.57,10.87,3.02,6.56
4181000,15.01,14.19,10.9,2.84,6.59
4182000,15.28,14.03,10.87,2.71,6.54
4183000,15.4,13.94,10.64,2.88,6.63
4184000,15.15,14.38,10.42,2.82,6.57
4185000,15.31,13.7,10.48,2.97,6.4
4186000,15.63,13.26,10.27,3.06,6.56
4187000,15.29,13.44,9.85,3.17,6.56
4188000,15.44,13.66,9.93,3.49,6.56
4189000,15.46,13.91,9.95,3.64,6.67
4190000,15.27,14.05,10.07,3.9,6.58
4191000,15.21,13.84,10.36,4.0,6.57
4192000,15.29,13.56,10.04,4.0,6.5
4193000,15.3,13.22,10.32,3.81,6.44
4194000,15.53,13.47,10.34,3.66,6.41
4195000,15.85,13.67,9.6,3.75,6.36
4196000,15.93,14.05,9.68,3.76,6.5
4197000,15.69,14.19,9.69,3.96,6.65
4198000,16.18,13.75,10.28,4.18,6.74
4199000,16.2,13.82,9.96,4.09,6.67
4200000,16.11,14.11,10.13,4.06,6.86
4201000,16.1,14.31,9.74,4.0,6.96
4202000,15.82,14.45,9.89,3.86,6.98
4203000,16.32,14.29,9.62,3.97,7.03
4204000,16.39,14.11,9.71,4.07,6.78
4205000,16.32,13.87,10.42,4.17,6.84
4206000,16.73,13.81,10.77,4.2,6.77
4207000,17.1,13.97,10.64,4.14,6.63
4208000,17.16,13.59,10.61,4.03,6.59
4209000,17.56,13.46,10.1,4.15,6.49
4210000,17.19,13.34,10.09,3.85,6.33
4211000,17.28,12.83,10.47,3.87,6.54
4212000,16.82,12.72,10.29,3.71,6.44
4213000,16.41,12.68,10.0,3.77,6.38
4214000,15.75,12.43,10.18,3.8,6.43
4215000,15.63,12.76,9.62,4.05,6.58
4216000,15.75,12.59,9.51,4.15,6.67
4217000,15.47,12.73,9.61,4.17,6.76
4218000,15.23,12.77,9.49,4.21,6.8
4219000,15.34,12.52,9.65,4.15,6.6
4220000,14.49,12.52,9.79,4.11,6.34
4221000,13.66,12.75,9.68,4.11,6.36
4222000,14.04,13.1,9.68,4.13,6.42
4223000,13.85,13.39,9.65,3.88,6.02
4224000,14.05,13.56,9.79,3.89,6.1
4225000,13.71,13.79,9.97,3.52,6.2
4226000,13.66,13.92,10.29,3.29,6.12
4227000,13.94,14.18,10.37,3.22,6.21
4228000,14.61,13.98,10.56,3.05,6.32
4229000,14.29,14.57,10.75,3.14,5.99
4230000,14.45,14.62,11.29,3.08,6.17
4231000,14.56,14.69,10.98,2.97,6.26
4232000,14.74,14.58,10.92,2.54,6.0
4233000,14.98,14.41,11.17,2.21,6.22
4234000,14.63,14.0,11.04,1.93,6.46
4235000,14.58,14.39,11.12,1.87,6.42
4236000,14.21,14.43,10.51,1.93,6.58
4237000,14.21,14.67,10.52,2.13,6.81
4238000,14.46,14.48,10.39,2.17,6.65
4239000,14.64,14.44,9.98,2.18,6.7
4240000,14.87,14.34,9.95,2.31,6.86
4241000,14.53,14.19,9.88,2.43,6.81
4242000,14.47,13.88,10.17,2.68,6.88
4243000,14.89,14.09,10.53,2.8,5.49
4244000,15.13,14.31,10.08,2.92,4.63
4245000,14.84,13.7,10.17,2.9,3.78
4246000,14.91,13.53,10.19,2.89,3.24
4247000,15.01,13.82,10.62,2.9,3.52
4248000,15.08,13.63,10.71,3.08,4.14
4249000,15.4,13.51,10.5,3.43,4.75
4250000,16.04,13.08,10.83,3.59,5.15
4251000,16.65,12.77,11.24,3.85,5.69
4252000,16.85,12.84,11.24,3.67,6.03
4253000,17.3,12.75,10.6,3.48,6.4
4254000,17.54,12.86,10.43,3.46,6.32
4255000,17.26,12.65,10.53,3.68,6.51
4256000,16.93,12.49,10.67,3.93,6.35
4257000,16.94,12.42,10.75,4.41,6.54
4258000,17.12,12.34,10.57,4.57,6.75
4259000,17.13,12.53,10.41,4.73,6.97
4260000,17.37,12.58,10.71,4.9,7.12
4261000,17.14,12.33,10.54,4.8,7.09
4262000,17.47,12.74,10.29,4.55,7.57
4263000,17.36,12.97,10.4,4.58,7.67
4264000,17.34,13.08,10.37,4.73,7.74
4265000,16.2,13.42,10.18,4.82,8.01
4266000,15.4,13.54,10.22,4.78,7.89
4267000,14.5,13.58,10.33,4.72,7.43
4268000,14.27,12.88,9.98,4.95,7.43
4269000,14.11,12.9,10.13,4.96,7.4
4270000,14.16,13.09,10.36,4.91,7.51
4271000,13.9,13.18,10.36,5.1,7.25
4272000,14.49,13.1,10.34,5.01,7.23
4273000,14.16,13.56,10.48,5.04,6.85
4274000,13.86,13.49,10.91,4.95,7.12
4275000,13.59,13.37,10.7,4.8,7.49
4276000,13.53,13.56,11.15,4.73,7.34
4277000,13.56,13.54,10.63,4.75,7.4
4278000,13.48,13.44,10.83,4.95,7.11
4279000,14.19,13.71,11.07,5.34,7.39
4280000,14.56,13.17,10.21,5.38,7.58
4281000,14.84,13.41,9.59,5.73,7.48
4282000,15.27,13.35,9.48,5.73,7.46
4283000,15.16,13.41,8.87,6.0,7.32
4284000,15.35,13.47,8.72,6.29,7.19
4285000,15.63,13.59,8.89,6.47,7.2
4286000,16.19,13.37,8.96,6.48,7.58
4287000,16.06,13.13,9.7,6.29,7.54
4288000,15.98,13.08,9.3,6.39,7.54
4289000,16.17,12.87,9.51,6.31,7.56
4290000,16.49,13.08,9.83,6.51,7.93
4291000,16.55,13.02,10.5,6.45,8.06
4292000,16.51,13.1,10.87,6.22,8.25
4293000,16.46,13.14,11.22,6.37,8.52
4294000,16.15,12.98,11.33,6.38,8.45
4295000,16.36,13.07,11.06,6.31,8.5
4296000,16.37,13.03,10.74,6.21,8.45
4297000,16.55,13.12,10.69,6.41,8.55
4298000,16.56,13.43,10.93,6.34,8.85
4299000,16.86,13.7,11.1,6.45,8.42
4300000,16.95,13.47,11.37,6.52,8.0
4301000,17.15,13.47,11.08,6.45,7.89
4302000,17.01,13.68,10.63,6.34,8.05
4303000,17.0,13.99,10.97,6.53,8.26
4304000,17.15,14.0,10.37,6.59,8.27
4305000,16.98,14.11,10.53,6.57,8.04
4306000,16.39,13.68,10.47,6.62,8.21
4307000,16.65,13.43,10.88,6.71,8.05
4308000,16.66,13.67,11.27,6.98,8.32
4309000,16.65,13.92,11.13,7.12,8.63
4310000,16.76,13.79,10.74,7.35,8.96
4311000,16.44,13.88,10.53,7.47,9.09
4312000,16.27,13.9,10.38,7.48,8.86
4313000,15.99,13.98,10.99,7.44,8.57
4314000,15.86,14.04,11.26,7.41,8.03
4315000,15.85,13.8,11.25,7.27,7.48
4316000,15.94,14.1,11.58,7.13,7.23
4317000,15.62,14.34,11.52,7.01,7.2
4318000,15.62,14.38,11.74,6.77,6.63
4319000,15.69,14.03,11.85,6.62,6.52
4320000,15.9,14.26,11.72,6.55,6.62
4321000,16.1,13.97,11.98,6.47,6.78
4322000,16.54,14.51,12.2,6.59,7.1
4323000,16.31,14.61,12.01,6.81,7.46
4324000,16.1,14.68,12.32,6.8,8.02
4325000,15.97,14.14,12.32,6.83,8.29
4326000,16.52,14.32,11.87,6.92,8.4
4327000,16.55,14.35,11.69,6.88,8.39
4328000,16.47,14.2,11.44,7.09,8.06
4329000,16.63,13.97,11.25,7.23,8.01
4330000,16.27,13.92,11.02,7.12,7.59
4331000,16.13,13.38,11.24,7.07,7.57
4332000,16.4,13.0,11.49,6.94,7.17
4333000,16.32,13.18,11.5,7.08,7.37
4334000,16.34,13.34,11.5,7.06,7.2
4335000,16.46,13.19,11.84,7.09,7.21
4336000,16.41,13.23,11.73,7.1,7.36
4337000,16.47,13.1,11.64,7.14,7.4
4338000,16.03,13.21,12.14,7.03,7.74
4339000,15.96,12.76,12.02,7.06,7.81
4340000,15.44,12.49,12.36,6.92,8.02
4341000,15.36,12.49,12.26,7.03,7.66
4342000,16.08,12.87,12.25,6.94,7.71
4343000,16.22,12.97,11.92,7.24,7.87
4344000,15.86,12.85,11.45,7.25,8.36
4345000,15.86,12.7,11.19,7.26,8.52
4346000,16.19,13.36,11.3,7.21,8.39
4347000,16.38,13.4,10.99,7.45,8.49
4348000,16.6,13.15,11.04,7.56,8.6
4349000,16.6,12.63,11.4,7.55,8.86
4350000,16.47,13.04,11.36,7.78,8.52
4351000,16.22,13.06,11.25,7.7,8.68
4352000,16.11,13.03,11.64,7.53,8.83
4353000,15.35,12.9,11.39,7.55,8.77
4354000,15.42,13.26,11.87,7.54,8.55
4355000,15.55,13.74,12.12,7.61,8.81
4356000,15.73,13.85,12.37,7.6,8.21
4357000,15.95,13.27,12.63,7.5,8.06
4358000,15.69,12.86,12.41,7.52,8.17
4359000,15.63,12.56,12.44,7.7,8.16
4360000,16.04,12.9,12.36,7.96,7.83
4361000,16.07,12.55,12.53,8.31,7.95
4362000,16.23,12.69,12.27,8.5,8.21
4363000,16.08,12.81,12.0,8.66,8.04
4364000,15.65,12.93,12.18,8.41,8.1
4365000,15.81,12.86,12.02,8.33,8.35
4366000,15.68,12.62,12.26,8.53,8.48
4367000,15.6,12.78,12.18,8.75,8.4
4368000,15.71,12.49,12.4,8.57,8.31
4369000,16.05,12.33,12.28,8.57,8.21
4370000,16.35,12.07,11.72,8.18,7.66
4371000,16.27,12.58,12.37,8.27,7.92
4372000,16.3,12.88,12.31,8.09,8.42
4373000,16.63,12.98,12.48,8.28,8.59
4374000,16.57,13.31,12.03,7.98,8.74
4375000,16.66,13.31,12.37,7.97,8.63
4376000,16.97,12.92,12.05,7.67,8.44
4377000,16.98,12.82,11.84,7.86,8.43
4378000,16.93,12.77,12.15,7.77,8.14
4379000,16.62,12.55,11.68,7.82,8.25
4380000,16.4,12.57,11.51,7.77,8.31
4381000,16.26,12.6,11.76,7.77,8.31
4382000,16.48,12.64,12.08,8.06,8.26
4383000,16.51,12.34,12.52,8.11,8.6
4384000,16.8,12.57,12.26,7.82,8.88
4385000,17.1,12.37,12.4,7.64,9.09
4386000,16.81,12.01,12.56,7.43,9.0
4387000,16.41,12.39,12.92,7.56,9.23
4388000,16.97,12.28,13.08,7.66,9.47
4389000,16.78,12.13,12.6,7.96,9.96
4390000,16.63,12.4,12.61,8.01,9.53
4391000,16.25,12.59,12.42,7.78,9.17
4392000,16.24,12.69,12.73,8.12,9.03
4393000,16.18,12.86,12.42,8.41,8.73
4394000,16.39,13.31,12.12,9.02,8.95
4395000,16.73,13.32,11.73,9.41,9.19
4396000,17.04,13.13,11.8,9.07,9.51
4397000,17.21,13.17,11.45,8.87,9.55
4398000,16.82,13.33,11.23,8.81,9.81
4399000,16.98,13.57,10.73,8.77,9.42
4400000,15.91,13.58,10.88,8.43,9.55
4401000,16.1,13.75,11.18,8.94,9.87
4402000,15.73,13.66,11.63,8.61,9.91
4403000,15.75,13.08,11.88,8.46,9.74
4404000,15.77,13.3,11.57,8.65,9.91
4405000,15.82,13.36,11.8,8.86,10.0
4406000,15.91,13.57,11.98,9.04,9.9
4407000,15.83,13.68,12.0,9.25,9.88
4408000,15.38,13.55,12.0,9.34,9.94
4409000,15.06,12.78,11.96,9.26,9.54
4410000,15.46,12.96,12.45,9.36,9.77
4411000,14.73,13.25,12.65,9.01,10.09
4412000,14.31,13.35,13.03,9.1,9.95
4413000,14.91,13.62,13.02,8.68,9.98
4414000,15.49,13.41,13.02,8.67,10.11
4415000,15.06,13.44,12.9,8.25,9.95
4416000,15.62,13.24,12.77,8.06,10.05
4417000,16.03,13.17,12.56,7.9,9.93
4418000,16.69,13.44,12.41,8.19,9.62
4419000,16.34,13.25,12.55,8.27,9.85
4420000,16.02,12.91,12.5,8.42,8.79
4421000,15.87,13.19,12.74,8.62,8.62
4422000,16.15,12.78,12.95,8.8,8.17
4423000,15.87,12.75,12.96,8.06,7.95
4424000,16.42,13.0,12.68,8.56,7.45
4425000,16.19,12.88,11.99,8.95,7.43
4426000,15.69,13.07,12.25,8.92,7.72
4427000,16.14,12.66,12.21,9.19,7.74
4428000,16.48,12.75,12.33,9.39,8.29
4429000,16.62,12.99,12.53,9.63,8.71
4430000,16.39,13.05,12.43,9.78,8.77
4431000,16.01,13.24,12.6,9.99,8.8
4432000,16.51,13.13,12.14,9.86,8.95
4433000,16.47,13.04,12.25,10.14,8.95
4434000,16.48,13.26,12.49,10.29,9.03
4435000,16.44,12.74,11.63,10.28,9.04
4436000,16.85,12.81,11.4,10.35,8.93
4437000,17.11,12.74,11.96,10.93,9.1
4438000,17.38,12.92,12.48,10.86,9.01
4439000,16.91,12.83,12.53,10.4,8.77
4440000,16.72,12.71,12.24,10.26,8.74
4441000,16.26,12.81,11.47,10.28,9.09
4442000,17.0,12.63,11.75,10.16,9.39
4443000,17.28,12.22,11.63,9.81,9.86
4444000,17.02,11.97,11.71,10.01,9.96
4445000,17.01,12.12,12.21,9.8,9.79
4446000,16.62,11.9,12.0,9.75,9.25
4447000,16.71,11.35,11.95,9.93,9.22
4448000,17.35,11.4,12.23,10.24,9.17
4449000,17.52,11.47,12.37,10.33,9.17
4450000,17.31,11.43,12.32,10.37,9.38
4451000,17.46,11.64,12.57,10.15,9.52
4452000,17.18,11.24,12.06,10.6,9.5
4453000,16.43,11.39,12.04,10.66,9.43
4454000,15.99,10.89,12.12,10.83,9.64
4455000,15.76,10.48,11.98,11.04,9.88
4456000,16.15,10.73,12.14,10.91,10.01
4457000,16.2,10.32,11.92,10.83,9.99
4458000,15.67,10.39,11.81,10.99,10.28
4459000,15.82,10.75,11.5,10.62,10.4
4460000,16.25,10.61,11.79,10.08,10.38
4461000,16.74,10.61,11.72,9.98,10.58
4462000,16.82,10.67,11.51,10.0,10.23
4463000,17.35,10.7,11.48,10.03,10.56
4464000,17.33,10.76,11.36,10.0,10.45
4465000,16.74,10.68,11.89,9.79,10.43
4466000,16.59,11.15,11.94,10.14,10.25
4467000,16.8,11.43,11.67,10.61,10.36
4468000,16.73,11.77,12.02,10.94,10.36
4469000,16.67,11.79,12.2,10.4,10.01
4470000,16.79,12.0,12.39,10.83,9.79
4471000,16.81,11.97,12.73,10.95,9.63
4472000,16.98,12.23,12.86,11.33,9.22
4473000,17.09,12.14,13.13,11.16,8.98
4474000,17.18,12.21,13.11,10.76,8.62
4475000,17.46,12.14,13.16,10.82,8.02
4476000,17.22,12.13,13.4,10.94,7.92
4477000,16.52,12.0,12.68,11.01,8.14
4478000,16.32,12.13,12.87,10.64,8.07
4479000,15.65,11.94,12.88,10.6,8.28
4480000,14.81,11.32,13.11,10.68,8.24
4481000,14.19,11.36,12.65,10.6,8.16
4482000,14.31,10.91,12.1,10.61,8.33
4483000,14.49,11.25,12.14,10.46,8.68
4484000,14.3,11.08,12.03,10.3,9.25
4485000,14.7,11.25,12.14,10.05,9.92
4486000,14.55,11.15,11.22,9.75,10.26
4487000,14.9,10.93,10.94,9.59,10.18
4488000,14.88,10.23,11.16,9.34,10.53
4489000,14.06,10.1,11.47,8.92,10.6
4490000,13.41,9.95,11.52,8.82,10.75
4491000,13.55,9.58,11.6,8.76,10.51
4492000,13.58,9.76,11.95,8.57,10.74
4493000,14.01,9.03,12.27,9.02,11.01
4494000,14.24,9.12,12.0,9.24,10.75
4495000,14.28,8.92,12.25,9.47,10.68
4496000,14.01,9.01,12.12,9.72,10.69
4497000,14.14,9.27,12.04,10.13,10.42
4498000,14.09,9.61,12.65,10.13,10.45
4499000,13.94,10.14,12.5,10.31,9.96
4500000,14.19,9.73,12.27,10.65,10.1
4501000,13.43,10.04,12.32,10.48,10.36
4502000,13.7,9.88,12.35,10.57,10.84
4503000,14.16,9.78,12.2,10.56,10.52
4504000,14.44,9.21,11.91,10.43,10.52
4505000,14.95,9.11,11.56,10.64,10.97
4506000,14.9,9.24,11.67,10.73,10.83
4507000,14.45,9.25,11.03,10.81,10.75
4508000,14.62,9.16,10.86,10.31,11.1
4509000,14.51,9.1,9.95,10.46,10.9
4510000,14.56,9.41,10.17,10.27,10.85
4511000,14.33,9.78,10.08,10.42,10.27
4512000,14.75,9.98,10.14,10.7,9.95
4513000,14.99,9.83,9.95,10.65,10.17
4514000,14.71,10.25,9.7,10.56,10.35
4515000,15.15,10.54,9.95,10.51,10.04
4516000,15.47,10.2,10.3,10.61,9.69
4517000,15.49,10.14,9.96,10.58,9.75
4518000,15.84,10.4,10.49,10.86,9.24
4519000,15.67,10.78,10.93,10.92,9.63
4520000,15.58,10.6,11.2,10.54,9.9
4521000,15.77,10.43,11.35,10.67,10.18
4522000,15.74,9.51,10.24,10.98,10.54
4523000,15.53,9.53,9.66,11.12,11.08
4524000,15.47,9.5,9.89,10.67,11.51
4525000,15.35,9.49,9.84,10.85,11.13
4526000,15.85,9.55,9.53,10.53,10.89
4527000,15.79,9.9,9.54,10.46,11.27
4528000,15.95,9.84,9.1,10.3,11.4
4529000,15.47,9.47,8.62,10.43,11.43
4530000,15.75,9.5,8.59,10.59,11.51
4531000,14.87,9.53,9.28,10.68,11.51
4532000,14.69,9.91,9.57,10.86,10.73
4533000,14.3,10.1,9.62,10.97,9.78
4534000,14.61,10.37,8.52,10.65,9.35
4535000,14.58,10.24,7.54,11.07,9.43
4536000,14.61,10.54,6.69,10.89,10.0
4537000,14.89,10.42,6.09,11.26,10.28
4538000,14.88,10.33,6.0,10.89,10.0
4539000,15.03,10.31,6.1,10.95,10.23
4540000,15.44,10.01,6.37,10.79,10.3
4541000,15.43,10.22,6.81,10.96,10.12
4542000,15.74,9.79,7.08,11.3,10.59
4543000,15.54,10.21,7.42,11.08,11.04
4544000,15.67,10.16,7.29,10.92,11.85
4545000,15.86,10.39,6.98,10.83,11.66
4546000,15.63,10.02,4.39,10.43,10.91
4547000,15.79,10.32,3.34,10.65,10.65
4548000,15.95,10.33,3.15,10.84,10.42
4549000,16.06,10.53,2.95,10.77,9.61
4550000,16.03,10.63,3.36,10.62,9.73
4551000,15.85,10.86,3.35,10.8,9.87
4552000,15.48,11.0,3.45,10.25,9.06
4553000,15.59,11.31,3.6,10.17,8.59
4554000,15.8,11.14,3.73,10.1,8.24
4555000,15.58,10.47,3.82,9.71,8.28
4556000,14.9,9.83,3.92,9.88,8.17
4557000,15.01,9.98,3.18,9.69,7.53
4558000,15.63,9.24,2.14,9.36,7.34
4559000,15.41,9.1,2.09,9.77,6.9
4560000,15.48,9.01,2.33,10.2,7.06
4561000,15.5,8.92,2.57,10.5,7.04
4562000,15.84,8.36,2.56,10.5,6.6
4563000,16.01,8.5,2.7,10.64,6.29
4564000,16.02,8.98,2.75,11.04,6.08
4565000,15.72,9.28,2.87,10.94,5.14
4566000,15.59,9.51,3.04,11.41,3.8
4567000,15.61,9.77,2.95,11.74,2.66
4568000,15.12,10.03,3.3,11.42,1.28
4569000,15.14,9.79,3.29,11.6,0.42
4570000,15.23,10.05,3.35,11.2,0.62
4571000,15.49,10.12,3.6,11.27,1.05
4572000,15.67,10.32,3.98,11.43,1.4
4573000,15.67,10.61,4.1,11.15,1.63
4574000,15.08,10.58,4.08,11.27,1.68
4575000,15.46,11.07,4.15,11.18,1.69
4576000,15.98,11.18,4.04,10.91,1.75
4577000,15.57,11.04,3.81,10.84,1.88
4578000,15.39,10.97,3.71,10.79,1.92
4579000,14.41,11.08,3.47,11.07,2.06
4580000,14.78,11.02,3.33,11.26,2.06
4581000,14.58,10.53,3.18,11.74,2.17
4582000,14.82,10.5,3.01,11.7,2.18
4583000,15.43,10.25,3.14,11.55,2.21
4584000,15.46,9.82,3.36,11.2,2.28
4585000,14.8,9.46,3.74,11.05,2.33
4586000,14.8,9.49,3.79,11.4,2.32
4587000,14.97,9.41,4.11,11.13,2.16
4588000,14.41,9.19,4.08,11.55,2.04
4589000,15.05,9.26,4.09,11.64,2.15
4590000,14.35,9.39,3.64,11.47,2.27
4591000,14.49,9.73,3.25,11.64,2.3
4592000,14.73,9.78,3.18,11.67,2.31
4593000,14.33,9.87,3.21,10.63,2.03
4594000,14.31,10.28,3.36,10.82,2.17
4595000,14.49,10.23,3.43,10.9,2.25
4596000,14.12,10.85,3.51,11.22,2.39
4597000,14.21,10.78,3.59,11.04,2.32
4598000,14.51,11.1,3.8,11.19,2.21
4599000,14.91,11.32,3.84,11.41,2.3
4600000,14.37,11.04,4.08,11.16,2.3
4601000,14.23,11.22,4.18,10.97,2.36
4602000,14.31,11.17,4.22,10.76,2.41
4603000,13.93,11.14,4.13,10.42,2.38
4604000,13.73,11.26,4.18,10.76,2.53
4605000,13.4,11.05,3.83,10.64,2.63
4606000,13.33,10.93,3.96,10.6,2.5
4607000,13.56,10.21,4.09,10.38,2.64
4608000,13.27,10.3,3.84,10.41,2.71
4609000,13.45,10.15,3.85,10.43,3.01
4610000,13.21,9.93,4.07,10.41,3.36
4611000,12.91,10.26,3.88,10.72,3.5
4612000,12.99,10.34,3.57,10.96,3.65
4613000,13.43,10.54,3.9,10.73,3.56
4614000,13.64,10.69,3.79,10.77,3.73
4615000,13.91,10.64,3.85,10.61,3.7
4616000,13.64,10.95,3.67,10.47,3.94
4617000,13.78,10.89,3.8,10.67,3.95
4618000,13.82,10.9,3.87,10.68,4.07
4619000,14.07,10.9,3.87,11.01,4.01
4620000,13.68,10.98,4.06,10.62,3.84
4621000,14.12,10.89,4.47,10.19,3.28
4622000,14.48,11.29,4.7,10.0,3.42
4623000,14.94,11.35,5.05,10.07,3.17
4624000,14.97,11.34,4.69,10.18,3.17
4625000,15.01,11.69,4.42,10.51,3.31
4626000,15.79,11.23,4.26,10.56,3.54
4627000,16.17,10.96,3.76,10.7,3.39
4628000,15.86,11.17,3.68,10.75,3.73
4629000,15.37,11.71,4.17,11.11,3.97
4630000,15.3,12.01,4.4,11.02,3.84
4631000,15.34,11.67,4.59,10.9,3.76
4632000,15.22,11.71,4.53,11.07,3.88
4633000,15.25,11.87,4.6,11.02,3.56
4634000,15.83,11.47,4.24,10.79,3.54
4635000,15.74,10.71,4.16,11.41,3.5
4636000,16.37,10.6,4.07,11.43,3.46
4637000,16.38,10.97,4.26,11.3,3.41
4638000,16.16,10.77,4.26,11.66,3.56
4639000,15.7,10.52,4.47,11.15,3.48
4640000,15.68,10.1,4.16,11.54,3.1
4641000,15.61,10.07,4.26,11.22,2.69
4642000,15.11,10.64,4.22,11.23,2.57
4643000,15.09,10.71,4.35,11.3,2.61
4644000,15.6,11.08,4.05,11.54,2.64
4645000,15.9,11.13,3.77,11.58,2.74
4646000,16.09,11.67,3.81,11.93,2.74
4647000,16.32,12.16,4.12,11.26,2.72
4648000,16.33,12.02,3.97,10.91,2.57
4649000,16.33,12.1,4.23,10.7,2.53
4650000,16.41,12.58,4.51,11.04,2.58
4651000,16.54,12.99,4.4,10.88,2.61
4652000,16.62,13.06,4.22,10.93,2.54
4653000,15.61,13.42,4.34,11.11,2.55
4654000,15.66,13.18,4.67,11.15,2.68
4655000,16.05,13.38,4.61,11.47,2.77
4656000,16.06,13.04,4.33,11.6,2.94
4657000,16.05,13.22,4.65,11.55,3.07
4658000,16.19,13.02,4.66,11.7,3.11
4659000,16.7,11.84,4.09,12.18,3.2
4660000,16.53,11.66,4.05,12.74,3.28
4661000,16.0,11.29,4.33,12.65,3.44
4662000,16.06,11.35,4.54,12.44,3.58
4663000,15.79,11.26,4.4,12.45,3.71
4664000,15.52,11.42,4.58,12.3,3.8
4665000,15.64,11.51,4.49,12.11,4.02
4666000,15.0,11.19,4.22,12.5,4.15
4667000,15.09,11.38,4.06,12.28,4.31
4668000,15.27,11.47,4.09,12.23,4.49
4669000,15.43,11.35,4.06,11.75,4.12
4670000,15.59,11.71,3.95,11.31,3.76
4671000,15.52,12.36,4.25,11.33,3.53
4672000,15.77,12.54,4.47,11.12,2.87
4673000,15.64,12.85,4.25,10.72,2.77
4674000,15.44,12.55,4.17,10.57,2.49
4675000,14.72,12.52,3.9,10.84,2.53
4676000,14.73,11.98,3.8,10.87,2.74
4677000,14.75,12.25,3.98,10.39,2.79
4678000,14.71,12.54,4.12,10.51,2.61
4679000,15.09,11.9,4.2,10.48,2.49
4680000,15.16,12.22,4.49,10.46,2.24
4681000,15.08,12.41,4.79,10.38,2.36
4682000,15.11,11.97,4.99,10.35,2.41
4683000,15.41,11.81,4.95,10.86,2.75
4684000,15.53,11.17,4.88,10.96,2.88
4685000,16.02,11.19,5.18,11.41,3.01
4686000,15.57,11.26,5.36,11.28,3.05
4687000,15.39,11.3,5.47,11.15,2.87
4688000,15.16,11.46,4.91,11.39,3.17
4689000,15.35,11.7,5.16,11.36,3.48
4690000,15.32,11.74,4.7,10.91,3.71
4691000,16.07,11.63,4.61,11.12,3.9
4692000,15.35,11.89,4.47,11.58,4.15
4693000,14.95,12.12,4.63,11.39,3.94
4694000,14.66,12.0,4.8,11.45,3.95
4695000,15.0,11.76,4.45,11.57,3.88
4696000,15.01,12.14,5.01,11.53,3.93
4697000,15.08,12.52,4.88,11.6,3.99
4698000,14.78,12.18,5.18,11.55,4.03
4699000,13.99,12.29,5.25,11.46,4.15
4700000,13.85,11.77,5.3,11.56,4.15
4701000,13.94,12.21,5.26,12.05,4.25
4702000,13.82,12.12,4.86,12.13,4.35
4703000,13.93,11.86,4.65,12.21,4.34
4704000,14.01,11.44,4.38,11.84,4.37
4705000,13.73,11.54,4.64,12.0,4.48
4706000,13.94,11.83,4.64,11.85,4.51
4707000,14.38,12.1,4.92,11.53,4.52
4708000,14.76,12.05,5.29,11.76,4.53
4709000,14.99,11.65,5.54,11.18,4.61
4710000,15.34,11.94,5.41,11.39,4.67
4711000,14.81,12.18,5.79,11.42,4.92
4712000,14.88,11.64,6.39,11.15,5.04
4713000,15.22,11.85,6.35,11.54,5.31
4714000,15.68,11.6,6.78,11.4,5.32
4715000,16.08,11.45,7.25,11.84,5.56
4716000,16.57,11.73,7.38,11.85,5.68
4717000,16.59,12.25,7.27,12.2,5.72
4718000,17.18,11.52,7.64,12.4,5.71
4719000,17.01,11.01,7.85,12.35,5.77
4720000,16.99,11.08,7.48,12.02,5.84
4721000,16.69,10.9,7.37,11.73,6.04
4722000,16.76,11.25,6.87,11.41,5.96
4723000,16.72,11.77,6.99,11.29,5.82
4724000,16.72,11.78,7.07,11.09,5.85
4725000,16.98,11.62,7.11,10.92,6.06
4726000,16.29,11.4,7.1,10.44,6.0
4727000,16.77,11.12,7.06,10.12,6.11
4728000,16.86,11.44,7.32,9.48,6.05
4729000,16.51,11.73,7.49,9.5,6.29
4730000,16.16,12.25,7.92,9.84,6.67
4731000,15.83,12.44,7.87,10.3,7.11
4732000,15.78,12.64,7.48,10.62,7.05
4733000,15.88,12.21,7.83,10.79,6.52
4734000,15.95,11.23,7.77,10.84,6.85
4735000,16.25,11.38,7.7,11.03,6.88
4736000,16.39,11.83,7.74,11.23,7.2
4737000,16.4,12.26,7.28,11.46,7.39
4738000,16.87,11.84,6.84,11.52,7.17
4739000,16.98,11.81,6.56,11.78,7.08
4740000,16.99,11.49,6.55,11.88,7.15
4741000,17.07,10.67,6.53,11.7,7.39
4742000,16.88,10.88,6.71,11.62,7.76
4743000,17.51,11.03,6.73,11.78,7.79
4744000,17.7,10.83,6.83,11.9,8.06
4745000,17.63,11.52,7.1,11.32,8.03
4746000,17.85,11.7,7.45,11.18,7.89
4747000,18.47,11.56,7.63,11.21,8.32
4748000,18.42,12.05,7.67,10.87,8.44
4749000,18.44,11.63,7.98,11.37,8.26
4750000,18.46,11.73,8.17,11.17,8.47
4751000,18.62,11.56,8.04,11.5,8.32
4752000,18.72,11.38,8.43,11.85,8.35
4753000,18.27,11.39,8.28,11.88,7.85
4754000,18.0,11.47,8.16,12.15,7.78
4755000,17.96,11.75,7.83,11.97,8.02
4756000,17.45,11.77,8.08,11.85,7.42
4757000,17.55,11.24,8.3,11.94,7.27
4758000,17.18,11.45,8.43,11.52,7.42
4759000,17.12,11.34,8.37,11.79,7.62
4760000,16.24,11.93,8.4,11.68,7.94
4761000,16.38,12.49,8.15,11.14,8.25
4762000,16.46,12.31,7.95,11.19,8.14
4763000,16.54,12.86,8.23,11.23,8.4
4764000,16.66,13.07,8.4,11.34,8.27
4765000,16.61,13.31,8.15,10.7,8.45
4766000,17.1,13.8,8.06,10.65,8.89
4767000,17.24,13.75,8.08,10.86,9.05
4768000,17.57,13.93,8.11,10.57,9.17
4769000,17.39,13.84,8.09,10.82,9.58
4770000,17.77,13.83,8.16,10.4,9.04
4771000,17.89,13.78,8.24,10.27,9.22
4772000,18.28,13.78,8.27,10.46,9.27
4773000,18.34,13.94,8.18,10.88,9.44
4774000,18.48,14.16,8.2,10.41,9.61
4775000,18.3,14.27,8.17,10.32,9.31
4776000,17.73,13.82,8.29,10.8,9.15
4777000,17.69,14.22,8.06,10.66,9.25
4778000,18.07,14.33,7.77,10.56,8.63
4779000,17.58,13.94,7.9,11.1,8.9
4780000,17.04,13.82,8.1,11.43,8.76
4781000,16.84,13.58,8.13,12.0,8.73
4782000,16.43,13.94,8.11,12.4,8.59
4783000,16.05,13.85,8.11,12.74,8.53
4784000,16.14,13.95,7.81,12.9,8.72
4785000,15.67,13.95,8.01,12.51,8.7
4786000,14.8,13.68,8.07,12.92,8.56
4787000,14.25,14.02,8.27,12.96,8.45
4788000,14.14,14.03,8.58,12.69,8.71
4789000,14.15,14.35,8.38,12.74,9.0
4790000,14.26,14.45,8.48,13.18,9.15
4791000,14.57,14.5,8.48,12.93,9.21
4792000,14.58,14.79,8.32,12.83,9.49
4793000,14.83,14.77,8.33,12.5,9.78
4794000,15.08,14.92,8.64,12.29,9.8
4795000,15.31,15.0,8.33,12.09,10.09
4796000,15.31,15.5,8.48,11.95,9.91
4797000,15.47,16.07,8.39,12.03,10.24
4798000,15.31,15.9,8.34,11.36,10.34
4799000,15.28,16.1,8.15,11.52,10.3
4800000,15.22,16.33,8.02,11.41,10.24
4801000,15.21,15.68,8.27,11.57,10.39
4802000,15.51,15.78,8.41,11.51,10.33
4803000,15.97,15.55,8.26,11.43,10.32
4804000,16.23,15.75,8.36,11.26,9.99
4805000,16.14,16.27,8.52,11.07,9.85
4806000,16.66,16.05,8.42,11.12,9.25
4807000,17.12,15.93,8.49,10.92,8.95
4808000,17.34,16.32,8.76,11.08,9.01
4809000,16.75,16.59,8.89,11.27,8.56
4810000,17.08,15.78,8.79,11.23,8.09
4811000,16.95,15.11,8.66,11.41,8.28
4812000,16.78,14.6,8.66,11.69,8.24
4813000,16.86,14.14,8.82,11.48,8.39
4814000,16.62,14.22,8.75,11.57,8.6
4815000,16.7,14.33,8.74,11.8,9.06
4816000,16.69,14.45,8.65,12.07,8.74
4817000,17.03,14.18,8.41,12.3,8.98
4818000,17.03,14.01,8.07,12.25,9.4
4819000,17.02,14.02,8.44,12.48,9.46
4820000,16.94,13.67,8.41,12.22,9.89
4821000,16.99,12.9,8.67,12.38,9.49
4822000,17.04,12.94,8.72,12.15,9.53
4823000,16.66,13.07,8.62,12.05,8.92
4824000,16.38,13.43,8.57,12.09,8.77
4825000,16.15,13.63,8.57,12.1,9.0
4826000,16.05,13.68,8.73,12.26,8.73
4827000,15.78,13.26,8.56,11.9,8.15
4828000,15.84,13.5,8.6,12.04,8.06
4829000,15.77,13.77,8.49,11.87,7.9
4830000,15.34,14.16,8.93,11.95,7.58
4831000,15.65,14.04,8.85,12.12,7.47
4832000,15.08,14.21,8.59,11.97,7.97
4833000,15.19,14.32,8.56,12.03,8.11
4834000,15.29,14.38,8.73,12.39,8.12
4835000,14.81,15.11,8.71,12.1,8.11
4836000,14.35,14.92,8.94,11.58,8.46
4837000,14.15,15.18,9.11,11.24,8.52
4838000,14.12,15.15,9.26,10.82,8.63
4839000,14.17,15.11,9.4,10.16,9.14
4840000,14.09,14.68,9.31,10.17,9.17
4841000,14.1,13.81,9.19,9.68,9.54
4842000,14.52,12.37,9.31,9.27,9.23
4843000,13.72,12.07,9.52,9.36,9.54
4844000,13.9,12.31,9.79,9.08,9.42
4845000,14.22,12.05,9.75,9.25,9.68
4846000,14.28,11.44,9.66,9.62,9.6
4847000,14.45,11.51,9.67,9.73,9.85
4848000,14.54,11.33,9.59,9.85,10.33
4849000,14.31,11.5,9.58,9.8,10.18
4850000,14.57,11.32,9.91,9.76,10.09
4851000,14.72,11.71,9.69,10.14,10.15
4852000,14.66,12.67,9.56,10.55,10.36
4853000,14.72,12.3,9.3,10.94,10.39
4854000,14.58,12.73,8.97,10.59,10.48
4855000,14.69,11.9,8.98,10.18,10.17
4856000,14.76,11.89,9.2,10.57,10.26
4857000,14.27,12.49,9.35,10.68,10.24
4858000,14.55,12.7,8.99,11.02,10.5
4859000,15.03,12.55,9.25,11.02,10.56
4860000,15.05,12.4,9.36,11.4,10.79
4861000,15.01,12.53,9.53,11.79,10.85
4862000,15.32,12.14,9.43,11.88,9.77
4863000,15.33,11.88,9.38,12.02,9.67
4864000,15.31,12.02,9.46,11.66,9.72
4865000,15.24,12.81,9.61,11.44,9.65
4866000,15.33,13.5,9.45,11.52,9.25
4867000,15.39,13.88,9.48,11.6,9.43
4868000,15.41,14.31,9.55,11.26,9.5
4869000,15.37,14.53,9.74,11.1,9.29
4870000,15.53,14.67,9.51,10.97,9.05
4871000,15.67,14.68,8.65,11.46,8.99
4872000,15.76,14.9,9.03,11.15,9.52
4873000,16.36,15.08,8.87,11.26,9.78
4874000,16.03,15.35,9.08,11.42,9.81
4875000,15.77,15.82,9.37,11.77,9.94
4876000,16.27,16.36,9.58,11.89,9.8
4877000,16.0,16.68,9.13,12.21,9.59
4878000,15.73,16.82,9.47,12.12,9.76
4879000,16.04,16.96,9.52,12.0,9.68
4880000,16.31,17.2,9.47,12.35,9.96
4881000,16.19,17.0,9.63,12.01,10.14
4882000,16.25,17.04,10.07,11.87,10.22
4883000,16.04,17.12,10.34,11.74,9.87
4884000,16.41,16.87,10.5,12.05,9.57
4885000,16.83,16.64,10.86,11.59,9.38
4886000,16.98,16.48,10.9,11.34,9.43
4887000,16.51,16.71,11.21,10.66,9.33
4888000,16.7,16.7,11.19,10.56,8.66
4889000,16.98,16.89,11.54,10.76,8.02
4890000,16.93,16.92,11.62,10.93,7.8
4891000,17.35,16.76,11.37,10.32,7.58
4892000,17.81,16.77,11.42,10.31,7.78
4893000,17.73,17.01,11.28,10.06,7.66
4894000,17.93,16.95,11.36,9.77,7.9
4895000,17.92,16.8,11.03,9.97,7.89
4896000,17.93,16.48,10.87,9.7,7.98
4897000,17.78,16.41,10.76,9.64,8.04
4898000,18.04,16.91,10.63,9.8,8.43
4899000,18.09,16.98,10.39,9.94,8.42
4900000,17.79,17.3,10.44,10.15,9.06
4901000,18.13,17.67,10.63,9.73,8.94
4902000,18.01,17.14,10.62,10.03,9.07
4903000,17.82,16.66,10.86,10.28,9.21
4904000,17.8,16.76,10.58,10.25,9.14
4905000,18.16,17.18,10.86,10.21,9.41
4906000,18.22,16.58,10.95,9.77,9.62
4907000,18.1,16.18,10.87,10.24,9.81
4908000,17.39,16.14,10.8,10.67,9.56
4909000,17.07,15.81,10.66,10.7,9.85
4910000,16.19,16.14,10.59,10.79,9.7
4911000,16.27,16.08,10.54,10.35,9.81
4912000,16.12,15.5,10.44,10.73,10.15
4913000,16.13,15.75,10.49,11.22,10.45
4914000,15.64,15.03,10.57,11.05,10.57
4915000,15.68,15.34,10.96,11.29,10.6
4916000,15.92,15.33,10.86,11.21,10.74
4917000,15.8,15.42,10.77,11.51,10.74
4918000,15.57,15.15,11.16,10.49,10.76
4919000,15.31,15.21,11.47,10.22,10.69
4920000,15.13,14.79,11.36,10.19,10.6
4921000,15.09,15.37,11.57,10.06,10.45
4922000,14.62,15.68,11.68,10.48,10.21
4923000,14.44,15.71,11.57,10.4,9.91
4924000,14.54,15.79,11.76,9.96,9.72
4925000,14.95,15.22,11.54,9.89,9.73
4926000,15.22,15.71,11.07,9.88,9.64
4927000,14.99,15.35,11.12,10.06,9.66
4928000,15.55,15.85,11.21,10.52,9.45
4929000,15.51,15.83,11.61,10.97,9.56
4930000,15.78,15.79,11.58,11.31,10.02
4931000,15.86,15.72,11.58,11.18,10.01
4932000,15.62,15.89,10.84,11.25,10.11
4933000,15.63,16.2,10.96,11.52,10.51
4934000,15.71,16.46,11.39,11.59,10.68
4935000,16.02,17.23,11.2,11.46,10.96
4936000,16.43,16.95,11.1,11.58,10.9
4937000,15.75,16.83,11.55,11.7,10.87
4938000,16.05,16.87,11.71,11.4,10.94
4939000,16.81,16.79,11.61,11.23,10.85
4940000,16.58,16.86,11.55,11.08,11.06
4941000,16.58,16.87,11.23,11.3,11.03
4942000,16.5,17.44,11.2,11.25,10.67
4943000,16.6,17.37,11.03,11.38,10.4
4944000,15.98,17.2,11.73,11.53,10.11
4945000,15.61,17.09,11.87,11.52,9.71
4946000,15.7,17.18,11.96,11.07,9.86
4947000,15.35,16.69,11.72,10.42,10.03
4948000,15.62,16.54,11.78,10.14,10.03
4949000,15.34,16.36,11.72,10.35,10.18
4950000,15.54,16.0,11.5,10.65,10.28
4951000,15.19,15.89,11.51,10.67,10.14
4952000,15.17,15.91,11.69,10.35,10.48
4953000,15.18,16.08,11.78,10.42,10.81
4954000,15.32,16.58,11.41,10.2,11.03
4955000,15.45,16.92,11.43,9.45,11.03
4956000,15.74,16.73,11.76,9.73,11.28
4957000,15.92,16.89,11.38,9.98,10.86
4958000,16.2,16.98,11.49,10.53,10.46
4959000,16.4,17.09,11.44,10.12,10.26
4960000,16.39,17.3,11.53,9.75,10.29
4961000,16.49,17.54,11.66,9.46,10.07
4962000,16.82,17.49,11.45,9.03,10.16
4963000,16.6,16.94,11.3,8.98,10.18
4964000,16.81,17.1,11.03,9.03,9.69
4965000,16.46,17.42,10.88,9.7,9.69
4966000,16.81,17.4,10.91,9.75,9.42
4967000,16.77,16.94,10.9,9.51,9.91
4968000,16.36,17.1,10.69,9.2,9.93
4969000,16.83,17.02,11.08,9.59,10.41
4970000,17.11,16.84,10.89,9.95,10.55
4971000,17.08,16.65,11.05,10.25,10.25
4972000,16.94,16.82,11.04,10.59,10.51
4973000,17.21,16.82,11.38,11.08,10.15
4974000,16.72,16.34,11.49,10.97,10.43
4975000,16.34,16.22,11.86,11.11,10.29
4976000,16.25,16.39,11.74,11.13,10.32
4977000,16.76,16.83,11.42,11.27,10.58
4978000,16.45,17.37,10.74,11.06,10.66
4979000,16.31,17.69,10.3,11.33,10.49
4980000,16.58,17.2,10.05,11.28,10.17
4981000,16.9,16.84,9.73,10.92,9.87
4982000,17.32,16.99,9.92,10.58,9.98
4983000,17.17,16.35,10.06,10.32,10.05
4984000,16.78,16.31,9.84,10.09,10.24
4985000,17.32,16.9,10.02,10.07,10.2
4986000,17.37,17.05,9.95,10.17,10.16
4987000,17.35,16.83,9.89,10.16,10.41
4988000,17.13,16.92,10.28,9.49,10.32
4989000,16.9,17.26,10.73,9.32,10.37
4990000,16.79,17.12,11.29,9.03,10.56
4991000,16.72,16.48,11.69,9.04,10.77
4992000,16.58,16.32,11.81,9.24,10.74
4993000,16.76,16.16,12.18,9.2,10.81
4994000,15.94,16.26,12.32,8.87,10.75
4995000,15.95,16.7,12.18,8.99,10.89
4996000,15.81,16.7,11.96,8.94,11.02
4997000,15.72,16.91,11.86,9.44,10.89
4998000,14.77,16.79,11.84,9.85,10.79
4999000,15.28,15.89,11.73,10.47,10.6
