step,seed1,seed2,seed3,seed4,seed5
1000,0.4117647,0.3846154,0.84615386,0.3125,0.75
2000,0.31428573,0.6086956,0.875,0.34375,1.0434783
3000,0.40384614,0.61538464,0.54545456,0.4,0.7948718
4000,0.53125,0.53846157,0.59322035,0.4477612,0.76
5000,0.5316456,0.6363636,0.625,0.46341464,0.65625
6000,0.5252525,0.6,0.57471263,0.44329897,0.62025315
7000,0.53,0.5729167,0.54,0.42,0.5744681
8000,0.59,0.62,0.51,0.46,0.55
9000,0.6,0.51,0.53,0.46,0.49
10000,0.62,0.53,0.64,0.41,0.53
11000,0.54,0.54,0.65,0.43,0.5
12000,0.5,0.5,0.68,0.39,0.44
13000,0.58,0.51,0.68,0.42,0.53
14000,0.57,0.46,0.71,0.35,0.6
15000,0.47,0.48,0.72,0.41,0.58
16000,0.48,0.44,0.76,0.45,0.51
17000,0.48,0.45,0.7,0.39,0.51
18000,0.47,0.5,0.61,0.39,0.52
19000,0.42,0.48,0.52,0.41,0.61
20000,0.38,0.52,0.59,0.45,0.59
21000,0.5,0.52,0.55,0.49,0.44
22000,0.48,0.52,0.52,0.49,0.5
23000,0.5,0.59,0.48,0.45,0.42
24000,0.49,0.66,0.46,0.48,0.41
25000,0.56,0.6,0.46,0.5,0.34
26000,0.64,0.52,0.45,0.48,0.35
27000,0.53,0.48,0.41,0.44,0.43
28000,0.58,0.51,0.38,0.56,0.49
29000,0.56,0.51,0.36,0.57,0.47
30000,0.65,0.47,0.43,0.56,0.52
31000,0.52,0.37,0.43,0.54,0.53
32000,0.47,0.41,0.39,0.56,0.56
33000,0.5,0.43,0.46,0.65,0.6
34000,0.51,0.44,0.53,0.58,0.67
35000,0.48,0.37,0.55,0.57,0.62
36000,0.5,0.43,0.5,0.6,0.66
37000,0.48,0.42,0.43,0.66,0.56
38000,0.52,0.39,0.4,0.64,0.54
39000,0.56,0.42,0.51,0.69,0.52
40000,0.55,0.4,0.49,0.59,0.47
41000,0.51,0.36,0.51,0.6,0.5
42000,0.53,0.34,0.5,0.59,0.51
43000,0.56,0.37,0.51,0.56,0.5
44000,0.56,0.39,0.59,0.49,0.53
45000,0.65,0.43,0.53,0.51,0.55
46000,0.6,0.45,0.51,0.41,0.5
47000,0.61,0.51,0.51,0.49,0.43
48000,0.62,0.52,0.49,0.43,0.47
49000,0.64,0.51,0.51,0.41,0.4
50000,0.69,0.47,0.49,0.49,0.47
51000,0.72,0.47,0.57,0.49,0.52
52000,0.64,0.43,0.6,0.48,0.49
53000,0.67,0.37,0.55,0.39,0.59
54000,0.62,0.44,0.57,0.43,0.61
55000,0.58,0.44,0.62,0.43,0.6
56000,0.54,0.47,0.6,0.42,0.59
57000,0.51,0.48,0.53,0.35,0.58
58000,0.48,0.47,0.54,0.34,0.55
59000,0.59,0.49,0.55,0.45,0.57
60000,0.56,0.45,0.51,0.46,0.65
61000,0.48,0.46,0.45,0.5,0.64
62000,0.49,0.43,0.51,0.54,0.59
63000,0.44,0.49,0.55,0.56,0.65
64000,0.55,0.46,0.56,0.6,0.64
65000,0.55,0.5,0.61,0.71,0.68
66000,0.46,0.56,0.57,0.66,0.55
67000,0.5,0.62,0.55,0.75,0.49
68000,0.6,0.66,0.53,0.68,0.48
69000,0.66,0.61,0.49,0.63,0.54
70000,0.76,0.55,0.53,0.56,0.48
71000,0.77,0.65,0.43,0.57,0.49
72000,0.8,0.63,0.47,0.46,0.45
73000,0.7,0.59,0.5,0.44,0.55
74000,0.74,0.51,0.48,0.5,0.51
75000,0.64,0.51,0.45,0.5,0.44
76000,0.7,0.56,0.39,0.49,0.45
77000,0.62,0.65,0.41,0.56,0.44
78000,0.65,0.61,0.53,0.59,0.48
79000,0.54,0.54,0.5,0.6,0.45
80000,0.59,0.47,0.52,0.69,0.44
81000,0.63,0.49,0.57,0.62,0.49
82000,0.66,0.49,0.63,0.61,0.51
83000,0.7,0.47,0.62,0.65,0.48
84000,0.66,0.5,0.52,0.56,0.48
85000,0.63,0.53,0.53,0.62,0.47
86000,0.62,0.54,0.58,0.6,0.49
87000,0.62,0.61,0.57,0.51,0.51
88000,0.63,0.54,0.54,0.51,0.53
89000,0.57,0.56,0.55,0.54,0.55
90000,0.52,0.53,0.57,0.52,0.57
91000,0.52,0.51,0.5,0.53,0.64
92000,0.49,0.58,0.49,0.5,0.58
93000,0.58,0.57,0.52,0.54,0.63
94000,0.63,0.58,0.55,0.55,0.62
95000,0.62,0.64,0.59,0.53,0.61
96000,0.6,0.63,0.58,0.55,0.6
97000,0.61,0.65,0.58,0.5,0.51
98000,0.61,0.61,0.61,0.5,0.5
99000,0.5,0.53,0.65,0.5,0.46
100000,0.53,0.56,0.52,0.49,0.47
101000,0.56,0.54,0.44,0.47,0.45
102000,0.51,0.54,0.41,0.5,0.39
103000,0.55,0.57,0.41,0.54,0.44
104000,0.59,0.55,0.4,0.51,0.43
105000,0.58,0.52,0.35,0.46,0.41
106000,0.59,0.48,0.36,0.44,0.4
107000,0.64,0.47,0.4,0.47,0.47
108000,0.56,0.44,0.46,0.42,0.5
109000,0.58,0.49,0.5,0.42,0.5
110000,0.55,0.49,0.55,0.44,0.62
111000,0.57,0.53,0.51,0.51,0.64
112000,0.64,0.55,0.55,0.58,0.66
113000,0.64,0.53,0.54,0.56,0.67
114000,0.62,0.56,0.57,0.56,0.72
115000,0.64,0.58,0.54,0.61,0.68
116000,0.61,0.64,0.54,0.62,0.64
117000,0.66,0.69,0.46,0.56,0.59
118000,0.67,0.68,0.49,0.59,0.56
119000,0.56,0.69,0.49,0.55,0.53
120000,0.52,0.66,0.45,0.55,0.48
121000,0.55,0.65,0.43,0.6,0.53
122000,0.5,0.62,0.4,0.6,0.58
123000,0.52,0.65,0.44,0.65,0.61
124000,0.48,0.5,0.56,0.65,0.6
125000,0.52,0.49,0.55,0.67,0.7
126000,0.54,0.52,0.53,0.67,0.71
127000,0.58,0.48,0.56,0.71,0.74
128000,0.5,0.51,0.62,0.68,0.63
129000,0.51,0.54,0.62,0.58,0.59
130000,0.55,0.46,0.54,0.55,0.65
131000,0.52,0.56,0.53,0.54,0.57
132000,0.53,0.51,0.54,0.51,0.58
133000,0.57,0.54,0.53,0.48,0.59
134000,0.55,0.57,0.46,0.53,0.57
135000,0.6,0.62,0.5,0.55,0.61
136000,0.58,0.59,0.58,0.52,0.57
137000,0.57,0.55,0.54,0.54,0.53
138000,0.59,0.51,0.53,0.47,0.52
139000,0.52,0.51,0.47,0.46,0.43
140000,0.48,0.57,0.53,0.48,0.48
141000,0.42,0.53,0.56,0.47,0.48
142000,0.41,0.58,0.52,0.47,0.44
143000,0.46,0.54,0.44,0.43,0.52
144000,0.45,0.57,0.48,0.46,0.55
145000,0.46,0.63,0.46,0.52,0.62
146000,0.5,0.67,0.53,0.49,0.68
147000,0.52,0.75,0.46,0.52,0.73
148000,0.53,0.67,0.47,0.54,0.74
149000,0.54,0.64,0.51,0.55,0.68
150000,0.58,0.64,0.51,0.58,0.72
151000,0.52,0.66,0.54,0.54,0.69
152000,0.54,0.59,0.58,0.49,0.8
153000,0.5,0.63,0.53,0.49,0.83
154000,0.55,0.51,0.51,0.38,0.82
155000,0.53,0.57,0.51,0.42,0.73
156000,0.65,0.63,0.47,0.43,0.69
157000,0.71,0.66,0.53,0.46,0.68
158000,0.67,0.66,0.49,0.49,0.73
159000,0.64,0.6,0.56,0.55,0.61
160000,0.59,0.67,0.53,0.57,0.54
161000,0.56,0.64,0.55,0.63,0.52
162000,0.51,0.55,0.54,0.64,0.57
163000,0.45,0.53,0.56,0.63,0.54
164000,0.39,0.47,0.64,0.61,0.53
165000,0.42,0.49,0.59,0.58,0.56
166000,0.42,0.46,0.57,0.46,0.57
167000,0.44,0.44,0.57,0.47,0.56
168000,0.43,0.47,0.65,0.37,0.57
169000,0.45,0.48,0.67,0.37,0.5
170000,0.51,0.46,0.65,0.38,0.49
171000,0.47,0.44,0.53,0.4,0.51
172000,0.48,0.42,0.51,0.4,0.45
173000,0.46,0.44,0.47,0.4,0.48
174000,0.47,0.36,0.51,0.47,0.46
175000,0.51,0.39,0.4,0.5,0.45
176000,0.48,0.41,0.39,0.52,0.46
177000,0.51,0.4,0.46,0.55,0.5
178000,0.5,0.39,0.49,0.58,0.57
179000,0.53,0.37,0.51,0.56,0.65
180000,0.54,0.34,0.56,0.51,0.63
181000,0.54,0.35,0.57,0.45,0.7
182000,0.56,0.39,0.68,0.49,0.66
183000,0.51,0.41,0.7,0.46,0.7
184000,0.53,0.37,0.7,0.49,0.64
185000,0.47,0.36,0.71,0.5,0.63
186000,0.49,0.45,0.72,0.58,0.49
187000,0.45,0.49,0.79,0.64,0.53
188000,0.52,0.51,0.69,0.65,0.51
189000,0.5,0.52,0.68,0.69,0.52
190000,0.53,0.5,0.61,0.62,0.48
191000,0.5,0.5,0.51,0.61,0.53
192000,0.51,0.54,0.49,0.59,0.53
193000,0.52,0.6,0.4,0.52,0.49
194000,0.54,0.55,0.46,0.52,0.52
195000,0.52,0.59,0.45,0.5,0.46
196000,0.54,0.57,0.36,0.51,0.37
197000,0.61,0.65,0.43,0.56,0.43
198000,0.59,0.65,0.46,0.6,0.47
199000,0.6,0.64,0.51,0.59,0.46
200000,0.59,0.66,0.49,0.65,0.48
201000,0.58,0.58,0.58,0.65,0.5
202000,0.54,0.57,0.58,0.72,0.54
203000,0.61,0.67,0.6,0.79,0.61
204000,0.56,0.5,0.57,0.7,0.59
205000,0.54,0.5,0.56,0.64,0.6
206000,0.55,0.71,0.57,0.74,0.66
207000,0.52,0.66,0.5,0.7,0.7
208000,0.52,0.67,0.43,0.72,0.79
209000,0.51,0.71,0.43,0.64,0.78
210000,0.42,0.71,0.41,0.53,0.75
211000,0.4,0.69,0.41,0.58,0.74
212000,0.43,0.71,0.4,0.59,0.67
213000,0.41,0.64,0.43,0.45,0.63
214000,0.42,0.55,0.45,0.43,0.62
215000,0.37,0.48,0.44,0.46,0.64
216000,0.4,0.46,0.47,0.5,0.59
217000,0.39,0.48,0.49,0.51,0.64
218000,0.41,0.49,0.48,0.49,0.73
219000,0.46,0.58,0.48,0.49,0.73
220000,0.45,0.53,0.46,0.49,0.8
221000,0.43,0.55,0.45,0.47,0.84
222000,0.46,0.6,0.43,0.45,0.79
223000,0.5,0.64,0.47,0.46,0.88
224000,0.49,0.63,0.48,0.48,0.82
225000,0.57,0.57,0.5,0.46,0.87
226000,0.54,0.52,0.5,0.48,0.99
227000,0.55,0.53,0.54,0.56,0.96
228000,0.59,0.56,0.61,0.57,0.92
229000,0.57,0.55,0.68,0.62,0.94
230000,0.51,0.56,0.73,0.59,0.97
231000,0.54,0.56,0.65,0.58,0.95
232000,0.55,0.56,0.64,0.6,0.92
233000,0.54,0.62,0.68,0.59,0.83
234000,0.5,0.71,0.64,0.52,0.69
235000,0.54,0.68,0.6,0.6,0.61
236000,0.57,0.62,0.59,0.58,0.6
237000,0.59,0.6,0.54,0.61,0.51
238000,0.61,0.52,0.63,0.65,0.43
239000,0.63,0.53,0.65,0.75,0.41
240000,0.55,0.51,0.59,0.75,0.43
241000,0.55,0.48,0.54,0.78,0.39
242000,0.53,0.5,0.61,0.79,0.39
243000,0.52,0.48,0.6,0.77,0.43
244000,0.48,0.45,0.63,0.8,0.46
245000,0.48,0.57,0.62,0.81,0.53
246000,0.46,0.58,0.62,0.77,0.55
247000,0.45,0.58,0.68,0.75,0.57
248000,0.47,0.59,0.72,0.73,0.58
249000,0.44,0.55,0.75,0.8,0.61
250000,0.44,0.54,0.76,0.82,0.67
251000,0.51,0.62,0.77,0.83,0.68
252000,0.55,0.64,0.68,0.82,0.68
253000,0.54,0.63,0.69,0.79,0.67
254000,0.61,0.69,0.7,0.76,0.64
255000,0.6,0.7,0.67,0.79,0.68
256000,0.57,0.66,0.61,0.75,0.71
257000,0.63,0.68,0.58,0.69,0.76
258000,0.6,0.69,0.56,0.65,0.86
259000,0.5,0.69,0.63,0.67,0.87
260000,0.45,0.63,0.64,0.73,0.93
261000,0.46,0.61,0.59,0.8,0.83
262000,0.45,0.62,0.57,0.79,0.86
263000,0.5,0.55,0.6,0.74,0.87
264000,0.51,0.57,0.72,0.81,0.78
265000,0.51,0.55,0.61,0.85,0.76
266000,0.53,0.63,0.6,0.85,0.67
267000,0.54,0.61,0.54,0.78,0.58
268000,0.6,0.63,0.63,0.8,0.6
269000,0.65,0.66,0.57,0.63,0.62
270000,0.65,0.62,0.49,0.63,0.58
271000,0.61,0.68,0.47,0.67,0.55
272000,0.65,0.61,0.52,0.67,0.58
273000,0.62,0.6,0.54,0.67,0.55
274000,0.59,0.57,0.62,0.64,0.58
275000,0.61,0.66,0.55,0.71,0.68
276000,0.6,0.62,0.63,0.63,0.72
277000,0.58,0.61,0.58,0.71,0.68
278000,0.62,0.62,0.57,0.75,0.73
279000,0.65,0.59,0.64,0.81,0.84
280000,0.78,0.57,0.69,0.68,0.82
281000,0.73,0.61,0.62,0.72,0.86
282000,0.77,0.65,0.62,0.68,0.95
283000,0.7,0.6,0.67,0.6,0.93
284000,0.73,0.51,0.73,0.63,0.74
285000,0.76,0.54,0.78,0.49,0.73
286000,0.77,0.59,0.73,0.43,0.73
287000,0.71,0.54,0.63,0.48,0.62
288000,0.62,0.56,0.6,0.5,0.68
289000,0.57,0.59,0.61,0.48,0.71
290000,0.62,0.48,0.63,0.55,0.66
291000,0.63,0.48,0.63,0.64,0.62
292000,0.58,0.5,0.55,0.62,0.66
293000,0.56,0.54,0.61,0.66,0.66
294000,0.54,0.47,0.6,0.69,0.71
295000,0.57,0.48,0.59,0.73,0.77
296000,0.57,0.54,0.6,0.8,0.67
297000,0.6,0.53,0.56,0.77,0.65
298000,0.59,0.55,0.56,0.85,0.63
299000,0.54,0.55,0.57,0.74,0.7
300000,0.52,0.63,0.63,0.74,0.74
301000,0.55,0.63,0.57,0.7,0.77
302000,0.54,0.63,0.6,0.73,0.74
303000,0.47,0.73,0.64,0.79,0.73
304000,0.47,0.74,0.7,0.78,0.75
305000,0.43,0.69,0.72,0.75,0.83
306000,0.44,0.71,0.8,0.7,0.86
307000,0.54,0.75,0.79,0.77,0.82
308000,0.57,0.76,0.75,0.72,0.75
309000,0.61,0.83,0.76,0.72,0.74
310000,0.56,0.83,0.7,0.68,0.81
311000,0.61,0.85,0.74,0.61,0.87
312000,0.64,0.78,0.74,0.62,0.84
313000,0.66,0.86,0.74,0.64,0.77
314000,0.64,0.86,0.74,0.68,0.77
315000,0.72,0.87,0.76,0.55,0.75
316000,0.66,0.88,0.74,0.63,0.81
317000,0.69,0.83,0.74,0.64,0.78
318000,0.66,0.8,0.77,0.66,0.84
319000,0.68,0.74,0.74,0.68,0.71
320000,0.61,0.69,0.7,0.63,0.76
321000,0.6,0.66,0.66,0.57,0.76
322000,0.64,0.67,0.69,0.61,0.84
323000,0.67,0.65,0.7,0.63,0.86
324000,0.6,0.62,0.75,0.63,0.89
325000,0.62,0.6,0.79,0.59,0.79
326000,0.59,0.62,0.77,0.68,0.78
327000,0.63,0.64,0.75,0.71,0.76
328000,0.65,0.68,0.72,0.73,0.76
329000,0.66,0.63,0.8,0.73,0.66
330000,0.69,0.65,0.82,0.68,0.7
331000,0.66,0.74,0.8,0.59,0.65
332000,0.62,0.76,0.8,0.65,0.64
333000,0.61,0.74,0.71,0.63,0.64
334000,0.64,0.79,0.76,0.57,0.66
335000,0.59,0.78,0.69,0.6,0.59
336000,0.62,0.74,0.68,0.59,0.6
337000,0.56,0.75,0.62,0.65,0.58
338000,0.57,0.82,0.6,0.64,0.54
339000,0.56,0.84,0.64,0.7,0.59
340000,0.57,0.83,0.67,0.71,0.62
341000,0.54,0.76,0.68,0.68,0.63
342000,0.48,0.77,0.77,0.73,0.65
343000,0.58,0.81,0.73,0.75,0.68
344000,0.62,0.79,0.76,0.74,0.66
345000,0.57,0.83,0.7,0.86,0.71
346000,0.58,0.86,0.74,0.84,0.76
347000,0.57,0.78,0.78,0.88,0.73
348000,0.63,0.77,0.69,0.9,0.75
349000,0.66,0.72,0.71,0.87,0.79
350000,0.66,0.71,0.74,0.91,0.78
351000,0.71,0.73,0.62,0.9,0.79
352000,0.67,0.68,0.67,0.79,0.7
353000,0.63,0.68,0.67,0.72,0.79
354000,0.62,0.69,0.71,0.69,0.77
355000,0.6,0.68,0.79,0.72,0.77
356000,0.62,0.67,0.71,0.78,0.76
357000,0.62,0.63,0.69,0.74,0.72
358000,0.56,0.62,0.58,0.77,0.7
359000,0.55,0.66,0.61,0.78,0.67
360000,0.54,0.71,0.59,0.8,0.69
361000,0.54,0.69,0.61,0.86,0.79
362000,0.57,0.68,0.67,0.86,0.72
363000,0.55,0.68,0.69,0.92,0.76
364000,0.61,0.64,0.68,0.92,0.76
365000,0.52,0.69,0.71,0.76,0.76
366000,0.49,0.71,0.82,0.8,0.73
367000,0.53,0.7,0.86,0.84,0.8
368000,0.53,0.71,0.92,0.86,0.78
369000,0.55,0.76,0.95,0.81,0.68
370000,0.54,0.78,0.94,0.85,0.77
371000,0.52,0.82,1.0,0.85,0.9
372000,0.48,0.82,0.93,0.76,0.92
373000,0.53,0.87,0.82,0.73,0.9
374000,0.55,0.9,0.77,0.78,0.89
375000,0.53,0.87,0.65,0.75,0.87
376000,0.59,0.92,0.69,0.67,0.96
377000,0.59,0.93,0.68,0.68,1.02
378000,0.53,0.86,0.7,0.67,1.02
379000,0.61,0.85,0.66,0.64,0.96
380000,0.67,0.81,0.69,0.67,0.92
381000,0.76,0.83,0.68,0.77,0.9
382000,0.82,0.88,0.66,0.84,0.97
383000,0.84,0.87,0.68,0.87,1.0
384000,0.86,0.82,0.63,0.87,1.01
385000,0.85,0.78,0.56,0.83,0.99
386000,0.87,0.79,0.58,0.88,0.92
387000,0.86,0.81,0.63,0.91,0.89
388000,0.83,0.69,0.69,0.9,0.89
389000,0.81,0.71,0.73,0.91,1.0
390000,0.74,0.73,0.77,0.86,1.05
391000,0.69,0.72,0.83,0.76,1.02
392000,0.65,0.71,0.76,0.75,0.92
393000,0.63,0.73,0.78,0.72,0.93
394000,0.66,0.81,0.72,0.77,0.97
395000,0.63,0.84,0.67,0.75,0.99
396000,0.6,0.79,0.57,0.79,0.9
397000,0.64,0.86,0.57,0.84,0.92
398000,0.65,0.91,0.57,0.85,0.92
399000,0.73,0.92,0.6,0.91,0.91
400000,0.78,0.94,0.63,0.94,0.83
401000,0.77,0.97,0.68,0.98,0.81
402000,0.75,1.01,0.72,0.97,0.8
403000,0.72,0.92,0.73,1.01,0.84
404000,0.76,1.01,0.73,1.02,0.83
405000,0.81,0.93,0.74,0.96,0.84
406000,0.86,0.97,0.68,0.88,0.88
407000,0.85,0.97,0.6,0.79,0.85
408000,0.85,0.93,0.62,0.77,0.88
409000,0.86,0.97,0.62,0.78,0.83
410000,0.76,0.88,0.68,0.76,0.85
411000,0.84,0.74,0.68,0.75,0.93
412000,0.84,0.79,0.73,0.73,0.91
413000,0.8,0.86,0.8,0.72,0.94
414000,0.73,0.73,0.76,0.74,0.9
415000,0.74,0.64,0.81,0.74,0.91
416000,0.77,0.68,0.88,0.74,0.9
417000,0.74,0.73,0.88,0.75,0.9
418000,0.71,0.77,0.89,0.81,0.89
419000,0.71,0.78,0.94,0.77,0.85
420000,0.68,0.82,0.93,0.8,0.84
421000,0.71,0.84,0.89,0.81,0.91
422000,0.68,0.88,0.86,0.78,0.75
423000,0.65,0.89,0.86,0.77,0.75
424000,0.72,0.94,0.83,0.75,0.71
425000,0.74,0.97,0.83,0.75,0.75
426000,0.7,0.97,0.74,0.83,0.76
427000,0.69,0.96,0.8,0.89,0.79
428000,0.65,1.01,0.76,0.93,0.69
429000,0.59,1.02,0.69,0.94,0.73
430000,0.59,1.02,0.69,0.99,0.79
431000,0.63,1.01,0.64,1.03,0.85
432000,0.69,0.95,0.67,1.07,0.87
433000,0.69,0.9,0.68,1.1,0.95
434000,0.62,0.95,0.7,1.02,0.99
435000,0.65,0.98,0.65,1.06,0.95
436000,0.72,0.96,0.68,1.01,0.97
437000,0.69,1.0,0.69,0.96,1.01
438000,0.72,0.93,0.73,0.96,1.02
439000,0.77,1.0,0.75,0.85,0.99
440000,0.77,0.99,0.71,0.83,0.97
441000,0.71,1.04,0.76,0.83,0.94
442000,0.71,1.08,0.82,0.83,0.94
443000,0.69,1.13,0.78,0.8,0.92
444000,0.75,1.07,0.83,0.84,0.93
445000,0.79,1.09,0.76,0.79,0.89
446000,0.83,1.18,0.74,0.77,0.85
447000,0.85,1.12,0.69,0.72,0.92
448000,0.9,1.13,0.75,0.71,0.88
449000,1.06,1.07,0.66,0.73,0.91
450000,1.17,1.19,0.64,0.68,0.88
451000,1.18,1.2,0.7,0.7,0.87
452000,1.11,1.25,0.7,0.65,0.86
453000,1.13,1.2,0.7,0.72,0.87
454000,1.13,1.17,0.81,0.73,0.9
455000,1.1,1.18,0.74,0.79,0.97
456000,1.09,1.22,0.78,0.83,0.95
457000,1.01,1.3,0.78,0.86,1.06
458000,0.89,1.29,0.82,0.92,1.13
459000,0.81,1.3,0.88,0.98,1.21
460000,0.77,1.32,0.86,0.94,1.33
461000,0.81,1.26,0.83,0.98,1.3
462000,0.84,1.2,0.89,1.1,1.27
463000,0.81,1.12,0.87,1.12,1.32
464000,0.77,1.16,0.87,1.15,1.32
465000,0.71,1.17,0.88,1.11,1.3
466000,0.73,1.11,0.9,1.13,1.31
467000,0.79,0.98,0.87,1.08,1.2
468000,0.75,0.95,0.87,1.08,1.08
469000,0.69,0.93,0.84,1.0,1.04
470000,0.7,0.91,0.85,1.01,0.91
471000,0.7,0.88,0.9,1.08,0.79
472000,0.71,0.92,0.85,1.03,0.81
473000,0.69,0.94,0.89,1.05,0.82
474000,0.69,0.93,0.81,1.0,0.84
475000,0.66,0.9,0.81,0.97,0.83
476000,0.62,0.84,0.82,1.01,0.89
477000,0.61,1.01,0.83,1.01,0.92
478000,0.63,0.96,0.83,1.02,0.94
479000,0.61,0.92,0.79,1.01,0.99
480000,0.63,0.93,0.86,1.01,1.04
481000,0.64,1.02,0.84,1.05,1.06
482000,0.71,1.03,0.8,0.93,1.19
483000,0.71,1.19,0.81,0.9,1.17
484000,0.66,1.27,0.83,0.85,1.15
485000,0.71,1.32,0.82,0.87,1.1
486000,0.72,1.41,0.85,0.87,1.03
487000,0.68,1.46,0.82,0.84,1.05
488000,0.72,1.32,0.81,0.78,0.99
489000,0.72,1.37,0.8,0.88,1.06
490000,0.72,1.48,0.84,0.87,0.98
491000,0.69,1.54,0.78,0.82,0.97
492000,0.65,1.45,0.88,0.77,1.02
493000,0.65,1.44,0.94,0.78,0.94
494000,0.64,1.2,0.98,0.8,0.96
495000,0.61,1.18,1.06,0.83,0.91
496000,0.69,1.02,1.01,0.8,0.95
497000,0.76,0.97,1.09,0.79,1.01
498000,0.8,1.01,1.21,0.81,1.06
499000,0.85,1.09,1.25,0.72,0.89
500000,0.96,1.02,1.27,0.78,0.87
501000,0.96,0.93,1.24,0.81,0.83
502000,0.95,0.96,1.23,0.77,0.85
503000,1.03,0.98,1.21,0.81,0.87
504000,1.0,0.99,1.16,0.74,0.87
505000,1.03,1.02,1.23,0.77,0.92
506000,0.97,1.04,1.21,0.76,0.92
507000,0.94,1.08,1.21,0.84,0.95
508000,0.92,1.09,1.13,0.78,0.88
509000,0.99,1.08,1.16,0.82,0.94
510000,0.84,1.12,1.12,0.84,1.01
511000,0.86,1.13,1.21,0.8,0.96
512000,0.82,1.03,1.28,0.8,0.89
513000,0.79,0.99,1.26,0.74,0.96
514000,0.87,1.03,1.29,0.73,0.89
515000,0.82,1.08,1.3,0.63,0.83
516000,0.88,1.06,1.24,0.59,0.83
517000,0.88,1.06,1.28,0.63,0.89
518000,0.91,1.05,1.29,0.58,0.9
519000,0.85,1.09,1.32,0.58,0.99
520000,0.77,1.04,1.37,0.55,0.97
521000,0.78,1.08,1.42,0.58,0.93
522000,0.76,1.07,1.46,0.67,0.94
523000,0.79,1.17,1.34,0.76,0.98
524000,0.81,1.17,1.3,0.81,0.88
525000,0.76,1.14,1.19,0.81,0.96
526000,0.75,1.06,1.19,0.9,0.95
527000,0.76,1.15,1.21,0.91,0.96
528000,0.76,1.19,1.12,0.93,1.0
529000,0.72,1.29,1.06,0.94,0.96
530000,0.74,1.27,1.15,1.04,0.96
531000,0.86,1.37,1.09,1.14,0.97
532000,0.84,1.22,1.07,1.08,1.04
533000,0.85,1.19,1.0,0.99,1.06
534000,0.85,1.2,1.11,1.01,1.03
535000,0.86,1.12,1.17,1.07,0.99
536000,0.92,1.11,1.25,0.95,0.86
537000,0.9,1.1,1.33,0.99,0.85
538000,0.95,1.11,1.42,1.02,0.9
539000,1.06,0.92,1.39,1.0,0.92
540000,1.03,0.96,1.34,0.88,0.94
541000,1.0,0.83,1.38,0.89,0.92
542000,1.04,0.92,1.33,0.94,0.91
543000,1.06,0.99,1.32,0.99,0.91
544000,1.05,0.96,1.38,1.0,0.93
545000,1.06,1.08,1.42,0.99,1.03
546000,1.02,1.13,1.35,0.98,1.08
547000,1.09,0.99,1.19,1.0,1.09
548000,1.21,1.01,1.15,1.01,1.14
549000,1.21,1.03,1.19,0.97,1.05
550000,1.17,0.99,1.23,1.05,1.13
551000,1.17,0.88,1.23,1.07,1.05
552000,1.13,0.83,1.37,1.01,1.12
553000,1.15,0.78,1.35,1.03,1.19
554000,1.17,0.61,1.33,0.98,1.1
555000,1.16,0.61,1.34,0.99,1.14
556000,1.17,0.63,1.32,0.95,1.12
557000,1.25,0.72,1.37,0.91,1.18
558000,1.32,0.76,1.26,0.98,1.2
559000,1.21,0.81,1.29,0.97,1.26
560000,1.23,0.91,1.3,0.93,1.31
561000,1.2,0.97,1.04,0.98,1.25
562000,1.2,1.02,0.96,1.0,1.25
563000,1.26,1.11,0.98,0.91,1.35
564000,1.31,1.17,0.93,0.93,1.37
565000,1.24,1.27,0.87,0.93,1.3
566000,1.27,1.3,0.93,0.95,1.28
567000,1.16,1.27,0.93,0.92,1.23
568000,1.19,1.22,0.94,0.95,1.25
569000,1.09,1.2,1.03,0.93,1.19
570000,1.05,1.16,1.14,0.83,1.03
571000,1.02,1.08,1.14,0.83,1.08
572000,1.13,1.13,1.19,0.78,1.09
573000,1.12,1.17,1.2,0.76,1.1
574000,1.2,1.14,1.21,0.75,1.05
575000,1.17,1.1,1.25,0.83,1.08
576000,1.15,1.23,1.31,0.82,1.2
577000,1.16,1.28,1.43,0.81,1.23
578000,1.18,1.32,1.42,0.79,1.16
579000,1.08,1.32,1.41,0.79,1.23
580000,1.14,1.28,1.38,0.81,1.31
581000,1.25,1.35,1.34,0.82,1.38
582000,1.32,1.31,1.3,0.9,1.41
583000,1.31,1.41,1.36,0.96,1.45
584000,1.23,1.19,1.47,0.99,1.47
585000,1.12,1.19,1.43,1.0,1.47
586000,1.21,1.05,1.44,1.02,1.35
587000,1.27,1.09,1.3,1.02,1.28
588000,1.33,1.04,1.26,1.04,1.25
589000,1.39,0.98,1.32,1.0,1.26
590000,1.46,0.94,1.31,1.07,1.33
591000,1.55,0.91,1.34,1.05,1.19
592000,1.53,0.87,1.3,1.13,1.19
593000,1.38,0.82,1.2,1.06,1.19
594000,1.43,0.86,1.16,1.01,1.18
595000,1.47,0.88,1.19,1.03,1.18
596000,1.54,0.86,1.12,1.0,1.1
597000,1.48,0.93,1.16,1.07,1.11
598000,1.25,0.9,1.18,1.1,1.14
599000,1.13,0.89,1.04,1.1,1.24
600000,1.11,0.9,1.14,1.04,1.17
601000,1.07,0.97,1.08,0.98,1.08
602000,1.13,1.02,1.13,1.07,1.06
603000,1.18,1.02,1.08,1.18,1.06
604000,0.99,1.04,1.17,1.1,1.07
605000,1.01,1.15,1.18,1.01,0.99
606000,0.98,1.12,1.21,1.1,1.11
607000,0.99,1.13,1.22,1.07,1.11
608000,1.03,1.1,1.3,0.91,1.06
609000,1.1,1.09,1.34,0.98,1.07
610000,1.26,1.16,1.41,1.08,1.14
611000,1.23,1.2,1.44,1.11,1.27
612000,1.28,1.3,1.43,1.06,1.35
613000,1.14,1.3,1.51,1.13,1.4
614000,1.22,1.34,1.59,1.18,1.41
615000,1.29,1.46,1.52,1.24,1.51
616000,1.3,1.39,1.59,1.16,1.61
617000,1.35,1.37,1.63,1.28,1.68
618000,1.43,1.39,1.6,1.27,1.63
619000,1.38,1.41,1.58,1.29,1.6
620000,1.32,1.39,1.59,1.32,1.55
621000,1.24,1.46,1.47,1.34,1.54
622000,1.19,1.4,1.53,1.26,1.39
623000,1.25,1.45,1.43,1.2,1.28
624000,1.31,1.47,1.42,1.07,1.29
625000,1.33,1.42,1.36,1.11,1.29
626000,1.33,1.43,1.34,1.07,1.2
627000,1.36,1.46,1.35,1.04,1.17
628000,1.42,1.58,1.31,1.07,1.21
629000,1.42,1.69,1.32,0.99,1.19
630000,1.36,1.66,1.3,0.97,1.21
631000,1.38,1.58,1.35,1.05,1.22
632000,1.43,1.67,1.42,1.01,1.17
633000,1.39,1.59,1.46,1.09,1.23
634000,1.45,1.6,1.59,1.09,1.35
635000,1.42,1.71,1.5,1.09,1.31
636000,1.38,1.78,1.47,0.98,1.26
637000,1.28,1.84,1.61,1.03,1.3
638000,1.24,1.85,1.61,1.09,1.3
639000,1.26,1.91,1.5,1.1,1.36
640000,1.26,1.87,1.53,1.11,1.48
641000,1.2,1.93,1.36,1.16,1.58
642000,1.16,1.86,1.3,1.08,1.6
643000,1.27,1.82,1.43,1.08,1.61
644000,1.27,1.83,1.42,1.05,1.64
645000,1.36,1.73,1.48,0.96,1.66
646000,1.42,1.82,1.36,0.97,1.61
647000,1.46,1.84,1.32,1.0,1.62
648000,1.47,1.89,1.42,0.98,1.59
649000,1.55,1.71,1.5,0.94,1.54
650000,1.52,1.73,1.54,0.92,1.48
651000,1.59,1.74,1.55,0.81,1.41
652000,1.66,1.67,1.67,0.73,1.44
653000,1.63,1.84,1.66,0.69,1.46
654000,1.62,1.87,1.42,0.68,1.5
655000,1.58,1.77,1.37,0.63,1.62
656000,1.37,1.74,1.43,0.64,1.66
657000,1.38,1.73,1.47,0.54,1.73
658000,1.44,1.64,1.52,0.54,1.71
659000,1.38,1.71,1.37,0.61,1.68
660000,1.41,1.8,1.25,0.56,1.79
661000,1.42,1.81,1.36,0.52,1.9
662000,1.29,1.92,1.46,0.54,1.79
663000,1.29,1.98,1.53,0.56,1.79
664000,1.32,1.94,1.59,0.6,1.76
665000,1.2,1.78,1.66,0.57,1.86
666000,1.2,1.72,1.78,0.59,1.67
667000,1.3,1.67,1.87,0.57,1.51
668000,1.19,1.71,1.86,0.55,1.42
669000,1.27,1.77,1.88,0.58,1.35
670000,1.13,1.72,1.98,0.6,1.31
671000,1.07,1.63,1.98,0.68,1.19
672000,1.06,1.6,1.91,0.7,1.22
673000,1.24,1.49,1.94,0.67,1.26
674000,1.22,1.45,1.65,0.73,1.22
675000,1.24,1.53,1.72,0.7,1.08
676000,1.33,1.58,1.76,0.77,1.14
677000,1.39,1.69,1.7,0.75,1.12
678000,1.47,1.6,1.73,0.8,1.26
679000,1.38,1.54,1.69,0.84,1.28
680000,1.49,1.49,1.6,0.8,1.29
681000,1.45,1.53,1.49,0.76,1.19
682000,1.4,1.59,1.54,0.7,1.24
683000,1.49,1.47,1.53,0.74,1.28
684000,1.35,1.44,1.48,0.76,1.38
685000,1.42,1.37,1.32,0.72,1.45
686000,1.33,1.37,1.33,0.77,1.47
687000,1.23,1.34,1.14,0.78,1.57
688000,1.29,1.42,0.98,0.69,1.48
689000,1.21,1.6,0.93,0.67,1.6
690000,1.21,1.59,1.1,0.71,1.67
691000,1.2,1.53,1.14,0.73,1.69
692000,1.22,1.55,1.1,0.75,1.79
693000,1.3,1.65,1.22,0.83,1.82
694000,1.27,1.85,1.29,0.79,1.86
695000,1.33,1.89,1.32,0.83,1.93
696000,1.43,1.9,1.33,0.85,1.82
697000,1.46,1.98,1.47,0.77,1.77
698000,1.54,1.96,1.59,0.87,1.73
699000,1.55,2.0,1.67,0.98,1.6
700000,1.57,1.97,1.83,0.91,1.55
701000,1.56,1.99,1.9,0.91,1.5
702000,1.59,2.08,1.77,0.93,1.41
703000,1.73,2.06,1.83,0.83,1.38
704000,1.8,2.05,1.81,0.87,1.29
705000,1.79,1.96,1.79,0.89,1.34
706000,1.78,2.05,1.7,0.82,1.39
707000,1.59,2.14,1.81,0.87,1.28
708000,1.7,2.14,1.75,0.91,1.23
709000,1.75,2.17,1.85,0.82,1.21
710000,1.73,2.1,1.63,0.82,1.38
711000,1.81,1.98,1.45,0.79,1.45
712000,1.91,1.99,1.58,0.68,1.53
713000,1.91,1.9,1.67,0.71,1.49
714000,1.76,1.99,1.72,0.77,1.59
715000,1.75,2.05,1.69,0.8,1.64
716000,1.88,1.89,1.78,0.8,1.49
717000,1.84,1.89,1.84,0.81,1.5
718000,2.01,1.73,1.85,0.85,1.65
719000,2.06,1.81,1.88,0.82,1.75
720000,1.76,1.81,1.85,0.82,1.82
721000,1.76,1.91,1.9,0.84,1.61
722000,1.67,1.83,1.93,0.9,1.52
723000,1.62,1.87,1.73,0.97,1.46
724000,1.58,1.83,1.61,0.93,1.38
725000,1.62,1.85,1.66,0.9,1.51
726000,1.69,1.89,1.67,0.81,1.67
727000,1.53,1.93,1.65,0.79,1.67
728000,1.56,1.91,1.73,0.84,1.8
729000,1.44,1.95,1.77,0.81,1.74
730000,1.5,1.83,1.77,0.84,1.76
731000,1.54,1.92,1.72,0.88,1.74
732000,1.56,1.98,1.76,0.87,1.74
733000,1.58,1.92,1.78,0.93,1.77
734000,1.65,1.99,1.8,0.88,1.81
735000,1.69,2.13,1.92,0.95,1.82
736000,1.74,2.15,1.96,1.03,1.82
737000,1.71,2.12,1.79,1.11,1.72
738000,1.78,2.15,1.71,1.14,1.59
739000,1.82,2.2,1.81,1.2,1.68
740000,1.85,2.18,1.72,1.24,1.77
741000,1.78,2.2,1.67,1.18,1.77
742000,1.83,2.22,1.78,1.24,1.84
743000,1.84,2.01,1.82,1.15,1.79
744000,2.01,2.0,1.89,1.17,1.89
745000,2.04,1.86,2.03,1.16,1.94
746000,2.0,1.89,2.14,0.98,1.92
747000,2.06,1.75,1.98,0.99,2.02
748000,2.13,1.76,2.12,1.09,1.95
749000,2.18,1.67,2.23,1.1,2.03
750000,2.21,1.6,2.1,1.08,1.95
751000,2.22,1.74,2.17,1.13,1.86
752000,2.18,1.93,2.08,1.1,1.87
753000,2.21,2.1,1.86,1.11,1.81
754000,2.25,2.17,1.99,1.17,1.92
755000,2.31,2.25,1.72,1.15,1.84
756000,2.24,2.35,1.55,1.11,1.81
757000,2.4,2.45,1.75,1.09,1.72
758000,2.52,2.54,1.65,1.14,1.7
759000,2.5,2.45,1.61,1.13,1.67
760000,2.24,2.5,1.54,1.07,1.59
761000,2.32,2.58,1.66,1.1,1.58
762000,2.18,2.69,1.82,0.97,1.58
763000,2.13,2.73,1.88,0.98,1.57
764000,2.07,2.67,1.81,0.94,1.56
765000,2.05,2.71,1.83,0.83,1.62
766000,1.96,2.55,1.85,0.86,1.7
767000,2.0,2.57,1.79,0.89,1.77
768000,2.14,2.5,1.78,0.97,1.84
769000,2.0,2.51,1.84,0.99,1.85
770000,1.91,2.42,1.76,0.93,1.83
771000,1.93,2.38,1.72,0.93,1.69
772000,1.84,2.41,1.92,0.89,1.66
773000,1.79,2.44,1.92,0.87,1.65
774000,1.77,2.55,1.96,0.87,1.56
775000,1.74,2.48,1.96,0.93,1.58
776000,1.69,2.42,1.9,0.91,1.48
777000,1.69,2.34,1.99,0.84,1.44
778000,1.75,2.27,1.99,0.88,1.45
779000,1.47,2.24,2.08,0.93,1.4
780000,1.45,2.19,2.19,0.91,1.49
781000,1.39,2.26,2.32,0.85,1.55
782000,1.55,2.33,2.13,0.89,1.57
783000,1.63,2.31,2.06,0.83,1.65
784000,1.68,2.28,1.99,0.84,1.73
785000,1.8,2.22,2.02,0.78,1.76
786000,1.9,2.33,2.08,0.91,1.71
787000,2.17,2.42,2.06,0.96,1.73
788000,2.26,2.5,2.0,0.92,1.78
789000,2.37,2.46,1.96,0.97,1.81
790000,2.38,2.58,1.84,1.05,1.78
791000,2.54,2.61,1.7,1.06,1.97
792000,2.53,2.64,1.81,1.05,2.08
793000,2.61,2.83,1.82,1.05,1.99
794000,2.52,2.67,1.76,1.07,2.0
795000,2.52,2.66,1.74,1.08,2.1
796000,2.66,2.65,1.7,1.13,2.11
797000,2.52,2.48,1.82,1.14,2.18
798000,2.25,2.27,1.88,0.94,2.28
799000,2.16,2.25,2.0,0.91,2.22
800000,2.03,2.31,2.0,0.99,2.2
801000,1.87,2.16,2.18,0.95,2.21
802000,1.91,2.18,1.98,0.91,2.13
803000,1.8,2.17,2.0,0.88,2.02
804000,1.94,2.01,1.98,0.91,2.17
805000,1.89,2.06,2.03,0.87,2.17
806000,1.84,2.02,2.08,0.94,2.08
807000,1.87,2.12,1.98,0.93,2.1
808000,1.9,2.14,1.89,0.94,2.05
809000,1.98,2.2,2.0,1.01,1.96
810000,2.07,2.2,2.06,1.0,1.95
811000,1.96,2.19,1.93,0.98,2.09
812000,2.02,2.09,1.98,1.0,2.11
813000,1.94,2.18,2.09,1.13,2.16
814000,2.09,2.23,2.12,1.15,2.27
815000,1.99,2.28,2.1,1.12,2.2
816000,1.88,2.5,2.08,1.13,1.96
817000,2.09,2.33,2.19,1.18,1.8
818000,2.14,2.3,2.23,1.25,1.92
819000,1.99,2.38,2.37,1.16,1.79
820000,2.04,2.33,2.24,1.17,1.87
821000,1.98,2.4,2.11,1.21,1.98
822000,2.03,2.53,2.1,1.23,1.75
823000,2.13,2.62,1.84,1.28,1.59
824000,2.1,2.73,1.95,1.14,1.48
825000,1.99,2.77,2.06,1.1,1.57
826000,2.21,2.75,1.99,1.08,1.7
827000,2.09,2.84,1.83,1.09,1.84
828000,2.09,2.67,1.8,1.13,1.96
829000,2.15,2.65,1.73,1.08,1.89
830000,2.23,2.8,1.69,1.14,1.87
831000,2.29,2.96,1.94,1.12,1.87
832000,2.32,2.92,2.03,1.16,1.88
833000,2.37,3.12,2.2,1.16,1.96
834000,2.28,3.01,2.25,1.13,1.98
835000,2.34,2.96,2.11,1.02,2.01
836000,2.46,2.99,2.07,1.06,1.83
837000,2.48,2.94,2.12,1.08,1.72
838000,2.35,2.76,2.14,1.17,1.67
839000,2.53,2.7,2.24,1.1,1.66
840000,2.55,2.9,2.29,1.14,1.63
841000,2.63,2.8,2.22,1.03,1.61
842000,2.56,2.69,2.38,0.97,1.74
843000,2.39,2.6,2.39,0.99,1.92
844000,2.27,2.4,2.25,1.0,1.9
845000,2.33,2.52,2.34,1.02,1.88
846000,2.33,2.69,2.36,1.11,1.86
847000,2.15,2.76,2.45,1.03,1.95
848000,2.18,2.63,2.52,0.98,2.02
849000,2.17,2.69,2.41,1.11,1.92
850000,2.14,2.77,2.29,1.13,1.93
851000,1.95,2.95,2.21,1.14,1.97
852000,1.86,2.82,2.18,1.18,2.18
853000,2.01,2.79,1.88,1.24,2.2
854000,2.05,2.81,1.94,1.32,2.09
855000,2.15,2.64,1.93,1.39,1.84
856000,2.18,2.62,1.88,1.41,1.93
857000,2.12,1.99,1.82,1.52,1.96
858000,2.24,1.99,1.83,1.52,2.13
859000,2.31,2.1,1.93,1.54,2.26
860000,2.24,1.96,2.0,1.63,2.25
861000,2.33,1.95,2.11,1.58,2.39
862000,2.28,1.87,2.09,1.41,2.33
863000,2.45,1.87,2.21,1.35,2.18
864000,2.45,1.92,2.34,1.33,2.23
865000,2.52,1.95,2.28,1.28,2.26
866000,2.55,2.03,2.29,1.31,2.25
867000,2.42,2.1,2.46,1.21,2.36
868000,2.38,2.33,2.63,1.12,2.44
869000,2.16,2.42,2.67,1.2,2.34
870000,2.18,2.58,2.51,1.29,2.08
871000,2.25,2.63,2.59,1.2,2.05
872000,2.15,2.65,2.6,1.21,1.97
873000,2.11,2.61,2.68,1.31,1.94
874000,1.93,2.74,2.59,1.32,1.85
875000,2.02,2.7,2.55,1.38,1.7
876000,2.09,2.81,2.42,1.48,1.7
877000,1.96,2.87,2.51,1.53,1.77
878000,2.09,2.88,2.53,1.52,1.83
879000,2.19,2.95,2.45,1.57,2.01
880000,2.31,2.93,2.46,1.5,2.09
881000,2.3,3.0,2.38,1.54,2.08
882000,1.97,2.86,2.31,1.52,2.08
883000,2.05,2.95,2.29,1.45,2.08
884000,2.08,2.76,2.3,1.35,2.19
885000,2.06,2.91,2.34,1.26,2.2
886000,1.78,2.9,2.35,1.35,2.33
887000,1.99,2.87,2.5,1.27,2.32
888000,1.99,2.75,2.51,1.2,2.11
889000,2.01,2.87,2.38,1.2,1.93
890000,1.73,2.87,2.21,1.23,1.91
891000,1.78,2.92,2.11,1.14,1.93
892000,1.86,2.83,2.28,1.22,1.98
893000,2.0,2.66,2.29,1.19,1.85
894000,2.04,2.6,2.35,1.17,1.91
895000,2.16,2.59,2.2,1.29,1.79
896000,2.14,2.69,2.24,1.11,1.71
897000,2.25,2.73,2.28,1.15,1.63
898000,2.41,2.76,2.25,1.09,1.67
899000,2.39,2.84,2.33,1.14,1.85
900000,2.31,2.91,2.55,1.12,1.89
901000,2.33,2.72,2.67,1.1,1.89
902000,2.45,2.53,2.83,1.04,1.87
903000,2.53,2.66,2.86,1.11,1.87
904000,2.52,2.71,3.04,1.25,1.88
905000,2.6,2.91,3.18,1.25,1.78
906000,2.67,2.69,3.14,1.31,2.01
907000,2.76,2.75,3.15,1.31,2.1
908000,2.75,2.58,3.12,1.34,2.23
909000,2.98,2.56,3.11,1.37,2.22
910000,2.9,2.54,3.07,1.38,2.21
911000,2.86,2.52,2.89,1.63,2.08
912000,2.89,2.38,2.58,1.59,2.24
913000,2.9,2.63,2.67,1.62,2.16
914000,2.98,2.68,2.65,1.71,2.3
915000,2.95,2.7,2.63,1.74,2.37
916000,2.91,2.81,2.86,1.72,2.52
917000,2.78,2.82,2.58,1.75,2.69
918000,2.6,2.98,2.62,1.73,2.49
919000,2.44,3.08,2.73,1.77,2.58
920000,2.44,3.08,2.68,1.78,2.59
921000,2.76,3.22,2.76,1.8,2.56
922000,2.74,3.27,2.89,1.79,2.63
923000,2.87,3.34,2.91,1.69,2.71
924000,2.79,3.48,2.86,1.62,2.76
925000,3.0,3.37,2.83,1.63,2.68
926000,2.91,3.49,2.96,1.5,2.48
927000,3.04,3.3,2.77,1.49,2.51
928000,2.94,3.33,2.78,1.45,2.48
929000,2.95,3.33,2.83,1.49,2.44
930000,2.91,3.28,2.79,1.56,2.52
931000,2.99,3.21,2.81,1.54,2.54
932000,3.03,2.96,2.84,1.52,2.45
933000,2.67,3.01,3.02,1.47,2.38
934000,2.73,2.88,3.17,1.41,2.39
935000,2.72,2.87,3.2,1.48,2.25
936000,2.79,2.71,3.19,1.44,2.29
937000,2.7,2.56,3.19,1.37,2.36
938000,2.78,2.59,3.29,1.45,2.42
939000,2.74,2.47,3.14,1.51,2.38
940000,2.69,2.39,3.18,1.34,2.15
941000,2.77,2.44,3.35,1.4,2.16
942000,2.89,2.38,3.28,1.38,2.11
943000,2.89,2.36,3.33,1.38,2.26
944000,2.8,2.39,3.46,1.48,2.37
945000,2.92,2.36,3.51,1.42,2.25
946000,2.9,2.27,3.53,1.42,2.3
947000,2.9,2.5,3.45,1.51,2.33
948000,2.89,2.42,3.27,1.55,2.34
949000,2.67,2.44,3.23,1.42,2.31
950000,2.65,2.61,3.29,1.49,2.41
951000,2.7,2.5,3.21,1.6,2.6
952000,2.9,2.7,3.09,1.56,2.52
953000,2.88,2.72,3.14,1.63,2.54
954000,2.79,2.8,3.18,1.71,2.32
955000,2.65,2.77,3.16,1.78,2.25
956000,2.75,2.92,3.26,1.81,2.22
957000,2.62,2.97,3.24,1.73,2.4
958000,2.54,2.96,3.25,1.69,2.24
959000,2.38,3.15,2.83,1.6,2.3
960000,2.46,3.18,2.86,1.6,2.17
961000,2.64,3.27,2.79,1.65,2.01
962000,2.62,3.27,2.82,1.68,1.93
963000,2.47,3.22,3.02,1.63,1.94
964000,2.34,3.18,3.15,1.63,1.88
965000,2.47,3.13,3.11,1.59,1.95
966000,2.5,3.28,3.06,1.3,1.96
967000,2.63,3.25,2.93,1.36,1.83
968000,2.66,3.05,2.82,1.42,2.0
969000,2.63,3.23,2.64,1.49,2.05
970000,2.63,3.24,2.59,1.47,2.17
971000,2.56,3.39,2.9,1.5,2.23
972000,2.58,3.33,2.93,1.44,2.26
973000,2.64,3.31,3.02,1.43,2.33
974000,2.65,3.34,3.01,1.49,2.32
975000,2.84,3.42,2.82,1.47,2.33
976000,3.03,3.49,2.72,1.45,2.45
977000,2.79,3.6,2.82,1.58,2.54
978000,3.1,3.49,2.87,1.61,2.42
979000,3.14,3.69,2.79,1.71,2.38
980000,2.95,3.57,2.94,1.73,2.41
981000,2.85,3.62,2.88,1.74,2.43
982000,2.84,3.23,3.12,1.78,2.43
983000,2.92,3.22,3.07,1.76,2.42
984000,3.03,3.06,3.04,1.69,2.51
985000,2.83,3.0,3.2,1.69,2.6
986000,2.77,2.91,3.38,1.84,2.76
987000,2.81,2.84,3.14,1.88,2.79
988000,2.67,2.79,3.35,1.96,2.71
989000,2.82,2.57,3.56,2.04,2.78
990000,2.62,2.48,3.6,1.98,2.94
991000,2.63,2.48,3.54,1.93,2.85
992000,2.83,2.42,3.53,1.98,2.69
993000,2.89,2.56,3.5,1.98,2.68
994000,3.07,2.71,3.68,2.02,2.64
995000,2.91,2.85,3.62,2.24,2.57
996000,2.83,3.09,3.72,2.18,2.77
997000,2.94,3.11,3.54,2.23,2.78
998000,3.05,3.12,3.59,2.24,2.57
999000,3.16,3.26,3.7,2.05,2.66
1000000,3.14,3.22,3.59,1.97,2.59
1001000,3.25,3.27,3.63,1.84,2.69
1002000,3.25,3.28,3.6,1.73,2.49
1003000,3.16,3.33,3.55,1.69,2.53
1004000,2.75,3.58,3.4,1.64,2.6
1005000,2.83,3.55,3.6,1.4,2.51
1006000,2.75,3.62,3.55,1.4,2.73
1007000,2.84,3.48,3.68,1.28,2.61
1008000,2.72,2.95,3.8,1.32,2.51
1009000,2.62,3.16,3.77,1.36,2.44
1010000,2.51,3.16,4.04,1.38,2.48
1011000,2.31,3.02,4.22,1.37,2.32
1012000,2.29,3.02,4.33,1.65,2.24
1013000,2.4,2.97,4.35,1.77,2.36
1014000,2.37,2.81,4.36,1.86,2.28
1015000,2.39,3.04,4.39,1.91,2.28
1016000,2.39,3.06,4.36,1.93,2.36
1017000,2.32,3.13,4.33,1.84,2.3
1018000,2.28,3.15,4.2,1.99,2.39
1019000,2.37,3.19,4.27,2.02,2.33
1020000,2.38,3.22,4.32,2.0,2.35
1021000,2.51,3.31,4.27,2.08,2.34
1022000,2.72,3.39,4.21,2.1,2.45
1023000,2.79,2.98,4.28,1.72,2.55
1024000,2.91,3.12,4.33,1.73,2.77
1025000,3.13,3.08,4.28,1.81,2.45
1026000,3.04,3.08,4.49,1.9,2.46
1027000,3.21,2.98,4.3,2.06,2.54
1028000,3.29,2.78,4.38,2.13,2.55
1029000,3.33,2.74,4.34,2.17,2.41
1030000,3.45,2.63,4.34,2.07,2.51
1031000,3.66,2.83,4.38,2.05,2.72
1032000,3.81,2.85,4.28,2.05,2.6
1033000,3.8,2.95,4.3,2.06,2.66
1034000,3.8,2.96,4.43,2.08,2.59
1035000,3.93,3.22,4.53,2.1,2.47
1036000,3.74,3.37,4.59,2.17,2.47
1037000,3.68,3.22,4.49,2.0,2.41
1038000,3.53,3.31,4.59,1.9,2.42
1039000,3.39,3.4,4.67,1.9,2.54
1040000,3.43,3.53,4.71,1.83,2.37
1041000,3.4,3.52,4.82,1.86,2.33
1042000,3.36,3.69,4.78,1.88,2.31
1043000,3.43,3.67,4.64,1.9,2.41
1044000,2.91,3.93,4.71,2.04,2.28
1045000,2.75,4.04,4.59,2.05,2.28
1046000,2.41,3.96,4.51,1.99,2.29
1047000,2.42,4.01,4.46,2.01,2.37
1048000,2.41,4.1,4.32,1.92,2.31
1049000,2.43,4.08,4.37,1.9,2.42
1050000,2.35,4.05,4.19,1.94,2.21
1051000,2.45,4.19,4.15,1.96,2.32
1052000,2.29,4.39,4.33,2.02,2.41
1053000,2.22,4.39,4.39,1.82,2.07
1054000,2.35,4.52,4.39,1.62,2.15
1055000,2.51,4.62,4.26,1.67,2.26
1056000,2.61,4.59,4.27,1.74,2.26
1057000,2.8,4.76,4.22,1.73,2.15
1058000,3.01,4.42,4.1,1.83,2.15
1059000,3.23,4.26,3.76,1.7,2.39
1060000,3.29,4.27,3.66,1.74,2.54
1061000,3.34,4.1,3.68,1.73,2.63
1062000,3.23,4.01,3.87,1.74,2.67
1063000,3.33,3.63,3.88,1.69,2.71
1064000,3.43,3.4,3.85,1.8,2.73
1065000,3.67,3.35,3.86,1.9,2.95
1066000,3.71,3.35,3.88,1.92,3.04
1067000,3.62,3.27,3.72,2.05,2.88
1068000,3.57,3.29,3.74,2.01,2.97
1069000,3.55,3.06,3.66,1.92,3.21
1070000,3.41,3.11,3.66,2.01,3.3
1071000,3.41,3.11,3.56,2.06,3.59
1072000,3.34,3.13,3.64,2.14,3.65
1073000,3.17,3.12,3.7,2.16,3.68
1074000,3.19,3.28,3.7,2.16,3.65
1075000,3.31,3.41,3.89,2.14,3.81
1076000,3.43,3.47,3.87,2.06,3.68
1077000,3.4,3.72,3.87,1.99,3.73
1078000,3.34,3.92,3.85,2.05,3.56
1079000,3.24,3.88,3.99,2.19,3.6
1080000,3.26,3.82,4.17,2.17,3.62
1081000,3.15,3.78,4.32,2.18,3.5
1082000,3.29,3.71,4.03,2.02,3.49
1083000,3.1,3.95,3.83,2.07,3.23
1084000,3.1,3.86,4.1,2.14,2.98
1085000,3.12,3.94,4.04,2.2,3.01
1086000,3.28,4.06,4.13,2.31,2.93
1087000,3.37,4.04,4.15,2.29,2.67
1088000,3.34,4.33,4.35,2.42,2.8
1089000,3.18,4.06,4.35,2.4,2.87
1090000,3.17,4.21,4.34,2.34,2.8
1091000,3.19,4.2,4.34,2.29,2.63
1092000,3.08,4.03,4.12,2.34,2.65
1093000,3.18,4.01,4.14,2.33,2.4
1094000,3.25,4.0,4.21,2.48,2.34
1095000,3.34,4.09,4.03,2.59,2.18
1096000,3.24,4.07,4.02,2.67,2.2
1097000,3.16,4.27,4.07,2.55,2.25
1098000,2.96,4.21,4.26,2.48,2.27
1099000,3.01,4.17,4.38,2.55,2.18
1100000,2.98,4.11,4.14,2.41,2.34
1101000,3.17,3.91,4.2,2.38,2.41
1102000,3.18,3.65,4.42,2.38,2.43
1103000,3.27,3.65,4.31,2.26,2.55
1104000,3.44,3.86,4.23,2.17,2.62
1105000,3.29,4.02,4.2,1.86,2.71
1106000,3.15,3.71,4.39,1.71,2.87
1107000,3.15,3.59,4.48,1.72,2.91
1108000,3.03,3.59,4.61,1.75,3.03
1109000,3.22,3.63,4.8,1.78,3.09
1110000,3.32,3.67,4.9,1.73,3.25
1111000,3.47,3.68,4.83,1.66,3.24
1112000,3.56,3.53,5.05,1.75,3.24
1113000,3.55,3.68,4.93,1.92,3.14
1114000,3.52,3.76,5.06,2.0,3.02
1115000,3.48,3.87,5.09,2.15,3.07
1116000,3.54,3.69,5.0,2.33,3.05
1117000,3.72,3.86,5.13,2.47,3.05
1118000,3.52,3.85,5.24,2.43,3.08
1119000,3.62,3.8,5.16,2.41,3.2
1120000,3.68,3.79,5.49,2.47,3.21
1121000,3.75,3.85,5.33,2.45,3.11
1122000,3.71,3.9,5.52,2.46,3.05
1123000,3.93,3.98,5.6,2.63,2.99
1124000,3.94,3.9,5.8,2.48,3.03
1125000,4.09,3.54,5.81,2.51,3.05
1126000,4.08,3.6,5.61,2.4,3.13
1127000,4.02,3.58,5.66,2.33,3.25
1128000,4.03,3.67,5.62,2.16,3.26
1129000,4.0,3.56,5.65,2.28,3.38
1130000,4.06,3.67,5.37,2.29,3.36
1131000,4.2,3.69,5.43,2.42,3.06
1132000,4.03,3.59,5.54,2.44,3.14
1133000,4.2,3.55,5.64,2.58,3.12
1134000,4.31,3.5,5.8,2.56,3.12
1135000,4.32,3.68,5.77,2.33,3.26
1136000,4.35,3.6,5.7,2.25,3.09
1137000,4.6,3.59,5.97,2.21,3.25
1138000,4.75,3.54,6.02,2.16,3.21
1139000,4.86,3.73,5.93,2.26,3.04
1140000,4.5,3.45,5.88,2.28,3.13
1141000,4.55,3.57,5.73,2.37,3.01
1142000,4.41,3.54,5.44,2.04,3.19
1143000,4.47,3.5,5.45,1.9,2.99
1144000,4.53,3.56,5.52,1.9,3.11
1145000,4.44,3.56,5.76,2.05,3.22
1146000,4.62,3.66,5.64,2.27,3.05
1147000,4.62,3.63,5.54,2.34,2.85
1148000,4.76,3.29,5.72,2.15,3.0
1149000,4.53,3.36,5.69,2.11,3.11
1150000,4.59,3.43,5.71,2.14,3.13
1151000,4.77,3.5,5.82,2.26,2.96
1152000,4.87,3.73,5.54,2.36,3.07
1153000,4.65,3.77,5.22,2.53,3.14
1154000,4.4,3.77,5.15,2.55,3.09
1155000,4.5,3.71,5.21,2.56,3.21
1156000,4.73,3.92,4.9,2.52,3.16
1157000,4.72,3.86,4.81,2.54,3.1
1158000,4.88,3.89,4.67,2.56,3.24
1159000,4.84,4.05,4.72,2.68,3.24
1160000,4.67,4.14,4.82,2.69,3.21
1161000,4.49,3.93,4.94,2.76,3.13
1162000,4.65,4.02,4.56,2.77,3.17
1163000,4.75,4.16,4.49,2.52,3.1
1164000,4.66,4.4,4.61,2.58,3.14
1165000,4.59,4.38,4.39,2.62,3.02
1166000,4.67,4.47,4.37,2.48,3.1
1167000,4.36,4.39,4.53,2.46,3.01
1168000,4.27,4.33,4.63,2.35,2.93
1169000,4.26,4.43,4.71,2.25,2.98
1170000,4.07,4.41,4.65,2.3,3.0
1171000,3.96,4.27,4.74,2.47,3.13
1172000,4.02,4.29,4.74,2.49,3.25
1173000,4.11,4.09,4.96,2.44,3.42
1174000,3.85,3.97,4.92,2.58,3.51
1175000,3.89,4.02,5.08,2.52,3.16
1176000,3.85,4.02,5.08,2.59,3.29
1177000,3.83,4.01,5.08,2.53,3.24
1178000,3.62,3.93,5.09,2.57,3.29
1179000,3.42,3.95,5.24,2.43,3.29
1180000,3.35,3.91,5.12,2.38,3.33
1181000,3.55,4.0,4.88,2.4,3.26
1182000,3.65,4.15,4.84,2.21,3.37
1183000,3.75,4.1,4.93,2.21,3.5
1184000,3.73,4.1,5.03,2.12,3.43
1185000,3.83,4.1,4.8,2.14,3.33
1186000,3.9,4.17,4.68,2.07,3.16
1187000,3.78,4.35,4.5,1.98,3.12
1188000,3.92,4.59,4.47,2.07,3.31
1189000,4.04,4.72,4.63,2.11,3.54
1190000,4.0,4.77,4.58,2.35,3.52
1191000,3.99,4.65,4.59,2.49,3.62
1192000,4.32,4.66,4.58,2.43,3.47
1193000,4.5,4.53,4.49,2.62,3.35
1194000,4.39,4.52,4.4,2.54,3.53
1195000,4.4,4.47,4.42,2.52,3.53
1196000,4.46,4.1,4.52,2.65,3.47
1197000,4.5,3.9,4.45,2.71,3.44
1198000,4.41,3.95,4.61,2.92,3.32
1199000,4.11,4.05,4.66,2.89,3.21
1200000,4.06,3.95,5.06,3.04,3.07
1201000,3.98,3.89,5.28,3.05,3.06
1202000,3.81,3.5,5.35,3.03,2.97
1203000,3.9,3.13,5.18,3.08,2.93
1204000,3.92,3.23,5.24,2.82,3.02
1205000,3.68,3.42,5.36,2.81,3.06
1206000,3.57,3.52,5.29,2.86,3.08
1207000,3.48,3.63,5.33,3.0,3.23
1208000,3.61,3.62,5.45,3.1,3.48
1209000,3.53,3.8,5.45,3.01,3.56
1210000,3.55,3.76,5.66,3.04,3.5
1211000,3.49,3.88,5.59,2.77,3.35
1212000,3.63,3.98,5.59,2.81,3.48
1213000,3.74,4.08,5.59,3.09,3.39
1214000,3.94,3.98,5.68,3.0,3.45
1215000,3.91,4.24,5.65,2.96,3.66
1216000,3.85,4.31,5.57,2.96,3.84
1217000,4.0,4.43,5.26,2.99,3.82
1218000,4.07,4.46,4.7,2.82,4.0
1219000,3.98,4.66,4.52,2.56,3.71
1220000,4.18,4.74,4.73,2.51,3.74
1221000,4.21,4.6,4.83,2.5,3.68
1222000,4.37,4.59,4.81,2.48,3.34
1223000,4.5,4.6,4.94,2.42,3.36
1224000,4.41,4.79,5.0,2.31,3.52
1225000,4.34,4.58,4.9,2.36,3.41
1226000,4.24,4.71,5.02,2.46,3.39
1227000,4.38,4.63,5.01,2.51,3.58
1228000,4.28,4.59,5.23,2.51,3.68
1229000,4.23,4.37,5.03,2.62,3.81
1230000,4.31,4.46,5.16,2.72,3.56
1231000,4.33,4.25,5.45,2.64,3.34
1232000,4.56,4.05,5.54,2.67,3.44
1233000,4.64,4.0,5.45,2.76,3.45
1234000,4.39,3.95,5.25,3.0,3.48
1235000,4.54,3.95,5.57,2.9,3.52
1236000,4.37,3.92,5.59,2.8,3.44
1237000,4.31,3.73,5.54,2.69,3.57
1238000,4.4,3.7,5.72,2.69,3.54
1239000,4.43,3.74,5.9,2.58,3.61
1240000,4.46,3.6,5.7,2.61,3.46
1241000,4.56,3.82,5.56,2.63,3.57
1242000,4.71,3.83,5.35,2.56,3.39
1243000,4.71,3.9,5.27,2.64,3.28
1244000,4.48,4.03,4.99,2.56,2.99
1245000,4.55,3.92,5.13,2.6,2.91
1246000,4.83,3.94,5.13,2.35,3.01
1247000,4.52,3.88,4.9,2.42,3.12
1248000,4.31,3.92,4.31,2.29,3.02
1249000,4.22,4.07,4.52,2.2,3.04
1250000,4.33,4.07,4.5,2.06,2.98
1251000,4.22,4.07,4.6,1.91,2.98
1252000,4.28,4.06,4.55,1.76,3.05
1253000,4.41,4.2,4.46,1.69,3.07
1254000,4.31,4.18,4.63,1.83,2.85
1255000,4.33,4.32,4.76,1.67,2.92
1256000,4.42,4.4,4.84,1.79,3.0
1257000,4.65,4.67,4.82,2.06,3.16
1258000,4.65,4.47,4.99,2.06,3.39
1259000,4.72,4.53,5.06,2.25,3.37
1260000,4.89,4.42,5.11,2.34,3.42
1261000,4.92,4.42,5.18,2.48,3.32
1262000,4.93,4.4,5.34,2.5,3.46
1263000,4.8,4.5,5.54,2.7,3.48
1264000,4.59,4.57,5.37,2.78,3.47
1265000,4.79,4.49,5.33,3.02,3.51
1266000,4.95,4.7,5.43,3.03,3.4
1267000,5.0,4.51,5.54,3.0,3.49
1268000,4.9,4.58,5.62,3.22,3.5
1269000,5.0,4.6,5.42,3.14,3.55
1270000,4.86,4.63,5.38,3.01,3.56
1271000,4.87,4.51,5.57,3.12,3.47
1272000,4.79,4.66,5.76,2.93,3.57
1273000,4.63,4.53,5.8,2.89,3.62
1274000,4.48,4.6,5.62,2.98,3.56
1275000,4.43,4.48,5.8,3.03,3.62
1276000,4.21,4.37,5.71,3.08,3.68
1277000,4.11,4.25,5.89,3.18,3.65
1278000,4.02,4.27,5.78,3.03,3.39
1279000,4.05,4.41,5.79,3.02,3.34
1280000,3.96,4.37,5.83,2.81,3.48
1281000,3.7,4.42,5.7,3.06,3.54
1282000,3.86,4.5,5.76,3.13,3.51
1283000,4.06,4.47,5.98,2.97,3.47
1284000,4.16,4.62,5.92,2.89,3.43
1285000,4.32,4.85,6.0,2.96,3.52
1286000,4.33,4.44,5.82,2.98,3.55
1287000,4.08,4.48,6.04,3.11,3.45
1288000,4.0,4.41,5.96,3.03,3.43
1289000,3.89,4.08,5.92,3.04,3.59
1290000,4.02,4.05,6.12,3.04,3.45
1291000,4.23,4.16,6.23,3.08,3.39
1292000,4.3,4.35,6.07,3.2,3.51
1293000,4.6,4.36,6.0,3.02,3.55
1294000,4.44,4.3,6.03,3.17,3.39
1295000,4.47,3.93,6.23,3.17,3.24
1296000,4.54,3.91,6.37,3.33,3.27
1297000,4.77,3.95,6.15,3.4,3.38
1298000,4.75,3.86,5.95,3.47,3.55
1299000,4.59,3.87,6.19,3.52,3.62
1300000,4.51,3.8,6.14,3.34,3.52
1301000,4.5,3.95,6.04,3.18,3.56
1302000,4.43,3.98,6.07,3.1,3.52
1303000,4.49,3.97,6.21,3.15,3.4
1304000,4.8,3.78,5.92,2.99,3.47
1305000,4.82,3.75,6.03,2.98,3.49
1306000,4.87,3.93,6.21,2.88,3.37
1307000,5.14,3.67,6.07,2.82,3.24
1308000,5.06,3.97,6.07,2.72,3.21
1309000,5.25,3.94,6.16,2.64,3.36
1310000,5.33,3.93,6.19,2.73,3.36
1311000,5.27,4.05,6.16,2.49,3.34
1312000,5.5,4.19,5.88,2.7,3.29
1313000,5.71,4.25,6.04,2.7,3.26
1314000,5.91,4.44,5.9,2.76,3.28
1315000,5.76,4.62,5.85,2.69,3.53
1316000,5.73,4.45,5.49,2.75,3.51
1317000,5.71,4.47,5.7,2.82,3.55
1318000,5.7,4.65,5.61,2.71,3.51
1319000,5.87,4.79,5.46,2.8,3.41
1320000,5.85,4.79,5.68,2.8,3.62
1321000,5.89,4.87,5.7,3.03,3.65
1322000,5.64,5.01,5.59,3.07,3.74
1323000,5.66,5.23,5.5,3.07,3.81
1324000,5.63,5.4,5.63,3.2,3.95
1325000,5.53,5.33,5.26,3.05,4.07
1326000,5.36,5.42,5.41,3.13,3.89
1327000,4.87,5.3,5.58,3.13,3.73
1328000,4.57,5.5,5.67,3.1,3.99
1329000,4.22,5.78,5.73,3.02,3.96
1330000,4.25,5.92,5.58,3.12,4.11
1331000,4.18,5.41,5.53,3.14,3.85
1332000,4.14,5.36,5.66,3.33,3.79
1333000,4.13,5.28,5.69,3.46,4.07
1334000,4.01,5.21,5.75,3.45,4.05
1335000,4.15,5.17,5.66,3.4,4.03
1336000,4.14,4.75,5.91,3.46,3.75
1337000,4.45,4.68,5.64,3.41,3.71
1338000,4.48,4.58,5.93,3.39,3.65
1339000,4.34,4.19,6.08,3.58,3.67
1340000,4.23,4.19,5.93,3.51,3.66
1341000,4.33,4.17,5.89,3.55,3.76
1342000,4.37,4.04,6.08,3.65,3.84
1343000,4.48,3.94,6.39,3.75,3.86
1344000,4.77,3.72,6.28,3.75,3.81
1345000,4.87,3.78,6.41,3.92,3.55
1346000,5.16,4.08,6.33,3.71,3.69
1347000,5.21,4.06,6.48,3.73,3.8
1348000,5.52,4.05,6.38,3.73,3.72
1349000,5.62,4.19,6.12,3.75,3.82
1350000,5.59,4.17,6.32,3.8,3.72
1351000,5.52,4.45,6.44,3.94,3.82
1352000,5.74,4.46,6.36,3.78,3.93
1353000,5.6,4.42,6.61,3.96,3.86
1354000,5.55,4.64,6.67,3.85,3.79
1355000,5.37,4.76,6.69,3.93,3.97
1356000,5.44,4.7,6.65,3.91,3.95
1357000,5.69,4.64,6.58,3.76,3.82
1358000,5.58,4.74,6.76,3.78,3.74
1359000,5.75,4.83,6.53,3.55,3.76
1360000,5.84,4.81,6.85,3.69,3.89
1361000,5.8,4.89,7.09,3.42,3.88
1362000,5.63,4.74,6.76,3.6,3.82
1363000,5.6,4.86,6.9,3.61,3.62
1364000,5.64,4.76,7.0,3.51,3.76
1365000,5.6,4.76,7.02,3.37,3.93
1366000,5.78,4.71,7.1,3.21,3.97
1367000,5.79,4.26,7.11,3.14,3.99
1368000,5.59,4.27,7.12,3.23,4.21
1369000,5.53,4.28,7.14,3.31,4.18
1370000,5.52,4.37,7.09,3.3,4.36
1371000,5.38,4.34,7.15,3.27,4.26
1372000,5.27,4.49,7.28,3.39,4.35
1373000,5.31,4.68,7.16,3.53,4.42
1374000,5.39,4.97,7.47,3.5,4.67
1375000,5.18,4.86,7.47,3.5,4.5
1376000,5.63,4.95,7.65,3.74,4.58
1377000,5.48,5.04,7.37,3.55,4.7
1378000,5.71,5.19,7.45,3.35,4.76
1379000,5.63,5.07,7.71,3.38,4.7
1380000,5.62,4.88,7.57,3.47,4.82
1381000,5.42,4.91,7.46,3.52,4.84
1382000,5.49,4.88,7.48,3.81,4.86
1383000,5.04,4.94,7.56,3.9,4.93
1384000,5.08,5.12,7.34,3.72,5.12
1385000,5.02,4.98,7.4,3.74,5.09
1386000,4.98,5.16,7.54,3.6,4.67
1387000,5.04,5.25,7.62,3.38,4.83
1388000,5.09,4.96,7.59,3.31,4.6
1389000,5.38,4.67,7.55,3.03,4.33
1390000,5.48,4.49,7.49,2.87,4.11
1391000,5.04,4.45,7.62,3.07,4.06
1392000,5.36,4.37,7.98,3.03,4.35
1393000,5.37,4.3,7.86,3.14,4.34
1394000,5.01,4.2,7.71,3.26,4.25
1395000,5.13,4.15,7.78,3.09,4.24
1396000,5.17,4.35,7.44,2.87,4.35
1397000,4.8,4.5,7.71,2.97,4.27
1398000,4.85,4.38,7.4,2.94,4.31
1399000,4.95,4.26,7.4,3.03,4.3
1400000,4.96,4.4,7.27,3.13,4.25
1401000,5.17,4.5,7.41,3.3,4.07
1402000,4.91,4.64,6.92,3.48,3.95
1403000,4.93,4.85,6.99,3.72,3.83
1404000,5.11,4.96,6.9,3.8,3.8
1405000,5.09,4.52,6.83,4.09,3.92
1406000,4.7,4.6,6.92,3.99,4.1
1407000,4.61,4.62,6.6,3.87,3.95
1408000,4.74,4.7,6.44,4.11,3.82
1409000,4.9,4.89,6.36,4.19,3.82
1410000,4.64,4.92,6.07,4.14,3.79
1411000,4.72,5.05,6.05,4.45,3.77
1412000,4.74,4.86,6.2,4.5,3.86
1413000,4.55,5.1,5.78,4.53,3.83
1414000,4.63,5.08,6.0,4.49,3.95
1415000,4.55,5.31,5.91,4.57,3.99
1416000,4.28,5.3,5.77,4.66,3.93
1417000,4.19,5.37,5.95,4.71,3.94
1418000,4.21,5.24,5.69,4.74,4.01
1419000,4.4,5.3,5.93,4.65,4.13
1420000,4.15,5.33,5.81,4.66,4.21
1421000,3.98,5.16,5.56,4.41,4.42
1422000,4.13,5.32,5.77,4.45,4.09
1423000,4.32,5.36,5.91,4.64,4.22
1424000,4.03,5.65,6.08,4.81,4.59
1425000,4.05,5.66,6.31,4.87,4.66
1426000,4.14,5.62,6.26,4.57,4.67
1427000,4.08,5.79,6.43,4.12,4.39
1428000,4.11,5.96,6.62,3.95,4.37
1429000,4.25,5.76,6.61,3.99,4.34
1430000,4.43,5.79,6.66,3.94,4.19
1431000,4.47,5.84,6.57,3.74,4.16
1432000,4.56,5.73,6.8,3.82,4.33
1433000,4.81,5.47,7.04,3.82,4.27
1434000,4.78,5.52,6.91,3.82,4.23
1435000,4.8,5.41,7.03,3.91,4.18
1436000,4.81,5.48,7.27,3.78,4.33
1437000,5.02,5.64,7.35,3.79,4.22
1438000,5.21,5.85,7.56,3.49,4.24
1439000,5.32,5.92,7.65,3.49,4.31
1440000,4.91,5.89,7.9,3.58,4.0
1441000,5.02,5.96,8.05,3.73,3.92
1442000,5.07,5.69,7.74,3.79,3.97
1443000,4.96,5.83,7.73,3.95,4.01
1444000,5.1,5.55,7.61,4.16,4.14
1445000,4.89,5.53,7.57,4.11,4.36
1446000,4.98,5.59,7.75,4.15,4.45
1447000,4.8,5.66,8.06,4.19,4.37
1448000,4.87,5.6,7.65,3.97,4.41
1449000,4.92,5.49,7.45,3.94,4.36
1450000,4.99,5.35,7.33,3.95,4.42
1451000,4.98,5.27,7.41,4.06,4.71
1452000,5.17,5.59,7.66,3.92,4.65
1453000,4.98,5.56,7.36,4.08,4.71
1454000,5.17,5.79,7.44,4.09,4.48
1455000,5.15,5.77,7.52,4.13,4.41
1456000,5.37,5.91,7.44,4.04,4.44
1457000,5.41,5.77,7.44,4.15,4.61
1458000,5.84,5.65,7.54,3.98,4.76
1459000,5.88,5.77,7.44,3.78,4.86
1460000,6.12,5.92,7.57,3.88,4.88
1461000,6.2,5.63,7.73,3.75,4.91
1462000,6.3,5.74,7.7,3.82,4.98
1463000,6.28,5.59,7.31,3.93,4.98
1464000,5.98,5.8,7.5,4.19,4.74
1465000,6.24,5.78,7.66,4.39,4.63
1466000,6.28,5.49,7.88,4.26,4.75
1467000,6.28,5.56,7.84,4.38,4.59
1468000,6.41,5.78,8.12,4.42,4.77
1469000,6.63,5.8,7.96,4.58,4.88
1470000,6.33,6.1,8.4,4.63,4.84
1471000,6.19,6.31,8.1,4.66,4.73
1472000,6.11,5.97,8.36,4.78,5.1
1473000,6.32,6.28,8.53,4.78,5.16
1474000,6.34,6.08,8.83,4.48,5.32
1475000,6.24,5.98,8.99,4.55,5.15
1476000,6.07,5.76,8.87,4.74,5.08
1477000,5.75,5.57,8.97,4.89,4.79
1478000,5.69,5.8,9.13,5.07,4.8
1479000,5.85,5.49,9.18,5.07,4.84
1480000,5.95,5.52,9.0,5.14,4.8
1481000,6.04,5.26,9.19,5.15,4.8
1482000,6.23,5.27,9.44,5.05,4.87
1483000,6.35,5.13,9.21,4.7,4.81
1484000,6.1,5.21,9.47,4.4,4.9
1485000,5.86,5.29,8.97,4.29,5.03
1486000,5.91,5.6,8.96,4.08,5.11
1487000,6.11,5.67,8.49,4.41,5.13
1488000,5.88,5.47,8.4,4.65,4.93
1489000,6.04,5.58,8.46,4.56,4.52
1490000,6.06,5.26,8.25,4.67,4.66
1491000,6.16,5.41,8.2,4.8,4.31
1492000,5.97,5.43,8.15,4.83,4.24
1493000,6.03,5.42,7.86,4.91,4.4
1494000,5.88,5.4,7.66,4.95,4.48
1495000,5.89,5.58,7.81,4.84,4.59
1496000,5.92,5.61,7.45,4.87,4.54
1497000,5.95,5.84,7.19,5.05,4.34
1498000,6.04,5.71,6.99,4.95,4.37
1499000,5.98,5.79,7.16,5.19,4.39
1500000,5.67,5.65,7.4,5.34,4.48
1501000,5.89,5.85,7.27,5.46,4.4
1502000,5.76,6.1,6.92,5.58,4.26
1503000,5.76,6.43,6.82,5.67,4.12
1504000,5.76,6.36,6.78,5.78,4.25
1505000,6.04,6.58,6.51,6.0,4.37
1506000,5.76,6.51,6.28,5.81,4.32
1507000,5.97,6.64,6.61,5.61,4.41
1508000,5.87,6.21,6.7,5.55,4.5
1509000,5.86,6.47,6.85,5.54,4.45
1510000,6.15,6.4,6.77,5.45,4.36
1511000,6.28,6.26,6.91,5.53,4.2
1512000,6.33,6.09,6.84,5.29,4.23
1513000,6.31,6.09,7.1,5.04,4.62
1514000,6.25,5.9,7.18,5.08,4.58
1515000,6.07,5.93,7.31,5.09,4.67
1516000,6.18,6.07,7.65,4.79,4.45
1517000,5.96,6.09,7.77,4.7,4.55
1518000,5.92,5.96,7.86,4.84,4.54
1519000,5.73,5.84,8.0,4.85,4.46
1520000,5.97,5.99,7.56,4.58,4.51
1521000,5.82,5.76,7.57,4.48,4.37
1522000,5.85,5.9,7.56,4.51,4.29
1523000,5.96,5.74,7.22,4.45,4.32
1524000,5.79,5.8,7.46,4.28,4.46
1525000,5.68,5.87,7.65,4.48,4.49
1526000,5.48,5.76,7.84,4.44,4.61
1527000,5.87,5.54,8.01,4.34,4.66
1528000,5.83,5.72,8.03,4.64,4.72
1529000,5.69,5.9,8.48,4.86,4.73
1530000,5.93,5.8,8.51,4.79,4.48
1531000,5.84,5.84,8.64,5.01,4.48
1532000,5.88,6.17,8.74,4.86,4.64
1533000,5.96,6.28,8.67,4.81,4.74
1534000,5.86,6.41,8.57,5.03,4.7
1535000,5.73,6.35,8.91,5.04,4.69
1536000,5.78,6.33,8.67,5.23,4.71
1537000,6.09,6.14,8.88,5.09,4.76
1538000,5.97,6.16,8.86,5.33,4.89
1539000,5.77,6.2,8.69,5.23,4.81
1540000,6.07,6.48,8.64,5.14,4.82
1541000,6.11,6.54,8.48,5.12,5.12
1542000,6.3,6.65,8.66,5.05,5.11
1543000,6.24,6.91,8.71,5.17,4.74
1544000,6.35,6.97,8.91,5.21,4.88
1545000,6.33,7.18,8.86,4.77,5.21
1546000,6.71,6.99,8.93,4.65,5.22
1547000,6.46,7.04,9.14,4.76,4.95
1548000,6.25,6.99,9.22,4.78,5.08
1549000,5.82,6.77,9.19,4.63,5.26
1550000,6.04,6.95,9.2,4.69,5.12
1551000,5.96,6.78,9.67,4.68,5.28
1552000,5.86,6.94,9.77,4.75,5.41
1553000,6.07,6.94,10.08,4.7,5.6
1554000,6.2,6.73,9.64,4.93,5.71
1555000,6.18,6.81,9.51,4.92,5.65
1556000,5.96,6.74,9.73,4.93,5.51
1557000,5.81,6.72,9.33,5.01,5.68
1558000,6.16,6.8,9.49,4.8,5.63
1559000,6.15,6.93,9.72,4.76,5.6
1560000,5.88,6.99,9.21,4.69,5.84
1561000,6.1,7.01,8.75,4.76,5.49
1562000,6.21,7.01,8.87,4.7,5.69
1563000,6.3,7.12,8.4,4.87,5.86
1564000,6.22,6.97,8.47,4.88,6.04
1565000,6.06,6.85,8.68,4.88,5.87
1566000,6.01,7.07,8.61,5.01,5.91
1567000,6.17,6.92,8.66,5.09,6.21
1568000,6.22,6.98,8.77,5.24,6.12
1569000,6.46,6.9,8.59,5.13,5.97
1570000,6.64,6.71,8.8,4.86,6.03
1571000,6.45,6.84,8.79,4.64,6.24
1572000,6.52,6.79,8.68,4.54,5.86
1573000,6.64,6.75,8.84,4.74,5.82
1574000,6.4,6.54,8.88,4.53,5.73
1575000,6.43,6.35,8.59,4.66,5.7
1576000,6.35,6.7,8.72,5.06,5.88
1577000,6.53,6.75,8.53,4.97,5.95
1578000,6.37,6.49,8.97,4.85,5.76
1579000,6.4,6.32,8.64,5.03,5.63
1580000,6.48,6.16,8.74,4.85,5.79
1581000,6.61,5.98,8.83,4.79,5.92
1582000,6.55,5.91,8.99,4.54,5.75
1583000,6.48,6.01,8.85,4.58,5.43
1584000,6.33,5.67,9.05,4.68,5.29
1585000,6.26,5.91,8.72,4.58,5.07
1586000,6.15,5.82,9.06,4.66,5.01
1587000,6.05,5.88,9.21,4.58,5.23
1588000,6.17,5.95,9.17,4.82,5.32
1589000,5.93,6.11,9.16,4.78,5.15
1590000,5.76,5.96,9.44,4.98,5.18
1591000,5.94,6.08,9.64,4.78,5.35
1592000,5.97,6.11,9.51,4.89,5.4
1593000,5.91,6.27,9.2,4.99,5.39
1594000,5.85,6.4,9.35,5.13,5.46
1595000,5.92,6.65,9.2,4.93,5.56
1596000,6.09,6.48,9.22,4.96,5.36
1597000,6.19,6.35,9.04,5.3,5.42
1598000,6.23,6.55,9.17,5.15,5.49
1599000,6.4,6.56,9.11,5.43,5.69
1600000,6.18,6.79,9.12,5.36,5.68
1601000,6.15,6.87,9.15,5.45,5.74
1602000,6.22,6.62,9.24,5.41,5.74
1603000,6.24,6.51,9.27,5.5,5.84
1604000,6.41,6.62,9.24,5.56,5.87
1605000,6.45,6.28,8.74,5.48,6.02
1606000,6.41,6.17,8.96,5.66,6.13
1607000,6.23,6.15,8.92,5.68,6.28
1608000,6.0,6.29,8.56,5.65,5.92
1609000,6.28,6.25,8.61,5.72,6.0
1610000,6.34,6.15,8.77,5.82,6.06
1611000,6.09,6.16,8.61,5.54,6.21
1612000,6.42,6.29,8.38,5.28,6.39
1613000,6.26,6.1,8.43,5.35,6.23
1614000,6.18,6.16,8.45,5.21,6.1
1615000,6.04,6.22,8.1,5.38,6.16
1616000,6.06,6.1,8.41,5.16,6.14
1617000,6.06,6.31,8.47,5.37,6.18
1618000,6.04,6.45,8.54,5.5,6.27
1619000,5.79,6.43,8.38,5.42,6.3
1620000,5.99,6.53,8.51,5.09,6.12
1621000,6.0,6.78,8.74,5.14,6.14
1622000,5.92,6.69,8.4,5.23,5.86
1623000,5.67,6.9,8.83,5.43,6.0
1624000,5.75,6.98,8.91,5.27,6.17
1625000,6.18,7.01,8.67,5.17,6.11
1626000,6.19,7.1,8.59,5.15,6.38
1627000,6.14,7.22,8.77,5.17,6.57
1628000,6.41,7.12,8.72,5.1,6.45
1629000,6.52,7.17,8.92,5.18,6.34
1630000,6.76,7.39,8.76,5.48,6.27
1631000,6.7,7.26,9.04,5.64,6.42
1632000,6.58,7.45,9.2,5.44,6.12
1633000,6.71,7.52,9.15,5.67,5.86
1634000,6.56,7.48,9.19,5.47,6.07
1635000,6.67,7.6,9.1,5.63,6.23
1636000,6.73,7.44,9.26,5.71,6.06
1637000,7.04,7.75,9.29,5.46,5.97
1638000,7.29,7.65,9.4,5.53,5.98
1639000,7.5,7.74,9.26,5.65,5.82
1640000,7.45,7.7,9.37,5.81,5.8
1641000,7.58,7.73,9.63,5.93,5.81
1642000,7.5,7.97,9.69,5.97,5.88
1643000,7.59,8.16,9.98,5.78,5.96
1644000,7.35,8.14,9.85,5.9,5.9
1645000,7.25,7.82,9.9,5.71,6.0
1646000,7.23,7.84,9.63,5.67,5.88
1647000,7.18,7.83,9.82,5.86,5.66
1648000,6.99,7.89,9.91,5.83,5.78
1649000,7.04,7.92,9.86,6.04,5.76
1650000,7.2,7.49,9.45,5.92,6.06
1651000,7.08,7.43,8.86,6.23,6.05
1652000,7.02,7.52,8.72,6.03,5.92
1653000,6.78,7.48,9.04,6.1,6.09
1654000,6.82,7.5,8.86,6.04,6.13
1655000,7.01,7.35,9.02,6.2,5.82
1656000,6.87,7.42,9.11,6.21,5.98
1657000,6.97,7.45,9.15,6.17,6.16
1658000,7.06,7.48,9.32,6.08,6.1
1659000,6.78,7.43,9.02,5.62,6.26
1660000,6.66,7.19,8.66,5.63,6.4
1661000,6.63,7.07,8.44,5.59,6.51
1662000,6.36,6.69,8.81,5.35,6.75
1663000,6.42,6.12,8.52,5.55,6.53
1664000,6.48,6.25,8.31,5.48,6.46
1665000,6.71,6.51,8.35,5.66,6.71
1666000,6.76,6.48,8.73,5.41,6.37
1667000,6.81,6.63,8.42,5.5,6.34
1668000,7.0,6.69,8.49,5.5,6.46
1669000,7.06,6.85,8.97,5.7,6.31
1670000,7.01,6.76,8.67,5.41,6.61
1671000,6.69,6.99,8.79,5.36,6.78
1672000,6.86,7.11,8.99,5.2,6.76
1673000,7.14,7.24,8.65,5.11,7.04
1674000,7.26,7.23,8.39,5.27,7.06
1675000,7.33,7.24,8.27,5.26,7.17
1676000,7.46,6.99,8.51,5.35,7.42
1677000,7.46,7.17,8.69,5.34,7.43
1678000,7.54,7.25,8.87,5.55,7.48
1679000,7.76,7.33,9.12,5.58,7.16
1680000,7.52,7.54,9.3,5.64,7.04
1681000,7.49,7.71,9.62,5.66,7.22
1682000,7.64,7.58,9.68,5.73,7.17
1683000,7.65,7.63,9.93,5.8,7.01
1684000,7.61,7.73,10.01,5.94,6.98
1685000,7.59,7.72,10.01,5.74,6.95
1686000,7.56,7.81,10.32,5.67,6.72
1687000,7.48,8.0,10.36,5.65,6.61
1688000,7.4,7.74,10.34,5.56,6.73
1689000,7.36,7.62,10.49,5.71,6.82
1690000,7.36,7.52,10.95,5.74,6.74
1691000,7.47,7.34,11.13,5.76,6.96
1692000,7.44,7.53,11.23,5.32,6.72
1693000,7.35,7.3,10.78,5.28,6.58
1694000,7.15,7.15,10.83,5.19,6.3
1695000,6.61,7.44,11.34,5.32,6.0
1696000,6.63,7.36,11.49,5.45,5.82
1697000,6.82,7.52,11.54,5.29,6.03
1698000,6.91,7.36,11.29,5.04,5.82
1699000,6.92,7.34,11.24,4.75,6.0
1700000,7.27,7.42,11.04,4.66,6.22
1701000,6.89,7.44,11.31,4.6,6.5
1702000,7.04,6.97,11.08,4.71,6.23
1703000,7.12,6.97,11.3,4.89,6.34
1704000,6.66,6.76,11.28,4.76,6.53
1705000,6.94,6.9,11.55,4.68,6.01
1706000,7.19,6.99,11.65,4.54,6.17
1707000,7.14,6.9,11.98,4.49,6.4
1708000,7.11,7.12,12.18,4.84,6.51
1709000,7.23,7.21,11.8,4.95,6.35
1710000,7.2,7.24,11.71,5.02,6.55
1711000,7.27,7.54,11.58,4.93,6.33
1712000,7.48,7.51,11.2,4.73,6.55
1713000,6.92,7.25,11.55,4.69,6.4
1714000,7.01,7.42,11.54,4.71,6.12
1715000,7.16,7.62,11.6,4.68,6.13
1716000,7.34,7.7,11.64,4.94,6.42
1717000,7.25,7.63,11.23,4.9,6.27
1718000,7.43,7.89,10.72,5.06,6.4
1719000,7.19,7.56,10.98,5.27,6.39
1720000,7.1,7.33,10.74,5.12,6.36
1721000,7.36,7.63,10.83,5.12,6.42
1722000,7.53,7.68,9.91,4.92,6.48
1723000,7.39,7.85,10.24,5.07,6.5
1724000,7.14,7.94,10.23,5.47,6.71
1725000,7.24,7.91,10.61,5.43,6.6
1726000,7.54,8.27,10.26,5.46,6.56
1727000,7.82,8.41,10.73,5.28,6.72
1728000,7.14,8.41,10.44,5.39,6.84
1729000,7.26,8.52,10.65,5.66,6.92
1730000,7.34,8.69,10.71,5.86,6.67
1731000,7.1,8.84,10.82,5.94,6.88
1732000,7.24,8.73,10.98,6.07,7.08
1733000,7.36,8.48,10.36,6.26,7.04
1734000,7.44,8.37,10.43,6.23,6.93
1735000,7.27,8.32,10.39,6.42,6.9
1736000,7.44,8.36,10.08,6.48,7.21
1737000,7.54,8.15,10.24,6.66,7.26
1738000,7.36,8.25,10.33,6.58,7.15
1739000,7.3,8.11,10.18,6.43,7.42
1740000,7.55,7.83,10.37,6.22,7.45
1741000,7.54,7.37,10.43,6.42,7.44
1742000,7.72,7.39,10.14,6.64,7.26
1743000,7.8,7.47,10.02,6.74,7.2
1744000,8.1,7.59,9.96,7.07,7.04
1745000,7.95,7.46,10.1,7.12,6.89
1746000,7.57,7.47,10.16,6.76,6.85
1747000,7.88,7.32,10.32,6.84,6.55
1748000,8.03,7.32,10.45,6.9,6.69
1749000,8.05,6.62,10.11,7.04,6.65
1750000,7.69,6.7,10.34,7.25,6.31
1751000,7.57,6.96,10.37,6.83,6.17
1752000,7.77,6.89,10.66,6.9,6.36
1753000,7.75,6.49,10.95,6.55,6.35
1754000,7.81,6.49,10.59,6.65,6.16
1755000,7.88,6.64,10.69,7.04,6.28
1756000,7.9,6.38,10.72,7.1,6.38
1757000,7.77,6.03,10.77,7.09,6.34
1758000,7.74,6.33,10.79,7.27,6.26
1759000,7.87,6.19,10.91,7.33,6.44
1760000,7.92,6.17,11.35,7.03,6.55
1761000,7.96,6.03,11.15,7.15,6.56
1762000,8.01,6.19,11.17,7.15,6.34
1763000,8.08,5.98,10.9,6.78,6.41
1764000,8.11,6.02,10.88,6.86,6.45
1765000,8.35,6.16,10.75,6.93,6.6
1766000,8.48,6.27,11.14,6.84,6.59
1767000,8.3,6.56,11.21,6.73,6.51
1768000,8.21,6.18,10.96,6.72,6.5
1769000,8.13,6.23,10.94,6.81,6.52
1770000,8.02,6.45,11.24,6.84,6.63
1771000,7.74,6.63,11.08,7.14,6.65
1772000,7.75,6.33,10.77,7.39,6.87
1773000,7.76,6.6,11.07,7.08,6.77
1774000,8.05,6.6,11.25,7.23,6.91
1775000,8.2,6.83,11.49,6.99,6.95
1776000,8.35,7.09,11.75,7.15,7.0
1777000,8.35,7.43,11.74,7.37,7.0
1778000,8.21,7.45,11.58,7.24,6.74
1779000,8.33,7.61,11.37,7.23,6.8
1780000,8.35,7.71,11.48,7.31,6.88
1781000,8.46,7.22,11.47,7.26,6.67
1782000,8.41,7.51,11.89,7.15,6.63
1783000,8.43,7.72,12.03,7.21,6.6
1784000,8.38,7.81,11.69,7.43,6.55
1785000,8.02,8.03,11.48,7.32,6.38
1786000,7.94,8.04,11.32,7.36,6.82
1787000,8.13,8.37,11.4,7.54,6.96
1788000,7.92,8.44,11.37,7.42,6.97
1789000,7.65,8.36,10.92,7.19,6.9
1790000,7.29,7.87,10.92,7.24,7.14
1791000,7.29,7.96,10.82,7.51,6.68
1792000,7.38,8.19,10.79,7.32,6.84
1793000,7.45,7.84,10.88,7.61,6.86
1794000,7.51,7.84,11.18,6.92,6.71
1795000,7.58,7.93,10.94,6.86,6.93
1796000,7.59,8.1,11.09,7.03,7.09
1797000,7.45,8.27,11.32,7.28,6.65
1798000,7.33,8.34,11.04,7.59,6.44
1799000,7.06,8.1,10.9,7.82,6.58
1800000,7.12,7.55,11.12,7.74,6.55
1801000,7.3,7.55,11.43,7.53,6.73
1802000,7.13,7.27,11.2,7.55,6.61
1803000,7.07,7.44,11.25,7.53,6.56
1804000,7.39,7.74,10.88,7.44,6.82
1805000,7.12,7.57,10.68,7.5,6.69
1806000,7.04,7.43,10.64,7.67,6.53
1807000,7.22,7.59,10.58,7.78,6.09
1808000,7.46,7.9,10.5,7.61,5.99
1809000,7.7,7.68,10.54,7.74,6.12
1810000,7.89,7.45,10.81,8.0,6.25
1811000,8.22,7.22,10.74,8.16,6.23
1812000,7.94,7.34,10.3,8.36,6.31
1813000,7.87,7.54,10.3,8.3,6.34
1814000,8.33,7.62,10.29,8.25,6.37
1815000,8.44,7.32,10.59,7.81,6.31
1816000,8.67,7.67,10.77,7.65,6.64
1817000,8.84,7.97,11.14,7.38,6.86
1818000,8.68,7.43,11.19,7.5,6.7
1819000,8.73,7.49,10.93,7.51,6.46
1820000,8.69,7.46,11.06,6.91,6.66
1821000,8.99,7.61,10.61,6.75,6.86
1822000,9.03,7.76,10.37,6.82,6.84
1823000,8.7,7.61,10.49,6.69,6.95
1824000,8.93,7.71,10.3,6.73,7.0
1825000,8.92,7.83,10.52,6.78,6.52
1826000,9.2,7.78,10.92,6.95,6.57
1827000,9.04,7.87,10.9,6.78,6.71
1828000,9.21,7.8,11.32,6.85,6.78
1829000,8.75,7.6,11.07,6.42,6.87
1830000,8.87,7.89,11.24,6.29,7.06
1831000,9.03,7.94,11.25,6.34,6.98
1832000,8.83,7.74,11.21,6.08,7.11
1833000,8.71,7.73,11.19,5.75,6.75
1834000,8.51,8.01,11.51,5.64,6.83
1835000,8.52,8.2,11.5,5.82,6.88
1836000,8.42,8.06,11.74,6.02,7.01
1837000,8.54,7.98,12.07,6.08,7.13
1838000,8.07,8.1,12.21,6.17,6.76
1839000,8.33,8.29,12.16,6.28,6.69
1840000,8.03,8.1,12.24,6.31,6.75
1841000,8.02,7.81,12.06,6.26,6.83
1842000,8.14,7.75,11.8,6.33,6.88
1843000,8.07,7.65,11.6,6.35,6.94
1844000,7.73,7.02,11.51,6.39,6.65
1845000,7.71,7.03,11.51,6.62,6.58
1846000,7.69,6.91,11.49,6.71,6.77
1847000,7.34,6.97,11.27,6.83,6.75
1848000,7.44,6.97,11.14,6.72,6.81
1849000,7.42,7.15,10.97,6.96,6.97
1850000,7.42,7.21,11.17,6.93,7.26
1851000,7.55,6.93,11.53,6.99,7.25
1852000,7.6,7.35,11.58,7.13,7.27
1853000,7.66,7.18,11.68,7.08,7.21
1854000,7.58,7.15,11.77,7.29,7.12
1855000,7.72,6.92,11.85,7.38,7.15
1856000,7.99,6.64,11.89,7.56,7.38
1857000,8.17,6.52,12.11,7.92,7.52
1858000,8.32,6.52,11.46,7.87,7.39
1859000,8.11,6.71,11.74,7.97,7.31
1860000,8.06,6.85,11.42,8.41,7.39
1861000,7.84,6.78,11.5,8.19,7.39
1862000,7.95,7.02,11.13,8.24,7.48
1863000,8.25,7.0,11.32,8.27,7.67
1864000,8.0,7.01,11.28,8.38,7.79
1865000,8.29,6.93,11.35,8.36,7.86
1866000,8.29,7.26,11.08,8.23,7.69
1867000,8.56,7.49,11.08,8.4,7.43
1868000,8.31,7.76,10.84,7.93,7.76
1869000,8.18,7.89,10.64,7.76,7.85
1870000,8.33,7.88,10.78,7.87,7.62
1871000,8.43,7.87,10.82,7.94,7.68
1872000,8.54,7.93,11.1,7.67,7.71
1873000,8.33,7.73,11.24,7.27,8.18
1874000,8.18,7.93,11.57,7.35,7.94
1875000,8.21,7.7,11.52,7.3,8.03
1876000,8.35,7.61,11.71,7.45,8.04
1877000,8.56,7.85,11.46,7.48,7.52
1878000,8.58,8.15,11.62,7.3,7.49
1879000,8.68,8.2,11.29,7.41,7.44
1880000,8.3,8.48,11.45,7.18,7.52
1881000,8.3,8.47,11.71,7.12,7.54
1882000,8.38,8.57,11.66,7.11,7.44
1883000,8.77,8.67,11.82,6.65,7.51
1884000,8.79,8.48,11.52,6.85,7.22
1885000,8.84,8.2,11.78,7.04,7.45
1886000,9.02,8.12,11.9,6.87,7.43
1887000,8.78,8.21,12.06,7.08,7.12
1888000,8.79,8.35,12.18,6.85,7.02
1889000,8.76,8.34,12.3,6.79,7.12
1890000,8.56,8.48,11.94,7.01,7.4
1891000,8.55,8.72,12.01,7.08,7.34
1892000,8.52,8.35,11.99,7.28,7.53
1893000,8.55,8.06,12.21,7.24,7.59
1894000,8.82,8.18,12.44,7.22,7.56
1895000,8.92,8.36,12.44,7.44,7.87
1896000,8.92,8.26,12.56,7.69,7.83
1897000,9.17,8.25,12.61,7.76,8.02
1898000,9.44,8.23,12.51,7.91,7.73
1899000,9.42,8.26,12.55,8.2,7.46
1900000,9.38,8.58,12.25,8.09,7.45
1901000,9.47,8.69,12.35,8.18,7.44
1902000,9.6,8.78,12.39,8.17,7.69
1903000,9.57,8.63,12.79,8.13,7.92
1904000,9.53,7.92,12.98,8.04,7.98
1905000,9.45,7.89,13.23,8.06,7.85
1906000,9.46,7.51,13.03,8.07,8.04
1907000,9.32,7.51,12.55,8.01,7.97
1908000,9.25,7.52,12.82,7.85,8.05
1909000,8.94,7.74,12.8,8.15,8.01
1910000,9.01,8.1,12.86,8.11,7.86
1911000,8.65,8.23,12.79,8.33,7.72
1912000,8.69,8.01,12.82,8.45,7.81
1913000,8.68,8.12,12.7,8.66,7.66
1914000,8.63,8.15,13.01,8.64,7.35
1915000,8.71,7.58,13.19,8.88,7.4
1916000,8.95,7.7,12.81,8.83,6.94
1917000,8.94,7.78,12.9,8.95,6.57
1918000,8.57,8.04,12.53,8.74,6.63
1919000,8.95,7.98,12.82,8.75,6.84
1920000,8.69,7.92,12.51,8.75,6.8
1921000,8.7,7.81,12.49,9.01,6.75
1922000,8.56,7.94,12.37,8.42,7.07
1923000,8.46,7.71,12.56,8.35,7.26
1924000,8.48,7.53,12.58,8.2,7.24
1925000,8.37,7.73,12.74,7.91,6.92
1926000,8.54,7.85,12.89,8.09,6.84
1927000,8.56,7.86,12.3,8.02,6.86
1928000,8.23,7.95,12.44,8.07,6.97
1929000,8.19,8.12,12.62,7.79,7.08
1930000,8.08,8.38,12.22,7.95,6.95
1931000,8.16,8.36,12.6,7.93,7.02
1932000,8.6,8.63,12.22,7.92,6.91
1933000,8.66,8.68,12.05,7.74,6.97
1934000,8.92,8.84,11.76,7.89,7.13
1935000,9.28,8.26,11.22,7.62,7.07
1936000,9.4,8.47,11.27,7.54,7.25
1937000,9.57,8.36,11.37,7.4,7.37
1938000,9.62,8.23,11.22,7.22,7.57
1939000,10.04,8.07,11.52,7.57,7.69
1940000,9.64,8.15,11.32,7.75,7.88
1941000,9.55,8.53,11.5,7.65,7.76
1942000,9.42,8.75,11.47,7.7,7.83
1943000,9.56,8.72,11.2,7.74,7.65
1944000,9.5,8.72,11.38,7.4,7.42
1945000,9.63,8.7,11.56,7.56,7.24
1946000,9.22,8.43,11.06,8.15,7.1
1947000,9.47,8.47,11.19,8.39,7.14
1948000,9.32,8.68,11.22,8.04,7.25
1949000,9.45,8.75,11.32,8.14,7.54
1950000,9.48,8.95,10.71,8.26,7.41
1951000,9.65,8.59,11.07,8.37,7.54
1952000,9.88,8.59,10.78,8.55,7.41
1953000,9.57,8.29,10.47,8.75,7.44
1954000,9.52,7.97,10.8,8.69,7.66
1955000,9.91,8.13,11.02,8.81,7.76
1956000,9.98,8.37,11.07,8.71,7.74
1957000,9.77,8.24,10.93,8.94,7.54
1958000,9.8,8.35,11.03,9.05,7.67
1959000,9.81,8.22,10.6,9.07,7.59
1960000,9.84,8.51,10.76,9.17,7.44
1961000,10.0,8.83,10.87,9.32,7.42
1962000,10.31,8.77,10.4,9.28,7.67
1963000,10.17,8.8,10.49,9.22,7.38
1964000,10.08,8.95,10.61,9.16,7.37
1965000,9.74,8.78,11.01,9.44,7.38
1966000,9.52,8.41,11.37,9.26,7.35
1967000,9.66,8.37,11.72,9.2,7.03
1968000,9.89,8.26,11.84,9.0,7.29
1969000,9.86,8.3,12.07,9.15,7.33
1970000,9.91,8.7,11.59,9.2,7.24
1971000,9.96,8.74,11.51,9.25,7.41
1972000,9.93,8.99,11.9,9.3,7.31
1973000,10.09,8.82,11.42,9.02,7.62
1974000,10.1,8.92,11.54,9.03,7.54
1975000,10.45,8.8,11.58,9.35,7.5
1976000,10.11,9.11,11.75,9.58,7.73
1977000,10.18,9.4,11.63,9.58,7.57
1978000,10.24,9.61,11.89,9.1,7.36
1979000,10.03,9.62,12.13,8.9,7.06
1980000,9.92,9.9,12.41,8.78,7.29
1981000,9.88,10.09,12.56,9.0,7.15
1982000,10.22,10.34,12.38,9.15,7.33
1983000,10.03,10.28,12.24,8.82,7.21
1984000,10.1,10.39,12.66,8.35,7.43
1985000,9.94,10.14,12.99,8.53,7.18
1986000,9.94,10.19,12.79,8.51,7.12
1987000,9.75,10.41,12.96,8.6,7.23
1988000,9.63,10.34,13.19,8.23,7.39
1989000,9.59,9.92,12.84,7.97,7.38
1990000,9.33,10.04,13.21,7.72,7.63
1991000,9.14,10.26,13.25,7.78,8.1
1992000,9.24,10.34,13.07,7.58,8.26
1993000,9.54,10.21,13.37,7.57,8.34
1994000,9.51,10.34,13.47,7.56,8.14
1995000,9.53,10.52,13.71,7.46,8.19
1996000,9.53,10.22,13.81,7.62,8.1
1997000,8.94,10.58,14.03,7.86,7.83
1998000,9.0,10.45,14.06,7.45,8.04
1999000,9.19,10.77,14.04,7.32,8.24
2000000,8.97,10.58,14.42,7.45,8.63
2001000,9.13,10.79,14.17,7.49,8.68
2002000,8.95,10.49,13.9,7.38,8.67
2003000,9.37,10.49,13.93,7.51,8.52
2004000,9.34,10.52,14.15,7.59,8.68
2005000,9.19,10.4,13.9,7.83,9.0
2006000,9.31,10.36,13.52,7.76,9.21
2007000,9.46,10.52,13.63,7.81,9.13
2008000,9.55,10.74,13.33,8.06,9.27
2009000,9.58,10.61,13.34,8.23,8.93
2010000,9.43,10.4,13.03,8.24,8.96
2011000,9.34,10.57,13.14,7.98,9.21
2012000,9.46,10.14,13.3,8.2,9.16
2013000,9.74,10.2,13.18,8.22,9.35
2014000,9.73,10.37,13.22,8.32,9.44
2015000,9.76,10.72,13.32,8.55,9.6
2016000,9.81,10.61,12.65,8.6,9.59
2017000,9.76,10.59,12.89,8.68,9.56
2018000,9.69,10.56,12.83,8.67,9.65
2019000,9.82,10.48,12.93,8.97,9.48
2020000,9.85,10.19,12.82,9.13,9.61
2021000,9.58,10.08,12.7,9.19,9.43
2022000,9.65,9.74,12.81,8.89,9.37
2023000,9.79,9.51,12.5,8.77,9.54
2024000,9.76,9.63,12.46,8.92,9.76
2025000,9.89,9.55,12.39,8.88,10.16
2026000,10.18,8.89,12.25,8.62,9.65
2027000,10.45,9.06,12.4,8.93,9.67
2028000,10.2,8.8,12.1,9.19,8.88
2029000,10.16,8.81,12.03,9.12,8.65
2030000,10.09,9.04,12.23,9.18,8.68
2031000,10.17,8.92,11.97,9.39,8.78
2032000,9.91,9.11,11.77,9.22,8.98
2033000,10.22,8.35,11.87,9.23,8.56
2034000,10.49,8.16,12.12,9.59,8.53
2035000,10.69,8.45,12.05,9.22,8.75
2036000,10.72,8.26,12.19,9.04,8.86
2037000,10.62,8.32,12.4,9.04,9.07
2038000,10.39,8.44,12.41,9.12,9.25
2039000,10.72,8.48,12.37,9.57,9.35
2040000,10.4,8.05,12.55,9.89,9.45
2041000,10.43,8.06,12.71,10.02,9.48
2042000,10.73,8.22,12.8,10.16,9.4
2043000,10.27,8.18,12.27,10.39,9.51
2044000,10.2,8.44,12.23,10.22,9.22
2045000,9.86,8.26,12.6,10.53,9.55
2046000,9.83,8.51,12.84,10.24,9.91
2047000,9.77,8.77,12.74,10.4,9.74
2048000,9.81,8.86,12.74,10.33,9.7
2049000,9.96,9.21,12.76,9.77,9.37
2050000,9.8,9.48,12.47,9.73,9.19
2051000,9.8,9.53,12.68,9.58,9.19
2052000,9.84,9.4,12.54,9.84,9.13
2053000,9.81,9.45,12.29,9.67,8.9
2054000,9.71,9.69,12.28,9.95,9.18
2055000,9.54,9.68,12.24,10.13,9.22
2056000,9.61,9.75,12.46,10.24,9.48
2057000,9.86,9.73,12.41,10.22,9.75
2058000,9.94,9.82,12.38,10.19,9.98
2059000,9.89,9.63,12.11,10.49,10.01
2060000,9.87,9.36,12.11,10.62,9.9
2061000,9.31,9.31,12.59,9.99,10.03
2062000,8.81,9.01,12.62,9.97,10.01
2063000,9.07,9.3,12.4,9.65,9.77
2064000,9.04,9.19,12.62,9.61,9.9
2065000,8.76,9.24,12.41,9.76,10.07
2066000,8.9,9.38,11.88,9.49,10.06
2067000,8.83,9.51,11.83,9.1,10.0
2068000,8.93,9.22,11.96,9.18,9.89
2069000,8.89,8.91,12.25,8.66,9.86
2070000,8.81,9.08,12.42,8.71,10.12
2071000,8.92,9.0,12.75,8.51,9.86
2072000,8.89,9.27,12.59,8.51,9.94
2073000,8.82,8.97,12.64,8.58,9.74
2074000,9.05,8.4,12.76,8.34,9.21
2075000,8.8,8.0,12.92,8.74,9.33
2076000,8.91,7.85,13.28,9.11,9.35
2077000,9.13,8.09,13.64,9.06,9.59
2078000,9.17,7.65,13.8,8.94,9.81
2079000,9.59,7.63,13.03,9.04,9.61
2080000,9.59,7.87,13.33,9.14,9.83
2081000,9.56,8.03,13.58,9.16,9.87
2082000,9.44,8.2,13.42,9.17,9.58
2083000,9.57,8.35,13.38,9.28,9.99
2084000,8.79,8.3,13.36,9.34,10.08
2085000,8.82,8.4,13.2,8.95,9.92
2086000,8.95,8.56,13.39,8.85,9.74
2087000,8.88,8.87,13.66,8.96,9.75
2088000,9.14,8.9,13.84,9.01,9.84
2089000,9.32,9.1,13.76,9.35,9.79
2090000,9.27,9.01,13.83,9.42,9.69
2091000,9.08,8.82,13.77,9.46,9.86
2092000,8.99,8.64,14.12,9.37,10.34
2093000,9.15,8.32,13.93,9.66,10.01
2094000,9.03,8.44,14.22,9.89,9.67
2095000,9.0,8.28,14.47,9.85,9.84
2096000,9.08,8.66,14.55,9.44,9.97
2097000,9.08,8.27,14.56,9.47,10.25
2098000,9.57,8.56,14.98,9.66,10.29
2099000,9.4,8.72,14.14,9.83,9.98
2100000,9.58,8.81,14.52,9.91,10.38
2101000,9.78,8.76,14.5,10.17,10.38
2102000,10.05,8.95,14.49,10.18,10.55
2103000,9.56,9.15,14.43,10.37,10.37
2104000,9.72,9.21,14.43,10.63,10.65
2105000,9.61,9.19,14.35,10.59,10.85
2106000,9.18,9.15,14.09,10.64,10.63
2107000,9.39,9.05,13.83,10.38,10.39
2108000,9.21,9.0,13.31,9.93,10.46
2109000,9.27,8.9,13.46,9.93,10.7
2110000,9.47,8.79,13.31,10.15,10.23
2111000,9.66,9.03,12.93,10.34,10.46
2112000,10.0,8.96,13.09,10.55,10.21
2113000,10.23,8.82,12.95,10.39,10.11
2114000,10.33,8.73,13.24,10.69,10.46
2115000,10.83,8.88,13.39,10.66,10.07
2116000,10.43,8.89,12.96,10.87,10.4
2117000,10.56,8.96,12.97,10.49,10.47
2118000,10.21,9.01,13.27,10.8,10.64
2119000,10.39,9.07,13.09,10.9,10.65
2120000,10.24,9.17,13.34,10.68,10.34
2121000,10.07,9.19,13.64,10.93,9.97
2122000,10.28,9.43,13.82,10.85,10.03
2123000,10.26,9.28,13.68,11.03,10.0
2124000,10.38,9.49,13.56,11.2,10.05
2125000,10.14,9.44,13.56,10.6,10.04
2126000,10.18,9.13,13.42,10.83,9.53
2127000,9.83,9.09,13.62,11.05,9.44
2128000,9.94,9.17,13.8,11.16,9.06
2129000,10.08,9.1,13.77,11.19,8.82
2130000,9.84,8.75,13.81,10.99,8.99
2131000,10.08,8.93,14.13,10.77,9.34
2132000,10.24,8.83,13.63,10.84,9.53
2133000,9.91,8.85,13.55,10.6,9.25
2134000,9.85,8.67,13.68,10.71,9.43
2135000,9.55,8.61,13.62,10.0,9.53
2136000,9.53,8.62,13.89,9.83,9.61
2137000,9.28,8.42,13.62,10.1,9.64
2138000,9.55,8.51,13.5,9.97,9.89
2139000,9.22,8.94,13.75,9.38,10.01
2140000,9.12,8.92,13.93,9.38,9.92
2141000,9.09,8.36,14.06,8.95,9.87
2142000,9.08,8.7,14.23,8.77,9.68
2143000,8.92,8.75,14.39,9.12,9.73
2144000,8.93,8.68,14.37,9.34,9.95
2145000,8.86,8.67,14.57,8.89,9.86
2146000,8.86,8.64,14.78,8.69,9.1
2147000,9.12,8.68,15.04,8.49,9.26
2148000,9.07,8.43,14.82,8.32,9.48
2149000,9.16,8.19,14.91,8.36,9.64
2150000,9.16,8.27,14.99,8.47,10.04
2151000,9.29,8.71,14.69,8.86,10.02
2152000,9.26,9.02,14.99,8.91,10.38
2153000,9.34,8.84,14.92,9.29,10.04
2154000,9.16,9.02,14.9,8.71,9.99
2155000,8.51,8.99,15.15,8.99,9.95
2156000,8.68,9.19,15.31,9.15,10.18
2157000,8.24,8.97,15.13,9.19,10.4
2158000,8.72,9.04,14.56,8.63,10.59
2159000,8.73,8.85,14.74,8.81,10.77
2160000,8.92,8.71,14.73,8.99,10.55
2161000,9.08,8.61,14.81,8.77,10.05
2162000,8.95,8.59,14.74,9.06,10.2
2163000,8.75,8.82,15.11,9.29,10.15
2164000,8.89,8.94,14.7,9.47,10.68
2165000,8.76,8.55,14.82,9.96,10.43
2166000,8.51,8.47,14.69,9.83,10.38
2167000,8.69,8.73,14.86,9.79,10.47
2168000,8.99,8.61,14.99,9.5,10.38
2169000,8.97,8.6,14.84,9.22,10.16
2170000,9.48,8.65,14.78,8.89,10.58
2171000,9.36,8.3,14.84,8.89,10.22
2172000,9.41,8.3,14.86,9.08,10.44
2173000,9.57,8.43,14.51,9.19,10.6
2174000,9.48,8.69,14.55,9.38,10.34
2175000,9.42,8.98,14.48,9.49,10.48
2176000,9.54,8.92,15.03,9.25,10.54
2177000,9.47,8.59,15.14,9.33,10.74
2178000,9.6,8.72,15.58,8.98,10.87
2179000,9.53,9.02,15.53,8.57,10.85
2180000,9.56,9.27,15.82,8.58,11.12
2181000,9.82,8.91,15.83,8.57,10.91
2182000,9.88,8.89,15.85,8.57,10.82
2183000,10.18,9.05,15.71,8.8,10.73
2184000,9.88,8.98,15.28,8.79,10.49
2185000,9.41,9.15,15.01,9.17,10.58
2186000,9.46,9.53,14.78,8.47,10.29
2187000,9.45,9.66,14.93,8.7,10.46
2188000,9.0,9.68,15.3,8.18,10.4
2189000,9.14,9.67,15.17,8.2,10.42
2190000,9.33,9.33,15.28,8.41,10.25
2191000,9.19,9.14,15.32,8.24,10.27
2192000,9.38,9.27,14.99,8.57,10.55
2193000,9.58,9.47,14.83,8.61,10.71
2194000,9.52,9.25,14.91,8.73,10.98
2195000,9.19,9.17,14.83,8.79,10.82
2196000,8.74,9.22,15.22,9.32,10.83
2197000,8.68,9.17,15.48,9.54,10.48
2198000,8.91,9.38,15.78,9.81,10.57
2199000,8.94,9.42,15.72,9.59,10.4
2200000,9.05,9.48,15.05,9.49,10.02
2201000,9.23,8.96,14.34,9.62,10.14
2202000,9.41,8.98,14.41,9.69,10.57
2203000,9.71,8.52,14.7,9.62,10.51
2204000,9.63,8.27,14.6,9.88,10.48
2205000,9.49,8.38,14.97,9.93,10.69
2206000,9.78,8.72,14.45,9.9,10.99
2207000,9.38,8.82,14.61,9.78,10.98
2208000,9.29,8.74,14.51,9.98,11.03
2209000,9.06,9.09,14.73,10.17,11.11
2210000,8.77,8.95,14.7,10.03,11.26
2211000,8.86,8.83,14.48,10.28,11.62
2212000,9.1,9.12,14.49,9.92,11.85
2213000,9.38,8.92,13.78,10.21,11.61
2214000,9.48,9.11,13.62,10.07,11.72
2215000,9.18,8.95,13.07,10.23,11.69
2216000,9.56,8.8,12.91,10.4,11.71
2217000,9.54,8.84,13.23,10.38,11.61
2218000,9.38,8.96,13.28,10.35,11.65
2219000,9.32,9.04,13.23,10.29,11.55
2220000,9.42,9.01,13.16,10.21,11.7
2221000,9.44,9.26,13.09,10.43,11.27
2222000,9.57,9.38,12.53,10.36,11.54
2223000,9.65,9.62,12.62,10.13,11.31
2224000,9.95,9.66,12.61,10.52,11.02
2225000,9.84,9.79,12.7,10.54,10.47
2226000,9.86,10.06,12.77,10.15,10.53
2227000,9.77,9.74,12.64,9.83,10.81
2228000,9.65,9.62,12.38,10.12,11.06
2229000,8.86,9.81,12.19,10.04,11.24
2230000,8.75,9.89,11.92,9.87,11.25
2231000,8.73,9.94,11.48,9.57,11.2
2232000,8.99,10.4,11.94,9.44,11.13
2233000,8.97,10.5,12.19,9.32,11.42
2234000,9.36,10.87,12.2,9.2,11.34
2235000,9.35,10.52,12.38,9.34,11.07
2236000,9.73,10.34,12.71,9.09,11.0
2237000,9.74,10.31,12.31,9.14,10.59
2238000,9.97,10.53,12.42,9.09,10.3
2239000,9.89,10.05,12.39,8.86,10.32
2240000,10.0,10.16,12.1,8.54,10.23
2241000,10.35,10.49,12.38,8.56,9.97
2242000,10.44,10.7,12.31,8.69,9.33
2243000,10.28,10.35,12.41,8.67,9.14
2244000,10.15,10.92,12.56,8.86,8.95
2245000,10.57,11.03,12.73,8.73,9.44
2246000,10.49,11.11,12.44,9.03,9.37
2247000,10.56,11.15,13.03,8.78,9.39
2248000,10.54,11.56,13.28,8.85,9.47
2249000,10.85,11.7,13.34,8.9,9.13
2250000,10.86,11.65,13.42,8.5,9.47
2251000,10.54,11.61,13.55,8.74,9.69
2252000,10.62,11.68,13.69,8.69,9.9
2253000,10.5,11.24,13.32,8.82,10.15
2254000,10.83,10.95,13.13,8.54,10.25
2255000,10.83,11.18,13.23,8.25,10.03
2256000,10.89,11.28,13.11,8.3,9.43
2257000,11.2,11.39,13.48,8.51,9.6
2258000,11.07,11.5,13.68,8.54,9.78
2259000,11.02,11.69,13.26,8.73,9.36
2260000,11.14,12.15,13.4,9.07,8.99
2261000,11.08,12.27,13.44,9.16,9.17
2262000,11.1,11.71,13.43,8.65,9.18
2263000,11.43,12.12,13.56,8.95,9.16
2264000,10.94,12.04,13.52,9.02,9.17
2265000,10.61,11.92,13.59,9.12,9.15
2266000,10.48,11.58,13.49,9.25,9.03
2267000,10.7,11.81,13.96,9.29,8.66
2268000,10.8,12.06,13.66,9.35,8.9
2269000,10.78,11.89,13.72,9.26,9.02
2270000,10.95,12.14,13.89,9.63,9.4
2271000,10.83,11.85,14.21,9.65,9.6
2272000,10.64,12.01,13.98,9.88,9.57
2273000,10.83,11.73,14.18,10.26,9.85
2274000,10.88,11.64,14.11,10.25,9.85
2275000,10.72,11.13,13.9,10.08,9.71
2276000,10.8,11.08,13.8,10.27,9.56
2277000,10.59,11.24,14.21,9.84,9.78
2278000,10.01,10.94,13.84,9.68,9.65
2279000,10.34,11.14,13.49,10.0,9.93
2280000,10.33,11.43,13.62,9.69,9.86
2281000,10.06,10.93,13.24,9.93,9.73
2282000,9.69,10.95,13.49,9.96,9.82
2283000,9.99,10.91,13.23,10.06,9.92
2284000,10.04,10.85,13.2,10.57,10.12
2285000,9.96,11.19,13.09,10.94,10.33
2286000,9.88,10.52,13.05,11.34,10.44
2287000,9.81,10.09,13.43,11.29,10.71
2288000,9.91,10.05,13.13,11.83,10.85
2289000,9.97,10.34,13.15,12.21,10.73
2290000,9.69,10.04,13.09,11.71,11.01
2291000,10.06,10.35,12.99,11.83,11.06
2292000,10.15,9.93,12.61,11.48,11.56
2293000,10.55,9.91,12.42,11.82,11.8
2294000,10.77,9.9,12.85,11.71,11.9
2295000,10.83,9.99,12.7,12.03,11.7
2296000,10.68,9.83,12.78,11.63,11.9
2297000,10.55,9.86,12.84,11.55,11.98
2298000,10.3,9.75,12.84,11.46,12.3
2299000,10.31,9.77,12.52,11.5,12.44
2300000,10.42,9.67,12.46,11.66,12.67
2301000,10.42,9.63,12.38,11.78,12.71
2302000,10.53,9.79,12.54,11.56,12.82
2303000,10.48,9.78,12.04,11.66,12.48
2304000,10.62,9.84,12.4,10.92,12.1
2305000,10.44,10.18,12.36,10.86,12.17
2306000,10.58,10.24,12.13,10.92,12.31
2307000,10.67,10.29,12.09,10.76,11.86
2308000,10.53,10.46,12.27,11.05,12.0
2309000,10.8,10.16,12.51,11.27,12.4
2310000,10.98,10.44,12.93,11.05,12.12
2311000,10.7,10.59,12.93,11.08,12.56
2312000,10.82,11.05,12.59,10.89,12.66
2313000,10.64,10.78,12.19,10.69,12.82
2314000,10.79,11.0,12.33,10.52,13.18
2315000,10.17,11.25,12.71,10.19,12.87
2316000,10.37,11.16,12.76,10.13,12.87
2317000,10.04,11.2,12.82,9.44,12.83
2318000,10.37,11.37,12.92,9.56,12.74
2319000,10.48,11.58,13.05,9.81,12.58
2320000,10.47,11.21,12.67,9.74,12.33
2321000,10.28,11.32,12.8,10.23,12.61
2322000,10.63,11.36,12.99,9.91,12.02
2323000,9.85,11.51,13.02,9.75,12.35
2324000,9.78,11.99,12.93,9.94,12.04
2325000,9.96,11.95,12.92,10.28,12.03
2326000,9.95,11.7,13.7,10.31,11.71
2327000,10.26,11.62,13.69,10.3,11.65
2328000,10.19,11.61,13.79,10.34,11.89
2329000,10.06,11.91,14.27,10.42,12.03
2330000,10.03,11.79,14.5,10.45,12.15
2331000,9.98,12.24,14.39,10.35,12.09
2332000,9.86,12.48,14.41,10.2,11.72
2333000,9.85,12.41,14.25,10.15,11.67
2334000,9.94,12.73,14.17,10.41,11.65
2335000,10.01,12.68,14.11,10.44,11.62
2336000,10.18,12.89,14.44,10.36,11.99
2337000,10.58,12.87,14.69,10.5,12.19
2338000,10.07,13.02,14.75,10.33,12.3
2339000,9.95,13.02,14.54,10.15,12.48
2340000,9.87,12.92,14.49,10.54,12.46
2341000,9.67,12.63,14.92,10.53,12.62
2342000,9.72,12.42,14.46,10.57,12.69
2343000,10.05,12.39,14.3,10.37,12.56
2344000,10.26,12.24,14.51,10.48,11.91
2345000,10.33,12.33,14.1,10.29,11.96
2346000,10.43,12.39,13.65,10.42,11.7
2347000,10.2,11.99,13.79,10.35,12.03
2348000,9.89,12.25,13.68,10.55,11.66
2349000,10.15,12.09,14.07,10.48,11.4
2350000,9.99,11.65,14.3,10.54,11.87
2351000,9.88,11.63,14.59,10.4,11.86
2352000,9.96,11.36,14.47,10.6,11.68
2353000,9.57,11.22,14.42,11.01,11.91
2354000,9.88,11.18,14.28,10.9,12.09
2355000,10.19,10.8,14.22,10.72,11.68
2356000,9.98,10.83,14.1,11.05,11.96
2357000,10.06,10.97,14.24,11.28,12.09
2358000,10.07,10.79,14.44,11.25,12.31
2359000,9.97,10.27,14.11,10.99,12.2
2360000,10.06,9.84,14.67,10.95,12.6
2361000,10.09,9.49,14.68,10.85,12.65
2362000,10.23,9.25,14.67,10.96,12.6
2363000,10.68,9.31,13.86,10.83,12.42
2364000,10.88,9.13,14.17,10.66,12.24
2365000,10.25,9.19,13.92,10.67,12.47
2366000,10.26,9.51,13.87,10.75,12.56
2367000,10.52,9.84,13.63,10.59,12.58
2368000,10.74,9.46,13.59,10.65,12.76
2369000,10.56,9.68,13.76,10.77,12.77
2370000,10.24,9.84,13.87,10.43,12.69
2371000,10.2,9.95,14.08,10.74,12.15
2372000,9.83,9.8,14.37,10.85,11.89
2373000,9.77,9.69,14.29,10.77,11.82
2374000,9.87,9.54,14.07,10.76,11.5
2375000,9.5,9.57,14.04,10.91,11.55
2376000,9.4,9.71,14.45,11.09,11.8
2377000,9.16,9.63,14.31,11.12,11.84
2378000,9.39,9.56,14.65,11.23,11.85
2379000,9.64,9.59,14.79,11.35,12.08
2380000,9.56,9.98,14.75,11.55,11.84
2381000,9.57,10.18,15.03,11.25,11.85
2382000,9.41,10.09,15.38,11.28,12.05
2383000,9.47,10.16,15.65,10.6,12.13
2384000,9.45,10.21,15.71,10.66,11.97
2385000,9.33,10.19,15.57,10.55,12.0
2386000,9.19,10.01,15.56,10.09,12.07
2387000,8.37,10.08,15.51,10.05,11.73
2388000,8.37,10.28,14.99,10.27,11.89
2389000,8.59,10.76,14.91,10.46,11.91
2390000,8.54,10.91,14.53,10.16,12.3
2391000,8.83,11.17,14.41,10.14,12.04
2392000,8.82,11.17,14.6,10.12,11.67
2393000,8.52,11.02,14.26,10.03,11.32
2394000,8.74,11.35,14.31,10.32,11.14
2395000,8.91,11.05,13.81,10.28,11.46
2396000,8.98,10.46,13.28,10.6,11.4
2397000,8.73,10.62,13.54,10.78,11.14
2398000,8.93,10.85,13.62,10.96,11.46
2399000,8.95,10.34,13.97,11.05,11.55
2400000,9.28,10.27,14.18,10.88,11.39
2401000,9.01,10.36,14.76,11.1,11.59
2402000,9.16,10.46,14.65,11.16,11.45
2403000,9.2,10.62,14.61,10.72,11.46
2404000,9.35,10.63,14.69,10.46,12.04
2405000,9.37,10.69,14.26,10.49,12.31
2406000,9.55,10.64,14.51,10.28,12.72
2407000,9.56,10.83,15.03,9.92,12.56
2408000,9.55,11.14,14.91,9.72,12.73
2409000,9.42,11.3,14.93,9.85,13.09
2410000,9.64,11.58,14.46,9.63,13.25
2411000,9.58,11.88,14.45,9.87,13.54
2412000,9.39,11.16,14.59,9.74,13.43
2413000,9.53,11.34,14.73,10.16,13.58
2414000,9.46,11.51,14.62,10.3,13.47
2415000,9.58,11.35,14.58,10.46,13.24
2416000,9.57,11.88,14.69,10.56,13.38
2417000,9.48,11.97,13.91,10.51,13.35
2418000,9.6,12.01,13.99,10.24,13.14
2419000,9.7,12.27,13.64,10.32,13.32
2420000,9.36,12.35,13.5,10.73,13.68
2421000,9.56,12.6,13.45,10.81,13.99
2422000,9.79,12.54,13.45,10.88,14.09
2423000,9.98,12.39,13.74,11.21,14.43
2424000,10.14,12.04,13.68,11.2,13.92
2425000,10.02,12.15,13.67,11.11,13.98
2426000,10.46,12.35,13.59,10.98,14.17
2427000,10.46,12.46,13.48,11.08,14.52
2428000,10.64,12.79,13.54,10.66,14.12
2429000,10.97,12.6,13.72,10.67,13.99
2430000,10.88,12.6,13.84,10.32,13.97
2431000,10.98,12.61,14.16,10.47,14.22
2432000,11.36,12.61,14.22,10.54,14.16
2433000,11.53,12.66,14.48,10.99,13.93
2434000,11.56,12.64,14.73,11.19,14.23
2435000,11.89,12.62,14.54,11.09,14.59
2436000,11.67,12.8,14.73,11.06,14.71
2437000,12.0,12.17,14.25,11.27,14.73
2438000,11.87,12.17,13.74,11.41,14.44
2439000,11.58,12.09,13.75,11.4,14.42
2440000,11.43,12.08,13.41,11.36,14.4
2441000,11.26,12.1,13.69,11.12,13.87
2442000,10.99,12.18,14.16,11.4,13.94
2443000,11.06,11.96,14.06,11.48,13.95
2444000,11.17,11.39,14.13,11.71,14.36
2445000,11.32,11.37,14.21,11.49,14.18
2446000,11.55,11.46,13.95,11.2,14.29
2447000,11.36,11.14,14.06,11.22,14.34
2448000,11.37,11.06,13.73,11.34,14.08
2449000,11.52,11.12,13.83,11.33,14.08
2450000,11.2,11.49,14.22,11.48,13.31
2451000,11.28,11.6,14.36,11.32,12.95
2452000,11.15,11.54,14.79,11.28,13.0
2453000,11.49,11.66,14.91,11.33,13.0
2454000,11.37,11.6,15.07,11.3,11.87
2455000,11.61,11.45,15.08,11.42,11.83
2456000,11.84,11.43,15.06,11.49,11.9
2457000,11.95,11.18,14.8,11.74,11.77
2458000,11.9,11.1,14.85,11.61,11.91
2459000,11.92,11.17,14.98,11.46,12.28
2460000,12.15,11.17,15.08,11.12,12.11
2461000,12.43,10.84,15.32,11.25,12.1
2462000,11.84,11.05,15.52,11.53,12.07
2463000,11.64,11.14,15.4,10.98,12.02
2464000,11.66,10.93,15.82,11.12,12.32
2465000,11.69,10.86,16.09,10.99,12.36
2466000,11.27,10.89,16.08,11.0,12.74
2467000,10.97,11.26,16.4,11.22,12.48
2468000,10.96,11.09,16.72,11.41,12.63
2469000,10.91,10.71,17.07,11.1,12.62
2470000,10.73,10.82,17.02,11.26,11.75
2471000,10.8,10.85,17.1,10.84,11.63
2472000,11.03,10.77,16.85,10.84,11.76
2473000,11.38,10.86,16.61,10.63,11.87
2474000,11.5,10.84,16.37,10.14,12.0
2475000,11.88,10.89,16.35,10.11,11.84
2476000,11.74,10.86,16.68,10.19,11.51
2477000,11.25,10.65,16.63,10.54,11.17
2478000,11.42,10.66,16.56,10.6,11.37
2479000,11.01,10.02,16.72,10.67,11.1
2480000,11.15,10.13,16.94,10.29,11.1
2481000,10.4,9.58,16.8,10.1,11.08
2482000,10.35,9.55,16.22,10.26,11.31
2483000,10.14,10.1,16.66,10.27,11.68
2484000,10.32,10.23,16.45,10.39,11.96
2485000,10.13,10.23,16.31,10.57,12.16
2486000,10.16,10.27,16.39,10.13,12.24
2487000,10.05,10.46,16.07,10.07,12.32
2488000,9.55,10.65,16.04,9.94,12.49
2489000,9.82,11.01,16.31,9.94,12.75
2490000,10.1,10.88,15.62,9.93,13.33
2491000,10.5,10.88,15.6,9.62,13.29
2492000,10.93,11.08,15.11,9.58,13.23
2493000,10.96,10.87,15.13,9.76,13.15
2494000,10.87,11.01,15.44,9.72,12.68
2495000,11.0,11.02,15.71,9.89,12.76
2496000,10.69,11.17,15.5,9.77,12.33
2497000,10.92,11.4,15.6,10.05,12.25
2498000,10.97,11.31,15.98,9.88,12.83
2499000,11.25,11.51,15.85,9.72,12.5
2500000,11.69,11.45,15.74,10.22,12.51
2501000,11.57,11.35,15.52,10.23,12.22
2502000,11.8,11.64,15.9,10.14,12.5
2503000,11.49,11.67,15.55,10.52,12.67
2504000,11.12,11.87,14.76,10.87,12.34
2505000,11.16,12.1,14.68,10.86,12.65
2506000,11.23,12.17,15.05,10.99,12.73
2507000,11.23,12.07,14.28,10.73,12.85
2508000,11.22,12.47,14.56,10.6,12.88
2509000,11.24,12.23,14.64,10.84,12.68
2510000,11.38,12.22,14.61,11.14,12.89
2511000,11.74,12.21,14.94,11.23,12.98
2512000,12.0,12.18,15.5,11.18,12.69
2513000,12.02,12.18,15.5,10.45,12.7
2514000,11.87,12.22,14.82,10.51,12.55
2515000,12.05,12.42,14.94,10.87,12.29
2516000,12.16,12.6,14.77,11.13,12.42
2517000,12.3,12.3,14.61,11.07,12.48
2518000,11.8,11.73,14.74,11.41,11.89
2519000,11.5,11.97,14.93,11.58,12.26
2520000,11.53,12.16,14.59,11.79,12.27
2521000,11.44,12.22,14.44,12.03,12.55
2522000,11.05,11.95,14.18,12.2,12.16
2523000,11.2,11.41,14.41,12.48,11.98
2524000,11.13,11.61,14.58,12.73,11.9
2525000,11.2,11.5,13.8,12.97,11.33
2526000,10.99,11.19,14.16,13.4,11.4
2527000,11.26,11.11,13.64,13.45,11.8
2528000,11.45,11.12,13.9,13.05,11.91
2529000,11.56,10.98,14.17,12.73,11.77
2530000,11.36,11.28,14.56,13.05,11.13
2531000,11.49,11.28,14.25,12.86,10.95
2532000,11.2,11.46,14.16,12.87,10.96
2533000,11.28,11.79,13.98,13.04,11.17
2534000,11.49,11.95,14.02,13.04,11.2
2535000,11.62,11.88,14.1,13.11,11.01
2536000,11.76,11.48,13.77,13.21,11.11
2537000,11.84,11.33,13.78,13.19,10.99
2538000,12.14,11.21,14.23,13.21,10.84
2539000,12.33,11.03,13.97,12.74,10.68
2540000,12.13,11.25,14.28,12.52,10.73
2541000,12.16,11.31,14.56,12.42,10.87
2542000,11.95,11.45,14.35,12.71,10.82
2543000,12.26,11.64,14.38,13.02,11.06
2544000,11.67,11.97,14.57,12.75,10.95
2545000,11.78,11.74,14.74,12.93,11.2
2546000,12.09,11.88,14.82,12.94,11.16
2547000,11.7,12.39,14.9,13.14,11.29
2548000,11.55,12.24,14.04,13.46,11.43
2549000,11.6,12.47,14.12,13.55,11.48
2550000,11.83,12.39,13.95,13.37,11.67
2551000,12.1,12.57,14.2,13.32,11.49
2552000,12.21,12.89,14.23,13.47,11.58
2553000,12.22,13.29,14.46,13.66,11.82
2554000,12.1,12.47,14.36,13.45,11.58
2555000,12.37,12.78,14.3,13.68,11.33
2556000,11.86,12.96,14.77,14.14,11.47
2557000,11.8,13.05,14.82,14.04,11.51
2558000,12.26,12.94,14.93,13.3,11.8
2559000,12.37,13.0,15.01,13.48,11.9
2560000,12.2,13.01,14.42,12.9,11.78
2561000,11.97,13.35,14.17,12.79,12.17
2562000,11.86,13.38,14.31,12.81,12.12
2563000,12.17,13.42,14.34,13.41,12.35
2564000,12.13,12.86,14.25,13.59,12.51
2565000,12.16,12.71,14.22,13.4,12.75
2566000,12.15,12.44,14.08,13.91,12.55
2567000,11.53,12.53,14.1,13.45,12.42
2568000,11.26,12.75,14.47,13.27,11.95
2569000,11.13,12.97,14.34,13.48,12.12
2570000,10.99,13.03,14.41,13.43,12.13
2571000,11.11,13.19,14.35,13.72,12.27
2572000,11.41,13.14,14.39,13.69,12.12
2573000,11.92,12.95,14.76,13.69,12.23
2574000,12.05,12.85,15.01,13.93,12.51
2575000,12.37,13.04,14.92,14.14,12.67
2576000,12.15,13.07,14.83,14.46,12.25
2577000,12.16,12.92,14.61,14.63,12.5
2578000,11.81,13.02,14.81,14.43,12.34
2579000,12.07,13.12,15.02,14.0,12.58
2580000,12.36,12.76,15.22,13.93,12.09
2581000,12.48,12.3,14.96,13.66,11.99
2582000,12.03,12.57,14.83,13.42,11.6
2583000,11.65,12.66,14.69,13.27,11.68
2584000,11.93,12.6,14.61,13.64,11.6
2585000,12.07,11.62,14.82,13.69,11.73
2586000,11.91,11.97,15.17,13.74,11.98
2587000,12.12,11.9,15.28,13.02,11.88
2588000,11.76,12.69,14.99,13.25,12.33
2589000,11.79,13.11,15.1,13.08,12.12
2590000,11.91,12.88,15.37,12.83,11.75
2591000,11.62,13.09,15.26,13.26,11.89
2592000,11.81,12.85,15.28,13.15,11.87
2593000,11.71,12.89,15.53,12.66,12.04
2594000,11.65,12.93,15.7,12.89,12.12
2595000,11.77,12.43,15.85,12.89,11.87
2596000,11.22,12.53,16.14,13.06,11.65
2597000,11.71,12.64,16.34,13.12,11.49
2598000,11.46,13.05,16.08,13.18,11.54
2599000,11.89,13.13,15.96,13.08,11.54
2600000,12.21,13.43,16.19,12.69,11.74
2601000,12.08,13.12,16.77,12.68,11.89
2602000,12.26,13.59,17.15,11.74,11.85
2603000,12.2,13.38,17.48,11.68,11.89
2604000,11.79,13.47,17.33,11.65,11.73
2605000,11.62,13.29,17.46,11.76,11.66
2606000,11.2,13.1,17.71,11.5,11.97
2607000,11.46,13.34,17.77,11.57,12.15
2608000,11.49,13.61,18.1,11.02,12.14
2609000,11.31,13.74,18.23,11.07,11.9
2610000,11.58,14.01,17.95,11.02,12.36
2611000,11.26,13.97,17.6,11.26,12.12
2612000,10.85,14.13,17.67,11.42,12.47
2613000,11.12,14.35,17.74,11.49,12.35
2614000,11.34,14.66,17.85,11.68,12.72
2615000,11.61,14.6,17.88,11.48,13.06
2616000,11.6,14.49,17.9,11.45,13.34
2617000,11.72,14.58,17.09,11.16,13.34
2618000,11.61,14.29,17.21,11.29,13.41
2619000,11.72,13.9,17.28,11.41,13.4
2620000,11.76,14.08,17.18,11.21,13.28
2621000,11.94,13.7,16.83,10.86,13.49
2622000,11.8,13.94,17.03,10.91,13.79
2623000,11.94,13.48,17.08,11.06,13.78
2624000,12.16,13.06,17.01,10.89,13.55
2625000,11.84,13.25,16.78,10.58,13.82
2626000,11.71,13.14,16.57,10.31,13.8
2627000,11.6,13.14,16.32,10.44,13.79
2628000,11.74,13.22,16.59,10.36,14.22
2629000,11.46,13.4,16.64,10.27,14.46
2630000,11.84,13.63,16.93,10.49,14.3
2631000,10.99,13.55,16.94,10.64,14.35
2632000,11.09,13.4,16.97,11.08,14.35
2633000,11.13,12.93,16.72,10.96,14.5
2634000,11.38,12.79,16.72,11.12,14.87
2635000,11.57,13.03,16.94,11.2,14.66
2636000,11.59,12.97,16.33,11.03,14.83
2637000,11.64,12.7,16.22,11.2,15.09
2638000,11.93,12.4,16.31,11.42,15.06
2639000,11.7,12.58,16.37,11.41,14.81
2640000,11.83,12.65,16.5,11.42,14.83
2641000,11.53,12.62,16.15,11.08,14.92
2642000,11.61,12.36,16.1,10.8,15.24
2643000,11.6,12.15,15.84,10.97,15.32
2644000,11.58,11.81,16.3,10.77,15.69
2645000,11.38,11.64,16.12,10.78,15.89
2646000,11.36,11.32,16.08,10.95,15.57
2647000,10.93,11.26,16.44,11.1,15.48
2648000,11.04,11.35,16.0,11.08,15.74
2649000,10.7,11.34,15.81,10.65,15.88
2650000,10.52,11.3,15.78,10.77,15.64
2651000,10.6,11.38,15.91,10.89,15.75
2652000,10.63,11.77,16.23,11.11,15.59
2653000,10.48,11.97,15.99,10.89,15.36
2654000,10.66,11.95,15.91,11.0,14.75
2655000,10.83,12.04,16.0,11.48,14.03
2656000,10.46,12.04,15.78,11.58,13.96
2657000,10.31,12.04,16.11,11.81,13.82
2658000,9.83,12.2,15.96,11.95,13.61
2659000,10.03,12.25,15.64,11.7,13.43
2660000,10.14,12.16,15.81,12.04,13.61
2661000,10.24,12.13,15.81,12.0,13.26
2662000,10.07,11.98,15.84,12.16,13.15
2663000,10.15,11.93,15.99,12.27,13.08
2664000,10.07,12.07,16.21,12.2,12.88
2665000,10.12,12.01,15.87,12.24,12.85
2666000,10.24,12.25,16.11,12.28,12.87
2667000,9.8,12.3,16.26,12.67,12.22
2668000,9.85,11.82,16.47,12.59,12.16
2669000,9.66,11.74,16.85,12.29,12.46
2670000,9.58,12.08,16.89,12.84,12.5
2671000,9.76,12.15,17.02,12.75,12.34
2672000,9.72,11.75,16.77,12.71,12.58
2673000,9.94,11.71,16.76,12.35,12.6
2674000,10.25,11.85,16.63,12.68,12.67
2675000,10.35,11.94,16.61,12.46,11.97
2676000,10.52,12.09,16.24,12.79,11.38
2677000,10.45,11.97,16.31,12.46,11.22
2678000,10.68,12.27,16.27,12.55,10.87
2679000,10.89,12.03,16.34,12.75,11.21
2680000,11.08,12.16,16.21,12.56,10.95
2681000,10.68,12.47,15.72,12.71,11.3
2682000,10.89,12.34,15.47,12.68,11.7
2683000,11.11,12.45,15.88,12.86,11.8
2684000,11.15,12.55,15.02,12.81,11.8
2685000,10.77,12.15,15.41,13.01,11.96
2686000,10.78,12.51,15.79,12.31,12.23
2687000,11.09,12.61,15.42,12.16,12.17
2688000,11.19,12.3,15.46,12.13,12.45
2689000,11.07,12.22,15.45,12.35,12.61
2690000,11.47,11.9,15.52,12.01,12.84
2691000,11.04,11.73,15.66,12.0,13.06
2692000,11.23,11.48,15.56,12.05,13.4
2693000,11.42,11.37,15.15,12.14,13.69
2694000,11.49,11.55,15.37,12.34,13.88
2695000,11.44,11.66,14.99,11.8,14.15
2696000,11.58,11.55,14.96,12.06,14.2
2697000,11.96,11.58,15.06,12.35,14.41
2698000,11.58,11.62,15.07,11.91,14.35
2699000,11.49,11.67,14.78,11.97,14.63
2700000,11.42,11.6,14.76,11.98,14.91
2701000,11.67,11.53,14.25,12.06,14.8
2702000,11.67,11.77,14.36,12.11,14.65
2703000,11.51,11.6,14.31,11.81,14.7
2704000,11.48,11.91,14.42,11.56,14.35
2705000,11.19,11.4,14.11,11.53,14.42
2706000,11.19,11.23,13.73,11.83,14.58
2707000,11.23,11.05,13.53,12.21,14.06
2708000,10.95,11.27,13.97,12.23,13.76
2709000,11.03,11.34,13.45,12.38,13.88
2710000,11.26,11.79,13.57,12.65,13.81
2711000,11.39,11.89,13.79,12.78,13.82
2712000,11.15,11.52,13.79,12.82,14.19
2713000,11.27,11.8,13.53,12.38,14.3
2714000,11.29,11.81,13.72,12.28,14.57
2715000,10.93,11.48,13.63,12.35,15.14
2716000,10.71,11.41,13.71,12.02,15.09
2717000,11.01,11.18,13.81,12.19,14.89
2718000,11.4,11.33,14.31,12.24,14.9
2719000,11.37,11.51,14.79,12.22,14.42
2720000,11.59,11.64,15.04,12.52,14.18
2721000,11.69,11.83,14.54,12.51,14.57
2722000,12.21,11.78,14.79,12.68,13.66
2723000,11.88,12.04,14.52,12.64,13.82
2724000,12.0,12.16,14.63,12.56,13.58
2725000,12.13,12.49,14.87,12.33,13.84
2726000,12.44,12.52,14.85,12.09,13.68
2727000,12.78,12.57,15.0,12.59,13.82
2728000,12.45,11.91,15.3,12.35,13.83
2729000,12.18,11.95,15.2,12.16,13.67
2730000,12.42,11.8,14.84,11.94,13.29
2731000,12.03,11.94,15.1,11.76,13.34
2732000,12.12,12.18,15.1,11.83,13.46
2733000,12.35,12.18,15.29,12.33,13.07
2734000,12.35,12.13,15.46,12.24,13.03
2735000,12.75,12.42,15.71,12.04,12.83
2736000,12.96,12.39,16.02,12.28,12.93
2737000,12.73,12.55,15.91,12.3,13.17
2738000,12.41,12.96,16.18,12.13,13.14
2739000,12.69,12.89,16.46,12.27,13.03
2740000,12.77,12.85,16.73,12.58,13.45
2741000,12.84,13.22,16.46,12.81,13.61
2742000,12.7,13.08,16.51,12.06,13.79
2743000,12.85,12.74,16.45,12.2,13.49
2744000,12.48,12.64,16.36,11.6,13.55
2745000,12.51,12.99,16.69,11.82,14.0
2746000,12.65,13.02,16.37,11.7,13.99
2747000,12.73,12.85,16.49,11.85,13.96
2748000,13.02,13.01,15.68,12.21,13.89
2749000,13.02,13.25,15.54,12.44,13.97
2750000,12.97,13.37,15.07,12.32,14.13
2751000,13.44,13.49,15.31,12.6,13.95
2752000,13.2,13.53,15.77,12.58,13.82
2753000,13.37,13.65,15.45,12.53,14.04
2754000,13.47,13.56,15.44,12.26,14.28
2755000,13.48,13.47,15.53,12.28,14.56
2756000,13.27,13.48,15.66,12.3,14.43
2757000,13.33,13.53,15.76,12.2,14.51
2758000,13.41,13.39,15.4,12.39,14.29
2759000,13.45,13.62,15.04,12.39,14.46
2760000,13.4,13.77,15.32,12.2,14.67
2761000,13.27,14.03,15.42,12.2,14.62
2762000,13.43,13.81,15.02,12.11,14.92
2763000,13.23,13.63,14.63,12.32,15.28
2764000,13.31,13.94,14.49,12.56,15.2
2765000,13.25,13.98,14.18,12.61,15.29
2766000,13.52,13.93,13.92,12.26,15.65
2767000,13.13,14.11,13.76,11.96,15.68
2768000,13.01,13.47,13.28,12.16,15.93
2769000,12.33,13.05,13.13,12.05,16.16
2770000,12.45,13.28,12.99,12.4,15.78
2771000,12.91,13.28,13.14,11.95,15.88
2772000,13.17,13.33,13.13,11.71,15.74
2773000,13.62,13.05,13.06,12.01,15.81
2774000,13.68,13.16,12.79,12.06,16.13
2775000,13.29,13.16,12.8,12.18,15.83
2776000,13.15,13.27,12.89,12.21,15.75
2777000,12.86,13.3,12.85,12.49,15.73
2778000,12.76,12.52,12.96,12.59,15.76
2779000,12.45,12.66,13.03,12.48,15.82
2780000,12.43,12.77,12.98,12.42,16.33
2781000,12.48,12.05,13.26,12.28,16.53
2782000,12.53,12.3,13.05,12.31,16.71
2783000,12.43,11.75,13.03,11.62,16.64
2784000,12.59,11.4,13.26,12.19,16.49
2785000,12.89,11.33,13.76,12.06,16.93
2786000,12.39,11.73,13.88,11.79,16.95
2787000,12.45,11.68,14.03,11.77,16.78
2788000,12.55,11.46,14.11,11.73,16.37
2789000,12.74,11.62,13.72,11.84,16.64
2790000,12.22,11.4,13.69,11.58,16.69
2791000,12.11,11.22,13.86,11.88,16.6
2792000,12.14,11.13,13.63,11.68,16.66
2793000,11.95,11.31,13.34,11.88,17.0
2794000,11.72,11.41,13.53,12.27,16.4
2795000,12.3,11.74,13.24,11.93,16.58
2796000,12.19,11.79,12.92,11.64,16.1
2797000,12.35,11.98,12.95,11.59,16.15
2798000,12.3,11.99,13.2,11.72,16.12
2799000,12.31,12.09,12.98,12.17,16.1
2800000,12.56,12.19,13.25,11.88,16.03
2801000,12.72,12.33,13.0,12.18,16.16
2802000,12.83,12.61,13.35,12.13,16.08
2803000,12.78,12.22,13.53,12.33,15.43
2804000,11.92,12.22,14.07,12.43,15.5
2805000,11.78,12.27,14.02,12.34,15.72
2806000,11.49,11.81,14.27,12.34,15.98
2807000,11.99,11.58,14.51,12.31,15.36
2808000,12.3,11.94,15.03,12.3,15.22
2809000,12.51,12.19,14.63,11.52,15.34
2810000,12.53,12.57,14.83,11.88,15.19
2811000,12.73,12.71,14.74,11.89,15.34
2812000,12.73,12.84,14.59,11.89,15.16
2813000,12.13,12.97,14.85,11.55,14.61
2814000,12.09,13.06,14.82,11.68,14.85
2815000,12.36,13.59,14.99,11.32,14.72
2816000,12.48,13.24,15.19,11.46,14.69
2817000,12.52,13.37,15.24,11.63,14.81
2818000,12.15,13.59,15.37,11.59,14.83
2819000,12.1,13.74,15.27,11.67,13.9
2820000,11.73,13.99,15.56,12.05,13.76
2821000,11.62,13.51,15.42,12.17,13.24
2822000,11.7,13.46,15.82,12.28,13.27
2823000,11.92,13.8,16.18,11.94,13.5
2824000,11.47,13.84,16.16,11.91,13.52
2825000,11.5,13.81,16.19,11.47,13.75
2826000,11.39,13.35,16.21,11.41,13.85
2827000,11.28,13.47,16.3,11.8,14.02
2828000,11.13,14.09,16.47,11.96,14.17
2829000,11.16,14.15,16.24,12.6,13.9
2830000,11.1,14.48,16.28,12.6,13.6
2831000,10.63,14.27,16.33,12.9,13.87
2832000,11.01,14.08,16.04,12.67,13.99
2833000,11.04,13.85,16.02,11.84,13.76
2834000,11.06,14.09,16.09,11.7,13.87
2835000,11.12,14.38,15.56,11.67,13.75
2836000,11.45,14.31,15.81,11.87,13.96
2837000,11.53,14.56,16.07,12.19,13.95
2838000,11.14,14.68,16.21,12.1,13.97
2839000,11.05,14.16,16.08,12.03,14.35
2840000,11.06,14.39,15.89,12.09,14.15
2841000,10.93,14.02,16.03,12.24,13.16
2842000,10.75,13.95,16.14,12.39,12.87
2843000,10.8,14.06,16.19,12.07,12.76
2844000,11.09,14.36,15.83,12.06,12.26
2845000,10.71,14.17,16.19,11.98,12.52
2846000,10.36,14.03,16.06,12.26,12.28
2847000,10.02,13.82,15.31,12.01,12.15
2848000,9.87,13.66,15.6,11.93,12.4
2849000,9.96,13.37,15.42,11.93,12.34
2850000,10.35,13.33,15.2,12.25,12.19
2851000,10.2,13.1,15.76,12.3,12.41
2852000,10.31,13.29,15.66,12.73,12.26
2853000,10.34,13.28,15.63,12.23,12.52
2854000,10.01,13.29,15.75,11.95,12.44
2855000,9.62,13.31,15.73,12.16,12.64
2856000,9.77,13.29,15.52,12.16,12.89
2857000,10.01,13.3,15.66,12.45,12.84
2858000,10.14,13.02,15.7,12.46,13.07
2859000,10.02,13.0,15.5,12.52,12.58
2860000,10.29,13.16,15.16,12.35,12.53
2861000,9.74,13.02,15.25,12.7,12.03
2862000,9.99,11.83,15.59,12.07,12.25
2863000,9.03,11.98,15.45,12.09,12.3
2864000,9.27,12.28,15.19,11.94,12.22
2865000,9.06,12.35,15.05,11.88,12.09
2866000,8.81,12.29,14.67,12.14,12.18
2867000,9.13,12.71,14.88,12.04,12.5
2868000,9.27,12.12,14.7,11.87,12.65
2869000,9.61,11.65,14.86,12.36,13.12
2870000,9.5,11.97,14.52,12.01,13.08
2871000,9.38,12.15,14.51,12.06,12.86
2872000,9.43,12.4,14.87,11.86,12.52
2873000,9.67,12.45,14.95,12.01,12.54
2874000,9.65,12.53,14.83,12.28,12.8
2875000,9.91,12.72,14.95,12.15,12.99
2876000,10.22,12.84,15.17,12.21,13.34
2877000,10.39,12.99,15.28,12.38,13.64
2878000,10.41,13.38,15.15,12.64,14.1
2879000,10.63,13.18,14.99,12.9,14.14
2880000,10.46,13.44,14.75,13.14,14.01
2881000,10.67,13.14,14.83,13.33,13.8
2882000,10.67,13.47,14.38,12.76,13.88
2883000,11.07,13.1,14.6,12.88,14.25
2884000,11.11,13.56,14.71,12.41,14.36
2885000,11.47,13.6,14.63,12.36,14.43
2886000,11.51,13.53,14.91,12.4,14.73
2887000,11.79,13.63,15.22,12.46,14.64
2888000,11.99,13.47,15.33,12.35,14.35
2889000,12.04,13.6,14.64,12.67,14.43
2890000,12.06,13.33,14.74,12.89,14.66
2891000,12.11,13.43,13.87,13.0,14.51
2892000,12.11,13.55,13.66,13.19,14.94
2893000,12.31,13.52,13.93,13.04,14.78
2894000,11.99,13.94,14.16,13.47,15.06
2895000,12.25,13.46,14.18,12.88,14.63
2896000,12.67,13.76,14.03,13.04,14.36
2897000,12.69,13.94,14.34,13.35,14.7
2898000,12.89,14.1,14.57,13.45,14.91
2899000,12.68,14.26,14.21,13.87,15.28
2900000,12.14,14.13,13.66,13.9,15.27
2901000,12.01,13.75,13.75,14.11,15.17
2902000,12.16,13.66,13.53,14.06,15.12
2903000,12.3,13.35,13.71,14.03,15.17
2904000,12.33,13.51,13.54,14.03,15.13
2905000,11.91,13.71,13.2,13.52,15.17
2906000,11.81,13.8,13.52,13.59,14.92
2907000,11.87,13.67,13.68,13.93,14.95
2908000,12.02,13.28,13.98,14.28,14.86
2909000,12.21,13.55,14.08,13.67,15.05
2910000,12.4,13.77,14.44,13.49,15.0
2911000,12.3,13.61,14.43,13.41,15.34
2912000,12.0,13.8,14.07,12.96,15.44
2913000,12.04,13.71,14.11,13.26,15.86
2914000,11.63,12.61,13.86,13.12,16.43
2915000,11.25,12.73,14.07,12.83,16.37
2916000,11.7,12.85,14.24,13.01,16.19
2917000,11.23,13.13,14.25,13.35,15.95
2918000,11.04,12.8,14.41,13.28,15.79
2919000,10.83,12.55,14.58,13.71,15.03
2920000,10.78,12.87,14.81,13.91,15.54
2921000,10.4,12.68,14.69,14.12,15.57
2922000,10.74,12.93,14.57,13.65,15.71
2923000,10.95,12.69,14.55,13.77,15.86
2924000,10.77,12.85,13.67,13.95,16.25
2925000,10.75,13.08,13.99,13.67,16.22
2926000,10.81,12.78,14.53,13.83,16.26
2927000,10.88,12.59,14.75,13.7,15.69
2928000,11.24,12.78,14.61,13.35,15.97
2929000,11.11,12.43,14.82,13.75,16.03
2930000,11.38,12.52,14.99,13.47,16.42
2931000,11.49,12.52,14.98,13.51,16.5
2932000,11.52,12.43,14.4,13.05,16.53
2933000,11.72,12.55,14.26,13.25,16.51
2934000,11.81,12.91,14.66,12.87,16.47
2935000,11.84,12.85,14.41,13.02,16.15
2936000,11.76,12.87,14.12,12.99,15.82
2937000,12.31,12.72,14.29,13.22,16.12
2938000,12.26,12.73,14.48,13.39,15.82
2939000,12.0,12.46,14.45,13.54,15.91
2940000,11.91,12.24,14.53,13.51,15.32
2941000,11.46,12.32,14.88,13.62,15.28
2942000,11.5,12.62,14.81,13.87,15.59
2943000,11.46,12.98,15.13,13.5,15.75
2944000,11.19,12.71,15.9,13.46,15.58
2945000,11.17,12.48,15.9,13.49,15.62
2946000,11.0,12.44,16.17,13.36,16.17
2947000,11.2,12.61,16.45,13.2,15.65
2948000,11.55,12.71,16.55,12.95,15.39
2949000,11.81,12.96,16.55,13.05,15.27
2950000,11.72,13.05,16.1,13.12,15.21
2951000,11.77,13.1,16.04,12.65,14.59
2952000,11.88,12.75,16.23,12.85,13.94
2953000,11.9,12.65,16.51,13.03,14.15
2954000,12.17,12.47,16.63,12.88,13.6
2955000,12.2,12.59,16.62,12.4,13.47
2956000,12.25,12.81,16.18,12.49,13.94
2957000,12.61,12.42,16.24,12.33,13.49
2958000,12.95,12.19,16.61,12.18,13.53
2959000,12.98,12.21,16.16,12.17,13.62
2960000,12.79,12.48,16.16,12.0,13.42
2961000,12.89,12.54,16.18,11.48,12.9
2962000,13.15,12.73,16.37,11.58,12.81
2963000,13.17,12.57,16.39,11.49,12.95
2964000,13.18,12.65,16.39,11.54,13.03
2965000,12.95,12.88,16.72,11.68,12.42
2966000,12.92,12.87,16.42,11.63,12.21
2967000,13.09,12.8,16.21,11.68,12.4
2968000,12.98,12.92,16.0,11.74,12.63
2969000,13.05,12.76,15.99,11.66,12.48
2970000,13.01,12.89,15.87,11.23,12.42
2971000,12.67,12.86,15.95,10.94,12.52
2972000,13.01,13.13,16.11,11.29,12.59
2973000,13.17,13.51,16.31,11.01,12.53
2974000,13.36,13.46,15.82,10.74,12.68
2975000,13.35,13.68,15.75,10.75,12.52
2976000,13.76,13.45,15.88,10.95,12.3
2977000,14.29,13.46,15.96,11.18,12.33
2978000,14.06,13.8,16.06,11.49,12.6
2979000,14.34,13.46,16.11,11.62,11.67
2980000,14.45,13.55,16.67,11.39,11.95
2981000,14.45,13.2,16.44,11.5,12.1
2982000,14.69,12.93,16.64,11.51,12.16
2983000,14.23,12.77,16.84,11.82,12.4
2984000,14.17,12.88,16.75,12.03,12.25
2985000,14.66,12.99,16.12,12.0,12.18
2986000,14.77,13.2,15.5,12.03,12.62
2987000,14.69,13.26,15.53,12.13,12.42
2988000,14.66,13.18,15.67,12.41,12.68
2989000,14.68,13.6,15.59,12.23,12.96
2990000,14.37,13.65,15.51,12.67,13.02
2991000,14.19,13.67,15.57,12.83,13.36
2992000,14.19,13.57,15.59,12.86,13.28
2993000,14.19,13.77,15.74,12.98,13.57
2994000,14.43,14.05,15.62,13.14,13.51
2995000,14.51,14.14,15.6,13.42,13.67
2996000,14.34,14.15,15.6,13.4,14.02
2997000,14.03,14.04,15.63,13.8,13.93
2998000,14.08,14.21,15.64,13.72,14.32
2999000,14.24,14.4,15.84,13.76,14.41
3000000,14.7,14.28,15.61,13.79,13.47
3001000,14.48,14.0,15.73,13.31,13.9
3002000,15.03,13.7,15.63,12.87,14.18
3003000,14.83,13.86,15.76,12.92,14.32
3004000,14.81,13.64,15.77,12.67,14.26
3005000,14.94,13.78,15.23,13.0,14.06
3006000,15.04,14.43,15.15,12.73,14.13
3007000,15.06,14.41,15.23,12.76,14.66
3008000,15.25,13.97,15.53,13.2,14.85
3009000,15.5,13.33,15.84,13.36,15.32
3010000,15.81,13.33,15.8,13.03,15.34
3011000,15.4,13.86,15.6,13.29,15.43
3012000,15.33,13.97,15.75,13.36,15.23
3013000,15.67,13.8,15.95,13.43,15.32
3014000,15.89,13.57,16.3,13.7,15.32
3015000,15.95,13.84,16.37,13.84,15.56
3016000,15.98,13.87,16.48,13.63,15.72
3017000,15.84,13.73,16.6,13.41,16.14
3018000,16.17,13.93,16.04,13.26,16.3
3019000,15.72,14.21,16.66,13.27,16.44
3020000,15.7,14.45,16.76,13.27,16.89
3021000,15.87,14.29,16.49,13.55,16.71
3022000,16.23,13.98,15.81,13.08,16.83
3023000,15.98,13.94,15.57,13.37,16.83
3024000,15.98,14.35,15.81,13.15,16.45
3025000,15.48,14.03,16.16,12.98,16.72
3026000,15.52,14.08,16.49,13.15,17.02
3027000,15.59,14.31,16.59,12.71,16.91
3028000,15.19,14.4,16.02,12.73,16.88
3029000,15.33,13.78,16.03,12.63,16.93
3030000,15.44,13.68,16.28,12.49,17.27
3031000,15.57,13.83,16.66,12.25,17.7
3032000,14.55,13.68,16.41,12.37,17.24
3033000,14.55,13.25,16.43,12.16,17.26
3034000,14.65,13.3,15.97,12.36,16.77
3035000,15.06,13.57,15.57,12.6,16.69
3036000,14.93,13.06,15.4,12.63,16.1
3037000,14.94,12.95,15.28,12.75,16.32
3038000,14.6,12.5,15.02,13.08,16.34
3039000,14.45,12.41,14.88,12.94,16.41
3040000,14.4,12.19,14.68,12.49,16.49
3041000,14.27,12.53,14.55,12.4,16.41
3042000,14.38,12.35,14.97,12.03,17.14
3043000,13.82,12.55,14.91,12.1,17.33
3044000,13.43,12.42,15.46,12.06,17.27
3045000,13.13,12.75,15.48,11.85,16.84
3046000,13.18,12.54,15.11,11.96,16.96
3047000,13.01,12.38,15.37,11.67,17.12
3048000,12.72,12.31,15.24,11.83,16.69
3049000,12.78,12.24,15.54,12.14,16.49
3050000,12.83,12.58,15.79,12.12,16.31
3051000,12.9,12.68,15.79,12.1,15.85
3052000,12.56,12.77,15.89,11.95,16.14
3053000,12.69,12.54,15.32,11.89,16.37
3054000,12.62,12.2,14.77,11.53,16.53
3055000,12.2,12.04,15.05,11.78,16.65
3056000,12.28,12.25,15.21,11.59,16.45
3057000,12.54,12.2,14.74,11.66,16.36
3058000,12.27,12.12,15.0,11.86,15.95
3059000,12.9,11.95,15.18,12.3,16.07
3060000,12.77,11.87,15.42,12.17,15.8
3061000,12.9,12.3,15.22,12.23,15.95
3062000,13.29,12.36,14.71,12.01,15.98
3063000,13.37,12.45,14.22,11.97,16.45
3064000,13.48,12.82,14.43,12.41,16.23
3065000,13.49,12.71,14.48,12.3,16.33
3066000,13.68,12.89,14.64,12.6,15.43
3067000,14.03,12.79,13.91,12.55,15.59
3068000,14.07,13.18,14.04,12.37,15.72
3069000,13.82,13.01,14.19,12.56,15.3
3070000,13.29,13.11,14.52,12.68,14.92
3071000,13.2,13.11,14.59,12.68,15.46
3072000,13.35,13.33,14.82,12.66,15.44
3073000,13.03,13.83,15.15,12.77,15.34
3074000,13.61,14.18,15.47,12.74,15.45
3075000,13.56,14.06,15.31,12.79,15.82
3076000,13.57,13.91,15.28,12.98,15.9
3077000,13.67,14.35,15.59,12.96,16.23
3078000,13.91,14.33,15.7,12.98,16.09
3079000,13.51,14.19,15.73,13.3,16.04
3080000,13.67,14.23,15.96,13.73,16.29
3081000,13.68,14.8,15.75,13.37,16.56
3082000,13.57,15.05,15.93,13.48,16.68
3083000,12.88,14.64,15.91,13.13,16.58
3084000,12.56,14.89,16.03,13.16,16.03
3085000,12.73,14.88,16.34,13.33,16.0
3086000,12.98,14.95,16.67,13.0,16.26
3087000,13.08,15.31,16.7,13.3,16.37
3088000,13.36,14.9,16.65,13.34,16.48
3089000,13.64,14.97,17.04,13.28,16.3
3090000,13.61,14.54,17.04,13.29,16.66
3091000,13.61,14.23,16.74,12.76,16.76
3092000,13.11,14.06,16.68,12.65,17.13
3093000,13.05,14.62,16.5,12.74,17.34
3094000,12.78,14.8,16.67,13.01,17.24
3095000,12.12,15.22,17.04,13.28,17.14
3096000,11.97,15.31,17.29,13.24,16.68
3097000,11.92,15.42,17.34,13.24,16.78
3098000,11.58,15.21,16.89,13.26,16.58
3099000,11.88,15.22,16.49,13.36,15.9
3100000,11.97,15.14,16.47,13.36,16.09
3101000,11.74,15.23,16.76,13.49,16.15
3102000,11.88,15.21,16.83,13.62,15.93
3103000,12.12,14.99,16.95,13.56,16.06
3104000,11.73,14.7,17.34,13.67,15.89
3105000,12.07,14.67,17.6,13.82,15.95
3106000,11.7,14.55,17.9,13.77,16.28
3107000,11.63,14.49,17.54,13.7,16.51
3108000,11.35,14.71,17.79,13.72,16.73
3109000,11.47,14.62,17.74,13.44,16.9
3110000,11.46,14.81,18.12,13.44,17.0
3111000,11.77,14.42,17.95,13.23,17.28
3112000,12.2,14.45,17.55,13.12,17.49
3113000,11.89,14.64,17.73,12.74,17.38
3114000,12.23,15.01,17.52,12.43,16.61
3115000,12.06,14.79,17.63,12.6,16.84
3116000,12.37,14.64,17.65,12.24,16.64
3117000,12.77,14.71,17.92,12.16,16.13
3118000,12.86,14.85,18.07,12.45,15.65
3119000,13.0,14.54,18.09,12.51,15.79
3120000,13.01,13.78,18.11,12.4,15.59
3121000,12.11,13.46,17.63,12.16,15.06
3122000,12.24,13.21,17.31,12.02,15.27
3123000,12.43,13.53,17.36,12.38,15.57
3124000,12.43,13.61,17.37,12.67,15.24
3125000,12.53,13.61,17.04,12.93,14.3
3126000,12.44,13.73,16.54,12.66,14.49
3127000,12.9,13.99,16.33,12.9,14.83
3128000,12.76,14.35,16.51,12.35,15.2
3129000,12.69,14.62,16.14,12.53,14.87
3130000,12.7,14.15,16.06,12.48,14.82
3131000,12.82,14.4,16.3,12.6,14.29
3132000,12.7,14.9,16.41,12.29,14.38
3133000,12.88,14.61,16.56,12.17,14.35
3134000,12.97,14.85,16.49,11.87,14.73
3135000,12.74,14.84,16.47,11.92,14.54
3136000,12.93,15.17,16.36,12.26,14.52
3137000,12.45,14.94,16.18,12.26,14.6
3138000,12.54,14.44,16.34,11.22,14.64
3139000,12.65,14.49,16.51,11.31,14.61
3140000,12.9,14.52,16.76,11.6,14.5
3141000,13.19,14.54,17.0,11.79,14.49
3142000,13.42,14.83,16.84,11.51,14.62
3143000,13.36,14.99,16.88,11.75,14.17
3144000,13.92,14.97,16.85,11.98,14.03
3145000,14.1,15.06,17.15,12.09,14.03
3146000,14.18,14.92,16.59,12.02,13.89
3147000,13.97,14.77,16.08,12.26,13.64
3148000,14.16,14.86,16.14,12.31,13.69
3149000,14.08,14.65,16.23,12.71,13.66
3150000,14.04,15.22,16.22,12.54,13.78
3151000,13.05,14.74,16.49,12.51,14.11
3152000,12.92,14.56,16.28,12.67,14.59
3153000,12.76,14.66,16.18,12.43,14.49
3154000,13.02,14.76,15.85,12.73,14.51
3155000,12.81,14.64,15.64,12.78,14.76
3156000,12.55,14.31,15.7,12.31,14.93
3157000,12.83,14.43,16.13,12.03,15.23
3158000,12.88,14.67,16.06,12.28,14.77
3159000,13.03,14.87,16.0,12.2,14.99
3160000,12.8,15.04,16.17,12.34,14.27
3161000,12.62,14.95,16.07,12.41,14.29
3162000,12.88,14.82,16.23,12.28,14.22
3163000,12.84,15.02,16.34,12.65,13.69
3164000,12.84,14.95,16.78,12.36,13.71
3165000,13.15,15.03,16.48,12.47,13.64
3166000,13.03,14.91,16.73,12.59,13.66
3167000,13.37,14.55,16.92,12.42,13.58
3168000,13.52,14.86,17.01,12.25,13.37
3169000,13.56,13.79,17.06,12.51,13.34
3170000,13.47,13.56,16.62,12.65,13.43
3171000,13.59,13.69,16.67,12.95,13.37
3172000,13.79,13.47,16.67,13.33,13.17
3173000,14.1,13.75,16.77,13.75,13.23
3174000,14.06,14.14,16.24,13.95,13.59
3175000,14.1,13.93,16.45,13.99,13.72
3176000,13.74,13.91,16.66,13.77,13.72
3177000,14.05,13.96,16.63,14.06,13.64
3178000,14.15,13.62,16.89,14.16,13.66
3179000,14.2,14.08,16.26,14.32,14.04
3180000,13.6,13.75,16.35,13.77,13.84
3181000,13.33,13.82,16.49,13.63,13.7
3182000,13.31,13.49,15.65,13.95,13.91
3183000,13.16,13.33,15.49,13.03,13.27
3184000,13.19,13.68,15.12,13.32,13.34
3185000,13.38,13.38,15.54,13.44,13.45
3186000,13.82,13.55,15.7,13.67,13.14
3187000,13.89,13.42,15.84,14.05,13.05
3188000,14.04,13.61,16.03,14.27,12.64
3189000,14.23,13.11,16.08,14.26,12.59
3190000,13.85,13.07,15.85,14.07,12.79
3191000,14.19,13.17,15.99,14.24,12.94
3192000,14.56,13.38,16.15,14.13,12.65
3193000,14.14,13.42,16.03,14.57,12.47
3194000,14.34,13.32,16.41,14.64,13.07
3195000,14.32,13.41,16.42,14.85,13.43
3196000,14.42,13.66,16.79,14.66,13.19
3197000,14.72,13.66,16.33,14.93,13.3
3198000,14.81,14.01,16.38,14.52,13.44
3199000,14.87,14.05,16.64,14.39,13.8
3200000,14.71,14.18,17.05,14.73,14.3
3201000,14.48,14.64,16.79,14.33,14.5
3202000,14.32,14.22,16.75,14.62,14.71
3203000,13.86,14.27,16.82,14.19,14.59
3204000,14.0,14.24,16.64,14.04,14.61
3205000,14.2,14.4,16.67,13.99,14.59
3206000,14.18,14.79,16.53,13.41,14.73
3207000,14.13,14.55,16.05,13.0,14.74
3208000,14.09,14.53,16.11,12.62,15.08
3209000,13.86,14.58,15.97,12.6,15.36
3210000,13.78,14.38,15.77,12.8,15.42
3211000,13.33,13.96,16.4,12.98,15.02
3212000,13.31,14.1,16.26,13.05,15.22
3213000,13.54,13.69,15.96,13.0,15.35
3214000,13.27,13.47,16.16,13.17,15.26
3215000,12.96,13.86,16.22,13.35,15.19
3216000,13.02,13.94,15.71,13.25,15.3
3217000,12.6,14.11,15.45,13.25,15.53
3218000,13.02,14.1,15.52,13.19,15.24
3219000,13.05,13.72,15.04,13.51,15.49
3220000,12.8,13.18,15.31,13.63,15.29
3221000,13.04,13.41,15.54,13.47,15.7
3222000,13.2,13.66,15.56,13.63,15.75
3223000,13.13,13.56,15.85,13.49,15.92
3224000,13.04,13.74,15.82,13.85,15.95
3225000,13.0,13.67,15.75,13.83,16.05
3226000,12.95,13.3,15.28,13.8,16.32
3227000,12.68,13.4,15.92,13.33,16.05
3228000,12.74,13.68,15.97,13.1,16.34
3229000,12.4,13.68,15.84,13.42,16.63
3230000,12.2,14.12,15.89,13.38,16.67
3231000,12.26,14.08,15.56,13.08,15.95
3232000,12.52,13.75,15.55,12.92,16.06
3233000,12.71,13.78,15.27,12.83,16.37
3234000,13.19,13.62,14.72,12.51,16.59
3235000,12.82,13.76,15.09,12.43,16.21
3236000,12.87,13.58,15.04,12.53,16.06
3237000,12.81,14.4,14.47,12.66,16.46
3238000,12.8,14.6,14.41,12.54,16.59
3239000,13.11,14.39,14.77,12.64,16.82
3240000,12.93,14.06,14.74,12.76,16.98
3241000,12.71,14.21,14.58,13.2,16.65
3242000,12.87,14.11,14.87,13.4,16.42
3243000,12.93,14.08,14.82,13.25,16.73
3244000,13.02,13.82,15.37,12.57,16.08
3245000,13.0,14.1,15.14,12.82,16.29
3246000,13.21,14.41,14.99,12.75,16.49
3247000,12.8,14.16,15.12,12.62,16.43
3248000,12.84,14.05,14.87,12.37,16.28
3249000,13.41,14.02,15.08,12.61,16.63
3250000,13.11,14.37,15.02,12.58,16.74
3251000,13.68,14.5,15.1,12.34,16.72
3252000,13.71,14.35,15.2,12.46,16.54
3253000,13.75,14.44,15.35,12.32,16.41
3254000,13.56,14.72,15.66,12.49,16.38
3255000,13.62,14.81,15.55,11.51,16.52
3256000,13.88,14.66,15.96,11.77,16.69
3257000,13.53,14.73,15.69,12.18,16.39
3258000,13.52,14.91,15.91,12.19,16.69
3259000,13.34,14.73,16.3,12.24,16.28
3260000,13.18,14.92,16.58,12.48,15.63
3261000,13.15,15.18,16.6,12.33,15.76
3262000,13.6,14.92,16.88,12.11,15.58
3263000,13.89,15.23,17.16,12.12,15.29
3264000,13.81,15.07,17.12,12.13,15.61
3265000,13.74,15.13,17.56,12.39,15.59
3266000,14.13,14.49,17.52,12.73,15.32
3267000,14.08,14.83,17.7,12.56,15.23
3268000,13.81,14.62,18.26,13.13,15.25
3269000,13.37,14.29,18.06,13.43,15.21
3270000,13.35,14.34,18.04,13.43,15.33
3271000,13.39,13.91,18.09,13.69,15.84
3272000,13.58,13.41,18.34,13.46,16.11
3273000,13.69,13.07,18.74,13.84,16.44
3274000,13.66,13.04,18.98,14.03,15.98
3275000,13.73,13.31,19.3,14.25,16.23
3276000,13.79,13.29,19.24,13.68,16.26
3277000,14.0,13.1,19.46,13.54,16.2
3278000,14.13,13.29,19.48,13.39,16.31
3279000,13.93,13.38,19.67,13.46,16.39
3280000,14.26,13.69,20.16,13.4,16.31
3281000,14.26,13.36,20.34,13.54,16.38
3282000,14.39,13.14,20.1,13.75,16.47
3283000,14.16,13.21,20.07,13.81,16.33
3284000,14.04,13.83,20.12,13.73,16.46
3285000,14.05,14.05,19.78,14.0,16.4
3286000,13.48,14.16,20.18,13.78,16.48
3287000,13.11,14.21,20.53,14.02,16.36
3288000,12.48,14.0,20.56,13.66,16.32
3289000,12.55,13.87,19.92,13.92,16.6
3290000,12.84,13.9,20.05,14.09,16.88
3291000,12.93,13.95,19.96,14.46,16.58
3292000,12.96,13.58,20.05,14.4,16.07
3293000,12.99,13.44,20.17,13.94,16.14
3294000,13.0,14.0,20.36,13.78,16.3
3295000,12.47,13.99,20.42,13.96,16.83
3296000,12.47,13.56,20.33,13.91,16.92
3297000,12.54,13.31,20.1,13.63,16.23
3298000,12.59,13.41,19.27,13.89,16.47
3299000,12.69,13.42,19.59,14.0,16.31
3300000,12.8,13.54,19.75,13.83,16.57
3301000,12.56,13.79,19.36,14.17,16.9
3302000,12.99,14.12,19.56,14.1,17.15
3303000,13.22,14.2,18.83,14.28,16.88
3304000,13.12,14.33,18.3,14.19,16.59
3305000,13.07,14.69,18.42,13.88,16.8
3306000,13.17,14.4,18.35,13.87,16.94
3307000,13.17,14.55,18.53,14.24,17.43
3308000,12.95,14.21,17.92,14.15,17.16
3309000,12.99,14.72,18.0,13.7,17.23
3310000,12.99,14.52,17.19,13.48,17.32
3311000,12.88,14.68,17.18,13.46,16.56
3312000,12.61,14.58,16.75,13.78,16.92
3313000,12.5,14.44,15.95,14.01,17.03
3314000,11.93,14.39,15.53,14.16,16.6
3315000,11.95,14.53,15.15,14.09,16.21
3316000,12.1,14.4,15.43,14.15,16.15
3317000,11.74,14.6,15.79,14.58,16.32
3318000,11.79,14.57,15.46,14.22,16.02
3319000,12.08,14.6,15.5,14.45,16.41
3320000,12.4,14.47,15.6,14.5,15.95
3321000,12.44,14.55,15.58,14.74,16.01
3322000,13.08,14.15,15.48,14.51,15.48
3323000,13.31,14.03,15.17,14.26,15.5
3324000,13.86,14.22,15.09,14.03,15.44
3325000,13.94,14.35,15.02,14.24,15.53
3326000,13.67,14.37,15.36,14.42,15.42
3327000,13.61,14.4,15.18,13.95,15.48
3328000,13.84,14.36,15.61,14.09,15.63
3329000,13.7,14.69,15.41,14.42,15.82
3330000,13.82,14.61,15.27,14.41,15.93
3331000,14.15,14.32,15.47,14.14,15.74
3332000,14.27,14.22,15.56,13.72,15.53
3333000,14.6,14.44,15.49,14.01,15.79
3334000,14.79,14.42,15.5,14.28,15.76
3335000,14.66,14.74,15.53,13.88,16.29
3336000,14.53,15.11,15.36,13.91,16.53
3337000,14.37,14.48,15.77,13.47,16.3
3338000,14.6,13.76,15.97,13.77,15.45
3339000,14.88,13.94,15.82,13.56,16.06
3340000,15.01,13.93,15.75,13.57,16.18
3341000,14.58,13.51,15.92,13.91,16.39
3342000,14.5,14.01,16.34,13.68,16.51
3343000,14.48,14.13,16.21,13.62,16.43
3344000,14.71,14.29,16.45,14.09,15.95
3345000,15.02,14.09,16.61,14.07,16.2
3346000,14.89,14.01,16.6,14.21,16.39
3347000,14.73,13.97,16.53,13.48,16.75
3348000,14.68,14.07,16.78,13.31,16.85
3349000,15.14,14.26,17.0,13.14,17.19
3350000,15.41,14.57,16.57,13.47,16.88
3351000,15.44,14.59,16.71,13.7,16.32
3352000,15.65,14.79,16.92,13.43,16.46
3353000,15.64,15.12,17.67,13.79,16.39
3354000,15.95,15.05,17.29,13.22,16.68
3355000,15.91,15.42,17.36,13.4,16.79
3356000,16.75,15.15,17.36,13.29,17.16
3357000,16.61,15.19,17.79,13.64,16.89
3358000,16.48,15.34,17.7,13.66,16.89
3359000,16.36,15.19,17.75,14.04,17.38
3360000,16.43,14.94,17.55,13.93,17.14
3361000,15.41,15.35,17.21,13.52,17.04
3362000,15.6,15.56,17.23,13.72,16.89
3363000,15.22,15.84,16.97,13.35,16.5
3364000,15.18,15.59,17.24,12.87,16.7
3365000,15.04,15.28,17.33,12.93,17.04
3366000,15.36,15.4,17.01,13.03,16.94
3367000,15.68,15.4,16.72,13.05,17.11
3368000,15.99,15.45,16.88,13.1,17.33
3369000,15.76,15.53,17.0,13.1,17.19
3370000,15.6,15.81,17.22,13.04,17.41
3371000,15.34,15.98,17.38,12.86,16.73
3372000,15.1,16.12,17.35,12.56,16.89
3373000,15.54,16.05,16.9,12.72,16.6
3374000,15.82,16.32,17.29,13.1,16.75
3375000,15.4,15.93,17.44,12.94,16.85
3376000,15.47,15.83,17.51,13.18,16.77
3377000,15.33,16.22,17.16,13.05,16.84
3378000,15.5,16.44,17.29,12.81,16.79
3379000,15.8,16.74,17.36,12.55,16.46
3380000,15.69,16.91,17.56,12.56,17.08
3381000,15.58,17.1,17.22,12.84,16.96
3382000,15.05,17.0,16.9,13.06,16.78
3383000,14.81,16.85,16.84,12.84,17.21
3384000,15.15,17.06,17.04,12.64,17.1
3385000,14.8,17.23,16.78,12.55,16.86
3386000,14.47,17.24,16.9,12.93,17.0
3387000,14.48,17.24,17.47,12.61,17.14
3388000,14.65,17.34,17.05,12.87,16.08
3389000,14.97,17.35,17.12,12.46,16.36
3390000,15.02,17.16,16.96,12.94,16.32
3391000,14.78,17.29,17.11,12.68,16.57
3392000,14.52,17.17,17.29,12.64,16.57
3393000,14.21,16.97,16.87,13.03,16.77
3394000,14.21,16.9,16.74,12.88,16.81
3395000,14.56,16.78,16.75,12.71,17.08
3396000,14.54,16.57,16.99,12.59,16.74
3397000,14.46,16.85,17.36,12.76,17.05
3398000,14.47,16.43,17.04,12.95,16.6
3399000,14.99,16.51,17.2,12.93,16.57
3400000,14.74,16.67,17.5,13.39,16.67
3401000,14.93,16.45,17.32,13.48,16.59
3402000,14.86,16.3,17.5,13.77,16.73
3403000,14.73,16.26,17.81,13.71,17.04
3404000,14.3,16.18,18.05,13.48,17.17
3405000,13.83,16.33,18.0,13.58,16.88
3406000,14.09,15.95,17.75,13.76,17.25
3407000,14.03,16.25,17.92,13.84,17.82
3408000,14.1,16.04,18.0,13.69,17.46
3409000,14.07,16.3,18.1,14.41,17.41
3410000,13.89,16.65,18.14,14.45,16.85
3411000,13.94,16.4,18.42,14.79,16.85
3412000,13.64,16.56,18.55,14.8,17.21
3413000,13.73,16.01,18.56,14.75,17.24
3414000,13.31,16.11,18.53,14.52,17.44
3415000,13.6,16.04,18.65,14.53,17.78
3416000,13.56,16.1,18.99,14.71,17.72
3417000,13.8,15.63,19.06,14.6,17.95
3418000,13.91,15.57,19.12,14.96,17.72
3419000,13.88,15.32,18.32,14.93,17.77
3420000,13.51,14.96,17.98,14.79,17.52
3421000,13.55,14.93,18.19,14.74,17.21
3422000,13.77,13.88,18.16,14.96,17.51
3423000,14.01,14.17,18.1,15.47,17.44
3424000,14.54,13.89,18.11,15.36,17.36
3425000,14.09,14.16,18.11,15.12,16.93
3426000,13.91,14.07,18.56,15.09,16.89
3427000,13.91,13.61,18.65,15.08,16.89
3428000,13.68,13.67,18.38,15.14,17.04
3429000,13.8,13.59,18.59,14.61,17.46
3430000,13.8,13.64,19.0,14.58,17.06
3431000,13.82,12.9,18.99,14.37,17.36
3432000,13.9,13.1,19.08,14.35,17.37
3433000,14.33,13.43,19.35,14.73,16.61
3434000,14.36,13.28,19.5,14.92,16.97
3435000,14.25,13.32,19.09,15.03,17.34
3436000,14.1,13.39,18.99,14.72,17.92
3437000,14.67,13.03,18.33,14.85,18.13
3438000,14.56,12.87,18.18,15.09,18.28
3439000,14.74,12.96,18.2,14.54,18.2
3440000,15.06,12.7,18.47,14.64,18.0
3441000,15.01,13.06,17.97,14.9,17.57
3442000,15.0,13.14,17.79,14.92,18.11
3443000,15.28,13.16,17.95,14.75,18.26
3444000,15.64,12.79,18.22,14.99,18.19
3445000,15.42,12.87,18.34,15.01,18.02
3446000,15.28,12.93,18.34,15.14,18.46
3447000,15.0,13.1,18.53,13.97,18.17
3448000,15.06,13.49,18.37,14.06,18.31
3449000,14.95,13.61,18.09,14.31,18.75
3450000,14.69,13.71,17.98,14.18,18.56
3451000,14.66,13.35,18.42,13.6,18.17
3452000,14.87,13.4,17.98,13.66,18.3
3453000,14.68,13.45,17.85,13.75,18.38
3454000,14.63,13.83,17.75,13.92,18.5
3455000,14.36,14.22,17.28,14.17,18.39
3456000,14.44,14.3,16.75,14.35,18.39
3457000,14.32,14.21,16.23,14.22,18.33
3458000,14.24,14.47,16.32,14.33,18.35
3459000,14.52,14.72,16.61,14.12,18.31
3460000,14.54,14.85,16.58,13.83,18.0
3461000,14.13,14.92,16.57,13.52,18.19
3462000,14.33,14.84,16.95,13.39,18.19
3463000,14.52,14.57,17.28,13.34,17.93
3464000,14.86,14.48,17.33,13.47,17.73
3465000,15.07,14.85,17.25,13.5,17.59
3466000,15.45,14.68,17.04,13.22,17.79
3467000,15.14,14.63,17.01,13.17,17.68
3468000,14.88,14.65,16.75,13.11,17.6
3469000,14.76,15.14,17.02,13.21,17.33
3470000,14.83,15.71,17.05,13.33,17.62
3471000,14.66,15.64,17.25,13.67,17.57
3472000,14.42,16.2,17.08,13.8,17.47
3473000,14.06,15.33,16.51,14.12,17.14
3474000,14.14,15.21,16.44,13.66,17.24
3475000,14.11,15.29,16.16,13.32,17.41
3476000,13.53,15.4,16.41,13.3,17.15
3477000,13.63,15.54,16.37,13.02,16.48
3478000,13.66,15.65,16.65,12.6,15.57
3479000,13.75,15.5,16.82,12.75,15.23
3480000,13.72,15.35,17.23,13.13,14.79
3481000,14.2,15.38,17.47,13.11,14.15
3482000,13.96,15.14,17.1,13.32,14.08
3483000,13.73,14.84,17.07,13.24,13.95
3484000,13.79,14.89,17.33,13.69,14.0
3485000,13.99,14.88,16.95,13.57,13.78
3486000,13.77,14.83,17.05,13.49,13.55
3487000,13.86,14.63,16.62,13.17,13.42
3488000,13.64,14.94,16.82,12.92,13.43
3489000,13.68,15.19,16.78,13.07,13.69
3490000,13.81,15.26,16.8,13.26,13.46
3491000,14.12,15.17,17.03,12.66,13.46
3492000,14.28,15.38,17.2,12.76,13.54
3493000,13.98,15.48,17.1,12.59,13.73
3494000,13.79,15.48,17.12,12.99,13.79
3495000,14.21,15.3,17.16,12.71,13.2
3496000,14.24,15.28,17.27,12.84,13.31
3497000,14.18,14.85,17.49,12.55,13.52
3498000,13.88,14.47,17.62,12.96,13.67
3499000,14.04,14.42,17.27,13.13,13.31
3500000,13.91,14.59,17.32,13.16,13.63
3501000,14.14,14.77,17.51,12.71,13.68
3502000,14.44,14.87,17.51,12.8,13.53
3503000,14.33,15.03,17.19,12.72,13.47
3504000,14.42,14.9,17.6,12.92,13.47
3505000,14.4,14.88,16.67,12.77,13.32
3506000,14.49,15.11,16.91,12.98,13.77
3507000,14.73,14.21,16.81,12.32,13.75
3508000,14.98,14.4,16.54,12.35,13.49
3509000,14.63,14.11,16.62,12.62,13.49
3510000,14.52,14.34,16.84,12.9,14.16
3511000,14.6,14.63,16.41,12.98,14.21
3512000,14.52,15.08,16.46,13.02,14.39
3513000,14.44,15.42,16.24,12.9,14.77
3514000,14.15,15.27,15.66,13.26,14.57
3515000,14.25,15.13,15.38,13.33,14.5
3516000,14.33,15.24,15.19,13.31,15.04
3517000,14.37,15.42,15.47,12.75,15.2
3518000,14.68,15.31,14.99,12.21,15.36
3519000,14.93,15.21,15.09,12.2,15.59
3520000,14.93,15.0,15.18,12.55,15.68
3521000,14.76,15.39,15.11,13.02,15.94
3522000,15.03,15.67,14.75,13.25,16.38
3523000,15.24,15.12,14.74,13.48,16.77
3524000,15.15,15.01,15.42,13.54,17.09
3525000,15.59,14.99,15.08,13.08,16.81
3526000,15.61,14.76,14.74,13.27,16.68
3527000,15.87,14.97,14.37,13.07,16.86
3528000,15.99,15.02,14.72,13.68,16.93
3529000,15.66,14.11,14.53,13.71,17.1
3530000,15.63,13.66,14.68,13.59,16.66
3531000,15.63,14.06,14.26,13.16,16.6
3532000,15.73,14.24,14.4,13.33,16.42
3533000,15.46,14.78,14.38,12.59,16.1
3534000,15.43,14.65,14.36,12.9,16.11
3535000,15.45,14.77,14.57,12.83,16.53
3536000,15.18,14.83,14.72,12.98,16.43
3537000,15.0,15.33,14.99,13.04,16.57
3538000,15.05,15.57,15.21,12.84,16.62
3539000,14.69,15.48,15.02,12.95,16.75
3540000,15.11,15.34,15.26,12.51,16.57
3541000,15.18,15.1,15.53,12.62,16.91
3542000,15.55,15.1,15.09,12.45,16.89
3543000,15.63,15.18,15.49,12.38,16.67
3544000,15.83,15.18,15.52,12.52,17.32
3545000,16.23,15.56,15.64,12.35,17.17
3546000,15.86,15.85,15.63,12.49,17.3
3547000,16.04,15.93,15.64,12.19,17.42
3548000,15.73,15.76,16.13,12.35,17.48
3549000,15.82,15.94,15.99,12.16,17.28
3550000,16.13,15.86,15.82,12.42,17.52
3551000,16.0,15.6,16.32,12.72,17.76
3552000,16.29,15.44,16.37,12.86,17.79
3553000,15.92,15.39,16.67,13.06,17.42
3554000,16.3,15.66,17.07,12.72,17.67
3555000,16.4,15.23,17.26,13.05,17.51
3556000,16.36,15.25,17.35,12.42,17.41
3557000,16.14,15.47,17.49,12.39,17.44
3558000,15.91,15.39,17.71,12.4,17.13
3559000,16.08,15.1,17.72,12.37,17.28
3560000,16.08,14.91,17.9,12.75,16.82
3561000,16.63,15.08,18.21,12.76,16.65
3562000,16.53,15.42,18.08,12.33,16.97
3563000,16.7,15.18,18.36,12.69,17.07
3564000,16.45,15.15,18.64,12.74,17.02
3565000,16.15,15.53,19.09,12.81,16.8
3566000,16.11,15.41,19.49,13.17,16.64
3567000,16.09,15.36,19.27,13.22,16.68
3568000,15.77,15.11,19.3,13.37,16.35
3569000,15.89,15.65,18.95,13.34,16.45
3570000,15.69,15.6,19.2,13.34,16.74
3571000,15.65,15.23,19.41,13.69,16.85
3572000,15.85,14.99,19.54,13.63,17.22
3573000,15.84,15.2,19.53,13.41,17.57
3574000,15.7,15.11,19.29,13.47,17.49
3575000,15.61,14.17,19.47,13.67,17.54
3576000,15.72,14.17,19.31,13.98,18.2
3577000,15.84,13.76,19.86,14.0,18.08
3578000,15.64,13.92,20.12,14.15,17.45
3579000,15.46,14.02,20.03,14.52,17.77
3580000,15.64,13.6,20.16,14.55,18.05
3581000,15.38,13.07,20.14,14.9,17.78
3582000,15.18,13.33,20.14,14.97,17.79
3583000,14.98,13.3,20.1,14.8,18.03
3584000,14.81,13.24,20.48,14.75,17.88
3585000,15.06,13.07,20.64,14.84,17.63
3586000,15.27,12.76,20.3,14.72,17.65
3587000,14.73,13.06,20.2,14.48,17.72
3588000,15.08,13.06,20.19,14.33,17.44
3589000,14.61,13.71,20.7,14.41,17.39
3590000,14.81,13.76,21.1,14.18,17.49
3591000,14.87,13.87,20.91,13.78,17.34
3592000,14.92,14.04,20.66,13.96,17.31
3593000,14.99,14.24,20.66,14.07,16.95
3594000,15.02,14.26,20.43,13.93,17.44
3595000,15.0,14.59,20.66,14.06,17.46
3596000,15.12,14.35,20.39,13.58,17.41
3597000,14.22,14.55,20.75,13.56,17.17
3598000,14.43,14.28,20.04,13.64,17.51
3599000,14.11,14.62,19.58,13.35,17.47
3600000,14.73,14.75,19.92,13.53,17.39
3601000,14.73,14.68,20.02,13.93,17.78
3602000,14.74,14.92,20.06,13.88,18.05
3603000,14.11,14.6,20.14,14.16,18.39
3604000,14.26,14.37,20.42,13.85,17.84
3605000,14.34,14.63,20.75,13.8,18.01
3606000,14.46,15.08,20.39,13.84,18.08
3607000,14.41,14.71,19.9,13.92,17.71
3608000,14.21,14.78,20.26,13.5,17.97
3609000,14.37,14.53,20.48,13.45,18.04
3610000,14.4,14.87,20.15,13.29,18.29
3611000,14.51,15.02,19.88,13.16,18.33
3612000,14.67,15.28,19.51,13.45,18.7
3613000,14.56,15.64,20.18,12.62,18.84
3614000,14.34,16.04,19.68,12.68,18.63
3615000,14.65,15.98,19.85,12.34,18.21
3616000,14.06,16.19,20.09,12.5,17.87
3617000,14.11,16.17,19.71,12.49,17.48
3618000,14.74,16.4,19.89,12.37,17.57
3619000,14.36,16.65,19.71,12.59,17.55
3620000,14.34,16.87,19.68,12.82,17.45
3621000,14.48,17.07,19.55,12.65,17.65
3622000,14.51,17.33,19.33,12.55,18.11
3623000,14.67,16.98,18.79,12.59,18.16
3624000,14.97,17.04,18.2,12.92,18.38
3625000,14.88,17.29,17.82,13.0,18.59
3626000,14.81,17.13,17.61,13.52,18.38
3627000,14.69,17.32,17.37,13.62,18.57
3628000,14.33,16.71,17.05,13.38,18.37
3629000,14.01,16.59,17.52,13.53,18.56
3630000,14.3,16.39,17.24,13.3,18.77
3631000,14.56,16.41,17.12,13.44,18.57
3632000,14.5,16.25,16.84,13.46,18.26
3633000,14.76,16.54,16.83,13.91,18.59
3634000,15.03,16.87,17.34,14.03,18.81
3635000,14.66,16.44,17.47,13.75,18.56
3636000,14.62,16.41,17.74,13.65,18.64
3637000,14.72,16.63,18.17,13.72,18.69
3638000,14.48,16.84,18.47,13.85,19.21
3639000,14.27,16.6,18.63,13.3,19.07
3640000,14.47,16.77,18.55,13.38,18.9
3641000,14.55,17.0,18.15,13.2,19.09
3642000,15.04,16.87,18.17,13.3,19.14
3643000,15.27,16.84,18.51,13.43,18.62
3644000,15.04,16.52,18.33,13.27,18.56
3645000,14.55,16.61,18.13,13.21,18.57
3646000,15.0,16.62,18.27,13.29,18.55
3647000,14.53,16.74,18.35,13.27,18.28
3648000,14.99,16.75,18.56,13.2,18.22
3649000,14.8,16.46,18.19,13.32,18.56
3650000,14.75,16.15,18.23,13.44,18.26
3651000,14.95,16.3,18.52,13.58,18.57
3652000,14.75,16.36,18.55,13.64,18.17
3653000,14.71,16.16,18.6,13.59,17.94
3654000,14.27,16.1,18.3,14.03,17.83
3655000,14.72,16.07,18.15,14.17,18.27
3656000,14.53,16.06,18.23,13.74,17.75
3657000,14.22,16.03,17.66,13.83,17.79
3658000,14.16,16.41,17.88,13.64,18.08
3659000,14.45,15.8,18.1,13.24,18.55
3660000,14.44,15.47,18.04,13.19,18.25
3661000,14.38,15.51,18.02,12.57,18.32
3662000,14.61,15.76,17.76,12.96,18.27
3663000,14.85,15.7,18.02,13.08,18.19
3664000,15.18,15.98,18.28,12.84,18.49
3665000,15.11,15.95,18.06,12.81,18.55
3666000,15.23,15.97,18.46,13.24,17.59
3667000,15.45,15.87,18.7,12.75,18.01
3668000,15.4,16.39,19.04,12.86,17.81
3669000,14.81,16.44,19.22,13.02,17.67
3670000,14.65,16.62,19.49,13.1,17.72
3671000,15.03,16.65,19.71,12.48,17.62
3672000,14.85,16.71,20.44,12.43,17.43
3673000,15.24,17.04,20.49,12.42,17.62
3674000,15.43,16.95,20.68,13.19,17.92
3675000,15.25,16.68,20.74,13.22,18.31
3676000,14.84,17.1,20.31,13.58,18.69
3677000,14.88,16.98,20.49,13.0,19.0
3678000,14.66,16.95,20.21,12.77,18.63
3679000,14.44,16.62,20.68,12.92,18.47
3680000,14.82,16.36,19.85,12.97,18.91
3681000,15.14,16.28,19.98,12.95,19.2
3682000,15.11,16.22,19.84,13.24,18.95
3683000,15.35,16.51,19.33,13.23,18.77
3684000,15.26,16.79,19.67,13.3,18.27
3685000,15.09,17.44,19.32,13.52,18.24
3686000,15.27,17.26,19.45,13.52,18.33
3687000,15.45,17.37,19.74,13.42,18.29
3688000,15.31,17.39,19.57,12.96,18.5
3689000,15.39,17.73,19.69,13.04,18.64
3690000,15.57,17.76,19.94,13.39,18.9
3691000,15.72,18.08,19.58,12.82,19.04
3692000,16.05,18.05,19.8,13.46,19.12
3693000,16.35,17.65,19.45,13.51,19.06
3694000,16.67,17.87,19.37,13.39,19.26
3695000,16.57,17.49,19.67,13.32,18.94
3696000,16.65,17.23,19.66,13.42,19.25
3697000,16.35,17.41,19.33,13.18,18.9
3698000,16.58,17.71,19.15,13.16,19.06
3699000,16.21,17.51,19.02,13.28,19.08
3700000,16.28,17.54,19.13,13.86,19.12
3701000,16.37,17.79,19.34,13.82,19.24
3702000,16.2,17.76,19.63,13.12,19.21
3703000,16.38,18.07,19.91,12.95,19.12
3704000,16.67,18.24,19.71,13.31,18.7
3705000,16.83,18.38,19.59,13.49,18.61
3706000,17.01,18.49,19.5,13.6,18.71
3707000,16.96,18.58,19.57,13.66,18.76
3708000,17.08,18.4,19.43,13.73,18.34
3709000,17.35,18.13,19.4,13.45,18.63
3710000,17.56,17.79,19.25,13.51,18.39
3711000,17.77,17.71,19.06,13.48,18.76
3712000,17.95,17.79,18.74,13.67,18.93
3713000,17.86,17.03,18.47,13.63,19.08
3714000,18.09,17.19,18.43,13.82,18.54
3715000,18.39,17.27,17.58,13.56,18.87
3716000,17.78,17.5,17.37,13.31,19.09
3717000,17.67,17.61,17.14,13.25,18.97
3718000,17.62,17.52,17.34,13.25,18.66
3719000,18.13,17.37,17.53,13.16,18.36
3720000,17.85,17.32,17.41,13.18,17.98
3721000,17.78,17.33,17.41,13.03,17.73
3722000,17.56,17.22,17.16,13.12,17.64
3723000,17.85,17.21,17.36,12.5,17.8
3724000,17.54,17.51,17.58,12.96,18.03
3725000,17.89,17.5,17.52,12.56,17.29
3726000,17.97,17.46,17.64,12.35,17.42
3727000,18.25,16.74,17.31,12.87,17.86
3728000,18.24,17.16,17.34,12.98,17.44
3729000,17.78,16.59,17.8,12.88,18.14
3730000,18.09,16.42,17.7,12.63,17.88
3731000,18.1,15.98,17.92,12.62,18.06
3732000,18.19,16.39,17.71,12.3,18.18
3733000,18.04,16.32,17.06,12.25,18.43
3734000,17.49,16.71,16.77,12.37,18.61
3735000,17.14,16.98,16.34,12.72,18.22
3736000,17.17,17.13,16.56,12.17,18.04
3737000,17.16,16.86,15.98,12.1,18.31
3738000,17.06,17.37,16.23,12.34,17.82
3739000,16.77,17.48,16.42,12.65,18.01
3740000,16.95,17.75,16.69,12.89,18.15
3741000,17.02,17.86,16.33,12.86,18.26
3742000,16.79,17.49,16.62,12.49,18.47
3743000,16.21,17.56,16.84,12.89,18.31
3744000,15.64,17.35,16.68,12.82,17.93
3745000,15.85,17.29,16.45,12.98,17.76
3746000,15.84,16.65,16.03,13.33,17.83
3747000,15.55,16.47,16.11,13.51,18.36
3748000,15.63,16.21,16.67,13.66,18.46
3749000,15.21,16.19,16.81,14.07,18.78
3750000,15.13,16.4,17.07,13.58,18.6
3751000,15.23,16.71,17.01,13.9,18.53
3752000,14.89,16.98,17.3,14.18,18.46
3753000,15.48,17.19,16.93,13.76,18.62
3754000,15.69,17.56,17.21,13.72,19.09
3755000,15.99,16.97,17.28,13.75,19.13
3756000,16.24,16.96,17.73,13.58,19.05
3757000,16.36,16.89,18.2,13.63,19.13
3758000,16.08,17.13,18.25,13.9,19.02
3759000,16.23,17.26,18.47,14.17,18.99
3760000,16.35,17.32,18.43,14.53,19.24
3761000,16.5,17.32,18.77,14.18,19.11
3762000,16.19,17.45,18.48,14.09,19.07
3763000,16.38,17.52,18.34,14.48,19.03
3764000,16.62,17.71,18.53,14.5,19.54
3765000,16.44,17.93,18.38,14.43,19.48
3766000,16.88,17.92,18.74,14.47,19.73
3767000,16.56,18.07,19.29,14.92,20.14
3768000,16.56,17.74,19.16,15.27,20.46
3769000,16.49,17.8,19.17,15.43,20.49
3770000,16.26,18.16,19.34,15.62,20.28
3771000,16.09,18.46,19.41,15.58,20.27
3772000,16.27,18.02,19.59,15.6,20.18
3773000,16.6,18.52,18.63,15.61,20.44
3774000,16.6,18.75,18.45,15.68,19.99
3775000,16.12,18.51,18.56,15.82,19.98
3776000,16.07,18.36,18.49,16.04,19.9
3777000,16.53,18.35,18.7,16.03,19.9
3778000,16.53,18.25,18.98,15.95,19.8
3779000,15.93,18.26,19.25,15.5,19.3
3780000,16.08,18.6,19.22,15.75,18.71
3781000,16.17,18.74,19.32,15.96,18.28
3782000,16.11,18.41,19.47,15.8,18.37
3783000,16.56,18.7,19.28,15.48,18.66
3784000,16.14,18.6,18.76,15.0,18.94
3785000,15.86,18.23,18.48,15.11,18.79
3786000,15.78,18.47,18.36,15.37,18.45
3787000,16.05,18.74,19.04,15.35,18.5
3788000,15.99,18.53,19.19,15.28,18.44
3789000,15.66,18.99,18.65,15.17,18.63
3790000,15.69,18.62,18.79,15.29,19.1
3791000,15.14,18.58,18.82,15.16,19.33
3792000,15.25,18.74,18.93,15.56,19.08
3793000,15.37,18.75,19.07,15.4,19.01
3794000,15.35,18.97,18.68,15.58,19.03
3795000,15.31,18.94,18.3,15.85,19.11
3796000,15.15,18.54,18.26,15.81,18.98
3797000,15.52,18.11,18.44,15.06,19.33
3798000,15.88,18.39,18.28,15.08,19.56
3799000,15.93,18.54,17.7,15.31,19.64
3800000,15.86,19.0,17.79,15.75,19.91
3801000,15.57,18.83,17.35,16.06,19.78
3802000,15.34,19.04,17.12,16.48,19.76
3803000,14.63,18.58,16.88,16.31,19.42
3804000,14.82,18.66,16.99,16.19,19.39
3805000,15.12,18.34,17.26,16.3,18.8
3806000,14.8,18.5,17.26,16.38,18.41
3807000,14.92,18.34,17.16,15.77,18.37
3808000,15.32,18.32,16.69,15.55,18.57
3809000,15.44,18.22,16.45,15.62,18.77
3810000,15.9,18.36,16.55,15.87,18.59
3811000,15.99,18.07,16.03,15.73,18.4
3812000,15.79,17.93,16.37,15.9,17.87
3813000,16.0,17.84,16.07,15.69,17.88
3814000,16.34,17.72,16.13,15.4,18.06
3815000,16.23,17.81,16.52,15.61,18.09
3816000,16.59,17.54,16.63,15.42,17.91
3817000,16.6,17.58,16.44,15.4,18.17
3818000,16.77,17.63,16.68,15.71,18.25
3819000,16.9,17.73,16.53,15.5,18.7
3820000,17.4,17.57,16.1,15.33,19.06
3821000,17.68,17.61,16.13,15.76,18.72
3822000,17.52,16.89,16.07,15.71,18.87
3823000,17.44,17.01,16.16,15.43,18.99
3824000,17.57,16.81,16.16,15.16,19.09
3825000,17.67,17.05,16.34,15.23,19.16
3826000,17.69,17.27,16.54,15.26,19.72
3827000,17.36,17.05,17.02,15.58,19.95
3828000,17.46,17.29,16.54,15.15,19.47
3829000,17.53,17.35,16.95,15.37,19.34
3830000,17.74,17.48,16.84,15.14,19.62
3831000,17.92,17.26,16.68,15.41,19.72
3832000,17.95,17.5,16.71,15.41,19.39
3833000,18.13,17.8,16.67,15.15,19.07
3834000,18.24,17.93,16.69,15.57,19.54
3835000,17.9,17.55,16.95,15.68,18.92
3836000,17.48,17.33,17.25,15.27,19.04
3837000,17.69,17.39,17.8,14.64,18.97
3838000,17.14,17.21,17.67,14.51,19.17
3839000,17.05,16.18,17.52,14.7,19.43
3840000,16.6,16.13,17.37,14.56,19.25
3841000,16.42,15.87,17.66,14.55,19.62
3842000,16.64,15.23,17.97,14.46,19.74
3843000,16.51,15.56,17.94,14.41,19.72
3844000,16.67,15.78,18.03,14.49,19.58
3845000,16.14,15.71,18.16,14.44,19.14
3846000,16.24,16.09,18.38,14.19,18.89
3847000,16.14,15.83,18.42,14.07,19.3
3848000,16.44,15.68,18.4,13.87,18.83
3849000,16.4,16.4,18.87,14.0,19.1
3850000,16.3,15.79,18.36,14.42,19.47
3851000,16.18,15.71,18.49,14.34,19.76
3852000,15.51,15.37,18.54,14.19,20.05
3853000,15.36,15.33,18.61,14.44,20.23
3854000,15.38,15.12,18.44,14.39,20.25
3855000,15.96,15.3,18.61,14.51,19.74
3856000,15.44,15.02,18.35,14.68,19.8
3857000,15.75,14.9,18.41,14.78,19.64
3858000,15.46,15.29,18.66,14.69,19.61
3859000,15.07,15.5,18.54,14.82,19.82
3860000,15.11,15.61,18.43,14.93,19.87
3861000,15.13,15.81,18.32,14.72,19.72
3862000,15.33,15.88,18.39,14.65,19.9
3863000,15.76,16.2,18.72,14.96,20.42
3864000,15.78,16.15,19.02,14.93,19.79
3865000,15.59,16.28,19.34,14.99,19.41
3866000,15.55,15.98,19.56,15.6,19.57
3867000,15.58,15.85,19.74,15.87,19.8
3868000,15.72,15.74,19.56,15.72,19.8
3869000,15.47,15.56,19.72,15.18,19.58
3870000,15.0,15.39,19.74,14.85,19.52
3871000,15.01,15.32,19.76,14.02,19.34
3872000,14.88,15.06,19.86,14.21,19.35
3873000,15.18,15.31,19.74,14.24,19.44
3874000,15.25,15.75,19.77,14.57,19.51
3875000,15.2,15.92,19.63,14.5,19.52
3876000,15.46,15.97,19.81,14.44,19.86
3877000,15.6,16.43,19.39,14.24,19.45
3878000,15.81,16.76,19.3,14.19,19.71
3879000,15.8,16.91,18.8,14.34,20.14
3880000,15.64,16.92,18.86,14.56,20.36
3881000,15.83,17.13,19.21,14.77,20.33
3882000,16.1,17.18,19.3,14.58,19.98
3883000,15.84,17.48,18.55,14.63,19.93
3884000,16.15,17.88,18.77,14.71,19.53
3885000,16.31,18.14,18.51,14.97,19.81
3886000,16.22,17.66,18.03,14.48,19.34
3887000,16.38,18.06,17.9,14.42,19.01
3888000,16.07,17.97,18.0,14.33,18.85
3889000,16.04,17.97,18.45,14.62,18.99
3890000,16.15,17.9,17.82,14.84,18.79
3891000,15.9,18.8,17.4,14.89,17.8
3892000,16.23,18.99,17.74,14.99,18.08
3893000,16.51,18.43,18.06,14.75,18.06
3894000,15.69,18.57,18.13,15.05,17.94
3895000,15.52,19.41,17.77,15.24,18.09
3896000,15.9,19.42,18.02,15.14,17.84
3897000,15.7,19.62,17.87,15.27,17.66
3898000,15.32,20.11,18.0,15.3,17.71
3899000,15.45,20.53,17.99,15.6,17.54
3900000,15.62,20.74,17.84,15.7,17.43
3901000,15.61,20.61,17.63,16.01,17.57
3902000,15.14,20.79,17.96,16.07,17.3
3903000,15.28,20.62,18.37,15.78,17.27
3904000,15.49,20.94,18.48,15.34,17.42
3905000,15.54,20.39,18.84,15.47,17.51
3906000,15.36,20.14,18.79,15.38,16.93
3907000,15.79,20.64,18.98,15.53,17.35
3908000,15.8,20.31,18.7,15.66,17.55
3909000,15.68,20.34,18.48,15.85,17.65
3910000,15.64,19.49,18.31,16.33,17.24
3911000,15.57,19.56,18.25,16.71,17.25
3912000,15.76,19.76,18.79,16.65,17.25
3913000,15.53,19.43,18.48,16.9,17.32
3914000,15.61,19.48,18.6,17.07,16.77
3915000,15.9,19.64,19.06,17.09,16.74
3916000,15.47,19.49,18.81,17.02,16.81
3917000,15.78,19.93,18.76,16.96,17.09
3918000,15.9,20.14,18.66,16.78,16.93
3919000,16.44,19.97,18.7,17.28,16.96
3920000,16.55,20.05,18.93,16.85,17.01
3921000,16.52,19.74,19.4,16.63,17.25
3922000,16.26,19.66,19.49,16.58,16.82
3923000,16.29,18.99,19.58,16.76,17.02
3924000,16.29,19.31,19.84,17.03,16.9
3925000,16.43,19.5,20.1,17.04,16.75
3926000,16.35,19.84,20.14,16.98,17.07
3927000,16.43,19.83,19.32,17.14,17.24
3928000,16.37,19.5,19.26,17.24,16.99
3929000,16.17,19.57,19.43,18.02,17.01
3930000,16.45,19.46,19.51,18.15,17.2
3931000,16.37,19.45,19.61,18.1,17.15
3932000,16.44,19.58,19.98,18.01,17.53
3933000,16.43,20.01,19.91,18.01,17.97
3934000,16.67,19.52,19.49,18.1,17.72
3935000,16.8,19.92,19.53,17.79,17.84
3936000,16.68,19.24,19.58,17.18,18.47
3937000,16.72,18.89,19.47,17.18,18.41
3938000,16.37,18.94,19.75,17.43,18.68
3939000,16.69,19.04,19.32,17.19,18.86
3940000,16.32,18.34,19.58,16.96,18.95
3941000,16.19,18.3,19.88,16.59,19.3
3942000,16.45,18.49,19.7,16.69,19.15
3943000,16.07,18.13,19.45,16.89,19.05
3944000,15.89,18.24,19.31,16.9,18.94
3945000,15.86,18.5,19.34,17.26,19.28
3946000,16.02,18.51,19.13,17.29,19.29
3947000,16.09,18.87,19.42,17.44,19.32
3948000,16.21,18.98,19.12,17.33,19.34
3949000,16.51,18.51,18.91,17.65,18.71
3950000,16.98,18.23,18.39,17.55,18.32
3951000,17.32,18.51,18.3,17.79,18.55
3952000,17.29,18.27,18.33,17.66,18.52
3953000,16.92,18.6,18.26,17.85,18.54
3954000,16.97,18.89,18.52,17.76,18.8
3955000,16.98,19.11,18.49,17.54,18.92
3956000,16.65,19.19,18.7,17.48,19.06
3957000,16.55,19.59,18.52,17.76,19.13
3958000,16.53,19.74,18.36,17.63,19.29
3959000,16.21,19.57,18.33,17.54,19.25
3960000,16.64,20.04,18.42,17.64,19.4
3961000,15.92,19.98,18.19,18.0,19.89
3962000,16.08,20.54,17.96,18.19,20.37
3963000,15.75,20.59,17.37,18.45,20.43
3964000,16.05,20.48,17.18,18.61,20.87
3965000,16.29,20.72,17.08,18.94,20.8
3966000,16.4,20.6,17.24,19.4,20.57
3967000,16.68,20.75,17.32,19.43,20.71
3968000,16.34,21.02,16.87,19.34,20.48
3969000,16.48,20.64,17.12,18.99,20.1
3970000,16.11,20.45,17.19,18.98,20.32
3971000,16.08,20.85,17.58,18.85,20.7
3972000,15.69,20.98,18.06,19.16,20.55
3973000,15.74,20.65,17.77,19.1,20.73
3974000,15.8,20.52,17.32,19.08,21.02
3975000,15.67,20.64,17.32,18.85,21.25
3976000,15.98,20.37,17.68,19.1,21.43
3977000,15.96,20.36,17.93,19.43,21.16
3978000,16.07,20.58,17.8,19.54,21.41
3979000,16.24,20.03,17.68,18.98,21.03
3980000,16.27,19.62,17.61,19.21,21.1
3981000,16.51,19.8,17.46,19.38,20.65
3982000,16.2,19.92,16.8,19.2,20.39
3983000,16.43,19.83,16.95,19.16,20.87
3984000,15.92,19.71,17.21,19.33,21.14
3985000,15.85,19.9,17.16,19.7,21.02
3986000,16.16,19.84,17.59,19.9,21.01
3987000,15.51,19.56,17.81,19.52,20.52
3988000,15.38,19.41,17.94,19.7,20.44
3989000,14.97,19.08,18.49,19.67,19.86
3990000,15.49,19.28,18.5,19.85,19.91
3991000,15.42,19.29,18.77,20.02,19.48
3992000,15.71,19.1,18.67,19.39,19.68
3993000,15.87,19.42,18.31,19.23,19.87
3994000,15.74,19.62,18.82,19.35,20.35
3995000,15.86,19.61,18.91,19.11,20.45
3996000,15.6,19.21,18.74,18.97,20.66
3997000,15.27,19.0,18.39,18.78,21.24
3998000,15.51,18.61,18.78,18.73,21.27
3999000,15.47,18.31,18.86,18.46,21.57
4000000,15.65,18.22,19.08,18.35,21.48
4001000,15.87,17.83,19.2,18.57,21.11
4002000,15.52,17.2,18.7,18.63,20.77
4003000,15.65,17.24,18.94,18.7,20.62
4004000,15.86,17.07,18.84,18.65,20.48
4005000,16.02,16.74,18.83,18.4,20.59
4006000,16.13,16.46,18.68,17.92,20.05
4007000,15.63,16.27,18.75,17.56,20.36
4008000,15.5,16.33,18.91,17.72,19.9
4009000,15.65,15.95,19.39,17.24,19.13
4010000,15.96,15.29,19.34,17.14,19.12
4011000,16.23,15.63,19.36,17.27,18.93
4012000,16.11,15.85,19.37,17.33,19.0
4013000,16.06,15.63,19.41,17.64,18.7
4014000,16.26,15.77,19.68,17.68,18.8
4015000,16.43,15.95,19.17,17.27,18.76
4016000,16.52,16.09,18.7,17.32,18.38
4017000,16.6,15.85,18.76,16.94,18.52
4018000,15.92,15.98,18.69,16.44,18.44
4019000,16.14,16.1,18.89,15.89,18.64
4020000,15.94,16.37,19.0,16.32,18.84
4021000,16.1,15.96,19.36,16.87,18.74
4022000,16.11,15.99,19.16,16.67,18.63
4023000,15.7,16.02,19.07,16.23,18.65
4024000,15.48,16.5,19.05,16.47,18.56
4025000,15.71,16.51,19.31,15.7,18.66
4026000,15.75,16.83,19.49,15.76,18.59
4027000,15.84,16.99,19.77,15.78,18.34
4028000,16.11,16.93,19.8,15.94,18.19
4029000,16.35,16.94,20.04,15.4,17.14
4030000,16.47,16.9,20.14,15.48,17.34
4031000,16.4,16.52,20.05,15.65,17.67
4032000,16.41,17.01,20.27,15.52,17.65
4033000,16.39,16.86,20.09,15.36,17.99
4034000,16.77,17.07,19.91,15.58,17.74
4035000,17.02,17.49,19.69,15.56,18.0
4036000,16.93,17.49,19.57,15.9,18.42
4037000,16.71,18.02,18.77,15.73,18.28
4038000,16.94,17.71,19.04,15.54,18.42
4039000,17.37,17.53,19.39,15.81,18.24
4040000,17.28,17.77,19.02,15.87,17.72
4041000,17.4,17.5,19.38,16.03,17.47
4042000,17.09,17.62,19.83,15.47,17.45
4043000,16.98,17.86,20.05,15.63,17.75
4044000,17.41,18.25,19.02,15.76,17.86
4045000,17.76,18.06,19.04,15.95,17.93
4046000,16.97,17.8,19.12,15.68,18.29
4047000,16.71,17.92,19.16,15.51,18.59
4048000,16.84,17.78,19.18,15.49,18.64
4049000,16.96,17.93,19.34,15.61,18.54
4050000,16.07,17.92,19.79,15.67,18.36
4051000,15.93,17.88,19.31,15.35,18.52
4052000,16.1,18.02,19.79,15.56,18.44
4053000,16.26,18.38,19.79,15.69,18.64
4054000,16.21,18.33,19.42,15.63,18.38
4055000,16.02,18.6,19.72,15.89,18.51
4056000,15.82,18.55,19.95,16.17,18.74
4057000,15.93,18.14,19.73,16.09,18.72
4058000,15.92,18.09,19.83,16.15,18.38
4059000,15.97,18.2,20.13,16.45,18.63
4060000,15.94,17.96,19.95,16.24,18.96
4061000,15.83,18.29,19.98,15.8,19.08
4062000,16.07,17.86,20.46,15.88,19.12
4063000,15.64,17.92,20.41,16.03,19.47
4064000,15.81,18.05,19.79,16.57,19.31
4065000,15.96,17.95,19.72,16.81,19.44
4066000,15.67,18.26,19.53,16.66,19.7
4067000,15.19,17.59,19.45,16.86,18.73
4068000,14.63,17.41,19.6,16.62,18.71
4069000,14.21,17.32,19.57,16.8,18.94
4070000,14.16,17.17,19.07,16.99,18.73
4071000,13.82,17.09,18.82,17.01,19.02
4072000,13.78,17.14,19.17,17.1,19.0
4073000,13.81,17.14,19.45,17.31,19.22
4074000,13.84,16.67,19.22,17.01,19.09
4075000,13.42,16.0,19.31,17.42,19.8
4076000,13.48,15.58,18.79,17.32,19.77
4077000,13.86,15.52,18.63,17.11,19.8
4078000,13.95,15.7,18.94,16.97,20.09
4079000,13.59,15.97,18.91,17.16,20.15
4080000,13.74,16.1,18.83,16.82,20.2
4081000,14.14,16.13,19.24,17.39,20.45
4082000,14.29,15.15,19.51,17.37,20.39
4083000,14.35,15.53,18.93,17.7,20.37
4084000,14.15,15.39,19.28,17.05,20.49
4085000,14.39,15.29,19.64,17.54,20.2
4086000,14.63,15.56,18.91,17.75,20.32
4087000,14.69,15.86,18.76,17.74,20.29
4088000,14.66,15.56,18.87,17.3,20.09
4089000,14.2,15.6,18.77,17.52,20.33
4090000,14.17,16.12,18.83,17.71,20.16
4091000,14.38,16.09,18.98,18.0,20.1
4092000,14.78,15.96,19.31,17.13,20.11
4093000,14.46,16.16,19.16,17.31,20.16
4094000,14.59,15.75,18.57,17.54,19.7
4095000,14.55,15.83,18.49,17.22,19.92
4096000,14.88,16.17,18.43,17.49,19.68
4097000,15.15,16.58,18.56,17.7,19.76
4098000,15.01,16.41,18.94,17.84,19.67
4099000,15.27,16.48,18.85,17.24,20.08
4100000,15.78,16.59,19.0,17.26,19.63
4101000,15.81,16.41,19.31,17.08,19.27
4102000,15.24,16.11,19.19,17.13,19.38
4103000,15.56,16.06,19.03,16.89,19.33
4104000,15.66,16.28,18.91,16.66,19.81
4105000,15.81,16.39,19.18,16.66,20.13
4106000,16.26,16.4,19.25,16.56,19.89
4107000,15.86,16.06,19.3,16.6,19.82
4108000,16.2,16.63,19.33,16.55,19.72
4109000,15.92,17.02,19.53,16.37,19.7
4110000,16.01,16.54,19.53,16.25,19.15
4111000,15.73,16.38,19.91,15.41,18.94
4112000,15.79,16.29,20.3,15.7,19.04
4113000,16.02,16.75,19.74,15.53,19.34
4114000,15.53,16.51,19.72,16.02,19.78
4115000,15.25,16.82,19.31,16.0,20.0
4116000,15.07,16.53,19.43,15.8,20.06
4117000,14.91,17.25,19.38,16.17,20.07
4118000,15.04,17.28,19.17,16.64,20.24
4119000,14.92,17.57,19.66,16.16,19.95
4120000,14.97,18.0,20.21,16.64,20.15
4121000,14.48,17.89,20.02,16.47,20.45
4122000,14.8,18.1,19.88,16.62,20.99
4123000,14.57,18.15,19.97,16.1,20.74
4124000,14.95,17.96,19.35,16.23,20.9
4125000,15.03,18.07,19.68,15.88,19.81
4126000,15.15,17.53,19.14,16.4,20.09
4127000,15.54,17.8,19.01,16.0,20.33
4128000,14.97,17.88,19.49,15.77,19.83
4129000,14.79,17.78,18.97,16.05,20.01
4130000,14.98,17.56,18.57,16.16,19.82
4131000,14.68,17.59,18.53,16.13,19.29
4132000,14.72,17.8,19.05,15.62,19.15
4133000,14.45,17.58,19.36,15.56,19.01
4134000,14.74,17.3,19.68,15.62,19.51
4135000,14.92,17.65,18.97,15.37,19.41
4136000,14.67,17.21,18.91,15.47,19.68
4137000,14.3,17.54,18.86,15.96,19.81
4138000,14.09,17.42,18.84,16.13,19.68
4139000,14.42,17.4,19.52,15.75,19.56
4140000,14.42,17.17,18.86,16.25,19.88
4141000,14.4,17.4,19.03,16.07,19.8
4142000,14.08,17.67,18.74,16.02,19.25
4143000,14.35,17.8,19.31,15.87,19.46
4144000,14.58,17.51,19.0,15.98,19.56
4145000,14.82,17.82,18.34,16.19,19.45
4146000,14.73,18.09,18.58,16.39,19.75
4147000,15.08,18.48,18.81,16.49,20.0
4148000,15.01,17.96,19.03,16.29,20.08
4149000,15.18,18.0,19.13,16.41,19.89
4150000,15.65,18.42,19.36,16.21,19.58
4151000,15.07,18.52,19.41,16.56,19.63
4152000,15.5,18.17,18.62,16.57,19.33
4153000,15.7,18.07,18.52,16.26,19.49
4154000,15.95,18.03,18.51,16.28,19.48
4155000,15.83,18.37,18.57,16.48,19.3
4156000,15.96,17.88,18.52,15.81,19.82
4157000,15.73,17.99,18.66,16.17,19.9
4158000,15.78,18.02,18.86,15.44,19.96
4159000,15.81,17.84,18.79,15.31,20.4
4160000,15.96,17.82,18.64,15.21,19.87
4161000,16.18,17.61,18.73,15.11,19.42
4162000,16.53,17.51,18.23,15.38,19.38
4163000,16.34,17.53,17.87,15.77,19.55
4164000,16.74,17.74,18.03,15.74,19.51
4165000,16.22,17.41,18.36,16.02,19.3
4166000,16.35,17.58,18.66,15.95,18.44
4167000,17.05,17.51,19.1,16.0,17.94
4168000,16.57,18.09,19.0,15.83,17.99
4169000,16.7,18.32,19.37,15.72,18.53
4170000,17.16,18.8,18.92,15.99,18.9
4171000,17.22,19.36,19.18,16.05,18.85
4172000,17.48,19.41,19.49,16.07,18.5
4173000,17.72,19.42,19.95,15.88,18.56
4174000,17.77,19.26,19.86,16.04,19.09
4175000,18.2,19.12,19.95,16.14,19.38
4176000,18.17,18.49,19.99,16.51,19.37
4177000,18.13,18.42,19.98,15.67,19.75
4178000,17.93,18.74,20.2,15.94,20.01
4179000,17.99,18.96,20.73,15.34,19.89
4180000,18.45,19.28,19.89,15.39,19.69
4181000,18.47,19.09,19.95,15.33,19.31
4182000,18.55,19.11,20.14,15.02,19.33
4183000,18.58,19.46,19.95,15.05,19.11
4184000,18.38,19.51,19.25,15.12,19.31
4185000,18.01,19.41,19.46,14.89,19.13
4186000,17.85,19.4,19.78,15.04,19.35
4187000,17.87,19.54,19.6,15.29,19.46
4188000,17.82,19.76,19.15,15.08,19.09
4189000,17.84,20.05,19.19,15.4,19.02
4190000,18.17,19.83,19.5,15.49,19.3
4191000,18.38,19.6,19.49,15.81,19.44
4192000,18.1,19.16,19.38,16.13,19.07
4193000,17.7,19.46,19.29,16.28,19.15
4194000,18.11,19.17,18.71,16.32,19.04
4195000,18.38,19.15,18.64,16.19,19.03
4196000,18.38,19.36,18.79,16.28,19.24
4197000,18.24,19.26,19.09,16.88,19.6
4198000,18.18,19.75,19.46,16.59,19.82
4199000,18.45,20.25,19.37,16.72,19.98
4200000,18.04,20.09,19.43,17.35,19.86
4201000,18.0,20.14,19.44,17.33,19.88
4202000,17.93,20.47,19.6,17.76,20.12
4203000,18.03,20.64,19.9,17.99,19.34
4204000,17.96,20.49,19.96,17.98,19.61
4205000,17.89,20.21,20.3,18.15,19.67
4206000,17.64,20.08,20.78,18.43,19.93
4207000,17.54,20.11,20.61,17.48,20.2
4208000,17.66,19.85,20.73,17.25,20.43
4209000,17.54,20.2,20.78,17.32,20.26
4210000,17.39,20.16,20.88,17.14,20.45
4211000,17.63,19.87,20.97,16.7,20.18
4212000,17.78,19.82,20.72,16.9,20.29
4213000,17.78,19.63,20.51,16.95,20.67
4214000,17.59,19.67,20.52,15.99,20.99
4215000,16.33,19.14,20.42,16.16,21.15
4216000,16.31,18.72,20.38,16.2,21.6
4217000,16.25,19.17,20.6,16.95,21.17
4218000,16.63,19.46,20.82,17.15,21.12
4219000,16.45,19.71,20.25,17.43,21.19
4220000,15.79,20.08,20.29,17.46,21.46
4221000,15.86,20.13,20.23,17.91,20.67
4222000,16.15,20.7,20.22,18.15,20.87
4223000,16.17,20.74,20.58,18.34,20.96
4224000,16.49,21.04,20.42,18.32,21.2
4225000,16.75,19.98,19.78,18.4,20.58
4226000,16.98,19.64,20.19,18.24,20.97
4227000,16.72,19.41,20.85,18.27,21.54
4228000,16.8,19.38,20.82,18.56,21.23
4229000,16.85,19.68,21.07,18.47,21.34
4230000,16.1,19.58,20.75,18.29,21.56
4231000,16.06,19.09,21.24,18.39,21.42
4232000,16.45,18.99,21.3,18.52,21.73
4233000,16.24,18.8,20.85,18.5,21.44
4234000,16.12,18.66,20.75,18.57,21.04
4235000,16.36,18.81,20.71,17.83,21.35
4236000,16.35,18.89,20.34,17.98,21.66
4237000,16.71,19.11,20.09,17.99,22.23
4238000,17.09,19.52,20.6,18.01,22.33
4239000,17.1,19.63,20.88,17.74,22.83
4240000,17.0,19.23,20.69,17.54,22.38
4241000,17.26,19.1,20.71,17.96,22.42
4242000,17.87,18.87,20.98,17.2,22.46
4243000,18.14,18.58,21.27,17.15,22.81
4244000,18.32,18.29,21.35,16.91,22.87
4245000,18.3,17.9,21.4,16.32,22.66
4246000,17.94,18.15,21.41,15.97,22.92
4247000,18.24,18.28,21.59,16.04,23.2
4248000,18.06,18.57,21.44,16.39,22.75
4249000,18.08,18.89,21.47,16.32,23.12
4250000,18.2,19.24,21.53,16.41,22.95
4251000,18.06,19.05,21.48,16.75,23.23
4252000,17.49,19.11,21.2,17.04,23.7
4253000,16.97,19.25,19.67,17.07,23.95
4254000,17.25,18.91,19.96,17.06,23.84
4255000,17.41,18.66,20.02,17.28,23.52
4256000,17.66,19.01,20.24,16.84,23.79
4257000,17.94,19.18,19.61,17.13,23.2
4258000,18.29,19.23,19.57,16.76,22.13
4259000,18.52,19.37,18.95,16.34,22.22
4260000,17.8,19.29,18.98,16.34,22.07
4261000,17.76,19.58,19.34,16.11,22.27
4262000,18.04,19.09,19.46,16.23,22.42
4263000,17.78,19.27,19.24,16.26,22.14
4264000,17.85,19.41,19.14,16.15,21.96
4265000,17.47,18.85,19.54,16.56,21.58
4266000,17.72,18.59,19.83,16.52,21.84
4267000,17.41,18.82,19.87,16.86,22.37
4268000,17.46,18.64,19.88,16.61,22.06
4269000,17.65,18.83,19.59,16.53,22.58
4270000,17.58,19.1,19.59,16.6,22.59
4271000,17.57,19.41,19.73,16.61,22.34
4272000,17.97,19.81,18.9,16.92,22.62
4273000,18.16,19.73,18.66,16.71,22.78
4274000,17.35,19.42,18.89,16.1,22.62
4275000,17.34,19.28,18.94,16.27,21.88
4276000,17.2,19.52,18.82,16.78,21.81
4277000,16.22,19.81,18.98,16.66,21.88
4278000,16.11,19.44,19.08,16.55,22.08
4279000,16.22,19.9,19.25,16.82,21.85
4280000,15.98,19.84,19.48,16.9,21.41
4281000,15.85,19.87,19.64,17.21,21.33
4282000,15.86,20.2,19.21,17.36,21.56
4283000,15.81,20.01,19.42,17.25,21.96
4284000,15.91,19.16,19.63,17.41,22.01
4285000,16.19,18.88,19.05,17.62,21.35
4286000,16.77,18.79,18.73,17.36,21.24
4287000,16.25,18.55,19.07,17.52,21.36
4288000,16.44,18.46,18.89,17.94,21.1
4289000,16.94,18.33,18.98,17.77,20.78
4290000,16.7,18.55,19.04,17.75,20.42
4291000,16.73,18.99,19.45,17.7,20.76
4292000,16.89,18.7,18.75,17.7,20.52
4293000,17.28,18.39,18.89,17.05,20.66
4294000,17.06,18.6,18.58,17.34,20.92
4295000,16.65,18.48,18.37,16.95,19.67
4296000,16.58,18.77,18.05,16.74,19.73
4297000,16.49,19.16,18.31,17.11,19.69
4298000,16.43,19.35,18.62,16.85,19.42
4299000,16.44,19.3,18.57,17.06,19.31
4300000,16.49,19.22,18.45,17.05,19.22
4301000,16.47,18.78,18.66,16.87,19.34
4302000,16.44,18.78,18.71,17.09,19.11
4303000,16.62,19.32,18.64,16.97,19.52
4304000,16.37,19.26,18.98,16.73,19.69
4305000,16.15,19.35,19.24,17.03,19.88
4306000,16.49,19.32,19.36,17.4,20.08
4307000,16.26,18.59,19.51,16.98,19.91
4308000,16.41,18.68,19.32,16.64,19.17
4309000,16.45,18.06,19.12,16.81,19.58
4310000,16.56,18.07,18.31,16.81,19.22
4311000,16.29,17.47,18.09,17.12,18.76
4312000,16.31,17.18,18.55,16.88,18.91
4313000,16.79,17.37,18.68,17.1,19.09
4314000,16.84,17.74,18.83,17.2,18.76
4315000,16.84,17.9,18.64,17.05,18.87
4316000,16.82,18.24,18.8,17.11,18.51
4317000,16.93,18.21,19.09,16.93,18.56
4318000,17.71,18.08,19.06,16.23,18.44
4319000,17.25,18.17,18.88,16.13,18.32
4320000,17.45,18.66,18.97,16.34,18.43
4321000,17.41,18.74,19.24,16.12,18.83
4322000,17.23,18.67,19.21,16.1,18.88
4323000,17.01,18.73,19.2,15.98,19.07
4324000,16.87,18.57,19.28,15.64,18.93
4325000,16.31,17.97,19.41,15.87,19.13
4326000,16.51,18.14,19.4,15.9,19.26
4327000,16.19,17.91,19.52,15.93,19.34
4328000,16.44,18.38,19.77,15.91,19.43
4329000,16.82,18.68,19.73,16.27,19.44
4330000,16.78,19.02,19.59,16.23,19.49
4331000,16.74,19.24,19.68,16.66,19.45
4332000,16.54,19.6,19.94,16.75,19.59
4333000,16.15,19.5,19.95,16.98,19.53
4334000,16.1,19.52,20.14,17.22,19.41
4335000,16.3,20.04,19.87,17.56,19.66
4336000,15.49,19.8,19.96,17.11,19.52
4337000,15.67,19.94,19.66,17.41,19.78
4338000,15.63,20.11,20.13,17.87,19.72
4339000,15.82,20.22,20.51,17.92,20.03
4340000,15.61,20.02,20.45,17.89,20.36
4341000,15.7,19.24,20.54,18.32,20.14
4342000,15.74,18.81,20.88,18.48,20.53
4343000,16.16,19.14,20.8,18.38,20.69
4344000,16.52,19.25,21.05,18.17,21.01
4345000,15.52,19.37,20.54,18.34,21.6
4346000,15.49,19.26,20.96,18.35,21.49
4347000,15.38,19.18,20.86,18.47,21.55
4348000,15.49,19.19,20.99,18.66,21.32
4349000,15.69,19.24,21.16,18.17,21.39
4350000,15.85,19.29,21.15,18.27,21.31
4351000,15.62,18.98,20.91,18.28,20.9
4352000,15.53,19.32,20.95,18.95,21.04
4353000,15.64,19.69,20.85,19.27,21.28
4354000,16.29,20.15,20.54,19.24,21.51
4355000,16.6,20.07,20.48,19.27,21.67
4356000,16.3,20.37,20.58,19.23,21.78
4357000,15.56,20.64,20.85,19.08,22.09
4358000,15.73,20.97,20.86,18.69,22.47
4359000,15.3,21.45,20.95,18.71,22.61
4360000,15.59,21.94,20.66,18.81,22.35
4361000,15.54,22.01,20.72,18.88,22.55
4362000,15.55,21.48,20.99,18.93,22.19
4363000,15.72,21.0,21.12,19.22,22.39
4364000,15.96,20.51,21.12,19.55,22.29
4365000,15.81,20.5,20.85,19.68,22.24
4366000,15.76,19.82,20.82,19.7,21.94
4367000,15.31,20.02,21.08,19.8,21.92
4368000,15.07,19.86,20.78,19.93,22.21
4369000,15.08,19.57,20.6,19.41,22.33
4370000,15.18,19.83,20.55,19.9,22.69
4371000,15.6,20.05,19.75,19.38,22.27
4372000,15.89,20.08,19.76,19.33,22.34
4373000,16.15,20.5,19.83,19.02,21.99
4374000,16.36,20.77,19.85,18.71,22.29
4375000,16.0,20.37,20.03,18.53,22.4
4376000,16.17,20.7,19.52,18.6,22.87
4377000,16.67,20.37,19.95,17.96,22.82
4378000,16.95,19.73,19.73,17.81,22.5
4379000,16.97,19.84,19.14,18.16,22.15
4380000,16.9,19.54,19.34,18.39,22.41
4381000,17.07,19.51,20.04,18.52,22.08
4382000,17.4,19.4,20.01,18.33,22.03
4383000,17.44,19.86,20.11,18.43,22.08
4384000,17.46,19.52,19.29,17.62,21.8
4385000,17.87,19.39,19.13,17.49,22.14
4386000,18.03,19.63,19.12,17.86,22.11
4387000,18.03,19.65,18.83,18.28,22.5
4388000,18.38,20.44,18.85,17.9,22.68
4389000,18.77,20.73,19.1,18.14,22.51
4390000,19.17,20.76,18.96,18.19,22.33
4391000,19.11,20.64,18.89,18.56,22.28
4392000,18.84,20.92,18.23,18.72,21.92
4393000,18.96,20.77,18.03,18.23,21.93
4394000,18.47,20.12,18.35,18.0,21.92
4395000,18.11,20.08,18.33,17.72,22.49
4396000,17.61,19.87,18.26,17.78,22.31
4397000,17.2,19.86,18.22,17.27,22.48
4398000,17.06,19.86,18.14,17.53,22.26
4399000,17.51,19.99,18.34,17.69,22.49
4400000,17.43,20.32,18.29,17.7,22.26
4401000,17.34,20.14,18.46,17.22,22.39
4402000,17.46,19.52,18.46,17.49,22.9
4403000,17.51,18.92,18.55,17.25,22.99
4404000,17.49,18.41,18.61,17.5,22.6
4405000,17.62,18.69,18.03,16.95,22.52
4406000,17.8,18.6,17.7,17.2,22.53
4407000,17.73,19.0,17.76,17.34,22.83
4408000,18.0,19.03,17.92,17.2,22.64
4409000,18.2,18.93,18.26,16.84,22.67
4410000,18.09,19.27,18.25,17.07,22.06
4411000,18.71,19.34,18.32,16.94,22.48
4412000,18.7,19.42,18.17,17.03,22.85
4413000,18.75,19.62,18.57,16.94,22.95
4414000,18.37,19.32,18.58,17.34,22.53
4415000,18.06,19.22,18.84,17.61,22.53
4416000,18.2,19.36,19.22,17.89,22.92
4417000,18.02,18.89,19.04,18.11,22.96
4418000,18.07,18.85,19.07,18.11,23.14
4419000,18.32,19.29,19.33,17.84,23.03
4420000,18.62,19.6,18.81,17.77,22.27
4421000,18.19,19.38,18.98,17.93,22.46
4422000,18.23,19.52,18.51,17.9,22.31
4423000,18.23,19.54,19.03,17.36,22.48
4424000,18.29,19.86,18.85,17.5,22.5
4425000,18.07,20.05,18.92,17.86,22.13
4426000,18.19,20.31,18.63,18.28,22.52
4427000,17.7,20.03,18.81,18.51,22.12
4428000,17.59,20.45,18.74,18.67,21.83
4429000,16.4,19.93,19.17,19.04,21.5
4430000,15.85,19.84,19.28,19.13,21.51
4431000,16.03,20.14,19.39,19.3,21.74
4432000,16.4,20.21,19.87,18.88,21.61
4433000,16.0,20.28,20.08,19.17,21.63
4434000,15.85,19.53,19.74,19.27,21.72
4435000,16.28,19.3,19.76,19.23,21.22
4436000,16.56,19.04,19.69,19.14,21.01
4437000,16.54,19.66,20.12,18.87,20.22
4438000,17.13,19.23,20.53,18.49,20.32
4439000,16.56,19.6,20.38,18.92,20.39
4440000,16.75,19.69,20.65,18.96,20.47
4441000,16.75,20.34,20.7,19.11,19.92
4442000,16.88,20.57,21.08,19.47,19.91
4443000,16.94,20.47,20.91,20.24,19.61
4444000,17.11,21.07,20.42,20.1,19.68
4445000,17.23,20.13,20.44,19.98,19.78
4446000,17.55,20.37,20.12,19.61,19.53
4447000,17.24,20.14,19.82,19.68,19.79
4448000,16.83,20.46,20.1,20.03,20.04
4449000,16.49,20.45,20.68,19.57,20.49
4450000,16.22,20.96,20.81,19.63,20.27
4451000,15.86,21.22,21.06,19.63,19.33
4452000,15.81,21.14,21.41,19.39,19.32
4453000,16.06,21.64,21.64,19.21,19.71
4454000,15.89,21.71,21.86,19.36,19.55
4455000,16.12,22.12,21.81,19.74,19.55
4456000,16.05,22.53,22.04,19.37,19.25
4457000,15.86,22.55,21.51,19.26,19.15
4458000,15.8,22.59,21.98,18.91,18.92
4459000,16.02,22.75,21.5,17.76,18.68
4460000,16.41,22.73,21.38,17.49,18.5
4461000,16.63,22.66,21.39,17.97,18.87
4462000,16.33,22.45,21.45,17.93,19.2
4463000,16.49,22.34,21.61,18.07,19.31
4464000,16.56,22.8,21.38,17.74,19.11
4465000,16.25,22.74,21.71,17.92,18.77
4466000,16.53,22.83,21.16,17.96,18.92
4467000,16.58,22.72,20.76,17.25,19.18
4468000,16.58,23.06,20.78,17.43,18.58
4469000,16.71,23.13,20.96,17.48,18.91
4470000,17.01,23.47,21.4,17.1,18.44
4471000,17.34,22.86,21.29,16.46,18.31
4472000,16.95,23.13,21.21,15.75,17.87
4473000,17.12,22.84,20.89,16.26,18.01
4474000,17.34,23.33,20.35,15.66,18.41
4475000,17.64,23.36,20.57,15.86,18.82
4476000,17.98,23.39,20.91,16.14,19.05
4477000,17.87,23.2,21.69,16.29,19.29
4478000,17.48,23.32,20.87,16.57,19.1
4479000,17.51,23.29,21.09,16.64,18.97
4480000,17.94,23.07,20.14,16.78,18.89
4481000,17.72,23.22,20.36,15.77,18.79
4482000,18.29,23.12,20.49,15.79,19.22
4483000,18.64,22.78,20.63,15.87,18.92
4484000,19.03,22.72,20.7,15.74,18.8
4485000,18.9,23.42,20.28,16.16,19.49
4486000,18.14,23.39,20.29,16.57,19.13
4487000,18.2,23.67,19.56,16.62,19.05
4488000,18.01,23.61,19.89,16.34,19.28
4489000,17.75,23.41,19.66,16.48,19.86
4490000,17.82,23.86,19.72,16.31,19.66
4491000,18.03,23.43,19.43,16.54,19.59
4492000,18.3,23.43,19.5,16.17,19.62
4493000,18.25,23.07,19.89,16.31,19.42
4494000,17.97,23.31,19.75,16.04,19.93
4495000,18.36,23.3,19.63,16.33,19.41
4496000,18.52,23.15,18.98,16.9,19.0
4497000,18.56,22.71,18.61,17.24,19.17
4498000,18.72,22.65,18.48,16.82,19.68
4499000,18.84,22.31,18.29,17.1,19.91
4500000,18.56,21.75,18.19,17.27,19.96
4501000,18.34,21.41,17.86,17.68,20.38
4502000,18.36,21.26,17.65,17.94,20.33
4503000,18.28,20.95,17.91,17.31,20.33
4504000,18.3,20.99,18.21,17.28,20.43
4505000,18.39,21.06,18.51,17.62,20.49
4506000,18.15,21.08,18.57,17.44,20.55
4507000,17.98,20.72,18.47,17.45,20.64
4508000,17.7,20.67,18.29,17.15,20.77
4509000,18.11,20.57,17.92,16.79,20.48
4510000,18.22,20.8,17.96,16.92,20.18
4511000,17.98,21.09,17.93,16.97,20.48
4512000,18.03,20.74,18.14,17.25,20.19
4513000,18.12,21.16,18.53,17.35,20.63
4514000,18.17,21.21,17.84,17.96,20.57
4515000,18.28,21.15,17.93,18.1,21.13
4516000,18.2,21.53,18.14,17.75,21.34
4517000,18.3,21.27,18.37,17.53,21.43
4518000,17.72,20.47,18.4,17.06,21.76
4519000,17.84,20.24,17.91,17.04,21.87
4520000,17.27,20.33,17.77,17.15,21.89
4521000,17.45,19.81,17.55,16.47,22.11
4522000,16.27,19.8,17.61,16.91,22.44
4523000,15.73,19.74,17.88,17.41,22.38
4524000,15.95,19.86,17.8,17.54,22.68
4525000,15.99,19.78,17.57,17.5,22.7
4526000,15.93,20.05,17.81,17.09,22.34
4527000,15.73,19.99,17.8,16.77,21.94
4528000,15.6,19.23,17.84,16.87,22.04
4529000,15.73,19.04,17.85,17.11,22.14
4530000,15.8,19.05,18.1,17.17,22.39
4531000,15.33,19.22,17.29,17.47,22.55
4532000,15.23,18.98,17.37,17.16,22.9
4533000,15.18,19.05,17.67,17.28,22.8
4534000,14.81,19.13,17.97,17.34,22.61
4535000,15.19,18.89,18.0,17.29,22.82
4536000,15.09,18.85,17.64,16.81,23.03
4537000,15.1,19.17,17.89,16.65,22.82
4538000,15.54,18.98,17.52,16.82,22.85
4539000,15.57,18.65,17.59,17.25,22.8
4540000,15.89,19.08,18.05,17.43,22.88
4541000,16.05,19.48,17.6,17.58,22.49
4542000,16.09,19.51,17.87,17.3,22.46
4543000,16.0,19.87,17.92,17.43,22.52
4544000,15.77,19.87,17.96,17.88,22.68
4545000,15.94,20.14,18.32,17.97,22.64
4546000,16.06,20.19,18.61,18.07,22.25
4547000,16.32,20.6,18.33,17.66,21.84
4548000,16.36,20.68,18.16,18.01,22.21
4549000,15.61,20.61,17.61,18.2,22.28
4550000,15.73,20.04,17.35,17.78,22.07
4551000,15.19,19.77,17.76,17.7,22.16
4552000,15.5,20.13,17.95,17.44,21.31
4553000,15.17,20.36,17.88,17.64,21.24
4554000,14.91,20.26,17.98,17.71,21.09
4555000,15.1,20.46,17.66,17.61,21.16
4556000,15.07,19.92,17.48,17.5,21.41
4557000,15.0,19.92,17.24,17.81,21.09
4558000,15.1,19.84,17.11,18.01,21.15
4559000,15.31,19.93,16.9,17.66,20.91
4560000,16.02,20.13,16.75,17.77,21.01
4561000,15.99,19.91,17.02,17.32,21.14
4562000,16.12,19.95,16.94,17.54,20.69
4563000,16.13,20.18,16.99,17.46,20.86
4564000,16.37,20.37,17.17,16.99,20.46
4565000,16.59,20.76,16.77,16.61,20.48
4566000,16.89,21.09,16.38,16.7,19.66
4567000,17.43,21.12,15.84,16.91,19.37
4568000,17.61,21.12,16.05,17.21,19.41
4569000,17.79,20.97,16.43,16.62,19.42
4570000,17.97,21.43,16.4,16.94,19.09
4571000,17.84,21.15,16.51,16.32,18.97
4572000,18.11,21.12,16.78,16.5,19.12
4573000,18.51,20.64,16.27,16.55,19.33
4574000,18.36,20.86,15.87,16.13,19.44
4575000,18.49,21.1,15.93,15.84,19.64
4576000,18.49,21.43,16.2,16.0,19.37
4577000,18.75,22.04,15.62,16.31,19.04
4578000,18.35,21.72,15.64,16.34,19.16
4579000,18.11,22.11,15.59,16.52,19.31
4580000,17.9,22.0,15.69,16.26,19.66
4581000,17.33,21.45,15.41,16.01,19.86
4582000,16.9,21.14,15.57,15.6,19.86
4583000,16.85,21.37,15.69,15.51,20.5
4584000,17.09,21.67,15.28,15.54,20.13
4585000,16.93,21.7,15.21,15.58,19.75
4586000,17.18,21.16,15.4,15.56,19.91
4587000,17.19,21.55,15.37,15.78,19.86
4588000,16.94,21.8,15.56,15.11,19.19
4589000,17.01,21.5,15.21,15.45,19.22
4590000,17.08,21.48,15.18,15.71,19.35
4591000,17.37,21.47,15.25,16.0,19.33
4592000,17.72,20.82,15.21,15.47,19.71
4593000,17.17,20.74,15.5,15.56,19.79
4594000,17.34,20.28,15.76,15.59,20.13
4595000,17.48,20.46,15.81,15.23,20.4
4596000,17.9,20.48,16.13,15.09,20.74
4597000,18.06,20.39,16.16,15.07,20.33
4598000,18.26,20.81,16.01,15.14,20.72
4599000,18.8,21.07,16.14,15.18,20.42
4600000,18.27,20.76,16.7,15.29,20.6
4601000,17.58,21.01,16.62,15.59,20.91
4602000,17.33,21.07,16.9,15.45,20.68
4603000,17.03,21.33,17.09,15.5,20.41
4604000,16.98,21.25,16.91,15.97,20.29
4605000,17.02,21.43,17.56,16.51,20.82
4606000,16.64,21.59,17.71,16.42,20.96
4607000,16.75,21.66,17.9,15.95,21.12
4608000,16.1,21.14,18.22,16.18,21.17
4609000,16.35,21.29,18.31,16.25,21.28
4610000,16.28,21.41,18.41,15.71,20.89
4611000,16.27,21.15,18.5,15.78,21.35
4612000,15.95,21.22,18.72,16.1,20.63
4613000,15.87,21.59,19.26,16.27,21.23
4614000,16.36,21.5,19.14,16.62,21.03
4615000,16.41,21.6,19.06,16.79,21.24
4616000,16.77,21.69,19.19,16.63,21.8
4617000,16.09,21.72,19.28,16.64,22.06
4618000,16.47,21.73,19.27,16.3,22.37
4619000,16.76,22.01,19.34,16.21,22.44
4620000,16.7,22.17,19.64,16.67,22.31
4621000,16.63,22.01,19.3,16.7,22.43
4622000,16.99,22.36,19.79,16.89,22.52
4623000,16.99,22.44,19.68,16.67,22.43
4624000,17.18,22.63,20.11,16.93,22.53
4625000,17.03,22.56,20.2,16.93,22.07
4626000,17.05,22.11,20.09,17.08,21.93
4627000,16.74,22.26,19.73,17.55,22.18
4628000,17.02,22.51,20.37,17.32,22.06
4629000,16.75,22.52,20.02,17.43,22.38
4630000,16.77,22.65,20.04,17.18,22.64
4631000,16.04,22.45,20.18,17.37,22.64
4632000,16.32,22.45,19.45,17.42,22.63
4633000,16.28,22.29,19.24,17.43,22.74
4634000,16.61,22.3,19.49,17.73,22.72
4635000,16.92,22.33,19.86,17.71,22.11
4636000,15.69,21.67,19.65,17.53,22.14
4637000,15.46,21.63,19.61,17.55,22.54
4638000,15.71,21.62,19.51,17.51,22.75
4639000,15.97,21.67,19.56,17.84,22.71
4640000,16.19,21.75,19.6,17.81,22.45
4641000,16.42,22.0,19.35,17.5,22.79
4642000,16.42,22.14,19.37,17.84,22.89
4643000,16.62,21.99,19.67,17.65,22.73
4644000,16.79,22.43,19.51,17.67,21.69
4645000,16.64,22.26,18.79,17.93,20.93
4646000,16.18,22.4,18.36,17.94,21.22
4647000,16.31,22.57,18.46,17.62,20.79
4648000,16.24,22.63,18.57,17.62,20.7
4649000,16.21,22.6,17.82,18.06,20.34
4650000,15.92,22.71,17.51,17.77,20.84
4651000,16.29,21.99,17.54,17.82,20.99
4652000,15.89,21.84,17.99,17.96,21.22
4653000,15.84,21.94,17.89,17.97,21.49
4654000,15.52,21.54,17.96,18.54,21.75
4655000,15.29,21.74,18.22,18.61,21.28
4656000,15.44,22.1,18.33,18.47,21.66
4657000,15.39,21.74,18.48,18.17,21.5
4658000,15.46,21.73,18.06,18.15,21.73
4659000,15.5,21.84,18.61,18.28,21.51
4660000,15.73,21.61,18.65,18.51,21.78
4661000,15.48,20.94,18.52,18.76,21.62
4662000,15.23,20.62,18.95,18.95,22.02
4663000,15.67,20.34,19.02,18.59,22.11
4664000,14.89,20.31,19.07,18.37,21.47
4665000,14.94,20.37,19.3,18.46,21.3
4666000,15.2,20.7,19.72,17.99,21.31
4667000,15.52,21.26,19.23,18.02,21.23
4668000,15.84,20.78,19.05,18.03,21.37
4669000,16.27,20.4,19.27,17.58,21.64
4670000,16.12,20.69,19.46,17.33,21.33
4671000,16.51,20.37,19.47,17.36,21.59
4672000,16.61,20.16,19.41,17.7,21.85
4673000,16.82,20.08,19.81,17.41,21.69
4674000,16.75,19.85,19.67,17.64,21.88
4675000,16.99,20.12,19.96,17.34,21.87
4676000,17.17,20.07,20.53,17.18,21.86
4677000,17.45,20.08,20.77,17.22,21.32
4678000,17.63,20.42,20.32,17.68,21.34
4679000,17.32,20.8,20.88,17.36,20.98
4680000,17.19,20.11,20.75,17.04,21.2
4681000,17.46,20.17,20.85,17.19,20.88
4682000,17.16,19.92,20.68,17.87,20.73
4683000,16.94,20.01,20.9,17.78,20.37
4684000,17.33,20.41,21.3,18.03,20.15
4685000,17.15,20.5,20.81,17.68,19.73
4686000,17.53,19.68,20.56,17.67,19.85
4687000,17.92,19.96,20.79,17.36,20.28
4688000,17.84,20.26,21.43,17.49,20.17
4689000,17.7,19.75,21.52,17.36,19.88
4690000,17.41,19.45,21.57,17.26,19.88
4691000,17.6,19.78,21.93,17.14,20.43
4692000,17.1,18.96,22.05,17.08,20.77
4693000,17.46,18.61,21.85,17.38,21.0
4694000,17.5,18.72,22.32,17.83,20.82
4695000,17.66,18.7,22.3,18.02,20.94
4696000,17.78,19.04,22.35,18.23,21.19
4697000,17.33,19.37,22.31,17.28,21.22
4698000,17.45,19.43,22.27,17.36,21.5
4699000,17.45,19.53,21.89,17.52,21.22
4700000,17.65,19.53,22.05,17.62,21.4
4701000,17.32,18.96,22.17,17.91,21.26
4702000,17.74,19.57,20.43,17.0,20.69
4703000,17.68,19.65,20.83,17.47,20.85
4704000,17.72,19.84,21.13,17.73,21.43
4705000,17.91,19.91,20.65,17.98,21.23
4706000,18.3,19.51,20.89,17.91,21.12
4707000,17.99,19.74,21.35,17.86,21.17
4708000,17.19,20.11,21.03,18.14,21.35
4709000,17.22,19.55,21.3,18.18,21.77
4710000,17.38,19.03,21.22,18.23,21.76
4711000,17.39,18.98,21.6,18.82,21.86
4712000,17.47,18.71,21.16,19.02,21.47
4713000,17.5,18.48,21.26,19.21,21.31
4714000,17.43,18.39,21.59,19.64,21.11
4715000,17.44,18.77,21.96,19.54,21.29
4716000,17.1,18.31,21.48,19.71,21.02
4717000,17.25,18.36,21.71,19.34,20.74
4718000,17.04,18.26,21.84,19.51,20.58
4719000,17.48,18.32,22.03,19.74,20.77
4720000,17.72,17.65,21.54,19.57,20.77
4721000,17.77,18.07,21.46,19.97,20.39
4722000,17.39,18.24,21.27,20.33,20.66
4723000,16.99,18.07,20.93,20.0,20.32
4724000,17.53,18.31,20.96,20.39,20.71
4725000,16.91,18.22,21.21,20.56,20.39
4726000,17.15,18.52,20.16,20.72,20.21
4727000,16.78,18.66,20.29,19.83,20.34
4728000,16.97,18.97,20.27,19.73,19.89
4729000,16.76,19.03,20.82,19.5,19.95
4730000,16.87,19.28,19.92,19.27,19.89
4731000,16.82,18.98,20.21,19.08,20.3
4732000,17.12,19.4,19.91,19.06,20.53
4733000,17.54,19.74,18.96,19.13,20.63
4734000,17.21,19.97,18.94,18.76,20.87
4735000,17.83,20.29,19.08,18.9,20.82
4736000,17.78,20.22,18.88,19.04,20.62
4737000,17.72,20.7,19.47,18.9,20.39
4738000,18.16,20.57,19.14,18.5,20.15
4739000,18.3,20.96,19.24,18.67,20.07
4740000,18.06,20.5,18.46,19.13,20.22
4741000,18.2,20.67,18.93,18.92,20.28
4742000,18.22,20.69,19.39,18.93,20.48
4743000,18.61,20.36,19.35,18.78,20.33
4744000,18.54,20.3,19.37,18.77,20.59
4745000,18.22,20.01,18.96,18.94,20.81
4746000,18.19,20.24,19.32,19.38,20.35
4747000,18.53,19.94,18.85,18.82,20.24
4748000,18.58,19.63,18.6,18.26,20.14
4749000,18.31,19.79,18.33,18.07,20.27
4750000,18.45,20.19,18.21,18.44,20.35
4751000,18.88,20.3,18.28,18.71,20.72
4752000,18.75,20.78,18.04,17.86,20.04
4753000,18.71,20.38,18.5,17.36,20.41
4754000,19.07,20.33,18.54,17.21,20.48
4755000,19.04,20.47,18.2,16.94,20.54
4756000,19.24,20.65,18.0,16.84,20.69
4757000,19.03,20.62,18.35,17.25,20.77
4758000,18.25,20.91,17.88,17.15,20.57
4759000,18.45,21.4,17.77,17.06,20.49
4760000,18.61,21.28,17.24,16.81,20.33
4761000,18.67,21.28,17.47,16.88,20.55
4762000,17.79,21.43,17.5,16.57,20.41
4763000,17.82,21.13,17.28,16.71,20.13
4764000,17.97,21.57,17.42,15.95,19.59
4765000,18.27,20.95,17.27,16.03,19.91
4766000,18.06,20.75,17.52,15.89,20.1
4767000,18.5,21.04,17.57,15.76,19.99
4768000,18.8,21.16,18.01,16.17,20.29
4769000,19.21,20.95,18.32,16.21,20.48
4770000,19.15,20.47,18.82,16.35,20.36
4771000,18.91,21.05,18.86,16.53,20.8
4772000,18.73,20.74,18.76,16.42,20.9
4773000,18.48,20.62,18.8,16.62,20.49
4774000,18.85,20.0,19.04,16.83,21.08
4775000,19.19,20.49,19.53,17.18,20.91
4776000,19.02,20.18,19.58,17.04,21.26
4777000,18.67,20.6,19.83,16.91,21.74
4778000,18.51,20.72,20.15,16.62,21.74
4779000,18.32,20.56,20.09,16.81,21.96
4780000,18.59,21.03,20.96,16.61,22.23
4781000,19.17,20.79,20.72,16.64,22.42
4782000,18.57,20.44,20.55,16.86,22.64
4783000,18.26,20.76,20.95,16.99,22.5
4784000,18.42,20.26,21.03,17.21,22.55
4785000,18.71,20.46,21.24,17.52,22.63
4786000,18.61,20.14,21.31,17.51,22.78
4787000,18.45,19.77,21.23,17.69,22.44
4788000,18.73,19.53,21.67,17.63,22.83
4789000,18.65,19.8,21.25,17.26,23.07
4790000,18.97,19.94,21.36,17.7,23.06
4791000,19.08,19.98,21.18,17.95,23.39
4792000,18.79,20.31,21.28,18.17,23.08
4793000,18.86,20.75,21.44,17.71,23.01
4794000,19.06,20.45,21.62,17.92,23.63
4795000,19.4,20.45,21.64,17.85,23.34
4796000,19.24,19.72,22.0,18.39,23.54
4797000,19.39,20.11,22.48,18.43,23.39
4798000,19.03,19.96,22.31,18.36,23.6
4799000,18.61,19.89,22.31,18.25,23.86
4800000,18.28,20.34,22.0,18.09,23.87
4801000,18.51,20.02,21.95,17.94,23.89
4802000,18.98,19.99,21.69,18.76,23.94
4803000,18.67,20.19,21.76,18.67,23.91
4804000,18.8,20.05,22.01,18.63,23.74
4805000,18.62,19.79,22.31,18.56,23.99
4806000,19.11,20.09,21.98,18.54,23.81
4807000,19.49,20.21,21.8,18.38,23.81
4808000,19.78,20.64,22.11,18.91,24.14
4809000,19.64,20.75,22.11,18.68,23.92
4810000,19.43,20.8,22.65,18.83,23.88
4811000,19.06,21.05,22.59,19.29,24.15
4812000,19.01,21.57,22.57,19.12,24.04
4813000,18.73,21.42,22.69,18.79,24.04
4814000,18.82,21.58,22.91,18.61,24.11
4815000,19.02,21.29,22.62,18.9,24.56
4816000,19.19,21.2,22.75,18.92,24.65
4817000,19.44,21.75,23.43,18.9,24.51
4818000,19.0,21.32,23.51,19.29,24.77
4819000,18.73,21.61,23.2,18.77,25.36
4820000,19.08,21.61,23.17,18.48,25.84
4821000,19.16,21.58,23.12,18.49,26.26
4822000,19.24,21.67,23.0,18.33,25.93
4823000,18.85,21.5,22.53,18.45,25.93
4824000,18.86,21.32,22.0,18.08,26.1
4825000,18.77,21.26,21.96,18.36,25.94
4826000,18.92,21.37,21.54,17.83,26.03
4827000,19.52,20.91,21.27,17.9,25.89
4828000,19.73,21.05,20.83,17.44,25.79
4829000,19.5,20.71,21.12,17.47,25.6
4830000,19.25,20.63,20.87,17.79,25.8
4831000,18.97,20.54,20.88,17.35,25.66
4832000,19.26,20.71,20.13,17.7,25.93
4833000,19.57,20.91,20.31,17.67,25.82
4834000,19.48,21.14,20.31,17.25,25.76
4835000,19.18,20.81,20.46,17.21,25.93
4836000,19.17,20.33,20.52,17.86,25.54
4837000,19.3,20.22,20.64,18.14,25.79
4838000,19.54,20.29,20.93,18.34,25.55
4839000,19.51,20.1,21.42,18.71,25.7
4840000,19.12,20.46,21.46,18.22,25.8
4841000,19.15,20.4,21.4,18.39,25.38
4842000,19.07,20.98,21.55,18.45,25.15
4843000,19.14,21.02,21.72,18.82,25.01
4844000,18.73,20.5,22.01,18.78,24.96
4845000,18.88,20.43,21.56,18.57,25.5
4846000,18.76,20.74,21.39,18.41,24.67
4847000,18.38,20.55,21.81,18.56,24.18
4848000,18.59,20.71,22.14,18.88,24.18
4849000,17.48,20.61,22.37,19.32,24.53
4850000,17.42,20.72,22.28,19.31,24.14
4851000,17.57,20.66,22.46,19.58,24.33
4852000,17.43,20.82,22.05,19.03,24.02
4853000,17.64,20.98,22.37,19.34,24.48
4854000,17.83,20.56,22.49,19.5,24.41
4855000,17.98,20.24,22.21,19.96,24.65
4856000,18.06,19.85,22.24,20.27,24.38
4857000,17.51,20.04,22.56,19.84,24.25
4858000,17.7,20.19,22.31,20.25,24.51
4859000,18.01,20.17,21.96,20.57,24.69
4860000,17.71,20.98,22.05,20.91,24.46
4861000,17.85,21.01,22.11,21.21,24.27
4862000,17.97,21.04,22.01,20.65,24.21
4863000,18.07,21.35,21.75,20.85,23.47
4864000,18.22,21.33,21.91,21.09,23.49
4865000,18.36,21.86,21.94,21.28,23.59
4866000,18.44,21.42,21.33,21.41,23.47
4867000,17.9,21.4,21.55,21.57,22.7
4868000,18.0,21.52,21.68,21.71,23.45
4869000,17.54,21.12,20.62,21.77,23.7
4870000,16.9,21.53,20.8,21.89,23.48
4871000,16.73,21.67,21.05,22.09,22.91
4872000,16.46,21.23,21.01,22.03,22.9
4873000,16.57,21.52,21.37,21.98,23.17
4874000,16.52,21.42,21.29,22.21,22.93
4875000,16.74,21.07,21.22,22.23,22.85
4876000,16.76,21.08,21.6,22.21,23.01
4877000,17.05,21.18,21.17,21.9,23.38
4878000,17.33,21.68,20.91,22.33,23.04
4879000,17.71,22.13,20.83,22.0,23.45
4880000,17.71,21.9,20.91,22.19,23.33
4881000,17.06,21.95,20.32,22.56,23.2
4882000,16.65,21.74,20.36,22.15,23.47
4883000,17.0,21.37,20.28,22.21,23.3
4884000,17.01,21.6,19.82,21.71,22.85
4885000,17.14,21.93,19.74,21.71,23.03
4886000,16.82,22.03,19.73,21.3,22.95
4887000,16.83,22.08,20.11,21.39,23.16
4888000,16.93,22.15,19.94,21.67,21.98
4889000,16.66,21.61,20.25,21.42,22.04
4890000,16.96,21.03,19.62,21.63,22.0
4891000,16.98,21.44,19.66,21.35,22.22
4892000,17.12,21.49,19.52,21.43,22.36
4893000,17.19,21.06,19.82,21.06,22.43
4894000,16.9,21.31,20.04,21.33,22.68
4895000,16.77,21.01,19.86,21.19,22.49
4896000,16.55,21.15,19.65,20.81,22.72
4897000,16.04,21.15,19.86,20.33,23.12
4898000,16.07,21.18,20.01,20.5,23.32
4899000,16.26,21.34,19.59,20.84,23.61
4900000,16.14,20.83,19.61,20.41,24.02
4901000,16.47,20.57,19.69,19.93,23.51
4902000,16.5,20.58,19.76,19.73,23.55
4903000,16.46,20.66,19.6,18.94,23.6
4904000,16.2,20.67,19.62,19.2,23.79
4905000,16.06,20.48,19.58,18.92,23.8
4906000,16.42,19.9,19.55,18.89,23.91
4907000,16.69,19.68,19.7,18.78,24.0
4908000,16.26,19.76,19.87,17.79,24.0
4909000,16.38,19.87,20.16,17.65,24.01
4910000,16.39,19.43,20.11,17.67,24.43
4911000,16.59,19.89,19.88,18.1,23.56
4912000,17.06,19.84,19.57,18.08,23.45
4913000,16.51,20.32,20.09,18.39,23.54
4914000,16.7,20.36,19.9,17.84,23.17
4915000,16.24,20.62,20.17,17.96,23.25
4916000,15.95,20.33,20.16,17.86,23.53
4917000,14.93,19.99,20.26,17.94,23.52
4918000,15.1,20.18,19.38,18.04,23.84
4919000,15.32,19.89,19.14,18.11,24.14
4920000,15.41,20.03,19.26,18.17,23.61
4921000,15.62,20.38,19.34,18.2,23.41
4922000,15.69,20.83,19.07,17.74,23.68
4923000,15.66,20.86,18.9,18.25,23.69
4924000,15.58,20.41,18.98,18.56,24.17
4925000,15.56,20.15,19.25,18.7,23.97
4926000,15.63,20.17,19.17,18.52,24.05
4927000,15.97,20.47,19.33,18.23,24.27
4928000,16.08,20.52,19.12,18.49,23.84
4929000,16.1,20.89,19.46,18.49,23.36
4930000,15.8,21.13,18.7,18.73,23.34
4931000,15.8,21.11,18.48,18.41,23.6
4932000,16.02,20.88,18.45,18.17,23.29
4933000,15.48,21.33,18.34,17.83,23.83
4934000,15.61,21.31,18.52,18.15,23.61
4935000,15.82,21.34,18.16,18.09,23.69
4936000,15.69,20.81,18.46,17.61,23.47
4937000,15.75,20.99,18.17,17.37,23.86
4938000,15.84,21.09,18.28,17.79,24.14
4939000,16.13,20.55,18.71,18.2,24.28
4940000,16.01,21.05,19.1,18.19,23.72
4941000,15.89,20.89,18.04,17.94,24.07
4942000,15.85,20.98,18.38,18.07,24.69
4943000,15.46,20.93,18.21,18.42,24.75
4944000,15.72,20.97,17.9,18.45,24.88
4945000,15.09,21.24,17.67,18.64,24.86
4946000,15.3,20.5,17.41,19.07,25.23
4947000,15.48,20.66,17.61,19.37,24.9
4948000,15.68,20.69,17.43,19.56,24.35
4949000,16.17,20.69,17.5,19.49,24.57
4950000,16.35,21.2,17.64,19.55,24.77
4951000,15.96,21.21,16.83,19.94,24.31
4952000,15.88,20.9,17.21,19.28,24.83
4953000,15.72,21.05,17.51,19.3,24.84
4954000,15.63,21.6,17.63,19.59,24.66
4955000,16.03,21.59,17.84,18.98,24.15
4956000,15.96,21.15,17.6,19.15,23.95
4957000,16.28,20.71,17.34,19.25,23.38
4958000,16.22,21.3,17.56,18.89,23.83
4959000,16.12,21.38,17.59,19.13,24.0
4960000,16.14,21.24,17.88,19.51,23.57
4961000,16.17,21.17,18.12,19.26,23.08
4962000,15.83,20.77,18.2,19.45,23.07
4963000,16.09,20.82,18.18,18.9,23.5
4964000,16.69,20.87,18.46,19.05,23.57
4965000,16.6,20.71,18.56,18.86,23.65
4966000,17.16,20.76,18.79,18.75,24.04
4967000,17.42,20.38,18.94,18.97,24.15
4968000,17.66,20.3,18.86,18.2,24.4
4969000,17.77,20.37,19.18,18.3,24.06
4970000,17.5,20.61,19.0,18.26,23.67
4971000,17.56,20.63,19.5,18.23,23.86
4972000,17.85,21.06,19.02,18.35,23.91
4973000,17.73,20.58,19.38,18.3,24.13
4974000,17.44,20.53,19.53,18.54,24.08
4975000,17.68,20.71,19.37,18.45,24.04
4976000,17.81,20.9,19.72,18.18,23.38
4977000,17.88,21.08,20.17,18.43,23.57
4978000,18.21,20.96,20.06,18.59,23.74
4979000,18.41,21.15,20.09,18.38,23.72
4980000,18.5,21.28,19.89,18.7,23.87
4981000,18.49,20.66,19.28,18.77,23.95
4982000,18.07,20.53,19.48,19.21,24.36
4983000,18.51,20.62,19.45,19.39,24.57
4984000,18.53,21.12,19.17,18.72,24.27
4985000,18.54,21.18,18.66,18.61,23.53
4986000,18.26,21.26,18.49,18.1,23.7
4987000,18.65,21.32,18.72,17.02,23.45
4988000,18.46,20.99,18.69,17.26,23.06
4989000,18.61,20.82,19.24,16.98,23.01
4990000,18.62,20.75,19.37,16.65,23.6
4991000,17.89,20.59,19.42,17.09,23.37
4992000,17.94,20.37,19.52,16.85,23.77
4993000,18.06,20.67,19.74,16.92,23.62
4994000,17.77,20.74,19.95,17.26,23.92
4995000,17.82,20.49,20.07,17.48,23.11
4996000,18.1,20.09,19.97,17.45,23.26
4997000,18.12,19.91,20.23,17.56,22.82
4998000,18.34,19.95,20.04,17.46,23.04
4999000,18.63,19.93,20.49,17.78,22.71
