step,seed1,seed2,seed3,seed4,seed5
1000,5.266667,3.6666667,4.0,2.6153846,3.5263157
2000,4.83871,4.2647057,3.2285714,3.2666667,4.0857143
3000,5.022222,3.5964913,3.8125,3.4615386,3.9074075
4000,5.0163937,3.7702703,3.7424242,3.4756098,4.3692307
5000,4.5625,3.8021977,3.8658535,3.42,4.475
6000,4.22,4.06,3.8367348,3.79,4.5052633
7000,4.1,4.32,4.05,3.88,4.67
8000,4.14,4.31,4.09,3.87,4.44
9000,4.12,4.54,3.87,3.94,4.39
10000,4.0,4.6,4.0,4.05,3.71
11000,4.26,4.83,3.95,4.11,3.65
12000,4.45,4.57,4.11,4.04,3.63
13000,4.25,4.46,3.89,4.1,3.79
14000,4.16,4.06,3.92,4.31,3.8
15000,4.04,3.85,3.99,4.33,4.07
16000,4.11,3.84,4.24,4.39,4.23
17000,4.09,3.95,4.47,4.41,4.19
18000,3.86,4.18,4.44,4.66,3.87
19000,4.16,3.9,4.3,4.27,3.85
20000,4.26,4.36,4.77,4.11,4.04
21000,4.42,4.47,4.78,3.97,3.95
22000,4.48,4.36,5.11,3.7,3.84
23000,4.32,4.44,4.46,3.71,3.88
24000,4.3,4.28,4.37,3.64,4.13
25000,4.01,4.38,4.54,3.86,3.81
26000,4.11,4.29,3.93,3.73,3.64
27000,3.97,4.37,3.5,3.84,3.75
28000,4.04,4.24,3.72,3.82,3.87
29000,4.02,4.21,3.66,3.92,3.97
30000,4.3,4.28,3.89,3.83,3.88
31000,4.38,4.23,4.04,3.81,4.05
32000,4.16,4.1,3.99,4.1,4.3
33000,4.0,3.93,4.11,4.11,4.44
34000,4.15,3.91,4.22,4.13,4.68
35000,4.02,3.93,4.24,3.99,4.83
36000,3.93,4.08,4.29,4.3,4.78
37000,3.98,3.98,4.18,4.48,4.75
38000,4.14,4.11,4.51,4.1,4.84
39000,3.91,4.0,4.37,4.24,4.63
40000,3.91,4.0,4.21,4.34,4.49
41000,4.08,4.31,4.21,4.2,4.37
42000,3.99,4.23,4.11,3.84,4.33
43000,3.61,4.22,3.73,3.86,4.33
44000,3.89,4.32,3.89,3.74,3.93
45000,3.91,4.24,3.83,3.68,4.19
46000,4.05,4.35,4.07,3.84,3.8
47000,3.81,3.98,4.12,4.2,3.47
48000,3.9,4.31,4.09,4.11,3.48
49000,3.91,4.25,4.27,4.26,3.63
50000,3.68,4.17,4.51,4.27,3.64
51000,3.52,4.19,4.37,4.31,3.65
52000,3.6,4.25,4.84,4.03,3.87
53000,3.5,4.28,4.52,4.02,3.95
54000,3.65,4.02,4.49,4.02,4.07
55000,4.03,4.07,4.47,3.84,4.19
56000,4.14,3.95,4.32,3.82,3.99
57000,4.31,3.85,4.39,3.73,4.23
58000,4.46,3.96,4.06,4.12,4.21
59000,4.46,4.19,3.9,4.48,4.13
60000,4.46,4.58,3.86,4.66,3.92
61000,4.26,4.69,4.08,4.52,3.91
62000,4.27,4.72,4.15,4.56,4.13
63000,4.05,4.87,4.13,4.7,4.02
64000,3.92,4.97,4.1,4.86,4.1
65000,4.18,4.79,4.09,4.42,4.27
66000,4.33,4.52,4.21,4.26,4.34
67000,3.92,4.46,4.31,4.3,4.62
68000,4.27,4.35,4.34,4.49,4.57
69000,4.56,4.45,4.3,4.48,4.61
70000,4.58,4.51,4.3,4.32,4.64
71000,4.65,4.21,4.41,4.52,4.37
72000,4.52,4.4,4.36,4.53,4.4
73000,4.79,4.65,4.6,4.28,4.42
74000,4.8,4.81,4.54,4.39,4.24
75000,4.72,5.02,4.56,4.65,4.37
76000,4.52,5.06,4.4,5.05,4.12
77000,4.34,5.04,4.66,5.06,4.33
78000,4.42,5.18,4.98,5.03,4.21
79000,4.66,4.99,5.19,5.33,3.76
80000,4.57,4.93,4.87,5.42,4.06
81000,4.62,4.72,4.79,5.37,4.08
82000,4.76,4.87,4.84,5.38,3.98
83000,4.89,5.14,4.99,5.5,3.75
84000,5.02,5.0,4.53,5.26,4.03
85000,5.13,5.46,4.36,5.08,4.23
86000,5.4,5.47,4.42,4.79,4.25
87000,5.09,5.67,4.51,4.78,4.21
88000,5.38,5.5,4.69,4.4,4.53
89000,5.22,5.73,4.64,4.23,4.72
90000,5.11,5.53,4.82,4.46,4.88
91000,5.12,5.25,4.85,4.77,4.94
92000,5.09,5.0,4.93,5.03,4.58
93000,5.1,4.75,4.87,5.27,4.63
94000,4.87,4.47,4.88,5.55,4.27
95000,4.72,4.37,4.99,5.72,4.56
96000,4.82,4.62,4.93,5.85,4.29
97000,4.95,4.65,5.0,5.88,4.52
98000,4.68,4.92,5.32,5.6,4.82
99000,4.56,5.1,5.41,5.22,4.65
100000,4.56,5.07,5.46,5.26,4.93
101000,4.72,4.99,5.6,5.32,4.84
102000,4.93,5.21,5.57,5.49,4.81
103000,5.18,5.31,5.15,5.78,5.17
104000,5.39,5.7,5.36,5.41,4.89
105000,5.48,5.68,5.1,5.31,4.92
106000,5.37,5.28,5.43,5.37,5.23
107000,5.52,5.39,5.32,5.18,5.27
108000,5.45,5.56,5.08,4.89,5.31
109000,5.69,5.43,5.29,4.64,5.51
110000,5.65,5.05,5.4,4.79,5.45
111000,5.25,5.05,5.18,4.71,5.74
112000,5.36,5.25,5.1,5.03,5.69
113000,5.37,5.15,4.99,4.84,5.14
114000,5.24,5.07,5.22,5.05,5.2
115000,4.9,5.3,5.07,5.41,5.11
116000,4.93,5.73,5.29,5.44,4.67
117000,4.97,5.37,5.35,5.67,4.62
118000,5.03,5.29,5.28,5.85,4.59
119000,5.13,5.79,5.74,5.8,4.47
120000,4.98,5.69,5.53,5.51,4.81
121000,4.92,5.33,5.45,5.12,4.79
122000,4.6,5.16,5.72,4.79,4.88
123000,4.75,5.4,5.45,4.72,5.14
124000,4.94,4.85,5.46,4.62,5.11
125000,4.94,5.03,5.22,4.71,5.28
126000,5.33,5.1,5.34,4.82,5.14
127000,5.36,5.19,5.39,5.22,5.31
128000,5.88,5.04,5.45,5.63,5.36
129000,5.83,5.46,5.68,5.89,5.23
130000,5.79,5.52,5.51,5.86,5.11
131000,5.79,5.72,5.45,5.81,5.14
132000,6.03,6.0,5.37,5.16,4.75
133000,6.04,5.45,5.37,5.19,4.46
134000,6.0,5.83,5.7,5.13,4.71
135000,6.03,5.52,5.5,5.2,4.84
136000,6.11,5.12,5.44,5.22,4.88
137000,6.44,5.21,5.54,5.31,4.94
138000,6.1,5.53,5.88,5.43,5.2
139000,6.02,5.62,5.82,5.44,5.17
140000,6.47,5.61,5.92,5.44,5.0
141000,6.37,5.77,6.0,5.54,5.07
142000,6.24,5.99,5.97,5.19,5.0
143000,5.52,6.12,6.1,5.43,4.74
144000,5.73,6.57,6.02,5.68,4.37
145000,5.62,6.61,6.12,5.73,4.69
146000,5.56,6.22,5.78,5.77,4.85
147000,5.5,6.42,6.06,5.91,4.89
148000,5.49,6.39,5.72,6.08,4.85
149000,5.71,6.47,5.82,6.14,4.8
150000,6.05,6.04,6.07,5.67,5.02
151000,6.29,6.31,6.19,5.65,4.8
152000,6.56,6.46,6.14,5.98,5.15
153000,6.72,6.59,6.42,6.0,5.26
154000,6.33,6.81,6.42,5.73,5.33
155000,6.41,6.93,6.34,5.75,5.65
156000,6.5,7.13,6.5,5.63,5.72
157000,6.49,7.34,6.83,5.9,5.64
158000,6.38,7.24,6.82,5.45,6.0
159000,6.35,7.2,6.99,5.27,6.34
160000,6.46,7.14,7.07,5.53,5.91
161000,6.59,6.79,6.77,5.7,5.83
162000,7.0,6.82,6.51,5.67,5.57
163000,6.2,6.93,6.34,5.78,5.76
164000,6.17,6.7,5.87,5.68,5.89
165000,6.09,6.81,5.36,5.64,5.38
166000,5.8,6.6,5.55,5.54,5.09
167000,5.75,6.46,5.43,5.59,5.19
168000,6.0,6.55,5.48,5.63,5.36
169000,6.45,6.55,5.88,5.45,5.11
170000,6.71,6.92,6.16,5.65,5.07
171000,7.05,7.03,6.53,5.77,5.17
172000,6.8,7.2,6.55,5.77,5.44
173000,6.76,7.41,6.66,5.5,5.48
174000,6.83,7.52,6.85,5.89,5.52
175000,6.24,7.8,6.79,5.95,5.45
176000,6.27,8.17,6.99,5.83,5.57
177000,6.11,8.35,6.81,5.74,5.4
178000,6.23,8.09,6.42,5.94,5.53
179000,6.3,7.89,6.51,6.3,5.53
180000,5.99,8.03,7.04,5.74,5.21
181000,6.04,8.05,7.17,5.82,5.33
182000,6.17,7.87,7.2,5.9,5.53
183000,6.16,8.19,6.98,6.22,5.61
184000,6.43,8.22,7.01,6.03,5.46
185000,6.23,8.29,7.38,6.2,5.39
186000,6.59,8.34,7.34,6.23,5.56
187000,7.04,8.53,7.06,6.53,5.75
188000,7.04,8.31,6.79,6.3,5.31
189000,6.65,8.4,7.07,6.4,4.98
190000,6.54,8.3,7.05,6.45,5.2
191000,6.63,8.12,7.31,6.35,5.25
192000,6.63,8.05,7.56,6.66,5.27
193000,6.7,7.71,7.55,6.78,5.34
194000,6.78,7.67,7.57,6.71,5.18
195000,7.03,8.07,7.72,6.67,5.5
196000,7.25,7.67,7.63,6.87,5.61
197000,7.54,7.81,7.93,6.96,5.71
198000,7.49,7.86,7.83,6.73,5.32
199000,7.6,7.85,8.12,6.67,5.13
200000,7.77,8.19,8.15,6.35,5.47
201000,8.01,8.41,8.31,6.39,5.75
202000,8.15,8.52,7.9,6.45,5.91
203000,8.55,8.43,8.25,6.42,6.36
204000,8.59,9.04,8.72,6.44,6.58
205000,8.6,8.76,8.56,6.89,6.57
206000,8.73,8.97,8.84,6.67,6.56
207000,8.81,8.9,8.74,6.84,6.64
208000,8.93,8.67,8.5,6.99,5.98
209000,8.84,8.54,8.3,6.76,5.81
210000,8.77,8.38,8.43,6.64,5.86
211000,8.51,8.46,8.67,6.9,5.89
212000,8.61,8.55,8.56,7.0,5.79
213000,8.54,8.75,7.98,6.62,5.88
214000,8.55,8.9,8.34,6.71,6.32
215000,8.4,8.65,8.34,6.53,6.17
216000,8.2,8.27,8.55,6.65,6.21
217000,8.03,8.29,8.49,6.71,6.28
218000,8.2,8.58,8.98,6.69,6.37
219000,7.99,8.2,8.8,6.99,6.22
220000,7.85,8.4,8.92,7.12,6.26
221000,8.36,8.41,8.88,7.11,6.0
222000,8.13,8.71,8.81,7.51,5.92
223000,8.66,8.82,8.71,7.53,6.09
224000,8.84,9.36,8.78,7.66,6.31
225000,9.02,9.6,8.84,7.87,6.15
226000,9.1,9.75,8.72,8.08,6.17
227000,9.17,9.57,8.64,8.41,6.81
228000,9.14,9.78,8.82,8.0,6.97
229000,8.75,9.32,8.8,8.39,7.2
230000,9.07,9.5,9.17,8.21,7.23
231000,8.76,9.08,9.36,8.28,7.11
232000,8.91,9.15,9.43,8.04,7.44
233000,9.25,8.74,9.11,7.96,7.74
234000,9.39,8.15,9.04,7.49,7.91
235000,9.72,8.7,8.98,7.21,8.23
236000,9.54,8.5,8.54,7.45,8.23
237000,10.21,8.78,8.4,7.49,8.03
238000,9.83,8.79,8.07,7.71,7.88
239000,10.01,9.15,8.01,7.85,7.78
240000,10.09,9.22,8.37,7.73,7.39
241000,10.39,9.24,8.52,7.94,7.32
242000,10.39,9.29,8.8,7.92,6.96
243000,10.7,9.52,9.23,8.04,6.83
244000,10.32,9.95,9.45,7.82,6.55
245000,10.03,9.34,9.75,7.7,6.83
246000,9.96,9.69,9.87,7.97,6.93
247000,9.86,9.79,9.95,7.95,7.18
248000,10.29,9.14,10.52,7.8,7.28
249000,10.05,9.23,10.72,7.64,7.33
250000,10.11,9.47,10.98,7.99,7.46
251000,9.64,9.12,10.5,8.43,7.38
252000,9.34,9.16,10.56,8.27,7.94
253000,9.66,9.27,10.49,8.23,8.03
254000,9.83,9.41,10.76,7.97,7.72
255000,9.8,9.1,10.94,7.88,7.79
256000,9.94,9.16,11.22,8.27,7.54
257000,10.36,9.56,11.15,8.05,7.42
258000,10.52,9.77,10.49,7.77,7.51
259000,10.66,10.1,10.28,7.93,7.64
260000,10.74,10.32,10.53,8.08,7.12
261000,10.46,10.18,10.82,8.06,7.31
262000,10.48,10.48,11.04,8.16,7.21
263000,10.22,10.78,11.32,7.77,7.27
264000,10.29,11.06,11.42,7.78,7.83
265000,10.35,11.01,11.34,7.64,7.9
266000,10.38,11.29,11.53,7.51,7.89
267000,10.55,11.85,11.29,7.85,7.84
268000,10.49,12.28,11.61,7.92,7.7
269000,10.92,12.41,11.62,7.82,8.08
270000,11.06,12.55,11.19,8.23,8.35
271000,11.39,12.5,11.18,8.3,8.38
272000,11.48,12.49,11.02,8.34,8.57
273000,11.83,12.66,10.62,8.71,8.46
274000,12.29,12.36,10.54,8.9,8.6
275000,12.26,12.1,10.56,8.6,8.55
276000,12.0,12.39,10.31,9.02,8.47
277000,12.31,12.64,10.63,9.41,8.71
278000,12.62,12.25,10.5,9.0,8.45
279000,12.4,12.18,10.84,9.48,8.3
280000,12.38,11.68,10.59,9.42,8.05
281000,11.8,11.86,10.57,9.72,7.74
282000,11.46,12.16,10.53,9.49,7.7
283000,11.91,11.96,11.03,9.44,7.82
284000,12.2,12.09,10.69,9.59,8.09
285000,12.58,12.37,10.79,9.57,8.43
286000,12.52,12.51,10.98,9.44,8.38
287000,12.63,12.49,10.93,9.65,8.32
288000,12.68,12.64,10.93,9.75,8.51
289000,13.26,12.67,10.97,9.64,9.04
290000,13.03,12.38,10.81,9.54,9.32
291000,12.74,12.39,11.48,9.47,9.26
292000,12.41,12.36,11.38,9.54,9.24
293000,12.58,11.54,11.09,9.21,8.86
294000,12.51,11.64,11.43,9.27,8.93
295000,12.66,11.74,11.23,9.21,9.18
296000,12.41,11.71,11.5,9.15,8.33
297000,12.08,11.88,11.66,8.84,8.6
298000,12.2,11.12,11.83,8.74,8.28
299000,12.37,10.52,11.99,9.04,7.97
300000,12.53,11.38,11.43,9.24,8.2
301000,11.6,11.56,10.92,9.69,8.17
302000,11.79,11.59,11.16,9.34,8.04
303000,12.14,11.68,11.0,9.16,8.08
304000,12.66,11.93,11.11,8.87,8.6
305000,12.23,12.05,11.37,9.12,8.66
306000,12.26,12.1,11.84,9.53,8.63
307000,12.33,12.16,11.71,10.03,8.65
308000,12.36,11.99,11.84,10.09,8.71
309000,12.51,11.98,10.97,9.88,9.14
310000,12.31,12.56,10.9,9.89,9.14
311000,11.98,13.02,11.59,9.93,9.48
312000,12.21,13.59,11.93,10.18,9.54
313000,12.26,13.54,11.89,10.44,9.87
314000,12.05,13.54,12.23,10.73,9.71
315000,11.68,13.63,12.39,10.51,9.63
316000,11.72,13.68,12.75,10.15,9.65
317000,11.95,13.96,12.45,10.05,9.61
318000,12.11,13.77,12.78,10.4,9.56
319000,12.27,14.22,12.98,10.78,9.51
320000,12.55,14.46,13.13,10.66,9.2
321000,12.66,14.6,13.54,11.18,9.26
322000,12.46,14.2,13.4,11.47,8.97
323000,12.74,13.68,13.38,11.55,9.25
324000,12.9,13.37,13.73,11.58,9.21
325000,13.11,13.46,13.94,11.42,9.55
326000,13.36,13.05,14.0,11.76,9.83
327000,13.6,13.19,13.88,11.51,10.21
328000,13.69,13.37,13.97,11.29,10.38
329000,13.73,13.48,13.31,11.51,10.2
330000,14.05,13.64,13.35,11.33,10.63
331000,14.18,13.67,13.58,11.23,11.03
332000,14.41,13.62,13.52,11.19,11.1
333000,14.49,13.37,14.1,10.68,11.22
334000,13.82,13.59,14.38,10.41,11.2
335000,13.36,13.7,14.3,10.15,11.28
336000,13.83,13.9,14.68,10.34,10.71
337000,13.03,14.01,14.92,10.49,10.87
338000,12.52,13.9,14.74,10.18,11.07
339000,12.51,14.22,14.86,10.12,10.88
340000,12.53,14.63,15.04,10.27,11.14
341000,12.77,14.66,14.97,10.23,11.2
342000,12.62,15.11,15.34,10.85,11.01
343000,12.6,14.72,15.4,10.97,10.89
344000,12.58,14.95,15.66,11.12,11.26
345000,12.71,15.33,15.05,11.39,11.61
346000,12.69,15.39,15.02,11.27,11.61
347000,12.92,15.82,14.79,11.28,11.91
348000,13.35,15.74,14.38,11.31,11.85
349000,13.82,16.09,14.65,11.64,11.99
350000,14.07,16.35,14.7,11.38,11.7
351000,13.93,16.61,14.86,11.31,11.9
352000,14.11,16.58,14.66,11.36,11.77
353000,14.41,16.58,15.07,11.39,11.63
354000,14.26,16.59,14.78,11.54,11.68
355000,14.13,16.79,15.31,11.56,11.85
356000,14.13,16.51,15.08,12.07,11.75
357000,13.99,16.43,15.18,12.09,11.41
358000,14.27,16.26,15.08,12.16,11.33
359000,14.57,16.69,15.33,12.16,11.52
360000,14.75,16.53,16.14,12.63,11.58
361000,14.83,16.41,16.38,12.63,11.83
362000,15.12,16.14,16.57,13.06,11.58
363000,15.25,15.88,16.57,13.31,11.2
364000,14.55,15.59,16.64,13.41,11.33
365000,14.6,15.8,16.81,13.62,11.4
366000,14.26,15.77,16.49,13.78,11.4
367000,14.49,15.75,16.37,13.98,11.33
368000,14.42,15.64,16.36,13.81,11.36
369000,14.81,16.3,16.56,13.66,11.36
370000,14.47,16.23,16.6,13.77,11.39
371000,14.58,16.46,16.59,13.4,11.26
372000,14.72,16.45,16.39,12.71,11.27
373000,15.13,16.59,16.85,12.52,11.17
374000,14.81,16.68,17.13,12.54,11.68
375000,14.73,16.39,17.31,11.93,12.07
376000,14.73,16.5,17.55,11.77,12.26
377000,14.85,16.6,17.29,11.58,12.19
378000,14.79,16.8,17.36,11.13,12.08
379000,14.89,16.9,17.37,11.26,12.07
380000,15.09,17.19,17.53,11.2,12.24
381000,15.1,17.33,18.09,11.24,12.17
382000,15.83,17.15,18.09,11.23,12.18
383000,16.25,17.08,18.26,11.13,12.53
384000,16.41,17.18,18.33,11.13,12.71
385000,16.19,17.45,18.74,10.97,12.76
386000,16.38,17.48,18.37,11.32,12.52
387000,16.65,17.26,18.42,11.2,12.31
388000,16.93,17.33,18.57,11.56,12.36
389000,16.62,17.51,18.98,11.83,12.51
390000,16.83,17.48,18.87,11.71,12.55
391000,16.76,17.45,18.59,11.5,12.86
392000,16.76,17.85,18.56,11.27,13.18
393000,16.25,18.01,18.6,11.18,13.55
394000,16.05,18.08,18.62,11.41,13.58
395000,15.86,17.94,18.75,11.44,13.49
396000,15.89,17.34,17.99,11.19,13.7
397000,15.99,17.07,17.76,11.09,13.93
398000,16.01,17.1,17.77,11.06,13.62
399000,15.94,17.16,16.89,11.02,13.88
400000,15.97,17.19,16.79,11.1,13.76
401000,16.32,17.66,17.0,11.33,13.7
402000,16.61,17.53,17.15,11.56,13.85
403000,16.84,17.52,17.0,11.75,14.03
404000,16.87,17.38,17.09,11.89,13.86
405000,16.66,17.55,17.2,12.16,13.97
406000,16.59,17.33,17.43,12.05,13.69
407000,16.49,17.68,17.43,12.14,13.99
408000,16.66,17.85,17.6,12.35,14.07
409000,16.91,17.11,17.25,12.42,14.13
410000,17.27,17.42,17.56,12.93,14.31
411000,17.57,17.22,17.65,12.99,14.3
412000,18.14,17.1,17.67,12.83,14.39
413000,18.54,17.69,18.18,12.88,14.29
414000,18.78,17.71,18.32,13.0,14.51
415000,18.97,18.01,18.4,13.23,14.48
416000,19.1,18.43,18.8,13.45,14.46
417000,19.16,18.22,18.87,13.64,14.76
418000,19.06,17.98,19.29,13.84,14.89
419000,19.31,18.15,19.63,13.84,15.14
420000,18.69,18.49,19.81,14.15,15.28
421000,19.08,18.52,20.03,14.64,15.37
422000,19.14,18.68,20.0,14.68,15.61
423000,18.76,18.93,19.86,14.9,15.81
424000,19.05,18.99,19.58,14.82,15.92
425000,19.47,18.97,19.04,15.1,15.64
426000,19.65,18.61,18.96,14.93,15.47
427000,19.58,18.74,19.05,15.16,15.51
428000,19.78,18.81,19.15,15.2,15.37
429000,19.82,19.11,19.03,15.09,15.59
430000,19.92,19.78,19.08,15.26,15.56
431000,19.69,19.44,19.1,14.98,15.58
432000,19.7,19.41,19.28,14.62,15.34
433000,19.4,19.24,19.15,14.6,15.02
434000,19.5,19.39,19.15,14.46,15.16
435000,19.44,19.2,18.67,14.72,15.47
436000,19.33,19.55,18.57,14.81,15.07
437000,19.39,19.59,18.51,14.92,15.13
438000,19.27,19.23,18.44,15.02,14.81
439000,19.31,19.22,18.57,14.92,15.06
440000,19.54,19.33,18.54,15.05,15.15
441000,19.45,19.44,18.94,15.18,15.32
442000,19.61,19.35,19.26,15.63,15.28
443000,19.87,19.44,19.65,15.63,15.51
444000,19.53,19.26,19.78,15.66,15.74
445000,19.21,19.26,19.9,16.19,15.32
446000,19.0,19.51,20.19,16.41,15.18
447000,18.99,19.56,20.21,17.17,15.43
448000,18.82,18.57,20.23,17.65,15.56
449000,18.32,19.16,20.51,17.98,15.53
450000,17.91,19.16,20.39,18.05,15.63
451000,17.79,19.14,20.2,18.28,16.02
452000,18.28,19.28,20.57,18.43,16.1
453000,18.36,19.31,20.68,18.43,16.16
454000,18.14,19.15,20.83,17.97,15.93
455000,18.56,19.0,20.96,18.14,15.95
456000,18.58,18.9,21.1,18.23,15.76
457000,18.7,19.1,21.26,18.18,16.04
458000,18.79,19.12,21.61,17.86,15.97
459000,18.85,18.95,21.27,17.93,16.02
460000,18.64,18.75,21.41,17.62,16.08
461000,18.72,18.8,21.22,17.07,16.14
462000,18.52,19.01,21.59,16.84,16.16
463000,19.14,19.31,21.39,16.2,16.4
464000,19.32,19.34,21.39,16.05,16.74
465000,19.72,19.38,21.38,15.74,17.1
466000,20.21,19.58,21.24,15.67,17.21
467000,20.45,19.53,20.98,15.54,17.21
468000,20.89,19.89,20.96,15.84,17.28
469000,21.23,19.1,20.58,15.53,17.46
470000,21.51,19.35,20.84,15.63,17.84
471000,21.39,18.98,20.95,15.85,17.82
472000,21.68,18.96,20.62,15.92,18.02
473000,22.15,19.15,21.15,16.13,17.59
474000,21.99,19.21,21.13,16.32,17.92
475000,21.48,19.33,21.09,16.39,17.95
476000,21.79,19.61,21.55,16.46,18.02
477000,22.32,19.54,21.31,16.59,18.4
478000,22.37,19.97,21.09,16.75,18.28
479000,22.57,20.32,21.26,16.72,18.26
480000,22.63,20.43,21.5,16.99,18.47
481000,22.46,20.75,21.73,17.05,18.04
482000,22.8,21.22,21.59,17.17,17.86
483000,22.92,21.03,20.93,17.65,18.03
484000,23.22,21.06,21.47,17.96,17.19
485000,23.27,21.47,21.51,18.39,17.52
486000,23.4,21.17,21.64,18.93,17.4
487000,23.13,20.96,21.81,18.97,17.55
488000,23.52,20.77,22.31,18.98,17.79
489000,23.81,21.04,22.46,19.02,17.85
490000,23.68,21.1,22.66,19.21,17.47
491000,23.43,21.42,22.61,18.92,17.36
492000,23.31,21.66,22.84,18.66,17.37
493000,23.33,21.92,22.94,18.7,17.65
494000,23.6,21.95,22.88,19.02,17.63
495000,24.05,22.03,22.88,19.25,17.77
496000,24.37,21.68,23.05,19.21,18.05
497000,23.69,21.22,22.8,19.06,17.83
498000,23.51,21.21,23.13,19.17,17.7
499000,24.01,21.04,23.14,19.32,18.04
500000,24.52,21.05,23.58,18.92,17.68
501000,24.83,20.79,23.31,18.95,17.91
502000,24.7,20.64,23.33,18.48,18.37
503000,24.63,20.71,23.48,18.15,18.73
504000,24.43,20.83,23.63,18.4,18.56
505000,24.3,20.73,24.01,18.63,19.09
506000,24.61,21.07,23.98,18.43,19.0
507000,25.04,21.17,24.21,18.42,19.13
508000,26.04,21.51,24.01,18.65,18.67
509000,26.09,21.31,24.03,18.74,18.55
510000,26.57,21.34,23.8,18.87,18.92
511000,27.06,21.25,23.66,18.81,18.94
512000,26.84,21.24,23.39,18.66,19.03
513000,26.87,20.9,23.46,19.29,18.96
514000,26.86,21.4,23.58,19.37,18.96
515000,26.19,21.36,23.66,19.41,19.19
516000,26.64,21.99,23.35,19.54,19.04
517000,26.34,22.45,23.35,19.44,19.08
518000,26.75,22.29,23.5,19.43,19.14
519000,26.92,22.35,23.73,19.02,18.89
520000,26.94,22.22,24.0,19.17,18.93
521000,27.07,22.27,23.93,18.61,18.9
522000,27.05,22.22,24.04,18.32,19.17
523000,26.83,22.51,23.51,18.66,18.85
524000,27.07,22.39,23.61,18.46,18.46
525000,27.51,22.32,23.34,18.42,18.68
526000,27.62,22.22,23.0,18.51,18.92
527000,27.96,22.4,22.81,18.52,19.27
528000,28.07,22.48,22.79,18.6,19.3
529000,28.5,22.51,22.7,18.87,19.42
530000,28.72,22.27,23.0,19.35,19.64
531000,29.39,22.48,22.98,19.0,19.8
532000,29.49,22.51,22.97,19.02,19.72
533000,28.75,22.81,23.21,19.13,20.03
534000,28.08,22.6,24.02,19.31,20.1
535000,27.29,22.94,24.02,19.48,20.29
536000,26.8,22.53,24.03,19.81,20.04
537000,26.79,22.57,23.76,19.8,19.92
538000,27.02,22.35,23.75,20.13,20.37
539000,27.01,22.62,24.29,20.5,20.12
540000,27.22,22.78,24.05,20.59,20.54
541000,27.45,22.73,23.69,21.18,20.79
542000,27.08,23.17,23.37,21.34,20.91
543000,26.55,23.6,23.02,21.16,20.82
544000,26.55,23.46,23.08,21.08,20.5
545000,26.27,23.38,23.3,21.27,20.93
546000,26.24,23.55,23.21,21.54,20.86
547000,26.17,23.56,23.67,21.26,20.63
548000,26.39,23.61,23.78,21.29,20.57
549000,26.62,23.41,23.7,21.37,20.43
550000,26.63,23.71,23.85,20.9,20.87
551000,25.94,23.85,24.4,20.84,20.72
552000,26.51,24.32,23.97,20.83,20.5
553000,25.62,24.02,24.38,20.6,20.42
554000,26.32,24.43,24.63,20.69,20.49
555000,25.54,24.34,24.66,20.67,20.6
556000,26.16,24.95,23.91,20.7,20.97
557000,26.37,25.0,24.15,20.57,21.14
558000,26.42,25.15,24.39,20.41,21.22
559000,26.48,25.42,24.36,20.52,21.55
560000,26.18,25.41,24.53,20.65,21.72
561000,25.87,25.3,24.05,20.71,21.72
562000,26.3,25.78,23.89,21.0,21.78
563000,26.58,25.59,24.45,21.26,21.95
564000,26.64,26.35,24.56,21.5,21.98
565000,26.85,26.09,24.57,21.56,22.11
566000,27.28,24.81,25.17,21.83,22.21
567000,27.3,24.61,25.51,22.34,21.72
568000,27.71,24.68,25.4,22.66,22.26
569000,28.06,24.92,25.62,23.0,22.17
570000,28.53,24.66,25.85,22.87,22.19
571000,28.37,24.78,25.4,23.29,22.03
572000,28.68,24.4,25.61,23.73,22.29
573000,28.55,24.39,26.1,23.99,21.95
574000,28.0,24.07,25.84,23.97,21.71
575000,28.14,25.08,25.86,24.1,21.38
576000,28.34,24.97,25.7,24.22,21.45
577000,27.93,25.54,25.58,24.38,21.27
578000,27.66,25.49,25.73,24.4,21.28
579000,27.45,25.22,25.93,24.16,21.2
580000,26.77,25.43,25.95,24.27,21.24
581000,26.69,25.21,26.35,24.03,20.95
582000,27.19,25.19,26.37,23.73,21.03
583000,27.16,25.5,26.34,23.94,20.67
584000,27.23,25.58,26.14,23.89,20.66
585000,27.28,25.04,26.06,23.23,20.29
586000,26.57,25.54,26.2,23.34,20.41
587000,26.55,25.05,26.14,23.18,20.33
588000,26.5,25.28,25.91,22.78,19.94
589000,26.16,25.53,25.65,22.24,20.15
590000,25.73,25.82,25.57,22.22,20.7
591000,25.91,26.09,25.21,22.16,20.55
592000,25.92,25.93,24.96,21.4,20.86
593000,26.31,26.34,24.6,21.56,20.93
594000,26.07,26.27,24.7,21.33,20.99
595000,25.91,26.39,25.07,21.33,20.73
596000,25.58,26.49,24.61,21.25,20.56
597000,25.47,26.32,24.82,20.84,20.43
598000,25.78,26.04,25.06,20.73,20.35
599000,25.63,26.04,25.43,20.87,20.46
600000,25.41,25.79,25.75,20.82,20.42
601000,25.37,25.41,26.03,20.96,20.6
602000,25.54,25.48,25.85,21.04,20.56
603000,25.56,25.55,26.03,20.89,20.38
604000,26.09,26.27,25.9,20.94,20.33
605000,26.04,26.33,25.63,21.35,20.23
606000,25.59,26.48,26.11,21.74,20.3
607000,25.37,25.7,26.62,21.4,19.69
608000,25.37,25.53,26.62,21.37,19.58
609000,25.56,26.1,27.11,21.64,19.33
610000,25.58,26.51,27.4,21.65,19.29
611000,26.28,26.41,27.4,22.36,19.28
612000,26.53,26.53,27.55,22.08,19.13
613000,26.58,26.54,27.55,21.62,19.27
614000,26.54,26.18,27.21,21.62,19.27
615000,26.81,26.02,27.8,21.68,19.54
616000,26.49,25.8,27.73,21.76,19.37
617000,25.88,25.88,27.97,21.8,19.29
618000,26.33,25.99,28.56,21.63,19.62
619000,26.33,26.46,29.21,21.62,19.61
620000,26.65,26.18,29.63,21.93,19.25
621000,26.94,26.8,29.03,21.78,19.11
622000,26.87,27.03,28.77,21.76,19.14
623000,26.98,26.3,28.77,21.67,19.35
624000,26.77,26.29,28.97,21.43,19.69
625000,26.58,25.86,28.27,20.69,19.63
626000,26.87,26.3,28.32,20.82,19.37
627000,26.75,26.37,28.5,20.71,19.81
628000,26.93,26.47,28.63,20.65,20.02
629000,26.46,26.72,28.03,20.77,19.99
630000,26.42,26.62,27.72,20.58,20.15
631000,26.6,26.81,27.62,20.14,20.24
632000,27.04,27.58,26.67,20.46,20.43
633000,27.28,27.64,27.32,20.69,20.73
634000,27.5,27.17,26.95,21.35,21.06
635000,27.78,26.67,27.27,21.51,21.2
636000,27.36,26.84,27.43,21.5,21.35
637000,27.13,27.19,27.7,21.64,21.37
638000,26.87,27.38,28.19,21.62,21.1
639000,26.87,27.45,27.92,21.72,20.43
640000,26.89,27.55,27.8,21.96,20.47
641000,27.15,27.28,28.45,21.68,20.96
642000,27.58,27.79,28.36,21.83,21.3
643000,26.96,27.81,28.87,21.83,21.47
644000,27.51,27.6,28.45,22.44,21.32
645000,27.92,27.64,28.29,22.59,21.31
646000,27.96,27.59,28.85,22.79,21.39
647000,28.19,27.72,29.07,23.2,21.35
648000,28.12,27.92,29.9,23.52,21.66
649000,28.5,28.32,29.25,23.47,21.71
650000,28.98,28.18,28.8,23.76,21.81
651000,29.49,28.91,28.9,23.47,21.92
652000,29.92,28.22,29.18,23.35,21.85
653000,29.92,29.05,29.65,23.06,21.54
654000,29.29,28.43,29.92,23.17,21.7
655000,29.34,28.3,30.54,23.3,21.78
656000,29.17,28.28,30.2,22.93,21.35
657000,29.4,28.51,30.39,22.59,21.26
658000,29.9,28.86,29.55,21.84,21.63
659000,29.7,28.53,30.14,21.83,21.86
660000,29.2,27.98,30.28,21.81,21.99
661000,29.26,27.61,29.81,22.14,22.47
662000,29.72,27.41,29.4,22.41,22.7
663000,29.47,27.66,29.28,22.3,23.09
664000,29.42,27.79,29.07,22.34,22.99
665000,29.92,28.06,28.75,21.82,23.14
666000,30.46,28.27,28.1,21.77,22.79
667000,30.11,28.15,27.36,22.04,22.68
668000,29.79,28.15,27.7,22.11,22.94
669000,29.52,28.35,27.28,21.73,22.19
670000,29.38,28.73,27.63,21.66,22.0
671000,28.94,28.89,27.03,21.91,21.81
672000,29.01,29.0,27.55,22.16,21.51
673000,28.61,28.49,27.84,22.81,21.31
674000,28.35,28.51,28.32,23.45,21.79
675000,27.8,28.62,28.11,23.6,21.98
676000,27.3,28.76,27.99,23.28,21.69
677000,27.23,28.68,28.62,23.17,21.62
678000,27.44,27.86,28.21,23.66,21.62
679000,27.73,28.13,28.33,24.04,21.33
680000,28.05,28.12,28.35,24.69,21.5
681000,28.7,28.13,28.53,25.05,21.6
682000,28.64,28.05,28.38,24.89,21.59
683000,28.77,27.69,29.44,25.0,21.6
684000,28.01,27.75,29.71,24.79,20.52
685000,28.05,28.18,29.2,24.93,21.05
686000,27.52,28.74,29.57,25.11,20.79
687000,27.71,29.26,29.98,25.0,20.71
688000,28.36,29.44,30.63,25.62,20.98
689000,29.02,28.89,31.13,26.1,21.04
690000,29.54,29.12,31.53,26.45,21.13
691000,29.04,28.98,31.96,26.0,21.38
692000,29.53,28.71,32.1,25.68,21.85
693000,29.44,28.24,32.65,26.1,21.82
694000,30.19,28.05,32.92,26.15,21.72
695000,30.26,27.68,32.78,26.12,22.17
696000,30.41,27.42,33.0,25.82,22.42
697000,31.63,27.66,33.57,24.95,22.22
698000,31.87,27.86,33.72,25.1,22.29
699000,32.7,27.54,33.51,24.95,22.53
700000,32.84,27.79,33.48,24.53,22.67
701000,32.49,28.32,33.41,24.64,22.96
702000,32.77,28.43,33.43,24.51,23.0
703000,33.25,28.98,34.04,24.51,22.67
704000,33.24,28.91,33.54,24.51,22.45
705000,33.35,29.32,33.49,24.84,22.19
706000,34.05,28.9,33.19,25.25,22.43
707000,34.6,28.51,32.64,25.22,22.06
708000,34.31,28.79,33.22,24.98,21.76
709000,34.09,28.77,33.43,25.1,21.92
710000,34.54,28.98,34.17,24.97,21.82
711000,34.16,28.49,34.19,24.71,21.67
712000,33.8,28.06,33.64,24.09,21.19
713000,34.29,28.43,33.81,24.4,21.47
714000,34.43,28.7,34.04,24.65,21.95
715000,34.58,29.18,33.58,24.92,22.25
716000,34.57,28.87,33.19,25.31,21.92
717000,34.64,28.9,32.71,25.06,21.85
718000,34.66,29.13,32.49,25.09,21.91
719000,34.5,29.95,32.27,25.03,21.93
720000,34.06,30.63,32.24,25.42,21.67
721000,33.56,30.04,32.0,25.79,21.78
722000,33.41,30.28,32.23,25.47,21.9
723000,33.55,30.02,32.44,25.89,21.85
724000,32.98,30.01,32.31,26.33,22.17
725000,32.37,29.55,31.53,26.9,22.56
726000,32.18,28.06,31.61,26.97,22.63
727000,31.74,28.23,31.82,27.29,22.65
728000,32.46,27.11,31.48,27.12,22.89
729000,32.31,26.79,31.25,27.08,23.18
730000,33.17,26.57,30.5,26.9,23.31
731000,33.5,27.23,31.35,27.37,22.9
732000,33.03,27.43,31.34,27.39,23.22
733000,33.3,26.92,31.38,27.05,23.15
734000,34.02,27.0,31.15,27.06,23.21
735000,34.51,27.34,31.76,27.13,23.69
736000,34.29,27.82,31.29,26.81,23.71
737000,33.7,28.06,30.88,26.24,22.68
738000,33.84,27.25,30.63,25.45,22.42
739000,34.77,27.1,31.04,25.85,22.83
740000,34.98,27.35,30.1,25.47,23.12
741000,34.85,27.81,30.48,25.63,23.03
742000,34.62,27.81,30.38,25.64,22.83
743000,34.55,26.73,30.94,25.7,22.59
744000,34.51,26.2,31.38,25.58,22.74
745000,34.4,26.2,31.99,25.54,22.6
746000,34.15,26.09,31.58,24.9,22.4
747000,33.8,26.46,30.83,24.54,22.41
748000,34.06,26.9,30.9,24.86,22.46
749000,33.55,26.98,30.46,24.62,22.1
750000,32.94,27.31,30.25,24.57,22.3
751000,32.88,27.8,30.24,25.05,22.32
752000,32.38,28.21,30.07,24.83,22.47
753000,32.49,28.37,29.59,24.33,22.74
754000,32.38,28.85,29.52,24.27,23.4
755000,31.7,28.34,30.33,24.44,23.73
756000,30.65,28.28,29.84,24.18,23.56
757000,30.14,28.05,29.21,24.12,23.89
758000,30.75,28.27,29.74,24.39,23.74
759000,30.18,28.48,29.45,24.77,23.25
760000,29.22,28.12,28.94,25.31,23.39
761000,29.56,27.46,28.46,25.38,23.55
762000,29.1,27.02,28.4,25.53,23.21
763000,28.56,26.98,28.4,25.38,23.09
764000,28.35,26.85,28.45,25.83,23.34
765000,28.45,26.61,27.57,26.21,23.96
766000,28.15,26.84,27.41,26.12,23.84
767000,28.39,27.01,26.22,26.08,24.18
768000,28.6,27.17,26.02,26.47,24.47
769000,29.06,27.18,26.63,26.3,24.44
770000,28.67,27.77,26.84,26.41,24.56
771000,28.65,27.86,26.9,26.6,24.53
772000,28.75,28.08,26.22,26.82,24.6
773000,28.86,28.39,26.91,27.14,24.96
774000,29.05,28.0,26.91,27.56,24.23
775000,29.49,27.74,27.13,27.59,24.42
776000,29.03,27.74,27.64,27.4,24.31
777000,29.93,27.46,28.21,27.67,23.61
778000,29.99,27.96,27.95,27.65,22.99
779000,30.62,28.49,27.68,27.68,23.08
780000,30.32,29.21,28.26,28.16,22.88
781000,30.79,29.23,28.53,28.68,22.9
782000,31.71,29.75,28.32,29.24,23.14
783000,32.02,29.78,28.06,29.53,23.26
784000,33.06,29.75,28.35,29.98,22.7
785000,31.95,29.48,28.58,29.69,21.67
786000,31.77,29.26,28.83,29.48,21.72
787000,31.96,29.59,28.74,29.48,21.77
788000,31.59,29.67,28.4,29.62,22.05
789000,32.08,30.07,28.67,30.07,21.92
790000,32.23,30.58,28.6,29.87,21.51
791000,32.22,30.36,28.62,29.48,21.4
792000,31.56,29.77,28.82,29.47,21.21
793000,32.19,30.03,29.03,30.2,21.47
794000,32.21,30.09,28.71,29.81,21.72
795000,32.07,30.55,28.66,29.61,21.8
796000,32.48,30.76,28.71,30.6,22.42
797000,32.62,30.72,29.17,31.02,22.69
798000,32.62,30.84,29.12,31.22,22.61
799000,33.19,30.74,29.16,31.53,22.7
800000,33.89,30.65,29.0,31.13,23.24
801000,34.01,31.16,27.91,30.3,23.39
802000,33.93,31.97,28.4,30.49,23.39
803000,33.81,31.59,28.35,30.24,23.39
804000,34.0,32.11,28.21,30.05,23.92
805000,34.01,31.93,28.67,30.63,23.97
806000,34.54,31.69,28.32,29.6,23.84
807000,34.39,31.01,28.42,29.12,23.72
808000,34.17,31.54,28.61,29.48,23.83
809000,34.2,31.67,28.14,28.94,23.82
810000,33.71,31.67,28.35,29.27,24.07
811000,33.65,31.63,28.15,29.2,24.65
812000,34.36,31.93,28.37,29.45,24.98
813000,34.36,32.54,28.59,29.27,25.39
814000,33.9,32.57,28.55,28.42,25.3
815000,33.89,32.86,28.65,28.46,25.31
816000,34.39,33.52,29.37,28.05,24.87
817000,33.39,34.11,30.24,27.27,25.02
818000,33.88,33.96,30.41,26.22,25.27
819000,33.87,34.13,30.83,25.39,25.31
820000,34.09,34.47,31.06,24.51,25.71
821000,34.8,34.48,30.79,24.16,25.36
822000,34.82,34.8,30.77,24.54,25.0
823000,34.36,34.58,30.41,24.87,25.19
824000,35.02,34.77,29.96,24.47,25.2
825000,34.25,34.34,29.62,24.4,25.12
826000,33.52,33.95,29.77,24.75,25.35
827000,33.31,34.38,30.1,24.76,24.8
828000,34.04,34.59,29.81,24.8,25.18
829000,33.37,33.59,29.79,25.15,25.17
830000,33.05,33.34,29.28,25.25,24.68
831000,32.88,34.31,29.51,25.13,24.71
832000,32.89,34.07,29.21,25.6,24.96
833000,32.66,34.29,29.03,25.31,24.89
834000,31.88,34.0,29.31,24.79,24.94
835000,32.43,34.51,29.22,25.51,24.97
836000,31.5,34.02,29.46,25.44,25.2
837000,31.52,33.99,29.42,25.59,25.41
838000,31.41,33.86,29.65,25.88,25.24
839000,30.19,33.73,29.52,26.37,24.61
840000,29.51,33.84,29.12,26.59,24.61
841000,30.38,33.72,28.7,26.69,24.38
842000,30.63,33.83,28.04,27.7,24.42
843000,30.31,33.49,27.42,28.59,24.12
844000,30.74,33.36,27.16,29.06,23.59
845000,30.06,33.36,27.15,29.12,23.89
846000,29.64,32.51,27.7,29.14,24.05
847000,29.07,32.02,28.21,29.25,23.93
848000,29.3,31.95,28.46,28.67,23.87
849000,29.5,32.3,28.63,29.06,24.11
850000,28.85,32.05,29.15,29.56,24.06
851000,29.57,31.63,29.11,29.76,23.97
852000,29.88,32.52,29.34,29.51,23.54
853000,30.24,33.02,29.48,29.1,23.42
854000,30.23,32.61,29.57,28.76,23.39
855000,29.85,32.38,29.79,28.19,22.38
856000,29.8,32.27,29.84,27.57,22.18
857000,30.48,32.55,30.06,27.95,21.24
858000,30.84,31.62,29.82,27.91,21.14
859000,30.75,31.34,30.35,27.96,21.32
860000,30.7,30.86,29.8,28.11,21.23
861000,30.94,30.52,30.08,28.42,20.45
862000,31.61,30.03,29.75,28.0,20.43
863000,31.67,30.18,30.25,28.37,20.48
864000,32.12,30.07,30.81,28.16,20.76
865000,32.9,30.26,30.42,28.14,20.36
866000,32.43,30.52,30.2,27.12,19.97
867000,32.57,30.42,30.54,26.0,20.25
868000,32.1,30.21,30.53,25.99,20.04
869000,32.64,30.29,30.39,26.4,19.73
870000,32.65,30.08,30.53,26.48,19.04
871000,33.07,30.34,30.13,26.45,18.97
872000,32.65,30.91,30.97,26.79,19.1
873000,32.73,30.86,30.36,26.72,19.08
874000,32.98,31.23,30.15,26.18,19.49
875000,33.73,31.29,30.38,26.48,19.45
876000,33.83,31.23,30.12,27.05,19.82
877000,33.65,31.15,29.73,27.09,19.91
878000,33.64,31.21,29.74,27.6,19.79
879000,34.12,30.75,29.46,28.31,20.05
880000,33.76,30.37,29.18,28.29,20.26
881000,33.49,30.11,29.14,28.74,20.92
882000,33.37,29.88,29.39,28.84,21.12
883000,33.59,30.11,29.55,28.74,21.53
884000,33.3,30.18,29.86,29.25,21.42
885000,33.64,30.23,30.09,29.27,21.28
886000,33.19,31.01,30.13,29.99,21.62
887000,33.75,31.03,30.3,29.44,22.16
888000,33.51,31.53,30.18,29.93,22.03
889000,33.54,31.55,29.13,29.59,21.92
890000,32.38,31.8,28.51,28.93,21.69
891000,32.92,31.65,28.98,29.05,21.81
892000,32.96,31.67,29.55,29.39,22.29
893000,33.42,31.77,29.11,29.74,22.54
894000,33.15,31.67,28.93,29.84,22.43
895000,33.95,32.02,29.21,30.55,22.76
896000,33.99,32.33,30.02,30.1,23.09
897000,33.44,31.85,30.08,30.35,23.03
898000,33.21,31.51,29.41,30.49,23.03
899000,33.44,31.78,29.77,30.09,22.99
900000,34.21,32.05,29.3,30.32,23.12
901000,34.45,31.89,28.74,30.19,22.46
902000,35.07,31.68,28.75,29.59,21.86
903000,35.18,31.96,28.34,29.79,21.9
904000,34.49,31.58,28.15,30.41,21.65
905000,34.47,31.74,28.01,29.55,21.65
906000,33.68,31.15,27.73,29.41,21.73
907000,33.54,30.86,27.89,28.83,21.2
908000,33.37,30.54,27.51,28.11,20.87
909000,33.81,29.67,27.5,26.58,21.03
910000,33.56,29.94,27.44,26.3,21.22
911000,33.76,29.47,27.32,25.88,21.54
912000,33.93,29.34,27.05,26.29,21.92
913000,34.36,29.12,27.17,26.27,21.86
914000,34.47,28.87,27.59,26.01,21.75
915000,33.91,28.85,27.52,26.24,21.8
916000,33.94,29.09,27.41,25.99,21.06
917000,34.41,27.97,28.02,26.74,21.06
918000,34.72,27.8,28.55,26.75,21.3
919000,35.36,27.64,28.55,26.21,21.42
920000,36.04,27.31,28.76,26.13,21.19
921000,35.15,27.24,28.3,25.74,21.32
922000,34.89,27.14,28.29,26.22,21.74
923000,35.13,27.62,28.55,26.92,22.09
924000,35.09,28.19,28.85,26.88,22.04
925000,34.62,28.79,28.85,27.62,22.1
926000,34.96,28.59,28.85,27.61,22.13
927000,35.48,29.0,28.39,27.71,22.06
928000,35.19,29.36,28.8,27.57,22.55
929000,34.95,29.12,28.54,27.92,22.82
930000,34.38,29.11,28.69,28.18,22.9
931000,34.2,29.6,28.79,28.26,22.8
932000,34.92,29.89,28.71,28.59,22.91
933000,35.56,30.43,28.96,28.76,22.72
934000,35.99,30.64,28.59,28.95,22.53
935000,36.17,31.13,28.54,29.3,22.63
936000,35.94,31.52,28.73,29.63,23.12
937000,36.04,31.28,29.1,30.32,23.14
938000,36.0,31.55,28.6,30.33,23.8
939000,35.77,32.14,28.66,30.72,23.33
940000,35.41,32.72,28.68,30.8,23.19
941000,36.17,33.19,28.44,31.6,23.19
942000,36.39,33.18,28.71,31.59,23.36
943000,35.36,33.2,28.64,31.54,23.49
944000,35.79,33.16,28.86,30.57,23.54
945000,35.08,33.65,28.5,30.84,23.36
946000,35.08,33.95,28.74,31.19,23.45
947000,34.31,33.92,29.87,31.57,23.74
948000,35.28,34.17,30.36,31.42,23.65
949000,34.7,33.78,30.68,31.5,23.53
950000,34.82,34.02,30.35,30.44,23.96
951000,34.12,33.9,30.16,29.76,24.08
952000,34.13,33.23,30.9,29.95,23.88
953000,34.37,31.59,30.99,30.23,23.8
954000,34.46,31.11,31.07,30.68,24.1
955000,34.56,31.09,31.37,30.26,23.71
956000,34.88,30.72,31.67,30.57,24.04
957000,35.59,30.95,31.25,30.97,23.91
958000,34.62,31.27,30.92,31.4,23.96
959000,34.48,30.83,31.5,31.7,23.52
960000,32.67,31.31,31.27,31.99,23.42
961000,32.21,31.28,31.47,31.89,23.72
962000,32.48,31.03,31.63,31.97,23.83
963000,32.95,31.26,31.65,32.77,23.64
964000,33.65,30.07,31.56,32.75,23.75
965000,33.83,29.59,31.81,32.38,24.02
966000,33.86,29.64,32.06,32.99,23.86
967000,33.39,29.16,31.81,32.26,23.95
968000,33.84,29.17,31.81,33.22,24.03
969000,33.83,28.44,31.34,32.89,24.07
970000,34.11,28.2,30.76,33.09,23.85
971000,34.13,27.49,30.3,33.08,23.72
972000,34.62,27.69,30.91,33.75,23.57
973000,34.82,27.71,31.5,33.22,23.52
974000,34.34,28.19,30.1,33.18,22.84
975000,34.33,28.81,29.49,32.86,22.32
976000,33.57,28.94,30.04,32.66,22.73
977000,34.34,28.88,30.69,32.25,22.75
978000,34.34,29.24,30.41,32.41,22.52
979000,35.04,29.04,30.84,31.97,22.35
980000,35.32,29.58,30.39,31.0,22.1
981000,35.38,29.79,29.75,30.55,22.5
982000,35.59,29.56,29.96,29.65,22.28
983000,35.35,29.77,29.47,29.25,22.39
984000,35.81,30.83,29.66,28.44,22.04
985000,34.82,30.42,29.2,28.32,22.29
986000,34.39,30.02,29.72,28.35,22.13
987000,34.51,30.23,29.76,27.56,21.82
988000,35.64,29.86,29.9,27.17,21.54
989000,36.12,30.46,30.13,26.57,21.68
990000,37.27,31.06,30.62,26.11,22.01
991000,37.25,30.84,30.81,25.45,22.03
992000,36.53,30.49,30.71,25.5,22.46
993000,36.31,30.75,30.68,25.54,22.26
994000,36.39,30.5,31.53,25.13,22.19
995000,36.99,30.96,31.34,25.62,22.65
996000,36.74,31.17,31.14,25.85,23.1
997000,37.25,30.99,31.41,26.31,23.2
998000,37.84,30.76,31.04,26.2,22.67
999000,38.11,31.39,30.13,27.01,22.46
1000000,37.39,30.88,29.95,27.68,22.71
1001000,36.53,31.28,29.45,28.6,22.7
1002000,36.9,31.63,28.91,28.92,23.43
1003000,36.39,32.04,28.81,29.18,23.05
1004000,36.6,31.5,28.56,29.17,22.97
1005000,37.08,32.09,28.68,29.53,23.39
1006000,36.88,31.84,28.88,30.18,23.65
1007000,37.27,31.87,29.42,30.14,23.02
1008000,36.74,31.66,29.44,30.61,23.25
1009000,36.94,31.15,29.64,30.22,22.81
1010000,36.85,30.06,30.19,30.25,22.89
1011000,36.8,30.52,30.56,30.09,22.56
1012000,36.79,30.67,30.85,30.53,22.52
1013000,36.19,30.98,31.32,30.32,22.48
1014000,35.98,31.53,30.89,30.47,22.84
1015000,35.76,31.32,30.46,30.77,23.07
1016000,36.15,31.5,29.7,31.01,23.23
1017000,35.63,31.58,30.02,31.27,22.97
1018000,35.36,32.07,30.25,31.61,23.12
1019000,34.98,31.68,30.75,31.86,23.3
1020000,35.22,32.17,30.32,32.82,23.32
1021000,35.17,32.47,31.24,32.58,23.61
1022000,35.56,32.7,31.7,32.69,23.61
1023000,35.83,33.15,31.62,31.83,23.5
1024000,36.71,33.05,31.79,31.94,23.13
1025000,36.48,33.25,31.85,31.67,23.54
1026000,36.65,33.85,31.98,31.49,23.29
1027000,37.05,33.37,32.36,29.47,23.32
1028000,36.53,32.91,32.85,29.8,23.27
1029000,37.07,32.31,32.66,29.81,23.28
1030000,36.35,32.54,32.97,30.27,23.57
1031000,36.49,32.76,33.31,30.17,23.96
1032000,35.69,33.08,33.79,30.63,23.95
1033000,35.82,33.67,33.68,31.36,24.57
1034000,36.3,34.28,33.36,31.21,24.38
1035000,36.52,34.4,33.11,31.75,24.44
1036000,36.57,33.9,33.13,31.95,24.69
1037000,36.34,34.55,32.64,32.03,25.18
1038000,35.53,34.91,32.25,31.66,25.1
1039000,35.98,34.2,32.38,31.35,24.73
1040000,36.07,34.88,31.94,31.11,24.39
1041000,36.24,34.1,31.31,30.55,24.22
1042000,36.63,33.94,31.47,30.52,24.22
1043000,36.62,34.39,32.02,31.1,24.57
1044000,36.74,34.76,31.32,31.0,24.9
1045000,36.96,33.67,31.29,30.97,23.96
1046000,36.34,33.72,30.72,30.22,24.67
1047000,36.61,33.74,30.56,30.41,24.5
1048000,37.17,33.95,30.06,30.76,24.09
1049000,37.27,33.9,29.67,30.93,24.29
1050000,36.62,33.44,29.5,30.64,24.68
1051000,36.41,33.13,29.48,30.5,25.23
1052000,36.37,33.87,29.14,30.8,25.19
1053000,36.15,34.14,28.18,31.04,25.36
1054000,35.92,33.81,28.36,31.49,25.11
1055000,36.21,33.85,27.89,31.77,25.44
1056000,35.6,34.17,27.89,31.34,25.08
1057000,35.21,34.63,28.42,31.64,24.8
1058000,34.86,35.36,28.68,31.62,24.82
1059000,34.62,34.77,29.24,31.98,24.93
1060000,35.11,34.52,29.23,31.51,25.0
1061000,35.6,33.99,28.58,31.91,24.59
1062000,35.67,33.56,28.83,32.0,24.59
1063000,35.74,34.0,28.79,31.82,24.65
1064000,34.98,34.05,28.32,32.02,24.68
1065000,34.26,34.56,28.55,31.91,24.18
1066000,34.74,34.99,29.14,32.05,24.09
1067000,35.23,34.77,28.8,32.62,24.16
1068000,35.79,35.12,28.37,32.85,24.24
1069000,36.74,35.1,28.12,33.22,25.03
1070000,35.88,35.41,28.42,33.46,24.82
1071000,36.57,35.47,27.8,33.43,24.84
1072000,35.11,35.72,27.57,32.96,25.02
1073000,35.39,35.07,28.02,32.72,24.9
1074000,35.65,35.76,27.69,32.63,24.74
1075000,35.28,35.66,28.2,33.08,24.19
1076000,35.06,36.06,28.21,32.4,24.38
1077000,34.75,36.24,28.29,32.55,24.62
1078000,34.96,36.48,28.29,32.55,24.26
1079000,33.6,36.69,28.54,33.34,24.29
1080000,33.99,36.86,28.05,33.79,24.26
1081000,34.29,36.64,27.83,33.86,24.74
1082000,33.97,36.03,27.53,34.26,24.89
1083000,33.5,36.23,27.74,34.5,25.19
1084000,32.89,36.22,27.88,33.99,25.27
1085000,32.9,35.98,28.11,33.76,25.23
1086000,32.89,36.13,27.99,33.38,25.14
1087000,32.96,34.75,28.46,33.59,24.86
1088000,33.43,35.05,28.88,33.83,24.59
1089000,34.38,34.43,28.67,33.57,24.87
1090000,34.12,34.16,28.6,33.24,25.15
1091000,34.09,34.32,28.86,33.74,25.44
1092000,34.61,34.39,28.88,33.74,25.2
1093000,34.85,34.66,29.03,34.15,25.52
1094000,34.63,34.89,29.03,34.23,25.62
1095000,34.81,34.69,28.56,34.2,25.67
1096000,35.84,34.89,29.34,34.58,25.43
1097000,34.24,34.8,29.31,34.26,25.47
1098000,33.77,34.5,29.56,32.74,25.58
1099000,34.82,34.31,29.77,32.99,25.28
1100000,33.73,34.01,30.11,33.52,25.24
1101000,34.1,33.73,30.23,33.86,24.21
1102000,33.44,34.45,30.04,33.71,24.55
1103000,34.1,33.82,30.89,33.58,24.84
1104000,34.54,33.6,30.97,33.17,25.56
1105000,34.63,33.28,31.35,32.82,25.39
1106000,34.56,33.6,30.87,33.39,25.41
1107000,34.55,33.69,30.6,33.45,25.3
1108000,34.6,33.32,30.93,33.75,24.71
1109000,35.47,33.58,31.18,33.63,24.77
1110000,35.81,34.29,31.3,32.59,24.98
1111000,35.49,34.61,30.75,32.13,25.12
1112000,36.1,35.27,30.77,32.15,25.42
1113000,35.89,35.29,29.78,32.26,25.78
1114000,35.61,35.09,30.26,31.77,25.78
1115000,36.07,35.46,29.29,31.06,25.56
1116000,36.13,35.35,29.65,31.12,25.09
1117000,36.36,35.73,29.94,29.96,24.44
1118000,36.41,35.94,30.41,30.37,23.91
1119000,35.48,35.96,30.87,30.63,23.78
1120000,35.38,36.0,31.43,30.61,23.67
1121000,36.1,35.54,32.02,30.47,23.59
1122000,34.92,34.91,31.62,29.84,23.86
1123000,34.78,34.21,31.98,30.37,24.09
1124000,35.16,33.97,32.25,31.16,24.34
1125000,34.66,33.96,31.78,31.4,24.7
1126000,34.46,34.73,32.19,31.57,24.7
1127000,35.23,34.57,32.38,31.0,24.6
1128000,34.67,34.38,32.14,31.08,24.15
1129000,34.72,34.75,31.85,31.71,24.05
1130000,34.27,34.3,31.64,31.89,24.33
1131000,34.43,33.58,31.98,32.29,24.08
1132000,33.44,33.8,31.38,33.17,23.78
1133000,33.64,33.14,31.01,33.41,24.44
1134000,33.84,32.72,31.56,32.6,24.77
1135000,34.04,33.16,31.34,32.41,24.43
1136000,34.11,33.05,31.57,32.55,24.57
1137000,33.38,33.36,31.61,32.28,24.56
1138000,33.12,32.63,31.55,32.44,24.67
1139000,33.71,32.3,31.16,32.44,24.69
1140000,33.65,32.2,30.92,33.03,24.96
1141000,34.06,31.66,30.99,33.03,25.16
1142000,33.76,31.17,30.82,33.35,25.59
1143000,33.36,31.17,30.1,34.08,26.07
1144000,33.5,30.68,29.39,33.84,26.27
1145000,33.18,31.31,29.1,34.0,26.75
1146000,33.19,31.91,29.08,34.25,26.93
1147000,32.72,32.03,28.88,34.74,27.1
1148000,34.04,32.12,28.63,34.26,26.9
1149000,32.77,32.64,27.92,33.98,26.44
1150000,32.62,32.27,27.47,34.14,26.29
1151000,32.8,33.16,27.14,34.79,26.28
1152000,33.82,33.37,26.39,34.73,26.79
1153000,33.8,34.13,26.88,34.57,27.01
1154000,34.11,34.15,26.76,34.79,26.91
1155000,33.62,33.72,27.54,35.58,26.4
1156000,32.7,33.47,28.38,35.28,26.47
1157000,32.77,34.05,28.76,35.84,26.88
1158000,33.69,34.52,28.68,36.27,27.13
1159000,34.43,35.17,28.52,36.14,28.01
1160000,34.93,35.3,29.35,36.0,27.04
1161000,35.38,35.76,29.11,35.29,27.34
1162000,35.06,36.01,29.24,34.53,27.21
1163000,34.84,36.14,30.14,34.16,27.72
1164000,35.22,35.88,30.34,34.0,27.3
1165000,34.51,35.67,30.46,34.29,27.74
1166000,35.0,35.41,30.83,33.86,27.48
1167000,34.47,35.59,30.81,34.25,26.91
1168000,33.78,36.42,31.14,33.7,27.06
1169000,34.13,36.18,31.58,33.85,26.6
1170000,34.47,36.6,31.29,33.58,26.6
1171000,34.27,36.9,32.07,33.4,26.61
1172000,34.68,37.22,31.85,33.23,26.8
1173000,34.43,36.9,32.14,33.67,26.36
1174000,34.32,37.15,32.44,33.13,26.46
1175000,34.32,37.67,32.38,32.48,26.77
1176000,33.69,37.63,33.11,32.76,26.86
1177000,33.47,37.1,33.35,32.7,27.47
1178000,33.8,37.81,34.37,33.12,26.86
1179000,32.21,38.04,34.5,33.09,26.92
1180000,31.9,38.32,34.81,33.14,27.07
1181000,31.83,37.6,35.71,33.18,26.98
1182000,32.32,37.45,35.13,32.93,26.74
1183000,32.24,37.19,35.39,32.73,26.98
1184000,32.01,37.16,35.27,32.66,26.59
1185000,31.79,36.82,34.64,33.37,26.8
1186000,31.98,36.27,34.38,33.37,26.61
1187000,31.45,35.7,34.11,33.08,26.88
1188000,32.49,35.26,32.51,32.17,27.44
1189000,32.8,35.37,33.21,32.35,26.94
1190000,33.02,34.96,33.76,33.07,26.15
1191000,33.61,34.65,33.69,33.49,27.18
1192000,33.68,34.81,33.85,33.35,27.43
1193000,34.35,35.29,34.25,32.98,27.91
1194000,33.65,35.85,33.67,33.24,27.89
1195000,33.7,35.73,34.48,33.52,27.72
1196000,32.88,36.4,35.05,33.42,27.1
1197000,33.35,35.82,35.28,33.6,27.63
1198000,33.73,35.9,34.63,33.25,27.2
1199000,34.38,36.42,34.07,33.34,27.46
1200000,35.31,35.06,34.54,33.2,27.72
1201000,35.93,35.06,34.55,32.87,27.51
1202000,35.33,35.59,33.86,32.97,26.25
1203000,34.23,35.44,33.34,33.67,26.3
1204000,34.99,35.15,32.04,33.92,26.81
1205000,35.41,35.01,31.99,34.13,26.76
1206000,35.91,35.27,32.37,33.27,26.54
1207000,36.13,34.98,31.86,33.21,26.44
1208000,36.84,34.34,32.26,33.07,26.57
1209000,37.17,34.67,32.24,33.07,26.5
1210000,37.99,34.71,32.32,33.25,26.07
1211000,38.69,34.11,32.54,33.42,25.74
1212000,39.02,34.86,33.06,33.16,25.24
1213000,39.84,35.01,33.15,32.83,25.39
1214000,39.33,35.09,33.19,32.79,25.56
1215000,40.08,35.26,33.09,33.78,24.5
1216000,40.02,35.5,33.1,34.04,23.93
1217000,38.85,35.3,33.44,34.63,24.07
1218000,37.76,35.49,32.7,34.22,24.56
1219000,37.77,35.92,32.19,34.21,25.0
1220000,37.54,35.55,31.83,34.55,25.16
1221000,37.41,35.98,32.21,34.82,26.02
1222000,37.21,35.82,32.19,34.74,26.37
1223000,36.94,36.11,32.6,35.15,26.18
1224000,37.69,36.84,33.17,34.9,26.15
1225000,38.18,36.86,33.23,35.03,26.09
1226000,39.33,36.94,32.22,35.23,25.76
1227000,39.8,36.37,32.35,35.71,26.28
1228000,39.38,35.89,32.35,35.67,26.9
1229000,39.54,36.22,33.14,35.14,27.56
1230000,40.47,36.47,33.87,35.32,26.93
1231000,40.56,36.54,33.83,35.58,27.28
1232000,38.93,37.05,33.88,36.01,27.37
1233000,38.66,37.14,33.63,35.71,27.21
1234000,38.79,37.13,33.69,35.69,26.9
1235000,39.17,37.52,33.53,35.52,27.04
1236000,38.49,37.3,34.28,35.67,26.85
1237000,37.84,37.72,34.12,35.74,27.35
1238000,36.87,37.74,33.27,35.21,27.34
1239000,36.35,38.01,33.11,34.89,27.43
1240000,36.56,37.88,32.92,35.75,27.17
1241000,35.11,37.89,33.13,35.72,27.51
1242000,34.88,37.4,33.31,35.89,27.51
1243000,33.94,37.48,33.3,36.18,27.75
1244000,34.51,37.4,32.6,37.02,28.05
1245000,34.86,37.42,33.0,36.96,27.71
1246000,34.96,38.67,32.63,36.0,27.71
1247000,35.39,39.04,32.63,35.79,28.13
1248000,35.52,38.9,32.83,35.45,26.89
1249000,34.89,39.11,32.07,36.33,26.78
1250000,34.88,39.78,31.7,36.29,26.82
1251000,34.95,40.26,32.34,35.1,27.39
1252000,35.43,39.87,32.73,34.82,27.3
1253000,35.98,40.02,32.46,34.61,27.35
1254000,35.74,40.79,32.97,34.56,27.6
1255000,35.06,41.3,33.7,34.66,26.49
1256000,35.52,40.48,33.47,34.9,26.61
1257000,35.96,40.38,33.23,34.75,26.23
1258000,36.44,39.62,33.7,35.22,26.26
1259000,37.35,39.37,34.25,35.41,26.55
1260000,35.95,39.36,34.0,35.27,27.07
1261000,36.02,39.93,34.43,35.16,27.22
1262000,36.36,39.69,34.14,35.34,27.13
1263000,36.51,39.19,34.02,35.58,27.41
1264000,36.82,39.14,34.74,36.01,26.58
1265000,36.57,39.18,34.54,35.37,26.88
1266000,37.28,38.93,34.98,35.44,27.19
1267000,38.34,39.32,35.48,35.64,26.88
1268000,38.67,39.32,35.95,35.46,27.04
1269000,38.67,38.97,36.19,36.35,26.62
1270000,39.87,38.95,36.78,35.36,26.75
1271000,40.14,37.94,36.76,35.21,27.11
1272000,40.15,38.3,36.29,34.29,26.97
1273000,40.14,38.15,36.2,33.77,27.04
1274000,40.86,37.92,35.97,34.23,27.23
1275000,41.26,37.42,36.2,34.69,26.83
1276000,41.38,36.5,36.17,34.86,26.47
1277000,41.09,37.37,36.41,34.63,26.47
1278000,41.08,37.6,36.16,34.46,26.39
1279000,41.31,38.32,36.13,34.45,26.52
1280000,40.96,39.12,35.34,35.04,26.94
1281000,40.79,38.19,34.85,35.31,26.81
1282000,41.48,37.83,34.69,35.87,26.82
1283000,41.74,38.25,34.96,36.22,27.21
1284000,41.72,37.86,35.03,36.67,27.43
1285000,42.55,36.41,34.75,36.17,26.63
1286000,40.66,36.06,35.32,36.75,26.5
1287000,40.61,36.63,33.85,36.26,26.1
1288000,40.5,36.61,33.42,35.5,26.02
1289000,39.77,36.86,33.66,35.98,27.17
1290000,40.13,37.33,33.93,36.35,26.71
1291000,39.94,37.06,33.36,37.03,26.75
1292000,40.41,37.04,32.64,36.64,26.94
1293000,39.71,36.78,32.31,36.57,26.88
1294000,40.56,37.08,32.28,36.4,26.47
1295000,41.4,36.58,31.79,36.74,26.76
1296000,41.89,35.24,30.91,36.79,26.0
1297000,42.33,35.58,31.4,36.73,25.66
1298000,42.02,35.69,32.05,37.11,25.72
1299000,42.33,35.69,32.5,37.48,25.53
1300000,41.33,36.53,32.35,37.75,26.22
1301000,41.81,36.74,31.91,37.34,26.5
1302000,42.53,37.12,31.99,37.43,26.74
1303000,42.04,36.34,32.38,38.1,26.78
1304000,43.04,36.38,32.53,37.6,27.21
1305000,43.67,36.38,33.01,36.36,26.83
1306000,43.17,35.37,33.0,36.29,27.05
1307000,42.23,35.82,33.06,35.79,26.48
1308000,41.5,34.42,33.66,35.89,26.0
1309000,41.01,34.65,33.99,36.73,26.21
1310000,41.24,34.12,34.05,36.14,27.01
1311000,40.81,34.63,34.29,36.63,27.49
1312000,41.25,34.25,33.89,37.36,27.37
1313000,42.06,34.03,33.65,37.15,27.45
1314000,42.1,33.06,33.6,37.77,27.92
1315000,42.54,33.33,34.04,37.7,27.16
1316000,42.57,33.22,34.32,37.72,27.26
1317000,42.31,32.71,33.81,37.64,26.99
1318000,42.07,33.29,33.99,37.24,27.39
1319000,42.55,33.8,33.34,37.65,27.3
1320000,43.15,33.49,33.76,38.3,27.6
1321000,43.85,33.19,34.87,39.2,27.61
1322000,44.29,34.17,34.59,39.06,27.68
1323000,43.75,34.66,34.34,38.31,27.25
1324000,43.1,33.73,35.26,38.59,27.42
1325000,43.01,33.46,35.68,37.38,27.0
1326000,43.49,33.71,35.3,37.65,27.19
1327000,43.75,34.41,34.6,38.56,26.69
1328000,44.53,34.51,34.53,38.98,26.75
1329000,42.08,33.68,34.63,38.27,26.36
1330000,40.69,33.93,34.02,37.54,26.46
1331000,41.64,34.17,33.57,37.66,26.1
1332000,42.38,34.65,34.02,37.28,27.2
1333000,42.12,34.4,34.03,36.48,27.43
1334000,42.85,34.17,33.95,36.85,27.7
1335000,43.32,34.8,34.25,36.56,27.04
1336000,42.84,35.39,33.86,37.56,26.62
1337000,43.32,36.34,33.81,37.57,27.12
1338000,42.57,36.41,32.86,37.92,27.43
1339000,42.81,35.93,32.9,37.68,27.36
1340000,42.95,35.58,33.14,36.7,27.96
1341000,43.65,35.96,32.6,37.12,28.09
1342000,43.82,36.49,32.41,37.67,28.26
1343000,43.49,36.58,32.55,36.26,28.06
1344000,43.79,37.01,32.55,35.7,27.98
1345000,44.03,36.77,32.28,35.51,28.47
1346000,44.04,36.66,32.41,35.2,28.93
1347000,43.4,37.11,32.65,35.54,29.11
1348000,42.97,36.92,31.8,35.67,29.03
1349000,43.28,36.47,32.46,35.02,28.93
1350000,43.42,36.71,31.79,33.55,29.32
1351000,42.9,36.72,31.82,33.68,29.8
1352000,42.89,35.38,32.5,33.93,30.33
1353000,41.7,35.97,33.02,33.82,29.44
1354000,41.59,36.04,33.81,34.05,29.43
1355000,41.87,36.6,34.56,32.68,29.87
1356000,42.39,35.83,35.13,32.73,29.97
1357000,42.87,34.99,35.31,33.21,30.2
1358000,43.35,35.34,34.73,33.45,30.62
1359000,43.16,35.52,34.76,33.45,29.91
1360000,42.84,34.26,36.54,32.78,30.36
1361000,41.64,34.5,36.78,33.05,30.38
1362000,42.18,34.84,36.5,33.71,30.85
1363000,42.16,33.96,35.78,33.21,30.89
1364000,43.74,33.58,34.93,32.94,31.3
1365000,44.46,34.22,35.65,32.99,29.98
1366000,45.5,33.89,35.41,33.58,27.83
1367000,46.1,34.72,35.64,33.61,27.63
1368000,44.21,34.91,36.59,33.66,27.91
1369000,44.06,35.57,37.11,34.24,27.79
1370000,42.86,36.5,36.65,33.72,27.35
1371000,42.37,36.78,36.35,33.79,27.05
1372000,42.97,36.99,36.59,35.07,26.93
1373000,43.92,37.48,36.02,34.94,26.9
1374000,43.52,37.65,36.04,35.52,26.96
1375000,44.34,37.51,36.29,35.37,26.97
1376000,44.83,37.03,36.74,36.05,26.72
1377000,43.88,37.69,37.0,35.54,26.69
1378000,43.82,38.28,36.93,35.97,26.63
1379000,43.65,37.39,36.71,36.4,27.24
1380000,44.79,38.06,37.07,36.27,27.13
1381000,45.0,38.4,36.23,36.8,25.85
1382000,44.76,38.56,36.14,36.8,26.11
1383000,44.95,38.29,35.89,36.7,25.82
1384000,44.93,38.87,35.13,36.78,25.29
1385000,46.18,38.39,34.76,36.96,24.81
1386000,46.07,39.07,34.58,37.22,23.95
1387000,46.51,38.78,35.13,36.56,23.85
1388000,46.47,38.99,35.38,36.65,24.15
1389000,46.02,39.73,33.81,36.57,24.55
1390000,47.46,40.12,34.71,37.1,25.03
1391000,47.46,40.34,34.75,37.33,25.18
1392000,45.93,40.6,35.08,37.44,25.65
1393000,45.47,40.84,35.37,37.09,25.58
1394000,45.45,39.93,35.05,37.39,25.29
1395000,45.71,36.89,35.28,37.42,25.77
1396000,46.47,36.55,35.47,37.07,25.82
1397000,46.2,36.62,35.49,36.29,25.78
1398000,45.58,36.99,35.18,36.26,26.39
1399000,45.6,37.74,35.4,36.21,26.61
1400000,45.04,36.1,36.17,36.08,26.27
1401000,43.79,37.0,36.99,36.17,26.7
1402000,42.83,36.51,36.99,35.68,26.12
1403000,43.48,36.27,37.46,35.46,26.55
1404000,43.47,36.55,37.39,35.44,26.68
1405000,44.1,37.77,37.67,35.7,26.79
1406000,43.47,38.02,37.44,35.24,26.69
1407000,42.88,38.5,36.7,35.66,26.99
1408000,42.1,39.25,37.21,34.89,26.48
1409000,41.95,38.34,37.7,35.05,26.95
1410000,41.71,38.43,37.92,34.69,27.22
1411000,41.99,37.86,37.4,33.92,27.74
1412000,41.85,38.05,38.0,33.7,27.67
1413000,42.59,37.81,38.22,34.01,28.27
1414000,43.41,37.99,38.7,33.59,28.28
1415000,43.18,38.24,37.68,33.76,28.48
1416000,42.73,38.68,37.93,33.79,28.3
1417000,43.69,37.51,37.91,33.39,28.77
1418000,43.53,37.51,36.98,32.98,29.35
1419000,44.15,38.0,37.27,33.56,28.85
1420000,42.97,38.42,36.04,33.87,29.37
1421000,41.76,38.27,36.28,33.98,29.81
1422000,42.21,38.32,36.78,34.05,29.78
1423000,42.32,38.48,37.37,34.88,29.51
1424000,40.94,38.83,37.82,33.71,30.17
1425000,41.15,39.67,37.15,34.13,30.66
1426000,41.51,39.81,36.96,35.04,30.3
1427000,41.89,40.74,37.44,34.94,30.19
1428000,41.69,41.4,37.09,35.01,31.0
1429000,39.76,42.17,36.73,34.69,31.08
1430000,39.62,42.54,35.78,35.78,31.2
1431000,40.34,43.6,35.35,36.03,31.0
1432000,38.97,43.11,35.83,35.89,31.12
1433000,39.95,41.7,35.98,35.36,31.13
1434000,39.52,42.18,36.41,34.86,30.85
1435000,40.83,40.65,35.86,34.16,31.19
1436000,42.2,41.51,36.35,34.55,31.57
1437000,42.46,40.13,34.88,35.07,31.22
1438000,41.59,37.84,35.09,35.04,31.85
1439000,42.06,37.96,35.29,35.44,32.42
1440000,42.68,37.65,34.72,36.16,31.96
1441000,43.16,38.78,34.2,36.95,31.87
1442000,42.66,38.42,34.15,37.59,32.28
1443000,42.3,38.67,34.18,38.09,31.93
1444000,41.76,38.57,34.14,38.39,32.01
1445000,41.97,38.89,34.66,38.15,31.98
1446000,43.0,39.01,35.14,38.75,31.78
1447000,42.97,39.29,35.85,37.94,31.38
1448000,43.28,38.98,36.57,37.66,31.36
1449000,42.54,39.45,36.27,38.11,31.82
1450000,42.53,40.02,36.5,37.69,31.51
1451000,41.68,37.87,35.9,37.9,31.12
1452000,41.86,37.65,35.64,38.03,32.1
1453000,42.51,37.07,35.59,37.44,31.19
1454000,41.71,37.64,35.65,37.66,31.45
1455000,42.05,36.86,35.64,37.01,31.08
1456000,42.23,36.75,35.17,37.26,30.99
1457000,41.9,36.24,35.51,38.5,30.82
1458000,43.21,36.64,35.03,37.74,30.18
1459000,43.5,36.19,35.69,37.68,30.21
1460000,44.64,36.88,35.92,35.7,30.65
1461000,45.74,36.78,36.36,34.85,31.37
1462000,45.74,37.12,36.35,34.81,31.31
1463000,46.78,36.69,35.53,35.41,32.02
1464000,47.02,35.97,35.43,35.81,32.2
1465000,47.28,35.87,35.67,35.3,31.63
1466000,47.57,35.37,36.14,34.74,31.74
1467000,48.04,35.57,36.88,33.76,31.87
1468000,48.63,36.05,36.93,33.72,31.29
1469000,49.26,35.88,36.94,32.98,31.33
1470000,48.8,36.37,37.07,32.04,31.14
1471000,49.61,36.86,37.52,32.29,30.92
1472000,50.37,37.68,37.1,32.67,30.56
1473000,50.53,38.76,37.24,32.76,31.13
1474000,50.92,37.91,37.51,33.44,32.31
1475000,51.61,38.23,37.4,34.05,32.29
1476000,49.01,38.47,36.65,34.8,32.52
1477000,48.13,38.79,36.65,34.84,32.77
1478000,48.67,39.56,36.94,34.43,33.67
1479000,48.74,38.89,37.43,33.91,34.24
1480000,49.58,38.99,36.97,33.71,33.66
1481000,49.06,39.13,37.31,33.54,33.92
1482000,49.49,39.75,38.01,33.88,32.87
1483000,49.2,39.59,37.76,34.33,33.5
1484000,50.16,39.59,37.52,33.79,33.49
1485000,50.89,40.32,37.54,33.81,33.41
1486000,51.19,39.46,37.29,33.66,33.15
1487000,50.34,39.5,37.14,33.83,32.76
1488000,51.26,39.7,37.34,34.1,33.3
1489000,51.53,39.83,37.9,33.93,33.02
1490000,52.25,39.43,38.9,34.08,33.21
1491000,50.99,40.01,39.38,33.5,32.52
1492000,51.27,39.36,37.98,33.74,32.05
1493000,51.75,38.49,38.38,33.27,31.8
1494000,52.03,39.53,38.17,33.99,31.78
1495000,52.03,39.78,38.58,34.46,31.59
1496000,52.65,40.62,37.4,34.52,31.5
1497000,53.2,41.13,36.99,34.52,31.5
1498000,53.24,41.25,36.75,34.97,32.29
1499000,53.24,41.86,37.75,34.71,32.34
1500000,52.53,42.46,37.43,34.71,32.86
1501000,53.11,42.71,36.98,33.97,32.57
1502000,53.06,42.95,36.78,32.83,33.08
1503000,53.06,42.92,35.79,33.18,32.94
1504000,51.64,43.23,35.59,33.56,32.14
1505000,51.32,43.31,35.76,33.78,32.27
1506000,51.08,41.76,34.89,33.73,30.68
1507000,50.98,41.82,34.94,34.08,29.98
1508000,49.88,42.44,35.67,34.89,29.93
1509000,49.36,42.03,35.05,34.98,29.91
1510000,50.11,41.1,35.03,34.26,30.76
1511000,49.12,41.58,34.54,33.74,31.09
1512000,46.45,41.48,34.04,34.13,30.35
1513000,46.6,41.49,34.49,34.77,30.84
1514000,47.07,41.59,34.59,34.78,30.96
1515000,47.58,41.03,34.57,35.1,30.55
1516000,47.6,41.96,34.9,35.88,30.64
1517000,47.89,42.22,33.42,36.21,30.7
1518000,46.47,42.94,33.23,36.47,30.93
1519000,46.12,43.06,32.94,36.35,30.53
1520000,46.27,43.54,32.14,36.23,30.59
1521000,47.63,44.36,32.08,36.3,31.07
1522000,46.18,44.09,32.78,37.33,31.45
1523000,45.7,45.08,32.86,37.56,31.63
1524000,46.15,45.31,33.02,37.18,32.28
1525000,45.44,45.7,32.18,37.37,32.28
1526000,44.15,45.46,32.16,37.72,31.35
1527000,44.62,44.75,32.5,36.61,31.35
1528000,42.47,44.08,32.7,36.56,30.74
1529000,41.72,45.33,32.88,36.63,30.63
1530000,42.61,45.01,33.59,36.6,30.13
1531000,42.18,44.73,34.07,36.84,29.39
1532000,42.24,45.42,33.86,36.77,29.76
1533000,41.75,45.63,34.65,36.46,29.74
1534000,42.33,45.61,34.93,37.08,30.09
1535000,42.38,45.25,34.95,37.21,30.34
1536000,40.23,45.67,34.58,37.46,30.8
1537000,40.61,46.15,34.58,37.5,31.46
1538000,39.48,46.64,34.63,37.14,30.7
1539000,39.69,46.68,34.88,37.74,30.85
1540000,39.94,47.01,35.04,38.48,31.19
1541000,40.74,47.91,35.09,39.11,30.53
1542000,41.2,47.15,34.46,39.15,30.19
1543000,40.53,48.13,33.39,38.86,30.13
1544000,40.85,48.0,33.85,37.9,30.87
1545000,41.37,47.74,32.69,37.85,30.79
1546000,41.4,48.17,32.88,38.18,30.77
1547000,40.46,48.45,33.18,37.94,30.48
1548000,40.21,48.97,32.1,38.6,30.18
1549000,39.44,47.37,31.39,38.92,29.45
1550000,39.73,48.1,31.35,39.32,28.79
1551000,40.63,48.85,30.73,39.19,29.66
1552000,39.82,48.93,30.68,39.43,28.97
1553000,39.17,48.46,30.95,38.98,29.08
1554000,39.63,48.6,30.16,38.66,29.64
1555000,38.18,47.89,29.16,37.67,29.83
1556000,37.82,47.02,29.59,37.89,30.33
1557000,37.55,47.12,28.28,38.15,30.54
1558000,37.67,48.08,27.63,38.76,30.46
1559000,37.42,48.64,27.21,38.55,31.07
1560000,36.52,48.72,26.77,38.71,30.63
1561000,37.2,48.04,26.31,39.53,31.34
1562000,37.2,47.85,25.92,39.64,31.57
1563000,36.49,48.76,25.99,39.71,31.22
1564000,36.0,48.48,26.44,39.7,30.38
1565000,35.17,49.44,26.78,38.35,29.63
1566000,35.03,49.58,27.18,37.87,29.45
1567000,35.03,48.21,27.94,38.15,29.38
1568000,34.83,48.96,28.13,37.68,29.26
1569000,33.67,48.04,29.09,36.68,29.47
1570000,33.01,48.04,29.45,35.94,30.23
1571000,32.96,48.97,29.02,36.55,30.24
1572000,33.77,49.15,29.67,36.74,30.53
1573000,33.58,50.12,30.05,37.22,30.33
1574000,34.05,48.83,30.87,37.32,30.79
1575000,34.62,47.4,31.65,38.25,30.06
1576000,34.62,48.08,31.41,37.37,29.81
1577000,34.12,49.11,32.07,37.95,30.22
1578000,35.02,47.52,31.91,36.56,30.86
1579000,35.02,47.92,32.16,36.33,31.42
1580000,35.52,47.14,32.95,36.81,31.4
1581000,35.78,45.49,33.58,37.04,31.59
1582000,35.25,44.96,33.98,36.18,31.42
1583000,35.73,45.14,34.3,36.09,31.64
1584000,35.97,45.73,34.59,36.84,31.55
1585000,36.33,45.19,35.15,36.98,32.02
1586000,36.9,43.33,35.05,38.17,32.25
1587000,36.9,43.25,35.27,37.07,32.44
1588000,37.37,43.86,35.7,37.73,32.62
1589000,37.73,43.0,36.27,37.32,32.63
1590000,36.56,42.98,36.46,38.17,32.71
1591000,36.32,43.72,36.75,37.1,32.68
1592000,36.06,44.01,35.32,37.02,31.98
1593000,37.01,44.94,35.01,37.21,32.57
1594000,37.11,42.67,34.66,36.92,32.42
1595000,37.67,42.71,35.24,37.58,33.6
1596000,37.03,42.53,35.46,37.36,34.04
1597000,36.48,41.48,35.34,37.48,34.31
1598000,37.2,42.13,35.05,37.47,34.87
1599000,36.97,42.53,35.15,38.08,34.64
1600000,37.67,42.43,34.81,38.51,34.42
1601000,36.57,42.82,34.08,39.1,34.73
1602000,36.83,42.76,33.6,39.53,34.7
1603000,36.6,40.65,33.37,39.33,35.09
1604000,36.35,39.1,33.23,39.1,35.7
1605000,36.18,38.99,34.13,38.96,35.15
1606000,35.5,39.47,34.71,39.12,34.74
1607000,34.66,39.89,34.28,38.54,35.04
1608000,34.77,38.02,34.33,39.34,35.07
1609000,34.3,37.33,33.77,39.28,35.33
1610000,34.76,37.63,32.95,39.66,34.92
1611000,33.9,38.1,32.74,39.88,34.62
1612000,34.34,38.2,32.75,40.44,34.3
1613000,34.31,39.5,34.07,40.2,34.73
1614000,34.31,40.24,33.15,39.97,34.96
1615000,34.86,40.0,33.54,41.04,34.59
1616000,35.81,39.59,32.92,41.68,33.94
1617000,36.05,39.91,33.11,42.02,33.41
1618000,37.05,40.05,32.8,42.99,33.68
1619000,37.39,39.92,33.36,43.31,33.39
1620000,37.6,40.01,33.51,44.27,33.04
1621000,38.66,40.16,33.75,43.19,32.77
1622000,38.36,40.26,33.31,44.39,31.74
1623000,38.32,40.02,33.0,43.31,32.0
1624000,37.94,40.87,33.44,43.63,32.09
1625000,38.25,39.42,33.09,44.36,31.8
1626000,38.52,39.65,33.0,43.39,31.03
1627000,38.75,40.25,33.29,44.1,31.28
1628000,39.7,40.24,33.64,43.95,31.94
1629000,39.7,40.87,33.91,43.44,32.9
1630000,41.97,41.71,34.52,43.35,32.22
1631000,41.43,42.81,34.69,43.21,31.4
1632000,41.26,41.03,34.47,42.82,31.65
1633000,42.13,40.69,34.32,43.08,31.67
1634000,42.4,41.37,34.3,43.75,31.02
1635000,42.22,41.82,33.89,43.76,31.12
1636000,42.76,43.03,34.2,43.17,30.91
1637000,42.88,43.37,35.22,43.01,29.94
1638000,42.32,43.25,35.07,42.65,29.92
1639000,42.63,42.4,35.42,43.39,30.1
1640000,43.26,43.6,35.44,43.38,29.23
1641000,43.92,44.16,35.09,42.95,29.37
1642000,44.41,44.23,34.28,43.44,30.2
1643000,44.26,44.86,34.17,42.77,30.27
1644000,44.15,45.18,34.69,42.46,29.74
1645000,43.94,45.4,35.35,41.85,30.04
1646000,44.54,45.19,35.91,41.53,29.81
1647000,45.19,44.92,36.27,41.53,29.75
1648000,46.0,44.34,35.45,42.0,30.59
1649000,46.57,44.12,36.29,43.11,30.51
1650000,45.77,43.16,37.03,42.4,31.21
1651000,45.19,42.62,36.53,42.48,31.66
1652000,43.86,43.01,36.27,43.15,31.27
1653000,43.46,42.58,36.33,41.8,30.64
1654000,43.07,42.7,37.19,40.63,30.01
1655000,43.57,42.47,36.82,41.73,29.34
1656000,43.82,41.86,36.39,40.55,30.06
1657000,44.54,40.79,36.63,41.02,30.48
1658000,45.09,41.24,35.88,40.02,30.83
1659000,45.1,39.99,35.92,40.1,30.71
1660000,45.36,40.02,35.95,40.05,30.69
1661000,46.31,40.03,36.01,40.09,30.8
1662000,46.24,40.77,35.27,40.23,31.69
1663000,45.91,39.56,35.01,40.81,32.36
1664000,43.66,40.04,33.95,40.64,32.43
1665000,43.86,41.07,35.05,40.9,32.51
1666000,44.34,41.23,35.01,40.67,33.06
1667000,44.61,41.45,35.41,41.15,33.58
1668000,44.61,41.9,35.15,39.8,34.15
1669000,43.91,41.88,35.15,39.53,33.75
1670000,44.65,41.18,35.2,40.19,34.67
1671000,45.06,41.8,35.07,39.9,35.12
1672000,45.17,42.67,35.24,39.19,34.66
1673000,45.31,42.67,34.59,39.95,34.25
1674000,45.57,43.32,33.87,40.76,34.11
1675000,44.52,44.28,34.65,41.13,34.09
1676000,43.35,43.51,33.94,40.05,34.6
1677000,43.1,43.75,33.41,39.99,34.66
1678000,42.56,44.49,33.84,40.5,34.69
1679000,43.4,43.63,34.3,41.03,34.03
1680000,44.23,43.44,34.85,41.35,33.75
1681000,42.59,43.25,34.41,42.32,33.77
1682000,43.04,43.02,34.56,41.12,33.87
1683000,43.16,43.73,34.99,40.8,33.63
1684000,43.48,43.98,34.78,41.03,33.96
1685000,43.83,44.08,35.1,41.52,34.04
1686000,43.35,44.84,35.83,41.43,34.47
1687000,43.05,45.74,36.16,41.68,34.79
1688000,43.36,45.59,35.95,40.45,35.86
1689000,43.75,46.04,35.16,41.19,35.98
1690000,42.94,46.17,35.44,40.85,35.11
1691000,41.75,46.64,35.4,41.25,35.6
1692000,41.79,47.41,34.94,42.15,36.02
1693000,40.18,46.59,34.78,42.91,35.32
1694000,40.4,46.92,34.67,42.26,34.73
1695000,39.97,47.37,34.04,42.19,34.73
1696000,40.53,48.01,34.29,43.17,34.97
1697000,41.37,49.01,33.33,43.47,34.77
1698000,41.5,48.87,34.07,43.01,34.27
1699000,41.64,48.88,33.8,43.0,34.82
1700000,41.31,48.75,33.58,42.39,33.22
1701000,42.02,49.77,33.36,42.34,33.47
1702000,42.25,49.91,33.38,42.96,33.95
1703000,41.98,50.15,33.99,43.07,33.48
1704000,42.25,49.53,33.57,42.43,33.97
1705000,41.7,49.29,33.35,42.85,34.21
1706000,42.25,50.44,32.21,42.28,34.85
1707000,42.79,50.7,31.95,41.95,35.42
1708000,42.55,50.8,31.61,41.79,35.98
1709000,43.78,51.67,32.0,41.65,35.86
1710000,44.06,51.63,31.69,42.35,35.94
1711000,44.3,51.51,31.38,42.68,36.56
1712000,45.27,51.02,31.42,42.77,36.33
1713000,46.04,49.59,31.62,43.02,36.65
1714000,45.58,48.85,32.16,42.17,36.66
1715000,45.06,49.57,32.57,41.45,36.83
1716000,45.7,48.15,32.97,41.95,37.81
1717000,43.45,48.15,32.7,42.4,37.51
1718000,44.42,49.21,33.52,41.76,37.26
1719000,44.65,49.59,34.38,40.71,37.25
1720000,44.68,49.52,34.8,39.9,36.06
1721000,46.18,49.92,34.44,40.34,34.97
1722000,46.2,47.89,34.45,41.36,35.47
1723000,46.13,47.58,34.93,40.76,36.16
1724000,45.96,47.76,35.12,39.92,35.95
1725000,46.2,47.87,36.1,38.76,35.49
1726000,46.89,48.16,35.86,38.88,35.4
1727000,46.97,49.37,36.14,38.86,35.22
1728000,46.33,49.27,36.4,38.34,35.4
1729000,46.62,49.52,36.83,38.6,35.89
1730000,46.44,49.69,35.75,38.63,35.48
1731000,46.21,50.2,34.84,38.75,35.86
1732000,46.07,50.3,35.06,39.26,35.94
1733000,45.78,50.54,35.07,37.15,36.23
1734000,45.44,51.74,35.83,37.36,36.64
1735000,45.25,51.32,35.79,37.15,35.95
1736000,46.04,49.54,35.38,37.33,36.74
1737000,46.87,49.73,35.8,37.74,36.51
1738000,46.61,48.46,35.81,37.81,35.72
1739000,46.62,47.28,36.08,37.35,34.95
1740000,46.61,46.12,35.78,37.29,34.37
1741000,48.09,44.85,35.79,37.31,33.83
1742000,47.34,42.67,35.77,38.12,33.44
1743000,47.13,42.72,36.14,37.6,33.38
1744000,47.5,43.45,36.17,36.91,33.19
1745000,45.42,43.58,37.08,36.17,32.86
1746000,45.71,43.76,35.29,36.19,32.4
1747000,47.1,44.69,35.37,36.19,32.59
1748000,45.58,44.85,35.65,37.35,32.84
1749000,45.12,45.08,35.91,38.15,33.19
1750000,46.33,45.07,35.77,38.67,32.95
1751000,46.17,44.68,35.92,38.9,33.43
1752000,46.12,45.45,34.94,38.74,33.24
1753000,46.37,46.26,35.2,38.26,32.54
1754000,47.02,45.83,35.01,39.02,32.76
1755000,46.52,45.17,34.21,39.89,32.56
1756000,46.83,46.12,34.75,40.52,32.53
1757000,46.84,46.44,35.34,41.07,32.88
1758000,47.55,47.25,35.58,41.49,32.31
1759000,47.24,47.86,36.39,42.29,32.9
1760000,47.74,47.76,35.96,41.82,32.9
1761000,46.9,47.28,36.19,41.97,32.99
1762000,46.94,47.73,36.43,42.54,33.23
1763000,46.02,48.14,36.98,42.3,33.43
1764000,46.41,47.3,37.49,43.19,32.94
1765000,46.8,46.46,37.69,44.4,31.8
1766000,47.19,45.79,38.05,44.17,31.9
1767000,47.14,46.0,38.33,44.64,32.55
1768000,48.09,44.95,37.67,45.28,32.33
1769000,48.16,44.43,37.71,46.21,32.55
1770000,48.63,45.03,37.32,45.73,32.76
1771000,49.1,44.97,37.19,46.8,32.66
1772000,48.74,45.63,38.15,47.05,33.06
1773000,49.67,46.59,36.61,46.44,32.11
1774000,50.14,46.54,36.11,46.09,31.13
1775000,50.83,47.18,35.88,46.37,31.45
1776000,50.01,47.73,34.83,46.59,31.59
1777000,51.24,47.89,34.61,46.66,32.54
1778000,51.47,48.94,35.77,45.0,32.24
1779000,51.03,49.59,36.72,45.39,32.83
1780000,49.52,49.59,36.27,45.7,32.76
1781000,49.93,49.59,36.5,44.97,33.15
1782000,50.39,50.79,36.78,43.54,33.34
1783000,51.05,49.42,36.75,43.71,33.82
1784000,50.44,49.66,37.42,43.99,34.05
1785000,50.59,50.01,38.62,43.32,34.55
1786000,50.59,50.94,38.94,43.95,35.23
1787000,53.11,51.07,38.2,43.74,35.25
1788000,51.9,52.18,39.15,43.55,35.25
1789000,52.41,51.83,39.45,43.7,34.37
1790000,52.57,51.4,39.44,42.47,35.15
1791000,50.61,50.99,39.89,42.07,33.74
1792000,50.83,49.94,40.38,42.09,33.43
1793000,50.93,50.14,41.03,41.87,34.23
1794000,51.31,50.91,40.6,42.65,34.24
1795000,51.61,50.72,39.65,42.22,33.92
1796000,51.46,51.3,39.12,42.97,33.71
1797000,50.88,50.48,38.93,43.59,34.33
1798000,51.16,49.57,38.9,43.09,34.83
1799000,51.21,50.12,38.64,42.43,34.43
1800000,50.86,51.08,38.54,43.36,34.8
1801000,51.34,51.79,39.02,43.24,34.3
1802000,51.42,51.24,38.49,43.38,34.99
1803000,50.95,51.47,38.18,42.7,35.41
1804000,50.85,50.83,39.01,43.69,35.61
1805000,51.08,51.76,39.22,42.5,36.52
1806000,51.08,51.77,39.05,43.76,36.37
1807000,52.77,52.02,39.23,43.48,35.74
1808000,54.03,52.04,39.4,43.37,35.88
1809000,53.7,52.8,38.12,43.37,35.58
1810000,54.65,53.51,38.24,45.24,35.77
1811000,54.99,54.57,38.54,45.98,35.47
1812000,54.61,53.26,38.46,46.01,36.43
1813000,54.57,54.16,38.61,46.87,36.58
1814000,54.7,54.56,38.88,47.14,36.59
1815000,55.16,55.53,38.3,46.59,35.47
1816000,55.6,55.31,37.12,47.89,35.1
1817000,54.65,55.78,37.35,48.42,35.22
1818000,55.13,54.33,36.08,49.34,34.51
1819000,55.06,54.94,36.45,50.07,35.0
1820000,52.86,54.72,36.72,49.79,34.97
1821000,52.86,55.32,36.96,50.65,35.44
1822000,54.12,54.84,36.88,50.5,35.36
1823000,53.12,55.4,36.9,50.13,34.85
1824000,53.56,53.68,37.0,49.78,35.25
1825000,54.0,54.03,36.8,50.39,35.4
1826000,53.76,53.59,37.56,51.1,36.18
1827000,53.29,53.58,38.51,51.02,36.4
1828000,51.74,53.82,37.74,51.28,36.53
1829000,52.01,52.75,38.0,51.58,35.59
1830000,52.74,52.72,38.28,52.08,36.17
1831000,51.74,53.47,38.31,51.56,36.16
1832000,52.45,53.58,38.54,51.91,36.77
1833000,53.08,54.21,39.38,52.02,36.97
1834000,54.11,52.71,38.8,51.85,38.06
1835000,54.47,52.48,38.99,50.9,37.34
1836000,55.32,51.76,38.92,50.1,37.25
1837000,55.16,53.03,39.62,48.74,37.66
1838000,55.85,52.98,38.74,49.7,37.72
1839000,56.13,52.87,38.74,50.08,38.16
1840000,55.85,52.03,39.94,49.46,38.3
1841000,56.33,52.21,39.88,48.94,38.28
1842000,57.48,51.14,39.74,49.29,38.21
1843000,57.48,51.35,39.09,50.7,39.1
1844000,57.75,51.02,38.85,50.02,38.51
1845000,57.27,51.23,38.44,49.29,39.19
1846000,57.56,51.35,38.69,49.03,39.66
1847000,58.04,51.29,38.41,49.79,39.13
1848000,58.12,51.72,37.85,51.29,38.44
1849000,59.33,51.1,36.72,49.27,37.67
1850000,60.0,51.63,34.82,48.89,37.69
1851000,61.0,51.52,34.68,49.22,38.79
1852000,61.96,52.87,34.52,47.31,39.33
1853000,62.51,53.35,34.5,47.32,39.39
1854000,60.43,49.56,33.39,47.44,39.01
1855000,59.83,49.38,33.63,47.46,38.56
1856000,59.92,50.13,32.76,47.46,39.19
1857000,59.27,50.14,32.56,47.32,38.93
1858000,57.44,49.46,32.05,47.14,38.14
1859000,56.49,49.1,32.26,47.07,37.2
1860000,57.63,48.88,32.67,47.09,37.68
1861000,57.64,49.32,32.23,47.24,38.69
1862000,57.11,49.7,30.99,45.28,38.48
1863000,57.38,50.34,31.39,44.96,38.23
1864000,57.04,50.02,31.87,43.81,38.7
1865000,57.77,49.18,31.09,42.66,37.83
1866000,57.71,50.3,31.07,43.04,38.38
1867000,57.69,50.05,30.52,43.43,38.07
1868000,57.87,50.29,30.94,43.14,38.04
1869000,58.97,51.06,30.92,44.16,37.95
1870000,59.64,50.57,30.72,44.71,38.0
1871000,58.94,51.48,30.89,45.41,38.02
1872000,58.26,52.16,31.46,46.01,36.85
1873000,58.43,52.92,32.01,45.3,36.72
1874000,58.16,52.97,32.82,45.62,35.77
1875000,59.2,53.43,33.39,45.84,35.57
1876000,59.36,54.48,33.27,45.97,35.96
1877000,58.26,54.94,34.22,46.03,36.63
1878000,58.48,55.39,34.72,46.64,35.55
1879000,58.68,55.39,34.64,46.64,35.57
1880000,58.4,55.5,35.11,45.72,36.29
1881000,58.29,56.19,35.05,45.61,37.31
1882000,58.15,56.36,35.29,46.15,38.04
1883000,57.31,56.36,36.02,44.64,38.96
1884000,57.83,57.09,36.28,44.62,38.42
1885000,56.42,57.99,36.93,45.66,38.18
1886000,54.99,58.95,37.12,45.82,38.74
1887000,54.67,58.58,36.47,45.03,38.96
1888000,54.66,59.33,36.47,45.52,39.81
1889000,55.83,59.88,37.85,45.17,39.4
1890000,55.51,60.13,37.28,44.78,38.88
1891000,54.82,61.1,37.3,42.85,39.47
1892000,53.68,59.3,37.62,42.84,40.9
1893000,53.47,59.45,38.02,42.56,40.68
1894000,53.23,58.75,37.38,43.17,40.6
1895000,52.54,56.29,37.82,42.8,40.8
1896000,53.77,55.35,38.07,43.66,39.44
1897000,53.1,54.52,38.71,44.2,40.15
1898000,53.14,53.36,38.03,44.42,39.99
1899000,53.23,53.6,38.27,44.89,39.96
1900000,53.73,53.87,38.53,45.33,40.62
1901000,54.52,53.35,38.59,45.72,40.59
1902000,54.52,52.97,38.24,46.4,40.39
1903000,55.94,51.85,37.83,46.38,40.72
1904000,54.51,51.58,37.74,45.62,40.96
1905000,55.48,51.11,37.11,45.13,40.75
1906000,55.53,50.52,36.86,45.13,41.0
1907000,55.23,50.63,36.44,45.77,40.46
1908000,55.24,50.13,36.07,44.37,40.89
1909000,55.66,49.81,36.88,44.38,40.98
1910000,55.23,49.1,37.01,43.08,40.51
1911000,54.05,48.57,35.59,42.96,41.23
1912000,54.99,48.84,35.12,41.68,42.25
1913000,54.14,49.53,35.83,41.49,41.8
1914000,55.1,48.49,36.05,41.76,40.41
1915000,55.84,47.3,35.8,42.33,40.91
1916000,55.84,46.81,35.79,42.25,39.92
1917000,57.72,47.0,34.46,42.63,38.35
1918000,58.42,47.75,35.17,43.36,37.73
1919000,58.24,48.78,34.75,42.2,38.06
1920000,57.5,49.07,34.95,42.73,37.81
1921000,57.15,47.63,34.55,42.67,38.43
1922000,56.9,46.04,35.17,43.41,38.7
1923000,57.63,46.29,35.43,44.23,38.84
1924000,57.86,47.38,35.23,44.45,38.23
1925000,58.08,46.7,35.04,44.13,37.91
1926000,57.67,46.44,34.96,44.36,38.26
1927000,57.33,45.94,34.85,45.59,39.19
1928000,56.84,47.33,35.1,46.06,39.2
1929000,56.43,47.19,36.78,47.22,38.25
1930000,58.08,47.85,36.52,47.92,37.8
1931000,58.81,48.21,36.31,47.67,37.91
1932000,59.54,49.33,35.92,47.55,37.86
1933000,59.54,49.25,36.56,46.9,38.77
1934000,60.68,49.19,36.3,46.98,38.1
1935000,61.33,50.17,37.02,47.18,38.33
1936000,62.05,50.93,37.48,47.37,38.56
1937000,61.39,51.65,37.5,45.45,38.38
1938000,60.98,52.6,37.47,45.75,38.08
1939000,59.82,52.26,36.84,45.11,37.92
1940000,59.95,52.21,36.81,44.23,36.99
1941000,57.36,51.66,36.88,42.48,37.66
1942000,57.26,51.74,35.5,43.26,37.75
1943000,56.52,53.16,35.19,42.37,35.81
1944000,56.26,53.64,35.93,41.75,35.49
1945000,56.62,53.21,35.55,41.56,36.02
1946000,55.22,52.26,36.02,39.36,36.49
1947000,54.44,52.72,36.34,38.47,36.69
1948000,54.2,52.72,36.72,36.56,36.69
1949000,53.83,52.69,37.3,36.27,37.42
1950000,53.46,54.21,37.97,33.79,38.19
1951000,54.67,54.49,37.53,33.81,38.71
1952000,55.35,54.61,37.59,31.85,39.45
1953000,54.76,52.72,37.31,31.56,39.02
1954000,54.51,53.68,37.09,30.13,39.07
1955000,55.21,52.79,37.53,29.91,38.91
1956000,55.27,51.59,37.89,30.08,39.62
1957000,54.03,50.95,38.59,30.68,38.8
1958000,54.27,51.45,38.33,30.48,38.85
1959000,53.04,50.59,37.22,30.74,38.54
1960000,53.27,51.04,37.24,30.95,38.39
1961000,53.5,51.52,37.67,31.32,37.59
1962000,54.47,52.09,38.18,31.17,38.95
1963000,54.36,51.36,37.86,31.99,39.59
1964000,54.36,52.0,37.85,32.74,39.71
1965000,54.11,50.32,38.57,32.68,40.55
1966000,55.41,50.54,37.8,33.16,41.54
1967000,54.96,50.5,38.3,33.33,42.06
1968000,54.67,51.35,38.77,34.36,42.55
1969000,55.59,50.08,38.95,35.14,43.46
1970000,54.41,49.28,39.21,36.33,43.49
1971000,54.71,49.23,38.86,36.83,42.8
1972000,53.99,49.9,39.96,37.04,43.68
1973000,54.67,49.79,40.71,37.93,43.48
1974000,53.42,49.79,40.54,38.42,43.72
1975000,52.01,50.79,41.29,38.31,43.99
1976000,50.94,51.3,41.7,38.75,44.76
1977000,50.91,50.88,42.03,39.18,44.61
1978000,50.91,51.69,42.98,39.95,44.61
1979000,51.38,51.89,43.3,41.15,45.45
1980000,51.63,53.17,43.62,41.71,45.92
1981000,52.81,52.74,43.63,42.11,46.29
1982000,53.3,53.38,41.91,42.95,46.34
1983000,54.02,53.86,42.0,44.09,45.96
1984000,55.37,53.34,41.96,45.02,46.37
1985000,55.86,53.69,42.21,45.17,46.41
1986000,56.68,53.82,42.28,45.29,47.13
1987000,56.7,54.3,42.52,45.82,46.62
1988000,58.29,55.21,42.06,46.28,45.11
1989000,58.98,54.99,42.12,46.83,45.41
1990000,59.19,55.64,43.57,47.35,46.14
1991000,60.21,55.15,42.6,47.02,45.13
1992000,59.21,53.02,42.53,46.8,44.74
1993000,60.23,53.36,42.45,46.96,44.27
1994000,60.91,53.84,42.02,47.42,43.99
1995000,61.21,54.55,42.63,47.01,43.93
1996000,61.88,54.84,42.87,47.25,44.0
1997000,61.78,54.48,42.83,46.79,44.08
1998000,61.37,55.49,42.3,46.36,43.38
1999000,60.43,55.57,42.03,46.87,42.46
2000000,60.19,57.02,41.39,46.31,42.3
2001000,60.32,55.54,41.46,46.1,41.44
2002000,59.58,55.9,41.97,45.82,40.54
2003000,59.33,55.04,42.13,45.63,41.26
2004000,59.3,53.15,41.45,45.72,39.87
2005000,58.43,52.03,40.69,44.91,40.02
2006000,57.93,52.34,40.45,43.24,38.9
2007000,57.74,53.94,40.61,42.28,39.02
2008000,58.47,54.01,39.6,43.2,38.43
2009000,58.24,53.14,39.81,43.91,38.91
2010000,56.63,52.95,40.02,44.88,38.21
2011000,57.11,54.02,40.24,45.1,38.05
2012000,57.56,54.02,40.02,45.39,38.53
2013000,58.17,54.98,39.87,46.37,38.53
2014000,58.04,54.42,40.2,46.62,39.17
2015000,58.46,55.35,41.03,47.21,40.24
2016000,58.33,55.83,41.27,47.82,41.0
2017000,58.75,56.48,41.69,47.59,39.8
2018000,57.91,55.94,42.26,47.7,40.55
2019000,58.4,55.37,42.12,47.25,41.48
2020000,59.33,55.75,41.15,46.91,42.23
2021000,58.82,55.5,41.88,47.55,42.57
2022000,59.02,55.61,41.74,46.41,42.82
2023000,59.07,54.83,41.45,46.66,42.15
2024000,59.14,55.93,42.2,46.22,42.64
2025000,59.5,57.12,43.2,46.22,42.33
2026000,60.06,57.06,43.62,47.88,42.44
2027000,60.1,57.28,44.04,47.84,41.95
2028000,60.72,57.28,43.83,47.67,41.84
2029000,61.02,57.93,43.93,48.0,42.03
2030000,61.03,57.83,43.39,48.73,42.34
2031000,59.69,58.35,43.65,49.93,41.53
2032000,58.96,57.75,43.34,49.46,41.91
2033000,57.23,55.89,44.0,49.94,41.71
2034000,56.02,55.12,44.57,48.83,42.16
2035000,55.94,55.15,45.03,49.35,42.91
2036000,56.55,56.34,44.82,49.38,43.43
2037000,56.11,55.88,44.86,48.72,43.84
2038000,57.0,55.11,44.91,48.0,44.59
2039000,57.22,56.05,44.9,49.03,43.55
2040000,57.1,55.09,45.84,48.96,43.79
2041000,58.04,55.58,45.43,48.81,44.27
2042000,58.77,53.89,45.03,47.35,43.71
2043000,59.46,54.66,44.56,48.35,43.13
2044000,59.57,54.19,43.87,48.6,43.48
2045000,59.64,54.17,43.67,49.6,43.73
2046000,60.09,54.91,42.7,49.59,43.78
2047000,60.73,55.61,43.44,48.52,44.13
2048000,61.46,56.1,42.98,48.4,44.1
2049000,61.01,56.55,43.31,48.13,44.47
2050000,61.72,54.32,42.59,48.22,44.75
2051000,62.22,54.07,42.83,47.7,45.5
2052000,62.01,54.55,43.5,46.51,45.21
2053000,62.88,53.48,43.17,45.42,43.82
2054000,62.66,52.55,44.11,44.98,42.56
2055000,63.23,51.05,43.56,45.49,41.13
2056000,63.74,49.48,42.89,45.2,41.35
2057000,63.95,49.64,43.61,44.75,40.71
2058000,63.71,48.75,43.15,45.09,40.73
2059000,63.52,48.26,42.19,45.86,40.58
2060000,62.3,48.16,42.0,46.39,40.56
2061000,62.94,48.64,42.39,46.67,40.94
2062000,62.7,47.42,41.98,46.28,41.88
2063000,62.96,47.03,42.44,46.3,41.72
2064000,63.28,46.87,44.06,46.48,41.86
2065000,62.54,44.78,44.37,46.65,41.64
2066000,62.82,44.76,45.12,44.77,41.26
2067000,62.57,43.84,44.8,44.98,42.26
2068000,62.46,45.18,44.53,45.45,42.69
2069000,62.16,45.38,44.52,44.67,43.03
2070000,62.16,46.33,45.09,44.44,42.3
2071000,63.06,46.95,43.91,44.38,41.14
2072000,63.33,47.02,43.5,45.3,40.37
2073000,61.55,48.36,44.41,44.75,40.19
2074000,60.45,47.85,44.21,44.99,40.21
2075000,60.26,48.56,44.23,45.82,41.17
2076000,59.77,48.44,44.89,45.42,41.41
2077000,59.64,48.04,45.08,45.39,41.63
2078000,59.59,48.41,44.58,45.82,41.19
2079000,60.41,49.36,44.98,46.76,42.1
2080000,60.38,48.73,44.21,46.34,43.23
2081000,61.78,49.69,44.45,46.45,43.95
2082000,62.24,48.92,45.11,45.93,44.02
2083000,63.64,49.85,46.38,46.3,44.3
2084000,62.48,49.84,46.35,46.34,44.78
2085000,61.51,48.32,46.37,45.27,43.65
2086000,61.28,49.08,46.71,45.57,43.63
2087000,61.49,49.38,46.79,45.08,42.2
2088000,61.03,49.83,47.02,44.99,41.53
2089000,60.07,50.84,46.03,45.04,42.28
2090000,59.14,50.92,45.94,45.32,42.78
2091000,57.46,52.13,46.16,45.04,43.41
2092000,57.94,51.88,46.14,45.27,44.16
2093000,57.92,51.9,44.87,45.13,45.38
2094000,59.16,53.09,44.28,45.83,45.61
2095000,57.97,54.22,42.86,46.97,45.77
2096000,59.17,54.94,41.88,47.71,45.41
2097000,58.6,55.07,40.65,47.01,46.35
2098000,58.13,55.75,40.2,47.28,46.57
2099000,58.81,56.71,40.97,47.51,46.6
2100000,59.31,57.18,40.96,46.69,47.6
2101000,60.29,58.38,39.45,47.54,47.61
2102000,60.11,58.14,39.08,46.98,46.49
2103000,59.48,58.64,39.36,47.09,47.01
2104000,59.18,59.77,39.04,47.21,47.46
2105000,59.84,59.02,38.36,47.67,47.47
2106000,59.4,58.3,39.24,47.9,48.03
2107000,60.55,57.59,39.64,47.84,48.44
2108000,60.91,58.29,40.36,48.84,49.32
2109000,61.05,58.29,40.66,49.01,49.29
2110000,62.07,59.26,41.87,49.07,48.8
2111000,62.36,58.87,41.23,48.37,48.77
2112000,61.99,58.67,41.59,48.86,49.31
2113000,62.67,58.63,40.89,49.59,49.74
2114000,63.27,58.71,40.41,49.36,50.01
2115000,63.7,59.43,39.86,50.1,50.83
2116000,64.05,59.5,38.62,49.57,51.43
2117000,63.66,59.88,37.92,49.84,52.18
2118000,64.85,57.56,37.67,48.78,53.41
2119000,65.63,56.95,37.52,48.72,53.15
2120000,65.93,57.48,36.96,48.99,53.49
2121000,66.62,57.78,37.39,49.94,53.23
2122000,65.96,58.18,38.11,50.3,53.35
2123000,65.72,58.54,38.62,51.0,53.02
2124000,66.65,57.46,39.17,51.35,51.34
2125000,67.97,56.95,39.82,51.09,52.01
2126000,68.44,57.61,39.57,50.75,51.57
2127000,68.78,57.1,40.65,51.58,51.1
2128000,68.16,57.37,40.88,51.75,50.21
2129000,68.65,57.63,41.68,52.17,50.45
2130000,69.6,58.95,41.67,52.24,51.37
2131000,71.0,59.19,41.57,52.26,51.76
2132000,70.43,58.8,41.33,51.67,51.78
2133000,70.46,57.81,41.61,51.35,52.22
2134000,70.87,57.77,42.59,52.61,52.92
2135000,72.17,57.91,43.35,49.7,51.48
2136000,71.89,57.95,43.58,49.0,52.49
2137000,71.89,57.72,44.24,48.39,52.62
2138000,71.6,55.18,44.55,48.32,51.44
2139000,71.6,55.43,45.26,48.46,51.05
2140000,73.28,56.29,43.9,49.06,51.96
2141000,73.78,56.76,44.59,49.34,53.7
2142000,73.84,56.36,45.04,49.76,52.65
2143000,74.82,57.28,43.29,50.28,53.29
2144000,74.52,56.09,43.16,48.47,53.13
2145000,74.3,53.23,43.95,48.33,51.15
2146000,74.92,53.5,44.56,48.2,50.92
2147000,74.3,52.15,45.19,48.53,51.54
2148000,74.92,52.06,44.59,48.58,52.24
2149000,74.87,51.82,44.95,48.73,49.74
2150000,73.69,51.55,44.97,48.59,50.25
2151000,73.34,52.18,45.13,47.23,49.71
2152000,73.42,52.41,46.11,47.71,50.23
2153000,72.33,51.51,46.28,47.35,50.33
2154000,73.03,51.5,46.62,46.6,49.37
2155000,72.18,52.61,47.79,46.48,49.83
2156000,71.98,52.58,47.93,46.45,49.38
2157000,71.76,52.83,48.86,44.7,49.61
2158000,72.06,53.34,48.69,45.62,50.11
2159000,72.75,54.27,48.38,44.65,49.63
2160000,73.19,54.78,47.94,45.12,49.38
2161000,74.39,55.6,47.47,45.39,49.31
2162000,74.74,55.84,47.92,46.01,49.17
2163000,75.14,53.88,46.44,46.85,49.5
2164000,75.87,52.62,45.72,46.22,49.28
2165000,75.87,53.63,46.14,46.35,49.51
2166000,75.91,53.64,46.95,46.0,49.71
2167000,76.88,53.12,46.71,46.35,50.41
2168000,77.82,53.23,47.75,45.69,49.19
2169000,77.73,53.75,47.69,45.45,49.2
2170000,76.19,54.21,46.37,45.23,49.81
2171000,75.72,54.88,46.85,45.39,50.67
2172000,76.34,53.86,47.79,46.16,51.27
2173000,76.26,53.39,46.48,45.24,50.41
2174000,75.53,52.66,46.95,45.56,49.96
2175000,77.14,53.77,47.19,43.76,50.62
2176000,77.26,53.32,47.43,44.36,49.72
2177000,76.28,54.02,46.68,43.65,49.24
2178000,75.12,53.85,46.23,44.14,46.73
2179000,73.49,53.93,47.53,44.97,43.97
2180000,71.4,53.16,46.82,45.76,44.46
2181000,71.4,51.45,46.42,45.74,44.82
2182000,72.36,50.97,44.92,45.54,44.68
2183000,71.65,50.17,45.07,45.91,44.79
2184000,72.49,49.99,45.23,45.41,44.17
2185000,71.31,51.62,45.26,45.81,42.64
2186000,71.76,51.42,45.19,46.71,43.03
2187000,71.45,52.28,45.55,47.37,43.67
2188000,73.35,52.36,45.79,47.82,43.5
2189000,70.37,52.57,45.15,48.2,42.93
2190000,69.58,52.39,45.4,47.77,43.03
2191000,68.65,53.01,43.69,48.2,42.6
2192000,69.4,53.74,44.28,49.49,43.26
2193000,66.81,54.22,43.47,49.44,43.76
2194000,67.29,54.66,43.22,49.76,42.86
2195000,67.29,54.82,42.42,49.87,40.81
2196000,68.99,53.71,43.08,50.23,40.59
2197000,68.71,53.94,43.56,50.67,40.75
2198000,67.22,53.91,45.02,51.17,40.11
2199000,67.5,53.0,44.92,51.74,40.81
2200000,68.2,52.04,44.78,50.93,39.44
2201000,68.33,52.67,45.02,51.41,39.42
2202000,68.94,52.19,43.74,50.95,39.22
2203000,68.81,53.41,43.52,51.46,40.17
2204000,69.51,54.38,43.17,51.19,39.94
2205000,68.65,54.82,42.95,50.62,40.18
2206000,69.01,55.03,41.64,51.18,39.6
2207000,70.59,55.99,40.66,51.16,40.24
2208000,71.05,56.44,40.12,51.71,40.51
2209000,71.75,55.52,39.43,51.23,41.45
2210000,71.04,55.97,40.14,51.22,40.46
2211000,70.48,56.41,39.19,50.94,41.02
2212000,70.21,55.22,39.23,50.72,41.43
2213000,70.0,54.5,39.98,51.17,41.8
2214000,69.98,53.92,40.69,50.02,41.52
2215000,70.11,53.93,40.97,49.9,40.76
2216000,71.31,53.38,41.37,49.6,40.47
2217000,71.31,53.79,42.1,48.1,40.22
2218000,72.74,52.14,42.0,49.02,40.63
2219000,71.99,52.38,42.68,48.04,41.59
2220000,71.58,53.79,43.83,48.06,42.15
2221000,69.64,53.56,44.3,48.78,42.98
2222000,70.09,54.5,43.9,46.72,43.24
2223000,71.28,54.28,43.17,47.69,43.22
2224000,70.98,53.92,44.09,47.68,44.21
2225000,70.92,55.58,44.16,46.97,43.92
2226000,70.99,55.39,44.62,47.1,42.82
2227000,71.23,56.78,45.62,47.35,42.4
2228000,71.25,55.5,46.26,45.93,41.48
2229000,69.66,55.88,44.94,45.56,41.48
2230000,69.08,56.02,45.89,45.46,42.16
2231000,68.7,56.97,45.89,45.79,43.06
2232000,69.31,57.64,47.26,45.79,43.73
2233000,68.26,57.66,47.8,46.92,43.12
2234000,67.51,57.19,46.67,46.23,43.53
2235000,67.95,56.97,44.66,46.04,44.7
2236000,67.4,56.97,45.0,46.01,44.07
2237000,66.48,56.71,45.51,45.81,44.33
2238000,67.43,57.0,45.51,44.69,42.4
2239000,67.43,57.0,45.8,44.89,42.97
2240000,67.22,58.0,46.69,45.7,42.54
2241000,67.97,58.89,47.21,45.9,42.49
2242000,68.17,57.91,46.99,45.6,41.51
2243000,69.08,57.33,47.34,45.6,40.9
2244000,69.71,58.33,48.87,45.54,40.82
2245000,70.43,57.05,48.93,45.51,41.08
2246000,69.42,54.39,49.47,46.38,40.92
2247000,70.57,54.8,49.02,46.1,40.51
2248000,70.48,55.02,48.64,45.95,40.91
2249000,67.96,56.41,49.17,45.47,42.06
2250000,67.73,56.15,49.2,46.62,42.92
2251000,68.98,55.1,48.91,47.62,43.5
2252000,69.43,54.04,48.49,47.69,44.0
2253000,68.12,54.11,48.9,47.74,44.3
2254000,67.57,55.15,49.03,47.81,44.8
2255000,67.68,54.41,47.67,47.26,45.85
2256000,67.94,54.66,45.67,47.66,45.39
2257000,67.62,55.6,44.71,48.48,44.47
2258000,68.49,55.38,43.77,47.95,44.78
2259000,68.49,56.17,43.74,48.43,44.27
2260000,68.71,55.0,43.06,49.16,44.01
2261000,68.95,53.63,42.35,47.92,44.73
2262000,67.92,52.69,42.31,48.62,44.19
2263000,67.92,53.85,41.79,48.6,44.11
2264000,69.36,55.04,41.07,47.89,44.6
2265000,71.3,55.47,40.39,48.32,45.06
2266000,71.12,55.91,41.29,48.1,45.68
2267000,71.36,56.46,41.8,48.04,46.16
2268000,71.14,55.75,42.68,47.63,47.33
2269000,71.12,55.27,43.24,47.06,47.79
2270000,69.47,55.3,43.1,47.5,48.67
2271000,68.99,56.41,43.32,46.32,49.63
2272000,68.82,56.18,43.8,46.06,48.47
2273000,68.9,56.31,43.28,46.03,49.25
2274000,69.14,57.77,42.61,46.91,49.16
2275000,69.86,55.89,43.71,46.38,50.12
2276000,69.75,55.26,44.66,45.42,51.1
2277000,69.26,54.94,45.37,44.98,50.06
2278000,70.25,53.97,44.29,45.76,49.37
2279000,70.7,54.7,44.41,45.34,49.65
2280000,71.38,54.9,44.42,45.25,50.0
2281000,71.78,51.72,44.69,46.02,50.79
2282000,72.74,51.85,44.49,46.0,50.81
2283000,72.57,51.85,44.81,47.25,50.8
2284000,73.0,53.59,44.31,46.55,50.87
2285000,72.97,53.08,43.53,47.02,50.4
2286000,74.12,52.85,44.17,47.68,51.04
2287000,74.36,54.19,44.33,47.97,50.48
2288000,75.9,53.46,44.8,47.58,50.11
2289000,76.51,52.98,44.57,46.63,50.71
2290000,76.61,54.15,45.7,47.4,50.39
2291000,75.72,52.71,45.49,46.99,50.11
2292000,76.05,52.8,46.25,46.96,49.39
2293000,76.73,53.42,47.21,47.26,49.41
2294000,76.97,53.61,47.68,47.97,48.47
2295000,77.44,53.85,48.86,47.12,49.6
2296000,77.6,54.21,49.36,47.05,49.31
2297000,75.36,55.34,49.72,48.22,49.48
2298000,74.58,55.16,50.27,48.27,49.62
2299000,75.29,55.12,50.98,47.4,50.45
2300000,74.7,55.87,51.11,47.4,50.89
2301000,73.75,56.84,51.34,47.02,50.86
2302000,74.51,57.33,52.69,46.95,51.29
2303000,73.07,57.37,53.22,46.41,51.36
2304000,72.44,57.41,53.03,46.34,50.37
2305000,73.87,57.71,53.07,47.15,50.66
2306000,73.2,58.25,53.28,46.27,51.22
2307000,72.64,59.44,53.99,46.33,51.22
2308000,72.98,59.94,52.77,46.04,51.67
2309000,74.0,60.17,53.65,45.56,51.87
2310000,74.02,60.18,53.91,44.18,51.23
2311000,74.71,59.5,53.91,44.74,49.78
2312000,75.23,59.01,55.0,45.29,47.96
2313000,74.0,58.52,54.01,44.46,48.69
2314000,74.15,59.72,53.47,44.49,48.36
2315000,72.96,58.78,53.49,42.96,48.58
2316000,72.32,59.99,54.04,43.6,46.89
2317000,72.67,59.38,52.41,42.19,47.81
2318000,70.3,59.68,52.43,42.88,46.37
2319000,70.3,58.3,52.85,42.44,46.41
2320000,71.04,58.09,52.95,42.41,46.75
2321000,69.31,58.61,54.0,42.48,47.34
2322000,69.15,59.08,54.72,42.23,47.2
2323000,70.19,59.22,54.71,42.73,47.2
2324000,69.36,59.22,55.32,42.46,47.95
2325000,68.77,58.33,55.3,43.06,47.95
2326000,67.36,58.75,55.96,43.29,48.64
2327000,67.03,56.87,56.83,43.68,48.64
2328000,67.53,56.47,56.58,43.11,49.59
2329000,65.07,56.93,56.58,44.03,50.13
2330000,63.76,57.48,58.32,43.66,50.86
2331000,63.75,56.9,58.14,43.27,50.94
2332000,63.75,56.75,57.83,43.16,49.91
2333000,63.71,55.94,57.6,43.21,50.84
2334000,62.52,55.81,57.52,42.38,50.84
2335000,61.08,55.78,57.02,43.09,51.91
2336000,61.53,55.94,57.16,43.25,52.45
2337000,60.2,56.17,54.01,43.98,51.47
2338000,61.02,57.1,54.21,44.68,51.86
2339000,60.78,56.8,50.53,45.26,51.63
2340000,61.97,56.24,50.05,45.17,51.63
2341000,61.31,55.21,48.39,46.05,53.09
2342000,59.86,54.15,49.72,46.05,52.85
2343000,60.35,54.13,49.85,45.79,51.89
2344000,60.83,54.76,49.45,46.88,50.89
2345000,60.97,54.52,50.13,47.07,51.54
2346000,61.93,54.57,49.42,47.89,51.92
2347000,62.64,55.22,48.46,48.17,52.55
2348000,63.58,56.09,48.95,48.6,51.75
2349000,64.2,56.8,47.33,49.6,52.82
2350000,64.89,55.42,47.32,48.18,53.07
2351000,64.37,55.29,47.76,48.82,52.36
2352000,64.87,54.63,48.26,49.78,52.63
2353000,64.65,53.43,47.91,51.03,53.34
2354000,66.08,54.66,48.38,50.79,51.93
2355000,65.58,56.55,47.67,50.89,51.93
2356000,64.87,56.55,46.91,50.97,52.28
2357000,64.83,57.51,46.11,51.64,53.32
2358000,64.35,57.03,46.17,52.49,54.04
2359000,65.06,57.77,45.26,51.79,52.72
2360000,64.39,59.24,45.5,52.17,52.96
2361000,64.32,57.53,43.7,52.63,52.7
2362000,64.8,58.63,43.72,51.6,53.13
2363000,64.8,58.07,42.11,50.63,53.54
2364000,66.67,59.16,42.54,51.17,53.54
2365000,66.89,59.71,43.11,50.73,53.96
2366000,68.22,59.65,43.81,50.49,53.34
2367000,68.82,61.47,44.48,50.98,53.38
2368000,67.74,61.87,45.02,51.48,53.5
2369000,67.42,61.15,44.36,51.25,52.5
2370000,67.06,60.67,44.85,51.86,49.87
2371000,67.76,61.82,45.4,52.23,48.91
2372000,68.42,62.72,46.11,51.77,49.55
2373000,68.11,63.14,47.13,52.59,50.07
2374000,68.21,64.0,47.97,52.86,50.1
2375000,68.77,64.36,48.6,53.59,48.09
2376000,67.81,64.48,49.29,54.52,49.19
2377000,67.57,64.03,50.43,54.69,49.19
2378000,68.06,63.51,50.43,55.88,50.09
2379000,68.12,64.56,51.94,55.97,50.33
2380000,69.1,64.86,52.62,56.11,51.09
2381000,68.18,66.05,53.4,56.67,51.15
2382000,68.16,65.69,53.9,56.94,50.24
2383000,69.42,64.96,52.97,54.97,49.74
2384000,70.09,65.2,53.06,53.87,50.16
2385000,71.38,66.22,53.49,53.69,50.94
2386000,70.34,67.18,53.28,52.62,51.4
2387000,70.34,67.76,52.66,52.29,51.01
2388000,70.59,68.08,52.86,52.24,50.78
2389000,70.86,67.63,52.31,52.6,50.21
2390000,71.09,67.53,53.28,53.33,50.34
2391000,71.6,67.63,54.0,52.14,49.99
2392000,71.35,67.73,54.02,52.24,50.67
2393000,72.5,67.7,54.91,51.57,51.29
2394000,73.45,68.72,55.13,51.7,50.75
2395000,74.83,68.7,55.84,51.31,50.72
2396000,74.63,68.13,55.42,52.27,51.0
2397000,73.81,67.87,55.18,52.55,51.58
2398000,73.6,67.64,56.38,52.37,51.73
2399000,74.45,68.73,56.37,51.08,50.3
2400000,75.96,66.56,56.31,51.41,50.39
2401000,76.93,67.81,56.0,51.46,51.61
2402000,77.41,66.86,55.76,51.81,51.31
2403000,77.4,66.84,55.13,51.81,51.87
2404000,78.06,68.12,55.48,52.33,51.98
2405000,77.83,64.78,55.5,52.83,52.03
2406000,78.08,64.52,54.6,52.81,52.01
2407000,77.87,64.04,53.8,52.94,53.3
2408000,76.09,65.62,53.52,53.81,52.63
2409000,77.28,65.43,53.52,53.45,52.68
2410000,77.53,64.7,53.73,53.09,53.03
2411000,78.28,63.97,53.49,52.77,52.26
2412000,78.28,64.73,54.23,52.51,52.37
2413000,77.54,63.92,53.67,52.35,52.97
2414000,77.36,65.58,52.03,52.34,53.83
2415000,77.85,63.81,50.46,53.05,54.61
2416000,77.37,62.29,49.02,49.79,54.62
2417000,79.24,62.77,49.31,48.89,55.23
2418000,79.24,63.74,49.57,47.92,55.74
2419000,80.85,63.97,49.31,48.64,55.46
2420000,81.07,61.27,48.1,48.03,56.26
2421000,80.75,61.03,48.38,49.16,57.59
2422000,81.03,61.14,47.96,49.48,57.13
2423000,79.9,61.82,48.73,50.24,58.03
2424000,78.0,62.37,48.62,50.2,58.02
2425000,77.06,62.37,49.07,50.96,58.02
2426000,78.41,63.57,47.99,50.92,58.04
2427000,77.68,64.15,48.71,51.9,58.06
2428000,78.91,63.92,47.81,52.02,58.26
2429000,79.13,64.36,48.13,52.0,59.16
2430000,80.07,64.36,46.49,52.49,59.14
2431000,78.69,63.99,45.3,52.11,59.64
2432000,78.19,64.58,45.35,52.27,59.9
2433000,78.87,65.42,44.09,51.94,59.63
2434000,78.35,67.46,45.01,50.8,59.18
2435000,77.97,67.46,43.11,51.16,59.66
2436000,79.15,67.43,42.9,50.37,59.47
2437000,79.52,65.99,43.65,49.61,59.99
2438000,79.0,66.72,43.85,49.92,59.97
2439000,79.4,67.62,44.13,49.19,59.36
2440000,79.89,67.57,44.13,49.74,59.47
2441000,80.16,68.41,43.61,50.11,59.03
2442000,80.68,67.5,43.09,50.49,58.7
2443000,79.97,68.09,41.89,51.24,58.03
2444000,79.72,68.59,41.64,52.16,58.7
2445000,79.72,68.01,41.68,52.16,59.16
2446000,80.69,67.74,41.48,53.31,57.97
2447000,80.55,68.21,41.89,52.77,58.66
2448000,80.33,69.21,42.37,52.58,59.14
2449000,81.01,69.3,42.68,53.42,59.77
2450000,81.72,69.55,41.85,54.42,59.8
2451000,82.68,70.39,41.9,53.62,58.34
2452000,83.86,71.34,41.63,52.84,56.67
2453000,83.86,70.9,42.32,50.39,57.58
2454000,83.17,70.79,43.29,50.51,58.4
2455000,82.48,70.87,43.7,50.42,57.42
2456000,82.48,71.8,43.44,51.23,58.52
2457000,81.74,71.23,44.17,51.97,58.54
2458000,82.21,70.55,42.92,52.71,58.09
2459000,82.86,70.86,43.71,52.59,58.12
2460000,83.25,70.78,42.97,53.16,58.42
2461000,84.29,70.78,42.49,52.08,58.83
2462000,81.73,71.28,42.71,52.35,57.77
2463000,81.02,69.49,42.46,51.38,57.63
2464000,79.4,70.27,42.5,52.12,58.38
2465000,79.4,71.22,41.42,51.88,58.62
2466000,78.91,70.62,41.9,52.01,57.96
2467000,78.15,70.62,42.86,51.49,57.01
2468000,79.31,71.81,44.08,51.96,56.59
2469000,75.73,71.6,43.95,52.04,57.08
2470000,75.92,72.3,44.67,52.05,57.34
2471000,75.92,72.3,46.05,53.73,54.6
2472000,76.5,73.23,46.0,54.21,54.6
2473000,76.97,74.42,46.25,54.43,55.06
2474000,76.97,75.21,47.12,54.98,54.29
2475000,77.53,75.21,47.76,55.32,52.74
2476000,77.79,74.48,47.08,55.41,51.86
2477000,77.83,75.29,46.85,55.96,51.38
2478000,78.07,75.73,47.51,56.14,51.34
2479000,75.55,75.89,47.98,56.9,51.65
2480000,76.52,75.54,48.22,56.9,51.79
2481000,77.02,75.17,49.09,57.95,51.01
2482000,77.03,76.7,49.14,57.78,51.38
2483000,76.85,73.67,50.06,58.21,51.75
2484000,76.77,73.63,49.72,57.95,51.51
2485000,77.72,72.2,50.43,58.31,52.71
2486000,77.28,69.83,50.26,59.27,53.11
2487000,78.07,69.09,49.06,59.23,53.13
2488000,76.48,68.77,48.99,59.45,53.5
2489000,76.49,69.04,48.81,59.63,53.53
2490000,75.78,67.75,48.37,59.63,52.48
2491000,75.48,66.83,48.86,60.08,52.72
2492000,74.3,66.83,49.18,61.36,53.68
2493000,75.45,65.46,48.29,60.49,53.26
2494000,74.55,66.25,49.2,60.85,53.21
2495000,74.4,66.71,48.2,61.69,53.21
2496000,74.4,66.86,48.43,61.69,53.73
2497000,73.99,67.31,48.6,60.31,54.32
2498000,73.74,65.91,49.02,60.77,51.83
2499000,74.13,62.59,48.79,61.15,51.17
2500000,75.05,62.26,48.71,61.86,51.17
2501000,75.7,62.92,47.96,62.39,52.37
2502000,73.54,62.82,48.43,62.73,52.56
2503000,73.26,62.38,49.54,62.07,51.98
2504000,72.34,62.38,50.31,60.74,51.78
2505000,72.35,62.41,50.37,61.36,52.18
2506000,70.65,64.01,49.81,60.91,52.15
2507000,70.21,62.7,49.31,61.26,51.16
2508000,69.96,62.04,49.76,61.93,50.82
2509000,68.71,62.5,48.0,62.44,49.95
2510000,68.56,61.89,48.0,63.55,49.7
2511000,68.69,60.28,50.37,63.05,49.46
2512000,68.96,57.82,49.89,63.92,48.91
2513000,67.4,58.85,49.18,64.2,50.04
2514000,67.36,58.81,49.31,64.77,47.8
2515000,67.51,57.86,49.77,65.4,48.05
2516000,65.95,56.86,49.39,64.72,48.64
2517000,65.95,57.32,49.88,64.98,48.66
2518000,66.94,58.74,49.96,65.88,48.87
2519000,66.02,57.77,50.31,65.97,48.91
2520000,66.48,59.44,50.32,66.03,48.6
2521000,67.68,59.5,51.31,66.59,48.44
2522000,67.53,60.13,50.26,66.13,48.33
2523000,67.53,58.21,50.74,65.3,48.28
2524000,68.08,58.22,51.25,65.29,49.01
2525000,69.05,57.45,51.01,65.84,48.61
2526000,69.79,58.38,51.78,65.83,47.47
2527000,67.24,58.17,51.91,66.28,47.03
2528000,67.26,58.4,52.9,66.02,48.06
2529000,67.5,58.58,54.05,65.54,47.0
2530000,66.53,58.35,54.02,65.15,47.3
2531000,67.5,59.29,54.32,65.49,46.4
2532000,68.67,59.75,54.79,65.86,45.79
2533000,69.38,60.02,56.85,66.32,46.08
2534000,69.42,58.93,56.2,65.74,46.32
2535000,68.07,59.41,55.4,66.38,46.4
2536000,68.54,60.02,55.29,67.1,47.27
2537000,66.38,60.02,54.57,66.96,47.51
2538000,65.41,60.73,55.81,65.36,48.62
2539000,66.01,59.96,56.53,64.2,47.12
2540000,66.24,59.9,56.07,61.98,46.88
2541000,66.49,60.63,57.0,62.83,46.52
2542000,66.5,59.45,56.71,62.52,47.41
2543000,67.67,59.32,56.71,59.98,47.74
2544000,68.14,60.37,57.16,59.28,47.38
2545000,68.12,61.68,58.05,58.15,48.68
2546000,67.45,61.02,56.9,57.79,48.3
2547000,67.69,62.37,56.87,58.74,48.72
2548000,69.04,60.94,56.89,59.36,49.33
2549000,68.31,62.45,57.21,59.65,49.66
2550000,69.18,62.18,57.03,60.46,48.86
2551000,69.18,62.13,57.73,61.45,49.2
2552000,69.37,61.28,57.93,61.47,48.65
2553000,67.58,62.25,57.99,60.72,49.21
2554000,68.19,63.06,58.29,60.95,50.05
2555000,69.43,63.34,57.53,60.64,50.87
2556000,69.44,62.33,57.72,60.97,50.93
2557000,70.19,62.8,57.48,60.4,51.18
2558000,71.24,62.85,58.34,60.16,51.88
2559000,70.71,63.08,58.09,60.01,52.34
2560000,70.71,60.93,59.08,58.64,51.58
2561000,70.91,60.68,60.55,59.32,51.9
2562000,71.69,56.92,59.59,58.95,51.73
2563000,72.15,56.43,58.93,60.56,52.18
2564000,72.38,56.25,58.4,59.67,50.89
2565000,73.52,56.76,57.51,59.67,49.65
2566000,73.0,55.9,56.7,60.54,49.17
2567000,72.42,55.8,56.43,60.49,50.14
2568000,71.92,55.53,55.71,60.08,49.38
2569000,72.24,56.15,55.7,59.32,49.38
2570000,73.42,56.32,54.93,59.18,49.96
2571000,74.52,56.65,54.98,58.21,49.69
2572000,74.37,58.07,55.39,58.93,49.85
2573000,74.28,58.05,55.88,59.29,50.51
2574000,75.7,57.61,53.97,59.24,50.22
2575000,75.3,56.56,54.88,59.81,49.97
2576000,75.3,57.67,55.21,58.59,51.04
2577000,76.74,58.31,55.43,58.8,51.75
2578000,76.74,58.57,56.1,58.56,50.12
2579000,77.7,58.02,57.37,58.7,50.41
2580000,77.46,57.79,57.37,59.34,49.88
2581000,77.21,56.31,58.62,59.88,50.09
2582000,76.32,56.4,59.33,59.27,48.91
2583000,76.32,56.25,59.39,57.92,48.83
2584000,76.11,55.66,58.26,58.4,49.81
2585000,75.9,56.45,56.85,58.92,49.2
2586000,76.29,56.45,57.13,59.42,49.43
2587000,75.3,55.77,57.66,58.56,50.14
2588000,75.05,55.77,58.27,59.52,50.15
2589000,75.74,57.92,56.73,59.56,49.75
2590000,76.72,56.78,56.91,60.5,49.68
2591000,76.74,55.71,57.79,60.67,50.88
2592000,74.81,55.01,57.57,61.02,50.76
2593000,75.54,55.48,57.05,60.85,50.6
2594000,76.48,57.17,56.26,61.22,51.25
2595000,76.96,57.16,54.29,61.02,51.93
2596000,78.27,55.73,54.89,61.25,51.87
2597000,78.94,56.22,53.87,60.87,51.28
2598000,79.22,55.98,53.54,61.1,51.94
2599000,78.64,56.99,54.01,61.35,50.07
2600000,78.64,57.35,54.0,61.13,50.51
2601000,80.3,56.91,53.3,62.09,50.9
2602000,81.46,57.02,51.36,61.33,51.67
2603000,81.4,58.09,51.58,61.8,51.17
2604000,82.34,58.86,51.63,60.81,51.67
2605000,82.36,58.88,51.84,61.77,50.95
2606000,82.38,60.36,52.74,62.65,51.56
2607000,83.09,61.55,52.31,62.19,52.15
2608000,83.73,62.04,52.27,62.69,52.45
2609000,84.27,62.52,52.41,62.79,53.37
2610000,84.27,62.52,53.14,62.77,51.93
2611000,84.35,62.17,52.65,61.8,52.52
2612000,84.11,62.67,52.89,61.89,52.07
2613000,84.36,63.53,53.28,60.78,52.52
2614000,84.04,63.95,53.74,61.02,53.32
2615000,83.12,63.95,53.63,61.88,54.89
2616000,83.89,66.27,53.93,61.49,54.99
2617000,84.03,65.62,52.77,60.82,54.74
2618000,84.97,64.22,52.54,60.68,54.81
2619000,85.21,64.22,53.36,59.68,54.8
2620000,84.68,66.17,51.18,59.09,54.12
2621000,86.12,63.1,49.71,60.06,54.36
2622000,85.63,63.34,49.01,59.07,54.15
2623000,85.87,64.23,48.61,58.46,54.09
2624000,86.04,64.17,48.46,56.71,53.97
2625000,85.42,65.1,48.23,55.76,54.94
2626000,86.12,64.39,48.32,55.29,55.26
2627000,85.84,64.79,48.18,56.14,54.84
2628000,86.25,65.23,48.8,55.3,53.25
2629000,86.03,65.53,48.49,54.91,53.25
2630000,86.08,66.63,49.6,55.26,54.16
2631000,86.52,66.75,49.85,56.23,52.33
2632000,87.59,67.87,50.36,56.17,52.78
2633000,87.36,67.87,50.88,56.33,54.35
2634000,88.22,70.09,51.26,55.96,54.78
2635000,89.38,69.0,52.25,56.36,55.62
2636000,88.84,69.41,52.49,57.06,54.64
2637000,90.22,69.91,51.16,57.71,54.79
2638000,89.81,71.09,51.72,58.1,55.41
2639000,89.29,70.27,52.46,56.37,53.18
2640000,90.42,69.55,52.61,56.11,53.18
2641000,90.76,67.39,52.38,55.21,53.83
2642000,90.28,68.06,53.46,54.78,54.65
2643000,91.33,69.18,52.92,53.67,55.06
2644000,91.31,69.66,52.9,53.66,55.27
2645000,90.76,70.08,53.14,54.37,55.27
2646000,90.76,70.07,54.08,53.65,56.29
2647000,91.73,68.19,53.66,53.41,56.41
2648000,91.46,69.02,53.64,51.29,56.65
2649000,92.17,68.92,54.14,52.13,55.72
2650000,91.93,68.92,55.09,51.86,56.2
2651000,91.98,69.88,54.86,52.09,57.14
2652000,92.86,69.55,53.66,50.93,57.25
2653000,91.07,69.91,53.28,52.13,57.75
2654000,90.76,69.4,54.63,50.79,58.69
2655000,91.1,70.29,53.99,49.77,59.36
2656000,91.1,68.73,54.01,49.44,59.62
2657000,92.91,68.89,53.01,48.67,59.87
2658000,92.91,67.17,52.0,49.06,59.15
2659000,93.39,67.25,49.94,49.25,58.88
2660000,93.98,67.75,50.18,49.33,59.55
2661000,94.94,66.35,49.91,49.84,58.95
2662000,94.94,67.55,51.32,50.54,59.6
2663000,95.67,67.55,52.07,50.57,58.1
2664000,96.88,67.65,51.61,50.57,58.86
2665000,95.56,67.65,52.35,52.02,57.85
2666000,95.79,69.3,52.45,52.69,58.33
2667000,95.79,69.4,53.34,53.55,56.65
2668000,97.2,69.55,52.87,54.15,55.91
2669000,96.11,68.22,52.96,54.77,57.01
2670000,96.31,68.21,53.47,54.53,56.47
2671000,96.31,65.97,52.06,54.78,57.11
2672000,98.52,66.46,51.6,55.16,57.14
2673000,99.26,67.38,50.92,54.28,56.93
2674000,99.05,68.89,50.66,53.91,57.53
2675000,99.05,68.92,51.5,52.76,57.99
2676000,98.35,69.31,51.26,51.11,57.99
2677000,98.23,67.57,52.66,52.04,59.24
2678000,96.22,67.57,53.38,52.76,58.71
2679000,96.93,69.04,50.8,53.26,59.19
2680000,96.49,67.51,49.94,53.58,59.52
2681000,97.12,66.1,49.06,54.01,59.97
2682000,96.03,64.66,49.26,54.42,59.74
2683000,96.75,63.03,48.09,55.21,59.96
2684000,96.72,62.95,47.73,54.74,60.43
2685000,94.49,61.38,47.04,55.94,60.61
2686000,94.49,61.1,47.06,56.42,60.79
2687000,94.27,61.45,47.9,55.99,61.13
2688000,94.0,62.26,47.02,53.67,61.61
2689000,94.0,62.59,45.71,52.36,61.94
2690000,92.22,62.09,46.41,53.7,62.54
2691000,89.48,63.73,45.94,53.24,63.69
2692000,89.26,63.91,46.65,52.22,63.24
2693000,91.03,61.87,47.72,52.93,63.26
2694000,90.09,61.0,47.66,53.42,62.46
2695000,89.51,59.74,48.87,52.89,60.85
2696000,90.63,59.02,49.03,53.09,60.6
2697000,90.63,59.72,48.5,54.06,60.58
2698000,91.29,59.47,46.04,54.51,60.85
2699000,91.35,59.95,46.11,55.35,60.44
2700000,90.45,60.83,46.67,56.08,55.09
2701000,90.04,61.37,44.8,57.04,55.07
2702000,90.76,62.27,45.45,57.53,55.56
2703000,90.08,61.94,44.12,58.55,55.6
2704000,91.36,61.77,44.52,59.7,56.06
2705000,91.42,61.8,45.22,59.46,56.22
2706000,91.91,60.43,44.11,60.43,55.9
2707000,91.68,61.78,44.59,59.99,55.73
2708000,91.18,62.31,45.15,59.03,55.21
2709000,91.18,62.31,44.69,59.34,55.38
2710000,90.26,61.15,45.62,60.05,56.01
2711000,89.78,61.28,45.86,60.27,56.37
2712000,89.79,60.33,46.58,60.03,55.87
2713000,88.13,61.31,46.74,59.63,57.05
2714000,87.71,62.28,46.46,60.0,58.02
2715000,87.71,62.57,47.64,60.45,58.46
2716000,88.74,61.5,48.26,59.72,58.96
2717000,88.49,61.92,48.02,60.16,58.34
2718000,88.43,62.42,48.8,61.55,58.61
2719000,89.28,62.23,49.51,62.41,58.94
2720000,90.63,60.06,49.5,61.34,58.65
2721000,90.11,60.27,49.95,61.64,58.94
2722000,88.82,60.27,50.84,61.64,59.39
2723000,85.77,60.56,50.81,62.53,58.91
2724000,85.77,61.08,50.07,62.42,59.86
2725000,85.51,59.49,49.45,63.08,60.32
2726000,84.73,59.99,50.32,64.13,61.06
2727000,84.47,60.52,50.96,63.23,61.55
2728000,85.56,60.52,51.59,63.7,60.15
2729000,86.52,60.91,51.16,63.0,60.79
2730000,87.51,62.05,50.94,62.84,59.55
2731000,84.47,62.38,51.71,61.93,59.91
2732000,85.57,63.35,52.64,62.18,60.77
2733000,84.99,63.67,52.25,61.44,60.04
2734000,84.8,64.8,52.58,60.69,60.65
2735000,84.01,65.14,53.85,61.49,61.13
2736000,82.11,65.11,53.61,62.25,62.15
2737000,81.87,65.74,53.75,63.42,62.4
2738000,82.54,64.83,54.47,63.97,62.81
2739000,82.68,66.63,54.96,64.66,63.03
2740000,82.44,66.25,55.9,64.09,62.54
2741000,80.75,64.61,57.1,64.58,61.49
2742000,79.06,64.86,57.09,65.9,61.6
2743000,79.16,65.35,58.54,65.72,61.11
2744000,79.36,64.33,58.53,65.94,61.98
2745000,80.69,64.81,58.5,66.17,62.18
2746000,81.43,65.23,59.21,66.23,62.43
2747000,80.96,64.37,59.76,66.42,62.87
2748000,81.83,64.61,59.06,65.18,62.78
2749000,79.08,64.46,59.88,64.21,63.03
2750000,79.61,63.92,59.44,64.6,62.76
2751000,81.08,63.85,59.42,65.02,63.81
2752000,81.77,64.73,60.25,65.28,64.82
2753000,81.77,64.76,59.95,64.61,65.4
2754000,80.94,64.31,59.67,63.97,66.46
2755000,81.44,65.41,60.78,64.8,67.08
2756000,81.82,64.8,61.66,64.33,67.1
2757000,80.62,64.8,60.12,64.8,67.46
2758000,79.3,65.11,60.58,65.25,67.0
2759000,80.6,64.86,60.57,65.56,67.01
2760000,81.3,64.4,58.61,66.01,67.47
2761000,81.3,62.05,59.55,67.02,66.93
2762000,82.02,62.01,60.22,67.47,66.97
2763000,82.22,62.97,61.18,67.31,66.97
2764000,81.5,63.17,61.27,65.98,68.07
2765000,79.52,63.24,61.41,66.91,68.04
2766000,80.15,62.94,61.41,67.03,66.61
2767000,80.83,63.45,61.5,66.04,66.8
2768000,82.04,65.01,61.41,66.8,67.2
2769000,81.12,65.96,61.41,66.53,67.92
2770000,81.12,67.02,62.32,65.41,67.63
2771000,81.65,66.79,63.83,66.38,67.79
2772000,81.85,67.96,64.55,66.62,67.3
2773000,82.56,67.64,64.75,66.78,67.78
2774000,82.81,65.86,65.17,66.47,67.08
2775000,81.74,67.04,65.89,67.25,66.92
2776000,77.61,67.76,65.51,67.58,67.22
2777000,78.27,68.47,65.67,67.83,66.78
2778000,77.28,68.25,65.67,68.09,65.08
2779000,78.3,67.43,67.28,68.73,64.5
2780000,78.36,66.26,68.23,68.24,64.77
2781000,79.71,64.72,67.21,68.88,65.96
2782000,79.47,64.82,66.24,68.74,64.88
2783000,80.2,64.64,65.76,68.69,62.57
2784000,81.42,64.03,65.29,69.66,63.12
2785000,79.02,63.08,65.34,69.67,62.36
2786000,80.72,61.71,65.54,70.85,60.39
2787000,80.01,61.59,65.53,70.86,60.1
2788000,79.78,62.31,65.25,71.11,60.14
2789000,80.25,63.27,64.31,73.07,60.29
2790000,79.48,64.3,63.69,73.59,60.03
2791000,80.16,64.3,64.66,73.67,60.28
2792000,79.69,65.28,63.7,74.1,60.38
2793000,78.11,65.38,63.89,73.11,59.58
2794000,78.11,65.23,62.98,72.11,59.08
2795000,79.09,65.87,62.82,72.48,60.27
2796000,79.33,64.97,63.54,73.01,60.02
2797000,80.2,64.97,64.22,71.17,60.64
2798000,79.97,66.36,64.62,71.52,60.14
2799000,78.65,66.33,62.94,72.15,60.94
2800000,78.65,66.34,64.22,71.5,60.16
2801000,80.09,67.64,63.46,70.76,59.34
2802000,80.97,66.51,63.46,70.02,59.63
2803000,81.21,66.46,63.46,71.28,59.87
2804000,82.29,67.27,61.67,71.07,60.37
2805000,81.74,68.61,62.32,70.65,59.35
2806000,82.3,68.7,62.68,70.15,58.84
2807000,81.63,69.33,61.92,70.98,59.28
2808000,81.39,69.33,63.06,71.7,59.72
2809000,80.91,69.66,62.81,72.16,60.48
2810000,82.04,67.25,63.07,73.11,60.26
2811000,83.69,68.14,61.17,72.3,60.87
2812000,83.81,68.16,61.45,71.13,61.06
2813000,84.91,68.15,60.15,70.87,60.73
2814000,83.18,67.89,60.15,72.18,60.2
2815000,83.18,68.04,61.59,71.74,60.57
2816000,81.97,67.67,58.79,71.27,60.84
2817000,81.06,67.08,56.76,69.13,60.9
2818000,82.11,67.34,56.78,68.2,58.48
2819000,81.34,67.34,56.55,67.55,57.92
2820000,82.41,68.05,56.74,65.31,58.04
2821000,83.09,65.8,53.78,64.39,58.38
2822000,80.35,64.7,54.32,63.54,58.81
2823000,79.86,64.37,54.33,61.49,58.81
2824000,78.88,64.36,55.72,60.81,59.18
2825000,78.61,65.09,55.59,58.34,59.13
2826000,76.94,63.88,54.89,58.34,59.61
2827000,76.69,64.51,54.88,57.85,60.25
2828000,77.89,65.58,56.09,57.93,59.03
2829000,76.71,65.12,56.26,58.51,59.84
2830000,77.23,66.23,56.28,57.98,59.93
2831000,75.03,66.8,56.65,56.91,59.93
2832000,76.21,66.8,54.62,57.62,61.99
2833000,76.21,68.36,54.51,57.73,62.43
2834000,77.71,67.38,53.93,56.22,62.52
2835000,77.69,67.27,53.41,55.22,63.38
2836000,77.18,68.31,52.61,55.19,63.36
2837000,78.28,68.85,51.59,56.18,63.81
2838000,78.13,68.81,52.78,56.71,64.3
2839000,76.95,69.47,53.54,57.19,65.48
2840000,77.19,69.72,52.38,57.66,66.23
2841000,78.87,69.23,51.99,58.61,65.71
2842000,78.86,68.58,51.23,57.87,65.52
2843000,79.04,67.85,52.47,56.88,65.79
2844000,79.04,67.85,51.13,56.88,65.45
2845000,77.64,68.11,50.37,57.62,64.5
2846000,73.8,67.91,49.85,58.34,64.57
2847000,74.59,65.89,49.62,59.79,63.88
2848000,75.57,65.21,49.81,59.26,64.32
2849000,75.51,63.6,49.13,60.83,63.97
2850000,75.75,63.84,49.35,60.59,64.7
2851000,73.84,63.79,48.61,60.06,63.79
2852000,74.77,65.01,49.19,60.06,64.54
2853000,75.97,64.29,49.4,59.28,65.47
2854000,75.35,61.17,50.32,59.12,65.9
2855000,75.34,61.64,51.19,58.34,64.98
2856000,77.48,62.3,52.1,58.31,65.34
2857000,77.26,63.59,52.09,57.39,66.11
2858000,78.69,64.56,52.1,56.55,66.1
2859000,78.45,66.47,53.05,56.9,67.24
2860000,77.47,67.36,52.89,57.08,66.88
2861000,76.52,67.71,53.0,57.78,66.78
2862000,76.99,67.45,52.73,58.69,66.26
2863000,77.71,67.45,52.05,59.3,66.3
2864000,78.2,69.76,51.9,59.5,65.4
2865000,78.92,70.01,51.64,60.48,65.28
2866000,79.92,70.98,51.38,61.57,65.79
2867000,79.96,71.48,50.62,62.12,66.06
2868000,79.96,72.07,49.6,62.67,64.2
2869000,81.86,71.49,49.81,62.4,64.37
2870000,82.1,70.36,50.56,63.57,63.69
2871000,82.12,69.28,50.91,63.57,63.42
2872000,78.19,69.72,50.61,65.23,63.77
2873000,78.91,70.52,51.23,66.16,64.0
2874000,78.91,71.29,52.19,65.88,64.74
2875000,79.53,71.22,52.43,66.09,64.03
2876000,80.21,72.42,52.7,66.47,63.34
2877000,80.57,72.03,53.84,65.59,62.72
2878000,79.94,71.17,53.84,63.4,62.89
2879000,79.88,71.84,53.11,63.39,62.5
2880000,79.91,70.18,53.48,63.02,62.61
2881000,79.04,70.99,53.48,63.03,61.07
2882000,79.5,70.31,54.01,63.03,61.16
2883000,80.0,67.95,54.95,63.86,57.84
2884000,80.0,68.4,56.3,64.58,57.16
2885000,80.66,68.83,57.19,65.49,55.99
2886000,79.73,69.2,56.75,66.4,55.39
2887000,81.17,69.94,57.01,67.13,56.05
2888000,82.11,70.59,56.39,65.73,55.82
2889000,82.83,71.61,56.39,64.17,56.03
2890000,82.36,71.59,56.87,63.7,56.41
2891000,82.93,72.78,56.73,64.51,57.43
2892000,82.02,71.46,57.92,64.95,57.67
2893000,83.38,71.69,57.57,64.38,57.35
2894000,83.13,70.96,57.57,65.53,57.19
2895000,82.57,72.41,59.09,62.64,56.72
2896000,82.65,71.76,59.31,62.46,57.07
2897000,83.27,72.74,58.88,62.37,57.38
2898000,82.32,72.51,58.2,60.85,57.08
2899000,82.32,72.75,58.04,60.28,56.37
2900000,81.24,71.72,58.23,61.22,53.6
2901000,82.63,71.75,57.95,60.7,54.44
2902000,80.21,73.1,56.0,60.09,54.03
2903000,79.6,73.93,56.75,60.1,54.61
2904000,80.79,71.61,56.85,60.96,54.26
2905000,80.3,71.18,57.34,60.05,53.57
2906000,81.25,72.14,58.05,59.95,54.24
2907000,81.45,72.62,58.48,59.58,53.87
2908000,80.89,72.99,58.5,59.36,53.65
2909000,81.15,72.99,58.08,59.44,54.03
2910000,81.41,73.15,56.6,59.83,54.26
2911000,81.41,73.15,57.77,60.34,54.26
2912000,81.94,72.38,56.64,61.27,55.37
2913000,82.44,72.38,56.75,59.92,56.16
2914000,81.49,72.45,57.19,60.66,56.95
2915000,79.0,72.45,57.52,60.67,57.42
2916000,78.53,73.56,58.78,60.31,58.13
2917000,78.9,73.88,58.96,59.19,59.09
2918000,78.65,72.3,58.98,58.89,59.62
2919000,80.58,71.32,59.94,58.89,59.83
2920000,80.2,69.53,61.27,59.24,59.7
2921000,81.38,69.09,60.73,59.96,58.75
2922000,81.34,70.71,60.51,59.98,58.5
2923000,80.04,70.41,61.08,60.23,58.97
2924000,80.75,69.81,61.33,61.15,59.11
2925000,79.66,69.08,61.04,61.39,58.75
2926000,78.9,68.86,61.13,62.76,59.66
2927000,78.12,69.66,57.31,63.82,60.14
2928000,77.66,70.79,56.6,64.75,59.46
2929000,77.48,71.24,57.44,65.73,60.88
2930000,78.44,71.72,55.95,65.26,60.15
2931000,80.04,71.72,56.51,65.51,60.72
2932000,81.14,72.12,56.97,66.45,61.43
2933000,81.28,72.35,56.97,65.56,60.83
2934000,80.52,72.11,57.85,65.05,61.58
2935000,81.03,72.67,56.51,64.63,60.49
2936000,81.48,72.78,56.43,63.5,59.52
2937000,81.68,73.69,56.01,64.05,59.56
2938000,81.23,75.0,53.81,64.61,60.22
2939000,80.48,76.2,54.5,65.18,59.88
2940000,81.89,76.02,54.59,65.54,59.58
2941000,80.63,76.2,53.69,65.27,59.1
2942000,80.63,76.4,53.45,65.46,59.51
2943000,80.25,77.44,52.4,65.48,59.59
2944000,79.54,77.14,53.38,65.64,58.72
2945000,80.58,77.99,54.02,65.42,59.42
2946000,81.57,77.52,54.02,66.08,59.75
2947000,78.44,76.44,53.62,65.82,59.81
2948000,78.19,76.67,53.37,65.92,61.16
2949000,78.69,75.95,53.11,67.06,61.92
2950000,80.15,76.35,54.33,66.83,61.87
2951000,80.28,76.41,55.27,65.87,62.52
2952000,80.28,76.41,56.17,66.79,61.59
2953000,80.81,77.47,56.37,66.05,60.67
2954000,80.81,77.47,55.73,66.3,59.78
2955000,82.49,77.47,57.19,65.91,59.06
2956000,82.74,78.08,58.3,66.63,58.6
2957000,83.76,78.02,58.37,66.64,56.97
2958000,82.74,78.89,58.84,66.3,58.17
2959000,83.22,77.45,59.64,66.54,58.4
2960000,84.68,77.04,59.79,66.77,57.92
2961000,85.07,78.64,59.32,66.18,57.64
2962000,84.59,78.72,59.8,65.78,56.94
2963000,86.3,80.74,59.16,64.91,56.46
2964000,84.97,78.0,56.59,65.9,55.83
2965000,85.05,78.25,56.81,66.41,55.94
2966000,86.62,79.73,56.33,66.13,56.56
2967000,87.23,80.35,57.94,66.14,57.04
2968000,86.34,80.35,58.71,65.89,57.05
2969000,87.29,79.37,58.3,67.29,57.35
2970000,88.56,79.87,58.18,67.21,56.86
2971000,88.56,80.61,58.32,67.43,56.17
2972000,89.94,78.15,58.99,68.6,55.96
2973000,91.42,78.62,59.53,67.75,56.4
2974000,92.37,78.09,59.96,68.77,56.4
2975000,92.37,78.82,60.08,68.37,56.43
2976000,93.36,78.82,60.38,69.08,55.97
2977000,94.16,77.5,60.47,69.39,56.1
2978000,94.51,77.24,59.72,69.48,56.72
2979000,94.56,77.53,59.39,70.04,56.98
2980000,94.59,78.26,60.34,68.54,56.16
2981000,95.04,78.48,61.4,69.06,57.25
2982000,95.45,79.2,59.74,68.34,58.32
2983000,94.73,78.57,60.18,69.06,57.98
2984000,94.25,79.9,60.18,67.91,58.52
2985000,95.71,80.1,61.54,68.13,57.3
2986000,96.25,80.91,62.61,68.1,57.12
2987000,96.22,82.18,62.61,66.93,57.64
2988000,96.22,82.91,62.76,67.68,57.93
2989000,96.93,82.38,63.58,68.05,57.46
2990000,94.03,81.1,64.03,68.97,56.86
2991000,94.99,81.85,64.29,68.4,56.4
2992000,93.92,81.36,65.13,67.29,56.5
2993000,92.32,81.33,64.96,67.29,56.29
2994000,92.87,80.79,62.41,65.82,56.24
2995000,91.98,79.83,62.78,66.66,56.38
2996000,91.08,80.92,62.79,67.45,56.72
2997000,89.39,78.68,62.64,67.47,56.48
2998000,88.83,77.48,61.26,67.47,57.13
2999000,89.04,79.58,61.45,68.69,56.31
3000000,89.2,79.58,61.87,68.49,56.85
3001000,90.05,79.5,62.85,68.37,56.85
3002000,88.82,78.82,60.78,68.83,57.77
3003000,89.39,78.82,59.19,68.6,58.34
3004000,90.1,78.82,58.17,69.43,59.24
3005000,89.56,80.12,56.92,69.16,59.38
3006000,91.0,81.59,57.06,69.51,59.87
3007000,89.81,81.84,57.02,70.38,59.56
3008000,90.26,82.32,58.23,69.29,59.8
3009000,89.72,83.03,58.49,70.51,60.05
3010000,90.73,83.5,59.19,71.36,60.01
3011000,92.36,83.25,57.98,71.36,61.31
3012000,92.13,83.03,57.93,71.68,61.55
3013000,92.12,82.65,58.41,72.72,62.51
3014000,91.64,82.03,58.11,71.38,62.36
3015000,92.63,82.03,58.1,71.13,60.94
3016000,93.25,80.5,58.48,71.15,60.12
3017000,93.94,81.05,58.51,70.66,60.35
3018000,92.97,80.19,58.73,70.63,61.7
3019000,92.92,80.88,57.8,70.15,62.26
3020000,92.92,81.79,58.69,70.57,62.46
3021000,94.1,81.93,59.24,70.81,62.7
3022000,95.04,82.14,59.7,69.14,62.93
3023000,94.04,82.13,60.68,69.31,63.89
3024000,91.87,83.57,61.37,70.37,63.99
3025000,91.91,82.96,60.83,68.94,62.54
3026000,90.54,83.91,59.78,69.81,62.81
3027000,90.77,85.36,60.79,68.39,63.16
3028000,89.65,85.56,61.55,68.79,63.16
3029000,90.06,85.77,61.6,67.51,63.36
3030000,88.36,86.15,62.31,68.15,63.6
3031000,89.37,85.42,61.78,68.25,64.18
3032000,88.27,85.42,59.38,67.77,64.42
3033000,89.23,86.84,59.4,68.77,64.2
3034000,88.75,87.32,60.02,68.35,63.39
3035000,88.71,85.05,60.47,68.81,64.03
3036000,88.46,85.44,60.22,67.36,63.86
3037000,87.04,86.12,61.17,66.4,64.47
3038000,87.03,85.44,61.44,65.95,65.2
3039000,84.41,85.91,61.94,67.12,65.24
3040000,84.41,84.97,62.1,65.76,65.91
3041000,83.75,86.17,62.56,65.23,66.62
3042000,83.7,84.54,63.48,65.61,66.71
3043000,83.44,84.93,63.31,66.63,66.84
3044000,83.68,83.51,63.46,66.36,67.34
3045000,82.87,83.08,63.46,66.16,66.95
3046000,83.11,82.79,61.62,66.36,66.74
3047000,81.64,83.26,60.34,67.25,67.65
3048000,82.39,83.32,61.2,67.72,67.32
3049000,82.64,82.19,61.89,66.86,67.3
3050000,83.79,82.19,62.76,66.58,66.67
3051000,81.97,80.78,62.76,66.69,67.85
3052000,82.93,80.73,63.69,67.69,67.19
3053000,84.54,81.69,64.37,68.58,67.91
3054000,85.69,82.45,64.55,68.26,68.83
3055000,85.69,82.14,64.42,68.54,69.35
3056000,86.47,82.04,63.46,68.67,69.91
3057000,87.9,81.43,63.94,67.95,71.3
3058000,88.38,81.63,64.33,67.63,71.54
3059000,89.12,82.83,63.98,66.73,71.8
3060000,90.29,81.84,61.52,64.37,71.64
3061000,91.75,80.84,62.41,64.62,70.99
3062000,91.24,80.43,62.92,64.16,71.95
3063000,91.23,78.09,63.03,65.66,72.68
3064000,91.24,79.71,62.06,64.83,72.99
3065000,91.24,78.55,61.97,65.71,72.69
3066000,92.86,78.31,63.02,65.22,72.63
3067000,93.35,76.75,63.46,65.48,72.83
3068000,94.41,77.47,61.46,65.56,74.02
3069000,94.4,77.32,61.86,64.55,72.25
3070000,95.79,77.52,61.52,64.64,71.55
3071000,94.83,78.26,60.71,65.51,72.47
3072000,95.92,78.77,59.87,64.78,72.71
3073000,95.93,78.64,60.23,65.54,73.43
3074000,95.93,78.78,58.79,66.55,74.82
3075000,97.21,78.19,58.89,67.81,74.82
3076000,97.21,76.82,59.63,67.84,76.72
3077000,99.39,76.85,60.48,67.87,73.65
3078000,98.67,77.09,59.17,68.83,73.69
3079000,99.64,75.99,58.86,67.76,73.71
3080000,98.83,75.35,58.16,68.12,71.92
3081000,99.07,74.49,57.71,67.64,72.35
3082000,100.48,74.71,57.65,65.73,72.86
3083000,100.48,73.24,57.42,65.45,73.4
3084000,101.44,72.57,57.56,66.15,74.57
3085000,101.49,73.64,56.36,65.34,74.69
3086000,101.99,74.01,56.1,65.57,74.69
3087000,101.99,73.05,56.94,66.11,75.65
3088000,102.28,73.07,57.61,66.34,76.31
3089000,102.98,73.58,58.59,67.62,76.18
3090000,102.07,73.24,58.99,67.6,76.68
3091000,100.84,73.88,59.53,67.6,75.87
3092000,99.39,73.88,60.66,68.3,74.82
3093000,96.97,72.06,59.72,69.23,75.12
3094000,94.62,71.73,59.74,69.95,74.72
3095000,94.62,72.1,58.85,69.95,75.93
3096000,95.4,73.64,57.57,70.43,75.89
3097000,95.42,72.44,56.49,69.25,75.74
3098000,97.35,72.92,55.68,70.67,75.75
3099000,96.07,73.75,54.67,71.75,76.46
3100000,96.06,74.0,55.25,70.79,76.46
3101000,94.88,74.0,55.25,70.12,75.82
3102000,96.06,74.58,57.05,69.69,75.8
3103000,97.2,74.84,57.29,69.46,74.54
3104000,97.2,74.7,58.58,67.68,75.26
3105000,98.14,74.68,57.22,66.31,74.78
3106000,97.93,73.97,58.67,65.34,75.27
3107000,96.6,75.7,57.09,65.28,75.43
3108000,96.77,76.2,57.59,65.22,75.5
3109000,97.2,76.94,57.96,66.47,75.64
3110000,96.5,75.26,57.49,66.73,74.38
3111000,96.74,75.64,57.97,67.9,75.07
3112000,96.74,76.22,56.94,68.44,75.43
3113000,97.69,76.21,56.94,69.7,74.97
3114000,98.17,76.21,57.55,69.61,74.96
3115000,98.24,76.89,57.86,66.91,74.58
3116000,98.22,77.39,58.36,67.61,74.41
3117000,98.86,76.19,58.37,69.15,74.61
3118000,98.36,76.96,57.98,70.11,75.07
3119000,99.46,77.66,56.66,70.17,75.53
3120000,100.96,77.98,56.66,70.42,75.51
3121000,100.96,78.19,57.52,69.43,75.75
3122000,101.69,77.51,57.88,70.31,74.81
3123000,102.68,77.51,59.37,69.93,73.32
3124000,103.91,76.45,60.05,70.28,73.72
3125000,103.98,78.37,60.83,69.55,71.36
3126000,101.9,77.67,59.67,68.54,71.12
3127000,102.76,75.49,60.13,66.43,72.26
3128000,101.12,72.79,59.57,66.43,72.28
3129000,101.09,73.03,60.94,66.52,72.61
3130000,99.61,73.6,59.82,66.44,71.94
3131000,98.82,73.8,60.29,66.59,70.97
3132000,99.28,73.23,59.24,66.15,70.26
3133000,99.46,72.29,59.18,67.13,70.24
3134000,99.49,73.11,59.18,68.04,71.63
3135000,98.24,73.11,59.16,66.08,71.54
3136000,98.23,74.02,59.16,66.09,71.75
3137000,94.83,73.54,60.35,67.3,72.81
3138000,93.88,74.03,60.3,66.62,72.45
3139000,95.17,75.07,60.15,66.84,71.28
3140000,95.65,76.45,60.15,66.83,72.45
3141000,95.39,74.94,60.73,66.97,71.78
3142000,95.39,75.77,60.53,67.23,69.54
3143000,95.31,73.38,61.21,66.08,69.31
3144000,96.22,73.43,62.34,67.23,68.91
3145000,96.58,73.88,62.43,67.23,68.67
3146000,96.58,75.04,62.96,67.73,69.58
3147000,97.09,74.23,63.52,66.01,70.29
3148000,96.31,74.7,61.41,66.07,70.76
3149000,96.04,75.74,61.35,67.21,71.32
3150000,97.36,76.7,60.83,66.28,72.13
3151000,95.87,76.96,61.28,66.79,71.84
3152000,96.77,77.83,60.68,67.04,71.55
3153000,96.77,76.96,60.99,67.96,71.16
3154000,98.21,77.43,62.36,67.8,71.14
3155000,96.1,76.59,61.48,68.75,71.38
3156000,96.09,76.82,62.58,69.1,71.39
3157000,97.07,76.74,61.14,69.58,70.88
3158000,97.57,76.74,62.4,69.32,71.06
3159000,97.57,75.94,62.64,69.32,71.47
3160000,99.09,76.58,62.88,70.04,71.84
3161000,97.08,75.79,64.5,70.89,72.85
3162000,97.2,76.74,65.43,71.66,72.22
3163000,98.1,75.5,64.71,72.07,72.93
3164000,98.13,76.06,64.71,71.52,71.36
3165000,99.23,75.92,66.17,71.75,70.89
3166000,99.94,74.72,65.69,70.44,71.44
3167000,99.9,75.54,65.91,71.41,72.16
3168000,100.88,74.47,65.85,71.86,73.08
3169000,102.11,73.76,67.62,71.18,72.78
3170000,101.22,73.22,67.46,71.18,73.46
3171000,101.2,73.19,68.58,72.31,74.32
3172000,102.32,72.96,69.51,73.51,74.29
3173000,102.6,71.96,68.8,74.66,75.44
3174000,102.6,71.86,69.82,71.13,75.11
3175000,102.73,71.21,68.67,70.9,74.61
3176000,102.73,70.19,67.99,72.13,75.84
3177000,103.91,68.97,67.87,71.37,75.84
3178000,105.26,69.32,67.53,71.27,74.64
3179000,105.26,69.91,67.26,72.34,73.48
3180000,104.78,70.93,67.1,71.8,73.95
3181000,105.44,70.61,68.34,71.43,73.39
3182000,103.31,71.33,68.33,72.48,73.26
3183000,103.31,71.19,69.36,72.36,73.57
3184000,105.16,71.19,69.14,73.78,74.27
3185000,105.39,72.71,69.6,72.43,75.5
3186000,106.46,73.01,69.25,72.08,75.5
3187000,106.25,73.35,69.73,72.79,74.22
3188000,106.25,73.99,69.73,73.96,73.89
3189000,107.56,73.15,69.56,73.74,74.84
3190000,108.5,74.12,70.25,74.04,73.7
3191000,109.45,72.89,70.0,74.06,74.41
3192000,109.67,72.9,70.96,75.14,73.26
3193000,108.48,73.31,69.76,76.36,72.31
3194000,109.57,73.06,70.33,76.59,71.12
3195000,108.59,72.7,70.72,75.54,72.01
3196000,108.05,72.7,72.08,76.02,72.94
3197000,108.07,73.58,70.45,76.13,71.01
3198000,109.02,74.49,71.14,75.92,71.66
3199000,105.24,73.31,71.87,75.92,71.64
3200000,103.02,74.34,71.27,76.79,70.37
3201000,103.02,73.9,71.91,77.41,67.5
3202000,103.19,73.62,71.36,77.92,66.46
3203000,103.57,71.98,72.07,76.9,66.84
3204000,103.65,70.14,72.79,76.82,67.2
3205000,103.68,67.19,73.41,76.73,67.2
3206000,103.22,68.37,74.45,77.64,68.25
3207000,104.18,69.4,74.44,76.34,68.77
3208000,104.47,69.4,75.32,76.34,68.29
3209000,103.47,69.16,73.41,76.49,68.96
3210000,104.0,67.81,74.38,75.76,69.14
3211000,104.0,68.33,74.31,76.44,67.35
3212000,104.59,68.64,75.02,75.39,67.74
3213000,104.84,68.96,73.85,76.11,68.0
3214000,104.16,68.2,71.58,76.39,67.58
3215000,105.05,68.68,67.59,76.39,66.68
3216000,106.24,68.67,68.71,77.0,67.44
3217000,107.91,68.54,67.84,77.0,67.88
3218000,106.29,68.19,68.03,77.77,68.56
3219000,105.62,68.03,68.16,77.62,69.83
3220000,105.6,68.27,68.14,76.68,69.83
3221000,105.6,67.79,68.14,76.26,69.46
3222000,106.87,69.24,68.91,76.74,68.96
3223000,106.71,67.78,67.25,77.36,65.63
3224000,104.7,68.25,66.88,77.37,64.69
3225000,104.52,69.76,65.99,77.75,64.93
3226000,104.55,68.68,65.12,77.03,65.16
3227000,103.56,69.29,65.81,76.55,64.54
3228000,104.77,69.83,66.5,77.94,64.31
3229000,104.21,71.03,66.08,78.43,64.81
3230000,103.98,71.03,64.55,77.59,63.64
3231000,103.98,72.73,63.71,76.66,63.87
3232000,104.65,71.95,63.06,75.97,64.68
3233000,105.38,71.12,64.02,76.69,64.84
3234000,103.2,71.2,64.92,77.85,65.21
3235000,101.77,72.13,63.89,79.27,64.77
3236000,102.05,72.39,63.59,79.63,65.13
3237000,102.72,72.09,63.6,78.77,63.73
3238000,101.86,71.65,63.37,78.57,64.94
3239000,102.67,71.65,63.19,78.68,64.94
3240000,103.67,72.2,63.19,77.46,66.41
3241000,101.78,69.76,64.92,77.19,66.64
3242000,102.72,66.82,64.97,76.51,66.63
3243000,102.67,66.64,64.83,76.61,65.83
3244000,102.52,65.85,64.45,76.9,66.04
3245000,101.99,65.92,64.62,76.86,66.26
3246000,102.82,65.06,64.47,76.25,67.19
3247000,99.13,66.62,63.96,76.59,66.79
3248000,99.5,66.62,64.67,76.34,66.14
3249000,99.45,66.89,65.4,76.34,66.34
3250000,97.58,68.16,65.61,77.03,66.79
3251000,97.31,66.12,66.3,75.59,66.29
3252000,97.07,66.81,66.59,73.81,66.29
3253000,96.82,67.48,65.38,72.62,67.44
3254000,96.11,67.04,64.58,73.27,68.02
3255000,96.16,67.86,65.22,72.61,68.18
3256000,96.16,68.86,64.11,72.39,68.28
3257000,95.94,69.85,64.43,72.36,67.11
3258000,92.87,68.19,62.81,71.25,67.95
3259000,88.7,66.91,62.34,70.94,67.54
3260000,88.06,67.14,63.53,70.94,67.78
3261000,87.33,67.48,63.31,70.64,68.13
3262000,87.35,66.95,64.32,70.36,65.77
3263000,87.2,65.91,64.51,70.36,65.23
3264000,87.47,66.46,65.85,71.22,65.23
3265000,88.44,66.12,64.87,71.12,65.7
3266000,87.5,66.44,63.84,71.23,66.35
3267000,87.6,66.93,64.24,72.27,67.29
3268000,86.4,66.7,61.84,72.27,67.97
3269000,87.72,67.65,61.33,70.85,69.32
3270000,86.61,69.24,61.54,71.37,69.16
3271000,86.77,69.24,62.73,70.8,69.18
3272000,86.8,69.8,62.7,70.4,66.96
3273000,87.08,68.74,62.72,71.77,66.27
3274000,84.36,66.64,63.49,71.62,67.1
3275000,84.53,67.61,64.63,71.62,68.25
3276000,85.01,65.58,62.95,71.74,67.76
3277000,84.97,65.58,62.55,70.62,69.17
3278000,82.6,66.98,63.62,70.14,69.65
3279000,83.27,65.77,63.76,70.29,70.53
3280000,82.53,65.77,64.48,69.67,71.04
3281000,79.83,67.36,63.65,68.33,70.66
3282000,79.75,67.11,63.2,68.05,71.26
3283000,80.55,67.57,62.54,68.54,70.29
3284000,80.97,66.93,62.54,69.64,71.01
3285000,80.2,66.86,63.68,69.17,71.03
3286000,80.0,66.86,63.87,67.19,72.39
3287000,81.2,63.78,64.02,67.69,72.35
3288000,81.2,64.75,63.15,67.69,71.4
3289000,82.63,65.09,63.37,68.01,72.32
3290000,82.63,66.4,63.71,69.59,72.29
3291000,84.07,66.58,62.49,68.76,72.29
3292000,83.79,67.78,60.88,69.64,73.26
3293000,82.85,69.59,61.1,71.0,73.75
3294000,83.32,70.31,60.99,71.29,73.74
3295000,83.32,70.65,60.17,71.13,74.18
3296000,83.57,70.65,58.98,70.49,73.67
3297000,84.8,72.3,58.73,70.49,72.71
3298000,84.58,73.77,59.43,72.13,72.11
3299000,84.12,73.77,60.15,72.53,72.15
3300000,82.75,75.22,59.9,72.41,71.59
3301000,82.75,75.66,59.17,73.38,72.07
3302000,83.44,75.17,59.93,73.68,71.63
3303000,83.94,75.09,59.99,73.56,70.69
3304000,85.36,75.17,59.99,74.1,71.71
3305000,84.24,75.88,62.21,73.11,72.23
3306000,83.17,75.39,61.72,73.11,72.25
3307000,83.35,76.04,62.41,74.11,73.44
3308000,84.31,76.07,61.78,74.8,74.39
3309000,84.43,76.79,61.72,76.32,75.03
3310000,84.43,76.79,60.91,76.44,75.76
3311000,86.01,76.57,61.35,78.22,75.37
3312000,87.27,77.28,62.08,77.5,75.6
3313000,87.34,77.89,63.91,77.0,75.84
3314000,87.91,77.72,65.07,76.41,75.63
3315000,87.7,78.43,65.55,76.22,75.98
3316000,87.96,77.86,65.15,76.18,76.94
3317000,86.27,78.25,65.87,77.28,75.12
3318000,86.59,79.1,66.34,76.33,75.12
3319000,86.98,79.13,67.08,75.74,75.75
3320000,87.95,78.55,67.3,74.62,76.67
3321000,86.82,79.79,67.27,73.67,77.29
3322000,86.79,80.13,67.7,75.09,78.45
3323000,87.27,78.88,68.01,74.35,78.96
3324000,87.73,77.89,68.58,73.62,79.82
3325000,87.73,78.57,67.77,74.33,80.14
3326000,89.01,77.61,68.01,74.44,78.09
3327000,90.44,75.38,69.28,74.82,75.13
3328000,90.5,76.58,70.0,75.95,76.1
3329000,89.72,76.74,70.35,75.1,76.1
3330000,90.23,76.41,71.19,74.39,76.4
3331000,90.97,76.95,69.63,74.06,77.17
3332000,90.96,78.3,70.46,74.99,76.19
3333000,91.41,78.07,71.88,75.41,74.91
3334000,92.11,78.65,71.64,75.62,73.73
3335000,91.51,78.65,70.65,75.72,72.56
3336000,90.43,81.34,71.05,76.45,71.86
3337000,89.77,79.15,69.0,76.32,72.76
3338000,90.5,79.51,68.6,75.62,71.47
3339000,90.49,77.1,69.32,74.95,71.09
3340000,90.09,79.01,69.09,76.09,71.26
3341000,89.33,78.8,68.31,75.15,70.38
3342000,90.29,78.76,69.07,75.37,70.66
3343000,91.21,78.97,70.74,75.96,71.37
3344000,90.41,80.18,70.78,76.89,70.75
3345000,91.35,80.28,70.64,76.52,71.58
3346000,91.83,81.49,72.05,77.1,68.74
3347000,91.71,81.1,71.81,77.08,67.62
3348000,92.42,81.28,71.81,76.44,67.64
3349000,93.39,82.13,70.71,76.76,68.58
3350000,93.11,81.94,71.78,76.52,69.0
3351000,93.87,81.57,71.78,75.95,69.46
3352000,93.87,81.24,72.47,76.8,69.06
3353000,93.64,80.83,72.25,75.64,69.54
3354000,93.29,80.6,70.99,76.6,70.0
3355000,94.53,78.43,70.73,77.8,70.03
3356000,90.25,78.43,70.96,78.03,69.39
3357000,89.29,77.81,70.18,77.07,71.24
3358000,88.81,76.79,70.17,76.89,71.48
3359000,89.41,76.11,71.37,76.89,70.39
3360000,89.41,73.9,71.1,79.01,69.0
3361000,89.64,73.92,72.0,78.82,68.36
3362000,89.85,72.9,72.15,77.07,68.41
3363000,89.36,71.24,70.97,76.36,68.44
3364000,87.79,72.02,68.76,76.82,68.14
3365000,88.45,73.14,68.7,73.6,68.31
3366000,89.41,72.45,68.7,74.44,67.59
3367000,90.34,73.34,69.75,73.28,68.81
3368000,90.46,70.68,69.32,74.45,69.96
3369000,90.35,71.77,69.23,72.05,70.26
3370000,89.89,71.34,69.47,70.68,68.87
3371000,89.67,71.47,69.23,70.86,69.87
3372000,89.17,71.71,69.0,70.94,68.47
3373000,89.17,71.6,70.21,70.55,67.22
3374000,90.85,70.89,70.46,70.9,64.27
3375000,90.16,71.93,70.12,70.96,63.87
3376000,89.96,72.77,71.0,71.31,64.66
3377000,89.91,72.55,71.0,71.24,65.31
3378000,87.69,72.55,71.5,71.54,66.4
3379000,87.69,74.61,70.09,70.58,67.4
3380000,88.12,73.52,69.26,71.32,68.32
3381000,88.29,73.6,70.25,67.38,68.92
3382000,88.29,74.18,69.41,67.63,66.66
3383000,89.91,72.34,70.18,68.62,65.49
3384000,89.7,72.26,70.17,68.14,66.46
3385000,91.31,72.86,69.18,68.42,66.56
3386000,91.73,73.81,69.18,68.47,66.35
3387000,91.63,74.85,70.33,66.84,67.28
3388000,90.58,73.75,70.33,67.13,67.83
3389000,90.7,71.62,71.95,66.51,68.53
3390000,90.74,72.14,72.48,67.48,67.46
3391000,90.99,72.43,73.4,68.52,67.46
3392000,91.38,73.08,73.0,67.49,69.69
3393000,91.85,73.71,73.41,67.49,69.46
3394000,91.62,72.81,72.66,68.44,69.87
3395000,90.6,73.3,73.1,68.22,69.32
3396000,90.3,72.05,73.45,67.27,70.26
3397000,91.31,72.05,71.72,66.21,69.86
3398000,91.65,74.83,71.96,65.73,69.87
3399000,91.78,74.02,72.91,66.19,68.75
3400000,90.35,72.22,71.49,64.44,68.99
3401000,89.87,72.73,71.67,65.07,69.86
3402000,90.33,73.93,71.87,65.55,70.02
3403000,89.79,74.94,70.87,65.61,71.94
3404000,90.67,75.39,71.69,63.9,72.14
3405000,90.37,75.64,71.95,63.33,71.81
3406000,91.04,75.86,71.21,64.26,72.05
3407000,89.4,76.05,71.69,64.26,71.76
3408000,89.84,76.75,71.06,66.33,71.54
3409000,91.06,77.55,70.67,67.07,70.81
3410000,90.73,77.58,70.66,65.82,69.71
3411000,90.51,77.58,69.62,66.32,68.45
3412000,91.69,78.78,68.24,66.2,68.69
3413000,91.92,78.78,67.49,67.11,68.9
3414000,91.94,78.21,67.72,67.6,69.31
3415000,92.4,78.21,68.04,67.19,67.91
3416000,92.48,79.0,69.07,67.41,67.61
3417000,92.97,79.57,70.48,68.26,68.25
3418000,92.28,79.57,68.92,67.91,67.67
3419000,90.57,81.08,69.62,68.56,67.9
3420000,88.46,81.87,70.8,67.11,66.3
3421000,87.14,83.01,70.43,67.52,66.06
3422000,88.3,83.02,70.91,69.28,66.54
3423000,88.06,84.24,72.38,70.3,67.91
3424000,87.58,84.24,73.1,71.34,68.52
3425000,86.57,85.44,72.82,69.79,69.25
3426000,84.4,86.4,71.4,70.21,69.46
3427000,84.71,88.31,70.13,70.83,69.9
3428000,84.25,88.79,69.99,70.83,70.77
3429000,83.22,89.68,69.12,71.86,71.78
3430000,81.3,89.89,69.31,73.03,71.3
3431000,82.47,89.04,70.2,71.3,72.47
3432000,82.71,89.76,70.2,72.03,73.09
3433000,81.34,91.15,71.14,71.66,74.37
3434000,79.66,90.49,72.34,71.85,72.64
3435000,80.41,91.46,72.51,71.99,72.83
3436000,81.34,92.58,73.12,72.54,73.77
3437000,80.46,92.51,73.12,73.48,72.51
3438000,81.28,93.67,74.43,74.82,73.41
3439000,81.28,91.74,75.18,73.85,72.83
3440000,80.78,91.2,73.8,74.16,73.39
3441000,78.75,90.4,74.28,73.72,75.15
3442000,78.27,91.2,73.22,72.77,75.97
3443000,77.72,90.35,72.26,73.49,76.65
3444000,76.66,90.99,72.74,73.23,77.62
3445000,76.59,90.27,71.67,74.04,77.35
3446000,74.9,90.39,70.24,71.44,77.66
3447000,76.73,90.74,69.43,72.41,78.32
3448000,75.53,90.74,68.47,73.37,76.04
3449000,76.46,92.71,68.94,74.77,76.51
3450000,77.43,92.71,69.17,74.62,77.4
3451000,78.58,92.51,68.43,73.0,77.43
3452000,77.26,92.44,70.03,72.58,78.83
3453000,78.23,92.11,70.46,73.23,76.71
3454000,78.3,90.05,71.23,72.33,75.54
3455000,78.3,91.33,69.96,72.0,75.89
3456000,78.59,90.57,70.4,72.0,76.14
3457000,77.76,90.36,68.37,73.13,76.02
3458000,77.76,89.51,68.07,72.15,76.46
3459000,79.2,88.75,67.5,72.78,76.3
3460000,80.52,89.28,69.41,70.44,77.4
3461000,80.52,89.98,68.32,68.21,78.36
3462000,82.88,90.2,68.32,67.18,77.49
3463000,82.37,88.46,69.36,67.88,78.2
3464000,82.37,87.56,69.61,66.77,77.54
3465000,83.26,85.85,69.55,66.68,77.0
3466000,84.88,85.85,70.1,67.12,76.92
3467000,84.88,86.14,70.82,67.36,74.91
3468000,85.37,85.66,71.53,68.28,75.5
3469000,86.57,86.78,72.23,66.43,76.55
3470000,87.66,86.88,70.88,67.92,77.5
3471000,87.23,86.68,70.35,67.91,77.81
3472000,87.21,86.76,70.86,68.51,77.48
3473000,88.05,85.67,69.68,69.23,77.15
3474000,86.97,86.02,69.12,69.05,76.93
3475000,86.36,86.02,68.85,69.05,77.44
3476000,85.9,85.05,67.47,69.93,78.12
3477000,85.11,85.41,68.17,70.17,77.64
3478000,85.99,84.48,68.17,70.14,78.26
3479000,84.77,84.2,69.1,71.22,78.28
3480000,85.0,83.56,69.24,70.97,78.48
3481000,84.53,82.59,69.24,72.15,79.2
3482000,85.05,83.31,69.49,72.79,80.16
3483000,84.93,83.55,71.14,73.12,77.68
3484000,85.42,82.72,70.84,72.97,75.6
3485000,85.42,81.76,69.65,72.28,75.72
3486000,87.05,81.99,67.56,73.14,75.72
3487000,86.61,81.51,67.36,73.91,75.52
3488000,87.56,82.47,66.06,74.73,75.28
3489000,87.56,82.45,66.06,73.07,75.27
3490000,87.82,81.68,67.01,72.53,75.07
3491000,88.25,81.18,67.91,72.54,75.8
3492000,88.25,81.84,67.68,73.38,75.41
3493000,89.22,80.13,68.34,73.59,74.24
3494000,89.98,79.41,69.15,72.76,74.02
3495000,90.76,81.25,69.62,72.53,73.39
3496000,90.81,81.25,70.35,72.6,71.75
3497000,91.16,81.71,69.23,73.79,71.8
3498000,92.49,80.98,70.36,74.95,71.9
3499000,92.49,81.28,70.72,75.17,72.26
3500000,94.58,81.28,71.89,74.66,70.35
3501000,93.41,83.19,72.37,74.82,71.56
3502000,93.24,83.77,72.74,74.82,71.72
3503000,95.19,84.04,73.22,74.98,71.8
3504000,94.4,84.77,74.42,76.1,72.23
3505000,95.18,84.91,74.42,75.69,72.5
3506000,93.5,85.82,75.93,76.08,72.14
3507000,93.5,85.82,76.06,74.54,72.14
3508000,94.3,87.49,76.29,74.61,71.69
3509000,93.62,87.49,76.54,75.95,71.47
3510000,93.62,89.08,77.74,77.49,71.92
3511000,95.35,90.36,76.83,78.42,71.23
3512000,96.25,88.66,77.23,78.75,70.52
3513000,95.89,87.98,77.27,78.21,70.32
3514000,94.47,87.98,78.18,78.22,70.96
3515000,96.07,89.44,79.24,78.75,70.52
3516000,96.3,89.15,79.72,78.24,69.91
3517000,96.3,88.95,80.2,77.05,71.07
3518000,98.08,89.57,80.71,77.73,70.56
3519000,99.53,88.77,81.7,78.02,70.97
3520000,97.74,88.77,80.91,78.75,71.55
3521000,97.74,90.66,81.03,79.98,72.08
3522000,99.9,89.86,81.08,79.98,72.11
3523000,99.24,89.58,81.73,80.55,72.35
3524000,98.46,90.44,81.99,81.52,72.59
3525000,98.67,91.12,82.63,81.09,72.12
3526000,98.38,90.34,83.58,81.34,72.33
3527000,99.34,91.1,84.06,82.25,72.74
3528000,98.38,90.62,83.35,81.39,73.1
3529000,97.9,89.49,83.41,79.63,72.64
3530000,99.3,89.31,83.62,80.97,73.19
3531000,97.63,90.56,84.68,79.63,72.42
3532000,97.63,91.54,84.67,79.2,73.6
3533000,97.01,91.73,85.11,77.35,73.36
3534000,97.27,90.95,85.9,76.68,74.1
3535000,94.51,89.11,86.2,74.61,74.81
3536000,93.31,88.87,86.21,74.17,75.44
3537000,92.14,88.87,86.2,73.36,75.78
3538000,92.14,90.88,86.35,73.1,76.24
3539000,93.05,91.08,87.28,73.13,76.43
3540000,93.51,90.45,87.72,72.79,75.12
3541000,93.52,90.37,87.26,73.02,75.37
3542000,93.52,89.43,85.34,71.98,76.51
3543000,94.91,89.19,85.31,71.17,77.5
3544000,94.99,90.19,84.95,71.1,78.05
3545000,95.56,90.89,82.79,71.09,78.94
3546000,95.79,90.17,82.98,71.13,79.57
3547000,96.27,91.1,83.43,70.3,78.75
3548000,97.29,90.62,83.91,70.01,78.75
3549000,96.95,88.35,84.61,70.41,78.03
3550000,96.81,89.04,85.57,67.79,76.12
3551000,96.98,87.83,85.57,67.54,77.35
3552000,95.76,86.39,85.09,66.41,76.67
3553000,96.85,86.74,84.16,67.41,76.59
3554000,96.17,86.74,83.72,67.88,77.79
3555000,96.77,88.14,85.17,68.19,76.86
3556000,93.19,88.26,85.17,68.19,77.44
3557000,93.79,87.31,85.07,68.26,77.21
3558000,92.61,86.68,84.24,68.77,78.15
3559000,92.61,88.1,85.34,68.34,77.55
3560000,93.93,82.32,85.58,69.12,78.03
3561000,93.74,81.32,86.56,67.03,75.88
3562000,94.69,79.01,87.13,65.85,76.5
3563000,94.69,79.03,87.13,66.64,75.66
3564000,95.64,77.68,87.62,66.7,76.13
3565000,95.88,76.73,87.82,67.18,75.26
3566000,95.65,74.04,88.29,67.07,76.96
3567000,97.18,74.78,89.43,67.39,76.66
3568000,95.5,74.78,89.61,68.59,77.8
3569000,94.17,76.24,88.83,68.07,76.13
3570000,94.17,77.13,87.52,68.09,76.85
3571000,95.54,74.97,88.59,67.59,78.12
3572000,95.18,74.81,89.6,67.69,77.65
3573000,96.11,74.71,89.74,67.61,76.39
3574000,96.18,74.89,87.51,67.02,76.96
3575000,96.18,75.63,85.76,67.26,76.88
3576000,96.8,76.62,86.52,66.15,76.77
3577000,97.1,75.8,87.65,66.48,75.6
3578000,98.27,76.4,87.74,67.19,75.84
3579000,97.68,76.82,87.74,68.12,75.66
3580000,95.51,77.06,87.66,68.32,75.74
3581000,94.61,78.82,87.6,67.95,75.72
3582000,94.48,79.03,88.39,66.83,75.89
3583000,95.44,79.74,87.66,68.02,77.1
3584000,96.03,79.37,88.95,69.23,77.66
3585000,96.76,79.38,89.0,69.71,75.36
3586000,97.34,78.82,89.61,69.74,75.86
3587000,95.29,78.81,90.01,70.8,76.55
3588000,96.46,79.6,89.32,70.43,76.55
3589000,92.97,79.95,88.79,72.0,78.66
3590000,91.37,79.21,88.79,72.71,80.1
3591000,92.15,80.45,88.88,71.79,80.08
3592000,91.47,80.09,89.35,71.78,80.81
3593000,86.04,80.14,88.56,71.3,79.12
3594000,84.19,80.66,88.25,71.83,79.12
3595000,85.28,81.7,86.31,71.73,79.58
3596000,83.49,81.7,86.95,72.24,79.58
3597000,84.93,83.15,87.42,72.83,80.42
3598000,85.12,79.92,86.86,73.82,80.41
3599000,85.12,79.92,86.21,74.06,80.89
3600000,83.73,81.3,85.38,74.01,80.68
3601000,82.21,80.25,85.13,73.91,80.26
3602000,83.26,80.43,86.17,73.79,77.01
3603000,80.57,80.89,85.94,74.25,76.01
3604000,80.87,79.0,84.39,75.67,74.29
3605000,80.59,80.2,84.27,76.07,73.47
3606000,81.07,80.68,83.84,76.1,74.44
3607000,79.25,79.07,83.84,76.13,73.29
3608000,79.57,79.79,85.0,77.08,73.31
3609000,79.43,79.69,85.0,77.23,73.95
3610000,79.42,79.36,86.42,77.53,73.12
3611000,80.8,80.08,87.77,76.06,74.02
3612000,81.06,80.08,88.59,75.87,74.9
3613000,82.47,81.73,88.34,76.57,76.01
3614000,83.67,79.91,88.67,76.11,74.94
3615000,82.89,79.51,88.93,75.77,72.91
3616000,83.37,79.1,86.5,76.48,71.79
3617000,84.26,80.99,86.5,76.01,72.32
3618000,83.55,81.76,87.53,75.61,73.59
3619000,84.09,81.06,85.0,76.85,71.7
3620000,84.8,81.06,83.7,74.31,71.12
3621000,84.8,82.87,83.28,75.5,69.91
3622000,84.7,83.03,81.26,76.57,70.9
3623000,85.29,84.89,76.84,76.23,70.84
3624000,84.58,84.54,76.33,75.55,72.0
3625000,83.02,84.43,76.02,74.82,73.49
3626000,83.5,86.58,75.86,74.89,74.45
3627000,80.81,86.51,75.86,74.83,73.19
3628000,81.05,86.8,76.52,75.66,74.38
3629000,81.76,87.6,75.14,75.62,74.61
3630000,81.76,86.87,75.61,74.72,74.46
3631000,82.27,87.07,75.38,74.9,74.69
3632000,82.75,88.0,76.19,74.22,74.69
3633000,81.43,85.69,76.19,71.25,76.02
3634000,81.66,85.69,76.99,71.46,72.97
3635000,79.96,87.03,76.83,70.47,72.65
3636000,81.39,87.03,75.44,70.7,71.58
3637000,81.31,87.54,75.38,71.98,72.78
3638000,79.74,88.54,76.09,71.22,73.99
3639000,79.57,85.81,74.9,70.28,71.99
3640000,79.18,85.81,72.87,68.83,72.29
3641000,79.18,87.63,71.77,69.08,73.56
3642000,80.13,88.71,73.23,68.84,74.54
3643000,79.54,88.32,73.45,69.4,75.26
3644000,77.64,88.32,74.39,67.74,75.26
3645000,77.42,89.34,74.69,66.05,73.05
3646000,77.16,89.81,73.48,65.32,72.54
3647000,79.06,87.9,73.48,64.55,73.42
3648000,80.63,86.41,74.03,64.34,73.8
3649000,80.63,87.21,73.62,65.07,73.79
3650000,81.81,87.21,73.87,63.88,73.16
3651000,81.81,87.46,74.51,64.6,72.95
3652000,83.8,89.08,74.32,65.36,71.09
3653000,83.39,88.88,73.85,65.38,68.73
3654000,83.39,87.88,73.4,64.92,69.38
3655000,84.24,88.8,73.77,65.4,69.38
3656000,86.09,87.66,72.88,64.55,71.04
3657000,87.46,87.16,72.88,64.56,72.11
3658000,88.42,89.18,73.31,64.32,72.69
3659000,89.56,89.65,73.69,64.79,72.98
3660000,90.05,89.5,74.33,64.59,72.83
3661000,89.13,88.81,75.1,65.47,73.37
3662000,90.23,89.33,76.29,64.76,74.18
3663000,91.32,89.53,75.67,65.46,73.45
3664000,92.39,89.23,77.48,65.72,74.69
3665000,91.79,88.85,77.47,66.64,75.76
3666000,92.02,88.98,76.53,65.31,76.26
3667000,92.02,88.98,74.97,64.37,76.76
3668000,92.85,89.23,75.34,64.53,78.61
3669000,93.47,89.95,75.65,64.34,77.26
3670000,94.41,91.48,75.65,64.88,78.49
3671000,95.36,91.48,76.28,65.83,76.86
3672000,94.63,92.0,76.5,67.33,76.95
3673000,95.92,92.53,75.02,66.91,77.65
3674000,95.45,92.6,75.29,67.14,77.22
3675000,94.86,90.54,76.06,68.1,79.03
3676000,96.38,91.34,77.41,68.41,79.76
3677000,96.16,92.28,77.81,68.34,80.7
3678000,96.27,90.04,77.74,69.25,80.25
3679000,96.96,91.44,77.74,70.17,80.93
3680000,97.68,89.07,78.69,69.79,81.87
3681000,97.46,89.21,79.31,69.79,81.69
3682000,97.46,89.62,80.73,69.54,82.03
3683000,98.42,89.91,80.72,70.25,82.54
3684000,99.03,87.31,81.56,69.85,82.54
3685000,99.75,87.31,81.32,69.31,82.96
3686000,98.1,85.9,82.14,70.37,83.57
3687000,98.34,86.71,82.86,71.23,83.88
3688000,99.04,87.17,82.24,70.48,82.6
3689000,99.93,88.45,80.71,71.29,82.58
3690000,100.35,88.14,81.16,71.55,83.53
3691000,100.84,88.14,81.09,72.31,83.96
3692000,101.34,87.45,81.58,72.82,83.68
3693000,101.34,87.45,80.51,74.01,83.68
3694000,101.45,87.82,80.05,73.6,83.43
3695000,101.53,86.06,81.63,73.86,83.19
3696000,101.53,87.14,80.31,73.86,81.93
3697000,102.84,86.27,79.95,76.01,83.09
3698000,102.84,86.99,80.73,76.19,83.36
3699000,102.68,86.99,80.73,75.99,83.96
3700000,102.91,86.13,81.62,75.26,84.45
3701000,103.49,85.3,82.0,75.49,84.45
3702000,103.46,85.69,82.0,75.49,85.63
3703000,104.27,85.53,82.16,77.46,84.57
3704000,104.27,85.86,80.96,78.51,84.73
3705000,103.96,86.11,81.68,79.69,84.73
3706000,103.96,86.87,80.42,80.34,86.56
3707000,103.26,86.24,80.83,80.53,86.01
3708000,102.78,85.75,80.83,81.53,86.29
3709000,103.98,85.75,82.48,81.27,85.15
3710000,103.0,86.0,80.77,81.31,85.78
3711000,103.0,86.0,82.23,81.31,86.27
3712000,103.48,86.95,80.72,82.32,85.52
3713000,104.43,87.26,81.16,83.2,84.88
3714000,104.43,88.11,81.48,82.94,84.08
3715000,105.08,86.91,81.53,83.17,84.08
3716000,105.08,86.37,81.94,84.01,84.26
3717000,107.59,87.67,81.16,85.07,85.11
3718000,109.22,89.38,80.93,83.08,84.86
3719000,110.11,88.69,80.23,83.51,82.21
3720000,110.07,89.47,81.29,83.99,83.18
3721000,110.63,90.47,81.77,84.44,82.86
3722000,111.11,90.71,81.53,84.7,83.36
3723000,110.94,91.2,82.02,84.1,83.5
3724000,111.26,90.91,81.36,84.58,84.61
3725000,111.26,91.11,80.74,85.12,84.65
3726000,112.57,88.95,80.61,84.89,85.84
3727000,113.04,89.62,81.51,81.59,85.69
3728000,111.03,90.36,80.33,80.82,85.69
3729000,108.76,90.36,78.99,80.34,87.59
3730000,109.73,91.07,78.27,81.0,87.47
3731000,109.73,89.55,78.52,79.97,88.76
3732000,110.46,90.4,78.51,80.0,86.9
3733000,110.23,90.93,78.53,79.21,87.38
3734000,111.64,88.27,76.73,76.57,87.97
3735000,111.64,88.97,78.08,77.41,86.62
3736000,111.63,88.25,78.5,75.1,85.66
3737000,111.63,88.25,79.39,75.73,85.66
3738000,114.62,87.38,78.43,76.93,86.7
3739000,112.4,87.62,77.37,76.83,85.66
3740000,112.4,86.86,76.26,77.56,86.82
3741000,112.4,85.8,76.23,77.09,87.72
3742000,114.55,86.34,75.54,76.92,86.87
3743000,115.05,85.85,74.35,76.58,86.92
3744000,115.19,84.63,75.33,78.08,87.64
3745000,114.33,84.67,75.0,77.98,87.58
3746000,114.63,84.49,74.83,77.21,88.74
3747000,114.63,84.99,73.78,77.46,88.3
3748000,115.77,85.91,71.53,77.92,87.29
3749000,115.77,85.91,72.38,75.47,88.33
3750000,113.74,85.54,71.96,74.28,87.91
3751000,113.41,85.84,71.74,73.55,88.12
3752000,113.99,86.18,71.98,72.52,85.94
3753000,115.16,85.95,71.97,73.14,84.81
3754000,113.73,83.68,73.16,72.72,85.11
3755000,113.57,83.68,73.41,73.01,83.04
3756000,114.04,83.85,71.81,73.12,80.28
3757000,114.04,84.61,71.67,74.31,80.28
3758000,114.4,84.71,71.72,74.79,81.82
3759000,113.59,84.71,71.85,71.75,82.34
3760000,113.84,86.05,72.13,70.37,83.06
3761000,113.79,86.58,72.31,70.62,81.7
3762000,114.03,86.34,71.16,70.74,82.28
3763000,114.03,85.25,72.37,70.98,82.71
3764000,114.94,86.24,71.53,69.35,82.94
3765000,115.49,87.58,72.43,69.6,82.48
3766000,116.39,86.58,71.91,70.85,82.12
3767000,113.9,85.34,71.98,70.93,82.15
3768000,113.89,86.36,72.01,70.94,82.62
3769000,111.12,86.36,71.86,70.61,81.44
3770000,111.12,86.38,71.9,68.79,80.85
3771000,112.63,86.35,72.54,70.14,80.37
3772000,110.9,86.51,72.88,69.43,80.37
3773000,109.44,87.25,73.38,67.69,83.23
3774000,110.45,86.25,74.23,67.56,82.49
3775000,110.83,86.24,72.93,67.76,82.49
3776000,109.24,86.77,72.88,67.26,82.98
3777000,107.63,85.24,72.89,67.17,82.7
3778000,106.05,85.52,72.89,67.44,83.69
3779000,106.75,85.44,73.67,68.3,81.67
3780000,107.29,85.44,74.38,68.77,81.8
3781000,107.43,84.88,73.46,69.62,82.27
3782000,106.74,80.91,73.14,67.7,83.24
3783000,106.98,80.91,74.27,67.9,83.16
3784000,109.15,81.08,74.75,67.5,84.41
3785000,108.2,81.55,74.95,67.75,83.23
3786000,109.3,82.39,75.99,67.99,83.32
3787000,110.08,82.35,76.08,67.97,83.95
3788000,110.08,81.81,76.2,68.71,83.95
3789000,109.12,79.18,76.2,65.85,83.78
3790000,110.21,78.72,75.97,66.8,83.69
3791000,108.99,78.59,77.97,67.02,83.81
3792000,107.08,78.6,77.97,67.68,82.15
3793000,108.7,79.76,79.35,68.3,83.36
3794000,108.7,79.76,79.39,68.57,83.6
3795000,107.34,79.23,77.61,68.57,83.38
3796000,107.33,78.03,79.04,66.92,83.35
3797000,106.8,79.75,79.72,68.33,82.63
3798000,107.33,80.23,79.6,68.55,83.21
3799000,108.76,80.01,80.65,68.55,84.23
3800000,109.12,80.48,80.91,69.54,84.82
3801000,107.83,80.48,81.87,69.72,85.6
3802000,108.92,83.24,82.45,70.28,85.6
3803000,109.03,83.24,82.57,71.25,85.84
3804000,107.16,84.43,83.77,72.22,85.01
3805000,108.01,84.43,81.87,72.22,86.43
3806000,108.47,87.9,82.8,73.19,84.38
3807000,109.15,88.17,82.59,74.4,83.66
3808000,109.15,88.08,84.24,74.13,84.39
3809000,111.23,88.08,85.22,75.81,85.33
3810000,111.23,89.21,85.69,75.53,85.33
3811000,112.48,90.64,85.69,75.31,84.67
3812000,111.27,91.44,88.32,74.87,83.96
3813000,108.65,91.31,87.88,75.45,83.4
3814000,108.65,90.68,88.05,74.04,83.26
3815000,105.64,90.68,89.13,74.78,82.27
3816000,106.23,92.2,88.61,74.78,82.36
3817000,104.54,92.44,87.97,75.99,83.77
3818000,104.64,92.44,87.56,77.32,83.76
3819000,104.56,94.84,88.92,78.25,84.48
3820000,105.04,94.84,88.91,78.3,85.39
3821000,105.52,94.55,89.23,77.33,85.76
3822000,105.76,92.79,90.18,78.14,85.76
3823000,107.44,93.32,90.34,77.4,86.9
3824000,107.24,94.42,90.46,77.85,84.45
3825000,107.24,95.77,90.32,77.87,84.68
3826000,107.83,96.24,90.32,77.89,84.68
3827000,106.65,97.2,90.73,77.65,86.03
3828000,107.89,96.87,92.08,76.44,86.89
3829000,106.94,97.77,92.2,77.08,86.69
3830000,107.91,98.1,91.67,77.15,86.52
3831000,106.93,98.12,93.0,78.03,84.9
3832000,107.65,96.6,93.4,78.39,85.11
3833000,107.37,96.6,92.86,78.86,85.83
3834000,107.37,96.68,93.01,77.92,85.3
3835000,107.83,97.64,93.69,76.73,86.22
3836000,109.47,96.05,94.94,76.69,86.57
3837000,106.59,95.06,94.94,76.22,84.52
3838000,106.59,96.12,94.7,77.3,84.94
3839000,106.76,96.12,95.98,77.82,85.25
3840000,107.45,97.08,95.34,77.48,83.79
3841000,104.74,95.89,96.41,77.54,83.79
3842000,104.3,95.8,96.17,79.21,85.83
3843000,103.64,95.8,97.51,78.75,85.59
3844000,103.9,96.43,98.45,78.68,86.72
3845000,104.42,96.43,96.29,79.66,86.97
3846000,105.84,97.44,95.14,79.9,87.41
3847000,105.84,98.87,96.58,80.04,87.56
3848000,105.92,99.56,97.06,80.18,87.99
3849000,105.99,97.86,95.59,78.82,87.27
3850000,104.8,99.19,95.31,78.12,86.84
3851000,104.34,98.84,95.49,76.74,87.31
3852000,104.8,98.84,95.49,76.74,87.38
3853000,105.02,100.07,97.94,76.92,85.45
3854000,106.16,99.12,98.88,76.83,84.75
3855000,105.88,99.6,98.38,76.87,84.75
3856000,107.57,99.6,97.84,77.93,82.73
3857000,106.87,101.21,97.61,79.14,81.51
3858000,106.87,100.3,97.69,78.45,81.99
3859000,109.73,100.02,99.02,77.97,82.97
3860000,108.92,99.88,99.82,77.14,83.45
3861000,109.86,100.7,98.64,77.09,82.49
3862000,109.69,100.55,99.83,77.87,82.93
3863000,108.04,101.76,99.37,77.55,82.93
3864000,107.61,101.34,97.62,75.44,81.83
3865000,107.86,101.34,97.62,75.44,80.55
3866000,107.7,103.87,97.83,75.84,81.27
3867000,107.94,103.87,99.0,75.57,80.81
3868000,109.15,103.67,99.95,75.46,80.98
3869000,109.28,103.93,100.21,74.85,78.2
3870000,109.28,103.54,100.21,74.0,78.2
3871000,110.32,103.54,100.7,74.46,77.52
3872000,111.47,104.68,100.62,74.2,77.85
3873000,110.0,105.67,100.06,73.79,77.85
3874000,110.46,105.67,98.04,73.18,77.94
3875000,110.46,106.0,95.57,72.75,78.65
3876000,109.88,104.08,95.57,70.85,77.55
3877000,110.26,101.56,95.59,71.02,77.96
3878000,108.97,98.87,96.3,70.97,77.96
3879000,108.92,98.87,92.84,70.5,76.69
3880000,109.73,99.69,92.91,68.38,76.42
3881000,109.22,101.36,93.99,66.79,76.3
3882000,109.71,99.18,94.32,67.68,76.3
3883000,109.69,99.18,93.07,67.24,78.19
3884000,110.83,97.74,93.55,68.33,78.19
3885000,110.83,98.45,92.62,69.23,79.09
3886000,113.68,96.6,91.56,69.16,78.69
3887000,115.29,96.86,92.27,69.16,78.75
3888000,114.16,97.7,93.22,70.64,78.75
3889000,111.97,94.64,91.71,71.6,79.46
3890000,111.0,94.34,91.01,71.6,79.23
3891000,109.33,94.34,90.7,73.25,79.07
3892000,109.33,94.94,89.38,73.39,79.29
3893000,110.52,95.13,88.4,73.42,79.77
3894000,109.59,93.03,88.75,74.4,79.28
3895000,110.27,92.41,90.04,74.91,80.0
3896000,111.5,92.41,88.32,75.11,80.1
3897000,111.5,93.43,88.84,74.86,78.2
3898000,110.77,93.43,89.55,76.0,78.3
3899000,110.86,93.65,89.89,76.0,77.04
3900000,110.86,93.65,88.69,75.74,74.98
3901000,110.86,94.86,87.29,76.52,72.53
3902000,112.1,93.75,87.15,77.01,70.03
3903000,113.31,94.23,86.68,75.63,69.0
3904000,111.63,94.23,87.23,75.99,67.18
3905000,109.02,96.73,86.27,76.74,67.18
3906000,108.03,97.2,85.09,76.76,67.48
3907000,108.5,97.99,85.18,77.76,67.65
3908000,108.74,98.36,85.95,79.44,66.86
3909000,109.7,97.83,87.04,79.93,67.47
3910000,109.7,97.83,84.74,80.91,67.48
3911000,109.7,98.46,84.3,81.24,66.19
3912000,110.19,98.71,83.12,81.81,65.46
3913000,110.19,99.68,81.0,82.51,65.46
3914000,113.13,98.33,81.0,83.9,63.26
3915000,112.74,97.86,81.24,83.9,62.92
3916000,110.68,97.86,82.74,83.84,62.44
3917000,110.68,97.86,83.68,84.79,62.7
3918000,113.56,100.27,83.94,84.42,63.38
3919000,113.56,99.57,80.39,84.77,64.05
3920000,113.56,99.57,80.2,83.9,63.36
3921000,115.48,99.41,80.08,83.64,63.61
3922000,116.33,100.75,78.55,83.43,63.58
3923000,115.63,99.73,77.14,84.87,63.58
3924000,117.27,98.98,77.15,84.42,64.0
3925000,116.81,98.33,75.95,85.77,64.75
3926000,117.27,97.28,75.52,85.95,65.26
3927000,117.46,97.96,74.42,86.27,64.69
3928000,117.46,96.48,74.66,85.65,65.35
3929000,117.43,97.47,75.85,85.4,65.82
3930000,115.42,96.02,76.18,83.36,65.71
3931000,115.01,97.08,77.34,83.36,66.6
3932000,115.72,96.98,77.37,85.24,67.11
3933000,116.04,97.07,78.85,85.01,67.45
3934000,116.02,97.74,79.63,86.12,67.68
3935000,115.36,94.2,77.14,86.11,68.62
3936000,113.99,91.97,77.15,85.65,67.28
3937000,113.09,91.18,78.4,86.22,67.28
3938000,109.93,89.03,78.87,86.6,68.51
3939000,109.93,89.75,77.89,86.97,68.74
3940000,108.06,87.84,77.99,87.88,67.54
3941000,108.51,87.84,78.73,88.08,66.95
3942000,109.4,89.05,78.07,87.79,66.95
3943000,108.73,89.05,78.63,87.61,66.95
3944000,109.79,90.41,79.79,88.31,68.0
3945000,109.95,91.73,79.78,87.96,68.62
3946000,110.4,91.69,80.47,89.07,68.62
3947000,109.42,90.47,80.0,90.08,68.93
3948000,109.68,89.03,80.4,90.82,65.86
3949000,108.85,89.45,81.18,90.82,66.45
3950000,108.75,90.27,81.18,91.37,67.4
3951000,109.06,91.96,81.8,90.17,67.15
3952000,107.78,90.08,81.8,89.0,68.58
3953000,107.54,92.0,82.89,89.81,68.65
3954000,108.96,93.34,82.47,88.76,69.84
3955000,108.31,93.34,81.71,88.93,69.84
3956000,108.31,94.04,81.49,86.64,71.17
3957000,109.64,94.04,81.5,86.9,71.09
3958000,109.57,96.89,82.52,85.87,72.3
3959000,109.97,97.4,82.4,85.61,73.97
3960000,109.97,95.63,81.66,85.66,74.7
3961000,109.5,95.46,82.63,87.05,75.89
3962000,110.0,96.03,83.08,85.97,76.13
3963000,107.8,96.72,83.33,84.56,76.85
3964000,105.96,93.15,83.72,83.5,78.29
3965000,106.85,92.63,84.21,84.34,77.78
3966000,106.91,92.01,84.61,84.37,78.64
3967000,106.91,90.34,84.4,83.91,78.36
3968000,109.07,90.1,85.95,83.91,79.07
3969000,109.68,90.54,85.95,83.69,79.11
3970000,109.68,90.54,86.67,84.37,79.82
3971000,111.06,91.32,86.91,83.83,79.22
3972000,111.23,89.26,86.63,85.44,80.45
3973000,112.62,89.26,87.16,84.24,79.73
3974000,112.62,88.5,87.93,83.09,78.96
3975000,110.74,88.19,88.66,83.59,79.71
3976000,110.74,89.12,87.94,83.41,80.19
3977000,112.85,87.74,88.87,82.84,81.47
3978000,111.43,87.74,88.94,82.84,81.47
3979000,110.65,87.96,89.67,82.84,82.19
3980000,108.29,87.2,88.84,81.72,82.9
3981000,108.29,87.44,87.84,82.36,83.09
3982000,108.57,87.68,86.88,83.1,83.38
3983000,108.57,84.3,87.05,82.85,82.34
3984000,110.76,82.77,87.65,84.04,82.79
3985000,110.76,82.77,86.88,83.35,82.54
3986000,112.44,84.29,87.06,81.67,82.54
3987000,112.44,84.22,86.64,81.72,82.3
3988000,114.08,84.22,86.77,81.3,81.09
3989000,114.29,83.98,87.01,80.67,81.49
3990000,113.81,85.39,86.46,81.85,82.36
3991000,114.16,86.59,87.42,81.48,80.17
3992000,114.16,86.59,87.47,81.26,80.23
3993000,114.4,88.84,85.96,80.19,81.04
3994000,111.28,87.62,83.9,80.28,79.68
3995000,110.63,87.71,84.14,80.09,79.67
3996000,111.64,87.71,84.08,81.18,79.6
3997000,110.0,89.15,84.09,80.95,79.7
3998000,105.87,90.45,85.54,81.43,78.15
3999000,105.92,90.87,86.32,78.68,78.03
4000000,104.82,91.14,84.16,78.26,79.46
4001000,106.46,90.48,84.16,78.99,79.46
4002000,106.46,90.03,85.75,77.91,78.84
4003000,106.95,90.63,86.64,76.89,78.22
4004000,106.77,91.33,86.64,76.9,78.19
4005000,105.33,92.99,85.75,76.65,76.33
4006000,106.41,93.31,86.34,76.17,76.33
4007000,106.12,93.31,87.44,77.64,78.07
4008000,106.61,96.18,87.9,76.36,78.08
4009000,107.45,96.18,88.11,76.83,78.92
4010000,106.87,96.93,85.45,76.83,79.91
4011000,108.28,97.85,84.83,78.27,79.34
4012000,107.78,97.41,84.81,78.28,79.34
4013000,108.51,97.26,85.1,78.89,79.7
4014000,107.95,97.46,84.63,78.89,78.89
4015000,109.04,95.84,83.45,79.67,78.93
4016000,109.42,95.84,83.84,80.62,79.9
4017000,109.9,96.1,83.84,81.83,80.85
4018000,111.48,97.17,83.55,80.33,81.1
4019000,113.14,97.51,82.15,77.65,80.75
4020000,113.14,97.91,82.3,77.88,80.34
4021000,114.27,99.48,81.93,78.34,80.34
4022000,114.11,98.33,81.93,78.71,80.1
4023000,114.87,98.95,82.24,79.83,80.35
4024000,116.38,97.7,81.98,80.43,79.27
4025000,115.95,97.7,80.73,80.45,79.66
4026000,115.96,95.85,76.92,79.2,80.06
4027000,115.45,95.68,76.92,77.87,80.24
4028000,115.45,93.89,76.66,77.14,79.81
4029000,115.7,93.37,75.5,78.18,80.06
4030000,114.38,93.7,74.86,76.04,79.76
4031000,113.74,93.94,75.34,77.31,80.93
4032000,113.23,93.57,75.98,74.42,80.93
4033000,112.91,93.46,75.64,75.36,82.14
4034000,113.48,94.67,76.33,72.93,82.6
4035000,113.48,94.67,77.18,72.33,81.78
4036000,114.91,95.28,76.1,70.66,81.78
4037000,115.66,96.05,76.1,71.4,83.07
4038000,114.72,96.05,77.45,70.66,82.83
4039000,114.43,97.07,76.05,70.88,83.01
4040000,114.9,97.07,76.09,71.87,81.56
4041000,115.28,98.91,76.39,73.33,81.7
4042000,115.28,98.13,76.68,72.13,80.51
4043000,116.6,98.13,77.54,73.01,81.0
4044000,116.27,96.73,77.24,74.2,81.0
4045000,115.79,97.26,78.43,73.19,81.41
4046000,115.79,96.59,78.43,72.19,82.81
4047000,117.47,96.82,78.16,72.63,83.53
4048000,117.05,97.99,76.34,72.78,83.76
4049000,115.77,97.51,76.34,72.28,85.47
4050000,115.05,97.03,77.21,71.9,84.58
4051000,113.23,98.47,76.55,71.9,84.56
4052000,112.56,97.3,77.41,71.73,85.21
4053000,113.8,97.31,76.73,73.04,85.21
4054000,113.84,94.5,75.81,73.24,87.43
4055000,113.84,94.16,76.21,73.92,87.43
4056000,114.09,92.62,76.72,74.32,86.13
4057000,113.87,92.87,76.72,73.62,87.1
4058000,114.52,94.33,78.17,75.05,88.11
4059000,113.37,93.18,78.39,75.61,88.67
4060000,114.56,89.83,78.39,76.22,88.07
4061000,115.27,89.5,79.87,75.7,88.29
4062000,115.35,90.35,79.71,75.22,88.47
4063000,115.84,91.21,79.53,75.15,88.9
4064000,117.69,89.7,79.53,74.21,87.75
4065000,115.31,87.59,80.96,75.19,86.55
4066000,113.98,87.11,81.37,75.42,86.56
4067000,113.03,84.48,80.97,74.9,86.01
4068000,113.8,83.31,81.82,74.88,86.75
4069000,113.46,84.47,81.58,73.28,86.64
4070000,112.11,84.83,82.34,70.2,87.37
4071000,112.78,84.83,82.45,70.43,86.65
4072000,111.82,84.11,82.77,71.27,88.05
4073000,112.06,83.02,81.14,71.36,88.75
4074000,111.65,83.83,80.46,72.61,87.8
4075000,111.65,84.01,81.22,73.09,88.81
4076000,111.37,84.79,81.52,71.37,90.45
4077000,112.51,84.79,80.66,71.2,90.15
4078000,112.51,85.65,81.43,70.72,90.15
4079000,114.2,85.09,82.11,70.25,90.1
4080000,114.9,84.15,82.11,70.25,88.08
4081000,116.11,81.89,82.3,69.86,88.43
4082000,115.6,81.89,83.13,70.02,88.04
4083000,114.18,83.49,82.16,69.76,87.63
4084000,115.05,82.95,80.96,69.7,87.62
4085000,114.23,83.37,80.83,69.66,85.49
4086000,113.82,82.74,81.33,70.33,84.04
4087000,113.82,83.43,82.88,70.53,83.57
4088000,112.95,83.96,82.4,71.4,84.18
4089000,111.51,84.2,82.89,72.15,85.53
4090000,112.01,85.87,82.19,73.31,85.18
4091000,111.29,85.21,81.08,74.28,86.84
4092000,110.27,84.58,81.16,74.01,86.43
4093000,110.51,85.18,81.47,74.57,86.81
4094000,110.51,85.2,82.91,75.71,87.52
4095000,112.56,84.64,82.39,74.45,86.78
4096000,112.87,86.18,81.01,75.18,87.02
4097000,112.87,86.18,80.06,74.89,86.52
4098000,113.11,85.65,81.0,74.45,84.7
4099000,113.11,86.0,81.67,73.02,84.68
4100000,112.81,87.76,81.67,73.69,85.41
4101000,112.81,88.07,83.8,72.71,86.83
4102000,112.93,88.07,84.4,73.66,87.55
4103000,112.68,86.76,84.85,73.24,86.73
4104000,113.88,84.59,85.16,73.24,87.43
4105000,114.56,85.88,85.17,73.93,86.77
4106000,114.56,85.74,84.81,71.37,87.73
4107000,115.3,86.94,85.57,71.08,86.74
4108000,115.3,86.2,87.49,71.75,87.82
4109000,116.25,85.58,86.88,72.42,88.04
4110000,115.98,86.07,85.95,72.91,87.29
4111000,115.98,84.77,87.36,72.91,87.29
4112000,117.7,85.46,87.07,74.86,87.93
4113000,117.45,85.46,87.07,74.62,87.2
4114000,116.95,87.62,87.02,75.36,85.49
4115000,116.95,86.12,88.21,75.13,85.98
4116000,117.85,85.93,89.58,72.88,86.27
4117000,118.74,85.92,90.54,73.42,86.27
4118000,118.65,87.41,90.54,73.7,87.23
4119000,118.65,88.39,92.51,73.14,87.98
4120000,119.39,87.8,92.52,73.12,87.97
4121000,120.12,89.61,92.27,73.11,87.76
4122000,119.35,90.87,93.55,72.77,88.06
4123000,119.36,90.02,95.02,71.86,89.71
4124000,119.6,88.39,95.77,72.46,89.39
4125000,120.12,89.22,94.17,71.85,88.44
4126000,120.48,87.87,94.17,73.5,88.92
4127000,120.48,87.58,96.32,73.66,88.44
4128000,119.07,87.22,96.11,72.79,89.38
4129000,119.07,87.31,95.3,73.66,88.77
4130000,119.47,87.31,93.65,74.15,89.5
4131000,116.35,89.34,92.56,74.32,90.24
4132000,116.36,89.34,91.84,73.37,90.03
4133000,116.76,90.27,91.65,73.31,91.11
4134000,117.88,90.58,87.79,72.36,92.76
4135000,117.88,91.22,87.81,73.8,93.64
4136000,119.22,92.4,88.04,73.61,93.6
4137000,118.11,91.92,88.21,73.9,90.94
4138000,119.92,90.19,89.33,75.44,92.11
4139000,117.34,90.19,89.57,76.03,91.77
4140000,117.1,90.89,89.57,76.96,90.82
4141000,117.04,92.76,91.5,76.83,89.89
4142000,117.15,91.09,92.77,77.46,88.11
4143000,117.15,90.73,93.97,77.38,88.5
4144000,116.67,90.73,93.02,78.68,88.5
4145000,115.84,90.73,93.69,77.14,87.93
4146000,115.59,90.28,94.32,76.88,87.96
4147000,115.59,91.71,95.35,76.94,88.57
4148000,114.95,92.43,96.1,76.71,89.89
4149000,115.39,92.99,96.59,76.24,89.53
4150000,114.67,93.98,97.79,76.76,88.95
4151000,114.44,91.27,97.63,75.85,88.49
4152000,114.44,91.51,96.96,76.75,89.42
4153000,114.44,91.55,96.96,76.54,90.71
4154000,118.07,92.32,94.24,78.52,90.56
4155000,118.15,93.03,95.69,77.57,91.17
4156000,119.93,90.9,95.84,77.17,91.63
4157000,119.95,90.9,95.38,75.01,91.62
4158000,119.71,90.91,95.99,75.96,91.6
4159000,119.71,91.27,96.46,76.88,92.3
4160000,120.5,92.02,96.42,77.45,91.52
4161000,120.93,91.9,97.4,78.37,90.44
4162000,120.47,92.55,97.41,78.08,90.44
4163000,121.46,92.09,98.49,78.49,91.76
4164000,121.46,93.17,98.48,78.49,91.5
4165000,123.45,91.52,96.19,78.92,92.59
4166000,124.2,91.52,96.23,79.89,93.8
4167000,122.51,92.71,96.25,79.13,94.9
4168000,122.51,93.62,97.43,76.54,94.9
4169000,123.96,92.78,97.21,74.03,95.99
4170000,124.81,93.26,94.59,75.23,96.57
4171000,125.05,93.26,94.09,75.24,97.05
4172000,124.83,93.26,94.3,75.21,97.53
4173000,126.03,94.17,95.04,75.93,96.67
4174000,126.59,94.52,95.14,76.23,96.41
4175000,127.96,95.72,95.61,76.96,96.91
4176000,128.22,95.48,95.62,77.05,94.59
4177000,126.74,94.5,95.88,77.99,93.39
4178000,127.79,94.53,94.91,78.46,93.44
4179000,127.11,95.62,95.4,79.67,94.51
4180000,128.44,95.62,95.54,79.26,95.24
4181000,128.44,95.27,93.79,79.51,95.67
4182000,130.36,91.95,93.35,79.63,95.96
4183000,130.36,91.57,94.19,80.35,97.38
4184000,132.03,91.57,92.35,80.35,98.09
4185000,132.89,92.19,93.31,82.34,96.97
4186000,133.07,92.19,91.82,80.4,95.51
4187000,133.22,93.64,92.07,79.91,95.74
4188000,132.84,93.48,92.78,80.23,96.47
4189000,132.84,94.22,93.5,78.86,96.85
4190000,134.77,94.33,93.52,78.4,97.33
4191000,133.89,96.45,90.17,78.96,97.57
4192000,133.54,93.91,91.38,80.33,97.57
4193000,131.58,93.96,91.38,80.19,96.57
4194000,130.67,94.8,90.89,80.21,97.51
4195000,131.2,95.5,90.9,80.82,96.08
4196000,131.83,95.5,91.86,78.9,94.33
4197000,130.39,96.31,91.4,79.06,95.5
4198000,130.39,97.62,89.39,79.08,95.25
4199000,130.66,97.62,89.02,78.35,95.25
4200000,129.93,99.51,90.39,78.98,95.05
4201000,129.41,100.01,92.07,79.2,94.57
4202000,126.8,101.23,91.31,79.45,93.17
4203000,126.8,101.34,89.98,80.4,93.13
4204000,127.32,101.34,89.58,79.45,92.4
4205000,127.76,103.25,90.48,80.32,93.4
4206000,127.76,103.25,90.48,81.42,93.84
4207000,128.89,105.38,90.43,80.97,92.68
4208000,127.89,104.66,90.31,79.78,94.4
4209000,127.89,105.41,90.31,78.66,95.32
4210000,129.0,105.99,90.78,78.52,95.45
4211000,126.61,106.34,90.64,78.3,96.09
4212000,126.61,106.34,89.99,78.3,97.25
4213000,125.25,105.12,90.01,78.22,97.25
4214000,125.25,105.12,89.18,77.99,97.87
4215000,126.22,105.15,89.18,77.78,98.97
4216000,125.99,105.46,88.86,77.69,98.97
4217000,124.83,106.33,89.33,76.13,100.05
4218000,123.62,105.63,88.8,75.78,100.53
4219000,123.14,104.72,88.8,76.48,99.59
4220000,125.06,105.62,90.96,76.39,100.77
4221000,125.59,106.85,90.96,75.83,100.53
4222000,126.5,107.04,92.83,76.38,98.76
4223000,126.08,108.73,93.54,76.38,98.12
4224000,126.52,108.03,93.75,77.55,99.99
4225000,125.55,107.31,93.87,78.06,100.21
4226000,124.71,107.13,94.77,78.99,100.21
4227000,124.71,107.13,94.33,79.75,102.17
4228000,127.32,108.81,93.29,80.27,101.43
4229000,127.08,106.57,92.7,80.93,101.54
4230000,128.33,106.83,93.47,81.14,101.72
4231000,127.31,107.0,93.8,79.45,101.72
4232000,128.04,108.65,94.77,78.48,102.7
4233000,129.01,107.98,94.53,77.92,103.95
4234000,129.01,108.01,94.99,76.96,104.92
4235000,129.15,107.92,95.48,77.18,104.67
4236000,129.17,108.23,95.49,76.0,103.54
4237000,129.17,109.29,93.61,77.16,103.79
4238000,130.67,108.9,94.57,75.65,103.6
4239000,130.44,109.36,94.57,75.17,105.01
4240000,129.52,110.05,95.9,74.66,105.86
4241000,130.97,110.41,95.7,75.11,103.83
4242000,130.97,110.3,93.37,75.45,100.54
4243000,132.59,111.96,91.57,76.97,100.54
4244000,133.54,109.97,91.57,76.31,100.21
4245000,132.84,109.73,90.56,75.58,101.02
4246000,133.14,109.38,91.05,75.9,102.12
4247000,130.24,110.5,91.05,75.9,102.12
4248000,130.24,109.79,91.29,75.09,102.09
4249000,130.49,110.19,90.23,75.47,102.48
4250000,130.26,110.19,88.4,76.05,103.2
4251000,130.26,110.41,89.36,73.94,102.75
4252000,129.96,111.23,89.65,73.48,103.6
4253000,129.96,111.95,87.64,74.26,104.11
4254000,130.91,109.35,86.9,73.46,105.06
4255000,131.64,109.97,87.67,72.54,104.02
4256000,131.64,109.5,88.85,73.61,104.07
4257000,132.38,109.5,88.29,73.16,104.07
4258000,132.84,109.02,87.35,73.34,104.39
4259000,130.3,110.23,84.7,72.47,104.76
4260000,130.12,110.43,84.43,72.35,102.06
4261000,128.3,110.94,85.28,72.86,101.49
4262000,127.53,110.36,86.83,73.01,102.23
4263000,125.28,109.58,87.55,72.81,101.43
4264000,125.28,110.54,86.98,74.26,102.81
4265000,126.36,111.39,86.98,70.5,102.54
4266000,126.29,109.41,86.51,69.52,102.03
4267000,126.29,109.16,87.57,70.92,100.33
4268000,126.04,108.52,88.03,71.88,99.88
4269000,126.33,109.95,86.83,71.21,99.88
4270000,124.23,109.95,84.6,71.3,100.54
4271000,121.93,110.66,84.67,69.91,102.29
4272000,121.79,110.66,83.43,68.71,102.29
4273000,121.31,112.82,81.47,69.27,102.36
4274000,121.79,112.62,82.04,69.27,102.11
4275000,120.07,113.66,82.36,68.9,102.09
4276000,120.08,113.52,81.66,67.72,103.07
4277000,119.19,114.63,82.36,67.54,102.0
4278000,120.59,113.23,81.38,67.05,102.03
4279000,119.62,112.3,80.23,68.01,102.08
4280000,118.23,111.46,80.23,68.64,102.12
4281000,117.51,110.96,80.23,69.11,102.15
4282000,116.01,108.48,81.89,68.42,102.78
4283000,116.96,106.24,79.18,68.42,102.69
4284000,114.62,106.24,79.16,69.41,100.33
4285000,115.79,105.78,78.29,69.07,99.23
4286000,114.65,104.99,78.73,68.55,100.14
4287000,115.49,104.99,78.73,67.34,100.14
4288000,115.26,104.99,80.6,66.55,100.09
4289000,115.02,105.37,81.92,66.64,100.89
4290000,114.8,105.2,80.31,65.47,100.5
4291000,114.8,106.32,81.31,65.0,99.58
4292000,115.05,107.04,81.53,65.88,100.62
4293000,115.14,107.04,81.11,65.19,99.7
4294000,115.86,106.64,80.16,65.95,100.61
4295000,114.73,107.12,79.67,66.58,100.39
4296000,112.76,106.55,80.19,66.93,101.1
4297000,112.39,106.26,80.19,66.44,101.7
4298000,112.18,105.37,78.87,67.19,101.7
4299000,113.27,106.09,78.73,66.97,103.1
4300000,114.17,106.5,80.33,67.78,104.04
4301000,109.84,106.5,80.62,68.29,102.55
4302000,110.3,107.22,81.78,67.26,103.2
4303000,108.85,107.22,81.99,67.26,102.0
4304000,110.54,109.81,83.16,68.38,102.25
4305000,111.27,110.22,84.59,68.63,101.17
4306000,108.66,110.16,84.91,68.39,101.31
4307000,109.55,106.57,84.61,67.18,100.21
4308000,109.75,106.81,83.9,66.46,99.85
4309000,108.13,106.68,83.13,66.46,99.14
4310000,106.44,104.67,83.13,68.44,100.1
4311000,106.65,102.44,84.38,68.44,100.1
4312000,107.37,101.72,85.19,67.62,100.15
4313000,107.37,101.16,84.85,67.11,99.47
4314000,108.54,100.29,85.78,67.75,99.08
4315000,108.32,100.29,87.23,68.81,99.32
4316000,108.32,100.41,87.36,68.76,100.22
4317000,108.78,100.41,88.08,69.74,100.81
4318000,108.78,102.69,87.5,69.74,102.08
4319000,108.78,102.19,89.12,71.25,102.83
4320000,108.78,103.22,89.12,72.67,99.83
4321000,112.6,101.81,89.95,72.67,98.31
4322000,109.29,101.12,89.5,74.49,98.28
4323000,110.0,99.55,90.93,73.82,98.28
4324000,110.0,99.55,91.06,73.87,99.36
4325000,109.96,99.14,90.38,74.59,99.84
4326000,108.55,99.11,90.38,74.88,99.06
4327000,109.26,99.59,91.24,74.88,99.54
4328000,109.26,99.06,91.51,76.98,98.87
4329000,109.97,100.5,92.22,76.81,99.88
4330000,109.97,100.01,92.27,77.97,100.38
4331000,110.75,99.17,92.74,78.44,100.08
4332000,110.26,97.97,93.24,79.35,98.16
4333000,106.7,98.03,93.2,80.79,97.62
4334000,104.93,98.28,93.57,80.78,98.18
4335000,105.97,98.74,93.36,79.7,98.89
4336000,105.97,99.51,94.81,80.77,98.89
4337000,108.27,99.0,96.18,81.49,101.54
4338000,108.66,98.59,95.68,80.87,101.54
4339000,108.66,99.55,97.09,81.6,100.13
4340000,109.96,99.29,97.86,82.59,99.87
4341000,109.96,99.24,97.11,80.29,98.46
4342000,110.56,98.53,97.65,80.23,98.46
4343000,109.61,98.19,97.65,80.97,98.03
4344000,109.61,97.23,99.49,79.91,98.62
4345000,109.61,96.69,99.49,80.17,95.14
4346000,109.61,96.5,99.93,80.75,93.98
4347000,112.99,96.64,101.11,81.44,93.84
4348000,114.78,97.14,100.8,82.85,94.05
4349000,115.52,97.67,101.95,83.93,93.88
4350000,115.55,98.85,102.26,83.32,95.14
4351000,115.12,98.85,102.74,84.49,95.13
4352000,114.39,98.55,103.22,84.49,93.08
4353000,115.87,99.06,103.71,84.46,92.12
4354000,116.58,98.5,103.03,86.15,93.05
4355000,117.57,98.19,104.23,86.15,91.04
4356000,116.98,98.19,105.12,86.27,90.61
4357000,116.98,98.63,105.42,85.65,90.58
4358000,116.85,98.22,105.9,85.41,90.47
4359000,118.42,95.82,104.83,85.64,90.71
4360000,118.42,97.26,104.9,85.68,90.55
4361000,118.11,97.48,105.89,86.04,90.84
4362000,116.52,97.55,106.72,86.29,90.6
4363000,117.0,98.98,106.5,85.57,89.59
4364000,117.0,98.98,107.17,83.98,89.34
4365000,118.67,100.9,106.63,84.13,88.71
4366000,118.54,99.01,104.36,85.32,88.22
4367000,118.08,99.01,105.2,86.75,88.04
4368000,118.8,100.8,105.2,87.0,88.27
4369000,118.8,99.86,106.41,85.77,88.98
4370000,118.8,101.39,105.9,85.41,87.81
4371000,123.05,101.29,105.44,85.73,88.75
4372000,123.05,101.86,106.67,86.7,88.75
4373000,123.55,99.34,106.61,87.4,89.27
4374000,123.33,95.59,106.61,85.88,89.27
4375000,123.33,95.41,108.47,85.41,90.75
4376000,124.41,94.53,108.46,86.0,90.84
4377000,125.39,94.53,109.92,85.88,89.29
4378000,125.39,96.97,108.73,85.26,89.03
4379000,125.18,96.97,109.79,83.46,87.59
4380000,125.18,99.13,110.04,81.97,87.94
4381000,124.49,97.73,109.74,81.5,88.16
4382000,126.32,98.92,109.2,81.7,88.1
4383000,126.31,98.92,109.41,81.64,88.55
4384000,126.77,100.12,108.88,80.2,88.12
4385000,126.84,101.24,107.55,79.24,87.7
4386000,127.04,100.98,106.08,79.48,89.02
4387000,126.79,101.04,106.79,78.82,88.23
4388000,127.02,101.73,107.36,78.84,87.83
4389000,125.92,102.25,106.5,78.81,87.83
4390000,125.58,102.95,107.5,78.09,87.89
4391000,125.58,99.86,108.67,78.6,86.69
4392000,126.85,99.86,108.44,78.6,87.47
4393000,127.33,99.86,107.82,78.8,86.95
4394000,127.33,102.21,107.82,78.65,87.43
4395000,127.33,103.12,108.01,78.24,88.06
4396000,128.98,104.3,107.39,79.44,88.09
4397000,128.98,104.68,107.58,79.44,87.75
4398000,130.16,104.68,107.06,80.52,88.35
4399000,129.02,105.87,108.01,79.31,89.07
4400000,129.16,105.94,107.78,79.55,89.07
4401000,129.7,107.34,104.84,80.48,90.0
4402000,129.7,105.78,105.04,80.8,86.94
4403000,129.65,106.3,105.04,80.24,85.82
4404000,124.17,105.82,107.44,80.34,85.22
4405000,124.09,105.49,106.6,80.79,85.12
4406000,120.24,105.49,107.56,79.19,85.27
4407000,120.24,106.62,106.58,78.26,86.05
4408000,120.48,106.62,103.83,78.28,86.05
4409000,121.76,107.53,104.17,78.5,86.42
4410000,121.76,109.38,103.1,78.66,87.78
4411000,122.46,108.87,102.38,78.46,88.49
4412000,121.75,107.87,101.18,78.97,90.0
4413000,121.75,106.97,102.07,76.29,90.8
4414000,122.15,106.97,99.83,75.06,91.11
4415000,122.15,108.25,99.48,75.51,91.11
4416000,122.31,108.42,97.33,74.49,92.89
4417000,121.35,108.18,95.46,75.39,93.24
4418000,121.35,109.51,95.73,74.16,93.24
4419000,122.45,110.42,95.99,73.9,94.7
4420000,122.45,110.42,93.32,73.79,94.89
4421000,123.34,111.62,92.67,74.01,94.6
4422000,124.26,112.05,92.66,71.37,94.59
4423000,124.2,112.05,93.37,71.85,94.51
4424000,121.55,114.18,92.04,71.87,94.15
4425000,118.95,114.41,91.12,72.57,95.14
4426000,120.11,111.0,89.58,70.91,95.56
4427000,119.1,108.48,90.95,70.91,95.8
4428000,118.58,108.48,90.79,72.15,94.67
4429000,118.58,107.05,89.16,72.13,94.46
4430000,115.72,107.05,87.98,72.61,91.86
4431000,115.48,107.05,88.66,73.18,91.63
4432000,115.92,109.79,89.61,73.05,93.8
4433000,115.92,110.53,86.36,73.77,94.89
4434000,116.4,109.62,86.86,74.17,95.41
4435000,117.11,109.15,87.94,74.72,95.46
4436000,118.48,110.73,87.94,74.03,95.28
4437000,118.48,110.01,87.94,72.84,93.93
4438000,120.89,110.01,88.18,74.43,93.93
4439000,119.7,111.09,88.07,74.49,96.22
4440000,120.38,110.65,88.07,75.18,95.51
4441000,119.73,109.69,88.96,76.15,95.73
4442000,120.38,109.97,89.49,76.63,96.21
4443000,120.79,109.97,89.49,76.92,96.4
4444000,120.79,107.66,89.47,75.96,96.4
4445000,119.15,108.38,88.99,75.59,97.6
4446000,118.95,106.47,88.71,75.6,97.19
4447000,118.34,106.77,87.61,73.02,96.49
4448000,119.33,107.95,86.41,71.87,96.87
4449000,120.97,107.27,86.96,73.26,97.6
4450000,119.23,106.44,86.4,71.98,98.03
4451000,119.95,106.53,86.41,70.88,97.96
4452000,119.95,106.58,86.41,71.1,99.41
4453000,121.07,106.58,87.37,71.1,98.77
4454000,123.21,109.18,88.75,71.05,98.83
4455000,122.48,109.18,88.75,71.07,99.5
4456000,119.26,109.36,89.91,70.43,97.44
4457000,119.12,110.3,90.44,71.78,97.45
4458000,117.67,109.83,90.44,72.17,98.24
4459000,116.41,109.83,91.82,71.45,97.97
4460000,115.82,112.48,91.85,72.6,98.23
4461000,114.45,112.49,88.98,73.3,98.7
4462000,116.03,110.81,89.57,72.33,99.69
4463000,116.03,112.49,89.84,72.21,99.35
4464000,118.34,112.97,89.47,72.32,98.82
4465000,118.34,112.03,89.44,73.72,98.59
4466000,118.55,111.53,88.71,73.65,98.84
4467000,117.36,111.74,89.4,74.1,99.79
4468000,117.36,112.7,90.23,74.02,100.25
4469000,118.57,110.72,90.86,75.25,100.98
4470000,118.27,110.72,89.01,75.24,100.45
4471000,118.27,112.1,89.01,74.13,100.73
4472000,118.27,111.4,89.97,74.77,101.21
4473000,121.16,111.85,89.28,74.77,101.45
4474000,121.16,108.0,89.27,76.19,102.65
4475000,121.41,107.84,91.09,76.75,102.21
4476000,121.91,108.31,91.11,77.88,102.93
4477000,122.86,106.96,90.67,78.75,101.46
4478000,122.86,105.93,91.34,78.75,102.25
4479000,122.86,106.89,90.83,80.85,103.41
4480000,123.57,107.14,90.92,80.86,103.18
4481000,124.03,107.94,90.92,81.39,103.18
4482000,124.03,106.38,91.32,82.54,105.27
4483000,122.66,107.41,91.06,83.3,105.27
4484000,123.04,104.49,92.14,84.47,107.15
4485000,122.22,103.08,91.07,83.97,107.88
4486000,121.07,103.08,89.98,83.8,108.6
4487000,120.01,103.39,91.15,84.28,109.45
4488000,119.56,104.6,92.29,84.31,109.25
4489000,120.62,104.6,92.29,85.26,109.27
4490000,120.86,105.7,91.96,84.17,109.02
4491000,122.76,105.7,90.28,84.42,109.33
4492000,123.98,108.96,90.76,85.43,109.33
4493000,123.98,108.96,90.35,83.97,108.36
4494000,123.98,110.39,89.71,83.62,108.08
4495000,123.98,109.09,88.76,83.73,108.42
4496000,127.34,108.13,89.9,83.35,106.43
4497000,128.15,104.39,89.9,82.53,106.51
4498000,128.15,104.39,91.12,83.23,106.23
4499000,129.61,105.34,89.74,82.48,106.43
4500000,129.95,106.17,89.93,82.94,107.57
4501000,129.7,105.12,88.31,83.17,106.61
4502000,129.7,105.12,87.14,83.84,106.61
4503000,129.7,105.33,86.9,83.62,107.56
4504000,130.44,106.37,85.93,82.65,109.0
4505000,128.16,106.55,87.72,83.56,109.0
4506000,128.91,107.77,87.72,83.8,110.62
4507000,125.88,109.2,87.24,84.64,109.95
4508000,124.06,107.13,87.86,84.6,111.35
4509000,123.29,104.43,86.42,85.49,111.36
4510000,124.24,104.43,87.59,86.69,112.02
4511000,124.24,106.99,88.79,87.39,112.02
4512000,124.24,107.01,89.03,86.82,112.02
4513000,126.89,107.49,90.11,87.65,115.09
4514000,126.41,108.46,89.72,89.29,115.12
4515000,127.18,108.93,90.37,88.99,116.01
4516000,127.18,108.76,90.85,88.23,116.29
4517000,127.62,108.99,90.73,89.23,113.99
4518000,127.62,109.45,91.69,89.01,113.96
4519000,128.98,108.99,92.99,88.06,113.96
4520000,129.85,108.47,91.64,88.78,115.13
4521000,131.52,107.04,86.51,87.31,113.98
4522000,131.52,108.46,86.51,86.69,115.18
4523000,130.13,108.46,85.77,85.79,114.26
4524000,130.13,108.46,86.09,86.17,114.93
4525000,128.96,110.57,86.89,85.1,115.49
4526000,128.96,110.56,86.89,85.08,114.8
4527000,128.23,110.74,87.52,85.0,115.51
4528000,126.01,107.7,88.32,84.62,114.38
4529000,126.5,108.9,85.67,84.62,113.54
4530000,126.5,109.65,85.67,85.31,113.56
4531000,127.72,109.65,85.98,85.76,114.01
4532000,128.89,110.85,86.92,87.35,113.75
4533000,128.89,110.85,86.91,88.08,113.79
4534000,129.73,111.7,87.29,87.61,114.03
4535000,131.06,112.62,87.0,87.12,112.56
4536000,131.06,110.47,85.57,87.9,113.38
4537000,132.26,108.94,85.5,89.51,114.6
4538000,131.58,108.24,84.51,90.1,112.69
4539000,131.85,107.16,84.65,88.86,112.27
4540000,132.86,107.87,84.55,86.81,111.69
4541000,132.62,105.38,84.47,84.76,111.41
4542000,133.43,107.21,81.86,83.94,110.93
4543000,133.47,106.23,81.86,83.95,111.42
4544000,132.98,105.32,81.4,83.02,111.42
4545000,132.62,105.08,80.36,81.86,111.28
4546000,129.68,106.49,81.57,82.5,110.89
4547000,129.68,106.8,82.78,82.67,108.47
4548000,130.27,102.07,80.24,82.68,108.07
4549000,130.27,102.25,80.76,83.08,108.97
4550000,131.04,101.95,80.52,82.33,109.5
4551000,130.25,103.66,81.23,81.92,107.89
4552000,130.25,103.67,81.21,83.24,107.88
4553000,130.81,102.67,82.88,84.19,104.81
4554000,130.81,104.02,82.33,83.4,105.54
4555000,131.73,105.29,82.57,85.52,103.54
4556000,131.33,103.36,82.57,85.74,103.32
4557000,128.22,102.28,84.24,85.97,103.99
4558000,125.55,103.35,83.34,86.22,105.2
4559000,125.78,102.38,85.0,87.09,104.07
4560000,125.78,103.82,85.92,87.09,100.99
4561000,123.33,103.82,85.16,88.81,100.07
4562000,124.41,105.99,85.64,89.4,99.64
4563000,124.41,105.99,87.21,89.4,99.64
4564000,125.33,104.74,88.18,89.87,96.58
4565000,124.06,102.93,88.55,90.26,97.07
4566000,124.1,104.2,88.55,90.0,97.32
4567000,125.68,99.26,89.58,90.03,97.39
4568000,126.81,98.77,89.82,89.31,96.9
4569000,126.81,100.66,90.04,89.78,98.69
4570000,126.55,100.65,90.54,89.58,97.74
4571000,125.72,101.66,90.0,88.87,97.12
4572000,127.02,102.87,88.68,88.75,96.45
4573000,125.89,102.63,88.68,88.98,97.66
4574000,125.29,103.43,87.66,86.89,98.33
4575000,125.07,104.72,87.66,86.89,97.84
4576000,126.69,105.16,88.38,87.28,99.13
4577000,127.41,99.86,87.01,87.28,98.44
4578000,127.41,99.55,87.45,86.54,97.07
4579000,130.28,98.58,85.98,86.44,98.4
4580000,130.28,98.58,85.73,86.32,98.4
4581000,131.33,98.66,84.53,86.09,96.83
4582000,130.59,98.98,85.39,87.4,96.83
4583000,132.03,98.98,85.17,86.71,98.35
4584000,130.61,101.37,86.45,85.95,95.99
4585000,131.08,99.47,87.32,86.43,96.28
4586000,131.08,99.47,88.51,87.96,97.24
4587000,127.71,100.21,87.02,88.14,97.46
4588000,126.19,100.42,86.89,89.32,97.46
4589000,125.79,95.16,85.47,90.49,98.19
4590000,125.79,93.67,84.96,90.41,98.65
4591000,127.18,95.34,85.74,91.12,99.13
4592000,125.7,95.1,84.34,91.43,98.45
4593000,125.7,93.93,83.28,91.52,98.27
4594000,125.93,93.26,81.32,92.97,99.12
4595000,127.25,91.91,82.08,93.24,100.37
4596000,128.88,92.49,82.56,93.98,100.42
4597000,129.82,93.24,82.54,94.19,100.65
4598000,130.27,92.27,83.63,92.49,99.55
4599000,131.03,92.48,83.63,93.21,97.29
4600000,130.69,91.51,84.28,92.99,97.46
4601000,130.93,91.51,84.11,90.52,97.76
4602000,130.93,90.65,84.51,91.18,96.47
4603000,133.19,89.75,84.63,88.27,97.15
4604000,132.7,89.75,85.69,88.27,97.15
4605000,130.26,92.14,86.25,88.93,97.6
4606000,130.26,92.49,85.64,88.44,98.03
4607000,132.65,90.89,86.07,89.39,98.02
4608000,132.88,91.62,88.3,89.86,97.54
4609000,133.13,89.49,88.34,90.99,96.12
4610000,133.13,89.49,89.68,87.86,97.1
4611000,131.58,90.93,89.13,89.45,97.04
4612000,130.72,91.86,89.12,89.28,97.23
4613000,130.72,92.1,89.71,88.47,97.23
4614000,131.19,91.74,89.11,90.08,98.47
4615000,131.17,90.75,88.03,90.08,98.92
4616000,131.17,92.35,87.4,90.41,98.9
4617000,131.28,93.19,86.46,90.9,99.72
4618000,131.28,93.26,82.99,89.17,98.5
4619000,130.61,94.22,80.35,89.17,98.45
4620000,130.61,91.4,77.47,89.15,99.17
4621000,132.56,89.53,77.47,88.21,99.19
4622000,133.56,88.74,76.04,88.69,99.0
4623000,133.56,89.44,76.04,89.18,99.0
4624000,132.81,89.43,75.32,89.18,98.76
4625000,132.81,89.67,75.17,90.86,97.56
4626000,132.36,86.4,75.39,91.78,97.2
4627000,131.97,86.4,75.39,92.03,98.79
4628000,131.33,87.11,76.3,91.03,99.02
4629000,131.33,86.87,75.3,89.39,100.03
4630000,131.58,86.58,76.14,89.26,100.37
4631000,131.47,87.63,74.35,88.46,100.7
4632000,131.95,87.63,72.85,89.69,100.0
4633000,132.43,89.31,74.38,90.65,99.76
4634000,132.35,90.27,75.28,89.44,99.32
4635000,132.6,89.21,74.01,89.98,100.25
4636000,132.58,89.21,74.21,88.71,101.83
4637000,132.58,87.79,73.69,89.59,100.79
4638000,132.35,87.74,73.39,89.59,101.64
4639000,132.54,88.64,74.3,90.49,101.85
4640000,131.98,85.44,75.15,90.35,102.32
4641000,129.19,86.87,73.39,90.87,103.72
4642000,129.91,87.25,72.02,91.65,103.22
4643000,130.56,88.2,73.16,92.36,102.52
4644000,130.56,89.22,73.42,93.45,101.77
4645000,131.7,90.15,72.9,93.01,102.14
4646000,131.99,89.23,74.02,93.35,101.22
4647000,130.47,87.99,75.01,93.1,101.24
4648000,130.44,85.99,75.5,93.83,96.87
4649000,130.67,85.99,75.75,94.47,97.05
4650000,131.24,85.69,76.11,94.0,97.05
4651000,131.96,84.49,76.34,92.47,97.44
4652000,132.7,84.49,76.12,92.41,97.46
4653000,132.7,86.36,76.02,93.1,98.39
4654000,133.67,86.8,76.85,93.44,98.71
4655000,133.5,87.35,77.22,92.49,99.77
4656000,133.97,86.11,75.73,92.74,99.77
4657000,133.97,87.5,75.49,94.25,99.55
4658000,136.65,86.51,75.62,93.83,99.56
4659000,136.65,86.51,74.06,92.79,97.53
4660000,135.98,86.74,72.57,91.16,97.53
4661000,137.13,86.69,73.02,91.12,98.2
4662000,137.78,85.27,71.66,90.94,98.43
4663000,139.3,84.55,72.85,89.98,97.71
4664000,139.3,83.9,72.26,90.21,98.21
4665000,138.53,84.8,69.51,89.79,96.09
4666000,138.87,84.57,69.75,91.63,94.86
4667000,138.87,84.57,70.68,92.11,94.62
4668000,138.88,83.95,71.72,92.82,95.1
4669000,138.88,84.56,72.12,92.55,95.72
4670000,140.33,86.24,71.98,93.03,96.19
4671000,139.78,85.27,72.88,93.04,96.7
4672000,139.78,85.86,74.22,94.25,97.45
4673000,140.97,85.86,74.21,94.56,97.45
4674000,140.97,85.86,74.79,95.79,99.12
4675000,139.98,87.29,75.53,96.12,99.12
4676000,139.98,87.29,76.71,96.41,100.24
4677000,139.46,88.0,76.71,95.8,101.34
4678000,137.32,88.0,77.21,96.66,99.93
4679000,138.3,87.55,77.91,96.9,99.93
4680000,138.56,88.94,76.43,96.77,100.84
4681000,138.44,88.35,76.62,96.67,101.31
4682000,138.67,88.78,75.61,96.27,101.07
4683000,138.67,89.7,73.93,97.57,102.0
4684000,139.65,88.33,74.38,97.1,102.23
4685000,139.65,88.84,73.67,97.1,104.18
4686000,139.88,89.78,73.67,98.53,104.88
4687000,141.26,89.22,75.11,98.53,104.43
4688000,141.26,90.74,76.3,98.33,104.43
4689000,141.26,91.95,75.19,98.15,105.93
4690000,142.76,91.95,74.29,98.61,105.55
4691000,141.06,93.15,74.83,98.64,107.19
4692000,141.06,94.13,75.55,99.61,106.46
4693000,142.75,92.93,76.42,100.55,105.7
4694000,143.03,93.41,76.8,99.41,107.13
4695000,142.03,94.31,76.39,98.71,106.56
4696000,140.36,94.92,75.92,98.23,107.14
4697000,139.63,93.0,75.61,96.79,106.34
4698000,139.91,93.01,75.85,95.84,106.26
4699000,139.91,92.01,76.0,96.23,106.5
4700000,141.26,90.33,77.6,95.93,108.18
4701000,139.35,90.33,77.6,95.93,108.18
4702000,137.73,90.95,77.8,97.04,107.47
4703000,136.5,92.38,77.18,96.93,106.94
4704000,134.6,92.38,77.17,97.0,107.66
4705000,135.07,92.38,77.58,95.42,106.5
4706000,135.04,94.3,77.58,95.29,107.68
4707000,135.04,94.32,78.74,94.73,108.07
4708000,136.65,95.42,78.74,95.48,107.57
4709000,137.78,94.98,79.93,96.22,108.3
4710000,135.69,96.16,79.93,94.4,108.62
4711000,135.45,96.2,81.19,91.64,109.15
4712000,134.78,95.88,80.71,90.3,109.15
4713000,134.27,94.48,81.17,87.55,109.85
4714000,134.27,93.21,81.88,87.66,110.32
4715000,135.96,94.41,80.17,87.66,108.02
4716000,135.96,94.84,81.43,89.09,109.14
4717000,136.29,96.27,81.88,89.81,109.14
4718000,136.29,96.27,81.9,90.01,108.29
4719000,137.52,96.27,81.98,90.49,107.12
4720000,135.9,99.35,82.97,91.24,107.58
4721000,135.18,98.73,82.72,91.74,107.61
4722000,134.23,97.97,85.08,90.87,107.61
4723000,134.17,98.61,85.69,91.45,108.3
4724000,135.62,99.57,85.06,91.21,108.84
4725000,135.6,100.64,85.2,90.24,108.81
4726000,135.6,100.64,84.88,89.98,109.27
4727000,133.01,100.66,85.74,90.93,108.37
4728000,133.36,101.43,85.74,91.13,109.54
4729000,129.91,101.67,86.91,91.18,105.8
4730000,130.19,101.81,87.44,92.05,105.11
4731000,130.2,102.04,87.44,92.02,103.98
4732000,131.1,101.74,88.58,92.02,104.23
4733000,131.1,102.16,88.84,91.67,103.51
4734000,133.91,103.58,89.88,91.71,103.66
4735000,134.39,103.58,89.67,89.46,103.96
4736000,134.41,105.28,91.36,89.91,103.96
4737000,134.84,104.84,92.15,90.14,103.08
4738000,134.84,104.84,92.35,89.75,101.88
4739000,135.45,106.22,91.65,89.28,103.04
4740000,131.69,106.81,91.06,87.93,103.04
4741000,131.69,107.47,92.16,88.41,104.28
4742000,132.01,107.47,92.66,88.89,104.09
4743000,130.36,109.11,92.89,88.89,104.48
4744000,130.36,109.33,92.92,88.9,104.24
4745000,130.36,109.33,94.38,90.58,103.77
4746000,133.15,109.09,93.22,90.58,104.26
4747000,131.7,110.31,93.27,91.06,104.23
4748000,130.98,110.31,93.15,91.53,105.67
4749000,129.54,108.64,94.78,91.43,106.16
4750000,128.57,107.28,95.89,92.04,106.67
4751000,128.57,107.3,95.43,92.21,101.15
4752000,130.3,108.27,95.46,94.36,101.45
4753000,130.3,109.48,96.4,94.81,101.45
4754000,130.55,107.34,95.02,95.94,101.45
4755000,129.94,108.54,96.1,97.04,101.18
4756000,129.75,108.54,95.85,97.26,100.95
4757000,123.46,106.07,94.13,96.32,100.95
4758000,123.46,107.0,94.13,96.03,101.55
4759000,123.72,106.29,95.55,94.83,98.41
4760000,123.87,107.25,96.27,94.82,97.38
4761000,122.29,107.06,96.52,95.04,95.16
4762000,122.29,107.64,97.97,95.04,95.4
4763000,121.88,108.05,95.68,92.71,95.71
4764000,122.61,109.39,95.42,93.48,96.69
4765000,122.61,109.82,93.77,93.72,95.8
4766000,123.07,110.17,93.94,94.23,93.85
4767000,122.44,109.26,93.71,93.03,95.24
4768000,122.2,106.94,93.86,94.01,95.53
4769000,118.12,106.26,92.35,92.9,92.37
4770000,118.12,106.15,91.26,92.97,92.37
4771000,114.92,106.83,90.47,92.7,94.28
4772000,114.92,103.95,89.3,90.75,94.28
4773000,117.6,104.66,89.33,91.18,96.44
4774000,118.28,104.39,88.62,91.06,96.44
4775000,117.52,104.39,85.46,91.06,98.13
4776000,117.52,106.33,83.43,91.72,100.06
4777000,117.52,105.93,85.1,90.19,101.02
4778000,119.77,106.41,84.42,90.19,100.53
4779000,119.77,106.41,84.38,91.63,100.26
4780000,120.73,105.91,83.92,93.19,101.53
4781000,121.82,105.44,84.53,94.26,102.35
4782000,122.35,103.98,83.56,94.92,102.0
4783000,122.11,103.98,82.61,94.94,101.26
4784000,123.32,105.64,82.46,95.86,100.1
4785000,124.43,105.64,83.46,96.58,98.8
4786000,124.43,107.64,84.18,96.47,98.9
4787000,123.43,104.67,83.31,95.79,98.4
4788000,123.43,105.38,83.31,94.82,99.52
4789000,125.86,105.08,83.35,90.22,100.21
4790000,125.76,105.33,82.19,89.98,99.75
4791000,126.23,105.78,82.51,89.66,99.32
4792000,126.76,105.78,83.65,89.66,100.22
4793000,126.76,105.42,82.02,91.57,100.73
4794000,127.66,105.42,81.5,91.09,101.95
4795000,128.62,107.53,81.5,90.85,101.47
4796000,127.46,109.41,82.12,91.3,101.47
4797000,126.34,108.58,81.37,91.3,102.93
4798000,128.49,105.55,79.82,92.03,101.03
4799000,128.49,106.22,80.0,91.82,100.61
4800000,127.86,108.11,79.28,93.43,100.64
4801000,126.89,108.42,78.5,92.83,100.98
4802000,127.34,108.42,75.93,93.26,100.98
4803000,127.38,109.64,76.35,92.34,102.57
4804000,126.32,107.55,76.07,91.54,103.26
4805000,124.8,107.72,74.03,90.81,103.93
4806000,123.82,106.84,73.2,92.05,103.93
4807000,122.63,106.84,72.8,92.29,103.88
4808000,123.11,109.3,74.46,92.77,103.64
4809000,123.11,109.3,74.91,92.77,103.79
4810000,124.08,111.27,76.33,94.52,102.21
4811000,122.86,111.74,76.33,94.99,102.21
4812000,122.86,111.89,78.0,95.96,103.94
4813000,123.75,111.89,79.05,93.32,103.4
4814000,123.59,112.21,79.4,92.59,104.36
4815000,123.59,112.51,79.11,91.13,105.04
4816000,125.89,110.52,80.06,91.13,105.04
4817000,126.54,110.44,80.29,91.37,105.42
4818000,126.9,111.13,81.49,91.49,104.84
4819000,128.1,108.49,81.97,91.54,104.61
4820000,129.88,108.06,81.5,90.73,105.22
4821000,129.88,106.07,79.57,89.98,105.8
4822000,131.05,107.35,79.88,89.8,105.8
4823000,131.52,107.36,80.71,89.8,107.7
4824000,131.52,107.6,80.17,90.52,105.66
4825000,131.52,106.89,80.85,91.96,103.27
4826000,134.87,106.14,82.38,90.61,102.31
4827000,134.87,107.43,82.66,91.57,103.73
4828000,136.09,107.43,83.11,92.01,103.97
4829000,134.92,110.96,84.5,91.96,103.74
4830000,135.69,111.32,83.48,92.68,103.02
4831000,136.84,112.26,83.81,92.78,104.2
4832000,137.1,112.14,84.2,93.74,103.5
4833000,137.1,111.9,85.16,94.55,102.3
4834000,137.1,112.11,86.86,93.7,101.85
4835000,139.73,111.9,87.06,92.37,102.86
4836000,140.21,111.9,88.41,92.63,103.09
4837000,140.22,113.31,88.36,92.63,103.09
4838000,140.22,113.31,88.07,94.31,103.09
4839000,141.44,113.79,88.6,92.1,106.18
4840000,141.83,114.35,89.57,93.06,106.91
4841000,141.83,115.72,89.57,93.88,107.4
4842000,142.08,115.72,91.26,94.58,107.34
4843000,143.56,116.07,91.73,93.52,106.82
4844000,143.56,117.5,91.73,94.4,106.51
4845000,140.25,117.43,92.39,95.97,107.25
4846000,139.07,118.19,93.02,95.97,108.1
4847000,139.07,118.19,93.01,95.95,106.7
4848000,139.28,117.91,93.72,96.9,106.45
4849000,137.39,118.01,93.72,97.74,106.95
4850000,137.39,117.86,95.1,99.25,106.66
4851000,138.33,119.39,96.36,98.28,106.66
4852000,138.33,119.78,97.48,97.47,104.21
4853000,138.97,120.27,97.24,98.93,103.25
4854000,139.68,121.23,97.9,98.45,102.53
4855000,139.68,121.43,98.08,98.25,103.24
4856000,140.62,121.79,98.78,98.25,103.24
4857000,141.82,120.87,99.27,100.64,103.84
4858000,142.88,120.84,98.07,99.76,102.22
4859000,142.88,121.73,98.82,99.76,103.26
4860000,142.42,120.78,98.82,101.7,102.34
4861000,142.69,120.96,100.73,102.18,102.04
4862000,143.57,121.63,100.25,102.18,101.91
4863000,145.0,120.49,101.4,103.62,101.91
4864000,145.0,121.68,100.46,103.46,103.61
4865000,145.0,121.92,100.77,103.37,103.42
4866000,146.91,121.96,99.56,104.72,102.8
4867000,148.59,121.24,100.51,106.1,103.28
4868000,147.87,121.97,99.01,106.1,99.08
4869000,147.33,121.97,98.83,107.37,99.66
4870000,147.33,119.31,99.3,109.39,99.2
4871000,147.12,120.18,99.34,110.02,98.7
4872000,146.93,120.18,100.32,109.82,98.92
4873000,145.46,119.05,100.32,110.71,98.55
4874000,146.47,118.8,102.22,109.51,99.95
4875000,144.77,118.8,102.68,109.27,99.92
4876000,144.77,119.82,102.05,109.0,99.28
4877000,143.63,119.86,102.92,106.94,99.44
4878000,139.67,119.86,101.47,106.95,99.45
4879000,139.67,122.0,102.12,106.29,99.49
4880000,140.41,121.08,102.08,105.15,99.49
4881000,140.41,118.99,103.23,106.53,100.82
4882000,140.41,117.54,104.33,106.75,100.82
4883000,141.84,118.74,103.14,106.75,100.82
4884000,141.85,119.62,102.29,107.94,103.62
4885000,141.1,120.34,102.29,108.07,104.58
4886000,141.82,120.38,100.58,108.59,103.76
4887000,142.17,119.43,99.01,108.34,104.39
4888000,142.17,118.94,98.73,109.1,101.29
4889000,141.41,118.49,98.73,108.74,101.41
4890000,140.81,119.7,100.64,108.74,100.73
4891000,140.04,120.9,100.64,108.8,99.72
4892000,139.83,119.49,99.21,107.3,99.72
4893000,138.72,119.49,99.21,108.25,100.26
4894000,139.65,115.95,100.42,109.44,101.46
4895000,139.96,117.26,100.91,109.65,100.46
4896000,139.96,115.27,101.38,110.84,100.47
4897000,138.45,115.27,101.38,110.84,99.05
4898000,138.45,115.25,102.66,111.16,99.69
4899000,138.45,115.12,102.66,110.85,100.84
4900000,142.31,115.07,101.17,111.09,101.07
4901000,142.31,115.07,100.47,110.68,101.73
4902000,144.45,115.08,100.38,110.42,100.6
4903000,144.45,115.34,100.07,110.92,100.58
4904000,147.08,116.58,101.44,109.28,100.12
4905000,147.48,117.01,102.12,109.24,99.22
4906000,147.64,116.77,101.74,109.24,98.28
4907000,146.43,118.51,100.84,109.32,98.72
4908000,148.27,117.47,100.63,108.36,97.94
4909000,146.62,117.47,99.68,108.2,98.74
4910000,148.13,117.95,97.34,108.44,98.74
4911000,148.83,118.69,97.1,108.44,96.23
4912000,148.83,116.81,97.1,106.85,96.23
4913000,149.55,114.41,97.43,106.85,97.12
4914000,148.83,115.13,97.42,108.76,97.4
4915000,148.83,114.24,95.98,108.63,97.75
4916000,149.78,114.24,96.69,109.22,98.23
4917000,148.91,114.62,96.28,107.3,98.36
4918000,148.91,113.61,97.96,108.11,99.5
4919000,149.71,111.72,98.45,109.44,98.78
4920000,148.37,111.72,98.21,109.68,99.51
4921000,147.84,110.53,97.79,109.05,99.52
4922000,147.57,110.53,95.83,108.8,100.95
4923000,147.01,111.63,95.83,109.54,101.66
4924000,148.13,111.05,94.81,109.1,101.71
4925000,148.18,111.06,95.3,108.84,101.21
4926000,146.97,111.06,96.14,108.61,99.08
4927000,144.34,108.24,94.82,106.88,99.31
4928000,143.62,107.01,93.05,105.43,97.28
4929000,141.67,105.76,92.57,107.3,97.28
4930000,140.42,103.83,91.27,107.3,97.19
4931000,139.98,104.32,91.27,107.96,98.79
4932000,138.29,104.79,92.65,106.76,100.21
4933000,138.96,104.11,92.64,107.44,99.94
4934000,138.66,104.11,93.6,105.19,100.34
4935000,136.54,104.11,92.3,105.01,100.6
4936000,136.78,106.48,92.04,105.77,101.28
4937000,137.96,106.48,92.48,104.45,100.06
4938000,138.55,107.74,91.42,103.2,100.02
4939000,138.29,109.42,91.42,102.65,99.75
4940000,137.61,109.27,92.35,102.02,99.29
4941000,137.61,109.58,90.45,100.61,99.47
4942000,137.51,108.59,91.16,98.24,99.91
4943000,139.06,109.28,91.16,98.11,100.55
4944000,140.25,109.77,92.13,97.78,99.59
4945000,140.25,109.99,92.82,97.75,100.8
4946000,142.89,107.41,93.72,98.0,100.74
4947000,141.01,105.47,95.5,98.48,101.94
4948000,141.01,106.42,95.27,99.06,102.36
4949000,142.37,106.42,95.27,99.5,101.66
4950000,140.46,107.27,97.23,100.72,101.81
4951000,139.29,106.79,97.09,100.96,102.0
4952000,139.42,106.79,98.51,100.96,101.36
4953000,139.95,108.89,98.39,102.36,101.52
4954000,139.22,109.08,97.66,102.59,102.72
4955000,135.62,110.29,98.4,103.87,103.52
4956000,135.62,104.06,98.4,104.57,103.05
4957000,135.66,103.69,99.84,104.7,103.53
4958000,133.98,104.49,98.81,104.7,100.91
4959000,133.98,104.49,98.46,105.64,100.41
4960000,133.76,105.69,98.46,106.26,101.88
4961000,131.23,105.69,99.44,105.4,102.62
4962000,133.04,104.74,100.24,104.74,102.0
4963000,132.4,104.74,97.14,103.62,103.23
4964000,132.66,103.72,96.13,101.16,103.7
4965000,131.88,101.24,94.63,100.55,103.47
4966000,132.83,101.24,94.4,101.46,103.62
4967000,133.66,102.44,94.16,100.23,103.85
4968000,133.02,102.73,94.03,98.37,105.4
4969000,131.76,103.36,93.98,98.24,104.91
4970000,131.64,103.36,94.6,97.55,104.91
4971000,131.64,104.65,96.15,97.58,106.09
4972000,130.91,105.6,95.32,97.33,106.11
4973000,128.08,106.9,94.14,98.05,106.36
4974000,128.01,105.57,94.58,98.11,106.36
4975000,128.01,106.31,95.32,98.09,107.54
4976000,129.72,104.48,96.21,98.1,105.94
4977000,128.31,103.77,96.02,98.09,105.94
4978000,128.3,105.02,95.86,98.19,106.9
4979000,127.85,105.01,96.33,98.07,107.82
4980000,128.41,105.01,97.26,98.21,107.82
4981000,128.41,105.24,97.73,96.02,108.8
4982000,130.82,105.15,98.85,96.03,108.28
4983000,130.63,106.32,98.85,97.0,108.28
4984000,128.79,106.32,100.08,96.25,108.93
4985000,129.42,108.56,98.41,96.93,109.58
4986000,129.42,109.76,99.5,96.93,111.19
4987000,130.61,107.87,99.72,98.14,110.64
4988000,130.85,108.55,100.45,98.5,110.4
4989000,130.68,108.55,100.04,99.19,111.85
4990000,130.68,108.75,100.12,98.14,112.08
4991000,125.48,108.66,99.66,98.0,110.88
4992000,123.86,108.66,100.74,99.17,110.6
4993000,123.86,108.66,99.77,99.88,109.71
4994000,123.39,111.24,99.53,99.88,110.48
4995000,123.64,111.24,100.25,101.28,110.71
4996000,123.05,113.4,99.99,101.9,111.76
4997000,123.05,113.4,98.64,100.92,110.55
4998000,123.05,113.64,99.12,100.0,111.75
4999000,125.32,110.95,98.63,98.47,111.53
