step,seed1,seed2,seed3,seed4,seed5
1000,0.0,0.09375,0.0,0.03125,0.0882353
2000,0.024390243,0.10526316,0.04347826,0.028571429,0.118644066
3000,0.05,0.10227273,0.04,0.04,0.1
4000,0.09,0.09,0.04,0.05,0.09
5000,0.12,0.08,0.03,0.08,0.09
6000,0.09,0.04,0.06,0.08,0.11
7000,0.12,0.04,0.09,0.07,0.11
8000,0.1,0.08,0.08,0.09,0.12
9000,0.08,0.08,0.04,0.1,0.1
10000,0.08,0.12,0.04,0.13,0.05
11000,0.09,0.13,0.08,0.14,0.05
12000,0.08,0.18,0.1,0.11,0.09
13000,0.08,0.18,0.15,0.09,0.1
14000,0.07,0.15,0.15,0.12,0.06
15000,0.09,0.1,0.12,0.16,0.09
16000,0.07,0.06,0.12,0.18,0.1
17000,0.09,0.1,0.11,0.2,0.07
18000,0.1,0.13,0.08,0.25,0.07
19000,0.06,0.12,0.07,0.19,0.06
20000,0.08,0.13,0.11,0.2,0.1
21000,0.06,0.08,0.11,0.19,0.09
22000,0.12,0.1,0.09,0.11,0.1
23000,0.12,0.07,0.1,0.1,0.12
24000,0.13,0.05,0.1,0.08,0.13
25000,0.11,0.05,0.1,0.08,0.12
26000,0.12,0.04,0.06,0.08,0.18
27000,0.17,0.05,0.1,0.07,0.13
28000,0.11,0.13,0.1,0.09,0.13
29000,0.09,0.17,0.13,0.07,0.14
30000,0.06,0.15,0.1,0.12,0.14
31000,0.09,0.06,0.11,0.19,0.17
32000,0.09,0.05,0.08,0.29,0.17
33000,0.05,0.09,0.11,0.27,0.16
34000,0.11,0.09,0.06,0.2,0.16
35000,0.16,0.09,0.08,0.21,0.14
36000,0.17,0.11,0.08,0.18,0.12
37000,0.13,0.11,0.12,0.21,0.1
38000,0.09,0.1,0.09,0.15,0.11
39000,0.07,0.09,0.09,0.14,0.14
40000,0.08,0.08,0.04,0.11,0.18
41000,0.11,0.11,0.07,0.13,0.21
42000,0.11,0.12,0.07,0.13,0.21
43000,0.15,0.16,0.13,0.15,0.2
44000,0.12,0.17,0.1,0.14,0.13
45000,0.11,0.21,0.09,0.13,0.12
46000,0.12,0.21,0.04,0.11,0.13
47000,0.11,0.21,0.05,0.14,0.12
48000,0.08,0.11,0.08,0.17,0.13
49000,0.1,0.11,0.08,0.14,0.14
50000,0.15,0.1,0.05,0.17,0.15
51000,0.13,0.1,0.07,0.15,0.19
52000,0.14,0.1,0.08,0.16,0.2
53000,0.18,0.13,0.14,0.16,0.16
54000,0.14,0.14,0.12,0.19,0.12
55000,0.24,0.14,0.07,0.2,0.13
56000,0.2,0.15,0.03,0.21,0.13
57000,0.25,0.21,0.06,0.17,0.13
58000,0.18,0.22,0.09,0.14,0.1
59000,0.2,0.19,0.14,0.13,0.13
60000,0.14,0.16,0.17,0.13,0.14
61000,0.11,0.15,0.15,0.16,0.16
62000,0.12,0.11,0.13,0.11,0.17
63000,0.11,0.1,0.12,0.08,0.19
64000,0.13,0.11,0.1,0.13,0.25
65000,0.14,0.12,0.14,0.12,0.24
66000,0.14,0.12,0.11,0.13,0.31
67000,0.17,0.14,0.17,0.13,0.27
68000,0.15,0.17,0.2,0.12,0.27
69000,0.12,0.23,0.16,0.15,0.25
70000,0.1,0.23,0.15,0.22,0.23
71000,0.12,0.18,0.12,0.17,0.22
72000,0.15,0.16,0.1,0.19,0.23
73000,0.21,0.15,0.11,0.18,0.23
74000,0.19,0.17,0.08,0.13,0.23
75000,0.22,0.2,0.11,0.18,0.21
76000,0.17,0.22,0.11,0.16,0.2
77000,0.22,0.17,0.1,0.11,0.16
78000,0.24,0.11,0.12,0.14,0.17
79000,0.29,0.09,0.15,0.1,0.17
80000,0.35,0.09,0.2,0.14,0.19
81000,0.32,0.08,0.23,0.15,0.17
82000,0.31,0.07,0.18,0.16,0.19
83000,0.27,0.11,0.17,0.17,0.19
84000,0.26,0.17,0.12,0.18,0.16
85000,0.14,0.18,0.2,0.2,0.17
86000,0.17,0.21,0.21,0.26,0.19
87000,0.17,0.14,0.27,0.27,0.19
88000,0.17,0.11,0.3,0.28,0.25
89000,0.18,0.14,0.27,0.25,0.28
90000,0.22,0.16,0.22,0.27,0.19
91000,0.18,0.24,0.21,0.18,0.21
92000,0.21,0.27,0.19,0.15,0.18
93000,0.24,0.23,0.17,0.05,0.15
94000,0.2,0.21,0.19,0.04,0.15
95000,0.27,0.19,0.21,0.07,0.09
96000,0.26,0.13,0.28,0.09,0.12
97000,0.29,0.16,0.31,0.09,0.1
98000,0.24,0.27,0.39,0.07,0.12
99000,0.22,0.26,0.38,0.07,0.19
100000,0.2,0.29,0.38,0.09,0.2
101000,0.26,0.28,0.34,0.1,0.21
102000,0.29,0.3,0.39,0.14,0.08
103000,0.35,0.31,0.34,0.23,0.07
104000,0.33,0.29,0.35,0.26,0.07
105000,0.28,0.24,0.38,0.25,0.07
106000,0.33,0.26,0.45,0.11,0.07
107000,0.38,0.32,0.4,0.1,0.11
108000,0.32,0.33,0.39,0.12,0.18
109000,0.42,0.34,0.39,0.08,0.21
110000,0.43,0.3,0.32,0.18,0.22
111000,0.43,0.3,0.31,0.23,0.2
112000,0.42,0.33,0.28,0.23,0.24
113000,0.37,0.29,0.28,0.25,0.15
114000,0.4,0.21,0.22,0.24,0.14
115000,0.35,0.26,0.24,0.27,0.16
116000,0.39,0.28,0.28,0.25,0.13
117000,0.44,0.28,0.25,0.27,0.15
118000,0.41,0.26,0.24,0.26,0.2
119000,0.48,0.24,0.31,0.3,0.2
120000,0.35,0.25,0.32,0.3,0.2
121000,0.37,0.26,0.34,0.31,0.21
122000,0.39,0.28,0.35,0.33,0.24
123000,0.34,0.29,0.37,0.33,0.31
124000,0.36,0.29,0.35,0.39,0.32
125000,0.28,0.29,0.29,0.33,0.32
126000,0.32,0.29,0.32,0.23,0.33
127000,0.27,0.31,0.26,0.16,0.29
128000,0.28,0.34,0.28,0.08,0.29
129000,0.26,0.33,0.35,0.11,0.29
130000,0.26,0.34,0.35,0.12,0.29
131000,0.25,0.27,0.39,0.13,0.27
132000,0.25,0.23,0.44,0.19,0.28
133000,0.2,0.28,0.42,0.26,0.25
134000,0.22,0.24,0.4,0.23,0.22
135000,0.2,0.24,0.35,0.22,0.23
136000,0.31,0.29,0.37,0.23,0.28
137000,0.31,0.32,0.36,0.28,0.32
138000,0.33,0.37,0.38,0.26,0.32
139000,0.25,0.38,0.37,0.29,0.37
140000,0.27,0.35,0.43,0.27,0.37
141000,0.19,0.37,0.48,0.39,0.4
142000,0.2,0.44,0.5,0.44,0.46
143000,0.21,0.48,0.53,0.39,0.42
144000,0.24,0.47,0.47,0.36,0.4
145000,0.23,0.45,0.38,0.36,0.37
146000,0.22,0.45,0.38,0.39,0.24
147000,0.21,0.49,0.35,0.25,0.23
148000,0.21,0.5,0.37,0.27,0.21
149000,0.23,0.5,0.36,0.28,0.26
150000,0.3,0.42,0.42,0.26,0.26
151000,0.32,0.4,0.46,0.3,0.27
152000,0.4,0.35,0.44,0.29,0.34
153000,0.38,0.31,0.49,0.33,0.35
154000,0.36,0.29,0.49,0.38,0.22
155000,0.33,0.29,0.47,0.34,0.29
156000,0.33,0.28,0.46,0.34,0.28
157000,0.3,0.27,0.47,0.33,0.25
158000,0.27,0.31,0.46,0.31,0.26
159000,0.23,0.35,0.48,0.31,0.33
160000,0.29,0.32,0.4,0.29,0.3
161000,0.21,0.39,0.41,0.27,0.28
162000,0.19,0.35,0.42,0.32,0.29
163000,0.18,0.29,0.41,0.28,0.32
164000,0.13,0.26,0.34,0.29,0.28
165000,0.17,0.28,0.37,0.33,0.25
166000,0.25,0.25,0.37,0.33,0.27
167000,0.28,0.26,0.45,0.27,0.29
168000,0.29,0.29,0.44,0.26,0.31
169000,0.28,0.33,0.42,0.27,0.35
170000,0.3,0.34,0.38,0.23,0.32
171000,0.33,0.31,0.41,0.21,0.36
172000,0.32,0.3,0.42,0.26,0.33
173000,0.33,0.29,0.31,0.28,0.33
174000,0.36,0.29,0.24,0.32,0.26
175000,0.45,0.28,0.28,0.35,0.27
176000,0.51,0.24,0.27,0.32,0.27
177000,0.51,0.3,0.32,0.37,0.31
178000,0.48,0.3,0.34,0.45,0.31
179000,0.46,0.38,0.35,0.43,0.26
180000,0.46,0.4,0.42,0.41,0.32
181000,0.41,0.46,0.44,0.39,0.31
182000,0.38,0.49,0.49,0.42,0.3
183000,0.29,0.53,0.54,0.45,0.29
184000,0.36,0.59,0.52,0.35,0.33
185000,0.35,0.59,0.55,0.41,0.41
186000,0.39,0.53,0.53,0.45,0.42
187000,0.38,0.5,0.5,0.43,0.44
188000,0.35,0.43,0.47,0.46,0.46
189000,0.45,0.35,0.5,0.43,0.51
190000,0.42,0.27,0.5,0.39,0.51
191000,0.42,0.29,0.54,0.35,0.5
192000,0.42,0.35,0.49,0.28,0.58
193000,0.38,0.32,0.51,0.32,0.56
194000,0.37,0.32,0.53,0.34,0.55
195000,0.39,0.33,0.54,0.31,0.53
196000,0.29,0.31,0.53,0.31,0.53
197000,0.27,0.33,0.56,0.37,0.48
198000,0.24,0.36,0.54,0.41,0.48
199000,0.22,0.36,0.53,0.42,0.49
200000,0.3,0.36,0.51,0.34,0.39
201000,0.34,0.34,0.49,0.35,0.36
202000,0.37,0.38,0.52,0.34,0.3
203000,0.44,0.42,0.51,0.38,0.35
204000,0.49,0.41,0.54,0.36,0.33
205000,0.45,0.4,0.57,0.35,0.35
206000,0.5,0.45,0.51,0.31,0.39
207000,0.53,0.45,0.51,0.32,0.46
208000,0.48,0.42,0.5,0.32,0.48
209000,0.39,0.46,0.54,0.33,0.51
210000,0.32,0.49,0.5,0.36,0.57
211000,0.3,0.46,0.46,0.36,0.66
212000,0.32,0.46,0.48,0.35,0.63
213000,0.35,0.4,0.4,0.39,0.67
214000,0.38,0.47,0.39,0.4,0.71
215000,0.38,0.47,0.41,0.42,0.75
216000,0.45,0.44,0.39,0.42,0.62
217000,0.44,0.39,0.38,0.42,0.63
218000,0.48,0.35,0.49,0.41,0.57
219000,0.54,0.38,0.53,0.36,0.48
220000,0.53,0.38,0.51,0.4,0.4
221000,0.66,0.37,0.55,0.36,0.33
222000,0.63,0.32,0.53,0.31,0.36
223000,0.58,0.29,0.62,0.37,0.4
224000,0.61,0.34,0.67,0.35,0.44
225000,0.59,0.36,0.7,0.36,0.44
226000,0.56,0.32,0.7,0.35,0.41
227000,0.47,0.35,0.62,0.4,0.42
228000,0.43,0.43,0.53,0.46,0.5
229000,0.37,0.44,0.63,0.5,0.56
230000,0.38,0.44,0.63,0.5,0.58
231000,0.4,0.45,0.65,0.5,0.61
232000,0.37,0.5,0.58,0.55,0.59
233000,0.43,0.5,0.62,0.48,0.58
234000,0.46,0.46,0.59,0.52,0.59
235000,0.49,0.52,0.54,0.55,0.65
236000,0.49,0.53,0.57,0.48,0.77
237000,0.53,0.5,0.57,0.39,0.74
238000,0.43,0.48,0.57,0.38,0.69
239000,0.46,0.46,0.49,0.39,0.73
240000,0.49,0.42,0.52,0.38,0.71
241000,0.48,0.47,0.52,0.4,0.72
242000,0.54,0.37,0.51,0.51,0.75
243000,0.56,0.45,0.46,0.49,0.75
244000,0.59,0.49,0.43,0.51,0.76
245000,0.58,0.51,0.43,0.56,0.73
246000,0.55,0.55,0.44,0.63,0.7
247000,0.57,0.56,0.48,0.64,0.66
248000,0.62,0.46,0.52,0.65,0.61
249000,0.68,0.46,0.52,0.67,0.59
250000,0.68,0.41,0.47,0.6,0.52
251000,0.64,0.33,0.53,0.52,0.49
252000,0.62,0.3,0.58,0.5,0.47
253000,0.63,0.29,0.63,0.51,0.45
254000,0.66,0.29,0.66,0.42,0.4
255000,0.67,0.36,0.68,0.32,0.41
256000,0.7,0.41,0.65,0.32,0.45
257000,0.68,0.46,0.63,0.33,0.45
258000,0.72,0.52,0.64,0.38,0.47
259000,0.62,0.53,0.64,0.43,0.55
260000,0.59,0.53,0.65,0.4,0.55
261000,0.61,0.52,0.62,0.41,0.58
262000,0.68,0.52,0.63,0.45,0.62
263000,0.71,0.5,0.65,0.48,0.65
264000,0.66,0.52,0.66,0.49,0.67
265000,0.61,0.56,0.66,0.47,0.7
266000,0.64,0.56,0.66,0.44,0.71
267000,0.62,0.53,0.69,0.41,0.7
268000,0.64,0.49,0.73,0.43,0.71
269000,0.69,0.48,0.7,0.4,0.7
270000,0.73,0.5,0.76,0.39,0.71
271000,0.76,0.48,0.77,0.41,0.69
272000,0.63,0.43,0.72,0.39,0.64
273000,0.63,0.41,0.69,0.42,0.65
274000,0.67,0.4,0.65,0.49,0.65
275000,0.7,0.4,0.64,0.53,0.63
276000,0.73,0.4,0.6,0.51,0.55
277000,0.74,0.41,0.59,0.55,0.55
278000,0.76,0.46,0.55,0.59,0.51
279000,0.73,0.46,0.53,0.62,0.5
280000,0.6,0.42,0.56,0.59,0.51
281000,0.54,0.41,0.56,0.61,0.51
282000,0.57,0.45,0.53,0.62,0.5
283000,0.5,0.46,0.54,0.57,0.53
284000,0.41,0.5,0.51,0.5,0.52
285000,0.37,0.54,0.51,0.54,0.52
286000,0.32,0.57,0.55,0.44,0.56
287000,0.36,0.57,0.52,0.45,0.61
288000,0.43,0.52,0.52,0.44,0.62
289000,0.48,0.51,0.55,0.51,0.66
290000,0.48,0.48,0.51,0.45,0.64
291000,0.54,0.51,0.49,0.49,0.61
292000,0.57,0.55,0.49,0.54,0.59
293000,0.6,0.48,0.56,0.55,0.67
294000,0.61,0.48,0.57,0.55,0.67
295000,0.66,0.42,0.6,0.61,0.64
296000,0.67,0.41,0.62,0.62,0.64
297000,0.63,0.45,0.61,0.63,0.52
298000,0.6,0.54,0.66,0.66,0.53
299000,0.66,0.59,0.68,0.66,0.56
300000,0.61,0.62,0.69,0.65,0.58
301000,0.62,0.61,0.66,0.68,0.61
302000,0.68,0.6,0.66,0.73,0.65
303000,0.7,0.61,0.58,0.66,0.61
304000,0.77,0.64,0.6,0.67,0.59
305000,0.8,0.61,0.59,0.64,0.62
306000,0.72,0.6,0.58,0.66,0.64
307000,0.67,0.62,0.58,0.65,0.65
308000,0.69,0.56,0.63,0.59,0.7
309000,0.62,0.54,0.64,0.57,0.69
310000,0.63,0.48,0.62,0.56,0.76
311000,0.6,0.46,0.64,0.57,0.69
312000,0.51,0.5,0.73,0.53,0.67
313000,0.43,0.53,0.73,0.58,0.64
314000,0.35,0.52,0.75,0.61,0.64
315000,0.36,0.51,0.74,0.68,0.65
316000,0.33,0.53,0.7,0.7,0.71
317000,0.34,0.59,0.71,0.65,0.75
318000,0.44,0.59,0.78,0.6,0.75
319000,0.44,0.59,0.73,0.59,0.73
320000,0.52,0.6,0.78,0.61,0.72
321000,0.51,0.6,0.77,0.58,0.61
322000,0.52,0.55,0.79,0.59,0.63
323000,0.59,0.58,0.77,0.57,0.65
324000,0.64,0.56,0.66,0.52,0.67
325000,0.65,0.57,0.72,0.49,0.69
326000,0.72,0.56,0.76,0.49,0.73
327000,0.72,0.57,0.81,0.51,0.7
328000,0.72,0.54,0.86,0.6,0.66
329000,0.68,0.54,0.79,0.61,0.55
330000,0.61,0.49,0.84,0.65,0.6
331000,0.58,0.49,0.79,0.63,0.59
332000,0.65,0.5,0.73,0.65,0.61
333000,0.67,0.49,0.73,0.66,0.66
334000,0.68,0.52,0.71,0.63,0.64
335000,0.79,0.55,0.75,0.67,0.58
336000,0.79,0.53,0.77,0.69,0.57
337000,0.7,0.49,0.65,0.64,0.54
338000,0.73,0.53,0.66,0.66,0.62
339000,0.71,0.57,0.66,0.6,0.68
340000,0.71,0.59,0.69,0.58,0.68
341000,0.71,0.59,0.67,0.55,0.73
342000,0.72,0.59,0.66,0.53,0.81
343000,0.8,0.59,0.62,0.58,0.85
344000,0.73,0.53,0.67,0.6,0.9
345000,0.69,0.53,0.68,0.58,0.89
346000,0.69,0.54,0.63,0.55,0.93
347000,0.59,0.53,0.66,0.56,0.97
348000,0.59,0.52,0.67,0.57,1.01
349000,0.59,0.44,0.74,0.55,0.95
350000,0.63,0.43,0.77,0.6,0.98
351000,0.66,0.45,0.73,0.64,0.97
352000,0.68,0.46,0.75,0.62,0.88
353000,0.69,0.48,0.69,0.63,0.86
354000,0.64,0.5,0.7,0.62,0.73
355000,0.64,0.56,0.7,0.56,0.77
356000,0.66,0.54,0.74,0.58,0.73
357000,0.64,0.54,0.76,0.58,0.74
358000,0.68,0.53,0.75,0.6,0.7
359000,0.68,0.55,0.75,0.59,0.67
360000,0.7,0.59,0.72,0.6,0.72
361000,0.75,0.6,0.7,0.62,0.76
362000,0.71,0.59,0.69,0.58,0.69
363000,0.73,0.61,0.67,0.57,0.73
364000,0.72,0.62,0.72,0.59,0.75
365000,0.76,0.64,0.76,0.59,0.76
366000,0.73,0.62,0.76,0.63,0.75
367000,0.72,0.59,0.81,0.7,0.73
368000,0.7,0.59,0.82,0.67,0.76
369000,0.7,0.6,0.77,0.66,0.77
370000,0.75,0.62,0.71,0.67,0.78
371000,0.74,0.65,0.71,0.7,0.79
372000,0.72,0.64,0.67,0.71,0.81
373000,0.69,0.62,0.66,0.67,0.82
374000,0.61,0.63,0.66,0.62,0.83
375000,0.61,0.51,0.68,0.63,0.85
376000,0.55,0.52,0.68,0.64,0.83
377000,0.62,0.51,0.62,0.61,0.79
378000,0.62,0.5,0.61,0.54,0.75
379000,0.65,0.54,0.64,0.52,0.78
380000,0.67,0.56,0.6,0.55,0.85
381000,0.6,0.55,0.59,0.6,0.82
382000,0.68,0.49,0.64,0.56,0.82
383000,0.7,0.48,0.67,0.53,0.77
384000,0.7,0.52,0.68,0.5,0.8
385000,0.74,0.54,0.62,0.52,0.82
386000,0.81,0.56,0.63,0.53,0.84
387000,0.77,0.59,0.6,0.49,0.84
388000,0.79,0.59,0.55,0.5,0.88
389000,0.83,0.59,0.55,0.48,0.92
390000,0.84,0.61,0.54,0.48,0.94
391000,0.88,0.59,0.59,0.48,0.97
392000,0.83,0.63,0.6,0.53,0.97
393000,0.85,0.66,0.56,0.53,0.97
394000,0.84,0.68,0.61,0.48,1.03
395000,0.81,0.65,0.65,0.54,1.03
396000,0.8,0.59,0.61,0.57,1.02
397000,0.81,0.53,0.58,0.6,0.99
398000,0.78,0.57,0.56,0.64,0.92
399000,0.79,0.55,0.56,0.64,0.91
400000,0.82,0.57,0.57,0.66,0.92
401000,0.85,0.58,0.62,0.72,0.92
402000,0.82,0.58,0.64,0.72,0.88
403000,0.71,0.6,0.63,0.72,0.83
404000,0.72,0.61,0.58,0.75,0.86
405000,0.73,0.58,0.54,0.77,0.91
406000,0.73,0.57,0.56,0.69,1.0
407000,0.68,0.55,0.48,0.7,0.99
408000,0.57,0.61,0.49,0.71,0.93
409000,0.32,0.65,0.48,0.68,0.91
410000,0.27,0.62,0.52,0.62,0.89
411000,0.2,0.62,0.48,0.63,0.88
412000,0.18,0.62,0.51,0.65,0.93
413000,0.22,0.59,0.53,0.69,0.9
414000,0.29,0.55,0.47,0.65,0.84
415000,0.31,0.53,0.41,0.66,0.84
416000,0.33,0.46,0.45,0.64,0.89
417000,0.41,0.42,0.49,0.64,0.91
418000,0.45,0.39,0.5,0.62,0.87
419000,0.45,0.4,0.46,0.63,0.8
420000,0.53,0.35,0.46,0.64,0.66
421000,0.54,0.3,0.44,0.68,0.67
422000,0.6,0.28,0.48,0.67,0.68
423000,0.65,0.25,0.5,0.64,0.69
424000,0.64,0.21,0.49,0.65,0.65
425000,0.65,0.22,0.51,0.61,0.6
426000,0.59,0.2,0.54,0.53,0.59
427000,0.59,0.23,0.5,0.52,0.61
428000,0.56,0.26,0.54,0.49,0.62
429000,0.5,0.33,0.56,0.47,0.59
430000,0.49,0.34,0.57,0.47,0.57
431000,0.44,0.33,0.55,0.49,0.58
432000,0.45,0.37,0.6,0.52,0.61
433000,0.45,0.39,0.58,0.49,0.62
434000,0.49,0.37,0.63,0.47,0.65
435000,0.52,0.39,0.64,0.45,0.68
436000,0.6,0.41,0.64,0.46,0.69
437000,0.61,0.45,0.62,0.42,0.64
438000,0.62,0.47,0.65,0.42,0.62
439000,0.63,0.46,0.65,0.42,0.66
440000,0.64,0.5,0.65,0.47,0.7
441000,0.68,0.43,0.57,0.5,0.68
442000,0.65,0.39,0.56,0.51,0.72
443000,0.61,0.38,0.62,0.56,0.72
444000,0.67,0.34,0.62,0.55,0.77
445000,0.7,0.39,0.65,0.55,0.75
446000,0.69,0.39,0.68,0.54,0.78
447000,0.67,0.43,0.66,0.53,0.78
448000,0.67,0.43,0.65,0.58,0.79
449000,0.61,0.41,0.64,0.63,0.78
450000,0.55,0.39,0.61,0.68,0.76
451000,0.54,0.36,0.57,0.72,0.72
452000,0.57,0.35,0.59,0.73,0.74
453000,0.59,0.35,0.62,0.78,0.77
454000,0.58,0.41,0.62,0.82,0.78
455000,0.62,0.41,0.67,0.79,0.76
456000,0.6,0.44,0.71,0.78,0.73
457000,0.58,0.49,0.69,0.8,0.7
458000,0.57,0.53,0.67,0.76,0.69
459000,0.61,0.51,0.62,0.74,0.71
460000,0.58,0.51,0.6,0.76,0.68
461000,0.59,0.43,0.57,0.77,0.64
462000,0.62,0.45,0.59,0.79,0.66
463000,0.64,0.47,0.63,0.83,0.68
464000,0.66,0.49,0.66,0.7,0.65
465000,0.71,0.53,0.68,0.66,0.64
466000,0.73,0.56,0.68,0.61,0.63
467000,0.66,0.51,0.7,0.6,0.61
468000,0.69,0.49,0.74,0.55,0.61
469000,0.67,0.47,0.73,0.53,0.6
470000,0.58,0.48,0.64,0.59,0.54
471000,0.54,0.46,0.56,0.65,0.57
472000,0.52,0.44,0.56,0.64,0.58
473000,0.45,0.4,0.59,0.67,0.57
474000,0.38,0.39,0.63,0.68,0.62
475000,0.3,0.38,0.68,0.72,0.61
476000,0.25,0.42,0.68,0.68,0.6
477000,0.29,0.44,0.68,0.68,0.62
478000,0.32,0.41,0.64,0.66,0.61
479000,0.37,0.44,0.63,0.68,0.62
480000,0.37,0.47,0.64,0.74,0.61
481000,0.4,0.47,0.69,0.75,0.61
482000,0.47,0.43,0.71,0.79,0.63
483000,0.44,0.45,0.72,0.79,0.65
484000,0.45,0.49,0.65,0.78,0.65
485000,0.47,0.52,0.66,0.78,0.65
486000,0.48,0.54,0.66,0.75,0.63
487000,0.46,0.54,0.66,0.67,0.63
488000,0.45,0.52,0.64,0.63,0.59
489000,0.49,0.53,0.63,0.59,0.58
490000,0.5,0.52,0.63,0.61,0.56
491000,0.49,0.55,0.57,0.54,0.59
492000,0.49,0.52,0.54,0.55,0.6
493000,0.5,0.47,0.49,0.59,0.6
494000,0.46,0.44,0.41,0.58,0.63
495000,0.44,0.39,0.4,0.54,0.67
496000,0.47,0.34,0.38,0.52,0.68
497000,0.49,0.36,0.39,0.49,0.68
498000,0.5,0.38,0.33,0.5,0.65
499000,0.49,0.36,0.3,0.52,0.65
500000,0.52,0.34,0.24,0.48,0.67
501000,0.57,0.28,0.2,0.46,0.7
502000,0.58,0.23,0.22,0.48,0.66
503000,0.56,0.23,0.22,0.5,0.65
504000,0.54,0.2,0.21,0.48,0.65
505000,0.49,0.16,0.22,0.49,0.65
506000,0.49,0.16,0.2,0.5,0.63
507000,0.45,0.19,0.17,0.48,0.62
508000,0.46,0.2,0.18,0.48,0.58
509000,0.45,0.23,0.21,0.46,0.58
510000,0.48,0.25,0.22,0.43,0.6
511000,0.47,0.27,0.26,0.36,0.57
512000,0.44,0.28,0.3,0.41,0.58
513000,0.41,0.3,0.35,0.43,0.59
514000,0.37,0.32,0.38,0.43,0.6
515000,0.35,0.33,0.43,0.4,0.63
516000,0.35,0.35,0.49,0.41,0.62
517000,0.29,0.36,0.51,0.42,0.63
518000,0.34,0.36,0.57,0.41,0.56
519000,0.37,0.36,0.58,0.38,0.58
520000,0.38,0.36,0.58,0.4,0.61
521000,0.38,0.38,0.59,0.39,0.56
522000,0.39,0.38,0.62,0.39,0.56
523000,0.36,0.37,0.65,0.43,0.61
524000,0.38,0.34,0.64,0.43,0.63
525000,0.36,0.37,0.63,0.46,0.64
526000,0.39,0.38,0.68,0.45,0.62
527000,0.38,0.4,0.67,0.47,0.63
528000,0.41,0.4,0.7,0.48,0.64
529000,0.41,0.4,0.73,0.49,0.64
530000,0.4,0.4,0.77,0.47,0.63
531000,0.41,0.41,0.76,0.45,0.61
532000,0.46,0.44,0.79,0.4,0.62
533000,0.48,0.47,0.75,0.39,0.63
534000,0.45,0.48,0.73,0.38,0.65
535000,0.45,0.55,0.69,0.4,0.64
536000,0.43,0.57,0.75,0.39,0.6
537000,0.46,0.62,0.74,0.37,0.62
538000,0.48,0.63,0.76,0.36,0.64
539000,0.48,0.64,0.75,0.37,0.63
540000,0.46,0.73,0.78,0.35,0.65
541000,0.43,0.75,0.76,0.37,0.69
542000,0.42,0.74,0.71,0.35,0.75
543000,0.46,0.71,0.66,0.33,0.71
544000,0.47,0.66,0.65,0.36,0.7
545000,0.5,0.63,0.64,0.38,0.67
546000,0.53,0.65,0.69,0.38,0.63
547000,0.56,0.61,0.69,0.37,0.6
548000,0.56,0.57,0.7,0.4,0.58
549000,0.52,0.59,0.77,0.43,0.57
550000,0.51,0.59,0.79,0.43,0.58
551000,0.5,0.62,0.81,0.45,0.56
552000,0.53,0.68,0.82,0.46,0.59
553000,0.56,0.66,0.83,0.41,0.63
554000,0.52,0.57,0.8,0.44,0.63
555000,0.51,0.58,0.79,0.45,0.59
556000,0.52,0.48,0.75,0.45,0.57
557000,0.51,0.44,0.74,0.45,0.58
558000,0.52,0.47,0.75,0.46,0.54
559000,0.51,0.48,0.8,0.46,0.51
560000,0.48,0.5,0.83,0.47,0.47
561000,0.44,0.51,0.86,0.48,0.44
562000,0.4,0.5,0.8,0.43,0.44
563000,0.39,0.5,0.75,0.42,0.45
564000,0.34,0.48,0.73,0.42,0.45
565000,0.33,0.45,0.74,0.4,0.48
566000,0.33,0.47,0.68,0.37,0.49
567000,0.34,0.47,0.69,0.36,0.5
568000,0.29,0.45,0.71,0.35,0.48
569000,0.28,0.39,0.66,0.39,0.44
570000,0.31,0.37,0.61,0.39,0.45
571000,0.35,0.37,0.63,0.37,0.45
572000,0.36,0.37,0.62,0.36,0.43
573000,0.37,0.38,0.62,0.36,0.41
574000,0.38,0.39,0.64,0.37,0.42
575000,0.41,0.39,0.63,0.32,0.42
576000,0.42,0.39,0.58,0.33,0.45
577000,0.47,0.39,0.57,0.34,0.44
578000,0.47,0.38,0.6,0.32,0.45
579000,0.49,0.42,0.63,0.36,0.47
580000,0.51,0.43,0.63,0.37,0.47
581000,0.51,0.45,0.61,0.37,0.52
582000,0.52,0.48,0.59,0.37,0.54
583000,0.55,0.48,0.6,0.37,0.56
584000,0.54,0.48,0.63,0.37,0.53
585000,0.52,0.49,0.59,0.37,0.51
586000,0.5,0.51,0.6,0.37,0.49
587000,0.5,0.58,0.64,0.37,0.48
588000,0.55,0.62,0.67,0.35,0.48
589000,0.56,0.63,0.69,0.34,0.54
590000,0.53,0.68,0.69,0.36,0.58
591000,0.5,0.71,0.7,0.36,0.59
592000,0.49,0.73,0.68,0.37,0.57
593000,0.48,0.75,0.61,0.4,0.57
594000,0.48,0.76,0.59,0.4,0.61
595000,0.5,0.73,0.54,0.39,0.59
596000,0.52,0.71,0.57,0.41,0.58
597000,0.49,0.76,0.57,0.46,0.58
598000,0.49,0.77,0.53,0.46,0.58
599000,0.52,0.73,0.55,0.44,0.59
600000,0.51,0.7,0.52,0.45,0.62
601000,0.45,0.71,0.51,0.42,0.64
602000,0.44,0.73,0.52,0.47,0.67
603000,0.44,0.7,0.47,0.48,0.7
604000,0.46,0.61,0.4,0.51,0.66
605000,0.43,0.61,0.37,0.51,0.63
606000,0.44,0.6,0.31,0.52,0.62
607000,0.46,0.52,0.3,0.57,0.66
608000,0.44,0.51,0.29,0.59,0.66
609000,0.42,0.49,0.31,0.61,0.63
610000,0.43,0.49,0.33,0.58,0.61
611000,0.44,0.51,0.33,0.59,0.59
612000,0.41,0.53,0.34,0.63,0.58
613000,0.43,0.58,0.34,0.6,0.57
614000,0.45,0.61,0.34,0.59,0.55
615000,0.4,0.7,0.39,0.58,0.54
616000,0.48,0.68,0.43,0.62,0.55
617000,0.49,0.67,0.47,0.65,0.56
618000,0.54,0.69,0.52,0.67,0.57
619000,0.59,0.71,0.49,0.7,0.57
620000,0.63,0.7,0.5,0.68,0.58
621000,0.6,0.65,0.52,0.7,0.58
622000,0.64,0.63,0.56,0.74,0.58
623000,0.62,0.68,0.53,0.77,0.59
624000,0.67,0.69,0.54,0.77,0.66
625000,0.67,0.72,0.56,0.72,0.67
626000,0.68,0.74,0.56,0.74,0.68
627000,0.72,0.75,0.6,0.77,0.72
628000,0.74,0.74,0.58,0.76,0.71
629000,0.74,0.7,0.57,0.77,0.71
630000,0.73,0.64,0.55,0.74,0.71
631000,0.72,0.64,0.46,0.74,0.73
632000,0.71,0.65,0.45,0.75,0.67
633000,0.72,0.63,0.46,0.75,0.64
634000,0.71,0.68,0.48,0.7,0.59
635000,0.69,0.69,0.48,0.72,0.57
636000,0.68,0.69,0.48,0.74,0.56
637000,0.7,0.75,0.48,0.73,0.54
638000,0.66,0.77,0.5,0.71,0.55
639000,0.63,0.79,0.47,0.67,0.56
640000,0.62,0.8,0.46,0.68,0.55
641000,0.64,0.8,0.42,0.67,0.49
642000,0.59,0.75,0.37,0.64,0.43
643000,0.61,0.71,0.35,0.61,0.41
644000,0.58,0.71,0.37,0.62,0.42
645000,0.55,0.65,0.36,0.63,0.35
646000,0.58,0.66,0.37,0.66,0.34
647000,0.58,0.69,0.39,0.67,0.33
648000,0.6,0.66,0.41,0.68,0.29
649000,0.59,0.6,0.43,0.61,0.3
650000,0.58,0.64,0.46,0.63,0.32
651000,0.63,0.58,0.51,0.64,0.35
652000,0.61,0.55,0.5,0.6,0.37
653000,0.61,0.54,0.56,0.6,0.39
654000,0.57,0.51,0.6,0.56,0.36
655000,0.52,0.46,0.66,0.58,0.4
656000,0.53,0.52,0.69,0.57,0.39
657000,0.52,0.49,0.73,0.53,0.42
658000,0.48,0.48,0.71,0.53,0.46
659000,0.51,0.52,0.71,0.52,0.47
660000,0.51,0.57,0.69,0.49,0.5
661000,0.51,0.57,0.61,0.48,0.54
662000,0.53,0.57,0.6,0.48,0.54
663000,0.46,0.53,0.59,0.5,0.57
664000,0.45,0.59,0.55,0.53,0.6
665000,0.44,0.62,0.48,0.54,0.68
666000,0.49,0.63,0.5,0.53,0.73
667000,0.48,0.68,0.51,0.51,0.72
668000,0.44,0.7,0.48,0.5,0.73
669000,0.43,0.72,0.46,0.5,0.74
670000,0.43,0.72,0.44,0.51,0.72
671000,0.42,0.69,0.41,0.51,0.71
672000,0.44,0.71,0.35,0.53,0.74
673000,0.46,0.69,0.37,0.55,0.72
674000,0.48,0.73,0.39,0.56,0.7
675000,0.48,0.73,0.46,0.57,0.7
676000,0.42,0.77,0.5,0.6,0.69
677000,0.43,0.75,0.51,0.55,0.65
678000,0.42,0.69,0.5,0.54,0.65
679000,0.45,0.65,0.56,0.54,0.66
680000,0.47,0.62,0.57,0.59,0.66
681000,0.45,0.6,0.58,0.56,0.59
682000,0.39,0.61,0.61,0.57,0.59
683000,0.42,0.6,0.56,0.62,0.63
684000,0.42,0.64,0.59,0.57,0.65
685000,0.46,0.64,0.61,0.56,0.7
686000,0.47,0.65,0.63,0.57,0.73
687000,0.48,0.69,0.61,0.56,0.7
688000,0.48,0.66,0.66,0.53,0.67
689000,0.47,0.65,0.65,0.52,0.69
690000,0.46,0.73,0.63,0.5,0.69
691000,0.46,0.75,0.6,0.48,0.67
692000,0.5,0.7,0.58,0.46,0.7
693000,0.5,0.67,0.52,0.44,0.73
694000,0.49,0.68,0.54,0.46,0.75
695000,0.48,0.71,0.52,0.45,0.75
696000,0.48,0.71,0.49,0.45,0.72
697000,0.53,0.74,0.43,0.46,0.72
698000,0.49,0.76,0.46,0.41,0.72
699000,0.47,0.71,0.42,0.45,0.74
700000,0.46,0.63,0.45,0.44,0.73
701000,0.43,0.56,0.45,0.43,0.65
702000,0.42,0.51,0.45,0.41,0.64
703000,0.39,0.56,0.48,0.41,0.63
704000,0.39,0.53,0.47,0.39,0.67
705000,0.36,0.47,0.5,0.38,0.69
706000,0.37,0.48,0.5,0.37,0.71
707000,0.39,0.49,0.5,0.38,0.69
708000,0.39,0.47,0.48,0.37,0.67
709000,0.41,0.47,0.48,0.33,0.61
710000,0.41,0.45,0.49,0.3,0.59
711000,0.4,0.46,0.49,0.3,0.54
712000,0.41,0.46,0.52,0.27,0.57
713000,0.4,0.45,0.5,0.27,0.57
714000,0.4,0.44,0.54,0.22,0.57
715000,0.42,0.5,0.49,0.21,0.56
716000,0.39,0.55,0.48,0.21,0.57
717000,0.41,0.5,0.46,0.2,0.57
718000,0.42,0.53,0.45,0.22,0.57
719000,0.42,0.55,0.51,0.21,0.51
720000,0.41,0.53,0.55,0.21,0.52
721000,0.4,0.55,0.57,0.21,0.52
722000,0.37,0.55,0.6,0.22,0.52
723000,0.34,0.55,0.59,0.22,0.52
724000,0.37,0.51,0.65,0.23,0.55
725000,0.35,0.45,0.62,0.22,0.56
726000,0.36,0.48,0.61,0.22,0.64
727000,0.32,0.47,0.59,0.22,0.68
728000,0.29,0.51,0.6,0.2,0.64
729000,0.3,0.53,0.6,0.2,0.65
730000,0.29,0.47,0.56,0.19,0.63
731000,0.29,0.46,0.56,0.2,0.69
732000,0.32,0.46,0.55,0.21,0.74
733000,0.31,0.45,0.5,0.23,0.75
734000,0.3,0.42,0.47,0.21,0.76
735000,0.32,0.42,0.44,0.23,0.78
736000,0.31,0.4,0.47,0.22,0.72
737000,0.32,0.39,0.42,0.24,0.73
738000,0.32,0.4,0.39,0.28,0.78
739000,0.31,0.42,0.39,0.31,0.78
740000,0.32,0.49,0.37,0.3,0.73
741000,0.32,0.53,0.38,0.34,0.7
742000,0.31,0.51,0.35,0.34,0.66
743000,0.29,0.48,0.35,0.34,0.67
744000,0.3,0.49,0.35,0.37,0.65
745000,0.3,0.54,0.37,0.38,0.65
746000,0.32,0.57,0.37,0.39,0.56
747000,0.28,0.62,0.38,0.4,0.58
748000,0.27,0.66,0.37,0.38,0.59
749000,0.32,0.68,0.47,0.4,0.54
750000,0.3,0.68,0.49,0.43,0.56
751000,0.31,0.66,0.46,0.42,0.56
752000,0.33,0.65,0.52,0.4,0.6
753000,0.35,0.68,0.56,0.44,0.57
754000,0.37,0.64,0.62,0.43,0.55
755000,0.37,0.63,0.66,0.42,0.58
756000,0.39,0.62,0.7,0.42,0.53
757000,0.44,0.65,0.72,0.42,0.52
758000,0.44,0.65,0.75,0.45,0.53
759000,0.47,0.59,0.76,0.45,0.52
760000,0.47,0.56,0.75,0.47,0.53
761000,0.46,0.53,0.73,0.49,0.52
762000,0.53,0.55,0.75,0.54,0.52
763000,0.55,0.54,0.77,0.52,0.54
764000,0.55,0.6,0.71,0.53,0.53
765000,0.54,0.64,0.7,0.54,0.5
766000,0.58,0.67,0.71,0.52,0.5
767000,0.6,0.65,0.71,0.52,0.49
768000,0.57,0.71,0.69,0.54,0.5
769000,0.57,0.7,0.65,0.49,0.51
770000,0.56,0.63,0.62,0.5,0.53
771000,0.52,0.64,0.6,0.51,0.58
772000,0.5,0.61,0.62,0.49,0.56
773000,0.49,0.58,0.59,0.47,0.57
774000,0.51,0.63,0.62,0.48,0.56
775000,0.49,0.67,0.63,0.49,0.6
776000,0.47,0.64,0.66,0.51,0.59
777000,0.41,0.59,0.63,0.47,0.57
778000,0.39,0.62,0.61,0.46,0.57
779000,0.41,0.62,0.61,0.44,0.57
780000,0.38,0.57,0.66,0.48,0.57
781000,0.33,0.53,0.64,0.48,0.53
782000,0.31,0.57,0.64,0.49,0.57
783000,0.32,0.55,0.63,0.48,0.6
784000,0.32,0.55,0.63,0.45,0.58
785000,0.34,0.58,0.62,0.47,0.59
786000,0.4,0.58,0.61,0.49,0.58
787000,0.43,0.54,0.58,0.47,0.59
788000,0.45,0.48,0.65,0.49,0.58
789000,0.44,0.47,0.64,0.51,0.59
790000,0.46,0.5,0.67,0.5,0.61
791000,0.45,0.54,0.6,0.46,0.62
792000,0.47,0.5,0.58,0.5,0.59
793000,0.52,0.5,0.58,0.47,0.55
794000,0.55,0.47,0.55,0.49,0.57
795000,0.58,0.47,0.53,0.48,0.57
796000,0.57,0.45,0.5,0.46,0.56
797000,0.59,0.43,0.48,0.47,0.55
798000,0.59,0.41,0.51,0.45,0.53
799000,0.58,0.42,0.54,0.46,0.5
800000,0.57,0.44,0.52,0.51,0.48
801000,0.59,0.49,0.57,0.52,0.49
802000,0.51,0.49,0.57,0.52,0.48
803000,0.47,0.52,0.56,0.5,0.47
804000,0.47,0.54,0.47,0.51,0.49
805000,0.47,0.56,0.46,0.52,0.43
806000,0.47,0.54,0.47,0.51,0.43
807000,0.51,0.5,0.47,0.52,0.47
808000,0.51,0.55,0.49,0.53,0.45
809000,0.5,0.58,0.51,0.54,0.46
810000,0.47,0.59,0.55,0.52,0.48
811000,0.45,0.6,0.56,0.51,0.48
812000,0.46,0.58,0.55,0.5,0.53
813000,0.46,0.65,0.52,0.47,0.55
814000,0.46,0.65,0.5,0.49,0.6
815000,0.46,0.66,0.51,0.47,0.62
816000,0.46,0.66,0.55,0.45,0.62
817000,0.49,0.65,0.55,0.45,0.64
818000,0.49,0.68,0.58,0.41,0.61
819000,0.51,0.64,0.58,0.4,0.63
820000,0.52,0.64,0.66,0.39,0.67
821000,0.56,0.64,0.64,0.4,0.67
822000,0.55,0.71,0.64,0.39,0.65
823000,0.53,0.66,0.67,0.38,0.67
824000,0.52,0.68,0.62,0.42,0.72
825000,0.52,0.7,0.6,0.46,0.75
826000,0.53,0.7,0.59,0.46,0.73
827000,0.55,0.73,0.56,0.47,0.67
828000,0.52,0.75,0.54,0.49,0.69
829000,0.48,0.75,0.5,0.45,0.63
830000,0.47,0.78,0.49,0.47,0.63
831000,0.47,0.78,0.46,0.45,0.6
832000,0.47,0.79,0.44,0.46,0.64
833000,0.47,0.77,0.41,0.49,0.58
834000,0.45,0.8,0.43,0.5,0.61
835000,0.48,0.85,0.41,0.5,0.6
836000,0.53,0.79,0.38,0.49,0.59
837000,0.45,0.75,0.41,0.47,0.57
838000,0.46,0.74,0.42,0.47,0.58
839000,0.46,0.77,0.4,0.46,0.59
840000,0.42,0.75,0.44,0.42,0.61
841000,0.43,0.68,0.44,0.4,0.64
842000,0.43,0.66,0.45,0.41,0.62
843000,0.42,0.69,0.44,0.41,0.63
844000,0.43,0.64,0.45,0.47,0.6
845000,0.46,0.68,0.45,0.44,0.6
846000,0.47,0.63,0.43,0.47,0.63
847000,0.48,0.67,0.43,0.46,0.6
848000,0.46,0.62,0.45,0.44,0.64
849000,0.49,0.62,0.44,0.45,0.63
850000,0.51,0.62,0.4,0.43,0.6
851000,0.43,0.61,0.4,0.43,0.59
852000,0.43,0.59,0.38,0.45,0.56
853000,0.42,0.57,0.34,0.49,0.56
854000,0.44,0.59,0.3,0.49,0.56
855000,0.48,0.64,0.3,0.47,0.6
856000,0.49,0.62,0.3,0.48,0.63
857000,0.48,0.59,0.33,0.47,0.64
858000,0.47,0.6,0.34,0.48,0.61
859000,0.49,0.58,0.36,0.48,0.63
860000,0.47,0.57,0.38,0.47,0.62
861000,0.51,0.6,0.39,0.5,0.64
862000,0.49,0.58,0.35,0.52,0.65
863000,0.52,0.57,0.36,0.52,0.67
864000,0.51,0.55,0.4,0.54,0.68
865000,0.5,0.55,0.38,0.54,0.68
866000,0.48,0.51,0.39,0.49,0.71
867000,0.5,0.52,0.43,0.53,0.73
868000,0.51,0.51,0.43,0.55,0.7
869000,0.51,0.49,0.43,0.61,0.69
870000,0.5,0.48,0.49,0.62,0.69
871000,0.49,0.49,0.49,0.62,0.68
872000,0.5,0.49,0.5,0.6,0.7
873000,0.5,0.46,0.48,0.58,0.7
874000,0.55,0.49,0.52,0.59,0.69
875000,0.54,0.48,0.54,0.61,0.66
876000,0.57,0.49,0.57,0.61,0.62
877000,0.54,0.54,0.55,0.61,0.58
878000,0.51,0.55,0.57,0.59,0.57
879000,0.5,0.58,0.57,0.58,0.59
880000,0.54,0.58,0.57,0.56,0.52
881000,0.54,0.64,0.57,0.53,0.52
882000,0.51,0.63,0.59,0.51,0.5
883000,0.52,0.66,0.58,0.56,0.5
884000,0.52,0.69,0.64,0.54,0.49
885000,0.51,0.72,0.64,0.56,0.52
886000,0.5,0.71,0.63,0.57,0.54
887000,0.47,0.71,0.62,0.57,0.53
888000,0.48,0.67,0.6,0.5,0.54
889000,0.49,0.66,0.58,0.5,0.57
890000,0.49,0.66,0.54,0.5,0.61
891000,0.49,0.61,0.52,0.49,0.6
892000,0.5,0.58,0.54,0.46,0.59
893000,0.52,0.56,0.5,0.44,0.6
894000,0.52,0.53,0.48,0.44,0.6
895000,0.52,0.55,0.48,0.44,0.62
896000,0.5,0.59,0.49,0.45,0.65
897000,0.53,0.55,0.49,0.47,0.68
898000,0.52,0.51,0.45,0.46,0.68
899000,0.57,0.5,0.42,0.42,0.68
900000,0.58,0.49,0.45,0.42,0.66
901000,0.61,0.53,0.42,0.44,0.72
902000,0.65,0.55,0.41,0.44,0.7
903000,0.65,0.61,0.42,0.44,0.75
904000,0.65,0.6,0.47,0.44,0.75
905000,0.63,0.62,0.44,0.46,0.74
906000,0.61,0.63,0.46,0.44,0.73
907000,0.56,0.67,0.51,0.48,0.75
908000,0.58,0.68,0.6,0.45,0.79
909000,0.55,0.66,0.57,0.5,0.78
910000,0.57,0.61,0.6,0.49,0.74
911000,0.58,0.69,0.61,0.51,0.73
912000,0.56,0.72,0.61,0.55,0.73
913000,0.55,0.74,0.61,0.53,0.7
914000,0.57,0.74,0.58,0.51,0.69
915000,0.5,0.72,0.55,0.48,0.72
916000,0.48,0.66,0.59,0.48,0.69
917000,0.5,0.66,0.64,0.51,0.63
918000,0.45,0.63,0.66,0.51,0.67
919000,0.47,0.66,0.67,0.52,0.67
920000,0.46,0.67,0.68,0.51,0.64
921000,0.48,0.65,0.65,0.5,0.65
922000,0.47,0.67,0.57,0.48,0.62
923000,0.44,0.65,0.54,0.46,0.62
924000,0.46,0.66,0.54,0.41,0.62
925000,0.42,0.61,0.57,0.44,0.64
926000,0.42,0.57,0.54,0.46,0.63
927000,0.46,0.58,0.52,0.43,0.59
928000,0.46,0.55,0.55,0.4,0.58
929000,0.44,0.61,0.52,0.4,0.54
930000,0.46,0.64,0.48,0.4,0.51
931000,0.44,0.64,0.41,0.39,0.51
932000,0.41,0.66,0.38,0.41,0.51
933000,0.45,0.64,0.36,0.35,0.52
934000,0.47,0.67,0.36,0.39,0.57
935000,0.48,0.71,0.36,0.4,0.55
936000,0.45,0.66,0.38,0.39,0.54
937000,0.43,0.71,0.4,0.42,0.53
938000,0.42,0.7,0.39,0.41,0.52
939000,0.42,0.73,0.39,0.43,0.51
940000,0.45,0.75,0.38,0.44,0.55
941000,0.45,0.74,0.38,0.48,0.51
942000,0.45,0.75,0.4,0.48,0.49
943000,0.43,0.81,0.39,0.51,0.49
944000,0.43,0.8,0.4,0.51,0.49
945000,0.43,0.73,0.4,0.51,0.5
946000,0.44,0.73,0.43,0.51,0.48
947000,0.46,0.71,0.42,0.53,0.5
948000,0.45,0.65,0.44,0.53,0.45
949000,0.43,0.61,0.47,0.47,0.44
950000,0.41,0.61,0.51,0.47,0.45
951000,0.42,0.59,0.55,0.54,0.48
952000,0.45,0.61,0.52,0.53,0.54
953000,0.48,0.62,0.49,0.52,0.57
954000,0.52,0.62,0.45,0.52,0.53
955000,0.51,0.65,0.44,0.51,0.55
956000,0.52,0.71,0.41,0.53,0.57
957000,0.54,0.66,0.39,0.47,0.57
958000,0.52,0.67,0.4,0.44,0.59
959000,0.51,0.69,0.46,0.43,0.61
960000,0.53,0.67,0.47,0.44,0.62
961000,0.52,0.7,0.49,0.42,0.63
962000,0.55,0.73,0.48,0.39,0.64
963000,0.55,0.75,0.46,0.4,0.64
964000,0.55,0.79,0.47,0.37,0.67
965000,0.54,0.79,0.5,0.4,0.58
966000,0.57,0.77,0.43,0.4,0.56
967000,0.6,0.8,0.44,0.35,0.57
968000,0.6,0.77,0.47,0.38,0.56
969000,0.59,0.72,0.48,0.39,0.59
970000,0.56,0.64,0.5,0.41,0.58
971000,0.53,0.61,0.5,0.44,0.6
972000,0.54,0.58,0.51,0.44,0.63
973000,0.55,0.55,0.46,0.41,0.63
974000,0.53,0.53,0.42,0.39,0.6
975000,0.53,0.5,0.43,0.39,0.59
976000,0.55,0.46,0.48,0.39,0.58
977000,0.58,0.48,0.48,0.4,0.56
978000,0.61,0.48,0.49,0.44,0.53
979000,0.55,0.44,0.51,0.47,0.54
980000,0.54,0.44,0.53,0.49,0.55
981000,0.53,0.38,0.57,0.53,0.59
982000,0.56,0.38,0.62,0.51,0.55
983000,0.53,0.39,0.62,0.52,0.54
984000,0.54,0.39,0.62,0.53,0.48
985000,0.54,0.42,0.61,0.56,0.46
986000,0.54,0.46,0.64,0.56,0.48
987000,0.58,0.48,0.66,0.56,0.5
988000,0.57,0.49,0.65,0.53,0.56
989000,0.61,0.54,0.69,0.53,0.57
990000,0.59,0.55,0.65,0.53,0.59
991000,0.6,0.52,0.65,0.54,0.57
992000,0.59,0.55,0.66,0.62,0.55
993000,0.57,0.51,0.6,0.64,0.57
994000,0.54,0.51,0.6,0.69,0.58
995000,0.53,0.54,0.62,0.69,0.58
996000,0.55,0.57,0.61,0.74,0.62
997000,0.53,0.59,0.56,0.68,0.61
998000,0.5,0.58,0.56,0.68,0.67
999000,0.52,0.59,0.54,0.65,0.7
1000000,0.52,0.61,0.52,0.62,0.7
1001000,0.51,0.63,0.49,0.63,0.72
1002000,0.5,0.66,0.54,0.61,0.71
1003000,0.49,0.66,0.49,0.56,0.67
1004000,0.46,0.66,0.49,0.6,0.68
1005000,0.48,0.68,0.51,0.54,0.69
1006000,0.45,0.7,0.5,0.58,0.68
1007000,0.42,0.73,0.47,0.59,0.65
1008000,0.41,0.72,0.43,0.61,0.67
1009000,0.41,0.79,0.41,0.56,0.69
1010000,0.41,0.73,0.39,0.53,0.67
1011000,0.4,0.71,0.38,0.47,0.65
1012000,0.41,0.73,0.36,0.44,0.63
1013000,0.39,0.74,0.39,0.46,0.62
1014000,0.41,0.74,0.42,0.49,0.61
1015000,0.41,0.6,0.43,0.5,0.58
1016000,0.4,0.59,0.46,0.5,0.58
1017000,0.41,0.6,0.46,0.5,0.58
1018000,0.37,0.59,0.5,0.47,0.56
1019000,0.33,0.59,0.5,0.47,0.56
1020000,0.34,0.6,0.49,0.47,0.55
1021000,0.32,0.62,0.5,0.48,0.52
1022000,0.32,0.66,0.52,0.49,0.5
1023000,0.3,0.58,0.53,0.46,0.5
1024000,0.31,0.55,0.57,0.46,0.49
1025000,0.3,0.6,0.59,0.49,0.5
1026000,0.3,0.58,0.57,0.51,0.49
1027000,0.32,0.58,0.61,0.52,0.49
1028000,0.35,0.59,0.59,0.55,0.49
1029000,0.39,0.63,0.58,0.59,0.48
1030000,0.42,0.68,0.56,0.55,0.45
1031000,0.41,0.68,0.52,0.52,0.45
1032000,0.44,0.73,0.51,0.49,0.42
1033000,0.45,0.78,0.51,0.5,0.44
1034000,0.53,0.75,0.52,0.53,0.41
1035000,0.53,0.73,0.52,0.54,0.36
1036000,0.57,0.71,0.49,0.55,0.37
1037000,0.58,0.71,0.5,0.52,0.39
1038000,0.59,0.66,0.5,0.5,0.34
1039000,0.61,0.68,0.46,0.49,0.37
1040000,0.64,0.74,0.45,0.51,0.42
1041000,0.66,0.7,0.48,0.54,0.42
1042000,0.68,0.7,0.51,0.54,0.47
1043000,0.69,0.68,0.52,0.5,0.49
1044000,0.74,0.63,0.54,0.43,0.53
1045000,0.7,0.68,0.56,0.44,0.56
1046000,0.62,0.68,0.59,0.48,0.57
1047000,0.59,0.66,0.59,0.54,0.56
1048000,0.6,0.66,0.55,0.53,0.58
1049000,0.58,0.67,0.52,0.52,0.59
1050000,0.54,0.73,0.5,0.5,0.59
1051000,0.51,0.66,0.49,0.55,0.54
1052000,0.52,0.65,0.54,0.58,0.56
1053000,0.5,0.63,0.6,0.6,0.58
1054000,0.49,0.67,0.61,0.58,0.59
1055000,0.52,0.7,0.61,0.57,0.59
1056000,0.51,0.73,0.57,0.55,0.57
1057000,0.53,0.73,0.57,0.56,0.62
1058000,0.5,0.74,0.57,0.56,0.64
1059000,0.46,0.74,0.57,0.56,0.62
1060000,0.45,0.7,0.59,0.58,0.65
1061000,0.41,0.71,0.56,0.58,0.72
1062000,0.47,0.7,0.57,0.61,0.74
1063000,0.49,0.71,0.6,0.53,0.75
1064000,0.54,0.69,0.63,0.55,0.78
1065000,0.56,0.73,0.66,0.54,0.77
1066000,0.54,0.79,0.66,0.53,0.83
1067000,0.55,0.83,0.64,0.47,0.88
1068000,0.57,0.8,0.57,0.45,0.84
1069000,0.56,0.79,0.57,0.46,0.81
1070000,0.58,0.8,0.58,0.48,0.85
1071000,0.6,0.81,0.6,0.49,0.86
1072000,0.58,0.87,0.55,0.49,0.85
1073000,0.59,0.87,0.59,0.47,0.83
1074000,0.58,0.84,0.55,0.47,0.75
1075000,0.61,0.8,0.54,0.48,0.72
1076000,0.62,0.82,0.54,0.48,0.75
1077000,0.61,0.82,0.56,0.47,0.75
1078000,0.62,0.85,0.58,0.53,0.72
1079000,0.61,0.81,0.58,0.53,0.73
1080000,0.6,0.79,0.57,0.57,0.72
1081000,0.58,0.81,0.6,0.59,0.7
1082000,0.61,0.82,0.58,0.6,0.69
1083000,0.63,0.8,0.59,0.59,0.67
1084000,0.62,0.79,0.62,0.61,0.66
1085000,0.6,0.81,0.64,0.64,0.68
1086000,0.58,0.83,0.65,0.68,0.66
1087000,0.62,0.79,0.63,0.68,0.67
1088000,0.59,0.85,0.69,0.68,0.71
1089000,0.61,0.83,0.66,0.7,0.73
1090000,0.64,0.83,0.65,0.7,0.65
1091000,0.62,0.84,0.65,0.65,0.66
1092000,0.61,0.82,0.62,0.64,0.67
1093000,0.59,0.81,0.62,0.63,0.69
1094000,0.57,0.8,0.63,0.58,0.71
1095000,0.57,0.79,0.62,0.57,0.72
1096000,0.58,0.79,0.6,0.49,0.71
1097000,0.59,0.83,0.6,0.49,0.69
1098000,0.56,0.78,0.61,0.47,0.67
1099000,0.51,0.77,0.62,0.5,0.68
1100000,0.53,0.77,0.61,0.52,0.65
1101000,0.5,0.82,0.6,0.55,0.64
1102000,0.54,0.83,0.58,0.54,0.65
1103000,0.49,0.86,0.58,0.55,0.64
1104000,0.52,0.84,0.55,0.55,0.64
1105000,0.52,0.84,0.57,0.52,0.63
1106000,0.5,0.84,0.57,0.47,0.59
1107000,0.52,0.87,0.57,0.51,0.61
1108000,0.57,0.91,0.54,0.54,0.61
1109000,0.56,0.92,0.56,0.57,0.53
1110000,0.57,0.91,0.53,0.59,0.52
1111000,0.54,0.89,0.53,0.61,0.57
1112000,0.57,0.91,0.54,0.6,0.59
1113000,0.54,0.94,0.57,0.57,0.61
1114000,0.57,0.96,0.53,0.57,0.59
1115000,0.61,0.92,0.49,0.56,0.65
1116000,0.65,0.89,0.43,0.55,0.67
1117000,0.68,0.82,0.43,0.5,0.68
1118000,0.67,0.84,0.42,0.45,0.69
1119000,0.71,0.79,0.42,0.43,0.7
1120000,0.69,0.78,0.41,0.42,0.71
1121000,0.64,0.75,0.44,0.5,0.71
1122000,0.67,0.73,0.43,0.5,0.71
1123000,0.66,0.72,0.42,0.51,0.74
1124000,0.6,0.74,0.43,0.47,0.75
1125000,0.65,0.72,0.41,0.47,0.76
1126000,0.67,0.76,0.4,0.51,0.74
1127000,0.65,0.78,0.44,0.52,0.71
1128000,0.64,0.77,0.43,0.51,0.67
1129000,0.65,0.76,0.41,0.5,0.63
1130000,0.67,0.79,0.43,0.55,0.62
1131000,0.64,0.81,0.45,0.55,0.59
1132000,0.65,0.8,0.51,0.54,0.58
1133000,0.62,0.81,0.54,0.52,0.58
1134000,0.58,0.87,0.56,0.53,0.59
1135000,0.57,0.87,0.6,0.56,0.61
1136000,0.58,0.9,0.66,0.57,0.62
1137000,0.58,0.88,0.61,0.57,0.57
1138000,0.57,0.88,0.64,0.55,0.52
1139000,0.57,0.86,0.69,0.54,0.5
1140000,0.56,0.85,0.68,0.52,0.48
1141000,0.55,0.82,0.66,0.58,0.5
1142000,0.57,0.83,0.67,0.53,0.49
1143000,0.59,0.8,0.64,0.53,0.47
1144000,0.56,0.84,0.67,0.57,0.5
1145000,0.54,0.82,0.69,0.59,0.52
1146000,0.56,0.85,0.67,0.57,0.58
1147000,0.56,0.91,0.69,0.59,0.51
1148000,0.54,0.86,0.68,0.59,0.48
1149000,0.59,0.84,0.65,0.57,0.49
1150000,0.59,0.83,0.64,0.63,0.47
1151000,0.58,0.85,0.63,0.63,0.49
1152000,0.63,0.87,0.6,0.62,0.53
1153000,0.64,0.87,0.58,0.61,0.55
1154000,0.67,0.79,0.62,0.6,0.58
1155000,0.66,0.78,0.59,0.54,0.67
1156000,0.66,0.77,0.65,0.54,0.67
1157000,0.66,0.77,0.67,0.53,0.66
1158000,0.61,0.72,0.69,0.52,0.62
1159000,0.61,0.67,0.65,0.55,0.63
1160000,0.59,0.59,0.65,0.58,0.57
1161000,0.56,0.67,0.65,0.58,0.6
1162000,0.53,0.66,0.61,0.57,0.63
1163000,0.5,0.64,0.66,0.57,0.69
1164000,0.52,0.6,0.68,0.57,0.7
1165000,0.48,0.65,0.65,0.56,0.65
1166000,0.48,0.67,0.63,0.55,0.62
1167000,0.47,0.71,0.6,0.54,0.64
1168000,0.43,0.68,0.54,0.54,0.63
1169000,0.4,0.74,0.51,0.52,0.53
1170000,0.38,0.78,0.53,0.52,0.51
1171000,0.38,0.8,0.47,0.51,0.53
1172000,0.36,0.86,0.44,0.54,0.52
1173000,0.37,0.92,0.43,0.54,0.5
1174000,0.38,0.97,0.41,0.55,0.51
1175000,0.38,0.94,0.37,0.55,0.51
1176000,0.4,0.91,0.35,0.52,0.55
1177000,0.4,0.96,0.28,0.52,0.52
1178000,0.45,0.98,0.25,0.5,0.5
1179000,0.46,0.96,0.25,0.45,0.5
1180000,0.45,0.96,0.27,0.45,0.47
1181000,0.44,0.93,0.34,0.44,0.45
1182000,0.47,0.91,0.36,0.48,0.45
1183000,0.47,0.94,0.36,0.51,0.5
1184000,0.47,0.88,0.35,0.5,0.49
1185000,0.48,0.84,0.38,0.46,0.47
1186000,0.47,0.81,0.4,0.48,0.5
1187000,0.49,0.81,0.44,0.48,0.57
1188000,0.5,0.83,0.42,0.5,0.58
1189000,0.45,0.87,0.42,0.51,0.59
1190000,0.47,0.86,0.45,0.53,0.62
1191000,0.48,0.85,0.46,0.56,0.59
1192000,0.47,0.84,0.51,0.55,0.57
1193000,0.48,0.82,0.53,0.53,0.57
1194000,0.5,0.83,0.55,0.55,0.6
1195000,0.52,0.89,0.53,0.54,0.62
1196000,0.52,0.88,0.52,0.59,0.69
1197000,0.53,0.84,0.51,0.6,0.69
1198000,0.56,0.85,0.54,0.59,0.65
1199000,0.54,0.85,0.55,0.61,0.68
1200000,0.55,0.86,0.54,0.55,0.75
1201000,0.57,0.9,0.55,0.55,0.77
1202000,0.57,0.95,0.53,0.55,0.75
1203000,0.56,0.99,0.47,0.52,0.71
1204000,0.57,0.94,0.5,0.53,0.7
1205000,0.57,0.95,0.55,0.52,0.64
1206000,0.59,0.92,0.55,0.55,0.65
1207000,0.6,0.96,0.55,0.55,0.64
1208000,0.58,0.94,0.55,0.52,0.64
1209000,0.59,0.95,0.54,0.53,0.6
1210000,0.61,0.92,0.58,0.53,0.52
1211000,0.59,0.93,0.61,0.52,0.5
1212000,0.55,0.98,0.57,0.53,0.5
1213000,0.56,1.01,0.57,0.54,0.51
1214000,0.55,0.99,0.57,0.55,0.51
1215000,0.55,0.97,0.62,0.51,0.43
1216000,0.53,0.97,0.63,0.5,0.41
1217000,0.54,0.88,0.65,0.53,0.39
1218000,0.53,0.91,0.64,0.52,0.39
1219000,0.54,0.92,0.66,0.54,0.39
1220000,0.54,0.94,0.64,0.54,0.36
1221000,0.53,0.9,0.61,0.55,0.4
1222000,0.55,0.94,0.63,0.55,0.38
1223000,0.57,0.94,0.62,0.6,0.35
1224000,0.59,0.91,0.67,0.61,0.37
1225000,0.59,0.89,0.66,0.65,0.37
1226000,0.57,0.96,0.64,0.63,0.38
1227000,0.56,0.92,0.64,0.6,0.36
1228000,0.56,1.04,0.64,0.6,0.36
1229000,0.57,1.03,0.62,0.62,0.36
1230000,0.57,1.05,0.6,0.65,0.37
1231000,0.58,1.05,0.55,0.65,0.41
1232000,0.58,1.04,0.52,0.64,0.42
1233000,0.55,1.09,0.52,0.65,0.41
1234000,0.57,1.07,0.54,0.63,0.43
1235000,0.59,1.1,0.56,0.6,0.41
1236000,0.58,1.11,0.58,0.6,0.43
1237000,0.59,1.07,0.59,0.58,0.46
1238000,0.61,1.09,0.52,0.61,0.45
1239000,0.59,1.07,0.52,0.59,0.46
1240000,0.55,1.05,0.52,0.64,0.46
1241000,0.61,1.04,0.55,0.61,0.45
1242000,0.6,1.03,0.5,0.57,0.4
1243000,0.64,0.97,0.58,0.55,0.41
1244000,0.66,0.92,0.63,0.58,0.43
1245000,0.65,0.96,0.64,0.58,0.45
1246000,0.66,0.93,0.66,0.52,0.46
1247000,0.63,0.96,0.71,0.52,0.44
1248000,0.64,0.89,0.76,0.51,0.42
1249000,0.65,0.92,0.72,0.52,0.43
1250000,0.61,0.92,0.71,0.52,0.42
1251000,0.64,0.93,0.72,0.53,0.41
1252000,0.63,0.94,0.71,0.54,0.42
1253000,0.62,0.95,0.71,0.51,0.41
1254000,0.59,0.97,0.74,0.51,0.4
1255000,0.58,0.97,0.72,0.52,0.41
1256000,0.62,1.02,0.68,0.54,0.44
1257000,0.6,0.97,0.71,0.57,0.49
1258000,0.59,0.93,0.7,0.59,0.51
1259000,0.56,0.93,0.61,0.55,0.53
1260000,0.56,0.92,0.63,0.52,0.5
1261000,0.54,0.92,0.59,0.56,0.53
1262000,0.55,0.88,0.59,0.53,0.55
1263000,0.57,0.92,0.56,0.56,0.59
1264000,0.6,0.91,0.6,0.55,0.58
1265000,0.62,0.86,0.58,0.57,0.57
1266000,0.59,0.82,0.57,0.54,0.56
1267000,0.52,0.81,0.58,0.51,0.57
1268000,0.54,0.72,0.58,0.52,0.58
1269000,0.59,0.71,0.6,0.48,0.61
1270000,0.58,0.74,0.66,0.49,0.65
1271000,0.56,0.79,0.67,0.44,0.66
1272000,0.55,0.83,0.66,0.43,0.69
1273000,0.53,0.8,0.68,0.43,0.67
1274000,0.56,0.73,0.66,0.46,0.67
1275000,0.6,0.78,0.7,0.48,0.67
1276000,0.61,0.79,0.65,0.44,0.66
1277000,0.63,0.8,0.64,0.48,0.66
1278000,0.59,0.86,0.64,0.53,0.66
1279000,0.6,0.92,0.68,0.51,0.68
1280000,0.62,0.96,0.66,0.49,0.7
1281000,0.59,0.94,0.67,0.49,0.75
1282000,0.66,0.99,0.67,0.52,0.73
1283000,0.66,1.03,0.72,0.6,0.7
1284000,0.66,1.02,0.73,0.62,0.69
1285000,0.66,1.04,0.73,0.64,0.65
1286000,0.69,1.0,0.74,0.66,0.6
1287000,0.75,0.94,0.74,0.64,0.6
1288000,0.74,0.98,0.74,0.67,0.56
1289000,0.73,1.04,0.72,0.7,0.57
1290000,0.77,1.04,0.7,0.7,0.61
1291000,0.74,1.01,0.72,0.66,0.62
1292000,0.71,1.03,0.75,0.65,0.62
1293000,0.7,1.03,0.74,0.62,0.62
1294000,0.7,0.98,0.71,0.6,0.63
1295000,0.69,0.94,0.66,0.6,0.64
1296000,0.7,0.95,0.67,0.59,0.62
1297000,0.72,1.03,0.61,0.65,0.59
1298000,0.74,1.07,0.61,0.62,0.54
1299000,0.75,1.1,0.54,0.63,0.54
1300000,0.73,1.12,0.52,0.61,0.53
1301000,0.7,1.12,0.52,0.61,0.52
1302000,0.7,1.15,0.49,0.6,0.53
1303000,0.66,1.2,0.49,0.58,0.52
1304000,0.7,1.23,0.55,0.54,0.5
1305000,0.66,1.23,0.5,0.51,0.46
1306000,0.62,1.25,0.46,0.5,0.41
1307000,0.63,1.28,0.47,0.52,0.4
1308000,0.61,1.27,0.46,0.55,0.36
1309000,0.62,1.28,0.51,0.52,0.4
1310000,0.63,1.26,0.55,0.52,0.4
1311000,0.61,1.25,0.59,0.49,0.41
1312000,0.6,1.14,0.6,0.46,0.44
1313000,0.59,1.12,0.61,0.46,0.48
1314000,0.57,1.14,0.65,0.44,0.5
1315000,0.58,1.07,0.72,0.4,0.51
1316000,0.6,1.07,0.69,0.4,0.52
1317000,0.59,1.06,0.69,0.39,0.54
1318000,0.6,1.01,0.69,0.4,0.53
1319000,0.62,1.01,0.66,0.44,0.54
1320000,0.6,1.0,0.64,0.44,0.53
1321000,0.64,0.91,0.64,0.46,0.52
1322000,0.66,0.84,0.65,0.45,0.54
1323000,0.65,0.9,0.66,0.48,0.56
1324000,0.64,0.9,0.68,0.47,0.48
1325000,0.64,0.91,0.67,0.48,0.42
1326000,0.67,0.9,0.61,0.47,0.39
1327000,0.65,0.86,0.62,0.47,0.39
1328000,0.68,0.88,0.6,0.45,0.41
1329000,0.65,0.89,0.55,0.46,0.41
1330000,0.66,0.9,0.54,0.48,0.45
1331000,0.64,0.9,0.56,0.49,0.5
1332000,0.68,0.88,0.55,0.54,0.52
1333000,0.67,0.86,0.52,0.55,0.49
1334000,0.7,0.8,0.53,0.58,0.49
1335000,0.67,0.86,0.57,0.57,0.48
1336000,0.66,0.9,0.62,0.52,0.51
1337000,0.66,1.0,0.63,0.53,0.53
1338000,0.67,1.0,0.57,0.51,0.57
1339000,0.68,0.99,0.53,0.47,0.57
1340000,0.66,1.0,0.53,0.48,0.58
1341000,0.66,1.03,0.56,0.5,0.59
1342000,0.68,1.07,0.56,0.52,0.58
1343000,0.66,1.06,0.58,0.57,0.58
1344000,0.65,1.06,0.59,0.6,0.62
1345000,0.62,1.03,0.59,0.61,0.59
1346000,0.61,1.06,0.6,0.59,0.6
1347000,0.61,1.03,0.65,0.58,0.6
1348000,0.56,1.11,0.65,0.54,0.53
1349000,0.6,1.05,0.68,0.53,0.52
1350000,0.55,1.03,0.66,0.53,0.53
1351000,0.55,0.96,0.62,0.54,0.52
1352000,0.56,0.88,0.59,0.59,0.56
1353000,0.57,0.86,0.56,0.62,0.52
1354000,0.55,0.86,0.6,0.65,0.52
1355000,0.55,0.81,0.58,0.69,0.53
1356000,0.55,0.81,0.57,0.68,0.56
1357000,0.57,0.79,0.56,0.68,0.55
1358000,0.55,0.8,0.54,0.66,0.57
1359000,0.6,0.88,0.5,0.65,0.55
1360000,0.61,0.9,0.5,0.64,0.57
1361000,0.68,0.91,0.45,0.63,0.6
1362000,0.72,0.94,0.4,0.6,0.56
1363000,0.74,0.98,0.4,0.6,0.58
1364000,0.73,0.99,0.43,0.63,0.6
1365000,0.7,1.02,0.43,0.62,0.59
1366000,0.72,1.05,0.47,0.58,0.63
1367000,0.71,1.04,0.47,0.63,0.57
1368000,0.76,1.03,0.51,0.65,0.6
1369000,0.76,0.97,0.52,0.63,0.59
1370000,0.77,0.92,0.53,0.63,0.59
1371000,0.79,0.87,0.5,0.63,0.58
1372000,0.81,0.91,0.5,0.62,0.55
1373000,0.85,0.82,0.54,0.59,0.53
1374000,0.81,0.83,0.58,0.57,0.5
1375000,0.81,0.79,0.59,0.58,0.48
1376000,0.81,0.74,0.6,0.61,0.48
1377000,0.82,0.72,0.61,0.63,0.49
1378000,0.76,0.7,0.64,0.67,0.44
1379000,0.7,0.72,0.63,0.66,0.43
1380000,0.72,0.76,0.62,0.65,0.43
1381000,0.73,0.79,0.6,0.62,0.39
1382000,0.74,0.87,0.62,0.61,0.36
1383000,0.76,0.9,0.61,0.64,0.38
1384000,0.77,0.88,0.58,0.66,0.35
1385000,0.74,0.92,0.6,0.64,0.4
1386000,0.71,0.87,0.59,0.61,0.42
1387000,0.74,0.94,0.64,0.56,0.45
1388000,0.71,0.95,0.67,0.54,0.43
1389000,0.68,0.99,0.67,0.53,0.44
1390000,0.71,1.0,0.68,0.55,0.41
1391000,0.68,1.03,0.68,0.53,0.45
1392000,0.72,1.02,0.73,0.53,0.46
1393000,0.72,1.03,0.75,0.5,0.47
1394000,0.69,1.07,0.74,0.43,0.51
1395000,0.72,1.1,0.77,0.43,0.52
1396000,0.74,1.13,0.76,0.43,0.54
1397000,0.74,1.08,0.73,0.43,0.57
1398000,0.74,1.04,0.75,0.4,0.57
1399000,0.78,1.1,0.74,0.39,0.57
1400000,0.77,1.09,0.77,0.36,0.54
1401000,0.78,1.11,0.77,0.38,0.51
1402000,0.82,1.11,0.77,0.39,0.49
1403000,0.8,1.15,0.81,0.4,0.5
1404000,0.75,1.23,0.74,0.43,0.56
1405000,0.75,1.19,0.71,0.45,0.53
1406000,0.73,1.27,0.71,0.46,0.5
1407000,0.73,1.24,0.69,0.46,0.46
1408000,0.68,1.23,0.67,0.45,0.51
1409000,0.69,1.19,0.61,0.44,0.52
1410000,0.67,1.2,0.56,0.47,0.55
1411000,0.64,1.23,0.55,0.47,0.55
1412000,0.63,1.24,0.58,0.47,0.57
1413000,0.58,1.23,0.6,0.48,0.6
1414000,0.58,1.2,0.59,0.48,0.58
1415000,0.55,1.25,0.59,0.51,0.58
1416000,0.57,1.23,0.57,0.48,0.61
1417000,0.56,1.29,0.56,0.5,0.67
1418000,0.56,1.19,0.55,0.49,0.69
1419000,0.56,1.09,0.52,0.48,0.66
1420000,0.58,1.15,0.54,0.5,0.74
1421000,0.6,1.08,0.54,0.49,0.78
1422000,0.59,1.09,0.52,0.49,0.83
1423000,0.6,1.08,0.54,0.46,0.81
1424000,0.59,1.12,0.51,0.48,0.77
1425000,0.54,1.13,0.56,0.51,0.77
1426000,0.55,1.16,0.56,0.53,0.79
1427000,0.52,1.19,0.55,0.52,0.77
1428000,0.54,1.27,0.53,0.51,0.72
1429000,0.53,1.28,0.53,0.5,0.71
1430000,0.52,1.31,0.52,0.52,0.72
1431000,0.57,1.29,0.53,0.54,0.69
1432000,0.56,1.23,0.58,0.55,0.66
1433000,0.54,1.27,0.61,0.6,0.64
1434000,0.54,1.27,0.65,0.6,0.62
1435000,0.5,1.17,0.7,0.53,0.59
1436000,0.52,1.16,0.71,0.5,0.57
1437000,0.55,1.14,0.7,0.52,0.56
1438000,0.54,1.1,0.7,0.54,0.56
1439000,0.55,0.99,0.72,0.57,0.6
1440000,0.6,0.9,0.73,0.56,0.58
1441000,0.59,0.9,0.72,0.56,0.58
1442000,0.61,0.87,0.7,0.55,0.6
1443000,0.62,0.87,0.7,0.59,0.64
1444000,0.63,0.86,0.75,0.61,0.69
1445000,0.63,0.89,0.79,0.62,0.71
1446000,0.63,0.89,0.77,0.6,0.67
1447000,0.62,0.85,0.78,0.63,0.61
1448000,0.65,0.86,0.79,0.6,0.65
1449000,0.66,0.91,0.77,0.59,0.61
1450000,0.66,0.92,0.75,0.55,0.62
1451000,0.66,0.97,0.68,0.58,0.58
1452000,0.63,0.91,0.65,0.6,0.57
1453000,0.62,1.01,0.68,0.61,0.52
1454000,0.63,1.04,0.72,0.64,0.56
1455000,0.69,1.01,0.68,0.63,0.57
1456000,0.69,1.01,0.69,0.61,0.55
1457000,0.68,0.96,0.7,0.58,0.55
1458000,0.66,0.93,0.75,0.55,0.49
1459000,0.67,0.92,0.76,0.57,0.47
1460000,0.67,0.94,0.74,0.55,0.48
1461000,0.65,0.89,0.67,0.52,0.51
1462000,0.66,0.88,0.62,0.57,0.52
1463000,0.66,0.92,0.64,0.57,0.48
1464000,0.69,0.87,0.6,0.56,0.45
1465000,0.69,0.9,0.57,0.56,0.44
1466000,0.7,0.92,0.58,0.54,0.48
1467000,0.73,1.0,0.59,0.52,0.51
1468000,0.78,0.93,0.57,0.53,0.52
1469000,0.74,0.98,0.59,0.53,0.49
1470000,0.7,0.98,0.52,0.51,0.53
1471000,0.76,0.94,0.51,0.49,0.55
1472000,0.77,0.94,0.49,0.46,0.57
1473000,0.84,0.99,0.47,0.46,0.6
1474000,0.86,1.0,0.53,0.52,0.62
1475000,0.89,1.04,0.51,0.54,0.61
1476000,0.9,1.02,0.52,0.53,0.6
1477000,0.92,1.06,0.57,0.56,0.62
1478000,0.99,1.06,0.6,0.58,0.64
1479000,1.02,1.06,0.64,0.54,0.71
1480000,1.02,1.01,0.66,0.51,0.73
1481000,1.03,1.07,0.67,0.5,0.71
1482000,1.02,1.07,0.63,0.46,0.69
1483000,1.02,1.07,0.64,0.48,0.69
1484000,0.99,1.07,0.65,0.48,0.65
1485000,0.97,1.12,0.65,0.5,0.63
1486000,1.01,1.16,0.67,0.46,0.62
1487000,1.0,1.14,0.71,0.45,0.57
1488000,0.94,1.16,0.67,0.5,0.56
1489000,0.92,1.13,0.69,0.51,0.53
1490000,0.92,1.09,0.73,0.51,0.53
1491000,0.87,1.03,0.76,0.47,0.5
1492000,0.87,1.0,0.73,0.45,0.49
1493000,0.86,1.06,0.74,0.41,0.47
1494000,0.85,1.05,0.76,0.38,0.43
1495000,0.77,1.07,0.76,0.4,0.4
1496000,0.79,1.13,0.75,0.43,0.37
1497000,0.76,1.11,0.75,0.45,0.47
1498000,0.77,1.15,0.79,0.49,0.51
1499000,0.76,1.15,0.78,0.51,0.52
1500000,0.72,0.97,0.76,0.53,0.49
1501000,0.76,0.92,0.74,0.5,0.5
1502000,0.73,1.06,0.77,0.5,0.53
1503000,0.76,1.07,0.7,0.53,0.57
1504000,0.75,1.1,0.77,0.54,0.59
1505000,0.76,1.11,0.75,0.61,0.6
1506000,0.79,1.24,0.69,0.61,0.6
1507000,0.76,1.25,0.69,0.66,0.65
1508000,0.79,1.32,0.68,0.66,0.67
1509000,0.83,1.33,0.71,0.63,0.68
1510000,0.81,1.32,0.66,0.65,0.68
1511000,0.77,1.37,0.62,0.66,0.69
1512000,0.72,1.41,0.64,0.71,0.62
1513000,0.73,1.29,0.69,0.71,0.63
1514000,0.72,1.24,0.67,0.72,0.63
1515000,0.76,1.24,0.65,0.71,0.62
1516000,0.79,1.29,0.61,0.74,0.63
1517000,0.76,1.34,0.62,0.71,0.6
1518000,0.73,1.28,0.64,0.72,0.6
1519000,0.71,1.24,0.68,0.75,0.63
1520000,0.7,1.21,0.67,0.76,0.67
1521000,0.7,1.24,0.67,0.78,0.66
1522000,0.72,1.17,0.69,0.76,0.73
1523000,0.7,1.17,0.69,0.68,0.7
1524000,0.68,1.16,0.67,0.67,0.66
1525000,0.66,1.16,0.66,0.64,0.69
1526000,0.67,1.22,0.72,0.65,0.66
1527000,0.7,1.15,0.76,0.64,0.7
1528000,0.71,1.23,0.76,0.64,0.65
1529000,0.71,1.32,0.75,0.66,0.6
1530000,0.71,1.34,0.72,0.68,0.68
1531000,0.67,1.29,0.75,0.63,0.71
1532000,0.69,1.42,0.75,0.63,0.71
1533000,0.69,1.41,0.78,0.62,0.73
1534000,0.73,1.39,0.76,0.63,0.74
1535000,0.78,1.4,0.72,0.62,0.69
1536000,0.78,1.36,0.73,0.62,0.68
1537000,0.78,1.41,0.72,0.6,0.63
1538000,0.8,1.43,0.7,0.6,0.58
1539000,0.8,1.41,0.72,0.56,0.6
1540000,0.8,1.48,0.73,0.58,0.64
1541000,0.76,1.48,0.69,0.6,0.67
1542000,0.77,1.53,0.72,0.58,0.71
1543000,0.77,1.56,0.66,0.55,0.73
1544000,0.77,1.54,0.65,0.51,0.71
1545000,0.78,1.52,0.66,0.51,0.62
1546000,0.78,1.52,0.67,0.51,0.58
1547000,0.81,1.59,0.68,0.51,0.55
1548000,0.84,1.57,0.69,0.5,0.59
1549000,0.85,1.57,0.71,0.53,0.55
1550000,0.85,1.57,0.69,0.55,0.59
1551000,0.91,1.57,0.73,0.52,0.59
1552000,0.83,1.59,0.77,0.51,0.63
1553000,0.87,1.62,0.75,0.49,0.67
1554000,0.88,1.53,0.75,0.5,0.67
1555000,0.82,1.58,0.75,0.51,0.61
1556000,0.78,1.59,0.74,0.52,0.56
1557000,0.82,1.55,0.72,0.5,0.52
1558000,0.81,1.46,0.73,0.52,0.52
1559000,0.79,1.37,0.71,0.53,0.56
1560000,0.82,1.39,0.68,0.57,0.58
1561000,0.81,1.33,0.63,0.58,0.58
1562000,0.86,1.17,0.61,0.56,0.62
1563000,0.86,1.08,0.56,0.56,0.58
1564000,0.82,1.08,0.61,0.57,0.56
1565000,0.84,1.05,0.66,0.56,0.54
1566000,0.9,1.08,0.68,0.55,0.55
1567000,0.82,1.02,0.68,0.52,0.56
1568000,0.82,0.97,0.64,0.55,0.53
1569000,0.81,1.03,0.61,0.6,0.53
1570000,0.78,1.08,0.63,0.61,0.53
1571000,0.76,1.08,0.62,0.59,0.53
1572000,0.82,1.06,0.61,0.63,0.54
1573000,0.81,0.97,0.65,0.66,0.55
1574000,0.81,0.96,0.67,0.65,0.58
1575000,0.83,0.96,0.67,0.64,0.57
1576000,0.82,0.92,0.68,0.64,0.57
1577000,0.76,0.85,0.73,0.61,0.58
1578000,0.79,0.85,0.76,0.57,0.58
1579000,0.72,0.81,0.77,0.58,0.61
1580000,0.72,0.76,0.77,0.57,0.62
1581000,0.7,0.79,0.78,0.58,0.59
1582000,0.69,0.73,0.7,0.56,0.64
1583000,0.65,0.76,0.66,0.57,0.65
1584000,0.67,0.85,0.69,0.55,0.69
1585000,0.71,0.95,0.67,0.52,0.69
1586000,0.71,1.0,0.63,0.48,0.73
1587000,0.71,1.07,0.66,0.48,0.74
1588000,0.72,1.16,0.67,0.47,0.72
1589000,0.69,1.21,0.66,0.47,0.68
1590000,0.66,1.27,0.6,0.47,0.66
1591000,0.67,1.33,0.61,0.44,0.68
1592000,0.67,1.38,0.58,0.46,0.67
1593000,0.66,1.42,0.53,0.48,0.65
1594000,0.65,1.41,0.56,0.52,0.65
1595000,0.66,1.42,0.56,0.53,0.62
1596000,0.67,1.37,0.57,0.5,0.63
1597000,0.68,1.43,0.59,0.51,0.66
1598000,0.63,1.49,0.64,0.53,0.65
1599000,0.62,1.49,0.61,0.53,0.61
1600000,0.62,1.45,0.6,0.52,0.63
1601000,0.61,1.43,0.59,0.49,0.61
1602000,0.62,1.38,0.58,0.52,0.63
1603000,0.64,1.21,0.6,0.56,0.65
1604000,0.62,1.11,0.61,0.57,0.7
1605000,0.64,1.09,0.65,0.55,0.72
1606000,0.64,1.03,0.67,0.53,0.74
1607000,0.68,1.02,0.71,0.51,0.76
1608000,0.68,1.07,0.69,0.53,0.81
1609000,0.67,1.04,0.7,0.54,0.79
1610000,0.68,1.02,0.69,0.49,0.78
1611000,0.63,0.91,0.68,0.49,0.77
1612000,0.69,0.92,0.65,0.56,0.68
1613000,0.7,0.89,0.66,0.58,0.6
1614000,0.77,0.88,0.67,0.61,0.58
1615000,0.77,0.92,0.65,0.61,0.58
1616000,0.77,0.91,0.64,0.65,0.55
1617000,0.81,0.94,0.68,0.69,0.53
1618000,0.79,1.0,0.7,0.71,0.53
1619000,0.8,1.0,0.69,0.7,0.59
1620000,0.82,1.06,0.64,0.69,0.51
1621000,0.81,1.13,0.64,0.69,0.49
1622000,0.79,1.16,0.6,0.67,0.5
1623000,0.81,1.27,0.6,0.71,0.52
1624000,0.82,1.34,0.59,0.69,0.54
1625000,0.82,1.29,0.6,0.68,0.57
1626000,0.81,1.42,0.6,0.71,0.58
1627000,0.83,1.4,0.61,0.72,0.6
1628000,0.8,1.35,0.64,0.64,0.62
1629000,0.77,1.4,0.63,0.62,0.62
1630000,0.75,1.39,0.64,0.59,0.69
1631000,0.72,1.42,0.66,0.54,0.69
1632000,0.71,1.44,0.65,0.48,0.71
1633000,0.72,1.5,0.69,0.47,0.66
1634000,0.72,1.57,0.66,0.49,0.64
1635000,0.69,1.65,0.69,0.45,0.66
1636000,0.64,1.69,0.68,0.42,0.59
1637000,0.65,1.66,0.71,0.44,0.61
1638000,0.72,1.65,0.69,0.44,0.6
1639000,0.73,1.74,0.69,0.41,0.6
1640000,0.68,1.68,0.69,0.45,0.6
1641000,0.68,1.57,0.69,0.43,0.63
1642000,0.7,1.41,0.67,0.42,0.65
1643000,0.69,1.3,0.68,0.44,0.67
1644000,0.68,1.33,0.72,0.46,0.66
1645000,0.71,1.39,0.73,0.48,0.62
1646000,0.72,1.31,0.72,0.5,0.59
1647000,0.74,1.4,0.62,0.5,0.58
1648000,0.73,1.41,0.59,0.52,0.61
1649000,0.74,1.48,0.61,0.59,0.61
1650000,0.74,1.46,0.59,0.59,0.65
1651000,0.76,1.32,0.61,0.59,0.65
1652000,0.76,1.34,0.63,0.59,0.65
1653000,0.69,1.43,0.64,0.63,0.64
1654000,0.65,1.5,0.69,0.6,0.67
1655000,0.61,1.45,0.74,0.59,0.67
1656000,0.65,1.5,0.76,0.55,0.62
1657000,0.63,1.54,0.76,0.54,0.55
1658000,0.65,1.61,0.83,0.48,0.56
1659000,0.68,1.69,0.81,0.48,0.53
1660000,0.61,1.73,0.75,0.49,0.53
1661000,0.58,1.63,0.7,0.44,0.53
1662000,0.56,1.69,0.76,0.42,0.54
1663000,0.55,1.76,0.79,0.43,0.58
1664000,0.6,1.72,0.75,0.41,0.57
1665000,0.57,1.75,0.72,0.41,0.54
1666000,0.57,1.62,0.69,0.44,0.58
1667000,0.55,1.65,0.71,0.43,0.58
1668000,0.54,1.72,0.65,0.43,0.59
1669000,0.53,1.73,0.55,0.42,0.6
1670000,0.54,1.64,0.5,0.49,0.62
1671000,0.6,1.63,0.49,0.52,0.67
1672000,0.58,1.66,0.47,0.53,0.68
1673000,0.59,1.58,0.49,0.56,0.65
1674000,0.52,1.55,0.48,0.59,0.68
1675000,0.53,1.54,0.46,0.58,0.72
1676000,0.55,1.55,0.48,0.59,0.66
1677000,0.58,1.6,0.43,0.62,0.62
1678000,0.53,1.52,0.48,0.66,0.69
1679000,0.54,1.57,0.46,0.66,0.62
1680000,0.53,1.54,0.45,0.68,0.65
1681000,0.54,1.56,0.46,0.66,0.62
1682000,0.57,1.48,0.4,0.64,0.57
1683000,0.59,1.51,0.43,0.64,0.55
1684000,0.55,1.49,0.43,0.61,0.59
1685000,0.55,1.45,0.44,0.63,0.62
1686000,0.54,1.51,0.45,0.57,0.58
1687000,0.52,1.5,0.42,0.54,0.6
1688000,0.58,1.58,0.45,0.53,0.62
1689000,0.58,1.51,0.49,0.53,0.62
1690000,0.57,1.55,0.46,0.55,0.64
1691000,0.57,1.55,0.48,0.55,0.69
1692000,0.53,1.45,0.49,0.54,0.68
1693000,0.53,1.41,0.5,0.53,0.68
1694000,0.55,1.51,0.55,0.49,0.75
1695000,0.61,1.47,0.54,0.47,0.74
1696000,0.65,1.38,0.55,0.5,0.75
1697000,0.66,1.39,0.55,0.5,0.83
1698000,0.65,1.38,0.54,0.53,0.84
1699000,0.68,1.42,0.58,0.51,0.83
1700000,0.67,1.52,0.57,0.5,0.86
1701000,0.73,1.53,0.54,0.5,0.89
1702000,0.75,1.47,0.56,0.53,0.86
1703000,0.76,1.49,0.52,0.53,0.83
1704000,0.76,1.47,0.53,0.55,0.75
1705000,0.77,1.53,0.54,0.56,0.72
1706000,0.81,1.53,0.54,0.59,0.67
1707000,0.8,1.58,0.55,0.56,0.69
1708000,0.81,1.59,0.58,0.58,0.66
1709000,0.8,1.53,0.52,0.62,0.65
1710000,0.82,1.61,0.53,0.64,0.69
1711000,0.78,1.6,0.54,0.65,0.64
1712000,0.78,1.59,0.59,0.64,0.65
1713000,0.74,1.39,0.6,0.58,0.6
1714000,0.8,1.45,0.61,0.57,0.63
1715000,0.83,1.47,0.62,0.59,0.65
1716000,0.82,1.46,0.65,0.58,0.67
1717000,0.83,1.54,0.63,0.57,0.69
1718000,0.81,1.43,0.66,0.55,0.75
1719000,0.78,1.48,0.65,0.61,0.79
1720000,0.79,1.57,0.67,0.56,0.81
1721000,0.8,1.55,0.65,0.53,0.84
1722000,0.75,1.57,0.66,0.49,0.79
1723000,0.79,1.53,0.69,0.5,0.75
1724000,0.79,1.6,0.69,0.53,0.68
1725000,0.8,1.56,0.66,0.5,0.62
1726000,0.85,1.58,0.69,0.58,0.59
1727000,0.84,1.51,0.7,0.55,0.56
1728000,0.85,1.53,0.69,0.56,0.55
1729000,0.84,1.56,0.68,0.62,0.55
1730000,0.83,1.6,0.7,0.66,0.52
1731000,0.81,1.59,0.65,0.65,0.54
1732000,0.78,1.56,0.61,0.65,0.58
1733000,0.82,1.5,0.63,0.68,0.53
1734000,0.86,1.5,0.63,0.66,0.49
1735000,0.85,1.51,0.63,0.66,0.52
1736000,0.85,1.49,0.64,0.66,0.58
1737000,0.89,1.56,0.7,0.69,0.62
1738000,0.87,1.53,0.67,0.71,0.62
1739000,0.91,1.54,0.65,0.71,0.64
1740000,0.92,1.54,0.64,0.66,0.67
1741000,0.93,1.48,0.63,0.62,0.71
1742000,0.95,1.46,0.58,0.57,0.73
1743000,0.98,1.44,0.57,0.58,0.7
1744000,0.92,1.39,0.55,0.55,0.72
1745000,0.91,1.48,0.52,0.54,0.74
1746000,0.94,1.49,0.54,0.57,0.74
1747000,0.94,1.55,0.59,0.54,0.73
1748000,0.91,1.55,0.54,0.52,0.74
1749000,0.93,1.57,0.55,0.52,0.75
1750000,0.93,1.56,0.55,0.52,0.74
1751000,0.94,1.6,0.54,0.52,0.75
1752000,0.91,1.57,0.55,0.5,0.74
1753000,0.87,1.55,0.52,0.48,0.71
1754000,0.85,1.73,0.53,0.5,0.74
1755000,0.83,1.74,0.56,0.52,0.66
1756000,0.78,1.79,0.58,0.53,0.65
1757000,0.78,1.77,0.59,0.53,0.67
1758000,0.72,1.81,0.6,0.51,0.73
1759000,0.73,1.76,0.63,0.53,0.74
1760000,0.73,1.81,0.65,0.54,0.71
1761000,0.7,1.82,0.66,0.53,0.67
1762000,0.72,1.79,0.69,0.53,0.63
1763000,0.71,1.77,0.67,0.52,0.65
1764000,0.72,1.77,0.66,0.52,0.67
1765000,0.69,1.67,0.61,0.51,0.71
1766000,0.68,1.57,0.58,0.54,0.7
1767000,0.67,1.5,0.57,0.54,0.69
1768000,0.71,1.54,0.54,0.55,0.69
1769000,0.72,1.44,0.54,0.54,0.65
1770000,0.67,1.46,0.58,0.54,0.69
1771000,0.68,1.29,0.55,0.56,0.67
1772000,0.71,1.23,0.56,0.53,0.62
1773000,0.69,1.23,0.55,0.53,0.56
1774000,0.68,1.24,0.53,0.52,0.54
1775000,0.69,1.23,0.48,0.52,0.55
1776000,0.72,1.2,0.47,0.53,0.47
1777000,0.69,1.26,0.52,0.54,0.4
1778000,0.7,1.26,0.52,0.56,0.4
1779000,0.7,1.32,0.58,0.59,0.41
1780000,0.71,1.37,0.59,0.57,0.42
1781000,0.63,1.48,0.61,0.56,0.43
1782000,0.64,1.57,0.67,0.56,0.48
1783000,0.7,1.61,0.68,0.57,0.5
1784000,0.71,1.58,0.64,0.51,0.56
1785000,0.71,1.65,0.65,0.5,0.64
1786000,0.71,1.57,0.61,0.47,0.64
1787000,0.7,1.48,0.63,0.49,0.66
1788000,0.73,1.42,0.69,0.49,0.64
1789000,0.72,1.37,0.74,0.47,0.63
1790000,0.74,1.4,0.78,0.47,0.61
1791000,0.74,1.23,0.77,0.46,0.64
1792000,0.73,1.13,0.74,0.48,0.65
1793000,0.73,0.94,0.74,0.5,0.7
1794000,0.75,0.84,0.67,0.51,0.67
1795000,0.74,0.84,0.64,0.5,0.71
1796000,0.73,0.77,0.58,0.46,0.74
1797000,0.72,0.79,0.56,0.41,0.69
1798000,0.72,0.79,0.56,0.41,0.69
1799000,0.69,0.9,0.55,0.43,0.64
1800000,0.69,0.95,0.49,0.47,0.57
1801000,0.71,1.02,0.39,0.51,0.58
1802000,0.71,1.02,0.32,0.54,0.59
1803000,0.69,1.11,0.33,0.54,0.62
1804000,0.67,1.13,0.32,0.58,0.64
1805000,0.62,1.2,0.32,0.56,0.71
1806000,0.59,1.37,0.37,0.56,0.73
1807000,0.56,1.48,0.41,0.53,0.75
1808000,0.58,1.57,0.45,0.49,0.75
1809000,0.61,1.55,0.44,0.47,0.83
1810000,0.57,1.62,0.45,0.44,0.8
1811000,0.59,1.66,0.47,0.42,0.76
1812000,0.59,1.64,0.51,0.43,0.79
1813000,0.61,1.67,0.57,0.45,0.76
1814000,0.61,1.66,0.63,0.46,0.74
1815000,0.62,1.7,0.64,0.44,0.78
1816000,0.61,1.76,0.67,0.44,0.81
1817000,0.57,1.73,0.71,0.42,0.82
1818000,0.59,1.84,0.71,0.41,0.87
1819000,0.58,1.75,0.7,0.44,0.87
1820000,0.58,1.82,0.72,0.44,0.78
1821000,0.6,1.86,0.73,0.43,0.77
1822000,0.6,1.91,0.67,0.43,0.78
1823000,0.59,1.7,0.61,0.45,0.76
1824000,0.58,1.65,0.6,0.47,0.74
1825000,0.56,1.66,0.58,0.5,0.75
1826000,0.56,1.52,0.54,0.51,0.84
1827000,0.59,1.53,0.57,0.53,0.85
1828000,0.58,1.49,0.5,0.53,0.86
1829000,0.54,1.38,0.4,0.56,0.83
1830000,0.59,1.22,0.4,0.59,0.8
1831000,0.59,1.21,0.4,0.6,0.76
1832000,0.61,1.13,0.38,0.57,0.78
1833000,0.61,1.07,0.41,0.59,0.76
1834000,0.59,1.07,0.41,0.58,0.79
1835000,0.6,1.04,0.41,0.54,0.84
1836000,0.58,1.05,0.42,0.52,0.85
1837000,0.57,1.13,0.46,0.55,0.75
1838000,0.59,1.18,0.49,0.57,0.81
1839000,0.62,1.29,0.51,0.56,0.81
1840000,0.58,1.39,0.53,0.53,0.74
1841000,0.61,1.5,0.53,0.52,0.74
1842000,0.55,1.46,0.55,0.54,0.78
1843000,0.58,1.5,0.53,0.53,0.84
1844000,0.6,1.63,0.56,0.52,0.82
1845000,0.55,1.73,0.57,0.51,0.82
1846000,0.58,1.78,0.62,0.48,0.85
1847000,0.58,1.87,0.62,0.42,0.77
1848000,0.57,1.89,0.59,0.45,0.79
1849000,0.58,1.92,0.56,0.45,0.75
1850000,0.6,1.98,0.58,0.48,0.77
1851000,0.67,1.98,0.57,0.51,0.79
1852000,0.71,2.01,0.55,0.51,0.71
1853000,0.71,2.04,0.54,0.52,0.7
1854000,0.75,2.02,0.56,0.52,0.73
1855000,0.75,2.04,0.61,0.54,0.73
1856000,0.81,2.1,0.59,0.53,0.72
1857000,0.79,2.07,0.61,0.53,0.75
1858000,0.8,2.1,0.65,0.54,0.65
1859000,0.84,2.02,0.67,0.55,0.65
1860000,0.83,2.07,0.71,0.52,0.69
1861000,0.8,2.13,0.69,0.59,0.68
1862000,0.85,2.03,0.71,0.61,0.68
1863000,0.81,2.03,0.71,0.59,0.66
1864000,0.8,1.99,0.69,0.56,0.67
1865000,0.83,1.97,0.7,0.56,0.65
1866000,0.81,1.98,0.76,0.56,0.73
1867000,0.79,2.05,0.78,0.53,0.77
1868000,0.78,2.04,0.78,0.52,0.79
1869000,0.75,2.14,0.76,0.54,0.81
1870000,0.74,2.03,0.78,0.56,0.81
1871000,0.72,2.06,0.77,0.57,0.8
1872000,0.68,2.12,0.72,0.58,0.83
1873000,0.64,2.07,0.75,0.58,0.84
1874000,0.64,1.94,0.74,0.59,0.84
1875000,0.63,1.75,0.69,0.56,0.85
1876000,0.64,1.85,0.63,0.48,0.91
1877000,0.57,1.81,0.65,0.52,0.92
1878000,0.59,1.8,0.6,0.57,0.9
1879000,0.6,1.88,0.61,0.58,0.96
1880000,0.57,1.87,0.68,0.53,1.06
1881000,0.57,1.81,0.65,0.53,1.07
1882000,0.57,1.83,0.66,0.58,1.04
1883000,0.6,1.87,0.68,0.58,0.97
1884000,0.6,1.8,0.69,0.59,0.96
1885000,0.61,1.85,0.72,0.59,0.93
1886000,0.6,1.8,0.73,0.58,0.96
1887000,0.59,1.83,0.7,0.57,0.93
1888000,0.62,1.85,0.71,0.57,0.89
1889000,0.63,1.81,0.66,0.58,0.88
1890000,0.64,1.72,0.69,0.61,0.92
1891000,0.58,1.78,0.78,0.61,0.87
1892000,0.57,1.77,0.85,0.58,0.89
1893000,0.59,1.88,0.91,0.56,0.92
1894000,0.55,1.72,0.9,0.53,0.94
1895000,0.6,1.8,0.92,0.57,0.82
1896000,0.58,1.75,0.9,0.54,0.84
1897000,0.59,1.75,0.87,0.5,0.82
1898000,0.58,1.79,0.78,0.52,0.84
1899000,0.57,1.87,0.76,0.53,0.87
1900000,0.56,1.74,0.73,0.55,0.89
1901000,0.56,1.78,0.74,0.53,0.93
1902000,0.55,1.81,0.77,0.53,0.94
1903000,0.56,1.8,0.83,0.52,1.0
1904000,0.57,1.75,0.84,0.54,0.96
1905000,0.6,1.63,0.86,0.54,0.95
1906000,0.64,1.62,0.89,0.5,0.97
1907000,0.66,1.63,0.89,0.52,0.95
1908000,0.66,1.68,0.84,0.54,0.88
1909000,0.68,1.73,0.79,0.58,0.9
1910000,0.67,1.79,0.77,0.56,0.99
1911000,0.64,1.8,0.76,0.53,1.02
1912000,0.63,1.73,0.76,0.6,1.08
1913000,0.62,1.74,0.73,0.58,1.1
1914000,0.63,1.6,0.74,0.56,1.06
1915000,0.61,1.57,0.76,0.53,1.01
1916000,0.59,1.46,0.78,0.55,0.99
1917000,0.63,1.49,0.78,0.56,0.91
1918000,0.6,1.54,0.83,0.57,0.95
1919000,0.61,1.62,0.76,0.57,0.98
1920000,0.58,1.73,0.7,0.5,1.03
1921000,0.58,1.75,0.62,0.5,0.99
1922000,0.56,1.77,0.61,0.49,0.99
1923000,0.57,1.84,0.6,0.49,1.0
1924000,0.62,1.77,0.58,0.53,1.06
1925000,0.63,1.83,0.54,0.51,0.99
1926000,0.64,1.82,0.53,0.5,0.96
1927000,0.6,1.81,0.53,0.51,0.98
1928000,0.6,1.81,0.51,0.5,0.97
1929000,0.65,1.75,0.5,0.51,0.97
1930000,0.65,1.77,0.49,0.53,0.99
1931000,0.64,1.79,0.51,0.56,1.01
1932000,0.62,1.68,0.53,0.53,1.01
1933000,0.59,1.59,0.48,0.53,1.01
1934000,0.55,1.54,0.48,0.5,0.98
1935000,0.56,1.49,0.51,0.52,1.07
1936000,0.55,1.41,0.53,0.54,1.07
1937000,0.54,1.32,0.52,0.55,1.06
1938000,0.56,1.27,0.56,0.57,0.99
1939000,0.58,1.25,0.6,0.59,0.99
1940000,0.57,1.19,0.64,0.52,1.01
1941000,0.51,1.23,0.66,0.57,1.0
1942000,0.51,1.33,0.7,0.55,1.02
1943000,0.5,1.28,0.68,0.56,1.04
1944000,0.51,1.28,0.69,0.55,1.1
1945000,0.54,1.27,0.72,0.54,1.13
1946000,0.51,1.22,0.72,0.56,1.16
1947000,0.49,1.41,0.71,0.56,1.17
1948000,0.5,1.45,0.71,0.59,1.28
1949000,0.57,1.56,0.68,0.62,1.27
1950000,0.62,1.64,0.72,0.61,1.18
1951000,0.64,1.65,0.73,0.64,1.26
1952000,0.64,1.7,0.72,0.62,1.3
1953000,0.62,1.68,0.7,0.61,1.32
1954000,0.68,1.72,0.72,0.64,1.34
1955000,0.68,1.77,0.7,0.62,1.3
1956000,0.6,1.74,0.71,0.64,1.32
1957000,0.63,1.67,0.65,0.63,1.33
1958000,0.63,1.71,0.64,0.62,1.31
1959000,0.6,1.78,0.64,0.66,1.26
1960000,0.61,1.76,0.64,0.66,1.26
1961000,0.58,1.82,0.62,0.62,1.26
1962000,0.59,1.95,0.66,0.58,1.24
1963000,0.61,1.98,0.69,0.55,1.18
1964000,0.54,2.09,0.68,0.51,1.14
1965000,0.53,2.19,0.71,0.48,1.21
1966000,0.52,2.27,0.76,0.44,1.16
1967000,0.52,2.1,0.75,0.45,1.14
1968000,0.57,2.05,0.74,0.49,1.05
1969000,0.62,2.12,0.73,0.48,1.05
1970000,0.57,2.09,0.73,0.45,1.01
1971000,0.57,2.08,0.77,0.45,1.08
1972000,0.59,2.11,0.74,0.45,1.17
1973000,0.56,2.13,0.73,0.46,1.17
1974000,0.56,2.1,0.74,0.42,1.22
1975000,0.59,2.14,0.75,0.37,1.2
1976000,0.58,2.11,0.71,0.38,1.26
1977000,0.59,1.93,0.69,0.38,1.3
1978000,0.59,1.94,0.71,0.38,1.34
1979000,0.56,1.99,0.69,0.38,1.41
1980000,0.58,1.97,0.64,0.37,1.37
1981000,0.56,2.01,0.64,0.36,1.4
1982000,0.61,2.01,0.64,0.35,1.39
1983000,0.62,1.97,0.63,0.36,1.4
1984000,0.53,1.9,0.61,0.33,1.33
1985000,0.51,1.82,0.57,0.36,1.38
1986000,0.56,1.84,0.57,0.35,1.42
1987000,0.58,1.9,0.6,0.33,1.41
1988000,0.6,1.83,0.54,0.35,1.43
1989000,0.63,1.86,0.55,0.37,1.44
1990000,0.65,1.93,0.52,0.41,1.48
1991000,0.64,1.81,0.54,0.41,1.48
1992000,0.63,1.73,0.56,0.42,1.34
1993000,0.65,1.73,0.63,0.45,1.35
1994000,0.65,1.73,0.63,0.49,1.35
1995000,0.71,1.79,0.61,0.49,1.36
1996000,0.7,1.79,0.6,0.52,1.41
1997000,0.7,1.86,0.65,0.49,1.46
1998000,0.69,1.91,0.65,0.49,1.55
1999000,0.63,1.93,0.57,0.51,1.67
2000000,0.67,1.89,0.59,0.53,1.66
2001000,0.72,1.91,0.6,0.5,1.55
2002000,0.67,1.88,0.63,0.52,1.56
2003000,0.64,1.85,0.66,0.53,1.5
2004000,0.63,1.79,0.68,0.58,1.45
2005000,0.6,1.81,0.7,0.53,1.35
2006000,0.62,1.83,0.7,0.51,1.34
2007000,0.63,2.01,0.7,0.5,1.38
2008000,0.64,1.98,0.66,0.48,1.36
2009000,0.69,2.06,0.64,0.45,1.32
2010000,0.7,2.14,0.59,0.47,1.23
2011000,0.69,2.22,0.59,0.46,1.19
2012000,0.68,2.19,0.57,0.51,1.2
2013000,0.66,2.26,0.55,0.54,1.1
2014000,0.68,2.34,0.54,0.54,1.08
2015000,0.69,2.29,0.57,0.49,1.18
2016000,0.71,2.26,0.56,0.5,1.24
2017000,0.7,2.22,0.57,0.53,1.27
2018000,0.7,2.18,0.56,0.5,1.29
2019000,0.73,2.25,0.53,0.5,1.31
2020000,0.73,2.12,0.52,0.49,1.39
2021000,0.73,2.08,0.49,0.48,1.37
2022000,0.73,1.97,0.46,0.48,1.37
2023000,0.73,1.83,0.45,0.5,1.37
2024000,0.77,1.74,0.43,0.48,1.36
2025000,0.76,1.64,0.46,0.5,1.47
2026000,0.73,1.59,0.44,0.53,1.5
2027000,0.71,1.58,0.44,0.5,1.53
2028000,0.79,1.57,0.46,0.5,1.49
2029000,0.77,1.59,0.43,0.48,1.48
2030000,0.73,1.56,0.44,0.45,1.43
2031000,0.7,1.42,0.41,0.49,1.36
2032000,0.7,1.55,0.4,0.47,1.39
2033000,0.71,1.63,0.43,0.42,1.36
2034000,0.74,1.59,0.44,0.47,1.42
2035000,0.7,1.58,0.45,0.47,1.38
2036000,0.75,1.6,0.43,0.45,1.39
2037000,0.77,1.66,0.45,0.45,1.37
2038000,0.77,1.67,0.48,0.44,1.4
2039000,0.73,1.75,0.47,0.49,1.33
2040000,0.73,1.8,0.48,0.49,1.3
2041000,0.75,1.88,0.46,0.45,1.22
2042000,0.76,1.94,0.5,0.43,1.2
2043000,0.79,1.97,0.5,0.44,1.24
2044000,0.71,1.94,0.5,0.43,1.31
2045000,0.68,1.98,0.52,0.44,1.37
2046000,0.7,2.0,0.56,0.45,1.37
2047000,0.77,2.05,0.55,0.46,1.37
2048000,0.77,2.05,0.55,0.47,1.41
2049000,0.76,2.07,0.56,0.49,1.45
2050000,0.79,2.14,0.57,0.5,1.5
2051000,0.77,2.0,0.56,0.48,1.54
2052000,0.77,2.04,0.55,0.47,1.53
2053000,0.77,2.11,0.54,0.51,1.5
2054000,0.78,2.08,0.58,0.47,1.55
2055000,0.8,2.12,0.6,0.44,1.51
2056000,0.8,2.12,0.61,0.45,1.45
2057000,0.81,2.11,0.61,0.48,1.39
2058000,0.74,2.18,0.61,0.5,1.36
2059000,0.75,2.17,0.56,0.48,1.31
2060000,0.75,2.21,0.55,0.49,1.36
2061000,0.72,2.11,0.51,0.48,1.38
2062000,0.74,2.12,0.57,0.45,1.32
2063000,0.75,2.04,0.58,0.42,1.34
2064000,0.7,1.93,0.59,0.42,1.34
2065000,0.69,1.92,0.63,0.38,1.26
2066000,0.64,1.87,0.65,0.4,1.27
2067000,0.66,1.9,0.65,0.43,1.33
2068000,0.65,1.98,0.68,0.42,1.34
2069000,0.7,1.9,0.68,0.42,1.38
2070000,0.67,1.9,0.63,0.44,1.45
2071000,0.66,1.93,0.61,0.46,1.52
2072000,0.64,1.82,0.62,0.47,1.57
2073000,0.62,1.85,0.67,0.47,1.61
2074000,0.66,1.91,0.69,0.43,1.62
2075000,0.64,1.95,0.7,0.48,1.59
2076000,0.66,1.87,0.73,0.44,1.6
2077000,0.68,1.85,0.73,0.48,1.63
2078000,0.68,1.88,0.7,0.48,1.59
2079000,0.68,1.81,0.69,0.51,1.65
2080000,0.69,1.76,0.65,0.54,1.7
2081000,0.67,1.79,0.64,0.55,1.65
2082000,0.7,1.79,0.62,0.56,1.65
2083000,0.67,1.76,0.58,0.59,1.73
2084000,0.61,1.75,0.52,0.56,1.72
2085000,0.61,1.8,0.5,0.57,1.66
2086000,0.63,1.6,0.5,0.55,1.68
2087000,0.63,1.68,0.53,0.54,1.72
2088000,0.67,1.72,0.5,0.5,1.8
2089000,0.64,1.79,0.5,0.53,1.8
2090000,0.63,1.8,0.47,0.55,1.8
2091000,0.63,1.85,0.43,0.5,1.81
2092000,0.56,1.92,0.41,0.49,1.78
2093000,0.61,2.01,0.4,0.45,1.79
2094000,0.66,1.98,0.4,0.43,1.69
2095000,0.64,2.01,0.39,0.41,1.61
2096000,0.64,2.05,0.4,0.39,1.64
2097000,0.68,2.04,0.45,0.42,1.57
2098000,0.69,2.05,0.47,0.38,1.53
2099000,0.7,2.11,0.47,0.36,1.61
2100000,0.66,2.2,0.5,0.34,1.54
2101000,0.67,2.32,0.56,0.36,1.51
2102000,0.67,2.28,0.6,0.35,1.4
2103000,0.62,2.21,0.62,0.37,1.35
2104000,0.62,2.22,0.67,0.32,1.41
2105000,0.63,2.23,0.68,0.33,1.34
2106000,0.61,2.23,0.68,0.34,1.39
2107000,0.59,2.22,0.69,0.37,1.39
2108000,0.61,2.18,0.72,0.39,1.47
2109000,0.56,2.13,0.74,0.39,1.54
2110000,0.55,2.13,0.78,0.41,1.57
2111000,0.54,1.97,0.8,0.42,1.6
2112000,0.53,1.92,0.83,0.44,1.59
2113000,0.49,1.92,0.85,0.44,1.5
2114000,0.49,1.95,0.84,0.45,1.46
2115000,0.53,1.93,0.82,0.51,1.44
2116000,0.57,1.93,0.83,0.55,1.41
2117000,0.54,1.9,0.86,0.58,1.3
2118000,0.52,1.87,0.83,0.56,1.31
2119000,0.55,1.95,0.8,0.6,1.42
2120000,0.55,2.01,0.82,0.62,1.4
2121000,0.58,2.07,0.81,0.62,1.25
2122000,0.59,2.08,0.84,0.64,1.14
2123000,0.59,2.08,0.83,0.63,1.12
2124000,0.67,2.09,0.83,0.6,1.16
2125000,0.67,2.14,0.86,0.61,1.12
2126000,0.69,2.17,0.9,0.55,1.14
2127000,0.71,2.14,0.93,0.54,1.22
2128000,0.77,2.15,0.92,0.55,1.27
2129000,0.78,2.08,0.88,0.5,1.3
2130000,0.79,2.04,0.88,0.5,1.29
2131000,0.78,1.96,0.82,0.46,1.39
2132000,0.75,2.05,0.8,0.43,1.39
2133000,0.73,2.14,0.78,0.43,1.4
2134000,0.7,2.19,0.74,0.42,1.37
2135000,0.68,2.15,0.71,0.39,1.45
2136000,0.67,2.2,0.63,0.43,1.53
2137000,0.68,2.34,0.57,0.41,1.57
2138000,0.69,2.23,0.52,0.44,1.53
2139000,0.65,2.18,0.47,0.43,1.44
2140000,0.6,2.13,0.45,0.47,1.47
2141000,0.62,2.05,0.38,0.45,1.4
2142000,0.63,2.04,0.34,0.46,1.28
2143000,0.59,2.06,0.35,0.46,1.24
2144000,0.61,2.09,0.34,0.46,1.31
2145000,0.6,2.1,0.36,0.44,1.21
2146000,0.61,2.08,0.39,0.46,1.2
2147000,0.64,2.19,0.42,0.48,1.21
2148000,0.68,2.13,0.44,0.48,1.22
2149000,0.71,2.1,0.46,0.49,1.17
2150000,0.75,2.07,0.53,0.46,1.1
2151000,0.73,2.08,0.56,0.47,1.14
2152000,0.76,1.96,0.59,0.49,1.21
2153000,0.82,1.87,0.56,0.49,1.22
2154000,0.82,1.8,0.58,0.51,1.34
2155000,0.84,1.86,0.58,0.52,1.34
2156000,0.86,1.85,0.63,0.56,1.44
2157000,0.82,1.93,0.63,0.56,1.48
2158000,0.76,2.05,0.67,0.57,1.54
2159000,0.77,2.13,0.66,0.56,1.51
2160000,0.72,2.13,0.64,0.55,1.47
2161000,0.72,2.14,0.69,0.56,1.45
2162000,0.67,2.05,0.71,0.51,1.36
2163000,0.64,1.97,0.7,0.52,1.33
2164000,0.64,1.97,0.67,0.49,1.28
2165000,0.62,2.07,0.66,0.48,1.34
2166000,0.58,2.08,0.63,0.5,1.25
2167000,0.56,1.94,0.61,0.46,1.26
2168000,0.51,1.97,0.62,0.42,1.18
2169000,0.49,1.99,0.65,0.45,1.15
2170000,0.5,2.0,0.68,0.42,1.06
2171000,0.49,2.0,0.68,0.44,1.09
2172000,0.55,1.99,0.69,0.43,1.1
2173000,0.53,1.99,0.74,0.46,1.2
2174000,0.57,1.8,0.77,0.46,1.19
2175000,0.56,1.71,0.75,0.44,1.3
2176000,0.57,1.69,0.77,0.44,1.35
2177000,0.6,1.67,0.8,0.5,1.32
2178000,0.58,1.68,0.77,0.5,1.33
2179000,0.58,1.7,0.74,0.5,1.35
2180000,0.59,1.67,0.76,0.5,1.36
2181000,0.57,1.69,0.79,0.48,1.4
2182000,0.58,1.71,0.8,0.45,1.38
2183000,0.57,1.79,0.81,0.45,1.42
2184000,0.59,1.82,0.81,0.44,1.39
2185000,0.61,1.84,0.81,0.46,1.46
2186000,0.63,1.88,0.8,0.42,1.57
2187000,0.62,1.87,0.76,0.41,1.52
2188000,0.62,1.88,0.78,0.41,1.59
2189000,0.56,2.07,0.72,0.46,1.55
2190000,0.59,2.18,0.68,0.43,1.57
2191000,0.58,2.16,0.63,0.42,1.65
2192000,0.65,2.18,0.6,0.41,1.82
2193000,0.68,2.25,0.56,0.41,1.84
2194000,0.72,2.31,0.58,0.44,1.83
2195000,0.71,2.28,0.56,0.45,1.74
2196000,0.72,2.21,0.55,0.43,1.64
2197000,0.69,2.2,0.54,0.47,1.59
2198000,0.68,2.27,0.56,0.48,1.6
2199000,0.68,2.26,0.54,0.47,1.6
2200000,0.66,2.26,0.56,0.44,1.5
2201000,0.64,2.23,0.61,0.43,1.49
2202000,0.64,2.16,0.65,0.45,1.35
2203000,0.65,2.18,0.65,0.43,1.31
2204000,0.66,2.14,0.64,0.39,1.26
2205000,0.7,2.1,0.65,0.41,1.1
2206000,0.67,2.21,0.71,0.42,0.99
2207000,0.63,2.19,0.75,0.42,1.02
2208000,0.61,2.3,0.76,0.45,1.07
2209000,0.57,2.02,0.79,0.46,1.12
2210000,0.54,2.05,0.78,0.42,1.18
2211000,0.53,1.98,0.77,0.45,1.18
2212000,0.56,1.86,0.77,0.42,1.15
2213000,0.53,1.91,0.76,0.43,1.25
2214000,0.47,2.02,0.74,0.42,1.31
2215000,0.54,2.05,0.69,0.44,1.4
2216000,0.55,2.02,0.71,0.47,1.46
2217000,0.55,1.9,0.67,0.49,1.51
2218000,0.56,1.97,0.61,0.5,1.56
2219000,0.63,1.97,0.59,0.55,1.56
2220000,0.59,1.94,0.61,0.55,1.64
2221000,0.61,1.91,0.6,0.53,1.62
2222000,0.62,1.93,0.68,0.51,1.61
2223000,0.6,1.94,0.64,0.49,1.57
2224000,0.66,1.82,0.64,0.49,1.59
2225000,0.66,1.9,0.7,0.48,1.54
2226000,0.71,1.78,0.74,0.45,1.62
2227000,0.72,1.85,0.77,0.46,1.62
2228000,0.73,1.88,0.79,0.45,1.54
2229000,0.72,1.96,0.81,0.5,1.51
2230000,0.73,1.88,0.83,0.5,1.49
2231000,0.76,1.93,0.9,0.52,1.42
2232000,0.7,1.94,0.91,0.51,1.39
2233000,0.68,2.06,0.87,0.5,1.28
2234000,0.66,2.01,0.93,0.43,1.17
2235000,0.62,1.99,0.96,0.42,1.21
2236000,0.6,2.01,0.97,0.41,1.3
2237000,0.57,2.0,0.93,0.4,1.34
2238000,0.58,1.86,0.95,0.39,1.37
2239000,0.58,1.77,0.88,0.43,1.33
2240000,0.5,1.77,0.92,0.42,1.41
2241000,0.5,1.8,0.9,0.48,1.37
2242000,0.44,1.84,0.84,0.49,1.35
2243000,0.45,1.83,0.8,0.46,1.42
2244000,0.49,1.8,0.79,0.48,1.39
2245000,0.5,1.71,0.8,0.48,1.33
2246000,0.5,1.67,0.79,0.47,1.39
2247000,0.52,1.88,0.73,0.45,1.43
2248000,0.51,1.91,0.72,0.46,1.46
2249000,0.54,1.94,0.75,0.49,1.43
2250000,0.56,1.92,0.77,0.51,1.45
2251000,0.6,1.87,0.79,0.52,1.44
2252000,0.64,1.89,0.82,0.53,1.45
2253000,0.61,1.88,0.79,0.56,1.46
2254000,0.61,1.89,0.79,0.58,1.5
2255000,0.63,2.02,0.78,0.54,1.55
2256000,0.63,2.15,0.75,0.57,1.57
2257000,0.63,2.18,0.78,0.58,1.58
2258000,0.67,2.22,0.75,0.57,1.51
2259000,0.65,2.22,0.77,0.52,1.49
2260000,0.69,2.27,0.81,0.5,1.55
2261000,0.67,2.28,0.82,0.5,1.55
2262000,0.65,2.37,0.82,0.47,1.52
2263000,0.62,2.34,0.88,0.47,1.52
2264000,0.62,2.39,0.88,0.48,1.6
2265000,0.59,2.53,0.93,0.45,1.76
2266000,0.55,2.47,0.9,0.46,1.81
2267000,0.52,2.24,0.94,0.46,1.81
2268000,0.44,2.19,0.92,0.43,1.74
2269000,0.45,2.33,0.93,0.43,1.7
2270000,0.46,2.25,0.94,0.4,1.64
2271000,0.45,2.3,0.91,0.38,1.64
2272000,0.46,2.29,0.92,0.4,1.64
2273000,0.46,2.27,0.92,0.39,1.58
2274000,0.43,2.46,0.91,0.36,1.68
2275000,0.45,2.47,0.94,0.4,1.64
2276000,0.41,2.51,0.9,0.44,1.62
2277000,0.47,2.64,0.86,0.45,1.5
2278000,0.48,2.51,0.88,0.41,1.39
2279000,0.46,2.69,0.84,0.36,1.3
2280000,0.5,2.61,0.83,0.32,1.22
2281000,0.56,2.55,0.84,0.32,1.28
2282000,0.58,2.64,0.85,0.32,1.37
2283000,0.63,2.52,0.77,0.3,1.44
2284000,0.68,2.55,0.72,0.33,1.44
2285000,0.66,2.55,0.68,0.3,1.54
2286000,0.65,2.4,0.72,0.32,1.62
2287000,0.65,2.41,0.73,0.32,1.58
2288000,0.63,2.3,0.77,0.35,1.47
2289000,0.63,2.03,0.75,0.34,1.44
2290000,0.66,1.94,0.74,0.35,1.47
2291000,0.63,1.96,0.79,0.31,1.53
2292000,0.67,1.96,0.82,0.35,1.6
2293000,0.61,1.96,0.79,0.38,1.6
2294000,0.62,1.87,0.77,0.38,1.6
2295000,0.63,1.86,0.78,0.41,1.64
2296000,0.57,1.77,0.77,0.45,1.56
2297000,0.57,1.66,0.78,0.46,1.39
2298000,0.62,1.72,0.78,0.45,1.37
2299000,0.59,1.63,0.79,0.44,1.38
2300000,0.58,1.64,0.86,0.5,1.23
2301000,0.58,1.77,0.89,0.53,1.24
2302000,0.59,1.63,0.88,0.52,1.34
2303000,0.61,1.6,0.87,0.5,1.45
2304000,0.64,1.6,0.86,0.52,1.5
2305000,0.69,1.67,0.81,0.53,1.53
2306000,0.68,1.67,0.82,0.51,1.59
2307000,0.65,1.68,0.72,0.48,1.47
2308000,0.66,1.74,0.73,0.46,1.48
2309000,0.66,1.95,0.78,0.42,1.61
2310000,0.67,1.98,0.86,0.46,1.7
2311000,0.68,2.1,0.92,0.53,1.71
2312000,0.71,2.2,0.91,0.52,1.77
2313000,0.7,2.24,0.93,0.52,1.8
2314000,0.67,2.28,0.87,0.52,1.97
2315000,0.67,2.38,0.82,0.5,1.99
2316000,0.69,2.45,0.82,0.5,1.96
2317000,0.71,2.4,0.83,0.5,1.95
2318000,0.69,2.53,0.81,0.5,1.82
2319000,0.63,2.39,0.78,0.47,1.83
2320000,0.6,2.25,0.77,0.52,1.82
2321000,0.6,2.02,0.74,0.55,1.86
2322000,0.58,2.04,0.77,0.53,1.92
2323000,0.53,2.01,0.76,0.51,1.98
2324000,0.5,1.9,0.72,0.51,1.94
2325000,0.51,1.85,0.73,0.43,1.97
2326000,0.49,1.84,0.69,0.41,1.86
2327000,0.48,1.82,0.68,0.41,1.78
2328000,0.52,1.85,0.68,0.36,1.7
2329000,0.48,1.91,0.66,0.38,1.66
2330000,0.47,1.91,0.68,0.36,1.54
2331000,0.44,1.88,0.73,0.36,1.54
2332000,0.45,1.7,0.67,0.34,1.56
2333000,0.49,1.75,0.65,0.35,1.54
2334000,0.49,1.72,0.64,0.33,1.66
2335000,0.5,1.71,0.69,0.3,1.77
2336000,0.53,1.74,0.74,0.33,1.72
2337000,0.53,1.75,0.76,0.36,1.68
2338000,0.54,1.8,0.77,0.33,1.42
2339000,0.54,1.8,0.77,0.39,1.24
2340000,0.56,1.85,0.8,0.39,1.17
2341000,0.57,1.89,0.77,0.41,1.15
2342000,0.57,1.84,0.77,0.42,1.15
2343000,0.59,1.85,0.75,0.48,1.26
2344000,0.55,1.86,0.76,0.46,1.22
2345000,0.56,1.86,0.76,0.47,1.31
2346000,0.58,1.9,0.8,0.43,1.29
2347000,0.58,1.85,0.8,0.46,1.43
2348000,0.62,1.8,0.83,0.45,1.26
2349000,0.59,1.76,0.85,0.45,1.2
2350000,0.57,1.89,0.82,0.47,1.19
2351000,0.61,1.94,0.85,0.45,1.17
2352000,0.61,1.98,0.89,0.48,1.23
2353000,0.61,2.03,0.81,0.48,1.4
2354000,0.59,2.02,0.76,0.43,1.4
2355000,0.56,2.04,0.74,0.43,1.46
2356000,0.54,2.0,0.72,0.42,1.49
2357000,0.53,2.09,0.71,0.39,1.47
2358000,0.52,2.13,0.7,0.36,1.37
2359000,0.54,2.15,0.64,0.35,1.37
2360000,0.56,2.25,0.62,0.34,1.35
2361000,0.53,2.27,0.6,0.36,1.26
2362000,0.51,2.4,0.56,0.34,1.25
2363000,0.48,2.34,0.57,0.33,1.29
2364000,0.48,2.38,0.57,0.3,1.36
2365000,0.51,2.41,0.54,0.34,1.4
2366000,0.49,2.48,0.52,0.34,1.42
2367000,0.47,2.46,0.54,0.35,1.39
2368000,0.45,2.52,0.56,0.34,1.43
2369000,0.45,2.59,0.6,0.32,1.46
2370000,0.48,2.48,0.63,0.32,1.63
2371000,0.52,2.53,0.61,0.33,1.61
2372000,0.53,2.56,0.58,0.33,1.65
2373000,0.5,2.51,0.62,0.33,1.68
2374000,0.45,2.33,0.66,0.35,1.74
2375000,0.45,2.25,0.66,0.4,1.7
2376000,0.49,2.28,0.69,0.39,1.77
2377000,0.52,2.33,0.71,0.38,1.78
2378000,0.51,2.27,0.67,0.38,1.91
2379000,0.5,2.2,0.74,0.39,1.93
2380000,0.54,2.3,0.75,0.37,1.78
2381000,0.51,2.21,0.76,0.32,1.81
2382000,0.53,2.19,0.77,0.3,1.83
2383000,0.55,2.26,0.8,0.34,1.94
2384000,0.52,2.22,0.8,0.38,1.82
2385000,0.54,2.1,0.78,0.41,1.77
2386000,0.46,2.08,0.78,0.39,1.85
2387000,0.45,2.1,0.76,0.42,1.98
2388000,0.49,1.97,0.77,0.44,2.03
2389000,0.51,1.94,0.77,0.45,2.01
2390000,0.5,1.98,0.76,0.39,2.01
2391000,0.56,2.04,0.79,0.42,2.01
2392000,0.53,2.11,0.77,0.43,2.04
2393000,0.56,2.25,0.76,0.44,2.03
2394000,0.57,2.33,0.78,0.45,2.03
2395000,0.59,2.24,0.8,0.45,1.98
2396000,0.6,2.23,0.81,0.47,1.97
2397000,0.58,2.26,0.79,0.51,2.09
2398000,0.59,2.24,0.79,0.55,2.08
2399000,0.6,2.17,0.78,0.53,2.03
2400000,0.58,2.19,0.8,0.51,2.02
2401000,0.61,2.27,0.82,0.48,1.94
2402000,0.59,2.24,0.86,0.41,1.9
2403000,0.61,2.37,0.89,0.38,1.6
2404000,0.62,2.39,0.88,0.34,1.54
2405000,0.6,2.37,0.88,0.38,1.57
2406000,0.58,2.4,0.88,0.42,1.56
2407000,0.54,2.3,0.85,0.43,1.52
2408000,0.52,2.32,0.82,0.44,1.45
2409000,0.49,2.29,0.75,0.43,1.45
2410000,0.48,2.18,0.77,0.42,1.38
2411000,0.49,2.13,0.74,0.41,1.31
2412000,0.55,2.04,0.75,0.4,1.2
2413000,0.52,1.97,0.74,0.43,1.25
2414000,0.55,1.96,0.73,0.42,1.34
2415000,0.62,1.88,0.72,0.42,1.41
2416000,0.61,1.98,0.74,0.43,1.47
2417000,0.62,1.99,0.77,0.47,1.58
2418000,0.61,1.96,0.74,0.51,1.63
2419000,0.63,1.84,0.75,0.56,1.66
2420000,0.61,1.75,0.77,0.55,1.64
2421000,0.63,1.84,0.74,0.54,1.68
2422000,0.64,1.83,0.74,0.48,1.73
2423000,0.66,1.9,0.75,0.46,1.69
2424000,0.66,1.97,0.76,0.46,1.77
2425000,0.67,2.04,0.76,0.49,1.86
2426000,0.67,2.07,0.76,0.51,1.88
2427000,0.65,2.02,0.75,0.49,1.94
2428000,0.58,2.07,0.78,0.47,2.02
2429000,0.55,2.03,0.8,0.44,2.04
2430000,0.53,2.13,0.78,0.45,1.94
2431000,0.51,2.24,0.76,0.44,1.89
2432000,0.46,2.22,0.71,0.46,1.77
2433000,0.46,2.23,0.69,0.4,1.76
2434000,0.47,2.23,0.68,0.45,1.85
2435000,0.48,2.23,0.72,0.47,1.91
2436000,0.47,2.24,0.67,0.49,1.93
2437000,0.42,2.32,0.64,0.49,2.01
2438000,0.44,2.37,0.61,0.51,2.04
2439000,0.42,2.39,0.62,0.53,1.99
2440000,0.43,2.44,0.65,0.53,2.0
2441000,0.4,2.6,0.61,0.49,1.89
2442000,0.44,2.53,0.6,0.5,1.93
2443000,0.45,2.53,0.63,0.48,2.01
2444000,0.47,2.66,0.63,0.51,2.02
2445000,0.47,2.52,0.62,0.51,2.01
2446000,0.48,2.55,0.63,0.55,2.06
2447000,0.48,2.48,0.66,0.49,2.13
2448000,0.45,2.58,0.71,0.48,2.25
2449000,0.42,2.59,0.74,0.45,2.31
2450000,0.42,2.59,0.78,0.41,2.32
2451000,0.44,2.57,0.75,0.45,2.17
2452000,0.45,2.57,0.72,0.45,2.09
2453000,0.47,2.64,0.72,0.46,2.15
2454000,0.49,2.68,0.68,0.46,2.11
2455000,0.52,2.71,0.75,0.47,2.08
2456000,0.54,2.72,0.74,0.49,2.07
2457000,0.56,2.68,0.78,0.49,2.16
2458000,0.57,2.54,0.79,0.51,2.14
2459000,0.58,2.46,0.81,0.5,2.2
2460000,0.57,2.47,0.82,0.47,2.26
2461000,0.59,2.45,0.81,0.45,2.3
2462000,0.56,2.48,0.79,0.49,2.22
2463000,0.56,2.39,0.79,0.53,2.18
2464000,0.61,2.31,0.76,0.54,2.01
2465000,0.62,2.31,0.71,0.56,1.78
2466000,0.6,2.43,0.72,0.56,1.82
2467000,0.59,2.41,0.7,0.5,1.86
2468000,0.55,2.47,0.69,0.5,1.88
2469000,0.54,2.53,0.7,0.5,1.86
2470000,0.52,2.56,0.73,0.48,1.84
2471000,0.53,2.59,0.74,0.5,1.95
2472000,0.48,2.58,0.63,0.51,1.93
2473000,0.51,2.56,0.64,0.49,1.82
2474000,0.52,2.44,0.68,0.48,1.75
2475000,0.52,2.5,0.66,0.48,1.76
2476000,0.52,2.47,0.68,0.47,1.69
2477000,0.53,2.45,0.71,0.52,1.67
2478000,0.51,2.48,0.76,0.48,1.69
2479000,0.47,2.45,0.74,0.48,1.67
2480000,0.47,2.44,0.75,0.49,1.74
2481000,0.48,2.58,0.8,0.49,1.8
2482000,0.49,2.58,0.77,0.47,1.84
2483000,0.48,2.73,0.79,0.45,1.79
2484000,0.51,2.73,0.84,0.43,1.9
2485000,0.5,2.95,0.84,0.44,1.88
2486000,0.5,2.81,0.85,0.41,1.84
2487000,0.5,2.83,0.82,0.41,1.74
2488000,0.49,2.89,0.85,0.4,1.76
2489000,0.48,2.86,0.83,0.4,1.77
2490000,0.45,2.82,0.87,0.42,1.87
2491000,0.45,2.8,0.82,0.38,1.9
2492000,0.46,2.81,0.82,0.34,1.94
2493000,0.46,2.75,0.81,0.32,1.94
2494000,0.49,2.76,0.8,0.29,1.9
2495000,0.5,2.86,0.74,0.27,1.92
2496000,0.51,2.89,0.74,0.3,1.89
2497000,0.52,2.89,0.71,0.34,1.97
2498000,0.52,2.85,0.71,0.36,1.98
2499000,0.56,2.8,0.7,0.41,1.98
2500000,0.56,2.94,0.71,0.39,2.07
2501000,0.56,2.95,0.68,0.4,2.0
2502000,0.55,3.02,0.66,0.4,1.97
2503000,0.54,2.97,0.7,0.38,1.89
2504000,0.57,2.98,0.7,0.42,1.84
2505000,0.56,3.0,0.76,0.46,1.65
2506000,0.57,2.67,0.77,0.45,1.72
2507000,0.55,2.71,0.76,0.49,1.67
2508000,0.56,2.67,0.78,0.51,1.64
2509000,0.57,2.53,0.81,0.49,1.57
2510000,0.59,2.56,0.79,0.52,1.58
2511000,0.57,2.54,0.76,0.57,1.47
2512000,0.6,2.48,0.76,0.55,1.55
2513000,0.61,2.48,0.82,0.54,1.55
2514000,0.59,2.52,0.84,0.53,1.47
2515000,0.59,2.52,0.85,0.47,1.47
2516000,0.6,2.41,0.89,0.45,1.54
2517000,0.6,2.48,0.89,0.44,1.6
2518000,0.6,2.45,0.87,0.49,1.75
2519000,0.57,2.4,0.93,0.47,1.77
2520000,0.55,2.33,0.92,0.44,1.89
2521000,0.57,2.15,0.95,0.46,1.95
2522000,0.6,2.15,0.91,0.42,2.01
2523000,0.62,2.17,0.92,0.42,1.97
2524000,0.66,2.13,0.95,0.43,1.96
2525000,0.64,2.23,0.95,0.41,2.01
2526000,0.65,2.21,0.95,0.42,2.02
2527000,0.68,2.29,0.92,0.4,2.02
2528000,0.64,2.28,0.96,0.4,2.06
2529000,0.59,2.24,0.95,0.42,2.25
2530000,0.57,2.24,0.9,0.45,2.12
2531000,0.57,2.31,0.93,0.48,2.06
2532000,0.56,2.3,0.92,0.48,2.15
2533000,0.55,2.31,0.85,0.49,2.21
2534000,0.54,2.37,0.84,0.47,2.32
2535000,0.55,2.37,0.78,0.48,2.31
2536000,0.59,2.34,0.72,0.5,2.31
2537000,0.54,2.32,0.65,0.5,2.38
2538000,0.54,2.36,0.64,0.51,2.35
2539000,0.55,2.47,0.64,0.47,2.39
2540000,0.53,2.53,0.66,0.45,2.37
2541000,0.53,2.71,0.67,0.45,2.4
2542000,0.57,2.76,0.69,0.44,2.48
2543000,0.55,2.73,0.72,0.46,2.28
2544000,0.58,2.76,0.68,0.45,2.3
2545000,0.58,2.6,0.71,0.47,2.3
2546000,0.62,2.62,0.74,0.48,2.25
2547000,0.62,2.63,0.71,0.48,2.19
2548000,0.66,2.66,0.71,0.49,2.19
2549000,0.65,2.69,0.78,0.48,2.19
2550000,0.63,2.76,0.79,0.5,2.03
2551000,0.62,2.72,0.81,0.5,2.14
2552000,0.63,2.72,0.85,0.55,2.05
2553000,0.67,2.75,0.86,0.56,1.96
2554000,0.64,2.61,0.87,0.58,1.93
2555000,0.63,2.48,0.86,0.64,1.86
2556000,0.64,2.52,0.84,0.65,1.74
2557000,0.67,2.53,0.79,0.71,1.73
2558000,0.67,2.5,0.78,0.71,1.7
2559000,0.63,2.49,0.78,0.7,1.66
2560000,0.61,2.48,0.78,0.71,1.74
2561000,0.59,2.36,0.78,0.65,1.74
2562000,0.6,2.42,0.81,0.67,1.78
2563000,0.56,2.16,0.79,0.7,1.82
2564000,0.53,2.14,0.77,0.7,1.89
2565000,0.49,2.18,0.75,0.66,1.76
2566000,0.47,2.14,0.74,0.63,1.75
2567000,0.48,2.15,0.7,0.58,1.81
2568000,0.46,2.22,0.72,0.53,1.79
2569000,0.47,2.19,0.71,0.5,1.69
2570000,0.45,2.1,0.73,0.51,1.53
2571000,0.41,2.1,0.73,0.5,1.42
2572000,0.45,2.19,0.77,0.49,1.32
2573000,0.45,2.19,0.82,0.46,1.29
2574000,0.41,2.27,0.8,0.47,1.11
2575000,0.44,2.3,0.81,0.46,1.05
2576000,0.43,2.39,0.77,0.48,1.05
2577000,0.42,2.3,0.78,0.49,0.92
2578000,0.45,2.28,0.78,0.52,0.87
2579000,0.45,2.36,0.82,0.48,0.77
2580000,0.45,2.35,0.83,0.45,0.73
2581000,0.47,2.3,0.83,0.46,0.75
2582000,0.48,2.38,0.85,0.44,0.76
2583000,0.5,2.44,0.87,0.5,0.83
2584000,0.56,2.48,0.85,0.52,0.97
2585000,0.55,2.53,0.87,0.51,0.96
2586000,0.53,2.51,0.86,0.49,1.03
2587000,0.53,2.46,0.9,0.5,1.09
2588000,0.48,2.55,0.91,0.5,1.1
2589000,0.46,2.54,0.94,0.52,1.17
2590000,0.5,2.62,0.93,0.51,1.26
2591000,0.55,2.61,0.93,0.53,1.35
2592000,0.54,2.58,0.96,0.53,1.42
2593000,0.51,2.49,0.98,0.52,1.38
2594000,0.54,2.63,0.98,0.54,1.49
2595000,0.58,2.76,0.94,0.51,1.53
2596000,0.61,2.67,0.92,0.55,1.54
2597000,0.61,2.89,0.91,0.59,1.52
2598000,0.64,2.96,0.85,0.6,1.64
2599000,0.63,2.84,0.85,0.59,1.59
2600000,0.62,2.86,0.85,0.57,1.54
2601000,0.62,2.92,0.8,0.58,1.57
2602000,0.64,2.92,0.8,0.57,1.55
2603000,0.67,3.03,0.8,0.58,1.46
2604000,0.7,2.95,0.82,0.59,1.33
2605000,0.77,2.72,0.78,0.58,1.28
2606000,0.74,2.73,0.8,0.56,1.25
2607000,0.73,2.54,0.78,0.53,1.13
2608000,0.76,2.45,0.75,0.57,1.21
2609000,0.76,2.46,0.78,0.56,1.19
2610000,0.76,2.44,0.78,0.5,1.2
2611000,0.74,2.35,0.76,0.48,1.21
2612000,0.69,2.28,0.74,0.45,1.12
2613000,0.69,2.14,0.76,0.45,1.23
2614000,0.7,1.96,0.75,0.42,1.24
2615000,0.68,2.02,0.77,0.43,1.19
2616000,0.67,1.98,0.78,0.41,1.22
2617000,0.65,1.87,0.79,0.45,1.27
2618000,0.64,1.78,0.79,0.42,1.3
2619000,0.54,1.79,0.82,0.37,1.38
2620000,0.49,1.8,0.81,0.37,1.4
2621000,0.47,1.74,0.83,0.41,1.3
2622000,0.51,1.83,0.86,0.39,1.37
2623000,0.52,1.9,0.88,0.34,1.49
2624000,0.51,1.94,0.88,0.34,1.43
2625000,0.55,1.91,0.87,0.37,1.51
2626000,0.54,2.01,0.87,0.4,1.56
2627000,0.57,2.08,0.87,0.38,1.62
2628000,0.53,2.26,0.88,0.37,1.72
2629000,0.58,2.35,0.92,0.37,1.64
2630000,0.57,2.34,0.96,0.36,1.63
2631000,0.57,2.36,0.97,0.38,1.62
2632000,0.55,2.23,0.98,0.35,1.7
2633000,0.55,2.18,0.92,0.34,1.8
2634000,0.56,2.17,0.92,0.36,1.79
2635000,0.59,2.23,0.88,0.37,1.83
2636000,0.63,2.25,0.9,0.36,1.94
2637000,0.58,2.25,0.9,0.37,1.98
2638000,0.58,2.3,0.89,0.42,2.02
2639000,0.63,2.25,0.88,0.4,2.12
2640000,0.63,2.36,0.87,0.4,2.09
2641000,0.57,2.45,0.83,0.37,2.01
2642000,0.55,2.41,0.86,0.36,2.12
2643000,0.51,2.38,0.88,0.36,2.1
2644000,0.5,2.37,0.82,0.37,2.11
2645000,0.52,2.4,0.86,0.41,2.06
2646000,0.49,2.45,0.86,0.39,1.99
2647000,0.5,2.51,0.83,0.39,2.03
2648000,0.48,2.53,0.82,0.41,1.93
2649000,0.49,2.51,0.82,0.43,2.04
2650000,0.44,2.51,0.83,0.47,2.11
2651000,0.45,2.54,0.86,0.48,2.01
2652000,0.46,2.44,0.85,0.49,2.03
2653000,0.39,2.41,0.85,0.49,2.03
2654000,0.4,2.46,0.91,0.5,1.94
2655000,0.38,2.54,0.85,0.45,1.95
2656000,0.36,2.57,0.88,0.47,2.04
2657000,0.33,2.6,0.87,0.44,2.08
2658000,0.34,2.63,0.88,0.47,2.01
2659000,0.31,2.68,0.87,0.48,2.0
2660000,0.33,2.71,0.92,0.5,1.95
2661000,0.36,2.73,0.82,0.48,1.8
2662000,0.34,2.77,0.87,0.51,1.76
2663000,0.3,2.76,0.82,0.53,1.68
2664000,0.33,2.71,0.78,0.54,1.75
2665000,0.38,2.72,0.79,0.56,1.71
2666000,0.4,2.48,0.75,0.54,1.75
2667000,0.4,2.5,0.74,0.54,1.71
2668000,0.39,2.37,0.75,0.51,1.85
2669000,0.46,2.22,0.73,0.52,1.82
2670000,0.5,2.18,0.73,0.5,1.79
2671000,0.51,2.18,0.75,0.54,1.92
2672000,0.56,2.07,0.76,0.54,2.0
2673000,0.56,2.13,0.78,0.55,2.02
2674000,0.57,2.27,0.79,0.55,1.99
2675000,0.6,2.27,0.81,0.53,2.02
2676000,0.58,2.27,0.79,0.56,2.09
2677000,0.67,2.46,0.77,0.62,2.08
2678000,0.73,2.48,0.74,0.62,2.09
2679000,0.73,2.5,0.74,0.67,2.08
2680000,0.65,2.31,0.73,0.67,2.12
2681000,0.67,2.26,0.72,0.68,2.21
2682000,0.69,2.27,0.75,0.67,2.3
2683000,0.67,2.24,0.78,0.72,2.15
2684000,0.68,2.27,0.77,0.72,2.07
2685000,0.64,2.5,0.77,0.75,1.94
2686000,0.66,2.51,0.76,0.76,1.85
2687000,0.66,2.59,0.79,0.72,1.71
2688000,0.65,2.61,0.78,0.69,1.69
2689000,0.6,2.64,0.78,0.67,1.64
2690000,0.58,2.73,0.76,0.69,1.67
2691000,0.58,2.71,0.76,0.67,1.57
2692000,0.59,2.82,0.77,0.68,1.55
2693000,0.57,2.75,0.73,0.66,1.44
2694000,0.57,2.64,0.74,0.62,1.57
2695000,0.59,2.79,0.74,0.63,1.59
2696000,0.61,2.91,0.81,0.63,1.62
2697000,0.58,2.6,0.83,0.58,1.58
2698000,0.59,2.59,0.87,0.56,1.63
2699000,0.6,2.61,0.86,0.52,1.68
2700000,0.56,2.7,0.88,0.5,1.68
2701000,0.54,2.73,0.93,0.5,1.71
2702000,0.51,2.78,0.94,0.48,1.81
2703000,0.47,2.69,0.93,0.46,1.81
2704000,0.49,2.59,0.95,0.44,1.78
2705000,0.5,2.63,0.97,0.42,1.82
2706000,0.48,2.58,0.96,0.4,1.79
2707000,0.41,2.6,0.91,0.36,1.77
2708000,0.37,2.63,0.96,0.36,1.82
2709000,0.38,2.72,0.95,0.33,1.85
2710000,0.36,2.71,0.95,0.31,1.84
2711000,0.36,2.71,0.94,0.32,1.88
2712000,0.39,2.63,0.93,0.27,1.7
2713000,0.37,2.49,0.94,0.23,1.58
2714000,0.4,2.61,0.88,0.23,1.56
2715000,0.43,2.68,0.89,0.21,1.57
2716000,0.46,2.68,0.89,0.19,1.53
2717000,0.5,2.72,0.92,0.17,1.54
2718000,0.55,2.68,0.87,0.18,1.54
2719000,0.55,2.66,0.88,0.19,1.57
2720000,0.58,2.51,0.91,0.2,1.5
2721000,0.59,2.45,0.93,0.24,1.62
2722000,0.62,2.44,0.9,0.24,1.49
2723000,0.68,2.5,0.89,0.29,1.45
2724000,0.66,2.63,0.93,0.3,1.48
2725000,0.65,2.77,0.94,0.3,1.42
2726000,0.6,2.88,0.84,0.33,1.48
2727000,0.6,2.74,0.84,0.3,1.41
2728000,0.57,2.65,0.88,0.33,1.44
2729000,0.56,2.66,0.9,0.37,1.44
2730000,0.55,2.73,0.9,0.38,1.51
2731000,0.56,2.69,0.93,0.38,1.56
2732000,0.57,2.69,0.97,0.44,1.61
2733000,0.53,2.72,0.94,0.45,1.56
2734000,0.55,2.72,0.92,0.46,1.59
2735000,0.52,2.71,0.87,0.46,1.57
2736000,0.57,2.57,0.84,0.5,1.62
2737000,0.56,2.54,0.82,0.49,1.45
2738000,0.55,2.38,0.82,0.49,1.52
2739000,0.57,2.39,0.76,0.47,1.58
2740000,0.6,2.57,0.74,0.46,1.55
2741000,0.65,2.56,0.73,0.48,1.61
2742000,0.64,2.57,0.76,0.48,1.6
2743000,0.62,2.45,0.75,0.52,1.55
2744000,0.63,2.41,0.76,0.52,1.54
2745000,0.61,2.35,0.65,0.52,1.5
2746000,0.57,2.2,0.65,0.55,1.54
2747000,0.53,2.15,0.58,0.53,1.46
2748000,0.54,2.1,0.58,0.51,1.43
2749000,0.55,2.14,0.59,0.52,1.41
2750000,0.55,2.11,0.6,0.56,1.45
2751000,0.58,2.19,0.61,0.52,1.53
2752000,0.55,2.21,0.61,0.5,1.44
2753000,0.57,2.17,0.64,0.46,1.44
2754000,0.58,2.24,0.61,0.48,1.48
2755000,0.53,2.27,0.61,0.55,1.41
2756000,0.49,2.26,0.65,0.59,1.43
2757000,0.49,2.31,0.67,0.61,1.29
2758000,0.53,2.34,0.68,0.57,1.38
2759000,0.59,2.47,0.67,0.5,1.39
2760000,0.62,2.55,0.75,0.46,1.42
2761000,0.66,2.45,0.75,0.41,1.35
2762000,0.69,2.46,0.81,0.41,1.3
2763000,0.74,2.52,0.88,0.4,1.38
2764000,0.76,2.57,0.87,0.37,1.35
2765000,0.71,2.56,0.89,0.32,1.3
2766000,0.69,2.69,0.87,0.32,1.19
2767000,0.69,2.7,0.84,0.34,1.25
2768000,0.64,2.8,0.87,0.34,1.23
2769000,0.65,2.85,0.87,0.31,1.26
2770000,0.71,2.94,0.89,0.29,1.33
2771000,0.69,2.95,0.89,0.28,1.35
2772000,0.69,2.85,0.89,0.26,1.39
2773000,0.66,2.7,0.91,0.28,1.47
2774000,0.64,2.69,0.89,0.31,1.6
2775000,0.67,2.72,0.92,0.33,1.46
2776000,0.58,2.69,0.95,0.36,1.5
2777000,0.51,2.5,0.97,0.4,1.53
2778000,0.51,2.55,0.94,0.41,1.57
2779000,0.52,2.59,0.93,0.43,1.59
2780000,0.52,2.59,0.95,0.47,1.62
2781000,0.51,2.42,0.91,0.49,1.77
2782000,0.55,2.37,0.92,0.5,1.71
2783000,0.56,2.44,0.91,0.5,1.7
2784000,0.54,2.43,0.9,0.5,1.67
2785000,0.51,2.45,0.89,0.55,1.67
2786000,0.5,2.33,0.85,0.54,1.59
2787000,0.51,2.32,0.83,0.49,1.61
2788000,0.45,2.24,0.9,0.48,1.68
2789000,0.47,2.23,0.9,0.47,1.68
2790000,0.5,2.26,0.95,0.46,1.74
2791000,0.53,2.3,0.95,0.45,1.65
2792000,0.53,2.4,0.88,0.47,1.66
2793000,0.57,2.48,0.86,0.5,1.7
2794000,0.51,2.64,0.83,0.48,1.7
2795000,0.55,2.65,0.89,0.51,1.66
2796000,0.54,2.69,0.9,0.47,1.53
2797000,0.55,2.82,0.86,0.47,1.43
2798000,0.58,2.75,0.87,0.47,1.43
2799000,0.56,2.7,0.89,0.52,1.58
2800000,0.58,2.83,0.92,0.54,1.67
2801000,0.57,2.92,0.9,0.5,1.74
2802000,0.56,2.93,0.93,0.54,1.72
2803000,0.6,2.92,0.97,0.55,1.76
2804000,0.61,2.85,0.95,0.58,1.64
2805000,0.63,3.08,0.88,0.6,1.48
2806000,0.59,3.08,0.83,0.59,1.44
2807000,0.6,2.91,0.79,0.61,1.48
2808000,0.63,2.85,0.77,0.58,1.51
2809000,0.62,2.69,0.8,0.54,1.49
2810000,0.64,2.8,0.84,0.53,1.48
2811000,0.64,2.49,0.82,0.56,1.53
2812000,0.6,2.51,0.77,0.56,1.63
2813000,0.63,2.61,0.7,0.54,1.73
2814000,0.6,2.73,0.66,0.48,1.76
2815000,0.6,2.77,0.7,0.46,1.8
2816000,0.59,2.78,0.69,0.47,1.9
2817000,0.59,2.7,0.68,0.41,1.82
2818000,0.59,2.65,0.72,0.39,1.86
2819000,0.56,2.74,0.74,0.38,1.82
2820000,0.58,2.75,0.77,0.42,1.85
2821000,0.53,2.73,0.75,0.44,1.79
2822000,0.52,2.73,0.76,0.43,1.92
2823000,0.49,2.73,0.77,0.43,2.03
2824000,0.48,2.81,0.82,0.43,2.09
2825000,0.42,2.57,0.81,0.42,2.2
2826000,0.41,2.54,0.78,0.44,2.21
2827000,0.37,2.61,0.73,0.44,2.13
2828000,0.34,2.65,0.73,0.45,2.07
2829000,0.33,2.7,0.8,0.5,2.06
2830000,0.34,2.58,0.83,0.48,2.04
2831000,0.32,2.6,0.88,0.5,2.02
2832000,0.31,2.62,0.87,0.46,2.0
2833000,0.33,2.48,0.84,0.48,1.9
2834000,0.31,2.43,0.85,0.53,1.81
2835000,0.31,2.44,0.84,0.52,1.86
2836000,0.3,2.51,0.79,0.51,1.94
2837000,0.33,2.53,0.79,0.49,2.01
2838000,0.37,2.53,0.77,0.47,2.07
2839000,0.39,2.65,0.78,0.44,2.13
2840000,0.4,2.53,0.8,0.45,2.08
2841000,0.44,2.66,0.8,0.44,2.02
2842000,0.47,2.61,0.77,0.42,1.97
2843000,0.5,2.69,0.81,0.41,2.15
2844000,0.5,2.71,0.81,0.42,2.04
2845000,0.53,2.72,0.82,0.44,2.03
2846000,0.51,2.7,0.84,0.47,2.04
2847000,0.51,2.8,0.82,0.48,2.05
2848000,0.49,2.88,0.79,0.5,2.13
2849000,0.46,2.71,0.84,0.47,2.04
2850000,0.47,2.71,0.86,0.45,2.06
2851000,0.5,2.76,0.87,0.48,2.07
2852000,0.5,2.6,0.89,0.46,1.9
2853000,0.43,2.51,0.89,0.5,1.98
2854000,0.38,2.44,0.91,0.48,2.06
2855000,0.37,2.29,0.89,0.5,1.98
2856000,0.36,2.13,0.86,0.52,1.95
2857000,0.35,2.16,0.89,0.53,2.1
2858000,0.41,2.04,0.86,0.53,2.15
2859000,0.43,2.06,0.88,0.56,1.9
2860000,0.46,2.1,0.87,0.53,2.02
2861000,0.49,2.07,0.88,0.49,2.04
2862000,0.53,1.88,0.85,0.44,2.09
2863000,0.55,1.97,0.87,0.44,2.07
2864000,0.6,2.03,0.84,0.42,2.09
2865000,0.63,2.01,0.87,0.45,2.16
2866000,0.63,2.08,0.89,0.45,2.16
2867000,0.66,2.22,0.87,0.44,2.12
2868000,0.65,2.19,0.84,0.45,2.06
2869000,0.67,2.22,0.82,0.42,2.04
2870000,0.67,2.45,0.81,0.44,2.03
2871000,0.68,2.59,0.8,0.43,1.96
2872000,0.66,2.76,0.81,0.43,2.04
2873000,0.64,2.89,0.82,0.43,2.12
2874000,0.64,2.81,0.85,0.42,1.87
2875000,0.62,2.76,0.82,0.44,1.9
2876000,0.59,2.7,0.82,0.45,1.93
2877000,0.55,2.78,0.82,0.46,2.04
2878000,0.54,2.69,0.85,0.49,1.91
2879000,0.48,2.61,0.86,0.48,1.91
2880000,0.47,2.56,0.84,0.47,1.89
2881000,0.43,2.45,0.86,0.47,2.01
2882000,0.43,2.3,0.88,0.46,1.94
2883000,0.45,2.22,0.84,0.45,2.0
2884000,0.46,2.08,0.83,0.46,1.94
2885000,0.47,2.11,0.83,0.47,1.93
2886000,0.47,2.08,0.84,0.51,1.98
2887000,0.47,1.99,0.88,0.49,1.95
2888000,0.46,1.88,0.87,0.47,1.95
2889000,0.45,1.87,0.89,0.46,1.91
2890000,0.44,1.83,0.87,0.45,1.88
2891000,0.47,1.89,0.86,0.45,1.88
2892000,0.47,1.93,0.86,0.47,1.94
2893000,0.47,1.99,0.82,0.46,1.93
2894000,0.49,2.07,0.82,0.47,1.85
2895000,0.47,2.18,0.8,0.5,1.91
2896000,0.5,2.28,0.8,0.53,2.02
2897000,0.5,2.33,0.82,0.51,2.13
2898000,0.49,2.41,0.84,0.53,2.02
2899000,0.46,2.62,0.82,0.53,2.08
2900000,0.47,2.81,0.81,0.53,1.99
2901000,0.45,2.93,0.81,0.54,2.04
2902000,0.44,3.01,0.83,0.62,2.1
2903000,0.44,2.97,0.81,0.61,2.15
2904000,0.43,2.89,0.81,0.59,2.17
2905000,0.45,2.87,0.79,0.6,2.12
2906000,0.42,2.78,0.76,0.55,2.06
2907000,0.44,2.81,0.79,0.57,2.0
2908000,0.44,2.75,0.77,0.57,1.93
2909000,0.44,2.6,0.81,0.61,1.86
2910000,0.43,2.75,0.82,0.57,1.77
2911000,0.45,2.73,0.88,0.57,1.76
2912000,0.45,2.5,0.88,0.53,1.79
2913000,0.42,2.38,0.93,0.53,1.83
2914000,0.43,2.28,0.92,0.59,1.75
2915000,0.41,2.22,0.88,0.56,1.8
2916000,0.42,2.12,0.89,0.56,1.73
2917000,0.39,2.04,0.92,0.56,1.76
2918000,0.36,2.12,0.89,0.52,1.75
2919000,0.32,2.24,0.91,0.5,1.64
2920000,0.34,2.21,0.88,0.49,1.73
2921000,0.33,2.41,0.9,0.51,1.77
2922000,0.32,2.37,0.86,0.52,1.77
2923000,0.31,2.38,0.88,0.53,1.84
2924000,0.27,2.51,0.89,0.53,2.01
2925000,0.26,2.43,0.85,0.55,2.12
2926000,0.3,2.53,0.86,0.58,2.22
2927000,0.31,2.66,0.85,0.58,2.24
2928000,0.35,2.62,0.87,0.57,2.23
2929000,0.39,2.6,0.86,0.56,2.32
2930000,0.39,2.68,0.85,0.53,2.36
2931000,0.41,2.76,0.79,0.55,2.24
2932000,0.44,2.82,0.83,0.54,2.15
2933000,0.48,2.66,0.81,0.53,2.11
2934000,0.48,2.65,0.82,0.53,2.1
2935000,0.51,2.69,0.84,0.56,2.11
2936000,0.49,2.52,0.87,0.56,2.24
2937000,0.5,2.47,0.86,0.55,2.41
2938000,0.54,2.34,0.88,0.55,2.3
2939000,0.56,2.3,0.9,0.52,2.3
2940000,0.55,2.52,0.96,0.51,2.28
2941000,0.55,2.37,0.97,0.5,2.13
2942000,0.53,2.57,0.95,0.49,2.07
2943000,0.57,2.6,0.98,0.49,2.14
2944000,0.54,2.46,1.0,0.49,2.16
2945000,0.59,2.53,1.01,0.51,2.14
2946000,0.55,2.72,1.05,0.54,2.08
2947000,0.62,2.64,1.04,0.52,2.16
2948000,0.63,2.65,1.05,0.52,2.3
2949000,0.62,2.69,1.08,0.55,2.37
2950000,0.67,2.71,1.08,0.55,2.36
2951000,0.69,2.81,1.07,0.56,2.41
2952000,0.72,2.92,1.07,0.6,2.46
2953000,0.72,3.02,1.05,0.58,2.37
2954000,0.7,3.12,1.01,0.58,2.19
2955000,0.69,3.15,0.99,0.6,2.14
2956000,0.7,3.23,1.03,0.6,2.12
2957000,0.66,3.14,1.02,0.56,2.12
2958000,0.7,2.82,1.01,0.56,2.1
2959000,0.66,2.83,1.02,0.54,2.18
2960000,0.68,2.82,0.96,0.56,2.15
2961000,0.65,2.77,0.99,0.54,2.13
2962000,0.6,2.89,0.97,0.54,2.14
2963000,0.61,2.95,0.92,0.54,2.1
2964000,0.61,2.66,0.87,0.54,2.1
2965000,0.65,2.55,0.93,0.53,2.0
2966000,0.62,2.61,0.92,0.54,1.98
2967000,0.67,2.64,0.87,0.52,1.86
2968000,0.66,2.77,0.87,0.48,1.87
2969000,0.65,2.81,0.9,0.45,1.88
2970000,0.66,2.71,0.9,0.48,1.9
2971000,0.65,2.65,0.88,0.49,2.06
2972000,0.6,2.71,0.84,0.47,2.03
2973000,0.62,2.67,0.87,0.47,2.2
2974000,0.61,2.75,0.87,0.47,2.21
2975000,0.6,2.92,0.86,0.49,2.18
2976000,0.61,3.03,0.84,0.5,2.11
2977000,0.62,2.94,0.86,0.48,2.09
2978000,0.61,2.79,0.91,0.48,2.19
2979000,0.62,2.84,0.93,0.45,2.17
2980000,0.58,2.85,1.0,0.42,2.16
2981000,0.58,2.8,1.07,0.45,2.21
2982000,0.54,2.97,1.06,0.48,2.19
2983000,0.58,3.02,1.04,0.5,2.24
2984000,0.6,3.08,1.02,0.49,2.26
2985000,0.63,2.92,0.98,0.5,2.33
2986000,0.61,2.84,0.98,0.47,2.36
2987000,0.62,2.78,1.01,0.47,2.4
2988000,0.58,2.81,1.07,0.48,2.27
2989000,0.6,2.71,1.08,0.51,2.22
2990000,0.6,2.67,1.08,0.5,2.27
2991000,0.59,2.67,1.06,0.51,2.27
2992000,0.61,2.84,1.11,0.54,2.3
2993000,0.6,2.71,1.08,0.53,2.44
2994000,0.59,2.74,1.09,0.57,2.42
2995000,0.58,2.85,1.06,0.6,2.64
2996000,0.62,2.94,1.04,0.58,2.45
2997000,0.64,3.05,0.97,0.49,2.45
2998000,0.57,2.91,0.9,0.45,2.37
2999000,0.53,2.95,0.88,0.48,2.44
3000000,0.56,2.91,0.87,0.52,2.46
3001000,0.53,2.85,0.91,0.52,2.47
3002000,0.57,2.89,0.9,0.54,2.44
3003000,0.56,2.91,0.91,0.53,2.52
3004000,0.55,2.96,0.89,0.52,2.5
3005000,0.56,2.89,0.88,0.51,2.52
3006000,0.62,2.92,0.88,0.54,2.52
3007000,0.64,2.92,0.92,0.54,2.55
3008000,0.62,2.82,0.91,0.54,2.55
3009000,0.63,2.74,0.91,0.57,2.67
3010000,0.65,2.58,0.87,0.55,2.67
3011000,0.62,2.56,0.88,0.54,2.71
3012000,0.65,2.35,0.89,0.56,2.64
3013000,0.69,2.36,0.9,0.58,2.54
3014000,0.69,2.37,0.92,0.65,2.62
3015000,0.68,2.47,0.91,0.65,2.67
3016000,0.66,2.51,0.89,0.63,2.66
3017000,0.65,2.43,0.9,0.62,2.67
3018000,0.73,2.53,0.94,0.59,2.56
3019000,0.72,2.53,0.96,0.6,2.58
3020000,0.74,2.55,0.96,0.57,2.6
3021000,0.67,2.65,0.95,0.61,2.4
3022000,0.66,2.68,0.95,0.63,2.43
3023000,0.68,2.73,0.97,0.6,2.44
3024000,0.63,2.62,0.94,0.56,2.36
3025000,0.68,2.76,0.91,0.53,2.45
3026000,0.72,2.83,0.88,0.56,2.34
3027000,0.69,2.95,0.9,0.62,2.43
3028000,0.71,3.03,0.93,0.62,2.28
3029000,0.76,3.08,0.97,0.6,2.37
3030000,0.74,3.19,0.94,0.57,2.25
3031000,0.73,3.11,0.92,0.63,2.28
3032000,0.77,3.11,0.89,0.63,2.28
3033000,0.69,3.01,0.88,0.65,2.35
3034000,0.72,3.01,0.91,0.66,2.38
3035000,0.72,3.24,0.9,0.64,2.46
3036000,0.73,3.2,0.85,0.62,2.41
3037000,0.76,3.19,0.83,0.58,2.49
3038000,0.73,3.39,0.85,0.56,2.48
3039000,0.75,3.46,0.85,0.61,2.35
3040000,0.65,3.3,0.9,0.63,2.31
3041000,0.68,3.2,0.89,0.62,2.38
3042000,0.69,3.28,0.93,0.61,2.27
3043000,0.68,3.34,0.92,0.54,2.08
3044000,0.67,3.27,0.94,0.55,2.12
3045000,0.71,3.1,0.96,0.55,2.22
3046000,0.74,3.05,0.91,0.58,2.11
3047000,0.78,2.99,0.89,0.51,2.21
3048000,0.76,2.86,0.9,0.52,2.31
3049000,0.74,2.86,0.86,0.51,2.25
3050000,0.73,2.79,0.88,0.49,2.34
3051000,0.67,2.84,0.89,0.52,2.22
3052000,0.62,2.87,0.85,0.53,2.34
3053000,0.62,3.03,0.88,0.54,2.36
3054000,0.66,2.84,0.93,0.54,2.43
3055000,0.63,2.77,0.91,0.49,2.5
3056000,0.6,2.85,0.9,0.46,2.59
3057000,0.64,2.82,0.91,0.47,2.65
3058000,0.59,2.7,0.88,0.5,2.76
3059000,0.51,2.71,0.89,0.51,2.71
3060000,0.43,2.75,0.89,0.49,2.6
3061000,0.4,2.71,0.91,0.49,2.56
3062000,0.37,2.68,0.91,0.48,2.64
3063000,0.4,2.78,0.88,0.47,2.75
3064000,0.39,2.74,0.91,0.45,2.79
3065000,0.42,2.81,0.93,0.42,2.88
3066000,0.38,2.8,0.95,0.43,2.79
3067000,0.39,2.97,0.96,0.4,2.72
3068000,0.4,3.05,1.01,0.43,2.79
3069000,0.38,3.15,1.04,0.42,2.73
3070000,0.43,3.23,1.03,0.41,2.75
3071000,0.46,3.31,1.06,0.4,2.7
3072000,0.48,3.24,1.03,0.45,2.47
3073000,0.47,3.56,1.07,0.43,2.39
3074000,0.5,3.44,1.06,0.38,2.39
3075000,0.53,3.55,1.03,0.39,2.37
3076000,0.55,3.38,1.02,0.37,2.54
3077000,0.59,3.26,1.01,0.36,2.51
3078000,0.62,3.34,1.0,0.39,2.62
3079000,0.62,3.39,1.01,0.38,2.64
3080000,0.61,3.47,0.98,0.44,2.67
3081000,0.66,3.57,1.01,0.46,2.59
3082000,0.6,3.49,1.02,0.49,2.57
3083000,0.62,3.32,1.02,0.5,2.55
3084000,0.66,3.41,0.99,0.5,2.6
3085000,0.59,3.39,0.98,0.5,2.61
3086000,0.63,3.45,0.95,0.5,2.57
3087000,0.6,3.29,0.95,0.51,2.54
3088000,0.64,3.13,0.96,0.57,2.58
3089000,0.63,2.93,0.95,0.54,2.68
3090000,0.62,2.64,0.96,0.54,2.71
3091000,0.59,2.57,0.95,0.56,2.8
3092000,0.55,2.45,0.97,0.57,2.92
3093000,0.54,2.48,0.99,0.59,2.86
3094000,0.55,2.53,0.98,0.61,2.87
3095000,0.59,2.58,0.98,0.58,2.74
3096000,0.6,2.56,0.97,0.6,2.75
3097000,0.58,2.46,1.01,0.57,2.86
3098000,0.6,2.4,1.02,0.63,2.82
3099000,0.59,2.26,1.03,0.64,2.93
3100000,0.57,2.3,0.99,0.63,3.02
3101000,0.56,2.39,1.0,0.62,2.9
3102000,0.59,2.31,0.97,0.63,2.97
3103000,0.56,2.43,0.99,0.6,3.05
3104000,0.54,2.42,0.99,0.55,2.93
3105000,0.57,2.49,0.97,0.55,3.01
3106000,0.57,2.43,1.0,0.54,2.91
3107000,0.61,2.63,1.03,0.54,3.1
3108000,0.61,2.58,1.03,0.55,3.16
3109000,0.61,2.64,0.99,0.52,3.17
3110000,0.59,2.67,0.97,0.49,2.97
3111000,0.57,2.66,0.98,0.49,2.93
3112000,0.57,2.93,1.0,0.49,2.94
3113000,0.57,3.0,1.01,0.42,2.98
3114000,0.54,2.97,0.99,0.4,2.96
3115000,0.5,2.83,0.93,0.38,3.08
3116000,0.52,2.75,0.9,0.4,3.03
3117000,0.52,2.78,0.89,0.36,3.22
3118000,0.53,2.86,0.85,0.36,3.05
3119000,0.58,2.76,0.84,0.4,3.11
3120000,0.58,2.77,0.82,0.43,3.04
3121000,0.58,2.76,0.87,0.43,2.96
3122000,0.52,2.68,0.86,0.43,2.84
3123000,0.47,2.76,0.85,0.43,2.99
3124000,0.5,2.9,0.88,0.48,2.97
3125000,0.52,2.8,0.8,0.51,2.93
3126000,0.51,2.84,0.77,0.52,3.09
3127000,0.55,2.99,0.79,0.51,2.9
3128000,0.55,3.01,0.84,0.52,2.86
3129000,0.58,3.0,0.82,0.52,2.8
3130000,0.61,2.75,0.84,0.51,2.94
3131000,0.64,2.66,0.83,0.54,2.93
3132000,0.61,2.69,0.88,0.54,2.84
3133000,0.59,2.8,0.91,0.52,2.69
3134000,0.58,2.83,0.87,0.5,2.65
3135000,0.56,2.91,0.93,0.49,2.63
3136000,0.62,2.85,0.96,0.48,2.49
3137000,0.63,2.87,0.96,0.52,2.59
3138000,0.65,2.89,0.99,0.52,2.52
3139000,0.65,2.93,0.98,0.47,2.61
3140000,0.65,2.85,0.95,0.44,2.52
3141000,0.67,2.76,0.99,0.45,2.49
3142000,0.63,2.69,1.02,0.44,2.57
3143000,0.66,2.77,0.99,0.43,2.39
3144000,0.68,2.68,0.98,0.47,2.39
3145000,0.65,2.81,0.94,0.43,2.4
3146000,0.69,2.85,0.91,0.45,2.39
3147000,0.72,2.81,0.95,0.42,2.48
3148000,0.73,2.7,0.97,0.46,2.49
3149000,0.75,2.85,0.94,0.49,2.62
3150000,0.81,2.86,0.92,0.49,2.65
3151000,0.82,2.84,0.95,0.48,2.65
3152000,0.89,3.0,1.0,0.46,2.59
3153000,0.9,2.97,0.92,0.43,2.66
3154000,0.86,2.94,0.96,0.45,2.47
3155000,0.87,2.93,0.97,0.47,2.49
3156000,0.89,2.84,0.99,0.48,2.51
3157000,0.91,2.95,0.98,0.46,2.48
3158000,0.94,2.89,0.97,0.49,2.37
3159000,0.96,2.97,0.94,0.54,2.34
3160000,0.94,2.97,0.99,0.53,2.33
3161000,0.96,2.75,1.01,0.52,2.35
3162000,0.98,2.91,1.04,0.52,2.33
3163000,0.97,2.82,1.08,0.56,2.34
3164000,0.97,2.71,1.05,0.56,2.38
3165000,0.92,2.82,1.11,0.55,2.6
3166000,0.88,2.89,1.08,0.56,2.4
3167000,0.9,2.86,1.03,0.58,2.45
3168000,0.87,2.9,0.98,0.59,2.43
3169000,0.81,2.78,0.96,0.59,2.43
3170000,0.84,2.79,0.92,0.54,2.53
3171000,0.8,2.9,0.95,0.54,2.56
3172000,0.73,2.96,0.95,0.51,2.81
3173000,0.75,2.98,0.96,0.54,2.94
3174000,0.67,2.97,0.95,0.56,2.91
3175000,0.6,2.87,0.96,0.54,2.9
3176000,0.58,2.92,0.94,0.54,2.95
3177000,0.6,2.95,0.95,0.52,3.0
3178000,0.59,3.06,0.9,0.49,3.14
3179000,0.62,3.13,0.88,0.51,3.14
3180000,0.53,3.21,0.9,0.5,3.02
3181000,0.54,3.26,0.87,0.5,3.04
3182000,0.52,3.05,0.9,0.5,3.17
3183000,0.57,3.11,0.83,0.48,3.11
3184000,0.58,3.08,0.83,0.48,3.05
3185000,0.55,2.98,0.85,0.48,3.08
3186000,0.66,2.85,0.9,0.51,2.93
3187000,0.66,2.9,0.94,0.55,2.98
3188000,0.68,2.87,0.93,0.53,3.0
3189000,0.72,2.94,0.93,0.52,3.0
3190000,0.79,2.98,0.95,0.51,2.67
3191000,0.77,3.06,0.93,0.52,2.73
3192000,0.77,3.09,0.89,0.48,2.8
3193000,0.79,3.22,0.95,0.49,2.72
3194000,0.84,3.1,0.98,0.45,2.69
3195000,0.86,3.14,0.98,0.44,2.77
3196000,0.9,3.39,0.97,0.42,2.76
3197000,0.89,3.37,0.96,0.41,2.87
3198000,0.82,3.18,0.96,0.42,2.8
3199000,0.84,3.17,0.98,0.41,2.74
3200000,0.87,3.14,0.98,0.47,2.75
3201000,0.82,3.05,1.03,0.48,2.86
3202000,0.84,3.03,1.08,0.47,2.85
3203000,0.88,3.04,1.11,0.49,2.9
3204000,0.85,3.04,1.11,0.47,2.84
3205000,0.81,3.11,1.12,0.49,2.79
3206000,0.82,3.08,1.12,0.45,2.65
3207000,0.82,3.07,1.15,0.45,2.63
3208000,0.82,2.91,1.15,0.48,2.57
3209000,0.82,2.68,1.14,0.49,2.46
3210000,0.76,2.57,1.13,0.54,2.44
3211000,0.78,2.45,1.1,0.57,2.29
3212000,0.81,2.46,1.02,0.56,2.31
3213000,0.9,2.37,0.99,0.64,2.31
3214000,0.93,2.51,1.03,0.6,2.24
3215000,0.91,2.42,1.02,0.66,2.3
3216000,0.89,2.37,1.0,0.66,2.13
3217000,0.86,2.32,0.97,0.63,2.08
3218000,0.81,2.48,0.98,0.6,2.09
3219000,0.76,2.62,0.93,0.6,2.12
3220000,0.77,2.6,0.9,0.57,2.23
3221000,0.83,2.56,0.88,0.57,2.13
3222000,0.83,2.52,0.83,0.58,2.22
3223000,0.77,2.49,0.81,0.58,2.13
3224000,0.81,2.65,0.79,0.58,2.25
3225000,0.83,2.75,0.78,0.56,2.24
3226000,0.81,2.77,0.77,0.57,2.17
3227000,0.75,2.8,0.74,0.55,2.21
3228000,0.68,2.81,0.75,0.54,2.1
3229000,0.7,2.9,0.76,0.57,2.05
3230000,0.72,2.96,0.79,0.56,1.99
3231000,0.72,2.96,0.74,0.58,2.14
3232000,0.76,2.94,0.74,0.53,2.01
3233000,0.83,2.91,0.76,0.53,1.8
3234000,0.86,2.84,0.77,0.51,1.91
3235000,0.84,2.87,0.8,0.48,2.03
3236000,0.83,2.71,0.89,0.51,2.05
3237000,0.9,2.46,0.9,0.53,2.13
3238000,0.96,2.47,0.94,0.52,2.27
3239000,0.96,2.43,0.89,0.52,2.24
3240000,0.94,2.35,0.96,0.51,2.23
3241000,0.94,2.41,0.96,0.48,2.23
3242000,0.94,2.44,0.98,0.49,2.3
3243000,0.94,2.38,0.97,0.5,2.39
3244000,0.98,2.27,0.95,0.5,2.45
3245000,1.02,2.29,0.97,0.48,2.39
3246000,0.96,2.3,1.01,0.46,2.4
3247000,0.87,2.27,1.01,0.46,2.33
3248000,0.91,2.32,1.08,0.47,2.35
3249000,0.93,2.08,1.08,0.45,2.34
3250000,0.94,2.18,1.06,0.47,2.51
3251000,0.9,2.14,1.09,0.53,2.49
3252000,0.86,2.12,1.12,0.53,2.39
3253000,0.82,2.19,1.13,0.48,2.28
3254000,0.83,2.19,1.08,0.46,2.3
3255000,0.81,2.25,1.02,0.47,2.33
3256000,0.82,2.5,0.99,0.47,2.28
3257000,0.78,2.55,1.03,0.5,2.29
3258000,0.72,2.8,1.04,0.53,2.32
3259000,0.68,2.82,1.03,0.54,2.31
3260000,0.7,2.89,1.0,0.52,2.34
3261000,0.75,2.93,1.04,0.53,2.41
3262000,0.73,3.06,1.09,0.5,2.46
3263000,0.69,3.12,1.1,0.52,2.45
3264000,0.68,3.16,1.14,0.53,2.47
3265000,0.73,3.16,1.08,0.55,2.63
3266000,0.72,3.21,1.07,0.55,2.78
3267000,0.75,3.32,1.02,0.52,2.96
3268000,0.75,3.19,1.0,0.52,2.99
3269000,0.73,3.19,0.94,0.57,3.09
3270000,0.81,3.19,0.92,0.56,2.92
3271000,0.85,3.25,0.9,0.55,2.84
3272000,0.93,3.28,0.99,0.53,2.9
3273000,0.94,3.34,0.99,0.51,2.85
3274000,0.93,3.33,1.03,0.5,2.85
3275000,0.92,3.33,1.04,0.51,2.91
3276000,0.9,3.48,1.04,0.46,3.0
3277000,0.89,3.5,1.03,0.44,3.03
3278000,0.87,3.27,0.99,0.42,3.15
3279000,0.8,3.11,1.0,0.38,3.21
3280000,0.81,2.97,1.0,0.37,3.27
3281000,0.85,2.94,0.95,0.38,3.16
3282000,0.85,2.9,0.9,0.35,3.15
3283000,0.83,2.87,0.92,0.33,3.21
3284000,0.86,2.81,0.94,0.33,3.27
3285000,0.82,2.88,0.94,0.29,3.19
3286000,0.74,2.97,1.0,0.28,3.07
3287000,0.78,2.76,1.04,0.31,3.07
3288000,0.8,2.8,1.03,0.32,2.92
3289000,0.8,2.82,1.07,0.31,2.96
3290000,0.79,2.86,1.08,0.29,2.86
3291000,0.85,2.87,0.97,0.31,2.88
3292000,0.86,2.74,0.97,0.34,3.09
3293000,0.92,2.81,0.95,0.34,3.09
3294000,0.92,2.84,0.98,0.39,3.08
3295000,0.9,3.02,1.0,0.4,3.21
3296000,0.85,2.93,1.0,0.38,3.31
3297000,0.83,2.89,0.99,0.38,3.42
3298000,0.83,2.93,1.01,0.45,3.16
3299000,0.83,2.88,1.05,0.46,3.23
3300000,0.8,3.01,1.07,0.48,3.28
3301000,0.72,2.99,1.09,0.49,3.15
3302000,0.74,2.99,1.12,0.49,3.02
3303000,0.79,2.98,1.15,0.5,3.17
3304000,0.83,2.93,1.16,0.5,3.04
3305000,0.86,2.99,1.12,0.51,2.95
3306000,0.88,3.07,1.14,0.5,2.99
3307000,0.9,2.97,1.13,0.48,3.08
3308000,0.8,3.13,1.1,0.48,3.35
3309000,0.75,3.05,1.1,0.51,3.4
3310000,0.79,2.98,1.06,0.48,3.55
3311000,0.8,3.03,1.02,0.49,3.46
3312000,0.83,3.14,1.0,0.51,3.42
3313000,0.82,3.26,0.97,0.49,3.32
3314000,0.82,3.13,1.0,0.47,3.2
3315000,0.82,3.04,1.02,0.49,3.16
3316000,0.8,3.09,0.99,0.49,3.12
3317000,0.78,3.12,0.91,0.49,3.08
3318000,0.76,3.31,0.9,0.48,3.07
3319000,0.72,3.26,0.9,0.53,3.08
3320000,0.73,3.33,0.88,0.51,3.24
3321000,0.7,3.48,0.84,0.54,3.21
3322000,0.68,3.48,0.81,0.52,3.27
3323000,0.73,3.63,0.79,0.54,3.27
3324000,0.74,3.59,0.77,0.54,3.23
3325000,0.77,3.53,0.75,0.5,3.18
3326000,0.81,3.45,0.77,0.5,3.03
3327000,0.8,3.43,0.77,0.51,2.88
3328000,0.83,3.32,0.83,0.5,2.76
3329000,0.88,3.3,0.85,0.48,2.77
3330000,0.85,3.24,0.86,0.48,3.03
3331000,0.84,3.33,0.91,0.46,3.13
3332000,0.81,3.41,0.85,0.5,3.13
3333000,0.74,3.28,0.86,0.49,3.05
3334000,0.71,3.26,0.92,0.49,2.98
3335000,0.75,3.21,0.92,0.49,2.98
3336000,0.78,3.27,0.93,0.48,2.93
3337000,0.77,3.17,0.95,0.49,2.86
3338000,0.8,3.11,0.93,0.54,2.71
3339000,0.75,2.9,0.94,0.52,2.6
3340000,0.79,2.72,0.98,0.57,2.53
3341000,0.86,2.69,0.98,0.58,2.55
3342000,0.85,2.73,0.99,0.6,2.45
3343000,0.86,2.89,1.07,0.58,2.56
3344000,0.91,2.99,1.09,0.57,2.5
3345000,0.96,3.07,1.05,0.55,2.6
3346000,1.0,3.19,1.02,0.56,2.27
3347000,1.04,3.22,1.02,0.52,2.15
3348000,1.07,3.21,1.01,0.52,2.21
3349000,1.07,3.22,0.96,0.47,2.19
3350000,1.07,3.34,1.02,0.44,2.22
3351000,1.1,3.34,0.99,0.4,2.25
3352000,1.13,3.29,1.0,0.37,2.24
3353000,1.06,3.35,1.0,0.34,2.36
3354000,1.04,3.38,1.02,0.28,2.5
3355000,0.99,3.3,0.97,0.26,2.58
3356000,1.0,3.13,0.98,0.19,2.69
3357000,1.04,3.16,0.92,0.17,2.74
3358000,1.06,3.13,0.96,0.17,2.79
3359000,1.04,3.34,1.0,0.15,2.91
3360000,1.03,3.3,0.97,0.15,2.86
3361000,1.04,3.21,0.95,0.13,2.81
3362000,1.03,3.09,0.94,0.15,2.77
3363000,1.08,3.11,0.92,0.19,2.9
3364000,1.08,2.92,0.93,0.25,3.03
3365000,1.06,3.05,0.92,0.26,3.03
3366000,0.98,3.0,0.96,0.29,3.11
3367000,1.04,3.09,0.93,0.34,3.33
3368000,1.1,3.05,0.93,0.36,3.29
3369000,1.12,3.11,0.92,0.37,3.43
3370000,1.13,3.0,0.91,0.38,3.47
3371000,1.11,2.96,0.94,0.39,3.46
3372000,1.14,3.0,0.95,0.41,3.44
3373000,1.12,2.99,0.97,0.45,3.28
3374000,1.14,2.8,0.99,0.45,3.13
3375000,1.09,2.75,0.97,0.45,3.15
3376000,1.13,2.61,0.93,0.43,3.08
3377000,1.18,2.46,0.9,0.42,2.9
3378000,1.19,2.57,0.95,0.42,2.91
3379000,1.22,2.75,0.97,0.37,3.04
3380000,1.32,2.76,0.97,0.39,3.14
3381000,1.35,2.78,1.03,0.42,3.25
3382000,1.38,2.73,1.0,0.41,3.16
3383000,1.33,2.86,1.06,0.4,3.02
3384000,1.34,2.68,1.08,0.43,2.94
3385000,1.33,2.77,1.04,0.42,2.89
3386000,1.27,2.84,1.05,0.43,2.78
3387000,1.27,2.77,1.05,0.42,2.74
3388000,1.3,2.78,1.01,0.42,2.8
3389000,1.35,2.84,0.98,0.41,2.78
3390000,1.39,2.96,1.02,0.44,2.83
3391000,1.37,2.87,0.96,0.44,2.72
3392000,1.39,2.95,1.0,0.47,2.87
3393000,1.32,3.01,0.99,0.44,2.91
3394000,1.24,3.14,1.02,0.44,2.98
3395000,1.2,3.01,0.98,0.46,2.95
3396000,1.13,2.91,0.95,0.44,3.0
3397000,1.17,2.95,0.91,0.42,2.76
3398000,1.2,3.11,0.95,0.41,2.74
3399000,1.26,3.16,0.92,0.39,2.68
3400000,1.26,3.17,0.9,0.39,2.74
3401000,1.33,3.4,0.87,0.4,2.8
3402000,1.27,3.38,0.85,0.39,2.83
3403000,1.31,3.23,0.88,0.39,2.86
3404000,1.35,3.22,0.87,0.43,2.89
3405000,1.39,2.98,0.88,0.43,2.85
3406000,1.48,3.18,0.93,0.44,2.9
3407000,1.46,3.18,0.91,0.44,2.86
3408000,1.58,3.06,0.9,0.45,2.94
3409000,1.63,3.1,0.94,0.41,2.95
3410000,1.67,3.1,0.97,0.41,2.95
3411000,1.7,2.99,0.99,0.38,2.94
3412000,1.68,3.02,0.98,0.41,2.84
3413000,1.62,3.2,1.03,0.42,2.82
3414000,1.64,3.26,1.07,0.45,2.96
3415000,1.67,3.3,1.04,0.45,3.0
3416000,1.77,3.02,1.02,0.43,3.04
3417000,1.78,3.1,0.99,0.44,3.07
3418000,1.81,3.03,1.02,0.43,2.91
3419000,1.71,2.91,1.01,0.37,3.1
3420000,1.6,3.03,1.03,0.37,3.21
3421000,1.58,3.03,1.04,0.4,3.31
3422000,1.6,3.15,1.01,0.4,3.21
3423000,1.66,3.18,1.03,0.43,3.17
3424000,1.55,3.05,1.01,0.45,3.18
3425000,1.54,3.01,0.99,0.46,3.07
3426000,1.62,2.88,1.0,0.44,3.05
3427000,1.61,3.02,0.97,0.45,2.98
3428000,1.67,3.06,0.92,0.41,2.97
3429000,1.55,3.18,0.9,0.38,3.03
3430000,1.64,3.35,0.9,0.33,2.96
3431000,1.63,3.36,0.88,0.32,3.05
3432000,1.5,3.08,0.91,0.36,3.21
3433000,1.54,3.04,0.91,0.35,3.23
3434000,1.67,3.21,0.92,0.36,3.26
3435000,1.67,3.21,0.97,0.39,3.27
3436000,1.65,3.3,0.98,0.41,3.23
3437000,1.66,3.13,0.96,0.43,3.16
3438000,1.72,3.11,0.97,0.41,3.27
3439000,1.74,3.02,0.92,0.35,3.1
3440000,1.64,3.09,0.93,0.33,3.26
3441000,1.83,3.16,0.92,0.3,3.22
3442000,1.82,3.24,0.9,0.3,3.32
3443000,1.88,3.18,0.91,0.31,3.57
3444000,1.86,3.2,0.88,0.3,3.75
3445000,1.71,3.23,0.89,0.31,3.74
3446000,1.79,3.24,0.89,0.32,3.72
3447000,1.82,2.98,0.91,0.31,3.85
3448000,1.67,3.0,0.94,0.27,3.88
3449000,1.72,3.05,0.86,0.25,4.02
3450000,1.77,2.85,0.85,0.23,4.03
3451000,1.55,2.7,0.93,0.2,4.12
3452000,1.62,2.53,0.89,0.19,4.11
3453000,1.74,2.56,0.88,0.21,4.11
3454000,1.82,2.64,0.86,0.21,4.02
3455000,1.75,2.74,0.87,0.28,4.09
3456000,1.63,2.72,0.89,0.29,4.03
3457000,1.44,2.75,0.89,0.29,4.08
3458000,1.52,2.61,0.88,0.28,4.03
3459000,1.49,2.57,0.88,0.28,4.01
3460000,1.55,2.47,0.9,0.3,3.84
3461000,1.48,2.48,0.88,0.31,3.58
3462000,1.56,2.61,0.86,0.3,3.22
3463000,1.58,2.6,0.91,0.33,3.33
3464000,1.57,2.58,0.96,0.35,3.3
3465000,1.66,2.62,0.92,0.37,3.35
3466000,1.55,2.85,0.93,0.39,3.3
3467000,1.46,2.86,0.96,0.41,3.27
3468000,1.49,2.89,0.95,0.41,3.2
3469000,1.53,2.97,0.91,0.4,3.11
3470000,1.67,3.15,0.9,0.37,3.06
3471000,1.69,3.25,0.93,0.36,3.18
3472000,1.74,3.29,0.95,0.38,3.27
3473000,1.69,3.18,0.95,0.41,3.41
3474000,1.78,3.14,0.94,0.42,3.4
3475000,1.78,3.1,0.9,0.44,3.44
3476000,1.76,3.16,0.96,0.44,3.41
3477000,1.78,3.27,0.99,0.43,3.47
3478000,1.91,3.31,0.98,0.46,3.56
3479000,1.84,3.39,1.06,0.42,3.56
3480000,1.92,3.18,1.03,0.41,3.6
3481000,2.06,3.21,0.99,0.42,3.66
3482000,2.07,3.27,0.99,0.38,3.64
3483000,2.18,3.29,1.0,0.36,3.78
3484000,2.19,3.18,0.99,0.36,3.67
3485000,2.22,3.15,1.01,0.33,3.61
3486000,2.15,3.19,0.99,0.3,3.65
3487000,2.12,3.08,0.99,0.28,3.65
3488000,2.13,3.11,1.01,0.28,3.73
3489000,2.2,3.12,1.0,0.27,3.91
3490000,2.27,2.98,0.97,0.3,3.83
3491000,2.29,2.97,0.93,0.31,3.66
3492000,2.39,3.12,0.89,0.31,3.59
3493000,2.32,3.07,0.89,0.3,3.37
3494000,2.34,2.97,0.9,0.33,3.24
3495000,2.45,2.98,0.87,0.37,3.38
3496000,2.35,3.03,0.85,0.4,3.35
3497000,2.43,2.83,0.82,0.4,3.52
3498000,2.14,2.95,0.9,0.4,3.29
3499000,1.96,3.01,0.88,0.42,3.23
3500000,2.05,3.03,0.9,0.44,3.17
3501000,2.07,3.0,0.91,0.46,3.23
3502000,2.12,2.81,0.91,0.44,3.35
3503000,2.01,2.77,0.9,0.43,3.38
3504000,1.88,2.85,0.89,0.4,3.32
3505000,1.86,2.88,0.88,0.37,3.31
3506000,1.77,2.85,0.89,0.38,3.3
3507000,1.84,3.11,0.89,0.39,3.15
3508000,1.8,3.22,0.92,0.38,3.22
3509000,1.72,3.25,0.94,0.36,3.13
3510000,1.64,3.29,0.96,0.35,3.23
3511000,1.71,3.08,0.94,0.35,3.24
3512000,1.71,3.11,0.95,0.36,3.44
3513000,1.79,3.12,0.93,0.36,3.49
3514000,1.87,3.1,1.02,0.36,3.42
3515000,1.91,3.19,1.07,0.34,3.25
3516000,2.05,2.98,1.07,0.37,3.19
3517000,1.9,2.9,1.05,0.39,3.19
3518000,2.11,2.82,1.04,0.4,3.24
3519000,2.22,2.92,1.05,0.42,3.3
3520000,2.18,2.79,1.05,0.42,3.22
3521000,2.19,2.83,1.05,0.42,3.23
3522000,2.03,2.89,1.08,0.42,3.16
3523000,1.95,2.63,1.08,0.41,3.08
3524000,2.12,2.64,1.1,0.45,3.15
3525000,2.12,2.55,1.08,0.43,3.28
3526000,2.14,2.64,1.08,0.42,3.34
3527000,2.21,2.66,1.13,0.43,3.27
3528000,2.21,2.73,1.14,0.46,3.16
3529000,2.24,2.68,1.12,0.48,3.2
3530000,2.24,2.71,1.11,0.49,3.29
3531000,2.31,2.77,1.01,0.46,3.36
3532000,2.3,2.61,0.89,0.47,3.29
3533000,2.38,2.6,0.93,0.42,3.1
3534000,2.23,2.75,0.91,0.45,2.96
3535000,2.19,2.74,0.95,0.44,2.92
3536000,2.28,2.99,0.95,0.45,2.96
3537000,2.37,3.01,0.95,0.48,2.91
3538000,2.48,3.0,1.0,0.44,2.74
3539000,2.54,3.06,0.98,0.46,2.93
3540000,2.41,3.11,1.0,0.48,2.98
3541000,2.42,3.12,0.99,0.49,2.98
3542000,2.24,3.17,1.07,0.49,2.98
3543000,2.38,3.08,1.04,0.48,3.02
3544000,2.34,3.03,1.09,0.45,3.12
3545000,2.23,3.04,1.1,0.45,3.15
3546000,2.09,3.24,1.13,0.46,3.28
3547000,1.91,3.21,1.14,0.44,3.16
3548000,1.9,3.27,1.15,0.42,3.16
3549000,1.79,3.06,1.16,0.42,3.15
3550000,1.66,3.28,1.13,0.43,3.22
3551000,1.68,3.41,1.14,0.44,3.18
3552000,1.6,3.44,1.03,0.42,3.31
3553000,1.76,3.37,0.96,0.4,3.33
3554000,1.77,3.47,0.95,0.37,3.31
3555000,1.75,3.28,0.89,0.36,3.16
3556000,1.71,3.2,0.84,0.43,3.27
3557000,1.76,3.28,0.85,0.37,3.28
3558000,1.86,3.55,0.78,0.38,3.28
3559000,1.85,3.53,0.73,0.39,3.36
3560000,1.78,3.41,0.67,0.38,3.4
3561000,1.86,3.4,0.62,0.37,3.47
3562000,1.96,3.52,0.64,0.41,3.28
3563000,1.97,3.45,0.68,0.49,3.29
3564000,2.07,3.47,0.71,0.5,3.07
3565000,2.1,3.43,0.67,0.45,3.07
3566000,2.18,3.42,0.71,0.45,3.07
3567000,2.21,3.54,0.74,0.47,3.19
3568000,2.32,3.57,0.73,0.49,3.26
3569000,2.44,3.72,0.74,0.52,3.15
3570000,2.54,3.65,0.72,0.51,3.03
3571000,2.67,3.75,0.73,0.45,3.09
3572000,2.6,3.58,0.8,0.48,3.07
3573000,2.62,3.54,0.76,0.46,3.1
3574000,2.64,3.45,0.77,0.44,3.08
3575000,2.67,3.36,0.81,0.48,3.04
3576000,2.66,3.53,0.82,0.44,2.95
3577000,2.64,3.59,0.8,0.4,2.99
3578000,2.64,3.4,0.81,0.4,3.11
3579000,2.77,3.58,0.87,0.43,3.0
3580000,2.78,3.62,0.89,0.43,3.01
3581000,2.75,3.71,0.88,0.49,3.06
3582000,2.71,3.75,0.91,0.49,2.95
3583000,2.62,3.77,0.88,0.54,2.93
3584000,2.73,3.9,0.92,0.57,3.06
3585000,2.75,3.91,0.96,0.57,3.08
3586000,2.73,3.81,1.02,0.58,3.05
3587000,2.43,3.93,1.02,0.6,2.96
3588000,2.55,4.12,1.05,0.6,2.99
3589000,2.49,3.83,1.01,0.61,3.08
3590000,2.53,3.78,1.05,0.61,2.91
3591000,2.47,3.94,1.08,0.6,2.89
3592000,2.44,4.07,1.05,0.61,2.79
3593000,2.45,4.08,1.1,0.63,2.87
3594000,2.35,4.19,1.1,0.61,2.95
3595000,2.38,4.22,1.16,0.61,2.97
3596000,2.45,4.18,1.09,0.57,3.0
3597000,2.47,4.23,1.11,0.54,3.02
3598000,2.65,4.17,1.11,0.49,3.08
3599000,2.53,4.14,1.12,0.41,3.13
3600000,2.59,3.97,1.19,0.37,3.23
3601000,2.5,3.93,1.18,0.35,3.32
3602000,2.56,3.94,1.22,0.34,3.26
3603000,2.38,3.98,1.2,0.29,3.35
3604000,2.33,4.02,1.22,0.31,3.32
3605000,2.19,4.07,1.21,0.32,3.5
3606000,2.14,3.98,1.22,0.35,3.56
3607000,2.11,3.96,1.13,0.35,3.41
3608000,2.15,3.98,1.08,0.36,3.43
3609000,2.11,3.68,1.07,0.38,3.43
3610000,2.09,3.67,1.03,0.38,3.43
3611000,2.05,3.36,1.02,0.39,3.44
3612000,2.08,3.31,1.03,0.37,3.49
3613000,1.93,3.33,1.0,0.39,3.45
3614000,1.98,3.35,1.03,0.42,3.52
3615000,1.9,3.4,1.04,0.43,3.57
3616000,1.9,3.4,0.99,0.43,3.61
3617000,1.83,3.43,0.99,0.44,3.69
3618000,1.85,3.39,0.94,0.46,3.68
3619000,1.83,3.47,0.92,0.5,3.68
3620000,2.02,3.56,0.9,0.46,3.67
3621000,2.12,3.53,0.91,0.46,3.61
3622000,2.09,3.45,0.92,0.45,3.51
3623000,2.07,3.42,0.97,0.44,3.51
3624000,2.13,3.34,0.97,0.43,3.51
3625000,2.25,3.15,0.99,0.46,3.51
3626000,2.27,3.15,1.03,0.46,3.7
3627000,2.35,3.13,1.06,0.46,3.66
3628000,2.5,3.15,1.09,0.46,3.51
3629000,2.48,3.17,1.06,0.44,3.49
3630000,2.58,3.18,1.06,0.45,3.48
3631000,2.59,3.26,1.06,0.46,3.55
3632000,2.6,3.24,1.05,0.45,3.53
3633000,2.64,3.15,1.05,0.42,3.23
3634000,2.66,3.13,1.05,0.37,3.23
3635000,2.74,2.98,1.08,0.41,3.29
3636000,2.9,2.97,1.11,0.44,3.27
3637000,2.96,2.89,1.1,0.4,3.33
3638000,3.03,2.81,1.1,0.4,3.14
3639000,2.95,2.9,1.08,0.4,3.19
3640000,2.98,2.84,1.04,0.4,3.23
3641000,2.92,2.83,1.05,0.36,3.2
3642000,2.91,3.01,1.02,0.35,3.14
3643000,2.66,2.96,0.98,0.36,3.09
3644000,2.65,2.81,0.96,0.38,3.07
3645000,2.42,2.74,1.0,0.39,3.19
3646000,2.39,2.77,0.94,0.34,3.06
3647000,2.29,2.75,0.97,0.35,2.95
3648000,2.41,2.91,0.96,0.38,2.94
3649000,2.38,2.94,1.01,0.42,2.92
3650000,2.31,2.99,0.98,0.42,3.08
3651000,2.31,2.9,0.96,0.38,3.07
3652000,2.25,2.85,0.95,0.38,3.19
3653000,1.95,2.91,0.95,0.4,3.09
3654000,1.82,2.91,0.98,0.4,3.03
3655000,1.85,2.96,0.97,0.41,3.04
3656000,1.97,2.94,1.0,0.41,3.1
3657000,2.19,2.88,1.01,0.41,3.1
3658000,2.1,2.74,1.04,0.39,3.16
3659000,2.17,2.65,1.0,0.41,3.15
3660000,2.26,2.46,1.01,0.41,2.96
3661000,2.2,2.47,1.0,0.43,2.96
3662000,2.27,2.55,0.97,0.45,2.84
3663000,2.31,2.64,1.01,0.51,3.08
3664000,2.42,2.73,1.05,0.54,3.08
3665000,2.3,2.78,1.02,0.53,3.07
3666000,2.3,2.67,1.05,0.56,3.1
3667000,2.4,2.67,1.03,0.57,3.17
3668000,2.38,2.74,1.08,0.57,3.29
3669000,2.28,2.64,1.08,0.57,3.26
3670000,2.3,2.72,1.09,0.6,3.27
3671000,2.41,2.72,1.15,0.57,3.41
3672000,2.29,2.87,1.16,0.53,3.28
3673000,2.12,2.98,1.14,0.54,3.28
3674000,2.25,2.87,1.14,0.58,3.27
3675000,2.43,2.93,1.09,0.59,3.21
3676000,2.48,2.92,1.08,0.57,2.85
3677000,2.35,2.99,1.12,0.57,2.82
3678000,2.33,3.1,1.14,0.54,2.86
3679000,2.36,3.06,1.11,0.54,2.83
3680000,2.26,3.2,1.13,0.47,2.79
3681000,2.21,3.32,1.12,0.46,2.82
3682000,2.2,3.33,1.09,0.46,2.84
3683000,2.08,3.29,1.08,0.44,2.72
3684000,1.93,3.42,1.02,0.45,2.77
3685000,1.92,3.32,0.99,0.47,2.81
3686000,2.0,3.37,1.02,0.45,2.65
3687000,2.02,3.25,0.99,0.47,2.61
3688000,1.93,3.34,0.99,0.51,2.58
3689000,1.94,3.52,0.97,0.53,2.57
3690000,1.88,3.57,0.96,0.52,2.56
3691000,1.76,3.41,0.99,0.52,2.66
3692000,1.77,3.38,1.04,0.52,2.68
3693000,1.78,3.25,1.08,0.52,2.65
3694000,1.8,3.13,1.07,0.53,2.54
3695000,1.95,3.11,1.1,0.57,2.56
3696000,1.91,3.17,1.1,0.56,2.59
3697000,1.83,3.2,1.15,0.6,2.59
3698000,1.88,3.14,1.13,0.64,2.59
3699000,1.84,3.24,1.16,0.62,2.59
3700000,1.95,3.27,1.2,0.6,2.67
3701000,2.01,3.33,1.25,0.58,2.76
3702000,2.14,3.14,1.25,0.63,2.77
3703000,2.27,3.22,1.22,0.55,2.76
3704000,2.28,3.2,1.25,0.54,2.82
3705000,2.28,3.27,1.21,0.52,2.81
3706000,2.22,3.37,1.24,0.51,2.85
3707000,2.35,3.47,1.3,0.5,3.07
3708000,2.39,3.17,1.33,0.48,3.04
3709000,2.58,3.13,1.31,0.49,2.98
3710000,2.7,3.08,1.33,0.47,2.9
3711000,2.78,3.15,1.23,0.46,2.95
3712000,2.62,3.22,1.27,0.41,2.95
3713000,2.75,3.29,1.37,0.34,2.99
3714000,2.87,3.27,1.28,0.38,2.97
3715000,2.93,3.29,1.3,0.43,3.03
3716000,2.95,3.25,1.32,0.44,2.95
3717000,3.05,3.3,1.37,0.41,2.81
3718000,2.94,3.17,1.37,0.4,2.9
3719000,2.86,3.08,1.32,0.42,2.87
3720000,2.89,3.25,1.28,0.44,2.99
3721000,2.9,3.5,1.2,0.49,3.01
3722000,2.92,3.46,1.18,0.52,2.96
3723000,3.05,3.46,1.15,0.53,2.93
3724000,2.99,3.43,1.21,0.54,2.84
3725000,3.04,3.35,1.12,0.54,2.83
3726000,2.89,3.34,1.16,0.51,2.83
3727000,2.83,3.11,1.2,0.55,2.93
3728000,2.76,3.17,1.22,0.55,2.66
3729000,2.78,3.25,1.18,0.54,2.69
3730000,2.76,3.24,1.2,0.49,2.72
3731000,2.87,3.39,1.18,0.46,2.76
3732000,3.0,3.44,1.22,0.45,2.69
3733000,3.09,3.54,1.2,0.45,2.71
3734000,3.01,3.48,1.18,0.48,2.87
3735000,2.99,3.52,1.17,0.5,2.87
3736000,3.02,3.42,1.15,0.5,2.89
3737000,3.08,3.5,1.18,0.46,2.89
3738000,2.96,3.55,1.27,0.45,2.93
3739000,2.97,3.68,1.35,0.46,2.98
3740000,2.99,3.83,1.43,0.46,3.05
3741000,2.89,3.79,1.46,0.45,3.0
3742000,2.9,3.88,1.46,0.47,3.07
3743000,2.87,3.63,1.46,0.44,3.07
3744000,2.92,3.59,1.6,0.43,3.12
3745000,2.94,3.59,1.59,0.42,3.12
3746000,3.0,3.61,1.56,0.46,3.28
3747000,2.95,3.78,1.53,0.47,3.09
3748000,2.68,3.76,1.49,0.51,3.09
3749000,2.59,3.86,1.45,0.5,3.09
3750000,2.68,3.96,1.48,0.45,3.1
3751000,2.72,3.68,1.5,0.44,3.13
3752000,2.75,3.59,1.57,0.42,3.15
3753000,2.73,3.7,1.56,0.46,3.26
3754000,2.85,3.69,1.64,0.47,3.23
3755000,2.84,3.65,1.57,0.47,3.17
3756000,2.84,3.71,1.63,0.52,3.16
3757000,2.9,3.7,1.63,0.54,3.24
3758000,2.89,3.84,1.53,0.54,3.32
3759000,2.91,4.02,1.51,0.58,3.35
3760000,2.7,4.1,1.48,0.57,3.31
3761000,2.66,3.83,1.46,0.54,3.32
3762000,2.63,3.93,1.52,0.54,3.36
3763000,2.63,3.99,1.48,0.53,3.26
3764000,2.63,3.82,1.4,0.54,3.26
3765000,2.69,3.88,1.33,0.55,3.26
3766000,2.77,3.95,1.42,0.56,2.99
3767000,2.79,4.02,1.46,0.55,2.93
3768000,2.72,4.11,1.5,0.59,2.92
3769000,2.58,3.98,1.5,0.58,2.87
3770000,2.56,4.07,1.66,0.54,2.89
3771000,2.55,3.99,1.69,0.52,2.84
3772000,2.5,3.94,1.79,0.46,2.82
3773000,2.39,3.99,1.79,0.44,2.83
3774000,2.33,4.1,1.76,0.41,2.84
3775000,2.46,4.05,1.78,0.38,2.88
3776000,2.55,3.99,1.72,0.36,2.73
3777000,2.63,3.99,1.68,0.34,2.61
3778000,2.61,3.93,1.73,0.35,2.57
3779000,2.76,3.88,1.75,0.33,2.57
3780000,2.78,3.33,1.69,0.29,2.58
3781000,2.8,3.17,1.67,0.27,2.55
3782000,2.87,3.17,1.63,0.3,2.53
3783000,2.83,2.97,1.67,0.27,2.54
3784000,2.71,2.92,1.59,0.29,2.66
3785000,2.82,2.97,1.58,0.27,2.76
3786000,2.8,2.71,1.52,0.27,2.78
3787000,2.82,2.58,1.42,0.27,2.61
3788000,2.87,2.63,1.34,0.29,2.51
3789000,2.85,2.61,1.31,0.31,2.44
3790000,2.94,2.61,1.35,0.35,2.39
3791000,2.94,2.66,1.36,0.35,2.31
3792000,2.81,2.67,1.38,0.37,2.26
3793000,2.91,2.67,1.33,0.38,2.32
3794000,2.82,2.56,1.35,0.37,2.34
3795000,2.7,2.61,1.31,0.38,2.34
3796000,2.67,2.63,1.32,0.46,2.53
3797000,2.61,2.64,1.26,0.48,2.67
3798000,2.74,2.65,1.39,0.47,2.68
3799000,2.69,2.65,1.41,0.44,2.65
3800000,2.71,2.69,1.47,0.46,2.63
3801000,2.8,2.75,1.48,0.49,2.64
3802000,2.62,2.7,1.5,0.5,2.68
3803000,2.62,2.82,1.53,0.49,2.62
3804000,2.58,2.85,1.56,0.42,2.5
3805000,2.5,3.05,1.52,0.43,2.51
3806000,2.39,3.14,1.47,0.47,2.5
3807000,2.54,3.37,1.46,0.48,2.62
3808000,2.52,3.38,1.53,0.49,2.66
3809000,2.39,3.35,1.47,0.5,2.61
3810000,2.41,3.52,1.46,0.48,2.85
3811000,2.48,3.53,1.5,0.46,2.96
3812000,2.59,3.66,1.55,0.45,2.89
3813000,2.53,3.8,1.53,0.44,2.91
3814000,2.45,3.81,1.61,0.46,3.04
3815000,2.49,3.76,1.66,0.44,2.96
3816000,2.46,3.58,1.71,0.43,2.97
3817000,2.57,3.6,1.66,0.48,2.97
3818000,2.71,3.62,1.62,0.54,2.96
3819000,2.75,3.74,1.67,0.56,3.09
3820000,2.8,3.63,1.64,0.55,3.06
3821000,2.81,3.63,1.61,0.57,2.92
3822000,2.74,3.46,1.5,0.55,2.94
3823000,2.81,3.51,1.44,0.58,2.83
3824000,2.72,3.66,1.43,0.56,2.83
3825000,2.77,3.56,1.47,0.55,2.86
3826000,2.79,3.65,1.54,0.56,2.86
3827000,2.84,3.75,1.47,0.59,2.91
3828000,2.68,3.63,1.39,0.58,2.86
3829000,2.71,3.61,1.38,0.58,2.86
3830000,2.73,3.5,1.27,0.57,2.62
3831000,2.76,3.55,1.22,0.55,2.51
3832000,2.75,3.62,1.02,0.56,2.64
3833000,2.63,3.5,0.95,0.54,2.67
3834000,2.57,3.4,0.9,0.54,2.77
3835000,2.57,3.35,0.91,0.56,2.64
3836000,2.59,3.5,1.06,0.55,2.64
3837000,2.53,3.61,1.08,0.54,2.75
3838000,2.56,3.62,1.14,0.5,2.73
3839000,2.5,3.5,1.19,0.5,2.74
3840000,2.62,3.32,1.22,0.51,2.72
3841000,2.52,3.54,1.27,0.54,2.58
3842000,2.56,3.55,1.33,0.5,2.59
3843000,2.59,3.87,1.36,0.51,2.63
3844000,2.6,4.06,1.31,0.54,2.6
3845000,2.68,3.87,1.37,0.54,2.69
3846000,2.75,3.94,1.34,0.59,2.74
3847000,2.79,4.13,1.31,0.57,2.74
3848000,2.96,4.06,1.33,0.52,2.75
3849000,2.91,4.01,1.44,0.53,2.81
3850000,2.8,4.06,1.47,0.51,2.73
3851000,2.85,4.22,1.54,0.54,2.78
3852000,2.94,4.42,1.6,0.56,2.76
3853000,2.9,4.25,1.58,0.6,2.95
3854000,3.04,4.22,1.6,0.63,2.9
3855000,3.12,4.4,1.49,0.62,2.68
3856000,3.18,4.43,1.5,0.63,2.68
3857000,3.25,4.5,1.48,0.62,2.65
3858000,3.1,4.55,1.49,0.61,2.82
3859000,3.16,4.47,1.47,0.59,2.88
3860000,3.11,4.42,1.48,0.56,2.84
3861000,3.05,4.27,1.55,0.63,2.65
3862000,3.03,4.22,1.48,0.63,2.64
3863000,2.82,4.12,1.42,0.64,2.63
3864000,2.81,4.21,1.38,0.65,2.73
3865000,2.86,3.93,1.37,0.63,2.8
3866000,2.94,3.9,1.36,0.62,2.92
3867000,3.01,4.04,1.33,0.57,2.94
3868000,3.1,4.11,1.34,0.56,2.99
3869000,3.05,4.2,1.32,0.53,3.06
3870000,3.07,4.0,1.31,0.51,3.25
3871000,3.18,3.81,1.31,0.47,3.24
3872000,3.1,3.96,1.24,0.47,3.26
3873000,3.26,3.98,1.25,0.46,3.44
3874000,3.26,3.98,1.24,0.5,3.43
3875000,3.3,4.06,1.25,0.47,3.43
3876000,3.3,4.3,1.28,0.44,3.34
3877000,3.46,4.39,1.3,0.41,3.4
3878000,3.43,4.44,1.27,0.38,3.47
3879000,3.44,4.54,1.34,0.37,3.52
3880000,3.57,4.46,1.26,0.37,3.29
3881000,3.58,4.4,1.29,0.39,3.4
3882000,3.62,4.34,1.3,0.39,3.27
3883000,3.7,4.33,1.3,0.39,3.24
3884000,3.5,4.45,1.29,0.39,3.3
3885000,3.36,4.65,1.29,0.41,3.3
3886000,3.34,4.77,1.25,0.44,3.32
3887000,3.19,4.88,1.23,0.43,3.37
3888000,3.21,4.71,1.25,0.44,3.48
3889000,3.06,4.59,1.27,0.46,3.43
3890000,3.03,4.75,1.36,0.45,3.29
3891000,2.79,4.66,1.41,0.45,3.28
3892000,2.8,4.44,1.38,0.45,3.13
3893000,2.53,4.5,1.37,0.45,3.08
3894000,2.52,4.71,1.38,0.46,3.02
3895000,2.64,4.89,1.42,0.46,3.12
3896000,2.82,4.79,1.45,0.48,3.06
3897000,2.59,4.35,1.5,0.48,3.09
3898000,2.63,4.04,1.53,0.48,3.22
3899000,2.53,3.97,1.57,0.5,3.28
3900000,2.71,3.67,1.64,0.49,3.41
3901000,2.84,3.59,1.73,0.49,3.56
3902000,2.87,3.5,1.73,0.5,3.46
3903000,2.71,3.52,1.71,0.5,3.48
3904000,2.52,3.38,1.75,0.5,3.58
3905000,2.48,3.43,1.71,0.49,3.8
3906000,2.59,3.38,1.74,0.47,3.8
3907000,2.62,3.33,1.81,0.46,3.85
3908000,2.51,3.47,1.85,0.5,3.84
3909000,2.55,3.65,1.9,0.5,3.9
3910000,2.44,3.67,2.03,0.53,3.88
3911000,2.27,3.6,2.05,0.47,3.97
3912000,2.37,3.7,1.98,0.46,4.02
3913000,2.29,3.79,2.0,0.45,3.95
3914000,2.32,3.87,2.01,0.49,4.0
3915000,2.3,4.0,1.98,0.52,4.03
3916000,2.34,3.84,1.9,0.53,4.01
3917000,2.38,3.74,1.87,0.52,4.09
3918000,2.43,3.81,1.82,0.55,4.15
3919000,2.49,3.88,1.73,0.54,3.95
3920000,2.62,3.94,1.71,0.53,4.13
3921000,2.68,4.07,1.69,0.53,3.94
3922000,2.71,4.24,1.72,0.54,3.93
3923000,2.9,4.37,1.75,0.56,4.01
3924000,2.85,4.49,1.77,0.55,4.0
3925000,2.83,4.57,1.81,0.54,3.84
3926000,2.97,4.69,1.72,0.49,3.81
3927000,3.07,4.71,1.76,0.51,3.86
3928000,3.18,4.82,1.74,0.53,3.68
3929000,3.28,5.08,1.73,0.55,3.65
3930000,3.31,5.1,1.77,0.49,3.68
3931000,3.37,4.96,1.7,0.45,3.69
3932000,3.38,4.81,1.65,0.45,3.75
3933000,3.52,4.87,1.67,0.46,3.65
3934000,3.27,4.74,1.65,0.44,3.6
3935000,3.18,4.77,1.72,0.47,3.57
3936000,3.0,4.55,1.66,0.51,3.78
3937000,3.12,4.52,1.71,0.54,3.59
3938000,3.19,4.48,1.69,0.54,3.52
3939000,3.0,4.43,1.75,0.54,3.44
3940000,3.13,4.41,1.69,0.54,3.47
3941000,2.88,4.51,1.7,0.53,3.52
3942000,2.89,4.6,1.69,0.52,3.49
3943000,2.94,4.73,1.72,0.56,3.49
3944000,2.95,4.45,1.68,0.57,3.44
3945000,2.89,4.42,1.73,0.57,3.49
3946000,2.8,4.31,1.82,0.57,3.41
3947000,2.88,4.14,1.86,0.57,3.51
3948000,2.92,4.23,1.81,0.62,3.61
3949000,3.02,3.93,1.75,0.58,3.56
3950000,2.9,3.62,1.95,0.57,3.82
3951000,2.83,3.72,2.0,0.59,3.88
3952000,2.81,3.92,1.98,0.55,3.97
3953000,2.9,3.91,1.92,0.54,4.07
3954000,2.93,3.89,1.88,0.5,4.26
3955000,3.05,4.04,1.85,0.51,4.26
3956000,3.09,4.04,1.89,0.51,4.38
3957000,3.07,4.0,1.83,0.54,4.47
3958000,3.18,4.31,1.85,0.55,4.58
3959000,3.04,4.43,1.79,0.51,4.45
3960000,3.18,4.28,1.7,0.52,4.53
3961000,3.25,4.52,1.72,0.5,4.64
3962000,3.29,4.4,1.69,0.51,4.62
3963000,3.29,4.24,1.64,0.49,4.8
3964000,3.24,4.07,1.62,0.48,4.88
3965000,3.23,4.16,1.51,0.47,5.06
3966000,3.45,4.21,1.52,0.45,5.1
3967000,3.39,4.22,1.59,0.46,5.33
3968000,3.44,4.16,1.61,0.45,5.28
3969000,3.38,4.46,1.68,0.43,5.12
3970000,3.56,4.52,1.44,0.42,5.03
3971000,3.58,4.75,1.43,0.47,4.88
3972000,3.67,4.66,1.46,0.47,4.64
3973000,3.78,4.97,1.51,0.48,4.54
3974000,3.73,5.1,1.53,0.47,4.49
3975000,3.77,4.68,1.48,0.49,4.14
3976000,3.58,4.9,1.55,0.48,4.0
3977000,3.5,5.03,1.64,0.47,4.06
3978000,3.6,4.78,1.68,0.53,4.02
3979000,3.61,4.94,1.69,0.55,4.06
3980000,3.48,5.39,1.78,0.57,4.17
3981000,3.5,5.46,1.88,0.59,4.15
3982000,3.46,5.09,1.91,0.6,3.8
3983000,3.4,5.05,1.96,0.58,3.77
3984000,3.45,5.17,2.04,0.56,3.8
3985000,3.35,5.1,2.07,0.57,3.58
3986000,2.98,5.19,2.09,0.57,3.35
3987000,2.95,5.37,2.13,0.59,3.56
3988000,2.79,5.35,2.11,0.59,3.53
3989000,2.93,5.48,1.93,0.6,3.71
3990000,2.92,5.53,1.96,0.57,3.85
3991000,2.85,5.48,1.92,0.55,3.75
3992000,2.8,5.28,1.96,0.59,3.79
3993000,2.8,5.23,1.92,0.61,3.87
3994000,2.77,5.3,1.86,0.57,3.81
3995000,2.62,5.32,1.86,0.51,4.02
3996000,2.74,5.19,1.81,0.5,4.01
3997000,2.7,5.1,1.76,0.53,4.01
3998000,2.84,5.24,1.79,0.55,4.06
3999000,2.77,5.1,1.8,0.54,4.06
4000000,2.9,5.14,1.75,0.58,3.86
4001000,2.92,5.36,1.77,0.58,3.67
4002000,2.87,4.77,1.77,0.61,3.63
4003000,2.83,4.68,1.77,0.58,3.63
4004000,2.94,4.51,1.71,0.56,3.68
4005000,3.19,4.24,1.64,0.6,3.68
4006000,3.22,4.3,1.63,0.62,3.53
4007000,3.29,4.12,1.59,0.62,3.59
4008000,3.28,3.95,1.65,0.59,3.58
4009000,3.3,4.03,1.7,0.58,3.54
4010000,3.19,4.01,1.8,0.6,3.65
4011000,3.31,3.94,1.87,0.64,3.74
4012000,3.04,4.12,1.83,0.62,3.7
4013000,2.97,4.07,1.84,0.58,3.76
4014000,2.83,3.92,1.79,0.55,3.68
4015000,2.94,4.05,1.86,0.52,3.69
4016000,2.9,4.01,1.95,0.47,3.57
4017000,2.85,3.97,1.94,0.42,3.61
4018000,2.78,3.96,1.93,0.4,3.53
4019000,2.8,3.96,2.0,0.36,3.4
4020000,2.95,4.02,2.06,0.3,3.4
4021000,2.99,3.99,2.07,0.32,3.4
4022000,3.03,4.02,2.02,0.28,3.47
4023000,2.75,4.01,2.1,0.24,3.45
4024000,2.8,4.07,2.11,0.16,3.49
4025000,2.68,4.28,2.1,0.18,3.54
4026000,2.74,4.35,2.09,0.21,3.68
4027000,2.72,4.35,2.15,0.22,3.67
4028000,2.64,4.43,2.14,0.27,3.61
4029000,2.84,4.67,2.15,0.26,3.61
4030000,3.08,4.64,2.1,0.3,3.58
4031000,3.1,4.48,2.11,0.3,3.89
4032000,3.25,4.45,2.1,0.31,4.02
4033000,3.34,4.26,2.11,0.36,4.09
4034000,3.41,4.41,2.03,0.41,4.13
4035000,3.45,4.3,2.01,0.41,4.19
4036000,3.36,4.16,2.0,0.41,4.04
4037000,3.36,4.24,2.03,0.43,3.91
4038000,3.14,4.26,2.07,0.44,3.72
4039000,3.24,4.33,2.0,0.48,3.93
4040000,3.11,4.53,2.04,0.5,3.99
4041000,3.02,4.61,1.91,0.47,4.19
4042000,2.93,4.51,1.9,0.46,4.15
4043000,2.9,4.38,1.93,0.49,3.96
4044000,2.98,3.97,1.98,0.48,3.79
4045000,3.09,3.85,1.97,0.51,3.79
4046000,3.15,3.92,1.91,0.5,3.93
4047000,3.1,4.17,1.96,0.52,3.91
4048000,3.01,4.33,1.97,0.5,3.87
4049000,3.15,4.2,1.84,0.53,3.89
4050000,3.0,4.15,1.77,0.49,3.73
4051000,3.14,4.24,1.76,0.48,3.74
4052000,3.03,4.24,1.75,0.51,3.8
4053000,3.07,4.28,1.71,0.48,3.8
4054000,3.13,4.33,1.69,0.51,3.64
4055000,3.12,4.6,1.65,0.46,3.56
4056000,3.26,4.51,1.71,0.44,3.48
4057000,3.32,4.55,1.75,0.48,3.51
4058000,3.4,4.53,1.61,0.49,3.58
4059000,3.52,4.58,1.64,0.42,3.57
4060000,3.51,4.47,1.66,0.4,3.73
4061000,3.53,4.22,1.71,0.37,3.77
4062000,3.58,3.88,1.76,0.38,3.78
4063000,3.71,4.09,1.8,0.37,3.85
4064000,3.59,4.09,1.74,0.41,3.81
4065000,3.62,4.18,1.74,0.39,3.82
4066000,3.68,4.37,1.68,0.4,3.69
4067000,3.61,4.5,1.58,0.4,3.75
4068000,3.35,4.62,1.58,0.4,3.79
4069000,3.23,4.45,1.59,0.41,3.61
4070000,3.12,4.2,1.61,0.45,3.59
4071000,2.98,4.38,1.7,0.5,3.56
4072000,2.99,4.31,1.78,0.49,3.55
4073000,2.88,4.19,1.8,0.5,3.57
4074000,2.63,4.1,1.84,0.5,3.52
4075000,2.64,3.91,1.83,0.51,3.54
4076000,2.76,3.81,1.9,0.5,3.55
4077000,2.76,3.83,1.87,0.52,3.58
4078000,2.91,3.99,1.97,0.54,3.43
4079000,2.9,3.91,1.91,0.53,3.29
4080000,2.94,3.92,1.9,0.55,3.23
4081000,2.76,3.93,1.82,0.57,3.22
4082000,2.74,4.0,1.85,0.56,3.26
4083000,2.77,3.82,1.81,0.62,3.19
4084000,2.62,3.94,1.8,0.63,3.19
4085000,2.77,3.88,1.79,0.66,3.14
4086000,2.87,3.88,1.78,0.65,3.15
4087000,3.0,3.88,1.79,0.62,2.95
4088000,3.14,4.06,1.8,0.59,2.92
4089000,3.29,3.94,1.79,0.57,2.91
4090000,3.49,3.72,1.79,0.6,3.0
4091000,3.48,3.72,1.78,0.64,3.06
4092000,3.65,3.72,1.8,0.64,3.04
4093000,3.78,3.71,1.78,0.67,3.08
4094000,3.98,3.7,1.82,0.62,3.34
4095000,4.06,3.69,1.84,0.59,3.47
4096000,4.19,3.92,1.86,0.6,3.37
4097000,3.95,3.98,1.86,0.64,3.39
4098000,4.15,4.03,1.89,0.64,3.44
4099000,4.05,3.93,1.9,0.64,3.64
4100000,4.06,4.19,1.75,0.63,3.52
4101000,4.06,4.24,1.78,0.6,3.53
4102000,3.97,4.36,1.79,0.59,3.66
4103000,4.18,4.48,1.87,0.59,3.68
4104000,4.13,4.44,1.78,0.59,3.91
4105000,4.33,4.33,1.83,0.65,3.91
4106000,4.24,4.35,1.78,0.63,3.79
4107000,4.23,4.25,1.88,0.59,3.74
4108000,4.3,4.31,1.89,0.61,3.79
4109000,4.24,4.37,1.95,0.56,3.82
4110000,4.25,4.37,1.98,0.56,3.9
4111000,4.26,4.24,2.01,0.55,3.68
4112000,4.25,4.22,2.04,0.57,3.72
4113000,3.87,4.31,2.08,0.5,3.76
4114000,3.77,4.31,2.13,0.44,3.9
4115000,3.81,4.51,2.16,0.45,3.59
4116000,4.04,4.56,2.18,0.43,3.68
4117000,4.08,4.57,2.15,0.42,3.57
4118000,3.97,4.35,2.07,0.47,3.49
4119000,3.99,4.41,2.08,0.46,3.34
4120000,3.97,4.58,2.06,0.48,3.33
4121000,3.92,4.56,2.03,0.46,3.3
4122000,3.65,4.66,2.04,0.47,3.5
4123000,3.71,4.63,2.03,0.51,3.41
4124000,3.63,4.68,2.0,0.49,3.41
4125000,3.52,4.8,2.02,0.5,3.5
4126000,3.61,4.99,1.91,0.53,3.66
4127000,3.52,4.94,1.9,0.49,3.93
4128000,3.54,4.73,1.82,0.5,3.97
4129000,3.3,4.83,1.81,0.53,4.05
4130000,3.28,4.83,1.72,0.52,4.07
4131000,3.41,5.32,1.61,0.49,4.31
4132000,3.55,5.48,1.61,0.48,4.44
4133000,3.39,5.4,1.59,0.52,4.5
4134000,3.36,5.56,1.62,0.49,4.45
4135000,3.27,5.77,1.67,0.48,4.25
4136000,3.08,5.79,1.61,0.46,4.34
4137000,3.47,5.66,1.64,0.46,4.22
4138000,3.2,5.62,1.62,0.44,4.32
4139000,3.36,5.84,1.64,0.42,4.4
4140000,3.52,5.93,1.7,0.42,4.4
4141000,3.53,6.05,1.68,0.4,4.4
4142000,3.49,5.69,1.66,0.36,4.37
4143000,3.32,5.79,1.76,0.34,4.18
4144000,3.27,5.91,1.79,0.38,4.39
4145000,3.28,5.98,1.83,0.38,4.26
4146000,3.25,5.93,1.82,0.42,4.1
4147000,3.41,5.94,1.89,0.46,4.04
4148000,3.36,5.92,1.96,0.48,4.02
4149000,3.25,5.85,2.01,0.46,3.63
4150000,3.32,5.8,1.93,0.45,3.61
4151000,3.4,5.62,1.99,0.47,3.74
4152000,3.4,5.79,2.0,0.47,3.74
4153000,3.43,6.29,1.97,0.5,3.82
4154000,3.05,6.23,2.01,0.5,3.72
4155000,2.98,6.69,1.96,0.53,3.64
4156000,3.07,6.89,2.02,0.55,3.64
4157000,3.11,7.06,1.98,0.55,3.85
4158000,3.28,6.71,1.89,0.55,3.92
4159000,3.37,6.89,1.92,0.59,3.84
4160000,3.42,6.74,1.9,0.63,3.88
4161000,3.43,6.62,1.95,0.61,3.99
4162000,3.53,6.55,1.82,0.56,4.13
4163000,3.63,6.57,1.77,0.56,4.01
4164000,3.64,6.58,1.71,0.58,4.01
4165000,3.61,6.62,1.6,0.59,4.0
4166000,3.49,6.41,1.58,0.62,3.85
4167000,3.55,6.28,1.59,0.64,4.05
4168000,3.55,6.45,1.51,0.61,4.15
4169000,3.41,6.65,1.56,0.63,4.15
4170000,3.47,6.22,1.54,0.68,4.28
4171000,3.42,6.07,1.52,0.68,4.22
4172000,3.43,5.96,1.48,0.65,4.02
4173000,3.5,5.66,1.53,0.65,4.02
4174000,3.51,5.8,1.47,0.68,4.27
4175000,3.48,5.58,1.42,0.63,4.32
4176000,3.47,4.89,1.43,0.6,4.46
4177000,3.32,4.35,1.41,0.56,4.26
4178000,3.23,4.17,1.39,0.57,4.23
4179000,3.3,4.16,1.44,0.57,4.37
4180000,3.12,4.37,1.48,0.54,4.32
4181000,3.05,4.16,1.51,0.51,4.12
4182000,2.94,4.32,1.5,0.48,4.22
4183000,2.99,4.39,1.52,0.48,4.21
4184000,2.96,4.36,1.54,0.46,4.17
4185000,2.88,4.57,1.53,0.41,4.35
4186000,3.01,4.56,1.53,0.41,4.15
4187000,3.01,4.66,1.58,0.45,4.16
4188000,2.93,4.73,1.54,0.47,4.3
4189000,2.96,4.73,1.53,0.51,4.24
4190000,3.17,4.87,1.64,0.53,4.13
4191000,3.14,4.77,1.72,0.55,4.17
4192000,3.25,4.69,1.7,0.59,4.02
4193000,3.18,4.88,1.75,0.59,4.2
4194000,3.22,5.06,1.84,0.61,4.29
4195000,3.15,5.21,1.89,0.61,4.31
4196000,3.1,5.57,1.89,0.63,4.49
4197000,3.13,5.65,1.88,0.68,4.51
4198000,3.5,5.79,1.88,0.69,4.62
4199000,3.6,5.8,1.84,0.68,4.29
4200000,3.6,5.69,1.85,0.69,4.32
4201000,3.68,5.62,1.85,0.7,4.57
4202000,3.83,5.47,1.91,0.69,4.48
4203000,3.76,5.43,1.97,0.66,4.33
4204000,3.64,5.31,1.92,0.64,4.3
4205000,3.54,5.15,2.01,0.56,4.01
4206000,3.63,5.03,2.02,0.56,3.98
4207000,3.47,4.68,2.12,0.53,3.91
4208000,3.41,4.69,2.15,0.54,3.95
4209000,3.46,4.58,2.09,0.53,4.12
4210000,3.31,4.7,2.15,0.51,4.0
4211000,3.36,4.63,2.21,0.5,3.83
4212000,3.49,4.61,2.13,0.46,3.6
4213000,3.66,4.63,2.01,0.44,3.31
4214000,3.57,4.7,2.02,0.47,3.26
4215000,3.27,4.21,2.02,0.45,3.17
4216000,3.24,3.98,1.93,0.41,3.23
4217000,3.39,3.9,1.89,0.42,3.3
4218000,3.55,3.95,1.86,0.47,3.33
4219000,3.33,4.05,1.82,0.53,3.22
4220000,3.47,4.29,1.79,0.54,3.41
4221000,3.37,4.51,1.66,0.58,3.47
4222000,3.43,4.71,1.65,0.59,3.6
4223000,3.23,4.83,1.6,0.63,3.78
4224000,2.99,5.08,1.71,0.63,3.8
4225000,2.95,5.14,1.67,0.64,3.97
4226000,2.93,5.01,1.62,0.63,3.89
4227000,2.91,5.06,1.55,0.63,3.92
4228000,2.83,5.11,1.57,0.65,4.16
4229000,2.83,5.12,1.64,0.64,4.18
4230000,3.06,5.15,1.7,0.62,4.25
4231000,3.19,5.15,1.78,0.63,4.26
4232000,3.22,4.91,1.73,0.66,4.47
4233000,3.42,5.08,1.79,0.69,4.51
4234000,3.42,5.17,1.8,0.74,4.63
4235000,3.41,5.4,1.8,0.73,4.72
4236000,3.39,5.46,1.79,0.67,4.75
4237000,3.37,5.46,1.75,0.63,4.7
4238000,3.4,5.54,1.88,0.58,4.72
4239000,3.4,5.33,1.9,0.54,4.69
4240000,3.55,5.57,1.87,0.53,4.7
4241000,3.58,5.63,1.97,0.55,4.66
4242000,3.66,5.83,2.08,0.49,4.69
4243000,3.77,5.98,2.15,0.47,4.64
4244000,3.71,6.29,2.14,0.48,4.67
4245000,3.79,6.27,2.16,0.51,4.79
4246000,3.79,6.16,2.07,0.55,4.56
4247000,3.74,6.03,2.01,0.54,4.64
4248000,3.62,6.08,2.02,0.48,4.31
4249000,3.62,5.77,1.93,0.41,4.32
4250000,3.6,5.65,1.93,0.4,4.39
4251000,3.61,5.84,1.86,0.41,4.62
4252000,3.72,5.9,1.77,0.39,4.65
4253000,3.38,6.09,1.76,0.41,4.77
4254000,3.41,6.29,1.65,0.43,4.81
4255000,3.43,6.33,1.57,0.46,4.9
4256000,3.33,6.39,1.62,0.51,4.77
4257000,3.42,6.43,1.52,0.52,4.8
4258000,3.4,6.44,1.55,0.52,4.83
4259000,3.43,6.26,1.59,0.51,4.84
4260000,3.55,5.75,1.64,0.58,4.7
4261000,3.58,5.72,1.6,0.52,4.98
4262000,3.62,5.85,1.56,0.47,4.95
4263000,3.72,5.93,1.62,0.46,4.96
4264000,3.78,6.01,1.69,0.44,5.21
4265000,3.62,6.04,1.75,0.47,5.38
4266000,3.52,6.08,1.72,0.5,5.32
4267000,3.5,6.16,1.77,0.51,5.38
4268000,3.4,6.04,1.89,0.55,5.4
4269000,3.18,5.69,1.91,0.53,5.57
4270000,3.3,5.41,1.96,0.5,5.67
4271000,3.25,5.41,1.91,0.45,5.77
4272000,3.34,5.15,1.92,0.48,5.64
4273000,3.33,5.26,1.92,0.5,5.51
4274000,3.36,5.2,2.1,0.52,5.41
4275000,3.31,5.25,2.12,0.49,5.18
4276000,3.23,4.88,2.09,0.49,4.95
4277000,3.17,4.78,2.13,0.53,4.91
4278000,3.35,4.89,2.24,0.55,4.89
4279000,3.28,4.8,2.27,0.54,4.92
4280000,3.41,4.75,2.22,0.51,5.06
4281000,3.13,4.91,2.32,0.48,5.11
4282000,2.99,4.94,2.21,0.48,4.99
4283000,3.11,5.0,2.14,0.49,4.84
4284000,3.27,5.12,2.19,0.5,4.69
4285000,3.24,5.12,2.18,0.51,4.44
4286000,3.35,5.36,2.26,0.47,4.49
4287000,3.42,5.44,2.29,0.46,4.41
4288000,3.34,5.3,2.3,0.47,4.57
4289000,3.37,5.15,2.23,0.45,4.48
4290000,3.54,4.8,2.21,0.47,4.39
4291000,3.63,4.78,2.25,0.48,4.15
4292000,3.63,4.87,2.29,0.45,4.28
4293000,3.73,4.99,2.15,0.45,4.49
4294000,3.59,5.05,2.17,0.47,4.64
4295000,3.63,5.02,2.08,0.47,4.77
4296000,3.68,5.1,2.1,0.44,4.91
4297000,3.56,5.0,1.93,0.45,4.9
4298000,3.49,5.05,1.88,0.41,4.82
4299000,3.44,5.0,1.93,0.43,5.13
4300000,3.6,4.93,1.91,0.41,5.16
4301000,3.85,4.94,1.95,0.43,5.25
4302000,3.96,4.86,1.96,0.43,5.23
4303000,3.79,4.74,2.04,0.42,5.23
4304000,3.74,4.75,1.99,0.41,5.13
4305000,3.7,4.78,1.99,0.41,5.32
4306000,3.7,4.55,2.07,0.4,5.35
4307000,3.71,4.22,2.09,0.46,5.5
4308000,3.68,3.94,2.04,0.52,5.65
4309000,3.54,4.05,2.05,0.49,5.69
4310000,3.53,4.22,1.97,0.47,5.82
4311000,3.63,4.31,2.07,0.51,5.97
4312000,3.63,4.15,2.07,0.55,5.91
4313000,3.88,3.92,2.13,0.59,5.87
4314000,4.13,3.95,2.05,0.61,6.03
4315000,4.16,3.79,2.13,0.63,6.03
4316000,4.25,3.81,2.27,0.65,6.07
4317000,4.08,3.93,2.28,0.59,6.02
4318000,4.18,4.0,2.35,0.59,5.96
4319000,4.3,4.0,2.42,0.58,5.9
4320000,4.32,4.15,2.52,0.6,5.94
4321000,4.07,4.18,2.53,0.6,5.91
4322000,4.09,4.19,2.49,0.59,5.92
4323000,4.18,4.31,2.51,0.53,5.99
4324000,4.19,4.47,2.5,0.47,6.25
4325000,4.26,4.7,2.51,0.49,5.54
4326000,4.18,4.72,2.54,0.51,5.61
4327000,4.3,4.54,2.48,0.44,5.77
4328000,4.41,4.6,2.5,0.43,5.72
4329000,4.37,4.8,2.36,0.39,5.58
4330000,4.34,4.79,2.3,0.38,5.49
4331000,4.18,4.62,2.34,0.33,5.51
4332000,4.02,4.53,2.23,0.32,5.49
4333000,3.78,4.7,2.32,0.33,5.74
4334000,3.77,4.74,2.15,0.35,5.96
4335000,3.7,4.88,2.07,0.34,5.85
4336000,3.48,4.89,2.11,0.33,5.89
4337000,3.36,4.89,2.06,0.35,5.93
4338000,3.57,5.02,2.02,0.36,6.03
4339000,3.46,5.22,2.03,0.35,6.11
4340000,3.66,5.28,2.14,0.36,6.22
4341000,3.67,5.26,2.14,0.39,6.19
4342000,3.72,5.05,2.15,0.39,6.27
4343000,3.79,5.31,2.15,0.42,6.45
4344000,3.99,5.41,2.17,0.45,6.41
4345000,3.93,5.45,2.05,0.51,6.34
4346000,3.8,5.21,1.98,0.53,6.61
4347000,3.74,5.05,2.08,0.56,6.54
4348000,3.94,4.85,2.1,0.59,6.7
4349000,3.87,4.91,2.21,0.64,6.71
4350000,3.95,4.99,2.25,0.64,6.95
4351000,3.98,5.17,2.23,0.63,7.21
4352000,4.23,5.07,2.15,0.61,7.32
4353000,4.35,5.27,2.24,0.58,7.44
4354000,4.51,5.36,2.24,0.56,7.3
4355000,4.46,5.57,2.11,0.57,7.37
4356000,4.49,5.68,2.13,0.52,7.47
4357000,4.6,5.84,2.12,0.51,7.56
4358000,4.67,5.84,2.14,0.51,7.66
4359000,4.5,5.68,2.24,0.49,7.37
4360000,4.27,5.78,2.14,0.45,7.29
4361000,4.18,5.81,2.18,0.46,7.1
4362000,3.87,5.75,2.18,0.45,7.12
4363000,3.58,5.86,2.21,0.45,6.9
4364000,3.68,6.09,2.23,0.4,6.63
4365000,3.51,5.85,2.25,0.44,6.82
4366000,3.54,5.75,2.18,0.46,6.79
4367000,3.48,5.8,2.1,0.47,6.53
4368000,3.42,5.95,2.06,0.51,6.56
4369000,3.22,5.73,2.09,0.58,6.73
4370000,3.21,5.73,2.12,0.59,5.99
4371000,3.09,5.72,2.1,0.58,6.04
4372000,3.12,5.71,2.14,0.62,5.71
4373000,3.03,5.82,2.25,0.64,5.62
4374000,3.16,5.54,2.15,0.61,5.9
4375000,3.4,5.41,2.25,0.59,5.82
4376000,3.34,5.3,2.25,0.55,5.89
4377000,3.33,5.08,2.26,0.58,5.68
4378000,3.32,5.43,2.16,0.58,5.73
4379000,3.51,5.26,2.18,0.58,5.82
4380000,3.61,5.27,2.23,0.57,5.82
4381000,3.79,5.27,2.21,0.58,5.7
4382000,3.68,5.22,2.13,0.53,5.66
4383000,3.66,5.28,2.24,0.53,5.68
4384000,3.71,5.2,2.26,0.52,5.72
4385000,3.59,4.76,2.2,0.48,5.65
4386000,3.47,4.94,2.22,0.49,5.75
4387000,3.5,4.66,2.18,0.52,5.71
4388000,3.6,4.73,2.23,0.52,5.79
4389000,3.76,4.54,2.21,0.49,5.96
4390000,3.65,4.66,2.27,0.51,5.97
4391000,3.72,4.58,2.23,0.53,6.03
4392000,3.5,4.63,2.21,0.56,6.11
4393000,3.51,4.75,2.19,0.57,6.47
4394000,3.63,4.93,2.22,0.55,6.61
4395000,3.73,4.67,2.23,0.55,6.44
4396000,3.77,4.48,2.22,0.57,6.47
4397000,3.74,4.27,2.16,0.61,6.4
4398000,3.64,4.0,2.26,0.58,6.26
4399000,3.43,3.78,2.18,0.59,6.48
4400000,3.42,3.64,2.15,0.61,6.44
4401000,3.4,3.53,2.19,0.61,6.25
4402000,3.42,3.33,2.26,0.65,6.13
4403000,3.29,3.13,2.21,0.7,6.11
4404000,3.25,3.12,2.22,0.71,6.27
4405000,3.29,3.3,2.21,0.68,6.37
4406000,3.08,3.32,2.35,0.73,6.45
4407000,3.23,3.33,2.34,0.72,6.6
4408000,3.22,3.35,2.35,0.79,6.5
4409000,3.2,3.53,2.4,0.78,6.36
4410000,3.23,3.29,2.48,0.77,6.05
4411000,3.13,3.17,2.52,0.76,5.92
4412000,3.02,3.35,2.35,0.74,5.99
4413000,3.05,3.6,2.38,0.71,5.92
4414000,3.08,3.8,2.31,0.71,5.9
4415000,3.07,3.92,2.26,0.71,5.83
4416000,3.27,4.07,2.22,0.68,5.8
4417000,3.21,4.04,2.33,0.64,6.05
4418000,3.17,4.26,2.34,0.57,5.85
4419000,3.19,4.43,2.28,0.55,5.71
4420000,3.28,4.5,2.27,0.57,5.93
4421000,3.39,4.58,2.35,0.54,5.77
4422000,3.4,4.59,2.41,0.54,5.64
4423000,3.45,4.79,2.38,0.49,5.76
4424000,3.35,4.99,2.4,0.46,5.61
4425000,3.26,5.13,2.48,0.45,5.9
4426000,3.3,5.21,2.41,0.45,5.93
4427000,3.23,5.41,2.31,0.43,5.95
4428000,3.16,5.72,2.25,0.43,6.15
4429000,3.22,5.7,2.29,0.42,5.99
4430000,3.23,5.89,2.35,0.49,5.99
4431000,3.15,6.18,2.36,0.5,6.27
4432000,3.3,6.49,2.46,0.46,6.36
4433000,3.06,6.4,2.45,0.48,6.47
4434000,3.19,6.25,2.5,0.48,6.4
4435000,3.36,6.21,2.53,0.51,6.62
4436000,3.47,6.28,2.38,0.54,6.65
4437000,3.42,6.35,2.42,0.52,6.35
4438000,3.33,6.68,2.43,0.52,6.3
4439000,3.32,6.89,2.56,0.57,6.23
4440000,3.44,6.78,2.62,0.56,6.39
4441000,3.47,6.39,2.61,0.55,6.34
4442000,3.47,6.12,2.49,0.55,6.08
4443000,3.6,6.26,2.54,0.59,6.1
4444000,3.51,6.62,2.59,0.59,6.01
4445000,3.54,6.6,2.41,0.6,5.97
4446000,3.65,6.27,2.34,0.57,5.98
4447000,3.72,6.35,2.32,0.57,5.74
4448000,3.67,6.34,2.28,0.57,5.42
4449000,3.62,6.55,2.21,0.63,5.37
4450000,3.65,6.55,2.04,0.63,5.37
4451000,3.68,6.57,1.91,0.55,5.59
4452000,3.66,6.52,1.87,0.52,5.09
4453000,3.59,6.52,1.89,0.53,5.16
4454000,3.54,6.54,1.89,0.54,4.71
4455000,3.63,6.38,1.87,0.5,4.67
4456000,3.59,5.69,1.87,0.5,4.87
4457000,3.39,5.6,1.81,0.52,4.64
4458000,3.42,5.75,1.82,0.55,4.9
4459000,3.37,5.8,1.74,0.56,4.78
4460000,3.5,6.04,1.82,0.57,4.79
4461000,3.53,5.73,1.88,0.57,4.96
4462000,3.57,5.43,1.96,0.57,5.06
4463000,3.79,5.39,2.05,0.57,5.34
4464000,3.85,5.39,2.13,0.56,5.62
4465000,3.74,5.42,2.14,0.51,5.71
4466000,3.74,5.72,2.19,0.56,5.81
4467000,3.84,5.97,2.22,0.61,5.88
4468000,3.83,6.09,2.37,0.61,5.91
4469000,3.84,5.85,2.54,0.6,5.81
4470000,3.98,5.87,2.57,0.6,6.09
4471000,4.01,5.97,2.64,0.62,6.0
4472000,3.96,6.08,2.68,0.61,6.0
4473000,3.84,5.95,2.74,0.61,5.83
4474000,3.73,6.17,2.78,0.6,6.11
4475000,3.67,6.13,2.71,0.6,6.0
4476000,3.6,6.04,2.74,0.6,6.1
4477000,3.65,6.32,2.74,0.61,6.07
4478000,3.56,6.23,2.75,0.61,6.2
4479000,3.48,6.22,2.72,0.61,6.01
4480000,3.45,6.35,2.74,0.59,6.2
4481000,3.77,6.39,2.78,0.59,6.09
4482000,3.49,6.16,2.84,0.49,6.22
4483000,3.5,6.16,2.84,0.46,6.18
4484000,3.58,6.37,2.8,0.45,6.09
4485000,3.69,6.44,2.84,0.45,6.15
4486000,3.57,6.47,2.82,0.4,5.96
4487000,3.59,6.82,2.76,0.44,5.89
4488000,3.68,6.99,2.82,0.42,5.73
4489000,3.58,7.28,2.63,0.39,5.69
4490000,3.65,7.53,2.59,0.36,5.73
4491000,3.67,7.47,2.49,0.36,5.72
4492000,3.82,7.42,2.44,0.33,5.66
4493000,4.0,7.6,2.45,0.34,5.71
4494000,4.14,7.94,2.41,0.39,5.54
4495000,4.17,7.68,2.25,0.39,5.8
4496000,4.16,7.94,2.18,0.41,5.28
4497000,4.2,7.46,2.23,0.41,5.48
4498000,4.31,7.3,2.11,0.37,5.41
4499000,4.34,7.29,2.05,0.37,5.54
4500000,3.96,7.42,2.0,0.38,5.6
4501000,4.05,7.65,2.11,0.4,5.67
4502000,3.91,7.55,2.19,0.38,5.83
4503000,3.71,7.7,2.23,0.41,5.75
4504000,3.73,7.51,2.19,0.38,5.69
4505000,3.32,7.51,2.35,0.38,5.65
4506000,3.24,7.83,2.34,0.38,5.77
4507000,3.37,7.56,2.45,0.37,5.65
4508000,3.31,7.57,2.52,0.37,5.53
4509000,3.08,7.52,2.41,0.33,5.67
4510000,2.9,7.81,2.53,0.32,5.89
4511000,2.83,7.9,2.61,0.34,5.95
4512000,2.78,7.85,2.7,0.31,5.92
4513000,2.91,7.59,2.68,0.32,5.82
4514000,3.13,7.27,2.7,0.33,5.85
4515000,3.14,6.88,2.83,0.33,6.11
4516000,2.85,6.74,2.84,0.35,6.3
4517000,2.92,6.76,2.95,0.33,6.1
4518000,3.13,6.79,2.98,0.37,6.34
4519000,3.1,6.74,3.1,0.35,6.45
4520000,3.14,6.81,3.14,0.39,6.42
4521000,3.27,6.74,3.13,0.41,6.61
4522000,3.37,7.01,3.24,0.41,6.47
4523000,3.43,7.03,3.22,0.42,6.44
4524000,3.57,7.1,3.18,0.43,6.61
4525000,3.57,7.28,3.15,0.47,6.68
4526000,3.43,7.4,3.14,0.47,6.71
4527000,3.49,7.49,2.96,0.44,6.87
4528000,3.52,7.78,3.0,0.45,6.79
4529000,3.53,8.03,2.95,0.48,7.0
4530000,3.5,7.85,2.98,0.51,7.02
4531000,3.36,7.6,3.11,0.55,7.03
4532000,3.11,7.89,3.16,0.54,7.1
4533000,3.3,7.72,3.26,0.52,7.21
4534000,3.38,8.0,3.18,0.53,7.31
4535000,3.39,8.1,3.19,0.49,7.36
4536000,3.08,8.1,3.17,0.5,7.26
4537000,3.02,8.68,3.21,0.49,7.36
4538000,3.19,8.21,2.96,0.48,7.25
4539000,2.97,8.38,2.88,0.51,7.16
4540000,2.93,8.27,2.77,0.51,6.99
4541000,2.95,8.34,2.79,0.5,6.77
4542000,3.0,8.18,2.88,0.47,6.77
4543000,2.94,8.0,2.85,0.43,6.8
4544000,3.03,8.07,2.74,0.45,6.86
4545000,3.01,8.17,2.81,0.42,6.86
4546000,3.07,8.17,2.7,0.37,6.95
4547000,3.24,8.53,2.72,0.41,6.95
4548000,3.44,8.54,2.74,0.42,6.85
4549000,3.49,8.72,2.65,0.49,6.45
4550000,3.41,8.87,2.66,0.48,6.48
4551000,3.44,8.73,2.41,0.48,6.24
4552000,3.63,8.68,2.34,0.47,6.5
4553000,3.78,8.32,2.37,0.5,6.59
4554000,3.81,8.13,2.39,0.55,6.83
4555000,3.87,8.21,2.47,0.54,6.87
4556000,3.87,7.94,2.49,0.57,6.84
4557000,4.05,7.69,2.47,0.53,6.64
4558000,4.23,7.71,2.53,0.59,6.7
4559000,4.35,7.66,2.57,0.6,6.75
4560000,4.28,8.12,2.53,0.58,6.79
4561000,4.28,7.93,2.51,0.63,6.96
4562000,4.37,7.94,2.52,0.64,6.85
4563000,4.39,7.91,2.54,0.59,6.96
4564000,4.47,8.12,2.55,0.58,7.09
4565000,4.63,7.69,2.54,0.52,7.24
4566000,4.43,7.75,2.59,0.56,7.47
4567000,4.57,8.02,2.48,0.55,7.21
4568000,4.65,8.14,2.51,0.55,7.41
4569000,4.64,8.05,2.53,0.53,7.69
4570000,4.59,7.86,2.49,0.49,7.34
4571000,4.61,7.97,2.57,0.47,7.33
4572000,4.55,7.83,2.58,0.48,7.2
4573000,4.4,7.7,2.58,0.48,7.31
4574000,4.48,7.95,2.57,0.43,7.64
4575000,4.51,7.5,2.39,0.43,7.67
4576000,4.35,7.91,2.33,0.45,7.75
4577000,4.27,7.61,2.37,0.41,7.91
4578000,4.4,7.57,2.36,0.42,7.83
4579000,4.44,7.8,2.41,0.44,7.41
4580000,4.45,7.83,2.31,0.47,7.29
4581000,4.61,7.87,2.32,0.49,7.32
4582000,4.71,7.97,2.36,0.5,7.33
4583000,4.82,8.06,2.45,0.49,7.62
4584000,4.91,8.24,2.4,0.48,7.4
4585000,4.84,8.25,2.43,0.53,7.42
4586000,4.86,8.36,2.5,0.53,7.54
4587000,5.08,8.49,2.49,0.56,7.33
4588000,4.97,8.48,2.46,0.57,7.57
4589000,4.89,8.54,2.55,0.53,7.44
4590000,4.93,8.02,2.56,0.53,7.77
4591000,4.91,7.75,2.54,0.53,8.04
4592000,4.94,7.55,2.54,0.51,8.06
4593000,4.89,7.56,2.49,0.49,8.07
4594000,4.83,7.23,2.52,0.49,8.09
4595000,4.72,7.27,2.48,0.46,7.69
4596000,4.82,7.31,2.58,0.46,7.74
4597000,4.91,7.35,2.65,0.45,8.09
4598000,5.03,7.4,2.73,0.45,8.02
4599000,4.92,7.54,2.73,0.44,8.59
4600000,4.68,7.63,2.83,0.4,8.57
4601000,4.65,7.81,2.83,0.43,8.12
4602000,4.46,7.97,2.79,0.42,8.29
4603000,4.38,8.08,2.8,0.43,8.21
4604000,4.17,8.04,2.8,0.47,7.95
4605000,4.28,8.12,2.96,0.48,7.9
4606000,4.09,7.84,2.81,0.49,8.13
4607000,4.16,8.23,2.77,0.53,7.98
4608000,4.29,8.48,2.67,0.54,7.93
4609000,4.23,8.71,2.56,0.6,8.01
4610000,4.26,8.51,2.64,0.6,7.86
4611000,4.05,8.67,2.59,0.62,8.09
4612000,4.04,8.57,2.65,0.63,8.32
4613000,4.21,8.45,2.54,0.67,8.29
4614000,4.16,8.52,2.54,0.67,8.4
4615000,4.07,8.08,2.28,0.7,8.44
4616000,4.07,7.92,2.34,0.68,8.45
4617000,4.07,7.88,2.25,0.7,8.25
4618000,4.36,7.6,2.17,0.69,8.01
4619000,4.48,7.51,2.2,0.71,8.14
4620000,4.5,7.66,2.21,0.72,8.31
4621000,4.69,7.1,2.21,0.72,8.4
4622000,4.62,6.28,2.27,0.74,8.46
4623000,4.5,6.11,2.19,0.77,8.71
4624000,4.67,5.59,2.16,0.76,8.75
4625000,4.77,5.13,2.34,0.75,8.38
4626000,4.92,4.7,2.43,0.74,8.52
4627000,4.94,4.45,2.52,0.76,8.33
4628000,4.65,3.4,2.58,0.72,8.48
4629000,4.63,2.66,2.44,0.73,8.58
4630000,4.54,2.51,2.44,0.73,8.55
4631000,4.61,2.19,2.48,0.72,8.41
4632000,4.77,2.18,2.61,0.69,8.5
4633000,5.0,1.98,2.7,0.7,8.43
4634000,4.75,2.01,2.69,0.7,8.61
4635000,4.78,1.93,2.73,0.71,8.88
4636000,5.01,2.08,2.81,0.67,9.14
4637000,5.02,2.41,2.84,0.64,9.0
4638000,5.15,2.29,2.9,0.61,9.14
4639000,5.24,2.35,2.94,0.59,9.46
4640000,5.36,2.51,2.94,0.58,9.55
4641000,5.05,2.68,2.98,0.57,9.56
4642000,4.82,2.79,3.02,0.55,9.32
4643000,4.81,3.02,2.94,0.56,9.24
4644000,4.94,3.07,2.91,0.53,8.98
4645000,4.87,3.25,2.73,0.49,9.11
4646000,4.98,3.35,2.6,0.54,9.01
4647000,4.77,3.56,2.54,0.55,8.88
4648000,4.61,3.65,2.47,0.49,8.86
4649000,4.63,3.68,2.55,0.51,9.19
4650000,4.63,3.73,2.6,0.56,8.56
4651000,4.73,3.86,2.42,0.58,8.07
4652000,4.76,4.27,2.34,0.57,8.27
4653000,4.78,4.43,2.26,0.62,8.47
4654000,4.58,4.61,2.17,0.64,8.56
4655000,4.7,4.82,2.08,0.7,8.23
4656000,4.56,4.8,2.13,0.74,8.46
4657000,4.52,4.84,2.07,0.76,8.48
4658000,4.42,4.54,2.03,0.81,8.54
4659000,4.12,4.79,2.03,0.81,8.53
4660000,4.09,4.74,1.95,0.83,8.56
4661000,4.21,5.28,2.05,0.86,8.43
4662000,4.28,5.26,2.09,0.8,8.53
4663000,4.37,5.87,2.22,0.81,8.7
4664000,4.36,5.9,2.26,0.84,8.66
4665000,4.16,5.75,2.31,0.8,8.48
4666000,4.11,5.91,2.38,0.8,8.63
4667000,4.42,5.89,2.26,0.8,8.3
4668000,4.42,6.05,2.33,0.79,7.83
4669000,4.39,6.03,2.39,0.78,7.85
4670000,4.42,6.45,2.36,0.77,7.95
4671000,4.57,6.63,2.51,0.77,7.9
4672000,4.55,6.34,2.6,0.71,7.85
4673000,4.55,6.62,2.65,0.71,7.97
4674000,4.59,6.64,2.72,0.65,7.93
4675000,4.59,6.87,2.65,0.58,8.31
4676000,4.73,7.0,2.7,0.64,8.39
4677000,4.55,6.95,2.84,0.62,8.16
4678000,4.38,6.72,2.96,0.61,8.27
4679000,4.26,6.96,2.93,0.59,8.47
4680000,4.34,7.01,2.95,0.53,8.63
4681000,4.25,6.6,3.02,0.53,8.53
4682000,4.28,6.76,3.1,0.48,8.67
4683000,4.43,6.88,3.12,0.45,8.62
4684000,4.48,6.69,3.24,0.45,8.61
4685000,4.46,6.76,3.14,0.49,8.61
4686000,4.42,6.96,3.2,0.47,8.64
4687000,4.45,6.71,3.19,0.47,8.78
4688000,4.35,6.7,3.23,0.48,8.77
4689000,4.47,6.3,3.31,0.52,8.89
4690000,4.68,6.39,3.41,0.52,9.13
4691000,4.69,6.6,3.39,0.57,9.28
4692000,4.45,6.83,3.49,0.58,9.48
4693000,4.59,6.9,3.61,0.61,9.41
4694000,4.56,6.98,3.51,0.63,9.02
4695000,4.76,7.06,3.64,0.67,8.91
4696000,4.65,7.16,3.68,0.68,9.07
4697000,4.79,6.79,3.66,0.7,9.39
4698000,4.88,6.9,3.79,0.7,9.39
4699000,4.93,6.95,3.81,0.7,9.58
4700000,5.02,7.07,3.71,0.71,9.65
4701000,5.05,6.83,3.77,0.69,9.46
4702000,5.07,6.85,3.66,0.66,9.74
4703000,5.36,7.15,3.69,0.63,9.9
4704000,5.37,7.14,3.65,0.63,10.0
4705000,5.39,7.29,3.56,0.6,9.83
4706000,5.46,7.48,3.56,0.58,9.97
4707000,5.55,7.44,3.51,0.57,9.79
4708000,5.72,7.65,3.49,0.54,9.53
4709000,5.47,8.05,3.48,0.51,9.33
4710000,5.44,8.3,3.64,0.5,9.0
4711000,5.56,8.31,3.66,0.47,9.01
4712000,5.21,8.28,3.76,0.48,8.78
4713000,4.97,8.35,3.71,0.5,8.68
4714000,5.07,8.75,3.79,0.5,8.91
4715000,5.05,9.06,3.55,0.52,8.62
4716000,4.72,9.26,3.33,0.52,8.5
4717000,4.69,9.25,3.29,0.55,8.44
4718000,4.79,9.26,3.22,0.54,8.51
4719000,4.86,9.26,3.07,0.59,8.12
4720000,4.96,9.52,2.97,0.59,7.91
4721000,4.9,9.37,2.93,0.62,7.63
4722000,4.88,9.12,2.83,0.59,7.59
4723000,4.54,9.0,2.87,0.6,7.48
4724000,4.51,8.76,2.85,0.59,7.37
4725000,4.46,8.83,2.89,0.58,7.34
4726000,4.58,8.72,2.81,0.6,7.44
4727000,4.55,9.0,2.86,0.6,7.3
4728000,4.35,8.86,2.74,0.59,6.85
4729000,4.39,9.22,2.78,0.61,6.69
4730000,4.15,9.28,2.58,0.62,6.65
4731000,4.18,9.58,2.44,0.62,6.64
4732000,4.32,9.66,2.23,0.61,6.8
4733000,4.57,9.53,2.23,0.57,7.05
4734000,4.57,10.07,2.34,0.56,7.16
4735000,5.0,10.21,2.39,0.52,7.59
4736000,5.08,9.83,2.37,0.51,7.76
4737000,5.04,9.76,2.42,0.51,7.75
4738000,5.13,9.89,2.42,0.56,7.74
4739000,5.24,10.18,2.71,0.54,8.0
4740000,5.19,10.03,2.82,0.53,8.06
4741000,5.12,9.68,2.8,0.54,7.85
4742000,4.86,9.48,2.94,0.55,8.04
4743000,4.83,9.49,2.91,0.56,8.18
4744000,5.14,9.08,2.81,0.58,7.99
4745000,5.31,9.31,2.87,0.58,7.81
4746000,5.42,9.0,2.83,0.59,7.84
4747000,5.65,9.04,2.93,0.54,7.92
4748000,5.53,9.26,2.98,0.55,7.89
4749000,5.52,9.1,3.04,0.54,7.99
4750000,5.64,9.26,2.9,0.57,8.03
4751000,5.75,9.5,2.99,0.57,8.26
4752000,5.94,9.16,3.06,0.55,8.15
4753000,5.81,9.2,3.04,0.54,7.97
4754000,5.8,9.16,3.1,0.5,8.06
4755000,5.72,9.6,3.08,0.53,8.33
4756000,5.71,9.92,3.18,0.57,8.56
4757000,5.29,9.97,3.19,0.54,8.49
4758000,5.22,10.09,3.25,0.49,8.33
4759000,4.96,10.39,3.29,0.54,8.45
4760000,4.99,10.45,3.05,0.5,8.52
4761000,5.06,10.82,2.94,0.49,8.26
4762000,5.06,10.88,2.79,0.45,8.48
4763000,5.12,10.88,2.89,0.49,8.66
4764000,4.91,10.76,2.94,0.54,8.2
4765000,4.73,10.91,3.02,0.56,8.12
4766000,4.73,10.7,3.13,0.56,8.44
4767000,4.41,10.82,3.11,0.59,8.52
4768000,4.32,11.24,3.03,0.61,8.44
4769000,4.24,11.42,2.97,0.65,8.25
4770000,4.23,11.13,3.01,0.67,8.45
4771000,4.36,11.22,2.98,0.7,8.33
4772000,4.36,11.38,3.0,0.69,8.31
4773000,4.67,11.59,2.9,0.65,8.44
4774000,4.78,11.7,2.96,0.71,8.49
4775000,4.75,11.93,2.99,0.67,8.5
4776000,4.56,11.49,3.0,0.65,8.27
4777000,4.53,11.37,2.89,0.65,8.51
4778000,4.55,11.14,3.06,0.65,8.41
4779000,4.63,11.15,3.03,0.63,8.59
4780000,4.57,10.44,2.92,0.65,8.82
4781000,4.58,10.0,2.97,0.65,8.69
4782000,4.53,10.08,3.03,0.67,8.74
4783000,4.64,9.6,3.14,0.66,8.77
4784000,4.82,9.7,3.25,0.67,8.46
4785000,4.79,10.08,3.22,0.65,8.07
4786000,4.85,10.02,3.09,0.67,8.36
4787000,4.92,10.07,3.04,0.68,8.68
4788000,4.79,10.33,2.93,0.69,8.58
4789000,4.93,10.52,3.03,0.74,8.86
4790000,5.28,9.77,3.08,0.71,9.14
4791000,5.34,9.8,3.05,0.7,8.98
4792000,5.19,9.67,3.12,0.74,9.19
4793000,5.15,9.24,3.11,0.77,8.98
4794000,4.77,8.5,3.14,0.77,9.05
4795000,4.84,8.46,3.26,0.81,9.05
4796000,4.87,8.71,3.3,0.75,8.96
4797000,5.13,8.88,3.26,0.73,9.22
4798000,5.33,8.29,3.18,0.72,9.4
4799000,5.53,8.56,2.9,0.68,9.27
4800000,5.67,8.53,2.91,0.67,8.98
4801000,5.68,9.01,2.85,0.62,8.52
4802000,5.68,9.15,2.71,0.58,8.48
4803000,5.68,8.96,2.64,0.59,8.6
4804000,5.58,9.27,2.52,0.57,8.76
4805000,5.57,9.34,2.58,0.56,8.95
4806000,5.58,9.24,2.52,0.53,8.96
4807000,5.45,9.38,2.58,0.55,9.1
4808000,5.63,9.27,2.37,0.54,9.25
4809000,5.85,9.66,2.31,0.5,9.24
4810000,5.45,9.72,2.24,0.47,9.29
4811000,5.52,9.85,2.42,0.49,9.33
4812000,5.46,9.93,2.37,0.46,9.3
4813000,5.4,10.38,2.32,0.46,9.33
4814000,5.43,10.69,2.28,0.45,9.47
4815000,5.49,10.83,2.31,0.49,9.61
4816000,5.52,10.73,2.3,0.49,9.86
4817000,5.18,10.87,2.44,0.47,10.07
4818000,4.92,11.26,2.43,0.5,10.4
4819000,4.84,11.01,2.44,0.49,9.28
4820000,4.95,11.15,2.68,0.51,9.1
4821000,4.9,11.44,2.73,0.52,8.55
4822000,4.98,11.68,2.75,0.52,8.63
4823000,5.1,11.24,2.79,0.51,8.8
4824000,4.95,11.41,2.73,0.52,8.89
4825000,4.97,11.68,2.73,0.54,9.01
4826000,5.11,11.87,2.82,0.61,9.35
4827000,4.98,11.52,2.92,0.62,8.85
4828000,4.88,11.72,2.95,0.62,8.98
4829000,4.96,11.74,2.99,0.66,9.02
4830000,5.09,11.8,3.04,0.65,9.42
4831000,4.95,11.98,2.82,0.61,9.51
4832000,5.27,12.12,2.74,0.67,9.86
4833000,5.37,12.06,2.75,0.66,10.03
4834000,4.98,12.16,2.7,0.7,10.35
4835000,4.87,12.42,2.61,0.75,10.58
4836000,4.76,12.31,2.72,0.72,10.38
4837000,5.15,12.6,2.68,0.68,10.52
4838000,5.27,12.09,2.73,0.71,10.28
4839000,5.49,12.33,2.72,0.75,10.09
4840000,5.37,12.33,2.61,0.75,10.1
4841000,5.31,12.49,2.67,0.73,10.37
4842000,5.14,12.32,2.76,0.71,10.03
4843000,5.25,12.74,2.58,0.69,9.9
4844000,5.23,12.22,2.63,0.7,9.62
4845000,5.29,12.06,2.8,0.71,9.79
4846000,5.39,12.15,2.74,0.68,9.8
4847000,5.5,11.99,2.77,0.69,9.97
4848000,5.58,12.14,2.77,0.65,10.2
4849000,5.41,11.53,2.82,0.75,10.51
4850000,5.57,11.66,2.86,0.7,10.35
4851000,5.66,11.56,2.91,0.74,10.53
4852000,5.9,11.61,2.93,0.73,10.81
4853000,5.84,11.58,3.05,0.72,10.75
4854000,5.73,11.84,3.07,0.72,11.23
4855000,5.66,11.68,3.19,0.69,11.5
4856000,5.67,11.25,3.13,0.67,10.71
4857000,5.78,11.08,2.92,0.69,10.78
4858000,5.91,11.04,2.99,0.69,10.16
4859000,6.02,11.03,2.97,0.74,10.33
4860000,6.07,11.07,2.97,0.75,10.35
4861000,5.24,11.14,2.99,0.74,10.49
4862000,5.28,10.49,3.05,0.73,9.82
4863000,5.28,10.68,2.96,0.77,9.83
4864000,5.39,10.17,2.99,0.79,9.82
4865000,5.36,10.53,3.11,0.81,9.36
4866000,5.15,10.53,3.03,0.79,9.41
4867000,5.12,11.0,3.01,0.78,9.34
4868000,4.9,10.89,2.92,0.74,9.28
4869000,4.99,9.73,2.96,0.77,8.93
4870000,4.81,8.93,2.76,0.77,8.63
4871000,4.81,9.0,2.7,0.79,8.75
4872000,4.81,9.34,2.76,0.81,8.88
4873000,4.81,8.97,2.79,0.79,8.67
4874000,4.8,8.94,2.89,0.77,8.56
4875000,4.52,9.24,2.85,0.74,8.44
4876000,4.62,9.2,2.94,0.7,7.97
4877000,4.85,9.15,3.12,0.71,8.04
4878000,4.81,9.01,3.16,0.76,7.77
4879000,4.86,9.33,3.31,0.78,8.01
4880000,4.72,9.43,3.36,0.75,7.6
4881000,4.92,9.38,3.49,0.7,7.59
4882000,5.14,9.62,3.64,0.74,7.71
4883000,5.04,9.86,3.61,0.74,8.17
4884000,5.24,10.21,3.72,0.71,8.01
4885000,5.3,10.21,3.73,0.74,8.27
4886000,5.39,10.55,3.54,0.7,8.21
4887000,5.47,10.62,3.57,0.71,8.27
4888000,5.69,10.36,3.47,0.72,8.47
4889000,5.72,10.55,3.58,0.76,8.03
4890000,5.63,10.63,3.62,0.78,7.87
4891000,5.65,10.69,3.66,0.77,8.15
4892000,5.76,10.97,3.52,0.8,8.14
4893000,5.96,10.74,3.48,0.8,8.23
4894000,5.78,11.05,3.58,0.79,8.1
4895000,5.5,10.93,3.72,0.81,8.05
4896000,5.62,11.14,3.9,0.8,8.3
4897000,5.22,11.42,3.92,0.81,8.34
4898000,5.36,11.51,3.89,0.77,8.59
4899000,5.56,11.65,3.8,0.78,8.74
4900000,5.72,10.61,3.73,0.77,8.96
4901000,5.87,10.18,3.84,0.83,8.91
4902000,5.86,10.6,3.76,0.83,8.83
4903000,5.96,10.52,3.65,0.85,8.53
4904000,6.38,10.37,3.24,0.84,8.44
4905000,6.25,10.15,3.03,0.84,8.5
4906000,6.57,10.11,2.93,0.86,8.66
4907000,6.52,9.7,2.92,0.84,8.39
4908000,6.78,9.59,2.76,0.84,8.71
4909000,6.7,9.72,2.61,0.84,8.49
4910000,6.72,10.12,2.68,0.8,8.69
4911000,6.27,9.75,2.68,0.81,8.66
4912000,6.42,9.97,2.66,0.74,8.57
4913000,6.16,9.71,2.55,0.76,8.78
4914000,6.27,9.81,2.43,0.75,8.44
4915000,6.33,9.92,2.36,0.74,8.68
4916000,6.54,9.26,2.34,0.76,9.0
4917000,6.52,8.59,2.3,0.76,9.3
4918000,6.51,8.54,2.23,0.76,9.25
4919000,6.47,8.81,2.25,0.74,9.1
4920000,6.5,8.63,2.27,0.7,9.47
4921000,6.5,8.63,2.32,0.72,9.46
4922000,6.37,8.17,2.41,0.72,9.24
4923000,6.46,8.32,2.48,0.77,9.63
4924000,6.45,8.18,2.54,0.77,9.6
4925000,6.63,8.41,2.64,0.76,9.77
4926000,6.96,8.47,2.62,0.79,10.13
4927000,6.85,8.6,2.7,0.74,9.93
4928000,6.7,8.42,2.74,0.81,9.79
4929000,6.46,8.82,2.8,0.8,9.72
4930000,6.79,8.99,2.68,0.81,9.6
4931000,6.8,9.2,2.73,0.81,9.44
4932000,6.75,8.87,2.71,0.82,9.58
4933000,6.63,9.1,2.65,0.79,9.71
4934000,6.73,9.17,2.57,0.85,9.58
4935000,6.72,9.56,2.75,0.86,9.63
4936000,6.69,9.6,2.72,0.87,9.84
4937000,6.91,9.49,2.7,0.88,10.07
4938000,6.56,9.84,2.67,0.84,10.1
4939000,6.48,10.25,2.87,0.85,9.78
4940000,6.29,10.2,2.77,0.86,9.73
4941000,6.34,10.52,2.78,0.86,9.67
4942000,6.11,10.12,2.83,0.88,9.91
4943000,5.66,10.13,2.78,0.89,9.64
4944000,5.32,10.41,2.82,0.91,9.45
4945000,4.87,10.45,2.77,0.9,8.51
4946000,4.6,10.42,2.75,0.91,8.3
4947000,4.59,10.29,2.86,0.95,8.27
4948000,4.26,10.47,2.8,0.99,8.23
4949000,4.22,10.47,2.7,0.99,8.18
4950000,3.94,10.71,2.68,1.0,7.97
4951000,4.0,10.88,2.77,1.02,7.88
4952000,4.01,10.99,2.89,0.97,7.69
4953000,3.92,11.02,2.77,0.97,7.92
4954000,3.92,10.89,2.74,1.0,8.01
4955000,3.68,11.04,2.49,1.02,8.01
4956000,3.65,11.14,2.44,1.02,8.39
4957000,3.84,11.19,2.26,1.02,8.45
4958000,3.87,11.15,2.16,1.02,8.44
4959000,4.02,10.97,2.13,1.03,8.46
4960000,3.99,11.08,2.08,1.04,8.39
4961000,4.05,11.36,2.07,1.03,8.49
4962000,4.02,11.61,2.16,1.04,8.89
4963000,3.95,11.42,2.01,0.99,8.63
4964000,4.2,12.09,2.04,0.97,8.21
4965000,4.33,12.04,2.11,0.97,8.36
4966000,4.25,12.07,2.18,1.06,8.33
4967000,4.39,12.42,2.19,1.02,8.74
4968000,4.56,12.36,2.28,1.08,8.53
4969000,4.56,12.51,2.34,1.05,8.23
4970000,4.85,12.5,2.28,1.06,8.2
4971000,4.88,12.91,2.32,1.12,8.26
4972000,5.18,12.91,2.4,1.09,8.36
4973000,5.32,13.06,2.46,1.13,8.69
4974000,5.42,13.36,2.59,1.16,9.05
4975000,5.58,13.37,2.56,1.12,9.43
4976000,5.45,13.24,2.65,1.13,9.22
4977000,5.73,13.48,2.7,1.14,9.39
4978000,5.9,13.35,2.82,1.16,9.46
4979000,6.03,13.35,2.86,1.25,9.64
4980000,6.1,13.16,2.9,1.26,9.62
4981000,6.28,13.21,2.77,1.27,9.59
4982000,6.35,13.35,2.82,1.3,9.7
4983000,6.39,13.44,2.86,1.33,9.75
4984000,6.71,13.06,2.91,1.29,9.63
4985000,6.95,13.24,2.94,1.27,9.04
4986000,7.11,13.3,2.84,1.25,8.89
4987000,7.07,13.41,2.89,1.2,9.14
4988000,7.07,12.47,2.85,1.24,9.12
4989000,6.95,12.48,2.76,1.28,9.01
4990000,7.01,12.25,2.7,1.17,9.02
4991000,6.82,12.28,2.73,1.19,8.71
4992000,6.55,11.39,2.68,1.19,8.75
4993000,6.55,11.53,2.5,1.18,8.95
4994000,6.7,11.44,2.58,1.16,9.07
4995000,6.62,11.67,2.47,1.13,9.31
4996000,6.72,11.83,2.33,1.18,9.18
4997000,6.84,11.15,2.3,1.14,9.27
4998000,7.04,10.42,2.28,1.13,9.08
4999000,6.98,10.15,2.31,1.18,8.98
