step,seed1,seed2,seed3,seed4,seed5
1000,0.46153846,0.40206185,0.36,0.31,0.27
2000,0.5,0.36,0.36,0.29,0.38
3000,0.49,0.4,0.37,0.43,0.45
4000,0.26,0.44,0.42,0.29,0.53
5000,0.44,0.31,0.42,0.32,0.43
6000,0.46,0.45,0.33,0.38,0.47
7000,0.34,0.34,0.41,0.42,0.29
8000,0.39,0.28,0.46,0.3,0.29
9000,0.4,0.38,0.41,0.45,0.34
10000,0.39,0.43,0.29,0.46,0.45
11000,0.3,0.34,0.37,0.48,0.5
12000,0.43,0.34,0.23,0.44,0.46
13000,0.45,0.31,0.44,0.33,0.28
14000,0.42,0.29,0.4,0.35,0.35
15000,0.41,0.33,0.45,0.4,0.34
16000,0.41,0.34,0.33,0.44,0.3
17000,0.45,0.43,0.34,0.36,0.38
18000,0.3,0.33,0.27,0.41,0.33
19000,0.42,0.33,0.45,0.44,0.34
20000,0.36,0.31,0.49,0.32,0.48
21000,0.35,0.41,0.39,0.35,0.51
22000,0.35,0.26,0.36,0.35,0.33
23000,0.36,0.4,0.39,0.43,0.29
24000,0.39,0.41,0.43,0.31,0.39
25000,0.43,0.36,0.37,0.42,0.49
26000,0.4,0.39,0.37,0.35,0.35
27000,0.51,0.41,0.41,0.41,0.34
28000,0.45,0.52,0.34,0.42,0.51
29000,0.38,0.33,0.35,0.48,0.34
30000,0.37,0.32,0.43,0.31,0.48
31000,0.41,0.33,0.3,0.33,0.29
32000,0.32,0.26,0.27,0.43,0.32
33000,0.48,0.26,0.42,0.42,0.46
34000,0.48,0.37,0.56,0.35,0.47
35000,0.39,0.42,0.36,0.41,0.46
36000,0.42,0.43,0.34,0.37,0.36
37000,0.5,0.45,0.42,0.47,0.53
38000,0.52,0.31,0.38,0.38,0.46
39000,0.43,0.45,0.3,0.39,0.49
40000,0.36,0.34,0.35,0.37,0.37
41000,0.4,0.41,0.38,0.45,0.41
42000,0.43,0.48,0.36,0.49,0.4
43000,0.36,0.5,0.32,0.44,0.44
44000,0.43,0.34,0.44,0.42,0.48
45000,0.5,0.47,0.38,0.45,0.4
46000,0.57,0.45,0.39,0.4,0.32
47000,0.44,0.37,0.38,0.34,0.4
48000,0.38,0.52,0.44,0.3,0.45
49000,0.43,0.54,0.41,0.41,0.46
50000,0.49,0.44,0.59,0.39,0.55
51000,0.45,0.46,0.33,0.39,0.58
52000,0.35,0.49,0.48,0.55,0.43
53000,0.52,0.46,0.37,0.37,0.51
54000,0.4,0.54,0.54,0.28,0.52
55000,0.44,0.48,0.55,0.4,0.53
56000,0.41,0.4,0.41,0.42,0.48
57000,0.4,0.47,0.56,0.4,0.43
58000,0.42,0.58,0.47,0.47,0.56
59000,0.56,0.57,0.57,0.49,0.39
60000,0.49,0.47,0.51,0.55,0.42
61000,0.49,0.54,0.5,0.41,0.48
62000,0.55,0.47,0.5,0.27,0.59
63000,0.44,0.56,0.43,0.4,0.58
64000,0.57,0.54,0.42,0.42,0.38
65000,0.49,0.52,0.48,0.49,0.51
66000,0.51,0.44,0.4,0.48,0.61
67000,0.51,0.51,0.61,0.5,0.44
68000,0.59,0.63,0.44,0.48,0.56
69000,0.59,0.46,0.4,0.55,0.67
70000,0.68,0.65,0.53,0.56,0.59
71000,0.7,0.6,0.48,0.63,0.52
72000,0.46,0.51,0.61,0.54,0.5
73000,0.58,0.56,0.72,0.61,0.61
74000,0.55,0.66,0.48,0.49,0.5
75000,0.66,0.56,0.67,0.58,0.6
76000,0.6,0.51,0.63,0.61,0.54
77000,0.71,0.48,0.62,0.55,0.62
78000,0.64,0.54,0.51,0.53,0.56
79000,0.68,0.51,0.51,0.54,0.68
80000,0.77,0.55,0.67,0.61,0.46
81000,0.62,0.52,0.64,0.68,0.62
82000,0.56,0.67,0.57,0.52,0.71
83000,0.62,0.58,0.9,0.55,0.82
84000,0.65,0.66,0.65,0.61,0.57
85000,0.64,0.54,0.43,0.57,0.69
86000,0.72,0.5,0.56,0.53,0.56
87000,0.66,0.55,0.6,0.59,0.52
88000,0.66,0.72,0.68,0.59,0.76
89000,0.6,0.65,0.75,0.6,0.75
90000,0.57,0.65,0.75,0.57,0.79
91000,0.75,0.5,0.7,0.65,0.53
92000,0.75,0.57,0.45,0.55,0.55
93000,0.67,0.55,0.69,0.71,0.67
94000,0.63,0.47,0.56,0.81,0.69
95000,0.46,0.68,0.65,0.71,0.46
96000,0.54,0.79,0.69,0.67,0.49
97000,0.57,0.81,0.62,0.65,0.7
98000,0.64,0.6,0.69,0.67,0.7
99000,0.74,0.65,0.57,0.54,0.63
100000,0.54,0.65,0.76,0.59,0.65
101000,0.7,0.64,0.6,0.7,0.63
102000,0.65,0.73,0.81,0.66,0.54
103000,0.62,0.77,0.78,0.72,0.61
104000,0.66,0.79,0.69,0.57,0.6
105000,0.59,0.53,0.64,0.52,0.74
106000,0.6,0.61,0.69,0.57,0.83
107000,0.67,0.84,0.77,0.61,0.56
108000,0.72,0.55,0.88,0.7,0.98
109000,0.68,0.64,0.69,0.73,0.79
110000,0.71,0.69,0.65,0.67,0.81
111000,0.64,0.64,0.67,0.71,0.71
112000,0.72,0.64,0.76,0.59,0.83
113000,0.64,0.69,0.65,0.71,0.58
114000,0.65,0.68,0.8,0.72,0.52
115000,0.65,0.76,0.59,0.84,0.72
116000,0.69,0.59,0.71,0.75,0.63
117000,0.6,0.59,0.74,0.75,0.65
118000,0.8,0.71,0.7,0.85,0.74
119000,0.74,0.83,0.64,0.67,0.65
120000,0.79,0.69,0.82,0.76,0.69
121000,0.66,0.62,0.75,0.64,0.62
122000,0.73,0.55,0.69,0.65,0.7
123000,0.83,0.81,0.76,0.62,0.66
124000,0.79,0.69,0.7,0.68,0.7
125000,0.73,0.61,0.65,0.69,0.63
126000,0.82,0.7,0.89,0.59,0.6
127000,0.66,0.77,0.84,0.72,0.63
128000,0.77,0.76,0.8,0.59,0.63
129000,0.69,0.76,0.83,0.73,0.71
130000,0.87,0.87,0.62,0.73,0.7
131000,0.91,0.74,0.63,0.93,0.77
132000,0.78,0.86,0.81,0.83,0.82
133000,0.85,0.81,0.67,0.76,0.8
134000,0.93,0.62,0.58,0.62,0.81
135000,1.01,0.72,0.58,0.76,0.67
136000,0.94,0.9,0.79,0.91,0.84
137000,0.86,0.8,0.83,0.93,0.76
138000,0.83,0.67,0.74,0.9,0.68
139000,0.79,0.87,0.69,0.93,0.9
140000,1.02,0.87,0.74,0.87,0.99
141000,0.8,1.01,0.72,1.02,0.87
142000,0.79,0.88,0.73,1.04,0.84
143000,0.57,0.87,0.67,0.9,0.68
144000,0.81,0.91,0.7,0.93,0.72
145000,0.82,0.91,0.67,0.7,0.69
146000,0.64,1.14,0.71,0.72,0.69
147000,0.64,0.99,0.77,0.76,0.96
148000,0.75,0.88,0.86,0.82,0.92
149000,0.83,0.77,0.8,0.72,0.83
150000,0.78,0.68,0.84,0.86,0.84
151000,0.88,0.74,0.67,0.65,0.91
152000,0.79,0.89,0.73,0.93,1.04
153000,0.85,0.91,0.79,0.96,0.96
154000,1.04,0.79,1.04,0.9,0.89
155000,0.8,0.9,0.98,0.74,0.89
156000,0.74,0.82,0.98,0.76,0.86
157000,0.98,0.9,0.88,0.88,0.96
158000,0.96,1.03,0.91,0.93,0.9
159000,0.84,1.08,0.95,0.94,0.9
160000,0.94,0.71,0.87,0.89,0.76
161000,1.06,0.79,0.84,0.79,0.74
162000,0.98,1.09,0.9,0.94,0.81
163000,0.87,0.98,0.86,0.98,0.76
164000,1.02,0.8,0.58,0.86,0.88
165000,0.83,0.85,0.75,1.03,0.97
166000,0.79,0.84,0.79,1.1,0.69
167000,0.79,0.91,0.8,1.03,0.96
168000,1.0,0.89,0.76,1.05,0.98
169000,0.99,0.84,0.78,0.96,0.94
170000,1.01,0.87,0.98,1.13,0.99
171000,0.92,0.89,1.07,1.05,0.8
172000,0.8,0.88,0.89,0.84,0.92
173000,0.8,0.95,0.88,0.94,0.92
174000,0.98,1.16,1.18,0.86,0.95
175000,0.91,1.1,1.2,0.91,1.03
176000,0.91,0.86,0.96,0.79,1.0
177000,1.05,0.7,1.04,0.92,1.04
178000,0.97,0.78,1.12,0.92,1.11
179000,0.8,0.99,1.05,0.88,1.11
180000,0.75,0.95,1.04,0.8,0.75
181000,0.67,1.02,0.75,0.84,0.86
182000,0.91,0.66,0.86,0.84,0.86
183000,0.9,0.81,1.09,0.96,1.08
184000,0.78,0.98,1.18,1.04,1.03
185000,0.77,0.92,1.16,0.8,0.97
186000,0.88,0.91,0.89,1.06,1.03
187000,1.09,0.93,0.96,1.03,0.88
188000,0.94,0.91,0.7,1.03,0.71
189000,0.92,1.06,0.71,1.01,0.97
190000,0.78,1.07,0.73,0.98,1.05
191000,0.82,0.93,0.87,0.91,0.86
192000,0.97,0.95,1.14,1.0,0.75
193000,1.1,0.72,0.94,0.9,0.95
194000,0.83,1.03,0.78,0.99,0.9
195000,0.76,1.14,0.74,1.11,0.96
196000,0.93,0.85,1.0,0.85,1.06
197000,1.14,0.99,1.15,0.82,0.8
198000,1.12,1.1,1.27,1.0,0.69
199000,1.14,1.17,1.23,1.15,0.9
200000,0.87,1.18,0.89,1.14,0.94
201000,0.92,1.26,1.06,1.03,0.94
202000,0.91,1.02,0.97,1.19,1.12
203000,0.81,1.03,1.13,1.1,0.87
204000,0.78,0.91,1.22,0.91,0.84
205000,1.1,0.92,1.15,1.02,1.03
206000,1.15,0.92,1.1,1.19,1.17
207000,0.95,1.0,0.97,1.25,0.92
208000,0.91,1.17,1.02,1.23,0.9
209000,1.11,1.16,1.01,1.08,0.93
210000,1.02,0.85,0.97,0.93,1.05
211000,0.92,0.86,0.93,0.76,0.78
212000,0.99,1.03,0.89,0.98,0.88
213000,1.16,0.97,0.93,1.01,1.08
214000,1.02,1.1,0.89,0.91,1.04
215000,1.04,0.87,0.95,0.76,1.15
216000,1.16,0.93,0.85,0.97,1.11
217000,1.27,0.78,1.13,1.08,1.21
218000,1.13,0.9,1.18,1.08,1.11
219000,1.05,1.23,1.14,1.08,0.96
220000,1.04,1.31,1.09,1.08,0.97
221000,1.26,1.11,1.08,1.27,1.07
222000,1.04,1.12,1.26,1.23,0.99
223000,0.98,1.05,1.34,0.98,1.05
224000,0.9,1.2,1.23,0.92,1.09
225000,1.02,1.06,1.24,0.97,1.1
226000,1.15,1.11,1.14,1.3,1.24
227000,0.93,1.12,1.25,1.21,1.17
228000,1.04,1.06,1.17,1.22,1.23
229000,0.96,1.15,1.06,1.13,1.17
230000,0.8,1.01,1.0,0.96,0.95
231000,1.1,0.96,1.07,1.01,1.11
232000,1.27,1.11,1.14,1.09,1.24
233000,1.32,1.15,1.21,1.05,1.23
234000,1.13,1.12,1.34,0.92,1.35
235000,1.15,1.17,1.37,1.13,1.2
236000,1.31,1.17,1.33,1.27,1.24
237000,1.17,1.29,1.05,1.13,1.31
238000,1.02,1.35,1.02,1.15,1.15
239000,1.18,1.27,1.42,1.28,1.3
240000,1.07,1.17,1.53,1.35,1.17
241000,0.98,1.02,1.36,1.34,1.15
242000,1.07,1.13,0.93,1.42,1.21
243000,1.1,1.14,0.91,1.31,1.42
244000,1.15,1.14,1.13,1.15,1.52
245000,1.33,1.2,1.36,1.29,1.53
246000,1.41,1.38,1.5,1.33,1.79
247000,1.16,1.21,1.44,1.3,1.55
248000,1.22,1.23,1.27,1.19,1.28
249000,1.29,1.21,1.12,1.4,1.32
250000,1.19,1.04,1.15,1.41,1.3
251000,1.19,1.26,1.38,1.35,1.13
252000,1.11,1.45,1.35,1.37,1.35
253000,1.01,1.44,1.52,1.63,1.41
254000,1.14,1.32,1.64,1.77,1.4
255000,1.29,1.25,1.4,1.78,1.5
256000,1.38,1.33,1.41,1.25,1.45
257000,1.55,1.49,1.57,1.07,1.36
258000,1.58,1.56,1.59,1.35,1.26
259000,1.39,1.59,1.28,1.19,1.32
260000,1.29,1.71,1.2,1.14,1.47
261000,1.03,1.45,1.41,1.38,1.44
262000,1.25,1.36,1.45,1.47,1.42
263000,1.3,1.14,1.5,1.49,1.68
264000,1.49,1.29,1.28,1.37,1.6
265000,1.6,1.37,1.22,1.54,1.37
266000,1.6,1.48,1.39,1.49,1.18
267000,1.49,1.66,1.63,1.53,1.48
268000,1.4,1.77,1.53,1.43,1.61
269000,1.36,1.65,1.47,1.47,1.52
270000,1.35,1.37,1.43,1.5,1.51
271000,1.57,1.42,1.18,1.55,1.46
272000,1.59,1.55,1.44,1.5,1.55
273000,1.55,1.56,1.6,1.56,1.57
274000,1.44,1.54,1.43,1.38,1.16
275000,1.34,1.63,1.27,1.43,1.16
276000,1.63,1.74,1.4,1.64,1.34
277000,1.48,1.44,1.66,1.67,1.42
278000,1.48,1.58,1.7,1.52,1.34
279000,1.41,1.7,1.37,1.58,1.46
280000,1.34,1.65,1.2,1.38,1.62
281000,1.45,1.45,1.37,1.51,1.58
282000,1.27,1.35,1.46,1.49,1.74
283000,1.35,1.48,1.24,1.54,1.88
284000,1.74,1.56,1.37,1.45,1.73
285000,1.79,1.62,1.65,1.64,1.33
286000,1.5,1.48,1.95,1.78,1.39
287000,1.66,1.39,1.83,1.86,1.45
288000,1.8,1.41,1.49,1.76,1.56
289000,1.78,1.68,1.51,1.76,1.58
290000,1.85,1.86,1.64,1.95,1.6
291000,1.8,1.95,1.7,2.06,1.68
292000,1.92,1.82,1.54,1.85,1.76
293000,1.97,1.76,1.68,1.68,1.71
294000,2.2,1.71,1.86,1.53,1.54
295000,1.94,1.86,2.14,1.74,1.7
296000,1.85,1.8,2.15,1.95,1.91
297000,1.86,1.77,1.77,2.09,2.0
298000,1.81,1.64,1.79,2.03,1.98
299000,1.64,1.74,1.75,1.84,2.07
300000,1.35,1.86,1.76,1.44,2.0
301000,1.31,1.95,1.95,1.58,1.84
302000,1.48,2.17,1.91,1.72,1.82
303000,1.62,2.25,1.59,1.51,1.53
304000,1.64,1.91,1.64,1.61,1.45
305000,1.87,1.78,1.92,1.77,1.55
306000,2.02,1.83,2.19,1.97,1.72
307000,2.26,2.19,2.08,1.92,1.84
308000,2.01,2.28,2.12,1.85,2.01
309000,1.67,2.47,1.96,1.89,2.07
310000,1.8,2.03,2.16,2.1,1.77
311000,1.96,1.74,2.16,1.67,1.48
312000,2.29,1.91,2.41,1.68,1.66
313000,2.26,1.88,2.19,1.9,1.97
314000,2.18,1.87,2.18,1.92,2.27
315000,1.76,2.06,1.86,2.0,2.27
316000,1.73,2.3,1.88,2.11,2.23
317000,1.79,2.39,1.86,2.26,2.05
318000,1.84,1.91,2.0,2.0,2.05
319000,1.9,2.02,1.7,1.86,2.13
320000,1.92,2.09,1.84,2.01,1.83
321000,1.94,2.16,1.71,2.33,1.9
322000,1.73,2.02,1.69,2.61,2.05
323000,1.96,2.17,1.94,2.68,2.24
324000,2.03,1.99,1.92,2.4,1.89
325000,2.07,2.02,1.82,2.04,1.6
326000,2.21,2.25,1.83,1.98,1.76
327000,2.22,2.34,2.2,2.02,2.08
328000,2.39,2.29,2.26,1.98,2.14
329000,2.28,2.19,1.99,1.94,1.99
330000,2.45,2.46,2.05,1.68,2.03
331000,2.39,2.31,2.2,1.91,2.29
332000,2.55,2.19,2.18,1.93,2.35
333000,2.18,2.01,2.18,2.07,2.42
334000,2.28,1.97,2.1,2.14,2.23
335000,2.14,2.05,2.16,2.34,2.37
336000,2.43,2.22,1.94,2.37,2.41
337000,2.05,2.18,2.01,1.99,2.3
338000,2.13,2.02,1.98,1.88,2.16
339000,2.22,1.7,1.94,2.05,2.05
340000,2.31,2.03,2.11,2.34,1.96
341000,2.29,2.26,2.3,2.59,2.12
342000,2.13,2.4,2.5,2.64,2.02
343000,1.97,1.96,2.53,2.61,2.18
344000,1.8,1.78,2.47,2.41,2.01
345000,2.04,1.98,2.41,2.41,2.01
346000,2.23,2.13,2.39,2.28,2.04
347000,2.32,2.2,2.27,2.47,1.94
348000,2.6,2.14,2.27,2.62,2.24
349000,2.52,2.21,2.38,2.85,2.21
350000,2.67,2.22,2.77,2.91,2.53
351000,2.62,2.31,2.64,2.77,2.7
352000,2.32,2.48,2.52,2.66,2.57
353000,2.16,2.48,2.18,2.71,2.6
354000,1.97,2.59,2.35,2.42,2.37
355000,2.14,2.61,2.47,2.46,2.38
356000,2.3,2.61,2.41,2.44,2.29
357000,2.73,2.42,2.44,2.6,2.39
358000,2.47,2.48,2.44,2.72,2.57
359000,2.5,2.54,2.69,2.49,2.67
360000,2.29,2.72,2.64,2.4,2.7
361000,2.49,2.77,2.72,2.57,2.6
362000,2.67,2.54,2.74,2.56,2.27
363000,2.63,2.66,2.8,2.58,2.46
364000,2.61,2.77,2.75,2.39,2.4
365000,2.59,2.64,2.64,2.47,2.53
366000,2.66,2.43,2.79,2.39,2.56
367000,2.76,2.49,2.89,2.31,2.69
368000,2.58,2.55,2.61,2.28,2.82
369000,2.66,2.53,3.0,2.35,2.8
370000,2.63,2.39,2.65,2.59,3.0
371000,2.67,2.31,2.97,2.57,2.96
372000,3.16,2.5,3.26,2.79,2.97
373000,3.13,2.56,2.92,2.8,2.78
374000,3.24,2.64,3.1,3.01,2.58
375000,3.29,2.48,2.62,3.06,2.34
376000,2.95,2.4,2.55,2.92,2.38
377000,3.04,2.44,2.6,2.94,2.37
378000,2.9,2.55,2.7,2.73,2.53
379000,2.96,2.9,2.99,2.87,2.81
380000,3.24,3.03,2.91,3.06,2.74
381000,3.22,3.12,3.04,3.11,3.04
382000,3.2,3.21,3.02,3.18,3.05
383000,3.05,3.21,2.83,3.56,2.92
384000,2.99,3.19,2.63,3.22,2.92
385000,2.75,3.13,2.69,3.01,2.7
386000,2.77,2.96,2.69,2.91,2.65
387000,3.0,2.87,2.84,2.73,2.76
388000,3.13,2.96,2.9,2.91,3.04
389000,3.41,2.99,2.88,3.1,3.34
390000,3.45,2.79,2.81,3.15,3.35
391000,3.44,2.76,2.85,3.13,3.25
392000,3.37,2.78,2.95,3.08,3.1
393000,3.07,2.77,3.0,2.84,2.8
394000,3.01,2.79,2.86,2.95,3.0
395000,3.04,2.86,2.78,2.86,3.13
396000,3.05,3.01,2.98,2.99,3.02
397000,3.26,2.9,3.05,3.09,3.36
398000,3.51,3.27,3.14,3.19,3.35
399000,3.34,3.4,3.28,3.28,3.43
400000,3.26,3.27,3.26,3.27,3.63
401000,3.15,3.31,3.47,3.24,3.26
402000,3.01,3.5,3.6,3.36,3.53
403000,3.04,3.59,3.41,3.42,3.18
404000,3.22,3.5,3.32,3.56,3.12
405000,3.26,3.5,3.44,3.5,3.06
406000,3.48,3.54,3.42,3.46,2.9
407000,3.57,3.42,3.43,3.45,3.33
408000,3.67,3.42,3.48,3.24,3.1
409000,3.52,3.43,3.53,3.3,3.0
410000,3.5,3.41,3.68,3.46,3.07
411000,3.3,3.55,3.69,3.41,3.08
412000,3.36,3.69,3.61,3.65,3.27
413000,3.4,3.79,3.74,3.6,3.45
414000,3.59,3.84,3.67,3.57,3.37
415000,3.71,3.38,3.55,3.65,3.1
416000,3.82,2.98,3.4,3.55,2.88
417000,3.63,3.13,3.68,3.53,2.89
418000,3.5,3.33,3.69,3.51,2.95
419000,3.35,3.64,3.63,3.55,3.05
420000,3.37,3.88,3.67,3.65,3.25
421000,3.52,3.96,3.56,3.7,3.48
422000,3.26,4.16,3.61,3.47,3.58
423000,3.33,4.04,3.78,3.44,3.81
424000,3.6,3.73,3.7,3.47,4.11
425000,3.57,3.84,3.64,3.32,4.1
426000,3.64,3.73,3.72,3.58,3.84
427000,3.92,3.62,3.53,3.7,3.36
428000,4.16,3.54,3.67,3.66,3.12
429000,4.21,3.54,3.81,3.71,2.99
430000,4.37,3.77,3.42,3.57,3.11
431000,4.5,4.02,3.56,3.52,3.46
432000,4.53,3.77,3.79,3.59,3.64
433000,4.46,3.78,3.68,3.6,3.87
434000,4.42,4.01,3.72,3.93,4.17
435000,4.2,3.8,3.92,3.98,4.23
436000,4.19,3.73,3.87,4.1,4.34
437000,4.24,3.87,3.83,4.19,4.07
438000,4.01,3.88,4.03,4.13,4.17
439000,4.04,3.92,4.24,3.94,3.99
440000,3.87,3.81,4.21,3.88,3.91
441000,3.86,3.86,3.89,3.9,3.82
442000,3.91,4.03,3.89,3.87,4.02
443000,4.04,4.31,3.92,3.74,4.02
444000,4.08,4.52,3.93,3.75,4.19
445000,4.33,4.49,4.04,3.92,4.27
446000,4.47,4.61,4.37,3.77,4.34
447000,4.59,4.59,4.53,3.89,4.38
448000,4.8,4.34,4.71,4.1,4.4
449000,4.71,4.41,4.32,4.4,4.47
450000,4.54,4.69,4.44,4.41,4.37
451000,4.15,4.78,4.33,4.56,4.4
452000,3.74,4.8,4.21,4.54,4.29
453000,3.76,4.8,4.34,4.46,4.18
454000,3.77,4.66,4.4,4.35,4.15
455000,3.93,4.49,4.39,4.26,4.11
456000,4.02,4.46,4.43,4.35,4.21
457000,4.27,4.54,4.57,4.41,4.14
458000,4.51,4.51,4.54,4.67,4.43
459000,4.43,4.54,4.63,4.73,4.37
460000,4.77,4.81,4.7,4.73,4.62
461000,4.79,5.02,4.34,4.95,4.56
462000,4.8,5.19,4.34,4.92,4.75
463000,4.63,5.18,4.48,5.04,4.89
464000,4.58,5.08,4.53,4.94,4.97
465000,4.56,5.0,4.61,5.07,5.1
466000,4.35,5.17,4.79,4.98,5.2
467000,4.29,4.92,5.12,5.14,5.02
468000,4.64,4.7,5.3,5.22,4.9
469000,4.8,4.57,5.31,5.15,5.03
470000,4.96,4.66,5.32,5.29,5.0
471000,4.91,4.89,5.32,5.38,4.73
472000,5.05,4.62,5.35,5.45,4.78
473000,5.21,4.7,5.12,5.49,4.88
474000,5.12,4.72,4.87,5.52,5.01
475000,5.26,4.73,4.82,5.55,4.97
476000,5.16,4.78,4.84,5.4,5.12
477000,5.19,4.68,4.88,5.3,5.08
478000,5.25,4.82,4.81,5.26,5.26
479000,5.38,4.58,5.12,5.36,5.48
480000,5.42,4.59,5.2,5.26,5.52
481000,5.45,4.81,5.31,5.43,5.59
482000,5.39,4.81,5.51,5.58,5.43
483000,5.46,4.78,5.36,5.6,5.43
484000,5.62,4.84,5.61,5.53,5.41
485000,5.76,5.06,5.77,5.45,5.32
486000,5.52,4.85,5.71,5.44,5.18
487000,5.52,4.79,5.77,5.31,5.02
488000,5.68,4.92,5.77,5.36,5.18
489000,5.51,5.04,5.85,5.3,5.32
490000,5.49,4.87,5.86,5.43,5.36
491000,5.28,5.11,5.77,5.46,5.57
492000,5.42,5.41,5.79,5.46,5.6
493000,5.56,5.46,5.94,5.54,5.63
494000,5.3,5.69,5.9,5.6,5.7
495000,5.25,5.79,5.87,5.73,5.69
496000,5.22,5.96,5.93,5.83,5.91
497000,5.36,6.18,5.9,5.84,6.01
498000,5.33,6.22,6.08,5.99,5.96
499000,5.25,6.25,6.02,6.24,5.95
500000,5.43,6.25,5.95,6.4,6.13
501000,5.51,6.38,5.96,6.29,6.28
502000,5.5,6.39,6.06,6.04,6.36
503000,5.56,6.27,6.14,5.87,6.31
504000,5.66,6.31,6.3,5.89,6.35
505000,5.62,6.38,6.24,5.79,6.31
506000,5.7,6.39,6.24,5.53,6.17
507000,5.58,6.41,6.27,5.56,6.09
508000,5.63,6.42,6.26,5.62,6.06
509000,5.7,6.33,6.33,5.5,6.05
510000,5.36,6.35,6.39,5.67,6.07
511000,5.28,6.39,6.3,5.73,5.92
512000,5.33,6.32,6.36,5.76,5.86
513000,5.43,6.22,6.36,5.75,6.17
514000,5.61,6.27,6.44,5.75,6.03
515000,5.7,6.22,6.44,5.72,6.04
516000,5.78,6.26,6.51,5.91,6.02
517000,5.99,6.32,6.58,5.93,5.97
518000,6.07,6.33,6.58,5.88,5.9
519000,6.12,6.24,6.59,5.77,5.75
520000,6.13,6.36,6.49,5.91,5.7
521000,6.16,6.32,6.43,5.95,5.73
522000,6.24,6.16,6.42,5.95,5.86
523000,6.21,6.09,6.32,5.96,5.94
524000,6.04,6.07,6.33,6.06,5.98
525000,6.11,6.14,6.36,6.18,6.3
526000,5.95,6.22,6.45,6.21,6.39
527000,5.91,6.1,6.6,6.22,6.43
528000,5.99,6.1,6.57,6.26,6.73
529000,5.77,6.15,6.62,6.26,6.71
530000,5.91,6.26,6.56,6.55,6.63
531000,6.06,6.22,6.47,6.54,6.49
532000,6.09,6.28,6.47,6.47,6.41
533000,6.12,6.16,6.48,6.49,6.47
534000,6.31,6.32,6.23,6.63,6.37
535000,6.25,6.3,6.29,6.78,6.13
536000,6.34,6.24,6.22,6.67,6.18
537000,6.41,6.31,6.23,6.53,6.1
538000,6.46,6.35,6.42,6.42,6.14
539000,6.4,6.42,6.38,6.35,6.25
540000,6.42,6.36,6.23,6.2,6.06
541000,6.3,6.35,6.39,6.2,6.16
542000,6.19,6.25,6.44,6.12,6.14
543000,6.11,6.13,6.38,6.07,6.14
544000,6.1,6.13,6.37,6.08,6.19
545000,6.01,6.02,6.21,6.15,6.18
546000,5.94,5.83,6.28,6.37,6.13
547000,5.64,5.91,6.33,6.32,6.2
548000,5.74,5.91,6.17,6.45,6.14
549000,5.85,5.76,6.15,6.28,6.18
550000,5.94,5.5,6.21,6.36,6.3
551000,5.86,5.43,6.27,6.5,6.41
552000,5.93,5.48,6.29,6.49,6.14
553000,6.03,5.61,6.36,6.2,6.14
554000,6.32,5.65,6.33,6.19,6.03
555000,6.41,5.72,6.29,6.23,6.02
556000,6.48,5.98,6.4,6.28,6.14
557000,6.35,6.22,6.44,6.47,6.1
558000,6.35,6.23,6.55,6.52,6.23
559000,6.34,6.43,6.63,6.51,6.43
560000,6.34,6.25,6.57,6.58,6.35
561000,6.43,6.05,6.55,6.61,6.5
562000,6.48,5.99,6.47,6.7,6.53
563000,6.49,5.96,6.63,6.79,6.7
564000,6.48,5.93,6.58,6.89,6.68
565000,6.61,6.08,6.54,6.79,6.67
566000,6.66,5.94,6.49,6.77,6.54
567000,6.71,6.17,6.59,6.71,6.67
568000,6.74,6.07,6.61,6.82,6.67
569000,6.72,6.12,6.64,6.92,6.46
570000,6.59,5.99,6.62,6.99,6.45
571000,6.46,6.02,6.64,6.88,6.27
572000,6.54,6.01,6.54,6.81,6.12
573000,6.41,6.06,6.69,6.84,6.18
574000,6.36,5.81,6.53,6.76,6.2
575000,6.18,5.82,6.49,6.9,6.21
576000,6.2,5.86,6.39,6.88,6.34
577000,6.15,5.82,6.5,6.83,6.41
578000,6.23,5.86,6.55,6.71,6.4
579000,6.27,5.85,6.58,6.67,6.51
580000,6.21,5.85,6.55,6.73,6.52
581000,6.05,5.9,6.47,6.69,6.47
582000,6.06,5.88,6.4,6.51,6.4
583000,6.02,5.91,6.51,6.36,6.36
584000,6.14,6.07,6.44,6.2,6.33
585000,6.13,5.95,6.36,6.09,6.41
586000,6.27,5.99,6.45,6.03,6.54
587000,6.22,6.1,6.36,5.87,6.59
588000,6.41,6.1,6.31,5.84,6.57
589000,6.59,6.31,6.39,5.86,6.63
590000,6.67,6.5,6.11,5.86,6.58
591000,6.69,6.44,6.13,5.86,6.56
592000,6.72,6.41,6.18,5.94,6.66
593000,6.6,6.64,6.16,6.18,6.62
594000,6.58,6.61,6.39,6.47,6.61
595000,6.72,6.47,6.5,6.54,6.6
596000,6.75,6.46,6.64,6.74,6.68
597000,6.55,6.29,6.72,6.94,6.51
598000,6.53,6.37,6.79,7.07,6.59
599000,6.54,6.3,6.75,7.0,6.57
600000,6.49,6.36,6.77,7.09,6.61
601000,6.45,6.23,6.71,6.82,6.62
602000,6.4,6.24,6.63,6.78,6.57
603000,6.33,6.21,6.63,6.77,6.54
604000,6.45,6.21,6.59,6.74,6.66
605000,6.52,6.24,6.58,6.66,6.66
606000,6.54,6.28,6.7,6.73,6.71
607000,6.48,6.26,6.85,6.89,6.7
608000,6.63,6.27,6.69,6.88,6.53
609000,6.61,6.29,6.78,7.02,6.45
610000,6.65,6.19,6.73,7.02,6.33
611000,6.66,6.25,6.67,6.91,6.37
612000,6.68,6.13,6.61,6.83,6.34
613000,6.76,6.15,6.72,6.79,6.33
614000,6.57,6.2,6.81,6.78,6.28
615000,6.52,6.08,6.84,6.7,6.44
616000,6.36,6.09,6.82,6.77,6.5
617000,6.39,5.97,6.75,6.77,6.63
618000,6.41,5.94,6.57,6.65,6.86
619000,6.37,6.04,6.39,6.77,6.76
620000,6.43,6.05,6.31,6.74,6.82
621000,6.41,6.12,6.23,7.07,6.98
622000,6.55,6.22,6.08,6.92,6.95
623000,6.66,6.23,6.04,6.84,7.01
624000,6.81,6.29,6.03,6.69,7.02
625000,6.83,6.37,6.06,6.55,6.97
626000,6.84,6.56,6.18,6.67,6.86
627000,6.84,6.56,6.23,6.64,6.9
628000,6.82,6.52,6.04,6.33,6.85
629000,6.75,6.58,6.24,6.17,6.82
630000,6.64,6.54,6.24,6.07,6.7
631000,6.47,6.59,6.36,6.34,6.75
632000,6.35,6.61,6.27,6.31,6.73
633000,6.37,6.69,6.44,6.57,6.72
634000,6.24,6.65,6.42,6.63,6.81
635000,5.98,6.76,6.34,6.59,6.87
636000,5.9,6.8,6.48,6.86,6.9
637000,5.88,6.78,6.49,6.87,6.91
638000,5.99,6.78,6.57,7.17,6.95
639000,5.81,6.85,6.61,6.97,6.86
640000,5.73,6.86,6.63,7.21,6.82
641000,5.85,6.9,6.61,7.43,6.88
642000,6.02,6.92,6.65,7.69,6.8
643000,6.08,6.93,6.71,7.68,6.76
644000,6.21,6.97,6.57,7.65,6.73
645000,6.47,6.92,6.42,7.82,6.82
646000,6.63,6.99,6.49,7.75,6.83
647000,6.83,6.86,6.65,8.04,6.64
648000,6.68,6.8,6.51,8.22,6.53
649000,6.55,6.78,6.79,8.37,6.6
650000,6.65,6.71,6.7,8.32,6.59
651000,6.65,6.69,6.77,7.86,6.61
652000,6.57,6.67,6.8,7.97,6.48
653000,6.47,6.76,6.65,8.47,6.44
654000,6.46,6.76,6.5,8.71,6.33
655000,6.44,6.76,6.29,8.48,6.53
656000,6.66,6.78,6.14,8.53,6.48
657000,6.67,6.68,6.13,8.24,6.35
658000,6.65,6.69,5.82,7.93,6.21
659000,6.65,6.64,5.76,8.42,6.36
660000,6.6,6.49,5.73,8.08,6.32
661000,6.49,6.44,5.7,7.84,6.42
662000,6.51,6.39,5.63,7.5,6.51
663000,6.48,6.29,5.34,7.77,6.43
664000,6.58,6.37,5.28,7.44,6.57
665000,6.36,6.38,5.16,7.37,6.71
666000,6.27,6.36,5.19,7.66,6.74
667000,6.26,6.39,5.11,7.73,6.73
668000,6.54,6.46,5.03,7.64,6.81
669000,6.66,6.62,4.81,7.38,6.78
670000,6.7,6.66,5.01,7.59,6.78
671000,6.62,6.77,5.17,7.54,6.91
672000,6.52,6.75,5.08,7.6,6.97
673000,6.64,6.84,4.98,7.61,6.78
674000,6.42,7.0,5.09,7.62,6.91
675000,6.26,7.15,5.22,7.62,6.89
676000,5.9,7.21,5.05,7.97,6.87
677000,5.84,7.19,4.74,7.86,6.9
678000,5.97,7.06,4.88,8.18,6.84
679000,5.91,6.96,4.97,8.24,6.49
680000,5.99,7.04,5.05,8.14,6.45
681000,6.04,6.98,4.94,8.55,6.4
682000,6.08,6.93,4.98,8.63,6.15
683000,6.2,6.85,5.09,8.69,6.18
684000,6.28,6.81,5.08,8.53,6.08
685000,6.19,6.8,5.05,8.03,6.04
686000,6.22,6.87,5.05,8.32,6.16
687000,6.19,6.84,5.1,8.6,6.35
688000,6.26,6.73,5.28,8.6,6.43
689000,6.22,6.83,5.31,8.9,6.54
690000,6.02,6.83,5.49,8.58,6.61
691000,6.19,6.8,5.56,8.64,6.57
692000,6.17,7.0,5.52,8.53,6.64
693000,6.16,7.0,5.6,8.56,6.61
694000,6.08,7.08,5.54,8.79,6.62
695000,6.02,7.08,5.59,8.99,6.66
696000,6.24,7.18,5.63,9.04,6.65
697000,6.36,7.2,5.69,8.76,6.69
698000,6.34,7.3,5.6,8.84,6.89
699000,6.3,7.23,5.55,8.87,6.89
700000,6.19,7.09,5.31,8.94,6.91
701000,6.25,7.07,5.4,8.82,6.89
702000,6.28,6.95,5.27,8.78,6.92
703000,6.27,6.94,5.04,8.76,6.78
704000,6.39,6.89,5.15,8.58,6.61
705000,6.55,6.81,5.2,8.69,6.6
706000,6.51,6.71,5.33,8.96,6.52
707000,6.28,6.71,5.46,8.72,6.32
708000,6.43,6.77,5.77,8.54,6.33
709000,6.23,6.67,5.6,8.85,6.2
710000,6.07,6.66,5.46,8.98,6.29
711000,5.99,6.68,5.42,9.2,6.33
712000,6.06,6.6,5.53,9.05,6.42
713000,6.13,6.67,5.61,9.28,6.48
714000,6.35,6.75,5.57,9.39,6.57
715000,6.53,6.79,5.72,9.39,6.64
716000,6.71,6.71,5.92,8.98,6.65
717000,6.85,6.86,6.02,9.07,6.83
718000,6.98,6.87,6.05,9.2,6.74
719000,6.97,6.92,5.95,9.09,6.6
720000,6.85,6.95,5.8,8.66,6.72
721000,6.68,7.04,5.75,8.81,6.7
722000,6.67,6.95,5.78,8.71,6.67
723000,6.79,6.9,5.77,8.68,6.73
724000,6.74,6.8,5.95,8.28,6.78
725000,6.74,6.74,6.03,8.3,6.59
726000,6.84,6.62,6.0,8.38,6.69
727000,7.02,6.66,5.89,8.49,6.68
728000,7.19,6.76,5.9,8.49,6.73
729000,7.4,6.86,5.83,8.62,6.76
730000,7.57,6.97,5.84,8.8,6.9
731000,7.72,7.21,5.91,8.81,6.82
732000,7.59,7.27,5.94,8.99,6.87
733000,7.57,7.31,5.95,8.93,6.94
734000,7.46,7.42,6.01,9.25,6.96
735000,7.4,7.49,6.05,9.13,7.05
736000,7.24,7.33,5.77,8.9,7.04
737000,7.18,7.22,5.21,9.42,7.03
738000,7.1,7.36,4.72,9.17,6.98
739000,7.02,7.32,4.55,9.15,7.07
740000,7.1,7.17,4.19,9.26,6.96
741000,7.08,7.17,4.14,9.39,6.94
742000,7.23,7.22,4.3,9.39,7.04
743000,7.25,7.17,4.37,9.6,6.9
744000,7.27,7.22,4.29,9.36,6.78
745000,7.16,7.34,4.34,9.39,6.68
746000,7.14,7.44,4.49,9.81,6.66
747000,7.02,7.32,4.57,9.36,6.75
748000,7.12,7.22,4.77,9.44,6.75
749000,7.18,7.12,4.8,9.41,6.78
750000,7.05,7.12,5.01,9.36,6.63
751000,7.03,7.12,4.95,8.87,6.68
752000,6.91,6.99,4.99,8.77,6.67
753000,6.99,6.98,4.82,8.84,6.68
754000,7.1,6.84,4.73,8.89,6.69
755000,7.12,6.82,4.81,8.67,6.62
756000,7.01,6.71,4.71,8.48,6.62
757000,6.98,6.81,4.9,8.37,6.56
758000,7.12,6.93,4.94,8.2,6.53
759000,6.88,6.96,5.0,8.22,6.68
760000,6.91,7.0,5.16,8.49,6.84
761000,6.79,7.02,5.12,8.89,6.93
762000,6.68,7.07,5.2,9.15,6.83
763000,6.82,7.04,5.3,9.13,6.83
764000,7.0,7.14,5.28,9.23,7.01
765000,7.03,7.26,5.34,9.05,6.98
766000,6.88,7.36,5.58,9.05,7.05
767000,6.95,7.32,5.75,9.16,7.01
768000,7.02,7.2,5.77,9.04,6.99
769000,7.12,7.14,5.72,8.98,6.95
770000,7.25,7.27,5.56,8.51,6.88
771000,7.22,7.16,5.44,8.63,6.82
772000,7.01,7.2,5.21,8.55,6.74
773000,6.8,7.12,5.14,8.96,6.85
774000,6.77,7.07,5.26,9.03,6.62
775000,6.71,6.95,5.34,9.27,6.51
776000,6.78,7.0,5.42,9.14,6.49
777000,6.89,7.09,5.56,9.35,6.66
778000,6.78,7.11,5.67,9.29,6.74
779000,6.78,7.19,5.74,9.47,6.8
780000,6.83,7.23,5.79,9.6,6.68
781000,7.01,7.28,5.77,9.42,6.64
782000,7.27,7.38,5.83,9.39,6.78
783000,7.24,7.36,5.71,8.96,6.86
784000,6.99,7.48,5.71,9.18,6.94
785000,6.89,7.44,5.85,9.57,6.84
786000,6.87,7.32,5.81,9.7,6.86
787000,6.94,7.06,5.77,9.83,6.92
788000,7.04,6.99,5.75,9.79,6.81
789000,7.17,6.9,5.73,10.31,6.78
790000,7.18,6.81,5.71,10.14,6.89
791000,7.27,6.78,5.64,10.15,6.8
792000,7.47,6.63,5.64,10.11,6.82
793000,7.63,6.47,5.45,10.12,6.9
794000,7.32,6.56,5.57,10.41,6.93
795000,7.38,6.76,5.52,9.64,6.92
796000,7.24,6.83,5.53,9.71,6.95
797000,7.21,6.82,5.55,9.37,6.97
798000,7.23,6.83,5.49,9.08,6.98
799000,7.26,6.87,5.59,8.85,7.07
800000,7.28,6.95,5.58,8.98,7.05
801000,7.54,7.06,5.56,9.18,6.82
802000,7.61,7.14,5.66,9.19,6.78
803000,8.02,7.02,5.67,9.15,6.8
804000,7.85,7.01,5.7,8.77,6.97
805000,7.83,7.16,5.66,8.55,7.04
806000,7.7,7.15,5.64,8.84,7.05
807000,7.57,7.27,5.48,9.06,6.94
808000,7.44,7.34,5.28,9.27,6.99
809000,7.54,7.42,5.16,9.52,7.05
810000,7.3,7.41,4.91,9.27,7.05
811000,7.35,7.47,4.98,9.1,7.06
812000,7.59,7.61,5.03,9.21,6.92
813000,7.45,7.56,5.05,9.46,6.9
814000,7.61,7.51,5.01,9.63,6.79
815000,7.85,7.23,5.06,9.66,6.79
816000,7.7,7.18,5.17,9.16,6.94
817000,7.41,7.12,5.11,9.48,7.06
818000,7.1,7.15,5.12,9.53,7.05
819000,6.86,7.21,5.08,9.32,6.81
820000,6.39,7.21,5.33,9.26,6.85
821000,6.39,7.17,5.27,8.99,6.65
822000,6.06,7.1,5.37,8.94,6.63
823000,6.19,6.97,5.47,9.0,6.52
824000,6.6,7.0,5.58,8.55,6.42
825000,6.7,7.01,5.43,8.75,6.32
826000,6.96,7.05,5.24,8.45,6.41
827000,7.14,7.16,5.29,8.09,6.5
828000,7.31,6.99,5.35,8.13,6.54
829000,7.67,7.06,5.32,8.13,6.82
830000,7.74,7.19,5.31,8.11,6.81
831000,7.85,7.36,5.47,8.1,6.93
832000,7.81,7.47,5.7,8.21,6.94
833000,7.68,7.61,5.53,8.54,7.03
834000,7.93,7.66,5.41,8.74,7.24
835000,7.67,7.54,5.54,8.91,7.25
836000,7.48,7.54,5.47,9.41,7.23
837000,7.57,7.67,5.28,9.26,7.29
838000,7.39,7.45,5.33,9.2,7.31
839000,7.66,7.37,5.43,9.09,7.31
840000,7.82,7.27,5.76,9.21,7.28
841000,7.62,7.25,5.77,9.32,7.14
842000,7.64,7.08,5.91,9.11,6.99
843000,7.4,7.18,5.87,9.21,6.88
844000,7.83,7.31,5.99,9.09,6.85
845000,7.94,7.3,5.97,8.98,6.81
846000,8.07,7.29,6.07,9.0,6.76
847000,8.23,7.55,6.1,9.06,6.7
848000,8.18,7.39,6.16,9.32,6.64
849000,7.82,7.46,5.91,9.44,6.61
850000,7.88,7.47,6.0,9.59,6.73
851000,8.06,7.64,5.97,9.25,6.91
852000,8.43,7.51,6.01,9.37,6.95
853000,8.42,7.46,6.01,9.13,7.13
854000,8.39,7.36,6.04,9.31,7.09
855000,8.46,7.18,5.72,9.5,7.09
856000,8.4,7.2,5.95,9.18,7.27
857000,8.37,7.26,5.98,9.21,7.2
858000,8.57,7.32,5.98,9.65,7.32
859000,8.73,7.28,6.06,9.64,7.26
860000,8.78,7.18,6.3,9.67,7.19
861000,8.24,7.19,6.13,9.77,7.03
862000,8.16,7.13,6.28,9.84,7.07
863000,8.03,7.3,6.49,9.45,6.91
864000,7.78,7.32,6.61,9.4,6.82
865000,7.54,7.23,6.62,9.22,6.94
866000,7.4,7.16,6.73,9.37,7.04
867000,7.32,7.2,6.67,8.91,7.06
868000,7.23,7.23,6.58,8.48,7.14
869000,7.56,7.41,6.79,8.3,7.26
870000,7.67,7.48,6.89,8.42,7.25
871000,7.97,7.74,6.75,8.55,7.4
872000,8.05,7.7,6.68,8.68,7.44
873000,8.15,7.87,6.68,8.87,7.2
874000,8.15,7.83,6.68,9.12,7.07
875000,8.45,7.98,6.52,9.44,7.01
876000,8.63,8.07,6.24,9.18,7.03
877000,8.7,7.93,6.13,9.56,7.06
878000,8.59,7.86,6.18,9.8,6.95
879000,8.44,7.69,6.21,9.7,6.85
880000,8.23,7.6,6.32,9.5,6.83
881000,8.39,7.44,6.61,9.53,6.93
882000,8.41,7.27,6.53,9.69,6.64
883000,8.67,7.09,6.72,9.72,6.41
884000,8.69,7.01,6.8,9.57,6.21
885000,8.61,6.98,6.82,9.41,6.19
886000,8.41,7.2,6.8,9.45,5.97
887000,8.12,7.17,6.75,9.19,5.99
888000,8.25,7.2,6.57,9.29,6.03
889000,8.04,7.22,6.53,9.51,6.25
890000,8.19,7.46,6.37,9.53,6.39
891000,7.84,7.56,6.38,9.67,6.32
892000,7.61,7.69,6.54,9.23,6.49
893000,7.8,7.73,6.71,8.92,6.56
894000,7.84,7.88,6.68,8.72,6.62
895000,8.08,7.88,6.81,8.63,6.73
896000,8.17,7.74,6.74,8.57,6.64
897000,8.0,7.85,6.65,8.49,6.68
898000,7.96,7.84,6.83,8.15,6.79
899000,7.95,7.76,6.66,7.91,6.95
900000,7.97,7.71,6.66,7.79,6.96
901000,7.94,7.66,6.6,7.88,7.17
902000,7.84,7.6,6.54,8.25,7.13
903000,7.67,7.5,6.56,8.42,7.05
904000,7.73,7.54,6.64,8.43,7.08
905000,7.78,7.76,6.73,8.44,7.25
906000,7.89,7.87,6.81,8.56,7.24
907000,7.87,7.72,6.76,8.65,7.31
908000,7.74,7.78,6.83,8.7,7.35
909000,8.02,7.95,6.92,8.57,7.29
910000,8.12,7.98,7.06,8.74,7.28
911000,8.04,7.95,6.97,8.5,7.39
912000,7.89,8.11,7.19,8.47,7.37
913000,7.82,8.02,7.25,8.52,7.22
914000,7.98,7.89,7.13,8.54,7.11
915000,7.93,7.94,7.28,8.26,7.02
916000,8.25,8.0,7.36,8.37,6.93
917000,8.2,7.73,7.27,8.56,6.91
918000,7.93,7.61,7.09,8.68,6.91
919000,8.09,7.43,7.13,8.9,6.97
920000,7.83,7.27,7.06,9.17,6.89
921000,8.1,7.33,6.97,9.29,7.04
922000,8.42,7.46,6.94,9.49,7.13
923000,8.69,7.57,6.82,9.44,7.15
924000,8.56,7.35,6.81,9.63,7.08
925000,8.58,7.38,6.86,9.58,7.13
926000,8.88,7.74,6.91,9.91,7.11
927000,9.29,7.76,6.87,10.24,7.09
928000,9.77,8.06,6.82,10.2,6.97
929000,9.73,8.15,6.74,10.26,6.92
930000,9.69,8.23,6.75,10.74,6.92
931000,9.79,8.06,6.97,10.1,6.89
932000,9.15,8.0,6.81,10.5,7.01
933000,8.82,7.94,6.61,10.31,7.0
934000,8.76,8.11,6.5,10.0,7.04
935000,8.66,8.05,6.37,9.76,7.06
936000,8.29,8.12,6.45,9.89,7.3
937000,8.02,7.93,6.61,9.85,7.37
938000,8.04,7.92,6.35,9.95,7.19
939000,8.11,7.98,6.35,9.55,7.31
940000,8.23,8.06,6.61,9.15,7.22
941000,8.5,8.27,6.62,9.33,7.32
942000,8.79,8.08,6.73,8.57,7.35
943000,8.93,8.14,6.9,8.66,7.46
944000,8.72,8.1,6.76,8.96,7.43
945000,8.81,7.99,6.86,9.03,7.36
946000,8.6,7.82,6.79,9.03,7.39
947000,8.65,7.9,6.77,8.86,7.47
948000,8.69,7.88,6.75,8.9,7.29
949000,8.59,7.75,6.59,9.07,7.08
950000,8.59,7.73,6.51,9.16,6.88
951000,8.82,7.75,6.51,9.06,6.64
952000,8.84,7.81,6.61,8.96,6.58
953000,9.13,7.93,6.59,8.72,6.56
954000,9.68,7.94,6.56,8.32,6.42
955000,9.49,7.91,6.49,7.71,6.35
956000,9.61,7.79,6.55,7.34,6.21
957000,9.76,7.84,6.61,7.08,6.28
958000,9.46,7.85,6.64,6.89,6.28
959000,9.41,7.61,6.71,7.1,6.22
960000,9.12,7.78,6.62,7.52,6.22
961000,8.97,7.74,6.68,7.65,6.31
962000,9.1,7.71,6.84,7.74,6.33
963000,8.87,7.65,7.07,7.81,6.39
964000,9.07,7.95,7.06,8.06,6.32
965000,8.61,7.95,6.96,8.29,6.37
966000,8.98,7.95,7.05,8.29,6.52
967000,9.06,7.94,6.93,8.37,6.55
968000,8.98,7.99,6.9,8.45,6.47
969000,9.17,7.62,6.93,8.29,6.44
970000,8.83,7.63,6.85,8.47,6.51
971000,9.01,7.5,6.74,8.67,6.52
972000,8.4,7.62,6.73,8.96,6.57
973000,8.28,7.54,6.74,9.33,6.41
974000,8.64,7.54,6.8,9.48,6.28
975000,8.11,7.34,6.82,9.42,6.13
976000,7.76,7.55,6.67,9.88,5.99
977000,7.88,7.75,6.58,10.13,5.93
978000,8.0,7.94,6.76,9.85,5.97
979000,7.97,8.03,6.83,9.75,5.93
980000,7.88,8.05,6.98,9.63,6.03
981000,8.08,8.1,7.0,9.54,6.06
982000,7.96,8.11,7.07,9.89,6.15
983000,8.06,7.95,7.01,9.63,6.21
984000,7.95,8.14,7.18,9.63,6.27
985000,8.16,8.38,7.27,9.55,6.2
986000,8.11,8.33,7.07,9.77,6.19
987000,8.13,8.25,7.07,9.52,6.2
988000,8.36,8.27,6.93,9.66,6.23
989000,8.68,8.25,6.76,9.52,6.24
990000,8.61,8.37,6.58,9.59,6.32
991000,8.65,8.37,6.59,9.26,6.14
992000,8.99,8.44,6.41,9.14,6.3
993000,8.96,8.55,6.64,9.11,6.33
994000,9.29,8.69,6.66,8.95,6.3
995000,9.07,8.47,6.58,9.16,6.36
996000,9.47,8.48,6.58,8.7,6.39
997000,9.27,8.7,6.69,8.55,6.4
998000,9.12,8.47,6.89,8.7,6.41
999000,8.98,8.33,6.82,9.03,6.44
1000000,9.29,8.28,6.89,8.83,6.26
1001000,9.32,8.31,6.96,8.95,6.33
1002000,9.29,8.23,6.87,9.13,6.32
1003000,9.39,8.16,6.86,9.03,6.34
1004000,9.27,8.08,6.9,9.23,6.28
1005000,9.25,8.16,7.09,8.9,6.32
1006000,9.27,8.19,7.15,9.17,6.35
1007000,9.78,8.16,7.22,9.07,6.58
1008000,9.91,8.17,7.21,9.08,6.58
1009000,10.4,8.28,7.06,8.95,6.33
1010000,9.95,8.38,7.25,9.1,6.34
1011000,9.79,8.24,7.33,9.21,6.37
1012000,9.21,8.33,7.29,9.55,6.24
1013000,9.32,8.36,7.35,9.6,6.15
1014000,9.64,8.17,7.14,9.49,6.07
1015000,9.39,8.1,6.75,9.68,5.88
1016000,9.67,7.99,6.75,9.93,6.02
1017000,9.42,8.05,6.8,9.9,6.02
1018000,9.6,7.92,6.74,9.94,6.04
1019000,9.81,8.1,6.75,10.11,6.16
1020000,9.64,8.15,6.75,10.1,6.16
1021000,9.57,8.19,6.72,9.93,6.22
1022000,10.14,7.99,6.78,9.51,6.36
1023000,10.18,8.06,6.98,9.45,6.31
1024000,10.11,8.21,7.01,9.42,6.38
1025000,10.35,8.18,7.03,9.41,6.3
1026000,10.76,8.28,7.0,8.99,6.28
1027000,10.26,8.34,7.05,9.02,6.34
1028000,10.18,8.3,7.06,9.0,6.31
1029000,10.07,8.14,7.14,8.92,6.39
1030000,10.32,8.15,7.14,8.74,6.44
1031000,10.45,8.15,7.19,8.71,6.46
1032000,10.57,8.15,7.34,8.64,6.39
1033000,10.49,8.09,7.49,8.48,6.41
1034000,10.44,7.87,7.47,8.64,6.47
1035000,10.07,7.9,7.52,8.65,6.33
1036000,10.03,7.91,7.39,8.74,6.37
1037000,10.13,7.93,7.22,8.81,6.34
1038000,10.0,7.98,7.3,8.59,6.34
1039000,9.67,7.76,7.16,8.53,6.33
1040000,9.08,7.7,7.13,8.91,6.32
1041000,8.89,7.91,7.08,9.27,6.26
1042000,8.92,7.94,6.95,9.2,6.24
1043000,8.33,8.07,6.95,9.2,6.41
1044000,8.58,8.14,7.03,9.17,6.44
1045000,8.36,8.05,7.19,9.27,6.32
1046000,8.5,8.09,7.29,9.41,6.21
1047000,8.57,8.16,7.21,9.08,6.42
1048000,8.53,8.07,7.18,9.1,6.4
1049000,8.58,8.26,7.12,9.23,6.11
1050000,8.12,8.45,7.19,8.95,6.14
1051000,8.49,8.24,7.18,8.84,6.07
1052000,8.93,8.28,7.02,8.92,6.23
1053000,9.09,8.5,7.0,9.06,6.34
1054000,9.2,8.54,6.85,9.14,6.21
1055000,9.4,8.55,6.84,9.27,6.17
1056000,9.54,8.55,6.82,9.1,6.27
1057000,9.49,8.46,6.7,9.5,6.11
1058000,9.72,8.56,6.78,9.63,6.17
1059000,9.91,8.74,6.79,9.69,6.11
1060000,10.31,8.66,6.65,10.0,6.14
1061000,10.6,8.73,6.58,10.08,6.15
1062000,10.39,8.66,6.67,9.83,6.12
1063000,10.24,8.49,6.59,10.27,6.22
1064000,10.35,8.48,6.69,10.27,6.33
1065000,10.38,8.47,6.67,10.06,6.37
1066000,10.23,8.5,6.59,9.83,6.24
1067000,10.02,8.44,6.7,10.05,6.18
1068000,9.53,8.49,6.84,9.56,6.32
1069000,9.82,8.52,6.85,10.01,6.35
1070000,9.71,8.62,6.98,10.14,6.49
1071000,9.68,8.57,7.04,10.04,6.49
1072000,9.36,8.62,6.99,10.36,6.5
1073000,9.06,8.71,7.01,10.55,6.54
1074000,8.79,8.66,7.03,10.08,6.72
1075000,9.09,8.69,6.98,9.9,6.71
1076000,9.04,8.74,7.02,10.28,6.48
1077000,9.19,8.88,7.02,10.34,6.37
1078000,9.24,8.84,6.87,10.09,6.4
1079000,9.24,8.99,6.84,10.27,6.42
1080000,9.47,9.21,6.86,10.08,6.47
1081000,9.3,9.19,7.03,9.67,6.36
1082000,9.46,9.06,6.87,9.38,6.35
1083000,9.57,8.8,6.87,8.96,6.43
1084000,9.77,8.9,6.87,9.11,6.43
1085000,9.65,8.99,6.99,8.8,6.56
1086000,9.71,9.15,7.11,8.76,6.52
1087000,10.04,9.12,7.01,8.87,6.47
1088000,9.99,9.26,6.88,8.93,6.5
1089000,9.87,9.28,6.9,8.82,6.47
1090000,9.84,8.77,6.99,9.0,6.45
1091000,9.99,8.58,7.06,8.73,6.5
1092000,9.9,8.87,7.11,8.63,6.47
1093000,10.4,9.06,7.2,9.01,6.39
1094000,10.56,8.89,7.09,9.15,6.29
1095000,10.29,8.77,7.32,9.22,6.23
1096000,9.97,8.58,7.33,9.08,6.21
1097000,10.25,8.62,7.35,9.1,6.19
1098000,10.12,8.19,7.31,9.4,6.17
1099000,10.22,8.3,7.25,9.68,6.0
1100000,9.82,8.29,7.3,9.52,6.05
1101000,9.77,8.35,7.24,9.92,6.22
1102000,9.76,8.25,7.15,10.41,6.32
1103000,9.62,8.28,7.07,10.49,6.19
1104000,9.41,8.51,7.23,10.58,6.38
1105000,9.6,8.4,7.24,10.54,6.52
1106000,9.83,8.58,7.3,10.97,6.39
1107000,9.56,8.41,7.19,10.88,6.61
1108000,9.82,8.55,7.03,10.59,6.67
1109000,9.95,8.66,6.92,10.13,6.65
1110000,10.04,8.93,6.89,10.45,6.62
1111000,10.09,8.88,6.91,10.16,6.67
1112000,10.08,8.97,6.91,9.75,6.76
1113000,10.0,9.07,6.94,9.91,6.68
1114000,9.81,9.09,6.76,9.49,6.89
1115000,9.94,9.1,6.82,9.44,6.84
1116000,9.85,9.48,6.96,9.46,6.82
1117000,9.76,9.59,6.85,9.59,6.8
1118000,9.63,9.52,6.99,9.59,6.92
1119000,9.68,9.67,6.99,9.55,6.81
1120000,9.96,9.6,6.9,9.31,6.77
1121000,10.11,9.66,6.86,9.5,6.72
1122000,10.08,9.64,7.07,9.5,6.67
1123000,10.07,9.75,7.02,9.19,6.49
1124000,10.21,9.81,7.02,9.45,6.48
1125000,10.35,9.95,7.2,9.41,6.28
1126000,10.57,9.73,6.99,9.38,6.29
1127000,10.7,9.65,7.08,9.41,6.23
1128000,10.51,9.34,7.02,9.28,6.43
1129000,9.62,9.57,7.01,9.26,6.58
1130000,9.23,9.75,7.03,9.47,6.69
1131000,9.25,9.81,7.07,9.56,6.71
1132000,9.5,9.73,7.16,9.2,6.61
1133000,9.68,9.66,7.1,9.18,6.53
1134000,9.73,9.6,7.1,9.21,6.57
1135000,9.47,9.56,7.23,8.74,6.37
1136000,9.13,9.48,7.04,8.73,6.24
1137000,9.04,9.53,7.15,8.59,6.3
1138000,9.58,9.67,6.98,8.78,6.36
1139000,9.9,9.59,6.92,8.67,6.41
1140000,9.65,9.41,6.95,8.66,6.61
1141000,9.25,9.24,6.94,8.73,6.75
1142000,9.43,9.13,6.92,9.13,6.84
1143000,9.08,8.77,6.68,9.19,6.88
1144000,9.03,8.69,7.04,9.2,7.03
1145000,9.02,8.66,7.09,9.75,6.72
1146000,8.85,8.72,7.15,9.6,6.62
1147000,8.97,8.72,7.24,9.47,6.66
1148000,9.05,8.34,7.26,9.5,6.63
1149000,8.85,8.28,7.17,9.53,6.42
1150000,9.25,8.45,7.28,9.23,6.43
1151000,9.02,8.51,7.11,9.46,6.49
1152000,8.79,8.47,7.0,9.52,6.38
1153000,8.58,8.71,6.81,9.67,6.61
1154000,8.59,8.79,6.82,9.76,6.61
1155000,8.82,8.79,6.83,9.47,6.69
1156000,8.7,8.79,6.87,9.54,6.76
1157000,8.97,8.62,6.8,9.71,6.65
1158000,9.15,9.11,6.83,9.94,6.58
1159000,9.41,9.15,6.91,9.84,6.65
1160000,9.24,9.44,6.78,10.26,6.81
1161000,9.6,9.59,6.86,10.07,6.67
1162000,9.89,9.64,6.84,9.85,6.65
1163000,10.06,9.58,6.66,9.64,6.65
1164000,10.14,9.76,6.34,9.63,6.51
1165000,10.33,9.97,6.39,9.28,6.73
1166000,10.27,10.08,6.42,9.12,6.76
1167000,10.2,10.25,6.57,9.22,6.76
1168000,10.1,10.33,6.63,8.84,6.75
1169000,10.0,10.44,6.72,8.73,6.96
1170000,10.36,10.46,6.7,9.07,7.04
1171000,10.41,10.59,6.82,9.37,6.96
1172000,10.41,10.45,7.18,9.05,7.01
1173000,10.35,10.39,7.29,9.4,7.06
1174000,10.37,10.24,7.27,9.23,7.11
1175000,10.54,10.18,7.2,9.69,7.05
1176000,10.75,10.12,7.31,9.73,7.03
1177000,10.44,10.04,7.12,9.58,6.92
1178000,10.54,9.96,7.1,9.7,6.77
1179000,10.76,9.75,6.95,9.92,6.76
1180000,10.66,9.68,6.84,9.17,6.64
1181000,10.38,9.57,6.87,8.88,6.51
1182000,10.26,9.42,6.99,9.24,6.47
1183000,10.24,9.38,7.12,9.12,6.6
1184000,10.52,9.13,6.96,9.28,6.38
1185000,10.27,9.12,7.04,9.09,6.47
1186000,10.39,9.35,7.14,9.21,6.62
1187000,10.19,9.36,7.07,9.16,6.65
1188000,10.18,9.33,7.18,9.2,6.74
1189000,10.3,9.29,7.29,8.88,6.62
1190000,10.25,9.4,7.13,9.24,6.62
1191000,10.37,9.8,7.19,9.61,6.63
1192000,10.31,9.72,7.28,9.42,6.73
1193000,10.25,9.78,6.97,9.44,6.73
1194000,10.22,9.88,6.8,9.4,6.7
1195000,10.32,10.0,6.76,9.55,6.8
1196000,10.4,10.05,6.62,9.85,6.82
1197000,10.52,10.06,6.65,9.96,7.05
1198000,10.45,9.77,6.61,10.18,6.88
1199000,10.61,9.95,6.29,10.25,6.66
1200000,10.54,9.74,6.52,10.07,6.72
1201000,10.17,9.51,6.74,9.9,6.7
1202000,10.4,9.31,6.85,10.06,6.81
1203000,10.42,9.25,6.95,10.39,6.79
1204000,10.82,9.33,6.95,10.64,6.78
1205000,11.0,9.26,6.79,10.46,6.77
1206000,11.11,9.29,6.87,10.1,6.88
1207000,10.95,9.23,7.06,9.46,7.24
1208000,10.94,9.23,6.96,9.68,6.9
1209000,10.74,9.42,7.03,9.23,7.06
1210000,10.72,9.3,6.93,9.48,6.97
1211000,10.77,9.27,6.7,9.53,7.03
1212000,10.73,9.2,6.82,9.61,7.03
1213000,10.97,9.23,6.9,9.88,6.95
1214000,11.06,9.31,6.84,9.53,6.93
1215000,10.88,9.03,7.0,9.53,6.65
1216000,10.82,9.1,6.91,9.84,7.08
1217000,10.88,8.79,6.59,10.34,6.94
1218000,10.74,8.81,6.79,10.42,6.94
1219000,10.43,8.98,6.77,10.25,6.86
1220000,10.65,8.89,6.83,10.46,6.84
1221000,10.65,8.75,6.75,10.02,6.85
1222000,10.63,9.11,6.68,10.12,6.85
1223000,10.14,9.08,6.52,9.98,6.99
1224000,10.4,9.21,6.64,9.85,7.14
1225000,9.98,9.05,6.73,9.73,7.23
1226000,10.06,9.22,6.73,9.58,7.29
1227000,10.32,9.22,6.61,8.85,7.13
1228000,10.12,9.53,6.66,8.82,7.22
1229000,9.77,9.32,6.72,9.17,7.14
1230000,9.94,9.48,6.77,9.0,7.09
1231000,9.8,9.68,6.8,9.53,7.12
1232000,10.04,9.88,6.84,9.28,7.02
1233000,9.91,9.8,6.83,9.21,6.74
1234000,9.82,9.92,6.94,9.37,6.72
1235000,9.84,9.99,7.17,9.97,6.83
1236000,9.9,9.91,7.12,9.92,6.88
1237000,9.19,9.97,7.13,9.89,7.02
1238000,8.95,9.82,7.35,10.1,7.11
1239000,9.02,9.84,7.05,9.83,7.14
1240000,9.03,9.78,7.06,9.99,7.05
1241000,9.24,9.71,7.14,9.73,7.11
1242000,9.29,9.57,6.84,9.94,7.19
1243000,9.24,9.59,6.75,10.0,7.3
1244000,9.38,9.35,6.78,10.08,7.14
1245000,9.24,9.52,6.89,9.54,7.05
1246000,9.33,9.12,6.92,9.32,6.65
1247000,9.75,8.84,7.31,9.45,6.73
1248000,9.57,8.97,7.42,9.42,6.65
1249000,10.02,9.07,7.42,9.73,6.68
1250000,9.69,9.11,7.39,9.91,6.65
1251000,9.84,9.3,7.58,9.84,6.48
1252000,9.83,9.18,7.54,9.94,6.31
1253000,9.99,9.12,7.57,9.33,6.54
1254000,10.15,9.23,7.24,9.43,6.74
1255000,10.08,9.53,6.84,9.37,6.62
1256000,9.83,9.57,6.74,9.34,6.81
1257000,10.1,9.63,6.84,9.18,6.79
1258000,10.48,9.85,6.91,9.46,6.81
1259000,10.63,10.01,6.87,9.04,6.86
1260000,10.48,9.84,6.91,9.13,7.06
1261000,10.65,9.87,6.79,9.05,7.16
1262000,10.44,9.81,6.88,8.8,7.11
1263000,10.34,9.81,7.03,9.14,7.11
1264000,10.61,9.59,7.17,8.92,7.05
1265000,10.5,9.45,6.94,9.2,6.98
1266000,10.41,9.31,6.96,9.37,6.99
1267000,10.19,9.28,6.97,9.65,6.98
1268000,10.14,9.51,7.04,9.84,6.8
1269000,9.4,9.54,7.16,10.01,6.79
1270000,9.66,9.53,7.38,10.08,6.89
1271000,9.74,9.63,7.45,10.35,6.98
1272000,9.53,9.63,7.57,10.48,6.85
1273000,9.92,9.27,7.48,10.78,6.97
1274000,9.52,9.16,7.54,10.64,6.71
1275000,9.28,9.36,7.64,10.35,6.74
1276000,9.62,9.58,7.54,10.17,7.0
1277000,9.69,9.69,7.49,10.09,7.07
1278000,10.06,9.7,7.43,9.76,7.0
1279000,10.17,9.7,7.43,9.65,7.02
1280000,10.53,9.65,7.43,9.66,7.18
1281000,9.81,9.77,7.32,9.52,6.95
1282000,10.12,9.88,7.25,9.29,7.25
1283000,10.53,10.03,7.12,9.25,7.24
1284000,10.3,10.03,6.94,9.66,7.27
1285000,10.34,10.29,6.76,9.85,7.35
1286000,10.61,10.28,6.87,9.85,7.31
1287000,10.24,10.23,6.76,10.01,7.4
1288000,10.31,10.21,6.56,10.24,7.2
1289000,10.31,10.06,6.72,10.45,7.37
1290000,10.8,10.15,6.98,10.27,7.32
1291000,10.77,10.09,6.87,9.96,7.22
1292000,11.1,9.73,7.09,10.13,7.27
1293000,10.82,9.42,7.21,9.67,7.05
1294000,10.71,9.34,7.23,9.86,7.01
1295000,10.94,9.63,7.14,9.48,6.83
1296000,10.79,9.42,7.36,9.67,6.97
1297000,10.88,9.74,7.29,9.33,6.96
1298000,10.92,9.79,7.28,9.02,6.7
1299000,11.17,9.86,7.19,8.9,6.48
1300000,10.95,9.88,7.03,8.79,6.34
1301000,10.75,9.77,7.23,9.14,6.24
1302000,10.65,9.65,7.3,8.96,6.32
1303000,10.83,9.68,7.35,9.38,6.32
1304000,10.98,10.03,7.29,9.34,6.21
1305000,11.03,10.21,7.27,9.46,6.3
1306000,10.81,10.09,7.24,9.46,6.56
1307000,10.47,10.1,7.43,9.88,6.74
1308000,10.61,10.51,7.55,10.16,6.81
1309000,10.29,10.55,7.76,10.48,6.98
1310000,10.33,10.73,7.71,10.3,7.0
1311000,10.43,10.49,7.59,10.47,6.99
1312000,10.45,10.73,7.5,10.66,7.06
1313000,10.54,10.67,7.52,10.75,6.99
1314000,10.35,10.69,7.35,10.7,6.86
1315000,10.3,10.98,7.27,10.48,6.98
1316000,10.27,11.06,7.37,10.39,7.0
1317000,10.38,10.89,7.35,10.21,6.98
1318000,10.46,10.94,7.13,9.59,7.02
1319000,10.57,11.06,7.19,9.67,6.92
1320000,10.73,10.75,7.17,9.65,7.1
1321000,10.72,10.63,7.49,9.55,7.24
1322000,10.71,10.34,7.51,8.84,7.33
1323000,10.64,10.56,7.61,8.7,7.57
1324000,10.4,10.2,7.77,8.75,7.31
1325000,10.6,10.49,7.59,8.85,7.42
1326000,10.76,10.77,7.7,8.8,7.54
1327000,10.95,10.77,7.74,9.2,7.51
1328000,11.09,10.67,7.59,9.51,7.43
1329000,11.22,10.99,7.48,9.13,7.26
1330000,11.03,10.78,7.34,8.98,7.22
1331000,11.05,10.97,7.39,9.28,6.89
1332000,11.15,11.26,7.29,9.86,6.78
1333000,10.92,11.19,7.33,9.79,6.55
1334000,10.91,11.39,7.42,10.01,6.36
1335000,11.06,11.61,7.36,9.8,6.26
1336000,11.01,11.39,7.46,10.22,6.29
1337000,11.12,11.05,7.75,10.23,6.26
1338000,11.18,10.99,7.75,10.32,6.38
1339000,10.84,10.99,7.8,10.36,6.56
1340000,10.89,11.3,7.97,10.58,6.8
1341000,11.11,11.22,8.04,11.01,7.03
1342000,11.0,11.08,7.79,10.82,7.14
1343000,10.58,11.12,7.65,10.54,7.31
1344000,10.52,10.82,7.68,10.73,7.2
1345000,10.7,10.88,7.57,10.71,7.15
1346000,10.85,10.76,7.36,10.82,7.12
1347000,10.84,10.35,7.41,10.92,7.07
1348000,10.62,10.49,7.34,10.79,7.0
1349000,9.9,10.78,7.29,10.53,6.95
1350000,9.52,10.89,7.37,10.44,6.78
1351000,9.43,10.87,7.3,10.81,6.82
1352000,9.58,10.76,7.56,11.16,7.06
1353000,9.85,10.81,7.45,10.89,7.15
1354000,10.2,10.72,7.61,11.17,7.06
1355000,9.91,10.82,7.69,11.31,6.9
1356000,9.47,11.13,7.7,11.32,6.9
1357000,9.92,10.99,7.61,11.14,6.97
1358000,9.7,10.57,7.73,10.56,7.14
1359000,10.08,10.65,7.8,10.44,7.03
1360000,10.43,10.34,7.98,10.82,7.03
1361000,10.56,10.41,7.86,10.57,7.01
1362000,10.32,10.38,7.95,10.44,6.94
1363000,10.49,9.88,7.84,9.85,7.12
1364000,10.45,10.07,7.55,10.0,7.27
1365000,10.24,9.86,7.38,9.91,7.25
1366000,10.31,9.7,7.59,9.7,7.02
1367000,10.06,9.72,7.58,9.99,7.19
1368000,9.9,9.75,7.65,10.01,7.18
1369000,9.6,9.87,7.44,10.04,7.27
1370000,9.53,9.91,7.48,10.18,7.33
1371000,9.12,10.12,7.53,9.97,7.25
1372000,8.97,10.48,7.66,10.3,7.34
1373000,8.95,10.66,7.65,10.14,7.26
1374000,8.62,10.68,7.68,10.13,7.33
1375000,8.96,10.89,7.49,9.96,7.44
1376000,9.21,11.1,7.36,9.78,7.38
1377000,9.09,11.09,7.12,10.08,7.17
1378000,9.32,10.94,7.35,9.42,7.26
1379000,9.58,10.82,7.1,9.49,7.27
1380000,10.21,10.74,7.05,9.8,7.27
1381000,10.63,11.0,7.25,9.78,7.29
1382000,10.99,10.85,7.32,9.92,7.31
1383000,11.03,11.22,7.4,9.65,7.25
1384000,10.93,11.36,7.34,9.98,7.31
1385000,11.21,11.34,7.32,10.37,7.41
1386000,11.25,11.23,7.5,10.23,7.46
1387000,10.83,11.33,7.43,10.32,7.28
1388000,10.8,11.09,7.52,10.11,7.35
1389000,10.99,11.37,7.58,10.41,7.36
1390000,10.8,10.98,7.65,10.32,7.41
1391000,10.08,11.05,7.61,10.15,7.4
1392000,9.76,11.15,7.7,9.97,7.36
1393000,9.49,11.13,7.71,9.93,7.45
1394000,9.77,11.08,7.89,9.62,7.43
1395000,9.51,10.73,8.03,9.17,7.59
1396000,9.98,10.57,8.1,9.29,7.79
1397000,9.78,10.77,8.21,9.44,8.0
1398000,10.01,10.74,8.25,9.34,7.94
1399000,9.8,10.62,8.12,10.14,8.04
1400000,9.61,10.66,8.27,10.18,8.06
1401000,9.61,10.5,8.3,10.13,8.04
1402000,9.93,10.78,8.4,10.34,8.01
1403000,10.04,10.56,8.47,10.18,8.16
1404000,9.95,10.68,8.34,10.37,7.73
1405000,9.71,10.27,8.52,10.71,7.89
1406000,9.41,10.3,8.72,10.8,7.83
1407000,9.98,10.55,8.77,10.72,7.93
1408000,9.37,10.29,8.88,10.59,8.0
1409000,9.71,10.01,8.9,10.93,7.7
1410000,10.13,9.89,8.86,10.04,7.76
1411000,10.13,10.06,8.76,9.67,7.66
1412000,10.32,10.07,8.63,9.87,7.62
1413000,9.5,9.89,8.57,9.76,7.78
1414000,9.37,10.03,8.44,9.8,7.65
1415000,9.41,9.97,8.23,9.65,7.52
1416000,9.32,10.11,8.06,9.77,7.3
1417000,9.0,10.08,7.97,9.61,7.43
1418000,9.15,10.07,7.75,9.87,7.6
1419000,8.61,9.91,7.76,9.95,7.55
1420000,8.75,9.92,7.99,9.77,7.85
1421000,9.0,9.81,7.98,10.06,7.84
1422000,9.1,9.85,8.0,10.22,7.77
1423000,9.72,9.86,8.08,10.42,7.78
1424000,9.83,10.08,8.21,10.47,7.68
1425000,10.02,10.14,8.22,10.55,7.86
1426000,10.02,10.37,8.32,10.65,7.65
1427000,10.27,10.61,8.46,10.9,7.61
1428000,10.12,10.88,8.57,10.94,7.76
1429000,9.96,10.94,8.35,10.85,7.72
1430000,10.07,11.1,7.9,10.59,7.5
1431000,9.57,11.08,7.99,10.46,7.58
1432000,9.25,10.91,8.0,10.54,7.53
1433000,9.04,11.07,7.91,10.44,7.71
1434000,8.9,11.36,7.87,10.16,7.89
1435000,8.56,11.3,7.81,9.86,7.96
1436000,8.46,11.08,7.95,9.52,7.91
1437000,8.55,11.42,7.88,8.99,7.95
1438000,8.88,10.98,8.06,8.98,7.87
1439000,9.14,10.61,7.97,9.03,8.13
1440000,9.16,10.63,8.24,9.04,7.96
1441000,9.09,10.72,8.32,9.26,8.05
1442000,9.39,10.78,8.22,9.13,8.16
1443000,9.81,10.63,8.47,9.1,8.03
1444000,9.61,10.99,8.27,9.13,8.1
1445000,9.65,10.97,8.07,9.63,8.18
1446000,9.21,11.13,7.98,9.74,8.16
1447000,9.43,11.08,8.24,9.93,7.89
1448000,8.86,11.03,8.4,9.76,7.99
1449000,8.94,10.85,8.45,9.48,8.02
1450000,9.18,11.05,8.16,9.42,8.13
1451000,9.5,10.85,8.15,9.67,8.16
1452000,8.7,11.13,8.03,9.9,8.05
1453000,8.57,11.3,7.95,10.21,7.86
1454000,8.92,11.07,8.16,10.02,7.87
1455000,9.11,11.02,8.19,10.27,7.8
1456000,9.22,11.26,8.09,9.99,8.01
1457000,9.14,10.98,8.08,9.94,7.94
1458000,9.16,10.96,8.08,10.22,8.0
1459000,9.59,10.94,8.39,10.45,7.96
1460000,9.75,11.18,8.26,10.75,8.11
1461000,9.55,11.29,8.53,11.13,8.33
1462000,9.74,11.42,8.53,10.76,8.38
1463000,9.7,11.74,8.59,10.8,8.41
1464000,9.87,11.46,8.16,10.83,8.33
1465000,9.96,10.81,7.96,10.58,7.99
1466000,10.41,10.83,7.67,10.38,8.11
1467000,10.67,11.1,7.82,9.75,8.18
1468000,10.75,10.89,7.65,9.43,7.95
1469000,10.97,10.76,7.81,8.85,7.42
1470000,9.92,10.67,7.71,8.77,7.49
1471000,9.23,10.32,7.51,8.72,7.39
1472000,9.26,10.48,7.6,8.64,7.65
1473000,9.34,10.74,7.75,8.16,7.69
1474000,9.32,10.63,8.07,8.44,7.77
1475000,9.0,10.46,8.25,8.86,7.69
1476000,8.36,10.64,8.32,9.06,7.59
1477000,8.44,10.96,8.29,9.58,7.8
1478000,8.14,11.05,8.2,9.92,8.06
1479000,8.56,11.18,8.28,10.19,8.12
1480000,9.02,11.18,8.4,10.64,8.14
1481000,9.07,11.2,8.29,10.32,8.35
1482000,9.3,11.24,8.37,10.3,8.4
1483000,9.62,11.26,8.57,10.65,8.26
1484000,9.63,11.6,8.5,10.96,8.43
1485000,9.69,11.4,8.44,10.69,8.57
1486000,10.03,11.3,8.4,10.8,8.58
1487000,10.03,11.29,8.38,10.92,8.56
1488000,10.04,11.42,8.17,10.59,8.27
1489000,10.05,11.46,8.2,10.0,8.2
1490000,9.97,11.62,8.09,9.89,8.42
1491000,9.88,11.61,8.37,10.19,8.21
1492000,10.08,11.52,8.2,9.88,8.13
1493000,9.61,11.61,8.19,10.3,8.2
1494000,9.67,11.98,8.01,10.49,8.23
1495000,9.64,12.28,7.98,10.5,8.33
1496000,9.68,12.55,7.85,10.61,8.11
1497000,9.81,12.55,7.82,9.88,8.35
1498000,9.73,12.5,7.83,10.34,8.33
1499000,9.89,12.81,8.11,10.34,8.41
1500000,9.8,13.08,8.06,10.76,8.28
1501000,9.79,13.0,8.2,10.88,8.16
1502000,10.09,13.07,8.22,10.93,8.39
1503000,9.4,13.27,8.47,11.15,8.32
1504000,9.96,13.47,8.53,11.27,8.25
1505000,9.64,13.27,8.73,11.54,8.29
1506000,10.01,13.25,8.71,11.55,8.37
1507000,10.08,12.78,8.7,11.49,8.19
1508000,10.14,12.9,8.75,11.64,8.16
1509000,9.95,12.87,8.64,11.9,8.13
1510000,10.1,12.67,8.73,11.72,8.14
1511000,10.48,12.51,8.6,11.57,8.26
1512000,10.47,12.68,8.61,11.65,8.38
1513000,10.58,12.7,8.49,11.27,8.38
1514000,11.09,12.21,8.49,11.07,8.27
1515000,10.96,11.94,8.42,10.76,8.21
1516000,11.02,11.94,8.64,9.95,8.24
1517000,11.06,11.76,8.71,9.45,8.49
1518000,10.68,11.74,8.52,9.41,8.61
1519000,10.87,11.72,8.47,8.98,8.8
1520000,11.05,11.92,8.47,8.92,9.01
1521000,10.82,12.19,8.37,8.93,8.99
1522000,10.86,12.12,8.15,9.0,9.05
1523000,11.07,12.23,8.09,9.17,9.02
1524000,10.85,12.25,8.12,9.27,9.14
1525000,10.88,12.12,7.93,9.22,9.2
1526000,10.35,11.83,8.19,9.32,8.91
1527000,10.27,11.87,8.29,9.82,8.7
1528000,9.86,11.89,8.28,10.02,8.28
1529000,10.41,12.22,8.5,10.03,8.2
1530000,10.15,12.01,8.56,10.27,7.99
1531000,9.99,12.18,8.56,10.53,7.49
1532000,9.78,12.14,8.81,10.44,7.71
1533000,9.39,11.87,8.92,10.0,7.54
1534000,9.59,11.66,8.93,10.01,7.64
1535000,9.73,11.67,8.98,9.82,7.69
1536000,9.84,11.73,8.91,9.64,7.8
1537000,9.79,11.73,8.75,9.82,8.11
1538000,10.21,11.9,8.74,9.49,8.09
1539000,10.51,11.86,8.74,9.45,7.95
1540000,10.6,11.72,8.52,9.19,8.0
1541000,10.49,11.92,8.73,8.56,7.75
1542000,10.58,11.66,8.79,8.85,7.91
1543000,10.09,11.48,8.73,9.12,7.69
1544000,10.46,11.26,8.72,9.21,8.07
1545000,10.12,11.37,8.77,9.66,8.1
1546000,10.01,11.41,8.75,9.99,7.68
1547000,10.03,11.74,8.57,9.96,7.83
1548000,9.34,11.74,8.57,9.79,7.9
1549000,9.16,11.47,8.6,10.02,8.2
1550000,8.99,11.2,8.74,10.08,8.4
1551000,9.17,11.6,8.74,10.32,8.61
1552000,9.15,11.72,8.77,10.71,8.52
1553000,9.54,12.03,8.74,10.46,8.27
1554000,9.92,12.15,8.59,10.63,8.23
1555000,9.94,12.19,8.72,10.64,8.39
1556000,10.14,12.07,8.65,10.59,8.54
1557000,10.02,12.11,8.65,10.64,8.92
1558000,9.9,12.3,8.58,10.64,9.1
1559000,10.08,12.39,8.61,10.81,9.12
1560000,9.93,12.49,8.66,10.66,9.34
1561000,9.91,12.32,8.22,10.74,9.18
1562000,10.27,12.22,8.47,10.72,9.23
1563000,10.31,12.42,8.04,10.88,9.04
1564000,10.21,12.49,8.05,10.86,8.87
1565000,9.71,12.45,8.01,11.39,8.72
1566000,9.92,11.9,8.02,11.55,8.33
1567000,10.21,11.76,8.3,11.4,8.29
1568000,10.68,11.6,7.95,10.91,8.36
1569000,11.03,11.97,7.9,10.51,7.75
1570000,11.05,12.05,8.15,10.69,8.1
1571000,11.27,11.86,7.71,10.65,8.62
1572000,11.33,11.67,7.57,10.66,8.75
1573000,11.44,11.79,7.53,10.92,8.77
1574000,10.77,11.89,7.69,10.49,8.54
1575000,11.21,11.33,7.96,10.56,8.78
1576000,11.18,11.44,8.07,10.26,9.14
1577000,11.17,11.29,8.15,10.16,9.29
1578000,10.7,11.29,8.28,10.28,9.46
1579000,10.61,11.57,8.43,10.37,9.54
1580000,10.58,11.58,8.36,10.46,9.46
1581000,10.83,11.51,8.59,10.45,9.23
1582000,10.86,11.07,8.75,10.31,9.24
1583000,10.73,11.24,8.9,10.43,9.43
1584000,10.42,11.46,8.81,10.44,9.77
1585000,10.88,11.48,8.42,10.34,10.17
1586000,10.66,11.49,8.22,10.37,10.04
1587000,10.63,11.33,8.28,10.0,9.78
1588000,10.28,11.35,8.02,9.82,9.33
1589000,10.25,11.25,8.09,9.73,9.3
1590000,10.36,11.07,8.34,9.77,9.36
1591000,10.41,10.69,8.38,10.03,9.76
1592000,10.2,10.66,8.65,10.03,9.95
1593000,10.4,10.52,8.46,10.36,9.56
1594000,10.5,10.82,8.55,10.28,9.88
1595000,10.02,10.69,8.59,10.21,9.21
1596000,10.07,10.72,8.72,10.4,9.08
1597000,10.39,10.28,8.69,10.4,9.01
1598000,10.57,10.2,8.51,10.9,9.06
1599000,10.7,10.46,8.63,11.2,9.11
1600000,10.82,10.62,8.5,10.81,9.16
1601000,10.96,10.7,8.3,11.22,9.0
1602000,10.9,10.7,8.35,11.37,8.84
1603000,10.61,10.91,8.37,11.32,8.66
1604000,10.4,10.94,8.37,11.39,8.72
1605000,10.1,11.24,8.57,11.31,8.88
1606000,10.06,11.32,8.61,11.23,9.19
1607000,9.69,11.25,8.59,11.32,9.25
1608000,9.31,11.08,8.86,11.35,9.36
1609000,9.61,11.33,8.94,11.2,9.27
1610000,8.93,10.99,9.18,11.13,9.4
1611000,8.69,11.1,9.15,11.23,9.28
1612000,8.97,10.92,9.17,10.91,9.4
1613000,8.92,11.06,9.22,10.98,9.07
1614000,9.0,10.88,9.1,10.52,9.08
1615000,9.47,10.74,8.87,10.7,8.94
1616000,9.2,10.84,8.92,10.61,8.99
1617000,9.31,11.08,8.93,10.99,8.73
1618000,9.54,11.13,8.9,10.8,8.45
1619000,9.31,11.22,8.99,10.9,8.33
1620000,9.6,11.2,8.82,10.88,8.49
1621000,9.83,11.77,8.85,10.75,8.38
1622000,10.19,11.79,8.82,11.0,8.4
1623000,9.88,11.7,8.88,11.18,8.75
1624000,10.14,11.62,9.03,10.89,8.86
1625000,9.84,11.58,9.14,10.65,8.98
1626000,10.27,11.9,9.24,10.34,9.01
1627000,10.49,12.03,9.11,10.47,9.31
1628000,10.81,12.03,9.07,10.37,9.52
1629000,11.03,12.04,9.11,10.34,9.47
1630000,11.07,12.04,8.9,10.0,9.45
1631000,10.81,11.64,9.0,10.11,9.79
1632000,10.85,11.87,8.98,10.3,10.26
1633000,10.51,11.93,9.13,9.78,10.19
1634000,10.64,12.3,9.08,10.01,10.35
1635000,10.57,11.74,9.23,10.02,10.24
1636000,11.0,12.14,8.99,10.06,10.55
1637000,11.42,12.41,8.9,10.19,10.44
1638000,11.05,12.35,8.91,10.0,10.73
1639000,10.99,12.34,8.46,9.76,10.59
1640000,11.05,12.34,8.74,10.01,10.99
1641000,10.88,12.32,8.45,9.47,10.46
1642000,11.2,12.5,8.38,9.3,10.02
1643000,10.89,12.76,8.29,9.28,9.91
1644000,10.73,12.55,8.32,9.64,9.86
1645000,11.02,12.76,8.4,9.6,9.78
1646000,11.11,12.39,8.29,10.05,9.73
1647000,10.68,12.27,8.44,9.99,9.66
1648000,10.72,11.96,8.41,9.88,8.94
1649000,10.72,12.38,8.43,9.85,8.69
1650000,10.41,12.51,8.36,9.98,8.51
1651000,10.28,12.31,8.32,10.17,9.1
1652000,10.18,12.67,8.16,10.77,9.01
1653000,10.36,13.09,8.09,11.21,9.42
1654000,10.61,13.09,8.03,11.35,9.66
1655000,10.7,12.78,7.92,11.86,9.95
1656000,10.66,12.88,7.9,11.95,9.96
1657000,10.95,12.54,7.88,11.64,10.0
1658000,10.87,12.62,7.99,11.25,10.27
1659000,10.64,12.75,8.12,11.44,11.01
1660000,10.4,12.69,8.36,11.51,11.12
1661000,10.58,12.78,8.3,11.51,11.1
1662000,10.73,12.77,8.27,11.61,10.83
1663000,10.73,12.64,8.03,11.34,10.95
1664000,10.7,12.3,8.09,11.02,10.94
1665000,10.68,11.94,8.24,10.63,10.8
1666000,10.69,11.31,8.28,10.41,10.56
1667000,10.65,11.28,8.08,10.12,10.29
1668000,10.59,11.34,8.02,10.23,10.49
1669000,10.55,11.41,7.89,10.29,10.44
1670000,10.67,11.4,8.06,10.26,9.64
1671000,10.7,11.4,8.13,10.22,9.82
1672000,11.1,11.23,8.36,10.57,9.85
1673000,11.24,11.21,8.68,10.74,10.11
1674000,11.31,11.17,8.84,10.91,10.3
1675000,11.03,11.35,8.64,11.19,10.15
1676000,10.74,11.39,8.6,11.49,10.47
1677000,10.89,11.52,8.73,11.46,9.87
1678000,11.17,11.65,8.8,11.11,9.15
1679000,10.78,11.76,8.74,11.06,9.33
1680000,11.02,11.54,8.51,10.92,9.4
1681000,11.36,11.66,8.65,11.37,9.36
1682000,11.05,11.55,8.28,11.83,9.42
1683000,10.36,11.8,8.13,11.96,9.41
1684000,10.08,11.92,8.29,12.23,9.3
1685000,10.17,11.72,8.29,12.03,8.96
1686000,10.56,11.49,8.18,11.25,8.38
1687000,10.4,11.67,8.09,10.75,8.59
1688000,10.05,11.51,8.07,10.77,8.48
1689000,9.97,11.56,8.11,11.13,8.73
1690000,9.95,11.42,8.05,11.46,8.55
1691000,9.64,11.37,8.19,11.31,8.45
1692000,9.68,11.3,8.31,11.5,8.26
1693000,10.22,11.58,8.15,11.18,8.24
1694000,10.05,11.35,8.05,11.02,8.5
1695000,10.39,10.89,7.91,10.84,9.16
1696000,10.51,11.11,7.89,10.74,9.69
1697000,10.46,10.95,7.53,10.73,10.0
1698000,10.57,10.93,7.59,11.15,10.22
1699000,10.44,11.23,7.55,11.46,10.46
1700000,10.83,11.1,7.53,11.55,10.15
1701000,10.74,11.17,7.48,11.26,10.19
1702000,10.97,11.12,7.53,11.07,9.98
1703000,10.95,11.17,7.66,11.24,9.72
1704000,10.73,11.05,7.71,11.58,9.34
1705000,10.73,10.8,7.7,11.6,8.8
1706000,9.71,10.78,7.93,11.34,8.56
1707000,9.58,10.75,7.89,11.39,8.24
1708000,9.45,10.82,7.96,11.43,8.2
1709000,9.41,10.82,7.6,11.42,8.24
1710000,9.09,11.02,7.41,11.43,8.3
1711000,9.14,10.83,7.46,11.42,8.52
1712000,9.04,10.69,7.57,11.46,8.79
1713000,9.24,10.63,7.49,11.08,9.2
1714000,8.86,10.49,7.44,10.9,9.42
1715000,8.94,10.43,7.59,10.78,9.77
1716000,8.96,10.54,7.54,10.46,10.39
1717000,8.86,10.94,7.49,10.8,10.43
1718000,8.66,11.0,7.67,10.7,10.53
1719000,8.9,11.2,8.03,10.53,10.6
1720000,9.32,11.42,8.34,10.3,10.9
1721000,9.22,11.39,8.37,10.21,11.04
1722000,9.5,11.42,8.31,9.23,10.75
1723000,9.42,11.33,8.43,9.12,10.94
1724000,9.72,11.67,8.63,9.09,10.81
1725000,10.01,11.81,8.64,8.85,10.58
1726000,10.33,11.73,8.58,8.11,10.91
1727000,10.45,11.73,8.83,7.97,10.57
1728000,10.65,11.99,8.66,8.08,10.57
1729000,10.87,12.01,8.46,8.0,10.51
1730000,10.69,12.08,8.49,7.79,10.26
1731000,10.74,11.96,8.16,8.21,10.08
1732000,10.63,11.86,8.1,8.3,10.1
1733000,10.58,11.85,8.02,8.12,10.07
1734000,10.38,12.15,7.92,7.79,10.16
1735000,9.96,12.24,7.97,7.45,10.17
1736000,9.64,11.98,8.09,6.91,9.99
1737000,9.55,11.78,8.15,6.34,9.7
1738000,9.49,12.02,8.03,5.61,9.52
1739000,9.59,12.08,7.76,5.16,9.48
1740000,9.89,12.36,8.06,4.81,9.59
1741000,9.82,12.66,8.27,4.83,9.58
1742000,9.92,12.77,8.19,4.41,9.86
1743000,10.24,12.45,8.42,4.39,9.85
1744000,10.45,12.09,8.32,4.38,10.0
1745000,10.53,12.05,8.44,4.53,9.91
1746000,10.74,12.06,8.21,4.36,10.1
1747000,10.81,12.01,8.29,4.39,10.4
1748000,10.81,11.84,8.61,4.13,10.42
1749000,10.83,12.0,8.47,4.26,10.35
1750000,10.86,12.03,8.34,4.26,10.25
1751000,11.44,12.28,8.37,4.28,10.43
1752000,11.27,12.23,8.58,4.05,10.61
1753000,11.64,12.35,8.39,4.04,10.28
1754000,11.53,12.33,8.41,3.9,10.3
1755000,11.66,12.36,8.4,3.84,10.16
1756000,11.78,12.22,8.46,3.85,10.51
1757000,11.6,12.43,8.72,3.95,9.76
1758000,11.81,12.48,8.49,3.92,9.62
1759000,11.73,12.54,8.53,3.72,9.89
1760000,12.06,12.52,8.71,3.43,10.44
1761000,12.35,12.47,8.92,3.32,10.29
1762000,12.42,12.35,8.8,2.99,10.6
1763000,11.87,12.29,8.78,2.78,10.84
1764000,12.08,12.36,9.02,2.61,11.35
1765000,12.01,12.37,8.85,2.61,11.36
1766000,11.92,12.28,9.01,2.8,11.44
1767000,11.37,12.34,8.92,2.96,10.9
1768000,11.36,12.3,9.03,3.3,10.65
1769000,11.79,12.36,8.98,3.46,11.34
1770000,11.62,12.61,9.26,3.57,11.31
1771000,11.42,12.65,9.22,3.7,11.57
1772000,11.19,12.75,9.37,3.82,11.36
1773000,11.45,12.98,9.42,3.85,11.28
1774000,11.86,13.1,9.51,4.09,11.21
1775000,12.26,13.19,9.68,4.19,10.95
1776000,12.38,13.01,9.78,4.33,10.95
1777000,12.07,13.27,9.76,4.27,10.67
1778000,11.82,13.47,9.96,4.24,10.74
1779000,11.68,13.35,10.02,4.25,11.22
1780000,11.45,13.21,10.1,4.37,11.18
1781000,11.47,13.5,9.96,4.3,10.99
1782000,11.52,13.22,9.86,4.4,10.62
1783000,11.69,13.41,10.0,4.5,11.0
1784000,11.93,13.57,9.89,4.63,10.88
1785000,11.7,13.57,9.8,4.73,10.64
1786000,11.29,13.17,9.76,4.84,10.69
1787000,11.18,12.73,9.85,5.13,10.66
1788000,11.28,12.48,9.68,5.27,11.02
1789000,11.25,12.29,9.63,5.4,11.26
1790000,11.4,12.12,9.39,5.52,11.33
1791000,11.28,12.04,9.11,5.4,11.39
1792000,11.46,11.89,9.51,5.13,11.48
1793000,11.6,11.96,9.39,5.04,11.54
1794000,11.27,12.11,9.18,4.93,11.42
1795000,10.59,12.23,9.18,5.05,11.06
1796000,10.5,12.35,9.03,5.15,11.14
1797000,10.22,11.89,8.98,5.21,11.32
1798000,9.87,11.76,9.17,5.44,11.05
1799000,9.82,11.81,9.25,5.38,10.98
1800000,9.97,12.2,9.42,5.53,10.92
1801000,9.62,12.48,9.59,5.48,11.02
1802000,9.44,12.76,9.67,5.4,10.84
1803000,9.2,13.02,9.33,5.5,10.96
1804000,9.24,13.17,9.2,5.49,11.36
1805000,9.26,13.35,9.32,5.89,11.51
1806000,9.29,13.34,9.4,5.85,11.71
1807000,9.41,13.37,9.49,5.77,11.94
1808000,9.45,13.53,9.48,5.86,12.08
1809000,9.33,12.79,9.38,5.91,12.01
1810000,9.51,12.63,9.41,6.06,12.07
1811000,9.55,12.17,9.11,5.93,11.71
1812000,9.78,11.58,9.15,5.83,11.83
1813000,9.79,11.05,8.82,6.06,11.81
1814000,9.79,11.04,8.91,6.1,11.66
1815000,9.62,11.08,8.93,6.03,11.91
1816000,9.85,10.43,8.96,5.82,11.68
1817000,9.95,10.51,8.8,5.69,11.54
1818000,9.83,10.64,8.93,5.72,11.31
1819000,10.27,10.5,8.86,5.75,11.59
1820000,10.3,10.61,8.95,5.54,11.68
1821000,10.17,10.95,9.21,5.48,11.66
1822000,10.21,10.96,9.55,5.3,11.52
1823000,10.05,10.94,9.33,5.66,11.86
1824000,10.04,11.38,9.21,5.62,11.77
1825000,9.88,11.87,9.12,5.72,11.85
1826000,9.77,11.87,9.24,5.76,10.96
1827000,9.47,11.81,9.39,5.87,10.68
1828000,9.57,11.61,9.45,6.17,10.82
1829000,9.45,11.92,9.21,6.2,11.08
1830000,9.9,12.16,9.41,6.37,10.7
1831000,9.84,12.14,9.28,6.33,10.71
1832000,9.94,12.22,9.25,6.34,10.49
1833000,10.1,12.54,9.27,6.13,10.24
1834000,10.14,12.39,9.73,6.21,10.52
1835000,10.24,12.42,9.96,6.23,10.81
1836000,10.15,12.52,10.31,6.34,10.86
1837000,10.12,12.8,10.3,6.39,11.37
1838000,10.29,13.04,10.14,6.21,11.63
1839000,9.88,12.74,10.43,6.29,11.91
1840000,9.38,12.99,10.27,6.56,12.01
1841000,9.02,13.19,10.38,6.34,11.82
1842000,9.03,13.13,10.42,6.29,11.93
1843000,9.22,13.1,10.6,6.22,12.01
1844000,9.57,12.95,10.36,6.17,12.37
1845000,9.95,12.61,10.36,6.31,12.68
1846000,10.32,12.37,10.05,6.1,12.69
1847000,10.63,12.26,10.31,6.03,12.58
1848000,10.55,12.05,10.45,6.35,12.42
1849000,10.47,12.32,10.08,6.31,12.34
1850000,10.77,12.15,10.19,6.28,11.69
1851000,10.56,11.79,10.13,6.38,11.73
1852000,11.04,12.0,10.25,6.5,11.66
1853000,11.36,12.19,10.16,6.54,11.89
1854000,11.05,11.79,9.83,6.58,11.94
1855000,10.87,11.76,10.05,6.53,11.84
1856000,10.63,11.92,10.2,6.6,11.76
1857000,10.69,12.06,10.42,6.71,11.88
1858000,10.39,12.18,10.29,6.64,11.73
1859000,10.31,12.27,10.26,6.66,11.72
1860000,10.27,12.2,10.27,6.5,11.53
1861000,10.46,11.97,10.66,6.61,11.79
1862000,10.3,12.16,10.38,6.72,12.1
1863000,9.66,11.95,10.52,6.79,12.22
1864000,9.5,12.22,10.73,6.89,12.25
1865000,9.36,12.55,10.85,6.79,11.89
1866000,9.88,12.44,10.81,6.72,11.65
1867000,9.87,12.2,10.5,6.41,11.22
1868000,10.12,12.24,10.42,6.47,10.41
1869000,10.33,12.51,10.4,6.66,10.26
1870000,10.55,12.36,10.54,6.63,10.24
1871000,10.7,12.32,10.4,6.62,10.12
1872000,10.73,12.55,10.3,6.55,9.92
1873000,10.76,12.54,10.34,6.61,10.37
1874000,10.8,12.86,10.61,6.92,10.35
1875000,10.95,12.93,10.42,7.11,10.62
1876000,11.15,13.42,9.99,6.86,10.75
1877000,10.65,12.96,10.12,6.69,10.78
1878000,10.52,13.19,9.97,6.75,10.85
1879000,10.45,13.0,10.35,6.83,11.34
1880000,10.47,13.13,10.54,6.92,11.86
1881000,10.32,13.04,10.4,7.01,11.99
1882000,9.98,12.93,10.54,7.09,12.07
1883000,10.19,13.21,10.87,7.04,12.25
1884000,10.46,13.05,10.73,7.28,12.53
1885000,10.91,12.9,10.87,7.41,12.49
1886000,10.89,12.78,10.69,7.62,12.26
1887000,11.02,12.69,11.01,7.64,12.0
1888000,10.93,13.11,11.37,7.67,12.09
1889000,11.21,12.98,11.66,7.49,12.06
1890000,11.23,12.99,11.29,7.57,11.75
1891000,11.2,12.92,11.47,7.25,11.62
1892000,11.04,13.12,11.5,7.34,11.31
1893000,10.88,13.06,11.43,7.45,11.28
1894000,10.75,13.38,11.34,7.58,11.24
1895000,11.15,13.15,11.45,7.58,10.65
1896000,11.3,12.99,11.2,7.63,11.04
1897000,10.87,12.79,11.57,7.66,11.13
1898000,11.03,12.89,11.54,7.72,11.2
1899000,11.04,12.93,11.66,7.26,11.13
1900000,10.74,13.02,11.39,7.47,10.99
1901000,11.01,13.11,11.26,7.17,11.24
1902000,11.08,12.92,11.37,6.95,11.55
1903000,11.17,12.62,11.47,6.84,11.39
1904000,11.49,12.59,11.3,6.85,11.2
1905000,11.56,12.77,11.2,6.7,10.56
1906000,11.58,12.44,11.31,6.77,10.77
1907000,11.3,12.42,11.34,7.0,10.27
1908000,11.2,11.77,11.07,6.75,10.22
1909000,10.72,12.18,10.89,6.77,10.3
1910000,10.66,12.34,10.79,6.87,10.35
1911000,10.68,12.53,10.51,6.87,10.65
1912000,10.45,12.42,10.36,6.71,10.6
1913000,10.19,12.3,9.99,6.91,10.48
1914000,10.35,12.09,10.05,6.59,10.25
1915000,10.51,11.94,10.15,6.8,10.42
1916000,10.81,11.98,9.9,6.95,10.8
1917000,10.74,12.1,9.9,7.0,11.11
1918000,11.0,12.07,9.87,6.74,11.62
1919000,11.4,12.18,9.85,6.78,11.43
1920000,11.03,12.38,10.05,6.98,11.2
1921000,11.17,12.32,10.24,6.87,11.11
1922000,11.61,12.5,9.88,6.94,10.83
1923000,11.5,12.49,10.51,7.22,10.6
1924000,11.67,12.47,10.59,6.94,10.78
1925000,11.76,12.61,10.78,7.11,10.84
1926000,12.08,12.87,10.79,7.36,11.21
1927000,11.84,12.75,10.69,7.64,10.88
1928000,11.15,13.05,10.48,7.51,10.39
1929000,10.9,13.2,10.5,7.4,10.43
1930000,10.6,13.2,10.39,7.5,10.52
1931000,10.93,13.31,10.26,7.61,10.93
1932000,11.15,13.03,10.45,7.52,10.9
1933000,10.61,13.12,10.35,7.44,11.1
1934000,10.42,12.79,10.33,7.3,11.51
1935000,10.83,12.89,10.31,7.15,10.95
1936000,10.85,12.96,10.59,7.13,10.57
1937000,10.63,13.07,10.71,7.07,10.34
1938000,10.83,13.34,10.61,6.88,10.55
1939000,11.22,13.14,10.65,6.77,10.93
1940000,10.98,12.61,10.85,6.46,10.94
1941000,10.81,12.72,11.1,6.69,10.55
1942000,10.95,13.13,11.07,6.78,10.28
1943000,10.72,12.96,11.41,6.87,10.04
1944000,10.84,12.97,11.83,7.01,9.8
1945000,10.7,12.93,11.48,6.99,9.65
1946000,10.57,13.03,11.44,7.3,10.13
1947000,10.78,13.3,11.64,7.13,10.29
1948000,10.48,13.07,10.9,7.16,10.39
1949000,10.07,13.23,11.08,7.43,10.62
1950000,10.01,12.89,11.24,7.32,10.43
1951000,10.59,12.96,11.44,7.32,10.57
1952000,10.84,12.87,11.31,7.27,10.79
1953000,10.96,12.8,11.35,7.29,11.07
1954000,10.43,13.12,11.4,6.8,11.46
1955000,10.54,13.28,11.31,6.89,11.18
1956000,10.28,12.93,10.84,7.12,11.15
1957000,10.02,12.64,11.3,6.98,11.45
1958000,10.06,12.79,11.43,6.98,11.35
1959000,10.13,12.84,11.45,6.88,11.27
1960000,10.11,12.84,11.42,6.72,11.46
1961000,10.15,12.72,11.59,6.61,11.38
1962000,9.71,12.66,11.94,7.12,11.15
1963000,9.68,12.65,11.8,7.24,11.2
1964000,9.89,12.88,11.25,7.34,10.72
1965000,10.62,12.96,11.54,6.85,10.32
1966000,10.71,12.9,11.53,6.73,10.67
1967000,11.3,12.9,11.66,6.65,10.26
1968000,11.2,12.46,11.69,6.8,10.16
1969000,11.48,12.57,11.84,6.75,10.33
1970000,11.72,12.62,12.32,6.55,10.27
1971000,11.83,12.79,12.03,6.55,10.3
1972000,12.38,12.52,11.55,6.48,10.22
1973000,12.39,12.49,11.45,6.85,10.26
1974000,12.6,12.48,11.34,6.86,10.11
1975000,12.87,12.56,11.18,6.98,10.59
1976000,12.84,12.66,10.99,7.09,10.78
1977000,12.74,12.76,10.83,7.17,10.58
1978000,12.37,11.76,10.75,7.09,11.12
1979000,12.0,11.62,10.57,7.23,11.0
1980000,11.2,11.45,10.64,7.23,10.71
1981000,11.16,11.12,10.44,7.42,10.69
1982000,11.33,11.15,10.25,7.55,10.52
1983000,11.39,11.19,10.12,7.73,10.74
1984000,11.62,11.08,10.47,7.79,10.79
1985000,11.53,10.81,10.38,7.2,11.09
1986000,11.44,10.9,10.26,7.34,10.91
1987000,11.64,10.83,10.29,7.15,11.14
1988000,11.22,11.0,10.57,7.04,11.35
1989000,11.25,11.1,10.48,7.12,11.08
1990000,11.62,11.24,10.74,7.06,11.21
1991000,12.02,11.78,10.76,6.85,11.56
1992000,12.15,12.24,10.77,6.82,11.47
1993000,12.49,12.26,10.76,7.17,11.56
1994000,12.12,12.65,11.17,7.42,11.02
1995000,11.92,12.75,10.93,7.45,11.07
1996000,11.6,13.11,10.96,7.63,11.45
1997000,10.95,12.79,11.07,7.63,11.3
1998000,10.58,12.87,11.54,7.51,11.6
1999000,10.79,13.01,11.5,7.44,11.38
2000000,10.85,13.02,12.01,7.65,11.38
2001000,10.77,12.78,12.12,7.78,11.42
2002000,10.39,12.45,12.09,7.6,10.99
2003000,10.53,12.39,11.91,7.73,10.73
2004000,10.76,12.49,12.03,7.57,11.18
2005000,11.26,12.41,11.97,7.56,11.23
2006000,11.12,12.66,12.15,7.58,11.03
2007000,11.36,12.59,12.26,7.8,10.73
2008000,11.26,13.0,12.2,7.89,10.42
2009000,11.68,13.11,12.05,7.93,9.99
2010000,11.96,13.11,12.11,7.83,10.32
2011000,11.99,12.98,12.03,8.03,10.43
2012000,11.66,13.02,11.8,7.77,10.42
2013000,11.64,13.17,11.12,7.86,10.4
2014000,11.9,13.26,11.14,7.81,10.2
2015000,11.55,13.63,11.2,7.79,10.4
2016000,11.28,13.8,11.13,7.53,10.16
2017000,10.97,13.93,11.07,7.46,10.54
2018000,10.6,14.19,10.84,7.45,10.7
2019000,10.22,14.01,10.84,7.54,10.6
2020000,9.94,14.19,10.79,7.43,10.89
2021000,9.91,14.02,11.02,7.41,11.0
2022000,10.02,13.85,10.97,7.57,10.42
2023000,9.85,13.87,11.18,7.58,10.41
2024000,9.71,13.91,11.11,7.45,10.73
2025000,10.17,14.05,11.16,7.67,10.81
2026000,9.71,14.16,11.02,7.69,10.37
2027000,9.61,14.46,10.83,7.43,10.57
2028000,9.78,14.34,10.8,7.43,10.44
2029000,9.91,14.24,11.16,7.46,10.38
2030000,9.85,14.46,11.15,7.39,10.2
2031000,10.01,14.27,11.42,7.56,9.68
2032000,10.14,13.92,11.48,7.38,9.97
2033000,10.16,13.85,11.08,7.16,10.38
2034000,10.29,13.87,11.17,7.19,10.32
2035000,10.53,14.05,11.28,7.26,10.46
2036000,10.19,13.95,11.27,7.3,10.86
2037000,10.55,13.9,11.35,7.48,10.84
2038000,10.84,13.92,11.47,7.52,10.93
2039000,10.83,13.6,11.71,7.63,10.66
2040000,10.99,13.44,11.77,7.4,10.63
2041000,10.74,13.25,11.82,7.67,10.53
2042000,10.93,13.13,11.39,8.03,10.64
2043000,11.18,13.24,11.48,8.0,10.53
2044000,11.19,13.36,11.38,8.0,10.56
2045000,11.23,13.24,11.35,7.9,10.42
2046000,11.34,13.33,11.63,7.76,9.95
2047000,11.75,13.62,11.7,7.76,9.9
2048000,11.53,13.83,11.91,7.66,10.19
2049000,11.46,13.67,11.92,7.8,9.72
2050000,11.26,13.59,11.63,8.06,9.72
2051000,11.3,13.59,11.65,7.87,10.07
2052000,11.55,13.85,11.88,7.94,9.88
2053000,12.13,13.56,11.76,7.8,10.2
2054000,11.88,13.09,11.81,7.99,10.25
2055000,11.84,12.94,12.04,7.92,10.18
2056000,11.79,13.04,11.84,8.1,10.45
2057000,11.2,12.59,11.7,7.97,10.59
2058000,10.86,12.47,11.75,8.01,10.4
2059000,10.92,12.55,11.58,7.78,10.53
2060000,10.47,11.78,11.45,7.98,11.02
2061000,10.47,11.57,11.12,8.2,11.09
2062000,10.47,11.7,11.13,8.02,11.09
2063000,10.1,11.49,11.02,7.62,11.33
2064000,10.05,11.82,11.22,6.93,11.87
2065000,10.37,11.57,10.91,7.25,11.3
2066000,10.43,11.95,10.96,7.1,11.7
2067000,10.36,11.96,11.15,7.15,11.63
2068000,11.11,12.19,10.8,7.36,11.57
2069000,11.26,12.19,11.33,7.09,11.26
2070000,11.42,12.1,11.4,7.12,11.1
2071000,11.15,12.45,11.59,7.85,11.09
2072000,11.58,12.72,11.76,8.34,10.8
2073000,11.65,13.12,11.94,8.5,10.95
2074000,11.58,13.2,12.06,8.71,10.38
2075000,11.71,13.54,11.92,8.48,10.06
2076000,11.4,13.36,11.97,8.25,9.75
2077000,11.41,12.94,12.32,8.34,9.64
2078000,11.45,12.83,12.06,8.21,9.67
2079000,10.93,12.61,12.29,8.24,9.59
2080000,10.35,12.64,12.09,8.27,9.83
2081000,9.95,12.94,12.1,8.4,9.73
2082000,9.96,13.08,12.09,8.39,9.97
2083000,9.65,13.0,12.22,8.29,10.19
2084000,10.0,12.99,12.31,8.37,10.07
2085000,9.76,13.11,12.21,8.46,10.19
2086000,9.93,12.82,11.89,7.93,10.28
2087000,9.73,12.73,11.87,8.02,10.64
2088000,9.57,12.7,12.09,7.78,10.91
2089000,9.71,12.96,12.25,7.7,10.61
2090000,9.98,13.08,12.29,7.37,10.43
2091000,10.27,13.14,12.31,7.64,10.37
2092000,10.83,13.28,12.51,7.62,10.48
2093000,11.12,13.79,12.82,7.73,10.2
2094000,11.21,13.94,12.81,8.03,10.6
2095000,10.88,13.79,12.8,8.47,9.95
2096000,11.14,13.69,12.99,8.15,9.65
2097000,11.16,13.78,12.82,8.31,9.62
2098000,11.3,13.61,12.64,8.34,9.59
2099000,11.2,13.58,12.21,8.11,9.79
2100000,11.62,13.56,12.39,7.57,9.86
2101000,11.98,13.57,12.29,7.79,10.04
2102000,12.25,13.63,12.39,7.61,9.66
2103000,12.08,13.73,12.23,7.77,9.92
2104000,11.97,13.23,12.36,7.54,9.95
2105000,12.07,13.15,12.13,8.08,9.86
2106000,11.98,13.4,12.1,8.29,10.16
2107000,12.21,13.19,11.32,8.08,10.29
2108000,11.92,13.14,11.17,8.27,10.39
2109000,11.91,13.09,11.28,8.56,10.38
2110000,11.75,13.46,11.55,8.87,10.59
2111000,11.98,13.13,11.29,8.97,10.97
2112000,11.4,12.71,11.55,9.21,11.02
2113000,10.87,12.72,11.48,9.31,11.47
2114000,10.62,12.93,11.79,9.51,11.04
2115000,10.88,13.1,11.57,9.47,10.78
2116000,11.2,13.08,11.59,9.46,11.07
2117000,11.03,13.23,11.34,9.41,10.89
2118000,10.79,13.35,11.61,9.16,10.89
2119000,10.73,13.4,11.43,9.15,10.97
2120000,11.04,13.67,11.61,8.92,10.76
2121000,10.96,13.8,11.71,9.05,10.41
2122000,10.78,13.91,11.39,9.06,10.25
2123000,11.0,14.04,10.99,8.45,10.22
2124000,11.23,13.87,11.24,8.49,10.37
2125000,11.76,13.81,10.6,8.66,10.88
2126000,12.16,13.75,10.28,8.68,11.2
2127000,12.08,14.31,10.18,8.78,11.23
2128000,11.9,14.66,10.24,9.44,11.37
2129000,12.09,14.94,10.3,9.44,11.14
2130000,12.31,14.52,10.18,9.34,11.77
2131000,12.35,14.67,10.15,9.38,11.75
2132000,12.05,14.75,10.06,9.36,11.89
2133000,12.23,14.4,10.06,9.75,11.99
2134000,12.31,14.1,10.18,10.07,11.5
2135000,12.24,13.82,9.99,9.77,11.3
2136000,11.82,13.79,10.06,9.84,10.88
2137000,11.82,13.0,10.37,9.54,10.82
2138000,11.51,13.2,10.64,9.08,10.41
2139000,11.51,13.28,10.72,9.35,10.08
2140000,11.64,12.95,10.88,9.49,10.6
2141000,11.54,12.73,10.87,9.48,10.44
2142000,11.75,12.55,10.91,9.39,10.19
2143000,11.65,12.65,11.06,9.22,10.17
2144000,12.1,12.77,11.02,9.27,9.98
2145000,11.79,12.86,11.41,9.37,10.22
2146000,11.27,12.31,11.69,9.31,9.91
2147000,11.56,12.18,11.44,9.97,10.18
2148000,11.83,12.17,11.86,10.37,10.07
2149000,10.93,12.39,12.03,10.47,10.33
2150000,10.91,12.38,12.06,10.2,10.57
2151000,10.39,12.72,12.23,10.17,10.22
2152000,10.11,12.52,12.15,10.06,9.8
2153000,9.98,12.3,12.22,10.31,9.83
2154000,9.31,12.58,12.21,10.29,9.86
2155000,9.53,12.99,12.02,10.12,9.64
2156000,9.44,12.98,12.14,9.6,9.51
2157000,9.47,12.86,12.28,9.19,9.41
2158000,9.15,12.99,12.49,8.59,9.04
2159000,9.48,12.13,12.04,8.68,9.2
2160000,9.41,12.42,11.79,8.72,8.96
2161000,9.83,12.46,12.22,9.27,8.43
2162000,10.19,12.6,12.3,9.49,8.53
2163000,10.01,12.69,12.31,9.25,8.62
2164000,10.15,12.62,12.35,9.3,8.9
2165000,9.8,12.31,12.33,9.37,9.24
2166000,9.6,12.7,12.57,9.44,8.75
2167000,9.62,12.63,12.68,10.02,8.84
2168000,9.65,12.67,12.81,10.16,8.77
2169000,10.32,12.41,12.96,10.45,9.03
2170000,10.5,12.34,12.77,10.27,9.24
2171000,10.92,12.49,12.01,9.34,9.38
2172000,10.35,12.42,12.05,9.11,9.34
2173000,10.53,12.72,12.29,8.82,9.03
2174000,10.67,12.55,12.57,9.2,9.51
2175000,10.71,12.27,12.28,9.43,9.32
2176000,10.75,12.27,11.93,9.36,9.98
2177000,10.66,12.28,11.81,8.98,10.15
2178000,10.73,12.39,11.61,8.91,10.85
2179000,11.02,12.6,11.63,8.94,11.4
2180000,11.02,12.25,11.8,8.64,11.4
2181000,10.87,12.37,11.54,8.85,10.93
2182000,10.7,12.55,11.53,9.18,11.24
2183000,10.92,12.53,11.82,9.36,11.39
2184000,10.7,12.59,11.93,9.5,11.75
2185000,10.37,12.59,12.35,9.2,11.85
2186000,10.5,12.61,12.46,8.35,11.81
2187000,10.79,12.75,12.55,8.33,11.96
2188000,11.0,12.82,12.1,8.11,11.94
2189000,11.06,13.07,12.32,8.36,12.16
2190000,11.3,13.27,12.62,8.5,12.08
2191000,11.32,13.5,12.84,8.34,11.86
2192000,11.37,13.61,13.17,8.4,11.71
2193000,11.09,13.53,12.71,8.45,12.02
2194000,11.18,13.73,12.26,8.44,11.97
2195000,11.44,13.97,12.54,8.98,11.88
2196000,11.61,14.31,12.44,9.83,11.67
2197000,11.79,14.36,12.43,9.78,11.62
2198000,11.45,14.25,12.28,9.85,11.55
2199000,12.08,14.18,12.22,9.96,11.27
2200000,12.19,14.08,12.08,10.08,11.24
2201000,12.16,13.8,11.78,10.52,11.24
2202000,11.29,13.81,11.66,10.26,11.24
2203000,10.77,13.87,11.5,9.49,11.6
2204000,10.66,13.75,11.47,9.55,11.6
2205000,10.4,13.76,11.69,9.09,11.19
2206000,10.23,13.62,11.77,9.04,11.16
2207000,10.19,13.46,11.98,9.03,11.39
2208000,10.03,13.3,12.3,8.94,11.56
2209000,9.71,13.21,11.97,8.98,11.35
2210000,9.43,13.18,11.8,9.06,11.46
2211000,8.98,13.04,11.96,8.91,11.15
2212000,9.12,13.03,12.09,9.18,10.74
2213000,9.55,13.07,12.31,9.54,11.04
2214000,9.7,13.24,12.53,9.6,10.81
2215000,10.09,13.3,12.78,9.51,10.84
2216000,10.0,13.54,12.92,9.57,11.31
2217000,10.04,13.73,13.03,9.69,11.66
2218000,10.18,13.67,12.95,9.34,11.11
2219000,10.37,13.37,12.89,9.04,10.7
2220000,10.34,13.23,12.73,8.77,10.87
2221000,10.12,13.49,12.87,8.86,10.68
2222000,10.25,13.49,13.0,8.85,10.69
2223000,10.5,13.19,12.89,8.66,11.0
2224000,10.87,12.79,13.04,8.43,11.04
2225000,10.85,12.58,13.11,8.09,11.04
2226000,10.77,12.65,12.84,7.83,10.93
2227000,10.75,12.34,12.68,8.06,9.93
2228000,9.88,12.22,12.54,8.02,9.99
2229000,10.06,11.98,12.25,8.07,9.78
2230000,10.22,11.63,12.25,7.89,9.94
2231000,10.37,11.6,12.4,7.65,10.09
2232000,10.47,11.98,12.65,8.0,10.25
2233000,10.98,12.06,12.68,8.24,10.41
2234000,10.83,12.12,12.68,8.43,10.4
2235000,10.66,11.86,12.77,8.83,10.51
2236000,10.2,12.04,12.74,8.87,10.31
2237000,10.33,12.01,12.73,8.91,10.51
2238000,10.61,12.24,12.79,8.76,11.11
2239000,10.93,12.32,12.58,9.0,11.45
2240000,10.83,12.53,12.83,9.36,11.55
2241000,11.15,12.84,12.4,9.86,12.19
2242000,11.08,12.88,12.32,9.8,12.5
2243000,10.82,13.01,12.51,9.75,12.64
2244000,10.46,13.14,12.59,9.51,12.68
2245000,10.22,13.47,12.57,9.12,12.11
2246000,10.53,13.88,12.35,8.88,11.82
2247000,10.86,13.87,12.37,9.38,11.53
2248000,11.08,13.85,12.28,9.79,11.83
2249000,11.12,14.0,12.0,9.57,11.55
2250000,11.18,14.09,12.0,9.47,11.83
2251000,10.9,14.25,11.82,9.48,11.51
2252000,10.64,14.05,12.05,9.55,11.38
2253000,10.52,14.3,12.12,9.51,11.29
2254000,11.22,14.07,12.13,9.85,10.84
2255000,11.01,13.67,12.23,9.92,10.63
2256000,10.85,13.43,12.35,10.19,11.04
2257000,10.69,13.57,12.11,9.79,11.45
2258000,10.67,13.3,11.28,10.02,11.53
2259000,10.86,13.35,11.09,9.21,11.26
2260000,10.81,13.2,11.15,8.96,11.17
2261000,10.53,13.2,11.34,8.87,10.62
2262000,10.83,13.41,11.4,9.17,10.76
2263000,10.97,13.13,11.44,8.83,10.84
2264000,10.98,13.04,11.56,8.66,10.47
2265000,10.97,13.03,11.29,9.01,10.41
2266000,11.23,12.52,11.17,8.78,10.61
2267000,11.25,12.82,11.3,9.11,10.53
2268000,11.69,12.9,11.38,9.15,10.52
2269000,11.64,13.22,11.43,9.39,10.5
2270000,11.48,13.35,11.73,9.55,10.77
2271000,11.35,13.33,11.95,9.35,11.12
2272000,11.21,13.2,12.3,9.05,11.36
2273000,10.81,13.3,12.52,9.06,11.31
2274000,10.93,13.48,12.38,9.27,11.72
2275000,11.13,13.62,12.02,8.75,11.91
2276000,10.35,13.32,12.22,8.7,12.36
2277000,10.38,13.33,12.14,8.93,12.17
2278000,10.45,13.56,12.11,9.01,11.76
2279000,10.22,13.37,11.99,8.85,11.67
2280000,10.01,13.4,12.19,8.44,11.9
2281000,9.77,13.73,11.79,8.39,12.17
2282000,9.82,13.96,11.54,8.33,12.15
2283000,10.28,13.63,11.8,8.48,12.01
2284000,10.8,13.71,11.87,8.42,11.72
2285000,11.0,13.94,11.85,8.37,11.7
2286000,10.64,13.94,11.68,8.3,11.49
2287000,11.13,14.09,11.82,8.42,11.53
2288000,11.45,14.14,11.96,8.19,11.33
2289000,11.19,13.98,12.01,8.7,11.16
2290000,11.09,13.48,12.06,9.06,10.97
2291000,11.43,13.57,12.12,9.45,10.55
2292000,11.58,13.46,12.29,9.81,10.92
2293000,11.82,13.17,11.78,9.97,10.81
2294000,11.83,13.3,12.05,9.91,10.69
2295000,11.27,13.48,12.28,10.24,11.05
2296000,10.94,12.91,12.44,10.55,11.03
2297000,10.93,12.9,12.19,10.7,11.16
2298000,10.96,12.91,12.23,10.48,10.91
2299000,11.09,12.9,12.3,10.67,10.81
2300000,11.02,12.85,12.15,10.79,11.0
2301000,10.84,12.73,12.15,10.87,11.4
2302000,10.73,12.32,12.22,10.45,11.83
2303000,10.99,12.47,12.55,10.31,12.04
2304000,10.68,12.81,12.66,10.38,11.87
2305000,10.44,12.72,12.76,10.43,11.98
2306000,10.41,12.67,12.77,10.49,12.35
2307000,10.42,12.48,12.79,10.65,12.27
2308000,10.34,12.34,13.17,10.25,12.54
2309000,10.47,12.35,13.06,10.38,12.89
2310000,10.77,12.59,13.05,10.18,12.48
2311000,10.92,12.92,12.95,10.03,12.82
2312000,10.43,12.71,12.96,9.81,12.91
2313000,10.37,12.58,12.95,10.06,12.57
2314000,10.29,12.35,13.07,10.32,12.31
2315000,10.64,12.17,13.22,10.39,12.27
2316000,10.72,12.31,12.92,10.74,11.91
2317000,10.7,12.33,12.73,10.78,11.17
2318000,10.73,12.32,12.45,10.21,11.1
2319000,11.01,12.2,12.53,10.53,10.55
2320000,10.87,12.35,12.33,10.15,10.39
2321000,10.6,12.39,12.41,10.15,10.71
2322000,10.3,12.6,12.56,10.25,10.6
2323000,10.65,12.14,12.51,10.08,10.33
2324000,10.79,12.09,12.43,10.2,10.25
2325000,10.73,11.97,12.62,9.59,10.47
2326000,10.64,12.16,12.6,9.22,10.71
2327000,10.59,12.33,12.58,9.32,10.92
2328000,10.31,12.39,12.82,9.31,11.36
2329000,10.65,12.74,12.73,9.08,11.7
2330000,10.68,12.87,12.47,9.08,11.53
2331000,10.39,13.04,12.79,9.43,11.75
2332000,10.64,13.07,12.97,9.44,11.82
2333000,10.73,13.04,12.87,9.35,11.6
2334000,10.59,13.32,12.87,9.49,11.81
2335000,10.74,13.19,13.1,9.66,11.9
2336000,11.2,13.47,13.36,9.83,11.96
2337000,11.13,13.23,12.91,9.82,11.84
2338000,11.21,13.48,12.96,9.86,11.39
2339000,11.5,13.42,12.8,10.27,11.32
2340000,11.72,13.62,12.74,10.04,10.63
2341000,11.31,13.61,12.75,10.5,10.92
2342000,11.11,13.62,12.69,10.32,11.32
2343000,10.99,13.8,12.64,10.21,10.84
2344000,11.02,13.93,12.77,9.78,10.33
2345000,11.21,13.79,13.11,9.55,10.37
2346000,11.37,13.6,12.91,9.34,10.51
2347000,10.99,13.47,12.82,9.59,10.49
2348000,11.05,13.42,12.9,9.35,10.52
2349000,11.17,13.22,13.05,9.22,10.54
2350000,10.78,13.31,12.85,9.27,10.56
2351000,10.35,13.49,12.96,9.97,11.08
2352000,10.66,13.51,13.23,9.72,11.09
2353000,10.49,13.79,13.12,9.8,10.72
2354000,10.45,13.57,13.31,9.47,10.78
2355000,10.53,13.31,13.48,9.41,11.22
2356000,10.44,13.58,13.18,9.45,10.45
2357000,9.75,13.36,13.21,9.2,10.41
2358000,9.47,13.19,13.28,9.23,10.6
2359000,9.44,13.09,13.05,8.9,10.69
2360000,9.72,13.06,12.76,8.8,10.84
2361000,9.94,13.37,12.84,8.72,10.69
2362000,9.91,13.3,12.78,8.79,10.09
2363000,9.69,13.34,12.88,8.88,10.02
2364000,9.8,13.36,12.8,8.68,10.32
2365000,9.69,13.24,13.02,9.26,10.85
2366000,9.68,13.03,12.64,9.65,10.47
2367000,9.9,13.09,12.54,9.73,10.22
2368000,10.45,12.83,11.82,9.61,10.23
2369000,10.6,12.85,11.74,9.56,10.13
2370000,10.27,13.06,11.9,9.7,9.12
2371000,10.21,13.24,11.9,9.82,8.54
2372000,10.31,13.39,11.76,9.31,8.69
2373000,10.06,13.5,11.66,9.36,7.75
2374000,9.77,13.38,11.9,9.44,7.6
2375000,9.89,13.54,11.88,9.59,7.45
2376000,9.31,13.85,11.86,9.47,7.06
2377000,8.97,13.64,11.62,9.59,7.0
2378000,8.74,14.04,11.44,9.92,7.32
2379000,8.47,13.97,11.73,9.85,7.86
2380000,8.18,13.96,11.84,9.47,7.91
2381000,7.88,14.28,12.2,9.5,7.7
2382000,8.24,14.22,12.42,9.91,8.09
2383000,8.57,14.12,12.55,9.86,8.19
2384000,8.93,14.32,12.74,9.82,8.46
2385000,9.25,14.52,12.52,9.92,8.85
2386000,9.36,14.21,12.64,10.07,9.03
2387000,9.58,13.71,12.64,10.09,8.92
2388000,9.49,13.86,12.81,9.91,8.69
2389000,9.41,13.78,13.18,10.2,9.04
2390000,9.72,13.71,12.91,10.36,9.05
2391000,9.95,13.48,12.81,10.47,8.56
2392000,9.97,13.03,12.98,10.57,8.2
2393000,10.16,12.85,13.06,10.55,6.92
2394000,9.58,13.14,13.14,10.6,6.08
2395000,9.59,13.12,13.48,9.22,3.01
2396000,9.56,13.03,13.62,8.57,1.75
2397000,9.86,13.07,13.58,8.25,1.89
2398000,10.05,13.04,13.59,8.18,2.2
2399000,10.1,12.51,13.46,8.33,2.49
2400000,10.13,12.85,13.43,8.6,2.38
2401000,10.47,12.76,13.47,8.72,2.39
2402000,10.51,12.86,13.34,8.36,2.55
2403000,10.64,12.73,13.5,8.57,2.66
2404000,10.63,12.92,13.28,9.28,2.91
2405000,10.54,12.62,13.5,9.97,2.77
2406000,10.1,12.5,13.35,10.15,3.0
2407000,9.43,12.54,13.04,10.55,3.11
2408000,9.18,12.51,13.15,10.65,3.12
2409000,9.8,11.97,13.24,10.29,3.33
2410000,9.82,12.08,13.05,10.28,3.14
2411000,9.85,11.73,12.6,10.13,3.05
2412000,9.79,12.0,12.53,10.15,3.03
2413000,9.46,12.29,12.61,10.14,3.0
2414000,9.33,12.04,12.34,10.09,3.17
2415000,9.7,11.92,12.31,10.17,2.99
2416000,9.78,11.48,11.98,10.11,3.23
2417000,10.09,11.23,11.92,10.23,3.28
2418000,10.42,11.38,11.97,9.95,3.22
2419000,10.54,11.52,11.87,10.41,3.24
2420000,10.28,11.49,12.12,10.36,3.14
2421000,10.08,11.28,12.24,10.15,3.18
2422000,10.05,11.77,12.42,10.24,3.17
2423000,10.04,12.21,12.49,10.62,3.07
2424000,10.44,12.2,12.4,10.67,2.94
2425000,10.64,12.52,12.5,10.46,2.94
2426000,11.07,12.84,12.41,10.05,2.94
2427000,11.1,12.66,12.36,10.06,2.9
2428000,10.96,12.33,12.49,10.02,3.06
2429000,10.99,12.52,12.88,10.03,3.16
2430000,11.46,12.73,12.87,10.14,3.25
2431000,11.39,12.83,13.1,10.09,3.22
2432000,11.37,13.08,13.06,10.13,2.91
2433000,11.47,13.34,13.29,10.14,3.07
2434000,10.74,12.79,13.43,10.18,3.1
2435000,10.01,12.96,13.21,10.19,3.1
2436000,9.71,12.52,13.22,10.3,3.15
2437000,9.83,12.4,12.86,10.02,3.08
2438000,10.0,12.26,12.64,10.24,2.84
2439000,10.36,11.98,12.34,9.95,3.06
2440000,9.8,11.94,12.12,9.69,2.98
2441000,10.06,12.14,12.23,9.73,3.11
2442000,9.6,12.18,12.2,9.65,3.35
2443000,9.57,12.26,12.19,9.73,3.44
2444000,9.59,12.46,12.33,9.49,3.53
2445000,9.94,12.51,12.61,9.7,3.49
2446000,10.29,12.5,12.56,10.01,3.35
2447000,10.56,12.19,12.61,10.11,3.23
2448000,10.8,12.64,12.76,10.1,3.25
2449000,11.08,12.62,12.78,9.9,3.36
2450000,10.87,12.68,12.64,9.99,3.43
2451000,10.95,12.37,12.9,10.01,3.6
2452000,10.91,12.23,12.69,10.08,3.82
2453000,11.05,12.34,12.59,10.03,3.93
2454000,11.36,12.3,12.91,9.44,4.26
2455000,11.43,12.43,13.09,9.84,4.31
2456000,11.43,12.52,13.23,9.63,4.42
2457000,10.95,12.67,13.33,9.73,4.25
2458000,10.69,12.76,13.3,10.12,4.42
2459000,10.46,12.84,13.14,10.16,3.96
2460000,10.3,13.14,13.02,10.59,4.12
2461000,9.95,13.04,13.02,11.03,4.07
2462000,9.8,13.42,12.28,11.04,4.2
2463000,10.15,13.43,12.44,11.35,4.0
2464000,10.18,13.7,12.47,11.07,4.36
2465000,10.05,13.95,12.32,11.25,4.51
2466000,10.19,14.09,12.38,10.8,4.49
2467000,10.23,13.9,12.58,10.91,4.37
2468000,10.63,14.13,12.7,10.75,4.33
2469000,11.31,14.14,12.61,10.84,4.21
2470000,11.46,14.28,12.37,10.6,4.01
2471000,11.59,13.64,12.01,10.2,4.09
2472000,11.62,13.72,11.93,7.68,4.14
2473000,11.65,13.26,11.57,8.01,4.46
2474000,11.84,12.66,11.45,8.13,4.3
2475000,11.57,12.44,11.74,8.05,4.23
2476000,11.44,12.25,11.97,7.95,4.12
2477000,11.53,11.9,12.0,7.44,4.34
2478000,11.52,11.88,12.32,7.27,3.9
2479000,11.4,11.91,12.04,7.4,4.24
2480000,11.12,11.96,11.8,8.08,4.37
2481000,10.96,12.39,12.03,8.85,4.4
2482000,11.04,12.17,11.89,9.58,4.24
2483000,10.85,12.09,12.02,10.11,4.33
2484000,10.99,12.09,12.07,10.07,4.38
2485000,10.51,12.38,12.37,10.2,4.61
2486000,10.39,12.25,12.5,9.83,4.57
2487000,10.32,12.38,12.49,9.93,4.57
2488000,10.59,12.47,12.59,9.96,4.43
2489000,10.54,12.33,12.97,9.88,4.57
2490000,10.78,12.38,13.02,10.09,4.32
2491000,10.66,12.42,12.81,10.38,4.33
2492000,10.77,12.35,12.66,10.69,4.41
2493000,10.55,12.13,12.87,10.24,4.39
2494000,10.31,12.1,13.01,10.2,4.25
2495000,10.42,12.35,13.21,10.38,4.2
2496000,10.55,12.27,13.11,10.33,4.31
2497000,10.82,12.04,13.18,10.85,4.33
2498000,11.0,11.72,13.13,11.22,4.38
2499000,11.02,11.99,13.24,11.75,4.69
2500000,10.88,12.23,13.55,11.2,4.56
2501000,10.96,12.27,13.37,11.69,4.58
2502000,11.26,12.11,13.35,12.13,4.84
2503000,11.34,12.31,13.41,11.97,5.05
2504000,11.14,12.26,13.12,11.29,4.94
2505000,11.32,12.36,13.15,11.33,4.69
2506000,11.21,11.94,13.1,11.07,4.97
2507000,11.22,12.01,13.2,11.04,5.04
2508000,11.37,11.56,13.15,10.76,4.46
2509000,11.35,11.51,13.03,10.93,4.47
2510000,11.15,11.3,12.97,10.49,4.67
2511000,11.13,10.99,12.82,11.16,4.68
2512000,11.13,11.1,13.02,11.3,4.54
2513000,10.83,11.02,12.9,10.52,4.67
2514000,10.91,11.06,12.49,10.32,4.75
2515000,10.98,11.13,12.37,10.17,4.81
2516000,10.95,10.79,11.96,10.16,4.9
2517000,10.94,10.65,11.95,10.09,5.02
2518000,10.99,11.16,11.84,9.71,5.27
2519000,10.69,10.88,11.76,9.09,5.22
2520000,10.8,11.01,11.17,9.22,5.19
2521000,10.74,10.53,10.89,8.6,5.13
2522000,11.48,10.8,11.16,8.69,4.9
2523000,11.81,11.0,10.99,9.26,4.4
2524000,11.4,10.81,11.14,9.18,4.19
2525000,12.07,10.84,11.0,9.53,4.03
2526000,11.89,10.71,11.03,9.62,4.16
2527000,11.79,10.7,11.26,9.34,4.48
2528000,12.2,10.88,11.42,9.52,4.57
2529000,11.99,10.82,11.65,10.01,4.56
2530000,12.02,10.6,12.0,9.86,4.7
2531000,12.15,10.88,12.22,9.77,4.75
2532000,12.22,10.97,12.01,9.82,4.58
2533000,12.4,10.99,12.06,9.77,4.18
2534000,12.14,11.38,12.46,9.8,4.13
2535000,11.86,11.63,13.03,9.75,4.37
2536000,11.68,11.77,13.23,9.81,4.24
2537000,11.09,11.95,13.39,9.98,4.41
2538000,11.18,11.93,13.64,10.06,4.56
2539000,11.34,11.85,13.55,10.34,4.43
2540000,11.33,11.97,13.58,10.34,4.48
2541000,11.88,12.4,13.57,10.62,4.42
2542000,11.77,12.75,13.31,11.06,4.74
2543000,11.48,12.58,13.29,11.28,4.78
2544000,11.03,12.6,13.1,10.56,4.96
2545000,10.26,12.67,12.6,9.24,5.14
2546000,10.19,12.96,12.75,8.68,5.33
2547000,10.58,13.22,12.84,8.83,5.7
2548000,10.64,13.04,12.85,8.64,5.69
2549000,10.79,13.06,12.51,8.5,5.79
2550000,10.65,13.2,12.59,7.96,5.9
2551000,10.37,13.16,12.31,7.91,6.15
2552000,9.57,13.17,12.38,8.05,6.09
2553000,9.67,13.25,12.4,8.24,6.0
2554000,10.06,13.51,12.39,8.84,5.92
2555000,10.39,13.74,12.48,9.63,6.16
2556000,10.58,13.3,12.49,10.15,6.2
2557000,10.86,12.96,12.63,10.66,6.36
2558000,10.99,12.89,12.82,10.12,6.55
2559000,10.94,13.02,13.06,10.17,6.65
2560000,10.31,12.91,13.41,10.27,6.86
2561000,10.55,12.27,13.49,10.29,6.64
2562000,10.92,12.4,13.54,10.21,6.79
2563000,11.11,12.3,13.68,9.8,6.7
2564000,10.89,12.27,13.73,9.91,6.78
2565000,10.45,12.14,13.81,10.19,6.77
2566000,10.32,11.74,13.67,10.22,6.67
2567000,10.26,11.82,13.28,10.26,6.73
2568000,9.78,11.76,13.41,10.29,6.77
2569000,9.65,12.03,13.0,10.59,7.06
2570000,9.96,12.15,12.86,10.34,7.2
2571000,9.94,12.58,13.08,10.29,7.33
2572000,9.94,12.84,12.98,10.5,7.11
2573000,9.76,12.62,12.77,10.34,7.27
2574000,9.92,12.56,12.65,10.52,7.48
2575000,10.1,12.95,12.44,10.1,7.53
2576000,10.16,12.98,12.48,9.5,7.63
2577000,9.89,12.83,12.35,9.72,7.64
2578000,10.41,13.28,12.14,9.74,7.37
2579000,10.46,13.35,12.31,9.32,7.44
2580000,10.68,13.28,12.3,9.4,7.55
2581000,11.02,13.55,12.71,9.32,7.4
2582000,11.15,13.67,12.39,9.3,7.63
2583000,11.28,13.18,12.66,9.08,7.6
2584000,11.31,12.86,12.76,9.06,7.73
2585000,11.01,12.67,12.64,9.41,8.0
2586000,10.78,12.16,12.87,9.64,8.25
2587000,11.18,12.08,12.89,9.38,8.9
2588000,11.18,12.1,13.12,9.39,9.02
2589000,10.87,11.96,13.22,9.91,8.66
2590000,10.9,12.21,13.34,10.34,9.0
2591000,10.6,12.32,13.11,10.38,9.23
2592000,10.07,12.33,12.93,10.67,9.2
2593000,9.93,12.1,13.06,10.49,9.55
2594000,9.73,11.96,13.14,11.07,9.33
2595000,10.08,12.01,13.31,11.47,9.28
2596000,10.21,11.98,13.0,11.12,9.27
2597000,10.06,12.01,13.13,11.18,8.95
2598000,9.97,12.27,13.21,10.17,9.38
2599000,10.32,12.22,13.04,9.89,8.59
2600000,10.61,12.57,12.67,9.26,8.42
2601000,10.62,12.53,12.18,9.23,8.12
2602000,10.73,12.38,12.04,8.76,7.55
2603000,10.64,12.48,12.1,9.06,7.4
2604000,10.93,12.13,11.98,8.41,7.06
2605000,10.77,12.2,12.04,8.86,7.34
2606000,10.72,12.32,12.39,8.8,7.54
2607000,11.14,12.31,12.51,9.16,7.95
2608000,11.17,12.6,12.16,9.72,8.6
2609000,11.47,12.54,11.89,9.65,8.74
2610000,11.38,12.91,11.78,10.01,8.96
2611000,10.73,12.93,11.48,10.06,9.09
2612000,10.56,13.23,11.61,10.41,9.21
2613000,10.87,13.05,11.93,10.66,9.33
2614000,10.79,12.92,11.96,10.55,9.23
2615000,10.94,13.02,12.18,10.92,9.06
2616000,11.11,13.32,12.52,10.8,8.62
2617000,11.18,13.41,12.16,10.47,8.22
2618000,11.29,13.45,12.19,10.35,7.8
2619000,11.17,13.72,12.36,9.86,8.03
2620000,11.03,14.04,12.03,9.42,8.17
2621000,11.11,13.95,11.84,9.23,8.69
2622000,11.39,13.83,12.1,8.89,8.77
2623000,11.57,14.06,12.17,8.51,8.38
2624000,11.7,14.3,12.33,8.64,8.08
2625000,11.71,14.23,12.67,8.75,7.95
2626000,11.4,14.29,13.06,8.88,7.99
2627000,10.97,13.96,13.15,8.98,8.38
2628000,10.94,13.7,13.1,9.15,8.29
2629000,10.75,13.7,13.48,9.27,8.32
2630000,10.95,13.65,13.26,9.69,8.35
2631000,10.81,13.7,13.36,10.11,8.3
2632000,11.01,13.72,13.56,10.52,8.61
2633000,10.92,13.5,13.48,10.4,9.09
2634000,11.04,13.34,13.34,10.67,9.62
2635000,10.2,12.77,13.84,10.22,9.86
2636000,10.33,12.51,13.63,10.0,10.03
2637000,10.31,12.19,13.75,9.7,9.86
2638000,10.6,11.89,13.65,9.3,9.81
2639000,10.57,11.69,14.0,9.44,9.66
2640000,9.87,11.73,13.95,9.03,9.79
2641000,10.34,11.7,13.87,8.79,9.62
2642000,10.56,11.74,13.93,8.84,9.43
2643000,10.1,11.84,13.9,8.55,9.4
2644000,10.19,11.59,13.79,8.67,9.04
2645000,10.4,11.25,13.73,8.48,8.89
2646000,11.02,11.3,13.88,8.61,8.73
2647000,10.98,11.37,13.94,8.91,9.08
2648000,10.59,11.88,13.68,8.71,8.94
2649000,10.85,11.91,13.83,8.75,8.84
2650000,10.47,12.18,13.71,8.93,8.76
2651000,10.79,11.84,13.74,8.76,9.03
2652000,10.85,12.01,13.51,8.89,8.81
2653000,11.07,11.94,13.36,8.99,8.98
2654000,10.9,12.05,12.92,9.14,8.95
2655000,10.26,12.15,12.66,8.88,9.14
2656000,10.1,11.79,12.31,9.2,9.15
2657000,9.67,12.07,12.25,9.06,9.18
2658000,9.77,12.25,12.31,8.97,9.41
2659000,9.29,12.4,12.12,8.85,9.8
2660000,9.7,12.45,12.08,8.46,9.87
2661000,9.44,12.0,11.92,7.94,10.04
2662000,8.79,11.71,12.38,7.72,10.1
2663000,8.68,11.72,12.55,7.68,9.94
2664000,9.02,11.7,12.5,7.45,10.16
2665000,9.3,12.1,12.14,7.44,9.66
2666000,9.67,12.19,12.36,7.82,9.78
2667000,9.86,12.48,12.37,7.69,9.79
2668000,10.01,12.38,12.62,7.95,9.42
2669000,10.15,12.45,12.74,8.06,9.58
2670000,10.17,12.85,12.77,8.23,9.54
2671000,10.3,13.2,12.88,7.84,9.78
2672000,10.42,12.76,12.94,7.49,9.73
2673000,10.64,12.76,12.99,7.28,9.8
2674000,10.25,12.53,12.8,7.25,9.96
2675000,10.02,12.82,12.73,7.36,10.23
2676000,9.7,13.05,12.59,7.16,10.48
2677000,9.92,12.85,12.44,6.95,10.65
2678000,9.9,12.72,12.75,6.23,10.59
2679000,9.83,12.96,12.68,5.82,10.5
2680000,10.01,12.65,12.95,4.68,9.22
2681000,9.9,12.6,12.78,2.35,8.86
2682000,9.92,12.8,12.93,1.28,8.15
2683000,10.28,12.83,12.93,1.21,8.03
2684000,10.5,12.82,12.93,1.29,7.53
2685000,10.69,12.49,12.92,1.29,7.17
2686000,10.85,12.51,13.22,1.25,7.14
2687000,10.82,12.55,13.4,1.33,7.12
2688000,10.89,12.65,13.36,1.3,7.44
2689000,10.74,12.47,13.52,1.36,7.84
2690000,10.54,12.54,13.73,1.38,8.45
2691000,10.64,12.74,13.98,1.23,9.2
2692000,10.19,13.0,14.06,1.28,9.72
2693000,10.64,13.3,14.12,1.37,9.93
2694000,10.56,13.32,13.88,1.28,9.97
2695000,10.03,13.46,14.01,1.3,10.22
2696000,10.05,13.45,14.18,1.35,10.1
2697000,9.83,13.32,14.09,1.28,10.07
2698000,10.0,13.29,14.0,1.29,10.02
2699000,9.93,13.24,14.07,1.41,10.42
2700000,10.05,13.34,14.04,1.37,10.19
2701000,9.82,13.25,14.23,1.36,9.06
2702000,10.12,13.36,13.79,1.45,8.51
2703000,10.6,13.0,13.73,1.55,8.06
2704000,10.5,12.47,13.53,1.48,7.98
2705000,10.36,12.43,13.35,1.36,8.35
2706000,10.8,12.08,13.39,1.38,8.72
2707000,10.98,11.6,13.4,1.39,8.62
2708000,11.12,11.69,12.77,1.31,8.34
2709000,11.06,12.21,12.92,1.34,7.97
2710000,11.28,11.83,12.76,1.36,8.29
2711000,11.17,11.32,12.7,1.29,8.33
2712000,11.12,11.15,12.95,1.37,8.76
2713000,10.5,10.97,13.18,1.44,8.78
2714000,10.09,11.11,12.79,1.37,8.98
2715000,10.4,11.24,13.02,1.48,8.62
2716000,9.96,11.52,13.15,1.67,8.85
2717000,9.81,11.85,13.38,1.83,8.8
2718000,9.84,11.85,13.45,1.95,8.92
2719000,9.85,12.03,13.39,2.0,8.97
2720000,9.47,12.52,13.22,2.05,9.24
2721000,9.74,12.64,13.2,2.03,9.55
2722000,9.56,12.61,13.04,2.08,9.38
2723000,9.87,12.02,13.22,2.29,9.78
2724000,10.05,12.16,13.25,2.38,9.67
2725000,9.59,12.56,13.09,2.53,9.85
2726000,9.59,12.84,12.95,2.62,9.93
2727000,9.9,12.94,12.43,2.81,10.14
2728000,9.77,13.16,12.59,2.76,10.53
2729000,9.55,12.43,12.73,2.91,10.4
2730000,9.85,12.41,12.55,3.09,10.51
2731000,9.47,12.15,12.35,3.0,10.7
2732000,9.83,12.23,12.37,3.22,10.43
2733000,9.8,12.13,12.41,1.56,10.5
2734000,9.89,12.01,12.53,0.6,10.07
2735000,9.83,12.19,12.74,1.18,10.19
2736000,10.11,12.33,12.51,1.71,10.4
2737000,10.36,12.53,12.55,2.35,10.18
2738000,10.29,12.74,12.16,2.61,9.78
2739000,10.57,12.68,12.54,2.8,10.06
2740000,10.7,12.68,12.49,2.88,9.97
2741000,10.28,12.88,12.46,2.9,10.16
2742000,10.64,12.7,12.31,2.95,9.71
2743000,10.69,12.65,11.99,2.79,9.35
2744000,10.86,13.07,12.06,3.05,9.69
2745000,10.99,12.99,11.38,2.46,9.61
2746000,11.23,13.17,11.45,1.88,9.01
2747000,11.45,13.37,11.39,1.58,9.14
2748000,11.28,12.42,11.16,1.7,8.81
2749000,11.25,11.8,11.24,2.07,9.09
2750000,11.17,11.7,11.21,2.39,9.34
2751000,11.55,11.71,11.52,2.79,9.23
2752000,11.91,11.83,11.81,3.25,9.62
2753000,12.2,11.77,11.86,3.49,9.87
2754000,12.07,11.88,12.25,3.77,10.05
2755000,12.05,12.08,12.12,3.87,10.19
2756000,12.31,12.06,12.23,3.89,10.37
2757000,11.89,12.02,12.5,3.98,10.45
2758000,12.05,11.35,12.57,4.05,10.53
2759000,11.84,11.27,12.88,4.33,10.15
2760000,11.82,11.22,13.41,4.19,9.89
2761000,12.15,11.56,13.2,2.32,9.89
2762000,11.15,11.98,13.28,2.03,9.54
2763000,10.4,12.29,13.68,2.2,9.49
2764000,10.09,12.21,13.61,2.82,9.4
2765000,9.72,12.07,13.61,3.3,8.92
2766000,9.72,12.13,13.84,3.83,9.01
2767000,9.61,11.87,13.72,4.03,9.33
2768000,9.18,11.37,13.77,4.18,9.03
2769000,9.26,11.56,13.53,4.26,9.51
2770000,9.05,11.71,13.31,4.0,9.73
2771000,8.9,12.0,13.24,2.73,9.65
2772000,9.47,12.32,12.98,1.94,9.84
2773000,9.94,12.55,12.77,1.95,9.6
2774000,9.95,12.7,12.15,2.38,9.51
2775000,10.34,12.83,11.51,2.66,9.71
2776000,10.81,13.13,11.58,2.89,9.81
2777000,10.72,13.38,11.71,3.12,9.85
2778000,10.94,13.34,11.49,3.18,9.9
2779000,11.04,12.88,11.49,3.42,9.71
2780000,11.44,12.9,11.27,3.63,9.54
2781000,11.26,13.03,11.42,3.9,9.27
2782000,11.16,13.04,11.61,4.08,9.42
2783000,11.39,13.33,11.75,4.34,9.28
2784000,11.12,13.63,11.84,4.41,9.11
2785000,11.4,13.48,11.87,4.39,9.05
2786000,10.93,13.58,11.82,4.59,9.15
2787000,10.53,13.38,11.95,4.3,9.33
2788000,10.2,13.57,12.48,4.25,9.19
2789000,10.34,13.38,13.0,4.45,9.46
2790000,10.27,13.32,13.34,4.23,9.87
2791000,10.53,13.4,13.17,4.47,9.93
2792000,10.23,13.25,13.21,4.63,9.88
2793000,10.25,12.81,13.53,4.85,9.88
2794000,10.22,12.93,13.55,4.9,10.13
2795000,10.12,13.06,13.79,4.81,10.0
2796000,10.25,13.0,13.62,4.85,10.18
2797000,10.77,13.13,13.1,4.82,10.06
2798000,11.01,12.61,13.47,4.57,10.01
2799000,11.39,12.86,13.45,4.45,9.92
2800000,11.36,12.94,13.37,4.71,9.62
2801000,11.39,13.09,13.37,4.79,9.4
2802000,11.79,13.15,13.18,4.89,9.29
2803000,12.18,13.1,12.74,4.89,9.19
2804000,12.08,13.0,12.39,5.26,9.12
2805000,12.63,13.01,12.77,5.56,8.63
2806000,12.44,12.87,12.85,5.64,8.67
2807000,12.78,12.99,12.76,5.63,8.65
2808000,12.87,13.45,12.56,5.24,8.9
2809000,12.69,13.61,12.78,5.2,8.72
2810000,12.5,13.32,12.89,5.24,8.68
2811000,12.49,13.49,12.68,4.84,8.57
2812000,12.36,13.66,12.85,4.65,8.5
2813000,12.23,13.77,12.94,4.74,8.58
2814000,12.13,13.83,13.02,5.2,8.85
2815000,12.33,13.59,13.11,4.94,9.27
2816000,12.07,13.53,13.2,4.79,9.03
2817000,12.11,13.54,13.13,5.1,9.14
2818000,12.18,13.37,13.11,5.29,9.11
2819000,12.6,13.54,13.48,5.47,9.01
2820000,12.42,13.75,13.53,5.36,9.3
2821000,12.67,13.8,13.51,5.55,9.74
2822000,12.71,13.87,13.25,5.78,9.67
2823000,12.07,14.03,12.6,5.89,9.77
2824000,12.22,13.94,12.42,5.78,10.01
2825000,12.54,13.78,12.64,5.86,9.96
2826000,12.28,13.65,12.66,5.76,9.93
2827000,12.02,13.36,12.43,5.9,10.09
2828000,11.5,13.55,11.98,5.73,10.34
2829000,11.16,13.55,11.75,5.59,10.45
2830000,10.9,13.88,11.89,5.77,10.47
2831000,10.65,13.84,11.72,5.93,10.11
2832000,10.65,13.9,11.91,5.87,10.28
2833000,10.74,14.17,11.62,5.99,10.53
2834000,11.16,14.44,11.64,6.03,10.17
2835000,11.72,14.29,11.8,6.22,10.05
2836000,11.62,14.2,12.15,6.22,9.94
2837000,10.89,14.32,12.55,6.06,9.94
2838000,10.94,14.34,12.61,6.06,9.59
2839000,10.89,14.21,12.45,6.08,9.48
2840000,10.97,14.37,12.33,5.99,9.03
2841000,11.15,14.4,12.37,5.96,9.08
2842000,11.23,14.73,12.8,6.08,8.66
2843000,11.25,14.44,12.87,6.13,8.32
2844000,11.32,14.18,12.87,6.14,8.39
2845000,10.76,13.89,13.1,6.07,8.61
2846000,10.05,13.26,12.91,6.02,9.13
2847000,9.99,13.29,12.94,6.02,9.18
2848000,10.35,13.1,12.89,6.02,9.35
2849000,10.5,13.26,12.96,5.92,9.53
2850000,10.75,13.32,12.57,6.11,9.96
2851000,10.89,13.2,12.54,6.25,9.66
2852000,10.66,12.75,12.46,6.36,9.95
2853000,11.12,12.8,12.51,6.52,10.19
2854000,10.97,13.0,12.49,6.58,10.0
2855000,10.88,13.14,12.56,6.35,9.99
2856000,11.1,12.66,12.22,6.48,9.75
2857000,11.42,12.9,12.57,6.39,9.82
2858000,11.63,12.84,12.64,6.22,9.82
2859000,11.78,12.99,12.61,6.19,9.29
2860000,11.9,13.22,12.88,6.11,8.9
2861000,12.08,13.47,12.92,6.15,9.53
2862000,12.2,13.45,12.98,6.1,9.6
2863000,12.26,13.43,13.02,6.02,9.83
2864000,12.21,13.17,12.91,5.99,9.97
2865000,11.52,13.17,12.75,6.21,10.16
2866000,11.46,13.14,12.96,6.26,9.73
2867000,11.68,13.25,13.04,6.31,9.93
2868000,11.38,13.18,12.96,6.1,9.95
2869000,10.76,13.23,13.16,6.29,10.2
2870000,11.13,13.23,13.18,6.26,10.8
2871000,11.01,13.58,13.34,6.43,10.41
2872000,11.0,13.28,13.09,6.46,10.16
2873000,11.39,13.32,13.33,6.45,9.7
2874000,11.06,13.17,13.33,6.62,9.74
2875000,10.65,13.17,13.0,6.68,9.32
2876000,11.09,13.0,13.06,7.12,9.31
2877000,10.98,12.74,12.97,7.18,8.88
2878000,10.84,12.61,12.88,7.08,8.65
2879000,10.77,12.67,13.09,7.29,8.62
2880000,11.18,12.83,13.14,7.08,8.95
2881000,11.38,12.83,13.13,7.18,9.27
2882000,11.39,12.61,13.23,7.01,9.0
2883000,11.04,12.72,13.42,6.77,8.94
2884000,10.55,12.49,13.57,6.64,9.14
2885000,10.62,12.43,13.43,6.32,9.42
2886000,10.92,12.58,13.33,6.24,9.8
2887000,11.44,12.63,13.36,6.46,9.88
2888000,11.37,12.92,13.3,6.44,9.64
2889000,11.77,13.12,12.63,6.49,9.42
2890000,11.99,13.19,13.01,6.2,9.15
2891000,12.3,13.39,12.91,6.13,9.35
2892000,12.18,13.85,12.9,6.42,9.61
2893000,12.11,13.82,12.53,6.65,9.71
2894000,11.69,14.07,12.55,6.55,9.73
2895000,11.4,14.07,12.91,6.44,9.24
2896000,11.78,14.05,12.57,6.61,9.01
2897000,10.82,13.98,12.79,6.68,9.33
2898000,10.48,14.11,12.78,6.95,9.21
2899000,10.09,14.1,12.68,7.15,9.03
2900000,10.15,14.35,12.32,7.22,8.12
2901000,10.05,14.14,12.35,6.79,7.95
2902000,10.44,13.82,12.5,6.35,8.07
2903000,10.34,13.71,12.73,6.21,8.0
2904000,9.94,13.59,12.93,6.08,8.4
2905000,10.11,13.51,13.11,6.09,8.34
2906000,10.82,13.12,13.11,6.08,8.52
2907000,11.58,13.03,13.2,6.08,9.11
2908000,11.62,13.4,13.58,6.32,9.68
2909000,11.82,13.51,13.26,6.84,9.56
2910000,12.2,13.16,12.82,7.1,10.08
2911000,12.08,12.88,12.92,7.16,10.49
2912000,12.1,12.65,12.93,7.44,10.49
2913000,12.04,12.59,12.86,7.64,10.4
2914000,11.68,12.33,13.06,7.37,10.9
2915000,11.62,12.48,13.19,7.55,10.56
2916000,11.94,12.57,13.02,7.82,10.65
2917000,12.31,12.4,13.15,8.05,10.01
2918000,11.68,12.63,13.08,8.16,9.33
2919000,11.49,12.54,13.03,8.36,9.07
2920000,11.36,12.75,12.95,8.65,8.94
2921000,11.35,12.51,13.13,8.74,9.05
2922000,11.31,12.49,13.15,8.83,9.11
2923000,11.75,12.32,13.03,8.84,8.92
2924000,11.39,12.48,13.34,8.92,8.76
2925000,11.24,12.86,13.66,9.31,8.71
2926000,11.85,12.84,13.69,9.04,8.91
2927000,11.98,13.14,13.66,8.77,9.15
2928000,12.15,13.21,13.46,8.6,9.23
2929000,12.0,13.38,13.07,7.99,9.42
2930000,11.99,13.26,13.25,7.98,9.62
2931000,11.59,13.41,13.41,8.07,9.5
2932000,11.7,13.28,13.12,8.06,9.43
2933000,11.55,13.03,13.3,7.4,9.37
2934000,11.43,13.06,13.39,7.6,9.5
2935000,11.65,12.89,13.33,7.73,9.42
2936000,11.89,12.83,13.19,7.65,9.11
2937000,11.42,12.73,13.08,7.89,8.77
2938000,11.14,12.79,13.2,8.23,8.71
2939000,10.64,12.46,13.0,8.55,9.05
2940000,10.71,12.54,13.09,8.33,9.13
2941000,10.84,12.17,13.0,8.22,8.99
2942000,10.81,11.48,12.9,8.55,9.08
2943000,10.79,11.21,12.82,8.45,9.22
2944000,10.76,11.23,12.98,8.23,9.49
2945000,10.61,11.18,13.11,8.45,9.43
2946000,9.67,11.55,12.99,7.86,9.7
2947000,9.56,11.61,13.3,7.57,10.06
2948000,8.98,11.8,12.89,7.27,10.43
2949000,8.26,11.29,13.03,7.27,10.4
2950000,7.64,11.26,13.04,6.94,10.23
2951000,6.71,10.73,12.96,7.24,10.34
2952000,5.71,10.91,13.0,7.26,11.13
2953000,3.78,10.76,12.92,7.28,11.0
2954000,0.82,11.17,12.99,7.41,11.14
2955000,0.1,11.13,12.87,7.18,11.39
2956000,0.0,11.1,13.07,7.39,11.28
2957000,0.0,11.12,13.03,7.6,11.62
2958000,0.0,11.4,13.26,7.8,11.92
2959000,0.0,11.42,13.46,8.22,11.99
2960000,0.0,11.34,13.53,7.72,11.54
2961000,0.0,11.47,13.55,8.1,12.03
2962000,0.0,11.82,13.75,8.07,11.96
2963000,0.0,11.93,13.72,8.22,11.83
2964000,0.0,12.41,13.51,8.47,11.48
2965000,0.0,12.46,13.34,8.62,11.41
2966000,0.0,12.44,13.61,8.69,11.31
2967000,0.0,12.38,13.56,8.54,11.14
2968000,0.0,12.06,13.55,8.6,11.32
2969000,0.0,12.4,13.51,8.46,11.52
2970000,0.0,12.19,13.57,8.67,11.19
2971000,0.0,12.1,13.33,8.39,11.09
2972000,0.0,12.05,13.15,8.5,11.03
2973000,0.0,11.91,12.95,8.58,11.02
2974000,0.0,12.14,13.05,8.6,11.07
2975000,0.0,12.3,12.9,8.59,11.44
2976000,0.0,12.27,12.94,8.49,11.61
2977000,0.0,12.24,13.01,8.36,11.28
2978000,0.0,12.02,13.03,8.87,11.39
2979000,0.0,12.03,12.99,8.73,11.05
2980000,0.0,12.23,12.79,8.49,10.76
2981000,0.0,12.54,13.03,8.82,10.69
2982000,0.0,12.67,13.02,8.96,10.61
2983000,0.0,13.21,12.56,8.8,10.71
2984000,0.0,13.02,12.69,8.86,10.83
2985000,0.0,13.34,12.77,9.23,10.99
2986000,0.0,13.22,13.01,9.65,10.54
2987000,0.0,13.52,13.34,9.67,10.09
2988000,0.0,13.58,13.21,9.55,10.19
2989000,0.0,13.53,12.8,9.59,10.72
2990000,0.0,13.09,12.93,9.83,10.64
2991000,0.0,13.0,12.74,9.78,10.88
2992000,0.0,13.09,12.89,9.58,11.22
2993000,0.0,13.28,13.06,9.35,11.23
2994000,0.0,12.73,13.2,9.53,11.11
2995000,0.0,12.3,13.51,9.47,10.75
2996000,0.0,12.4,13.22,9.3,10.43
2997000,0.01,12.29,13.34,9.55,10.78
2998000,0.0,12.43,13.58,9.32,10.78
2999000,0.0,12.52,13.69,9.83,10.87
3000000,0.0,12.66,13.5,9.32,10.5
3001000,0.0,12.33,13.19,9.38,10.5
3002000,0.0,12.31,12.96,9.25,9.68
3003000,0.0,12.25,12.85,9.49,9.84
3004000,0.0,12.39,12.79,9.07,9.92
3005000,0.0,12.14,12.58,9.06,9.95
3006000,0.0,12.19,12.32,8.66,10.03
3007000,0.0,12.19,11.88,8.89,10.35
3008000,0.0,12.58,12.02,8.7,10.35
3009000,0.0,12.93,11.92,8.74,10.71
3010000,0.0,13.36,12.03,9.16,10.84
3011000,0.0,13.42,12.02,9.46,11.05
3012000,0.0,12.59,11.99,9.4,11.15
3013000,0.0,12.93,12.11,9.21,11.27
3014000,0.0,13.03,12.14,9.27,11.84
3015000,0.0,12.88,12.4,9.18,11.48
3016000,0.01,13.23,12.33,9.06,11.8
3017000,0.0,13.01,12.73,8.95,11.57
3018000,0.0,12.73,13.07,8.73,11.87
3019000,0.0,12.81,13.28,8.95,11.43
3020000,0.01,13.01,13.49,8.77,11.37
3021000,0.0,13.14,13.72,8.55,11.68
3022000,0.0,13.05,13.81,8.87,11.86
3023000,0.0,12.56,14.24,9.29,12.19
3024000,0.0,12.19,14.16,9.21,11.76
3025000,0.01,12.23,14.0,9.25,11.67
3026000,0.0,12.68,14.0,9.2,11.35
3027000,0.0,12.77,13.87,9.38,11.36
3028000,0.0,12.61,14.02,9.58,11.29
3029000,0.01,12.45,14.09,9.97,11.14
3030000,0.0,12.1,14.12,9.9,11.14
3031000,0.0,12.27,14.21,10.14,11.15
3032000,0.0,12.44,14.38,10.23,11.12
3033000,0.01,12.33,14.43,10.27,10.89
3034000,0.0,12.14,14.1,10.25,10.3
3035000,0.0,12.24,13.99,10.17,10.73
3036000,0.0,12.01,13.9,10.43,10.64
3037000,0.0,12.25,13.83,10.5,10.76
3038000,0.0,12.09,13.82,10.23,11.04
3039000,0.0,11.7,13.75,10.36,11.45
3040000,0.0,11.57,13.99,10.17,11.36
3041000,0.0,11.64,14.11,10.07,11.58
3042000,0.0,11.61,14.35,9.96,11.59
3043000,0.0,11.72,14.25,10.06,11.6
3044000,0.0,11.85,14.27,10.07,11.64
3045000,0.0,11.79,14.31,9.68,11.71
3046000,0.0,12.0,14.35,9.41,11.05
3047000,0.0,12.12,14.3,9.08,11.29
3048000,0.0,11.82,14.24,9.22,11.09
3049000,0.0,12.02,14.24,9.12,10.45
3050000,0.0,12.15,14.08,9.34,10.18
3051000,0.0,12.31,13.92,9.52,10.05
3052000,0.0,12.56,13.73,9.36,10.01
3053000,0.0,12.72,13.73,9.46,9.93
3054000,0.0,12.56,13.54,9.17,9.31
3055000,0.0,12.34,13.24,9.59,9.35
3056000,0.0,12.79,13.28,9.94,10.08
3057000,0.0,13.13,12.94,10.21,9.89
3058000,0.0,12.91,13.08,10.29,9.89
3059000,0.0,12.91,12.75,10.38,9.9
3060000,0.0,12.87,12.75,10.44,9.48
3061000,0.0,12.91,12.56,10.27,9.52
3062000,0.0,12.95,12.35,10.39,9.43
3063000,0.0,13.4,12.23,10.68,9.57
3064000,0.0,13.52,12.4,10.67,9.77
3065000,0.0,13.25,12.41,10.2,8.89
3066000,0.01,13.29,12.62,9.76,8.98
3067000,0.0,13.44,12.68,9.67,8.86
3068000,0.0,13.33,12.74,9.6,8.98
3069000,0.0,13.33,13.11,9.76,9.53
3070000,0.0,13.34,13.11,9.85,10.02
3071000,0.0,13.36,12.91,9.72,10.15
3072000,0.0,12.81,12.78,9.23,10.03
3073000,0.0,12.61,12.54,8.87,10.21
3074000,0.0,12.53,12.55,8.93,10.2
3075000,0.0,12.7,12.69,9.28,10.74
3076000,0.0,12.72,12.8,9.27,11.35
3077000,0.0,12.54,13.09,9.4,11.24
3078000,0.0,12.48,12.72,9.53,11.44
3079000,0.0,12.56,12.87,9.53,11.36
3080000,0.04,12.35,13.03,9.59,11.51
3081000,0.04,12.09,12.65,9.44,11.33
3082000,0.05,12.26,12.87,9.61,11.44
3083000,0.01,12.53,12.55,9.79,11.76
3084000,0.05,12.79,12.73,9.75,12.15
3085000,0.02,12.7,13.04,9.76,12.56
3086000,0.06,12.59,13.22,10.15,12.55
3087000,0.04,12.59,13.38,9.99,12.82
3088000,0.06,12.86,13.23,10.05,12.6
3089000,0.05,12.85,13.23,10.25,12.59
3090000,0.05,12.18,12.78,9.77,12.83
3091000,0.11,12.27,12.73,9.93,12.64
3092000,0.54,12.11,12.87,10.07,12.58
3093000,1.03,11.49,13.31,10.02,12.75
3094000,1.21,11.49,13.16,10.03,12.75
3095000,1.29,11.64,13.01,10.19,12.55
3096000,1.31,11.23,13.46,9.99,12.55
3097000,1.5,11.13,13.28,9.99,11.78
3098000,1.69,11.32,13.4,9.94,11.61
3099000,1.85,11.46,13.3,10.26,11.42
3100000,2.01,11.31,13.0,9.96,10.61
3101000,2.25,11.09,12.75,10.24,10.3
3102000,2.16,11.0,13.01,10.42,10.0
3103000,2.09,10.81,13.19,10.26,10.23
3104000,2.06,11.17,13.34,10.31,10.13
3105000,2.09,10.78,13.59,10.11,10.28
3106000,2.46,11.28,13.54,10.42,10.64
3107000,2.4,11.58,13.34,10.6,10.56
3108000,2.44,11.42,13.13,10.95,10.47
3109000,2.49,11.64,12.96,11.29,10.43
3110000,2.44,11.56,12.55,11.24,10.57
3111000,2.64,11.45,12.45,11.23,10.81
3112000,2.2,11.08,12.63,11.03,11.16
3113000,2.15,11.4,12.51,10.78,11.63
3114000,2.19,11.81,12.61,10.71,11.97
3115000,2.27,12.08,12.79,10.89,12.05
3116000,2.44,12.07,12.88,10.68,12.11
3117000,2.33,12.26,12.86,10.18,11.94
3118000,2.56,12.3,12.78,9.39,12.12
3119000,2.33,12.63,12.74,9.41,11.95
3120000,2.18,12.51,12.76,9.43,12.43
3121000,2.02,12.47,12.98,9.21,12.54
3122000,2.15,12.61,13.01,9.61,12.6
3123000,2.4,12.88,12.93,9.95,12.74
3124000,2.37,12.78,13.31,9.8,12.83
3125000,2.62,12.85,13.45,9.93,13.02
3126000,2.61,12.99,13.62,10.06,12.93
3127000,2.92,13.01,13.6,10.05,12.86
3128000,2.64,12.99,13.44,10.52,12.9
3129000,2.91,12.77,13.44,9.9,13.01
3130000,2.8,12.65,13.14,9.04,12.99
3131000,2.99,12.53,13.23,7.78,12.7
3132000,2.74,12.38,13.3,6.47,12.82
3133000,2.64,12.1,13.35,5.0,12.66
3134000,2.33,11.88,13.29,3.94,12.28
3135000,2.59,11.52,13.17,3.57,12.4
3136000,2.88,11.28,13.2,3.34,12.36
3137000,2.96,11.25,13.21,3.22,12.37
3138000,2.93,10.79,13.37,3.05,12.32
3139000,2.63,10.78,13.4,3.08,12.6
3140000,2.52,11.04,13.47,2.97,12.37
3141000,2.89,11.29,13.23,2.86,12.01
3142000,3.01,11.53,13.43,2.78,12.25
3143000,3.12,11.65,13.47,2.83,12.22
3144000,3.32,11.8,13.53,2.8,12.16
3145000,2.97,12.0,13.57,2.86,12.11
3146000,3.13,12.49,13.89,2.81,12.28
3147000,3.08,12.6,13.59,2.77,12.03
3148000,2.89,12.83,13.56,2.73,11.71
3149000,2.94,12.84,13.45,2.71,11.2
3150000,2.91,12.72,13.44,2.58,11.24
3151000,3.04,12.76,13.59,2.46,10.81
3152000,3.35,12.86,13.45,2.52,11.04
3153000,3.29,13.1,13.5,2.66,10.6
3154000,3.39,12.93,13.58,2.85,10.58
3155000,3.05,12.64,13.44,3.17,10.44
3156000,3.07,12.0,13.39,3.37,10.14
3157000,3.26,11.86,13.23,3.32,9.96
3158000,3.18,11.79,13.33,3.29,9.99
3159000,3.27,11.31,12.93,3.21,10.21
3160000,3.25,11.03,12.71,3.29,10.45
3161000,3.23,10.93,12.65,3.38,10.17
3162000,3.39,11.01,12.7,3.48,10.53
3163000,3.27,10.83,13.05,3.64,10.17
3164000,3.62,11.07,12.98,3.6,10.44
3165000,3.34,10.88,13.18,3.7,10.62
3166000,3.47,11.05,13.08,3.82,10.34
3167000,3.73,11.18,13.0,3.85,10.89
3168000,4.02,11.33,13.03,3.92,10.82
3169000,4.0,11.26,12.97,4.24,10.62
3170000,4.32,11.09,13.04,4.45,10.46
3171000,4.47,10.8,12.75,4.51,10.75
3172000,4.34,10.86,12.71,4.56,10.82
3173000,4.15,11.23,12.76,4.65,11.02
3174000,3.89,11.21,13.17,4.66,11.46
3175000,3.91,11.44,13.33,4.51,11.43
3176000,3.99,11.67,13.62,4.25,11.68
3177000,4.14,11.7,12.98,4.01,11.75
3178000,4.25,11.74,12.77,3.9,11.4
3179000,4.25,11.61,12.13,3.86,11.61
3180000,4.22,11.21,12.1,3.7,12.1
3181000,3.78,10.44,12.29,3.78,12.61
3182000,3.47,10.38,12.36,3.84,12.48
3183000,3.62,9.91,12.33,3.7,12.43
3184000,3.93,6.97,12.12,3.54,12.21
3185000,4.2,6.5,12.31,3.96,11.96
3186000,4.24,5.74,12.0,4.09,11.98
3187000,4.58,5.43,12.36,4.22,11.96
3188000,4.77,4.91,12.3,4.51,11.62
3189000,4.77,4.77,12.64,4.61,11.75
3190000,4.53,5.5,12.59,4.69,12.12
3191000,4.6,5.51,12.51,4.85,11.91
3192000,4.63,5.3,12.67,4.71,11.57
3193000,4.71,5.08,12.97,4.69,11.6
3194000,4.65,4.59,13.35,4.64,11.09
3195000,4.71,3.02,13.24,4.58,11.07
3196000,4.72,0.07,13.05,4.59,11.18
3197000,4.65,0.12,13.1,4.57,11.5
3198000,4.41,0.19,13.18,4.8,11.59
3199000,4.28,0.26,13.4,4.95,11.46
3200000,4.22,0.73,13.63,5.12,11.59
3201000,4.16,1.37,13.71,5.1,11.09
3202000,4.3,1.87,13.74,5.26,11.45
3203000,4.24,2.2,13.17,5.4,11.12
3204000,4.29,2.65,12.98,5.47,11.38
3205000,3.9,2.54,12.82,5.54,11.42
3206000,4.05,2.76,12.96,5.56,11.94
3207000,3.96,2.86,13.14,5.7,12.24
3208000,4.19,2.57,13.15,6.06,12.25
3209000,4.19,3.0,13.07,6.15,11.88
3210000,4.28,3.18,12.96,6.24,11.76
3211000,4.68,3.16,13.24,6.16,11.91
3212000,4.82,3.36,12.86,6.08,11.67
3213000,4.23,3.24,13.13,6.1,11.99
3214000,4.21,3.07,12.72,5.94,11.93
3215000,4.36,3.13,12.54,5.87,11.8
3216000,4.42,3.03,12.76,5.88,11.82
3217000,4.34,3.12,12.82,5.87,11.68
3218000,4.36,2.99,12.71,5.98,10.82
3219000,4.76,2.9,12.93,5.95,10.87
3220000,4.77,3.0,12.94,5.98,11.13
3221000,4.75,3.06,13.04,6.04,10.92
3222000,4.81,3.27,12.83,6.16,10.61
3223000,4.78,3.37,12.46,6.36,10.85
3224000,4.75,3.08,12.8,5.87,10.81
3225000,4.94,3.06,12.71,5.56,10.96
3226000,4.92,2.97,12.67,5.5,11.13
3227000,5.02,2.77,12.79,5.41,11.45
3228000,4.79,3.08,12.85,5.53,11.16
3229000,4.75,3.22,13.11,5.41,11.11
3230000,4.77,3.51,13.25,5.33,11.16
3231000,4.76,3.76,12.94,5.93,10.88
3232000,4.57,3.92,13.02,6.29,11.28
3233000,4.45,3.79,13.12,6.42,11.31
3234000,4.53,3.57,12.96,6.6,11.33
3235000,4.77,3.33,13.11,6.58,11.15
3236000,4.69,3.2,12.98,6.43,11.23
3237000,4.58,3.13,13.22,6.29,11.29
3238000,5.0,3.24,13.4,6.36,11.71
3239000,5.17,3.44,13.43,6.34,11.39
3240000,5.21,3.46,13.35,5.41,11.94
3241000,5.27,3.78,13.36,5.38,12.06
3242000,5.33,3.91,13.3,5.38,12.36
3243000,5.35,3.88,13.1,5.45,12.16
3244000,5.46,3.81,13.22,5.33,12.04
3245000,5.22,3.73,13.16,5.01,12.31
3246000,5.41,3.52,13.23,5.41,11.99
3247000,5.41,3.43,13.43,5.63,11.58
3248000,5.39,3.4,13.56,5.18,12.09
3249000,5.25,3.44,13.4,5.01,11.47
3250000,5.3,3.42,13.73,4.85,11.65
3251000,5.44,3.55,13.88,4.8,11.67
3252000,5.67,3.42,14.06,4.53,11.81
3253000,4.98,3.67,13.92,4.45,11.79
3254000,5.03,3.43,13.83,4.63,11.97
3255000,5.12,3.39,13.87,4.56,11.93
3256000,5.13,3.54,13.97,4.39,12.13
3257000,5.19,3.44,13.9,4.27,12.17
3258000,5.35,3.67,14.1,4.26,12.48
3259000,5.48,3.59,14.39,4.36,12.88
3260000,5.91,3.5,14.09,4.08,13.58
3261000,6.01,3.48,14.28,3.91,13.13
3262000,6.37,3.35,13.77,3.7,13.47
3263000,5.92,3.26,14.2,3.37,13.46
3264000,5.4,3.34,14.04,2.75,13.79
3265000,5.46,3.51,14.23,2.34,13.86
3266000,5.54,3.3,14.07,2.06,13.88
3267000,5.35,3.47,14.0,2.08,14.14
3268000,5.23,3.49,14.04,2.12,14.31
3269000,5.47,3.35,14.0,2.01,14.49
3270000,5.61,3.32,13.85,1.24,14.25
3271000,5.92,3.38,13.58,0.63,14.1
3272000,5.62,3.54,13.44,1.27,14.0
3273000,5.66,3.63,13.23,1.77,13.39
3274000,5.65,3.81,13.23,1.25,13.26
3275000,5.77,4.02,13.59,0.47,13.16
3276000,5.89,3.93,13.32,1.2,13.22
3277000,6.08,3.91,13.48,1.76,12.83
3278000,6.18,3.4,13.57,1.87,13.08
3279000,6.38,3.24,13.53,0.0,12.61
3280000,6.26,3.41,13.57,0.68,12.48
3281000,6.22,3.64,13.66,1.41,12.11
3282000,6.09,3.57,13.23,1.82,12.36
3283000,6.12,3.56,13.07,1.74,12.34
3284000,5.96,3.77,13.03,1.81,12.3
3285000,5.8,3.67,13.25,2.02,12.51
3286000,5.82,3.76,13.56,1.11,12.72
3287000,5.99,3.85,13.78,0.71,12.73
3288000,6.13,3.89,13.84,1.4,12.39
3289000,6.31,4.06,13.23,2.18,12.43
3290000,6.11,3.85,12.94,1.81,12.24
3291000,6.04,3.74,13.14,1.6,12.58
3292000,5.89,3.7,13.02,1.93,13.02
3293000,5.81,3.54,13.18,2.48,12.91
3294000,5.72,3.51,13.15,2.8,13.16
3295000,5.6,3.57,13.17,2.11,13.14
3296000,5.74,3.58,13.04,2.02,12.82
3297000,5.94,3.81,13.16,1.92,12.75
3298000,5.85,3.77,13.16,2.42,12.78
3299000,6.07,3.97,13.47,2.84,12.78
3300000,6.36,4.0,13.45,2.99,12.83
3301000,6.38,4.07,13.04,2.71,13.03
3302000,6.59,3.91,12.88,2.75,13.03
3303000,6.53,3.94,12.96,2.76,12.95
3304000,6.58,3.78,13.49,2.85,12.51
3305000,6.51,3.63,13.49,3.27,12.31
3306000,6.77,3.77,13.09,3.08,12.36
3307000,6.84,3.77,13.28,2.92,12.17
3308000,6.82,3.81,13.11,2.81,12.27
3309000,7.01,3.85,13.04,2.86,12.58
3310000,6.92,3.94,13.16,3.2,12.59
3311000,7.21,3.71,13.43,3.36,12.78
3312000,7.41,3.94,13.31,3.47,12.87
3313000,7.17,3.99,13.32,3.54,13.15
3314000,7.2,4.1,13.19,3.32,12.85
3315000,7.29,4.22,13.12,3.25,12.6
3316000,7.22,4.24,13.38,3.18,12.71
3317000,7.07,4.16,13.64,2.99,12.86
3318000,7.23,4.01,13.55,2.99,12.63
3319000,7.15,4.01,13.61,2.97,12.54
3320000,7.1,3.95,13.29,3.02,12.61
3321000,6.86,4.23,13.57,3.35,12.6
3322000,7.1,4.17,13.32,3.47,12.4
3323000,6.84,4.11,13.23,3.47,12.39
3324000,6.57,4.03,13.12,3.62,12.85
3325000,6.61,4.06,13.15,3.37,12.59
3326000,6.63,3.95,12.79,3.37,12.58
3327000,6.67,4.03,12.65,3.47,13.09
3328000,6.75,4.26,12.92,3.26,13.23
3329000,6.87,4.33,12.95,3.42,13.11
3330000,7.11,4.52,13.12,3.43,12.98
3331000,6.85,4.58,12.95,3.19,13.17
3332000,7.21,4.49,12.88,3.18,12.9
3333000,7.21,4.13,13.13,3.21,12.41
3334000,6.79,4.08,13.06,3.14,12.39
3335000,6.66,3.89,13.61,3.32,12.21
3336000,6.63,3.8,13.62,3.16,12.13
3337000,6.61,3.84,13.89,3.17,12.06
3338000,6.48,3.96,13.95,3.3,11.5
3339000,6.8,4.02,13.74,3.44,11.49
3340000,6.99,4.12,13.93,3.77,11.51
3341000,7.17,4.11,13.95,3.96,11.02
3342000,7.32,4.43,14.1,3.9,11.3
3343000,7.49,4.65,14.3,4.0,11.42
3344000,7.47,4.37,13.85,4.08,11.59
3345000,7.62,4.18,13.6,4.21,11.41
3346000,7.56,4.28,13.5,4.12,11.13
3347000,7.83,4.07,13.59,4.13,11.04
3348000,7.41,4.15,13.04,4.06,10.82
3349000,7.18,4.53,12.32,3.87,11.23
3350000,6.98,4.72,12.28,3.72,10.87
3351000,7.14,4.57,11.29,3.66,10.95
3352000,7.15,4.81,11.64,3.46,11.49
3353000,7.39,4.78,11.55,3.63,10.74
3354000,7.44,4.86,11.25,3.67,10.44
3355000,7.56,4.65,11.27,3.8,10.6
3356000,7.42,4.65,11.16,4.05,11.13
3357000,7.53,4.71,11.41,3.98,11.95
3358000,7.5,4.51,11.45,4.03,11.9
3359000,7.5,4.16,11.31,4.14,11.92
3360000,7.52,4.09,11.09,4.16,11.9
3361000,7.71,4.18,11.12,3.95,11.59
3362000,7.34,3.93,11.4,4.23,11.42
3363000,7.37,3.97,11.46,4.34,11.31
3364000,7.32,4.33,11.72,4.33,10.96
3365000,7.44,4.25,11.98,4.53,11.43
3366000,7.33,4.09,11.6,4.62,11.65
3367000,7.11,4.2,11.78,4.72,11.25
3368000,7.21,4.62,11.8,4.67,11.15
3369000,7.23,4.47,11.73,4.51,11.01
3370000,7.27,4.26,11.91,4.38,11.16
3371000,7.52,4.36,11.74,4.09,11.04
3372000,7.55,4.48,11.78,4.09,10.89
3373000,7.5,4.09,12.05,4.26,11.36
3374000,7.59,4.11,12.08,3.94,11.62
3375000,7.88,4.04,12.14,4.01,11.79
3376000,7.96,4.11,12.15,4.2,12.24
3377000,7.96,4.02,11.76,4.41,12.51
3378000,7.89,4.44,11.62,4.41,12.38
3379000,7.97,4.57,11.93,4.62,12.24
3380000,8.08,4.71,12.42,4.93,11.62
3381000,7.53,5.27,12.31,4.59,11.45
3382000,7.57,5.16,12.25,3.86,11.57
3383000,7.6,5.22,12.29,3.43,11.74
3384000,7.59,5.4,12.35,2.85,11.9
3385000,7.41,5.22,12.5,3.11,11.93
3386000,7.68,5.27,12.74,3.44,11.61
3387000,7.49,5.38,12.87,3.69,11.46
3388000,7.62,5.16,12.45,4.03,11.49
3389000,7.6,5.0,12.63,4.39,11.55
3390000,7.97,4.93,13.0,4.6,11.74
3391000,8.07,4.75,13.11,4.66,11.82
3392000,7.91,4.87,13.33,4.77,12.18
3393000,7.53,4.87,13.4,4.86,12.21
3394000,7.73,4.97,13.08,4.84,12.13
3395000,7.54,5.33,13.1,4.96,12.36
3396000,7.83,5.47,13.04,5.2,12.56
3397000,8.11,5.35,13.36,5.28,12.65
3398000,8.0,5.42,13.44,5.09,12.8
3399000,7.83,5.68,13.25,5.25,13.35
3400000,7.9,5.23,13.1,5.11,13.31
3401000,8.24,5.33,12.92,5.13,13.3
3402000,8.42,4.87,12.95,5.29,13.25
3403000,8.6,5.09,13.24,5.27,12.97
3404000,8.48,5.25,12.94,5.25,13.12
3405000,8.44,5.49,12.76,5.23,13.35
3406000,7.91,5.55,13.05,5.29,13.56
3407000,7.66,5.44,12.94,5.45,13.66
3408000,7.79,5.43,13.11,5.35,13.4
3409000,7.52,5.55,12.9,5.27,13.39
3410000,7.39,5.38,12.99,5.5,13.34
3411000,7.43,5.23,12.96,5.44,13.22
3412000,7.41,5.28,12.9,5.69,12.94
3413000,7.52,5.3,13.17,5.68,13.06
3414000,7.61,5.37,13.34,5.79,13.05
3415000,7.97,5.09,13.36,6.03,13.27
3416000,8.34,5.16,13.44,6.19,13.29
3417000,8.41,5.26,13.44,6.23,13.21
3418000,8.63,5.29,13.59,6.39,12.69
3419000,8.7,5.45,13.36,6.23,12.85
3420000,8.77,5.57,13.39,6.47,13.03
3421000,8.93,5.69,13.15,6.54,12.75
3422000,9.14,5.87,12.92,6.49,12.39
3423000,9.04,5.73,12.9,6.39,12.41
3424000,9.2,5.83,13.19,6.45,12.13
3425000,9.14,5.76,13.12,6.45,11.76
3426000,8.99,5.86,13.23,6.5,11.5
3427000,8.93,6.09,13.42,6.58,11.81
3428000,8.91,6.28,13.21,6.52,11.59
3429000,8.93,6.32,13.01,6.4,11.64
3430000,9.13,6.34,12.77,6.4,11.74
3431000,9.06,6.38,12.84,6.57,11.37
3432000,8.89,6.22,12.94,6.57,11.38
3433000,8.82,5.76,12.89,6.6,11.56
3434000,8.53,5.73,13.42,6.66,11.62
3435000,8.71,5.49,13.51,6.8,11.58
3436000,8.76,5.43,13.79,6.85,11.88
3437000,8.7,5.51,13.95,6.93,11.56
3438000,8.3,5.48,14.14,7.0,11.5
3439000,8.26,5.57,14.07,7.12,11.34
3440000,8.13,6.05,14.02,6.97,11.27
3441000,8.1,6.37,13.72,7.12,11.38
3442000,8.28,6.73,13.39,7.19,11.55
3443000,8.31,6.72,13.26,7.29,12.16
3444000,8.25,6.48,13.24,6.91,12.17
3445000,7.99,6.94,13.3,6.62,12.22
3446000,8.08,6.82,13.16,6.56,12.73
3447000,8.17,7.09,12.87,6.49,13.17
3448000,8.16,6.97,12.82,6.57,12.57
3449000,8.37,6.45,12.89,6.59,12.93
3450000,8.29,6.77,13.09,6.55,13.45
3451000,7.92,6.9,13.13,6.66,13.36
3452000,8.23,7.22,13.08,7.11,13.32
3453000,7.98,7.12,13.01,7.62,13.21
3454000,7.96,7.08,12.97,7.53,13.03
3455000,8.03,6.92,13.05,7.65,12.84
3456000,8.13,6.8,13.41,7.9,12.23
3457000,8.18,6.88,13.68,7.86,12.12
3458000,8.03,6.84,13.9,7.82,11.53
3459000,8.02,6.25,13.92,7.67,11.43
3460000,8.18,6.19,14.26,7.39,11.68
3461000,8.24,6.1,14.33,7.26,11.7
3462000,8.28,6.08,14.27,7.18,11.28
3463000,8.33,6.1,14.71,7.59,11.64
3464000,8.31,6.18,14.37,7.45,11.69
3465000,8.21,6.52,14.21,7.43,11.81
3466000,8.15,6.72,14.24,7.52,12.06
3467000,8.1,6.72,14.25,7.63,11.95
3468000,8.2,6.69,14.13,7.98,11.71
3469000,8.19,6.68,14.25,8.09,11.88
3470000,7.98,6.72,14.35,8.29,11.96
3471000,7.9,6.71,14.73,8.51,11.84
3472000,8.11,6.58,14.42,8.63,11.72
3473000,7.8,6.32,14.36,8.72,11.68
3474000,7.93,6.44,13.78,8.76,12.04
3475000,8.06,6.61,13.76,8.37,11.99
3476000,8.04,6.59,13.48,8.22,11.86
3477000,8.22,6.65,13.31,7.63,11.72
3478000,7.87,6.73,13.19,6.78,11.54
3479000,8.02,6.95,13.23,6.47,11.66
3480000,8.06,6.97,13.58,5.94,12.07
3481000,7.81,7.02,13.56,5.26,12.04
3482000,8.12,7.2,13.02,5.31,12.06
3483000,8.3,7.17,13.18,5.52,12.22
3484000,8.42,7.32,13.03,5.79,11.87
3485000,8.22,7.27,12.86,5.85,11.78
3486000,8.12,7.06,13.03,5.96,11.42
3487000,8.07,6.58,13.33,6.27,11.47
3488000,7.95,6.52,13.35,6.74,11.73
3489000,8.1,6.2,13.43,7.11,11.71
3490000,8.3,6.21,13.66,7.46,11.76
3491000,8.76,6.43,13.25,7.58,11.87
3492000,8.93,6.33,13.45,7.71,12.13
3493000,8.75,6.48,13.55,7.74,12.14
3494000,8.66,6.79,13.29,8.25,12.23
3495000,8.91,7.15,13.26,8.36,12.02
3496000,8.94,7.42,13.07,8.67,12.3
3497000,9.02,7.54,13.38,8.44,12.53
3498000,9.12,7.57,13.53,8.16,12.45
3499000,8.84,7.62,13.48,8.18,12.7
3500000,8.46,7.44,13.68,8.23,12.33
3501000,8.1,7.7,13.48,8.28,12.64
3502000,7.82,7.91,12.99,8.36,12.48
3503000,8.0,7.76,13.09,8.35,12.57
3504000,8.1,7.84,12.87,8.56,12.97
3505000,8.33,7.83,12.99,8.24,12.9
3506000,8.25,7.93,13.23,8.25,12.88
3507000,8.32,7.93,13.34,8.55,13.15
3508000,8.35,7.93,13.36,8.63,13.24
3509000,8.75,8.32,13.61,8.5,13.74
3510000,8.79,8.46,13.62,8.37,13.62
3511000,9.06,8.29,13.56,7.69,13.9
3512000,9.6,8.4,13.99,7.0,14.33
3513000,9.4,8.3,13.88,7.24,13.9
3514000,9.29,8.19,13.88,7.37,13.88
3515000,9.04,8.43,14.04,7.39,13.57
3516000,9.21,8.37,13.97,7.3,13.28
3517000,9.31,8.07,14.27,7.48,13.29
3518000,9.42,8.11,14.44,7.75,12.67
3519000,9.34,7.84,14.21,7.84,12.2
3520000,9.53,7.76,14.4,8.16,11.42
3521000,8.87,7.89,14.65,8.52,11.04
3522000,8.51,7.84,14.62,8.98,10.81
3523000,8.61,7.44,14.78,9.26,10.72
3524000,9.05,7.12,14.63,9.46,10.95
3525000,9.08,7.37,14.74,9.78,10.98
3526000,9.0,7.29,14.81,9.79,10.97
3527000,8.85,7.51,14.93,9.74,11.12
3528000,8.83,7.45,14.91,9.31,11.21
3529000,8.82,7.47,14.6,9.5,11.4
3530000,8.8,7.3,14.55,9.41,11.41
3531000,9.22,7.69,14.46,9.02,11.59
3532000,9.73,8.02,13.57,8.89,11.89
3533000,9.8,8.02,13.4,8.58,11.99
3534000,9.64,7.96,13.82,8.88,12.22
3535000,9.57,7.67,13.48,8.71,12.12
3536000,9.83,7.85,13.22,8.68,11.97
3537000,9.99,7.99,13.38,8.94,12.39
3538000,10.1,8.07,13.38,8.93,12.53
3539000,10.05,8.39,13.66,9.08,12.46
3540000,10.44,8.29,13.75,9.12,12.48
3541000,10.6,8.36,13.24,9.5,12.41
3542000,10.62,8.4,13.3,9.55,12.52
3543000,10.66,8.14,13.2,9.46,12.58
3544000,10.8,8.37,13.49,8.93,12.92
3545000,10.92,8.33,13.54,8.69,13.04
3546000,11.14,8.2,13.59,8.85,12.89
3547000,11.48,7.99,13.57,8.93,12.52
3548000,11.1,7.73,14.21,9.17,12.52
3549000,10.94,7.79,14.29,9.28,12.55
3550000,10.95,7.68,14.49,9.28,12.32
3551000,10.77,7.73,14.6,9.37,12.69
3552000,10.68,7.93,14.45,9.36,13.09
3553000,10.15,7.63,14.65,9.17,12.97
3554000,9.79,7.89,14.42,9.62,12.75
3555000,9.7,8.24,14.11,9.8,12.45
3556000,9.39,8.32,13.96,9.72,12.71
3557000,9.3,8.43,14.27,9.71,12.48
3558000,9.66,8.55,14.07,9.8,12.29
3559000,9.67,8.2,14.08,9.55,12.6
3560000,9.68,8.32,14.17,9.4,12.86
3561000,9.44,8.16,14.2,9.51,13.0
3562000,9.55,8.77,13.86,9.34,13.05
3563000,9.86,8.89,13.94,9.76,13.21
3564000,10.18,8.91,14.03,9.73,12.97
3565000,10.47,8.82,14.2,9.63,12.79
3566000,10.83,9.11,14.07,9.72,12.92
3567000,11.05,9.06,14.03,9.44,12.9
3568000,10.82,9.32,14.19,9.21,13.22
3569000,10.79,9.57,13.86,9.31,13.09
3570000,10.7,9.83,14.14,9.21,12.86
3571000,10.68,9.9,14.18,9.33,12.82
3572000,10.75,9.77,14.2,9.22,12.92
3573000,11.27,9.89,14.36,9.0,12.48
3574000,10.5,10.04,14.42,8.9,12.28
3575000,10.42,10.24,14.69,8.33,11.94
3576000,10.3,10.05,14.75,7.91,12.14
3577000,10.33,9.84,14.78,7.97,11.99
3578000,10.27,9.81,14.45,7.64,11.33
3579000,10.34,9.56,14.52,7.07,10.94
3580000,10.7,9.35,13.72,6.74,10.56
3581000,10.76,9.28,13.74,6.66,10.44
3582000,10.61,9.39,13.84,7.08,10.95
3583000,10.42,9.33,13.46,7.66,11.09
3584000,10.42,9.23,13.86,7.99,11.01
3585000,10.54,8.98,13.93,8.56,11.16
3586000,10.32,9.16,13.68,8.79,11.31
3587000,10.72,9.4,13.78,9.13,11.41
3588000,10.55,9.33,13.35,9.31,11.64
3589000,10.81,9.61,13.33,9.54,11.63
3590000,10.67,9.98,13.28,9.61,12.14
3591000,10.51,9.95,13.24,9.72,12.58
3592000,10.51,10.19,13.1,9.48,12.71
3593000,10.81,10.29,13.09,9.6,13.22
3594000,10.3,10.14,13.12,9.54,13.57
3595000,10.12,10.35,12.89,9.4,13.68
3596000,10.34,10.06,12.52,9.47,13.24
3597000,10.71,10.04,12.44,9.41,13.07
3598000,10.54,10.18,12.53,9.87,13.19
3599000,10.59,10.13,12.5,9.72,13.38
3600000,10.66,9.86,12.62,9.64,13.44
3601000,10.61,9.49,12.17,9.98,12.9
3602000,10.58,9.47,12.35,9.83,12.94
3603000,10.57,9.16,11.57,9.81,13.05
3604000,10.35,9.19,11.18,10.03,12.62
3605000,10.54,9.49,10.98,10.1,12.33
3606000,11.0,9.51,11.24,10.48,11.2
3607000,10.78,9.75,11.06,10.32,11.45
3608000,10.72,9.85,11.52,10.14,11.82
3609000,10.57,9.94,11.48,10.13,12.35
3610000,10.38,9.99,11.71,10.56,12.34
3611000,10.23,10.12,11.91,10.42,12.58
3612000,10.05,10.31,11.63,10.58,12.35
3613000,10.03,10.29,11.69,10.69,12.64
3614000,10.13,10.49,11.77,10.87,12.86
3615000,10.2,10.8,12.05,10.64,13.05
3616000,10.31,10.75,12.12,10.42,12.87
3617000,10.35,10.81,12.38,10.16,12.87
3618000,10.23,10.56,12.65,10.13,13.02
3619000,10.13,10.47,12.62,10.25,13.48
3620000,9.83,10.37,12.72,10.2,13.65
3621000,9.66,10.57,12.96,9.96,13.32
3622000,10.14,10.48,13.17,9.58,13.25
3623000,10.06,10.46,13.07,9.73,13.05
3624000,9.99,10.6,13.13,9.21,12.07
3625000,9.8,10.71,13.14,9.52,11.97
3626000,9.98,10.66,13.04,9.26,11.31
3627000,9.82,10.41,12.96,9.23,11.41
3628000,10.07,10.59,13.17,8.83,11.52
3629000,10.23,10.55,13.14,8.26,11.76
3630000,10.37,10.62,13.08,8.24,12.03
3631000,10.62,10.93,13.18,8.38,12.14
3632000,10.64,10.93,13.32,8.57,12.17
3633000,10.62,10.97,13.3,8.62,11.96
3634000,10.73,11.11,13.68,8.6,11.82
3635000,10.91,11.08,13.6,8.95,11.66
3636000,10.86,11.22,13.35,8.84,12.2
3637000,10.96,11.11,13.38,9.12,12.12
3638000,10.83,11.12,13.52,9.62,12.38
3639000,10.67,11.24,13.69,10.25,12.57
3640000,10.41,11.11,13.34,10.5,12.34
3641000,10.38,10.5,13.51,10.67,12.26
3642000,10.69,10.69,13.47,10.3,12.26
3643000,10.83,10.63,13.5,9.94,12.0
3644000,10.93,10.53,13.33,9.84,11.98
3645000,10.75,10.65,13.36,9.71,12.09
3646000,10.81,10.43,13.36,9.89,11.98
3647000,10.58,10.23,13.2,9.5,12.48
3648000,10.84,10.01,13.38,9.17,12.77
3649000,10.91,10.1,13.05,8.87,12.72
3650000,11.17,9.74,13.3,9.29,12.63
3651000,11.61,9.73,13.39,10.0,12.8
3652000,11.78,10.0,12.93,9.71,12.85
3653000,11.74,10.4,12.86,9.95,13.14
3654000,11.04,10.31,12.95,10.03,13.23
3655000,11.03,10.45,13.2,9.84,12.68
3656000,11.27,10.74,13.04,9.92,12.63
3657000,11.13,10.64,13.04,10.03,12.6
3658000,10.91,10.44,12.94,10.21,12.44
3659000,10.97,10.55,12.81,10.7,12.33
3660000,10.6,10.62,12.85,10.51,12.13
3661000,10.55,10.46,13.11,10.29,11.59
3662000,10.34,10.8,12.99,10.36,12.1
3663000,10.63,11.01,12.88,10.21,12.13
3664000,10.52,11.27,12.64,10.62,12.21
3665000,10.78,11.1,12.7,10.82,12.09
3666000,11.03,10.93,12.87,10.94,12.05
3667000,10.62,10.68,12.86,11.03,12.17
3668000,10.74,10.23,12.71,11.16,12.41
3669000,10.8,10.1,12.87,11.1,12.45
3670000,10.72,10.1,12.98,10.57,12.12
3671000,10.85,10.33,13.1,9.94,11.94
3672000,11.03,10.49,13.12,9.79,11.96
3673000,10.92,10.61,13.09,9.84,12.22
3674000,11.16,10.21,13.06,9.48,11.67
3675000,10.78,10.17,13.09,9.36,10.82
3676000,10.91,10.03,13.18,8.8,10.75
3677000,10.85,10.02,13.29,9.09,10.73
3678000,11.13,10.28,13.46,9.13,10.9
3679000,11.2,10.38,13.86,9.15,10.85
3680000,11.25,10.66,14.01,9.41,11.03
3681000,11.45,10.85,13.99,9.56,11.24
3682000,11.69,11.04,14.26,9.15,11.54
3683000,11.86,11.3,14.22,9.15,11.23
3684000,12.12,11.31,14.33,9.46,10.91
3685000,12.0,11.06,14.14,9.42,10.9
3686000,11.78,11.31,13.79,9.69,11.42
3687000,11.93,11.81,13.64,9.33,11.92
3688000,12.21,11.71,13.72,9.37,12.22
3689000,11.99,11.46,13.93,9.34,12.09
3690000,12.18,11.5,14.16,9.66,12.51
3691000,12.3,11.4,13.9,9.53,12.29
3692000,12.63,11.35,13.99,9.75,12.46
3693000,12.24,11.28,13.98,10.08,12.52
3694000,12.12,11.38,13.41,10.23,12.61
3695000,12.11,11.54,13.06,10.65,12.66
3696000,11.8,11.35,12.44,10.96,12.78
3697000,12.03,11.11,12.51,11.16,13.0
3698000,12.2,11.37,12.68,11.26,13.29
3699000,11.7,11.28,12.48,11.48,13.68
3700000,11.46,11.35,12.82,11.26,13.48
3701000,11.21,11.31,12.83,11.51,13.49
3702000,10.57,11.7,13.28,11.35,13.36
3703000,10.58,11.68,13.41,11.45,13.42
3704000,10.65,11.86,13.41,11.32,12.85
3705000,10.39,12.09,13.3,11.25,12.86
3706000,10.62,12.42,13.54,11.22,12.84
3707000,10.84,12.12,13.26,11.19,12.92
3708000,10.77,12.06,13.03,10.78,12.81
3709000,10.65,11.81,13.31,10.9,13.3
3710000,10.64,11.97,13.54,10.95,13.29
3711000,10.71,11.73,13.94,10.77,13.41
3712000,10.76,11.44,14.01,10.29,13.3
3713000,11.16,11.64,13.92,10.37,13.34
3714000,11.22,11.82,14.0,10.13,13.11
3715000,11.12,11.45,14.14,10.08,13.02
3716000,11.22,11.36,14.32,10.09,13.68
3717000,11.15,11.41,14.14,10.3,13.71
3718000,11.1,10.81,14.09,10.35,14.2
3719000,11.4,11.02,13.91,10.56,14.08
3720000,11.22,10.89,13.61,10.35,14.03
3721000,11.41,10.78,13.27,10.1,13.92
3722000,11.46,10.46,13.46,10.44,13.94
3723000,11.62,10.71,13.96,10.71,13.78
3724000,11.44,10.72,13.97,10.81,13.87
3725000,11.27,10.75,14.06,11.25,13.73
3726000,11.24,10.52,14.1,10.91,13.9
3727000,11.33,10.47,14.11,10.86,13.64
3728000,11.52,10.49,14.32,10.5,13.67
3729000,10.92,10.36,14.34,9.97,13.43
3730000,10.51,10.38,14.32,10.03,13.19
3731000,10.56,10.5,13.93,10.37,13.04
3732000,10.84,10.85,13.62,10.6,13.42
3733000,10.88,10.83,13.99,10.81,13.09
3734000,10.71,11.09,14.02,10.76,12.61
3735000,10.66,11.33,13.79,10.8,12.54
3736000,10.62,11.11,14.22,10.78,12.27
3737000,10.73,11.22,14.13,11.13,12.46
3738000,10.87,11.16,13.93,11.24,12.4
3739000,11.11,11.19,13.84,11.29,12.38
3740000,11.11,11.33,14.01,11.43,12.67
3741000,11.38,11.49,13.81,11.53,12.55
3742000,11.59,11.41,13.66,11.49,12.5
3743000,11.95,11.26,13.29,11.52,13.11
3744000,11.27,11.48,13.62,10.66,13.15
3745000,11.31,11.43,13.6,10.98,13.47
3746000,11.33,11.43,13.56,10.84,13.43
3747000,11.51,11.24,13.63,10.84,14.0
3748000,11.45,11.12,13.68,10.86,14.5
3749000,11.36,11.37,13.59,10.9,14.74
3750000,11.11,11.43,13.8,10.2,14.96
3751000,10.86,11.7,14.09,10.18,15.02
3752000,11.06,11.94,14.2,9.8,14.6
3753000,11.18,11.75,14.52,9.82,14.41
3754000,10.99,11.86,14.72,10.18,14.18
3755000,10.67,12.09,14.81,10.25,14.27
3756000,10.84,12.17,14.6,10.2,13.95
3757000,10.57,12.07,14.63,9.71,13.57
3758000,10.62,12.04,14.81,9.57,13.24
3759000,10.63,11.81,14.72,9.73,12.91
3760000,10.88,11.95,15.11,9.86,12.78
3761000,10.88,11.99,15.06,10.01,12.31
3762000,11.07,12.17,14.62,9.96,12.05
3763000,10.9,12.24,14.51,10.24,12.2
3764000,11.23,12.16,14.42,9.91,12.36
3765000,10.86,12.01,14.42,10.09,12.16
3766000,10.88,11.92,14.24,9.91,12.35
3767000,11.11,11.87,13.74,9.99,12.35
3768000,11.23,11.62,13.54,9.74,12.31
3769000,11.53,11.86,13.43,9.46,12.65
3770000,11.6,11.79,13.36,9.33,12.68
3771000,11.52,11.87,13.29,9.32,12.91
3772000,11.53,11.85,13.11,9.2,12.79
3773000,11.67,11.98,12.86,9.1,13.01
3774000,11.65,11.83,12.9,9.31,13.01
3775000,11.84,11.48,12.96,9.01,13.41
3776000,11.86,11.2,12.73,8.9,13.66
3777000,12.01,11.36,12.91,8.7,13.44
3778000,11.89,11.2,13.21,9.33,13.23
3779000,12.2,10.86,13.37,9.65,13.59
3780000,12.23,11.22,13.29,9.77,13.51
3781000,12.27,11.08,13.41,10.14,13.59
3782000,12.46,11.21,13.46,10.42,13.65
3783000,12.23,11.38,13.69,10.87,13.75
3784000,12.15,11.32,13.75,10.9,13.94
3785000,11.78,11.22,13.71,11.14,13.6
3786000,11.84,11.27,14.05,10.9,13.98
3787000,11.77,11.54,13.74,10.91,13.93
3788000,11.66,11.63,13.94,10.79,13.86
3789000,11.64,11.65,13.87,10.11,13.72
3790000,11.61,11.87,13.92,10.27,13.7
3791000,11.69,12.07,13.87,10.1,13.82
3792000,11.48,12.11,13.83,10.18,13.85
3793000,11.64,12.0,13.55,10.32,14.1
3794000,11.5,11.86,13.16,9.82,13.85
3795000,11.17,12.16,13.15,9.79,14.0
3796000,11.34,11.82,12.36,9.73,13.94
3797000,11.4,11.82,12.19,10.14,14.34
3798000,11.18,12.04,12.26,10.01,13.94
3799000,11.51,12.16,12.41,10.02,14.01
3800000,11.58,12.05,11.93,9.97,13.63
3801000,11.87,11.94,12.06,10.05,13.7
3802000,11.83,11.63,12.06,9.97,14.02
3803000,11.47,11.37,12.26,9.84,14.31
3804000,11.79,11.18,12.08,10.23,14.31
3805000,11.93,11.15,11.95,10.17,14.21
3806000,12.31,11.4,12.23,9.59,14.41
3807000,12.18,11.25,12.66,9.05,14.49
3808000,12.32,10.95,12.98,9.52,14.68
3809000,12.05,11.15,13.2,9.86,14.89
3810000,12.0,11.34,13.09,9.89,14.26
3811000,11.82,11.28,13.49,9.8,14.15
3812000,11.43,11.52,13.77,9.74,14.36
3813000,11.52,11.42,13.14,10.02,14.0
3814000,11.21,11.48,13.11,9.13,13.94
3815000,11.58,11.65,13.23,9.37,13.22
3816000,11.38,12.01,13.14,9.53,12.79
3817000,11.26,12.14,13.21,9.59,12.9
3818000,10.84,12.35,13.31,9.14,12.06
3819000,11.13,12.5,13.47,9.17,11.84
3820000,11.44,12.85,13.61,9.23,11.88
3821000,11.64,12.65,13.79,9.53,11.72
3822000,11.91,12.82,13.32,9.36,11.73
3823000,12.13,12.71,13.27,9.39,11.64
3824000,12.48,12.14,13.31,9.87,11.42
3825000,12.55,12.17,13.37,9.85,11.87
3826000,12.62,12.26,13.42,10.22,11.86
3827000,12.81,11.93,13.29,10.38,11.73
3828000,12.17,11.85,13.49,10.62,11.86
3829000,12.23,12.04,13.83,10.6,11.6
3830000,12.36,11.96,13.78,10.65,11.64
3831000,12.46,12.1,13.93,10.46,11.8
3832000,12.49,11.63,14.17,10.28,11.8
3833000,12.42,11.53,13.87,10.42,11.86
3834000,12.17,11.45,13.58,10.32,12.05
3835000,12.16,11.53,13.51,10.46,12.52
3836000,12.11,11.59,13.11,10.45,12.41
3837000,12.31,11.82,13.22,10.33,12.16
3838000,11.96,11.68,13.11,10.29,12.16
3839000,12.0,11.57,13.05,10.39,12.11
3840000,12.03,11.76,13.16,10.32,12.14
3841000,12.3,11.73,13.12,10.3,12.1
3842000,11.92,11.56,13.12,10.41,12.22
3843000,11.76,11.62,13.35,10.78,12.55
3844000,11.98,11.66,13.16,10.64,12.4
3845000,11.92,11.61,13.15,10.12,12.61
3846000,11.74,11.56,12.8,10.14,12.37
3847000,11.78,11.93,12.97,10.07,11.89
3848000,11.79,11.31,13.12,9.7,11.82
3849000,11.8,11.58,13.11,10.23,11.96
3850000,11.87,11.72,13.04,10.25,12.09
3851000,11.32,11.66,13.3,10.27,12.16
3852000,11.5,11.78,13.26,10.39,12.24
3853000,11.38,11.93,13.27,10.69,12.38
3854000,11.49,11.97,12.82,10.77,12.34
3855000,11.75,12.01,12.92,10.52,12.33
3856000,11.22,11.74,13.15,10.06,12.37
3857000,11.32,11.93,13.09,10.11,12.22
3858000,11.69,11.97,12.94,9.79,12.27
3859000,11.56,11.94,12.97,9.64,12.62
3860000,11.24,12.09,13.14,9.74,12.5
3861000,11.28,12.1,13.03,9.98,12.74
3862000,11.39,12.04,12.68,9.73,13.17
3863000,11.71,12.12,12.63,9.6,12.95
3864000,11.94,12.11,12.94,9.46,13.22
3865000,11.61,12.51,12.95,9.58,13.27
3866000,11.86,12.56,12.9,9.98,13.31
3867000,11.69,12.45,12.5,10.4,13.14
3868000,11.73,12.18,12.77,10.24,13.43
3869000,11.43,12.71,12.76,10.11,13.59
3870000,11.52,12.45,13.1,10.23,13.67
3871000,11.53,12.42,13.09,10.19,13.54
3872000,11.63,12.48,12.66,10.09,13.5
3873000,11.31,12.34,12.9,10.12,13.57
3874000,11.11,12.13,12.67,9.81,13.86
3875000,11.07,12.0,12.65,9.5,13.98
3876000,10.89,12.36,13.04,9.63,13.87
3877000,11.0,12.26,13.27,9.25,13.97
3878000,11.02,12.23,13.33,9.43,13.95
3879000,11.08,12.24,13.16,10.01,14.18
3880000,11.31,12.14,12.93,10.12,14.35
3881000,11.08,12.3,13.01,10.21,14.28
3882000,11.22,12.25,13.41,10.39,14.09
3883000,11.46,12.25,13.72,10.69,13.93
3884000,11.38,12.6,13.86,10.83,14.02
3885000,11.51,12.8,13.76,10.52,14.12
3886000,11.86,12.46,13.49,11.1,14.03
3887000,12.16,12.34,13.9,11.31,13.55
3888000,11.96,12.89,14.22,11.11,13.2
3889000,11.84,12.88,14.14,11.27,12.29
3890000,12.08,12.83,14.17,11.14,12.37
3891000,12.08,12.81,14.39,11.16,11.8
3892000,11.87,12.44,14.44,10.91,11.66
3893000,11.85,11.77,14.26,10.78,11.67
3894000,11.64,11.77,14.44,10.15,11.54
3895000,11.53,11.81,14.57,10.4,11.57
3896000,11.65,12.17,14.45,10.83,11.36
3897000,11.67,12.03,14.75,10.73,11.02
3898000,11.67,11.71,14.17,10.25,10.74
3899000,11.92,11.71,14.06,10.67,11.03
3900000,12.06,11.98,13.76,10.52,11.44
3901000,12.19,12.36,13.96,10.71,11.8
3902000,12.45,12.37,14.02,10.92,11.81
3903000,12.59,12.51,13.59,11.0,12.08
3904000,12.55,12.66,13.1,11.06,12.41
3905000,12.47,12.29,13.21,11.18,12.7
3906000,12.86,12.35,12.9,11.15,12.84
3907000,12.57,12.57,12.96,11.3,13.09
3908000,13.01,12.99,13.28,11.13,13.15
3909000,13.0,12.9,13.13,11.2,13.45
3910000,13.13,12.4,13.2,11.43,13.47
3911000,13.6,12.07,13.12,11.92,13.81
3912000,13.53,12.05,13.1,11.61,13.67
3913000,13.3,12.16,13.24,11.64,13.42
3914000,12.95,12.14,13.28,11.63,13.43
3915000,13.21,11.96,13.37,11.93,13.66
3916000,12.91,11.78,13.31,11.4,13.59
3917000,13.04,11.6,12.91,11.41,13.67
3918000,13.18,11.57,13.14,11.4,13.65
3919000,12.88,11.76,13.53,11.88,13.45
3920000,13.14,11.67,13.39,11.76,13.42
3921000,13.18,11.63,13.38,12.1,13.68
3922000,12.87,11.48,13.52,10.97,13.98
3923000,12.2,11.59,13.45,11.39,13.77
3924000,11.56,11.68,13.35,11.27,14.01
3925000,11.66,11.81,13.44,11.02,13.91
3926000,11.26,11.84,13.52,10.68,14.34
3927000,10.65,11.81,13.48,10.92,14.3
3928000,10.25,11.5,13.66,10.86,14.63
3929000,9.91,11.57,13.71,11.05,14.76
3930000,9.68,11.79,13.72,10.65,14.94
3931000,10.0,11.99,13.92,10.27,14.55
3932000,10.03,11.79,13.96,10.23,14.19
3933000,10.12,12.1,14.35,10.63,14.2
3934000,10.68,12.28,14.34,10.86,14.45
3935000,10.84,12.25,14.4,11.04,14.22
3936000,11.24,12.28,14.29,11.11,14.02
3937000,11.3,12.2,14.46,10.8,14.04
3938000,11.24,12.4,14.31,10.89,14.03
3939000,11.38,12.33,14.22,11.11,13.8
3940000,11.2,12.21,14.26,10.99,13.73
3941000,11.28,11.89,14.32,10.95,13.71
3942000,11.19,12.16,14.36,11.28,13.87
3943000,11.06,11.98,14.45,11.14,13.12
3944000,11.14,12.13,14.55,11.02,13.18
3945000,11.04,11.95,14.75,10.71,13.39
3946000,11.11,12.17,14.96,10.28,13.68
3947000,11.06,12.06,14.96,10.41,13.24
3948000,10.66,12.2,15.03,10.74,13.27
3949000,11.12,12.22,14.79,10.99,13.05
3950000,11.63,12.21,14.78,10.86,13.16
3951000,11.88,12.26,15.04,11.25,12.9
3952000,12.24,12.47,14.88,11.48,13.11
3953000,12.19,12.66,14.85,11.44,13.5
3954000,12.42,12.38,15.0,11.35,13.18
3955000,12.36,12.72,15.22,11.84,13.28
3956000,12.13,12.58,15.35,11.89,13.32
3957000,12.11,12.57,15.64,11.9,13.37
3958000,12.23,12.25,15.61,12.34,13.5
3959000,11.94,12.2,15.37,11.7,13.32
3960000,11.73,12.31,15.53,11.24,13.74
3961000,11.66,12.45,14.78,11.07,13.67
3962000,11.67,12.62,14.74,10.89,13.65
3963000,11.46,12.72,14.77,10.5,13.89
3964000,11.56,12.85,14.56,10.2,13.87
3965000,11.73,12.86,14.48,10.39,13.98
3966000,11.9,13.08,14.88,10.19,13.62
3967000,11.84,13.03,14.89,9.99,13.75
3968000,12.28,13.01,14.92,10.05,13.64
3969000,12.16,13.27,14.8,10.24,13.67
3970000,12.2,13.12,15.1,10.26,14.03
3971000,12.47,13.48,15.24,10.58,13.86
3972000,12.6,13.52,15.05,10.76,13.85
3973000,13.06,13.74,14.82,11.04,14.26
3974000,13.26,13.71,14.78,10.7,13.44
3975000,13.29,13.51,14.52,10.96,13.58
3976000,12.93,12.99,14.53,10.96,13.47
3977000,12.99,12.89,14.67,11.01,13.35
3978000,13.02,12.55,14.69,10.94,13.1
3979000,12.99,12.48,14.57,10.43,12.95
3980000,12.72,12.33,14.49,10.6,13.14
3981000,12.64,12.55,14.41,10.72,13.45
3982000,12.28,12.45,14.56,10.83,13.0
3983000,12.31,12.45,14.41,10.71,12.89
3984000,12.43,12.42,14.31,10.95,13.33
3985000,12.31,12.36,14.4,10.92,13.18
3986000,12.12,12.48,14.15,11.09,12.81
3987000,12.18,12.83,14.14,11.04,13.21
3988000,11.81,12.89,14.0,10.83,13.52
3989000,11.78,12.94,14.0,10.8,13.76
3990000,11.26,13.08,13.86,10.97,13.87
3991000,11.3,13.32,13.98,11.32,13.99
3992000,11.52,13.29,13.89,10.7,14.18
3993000,11.61,13.6,13.58,10.72,14.08
3994000,11.7,13.77,13.29,10.69,13.88
3995000,11.71,13.88,12.98,10.6,13.83
3996000,11.47,13.67,12.8,10.39,13.98
3997000,11.4,13.33,12.84,10.64,14.15
3998000,11.45,13.24,12.26,10.79,13.92
3999000,11.21,13.07,11.97,10.95,14.26
4000000,11.65,12.99,11.61,11.14,14.61
4001000,11.38,12.83,11.63,11.07,14.63
4002000,11.66,12.8,11.66,11.27,14.25
4003000,11.75,12.87,11.67,11.28,14.05
4004000,12.13,12.76,11.29,11.68,14.03
4005000,12.02,12.7,11.27,11.82,14.35
4006000,11.38,12.66,11.79,11.68,14.57
4007000,11.38,12.04,12.0,11.79,14.78
4008000,11.63,11.77,12.14,11.85,15.03
4009000,11.76,12.04,12.27,11.99,15.02
4010000,11.69,12.09,12.25,12.12,15.1
4011000,11.97,11.93,12.16,11.99,14.9
4012000,11.88,12.04,12.39,11.83,15.12
4013000,12.11,12.42,12.63,11.61,15.1
4014000,12.1,12.56,12.7,11.52,14.21
4015000,12.33,12.65,12.65,11.54,14.01
4016000,12.28,12.57,12.85,11.73,14.61
4017000,12.24,12.56,12.6,11.64,14.86
4018000,12.42,12.4,12.59,11.87,14.8
4019000,12.6,12.28,12.89,11.74,14.15
4020000,12.06,12.6,12.56,11.59,14.21
4021000,12.08,12.52,12.74,11.56,14.01
4022000,12.39,12.79,12.8,11.56,13.71
4023000,11.71,12.95,12.97,11.16,13.74
4024000,11.86,12.29,12.78,11.21,13.66
4025000,12.06,12.4,12.92,11.26,12.79
4026000,11.97,12.57,13.21,11.71,12.99
4027000,11.86,12.67,13.61,11.97,12.57
4028000,11.5,12.05,13.75,11.74,12.27
4029000,11.61,12.03,13.72,11.85,11.74
4030000,11.53,12.22,13.87,11.82,11.85
4031000,11.57,12.07,14.24,11.98,11.63
4032000,11.52,12.17,13.94,12.32,11.42
4033000,11.54,12.09,14.34,12.78,11.15
4034000,11.35,12.09,14.31,12.21,11.31
4035000,11.61,12.14,14.38,12.41,11.01
4036000,11.61,11.95,14.5,12.45,11.44
4037000,11.83,11.69,14.59,12.49,11.77
4038000,12.06,12.15,14.55,12.08,11.84
4039000,12.1,12.22,14.33,11.94,11.95
4040000,12.35,12.33,14.15,11.08,11.6
4041000,12.14,12.19,14.35,10.92,11.53
4042000,12.19,12.34,14.53,10.46,11.35
4043000,12.06,12.42,14.33,10.21,11.64
4044000,12.54,12.02,14.09,9.92,11.75
4045000,12.86,12.12,14.14,9.9,11.74
4046000,12.78,12.17,14.28,10.04,11.58
4047000,12.72,12.3,14.33,10.04,11.46
4048000,12.91,12.34,14.27,10.31,11.71
4049000,12.96,12.19,14.09,10.6,11.96
4050000,12.69,12.5,14.38,10.57,11.86
4051000,12.27,12.62,14.38,10.69,11.88
4052000,12.59,12.67,14.53,10.65,12.29
4053000,12.55,12.47,14.46,10.79,11.88
4054000,12.47,12.65,14.57,11.06,11.97
4055000,12.06,12.78,14.55,11.17,11.76
4056000,12.18,12.53,14.78,11.19,11.88
4057000,11.97,12.7,15.17,11.33,11.89
4058000,11.54,13.06,15.14,11.29,11.94
4059000,11.5,13.18,14.9,11.23,12.15
4060000,11.67,13.08,14.59,10.94,12.24
4061000,11.6,12.74,14.7,11.26,12.24
4062000,11.62,12.86,14.86,11.4,12.24
4063000,12.15,12.84,14.69,11.69,12.74
4064000,11.85,12.83,14.52,12.02,12.58
4065000,11.65,12.82,14.63,12.31,12.16
4066000,12.0,12.81,14.34,12.37,12.38
4067000,12.22,12.99,13.92,12.12,12.23
4068000,12.48,13.01,13.62,12.55,12.28
4069000,12.56,12.93,13.76,12.4,11.86
4070000,12.61,12.95,13.69,12.46,11.67
4071000,13.01,13.31,13.77,12.29,11.63
4072000,13.04,13.53,13.64,12.39,11.18
4073000,12.98,13.33,13.61,12.45,11.12
4074000,12.99,13.35,13.78,12.57,10.91
4075000,12.53,13.32,13.56,11.9,10.91
4076000,12.37,13.49,13.89,11.97,11.44
4077000,12.56,13.41,13.33,12.01,11.83
4078000,12.49,13.29,13.4,12.15,12.01
4079000,12.31,13.35,13.43,12.34,12.29
4080000,12.16,13.22,13.42,12.05,12.57
4081000,12.29,13.27,13.43,12.01,12.74
4082000,12.36,13.28,13.23,12.03,12.98
4083000,12.17,13.22,13.31,12.05,13.15
4084000,12.05,13.26,13.2,11.8,13.0
4085000,11.84,13.1,13.16,11.69,13.06
4086000,11.75,13.08,13.16,11.63,12.9
4087000,11.9,12.72,13.21,11.79,13.15
4088000,12.32,12.23,13.08,11.92,13.3
4089000,12.13,12.38,13.06,11.08,12.99
4090000,12.07,12.15,12.76,10.44,13.09
4091000,11.69,11.79,12.87,10.49,12.86
4092000,11.9,11.95,12.52,10.66,13.1
4093000,11.39,12.13,12.6,10.63,13.15
4094000,11.26,12.24,12.58,10.79,12.84
4095000,11.21,12.13,12.66,10.94,12.92
4096000,11.03,12.26,12.7,10.86,13.21
4097000,11.15,12.14,12.93,10.93,13.56
4098000,11.18,11.75,12.86,11.1,13.61
4099000,10.77,11.69,13.06,10.74,14.0
4100000,10.73,11.84,13.08,10.89,13.83
4101000,11.2,12.17,12.87,11.17,13.94
4102000,11.21,12.46,13.04,11.51,13.77
4103000,11.39,12.49,13.19,10.82,13.65
4104000,11.42,12.21,12.95,10.88,13.49
4105000,11.92,12.64,13.42,10.94,13.73
4106000,11.79,12.64,13.57,11.02,13.2
4107000,12.12,12.37,13.57,11.15,13.21
4108000,12.08,12.35,13.78,11.34,12.82
4109000,12.58,12.21,13.72,11.64,12.6
4110000,12.41,12.26,13.54,11.81,12.65
4111000,12.36,12.5,13.05,12.19,12.51
4112000,12.69,12.97,13.36,12.41,12.75
4113000,12.85,13.1,13.43,12.65,12.75
4114000,12.71,13.03,13.47,12.63,12.56
4115000,12.79,13.06,13.34,12.79,12.62
4116000,12.73,12.99,13.41,13.23,12.66
4117000,12.96,12.71,13.43,13.25,12.91
4118000,12.98,12.73,13.29,13.04,12.96
4119000,13.07,12.99,13.32,12.79,13.21
4120000,12.98,12.93,13.03,12.91,12.8
4121000,13.23,12.84,13.44,12.94,13.17
4122000,13.1,12.92,13.41,13.26,13.31
4123000,13.1,12.99,13.56,12.83,13.04
4124000,13.3,13.1,13.8,12.38,13.2
4125000,13.41,13.24,13.76,12.21,12.94
4126000,13.29,12.74,14.07,12.01,13.09
4127000,13.31,12.59,14.17,11.73,13.13
4128000,13.13,12.41,14.2,11.85,13.02
4129000,12.93,12.79,14.43,12.0,12.91
4130000,12.73,12.93,14.05,12.36,12.78
4131000,12.44,12.98,14.23,12.68,12.76
4132000,12.38,13.23,14.29,12.83,12.59
4133000,12.36,13.21,13.97,12.75,12.94
4134000,12.22,13.23,14.19,12.44,13.07
4135000,12.35,13.4,14.27,12.08,12.98
4136000,12.41,13.69,14.56,12.14,13.48
4137000,12.44,13.31,14.35,12.32,13.54
4138000,12.13,13.22,14.39,12.46,13.52
4139000,12.4,13.35,14.2,12.49,13.7
4140000,12.56,13.12,14.04,12.14,13.82
4141000,12.65,13.1,14.11,12.22,14.01
4142000,12.98,13.18,14.08,11.65,13.84
4143000,12.82,13.5,14.24,11.23,13.39
4144000,12.91,13.39,14.43,11.16,13.54
4145000,13.16,13.3,14.29,10.83,13.69
4146000,12.99,13.39,14.42,11.13,13.97
4147000,12.9,13.28,14.69,10.91,14.16
4148000,13.14,13.24,14.18,10.2,13.6
4149000,13.3,12.95,14.25,9.14,13.46
4150000,13.14,12.74,14.16,6.73,13.29
4151000,12.98,12.88,13.83,0.1,12.97
4152000,12.33,13.12,13.23,0.0,13.2
4153000,12.38,13.17,13.24,0.0,12.79
4154000,12.23,12.94,13.44,0.0,12.84
4155000,12.33,12.99,13.01,0.0,12.85
4156000,12.27,13.15,13.09,0.0,13.2
4157000,12.39,13.09,13.2,0.0,13.56
4158000,12.29,13.3,12.75,0.0,13.62
4159000,12.29,13.41,12.56,0.0,13.24
4160000,12.26,13.12,12.28,0.0,13.26
4161000,11.94,13.26,12.35,0.0,13.6
4162000,12.26,13.34,12.72,0.0,13.74
4163000,12.18,13.14,12.81,0.0,13.75
4164000,12.16,13.4,13.09,0.0,13.61
4165000,12.56,13.54,12.96,0.0,13.83
4166000,12.48,13.2,13.17,0.0,13.25
4167000,12.41,13.32,13.49,0.0,13.46
4168000,12.45,13.23,13.82,0.0,13.41
4169000,11.78,13.55,13.76,0.0,13.42
4170000,11.42,13.55,13.72,0.0,13.68
4171000,10.95,13.47,14.08,0.0,13.73
4172000,11.0,13.57,13.42,0.0,13.82
4173000,11.19,13.2,13.27,0.0,13.78
4174000,11.01,12.75,12.97,0.0,13.7
4175000,11.17,12.84,12.76,0.0,13.76
4176000,11.34,12.52,12.52,0.0,13.89
4177000,11.39,12.48,12.36,0.0,14.21
4178000,10.85,12.68,12.39,0.0,14.38
4179000,10.99,12.54,12.2,0.0,14.38
4180000,10.99,12.64,12.43,0.0,14.33
4181000,11.4,12.6,12.42,0.0,14.25
4182000,11.62,12.67,12.37,0.0,14.33
4183000,11.89,12.74,12.19,0.01,14.27
4184000,11.98,12.34,12.28,0.02,13.8
4185000,11.94,12.26,12.56,0.01,13.34
4186000,12.18,11.85,12.77,0.01,13.4
4187000,12.14,11.74,13.12,0.0,13.19
4188000,11.85,11.62,13.5,0.02,13.4
4189000,11.84,11.85,14.05,0.0,13.25
4190000,11.89,11.86,14.13,0.0,12.9
4191000,12.01,11.71,14.55,0.0,13.18
4192000,12.35,11.7,14.53,0.05,13.11
4193000,12.39,11.93,14.73,0.02,13.0
4194000,12.37,11.83,15.27,0.04,13.56
4195000,12.35,11.45,15.25,0.01,13.92
4196000,12.4,11.47,15.59,0.07,14.24
4197000,12.39,11.5,15.38,0.1,13.26
4198000,12.51,11.42,15.09,0.43,13.28
4199000,12.7,11.76,15.05,0.85,13.57
4200000,12.99,11.98,14.71,1.35,13.67
4201000,12.8,12.24,14.69,1.8,13.31
4202000,13.1,12.51,14.5,2.09,13.11
4203000,12.97,12.81,14.28,2.34,13.52
4204000,13.28,12.86,14.01,2.73,13.37
4205000,13.67,12.91,13.81,2.98,12.95
4206000,13.32,13.11,13.87,3.14,13.24
4207000,13.56,13.02,13.68,3.3,12.93
4208000,13.38,12.96,13.45,3.14,12.81
4209000,13.36,13.37,13.04,3.14,12.62
4210000,13.26,13.59,12.63,3.29,13.14
4211000,13.39,13.38,12.58,3.16,13.71
4212000,13.35,13.72,12.6,3.51,14.16
4213000,13.07,13.64,12.85,3.52,13.95
4214000,12.66,13.84,12.77,3.26,14.15
4215000,12.65,13.97,12.63,3.12,14.22
4216000,12.6,14.05,12.32,3.15,14.46
4217000,12.63,13.87,12.13,3.14,14.57
4218000,12.56,13.3,12.04,3.2,14.38
4219000,12.94,13.09,11.98,3.24,14.61
4220000,12.93,13.16,12.18,3.12,14.53
4221000,12.78,13.07,12.43,3.15,14.53
4222000,12.98,12.99,12.26,3.45,14.12
4223000,13.26,13.12,12.43,3.48,14.19
4224000,13.32,13.15,12.71,3.44,14.49
4225000,12.92,13.22,12.83,3.34,13.97
4226000,12.95,13.51,12.87,3.14,14.41
4227000,12.95,12.94,12.86,3.15,14.51
4228000,13.0,13.08,12.71,3.16,14.33
4229000,12.99,12.89,12.99,3.3,14.48
4230000,12.99,13.1,12.95,3.46,13.72
4231000,12.69,13.05,13.24,3.37,12.88
4232000,13.11,12.78,13.76,3.55,12.76
4233000,12.84,12.86,13.69,3.62,12.33
4234000,12.79,13.16,13.96,3.6,12.02
4235000,12.59,12.99,13.97,3.69,12.3
4236000,12.59,13.21,13.8,3.58,12.23
4237000,12.46,13.31,13.79,3.68,12.64
4238000,12.5,13.55,13.58,3.48,12.37
4239000,12.6,13.31,13.44,3.56,12.29
4240000,12.71,13.09,13.59,3.52,12.18
4241000,12.66,12.92,13.64,3.66,11.86
4242000,12.88,13.34,13.23,3.35,11.77
4243000,12.79,13.13,13.39,3.37,12.17
4244000,12.73,13.28,13.02,3.47,12.77
4245000,12.83,13.12,13.14,3.42,12.89
4246000,12.91,13.02,12.92,3.62,13.4
4247000,12.8,13.58,13.18,3.54,13.29
4248000,13.07,13.55,13.24,3.38,12.48
4249000,13.31,13.17,13.23,3.35,12.49
4250000,13.3,13.42,13.21,3.48,12.05
4251000,13.26,12.58,13.41,3.38,11.99
4252000,13.31,12.59,13.31,3.74,11.81
4253000,13.52,12.51,12.76,3.61,11.51
4254000,13.41,12.5,12.63,3.65,12.08
4255000,13.21,12.69,12.43,3.77,12.31
4256000,13.2,12.65,12.62,4.05,12.2
4257000,13.32,12.69,13.15,3.94,12.05
4258000,13.4,12.35,13.16,4.3,12.11
4259000,12.94,12.07,13.48,4.22,12.14
4260000,13.15,12.33,13.31,4.16,12.47
4261000,12.93,12.15,13.52,4.18,12.4
4262000,12.71,11.96,13.64,4.12,12.44
4263000,12.92,12.04,13.51,4.03,13.03
4264000,12.67,12.11,13.61,3.94,13.34
4265000,12.7,12.47,13.53,4.09,13.47
4266000,12.65,12.6,13.4,3.86,13.47
4267000,12.52,12.67,13.28,3.96,13.73
4268000,12.52,12.5,13.87,4.05,13.8
4269000,12.47,12.32,14.36,4.04,14.05
4270000,12.27,12.32,14.47,3.99,14.17
4271000,12.17,12.47,14.57,4.0,14.31
4272000,12.45,12.74,14.61,3.77,14.38
4273000,12.36,12.8,14.41,3.72,14.3
4274000,12.75,13.17,14.48,4.01,14.11
4275000,12.89,13.0,14.61,4.14,14.4
4276000,12.69,13.06,14.74,4.19,15.05
4277000,12.91,12.94,15.07,4.6,15.13
4278000,12.94,13.07,14.95,4.92,14.74
4279000,12.94,13.45,14.49,4.78,14.69
4280000,13.02,13.6,14.65,4.58,14.69
4281000,13.07,13.47,14.29,4.81,14.81
4282000,13.16,13.38,14.21,4.94,14.65
4283000,13.38,13.51,14.12,4.7,14.09
4284000,13.03,13.41,14.21,4.62,14.06
4285000,12.92,13.45,13.79,4.8,13.95
4286000,13.16,13.42,13.47,4.92,14.1
4287000,13.08,13.79,13.36,4.68,14.29
4288000,13.27,13.59,13.44,4.53,14.49
4289000,12.81,13.82,13.29,4.55,14.46
4290000,12.61,13.83,13.0,4.78,14.14
4291000,12.68,14.08,12.79,5.17,13.89
4292000,12.71,14.34,12.56,4.94,14.2
4293000,12.51,14.31,12.79,5.05,14.43
4294000,12.39,14.45,12.81,5.36,14.42
4295000,12.28,13.82,12.81,5.74,14.77
4296000,12.31,13.5,12.5,5.37,14.73
4297000,12.55,13.08,12.97,5.05,14.78
4298000,12.56,12.94,13.18,5.52,14.88
4299000,12.43,13.08,13.0,5.53,14.97
4300000,11.94,13.34,12.95,5.83,14.79
4301000,12.23,12.93,13.07,5.68,15.17
4302000,12.32,12.41,13.25,5.62,15.51
4303000,12.71,12.3,13.14,5.71,15.13
4304000,13.07,12.1,13.13,6.12,15.29
4305000,12.73,11.8,13.32,6.05,15.37
4306000,12.82,11.85,13.52,5.8,15.53
4307000,12.94,11.88,13.67,5.84,15.44
4308000,13.21,12.15,13.91,6.08,14.9
4309000,13.24,12.33,13.81,5.94,14.86
4310000,12.81,12.39,13.64,5.3,14.52
4311000,12.78,12.59,13.97,4.97,14.6
4312000,12.66,13.09,14.09,4.62,14.89
4313000,12.92,13.39,13.95,4.47,15.13
4314000,12.92,13.34,13.96,4.48,15.25
4315000,12.82,12.99,14.07,4.41,14.72
4316000,12.86,13.27,14.05,4.64,14.42
4317000,12.51,13.65,14.08,4.66,14.58
4318000,12.19,13.7,13.82,4.86,14.53
4319000,11.75,13.88,13.34,4.87,14.61
4320000,11.32,13.93,13.32,4.95,14.67
4321000,11.33,14.18,13.44,5.14,14.03
4322000,11.52,14.22,13.19,5.53,14.35
4323000,11.4,14.0,13.19,5.62,14.52
4324000,11.58,13.83,13.15,5.54,14.41
4325000,11.67,13.89,12.92,5.62,14.68
4326000,11.73,14.09,12.79,5.7,14.66
4327000,11.73,13.87,12.6,5.57,14.01
4328000,11.5,13.69,12.54,5.1,13.84
4329000,11.4,13.6,12.26,5.31,14.15
4330000,11.78,13.84,12.36,5.29,14.33
4331000,11.64,14.12,12.41,5.5,14.09
4332000,12.01,14.03,12.47,5.32,14.21
4333000,12.34,13.76,12.72,5.28,13.91
4334000,12.09,13.8,12.74,5.14,14.16
4335000,12.1,13.49,12.71,5.07,14.18
4336000,12.15,13.29,12.59,4.98,14.69
4337000,12.04,13.4,12.67,4.86,14.64
4338000,11.71,13.53,12.58,4.95,14.7
4339000,11.83,13.29,12.42,5.08,14.57
4340000,11.77,13.21,12.9,5.27,14.14
4341000,11.7,13.07,12.87,4.97,14.53
4342000,11.53,13.15,12.96,5.09,14.66
4343000,10.67,13.44,12.86,5.23,14.76
4344000,10.69,13.34,12.73,5.01,14.55
4345000,10.6,13.48,12.79,4.96,14.26
4346000,10.8,13.22,12.77,5.16,14.63
4347000,10.92,13.24,12.87,5.6,14.45
4348000,11.11,13.5,12.94,5.83,14.7
4349000,10.9,13.51,12.97,5.54,14.49
4350000,10.74,13.54,12.94,5.63,14.65
4351000,10.42,13.49,12.99,5.73,14.78
4352000,10.7,13.52,12.68,5.7,14.72
4353000,10.76,13.52,12.96,5.57,14.9
4354000,11.18,13.69,12.86,5.17,14.89
4355000,11.64,14.07,12.92,4.61,14.72
4356000,12.02,13.95,12.92,4.43,14.64
4357000,12.02,14.08,13.17,4.51,14.73
4358000,12.02,13.85,13.18,4.13,14.56
4359000,11.65,13.42,13.31,4.36,14.52
4360000,11.63,13.13,13.2,4.59,14.5
4361000,12.15,13.11,13.31,4.99,14.37
4362000,12.19,13.3,13.08,5.52,14.75
4363000,12.63,13.24,13.03,5.63,14.82
4364000,12.54,13.36,13.23,5.53,15.02
4365000,13.08,13.35,13.19,5.71,15.09
4366000,13.14,13.31,13.03,5.76,15.14
4367000,12.74,13.02,12.97,5.87,14.95
4368000,12.72,13.04,12.43,5.42,14.79
4369000,12.58,12.67,12.54,5.33,14.95
4370000,12.45,12.5,12.16,5.73,14.75
4371000,12.64,12.41,11.88,5.84,15.0
4372000,12.9,12.51,11.71,5.82,14.76
4373000,12.92,12.54,11.96,5.79,14.94
4374000,12.76,12.91,11.77,5.83,15.27
4375000,12.46,12.6,12.02,6.2,15.05
4376000,12.27,12.75,12.24,6.24,14.97
4377000,12.51,12.32,12.3,5.73,14.71
4378000,12.38,12.01,12.37,5.68,14.81
4379000,12.49,12.04,12.69,5.38,14.22
4380000,12.57,11.87,12.95,5.19,13.74
4381000,12.65,12.14,12.86,4.84,13.6
4382000,12.62,12.17,12.98,4.8,13.65
4383000,13.13,11.98,13.5,4.78,13.55
4384000,13.24,12.05,13.92,4.73,12.81
4385000,13.14,12.1,14.02,4.79,12.71
4386000,13.14,12.04,14.14,4.58,12.25
4387000,13.37,11.97,14.53,4.92,11.76
4388000,13.22,11.93,14.49,5.1,11.39
4389000,13.61,12.28,14.83,5.24,10.72
4390000,13.78,12.44,14.37,5.4,10.4
4391000,13.79,12.78,14.4,5.83,10.38
4392000,13.81,12.75,14.4,5.72,10.23
4393000,13.91,13.05,14.09,5.48,10.47
4394000,14.0,13.12,14.09,5.1,10.17
4395000,14.08,13.1,13.85,5.39,10.56
4396000,14.06,12.68,13.84,5.43,10.68
4397000,14.0,12.68,13.83,5.44,10.88
4398000,13.93,12.68,14.17,5.16,11.14
4399000,13.81,12.57,13.52,5.51,11.59
4400000,13.71,12.78,13.35,5.8,11.43
4401000,13.83,13.03,13.42,5.88,11.82
4402000,13.69,13.16,13.31,5.57,12.16
4403000,13.27,13.31,13.34,5.28,12.41
4404000,13.4,12.99,13.43,5.05,12.54
4405000,13.16,13.05,13.45,5.12,12.88
4406000,12.75,13.01,13.84,5.04,12.93
4407000,12.66,13.14,13.83,5.34,13.02
4408000,12.41,13.12,13.89,5.39,13.19
4409000,12.51,12.94,14.0,5.41,13.34
4410000,12.58,13.38,14.0,5.66,13.34
4411000,12.52,13.6,13.62,5.53,13.49
4412000,12.64,13.68,13.46,5.64,13.72
4413000,12.57,13.33,13.22,5.44,13.56
4414000,12.65,13.39,13.3,5.23,13.69
4415000,12.71,13.27,13.18,4.95,13.32
4416000,13.02,12.82,13.09,5.08,13.29
4417000,12.87,12.72,13.22,5.11,13.1
4418000,12.61,12.77,13.5,5.3,13.04
4419000,12.65,12.14,13.39,5.39,12.93
4420000,12.76,11.98,13.44,5.6,13.16
4421000,12.36,12.19,13.23,5.79,13.05
4422000,12.37,12.18,13.26,6.07,12.7
4423000,12.37,12.23,13.38,6.27,12.51
4424000,12.61,12.16,13.42,6.18,12.26
4425000,12.45,12.15,13.15,6.0,12.37
4426000,12.63,12.17,13.52,5.71,12.51
4427000,12.46,12.5,13.65,5.44,12.5
4428000,12.22,12.53,13.63,5.23,12.72
4429000,12.08,12.87,13.84,4.97,12.85
4430000,12.31,13.12,13.87,4.83,12.12
4431000,12.23,13.2,14.12,4.88,11.77
4432000,12.42,13.48,14.14,4.94,11.39
4433000,12.69,13.25,13.6,5.09,10.87
4434000,13.02,13.38,13.65,5.22,10.74
4435000,13.26,13.61,13.82,5.5,10.0
4436000,13.07,13.65,13.91,5.58,9.65
4437000,13.04,13.49,14.12,5.4,9.92
4438000,12.97,13.47,14.03,5.65,9.54
4439000,13.15,13.7,13.79,5.6,9.3
4440000,13.39,13.69,13.83,5.66,9.2
4441000,13.41,13.83,14.28,5.71,8.62
4442000,13.25,14.04,13.9,5.46,7.69
4443000,13.41,13.52,13.88,5.68,7.03
4444000,13.32,13.62,14.05,5.58,4.34
4445000,13.11,13.3,13.74,5.43,1.36
4446000,13.1,12.95,13.48,5.5,0.73
4447000,13.15,12.57,13.42,5.32,0.81
4448000,12.87,12.59,13.53,5.45,0.82
4449000,13.14,12.58,13.38,5.18,0.83
4450000,13.42,12.39,13.2,5.29,0.75
4451000,13.14,12.34,13.09,5.34,0.71
4452000,13.21,12.16,13.15,5.72,0.65
4453000,13.19,12.29,12.87,5.72,0.56
4454000,13.11,12.12,12.32,5.68,0.65
4455000,13.5,11.84,11.87,5.77,0.7
4456000,13.73,11.86,11.98,5.83,0.73
4457000,13.73,11.71,11.95,5.88,0.75
4458000,13.7,11.88,12.07,5.91,0.72
4459000,13.97,11.98,12.3,5.72,0.77
4460000,13.82,12.29,12.48,5.75,0.66
4461000,13.79,12.5,12.67,5.38,0.65
4462000,13.57,12.89,13.02,5.48,0.88
4463000,13.56,12.9,13.22,5.46,1.08
4464000,13.58,12.75,13.13,5.32,1.25
4465000,13.72,12.89,12.91,5.27,1.26
4466000,13.64,12.84,13.15,5.56,1.37
4467000,13.65,12.92,13.1,5.49,1.72
4468000,13.51,12.75,13.26,5.55,2.19
4469000,13.58,12.85,13.79,5.41,2.48
4470000,13.38,12.84,13.97,5.45,2.66
4471000,13.45,13.11,14.19,5.48,2.86
4472000,13.62,13.6,14.53,5.05,2.9
4473000,13.74,13.05,14.52,4.95,2.95
4474000,13.6,13.03,14.7,4.99,2.89
4475000,13.59,13.29,14.6,5.41,2.73
4476000,13.93,13.13,14.93,5.26,2.64
4477000,14.26,13.0,14.88,5.48,2.45
4478000,13.68,13.16,14.36,5.25,2.41
4479000,13.78,12.95,14.13,5.47,2.55
4480000,13.7,12.94,14.22,5.95,2.57
4481000,13.53,13.32,14.59,6.3,2.49
4482000,13.34,13.25,14.68,6.22,2.58
4483000,13.46,13.22,14.8,6.3,2.38
4484000,13.51,13.25,14.66,6.18,2.35
4485000,13.05,13.19,14.51,6.36,2.4
4486000,13.12,12.99,14.59,6.57,2.54
4487000,13.17,12.96,14.79,6.52,2.79
4488000,13.21,13.07,14.73,5.81,2.82
4489000,12.86,13.19,14.63,5.48,2.8
4490000,12.32,13.05,14.35,5.4,2.75
4491000,12.41,13.18,14.4,5.54,2.82
4492000,12.31,13.08,14.09,5.35,2.82
4493000,12.36,12.95,14.15,5.12,2.98
4494000,12.51,13.27,13.99,5.35,3.12
4495000,12.52,13.3,14.06,5.51,3.28
4496000,12.52,12.72,13.95,5.83,3.22
4497000,12.47,12.64,13.97,5.85,3.17
4498000,12.54,12.81,14.0,5.89,2.98
4499000,12.4,12.94,13.56,5.85,3.03
4500000,11.73,12.95,13.62,6.14,3.17
4501000,11.83,13.06,13.7,5.28,3.11
4502000,11.97,13.12,13.54,5.25,3.18
4503000,12.32,13.47,13.49,5.28,3.15
4504000,12.31,13.79,13.71,5.38,3.12
4505000,12.31,13.78,13.81,5.1,2.98
4506000,12.57,14.03,13.6,5.15,2.93
4507000,12.31,13.82,13.63,5.47,3.07
4508000,12.46,13.81,13.77,5.9,2.92
4509000,12.55,13.98,13.91,6.22,3.1
4510000,12.59,13.92,14.33,6.06,3.14
4511000,12.6,14.11,14.29,5.77,3.0
4512000,12.9,14.04,14.55,6.11,2.97
4513000,13.07,14.33,14.49,6.37,2.86
4514000,13.16,14.51,14.43,6.44,2.65
4515000,12.95,14.47,14.59,6.41,2.63
4516000,12.92,14.38,14.81,6.39,2.87
4517000,13.03,14.53,14.67,6.37,3.05
4518000,13.14,14.53,14.6,6.24,3.16
4519000,12.81,14.44,14.65,6.23,3.16
4520000,13.09,14.04,14.52,5.5,3.02
4521000,12.56,14.11,14.45,5.41,3.03
4522000,12.46,13.89,14.5,4.93,3.26
4523000,12.44,14.0,14.66,4.66,2.97
4524000,12.23,14.06,14.57,4.84,2.99
4525000,12.46,14.21,14.18,4.75,3.07
4526000,12.55,14.42,14.09,4.86,2.99
4527000,12.71,14.03,14.07,4.75,2.9
4528000,13.12,14.01,14.06,4.77,2.96
4529000,12.83,13.94,14.02,5.1,3.01
4530000,12.13,13.79,14.01,4.9,2.84
4531000,12.39,13.66,13.93,5.2,2.69
4532000,12.24,13.33,14.13,5.0,2.58
4533000,12.23,13.56,14.18,3.71,2.74
4534000,12.55,13.25,14.17,2.59,2.81
4535000,12.58,13.41,14.09,1.82,2.99
4536000,12.98,13.4,14.16,2.08,2.93
4537000,12.93,13.35,14.09,2.4,2.98
4538000,13.19,13.46,13.97,2.94,3.13
4539000,13.0,13.22,14.13,3.47,3.04
4540000,13.23,12.59,13.74,3.99,3.08
4541000,13.3,12.59,13.79,4.54,2.94
4542000,13.09,12.17,13.63,4.9,2.85
4543000,13.55,12.41,13.6,5.13,2.93
4544000,14.05,12.39,13.71,5.19,2.78
4545000,14.14,12.54,13.64,5.16,2.92
4546000,14.54,12.79,13.61,5.28,2.95
4547000,14.21,12.83,13.46,5.2,2.96
4548000,14.21,12.44,13.18,5.3,3.17
4549000,14.51,12.35,13.1,5.37,3.1
4550000,14.41,12.17,12.9,5.34,3.29
4551000,14.24,12.25,12.84,5.57,2.96
4552000,14.42,12.16,13.01,5.71,2.8
4553000,14.29,11.96,13.02,5.67,0.94
4554000,14.21,12.34,12.82,5.67,0.0
4555000,14.26,12.49,13.13,5.53,0.0
4556000,13.92,12.81,13.38,5.56,0.0
4557000,13.49,12.98,13.62,5.39,0.0
4558000,13.62,12.82,13.69,5.24,0.0
4559000,13.23,12.91,13.74,5.3,0.0
4560000,13.11,12.92,13.64,4.9,0.0
4561000,13.39,12.92,13.59,4.13,0.0
4562000,13.28,13.23,13.57,3.33,0.0
4563000,13.19,13.28,13.83,2.8,0.0
4564000,13.18,13.51,14.19,2.69,0.0
4565000,13.32,13.54,14.35,2.99,0.0
4566000,13.22,13.79,14.52,3.44,0.0
4567000,13.48,13.63,14.43,3.73,0.0
4568000,13.52,13.63,14.36,4.21,0.0
4569000,13.65,13.55,14.39,4.45,0.0
4570000,14.17,13.48,14.61,5.0,0.0
4571000,14.48,13.36,14.61,5.07,0.0
4572000,14.53,13.24,14.69,5.18,0.0
4573000,14.67,13.3,14.57,5.34,0.0
4574000,14.71,13.01,14.46,5.52,0.0
4575000,14.85,13.09,14.64,5.68,0.0
4576000,14.79,13.24,14.54,5.69,0.01
4577000,15.01,12.94,14.58,5.6,0.0
4578000,14.94,12.96,14.77,5.5,0.0
4579000,14.72,13.37,14.49,5.38,0.0
4580000,14.6,13.12,14.5,4.87,0.0
4581000,14.74,13.08,14.44,4.43,0.0
4582000,14.8,13.0,14.61,4.11,0.0
4583000,14.88,13.33,14.64,4.32,0.0
4584000,14.14,13.46,15.01,4.21,0.0
4585000,14.13,13.53,15.17,4.44,0.0
4586000,14.05,13.25,15.26,4.58,0.0
4587000,13.87,13.67,15.18,4.56,0.0
4588000,13.79,13.56,14.81,4.61,0.0
4589000,13.55,13.93,14.64,4.38,0.0
4590000,13.24,13.95,14.66,4.43,0.0
4591000,13.42,13.78,14.64,4.73,0.0
4592000,13.59,13.88,14.53,4.81,0.0
4593000,13.81,13.94,14.73,4.98,0.0
4594000,13.78,13.98,14.78,5.08,0.0
4595000,13.85,13.38,14.73,5.28,0.0
4596000,13.94,13.26,14.95,5.52,0.0
4597000,13.94,13.48,15.08,5.6,0.0
4598000,14.28,13.49,14.76,5.66,0.0
4599000,14.47,13.75,14.9,5.95,0.0
4600000,14.47,13.85,14.98,6.05,0.0
4601000,14.42,14.14,14.83,6.32,0.0
4602000,14.59,14.31,14.44,6.37,0.01
4603000,14.56,13.99,14.29,6.25,0.0
4604000,14.6,13.97,14.56,6.38,0.01
4605000,14.58,13.71,14.63,6.4,0.0
4606000,14.21,13.83,14.71,6.18,0.0
4607000,14.39,13.47,14.5,6.17,0.0
4608000,14.08,13.29,14.4,6.32,0.0
4609000,13.76,12.92,14.57,6.54,0.0
4610000,13.59,13.38,14.52,6.82,0.0
4611000,13.59,13.45,14.55,7.07,0.0
4612000,13.51,13.59,14.63,7.06,0.0
4613000,13.63,13.28,14.73,7.16,0.0
4614000,13.74,13.27,14.75,7.36,0.0
4615000,13.67,12.95,15.16,7.4,0.0
4616000,13.68,12.95,14.92,7.2,0.0
4617000,14.03,12.99,14.97,6.85,0.0
4618000,13.94,13.29,14.99,6.76,0.0
4619000,14.02,13.49,15.3,6.73,0.01
4620000,14.21,13.29,15.29,6.79,0.0
4621000,14.27,13.24,15.48,6.77,0.0
4622000,14.38,13.37,15.22,7.05,0.0
4623000,14.59,13.63,15.27,7.05,0.0
4624000,14.77,14.05,15.07,7.06,0.0
4625000,15.01,14.43,15.44,7.09,0.0
4626000,14.48,14.63,15.26,7.47,0.0
4627000,14.67,14.75,15.46,7.6,0.0
4628000,14.71,14.69,15.23,7.81,0.0
4629000,14.89,14.45,15.07,7.84,0.01
4630000,14.41,14.86,14.64,7.72,0.0
4631000,14.04,14.89,14.6,7.81,0.0
4632000,14.35,15.02,14.55,7.52,0.0
4633000,14.45,15.02,14.37,7.77,0.0
4634000,14.58,14.76,14.09,7.7,0.0
4635000,14.09,14.64,14.02,7.69,0.0
4636000,13.93,14.44,13.89,7.52,0.0
4637000,14.25,14.53,13.81,7.51,0.0
4638000,14.56,14.75,14.01,7.69,0.0
4639000,14.61,14.76,14.17,7.75,0.01
4640000,14.54,14.9,14.31,7.92,0.0
4641000,14.7,14.66,14.45,8.27,0.0
4642000,14.62,14.12,14.47,8.18,0.0
4643000,14.52,13.8,14.24,8.57,0.0
4644000,14.6,13.86,14.21,8.7,0.0
4645000,14.94,13.76,14.39,8.95,0.0
4646000,15.1,13.65,14.38,9.08,0.0
4647000,14.7,13.64,14.19,8.7,0.0
4648000,14.25,13.67,14.29,8.38,0.0
4649000,14.35,13.34,14.35,8.26,0.01
4650000,14.37,13.33,14.39,8.18,0.0
4651000,13.68,13.44,14.39,8.26,0.0
4652000,13.72,13.79,14.34,8.43,0.0
4653000,13.4,13.18,14.08,8.12,0.0
4654000,13.6,13.13,13.98,8.19,0.0
4655000,13.64,12.99,13.74,7.92,0.0
4656000,13.1,13.01,13.9,8.22,0.0
4657000,12.97,13.24,14.06,8.48,0.0
4658000,13.06,13.41,14.07,8.57,0.0
4659000,12.93,13.42,13.99,8.76,0.0
4660000,12.71,13.62,13.85,8.86,0.0
4661000,13.22,13.6,13.91,8.93,0.0
4662000,13.16,13.4,13.73,8.86,0.0
4663000,13.33,13.38,13.94,8.83,0.0
4664000,13.47,13.68,14.01,8.93,0.0
4665000,13.87,13.99,13.84,9.21,0.0
4666000,13.5,14.14,13.87,9.5,0.0
4667000,13.27,14.34,13.86,9.52,0.0
4668000,13.31,14.28,14.04,9.79,0.0
4669000,13.3,14.35,14.29,9.79,0.0
4670000,13.78,14.34,14.13,9.73,0.0
4671000,13.76,14.32,14.56,9.65,0.0
4672000,13.82,14.19,14.4,9.86,0.0
4673000,13.9,14.29,14.3,9.88,0.0
4674000,14.32,14.0,13.93,10.26,0.01
4675000,13.75,13.97,13.77,10.17,0.01
4676000,14.05,13.83,13.82,10.29,0.0
4677000,13.81,14.06,13.82,10.24,0.04
4678000,13.4,14.24,14.02,10.4,0.03
4679000,13.23,13.89,13.81,10.14,0.02
4680000,13.46,13.69,13.69,10.14,0.01
4681000,13.63,13.62,13.56,10.12,0.02
4682000,13.7,12.85,13.39,10.15,0.03
4683000,13.61,12.93,13.22,9.94,0.0
4684000,13.24,12.83,13.06,9.98,0.0
4685000,13.41,12.81,13.12,9.92,0.01
4686000,13.36,12.99,13.05,10.22,0.0
4687000,13.16,12.34,13.1,10.06,0.01
4688000,13.28,12.36,12.79,10.42,0.01
4689000,13.66,12.09,13.04,10.1,0.0
4690000,13.49,12.05,13.21,10.45,0.01
4691000,13.81,12.04,13.12,10.12,0.01
4692000,13.6,11.92,13.2,10.15,0.02
4693000,13.73,12.28,12.75,10.36,0.02
4694000,13.84,12.53,12.87,10.4,0.0
4695000,13.77,12.08,12.96,10.33,0.03
4696000,13.71,12.63,12.89,10.53,0.0
4697000,13.92,12.32,13.0,10.39,0.0
4698000,14.25,12.14,12.86,10.35,0.01
4699000,14.41,12.31,12.66,10.06,0.0
4700000,14.38,12.29,12.83,10.36,0.01
4701000,14.11,12.62,12.64,10.41,0.0
4702000,13.94,12.84,12.88,10.93,0.0
4703000,13.54,12.78,13.22,10.97,0.01
4704000,13.93,13.0,13.41,10.87,0.0
4705000,13.93,13.05,13.49,10.97,0.0
4706000,14.07,12.91,13.51,11.01,0.02
4707000,14.08,12.47,13.04,10.83,0.0
4708000,14.18,12.07,13.62,10.75,0.0
4709000,14.34,12.27,13.67,10.48,0.0
4710000,14.58,12.31,13.94,10.4,0.02
4711000,14.56,12.58,13.92,10.26,0.0
4712000,14.61,12.58,14.02,10.39,0.0
4713000,14.06,12.7,13.89,10.24,0.0
4714000,14.0,12.76,14.16,10.38,0.01
4715000,14.17,12.62,14.22,10.42,0.02
4716000,13.94,12.46,14.23,10.19,0.02
4717000,13.64,12.82,14.36,10.42,0.0
4718000,13.6,13.05,14.39,10.44,0.01
4719000,13.48,13.21,14.27,10.63,0.01
4720000,13.13,13.36,14.13,10.72,0.03
4721000,12.83,13.29,14.0,10.63,0.02
4722000,12.31,13.61,14.21,10.95,0.06
4723000,12.27,13.51,14.45,10.42,0.06
4724000,12.08,13.96,14.08,10.26,0.07
4725000,11.64,14.11,14.02,10.04,0.05
4726000,11.58,13.95,13.85,10.01,0.03
4727000,11.32,13.92,13.82,9.61,0.04
4728000,11.41,13.91,13.7,9.49,0.11
4729000,11.68,14.03,13.75,9.53,0.34
4730000,11.7,14.05,13.58,9.59,0.59
4731000,11.61,14.08,13.95,9.59,0.85
4732000,12.13,14.35,13.6,9.71,0.92
4733000,12.02,13.74,13.43,9.65,0.88
4734000,12.38,13.27,13.25,9.55,0.92
4735000,12.35,13.37,13.15,9.7,0.94
4736000,12.27,13.46,13.01,9.77,0.92
4737000,12.44,13.5,13.02,9.84,0.9
4738000,12.41,13.57,12.86,9.83,0.91
4739000,12.77,13.81,13.15,9.85,0.88
4740000,12.91,13.54,13.13,9.83,0.88
4741000,13.0,13.54,13.11,10.0,0.91
4742000,13.03,13.48,13.14,10.11,0.96
4743000,13.15,13.38,13.34,10.35,0.96
4744000,13.05,13.3,13.63,10.27,1.01
4745000,13.01,13.39,13.65,10.49,1.13
4746000,13.0,13.41,13.72,10.56,1.35
4747000,13.14,13.43,13.9,10.61,1.56
4748000,13.11,13.64,13.94,10.49,1.64
4749000,13.34,14.06,14.12,10.55,1.69
4750000,13.38,14.19,14.12,10.54,1.82
4751000,13.37,13.88,14.1,10.39,2.03
4752000,13.27,14.05,13.92,10.29,1.96
4753000,13.1,13.82,13.93,10.17,1.74
4754000,13.25,14.07,14.04,10.18,1.79
4755000,13.33,13.95,14.23,10.09,1.62
4756000,12.86,14.16,14.32,9.86,1.57
4757000,12.78,13.95,14.5,9.9,1.51
4758000,12.64,14.19,14.49,9.91,1.68
4759000,12.67,14.4,14.56,10.16,1.92
4760000,12.49,14.56,14.18,10.15,2.23
4761000,12.71,14.72,14.34,10.04,2.29
4762000,12.67,14.49,14.03,10.12,1.88
4763000,12.52,14.63,13.93,9.89,1.79
4764000,12.55,14.78,13.55,10.01,2.09
4765000,12.63,14.33,13.28,9.96,2.08
4766000,12.23,14.17,13.22,9.79,1.95
4767000,12.37,14.36,13.61,9.41,1.79
4768000,12.7,14.18,13.2,9.46,2.11
4769000,12.76,14.38,13.34,9.53,2.05
4770000,12.97,14.26,13.19,9.52,2.39
4771000,12.86,14.07,13.07,9.72,2.3
4772000,12.97,13.99,13.22,9.94,2.43
4773000,12.91,14.12,13.31,9.97,2.2
4774000,12.81,13.75,12.73,9.94,2.07
4775000,12.47,13.85,12.9,9.98,2.14
4776000,12.82,13.66,12.71,10.26,2.06
4777000,13.13,13.84,12.82,10.24,2.2
4778000,13.16,13.89,12.79,10.19,2.38
4779000,13.24,13.67,13.22,10.29,2.38
4780000,13.55,13.66,13.56,10.27,2.31
4781000,13.26,13.9,13.46,10.15,2.34
4782000,13.33,14.38,13.32,9.99,2.2
4783000,13.33,14.42,13.59,9.67,2.15
4784000,13.23,14.47,13.83,10.21,2.29
4785000,13.43,14.51,13.33,10.26,2.4
4786000,13.53,14.04,13.38,10.25,2.37
4787000,13.48,13.98,13.36,10.15,2.23
4788000,13.62,14.03,13.27,10.7,2.12
4789000,13.6,14.13,13.54,10.61,2.11
4790000,13.49,14.4,13.9,10.59,1.95
4791000,13.55,14.11,14.05,10.66,1.97
4792000,13.56,14.19,13.96,10.94,2.09
4793000,13.48,13.65,13.96,11.23,2.07
4794000,13.4,13.38,13.98,11.0,1.99
4795000,13.61,13.33,13.56,11.04,1.68
4796000,13.29,13.36,13.4,10.67,1.85
4797000,12.92,13.13,13.53,10.68,1.83
4798000,13.01,13.02,13.62,10.47,1.87
4799000,12.76,13.12,13.42,10.11,1.92
4800000,12.87,13.15,13.72,9.88,1.95
4801000,12.83,13.52,14.04,9.98,2.14
4802000,13.01,13.7,14.15,10.01,2.19
4803000,13.4,13.98,14.27,9.71,2.26
4804000,13.13,13.86,13.89,10.03,2.33
4805000,13.22,13.81,14.04,10.47,2.43
4806000,13.17,13.84,14.2,10.38,2.28
4807000,13.26,14.2,14.07,10.47,2.31
4808000,13.06,14.06,13.85,10.36,2.43
4809000,13.32,14.29,13.32,10.12,2.54
4810000,13.28,14.63,13.45,10.41,2.35
4811000,13.33,14.75,13.35,10.87,2.3
4812000,13.57,14.73,13.48,10.73,2.29
4813000,13.71,14.74,13.48,10.54,2.46
4814000,13.3,14.69,13.71,10.86,2.31
4815000,12.97,15.02,13.62,10.97,2.36
4816000,12.67,14.88,13.56,10.86,2.32
4817000,12.57,14.47,13.47,10.34,2.64
4818000,12.22,13.65,13.22,10.57,2.62
4819000,12.51,13.53,13.31,11.08,2.69
4820000,12.4,13.49,13.37,11.22,2.77
4821000,12.39,13.49,13.18,10.91,2.7
4822000,12.17,13.24,13.07,10.78,2.42
4823000,12.52,13.33,13.23,10.82,2.25
4824000,12.55,13.32,13.61,10.59,2.3
4825000,12.77,13.0,14.01,10.15,2.55
4826000,12.54,13.0,13.94,10.26,2.56
4827000,12.88,12.84,14.24,10.3,2.66
4828000,12.74,12.93,14.11,10.43,2.55
4829000,12.29,12.95,14.5,10.41,2.76
4830000,12.55,12.77,14.43,9.95,2.73
4831000,12.52,12.97,14.61,10.12,2.99
4832000,12.42,13.25,14.88,10.32,2.99
4833000,12.41,13.83,14.79,10.03,2.98
4834000,12.8,14.09,14.77,10.16,3.09
4835000,13.0,14.06,14.59,10.32,3.01
4836000,13.0,14.04,14.88,10.15,2.98
4837000,12.9,13.91,14.75,10.34,3.05
4838000,12.57,14.2,14.82,10.36,3.07
4839000,12.65,14.15,15.11,10.54,2.93
4840000,12.51,14.33,15.22,10.33,2.81
4841000,12.57,14.6,15.29,10.51,2.78
4842000,12.78,14.48,15.42,10.66,2.79
4843000,13.32,14.69,15.19,10.37,3.07
4844000,13.18,14.9,15.21,10.61,3.07
4845000,13.02,14.99,15.26,10.68,3.21
4846000,13.16,15.02,15.27,11.06,3.38
4847000,12.91,15.06,15.01,11.18,3.28
4848000,12.55,14.66,14.62,10.8,3.24
4849000,12.26,14.43,14.76,10.78,2.88
4850000,12.43,14.25,14.64,10.82,2.77
4851000,12.27,14.47,14.47,10.73,2.72
4852000,12.35,14.58,14.72,10.79,2.82
4853000,12.46,14.52,14.66,10.68,2.79
4854000,12.72,14.57,14.54,10.47,2.94
4855000,12.7,14.47,14.39,10.61,3.04
4856000,12.49,14.01,14.23,10.42,3.26
4857000,12.7,13.85,14.12,9.81,3.34
4858000,12.76,14.19,14.19,9.97,3.28
4859000,12.7,13.88,14.42,10.43,3.19
4860000,12.91,14.04,14.62,10.25,3.23
4861000,12.95,13.73,14.53,10.23,3.15
4862000,13.34,13.69,14.19,10.51,3.44
4863000,13.16,13.75,14.4,10.6,3.38
4864000,13.48,14.01,14.65,10.75,3.48
4865000,13.34,14.34,14.83,10.46,3.38
4866000,13.36,14.19,14.78,10.47,3.15
4867000,13.01,14.19,14.66,10.35,3.34
4868000,12.68,14.15,15.02,10.45,3.27
4869000,12.77,14.09,15.16,10.37,3.37
4870000,12.85,13.44,14.89,10.19,3.32
4871000,12.77,13.5,14.98,10.24,3.38
4872000,12.99,13.65,14.96,10.23,3.31
4873000,12.81,13.5,14.89,10.04,3.12
4874000,12.53,13.35,14.84,10.01,2.73
4875000,12.45,13.34,14.62,10.06,2.9
4876000,12.47,13.34,14.62,10.18,2.95
4877000,12.23,13.55,14.84,10.46,3.09
4878000,12.47,13.49,14.75,10.64,3.34
4879000,12.89,13.28,14.85,10.85,3.41
4880000,13.09,13.26,14.83,10.82,3.59
4881000,13.23,13.41,14.85,10.69,3.71
4882000,13.56,13.37,14.53,10.86,3.59
4883000,13.44,13.18,14.61,11.13,3.48
4884000,13.45,13.26,14.8,11.17,3.2
4885000,13.51,13.49,14.67,11.35,3.11
4886000,13.5,14.05,14.25,11.54,3.11
4887000,13.76,13.62,14.75,11.57,3.46
4888000,14.18,13.48,14.66,11.1,3.68
4889000,14.34,13.59,14.5,11.06,3.7
4890000,13.98,13.82,14.63,10.64,3.66
4891000,14.06,13.37,14.53,10.76,3.64
4892000,14.01,13.34,14.7,10.96,3.7
4893000,13.84,13.45,14.49,10.92,3.84
4894000,13.76,13.4,14.41,10.91,3.86
4895000,13.71,13.0,14.58,10.8,3.92
4896000,13.78,12.79,14.48,10.56,3.56
4897000,13.94,12.67,14.06,10.62,3.32
4898000,13.93,12.86,14.1,10.56,3.11
4899000,13.98,12.93,14.34,10.56,3.11
4900000,14.04,13.05,14.48,10.3,3.27
4901000,14.36,13.04,14.3,10.61,3.19
4902000,14.12,12.94,14.49,10.53,3.13
4903000,13.81,12.99,14.24,10.32,3.13
4904000,14.07,13.26,14.17,10.22,3.32
4905000,14.01,13.32,14.41,9.87,3.53
4906000,14.07,13.52,14.65,10.0,3.64
4907000,13.68,13.5,14.53,9.74,3.58
4908000,13.92,13.51,14.65,9.79,3.78
4909000,13.82,13.5,14.72,9.83,3.42
4910000,13.79,13.85,14.55,10.12,3.35
4911000,13.63,14.11,14.44,10.23,3.47
4912000,13.29,14.19,14.55,10.15,3.48
4913000,13.06,13.97,14.4,10.4,3.53
4914000,12.99,13.78,14.43,10.08,3.4
4915000,13.09,13.7,14.4,10.06,3.2
4916000,13.29,12.97,14.32,10.36,2.88
4917000,12.91,13.25,14.14,10.62,3.04
4918000,12.55,13.39,14.09,10.77,3.19
4919000,12.95,13.49,14.07,10.71,3.55
4920000,13.16,13.47,14.02,10.83,3.57
4921000,13.5,13.32,13.99,11.03,3.48
4922000,13.31,13.24,13.71,10.75,3.44
4923000,13.19,13.46,13.87,10.91,3.05
4924000,13.23,13.47,13.8,10.91,3.08
4925000,13.6,13.24,14.1,11.2,3.34
4926000,13.88,13.35,14.34,11.46,3.32
4927000,14.29,13.4,14.47,11.73,3.49
4928000,13.9,13.74,13.86,11.54,3.46
4929000,13.7,13.79,14.04,11.05,3.36
4930000,13.53,14.1,14.05,11.35,3.63
4931000,13.66,14.24,14.06,11.43,3.66
4932000,14.08,14.54,14.29,11.6,3.76
4933000,13.93,14.67,14.46,11.25,3.73
4934000,13.5,14.76,14.2,11.2,3.58
4935000,13.35,14.75,14.3,10.56,3.5
4936000,13.15,14.48,14.55,10.1,3.46
4937000,13.27,14.35,14.28,9.5,3.71
4938000,13.42,14.29,14.48,9.67,3.68
4939000,13.06,14.1,14.39,9.33,3.75
4940000,12.85,13.95,14.31,8.95,3.71
4941000,12.91,14.0,14.23,8.64,3.66
4942000,12.73,13.51,14.2,8.79,3.58
4943000,12.84,13.62,14.14,8.92,3.57
4944000,13.47,13.82,14.33,9.25,3.54
4945000,13.41,13.52,14.21,9.55,3.47
4946000,12.93,13.27,14.26,9.88,3.68
4947000,13.27,13.11,14.17,10.03,3.66
4948000,13.34,13.27,14.05,10.33,3.86
4949000,13.35,13.24,14.12,10.27,3.93
4950000,13.45,12.99,14.15,10.57,4.0
4951000,13.48,13.18,14.11,10.57,4.03
4952000,13.38,13.36,13.94,10.95,3.99
4953000,13.91,13.65,14.19,10.5,4.02
4954000,13.68,13.77,13.8,10.53,4.13
4955000,13.84,13.06,13.78,10.05,3.96
4956000,13.94,12.79,13.61,9.67,4.01
4957000,13.81,13.17,13.43,9.54,3.73
4958000,13.86,12.82,13.37,9.33,3.56
4959000,14.13,12.68,13.3,9.38,3.56
4960000,14.49,12.65,13.68,9.08,3.59
4961000,14.69,12.5,14.03,8.3,4.07
4962000,14.29,12.73,13.91,7.91,4.1
4963000,14.18,12.67,13.74,7.44,4.21
4964000,13.98,12.96,13.79,7.2,4.0
4965000,13.72,12.92,13.67,6.61,3.65
4966000,13.87,12.83,13.69,5.63,3.16
4967000,13.88,12.95,13.53,4.88,3.07
4968000,13.66,12.63,13.15,4.5,3.27
4969000,13.82,12.93,13.57,4.44,3.39
4970000,13.96,13.31,13.32,4.52,3.38
4971000,13.72,13.64,13.45,4.31,3.12
4972000,13.28,13.86,13.67,4.69,2.98
4973000,13.1,13.9,13.94,5.13,3.17
4974000,13.27,13.74,13.64,5.26,3.32
4975000,12.92,13.73,13.38,5.6,3.57
4976000,13.09,13.95,13.12,5.62,3.67
4977000,13.19,14.07,13.26,6.08,3.5
4978000,13.12,14.22,13.18,6.47,3.2
4979000,12.64,14.23,12.97,6.51,3.07
4980000,12.61,14.16,12.65,6.68,2.98
4981000,12.33,14.07,12.8,6.89,3.35
4982000,12.56,13.97,13.08,7.21,3.32
4983000,12.37,13.85,13.38,7.5,3.58
4984000,12.52,13.92,13.36,7.74,3.78
4985000,12.61,13.96,13.53,8.27,3.3
4986000,12.79,13.87,13.82,8.61,3.41
4987000,12.5,13.48,13.8,8.78,3.47
4988000,12.53,13.43,13.83,8.95,3.41
4989000,12.23,13.58,13.91,9.38,3.39
4990000,12.59,13.93,14.04,9.49,3.64
4991000,12.7,14.05,14.12,9.89,3.74
4992000,12.99,13.99,14.34,10.1,3.68
4993000,13.24,13.97,14.49,10.02,3.6
4994000,13.39,13.93,14.71,9.97,3.65
4995000,13.24,13.99,14.89,10.19,3.57
4996000,13.19,14.04,15.21,10.14,3.22
4997000,13.5,13.86,15.31,10.55,3.21
4998000,13.24,14.02,15.62,10.85,3.39
4999000,13.32,13.9,15.59,11.05,3.55
