step,seed1,seed2,seed3,seed4,seed5
1000,,,,,
2000,,,,,
3000,0.0,0.0,0.0,1.0,0.0
4000,0.0,0.0,0.0,1.0,0.0
5000,0.0,0.0,0.0,1.0,0.0
6000,0.0,0.0,0.5,0.5,1.0
7000,0.0,0.0,0.5,0.5,1.0
8000,0.0,0.0,0.33333334,0.33333334,0.6666667
9000,0.0,0.0,0.33333334,0.33333334,0.6666667
10000,0.0,0.0,0.33333334,0.33333334,0.6666667
11000,0.0,0.0,0.25,0.25,0.75
12000,0.0,0.0,0.25,0.25,0.75
13000,0.0,0.0,0.2,0.2,0.6
14000,0.0,0.0,0.2,0.2,0.6
15000,0.0,0.0,0.2,0.2,0.6
16000,0.0,0.0,0.16666667,0.16666667,0.5
17000,0.0,0.0,0.16666667,0.16666667,0.5
18000,0.2857143,0.14285715,0.14285715,0.14285715,0.5714286
19000,0.2857143,0.14285715,0.14285715,0.14285715,0.5714286
20000,0.2857143,0.14285715,0.14285715,0.14285715,0.5714286
21000,0.25,0.25,0.125,0.125,0.5
22000,0.25,0.25,0.125,0.125,0.5
23000,0.22222222,0.22222222,0.11111111,0.11111111,0.44444445
24000,0.22222222,0.22222222,0.11111111,0.11111111,0.44444445
25000,0.22222222,0.22222222,0.11111111,0.11111111,0.44444445
26000,0.3,0.2,0.1,0.1,0.4
27000,0.3,0.2,0.1,0.1,0.4
28000,0.27272728,0.27272728,0.09090909,0.09090909,0.36363637
29000,0.27272728,0.27272728,0.09090909,0.09090909,0.36363637
30000,0.27272728,0.27272728,0.09090909,0.09090909,0.36363637
31000,0.25,0.25,0.083333336,0.083333336,0.33333334
32000,0.25,0.25,0.083333336,0.083333336,0.33333334
33000,0.23076923,0.23076923,0.15384616,0.07692308,0.30769232
34000,0.23076923,0.23076923,0.15384616,0.07692308,0.30769232
35000,0.23076923,0.23076923,0.15384616,0.07692308,0.30769232
36000,0.21428572,0.21428572,0.14285715,0.071428575,0.2857143
37000,0.21428572,0.21428572,0.14285715,0.071428575,0.2857143
38000,0.2,0.26666668,0.13333334,0.06666667,0.26666668
39000,0.2,0.26666668,0.13333334,0.06666667,0.26666668
40000,0.2,0.26666668,0.13333334,0.06666667,0.26666668
41000,0.1875,0.3125,0.125,0.0625,0.25
42000,0.1875,0.3125,0.125,0.0625,0.25
43000,0.1764706,0.3529412,0.11764706,0.05882353,0.23529412
44000,0.1764706,0.3529412,0.11764706,0.05882353,0.23529412
45000,0.1764706,0.3529412,0.11764706,0.05882353,0.23529412
46000,0.16666667,0.3888889,0.11111111,0.11111111,0.22222222
47000,0.16666667,0.3888889,0.11111111,0.11111111,0.22222222
48000,0.15789473,0.42105263,0.15789473,0.10526316,0.2631579
49000,0.15789473,0.42105263,0.15789473,0.10526316,0.2631579
50000,0.15789473,0.42105263,0.15789473,0.10526316,0.2631579
51000,0.15,0.45,0.35,0.1,0.25
52000,0.15,0.45,0.35,0.1,0.25
53000,0.14285715,0.47619048,0.3809524,0.14285715,0.2857143
54000,0.14285715,0.47619048,0.3809524,0.14285715,0.2857143
55000,0.14285715,0.47619048,0.3809524,0.14285715,0.2857143
56000,0.13636364,0.5,0.36363637,0.13636364,0.27272728
57000,0.13636364,0.5,0.36363637,0.13636364,0.27272728
58000,0.3043478,0.5652174,0.3478261,0.17391305,0.3043478
59000,0.3043478,0.5652174,0.3478261,0.17391305,0.3043478
60000,0.3043478,0.5652174,0.3478261,0.17391305,0.3043478
61000,0.375,0.625,0.33333334,0.16666667,0.29166666
62000,0.375,0.625,0.33333334,0.16666667,0.29166666
63000,0.44,0.64,0.36,0.16,0.36
64000,0.44,0.64,0.36,0.16,0.36
65000,0.44,0.64,0.36,0.16,0.36
66000,0.5,0.7307692,0.34615386,0.15384616,0.5
67000,0.5,0.7307692,0.34615386,0.15384616,0.5
68000,0.5185185,0.7777778,0.33333334,0.14814815,0.6296296
69000,0.5185185,0.7777778,0.33333334,0.14814815,0.6296296
70000,0.5185185,0.7777778,0.33333334,0.14814815,0.6296296
71000,0.5,0.78571427,0.32142857,0.14285715,0.60714287
72000,0.5,0.78571427,0.32142857,0.14285715,0.60714287
73000,0.4827586,0.82758623,0.31034482,0.13793103,0.62068963
74000,0.4827586,0.82758623,0.31034482,0.13793103,0.62068963
75000,0.4827586,0.82758623,0.31034482,0.13793103,0.62068963
76000,0.5,0.9,0.3,0.13333334,0.6
77000,0.5,0.9,0.3,0.13333334,0.6
78000,0.48387095,0.9354839,0.29032257,0.12903225,0.67741936
79000,0.48387095,0.9354839,0.29032257,0.12903225,0.67741936
80000,0.48387095,0.9354839,0.29032257,0.12903225,0.67741936
81000,0.53125,0.90625,0.28125,0.125,0.8125
82000,0.53125,0.90625,0.28125,0.125,0.8125
83000,0.5151515,0.93939394,0.27272728,0.121212125,0.8484849
84000,0.5151515,0.93939394,0.27272728,0.121212125,0.8484849
85000,0.5151515,0.93939394,0.27272728,0.121212125,0.8484849
86000,0.5,0.9117647,0.2647059,0.11764706,0.8235294
87000,0.5,0.9117647,0.2647059,0.11764706,0.8235294
88000,0.51428574,0.9142857,0.2857143,0.114285715,0.8
89000,0.51428574,0.9142857,0.2857143,0.114285715,0.8
90000,0.51428574,0.9142857,0.2857143,0.114285715,0.8
91000,0.5,0.8888889,0.2777778,0.11111111,0.7777778
92000,0.5,0.8888889,0.2777778,0.11111111,0.7777778
93000,0.5135135,0.9189189,0.27027026,0.10810811,0.7567568
94000,0.5135135,0.9189189,0.27027026,0.10810811,0.7567568
95000,0.5135135,0.9189189,0.27027026,0.10810811,0.7567568
96000,0.5,0.9736842,0.2631579,0.10526316,0.7368421
97000,0.5,0.9736842,0.2631579,0.10526316,0.7368421
98000,0.5897436,0.94871795,0.25641027,0.102564104,0.71794873
99000,0.5897436,0.94871795,0.25641027,0.102564104,0.71794873
100000,0.5897436,0.94871795,0.25641027,0.102564104,0.71794873
101000,0.6,1.05,0.275,0.1,0.7
102000,0.6,1.05,0.275,0.1,0.7
103000,0.6585366,1.097561,0.29268292,0.12195122,0.70731705
104000,0.6585366,1.097561,0.29268292,0.12195122,0.70731705
105000,0.6585366,1.097561,0.29268292,0.12195122,0.70731705
106000,0.6666667,1.0714285,0.4047619,0.11904762,0.6904762
107000,0.6666667,1.0714285,0.4047619,0.11904762,0.6904762
108000,0.6511628,1.0465117,0.44186047,0.11627907,0.6976744
109000,0.6511628,1.0465117,0.44186047,0.11627907,0.6976744
110000,0.6511628,1.0465117,0.44186047,0.11627907,0.6976744
111000,0.6363636,1.0454545,0.54545456,0.13636364,0.6818182
112000,0.6363636,1.0454545,0.54545456,0.13636364,0.6818182
113000,0.7777778,1.0888889,0.53333336,0.13333334,0.6666667
114000,0.7777778,1.0888889,0.53333336,0.13333334,0.6666667
115000,0.7777778,1.0888889,0.53333336,0.13333334,0.6666667
116000,0.7826087,1.0652174,0.5217391,0.13043478,0.7173913
117000,0.7826087,1.0652174,0.5217391,0.13043478,0.7173913
118000,0.78723407,1.0425532,0.5106383,0.12765957,0.80851066
119000,0.78723407,1.0425532,0.5106383,0.12765957,0.80851066
120000,0.78723407,1.0425532,0.5106383,0.12765957,0.80851066
121000,0.7708333,1.0208334,0.5,0.14583333,0.8541667
122000,0.7708333,1.0208334,0.5,0.14583333,0.8541667
123000,0.75510204,1.0,0.48979592,0.20408164,0.8367347
124000,0.75510204,1.0,0.48979592,0.20408164,0.8367347
125000,0.75510204,1.0,0.48979592,0.20408164,0.8367347
126000,0.74,0.98,0.48,0.2,0.84
127000,0.74,0.98,0.48,0.2,0.84
128000,0.78431374,0.9607843,0.5294118,0.19607843,0.8235294
129000,0.78431374,0.9607843,0.5294118,0.19607843,0.8235294
130000,0.78431374,0.9607843,0.5294118,0.19607843,0.8235294
131000,0.78846157,1.0192307,0.53846157,0.1923077,0.8269231
132000,0.78846157,1.0192307,0.53846157,0.1923077,0.8269231
133000,0.7735849,1.1509434,0.5283019,0.18867925,0.8113208
134000,0.7735849,1.1509434,0.5283019,0.18867925,0.8113208
135000,0.7735849,1.1509434,0.5283019,0.18867925,0.8113208
136000,0.7777778,1.1851852,0.5740741,0.18518518,0.7962963
137000,0.7777778,1.1851852,0.5740741,0.18518518,0.7962963
138000,0.76363635,1.1636363,0.6545454,0.18181819,0.7818182
139000,0.76363635,1.1636363,0.6545454,0.18181819,0.7818182
140000,0.76363635,1.1636363,0.6545454,0.18181819,0.7818182
141000,0.75,1.25,0.64285713,0.21428572,0.875
142000,0.75,1.25,0.64285713,0.21428572,0.875
143000,0.7894737,1.2982457,0.6315789,0.31578946,0.9122807
144000,0.7894737,1.2982457,0.6315789,0.31578946,0.9122807
145000,0.7894737,1.2982457,0.6315789,0.31578946,0.9122807
146000,0.8448276,1.2931035,0.6896552,0.36206895,0.9310345
147000,0.8448276,1.2931035,0.6896552,0.36206895,0.9310345
148000,0.84745765,1.3220339,0.779661,0.44067797,0.9322034
149000,0.84745765,1.3220339,0.779661,0.44067797,0.9322034
150000,0.84745765,1.3220339,0.779661,0.44067797,0.9322034
151000,0.8333333,1.3333334,0.81666666,0.45,0.95
152000,0.8333333,1.3333334,0.81666666,0.45,0.95
153000,0.91803277,1.3114754,0.8196721,0.4918033,0.9508197
154000,0.91803277,1.3114754,0.8196721,0.4918033,0.9508197
155000,0.91803277,1.3114754,0.8196721,0.4918033,0.9508197
156000,0.9516129,1.3064516,0.8548387,0.5645161,0.9354839
157000,0.9516129,1.3064516,0.8548387,0.5645161,0.9354839
158000,0.95238096,1.3650794,0.85714287,0.5714286,0.9206349
159000,0.95238096,1.3650794,0.85714287,0.5714286,0.9206349
160000,0.95238096,1.3650794,0.85714287,0.5714286,0.9206349
161000,0.9375,1.34375,0.859375,0.5625,1.0
162000,0.9375,1.34375,0.859375,0.5625,1.0
163000,0.93846154,1.3846154,0.9230769,0.5846154,1.0
164000,0.93846154,1.3846154,0.9230769,0.5846154,1.0
165000,0.93846154,1.3846154,0.9230769,0.5846154,1.0
166000,0.9848485,1.3636364,1.030303,0.57575756,0.9848485
167000,0.9848485,1.3636364,1.030303,0.57575756,0.9848485
168000,1.0746269,1.3432835,1.0149254,0.5671642,1.0149254
169000,1.0746269,1.3432835,1.0149254,0.5671642,1.0149254
170000,1.0746269,1.3432835,1.0149254,0.5671642,1.0149254
171000,1.0882353,1.3235294,1.1029412,0.5588235,1.0
172000,1.0882353,1.3235294,1.1029412,0.5588235,1.0
173000,1.1304348,1.3188406,1.115942,0.5652174,1.0144928
174000,1.1304348,1.3188406,1.115942,0.5652174,1.0144928
175000,1.1304348,1.3188406,1.115942,0.5652174,1.0144928
176000,1.1142857,1.3,1.2,0.55714285,1.1428572
177000,1.1142857,1.3,1.2,0.55714285,1.1428572
178000,1.1971831,1.2816901,1.2253522,0.5492958,1.1830986
179000,1.1971831,1.2816901,1.2253522,0.5492958,1.1830986
180000,1.1971831,1.2816901,1.2253522,0.5492958,1.1830986
181000,1.25,1.2777778,1.2777778,0.5416667,1.1666666
182000,1.25,1.2777778,1.2777778,0.5416667,1.1666666
183000,1.2739726,1.3150685,1.3150685,0.53424656,1.1643835
184000,1.2739726,1.3150685,1.3150685,0.53424656,1.1643835
185000,1.2739726,1.3150685,1.3150685,0.53424656,1.1643835
186000,1.3783784,1.2972972,1.3243244,0.527027,1.2432432
187000,1.3783784,1.2972972,1.3243244,0.527027,1.2432432
188000,1.4266666,1.36,1.4133333,0.52,1.3333334
189000,1.4266666,1.36,1.4133333,0.52,1.3333334
190000,1.4266666,1.36,1.4133333,0.52,1.3333334
191000,1.4605263,1.3815789,1.4605263,0.5131579,1.3815789
192000,1.4605263,1.3815789,1.4605263,0.5131579,1.3815789
193000,1.5194805,1.4025974,1.5194805,0.5064935,1.4675325
194000,1.5194805,1.4025974,1.5194805,0.5064935,1.4675325
195000,1.5194805,1.4025974,1.5194805,0.5064935,1.4675325
196000,1.5897436,1.4871795,1.551282,0.525641,1.5384616
197000,1.5897436,1.4871795,1.551282,0.525641,1.5384616
198000,1.6835443,1.5822785,1.6329114,0.51898736,1.5443038
199000,1.6835443,1.5822785,1.6329114,0.51898736,1.5443038
200000,1.6835443,1.5822785,1.6329114,0.51898736,1.5443038
201000,1.75,1.6,1.7375,0.5375,1.6125
202000,1.75,1.6,1.7375,0.5375,1.6125
203000,1.7901235,1.5802469,1.7530864,0.54320985,1.7037038
204000,1.7901235,1.5802469,1.7530864,0.54320985,1.7037038
205000,1.7901235,1.5802469,1.7530864,0.54320985,1.7037038
206000,1.8902439,1.6707317,1.804878,0.5487805,1.7804878
207000,1.8902439,1.6707317,1.804878,0.5487805,1.7804878
208000,1.9518073,1.7590362,1.9036144,0.5421687,1.8313253
209000,1.9518073,1.7590362,1.9036144,0.5421687,1.8313253
210000,1.9518073,1.7590362,1.9036144,0.5421687,1.8313253
211000,1.9761904,1.8571428,1.9642857,0.53571427,1.8928572
212000,1.9761904,1.8571428,1.9642857,0.53571427,1.8928572
213000,2.0117648,1.9529412,2.0588236,0.5411765,1.8941176
214000,2.0117648,1.9529412,2.0588236,0.5411765,1.8941176
215000,2.0117648,1.9529412,2.0588236,0.5411765,1.8941176
216000,2.0581396,1.9418604,2.1627908,0.54651165,1.8720931
217000,2.0581396,1.9418604,2.1627908,0.54651165,1.8720931
218000,2.091954,1.9195403,2.2528737,0.5632184,1.8735632
219000,2.091954,1.9195403,2.2528737,0.5632184,1.8735632
220000,2.091954,1.9195403,2.2528737,0.5632184,1.8735632
221000,2.1363637,1.9772727,2.3295455,0.57954544,1.9545455
222000,2.1363637,1.9772727,2.3295455,0.57954544,1.9545455
223000,2.213483,2.0674157,2.3820224,0.60674155,2.0337079
224000,2.213483,2.0674157,2.3820224,0.60674155,2.0337079
225000,2.213483,2.0674157,2.3820224,0.60674155,2.0337079
226000,2.3333333,2.1333334,2.4222221,0.6333333,2.0777779
227000,2.3333333,2.1333334,2.4222221,0.6333333,2.0777779
228000,2.3956044,2.142857,2.5164835,0.63736266,2.1318681
229000,2.3956044,2.142857,2.5164835,0.63736266,2.1318681
230000,2.3956044,2.142857,2.5164835,0.63736266,2.1318681
231000,2.423913,2.1956522,2.5652175,0.6413044,2.1847825
232000,2.423913,2.1956522,2.5652175,0.6413044,2.1847825
233000,2.5053763,2.2580645,2.6666667,0.6451613,2.311828
234000,2.5053763,2.2580645,2.6666667,0.6451613,2.311828
235000,2.5053763,2.2580645,2.6666667,0.6451613,2.311828
236000,2.5531914,2.3085105,2.7021277,0.63829786,2.3085105
237000,2.5531914,2.3085105,2.7021277,0.63829786,2.3085105
238000,2.6210527,2.3578947,2.7052631,0.6315789,2.4210527
239000,2.6210527,2.3578947,2.7052631,0.6315789,2.4210527
240000,2.6210527,2.3578947,2.7052631,0.6315789,2.4210527
241000,2.6875,2.40625,2.7708333,0.625,2.5
242000,2.6875,2.40625,2.7708333,0.625,2.5
243000,2.7835052,2.4742267,2.8453608,0.6185567,2.5463917
244000,2.7835052,2.4742267,2.8453608,0.6185567,2.5463917
245000,2.7835052,2.4742267,2.8453608,0.6185567,2.5463917
246000,2.7653062,2.5306122,2.9081633,0.63265306,2.6530612
247000,2.7653062,2.5306122,2.9081633,0.63265306,2.6530612
248000,2.7373738,2.6060605,3.020202,0.6666667,2.6868687
249000,2.7373738,2.6060605,3.020202,0.6666667,2.6868687
250000,2.7373738,2.6060605,3.020202,0.6666667,2.6868687
251000,2.71,2.65,3.02,0.67,2.77
252000,2.71,2.65,3.02,0.67,2.77
253000,2.79,2.72,3.15,0.76,2.89
254000,2.79,2.72,3.15,0.76,2.89
255000,2.79,2.72,3.15,0.76,2.89
256000,2.86,2.82,3.23,0.79,2.92
257000,2.86,2.82,3.23,0.79,2.92
258000,3.01,2.94,3.38,0.86,3.04
259000,3.01,2.94,3.38,0.86,3.04
260000,3.01,2.94,3.38,0.86,3.04
261000,3.08,3.09,3.5,0.97,3.13
262000,3.08,3.09,3.5,0.97,3.13
263000,3.18,3.19,3.55,1.06,3.25
264000,3.18,3.19,3.55,1.06,3.25
265000,3.18,3.19,3.55,1.06,3.25
266000,3.3,3.28,3.65,1.15,3.4
267000,3.3,3.28,3.65,1.15,3.4
268000,3.41,3.4,3.82,1.24,3.52
269000,3.41,3.4,3.82,1.24,3.52
270000,3.41,3.4,3.82,1.24,3.52
271000,3.53,3.45,3.96,1.32,3.61
272000,3.53,3.45,3.96,1.32,3.61
273000,3.61,3.58,4.05,1.43,3.73
274000,3.61,3.58,4.05,1.43,3.73
275000,3.61,3.58,4.05,1.43,3.73
276000,3.76,3.72,4.23,1.53,3.88
277000,3.76,3.72,4.23,1.53,3.88
278000,3.87,3.78,4.35,1.65,4.0
279000,3.87,3.78,4.35,1.65,4.0
280000,3.87,3.78,4.35,1.65,4.0
281000,3.98,3.92,4.47,1.78,4.11
282000,3.98,3.92,4.47,1.78,4.11
283000,4.15,4.08,4.57,1.84,4.3
284000,4.15,4.08,4.57,1.84,4.3
285000,4.15,4.08,4.57,1.84,4.3
286000,4.26,4.14,4.64,1.93,4.46
287000,4.26,4.14,4.64,1.93,4.46
288000,4.43,4.24,4.78,2.02,4.59
289000,4.43,4.24,4.78,2.02,4.59
290000,4.43,4.24,4.78,2.02,4.59
291000,4.55,4.39,4.91,2.08,4.68
292000,4.55,4.39,4.91,2.08,4.68
293000,4.66,4.52,5.01,2.19,4.75
294000,4.66,4.52,5.01,2.19,4.75
295000,4.66,4.52,5.01,2.19,4.75
296000,4.82,4.61,5.13,2.32,4.92
297000,4.82,4.61,5.13,2.32,4.92
298000,5.01,4.72,5.2,2.4,5.06
299000,5.01,4.72,5.2,2.4,5.06
300000,5.01,4.72,5.2,2.4,5.06
301000,5.1,4.87,5.27,2.51,5.07
302000,5.1,4.87,5.27,2.51,5.07
303000,5.22,4.96,5.41,2.65,5.21
304000,5.22,4.96,5.41,2.65,5.21
305000,5.22,4.96,5.41,2.65,5.21
306000,5.38,5.12,5.44,2.79,5.36
307000,5.38,5.12,5.44,2.79,5.36
308000,5.5,5.22,5.65,2.93,5.48
309000,5.5,5.22,5.65,2.93,5.48
310000,5.5,5.22,5.65,2.93,5.48
311000,5.64,5.28,5.77,3.04,5.65
312000,5.64,5.28,5.77,3.04,5.65
313000,5.74,5.45,5.93,3.2,5.77
314000,5.74,5.45,5.93,3.2,5.77
315000,5.74,5.45,5.93,3.2,5.77
316000,5.87,5.58,6.07,3.31,5.89
317000,5.87,5.58,6.07,3.31,5.89
318000,6.09,5.72,6.29,3.45,5.99
319000,6.09,5.72,6.29,3.45,5.99
320000,6.09,5.72,6.29,3.45,5.99
321000,6.23,5.82,6.4,3.51,6.11
322000,6.23,5.82,6.4,3.51,6.11
323000,6.4,5.93,6.59,3.68,6.3
324000,6.4,5.93,6.59,3.68,6.3
325000,6.4,5.93,6.59,3.68,6.3
326000,6.52,5.94,6.72,3.83,6.44
327000,6.52,5.94,6.72,3.83,6.44
328000,6.64,6.11,6.87,4.05,6.55
329000,6.64,6.11,6.87,4.05,6.55
330000,6.64,6.11,6.87,4.05,6.55
331000,6.77,6.32,7.03,4.18,6.63
332000,6.77,6.32,7.03,4.18,6.63
333000,6.95,6.44,7.14,4.29,6.76
334000,6.95,6.44,7.14,4.29,6.76
335000,6.95,6.44,7.14,4.29,6.76
336000,7.17,6.65,7.32,4.47,6.93
337000,7.17,6.65,7.32,4.47,6.93
338000,7.32,6.82,7.53,4.66,7.09
339000,7.32,6.82,7.53,4.66,7.09
340000,7.32,6.82,7.53,4.66,7.09
341000,7.58,6.95,7.75,4.82,7.25
342000,7.58,6.95,7.75,4.82,7.25
343000,7.76,7.06,7.79,4.93,7.39
344000,7.76,7.06,7.79,4.93,7.39
345000,7.76,7.06,7.79,4.93,7.39
346000,7.89,7.19,7.94,5.07,7.55
347000,7.89,7.19,7.94,5.07,7.55
348000,8.09,7.37,8.17,5.23,7.74
349000,8.09,7.37,8.17,5.23,7.74
350000,8.09,7.37,8.17,5.23,7.74
351000,8.24,7.42,8.3,5.4,7.93
352000,8.24,7.42,8.3,5.4,7.93
353000,8.43,7.62,8.39,5.55,8.16
354000,8.43,7.62,8.39,5.55,8.16
355000,8.43,7.62,8.39,5.55,8.16
356000,8.64,7.79,8.48,5.68,8.32
357000,8.64,7.79,8.48,5.68,8.32
358000,8.86,7.89,8.66,5.75,8.62
359000,8.86,7.89,8.66,5.75,8.62
360000,8.86,7.89,8.66,5.75,8.62
361000,9.04,8.02,8.83,5.94,8.76
362000,9.04,8.02,8.83,5.94,8.76
363000,9.14,8.18,8.99,6.12,8.96
364000,9.14,8.18,8.99,6.12,8.96
365000,9.14,8.18,8.99,6.12,8.96
366000,9.3,8.39,9.16,6.27,9.07
367000,9.3,8.39,9.16,6.27,9.07
368000,9.52,8.66,9.39,6.45,9.23
369000,9.52,8.66,9.39,6.45,9.23
370000,9.52,8.66,9.39,6.45,9.23
371000,9.73,8.91,9.56,6.61,9.38
372000,9.73,8.91,9.56,6.61,9.38
373000,9.95,8.98,9.81,6.72,9.58
374000,9.95,8.98,9.81,6.72,9.58
375000,9.95,8.98,9.81,6.72,9.58
376000,10.08,9.22,9.99,6.89,9.8
377000,10.08,9.22,9.99,6.89,9.8
378000,10.26,9.42,10.22,7.07,10.02
379000,10.26,9.42,10.22,7.07,10.02
380000,10.26,9.42,10.22,7.07,10.02
381000,10.46,9.61,10.47,7.24,10.15
382000,10.46,9.61,10.47,7.24,10.15
383000,10.64,9.63,10.68,7.51,10.35
384000,10.64,9.63,10.68,7.51,10.35
385000,10.64,9.63,10.68,7.51,10.35
386000,10.74,9.89,10.86,7.67,10.59
387000,10.74,9.89,10.86,7.67,10.59
388000,11.0,10.11,10.94,7.81,10.77
389000,11.0,10.11,10.94,7.81,10.77
390000,11.0,10.11,10.94,7.81,10.77
391000,11.27,10.17,11.17,7.9,10.96
392000,11.27,10.17,11.17,7.9,10.96
393000,11.49,10.39,11.35,8.09,11.11
394000,11.49,10.39,11.35,8.09,11.11
395000,11.49,10.39,11.35,8.09,11.11
396000,11.7,10.67,11.53,8.27,11.24
397000,11.7,10.67,11.53,8.27,11.24
398000,11.99,10.88,11.68,8.5,11.51
399000,11.99,10.88,11.68,8.5,11.51
400000,11.99,10.88,11.68,8.5,11.51
401000,12.26,11.03,11.93,8.71,11.6
402000,12.26,11.03,11.93,8.71,11.6
403000,12.46,11.29,12.15,8.88,11.84
404000,12.46,11.29,12.15,8.88,11.84
405000,12.46,11.29,12.15,8.88,11.84
406000,12.63,11.55,12.27,8.99,12.07
407000,12.63,11.55,12.27,8.99,12.07
408000,12.83,11.67,12.42,9.26,12.26
409000,12.83,11.67,12.42,9.26,12.26
410000,12.83,11.67,12.42,9.26,12.26
411000,13.01,11.93,12.77,9.41,12.4
412000,13.01,11.93,12.77,9.41,12.4
413000,13.26,12.09,12.9,9.66,12.62
414000,13.26,12.09,12.9,9.66,12.62
415000,13.26,12.09,12.9,9.66,12.62
416000,13.49,12.31,13.04,9.86,12.82
417000,13.49,12.31,13.04,9.86,12.82
418000,13.78,12.48,13.31,10.05,13.06
419000,13.78,12.48,13.31,10.05,13.06
420000,13.78,12.48,13.31,10.05,13.06
421000,14.01,12.81,13.6,10.28,13.36
422000,14.01,12.81,13.6,10.28,13.36
423000,14.22,12.95,13.8,10.47,13.53
424000,14.22,12.95,13.8,10.47,13.53
425000,14.22,12.95,13.8,10.47,13.53
426000,14.48,13.19,13.95,10.66,13.73
427000,14.48,13.19,13.95,10.66,13.73
428000,14.7,13.4,14.24,10.85,13.92
429000,14.7,13.4,14.24,10.85,13.92
430000,14.7,13.4,14.24,10.85,13.92
431000,14.89,13.68,14.47,11.04,14.13
432000,14.89,13.68,14.47,11.04,14.13
433000,14.94,13.88,14.59,11.25,14.37
434000,14.94,13.88,14.59,11.25,14.37
435000,14.94,13.88,14.59,11.25,14.37
436000,15.09,14.12,14.74,11.57,14.57
437000,15.09,14.12,14.74,11.57,14.57
438000,15.32,14.3,14.98,11.79,14.57
439000,15.32,14.3,14.98,11.79,14.57
440000,15.32,14.3,14.98,11.79,14.57
441000,15.6,14.44,15.2,12.0,14.71
442000,15.6,14.44,15.2,12.0,14.71
443000,15.67,14.62,15.44,12.24,14.85
444000,15.67,14.62,15.44,12.24,14.85
445000,15.67,14.62,15.44,12.24,14.85
446000,15.86,14.81,15.71,12.44,14.95
447000,15.86,14.81,15.71,12.44,14.95
448000,16.07,14.93,15.89,12.51,15.22
449000,16.07,14.93,15.89,12.51,15.22
450000,16.07,14.93,15.89,12.51,15.22
451000,16.2,15.08,16.09,12.75,15.49
452000,16.2,15.08,16.09,12.75,15.49
453000,16.44,15.31,16.33,12.98,15.52
454000,16.44,15.31,16.33,12.98,15.52
455000,16.44,15.31,16.33,12.98,15.52
456000,16.62,15.56,16.45,13.07,15.65
457000,16.62,15.56,16.45,13.07,15.65
458000,16.85,15.76,16.59,13.41,15.93
459000,16.85,15.76,16.59,13.41,15.93
460000,16.85,15.76,16.59,13.41,15.93
461000,17.13,15.97,16.79,13.63,16.15
462000,17.13,15.97,16.79,13.63,16.15
463000,17.27,16.13,17.02,13.89,16.4
464000,17.27,16.13,17.02,13.89,16.4
465000,17.27,16.13,17.02,13.89,16.4
466000,17.48,16.35,17.18,14.07,16.76
467000,17.48,16.35,17.18,14.07,16.76
468000,17.72,16.67,17.39,14.37,17.09
469000,17.72,16.67,17.39,14.37,17.09
470000,17.72,16.67,17.39,14.37,17.09
471000,17.96,16.82,17.64,14.58,17.28
472000,17.96,16.82,17.64,14.58,17.28
473000,18.23,16.89,17.6,14.67,17.5
474000,18.23,16.89,17.6,14.67,17.5
475000,18.23,16.89,17.6,14.67,17.5
476000,18.37,17.11,17.78,14.87,17.79
477000,18.37,17.11,17.78,14.87,17.79
478000,18.66,17.41,17.87,15.1,17.89
479000,18.66,17.41,17.87,15.1,17.89
480000,18.66,17.41,17.87,15.1,17.89
481000,18.95,17.47,18.16,15.35,18.1
482000,18.95,17.47,18.16,15.35,18.1
483000,19.04,17.56,18.35,15.63,18.26
484000,19.04,17.56,18.35,15.63,18.26
485000,19.04,17.56,18.35,15.63,18.26
486000,19.27,17.62,18.58,15.99,18.55
487000,19.27,17.62,18.58,15.99,18.55
488000,19.52,17.72,18.8,16.2,18.76
489000,19.52,17.72,18.8,16.2,18.76
490000,19.52,17.72,18.8,16.2,18.76
491000,19.66,17.99,19.0,16.48,18.85
492000,19.66,17.99,19.0,16.48,18.85
493000,19.85,18.09,18.96,16.66,18.89
494000,19.85,18.09,18.96,16.66,18.89
495000,19.85,18.09,18.96,16.66,18.89
496000,20.15,18.22,19.17,16.77,19.05
497000,20.15,18.22,19.17,16.77,19.05
498000,20.48,18.2,19.23,17.03,19.28
499000,20.48,18.2,19.23,17.03,19.28
500000,20.48,18.2,19.23,17.03,19.28
501000,20.61,18.25,19.36,17.32,19.44
502000,20.61,18.25,19.36,17.32,19.44
503000,20.78,18.26,19.57,17.41,19.41
504000,20.78,18.26,19.57,17.41,19.41
505000,20.78,18.26,19.57,17.41,19.41
506000,20.71,18.51,19.61,17.45,19.41
507000,20.71,18.51,19.61,17.45,19.41
508000,20.61,18.62,19.77,17.63,19.53
509000,20.61,18.62,19.77,17.63,19.53
510000,20.61,18.62,19.77,17.63,19.53
511000,20.87,18.8,19.84,17.8,19.58
512000,20.87,18.8,19.84,17.8,19.58
513000,20.96,18.74,19.95,18.03,19.76
514000,20.96,18.74,19.95,18.03,19.76
515000,20.96,18.74,19.95,18.03,19.76
516000,21.17,18.71,20.01,17.99,19.69
517000,21.17,18.71,20.01,17.99,19.69
518000,21.21,18.71,20.12,17.92,19.74
519000,21.21,18.71,20.12,17.92,19.74
520000,21.21,18.71,20.12,17.92,19.74
521000,21.34,18.7,20.07,17.89,19.7
522000,21.34,18.7,20.07,17.89,19.7
523000,21.52,18.64,20.22,18.16,19.95
524000,21.52,18.64,20.22,18.16,19.95
525000,21.52,18.64,20.22,18.16,19.95
526000,21.54,18.79,20.33,18.08,20.06
527000,21.54,18.79,20.33,18.08,20.06
528000,21.73,18.97,20.43,18.23,20.04
529000,21.73,18.97,20.43,18.23,20.04
530000,21.73,18.97,20.43,18.23,20.04
531000,21.77,19.13,20.68,18.39,20.0
532000,21.77,19.13,20.68,18.39,20.0
533000,21.72,19.14,20.82,18.57,20.09
534000,21.72,19.14,20.82,18.57,20.09
535000,21.72,19.14,20.82,18.57,20.09
536000,21.83,19.21,21.03,18.78,20.08
537000,21.83,19.21,21.03,18.78,20.08
538000,21.8,19.35,21.02,18.89,19.95
539000,21.8,19.35,21.02,18.89,19.95
540000,21.8,19.35,21.02,18.89,19.95
541000,21.88,19.47,21.08,19.06,20.22
542000,21.88,19.47,21.08,19.06,20.22
543000,21.94,19.63,21.21,19.2,20.23
544000,21.94,19.63,21.21,19.2,20.23
545000,21.94,19.63,21.21,19.2,20.23
546000,21.96,19.78,21.35,19.06,20.36
547000,21.96,19.78,21.35,19.06,20.36
548000,22.08,19.81,21.46,19.25,20.47
549000,22.08,19.81,21.46,19.25,20.47
550000,22.08,19.81,21.46,19.25,20.47
551000,22.17,19.9,21.7,19.31,20.71
552000,22.17,19.9,21.7,19.31,20.71
553000,22.22,19.99,21.9,19.33,20.95
554000,22.22,19.99,21.9,19.33,20.95
555000,22.22,19.99,21.9,19.33,20.95
556000,22.27,20.22,21.96,19.5,21.14
557000,22.27,20.22,21.96,19.5,21.14
558000,22.36,20.22,22.04,19.51,21.24
559000,22.36,20.22,22.04,19.51,21.24
560000,22.36,20.22,22.04,19.51,21.24
561000,22.48,20.5,22.24,19.5,21.28
562000,22.48,20.5,22.24,19.5,21.28
563000,22.66,20.37,22.38,19.5,21.52
564000,22.66,20.37,22.38,19.5,21.52
565000,22.66,20.37,22.38,19.5,21.52
566000,22.88,20.56,22.59,19.56,21.4
567000,22.88,20.56,22.59,19.56,21.4
568000,22.98,20.67,22.69,19.58,21.35
569000,22.98,20.67,22.69,19.58,21.35
570000,22.98,20.67,22.69,19.58,21.35
571000,23.15,20.89,22.93,19.84,21.51
572000,23.15,20.89,22.93,19.84,21.51
573000,23.22,20.79,22.94,19.8,21.6
574000,23.22,20.79,22.94,19.8,21.6
575000,23.22,20.79,22.94,19.8,21.6
576000,23.16,21.1,23.27,19.85,21.82
577000,23.16,21.1,23.27,19.85,21.82
578000,23.34,21.08,23.4,19.9,21.96
579000,23.34,21.08,23.4,19.9,21.96
580000,23.34,21.08,23.4,19.9,21.96
581000,23.42,20.88,23.55,19.82,22.05
582000,23.42,20.88,23.55,19.82,22.05
583000,23.58,21.04,23.81,19.95,22.1
584000,23.58,21.04,23.81,19.95,22.1
585000,23.58,21.04,23.81,19.95,22.1
586000,23.49,21.06,23.98,19.81,21.95
587000,23.49,21.06,23.98,19.81,21.95
588000,23.66,21.01,23.91,20.02,22.16
589000,23.66,21.01,23.91,20.02,22.16
590000,23.66,21.01,23.91,20.02,22.16
591000,23.79,21.1,23.89,20.0,22.2
592000,23.79,21.1,23.89,20.0,22.2
593000,23.77,21.15,24.09,20.28,22.09
594000,23.77,21.15,24.09,20.28,22.09
595000,23.77,21.15,24.09,20.28,22.09
596000,23.64,21.24,24.21,20.47,22.28
597000,23.64,21.24,24.21,20.47,22.28
598000,23.49,21.43,24.3,20.51,22.36
599000,23.49,21.43,24.3,20.51,22.36
600000,23.49,21.43,24.3,20.51,22.36
601000,23.68,21.71,24.49,20.5,22.33
602000,23.68,21.71,24.49,20.5,22.33
603000,23.8,21.88,24.48,20.62,22.26
604000,23.8,21.88,24.48,20.62,22.26
605000,23.8,21.88,24.48,20.62,22.26
606000,23.71,21.96,24.52,20.69,22.41
607000,23.71,21.96,24.52,20.69,22.41
608000,23.8,22.03,24.41,20.98,22.12
609000,23.8,22.03,24.41,20.98,22.12
610000,23.8,22.03,24.41,20.98,22.12
611000,23.93,22.2,24.49,20.82,22.26
612000,23.93,22.2,24.49,20.82,22.26
613000,23.92,22.06,24.72,20.64,22.28
614000,23.92,22.06,24.72,20.64,22.28
615000,23.92,22.06,24.72,20.64,22.28
616000,24.12,22.06,24.83,20.72,22.47
617000,24.12,22.06,24.83,20.72,22.47
618000,24.24,22.03,24.79,20.89,22.59
619000,24.24,22.03,24.79,20.89,22.59
620000,24.24,22.03,24.79,20.89,22.59
621000,24.31,21.94,24.96,20.92,22.51
622000,24.31,21.94,24.96,20.92,22.51
623000,24.33,22.15,24.99,20.91,22.69
624000,24.33,22.15,24.99,20.91,22.69
625000,24.33,22.15,24.99,20.91,22.69
626000,24.42,22.11,24.93,20.88,22.73
627000,24.42,22.11,24.93,20.88,22.73
628000,24.6,22.04,25.0,20.97,22.95
629000,24.6,22.04,25.0,20.97,22.95
630000,24.6,22.04,25.0,20.97,22.95
631000,24.49,21.93,25.01,20.84,23.1
632000,24.49,21.93,25.01,20.84,23.1
633000,24.57,22.09,24.84,20.89,23.02
634000,24.57,22.09,24.84,20.89,23.02
635000,24.57,22.09,24.84,20.89,23.02
636000,24.71,21.99,24.97,20.79,23.05
637000,24.71,21.99,24.97,20.79,23.05
638000,24.66,21.94,25.18,20.96,23.19
639000,24.66,21.94,25.18,20.96,23.19
640000,24.66,21.94,25.18,20.96,23.19
641000,24.75,21.92,25.21,20.99,23.31
642000,24.75,21.92,25.21,20.99,23.31
643000,24.66,22.06,25.25,21.05,23.21
644000,24.66,22.06,25.25,21.05,23.21
645000,24.66,22.06,25.25,21.05,23.21
646000,24.52,22.04,25.36,20.96,23.38
647000,24.52,22.04,25.36,20.96,23.38
648000,24.41,22.08,25.38,20.89,23.34
649000,24.41,22.08,25.38,20.89,23.34
650000,24.41,22.08,25.38,20.89,23.34
651000,24.48,22.32,25.25,20.85,23.37
652000,24.48,22.32,25.25,20.85,23.37
653000,24.44,22.44,25.13,20.72,23.38
654000,24.44,22.44,25.13,20.72,23.38
655000,24.44,22.44,25.13,20.72,23.38
656000,24.47,22.49,25.22,20.73,23.37
657000,24.47,22.49,25.22,20.73,23.37
658000,24.62,22.46,25.22,20.72,23.43
659000,24.62,22.46,25.22,20.72,23.43
660000,24.62,22.46,25.22,20.72,23.43
661000,24.67,22.54,25.08,20.91,23.52
662000,24.67,22.54,25.08,20.91,23.52
663000,24.78,22.5,25.19,20.93,23.46
664000,24.78,22.5,25.19,20.93,23.46
665000,24.78,22.5,25.19,20.93,23.46
666000,24.65,22.55,25.16,21.02,23.52
667000,24.65,22.55,25.16,21.02,23.52
668000,24.61,22.61,24.97,20.97,23.56
669000,24.61,22.61,24.97,20.97,23.56
670000,24.61,22.61,24.97,20.97,23.56
671000,24.66,22.67,25.01,20.99,23.33
672000,24.66,22.67,25.01,20.99,23.33
673000,24.52,22.72,24.9,21.05,23.51
674000,24.52,22.72,24.9,21.05,23.51
675000,24.52,22.72,24.9,21.05,23.51
676000,24.42,22.7,24.96,21.2,23.38
677000,24.42,22.7,24.96,21.2,23.38
678000,24.48,22.67,24.94,21.24,23.4
679000,24.48,22.67,24.94,21.24,23.4
680000,24.48,22.67,24.94,21.24,23.4
681000,24.39,22.46,24.87,21.36,23.47
682000,24.39,22.46,24.87,21.36,23.47
683000,24.44,22.57,24.84,21.44,23.53
684000,24.44,22.57,24.84,21.44,23.53
685000,24.44,22.57,24.84,21.44,23.53
686000,24.44,22.61,24.94,21.33,23.59
687000,24.44,22.61,24.94,21.33,23.59
688000,24.47,22.76,25.02,21.2,23.77
689000,24.47,22.76,25.02,21.2,23.77
690000,24.47,22.76,25.02,21.2,23.77
691000,24.45,22.8,24.99,21.32,23.92
692000,24.45,22.8,24.99,21.32,23.92
693000,24.67,22.95,24.78,21.23,23.72
694000,24.67,22.95,24.78,21.23,23.72
695000,24.67,22.95,24.78,21.23,23.72
696000,24.69,22.71,24.49,21.25,23.62
697000,24.69,22.71,24.49,21.25,23.62
698000,24.39,22.82,24.51,21.31,23.63
699000,24.39,22.82,24.51,21.31,23.63
700000,24.39,22.82,24.51,21.31,23.63
701000,24.43,22.65,24.55,21.41,23.48
702000,24.43,22.65,24.55,21.41,23.48
703000,24.4,22.57,24.39,21.19,23.61
704000,24.4,22.57,24.39,21.19,23.61
705000,24.4,22.57,24.39,21.19,23.61
706000,24.27,22.36,24.37,21.4,23.53
707000,24.27,22.36,24.37,21.4,23.53
708000,24.19,22.42,24.32,21.07,23.29
709000,24.19,22.42,24.32,21.07,23.29
710000,24.19,22.42,24.32,21.07,23.29
711000,24.08,22.36,24.19,21.02,23.04
712000,24.08,22.36,24.19,21.02,23.04
713000,24.16,22.4,23.92,20.88,22.79
714000,24.16,22.4,23.92,20.88,22.79
715000,24.16,22.4,23.92,20.88,22.79
716000,23.89,22.33,23.92,20.84,22.87
717000,23.89,22.33,23.92,20.84,22.87
718000,23.88,22.3,23.92,20.59,22.69
719000,23.88,22.3,23.92,20.59,22.69
720000,23.88,22.3,23.92,20.59,22.69
721000,23.76,22.45,23.95,20.62,22.61
722000,23.76,22.45,23.95,20.62,22.61
723000,23.47,22.61,24.26,20.69,22.45
724000,23.47,22.61,24.26,20.69,22.45
725000,23.47,22.61,24.26,20.69,22.45
726000,23.52,22.57,24.07,20.72,22.37
727000,23.52,22.57,24.07,20.72,22.37
728000,23.43,22.62,24.09,20.55,22.5
729000,23.43,22.62,24.09,20.55,22.5
730000,23.43,22.62,24.09,20.55,22.5
731000,23.09,22.81,24.02,20.47,22.36
732000,23.09,22.81,24.02,20.47,22.36
733000,23.09,22.9,23.88,20.55,22.11
734000,23.09,22.9,23.88,20.55,22.11
735000,23.09,22.9,23.88,20.55,22.11
736000,23.14,23.01,23.95,20.48,22.01
737000,23.14,23.01,23.95,20.48,22.01
738000,23.02,23.15,23.87,20.49,21.87
739000,23.02,23.15,23.87,20.49,21.87
740000,23.02,23.15,23.87,20.49,21.87
741000,23.2,23.06,23.98,20.55,21.69
742000,23.2,23.06,23.98,20.55,21.69
743000,23.2,22.95,24.22,20.77,21.93
744000,23.2,22.95,24.22,20.77,21.93
745000,23.2,22.95,24.22,20.77,21.93
746000,23.18,23.01,24.1,20.86,21.93
747000,23.18,23.01,24.1,20.86,21.93
748000,23.27,23.17,24.18,20.63,21.95
749000,23.27,23.17,24.18,20.63,21.95
750000,23.27,23.17,24.18,20.63,21.95
751000,23.53,23.23,24.11,20.55,21.83
752000,23.53,23.23,24.11,20.55,21.83
753000,23.5,23.21,23.88,20.47,21.89
754000,23.5,23.21,23.88,20.47,21.89
755000,23.5,23.21,23.88,20.47,21.89
756000,23.86,23.19,24.14,20.52,21.89
757000,23.86,23.19,24.14,20.52,21.89
758000,23.9,23.11,24.1,20.48,21.85
759000,23.9,23.11,24.1,20.48,21.85
760000,23.9,23.11,24.1,20.48,21.85
761000,23.75,22.79,24.22,20.37,21.95
762000,23.75,22.79,24.22,20.37,21.95
763000,23.66,22.99,24.44,20.44,21.83
764000,23.66,22.99,24.44,20.44,21.83
765000,23.66,22.99,24.44,20.44,21.83
766000,23.6,23.17,24.55,20.73,21.94
767000,23.6,23.17,24.55,20.73,21.94
768000,23.51,23.24,24.37,20.81,21.82
769000,23.51,23.24,24.37,20.81,21.82
770000,23.51,23.24,24.37,20.81,21.82
771000,23.56,23.39,24.48,20.9,22.11
772000,23.56,23.39,24.48,20.9,22.11
773000,23.64,23.59,24.4,20.68,21.98
774000,23.64,23.59,24.4,20.68,21.98
775000,23.64,23.59,24.4,20.68,21.98
776000,23.8,23.64,24.4,20.8,22.03
777000,23.8,23.64,24.4,20.8,22.03
778000,23.81,23.5,24.38,20.72,22.19
779000,23.81,23.5,24.38,20.72,22.19
780000,23.81,23.5,24.38,20.72,22.19
781000,23.78,23.36,24.14,20.68,22.25
782000,23.78,23.36,24.14,20.68,22.25
783000,23.88,23.43,24.16,20.58,22.2
784000,23.88,23.43,24.16,20.58,22.2
785000,23.88,23.43,24.16,20.58,22.2
786000,23.8,23.54,24.26,20.36,22.42
787000,23.8,23.54,24.26,20.36,22.42
788000,23.86,23.63,24.29,20.52,22.71
789000,23.86,23.63,24.29,20.52,22.71
790000,23.86,23.63,24.29,20.52,22.71
791000,23.81,23.66,24.23,20.34,22.42
792000,23.81,23.66,24.23,20.34,22.42
793000,24.02,23.68,24.33,20.34,22.69
794000,24.02,23.68,24.33,20.34,22.69
795000,24.02,23.68,24.33,20.34,22.69
796000,23.85,23.48,24.32,20.65,22.65
797000,23.85,23.48,24.32,20.65,22.65
798000,23.9,23.62,24.5,20.67,22.64
799000,23.9,23.62,24.5,20.67,22.64
800000,23.9,23.62,24.5,20.67,22.64
801000,23.99,23.61,24.48,20.71,22.65
802000,23.99,23.61,24.48,20.71,22.65
803000,24.12,23.67,24.36,20.65,22.36
804000,24.12,23.67,24.36,20.65,22.36
805000,24.12,23.67,24.36,20.65,22.36
806000,24.25,23.68,24.59,20.65,22.13
807000,24.25,23.68,24.59,20.65,22.13
808000,24.13,23.86,24.41,20.82,21.91
809000,24.13,23.86,24.41,20.82,21.91
810000,24.13,23.86,24.41,20.82,21.91
811000,23.89,23.81,24.28,21.05,21.83
812000,23.89,23.81,24.28,21.05,21.83
813000,23.91,23.98,24.2,20.99,21.56
814000,23.91,23.98,24.2,20.99,21.56
815000,23.91,23.98,24.2,20.99,21.56
816000,23.75,23.66,24.1,21.15,21.81
817000,23.75,23.66,24.1,21.15,21.81
818000,23.51,23.72,24.1,21.34,21.8
819000,23.51,23.72,24.1,21.34,21.8
820000,23.51,23.72,24.1,21.34,21.8
821000,23.36,23.56,24.07,21.35,21.75
822000,23.36,23.56,24.07,21.35,21.75
823000,23.34,23.8,23.9,21.61,21.8
824000,23.34,23.8,23.9,21.61,21.8
825000,23.34,23.8,23.9,21.61,21.8
826000,23.43,23.8,23.78,21.83,21.61
827000,23.43,23.8,23.78,21.83,21.61
828000,23.44,24.04,23.72,21.78,21.57
829000,23.44,24.04,23.72,21.78,21.57
830000,23.44,24.04,23.72,21.78,21.57
831000,23.33,24.13,23.55,21.95,21.5
832000,23.33,24.13,23.55,21.95,21.5
833000,23.12,24.05,23.3,21.9,21.55
834000,23.12,24.05,23.3,21.9,21.55
835000,23.12,24.05,23.3,21.9,21.55
836000,23.05,23.99,23.1,22.23,21.62
837000,23.05,23.99,23.1,22.23,21.62
838000,22.94,24.12,23.17,22.04,21.42
839000,22.94,24.12,23.17,22.04,21.42
840000,22.94,24.12,23.17,22.04,21.42
841000,22.77,24.04,23.34,22.25,21.38
842000,22.77,24.04,23.34,22.25,21.38
843000,22.86,24.31,23.47,22.05,21.69
844000,22.86,24.31,23.47,22.05,21.69
845000,22.86,24.31,23.47,22.05,21.69
846000,23.13,24.09,23.49,21.99,21.59
847000,23.13,24.09,23.49,21.99,21.59
848000,23.31,23.79,23.43,22.08,21.54
849000,23.31,23.79,23.43,22.08,21.54
850000,23.31,23.79,23.43,22.08,21.54
851000,23.34,23.66,23.34,22.3,21.66
852000,23.34,23.66,23.34,22.3,21.66
853000,23.27,23.54,23.54,22.02,21.7
854000,23.27,23.54,23.54,22.02,21.7
855000,23.27,23.54,23.54,22.02,21.7
856000,23.3,23.54,23.48,22.09,21.67
857000,23.3,23.54,23.48,22.09,21.67
858000,23.35,23.57,23.84,21.93,21.75
859000,23.35,23.57,23.84,21.93,21.75
860000,23.35,23.57,23.84,21.93,21.75
861000,23.24,23.34,23.95,22.09,21.71
862000,23.24,23.34,23.95,22.09,21.71
863000,23.09,23.5,23.76,22.41,21.8
864000,23.09,23.5,23.76,22.41,21.8
865000,23.09,23.5,23.76,22.41,21.8
866000,23.13,23.53,23.67,22.23,21.59
867000,23.13,23.53,23.67,22.23,21.59
868000,22.78,23.48,23.51,22.27,21.3
869000,22.78,23.48,23.51,22.27,21.3
870000,22.78,23.48,23.51,22.27,21.3
871000,22.58,23.65,23.53,22.27,21.57
872000,22.58,23.65,23.53,22.27,21.57
873000,22.36,23.54,23.37,22.42,21.26
874000,22.36,23.54,23.37,22.42,21.26
875000,22.36,23.54,23.37,22.42,21.26
876000,22.43,23.44,23.59,22.46,21.4
877000,22.43,23.44,23.59,22.46,21.4
878000,22.25,23.44,23.65,22.37,21.25
879000,22.25,23.44,23.65,22.37,21.25
880000,22.25,23.44,23.65,22.37,21.25
881000,22.48,23.49,23.5,22.54,21.2
882000,22.48,23.49,23.5,22.54,21.2
883000,22.22,23.41,23.7,22.44,21.39
884000,22.22,23.41,23.7,22.44,21.39
885000,22.22,23.41,23.7,22.44,21.39
886000,22.23,23.29,23.63,22.65,21.24
887000,22.23,23.29,23.63,22.65,21.24
888000,22.28,23.36,23.72,22.56,21.16
889000,22.28,23.36,23.72,22.56,21.16
890000,22.28,23.36,23.72,22.56,21.16
891000,22.31,23.29,23.75,22.72,21.12
892000,22.31,23.29,23.75,22.72,21.12
893000,22.35,23.19,23.82,22.67,21.35
894000,22.35,23.19,23.82,22.67,21.35
895000,22.35,23.19,23.82,22.67,21.35
896000,22.66,23.23,23.96,22.84,21.32
897000,22.66,23.23,23.96,22.84,21.32
898000,22.67,23.18,24.03,22.79,21.45
899000,22.67,23.18,24.03,22.79,21.45
900000,22.67,23.18,24.03,22.79,21.45
901000,22.72,23.08,24.05,22.78,21.46
902000,22.72,23.08,24.05,22.78,21.46
903000,22.82,23.01,24.16,22.98,21.43
904000,22.82,23.01,24.16,22.98,21.43
905000,22.82,23.01,24.16,22.98,21.43
906000,22.91,22.75,24.22,22.98,21.35
907000,22.91,22.75,24.22,22.98,21.35
908000,22.91,22.95,24.31,22.98,21.15
909000,22.91,22.95,24.31,22.98,21.15
910000,22.91,22.95,24.31,22.98,21.15
911000,22.88,22.61,24.18,22.88,21.22
912000,22.88,22.61,24.18,22.88,21.22
913000,22.88,22.69,24.26,22.7,21.23
914000,22.88,22.69,24.26,22.7,21.23
915000,22.88,22.69,24.26,22.7,21.23
916000,23.05,22.63,24.43,22.71,21.37
917000,23.05,22.63,24.43,22.71,21.37
918000,23.0,22.65,24.71,22.68,21.09
919000,23.0,22.65,24.71,22.68,21.09
920000,23.0,22.65,24.71,22.68,21.09
921000,23.07,22.6,24.59,22.6,21.36
922000,23.07,22.6,24.59,22.6,21.36
923000,23.18,22.7,24.67,22.51,21.27
924000,23.18,22.7,24.67,22.51,21.27
925000,23.18,22.7,24.67,22.51,21.27
926000,23.16,22.75,24.65,22.31,21.28
927000,23.16,22.75,24.65,22.31,21.28
928000,23.0,22.79,24.41,22.24,21.26
929000,23.0,22.79,24.41,22.24,21.26
930000,23.0,22.79,24.41,22.24,21.26
931000,23.08,22.72,24.6,22.1,21.4
932000,23.08,22.72,24.6,22.1,21.4
933000,22.97,22.48,24.66,22.0,21.49
934000,22.97,22.48,24.66,22.0,21.49
935000,22.97,22.48,24.66,22.0,21.49
936000,23.07,22.52,24.66,22.08,21.34
937000,23.07,22.52,24.66,22.08,21.34
938000,23.05,22.36,24.29,22.3,21.33
939000,23.05,22.36,24.29,22.3,21.33
940000,23.05,22.36,24.29,22.3,21.33
941000,23.0,22.34,24.21,22.07,21.13
942000,23.0,22.34,24.21,22.07,21.13
943000,22.9,22.27,24.3,22.07,21.4
944000,22.9,22.27,24.3,22.07,21.4
945000,22.9,22.27,24.3,22.07,21.4
946000,22.9,22.51,24.58,22.04,21.58
947000,22.9,22.51,24.58,22.04,21.58
948000,23.2,22.37,24.41,21.91,21.68
949000,23.2,22.37,24.41,21.91,21.68
950000,23.2,22.37,24.41,21.91,21.68
951000,22.99,22.65,24.26,21.81,21.76
952000,22.99,22.65,24.26,21.81,21.76
953000,23.03,22.59,24.37,22.11,21.56
954000,23.03,22.59,24.37,22.11,21.56
955000,23.03,22.59,24.37,22.11,21.56
956000,23.21,22.73,24.54,21.86,21.45
957000,23.21,22.73,24.54,21.86,21.45
958000,23.37,22.72,24.62,22.02,21.59
959000,23.37,22.72,24.62,22.02,21.59
960000,23.37,22.72,24.62,22.02,21.59
961000,23.5,22.72,24.75,21.92,21.64
962000,23.5,22.72,24.75,21.92,21.64
963000,23.59,22.64,25.0,22.02,21.72
964000,23.59,22.64,25.0,22.02,21.72
965000,23.59,22.64,25.0,22.02,21.72
966000,23.81,22.77,24.99,22.03,21.58
967000,23.81,22.77,24.99,22.03,21.58
968000,23.57,22.78,24.77,22.21,21.74
969000,23.57,22.78,24.77,22.21,21.74
970000,23.57,22.78,24.77,22.21,21.74
971000,23.73,22.6,24.75,22.21,21.78
972000,23.73,22.6,24.75,22.21,21.78
973000,23.87,22.39,24.46,22.35,21.81
974000,23.87,22.39,24.46,22.35,21.81
975000,23.87,22.39,24.46,22.35,21.81
976000,23.89,22.38,24.74,22.31,21.76
977000,23.89,22.38,24.74,22.31,21.76
978000,23.93,22.27,24.84,22.48,21.83
979000,23.93,22.27,24.84,22.48,21.83
980000,23.93,22.27,24.84,22.48,21.83
981000,24.07,21.98,24.8,22.54,21.89
982000,24.07,21.98,24.8,22.54,21.89
983000,24.17,22.03,24.97,22.17,22.2
984000,24.17,22.03,24.97,22.17,22.2
985000,24.17,22.03,24.97,22.17,22.2
986000,23.99,22.1,24.98,22.17,22.21
987000,23.99,22.1,24.98,22.17,22.21
988000,24.02,21.99,25.16,22.01,22.28
989000,24.02,21.99,25.16,22.01,22.28
990000,24.02,21.99,25.16,22.01,22.28
991000,23.93,22.06,24.85,21.95,22.51
992000,23.93,22.06,24.85,21.95,22.51
993000,23.95,22.25,24.74,21.75,22.42
994000,23.95,22.25,24.74,21.75,22.42
995000,23.95,22.25,24.74,21.75,22.42
996000,23.83,22.05,24.59,21.92,22.35
997000,23.83,22.05,24.59,21.92,22.35
998000,23.52,22.08,24.43,21.96,22.24
999000,23.52,22.08,24.43,21.96,22.24
1000000,23.52,22.08,24.43,21.96,22.24
1001000,23.35,22.19,24.5,22.07,22.48
1002000,23.35,22.19,24.5,22.07,22.48
1003000,23.32,22.21,24.68,22.37,22.44
1004000,23.32,22.21,24.68,22.37,22.44
1005000,23.32,22.21,24.68,22.37,22.44
1006000,23.29,22.13,24.64,22.45,22.48
1007000,23.29,22.13,24.64,22.45,22.48
1008000,23.42,22.37,24.4,22.43,22.6
1009000,23.42,22.37,24.4,22.43,22.6
1010000,23.42,22.37,24.4,22.43,22.6
1011000,23.34,22.45,24.23,22.58,22.58
1012000,23.34,22.45,24.23,22.58,22.58
1013000,23.46,22.32,24.16,22.31,22.74
1014000,23.46,22.32,24.16,22.31,22.74
1015000,23.46,22.32,24.16,22.31,22.74
1016000,23.37,22.31,24.23,22.16,22.9
1017000,23.37,22.31,24.23,22.16,22.9
1018000,23.37,22.36,24.37,22.4,23.1
1019000,23.37,22.36,24.37,22.4,23.1
1020000,23.37,22.36,24.37,22.4,23.1
1021000,23.11,22.34,24.5,22.46,23.03
1022000,23.11,22.34,24.5,22.46,23.03
1023000,23.07,22.39,24.66,22.51,23.13
1024000,23.07,22.39,24.66,22.51,23.13
1025000,23.07,22.39,24.66,22.51,23.13
1026000,22.95,22.07,24.67,22.6,22.99
1027000,22.95,22.07,24.67,22.6,22.99
1028000,22.8,22.31,24.68,22.76,22.8
1029000,22.8,22.31,24.68,22.76,22.8
1030000,22.8,22.31,24.68,22.76,22.8
1031000,23.04,22.39,24.67,22.7,22.81
1032000,23.04,22.39,24.67,22.7,22.81
1033000,23.16,22.36,24.81,22.86,22.6
1034000,23.16,22.36,24.81,22.86,22.6
1035000,23.16,22.36,24.81,22.86,22.6
1036000,23.39,22.22,24.7,23.11,22.28
1037000,23.39,22.22,24.7,23.11,22.28
1038000,23.61,21.89,24.62,23.06,22.32
1039000,23.61,21.89,24.62,23.06,22.32
1040000,23.61,21.89,24.62,23.06,22.32
1041000,23.75,21.84,24.69,23.33,22.42
1042000,23.75,21.84,24.69,23.33,22.42
1043000,23.73,21.88,24.43,23.4,22.43
1044000,23.73,21.88,24.43,23.4,22.43
1045000,23.73,21.88,24.43,23.4,22.43
1046000,23.95,22.02,24.35,23.41,22.36
1047000,23.95,22.02,24.35,23.41,22.36
1048000,23.91,22.09,24.3,23.42,22.45
1049000,23.91,22.09,24.3,23.42,22.45
1050000,23.91,22.09,24.3,23.42,22.45
1051000,23.85,22.14,24.17,23.41,22.38
1052000,23.85,22.14,24.17,23.41,22.38
1053000,23.83,22.13,24.13,23.55,22.57
1054000,23.83,22.13,24.13,23.55,22.57
1055000,23.83,22.13,24.13,23.55,22.57
1056000,23.76,21.72,24.17,23.42,22.8
1057000,23.76,21.72,24.17,23.42,22.8
1058000,23.96,21.67,24.41,23.32,23.09
1059000,23.96,21.67,24.41,23.32,23.09
1060000,23.96,21.67,24.41,23.32,23.09
1061000,24.16,21.63,24.6,23.17,23.11
1062000,24.16,21.63,24.6,23.17,23.11
1063000,24.08,21.65,24.61,23.37,23.3
1064000,24.08,21.65,24.61,23.37,23.3
1065000,24.08,21.65,24.61,23.37,23.3
1066000,24.01,21.62,24.6,23.39,23.45
1067000,24.01,21.62,24.6,23.39,23.45
1068000,24.2,21.41,24.63,23.32,23.67
1069000,24.2,21.41,24.63,23.32,23.67
1070000,24.2,21.41,24.63,23.32,23.67
1071000,24.38,21.44,24.58,23.32,23.88
1072000,24.38,21.44,24.58,23.32,23.88
1073000,24.38,21.48,24.65,23.16,23.8
1074000,24.38,21.48,24.65,23.16,23.8
1075000,24.38,21.48,24.65,23.16,23.8
1076000,24.59,21.49,24.56,22.93,23.96
1077000,24.59,21.49,24.56,22.93,23.96
1078000,24.53,21.46,24.34,22.99,23.83
1079000,24.53,21.46,24.34,22.99,23.83
1080000,24.53,21.46,24.34,22.99,23.83
1081000,24.82,21.51,24.23,23.06,23.98
1082000,24.82,21.51,24.23,23.06,23.98
1083000,25.05,21.57,24.51,23.24,23.92
1084000,25.05,21.57,24.51,23.24,23.92
1085000,25.05,21.57,24.51,23.24,23.92
1086000,25.25,21.58,24.72,23.18,24.17
1087000,25.25,21.58,24.72,23.18,24.17
1088000,25.39,21.41,24.77,23.19,24.1
1089000,25.39,21.41,24.77,23.19,24.1
1090000,25.39,21.41,24.77,23.19,24.1
1091000,25.28,21.31,24.69,22.91,24.04
1092000,25.28,21.31,24.69,22.91,24.04
1093000,25.2,21.2,24.55,22.93,24.06
1094000,25.2,21.2,24.55,22.93,24.06
1095000,25.2,21.2,24.55,22.93,24.06
1096000,25.11,21.61,24.39,23.03,23.98
1097000,25.11,21.61,24.39,23.03,23.98
1098000,25.1,21.73,24.39,22.88,24.01
1099000,25.1,21.73,24.39,22.88,24.01
1100000,25.1,21.73,24.39,22.88,24.01
1101000,24.98,21.78,24.29,22.7,23.99
1102000,24.98,21.78,24.29,22.7,23.99
1103000,24.89,21.85,24.01,22.93,23.96
1104000,24.89,21.85,24.01,22.93,23.96
1105000,24.89,21.85,24.01,22.93,23.96
1106000,25.04,22.0,24.19,22.89,23.9
1107000,25.04,22.0,24.19,22.89,23.9
1108000,25.04,22.12,24.08,23.01,24.17
1109000,25.04,22.12,24.08,23.01,24.17
1110000,25.04,22.12,24.08,23.01,24.17
1111000,25.03,22.19,23.9,23.04,23.94
1112000,25.03,22.19,23.9,23.04,23.94
1113000,25.11,22.35,23.96,23.04,23.87
1114000,25.11,22.35,23.96,23.04,23.87
1115000,25.11,22.35,23.96,23.04,23.87
1116000,24.82,22.14,23.98,23.25,23.93
1117000,24.82,22.14,23.98,23.25,23.93
1118000,24.89,22.17,24.32,23.14,23.93
1119000,24.89,22.17,24.32,23.14,23.93
1120000,24.89,22.17,24.32,23.14,23.93
1121000,24.82,22.16,24.26,23.28,23.91
1122000,24.82,22.16,24.26,23.28,23.91
1123000,25.16,22.31,24.47,23.3,24.12
1124000,25.16,22.31,24.47,23.3,24.12
1125000,25.16,22.31,24.47,23.3,24.12
1126000,25.07,22.3,24.42,23.38,23.88
1127000,25.07,22.3,24.42,23.38,23.88
1128000,25.21,22.5,24.36,23.55,23.81
1129000,25.21,22.5,24.36,23.55,23.81
1130000,25.21,22.5,24.36,23.55,23.81
1131000,25.18,22.65,24.46,23.51,23.73
1132000,25.18,22.65,24.46,23.51,23.73
1133000,25.38,22.47,24.47,23.64,23.78
1134000,25.38,22.47,24.47,23.64,23.78
1135000,25.38,22.47,24.47,23.64,23.78
1136000,25.36,22.58,24.55,23.52,24.01
1137000,25.36,22.58,24.55,23.52,24.01
1138000,25.17,22.67,24.28,23.47,23.99
1139000,25.17,22.67,24.28,23.47,23.99
1140000,25.17,22.67,24.28,23.47,23.99
1141000,25.1,23.03,24.36,23.53,23.83
1142000,25.1,23.03,24.36,23.53,23.83
1143000,25.1,23.04,24.19,23.34,23.75
1144000,25.1,23.04,24.19,23.34,23.75
1145000,25.1,23.04,24.19,23.34,23.75
1146000,24.72,22.98,23.99,23.39,23.73
1147000,24.72,22.98,23.99,23.39,23.73
1148000,24.87,23.08,23.96,23.53,23.47
1149000,24.87,23.08,23.96,23.53,23.47
1150000,24.87,23.08,23.96,23.53,23.47
1151000,24.75,22.99,24.03,23.67,23.65
1152000,24.75,22.99,24.03,23.67,23.65
1153000,24.51,22.94,23.98,23.68,23.7
1154000,24.51,22.94,23.98,23.68,23.7
1155000,24.51,22.94,23.98,23.68,23.7
1156000,24.41,23.21,24.05,23.76,23.68
1157000,24.41,23.21,24.05,23.76,23.68
1158000,24.1,23.25,23.96,23.77,23.63
1159000,24.1,23.25,23.96,23.77,23.63
1160000,24.1,23.25,23.96,23.77,23.63
1161000,24.03,23.48,24.27,23.85,23.29
1162000,24.03,23.48,24.27,23.85,23.29
1163000,23.78,23.42,24.3,24.07,23.24
1164000,23.78,23.42,24.3,24.07,23.24
1165000,23.78,23.42,24.3,24.07,23.24
1166000,23.6,23.29,24.23,23.94,23.1
1167000,23.6,23.29,24.23,23.94,23.1
1168000,23.46,23.32,24.13,23.84,23.34
1169000,23.46,23.32,24.13,23.84,23.34
1170000,23.46,23.32,24.13,23.84,23.34
1171000,23.32,23.32,23.89,24.02,23.1
1172000,23.32,23.32,23.89,24.02,23.1
1173000,23.24,23.34,23.86,24.16,22.92
1174000,23.24,23.34,23.86,24.16,22.92
1175000,23.24,23.34,23.86,24.16,22.92
1176000,23.39,23.25,23.78,24.25,22.89
1177000,23.39,23.25,23.78,24.25,22.89
1178000,23.49,23.13,24.03,24.41,22.86
1179000,23.49,23.13,24.03,24.41,22.86
1180000,23.49,23.13,24.03,24.41,22.86
1181000,23.51,23.21,23.68,24.51,22.73
1182000,23.51,23.21,23.68,24.51,22.73
1183000,23.76,23.45,23.64,24.66,22.62
1184000,23.76,23.45,23.64,24.66,22.62
1185000,23.76,23.45,23.64,24.66,22.62
1186000,23.76,23.34,23.5,24.62,22.64
1187000,23.76,23.34,23.5,24.62,22.64
1188000,23.49,23.17,23.48,24.42,22.63
1189000,23.49,23.17,23.48,24.42,22.63
1190000,23.49,23.17,23.48,24.42,22.63
1191000,23.35,22.99,23.52,24.62,22.62
1192000,23.35,22.99,23.52,24.62,22.62
1193000,23.34,22.83,23.63,24.6,22.54
1194000,23.34,22.83,23.63,24.6,22.54
1195000,23.34,22.83,23.63,24.6,22.54
1196000,23.27,22.69,23.44,24.53,22.57
1197000,23.27,22.69,23.44,24.53,22.57
1198000,23.14,22.76,23.46,24.9,22.21
1199000,23.14,22.76,23.46,24.9,22.21
1200000,23.14,22.76,23.46,24.9,22.21
1201000,23.25,22.85,23.5,25.01,22.25
1202000,23.25,22.85,23.5,25.01,22.25
1203000,22.97,22.9,23.61,24.9,22.54
1204000,22.97,22.9,23.61,24.9,22.54
1205000,22.97,22.9,23.61,24.9,22.54
1206000,22.98,22.72,23.34,25.05,22.78
1207000,22.98,22.72,23.34,25.05,22.78
1208000,22.84,22.73,23.12,25.15,22.76
1209000,22.84,22.73,23.12,25.15,22.76
1210000,22.84,22.73,23.12,25.15,22.76
1211000,22.89,22.85,23.2,25.42,23.06
1212000,22.89,22.85,23.2,25.42,23.06
1213000,22.84,22.92,22.99,25.43,23.26
1214000,22.84,22.92,22.99,25.43,23.26
1215000,22.84,22.92,22.99,25.43,23.26
1216000,22.68,22.86,22.94,25.59,23.36
1217000,22.68,22.86,22.94,25.59,23.36
1218000,22.97,22.72,23.17,25.63,23.26
1219000,22.97,22.72,23.17,25.63,23.26
1220000,22.97,22.72,23.17,25.63,23.26
1221000,22.91,22.6,23.18,25.49,23.4
1222000,22.91,22.6,23.18,25.49,23.4
1223000,23.07,22.66,23.43,25.43,23.57
1224000,23.07,22.66,23.43,25.43,23.57
1225000,23.07,22.66,23.43,25.43,23.57
1226000,22.97,22.57,23.34,25.43,23.57
1227000,22.97,22.57,23.34,25.43,23.57
1228000,22.67,22.53,23.28,25.45,23.48
1229000,22.67,22.53,23.28,25.45,23.48
1230000,22.67,22.53,23.28,25.45,23.48
1231000,22.81,22.68,23.26,25.55,23.43
1232000,22.81,22.68,23.26,25.55,23.43
1233000,22.64,22.54,23.22,25.68,23.44
1234000,22.64,22.54,23.22,25.68,23.44
1235000,22.64,22.54,23.22,25.68,23.44
1236000,22.66,22.55,23.06,25.67,23.5
1237000,22.66,22.55,23.06,25.67,23.5
1238000,22.66,22.66,22.77,25.95,23.49
1239000,22.66,22.66,22.77,25.95,23.49
1240000,22.66,22.66,22.77,25.95,23.49
1241000,22.71,22.41,22.8,25.85,23.4
1242000,22.71,22.41,22.8,25.85,23.4
1243000,22.69,22.26,22.94,25.82,23.43
1244000,22.69,22.26,22.94,25.82,23.43
1245000,22.69,22.26,22.94,25.82,23.43
1246000,22.85,22.36,23.15,25.69,23.41
1247000,22.85,22.36,23.15,25.69,23.41
1248000,23.02,22.49,23.43,25.84,23.56
1249000,23.02,22.49,23.43,25.84,23.56
1250000,23.02,22.49,23.43,25.84,23.56
1251000,23.15,22.31,23.48,25.54,23.57
1252000,23.15,22.31,23.48,25.54,23.57
1253000,23.17,22.59,23.4,25.48,23.78
1254000,23.17,22.59,23.4,25.48,23.78
1255000,23.17,22.59,23.4,25.48,23.78
1256000,22.99,22.61,23.36,25.64,23.83
1257000,22.99,22.61,23.36,25.64,23.83
1258000,22.99,22.61,23.36,25.64,23.83
1259000,22.87,22.5,23.68,25.71,23.89
1260000,22.87,22.5,23.68,25.71,23.89
1261000,23.12,22.72,23.75,25.56,23.81
1262000,23.12,22.72,23.75,25.56,23.81
1263000,23.12,22.72,23.75,25.56,23.81
1264000,23.2,22.8,23.68,25.84,23.76
1265000,23.2,22.8,23.68,25.84,23.76
1266000,23.3,22.8,23.63,25.73,23.52
1267000,23.3,22.8,23.63,25.73,23.52
1268000,23.3,22.8,23.63,25.73,23.52
1269000,23.41,22.76,23.6,25.66,23.37
1270000,23.41,22.76,23.6,25.66,23.37
1271000,23.52,22.9,23.66,25.75,23.43
1272000,23.52,22.9,23.66,25.75,23.43
1273000,23.52,22.9,23.66,25.75,23.43
1274000,23.52,23.02,23.67,25.56,23.42
1275000,23.52,23.02,23.67,25.56,23.42
1276000,23.66,23.21,23.69,25.67,23.6
1277000,23.66,23.21,23.69,25.67,23.6
1278000,23.66,23.21,23.69,25.67,23.6
1279000,23.89,23.22,23.62,25.45,23.7
1280000,23.89,23.22,23.62,25.45,23.7
1281000,23.76,23.09,23.55,25.56,23.96
1282000,23.76,23.09,23.55,25.56,23.96
1283000,23.76,23.09,23.55,25.56,23.96
1284000,23.51,23.18,23.21,25.62,24.22
1285000,23.51,23.18,23.21,25.62,24.22
1286000,23.3,23.39,23.11,25.44,24.29
1287000,23.3,23.39,23.11,25.44,24.29
1288000,23.3,23.39,23.11,25.44,24.29
1289000,23.29,23.74,23.2,25.38,24.18
1290000,23.29,23.74,23.2,25.38,24.18
1291000,23.28,23.53,23.14,25.4,24.35
1292000,23.28,23.53,23.14,25.4,24.35
1293000,23.28,23.53,23.14,25.4,24.35
1294000,23.21,23.56,23.1,25.46,24.11
1295000,23.21,23.56,23.1,25.46,24.11
1296000,23.23,23.47,23.27,25.27,24.25
1297000,23.23,23.47,23.27,25.27,24.25
1298000,23.23,23.47,23.27,25.27,24.25
1299000,23.05,23.5,23.1,25.29,24.25
1300000,23.05,23.5,23.1,25.29,24.25
1301000,22.94,23.48,23.21,25.24,24.35
1302000,22.94,23.48,23.21,25.24,24.35
1303000,22.94,23.48,23.21,25.24,24.35
1304000,22.98,23.48,23.36,25.33,24.25
1305000,22.98,23.48,23.36,25.33,24.25
1306000,23.0,23.86,23.01,25.49,24.29
1307000,23.0,23.86,23.01,25.49,24.29
1308000,23.0,23.86,23.01,25.49,24.29
1309000,22.88,23.91,22.77,25.47,24.3
1310000,22.88,23.91,22.77,25.47,24.3
1311000,22.92,23.94,22.52,25.61,24.38
1312000,22.92,23.94,22.52,25.61,24.38
1313000,22.92,23.94,22.52,25.61,24.38
1314000,22.86,23.93,22.58,25.5,24.27
1315000,22.86,23.93,22.58,25.5,24.27
1316000,22.99,24.12,22.5,25.49,24.06
1317000,22.99,24.12,22.5,25.49,24.06
1318000,22.99,24.12,22.5,25.49,24.06
1319000,23.01,24.21,22.49,25.57,24.01
1320000,23.01,24.21,22.49,25.57,24.01
1321000,22.91,24.12,22.55,25.35,23.74
1322000,22.91,24.12,22.55,25.35,23.74
1323000,22.91,24.12,22.55,25.35,23.74
1324000,23.01,24.06,22.51,25.36,23.88
1325000,23.01,24.06,22.51,25.36,23.88
1326000,22.83,23.93,22.27,25.5,23.76
1327000,22.83,23.93,22.27,25.5,23.76
1328000,22.83,23.93,22.27,25.5,23.76
1329000,22.78,23.82,22.62,25.41,23.9
1330000,22.78,23.82,22.62,25.41,23.9
1331000,22.61,23.7,22.63,25.48,23.92
1332000,22.61,23.7,22.63,25.48,23.92
1333000,22.61,23.7,22.63,25.48,23.92
1334000,22.47,23.66,22.35,25.32,23.79
1335000,22.47,23.66,22.35,25.32,23.79
1336000,22.43,23.59,22.39,25.22,23.79
1337000,22.43,23.59,22.39,25.22,23.79
1338000,22.43,23.59,22.39,25.22,23.79
1339000,22.33,23.76,22.23,25.17,23.77
1340000,22.33,23.76,22.23,25.17,23.77
1341000,22.41,23.9,21.98,25.47,23.98
1342000,22.41,23.9,21.98,25.47,23.98
1343000,22.41,23.9,21.98,25.47,23.98
1344000,22.35,23.56,21.94,25.58,23.9
1345000,22.35,23.56,21.94,25.58,23.9
1346000,22.54,23.34,22.15,25.49,23.84
1347000,22.54,23.34,22.15,25.49,23.84
1348000,22.54,23.34,22.15,25.49,23.84
1349000,22.66,23.2,22.08,25.5,23.79
1350000,22.66,23.2,22.08,25.5,23.79
1351000,22.53,23.24,22.04,25.59,23.94
1352000,22.53,23.24,22.04,25.59,23.94
1353000,22.53,23.24,22.04,25.59,23.94
1354000,22.7,23.13,22.24,25.38,24.02
1355000,22.7,23.13,22.24,25.38,24.02
1356000,22.59,22.92,21.98,25.24,23.97
1357000,22.59,22.92,21.98,25.24,23.97
1358000,22.59,22.92,21.98,25.24,23.97
1359000,22.53,22.95,22.02,25.22,23.97
1360000,22.53,22.95,22.02,25.22,23.97
1361000,22.5,23.01,21.99,25.22,24.31
1362000,22.5,23.01,21.99,25.22,24.31
1363000,22.5,23.01,21.99,25.22,24.31
1364000,22.55,22.88,21.96,25.11,24.11
1365000,22.55,22.88,21.96,25.11,24.11
1366000,22.71,22.99,21.81,25.0,24.03
1367000,22.71,22.99,21.81,25.0,24.03
1368000,22.71,22.99,21.81,25.0,24.03
1369000,23.0,22.95,21.66,25.06,24.26
1370000,23.0,22.95,21.66,25.06,24.26
1371000,23.24,22.87,21.45,24.98,24.01
1372000,23.24,22.87,21.45,24.98,24.01
1373000,23.24,22.87,21.45,24.98,24.01
1374000,23.02,22.86,21.23,25.02,24.03
1375000,23.02,22.86,21.23,25.02,24.03
1376000,23.1,23.02,21.37,24.89,24.15
1377000,23.1,23.02,21.37,24.89,24.15
1378000,23.1,23.02,21.37,24.89,24.15
1379000,22.9,22.91,21.29,24.69,24.05
1380000,22.9,22.91,21.29,24.69,24.05
1381000,23.01,22.87,21.3,24.85,24.27
1382000,23.01,22.87,21.3,24.85,24.27
1383000,23.01,22.87,21.3,24.85,24.27
1384000,23.01,23.29,21.32,24.65,24.24
1385000,23.01,23.29,21.32,24.65,24.24
1386000,23.04,23.33,21.27,24.78,24.21
1387000,23.04,23.33,21.27,24.78,24.21
1388000,23.04,23.33,21.27,24.78,24.21
1389000,23.21,23.24,21.29,24.92,24.2
1390000,23.21,23.24,21.29,24.92,24.2
1391000,23.07,23.0,21.25,24.86,24.33
1392000,23.07,23.0,21.25,24.86,24.33
1393000,23.07,23.0,21.25,24.86,24.33
1394000,23.14,23.09,21.49,25.13,24.41
1395000,23.14,23.09,21.49,25.13,24.41
1396000,23.36,22.85,21.53,25.18,24.4
1397000,23.36,22.85,21.53,25.18,24.4
1398000,23.36,22.85,21.53,25.18,24.4
1399000,23.29,22.84,21.58,25.25,24.42
1400000,23.29,22.84,21.58,25.25,24.42
1401000,23.15,23.08,21.69,25.25,24.39
1402000,23.15,23.08,21.69,25.25,24.39
1403000,23.15,23.08,21.69,25.25,24.39
1404000,23.3,23.0,21.9,25.3,24.32
1405000,23.3,23.0,21.9,25.3,24.32
1406000,23.27,22.84,21.69,25.21,24.27
1407000,23.27,22.84,21.69,25.21,24.27
1408000,23.27,22.84,21.69,25.21,24.27
1409000,23.36,22.75,21.94,25.25,24.42
1410000,23.36,22.75,21.94,25.25,24.42
1411000,23.49,22.87,21.79,25.23,24.45
1412000,23.49,22.87,21.79,25.23,24.45
1413000,23.49,22.87,21.79,25.23,24.45
1414000,23.5,22.95,21.55,25.13,24.7
1415000,23.5,22.95,21.55,25.13,24.7
1416000,23.69,23.06,21.5,25.22,24.74
1417000,23.69,23.06,21.5,25.22,24.74
1418000,23.69,23.06,21.5,25.22,24.74
1419000,23.89,23.01,21.69,25.35,24.7
1420000,23.89,23.01,21.69,25.35,24.7
1421000,23.77,22.84,21.99,25.27,24.89
1422000,23.77,22.84,21.99,25.27,24.89
1423000,23.77,22.84,21.99,25.27,24.89
1424000,23.84,22.95,22.03,25.12,24.83
1425000,23.84,22.95,22.03,25.12,24.83
1426000,23.78,22.9,22.16,25.15,24.92
1427000,23.78,22.9,22.16,25.15,24.92
1428000,23.78,22.9,22.16,25.15,24.92
1429000,23.81,22.81,22.22,25.18,24.84
1430000,23.81,22.81,22.22,25.18,24.84
1431000,23.85,23.04,22.49,25.23,24.94
1432000,23.85,23.04,22.49,25.23,24.94
1433000,23.85,23.04,22.49,25.23,24.94
1434000,23.72,22.95,22.44,25.19,24.94
1435000,23.72,22.95,22.44,25.19,24.94
1436000,23.63,23.05,22.62,25.2,25.04
1437000,23.63,23.05,22.62,25.2,25.04
1438000,23.63,23.05,22.62,25.2,25.04
1439000,23.95,23.25,22.8,25.35,25.07
1440000,23.95,23.25,22.8,25.35,25.07
1441000,24.1,23.57,23.0,25.11,25.3
1442000,24.1,23.57,23.0,25.11,25.3
1443000,24.1,23.57,23.0,25.11,25.3
1444000,24.0,23.68,22.98,25.22,25.23
1445000,24.0,23.68,22.98,25.22,25.23
1446000,23.93,23.81,23.04,25.35,25.11
1447000,23.93,23.81,23.04,25.35,25.11
1448000,23.93,23.81,23.04,25.35,25.11
1449000,23.96,23.57,22.92,25.27,25.32
1450000,23.96,23.57,22.92,25.27,25.32
1451000,24.2,23.42,22.92,25.08,25.09
1452000,24.2,23.42,22.92,25.08,25.09
1453000,24.2,23.42,22.92,25.08,25.09
1454000,24.31,23.42,22.7,24.98,24.87
1455000,24.31,23.42,22.7,24.98,24.87
1456000,24.3,23.54,22.89,24.95,24.78
1457000,24.3,23.54,22.89,24.95,24.78
1458000,24.3,23.54,22.89,24.95,24.78
1459000,24.33,23.26,23.26,24.72,24.82
1460000,24.33,23.26,23.26,24.72,24.82
1461000,24.13,23.21,23.14,24.55,24.67
1462000,24.13,23.21,23.14,24.55,24.67
1463000,24.13,23.21,23.14,24.55,24.67
1464000,24.0,23.26,23.37,24.65,24.68
1465000,24.0,23.26,23.37,24.65,24.68
1466000,24.04,23.34,23.44,24.54,24.48
1467000,24.04,23.34,23.44,24.54,24.48
1468000,24.04,23.34,23.44,24.54,24.48
1469000,24.0,23.43,23.38,24.46,24.49
1470000,24.0,23.43,23.38,24.46,24.49
1471000,24.0,23.59,23.28,24.67,24.44
1472000,24.0,23.59,23.28,24.67,24.44
1473000,24.0,23.59,23.28,24.67,24.44
1474000,23.95,23.66,23.27,24.73,24.29
1475000,23.95,23.66,23.27,24.73,24.29
1476000,23.81,23.85,23.11,24.85,24.31
1477000,23.81,23.85,23.11,24.85,24.31
1478000,23.81,23.85,23.11,24.85,24.31
1479000,24.14,23.89,23.22,24.94,24.28
1480000,24.14,23.89,23.22,24.94,24.28
1481000,24.12,24.1,23.13,24.92,24.37
1482000,24.12,24.1,23.13,24.92,24.37
1483000,24.12,24.1,23.13,24.92,24.37
1484000,24.18,24.3,23.27,25.04,24.04
1485000,24.18,24.3,23.27,25.04,24.04
1486000,24.27,24.22,23.37,24.82,23.93
1487000,24.27,24.22,23.37,24.82,23.93
1488000,24.27,24.22,23.37,24.82,23.93
1489000,24.23,24.02,23.52,24.8,24.07
1490000,24.23,24.02,23.52,24.8,24.07
1491000,24.23,24.28,23.48,24.97,24.28
1492000,24.23,24.28,23.48,24.97,24.28
1493000,24.23,24.28,23.48,24.97,24.28
1494000,24.27,24.38,23.32,25.15,24.19
1495000,24.27,24.38,23.32,25.15,24.19
1496000,24.18,24.45,23.41,25.21,24.27
1497000,24.18,24.45,23.41,25.21,24.27
1498000,24.18,24.45,23.41,25.21,24.27
1499000,24.27,24.16,23.14,25.36,24.02
1500000,24.27,24.16,23.14,25.36,24.02
1501000,24.25,24.23,23.28,25.54,23.72
1502000,24.25,24.23,23.28,25.54,23.72
1503000,24.25,24.23,23.28,25.54,23.72
1504000,24.12,24.2,23.42,25.22,23.61
1505000,24.12,24.2,23.42,25.22,23.61
1506000,24.01,24.24,23.39,25.14,23.73
1507000,24.01,24.24,23.39,25.14,23.73
1508000,24.01,24.24,23.39,25.14,23.73
1509000,24.18,24.07,23.21,25.25,23.42
1510000,24.18,24.07,23.21,25.25,23.42
1511000,24.18,24.04,23.3,25.09,23.69
1512000,24.18,24.04,23.3,25.09,23.69
1513000,24.18,24.04,23.3,25.09,23.69
1514000,24.01,24.06,23.22,24.93,23.6
1515000,24.01,24.06,23.22,24.93,23.6
1516000,24.05,24.03,23.19,25.14,23.58
1517000,24.05,24.03,23.19,25.14,23.58
1518000,24.05,24.03,23.19,25.14,23.58
1519000,24.18,24.1,23.07,24.9,23.7
1520000,24.18,24.1,23.07,24.9,23.7
1521000,24.42,23.99,22.84,24.83,23.6
1522000,24.42,23.99,22.84,24.83,23.6
1523000,24.42,23.99,22.84,24.83,23.6
1524000,24.45,23.94,22.64,25.19,23.54
1525000,24.45,23.94,22.64,25.19,23.54
1526000,24.44,24.09,22.48,24.95,23.48
1527000,24.44,24.09,22.48,24.95,23.48
1528000,24.44,24.09,22.48,24.95,23.48
1529000,24.22,24.08,22.56,25.12,23.39
1530000,24.22,24.08,22.56,25.12,23.39
1531000,24.17,24.21,22.57,25.15,23.18
1532000,24.17,24.21,22.57,25.15,23.18
1533000,24.17,24.21,22.57,25.15,23.18
1534000,24.09,24.23,22.87,24.91,23.02
1535000,24.09,24.23,22.87,24.91,23.02
1536000,24.04,24.21,22.9,24.99,22.97
1537000,24.04,24.21,22.9,24.99,22.97
1538000,24.04,24.21,22.9,24.99,22.97
1539000,23.81,24.13,22.96,24.98,23.15
1540000,23.81,24.13,22.96,24.98,23.15
1541000,23.78,24.41,22.97,24.99,23.11
1542000,23.78,24.41,22.97,24.99,23.11
1543000,23.78,24.41,22.97,24.99,23.11
1544000,23.84,24.13,22.95,24.86,23.27
1545000,23.84,24.13,22.95,24.86,23.27
1546000,24.03,24.18,22.77,25.02,23.1
1547000,24.03,24.18,22.77,25.02,23.1
1548000,24.03,24.18,22.77,25.02,23.1
1549000,24.15,23.91,22.8,25.04,22.85
1550000,24.15,23.91,22.8,25.04,22.85
1551000,24.09,23.98,22.71,24.99,22.87
1552000,24.09,23.98,22.71,24.99,22.87
1553000,24.09,23.98,22.71,24.99,22.87
1554000,23.93,23.76,22.78,24.94,22.99
1555000,23.93,23.76,22.78,24.94,22.99
1556000,23.95,23.54,23.02,24.86,22.91
1557000,23.95,23.54,23.02,24.86,22.91
1558000,23.95,23.54,23.02,24.86,22.91
1559000,23.81,23.56,23.18,24.96,22.93
1560000,23.81,23.56,23.18,24.96,22.93
1561000,23.77,23.6,23.46,24.73,22.83
1562000,23.77,23.6,23.46,24.73,22.83
1563000,23.77,23.6,23.46,24.73,22.83
1564000,23.7,23.75,23.46,24.9,22.92
1565000,23.7,23.75,23.46,24.9,22.92
1566000,23.47,23.79,23.61,24.79,23.05
1567000,23.47,23.79,23.61,24.79,23.05
1568000,23.47,23.79,23.61,24.79,23.05
1569000,23.38,23.7,23.56,24.8,23.07
1570000,23.38,23.7,23.56,24.8,23.07
1571000,23.42,23.9,23.34,24.97,23.07
1572000,23.42,23.9,23.34,24.97,23.07
1573000,23.42,23.9,23.34,24.97,23.07
1574000,23.15,23.82,23.52,24.98,22.89
1575000,23.15,23.82,23.52,24.98,22.89
1576000,23.28,23.89,23.78,24.66,22.96
1577000,23.28,23.89,23.78,24.66,22.96
1578000,23.28,23.89,23.78,24.66,22.96
1579000,23.28,23.95,23.71,24.7,22.91
1580000,23.28,23.95,23.71,24.7,22.91
1581000,23.38,24.1,23.67,24.46,22.84
1582000,23.38,24.1,23.67,24.46,22.84
1583000,23.38,24.1,23.67,24.46,22.84
1584000,23.33,24.25,23.77,24.42,22.9
1585000,23.33,24.25,23.77,24.42,22.9
1586000,23.43,24.51,23.63,24.44,22.57
1587000,23.43,24.51,23.63,24.44,22.57
1588000,23.43,24.51,23.63,24.44,22.57
1589000,23.28,24.48,23.63,24.36,22.73
1590000,23.28,24.48,23.63,24.36,22.73
1591000,23.44,24.53,23.75,24.28,22.76
1592000,23.44,24.53,23.75,24.28,22.76
1593000,23.44,24.53,23.75,24.28,22.76
1594000,23.75,24.83,23.89,24.33,22.65
1595000,23.75,24.83,23.89,24.33,22.65
1596000,23.7,24.8,23.78,24.41,22.8
1597000,23.7,24.8,23.78,24.41,22.8
1598000,23.7,24.8,23.78,24.41,22.8
1599000,23.44,25.1,23.9,24.61,22.94
1600000,23.44,25.1,23.9,24.61,22.94
1601000,23.46,25.0,24.19,24.61,22.77
1602000,23.46,25.0,24.19,24.61,22.77
1603000,23.46,25.0,24.19,24.61,22.77
1604000,23.41,25.05,24.12,24.89,22.75
1605000,23.41,25.05,24.12,24.89,22.75
1606000,23.51,25.09,24.1,25.11,22.9
1607000,23.51,25.09,24.1,25.11,22.9
1608000,23.51,25.09,24.1,25.11,22.9
1609000,23.3,24.97,23.98,25.09,22.71
1610000,23.3,24.97,23.98,25.09,22.71
1611000,23.26,25.03,24.18,25.17,22.37
1612000,23.26,25.03,24.18,25.17,22.37
1613000,23.26,25.03,24.18,25.17,22.37
1614000,23.41,25.14,24.15,25.02,22.69
1615000,23.41,25.14,24.15,25.02,22.69
1616000,23.29,25.21,24.46,25.11,22.59
1617000,23.29,25.21,24.46,25.11,22.59
1618000,23.29,25.21,24.46,25.11,22.59
1619000,23.19,25.32,24.47,25.13,22.66
1620000,23.19,25.32,24.47,25.13,22.66
1621000,23.1,25.26,24.47,24.87,22.84
1622000,23.1,25.26,24.47,24.87,22.84
1623000,23.1,25.26,24.47,24.87,22.84
1624000,23.39,25.0,24.72,24.74,22.94
1625000,23.39,25.0,24.72,24.74,22.94
1626000,23.17,24.95,24.56,24.77,22.81
1627000,23.17,24.95,24.56,24.77,22.81
1628000,23.17,24.95,24.56,24.77,22.81
1629000,23.36,24.95,24.54,24.8,22.84
1630000,23.36,24.95,24.54,24.8,22.84
1631000,23.38,24.89,24.51,24.52,22.47
1632000,23.38,24.89,24.51,24.52,22.47
1633000,23.38,24.89,24.51,24.52,22.47
1634000,23.42,24.63,24.37,24.67,22.48
1635000,23.42,24.63,24.37,24.67,22.48
1636000,23.53,24.74,24.3,24.76,22.31
1637000,23.53,24.74,24.3,24.76,22.31
1638000,23.53,24.74,24.3,24.76,22.31
1639000,23.33,24.76,24.3,24.62,22.13
1640000,23.33,24.76,24.3,24.62,22.13
1641000,23.48,24.61,24.18,24.57,22.05
1642000,23.48,24.61,24.18,24.57,22.05
1643000,23.48,24.61,24.18,24.57,22.05
1644000,23.44,24.33,23.96,24.49,22.01
1645000,23.44,24.33,23.96,24.49,22.01
1646000,23.4,24.46,23.94,24.42,21.78
1647000,23.4,24.46,23.94,24.42,21.78
1648000,23.4,24.46,23.94,24.42,21.78
1649000,23.21,24.44,23.62,24.16,21.74
1650000,23.21,24.44,23.62,24.16,21.74
1651000,23.27,24.21,23.55,24.02,21.8
1652000,23.27,24.21,23.55,24.02,21.8
1653000,23.27,24.21,23.55,24.02,21.8
1654000,23.32,24.32,23.44,23.89,21.85
1655000,23.32,24.32,23.44,23.89,21.85
1656000,23.37,24.56,23.48,24.0,22.1
1657000,23.37,24.56,23.48,24.0,22.1
1658000,23.37,24.56,23.48,24.0,22.1
1659000,23.36,24.28,23.42,23.91,22.31
1660000,23.36,24.28,23.42,23.91,22.31
1661000,23.5,24.11,23.39,23.82,22.5
1662000,23.5,24.11,23.39,23.82,22.5
1663000,23.5,24.11,23.39,23.82,22.5
1664000,23.68,24.02,23.65,23.77,22.39
1665000,23.68,24.02,23.65,23.77,22.39
1666000,23.65,23.85,23.69,23.75,22.3
1667000,23.65,23.85,23.69,23.75,22.3
1668000,23.65,23.85,23.69,23.75,22.3
1669000,23.49,23.98,23.4,23.96,22.39
1670000,23.49,23.98,23.4,23.96,22.39
1671000,23.59,24.17,23.23,23.91,22.27
1672000,23.59,24.17,23.23,23.91,22.27
1673000,23.59,24.17,23.23,23.91,22.27
1674000,23.67,24.03,23.34,24.08,22.6
1675000,23.67,24.03,23.34,24.08,22.6
1676000,23.71,24.14,23.25,23.87,22.74
1677000,23.71,24.14,23.25,23.87,22.74
1678000,23.71,24.14,23.25,23.87,22.74
1679000,23.43,24.42,23.18,23.74,22.91
1680000,23.43,24.42,23.18,23.74,22.91
1681000,23.22,24.42,23.14,23.58,22.88
1682000,23.22,24.42,23.14,23.58,22.88
1683000,23.22,24.42,23.14,23.58,22.88
1684000,23.29,24.18,23.38,23.5,22.89
1685000,23.29,24.18,23.38,23.5,22.89
1686000,23.18,24.16,23.28,23.41,22.8
1687000,23.18,24.16,23.28,23.41,22.8
1688000,23.18,24.16,23.28,23.41,22.8
1689000,23.01,24.24,23.43,23.42,22.68
1690000,23.01,24.24,23.43,23.42,22.68
1691000,23.13,23.95,23.36,23.62,22.69
1692000,23.13,23.95,23.36,23.62,22.69
1693000,23.13,23.95,23.36,23.62,22.69
1694000,23.32,23.74,23.4,23.51,22.78
1695000,23.32,23.74,23.4,23.51,22.78
1696000,23.47,23.78,23.46,23.39,22.78
1697000,23.47,23.78,23.46,23.39,22.78
1698000,23.47,23.78,23.46,23.39,22.78
1699000,23.32,24.18,23.71,23.3,22.88
1700000,23.32,24.18,23.71,23.3,22.88
1701000,23.16,24.32,23.64,23.48,23.06
1702000,23.16,24.32,23.64,23.48,23.06
1703000,23.16,24.32,23.64,23.48,23.06
1704000,23.27,24.43,23.77,23.64,23.11
1705000,23.27,24.43,23.77,23.64,23.11
1706000,22.95,24.57,23.78,23.77,23.15
1707000,22.95,24.57,23.78,23.77,23.15
1708000,22.95,24.57,23.78,23.77,23.15
1709000,22.99,24.79,23.56,24.01,23.26
1710000,22.99,24.79,23.56,24.01,23.26
1711000,23.17,24.67,23.53,24.01,23.39
1712000,23.17,24.67,23.53,24.01,23.39
1713000,23.17,24.67,23.53,24.01,23.39
1714000,23.16,24.47,23.5,23.85,23.36
1715000,23.16,24.47,23.5,23.85,23.36
1716000,23.3,24.48,23.35,23.94,23.27
1717000,23.3,24.48,23.35,23.94,23.27
1718000,23.3,24.48,23.35,23.94,23.27
1719000,23.23,24.29,23.23,24.04,23.3
1720000,23.23,24.29,23.23,24.04,23.3
1721000,23.2,24.39,23.32,23.93,23.02
1722000,23.2,24.39,23.32,23.93,23.02
1723000,23.2,24.39,23.32,23.93,23.02
1724000,23.14,24.29,23.31,23.88,23.18
1725000,23.14,24.29,23.31,23.88,23.18
1726000,23.13,24.23,23.54,23.72,23.3
1727000,23.13,24.23,23.54,23.72,23.3
1728000,23.13,24.23,23.54,23.72,23.3
1729000,23.13,24.22,23.43,23.73,23.25
1730000,23.13,24.22,23.43,23.73,23.25
1731000,23.2,23.96,23.49,23.75,23.35
1732000,23.2,23.96,23.49,23.75,23.35
1733000,23.2,23.96,23.49,23.75,23.35
1734000,23.16,23.82,23.34,23.53,23.55
1735000,23.16,23.82,23.34,23.53,23.55
1736000,23.22,23.87,23.25,23.5,23.39
1737000,23.22,23.87,23.25,23.5,23.39
1738000,23.22,23.87,23.25,23.5,23.39
1739000,23.28,24.08,23.42,23.3,23.22
1740000,23.28,24.08,23.42,23.3,23.22
1741000,23.26,24.1,23.55,23.27,22.96
1742000,23.26,24.1,23.55,23.27,22.96
1743000,23.26,24.1,23.55,23.27,22.96
1744000,23.25,24.23,23.54,23.08,22.98
1745000,23.25,24.23,23.54,23.08,22.98
1746000,23.22,24.33,23.58,23.14,23.01
1747000,23.22,24.33,23.58,23.14,23.01
1748000,23.22,24.33,23.58,23.14,23.01
1749000,23.01,24.61,23.72,22.89,23.06
1750000,23.01,24.61,23.72,22.89,23.06
1751000,22.76,24.73,23.59,22.98,23.18
1752000,22.76,24.73,23.59,22.98,23.18
1753000,22.76,24.73,23.59,22.98,23.18
1754000,23.02,24.69,23.46,23.28,23.15
1755000,23.02,24.69,23.46,23.28,23.15
1756000,23.13,24.42,23.35,23.13,23.11
1757000,23.13,24.42,23.35,23.13,23.11
1758000,23.13,24.42,23.35,23.13,23.11
1759000,23.05,24.62,23.57,22.89,23.25
1760000,23.05,24.62,23.57,22.89,23.25
1761000,23.1,24.42,23.49,23.06,23.19
1762000,23.1,24.42,23.49,23.06,23.19
1763000,23.1,24.42,23.49,23.06,23.19
1764000,23.31,24.55,23.48,23.18,23.3
1765000,23.31,24.55,23.48,23.18,23.3
1766000,23.22,24.71,23.35,23.03,23.46
1767000,23.22,24.71,23.35,23.03,23.46
1768000,23.22,24.71,23.35,23.03,23.46
1769000,22.95,24.72,23.47,23.32,23.59
1770000,22.95,24.72,23.47,23.32,23.59
1771000,22.9,24.68,23.47,23.45,23.76
1772000,22.9,24.68,23.47,23.45,23.76
1773000,22.9,24.68,23.47,23.45,23.76
1774000,22.62,24.57,23.58,23.33,23.8
1775000,22.62,24.57,23.58,23.33,23.8
1776000,22.56,24.34,23.71,23.68,23.83
1777000,22.56,24.34,23.71,23.68,23.83
1778000,22.56,24.34,23.71,23.68,23.83
1779000,22.64,24.3,23.61,23.55,24.06
1780000,22.64,24.3,23.61,23.55,24.06
1781000,22.47,24.22,23.68,23.33,24.1
1782000,22.47,24.22,23.68,23.33,24.1
1783000,22.47,24.22,23.68,23.33,24.1
1784000,22.69,24.01,23.36,23.46,24.18
1785000,22.69,24.01,23.36,23.46,24.18
1786000,22.91,23.88,23.19,23.51,24.43
1787000,22.91,23.88,23.19,23.51,24.43
1788000,22.91,23.88,23.19,23.51,24.43
1789000,23.05,23.76,23.18,23.65,24.19
1790000,23.05,23.76,23.18,23.65,24.19
1791000,23.14,23.49,23.41,23.63,24.13
1792000,23.14,23.49,23.41,23.63,24.13
1793000,23.14,23.49,23.41,23.63,24.13
1794000,23.11,23.6,23.59,23.76,24.2
1795000,23.11,23.6,23.59,23.76,24.2
1796000,22.88,23.76,23.46,23.68,24.28
1797000,22.88,23.76,23.46,23.68,24.28
1798000,22.88,23.76,23.46,23.68,24.28
1799000,22.98,23.89,23.59,23.66,24.49
1800000,22.98,23.89,23.59,23.66,24.49
1801000,23.19,23.74,23.49,23.8,24.49
1802000,23.19,23.74,23.49,23.8,24.49
1803000,23.19,23.74,23.49,23.8,24.49
1804000,23.37,23.82,23.42,23.75,24.46
1805000,23.37,23.82,23.42,23.75,24.46
1806000,23.49,23.83,23.55,23.76,24.52
1807000,23.49,23.83,23.55,23.76,24.52
1808000,23.49,23.83,23.55,23.76,24.52
1809000,23.73,23.88,23.61,23.7,24.62
1810000,23.73,23.88,23.61,23.7,24.62
1811000,23.88,23.84,23.47,23.86,24.55
1812000,23.88,23.84,23.47,23.86,24.55
1813000,23.88,23.84,23.47,23.86,24.55
1814000,24.12,23.74,23.29,23.66,24.59
1815000,24.12,23.74,23.29,23.66,24.59
1816000,24.16,23.64,23.35,23.67,24.5
1817000,24.16,23.64,23.35,23.67,24.5
1818000,24.16,23.64,23.35,23.67,24.5
1819000,24.11,23.77,23.4,23.64,24.58
1820000,24.11,23.77,23.4,23.64,24.58
1821000,24.17,23.78,23.49,23.54,24.81
1822000,24.17,23.78,23.49,23.54,24.81
1823000,24.17,23.78,23.49,23.54,24.81
1824000,24.17,23.61,23.42,23.62,24.88
1825000,24.17,23.61,23.42,23.62,24.88
1826000,23.86,23.37,23.26,23.83,24.94
1827000,23.86,23.37,23.26,23.83,24.94
1828000,23.86,23.37,23.26,23.83,24.94
1829000,23.78,23.14,23.24,23.61,25.11
1830000,23.78,23.14,23.24,23.61,25.11
1831000,23.7,23.12,23.4,23.76,25.21
1832000,23.7,23.12,23.4,23.76,25.21
1833000,23.7,23.12,23.4,23.76,25.21
1834000,23.85,23.12,23.38,23.99,25.3
1835000,23.85,23.12,23.38,23.99,25.3
1836000,23.78,22.76,23.44,24.12,25.48
1837000,23.78,22.76,23.44,24.12,25.48
1838000,23.78,22.76,23.44,24.12,25.48
1839000,23.85,22.74,23.51,24.41,25.37
1840000,23.85,22.74,23.51,24.41,25.37
1841000,23.59,22.71,23.49,24.13,25.1
1842000,23.59,22.71,23.49,24.13,25.1
1843000,23.59,22.71,23.49,24.13,25.1
1844000,23.29,22.44,23.47,23.83,25.09
1845000,23.29,22.44,23.47,23.83,25.09
1846000,23.16,22.47,23.53,23.54,25.14
1847000,23.16,22.47,23.53,23.54,25.14
1848000,23.16,22.47,23.53,23.54,25.14
1849000,23.26,22.16,23.39,23.29,25.06
1850000,23.26,22.16,23.39,23.29,25.06
1851000,23.38,22.19,23.26,23.35,24.99
1852000,23.38,22.19,23.26,23.35,24.99
1853000,23.38,22.19,23.26,23.35,24.99
1854000,23.39,22.18,23.28,23.44,25.03
1855000,23.39,22.18,23.28,23.44,25.03
1856000,23.33,22.16,23.5,23.46,24.85
1857000,23.33,22.16,23.5,23.46,24.85
1858000,23.33,22.16,23.5,23.46,24.85
1859000,23.41,22.18,23.61,23.19,24.9
1860000,23.41,22.18,23.61,23.19,24.9
1861000,23.46,22.14,23.39,23.22,25.1
1862000,23.46,22.14,23.39,23.22,25.1
1863000,23.46,22.14,23.39,23.22,25.1
1864000,23.5,21.81,23.48,23.51,25.1
1865000,23.5,21.81,23.48,23.51,25.1
1866000,23.5,21.83,23.42,23.34,25.36
1867000,23.5,21.83,23.42,23.34,25.36
1868000,23.5,21.83,23.42,23.34,25.36
1869000,23.53,21.75,23.51,23.17,25.38
1870000,23.53,21.75,23.51,23.17,25.38
1871000,23.75,21.83,23.69,23.35,25.42
1872000,23.75,21.83,23.69,23.35,25.42
1873000,23.75,21.83,23.69,23.35,25.42
1874000,23.57,21.95,23.53,23.46,25.3
1875000,23.57,21.95,23.53,23.46,25.3
1876000,23.82,21.97,23.31,23.63,25.47
1877000,23.82,21.97,23.31,23.63,25.47
1878000,23.82,21.97,23.31,23.63,25.47
1879000,23.8,21.89,23.34,23.62,25.65
1880000,23.8,21.89,23.34,23.62,25.65
1881000,23.68,21.86,23.52,23.77,26.0
1882000,23.68,21.86,23.52,23.77,26.0
1883000,23.68,21.86,23.52,23.77,26.0
1884000,23.5,22.01,23.66,23.5,25.89
1885000,23.5,22.01,23.66,23.5,25.89
1886000,23.43,21.87,23.78,23.26,26.02
1887000,23.43,21.87,23.78,23.26,26.02
1888000,23.43,21.87,23.78,23.26,26.02
1889000,23.65,21.94,23.95,23.38,26.26
1890000,23.65,21.94,23.95,23.38,26.26
1891000,23.63,22.17,24.06,23.13,26.39
1892000,23.63,22.17,24.06,23.13,26.39
1893000,23.63,22.17,24.06,23.13,26.39
1894000,23.68,22.25,24.18,23.18,26.38
1895000,23.68,22.25,24.18,23.18,26.38
1896000,23.88,22.31,24.04,23.17,26.58
1897000,23.88,22.31,24.04,23.17,26.58
1898000,23.88,22.31,24.04,23.17,26.58
1899000,23.99,22.43,24.39,23.34,26.68
1900000,23.99,22.43,24.39,23.34,26.68
1901000,24.11,22.51,24.48,23.59,26.57
1902000,24.11,22.51,24.48,23.59,26.57
1903000,24.11,22.51,24.48,23.59,26.57
1904000,24.18,22.42,24.31,23.68,26.39
1905000,24.18,22.42,24.31,23.68,26.39
1906000,24.39,22.33,24.44,23.53,26.43
1907000,24.39,22.33,24.44,23.53,26.43
1908000,24.39,22.33,24.44,23.53,26.43
1909000,24.57,22.72,24.32,23.49,26.15
1910000,24.57,22.72,24.32,23.49,26.15
1911000,24.47,22.61,24.34,23.57,26.04
1912000,24.47,22.61,24.34,23.57,26.04
1913000,24.47,22.61,24.34,23.57,26.04
1914000,24.44,22.85,24.17,23.77,26.07
1915000,24.44,22.85,24.17,23.77,26.07
1916000,24.26,23.22,24.22,23.9,26.03
1917000,24.26,23.22,24.22,23.9,26.03
1918000,24.26,23.22,24.22,23.9,26.03
1919000,24.35,23.11,24.26,23.68,25.99
1920000,24.35,23.11,24.26,23.68,25.99
1921000,24.3,23.12,24.24,23.6,26.19
1922000,24.3,23.12,24.24,23.6,26.19
1923000,24.3,23.12,24.24,23.6,26.19
1924000,24.15,23.08,24.22,23.48,26.05
1925000,24.15,23.08,24.22,23.48,26.05
1926000,24.23,22.99,24.18,23.53,25.86
1927000,24.23,22.99,24.18,23.53,25.86
1928000,24.23,22.99,24.18,23.53,25.86
1929000,24.41,22.8,24.25,23.48,25.79
1930000,24.41,22.8,24.25,23.48,25.79
1931000,24.66,22.58,24.12,23.63,25.73
1932000,24.66,22.58,24.12,23.63,25.73
1933000,24.66,22.58,24.12,23.63,25.73
1934000,24.48,22.68,24.0,23.49,25.67
1935000,24.48,22.68,24.0,23.49,25.67
1936000,24.49,22.67,24.13,23.53,25.8
1937000,24.49,22.67,24.13,23.53,25.8
1938000,24.49,22.67,24.13,23.53,25.8
1939000,24.62,22.4,24.04,23.49,25.81
1940000,24.62,22.4,24.04,23.49,25.81
1941000,24.29,22.62,23.88,23.36,25.76
1942000,24.29,22.62,23.88,23.36,25.76
1943000,24.29,22.62,23.88,23.36,25.76
1944000,24.16,23.04,23.84,23.32,25.67
1945000,24.16,23.04,23.84,23.32,25.67
1946000,24.23,22.97,23.9,23.39,25.79
1947000,24.23,22.97,23.9,23.39,25.79
1948000,24.23,22.97,23.9,23.39,25.79
1949000,24.37,22.92,23.9,23.38,25.7
1950000,24.37,22.92,23.9,23.38,25.7
1951000,24.47,22.88,24.06,23.25,25.66
1952000,24.47,22.88,24.06,23.25,25.66
1953000,24.47,22.88,24.06,23.25,25.66
1954000,24.41,22.89,24.23,23.15,25.73
1955000,24.41,22.89,24.23,23.15,25.73
1956000,24.54,22.75,24.26,23.05,25.78
1957000,24.54,22.75,24.26,23.05,25.78
1958000,24.54,22.75,24.26,23.05,25.78
1959000,24.49,22.71,24.32,23.04,25.51
1960000,24.49,22.71,24.32,23.04,25.51
1961000,24.5,22.76,24.34,23.23,25.27
1962000,24.5,22.76,24.34,23.23,25.27
1963000,24.5,22.76,24.34,23.23,25.27
1964000,24.73,22.9,24.46,23.18,25.15
1965000,24.73,22.9,24.46,23.18,25.15
1966000,24.77,22.86,24.58,23.2,25.22
1967000,24.77,22.86,24.58,23.2,25.22
1968000,24.77,22.86,24.58,23.2,25.22
1969000,24.73,23.09,24.64,23.21,24.99
1970000,24.73,23.09,24.64,23.21,24.99
1971000,24.75,22.99,24.43,23.15,25.13
1972000,24.75,22.99,24.43,23.15,25.13
1973000,24.75,22.99,24.43,23.15,25.13
1974000,24.87,23.02,24.42,23.0,25.04
1975000,24.87,23.02,24.42,23.0,25.04
1976000,24.97,22.89,24.41,23.05,24.93
1977000,24.97,22.89,24.41,23.05,24.93
1978000,24.97,22.89,24.41,23.05,24.93
1979000,24.82,22.75,24.4,22.92,24.96
1980000,24.82,22.75,24.4,22.92,24.96
1981000,24.86,22.9,24.48,22.72,24.83
1982000,24.86,22.9,24.48,22.72,24.83
1983000,24.86,22.9,24.48,22.72,24.83
1984000,24.79,22.88,24.5,22.94,24.92
1985000,24.79,22.88,24.5,22.94,24.92
1986000,24.57,22.81,24.46,23.03,25.3
1987000,24.57,22.81,24.46,23.03,25.3
1988000,24.57,22.81,24.46,23.03,25.3
1989000,24.47,22.79,24.22,23.16,25.23
1990000,24.47,22.79,24.22,23.16,25.23
1991000,24.23,22.65,24.25,22.94,25.38
1992000,24.23,22.65,24.25,22.94,25.38
1993000,24.23,22.65,24.25,22.94,25.38
1994000,24.17,22.6,24.41,23.05,25.43
1995000,24.17,22.6,24.41,23.05,25.43
1996000,24.27,22.62,24.35,23.04,25.4
1997000,24.27,22.62,24.35,23.04,25.4
1998000,24.27,22.62,24.35,23.04,25.4
1999000,24.49,22.48,24.32,23.25,25.57
2000000,24.49,22.48,24.32,23.25,25.57
2001000,24.55,22.5,24.42,23.19,25.62
2002000,24.55,22.5,24.42,23.19,25.62
2003000,24.55,22.5,24.42,23.19,25.62
2004000,24.5,22.54,24.55,23.08,25.67
2005000,24.5,22.54,24.55,23.08,25.67
2006000,24.52,22.78,24.59,23.17,25.79
2007000,24.52,22.78,24.59,23.17,25.79
2008000,24.52,22.78,24.59,23.17,25.79
2009000,24.6,22.66,24.27,23.13,25.96
2010000,24.6,22.66,24.27,23.13,25.96
2011000,24.38,22.62,24.1,23.08,25.79
2012000,24.38,22.62,24.1,23.08,25.79
2013000,24.38,22.62,24.1,23.08,25.79
2014000,24.21,22.42,24.24,23.04,25.9
2015000,24.21,22.42,24.24,23.04,25.9
2016000,24.37,22.4,24.45,23.08,25.99
2017000,24.37,22.4,24.45,23.08,25.99
2018000,24.37,22.4,24.45,23.08,25.99
2019000,24.7,22.42,24.38,22.93,26.03
2020000,24.7,22.42,24.38,22.93,26.03
2021000,24.71,22.51,24.55,22.96,26.0
2022000,24.71,22.51,24.55,22.96,26.0
2023000,24.71,22.51,24.55,22.96,26.0
2024000,24.85,22.54,24.53,22.88,26.08
2025000,24.85,22.54,24.53,22.88,26.08
2026000,24.87,22.67,24.45,22.55,26.02
2027000,24.87,22.67,24.45,22.55,26.02
2028000,24.87,22.67,24.45,22.55,26.02
2029000,24.92,22.74,24.53,22.64,25.99
2030000,24.92,22.74,24.53,22.64,25.99
2031000,25.16,22.79,24.57,22.73,25.94
2032000,25.16,22.79,24.57,22.73,25.94
2033000,25.16,22.79,24.57,22.73,25.94
2034000,25.3,22.96,24.87,22.84,25.88
2035000,25.3,22.96,24.87,22.84,25.88
2036000,25.25,23.17,25.07,22.81,25.89
2037000,25.25,23.17,25.07,22.81,25.89
2038000,25.25,23.17,25.07,22.81,25.89
2039000,25.27,23.27,25.06,22.59,25.89
2040000,25.27,23.27,25.06,22.59,25.89
2041000,25.0,23.48,24.99,22.46,25.84
2042000,25.0,23.48,24.99,22.46,25.84
2043000,25.0,23.48,24.99,22.46,25.84
2044000,24.92,23.52,24.96,22.22,25.73
2045000,24.92,23.52,24.96,22.22,25.73
2046000,24.96,23.57,25.25,22.25,25.65
2047000,24.96,23.57,25.25,22.25,25.65
2048000,24.96,23.57,25.25,22.25,25.65
2049000,24.78,23.68,25.15,22.14,25.74
2050000,24.78,23.68,25.15,22.14,25.74
2051000,24.78,23.76,25.41,22.11,25.74
2052000,24.78,23.76,25.41,22.11,25.74
2053000,24.78,23.76,25.41,22.11,25.74
2054000,24.44,24.04,25.37,22.19,25.78
2055000,24.44,24.04,25.37,22.19,25.78
2056000,24.26,24.12,25.16,22.08,25.73
2057000,24.26,24.12,25.16,22.08,25.73
2058000,24.26,24.12,25.16,22.08,25.73
2059000,24.23,24.05,24.89,22.1,25.42
2060000,24.23,24.05,24.89,22.1,25.42
2061000,24.15,24.06,24.98,22.19,25.52
2062000,24.15,24.06,24.98,22.19,25.52
2063000,24.15,24.06,24.98,22.19,25.52
2064000,23.83,24.11,25.11,22.37,25.5
2065000,23.83,24.11,25.11,22.37,25.5
2066000,23.87,24.24,24.8,22.44,25.64
2067000,23.87,24.24,24.8,22.44,25.64
2068000,23.87,24.24,24.8,22.44,25.64
2069000,23.83,24.32,24.62,22.44,25.56
2070000,23.83,24.32,24.62,22.44,25.56
2071000,23.69,24.31,24.73,22.57,25.28
2072000,23.69,24.31,24.73,22.57,25.28
2073000,23.69,24.31,24.73,22.57,25.28
2074000,23.87,24.46,24.86,22.36,25.25
2075000,23.87,24.46,24.86,22.36,25.25
2076000,24.11,24.68,25.08,22.43,25.14
2077000,24.11,24.68,25.08,22.43,25.14
2078000,24.11,24.68,25.08,22.43,25.14
2079000,24.19,24.87,25.04,22.65,25.04
2080000,24.19,24.87,25.04,22.65,25.04
2081000,24.21,25.0,24.95,22.61,24.98
2082000,24.21,25.0,24.95,22.61,24.98
2083000,24.21,25.0,24.95,22.61,24.98
2084000,24.21,24.86,24.94,22.49,25.07
2085000,24.21,24.86,24.94,22.49,25.07
2086000,24.21,25.02,24.9,22.5,25.18
2087000,24.21,25.02,24.9,22.5,25.18
2088000,24.21,25.02,24.9,22.5,25.18
2089000,24.38,24.98,24.93,22.23,25.39
2090000,24.38,24.98,24.93,22.23,25.39
2091000,24.31,24.96,25.08,22.47,25.63
2092000,24.31,24.96,25.08,22.47,25.63
2093000,24.31,24.96,25.08,22.47,25.63
2094000,24.29,25.31,24.88,22.55,25.82
2095000,24.29,25.31,24.88,22.55,25.82
2096000,24.26,25.51,24.88,22.89,25.78
2097000,24.26,25.51,24.88,22.89,25.78
2098000,24.26,25.51,24.88,22.89,25.78
2099000,24.15,25.68,24.92,23.19,25.84
2100000,24.15,25.68,24.92,23.19,25.84
2101000,23.98,25.6,24.93,23.13,26.0
2102000,23.98,25.6,24.93,23.13,26.0
2103000,23.98,25.6,24.93,23.13,26.0
2104000,23.92,25.59,24.99,23.04,25.95
2105000,23.92,25.59,24.99,23.04,25.95
2106000,23.82,25.54,24.9,23.05,26.21
2107000,23.82,25.54,24.9,23.05,26.21
2108000,23.82,25.54,24.9,23.05,26.21
2109000,23.85,25.45,24.53,23.22,26.12
2110000,23.85,25.45,24.53,23.22,26.12
2111000,24.01,25.31,24.71,22.97,26.2
2112000,24.01,25.31,24.71,22.97,26.2
2113000,24.01,25.31,24.71,22.97,26.2
2114000,23.95,25.63,24.54,22.9,26.08
2115000,23.95,25.63,24.54,22.9,26.08
2116000,23.85,25.65,24.36,22.99,26.08
2117000,23.85,25.65,24.36,22.99,26.08
2118000,23.85,25.65,24.36,22.99,26.08
2119000,23.74,25.6,24.27,23.01,25.99
2120000,23.74,25.6,24.27,23.01,25.99
2121000,23.68,25.46,24.24,23.23,25.95
2122000,23.68,25.46,24.24,23.23,25.95
2123000,23.68,25.46,24.24,23.23,25.95
2124000,23.66,25.64,24.17,23.17,25.78
2125000,23.66,25.64,24.17,23.17,25.78
2126000,23.64,25.73,24.48,23.28,25.73
2127000,23.64,25.73,24.48,23.28,25.73
2128000,23.64,25.73,24.48,23.28,25.73
2129000,23.47,25.88,24.4,23.42,25.54
2130000,23.47,25.88,24.4,23.42,25.54
2131000,23.5,26.05,24.26,23.39,25.52
2132000,23.5,26.05,24.26,23.39,25.52
2133000,23.5,26.05,24.26,23.39,25.52
2134000,23.58,26.02,24.27,23.38,25.64
2135000,23.58,26.02,24.27,23.38,25.64
2136000,23.39,26.07,24.15,23.5,25.56
2137000,23.39,26.07,24.15,23.5,25.56
2138000,23.39,26.07,24.15,23.5,25.56
2139000,23.41,25.96,24.07,23.43,25.53
2140000,23.41,25.96,24.07,23.43,25.53
2141000,23.37,26.04,23.95,23.63,25.49
2142000,23.37,26.04,23.95,23.63,25.49
2143000,23.37,26.04,23.95,23.63,25.49
2144000,23.26,26.16,24.03,23.65,25.45
2145000,23.26,26.16,24.03,23.65,25.45
2146000,23.16,26.29,24.14,23.64,25.52
2147000,23.16,26.29,24.14,23.64,25.52
2148000,23.16,26.29,24.14,23.64,25.52
2149000,23.23,26.12,23.99,23.45,25.51
2150000,23.23,26.12,23.99,23.45,25.51
2151000,23.25,26.06,24.04,23.36,25.36
2152000,23.25,26.06,24.04,23.36,25.36
2153000,23.25,26.06,24.04,23.36,25.36
2154000,23.27,26.17,24.16,23.33,25.58
2155000,23.27,26.17,24.16,23.33,25.58
2156000,23.15,26.16,24.08,23.54,25.49
2157000,23.15,26.16,24.08,23.54,25.49
2158000,23.15,26.16,24.08,23.54,25.49
2159000,23.01,26.1,24.01,23.51,25.66
2160000,23.01,26.1,24.01,23.51,25.66
2161000,22.77,26.26,23.99,23.44,25.72
2162000,22.77,26.26,23.99,23.44,25.72
2163000,22.77,26.26,23.99,23.44,25.72
2164000,22.76,26.05,24.03,23.3,25.68
2165000,22.76,26.05,24.03,23.3,25.68
2166000,22.88,25.88,24.04,23.08,25.88
2167000,22.88,25.88,24.04,23.08,25.88
2168000,22.88,25.88,24.04,23.08,25.88
2169000,22.78,26.03,24.01,23.06,25.82
2170000,22.78,26.03,24.01,23.06,25.82
2171000,22.91,26.05,24.18,23.15,25.7
2172000,22.91,26.05,24.18,23.15,25.7
2173000,22.91,26.05,24.18,23.15,25.7
2174000,22.9,26.07,24.04,23.16,25.85
2175000,22.9,26.07,24.04,23.16,25.85
2176000,22.8,26.24,24.03,23.33,25.98
2177000,22.8,26.24,24.03,23.33,25.98
2178000,22.8,26.24,24.03,23.33,25.98
2179000,22.77,26.25,23.9,23.49,25.94
2180000,22.77,26.25,23.9,23.49,25.94
2181000,22.69,26.52,23.87,23.37,26.13
2182000,22.69,26.52,23.87,23.37,26.13
2183000,22.69,26.52,23.87,23.37,26.13
2184000,22.88,26.76,23.91,23.72,25.92
2185000,22.88,26.76,23.91,23.72,25.92
2186000,23.14,26.84,23.8,23.61,25.77
2187000,23.14,26.84,23.8,23.61,25.77
2188000,23.14,26.84,23.8,23.61,25.77
2189000,22.96,27.07,23.82,23.67,25.83
2190000,22.96,27.07,23.82,23.67,25.83
2191000,23.34,27.04,23.93,23.84,25.85
2192000,23.34,27.04,23.93,23.84,25.85
2193000,23.34,27.04,23.93,23.84,25.85
2194000,23.54,26.84,23.92,24.05,25.79
2195000,23.54,26.84,23.92,24.05,25.79
2196000,23.35,26.99,23.93,24.07,25.65
2197000,23.35,26.99,23.93,24.07,25.65
2198000,23.35,26.99,23.93,24.07,25.65
2199000,23.37,26.93,23.97,24.27,25.6
2200000,23.37,26.93,23.97,24.27,25.6
2201000,23.3,26.84,24.01,24.33,25.48
2202000,23.3,26.84,24.01,24.33,25.48
2203000,23.3,26.84,24.01,24.33,25.48
2204000,23.48,26.81,23.88,24.49,25.64
2205000,23.48,26.81,23.88,24.49,25.64
2206000,23.58,26.86,23.69,24.55,25.61
2207000,23.58,26.86,23.69,24.55,25.61
2208000,23.58,26.86,23.69,24.55,25.61
2209000,23.68,26.87,23.56,24.45,25.81
2210000,23.68,26.87,23.56,24.45,25.81
2211000,23.67,26.92,23.56,24.29,25.87
2212000,23.67,26.92,23.56,24.29,25.87
2213000,23.67,26.92,23.56,24.29,25.87
2214000,23.62,27.06,23.47,24.31,25.99
2215000,23.62,27.06,23.47,24.31,25.99
2216000,23.67,26.98,23.56,24.13,26.1
2217000,23.67,26.98,23.56,24.13,26.1
2218000,23.67,26.98,23.56,24.13,26.1
2219000,23.93,26.95,23.7,23.95,26.36
2220000,23.93,26.95,23.7,23.95,26.36
2221000,23.87,26.78,23.69,24.0,26.46
2222000,23.87,26.78,23.69,24.0,26.46
2223000,23.87,26.78,23.69,24.0,26.46
2224000,23.79,26.92,23.7,24.04,26.56
2225000,23.79,26.92,23.7,24.04,26.56
2226000,23.92,27.14,23.51,24.09,26.67
2227000,23.92,27.14,23.51,24.09,26.67
2228000,23.92,27.14,23.51,24.09,26.67
2229000,24.1,27.24,23.31,24.04,26.7
2230000,24.1,27.24,23.31,24.04,26.7
2231000,23.81,27.29,23.31,24.07,26.74
2232000,23.81,27.29,23.31,24.07,26.74
2233000,23.81,27.29,23.31,24.07,26.74
2234000,23.79,27.31,23.38,24.19,26.82
2235000,23.79,27.31,23.38,24.19,26.82
2236000,23.95,27.31,23.55,24.25,26.76
2237000,23.95,27.31,23.55,24.25,26.76
2238000,23.95,27.31,23.55,24.25,26.76
2239000,24.13,27.18,23.82,24.38,26.94
2240000,24.13,27.18,23.82,24.38,26.94
2241000,24.22,27.29,23.83,24.47,27.0
2242000,24.22,27.29,23.83,24.47,27.0
2243000,24.22,27.29,23.83,24.47,27.0
2244000,24.17,27.26,23.67,24.3,26.92
2245000,24.17,27.26,23.67,24.3,26.92
2246000,24.07,27.21,23.67,24.3,26.93
2247000,24.07,27.21,23.67,24.3,26.93
2248000,24.07,27.21,23.67,24.3,26.93
2249000,23.92,27.19,23.81,24.11,26.85
2250000,23.92,27.19,23.81,24.11,26.85
2251000,24.02,27.15,23.65,24.1,26.8
2252000,24.02,27.15,23.65,24.1,26.8
2253000,24.02,27.15,23.65,24.1,26.8
2254000,24.04,26.84,23.58,24.2,26.85
2255000,24.04,26.84,23.58,24.2,26.85
2256000,24.26,26.57,23.65,24.1,26.89
2257000,24.26,26.57,23.65,24.1,26.89
2258000,24.26,26.57,23.65,24.1,26.89
2259000,24.11,26.4,23.92,24.15,26.8
2260000,24.11,26.4,23.92,24.15,26.8
2261000,24.02,26.75,24.09,24.15,26.93
2262000,24.02,26.75,24.09,24.15,26.93
2263000,24.02,26.75,24.09,24.15,26.93
2264000,23.98,27.04,24.07,24.19,26.68
2265000,23.98,27.04,24.07,24.19,26.68
2266000,23.66,26.98,23.81,24.28,26.38
2267000,23.66,26.98,23.81,24.28,26.38
2268000,23.66,26.98,23.81,24.28,26.38
2269000,23.58,27.05,23.85,24.43,26.14
2270000,23.58,27.05,23.85,24.43,26.14
2271000,23.52,26.95,23.8,24.21,25.96
2272000,23.52,26.95,23.8,24.21,25.96
2273000,23.52,26.95,23.8,24.21,25.96
2274000,23.6,26.9,23.89,24.34,25.81
2275000,23.6,26.9,23.89,24.34,25.81
2276000,23.52,26.86,23.87,24.54,25.67
2277000,23.52,26.86,23.87,24.54,25.67
2278000,23.52,26.86,23.87,24.54,25.67
2279000,23.62,26.69,23.89,24.45,25.55
2280000,23.62,26.69,23.89,24.45,25.55
2281000,23.39,26.85,23.9,24.47,25.81
2282000,23.39,26.85,23.9,24.47,25.81
2283000,23.39,26.85,23.9,24.47,25.81
2284000,23.27,26.86,23.75,24.22,25.95
2285000,23.27,26.86,23.75,24.22,25.95
2286000,23.28,26.78,23.74,24.25,25.98
2287000,23.28,26.78,23.74,24.25,25.98
2288000,23.28,26.78,23.74,24.25,25.98
2289000,23.0,26.76,23.9,24.32,26.02
2290000,23.0,26.76,23.9,24.32,26.02
2291000,23.08,26.68,23.88,24.38,26.18
2292000,23.08,26.68,23.88,24.38,26.18
2293000,23.08,26.68,23.88,24.38,26.18
2294000,23.16,26.6,24.02,24.52,26.36
2295000,23.16,26.6,24.02,24.52,26.36
2296000,23.14,26.55,23.98,24.57,26.48
2297000,23.14,26.55,23.98,24.57,26.48
2298000,23.14,26.55,23.98,24.57,26.48
2299000,23.27,26.48,23.9,24.66,26.39
2300000,23.27,26.48,23.9,24.66,26.39
2301000,23.08,26.57,23.69,24.79,26.38
2302000,23.08,26.57,23.69,24.79,26.38
2303000,23.08,26.57,23.69,24.79,26.38
2304000,23.43,26.49,23.71,24.73,26.31
2305000,23.43,26.49,23.71,24.73,26.31
2306000,23.58,26.52,23.88,24.92,26.33
2307000,23.58,26.52,23.88,24.92,26.33
2308000,23.58,26.52,23.88,24.92,26.33
2309000,23.6,26.26,23.98,24.94,26.42
2310000,23.6,26.26,23.98,24.94,26.42
2311000,23.53,26.27,24.01,24.94,26.49
2312000,23.53,26.27,24.01,24.94,26.49
2313000,23.53,26.27,24.01,24.94,26.49
2314000,23.81,26.17,24.04,24.96,26.44
2315000,23.81,26.17,24.04,24.96,26.44
2316000,24.02,26.25,24.24,24.99,26.17
2317000,24.02,26.25,24.24,24.99,26.17
2318000,24.02,26.25,24.24,24.99,26.17
2319000,24.08,26.13,24.49,24.95,26.14
2320000,24.08,26.13,24.49,24.95,26.14
2321000,23.95,26.1,24.5,24.85,26.19
2322000,23.95,26.1,24.5,24.85,26.19
2323000,23.95,26.1,24.5,24.85,26.19
2324000,24.03,26.27,24.37,25.08,26.34
2325000,24.03,26.27,24.37,25.08,26.34
2326000,23.98,26.26,24.39,25.13,26.36
2327000,23.98,26.26,24.39,25.13,26.36
2328000,23.98,26.26,24.39,25.13,26.36
2329000,23.9,26.24,24.6,25.12,26.42
2330000,23.9,26.24,24.6,25.12,26.42
2331000,24.01,26.27,24.83,25.2,26.4
2332000,24.01,26.27,24.83,25.2,26.4
2333000,24.01,26.27,24.83,25.2,26.4
2334000,23.91,26.33,24.7,25.18,26.46
2335000,23.91,26.33,24.7,25.18,26.46
2336000,23.91,26.39,24.66,24.98,26.25
2337000,23.91,26.39,24.66,24.98,26.25
2338000,23.91,26.39,24.66,24.98,26.25
2339000,23.65,26.41,24.83,25.21,26.14
2340000,23.65,26.41,24.83,25.21,26.14
2341000,23.93,26.39,24.84,25.2,26.03
2342000,23.93,26.39,24.84,25.2,26.03
2343000,23.93,26.39,24.84,25.2,26.03
2344000,24.08,26.32,24.95,25.25,25.92
2345000,24.08,26.32,24.95,25.25,25.92
2346000,24.08,26.16,24.87,25.24,25.92
2347000,24.08,26.16,24.87,25.24,25.92
2348000,24.08,26.16,24.87,25.24,25.92
2349000,24.23,26.2,24.82,25.04,25.92
2350000,24.23,26.2,24.82,25.04,25.92
2351000,24.2,26.28,24.94,24.99,25.96
2352000,24.2,26.28,24.94,24.99,25.96
2353000,24.2,26.28,24.94,24.99,25.96
2354000,24.07,26.2,24.86,24.77,25.94
2355000,24.07,26.2,24.86,24.77,25.94
2356000,24.13,26.44,25.04,24.55,25.9
2357000,24.13,26.44,25.04,24.55,25.9
2358000,24.13,26.44,25.04,24.55,25.9
2359000,24.06,26.54,25.13,24.74,26.15
2360000,24.06,26.54,25.13,24.74,26.15
2361000,23.95,26.69,24.89,24.82,26.2
2362000,23.95,26.69,24.89,24.82,26.2
2363000,23.95,26.69,24.89,24.82,26.2
2364000,23.99,26.75,24.85,24.72,26.26
2365000,23.99,26.75,24.85,24.72,26.26
2366000,24.16,26.73,25.0,24.86,26.28
2367000,24.16,26.73,25.0,24.86,26.28
2368000,24.16,26.73,25.0,24.86,26.28
2369000,24.05,26.84,24.83,24.72,26.27
2370000,24.05,26.84,24.83,24.72,26.27
2371000,23.81,27.02,24.59,24.35,26.24
2372000,23.81,27.02,24.59,24.35,26.24
2373000,23.81,27.02,24.59,24.35,26.24
2374000,23.82,27.01,24.77,24.3,26.35
2375000,23.82,27.01,24.77,24.3,26.35
2376000,23.73,26.94,24.56,24.2,26.12
2377000,23.73,26.94,24.56,24.2,26.12
2378000,23.73,26.94,24.56,24.2,26.12
2379000,23.93,27.05,24.69,24.24,26.24
2380000,23.93,27.05,24.69,24.24,26.24
2381000,23.77,26.98,24.74,24.43,26.01
2382000,23.77,26.98,24.74,24.43,26.01
2383000,23.77,26.98,24.74,24.43,26.01
2384000,23.95,26.95,24.66,24.49,25.89
2385000,23.95,26.95,24.66,24.49,25.89
2386000,23.94,27.0,24.68,24.49,25.88
2387000,23.94,27.0,24.68,24.49,25.88
2388000,23.94,27.0,24.68,24.49,25.88
2389000,24.0,26.91,24.64,24.32,25.92
2390000,24.0,26.91,24.64,24.32,25.92
2391000,23.96,26.86,24.77,24.48,25.95
2392000,23.96,26.86,24.77,24.48,25.95
2393000,23.96,26.86,24.77,24.48,25.95
2394000,24.14,26.86,24.71,24.48,26.08
2395000,24.14,26.86,24.71,24.48,26.08
2396000,24.05,26.72,24.64,24.52,26.13
2397000,24.05,26.72,24.64,24.52,26.13
2398000,24.05,26.72,24.64,24.52,26.13
2399000,24.01,26.78,24.67,24.67,26.27
2400000,24.01,26.78,24.67,24.67,26.27
2401000,23.96,26.58,24.49,24.52,26.44
2402000,23.96,26.58,24.49,24.52,26.44
2403000,23.96,26.58,24.49,24.52,26.44
2404000,23.87,26.34,24.66,24.59,26.34
2405000,23.87,26.34,24.66,24.59,26.34
2406000,23.74,26.17,24.6,24.42,26.25
2407000,23.74,26.17,24.6,24.42,26.25
2408000,23.74,26.17,24.6,24.42,26.25
2409000,23.7,25.83,24.79,24.36,26.3
2410000,23.7,25.83,24.79,24.36,26.3
2411000,23.82,25.83,24.84,24.35,26.4
2412000,23.82,25.83,24.84,24.35,26.4
2413000,23.82,25.83,24.84,24.35,26.4
2414000,23.95,25.88,24.85,24.33,26.36
2415000,23.95,25.88,24.85,24.33,26.36
2416000,23.97,25.75,24.73,24.31,26.25
2417000,23.97,25.75,24.73,24.31,26.25
2418000,23.97,25.75,24.73,24.31,26.25
2419000,23.96,25.35,24.86,24.57,26.34
2420000,23.96,25.35,24.86,24.57,26.34
2421000,23.83,24.97,24.79,24.7,26.31
2422000,23.83,24.97,24.79,24.7,26.31
2423000,23.83,24.97,24.79,24.7,26.31
2424000,23.99,24.75,24.85,24.64,26.18
2425000,23.99,24.75,24.85,24.64,26.18
2426000,23.88,24.44,25.01,24.58,26.15
2427000,23.88,24.44,25.01,24.58,26.15
2428000,23.88,24.44,25.01,24.58,26.15
2429000,23.97,24.33,25.03,24.5,26.28
2430000,23.97,24.33,25.03,24.5,26.28
2431000,23.93,23.96,25.11,24.55,26.05
2432000,23.93,23.96,25.11,24.55,26.05
2433000,23.93,23.96,25.11,24.55,26.05
2434000,24.05,23.77,25.1,24.51,26.32
2435000,24.05,23.77,25.1,24.51,26.32
2436000,23.82,23.58,25.16,24.69,26.43
2437000,23.82,23.58,25.16,24.69,26.43
2438000,23.82,23.58,25.16,24.69,26.43
2439000,23.88,23.51,25.16,24.68,26.51
2440000,23.88,23.51,25.16,24.68,26.51
2441000,23.56,23.5,25.08,24.73,26.52
2442000,23.56,23.5,25.08,24.73,26.52
2443000,23.56,23.5,25.08,24.73,26.52
2444000,23.19,23.46,25.21,24.58,26.68
2445000,23.19,23.46,25.21,24.58,26.68
2446000,23.33,23.31,25.14,24.42,26.87
2447000,23.33,23.31,25.14,24.42,26.87
2448000,23.33,23.31,25.14,24.42,26.87
2449000,23.49,23.21,25.0,24.26,27.0
2450000,23.49,23.21,25.0,24.26,27.0
2451000,23.66,23.33,24.8,24.23,27.24
2452000,23.66,23.33,24.8,24.23,27.24
2453000,23.66,23.33,24.8,24.23,27.24
2454000,23.46,23.21,24.53,24.1,27.07
2455000,23.46,23.21,24.53,24.1,27.07
2456000,23.47,23.11,24.68,23.95,27.16
2457000,23.47,23.11,24.68,23.95,27.16
2458000,23.47,23.11,24.68,23.95,27.16
2459000,23.26,23.11,24.75,24.15,27.08
2460000,23.26,23.11,24.75,24.15,27.08
2461000,22.97,22.97,24.74,24.06,27.06
2462000,22.97,22.97,24.74,24.06,27.06
2463000,22.97,22.97,24.74,24.06,27.06
2464000,22.87,22.55,24.6,24.27,27.02
2465000,22.87,22.55,24.6,24.27,27.02
2466000,22.67,22.45,24.6,24.44,27.0
2467000,22.67,22.45,24.6,24.44,27.0
2468000,22.67,22.45,24.6,24.44,27.0
2469000,22.52,22.38,24.41,24.67,26.88
2470000,22.52,22.38,24.41,24.67,26.88
2471000,22.48,22.33,24.56,24.75,26.87
2472000,22.48,22.33,24.56,24.75,26.87
2473000,22.48,22.33,24.56,24.75,26.87
2474000,22.58,22.11,24.3,24.91,26.8
2475000,22.58,22.11,24.3,24.91,26.8
2476000,22.49,21.98,24.5,24.79,26.72
2477000,22.49,21.98,24.5,24.79,26.72
2478000,22.49,21.98,24.5,24.79,26.72
2479000,22.44,22.04,24.55,25.02,26.84
2480000,22.44,22.04,24.55,25.02,26.84
2481000,22.63,21.73,24.39,25.25,26.73
2482000,22.63,21.73,24.39,25.25,26.73
2483000,22.63,21.73,24.39,25.25,26.73
2484000,22.97,21.57,24.34,24.98,26.66
2485000,22.97,21.57,24.34,24.98,26.66
2486000,22.93,21.57,24.22,25.22,26.59
2487000,22.93,21.57,24.22,25.22,26.59
2488000,22.93,21.57,24.22,25.22,26.59
2489000,22.71,21.73,23.91,25.2,26.69
2490000,22.71,21.73,23.91,25.2,26.69
2491000,22.79,21.67,23.7,25.08,26.65
2492000,22.79,21.67,23.7,25.08,26.65
2493000,22.79,21.67,23.7,25.08,26.65
2494000,22.98,21.4,23.84,25.3,26.64
2495000,22.98,21.4,23.84,25.3,26.64
2496000,22.92,21.09,23.83,25.11,26.74
2497000,22.92,21.09,23.83,25.11,26.74
2498000,22.92,21.09,23.83,25.11,26.74
2499000,22.81,20.86,23.54,25.12,26.81
2500000,22.81,20.86,23.54,25.12,26.81
2501000,22.92,20.58,23.52,25.03,26.91
2502000,22.92,20.58,23.52,25.03,26.91
2503000,22.92,20.58,23.52,25.03,26.91
2504000,22.92,20.56,23.32,24.9,26.99
2505000,22.92,20.56,23.32,24.9,26.99
2506000,22.92,20.56,23.32,24.9,26.99
2507000,22.82,20.55,23.24,25.2,26.89
2508000,22.82,20.55,23.24,25.2,26.89
2509000,23.03,20.76,23.13,25.29,26.84
2510000,23.03,20.76,23.13,25.29,26.84
2511000,23.03,20.76,23.13,25.29,26.84
2512000,23.25,20.5,23.07,25.42,26.81
2513000,23.25,20.5,23.07,25.42,26.81
2514000,23.49,20.29,23.11,25.28,26.92
2515000,23.49,20.29,23.11,25.28,26.92
2516000,23.49,20.29,23.11,25.28,26.92
2517000,23.62,20.31,23.47,25.32,27.18
2518000,23.62,20.31,23.47,25.32,27.18
2519000,23.45,20.25,23.43,25.26,27.24
2520000,23.45,20.25,23.43,25.26,27.24
2521000,23.45,20.25,23.43,25.26,27.24
2522000,23.27,20.46,23.34,25.22,27.33
2523000,23.27,20.46,23.34,25.22,27.33
2524000,23.3,20.49,23.24,25.21,27.34
2525000,23.3,20.49,23.24,25.21,27.34
2526000,23.3,20.49,23.24,25.21,27.34
2527000,23.15,20.28,23.31,25.25,27.38
2528000,23.15,20.28,23.31,25.25,27.38
2529000,22.9,20.33,23.43,25.38,27.54
2530000,22.9,20.33,23.43,25.38,27.54
2531000,22.9,20.33,23.43,25.38,27.54
2532000,23.22,20.16,23.27,25.44,27.46
2533000,23.22,20.16,23.27,25.44,27.46
2534000,23.12,19.87,23.37,25.68,27.48
2535000,23.12,19.87,23.37,25.68,27.48
2536000,23.12,19.87,23.37,25.68,27.48
2537000,22.99,19.91,23.34,25.53,27.47
2538000,22.99,19.91,23.34,25.53,27.47
2539000,23.28,20.0,23.17,25.52,27.6
2540000,23.28,20.0,23.17,25.52,27.6
2541000,23.28,20.0,23.17,25.52,27.6
2542000,23.35,20.06,23.09,25.35,27.46
2543000,23.35,20.06,23.09,25.35,27.46
2544000,23.37,20.06,23.23,25.44,27.31
2545000,23.37,20.06,23.23,25.44,27.31
2546000,23.37,20.06,23.23,25.44,27.31
2547000,23.39,20.19,23.08,25.45,27.36
2548000,23.39,20.19,23.08,25.45,27.36
2549000,23.37,20.22,23.09,25.55,27.35
2550000,23.37,20.22,23.09,25.55,27.35
2551000,23.37,20.22,23.09,25.55,27.35
2552000,23.56,20.07,22.97,25.46,27.35
2553000,23.56,20.07,22.97,25.46,27.35
2554000,23.59,19.78,22.88,25.55,27.28
2555000,23.59,19.78,22.88,25.55,27.28
2556000,23.59,19.78,22.88,25.55,27.28
2557000,23.44,19.72,22.65,25.44,27.27
2558000,23.44,19.72,22.65,25.44,27.27
2559000,23.34,19.82,22.83,25.49,27.23
2560000,23.34,19.82,22.83,25.49,27.23
2561000,23.34,19.82,22.83,25.49,27.23
2562000,23.41,19.82,22.76,25.41,27.18
2563000,23.41,19.82,22.76,25.41,27.18
2564000,23.33,19.97,22.76,25.19,27.26
2565000,23.33,19.97,22.76,25.19,27.26
2566000,23.33,19.97,22.76,25.19,27.26
2567000,23.36,19.89,22.71,25.09,27.37
2568000,23.36,19.89,22.71,25.09,27.37
2569000,23.44,19.93,22.68,25.01,27.42
2570000,23.44,19.93,22.68,25.01,27.42
2571000,23.44,19.93,22.68,25.01,27.42
2572000,23.69,19.97,22.67,25.01,27.63
2573000,23.69,19.97,22.67,25.01,27.63
2574000,23.7,19.99,22.81,24.94,27.52
2575000,23.7,19.99,22.81,24.94,27.52
2576000,23.7,19.99,22.81,24.94,27.52
2577000,23.82,19.97,22.71,24.67,27.56
2578000,23.82,19.97,22.71,24.67,27.56
2579000,23.81,19.94,22.55,24.71,27.52
2580000,23.81,19.94,22.55,24.71,27.52
2581000,23.81,19.94,22.55,24.71,27.52
2582000,23.69,19.89,22.57,24.67,27.58
2583000,23.69,19.89,22.57,24.67,27.58
2584000,23.72,19.76,22.86,24.81,27.56
2585000,23.72,19.76,22.86,24.81,27.56
2586000,23.72,19.76,22.86,24.81,27.56
2587000,23.6,19.92,22.87,24.99,27.74
2588000,23.6,19.92,22.87,24.99,27.74
2589000,23.69,20.07,22.61,24.85,27.71
2590000,23.69,20.07,22.61,24.85,27.71
2591000,23.69,20.07,22.61,24.85,27.71
2592000,23.67,20.33,22.59,24.84,27.95
2593000,23.67,20.33,22.59,24.84,27.95
2594000,23.76,20.31,22.61,24.91,27.75
2595000,23.76,20.31,22.61,24.91,27.75
2596000,23.76,20.31,22.61,24.91,27.75
2597000,24.01,20.29,22.77,24.82,27.7
2598000,24.01,20.29,22.77,24.82,27.7
2599000,23.95,20.36,22.99,24.95,27.61
2600000,23.95,20.36,22.99,24.95,27.61
2601000,23.95,20.36,22.99,24.95,27.61
2602000,24.24,20.21,22.71,25.12,27.61
2603000,24.24,20.21,22.71,25.12,27.61
2604000,24.21,20.14,22.63,25.31,27.71
2605000,24.21,20.14,22.63,25.31,27.71
2606000,24.21,20.14,22.63,25.31,27.71
2607000,24.13,19.96,22.61,25.52,27.6
2608000,24.13,19.96,22.61,25.52,27.6
2609000,24.2,19.97,22.7,25.41,27.54
2610000,24.2,19.97,22.7,25.41,27.54
2611000,24.2,19.97,22.7,25.41,27.54
2612000,24.25,20.01,22.81,25.55,27.32
2613000,24.25,20.01,22.81,25.55,27.32
2614000,24.14,19.92,23.11,25.51,27.18
2615000,24.14,19.92,23.11,25.51,27.18
2616000,24.14,19.92,23.11,25.51,27.18
2617000,24.33,19.93,23.03,25.54,27.28
2618000,24.33,19.93,23.03,25.54,27.28
2619000,24.57,19.75,23.3,25.6,27.19
2620000,24.57,19.75,23.3,25.6,27.19
2621000,24.57,19.75,23.3,25.6,27.19
2622000,24.67,19.83,23.61,25.86,27.15
2623000,24.67,19.83,23.61,25.86,27.15
2624000,24.69,19.93,23.54,25.98,27.27
2625000,24.69,19.93,23.54,25.98,27.27
2626000,24.69,19.93,23.54,25.98,27.27
2627000,24.7,19.91,23.64,25.97,27.46
2628000,24.7,19.91,23.64,25.97,27.46
2629000,24.38,19.66,23.6,25.93,27.41
2630000,24.38,19.66,23.6,25.93,27.41
2631000,24.38,19.66,23.6,25.93,27.41
2632000,24.47,19.58,23.43,25.9,27.57
2633000,24.47,19.58,23.43,25.9,27.57
2634000,24.33,19.39,23.49,26.07,27.61
2635000,24.33,19.39,23.49,26.07,27.61
2636000,24.33,19.39,23.49,26.07,27.61
2637000,24.51,19.42,23.38,25.93,27.65
2638000,24.51,19.42,23.38,25.93,27.65
2639000,24.45,19.52,23.33,26.18,27.64
2640000,24.45,19.52,23.33,26.18,27.64
2641000,24.45,19.52,23.33,26.18,27.64
2642000,24.27,19.49,23.35,26.13,27.62
2643000,24.27,19.49,23.35,26.13,27.62
2644000,24.22,19.5,23.36,25.91,27.65
2645000,24.22,19.5,23.36,25.91,27.65
2646000,24.22,19.5,23.36,25.91,27.65
2647000,24.25,19.57,23.4,25.93,27.68
2648000,24.25,19.57,23.4,25.93,27.68
2649000,24.23,19.42,23.58,26.03,27.65
2650000,24.23,19.42,23.58,26.03,27.65
2651000,24.23,19.42,23.58,26.03,27.65
2652000,24.14,19.7,23.51,26.22,27.69
2653000,24.14,19.7,23.51,26.22,27.69
2654000,24.06,19.84,23.32,26.02,27.56
2655000,24.06,19.84,23.32,26.02,27.56
2656000,24.06,19.84,23.32,26.02,27.56
2657000,24.08,19.85,23.44,26.14,27.65
2658000,24.08,19.85,23.44,26.14,27.65
2659000,24.22,20.24,23.43,26.25,27.54
2660000,24.22,20.24,23.43,26.25,27.54
2661000,24.22,20.24,23.43,26.25,27.54
2662000,24.17,20.19,23.5,26.17,27.57
2663000,24.17,20.19,23.5,26.17,27.57
2664000,23.83,20.05,23.49,26.32,27.62
2665000,23.83,20.05,23.49,26.32,27.62
2666000,23.83,20.05,23.49,26.32,27.62
2667000,23.89,20.28,23.62,26.36,27.62
2668000,23.89,20.28,23.62,26.36,27.62
2669000,23.98,20.57,23.58,26.4,27.57
2670000,23.98,20.57,23.58,26.4,27.57
2671000,23.98,20.57,23.58,26.4,27.57
2672000,23.96,20.82,23.57,26.21,27.61
2673000,23.96,20.82,23.57,26.21,27.61
2674000,23.86,20.96,23.69,26.29,27.41
2675000,23.86,20.96,23.69,26.29,27.41
2676000,23.86,20.96,23.69,26.29,27.41
2677000,24.07,21.32,23.64,26.26,27.39
2678000,24.07,21.32,23.64,26.26,27.39
2679000,23.99,21.66,23.71,26.34,27.2
2680000,23.99,21.66,23.71,26.34,27.2
2681000,23.99,21.66,23.71,26.34,27.2
2682000,23.91,22.01,23.86,26.28,27.18
2683000,23.91,22.01,23.86,26.28,27.18
2684000,23.85,22.13,24.03,26.27,27.08
2685000,23.85,22.13,24.03,26.27,27.08
2686000,23.85,22.13,24.03,26.27,27.08
2687000,23.96,22.26,24.05,26.31,27.1
2688000,23.96,22.26,24.05,26.31,27.1
2689000,23.98,22.4,23.92,26.12,26.96
2690000,23.98,22.4,23.92,26.12,26.96
2691000,23.98,22.4,23.92,26.12,26.96
2692000,24.15,22.4,23.89,26.03,26.83
2693000,24.15,22.4,23.89,26.03,26.83
2694000,24.44,22.3,23.74,26.08,26.88
2695000,24.44,22.3,23.74,26.08,26.88
2696000,24.44,22.3,23.74,26.08,26.88
2697000,24.36,22.36,23.77,26.32,26.88
2698000,24.36,22.36,23.77,26.32,26.88
2699000,24.14,22.28,23.91,26.35,26.86
2700000,24.14,22.28,23.91,26.35,26.86
2701000,24.14,22.28,23.91,26.35,26.86
2702000,24.02,22.31,24.13,26.51,26.87
2703000,24.02,22.31,24.13,26.51,26.87
2704000,24.19,22.25,24.36,26.63,26.98
2705000,24.19,22.25,24.36,26.63,26.98
2706000,24.19,22.25,24.36,26.63,26.98
2707000,24.24,22.4,24.25,26.83,26.83
2708000,24.24,22.4,24.25,26.83,26.83
2709000,24.39,22.31,24.22,26.62,26.87
2710000,24.39,22.31,24.22,26.62,26.87
2711000,24.39,22.31,24.22,26.62,26.87
2712000,24.63,22.34,24.34,26.71,27.02
2713000,24.63,22.34,24.34,26.71,27.02
2714000,24.73,22.67,24.49,26.59,27.12
2715000,24.73,22.67,24.49,26.59,27.12
2716000,24.73,22.67,24.49,26.59,27.12
2717000,24.8,22.78,24.44,26.59,27.25
2718000,24.8,22.78,24.44,26.59,27.25
2719000,24.9,22.82,24.53,26.59,27.39
2720000,24.9,22.82,24.53,26.59,27.39
2721000,24.9,22.82,24.53,26.59,27.39
2722000,25.05,23.0,24.58,26.62,27.36
2723000,25.05,23.0,24.58,26.62,27.36
2724000,24.72,23.27,24.76,26.36,27.28
2725000,24.72,23.27,24.76,26.36,27.28
2726000,24.72,23.27,24.76,26.36,27.28
2727000,24.69,23.25,24.68,26.4,27.33
2728000,24.69,23.25,24.68,26.4,27.33
2729000,24.41,23.25,24.97,26.1,27.22
2730000,24.41,23.25,24.97,26.1,27.22
2731000,24.41,23.25,24.97,26.1,27.22
2732000,24.36,23.4,25.23,25.95,27.32
2733000,24.36,23.4,25.23,25.95,27.32
2734000,24.32,23.64,25.18,26.0,27.17
2735000,24.32,23.64,25.18,26.0,27.17
2736000,24.32,23.64,25.18,26.0,27.17
2737000,24.41,23.73,25.2,25.88,27.36
2738000,24.41,23.73,25.2,25.88,27.36
2739000,24.48,23.55,25.37,25.84,27.05
2740000,24.48,23.55,25.37,25.84,27.05
2741000,24.48,23.55,25.37,25.84,27.05
2742000,24.5,23.33,25.6,25.94,27.07
2743000,24.5,23.33,25.6,25.94,27.07
2744000,24.23,23.51,25.61,25.8,27.06
2745000,24.23,23.51,25.61,25.8,27.06
2746000,24.23,23.51,25.61,25.8,27.06
2747000,24.27,23.78,25.64,25.78,26.97
2748000,24.27,23.78,25.64,25.78,26.97
2749000,24.39,24.15,25.85,25.83,27.03
2750000,24.39,24.15,25.85,25.83,27.03
2751000,24.39,24.15,25.85,25.83,27.03
2752000,24.45,24.3,26.0,25.78,26.94
2753000,24.45,24.3,26.0,25.78,26.94
2754000,24.45,24.48,26.15,25.78,26.63
2755000,24.45,24.48,26.15,25.78,26.63
2756000,24.45,24.48,26.15,25.78,26.63
2757000,24.25,24.9,26.17,25.56,26.55
2758000,24.25,24.9,26.17,25.56,26.55
2759000,24.21,25.05,26.21,25.71,26.44
2760000,24.21,25.05,26.21,25.71,26.44
2761000,24.21,25.05,26.21,25.71,26.44
2762000,24.02,25.01,26.33,25.75,26.38
2763000,24.02,25.01,26.33,25.75,26.38
2764000,23.9,25.11,26.09,25.91,26.45
2765000,23.9,25.11,26.09,25.91,26.45
2766000,23.9,25.11,26.09,25.91,26.45
2767000,23.83,25.09,26.02,25.92,26.48
2768000,23.83,25.09,26.02,25.92,26.48
2769000,23.85,25.17,26.26,26.07,26.52
2770000,23.85,25.17,26.26,26.07,26.52
2771000,23.85,25.17,26.26,26.07,26.52
2772000,24.06,25.02,26.22,26.15,26.33
2773000,24.06,25.02,26.22,26.15,26.33
2774000,23.98,25.11,26.22,26.08,26.34
2775000,23.98,25.11,26.22,26.08,26.34
2776000,23.98,25.11,26.22,26.08,26.34
2777000,24.06,25.21,26.23,26.02,26.48
2778000,24.06,25.21,26.23,26.02,26.48
2779000,24.13,25.3,26.16,26.08,26.41
2780000,24.13,25.3,26.16,26.08,26.41
2781000,24.13,25.3,26.16,26.08,26.41
2782000,23.99,25.48,26.37,26.14,26.41
2783000,23.99,25.48,26.37,26.14,26.41
2784000,24.1,25.6,26.45,26.15,26.34
2785000,24.1,25.6,26.45,26.15,26.34
2786000,24.1,25.6,26.45,26.15,26.34
2787000,24.16,25.61,26.67,26.3,26.29
2788000,24.16,25.61,26.67,26.3,26.29
2789000,24.14,25.32,26.68,26.28,26.16
2790000,24.14,25.32,26.68,26.28,26.16
2791000,24.14,25.32,26.68,26.28,26.16
2792000,24.26,25.3,26.72,26.41,26.31
2793000,24.26,25.3,26.72,26.41,26.31
2794000,24.22,25.43,26.6,26.46,26.28
2795000,24.22,25.43,26.6,26.46,26.28
2796000,24.22,25.43,26.6,26.46,26.28
2797000,24.07,25.27,26.69,26.44,26.35
2798000,24.07,25.27,26.69,26.44,26.35
2799000,24.02,25.14,26.57,26.36,26.49
2800000,24.02,25.14,26.57,26.36,26.49
2801000,24.02,25.14,26.57,26.36,26.49
2802000,24.11,25.14,26.63,26.47,26.54
2803000,24.11,25.14,26.63,26.47,26.54
2804000,24.06,25.34,26.67,26.31,26.74
2805000,24.06,25.34,26.67,26.31,26.74
2806000,24.06,25.34,26.67,26.31,26.74
2807000,24.0,25.39,26.87,26.29,26.72
2808000,24.0,25.39,26.87,26.29,26.72
2809000,24.15,25.46,26.86,26.03,26.78
2810000,24.15,25.46,26.86,26.03,26.78
2811000,24.15,25.46,26.86,26.03,26.78
2812000,24.13,25.3,26.87,26.17,26.91
2813000,24.13,25.3,26.87,26.17,26.91
2814000,24.0,25.18,26.83,26.19,26.86
2815000,24.0,25.18,26.83,26.19,26.86
2816000,24.0,25.18,26.83,26.19,26.86
2817000,23.91,25.21,27.01,26.17,26.99
2818000,23.91,25.21,27.01,26.17,26.99
2819000,23.69,25.21,26.83,26.16,27.01
2820000,23.69,25.21,26.83,26.16,27.01
2821000,23.69,25.21,26.83,26.16,27.01
2822000,23.62,25.13,26.86,26.26,26.99
2823000,23.62,25.13,26.86,26.26,26.99
2824000,23.62,25.23,26.78,26.16,27.02
2825000,23.62,25.23,26.78,26.16,27.02
2826000,23.62,25.23,26.78,26.16,27.02
2827000,23.58,25.41,26.83,26.39,27.14
2828000,23.58,25.41,26.83,26.39,27.14
2829000,23.64,25.42,26.86,26.41,27.15
2830000,23.64,25.42,26.86,26.41,27.15
2831000,23.64,25.42,26.86,26.41,27.15
2832000,23.63,25.37,26.81,26.2,27.22
2833000,23.63,25.37,26.81,26.2,27.22
2834000,23.66,25.48,26.87,26.0,27.05
2835000,23.66,25.48,26.87,26.0,27.05
2836000,23.66,25.48,26.87,26.0,27.05
2837000,23.79,25.23,26.85,26.0,27.08
2838000,23.79,25.23,26.85,26.0,27.08
2839000,23.8,25.07,27.16,26.0,27.21
2840000,23.8,25.07,27.16,26.0,27.21
2841000,23.8,25.07,27.16,26.0,27.21
2842000,23.8,24.67,27.09,26.16,27.18
2843000,23.8,24.67,27.09,26.16,27.18
2844000,23.62,24.7,27.22,26.19,27.52
2845000,23.62,24.7,27.22,26.19,27.52
2846000,23.62,24.7,27.22,26.19,27.52
2847000,23.57,24.83,27.16,26.13,27.68
2848000,23.57,24.83,27.16,26.13,27.68
2849000,23.71,24.63,27.1,25.96,27.83
2850000,23.71,24.63,27.1,25.96,27.83
2851000,23.71,24.63,27.1,25.96,27.83
2852000,23.48,24.84,27.27,25.81,27.74
2853000,23.48,24.84,27.27,25.81,27.74
2854000,23.7,24.96,27.45,25.85,27.78
2855000,23.7,24.96,27.45,25.85,27.78
2856000,23.7,24.96,27.45,25.85,27.78
2857000,23.62,25.05,27.33,25.7,27.85
2858000,23.62,25.05,27.33,25.7,27.85
2859000,23.67,25.18,27.38,25.64,27.77
2860000,23.67,25.18,27.38,25.64,27.77
2861000,23.67,25.18,27.38,25.64,27.77
2862000,23.49,25.14,27.37,25.56,27.93
2863000,23.49,25.14,27.37,25.56,27.93
2864000,23.59,25.12,27.33,25.61,28.07
2865000,23.59,25.12,27.33,25.61,28.07
2866000,23.59,25.12,27.33,25.61,28.07
2867000,23.32,25.2,27.3,25.58,27.98
2868000,23.32,25.2,27.3,25.58,27.98
2869000,23.34,25.48,27.33,25.52,28.05
2870000,23.34,25.48,27.33,25.52,28.05
2871000,23.34,25.48,27.33,25.52,28.05
2872000,23.45,25.3,27.37,25.31,28.13
2873000,23.45,25.3,27.37,25.31,28.13
2874000,23.37,25.1,27.37,25.37,28.13
2875000,23.37,25.1,27.37,25.37,28.13
2876000,23.37,25.1,27.37,25.37,28.13
2877000,23.49,25.05,27.4,25.18,28.1
2878000,23.49,25.05,27.4,25.18,28.1
2879000,23.77,25.01,27.4,25.0,28.27
2880000,23.77,25.01,27.4,25.0,28.27
2881000,23.77,25.01,27.4,25.0,28.27
2882000,23.82,25.02,27.58,25.01,28.26
2883000,23.82,25.02,27.58,25.01,28.26
2884000,23.86,25.14,27.59,25.08,28.36
2885000,23.86,25.14,27.59,25.08,28.36
2886000,23.86,25.14,27.59,25.08,28.36
2887000,23.92,25.2,27.72,25.18,28.54
2888000,23.92,25.2,27.72,25.18,28.54
2889000,23.95,25.19,27.73,25.14,28.71
2890000,23.95,25.19,27.73,25.14,28.71
2891000,23.95,25.19,27.73,25.14,28.71
2892000,24.11,25.18,27.67,25.05,28.71
2893000,24.11,25.18,27.67,25.05,28.71
2894000,24.0,25.21,27.7,25.23,28.75
2895000,24.0,25.21,27.7,25.23,28.75
2896000,24.0,25.21,27.7,25.23,28.75
2897000,23.8,25.25,27.53,25.14,28.56
2898000,23.8,25.25,27.53,25.14,28.56
2899000,23.86,25.34,27.38,24.94,28.61
2900000,23.86,25.34,27.38,24.94,28.61
2901000,23.86,25.34,27.38,24.94,28.61
2902000,23.88,25.34,27.38,24.72,28.61
2903000,23.88,25.34,27.38,24.72,28.61
2904000,23.98,25.5,27.55,24.59,28.87
2905000,23.98,25.5,27.55,24.59,28.87
2906000,23.98,25.5,27.55,24.59,28.87
2907000,24.03,25.62,27.43,24.48,28.9
2908000,24.03,25.62,27.43,24.48,28.9
2909000,24.12,25.46,27.38,24.34,29.09
2910000,24.12,25.46,27.38,24.34,29.09
2911000,24.12,25.46,27.38,24.34,29.09
2912000,24.17,25.51,27.31,24.57,28.96
2913000,24.17,25.51,27.31,24.57,28.96
2914000,24.34,25.58,27.42,24.46,28.91
2915000,24.34,25.58,27.42,24.46,28.91
2916000,24.34,25.58,27.42,24.46,28.91
2917000,24.32,25.58,27.26,24.54,28.96
2918000,24.32,25.58,27.26,24.54,28.96
2919000,24.08,25.48,27.3,24.33,29.02
2920000,24.08,25.48,27.3,24.33,29.02
2921000,24.08,25.48,27.3,24.33,29.02
2922000,24.11,25.47,27.19,24.55,29.07
2923000,24.11,25.47,27.19,24.55,29.07
2924000,24.23,25.49,27.12,24.7,29.4
2925000,24.23,25.49,27.12,24.7,29.4
2926000,24.23,25.49,27.12,24.7,29.4
2927000,24.13,25.3,27.13,24.87,29.48
2928000,24.13,25.3,27.13,24.87,29.48
2929000,24.1,25.31,27.14,24.88,29.67
2930000,24.1,25.31,27.14,24.88,29.67
2931000,24.1,25.31,27.14,24.88,29.67
2932000,24.08,25.3,27.09,24.93,29.87
2933000,24.08,25.3,27.09,24.93,29.87
2934000,24.13,25.28,26.87,24.7,30.02
2935000,24.13,25.28,26.87,24.7,30.02
2936000,24.13,25.28,26.87,24.7,30.02
2937000,23.95,25.23,26.73,24.66,30.07
2938000,23.95,25.23,26.73,24.66,30.07
2939000,24.06,25.21,26.83,24.99,30.24
2940000,24.06,25.21,26.83,24.99,30.24
2941000,24.06,25.21,26.83,24.99,30.24
2942000,23.98,25.13,26.93,25.04,30.33
2943000,23.98,25.13,26.93,25.04,30.33
2944000,23.96,25.4,26.89,25.13,30.36
2945000,23.96,25.4,26.89,25.13,30.36
2946000,23.96,25.4,26.89,25.13,30.36
2947000,23.98,25.39,26.84,24.98,30.38
2948000,23.98,25.39,26.84,24.98,30.38
2949000,24.13,25.59,26.86,24.91,30.43
2950000,24.13,25.59,26.86,24.91,30.43
2951000,24.13,25.59,26.86,24.91,30.43
2952000,24.02,25.51,26.69,24.87,30.49
2953000,24.02,25.51,26.69,24.87,30.49
2954000,23.86,25.76,26.74,24.68,30.5
2955000,23.86,25.76,26.74,24.68,30.5
2956000,23.86,25.76,26.74,24.68,30.5
2957000,23.71,25.73,26.89,24.53,30.68
2958000,23.71,25.73,26.89,24.53,30.68
2959000,23.64,25.78,26.9,24.4,30.75
2960000,23.64,25.78,26.9,24.4,30.75
2961000,23.64,25.78,26.9,24.4,30.75
2962000,23.5,25.89,26.76,24.51,30.58
2963000,23.5,25.89,26.76,24.51,30.58
2964000,23.48,25.86,26.68,24.52,30.53
2965000,23.48,25.86,26.68,24.52,30.53
2966000,23.48,25.86,26.68,24.52,30.53
2967000,23.55,25.93,26.68,24.4,30.45
2968000,23.55,25.93,26.68,24.4,30.45
2969000,23.41,26.05,26.68,24.41,30.57
2970000,23.41,26.05,26.68,24.41,30.57
2971000,23.41,26.05,26.68,24.41,30.57
2972000,23.33,26.15,26.61,24.3,30.67
2973000,23.33,26.15,26.61,24.3,30.67
2974000,23.62,26.1,26.59,24.3,30.77
2975000,23.62,26.1,26.59,24.3,30.77
2976000,23.62,26.1,26.59,24.3,30.77
2977000,23.7,26.18,26.51,24.32,30.8
2978000,23.7,26.18,26.51,24.32,30.8
2979000,23.95,26.18,26.52,24.55,30.84
2980000,23.95,26.18,26.52,24.55,30.84
2981000,23.95,26.18,26.52,24.55,30.84
2982000,24.07,26.24,26.49,24.68,30.89
2983000,24.07,26.24,26.49,24.68,30.89
2984000,23.89,26.15,26.42,24.67,31.06
2985000,23.89,26.15,26.42,24.67,31.06
2986000,23.89,26.15,26.42,24.67,31.06
2987000,23.85,26.15,26.51,24.69,31.0
2988000,23.85,26.15,26.51,24.69,31.0
2989000,23.81,26.27,26.55,24.75,31.29
2990000,23.81,26.27,26.55,24.75,31.29
2991000,23.81,26.27,26.55,24.75,31.29
2992000,23.64,26.57,26.46,24.67,31.22
2993000,23.64,26.57,26.46,24.67,31.22
2994000,23.81,26.57,26.25,24.82,31.22
2995000,23.81,26.57,26.25,24.82,31.22
2996000,23.81,26.57,26.25,24.82,31.22
2997000,24.02,26.63,26.06,25.09,31.11
2998000,24.02,26.63,26.06,25.09,31.11
2999000,23.81,26.6,26.05,25.02,30.88
3000000,23.81,26.6,26.05,25.02,30.88
3001000,23.81,26.6,26.05,25.02,30.88
3002000,23.63,26.78,26.13,25.28,30.91
3003000,23.63,26.78,26.13,25.28,30.91
3004000,23.47,26.7,26.12,25.34,31.13
3005000,23.47,26.7,26.12,25.34,31.13
3006000,23.47,26.7,26.12,25.34,31.13
3007000,23.7,26.55,26.03,25.44,31.2
3008000,23.7,26.55,26.03,25.44,31.2
3009000,23.57,26.38,26.01,25.39,31.38
3010000,23.57,26.38,26.01,25.39,31.38
3011000,23.57,26.38,26.01,25.39,31.38
3012000,23.51,26.64,26.14,25.25,31.45
3013000,23.51,26.64,26.14,25.25,31.45
3014000,23.53,26.67,26.18,25.21,31.37
3015000,23.53,26.67,26.18,25.21,31.37
3016000,23.53,26.67,26.18,25.21,31.37
3017000,23.73,26.77,25.81,25.25,31.33
3018000,23.73,26.77,25.81,25.25,31.33
3019000,23.73,26.61,25.44,25.1,31.44
3020000,23.73,26.61,25.44,25.1,31.44
3021000,23.73,26.61,25.44,25.1,31.44
3022000,23.51,26.56,25.29,25.05,31.56
3023000,23.51,26.56,25.29,25.05,31.56
3024000,23.54,26.45,25.08,25.13,31.62
3025000,23.54,26.45,25.08,25.13,31.62
3026000,23.54,26.45,25.08,25.13,31.62
3027000,23.6,26.55,24.81,25.17,31.51
3028000,23.6,26.55,24.81,25.17,31.51
3029000,23.64,26.53,24.69,25.14,31.4
3030000,23.64,26.53,24.69,25.14,31.4
3031000,23.64,26.53,24.69,25.14,31.4
3032000,23.72,26.43,24.66,24.8,31.14
3033000,23.72,26.43,24.66,24.8,31.14
3034000,23.8,26.59,24.46,24.65,31.25
3035000,23.8,26.59,24.46,24.65,31.25
3036000,23.8,26.59,24.46,24.65,31.25
3037000,23.86,26.48,24.47,24.57,31.3
3038000,23.86,26.48,24.47,24.57,31.3
3039000,23.79,26.77,24.61,24.55,31.42
3040000,23.79,26.77,24.61,24.55,31.42
3041000,23.79,26.77,24.61,24.55,31.42
3042000,23.51,26.67,24.56,24.45,31.31
3043000,23.51,26.67,24.56,24.45,31.31
3044000,23.47,26.62,24.57,24.29,31.21
3045000,23.47,26.62,24.57,24.29,31.21
3046000,23.47,26.62,24.57,24.29,31.21
3047000,23.55,26.66,24.56,24.26,30.92
3048000,23.55,26.66,24.56,24.26,30.92
3049000,23.55,26.68,24.78,24.33,30.86
3050000,23.55,26.68,24.78,24.33,30.86
3051000,23.55,26.68,24.78,24.33,30.86
3052000,23.39,26.83,24.96,24.04,30.74
3053000,23.39,26.83,24.96,24.04,30.74
3054000,23.22,26.97,24.96,23.96,30.64
3055000,23.22,26.97,24.96,23.96,30.64
3056000,23.22,26.97,24.96,23.96,30.64
3057000,23.24,26.97,24.82,24.0,30.5
3058000,23.24,26.97,24.82,24.0,30.5
3059000,23.25,26.77,24.75,24.27,30.52
3060000,23.25,26.77,24.75,24.27,30.52
3061000,23.25,26.77,24.75,24.27,30.52
3062000,23.19,26.93,24.56,24.12,30.56
3063000,23.19,26.93,24.56,24.12,30.56
3064000,23.36,26.82,24.49,24.38,30.68
3065000,23.36,26.82,24.49,24.38,30.68
3066000,23.36,26.82,24.49,24.38,30.68
3067000,23.19,26.8,24.14,24.38,30.52
3068000,23.19,26.8,24.14,24.38,30.52
3069000,23.34,26.89,24.39,24.42,30.58
3070000,23.34,26.89,24.39,24.42,30.58
3071000,23.34,26.89,24.39,24.42,30.58
3072000,23.36,26.86,24.4,24.45,30.56
3073000,23.36,26.86,24.4,24.45,30.56
3074000,23.28,26.72,24.34,24.41,30.57
3075000,23.28,26.72,24.34,24.41,30.57
3076000,23.28,26.72,24.34,24.41,30.57
3077000,23.36,26.5,24.43,24.35,30.49
3078000,23.36,26.5,24.43,24.35,30.49
3079000,23.42,26.47,24.24,24.38,30.53
3080000,23.42,26.47,24.24,24.38,30.53
3081000,23.42,26.47,24.24,24.38,30.53
3082000,23.52,26.6,24.15,24.52,30.55
3083000,23.52,26.6,24.15,24.52,30.55
3084000,23.53,26.38,23.92,24.55,30.77
3085000,23.53,26.38,23.92,24.55,30.77
3086000,23.53,26.38,23.92,24.55,30.77
3087000,23.5,26.54,24.08,24.58,30.86
3088000,23.5,26.54,24.08,24.58,30.86
3089000,23.43,26.54,23.9,24.55,30.67
3090000,23.43,26.54,23.9,24.55,30.67
3091000,23.43,26.54,23.9,24.55,30.67
3092000,23.27,26.84,23.99,24.33,30.63
3093000,23.27,26.84,23.99,24.33,30.63
3094000,23.26,26.84,23.83,24.25,30.43
3095000,23.26,26.84,23.83,24.25,30.43
3096000,23.26,26.84,23.83,24.25,30.43
3097000,23.28,26.88,23.74,24.3,30.3
3098000,23.28,26.88,23.74,24.3,30.3
3099000,23.1,27.06,23.73,24.35,30.31
3100000,23.1,27.06,23.73,24.35,30.31
3101000,23.1,27.06,23.73,24.35,30.31
3102000,23.3,27.08,23.62,24.32,30.45
3103000,23.3,27.08,23.62,24.32,30.45
3104000,23.07,27.11,23.78,24.12,30.36
3105000,23.07,27.11,23.78,24.12,30.36
3106000,23.07,27.11,23.78,24.12,30.36
3107000,23.37,27.11,23.87,24.3,30.34
3108000,23.37,27.11,23.87,24.3,30.34
3109000,23.41,27.14,23.96,24.31,30.4
3110000,23.41,27.14,23.96,24.31,30.4
3111000,23.41,27.14,23.96,24.31,30.4
3112000,23.62,27.13,24.15,24.36,30.5
3113000,23.62,27.13,24.15,24.36,30.5
3114000,23.39,27.02,24.11,24.41,30.59
3115000,23.39,27.02,24.11,24.41,30.59
3116000,23.39,27.02,24.11,24.41,30.59
3117000,23.48,26.95,24.21,24.43,30.57
3118000,23.48,26.95,24.21,24.43,30.57
3119000,23.47,26.78,24.22,24.51,30.74
3120000,23.47,26.78,24.22,24.51,30.74
3121000,23.47,26.78,24.22,24.51,30.74
3122000,23.38,26.82,24.24,24.72,30.8
3123000,23.38,26.82,24.24,24.72,30.8
3124000,23.56,26.83,24.26,24.5,30.78
3125000,23.56,26.83,24.26,24.5,30.78
3126000,23.56,26.83,24.26,24.5,30.78
3127000,23.46,26.9,24.18,24.65,30.91
3128000,23.46,26.9,24.18,24.65,30.91
3129000,23.49,27.01,24.15,24.64,30.82
3130000,23.49,27.01,24.15,24.64,30.82
3131000,23.49,27.01,24.15,24.64,30.82
3132000,23.4,27.16,24.2,24.61,30.9
3133000,23.4,27.16,24.2,24.61,30.9
3134000,23.53,27.1,24.26,24.67,30.89
3135000,23.53,27.1,24.26,24.67,30.89
3136000,23.53,27.1,24.26,24.67,30.89
3137000,23.43,26.9,24.25,24.8,30.9
3138000,23.43,26.9,24.25,24.8,30.9
3139000,23.3,26.82,24.38,24.63,30.85
3140000,23.3,26.82,24.38,24.63,30.85
3141000,23.3,26.82,24.38,24.63,30.85
3142000,23.39,26.79,24.37,24.67,30.93
3143000,23.39,26.79,24.37,24.67,30.93
3144000,23.45,26.56,24.25,24.53,30.91
3145000,23.45,26.56,24.25,24.53,30.91
3146000,23.45,26.56,24.25,24.53,30.91
3147000,23.51,26.36,24.48,24.42,30.92
3148000,23.51,26.36,24.48,24.42,30.92
3149000,23.42,26.25,24.42,24.55,30.86
3150000,23.42,26.25,24.42,24.55,30.86
3151000,23.42,26.25,24.42,24.55,30.86
3152000,23.49,26.09,24.63,24.62,30.89
3153000,23.49,26.09,24.63,24.62,30.89
3154000,23.46,26.08,24.51,24.96,30.94
3155000,23.46,26.08,24.51,24.96,30.94
3156000,23.46,26.08,24.51,24.96,30.94
3157000,23.59,26.04,24.58,25.14,31.02
3158000,23.59,26.04,24.58,25.14,31.02
3159000,23.59,26.05,24.67,25.09,31.04
3160000,23.59,26.05,24.67,25.09,31.04
3161000,23.59,26.05,24.67,25.09,31.04
3162000,23.57,26.05,24.58,24.98,31.25
3163000,23.57,26.05,24.58,24.98,31.25
3164000,23.63,26.14,24.31,25.13,31.3
3165000,23.63,26.14,24.31,25.13,31.3
3166000,23.63,26.14,24.31,25.13,31.3
3167000,23.45,26.08,24.39,25.24,31.4
3168000,23.45,26.08,24.39,25.24,31.4
3169000,23.72,26.19,24.34,25.2,31.41
3170000,23.72,26.19,24.34,25.2,31.41
3171000,23.72,26.19,24.34,25.2,31.41
3172000,23.87,26.23,24.44,24.99,31.47
3173000,23.87,26.23,24.44,24.99,31.47
3174000,23.82,26.05,24.55,24.87,31.09
3175000,23.82,26.05,24.55,24.87,31.09
3176000,23.82,26.05,24.55,24.87,31.09
3177000,23.89,26.14,24.37,24.75,31.08
3178000,23.89,26.14,24.37,24.75,31.08
3179000,23.78,26.01,24.14,24.71,31.04
3180000,23.78,26.01,24.14,24.71,31.04
3181000,23.78,26.01,24.14,24.71,31.04
3182000,23.78,25.94,24.0,24.55,30.83
3183000,23.78,25.94,24.0,24.55,30.83
3184000,23.74,25.93,24.23,24.73,30.61
3185000,23.74,25.93,24.23,24.73,30.61
3186000,23.74,25.93,24.23,24.73,30.61
3187000,23.72,25.99,24.17,24.83,30.34
3188000,23.72,25.99,24.17,24.83,30.34
3189000,23.73,25.79,24.11,24.57,30.28
3190000,23.73,25.79,24.11,24.57,30.28
3191000,23.73,25.79,24.11,24.57,30.28
3192000,23.71,26.08,23.98,24.55,30.21
3193000,23.71,26.08,23.98,24.55,30.21
3194000,23.79,25.73,24.07,24.38,30.22
3195000,23.79,25.73,24.07,24.38,30.22
3196000,23.79,25.73,24.07,24.38,30.22
3197000,23.67,25.83,24.14,24.49,30.26
3198000,23.67,25.83,24.14,24.49,30.26
3199000,23.66,25.81,24.17,24.67,30.11
3200000,23.66,25.81,24.17,24.67,30.11
3201000,23.66,25.81,24.17,24.67,30.11
3202000,23.68,25.9,24.07,24.48,29.99
3203000,23.68,25.9,24.07,24.48,29.99
3204000,23.74,25.94,24.02,24.48,30.0
3205000,23.74,25.94,24.02,24.48,30.0
3206000,23.74,25.94,24.02,24.48,30.0
3207000,23.9,25.98,23.9,24.31,30.04
3208000,23.9,25.98,23.9,24.31,30.04
3209000,23.73,25.89,24.0,24.69,30.02
3210000,23.73,25.89,24.0,24.69,30.02
3211000,23.73,25.89,24.0,24.69,30.02
3212000,23.7,25.75,24.07,24.76,30.0
3213000,23.7,25.75,24.07,24.76,30.0
3214000,23.65,25.57,24.13,24.79,30.05
3215000,23.65,25.57,24.13,24.79,30.05
3216000,23.65,25.57,24.13,24.79,30.05
3217000,23.73,25.53,23.86,24.84,29.98
3218000,23.73,25.53,23.86,24.84,29.98
3219000,23.73,25.5,24.02,24.82,29.73
3220000,23.73,25.5,24.02,24.82,29.73
3221000,23.73,25.5,24.02,24.82,29.73
3222000,23.7,25.5,24.06,24.93,29.71
3223000,23.7,25.5,24.06,24.93,29.71
3224000,23.65,25.25,24.15,25.19,29.79
3225000,23.65,25.25,24.15,25.19,29.79
3226000,23.65,25.25,24.15,25.19,29.79
3227000,23.51,25.08,24.3,25.27,29.61
3228000,23.51,25.08,24.3,25.27,29.61
3229000,23.44,25.02,24.2,25.16,29.5
3230000,23.44,25.02,24.2,25.16,29.5
3231000,23.44,25.02,24.2,25.16,29.5
3232000,23.28,25.11,24.14,25.15,29.55
3233000,23.28,25.11,24.14,25.15,29.55
3234000,23.13,25.13,24.23,25.22,29.48
3235000,23.13,25.13,24.23,25.22,29.48
3236000,23.13,25.13,24.23,25.22,29.48
3237000,23.02,25.13,24.17,25.14,29.42
3238000,23.02,25.13,24.17,25.14,29.42
3239000,23.27,25.23,23.99,24.95,29.46
3240000,23.27,25.23,23.99,24.95,29.46
3241000,23.27,25.23,23.99,24.95,29.46
3242000,23.49,25.16,23.86,25.16,29.7
3243000,23.49,25.16,23.86,25.16,29.7
3244000,23.31,25.31,24.01,25.14,30.0
3245000,23.31,25.31,24.01,25.14,30.0
3246000,23.31,25.31,24.01,25.14,30.0
3247000,23.09,25.27,24.15,24.99,30.14
3248000,23.09,25.27,24.15,24.99,30.14
3249000,23.51,25.22,24.14,25.11,30.33
3250000,23.51,25.22,24.14,25.11,30.33
3251000,23.51,25.22,24.14,25.11,30.33
3252000,23.43,25.22,24.1,25.11,30.25
3253000,23.43,25.22,24.1,25.11,30.25
3254000,23.39,25.44,24.33,25.19,30.37
3255000,23.39,25.44,24.33,25.19,30.37
3256000,23.39,25.44,24.33,25.19,30.37
3257000,23.37,25.41,24.5,25.08,30.57
3258000,23.37,25.41,24.5,25.08,30.57
3259000,23.31,25.51,24.41,24.97,30.72
3260000,23.31,25.51,24.41,24.97,30.72
3261000,23.31,25.51,24.41,24.97,30.72
3262000,23.45,25.5,24.2,25.06,30.65
3263000,23.45,25.5,24.2,25.06,30.65
3264000,23.42,25.46,24.41,24.98,30.85
3265000,23.42,25.46,24.41,24.98,30.85
3266000,23.42,25.46,24.41,24.98,30.85
3267000,23.21,25.38,24.56,24.81,30.96
3268000,23.21,25.38,24.56,24.81,30.96
3269000,23.37,25.19,24.89,24.77,30.88
3270000,23.37,25.19,24.89,24.77,30.88
3271000,23.37,25.19,24.89,24.77,30.88
3272000,23.58,25.02,24.9,24.9,31.01
3273000,23.58,25.02,24.9,24.9,31.01
3274000,23.5,25.02,25.24,24.79,31.07
3275000,23.5,25.02,25.24,24.79,31.07
3276000,23.5,25.02,25.24,24.79,31.07
3277000,23.43,25.12,25.46,24.79,31.13
3278000,23.43,25.12,25.46,24.79,31.13
3279000,23.59,25.19,25.49,24.61,31.36
3280000,23.59,25.19,25.49,24.61,31.36
3281000,23.59,25.19,25.49,24.61,31.36
3282000,23.7,25.06,25.55,24.64,31.55
3283000,23.7,25.06,25.55,24.64,31.55
3284000,23.49,24.91,25.75,24.63,31.43
3285000,23.49,24.91,25.75,24.63,31.43
3286000,23.49,24.91,25.75,24.63,31.43
3287000,23.46,25.05,25.39,24.82,31.48
3288000,23.46,25.05,25.39,24.82,31.48
3289000,23.37,25.03,25.25,24.81,31.49
3290000,23.37,25.03,25.25,24.81,31.49
3291000,23.37,25.03,25.25,24.81,31.49
3292000,23.5,25.23,25.24,24.91,31.63
3293000,23.5,25.23,25.24,24.91,31.63
3294000,23.38,25.24,25.22,24.99,31.95
3295000,23.38,25.24,25.22,24.99,31.95
3296000,23.38,25.24,25.22,24.99,31.95
3297000,23.45,25.28,25.39,24.92,32.26
3298000,23.45,25.28,25.39,24.92,32.26
3299000,23.41,25.41,25.39,24.79,32.14
3300000,23.41,25.41,25.39,24.79,32.14
3301000,23.41,25.41,25.39,24.79,32.14
3302000,23.53,25.42,25.38,24.98,32.34
3303000,23.53,25.42,25.38,24.98,32.34
3304000,23.72,25.33,25.33,25.08,32.54
3305000,23.72,25.33,25.33,25.08,32.54
3306000,23.72,25.33,25.33,25.08,32.54
3307000,23.69,25.29,25.41,25.14,32.71
3308000,23.69,25.29,25.41,25.14,32.71
3309000,23.54,25.65,25.18,25.1,32.87
3310000,23.54,25.65,25.18,25.1,32.87
3311000,23.54,25.65,25.18,25.1,32.87
3312000,23.67,25.61,25.25,25.0,32.96
3313000,23.67,25.61,25.25,25.0,32.96
3314000,23.7,25.76,25.37,24.94,33.05
3315000,23.7,25.76,25.37,24.94,33.05
3316000,23.7,25.76,25.37,24.94,33.05
3317000,23.89,25.82,25.57,24.84,33.22
3318000,23.89,25.82,25.57,24.84,33.22
3319000,23.89,25.78,25.43,24.72,33.19
3320000,23.89,25.78,25.43,24.72,33.19
3321000,23.89,25.78,25.43,24.72,33.19
3322000,23.9,25.87,25.45,24.63,33.21
3323000,23.9,25.87,25.45,24.63,33.21
3324000,23.94,25.87,25.52,24.6,33.36
3325000,23.94,25.87,25.52,24.6,33.36
3326000,23.94,25.87,25.52,24.6,33.36
3327000,23.81,25.88,25.32,24.49,33.45
3328000,23.81,25.88,25.32,24.49,33.45
3329000,23.82,25.92,25.51,24.34,33.49
3330000,23.82,25.92,25.51,24.34,33.49
3331000,23.82,25.92,25.51,24.34,33.49
3332000,23.61,25.95,25.6,24.37,33.46
3333000,23.61,25.95,25.6,24.37,33.46
3334000,23.59,26.18,25.61,24.49,33.56
3335000,23.59,26.18,25.61,24.49,33.56
3336000,23.59,26.18,25.61,24.49,33.56
3337000,23.61,26.15,25.46,24.36,33.61
3338000,23.61,26.15,25.46,24.36,33.61
3339000,23.74,26.28,25.51,24.38,33.88
3340000,23.74,26.28,25.51,24.38,33.88
3341000,23.74,26.28,25.51,24.38,33.88
3342000,23.86,26.23,25.45,24.47,33.95
3343000,23.86,26.23,25.45,24.47,33.95
3344000,23.97,26.2,25.57,24.47,34.02
3345000,23.97,26.2,25.57,24.47,34.02
3346000,23.97,26.2,25.57,24.47,34.02
3347000,24.04,26.12,25.67,24.39,34.16
3348000,24.04,26.12,25.67,24.39,34.16
3349000,24.27,26.08,25.71,24.44,34.08
3350000,24.27,26.08,25.71,24.44,34.08
3351000,24.27,26.08,25.71,24.44,34.08
3352000,24.18,26.06,25.83,24.52,34.03
3353000,24.18,26.06,25.83,24.52,34.03
3354000,24.36,26.08,25.81,24.6,34.11
3355000,24.36,26.08,25.81,24.6,34.11
3356000,24.36,26.08,25.81,24.6,34.11
3357000,24.24,26.11,25.91,24.31,34.22
3358000,24.24,26.11,25.91,24.31,34.22
3359000,24.23,25.83,25.91,24.48,34.32
3360000,24.23,25.83,25.91,24.48,34.32
3361000,24.23,25.83,25.91,24.48,34.32
3362000,24.1,25.86,25.55,24.42,34.35
3363000,24.1,25.86,25.55,24.42,34.35
3364000,24.06,25.96,25.59,24.56,34.47
3365000,24.06,25.96,25.59,24.56,34.47
3366000,24.06,25.96,25.59,24.56,34.47
3367000,24.13,25.94,25.54,24.4,34.51
3368000,24.13,25.94,25.54,24.4,34.51
3369000,24.0,26.08,25.42,24.63,34.52
3370000,24.0,26.08,25.42,24.63,34.52
3371000,24.0,26.08,25.42,24.63,34.52
3372000,24.14,26.18,25.44,24.6,34.62
3373000,24.14,26.18,25.44,24.6,34.62
3374000,24.04,26.13,25.61,24.55,34.67
3375000,24.04,26.13,25.61,24.55,34.67
3376000,24.04,26.13,25.61,24.55,34.67
3377000,24.04,26.31,25.66,24.53,34.7
3378000,24.04,26.31,25.66,24.53,34.7
3379000,23.98,26.42,25.83,24.65,34.88
3380000,23.98,26.42,25.83,24.65,34.88
3381000,23.98,26.42,25.83,24.65,34.88
3382000,23.99,26.3,25.88,24.54,35.01
3383000,23.99,26.3,25.88,24.54,35.01
3384000,23.97,26.44,25.8,24.42,35.02
3385000,23.97,26.44,25.8,24.42,35.02
3386000,23.97,26.44,25.8,24.42,35.02
3387000,23.97,26.68,25.95,24.33,35.09
3388000,23.97,26.68,25.95,24.33,35.09
3389000,23.95,26.78,25.79,24.5,35.17
3390000,23.95,26.78,25.79,24.5,35.17
3391000,23.95,26.78,25.79,24.5,35.17
3392000,23.95,26.92,25.72,24.49,35.21
3393000,23.95,26.92,25.72,24.49,35.21
3394000,24.12,27.1,25.84,24.56,35.25
3395000,24.12,27.1,25.84,24.56,35.25
3396000,24.12,27.1,25.84,24.56,35.25
3397000,24.22,27.13,25.78,24.75,35.47
3398000,24.22,27.13,25.78,24.75,35.47
3399000,24.44,27.32,25.94,24.77,35.59
3400000,24.44,27.32,25.94,24.77,35.59
3401000,24.44,27.32,25.94,24.77,35.59
3402000,24.35,27.33,25.87,24.81,35.72
3403000,24.35,27.33,25.87,24.81,35.72
3404000,24.37,27.31,25.8,24.73,35.58
3405000,24.37,27.31,25.8,24.73,35.58
3406000,24.37,27.31,25.8,24.73,35.58
3407000,24.27,27.48,25.84,24.53,35.27
3408000,24.27,27.48,25.84,24.53,35.27
3409000,24.19,27.56,25.62,24.66,35.24
3410000,24.19,27.56,25.62,24.66,35.24
3411000,24.19,27.56,25.62,24.66,35.24
3412000,24.21,27.67,25.7,24.6,35.08
3413000,24.21,27.67,25.7,24.6,35.08
3414000,24.17,27.8,25.72,24.43,35.27
3415000,24.17,27.8,25.72,24.43,35.27
3416000,24.17,27.8,25.72,24.43,35.27
3417000,24.37,27.93,25.68,24.34,35.11
3418000,24.37,27.93,25.68,24.34,35.11
3419000,24.2,28.04,25.76,24.42,35.13
3420000,24.2,28.04,25.76,24.42,35.13
3421000,24.2,28.04,25.76,24.42,35.13
3422000,24.03,28.0,25.86,24.52,35.09
3423000,24.03,28.0,25.86,24.52,35.09
3424000,24.19,28.42,25.85,24.65,35.52
3425000,24.19,28.42,25.85,24.65,35.52
3426000,24.19,28.42,25.85,24.65,35.52
3427000,24.22,28.46,26.07,24.62,35.57
3428000,24.22,28.46,26.07,24.62,35.57
3429000,24.41,28.63,26.22,24.54,35.72
3430000,24.41,28.63,26.22,24.54,35.72
3431000,24.41,28.63,26.22,24.54,35.72
3432000,24.43,28.6,26.47,24.52,35.71
3433000,24.43,28.6,26.47,24.52,35.71
3434000,24.43,28.54,26.46,24.47,35.88
3435000,24.43,28.54,26.46,24.47,35.88
3436000,24.43,28.54,26.46,24.47,35.88
3437000,24.65,28.65,26.55,24.34,35.98
3438000,24.65,28.65,26.55,24.34,35.98
3439000,24.51,28.75,26.66,24.41,36.11
3440000,24.51,28.75,26.66,24.41,36.11
3441000,24.51,28.75,26.66,24.41,36.11
3442000,24.62,28.69,26.85,24.41,36.25
3443000,24.62,28.69,26.85,24.41,36.25
3444000,24.61,29.05,26.87,24.67,36.28
3445000,24.61,29.05,26.87,24.67,36.28
3446000,24.61,29.05,26.87,24.67,36.28
3447000,24.71,29.11,26.91,24.7,36.29
3448000,24.71,29.11,26.91,24.7,36.29
3449000,24.59,29.2,26.91,24.52,36.5
3450000,24.59,29.2,26.91,24.52,36.5
3451000,24.59,29.2,26.91,24.52,36.5
3452000,24.42,29.21,27.07,24.6,36.63
3453000,24.42,29.21,27.07,24.6,36.63
3454000,24.31,29.26,27.22,24.59,36.69
3455000,24.31,29.26,27.22,24.59,36.69
3456000,24.31,29.26,27.22,24.59,36.69
3457000,24.21,29.19,27.3,24.87,36.67
3458000,24.21,29.19,27.3,24.87,36.67
3459000,24.47,29.37,27.25,24.57,36.82
3460000,24.47,29.37,27.25,24.57,36.82
3461000,24.47,29.37,27.25,24.57,36.82
3462000,24.64,29.58,27.37,24.51,37.1
3463000,24.64,29.58,27.37,24.51,37.1
3464000,24.62,29.72,27.23,24.36,37.15
3465000,24.62,29.72,27.23,24.36,37.15
3466000,24.62,29.72,27.23,24.36,37.15
3467000,24.43,29.79,27.42,24.28,37.28
3468000,24.43,29.79,27.42,24.28,37.28
3469000,24.33,29.82,27.32,24.17,37.44
3470000,24.33,29.82,27.32,24.17,37.44
3471000,24.33,29.82,27.32,24.17,37.44
3472000,24.18,29.89,27.42,24.19,37.5
3473000,24.18,29.89,27.42,24.19,37.5
3474000,23.96,30.0,27.33,24.07,37.51
3475000,23.96,30.0,27.33,24.07,37.51
3476000,23.96,30.0,27.33,24.07,37.51
3477000,23.89,30.26,27.38,23.99,37.67
3478000,23.89,30.26,27.38,23.99,37.67
3479000,23.89,30.37,27.39,24.1,37.96
3480000,23.89,30.37,27.39,24.1,37.96
3481000,23.89,30.37,27.39,24.1,37.96
3482000,23.93,30.43,27.42,23.97,37.93
3483000,23.93,30.43,27.42,23.97,37.93
3484000,24.1,30.56,27.41,24.0,38.08
3485000,24.1,30.56,27.41,24.0,38.08
3486000,24.1,30.56,27.41,24.0,38.08
3487000,24.25,30.44,27.41,24.0,38.18
3488000,24.25,30.44,27.41,24.0,38.18
3489000,24.14,30.4,27.55,24.17,38.18
3490000,24.14,30.4,27.55,24.17,38.18
3491000,24.14,30.4,27.55,24.17,38.18
3492000,23.98,30.3,27.89,24.06,38.13
3493000,23.98,30.3,27.89,24.06,38.13
3494000,24.11,30.23,27.97,24.02,38.14
3495000,24.11,30.23,27.97,24.02,38.14
3496000,24.11,30.23,27.97,24.02,38.14
3497000,24.11,30.31,27.77,23.99,38.24
3498000,24.11,30.31,27.77,23.99,38.24
3499000,23.83,30.25,27.88,23.88,38.4
3500000,23.83,30.25,27.88,23.88,38.4
3501000,23.83,30.25,27.88,23.88,38.4
3502000,24.03,30.22,27.82,23.92,38.48
3503000,24.03,30.22,27.82,23.92,38.48
3504000,24.16,30.28,27.57,23.85,38.47
3505000,24.16,30.28,27.57,23.85,38.47
3506000,24.16,30.28,27.57,23.85,38.47
3507000,24.24,30.25,27.56,24.01,38.36
3508000,24.24,30.25,27.56,24.01,38.36
3509000,24.34,30.27,27.67,24.11,38.3
3510000,24.34,30.27,27.67,24.11,38.3
3511000,24.34,30.27,27.67,24.11,38.3
3512000,24.3,30.27,27.88,24.15,38.52
3513000,24.3,30.27,27.88,24.15,38.52
3514000,24.36,30.31,27.8,24.26,38.43
3515000,24.36,30.31,27.8,24.26,38.43
3516000,24.36,30.31,27.8,24.26,38.43
3517000,24.36,30.37,27.97,24.16,38.49
3518000,24.36,30.37,27.97,24.16,38.49
3519000,24.2,30.71,27.96,24.22,38.59
3520000,24.2,30.71,27.96,24.22,38.59
3521000,24.2,30.71,27.96,24.22,38.59
3522000,24.18,31.04,28.29,24.21,38.69
3523000,24.18,31.04,28.29,24.21,38.69
3524000,24.13,30.95,28.23,24.42,38.54
3525000,24.13,30.95,28.23,24.42,38.54
3526000,24.13,30.95,28.23,24.42,38.54
3527000,24.19,30.91,28.42,24.34,38.77
3528000,24.19,30.91,28.42,24.34,38.77
3529000,23.85,30.9,28.64,24.44,38.72
3530000,23.85,30.9,28.64,24.44,38.72
3531000,23.85,30.9,28.64,24.44,38.72
3532000,23.67,31.19,28.71,24.67,38.69
3533000,23.67,31.19,28.71,24.67,38.69
3534000,23.88,31.1,28.68,24.81,38.84
3535000,23.88,31.1,28.68,24.81,38.84
3536000,23.88,31.1,28.68,24.81,38.84
3537000,23.73,31.1,28.96,24.82,38.84
3538000,23.73,31.1,28.96,24.82,38.84
3539000,23.79,31.11,29.14,24.91,38.79
3540000,23.79,31.11,29.14,24.91,38.79
3541000,23.79,31.11,29.14,24.91,38.79
3542000,23.86,31.17,29.17,24.98,38.82
3543000,23.86,31.17,29.17,24.98,38.82
3544000,23.96,31.13,29.13,24.88,38.78
3545000,23.96,31.13,29.13,24.88,38.78
3546000,23.96,31.13,29.13,24.88,38.78
3547000,23.74,31.08,29.02,25.01,38.8
3548000,23.74,31.08,29.02,25.01,38.8
3549000,23.83,31.11,29.14,25.09,38.99
3550000,23.83,31.11,29.14,25.09,38.99
3551000,23.83,31.11,29.14,25.09,38.99
3552000,23.88,31.07,29.24,25.04,39.05
3553000,23.88,31.07,29.24,25.04,39.05
3554000,23.69,31.24,29.36,24.99,38.97
3555000,23.69,31.24,29.36,24.99,38.97
3556000,23.69,31.24,29.36,24.99,38.97
3557000,23.85,31.29,29.4,25.0,39.09
3558000,23.85,31.29,29.4,25.0,39.09
3559000,23.79,31.19,29.7,24.89,38.9
3560000,23.79,31.19,29.7,24.89,38.9
3561000,23.79,31.19,29.7,24.89,38.9
3562000,23.56,31.18,29.89,24.95,38.78
3563000,23.56,31.18,29.89,24.95,38.78
3564000,23.62,31.16,29.95,24.75,38.71
3565000,23.62,31.16,29.95,24.75,38.71
3566000,23.62,31.16,29.95,24.75,38.71
3567000,23.67,30.96,30.05,24.84,38.56
3568000,23.67,30.96,30.05,24.84,38.56
3569000,23.86,30.97,30.05,24.99,38.69
3570000,23.86,30.97,30.05,24.99,38.69
3571000,23.86,30.97,30.05,24.99,38.69
3572000,23.83,30.99,29.96,24.99,38.7
3573000,23.83,30.99,29.96,24.99,38.7
3574000,23.71,30.95,30.1,25.18,38.64
3575000,23.71,30.95,30.1,25.18,38.64
3576000,23.71,30.95,30.1,25.18,38.64
3577000,23.78,31.03,30.29,25.27,38.65
3578000,23.78,31.03,30.29,25.27,38.65
3579000,23.65,31.1,30.32,25.39,38.72
3580000,23.65,31.1,30.32,25.39,38.72
3581000,23.65,31.1,30.32,25.39,38.72
3582000,23.73,31.04,30.43,25.47,38.74
3583000,23.73,31.04,30.43,25.47,38.74
3584000,23.8,31.04,30.6,25.16,38.71
3585000,23.8,31.04,30.6,25.16,38.71
3586000,23.8,31.04,30.6,25.16,38.71
3587000,23.82,31.1,30.8,25.11,38.51
3588000,23.82,31.1,30.8,25.11,38.51
3589000,24.01,31.13,30.83,25.04,38.34
3590000,24.01,31.13,30.83,25.04,38.34
3591000,24.01,31.13,30.83,25.04,38.34
3592000,23.99,31.17,30.93,25.16,38.3
3593000,23.99,31.17,30.93,25.16,38.3
3594000,23.94,31.21,30.91,25.3,38.35
3595000,23.94,31.21,30.91,25.3,38.35
3596000,23.94,31.21,30.91,25.3,38.35
3597000,23.68,31.18,31.01,25.42,38.33
3598000,23.68,31.18,31.01,25.42,38.33
3599000,23.48,31.26,31.01,25.46,38.41
3600000,23.48,31.26,31.01,25.46,38.41
3601000,23.48,31.26,31.01,25.46,38.41
3602000,23.53,31.18,31.05,25.52,38.28
3603000,23.53,31.18,31.05,25.52,38.28
3604000,23.48,31.27,31.06,25.75,38.42
3605000,23.48,31.27,31.06,25.75,38.42
3606000,23.48,31.27,31.06,25.75,38.42
3607000,23.51,31.32,31.03,25.95,38.52
3608000,23.51,31.32,31.03,25.95,38.52
3609000,23.51,31.53,31.08,25.96,38.55
3610000,23.51,31.53,31.08,25.96,38.55
3611000,23.51,31.53,31.08,25.96,38.55
3612000,23.77,31.42,31.38,26.07,38.53
3613000,23.77,31.42,31.38,26.07,38.53
3614000,24.02,31.51,31.45,25.95,38.5
3615000,24.02,31.51,31.45,25.95,38.5
3616000,24.02,31.51,31.45,25.95,38.5
3617000,24.02,31.58,31.64,25.9,38.58
3618000,24.02,31.58,31.64,25.9,38.58
3619000,24.05,31.54,31.76,25.78,38.68
3620000,24.05,31.54,31.76,25.78,38.68
3621000,24.05,31.54,31.76,25.78,38.68
3622000,24.09,31.58,31.62,25.86,38.72
3623000,24.09,31.58,31.62,25.86,38.72
3624000,24.07,31.76,31.53,25.91,38.57
3625000,24.07,31.76,31.53,25.91,38.57
3626000,24.07,31.76,31.53,25.91,38.57
3627000,24.21,31.7,31.56,25.88,38.59
3628000,24.21,31.7,31.56,25.88,38.59
3629000,24.13,31.7,31.16,25.97,38.48
3630000,24.13,31.7,31.16,25.97,38.48
3631000,24.13,31.7,31.16,25.97,38.48
3632000,24.32,31.77,31.09,26.04,38.37
3633000,24.32,31.77,31.09,26.04,38.37
3634000,24.38,31.82,31.15,25.97,38.33
3635000,24.38,31.82,31.15,25.97,38.33
3636000,24.38,31.82,31.15,25.97,38.33
3637000,24.49,31.88,31.02,25.98,38.32
3638000,24.49,31.88,31.02,25.98,38.32
3639000,24.67,31.7,30.97,25.98,38.28
3640000,24.67,31.7,30.97,25.98,38.28
3641000,24.67,31.7,30.97,25.98,38.28
3642000,24.72,31.63,31.04,26.16,38.26
3643000,24.72,31.63,31.04,26.16,38.26
3644000,24.5,31.71,30.99,26.29,38.32
3645000,24.5,31.71,30.99,26.29,38.32
3646000,24.5,31.71,30.99,26.29,38.32
3647000,24.53,31.87,31.12,26.2,38.28
3648000,24.53,31.87,31.12,26.2,38.28
3649000,24.27,31.88,31.02,26.21,38.33
3650000,24.27,31.88,31.02,26.21,38.33
3651000,24.27,31.88,31.02,26.21,38.33
3652000,24.4,31.84,31.08,26.26,38.34
3653000,24.4,31.84,31.08,26.26,38.34
3654000,24.49,31.85,31.14,26.3,38.61
3655000,24.49,31.85,31.14,26.3,38.61
3656000,24.49,31.85,31.14,26.3,38.61
3657000,24.39,31.71,31.29,26.33,38.97
3658000,24.39,31.71,31.29,26.33,38.97
3659000,24.4,31.73,31.4,26.41,38.89
3660000,24.4,31.73,31.4,26.41,38.89
3661000,24.4,31.73,31.4,26.41,38.89
3662000,24.5,31.77,31.56,26.43,39.14
3663000,24.5,31.77,31.56,26.43,39.14
3664000,24.41,31.79,31.77,26.25,39.1
3665000,24.41,31.79,31.77,26.25,39.1
3666000,24.41,31.79,31.77,26.25,39.1
3667000,24.45,31.63,31.94,26.22,39.3
3668000,24.45,31.63,31.94,26.22,39.3
3669000,24.53,31.57,31.9,26.14,39.44
3670000,24.53,31.57,31.9,26.14,39.44
3671000,24.53,31.57,31.9,26.14,39.44
3672000,24.78,31.68,31.89,26.0,39.48
3673000,24.78,31.68,31.89,26.0,39.48
3674000,24.5,31.66,31.54,25.84,39.5
3675000,24.5,31.66,31.54,25.84,39.5
3676000,24.5,31.66,31.54,25.84,39.5
3677000,24.27,31.64,31.52,25.77,39.53
3678000,24.27,31.64,31.52,25.77,39.53
3679000,24.21,31.6,31.48,25.9,39.55
3680000,24.21,31.6,31.48,25.9,39.55
3681000,24.21,31.6,31.48,25.9,39.55
3682000,24.16,31.68,31.27,26.2,39.71
3683000,24.16,31.68,31.27,26.2,39.71
3684000,24.15,31.89,31.06,26.18,39.59
3685000,24.15,31.89,31.06,26.18,39.59
3686000,24.15,31.89,31.06,26.18,39.59
3687000,24.0,31.78,31.12,26.14,39.63
3688000,24.0,31.78,31.12,26.14,39.63
3689000,24.06,31.75,31.1,26.07,39.64
3690000,24.06,31.75,31.1,26.07,39.64
3691000,24.06,31.75,31.1,26.07,39.64
3692000,24.1,31.76,31.19,25.92,39.62
3693000,24.1,31.76,31.19,25.92,39.62
3694000,23.9,31.59,31.16,25.86,39.48
3695000,23.9,31.59,31.16,25.86,39.48
3696000,23.9,31.59,31.16,25.86,39.48
3697000,23.84,31.38,31.11,25.82,39.09
3698000,23.84,31.38,31.11,25.82,39.09
3699000,23.87,31.34,31.1,25.88,39.04
3700000,23.87,31.34,31.1,25.88,39.04
3701000,23.87,31.34,31.1,25.88,39.04
3702000,24.13,31.29,31.14,25.8,38.94
3703000,24.13,31.29,31.14,25.8,38.94
3704000,24.29,30.95,31.1,25.99,38.88
3705000,24.29,30.95,31.1,25.99,38.88
3706000,24.29,30.95,31.1,25.99,38.88
3707000,24.13,31.08,31.21,25.81,38.84
3708000,24.13,31.08,31.21,25.81,38.84
3709000,24.01,30.92,31.32,25.95,38.84
3710000,24.01,30.92,31.32,25.95,38.84
3711000,24.01,30.92,31.32,25.95,38.84
3712000,23.97,30.81,31.35,25.96,38.8
3713000,23.97,30.81,31.35,25.96,38.8
3714000,23.75,30.89,31.55,26.03,38.73
3715000,23.75,30.89,31.55,26.03,38.73
3716000,23.75,30.89,31.55,26.03,38.73
3717000,23.84,30.96,31.67,26.21,38.7
3718000,23.84,30.96,31.67,26.21,38.7
3719000,23.85,31.0,31.78,26.19,38.73
3720000,23.85,31.0,31.78,26.19,38.73
3721000,23.85,31.0,31.78,26.19,38.73
3722000,23.93,31.0,31.71,26.15,38.8
3723000,23.93,31.0,31.71,26.15,38.8
3724000,24.02,31.14,31.87,26.07,38.85
3725000,24.02,31.14,31.87,26.07,38.85
3726000,24.02,31.14,31.87,26.07,38.85
3727000,24.07,31.09,31.83,26.24,38.88
3728000,24.07,31.09,31.83,26.24,38.88
3729000,24.08,31.15,31.68,25.94,38.75
3730000,24.08,31.15,31.68,25.94,38.75
3731000,24.08,31.15,31.68,25.94,38.75
3732000,24.19,31.13,31.36,26.05,38.9
3733000,24.19,31.13,31.36,26.05,38.9
3734000,24.38,31.13,31.26,25.97,38.91
3735000,24.38,31.13,31.26,25.97,38.91
3736000,24.38,31.13,31.26,25.97,38.91
3737000,24.4,31.34,31.28,25.9,38.9
3738000,24.4,31.34,31.28,25.9,38.9
3739000,24.38,31.34,31.39,25.69,38.88
3740000,24.38,31.34,31.39,25.69,38.88
3741000,24.38,31.34,31.39,25.69,38.88
3742000,24.27,31.35,31.2,25.84,38.79
3743000,24.27,31.35,31.2,25.84,38.79
3744000,24.17,31.27,31.21,25.83,38.67
3745000,24.17,31.27,31.21,25.83,38.67
3746000,24.17,31.27,31.21,25.83,38.67
3747000,24.43,31.21,31.4,25.9,38.73
3748000,24.43,31.21,31.4,25.9,38.73
3749000,24.5,31.27,31.29,26.07,38.57
3750000,24.5,31.27,31.29,26.07,38.57
3751000,24.5,31.27,31.29,26.07,38.57
3752000,24.43,31.24,31.31,25.72,38.76
3753000,24.43,31.24,31.31,25.72,38.76
3754000,24.53,31.14,31.43,25.73,38.83
3755000,24.53,31.14,31.43,25.73,38.83
3756000,24.53,31.14,31.43,25.73,38.83
3757000,24.32,31.05,31.42,25.73,38.91
3758000,24.32,31.05,31.42,25.73,38.91
3759000,24.32,31.05,31.42,25.73,38.91
3760000,24.39,30.92,31.48,25.67,38.92
3761000,24.39,30.92,31.48,25.67,38.92
3762000,24.5,30.83,31.48,25.78,38.94
3763000,24.5,30.83,31.48,25.78,38.94
3764000,24.5,30.83,31.48,25.78,38.94
3765000,24.39,30.68,31.63,25.63,38.73
3766000,24.39,30.68,31.63,25.63,38.73
3767000,24.27,30.69,31.67,25.83,38.6
3768000,24.27,30.69,31.67,25.83,38.6
3769000,24.27,30.69,31.67,25.83,38.6
3770000,24.44,30.57,31.39,25.91,38.56
3771000,24.44,30.57,31.39,25.91,38.56
3772000,24.47,30.46,31.32,25.99,38.59
3773000,24.47,30.46,31.32,25.99,38.59
3774000,24.47,30.46,31.32,25.99,38.59
3775000,24.67,30.53,31.32,25.91,38.86
3776000,24.67,30.53,31.32,25.91,38.86
3777000,24.78,30.5,31.2,26.01,38.85
3778000,24.78,30.5,31.2,26.01,38.85
3779000,24.78,30.5,31.2,26.01,38.85
3780000,24.99,30.37,31.17,26.12,38.98
3781000,24.99,30.37,31.17,26.12,38.98
3782000,25.03,30.27,31.07,26.17,39.0
3783000,25.03,30.27,31.07,26.17,39.0
3784000,25.03,30.27,31.07,26.17,39.0
3785000,24.99,30.58,31.11,26.19,39.06
3786000,24.99,30.58,31.11,26.19,39.06
3787000,25.11,30.55,31.0,26.06,39.11
3788000,25.11,30.55,31.0,26.06,39.11
3789000,25.11,30.55,31.0,26.06,39.11
3790000,25.1,30.5,30.96,26.06,39.27
3791000,25.1,30.5,30.96,26.06,39.27
3792000,24.97,30.5,31.09,26.01,39.28
3793000,24.97,30.5,31.09,26.01,39.28
3794000,24.97,30.5,31.09,26.01,39.28
3795000,25.04,30.53,31.1,26.09,39.29
3796000,25.04,30.53,31.1,26.09,39.29
3797000,25.3,30.41,31.21,26.02,39.3
3798000,25.3,30.41,31.21,26.02,39.3
3799000,25.3,30.41,31.21,26.02,39.3
3800000,25.24,30.41,31.19,26.05,39.3
3801000,25.24,30.41,31.19,26.05,39.3
3802000,25.28,30.49,31.18,26.13,39.27
3803000,25.28,30.49,31.18,26.13,39.27
3804000,25.28,30.49,31.18,26.13,39.27
3805000,25.36,30.4,31.19,26.28,39.26
3806000,25.36,30.4,31.19,26.28,39.26
3807000,25.2,30.4,31.33,26.19,39.23
3808000,25.2,30.4,31.33,26.19,39.23
3809000,25.2,30.4,31.33,26.19,39.23
3810000,25.27,30.47,31.37,26.25,39.35
3811000,25.27,30.47,31.37,26.25,39.35
3812000,25.51,30.33,31.28,26.23,39.54
3813000,25.51,30.33,31.28,26.23,39.54
3814000,25.51,30.33,31.28,26.23,39.54
3815000,25.47,30.36,31.21,26.16,39.57
3816000,25.47,30.36,31.21,26.16,39.57
3817000,25.53,30.55,31.1,26.35,39.76
3818000,25.53,30.55,31.1,26.35,39.76
3819000,25.53,30.55,31.1,26.35,39.76
3820000,25.55,30.57,31.11,26.39,39.75
3821000,25.55,30.57,31.11,26.39,39.75
3822000,25.66,30.58,31.11,26.27,39.77
3823000,25.66,30.58,31.11,26.27,39.77
3824000,25.66,30.58,31.11,26.27,39.77
3825000,25.6,30.69,30.94,26.33,39.6
3826000,25.6,30.69,30.94,26.33,39.6
3827000,25.53,30.61,30.92,26.4,39.42
3828000,25.53,30.61,30.92,26.4,39.42
3829000,25.53,30.61,30.92,26.4,39.42
3830000,25.58,30.68,30.79,26.47,39.2
3831000,25.58,30.68,30.79,26.47,39.2
3832000,25.68,30.76,30.76,26.49,39.13
3833000,25.68,30.76,30.76,26.49,39.13
3834000,25.68,30.76,30.76,26.49,39.13
3835000,25.65,30.88,30.75,26.75,38.93
3836000,25.65,30.88,30.75,26.75,38.93
3837000,25.55,30.81,30.61,26.92,38.92
3838000,25.55,30.81,30.61,26.92,38.92
3839000,25.55,30.81,30.61,26.92,38.92
3840000,25.38,30.87,30.68,27.1,39.06
3841000,25.38,30.87,30.68,27.1,39.06
3842000,25.31,30.8,30.75,27.03,39.03
3843000,25.31,30.8,30.75,27.03,39.03
3844000,25.31,30.8,30.75,27.03,39.03
3845000,25.28,30.51,30.83,26.82,39.09
3846000,25.28,30.51,30.83,26.82,39.09
3847000,25.37,30.51,30.72,26.8,39.09
3848000,25.37,30.51,30.72,26.8,39.09
3849000,25.37,30.51,30.72,26.8,39.09
3850000,25.38,30.51,30.38,26.79,39.14
3851000,25.38,30.51,30.38,26.79,39.14
3852000,25.43,30.63,30.09,26.68,39.37
3853000,25.43,30.63,30.09,26.68,39.37
3854000,25.43,30.63,30.09,26.68,39.37
3855000,25.49,30.56,29.98,26.34,39.34
3856000,25.49,30.56,29.98,26.34,39.34
3857000,25.39,30.53,29.97,26.37,39.26
3858000,25.39,30.53,29.97,26.37,39.26
3859000,25.39,30.53,29.97,26.37,39.26
3860000,25.31,30.54,29.68,26.24,39.27
3861000,25.31,30.54,29.68,26.24,39.27
3862000,25.13,30.74,29.7,26.23,39.41
3863000,25.13,30.74,29.7,26.23,39.41
3864000,25.13,30.74,29.7,26.23,39.41
3865000,25.19,30.65,29.6,26.15,39.32
3866000,25.19,30.65,29.6,26.15,39.32
3867000,25.09,30.74,29.65,26.2,39.34
3868000,25.09,30.74,29.65,26.2,39.34
3869000,25.09,30.74,29.65,26.2,39.34
3870000,25.23,30.85,29.57,26.13,39.22
3871000,25.23,30.85,29.57,26.13,39.22
3872000,25.15,30.87,29.7,26.03,39.21
3873000,25.15,30.87,29.7,26.03,39.21
3874000,25.15,30.87,29.7,26.03,39.21
3875000,25.26,30.88,29.58,25.9,39.32
3876000,25.26,30.88,29.58,25.9,39.32
3877000,25.24,30.8,29.62,26.01,39.26
3878000,25.24,30.8,29.62,26.01,39.26
3879000,25.24,30.8,29.62,26.01,39.26
3880000,25.24,30.79,29.96,25.95,39.35
3881000,25.24,30.79,29.96,25.95,39.35
3882000,25.05,30.85,30.07,25.87,39.5
3883000,25.05,30.85,30.07,25.87,39.5
3884000,25.05,30.85,30.07,25.87,39.5
3885000,24.79,30.97,30.11,25.9,39.57
3886000,24.79,30.97,30.11,25.9,39.57
3887000,24.53,30.83,30.17,25.77,39.5
3888000,24.53,30.83,30.17,25.77,39.5
3889000,24.53,30.83,30.17,25.77,39.5
3890000,24.38,31.04,30.36,25.8,39.58
3891000,24.38,31.04,30.36,25.8,39.58
3892000,24.35,31.09,30.34,25.59,39.6
3893000,24.35,31.09,30.34,25.59,39.6
3894000,24.35,31.09,30.34,25.59,39.6
3895000,24.42,31.08,30.4,25.58,39.49
3896000,24.42,31.08,30.4,25.58,39.49
3897000,24.25,31.2,30.31,25.57,39.59
3898000,24.25,31.2,30.31,25.57,39.59
3899000,24.25,31.2,30.31,25.57,39.59
3900000,24.42,31.17,30.39,25.45,39.52
3901000,24.42,31.17,30.39,25.45,39.52
3902000,24.19,31.34,30.31,25.3,39.48
3903000,24.19,31.34,30.31,25.3,39.48
3904000,24.19,31.34,30.31,25.3,39.48
3905000,23.88,31.34,30.46,25.2,39.35
3906000,23.88,31.34,30.46,25.2,39.35
3907000,23.85,31.51,30.36,25.25,39.31
3908000,23.85,31.51,30.36,25.25,39.31
3909000,23.85,31.51,30.36,25.25,39.31
3910000,23.74,31.18,30.35,25.13,39.49
3911000,23.74,31.18,30.35,25.13,39.49
3912000,23.76,31.04,30.26,25.13,39.46
3913000,23.76,31.04,30.26,25.13,39.46
3914000,23.76,31.04,30.26,25.13,39.46
3915000,23.96,30.93,30.28,25.3,39.52
3916000,23.96,30.93,30.28,25.3,39.52
3917000,23.9,30.93,30.2,25.37,39.54
3918000,23.9,30.93,30.2,25.37,39.54
3919000,23.9,30.93,30.2,25.37,39.54
3920000,23.8,30.96,30.22,25.41,39.48
3921000,23.8,30.96,30.22,25.41,39.48
3922000,23.72,30.7,30.29,25.56,39.64
3923000,23.72,30.7,30.29,25.56,39.64
3924000,23.72,30.7,30.29,25.56,39.64
3925000,23.89,30.64,30.64,25.53,39.67
3926000,23.89,30.64,30.64,25.53,39.67
3927000,24.06,30.69,30.75,25.54,39.62
3928000,24.06,30.69,30.75,25.54,39.62
3929000,24.06,30.69,30.75,25.54,39.62
3930000,24.05,30.68,30.88,25.48,39.65
3931000,24.05,30.68,30.88,25.48,39.65
3932000,24.36,30.73,31.11,25.36,39.62
3933000,24.36,30.73,31.11,25.36,39.62
3934000,24.36,30.73,31.11,25.36,39.62
3935000,24.33,30.68,30.92,25.31,39.77
3936000,24.33,30.68,30.92,25.31,39.77
3937000,24.35,30.72,30.84,25.27,40.0
3938000,24.35,30.72,30.84,25.27,40.0
3939000,24.35,30.72,30.84,25.27,40.0
3940000,24.36,30.78,30.64,25.33,40.1
3941000,24.36,30.78,30.64,25.33,40.1
3942000,24.44,30.85,30.53,25.45,40.16
3943000,24.44,30.85,30.53,25.45,40.16
3944000,24.44,30.85,30.53,25.45,40.16
3945000,24.43,30.68,30.59,25.33,40.15
3946000,24.43,30.68,30.59,25.33,40.15
3947000,24.58,30.66,30.46,25.3,40.54
3948000,24.58,30.66,30.46,25.3,40.54
3949000,24.58,30.66,30.46,25.3,40.54
3950000,24.81,30.56,30.47,25.24,40.36
3951000,24.81,30.56,30.47,25.24,40.36
3952000,24.74,30.53,30.54,25.33,40.47
3953000,24.74,30.53,30.54,25.33,40.47
3954000,24.74,30.53,30.54,25.33,40.47
3955000,24.73,30.82,30.45,25.31,40.59
3956000,24.73,30.82,30.45,25.31,40.59
3957000,24.89,30.8,30.41,25.5,40.59
3958000,24.89,30.8,30.41,25.5,40.59
3959000,24.89,30.8,30.41,25.5,40.59
3960000,24.91,31.04,30.29,25.51,40.6
3961000,24.91,31.04,30.29,25.51,40.6
3962000,24.63,31.18,30.07,25.58,40.67
3963000,24.63,31.18,30.07,25.58,40.67
3964000,24.63,31.18,30.07,25.58,40.67
3965000,24.87,31.18,29.98,25.62,40.78
3966000,24.87,31.18,29.98,25.62,40.78
3967000,24.94,31.16,30.05,25.63,40.85
3968000,24.94,31.16,30.05,25.63,40.85
3969000,24.94,31.16,30.05,25.63,40.85
3970000,25.1,31.19,30.08,25.59,40.96
3971000,25.1,31.19,30.08,25.59,40.96
3972000,25.29,31.26,30.1,25.58,40.95
3973000,25.29,31.26,30.1,25.58,40.95
3974000,25.29,31.26,30.1,25.58,40.95
3975000,25.4,31.25,30.19,25.69,40.92
3976000,25.4,31.25,30.19,25.69,40.92
3977000,25.51,31.28,30.34,25.59,41.02
3978000,25.51,31.28,30.34,25.59,41.02
3979000,25.51,31.28,30.34,25.59,41.02
3980000,25.54,31.26,30.54,25.85,41.13
3981000,25.54,31.26,30.54,25.85,41.13
3982000,25.36,31.22,31.02,25.54,41.1
3983000,25.36,31.22,31.02,25.54,41.1
3984000,25.36,31.22,31.02,25.54,41.1
3985000,25.29,31.19,31.23,25.54,41.03
3986000,25.29,31.19,31.23,25.54,41.03
3987000,25.36,31.18,31.14,25.55,41.05
3988000,25.36,31.18,31.14,25.55,41.05
3989000,25.36,31.18,31.14,25.55,41.05
3990000,25.37,31.16,31.13,25.61,41.14
3991000,25.37,31.16,31.13,25.61,41.14
3992000,25.48,31.4,31.34,25.61,41.22
3993000,25.48,31.4,31.34,25.61,41.22
3994000,25.48,31.4,31.34,25.61,41.22
3995000,25.66,31.71,31.5,25.59,41.33
3996000,25.66,31.71,31.5,25.59,41.33
3997000,25.61,31.79,31.6,25.55,41.32
3998000,25.61,31.79,31.6,25.55,41.32
3999000,25.61,31.79,31.6,25.55,41.32
4000000,25.74,31.91,31.68,25.43,41.49
4001000,25.74,31.91,31.68,25.43,41.49
4002000,25.81,32.03,31.71,25.72,41.5
4003000,25.81,32.03,31.71,25.72,41.5
4004000,25.81,32.03,31.71,25.72,41.5
4005000,25.75,32.2,31.8,25.63,41.47
4006000,25.75,32.2,31.8,25.63,41.47
4007000,25.85,32.44,31.84,25.55,41.51
4008000,25.85,32.44,31.84,25.55,41.51
4009000,25.85,32.44,31.84,25.55,41.51
4010000,25.92,32.45,31.83,25.67,41.64
4011000,25.92,32.45,31.83,25.67,41.64
4012000,25.83,32.44,31.84,25.61,41.6
4013000,25.83,32.44,31.84,25.61,41.6
4014000,25.83,32.44,31.84,25.61,41.6
4015000,25.97,32.55,31.86,25.64,41.9
4016000,25.97,32.55,31.86,25.64,41.9
4017000,26.1,32.51,31.89,25.56,41.95
4018000,26.1,32.51,31.89,25.56,41.95
4019000,26.1,32.51,31.89,25.56,41.95
4020000,26.02,32.55,32.21,25.32,41.98
4021000,26.02,32.55,32.21,25.32,41.98
4022000,26.07,32.66,32.35,25.25,41.92
4023000,26.07,32.66,32.35,25.25,41.92
4024000,26.07,32.66,32.35,25.25,41.92
4025000,26.15,32.77,32.45,25.2,41.87
4026000,26.15,32.77,32.45,25.2,41.87
4027000,25.95,32.95,32.61,25.17,41.88
4028000,25.95,32.95,32.61,25.17,41.88
4029000,25.95,32.95,32.61,25.17,41.88
4030000,25.94,32.89,32.68,25.17,41.75
4031000,25.94,32.89,32.68,25.17,41.75
4032000,25.84,32.83,32.82,25.13,41.96
4033000,25.84,32.83,32.82,25.13,41.96
4034000,25.84,32.83,32.82,25.13,41.96
4035000,25.81,32.85,32.7,25.14,41.95
4036000,25.81,32.85,32.7,25.14,41.95
4037000,25.79,32.78,32.75,25.14,41.92
4038000,25.79,32.78,32.75,25.14,41.92
4039000,25.79,32.78,32.75,25.14,41.92
4040000,25.78,32.88,32.79,25.16,41.9
4041000,25.78,32.88,32.79,25.16,41.9
4042000,25.96,32.59,32.82,25.39,41.93
4043000,25.96,32.59,32.82,25.39,41.93
4044000,25.96,32.59,32.82,25.39,41.93
4045000,25.81,32.68,32.9,25.34,41.95
4046000,25.81,32.68,32.9,25.34,41.95
4047000,25.75,32.88,32.86,25.42,42.02
4048000,25.75,32.88,32.86,25.42,42.02
4049000,25.75,32.88,32.86,25.42,42.02
4050000,25.84,32.86,33.01,25.31,41.97
4051000,25.84,32.86,33.01,25.31,41.97
4052000,25.7,32.64,32.97,25.36,41.82
4053000,25.7,32.64,32.97,25.36,41.82
4054000,25.7,32.64,32.97,25.36,41.82
4055000,25.67,32.67,33.04,25.28,41.87
4056000,25.67,32.67,33.04,25.28,41.87
4057000,25.78,32.71,33.06,25.35,41.89
4058000,25.78,32.71,33.06,25.35,41.89
4059000,25.78,32.71,33.06,25.35,41.89
4060000,25.74,32.75,33.08,25.15,41.99
4061000,25.74,32.75,33.08,25.15,41.99
4062000,25.69,33.03,33.19,25.3,41.98
4063000,25.69,33.03,33.19,25.3,41.98
4064000,25.69,33.03,33.19,25.3,41.98
4065000,25.68,33.03,33.33,25.37,41.92
4066000,25.68,33.03,33.33,25.37,41.92
4067000,25.7,33.12,33.49,25.14,41.96
4068000,25.7,33.12,33.49,25.14,41.96
4069000,25.7,33.12,33.49,25.14,41.96
4070000,25.64,33.16,33.6,25.08,41.92
4071000,25.64,33.16,33.6,25.08,41.92
4072000,25.45,33.19,33.72,25.19,41.96
4073000,25.45,33.19,33.72,25.19,41.96
4074000,25.45,33.19,33.72,25.19,41.96
4075000,25.61,33.18,33.87,25.03,42.13
4076000,25.61,33.18,33.87,25.03,42.13
4077000,25.57,33.23,33.91,25.09,42.33
4078000,25.57,33.23,33.91,25.09,42.33
4079000,25.57,33.23,33.91,25.09,42.33
4080000,25.71,33.24,34.14,24.98,42.58
4081000,25.71,33.24,34.14,24.98,42.58
4082000,25.69,33.21,34.17,24.96,42.6
4083000,25.69,33.21,34.17,24.96,42.6
4084000,25.69,33.21,34.17,24.96,42.6
4085000,25.56,33.19,34.23,24.93,42.72
4086000,25.56,33.19,34.23,24.93,42.72
4087000,25.6,33.37,34.29,24.69,42.87
4088000,25.6,33.37,34.29,24.69,42.87
4089000,25.6,33.37,34.29,24.69,42.87
4090000,25.61,33.43,34.31,24.65,42.98
4091000,25.61,33.43,34.31,24.65,42.98
4092000,25.69,33.54,34.26,24.66,43.09
4093000,25.69,33.54,34.26,24.66,43.09
4094000,25.69,33.54,34.26,24.66,43.09
4095000,25.69,33.88,34.25,24.84,43.23
4096000,25.69,33.88,34.25,24.84,43.23
4097000,25.61,33.91,34.16,24.7,43.31
4098000,25.61,33.91,34.16,24.7,43.31
4099000,25.61,33.91,34.16,24.7,43.31
4100000,25.64,33.91,34.59,24.82,43.39
4101000,25.64,33.91,34.59,24.82,43.39
4102000,25.55,33.91,34.96,24.81,43.4
4103000,25.55,33.91,34.96,24.81,43.4
4104000,25.55,33.91,34.96,24.81,43.4
4105000,25.5,34.0,34.89,24.91,43.17
4106000,25.5,34.0,34.89,24.91,43.17
4107000,25.71,34.02,34.85,24.98,43.2
4108000,25.71,34.02,34.85,24.98,43.2
4109000,25.71,34.02,34.85,24.98,43.2
4110000,25.83,34.08,35.15,24.92,43.21
4111000,25.83,34.08,35.15,24.92,43.21
4112000,25.78,34.14,35.16,24.75,43.05
4113000,25.78,34.14,35.16,24.75,43.05
4114000,25.78,34.14,35.16,24.75,43.05
4115000,25.78,34.17,35.24,24.83,42.85
4116000,25.78,34.17,35.24,24.83,42.85
4117000,25.97,34.2,35.11,24.97,42.89
4118000,25.97,34.2,35.11,24.97,42.89
4119000,25.97,34.2,35.11,24.97,42.89
4120000,25.83,34.26,35.29,25.2,42.78
4121000,25.83,34.26,35.29,25.2,42.78
4122000,25.72,34.03,35.3,25.32,42.63
4123000,25.72,34.03,35.3,25.32,42.63
4124000,25.72,34.03,35.3,25.32,42.63
4125000,25.52,33.97,35.52,25.34,42.71
4126000,25.52,33.97,35.52,25.34,42.71
4127000,25.4,34.06,35.57,25.29,42.83
4128000,25.4,34.06,35.57,25.29,42.83
4129000,25.4,34.06,35.57,25.29,42.83
4130000,25.46,34.15,35.48,25.34,42.87
4131000,25.46,34.15,35.48,25.34,42.87
4132000,25.52,34.14,35.33,25.46,42.85
4133000,25.52,34.14,35.33,25.46,42.85
4134000,25.52,34.14,35.33,25.46,42.85
4135000,25.6,34.15,35.39,25.49,42.95
4136000,25.6,34.15,35.39,25.49,42.95
4137000,25.83,34.24,35.41,25.69,43.04
4138000,25.83,34.24,35.41,25.69,43.04
4139000,25.83,34.24,35.41,25.69,43.04
4140000,26.0,34.08,35.6,25.74,43.02
4141000,26.0,34.08,35.6,25.74,43.02
4142000,26.0,34.24,35.82,25.73,43.07
4143000,26.0,34.24,35.82,25.73,43.07
4144000,26.0,34.24,35.82,25.73,43.07
4145000,25.89,34.25,35.76,25.55,43.1
4146000,25.89,34.25,35.76,25.55,43.1
4147000,26.03,34.25,35.89,25.64,43.07
4148000,26.03,34.25,35.89,25.64,43.07
4149000,26.03,34.25,35.89,25.64,43.07
4150000,26.04,33.99,35.84,25.76,43.13
4151000,26.04,33.99,35.84,25.76,43.13
4152000,26.02,34.02,35.87,25.87,43.17
4153000,26.02,34.02,35.87,25.87,43.17
4154000,26.02,34.02,35.87,25.87,43.17
4155000,26.23,33.89,35.95,25.86,43.31
4156000,26.23,33.89,35.95,25.86,43.31
4157000,26.32,33.89,35.96,25.93,43.4
4158000,26.32,33.89,35.96,25.93,43.4
4159000,26.32,33.89,35.96,25.93,43.4
4160000,26.38,34.3,36.06,26.13,43.35
4161000,26.38,34.3,36.06,26.13,43.35
4162000,26.49,34.54,35.86,26.31,43.3
4163000,26.49,34.54,35.86,26.31,43.3
4164000,26.49,34.54,35.86,26.31,43.3
4165000,26.37,34.61,35.86,26.45,43.27
4166000,26.37,34.61,35.86,26.45,43.27
4167000,26.39,34.73,35.95,26.38,43.16
4168000,26.39,34.73,35.95,26.38,43.16
4169000,26.39,34.73,35.95,26.38,43.16
4170000,26.46,34.71,36.09,26.49,43.19
4171000,26.46,34.71,36.09,26.49,43.19
4172000,26.42,35.03,36.09,26.58,43.15
4173000,26.42,35.03,36.09,26.58,43.15
4174000,26.42,35.03,36.09,26.58,43.15
4175000,26.39,35.08,36.18,26.49,43.13
4176000,26.39,35.08,36.18,26.49,43.13
4177000,26.27,35.15,36.17,26.54,43.21
4178000,26.27,35.15,36.17,26.54,43.21
4179000,26.27,35.15,36.17,26.54,43.21
4180000,26.33,35.25,36.26,26.5,43.1
4181000,26.33,35.25,36.26,26.5,43.1
4182000,26.14,35.29,36.26,26.54,43.17
4183000,26.14,35.29,36.26,26.54,43.17
4184000,26.14,35.29,36.26,26.54,43.17
4185000,26.22,35.34,36.69,26.68,43.3
4186000,26.22,35.34,36.69,26.68,43.3
4187000,26.19,35.23,36.96,26.82,43.3
4188000,26.19,35.23,36.96,26.82,43.3
4189000,26.19,35.23,36.96,26.82,43.3
4190000,26.29,35.33,37.31,26.91,43.27
4191000,26.29,35.33,37.31,26.91,43.27
4192000,26.2,35.21,37.47,26.76,43.37
4193000,26.2,35.21,37.47,26.76,43.37
4194000,26.2,35.21,37.47,26.76,43.37
4195000,26.33,35.5,37.57,26.82,43.61
4196000,26.33,35.5,37.57,26.82,43.61
4197000,26.34,35.64,37.81,26.86,43.67
4198000,26.34,35.64,37.81,26.86,43.67
4199000,26.34,35.64,37.81,26.86,43.67
4200000,26.1,35.73,37.87,26.99,43.91
4201000,26.1,35.73,37.87,26.99,43.91
4202000,26.19,35.77,37.91,27.08,43.94
4203000,26.19,35.77,37.91,27.08,43.94
4204000,26.19,35.77,37.91,27.08,43.94
4205000,26.2,35.82,38.05,27.05,43.62
4206000,26.2,35.82,38.05,27.05,43.62
4207000,26.26,35.7,38.15,26.95,43.76
4208000,26.26,35.7,38.15,26.95,43.76
4209000,26.26,35.7,38.15,26.95,43.76
4210000,26.25,35.6,38.32,26.98,43.73
4211000,26.25,35.6,38.32,26.98,43.73
4212000,26.49,35.57,38.55,26.76,43.77
4213000,26.49,35.57,38.55,26.76,43.77
4214000,26.49,35.57,38.55,26.76,43.77
4215000,26.51,35.66,38.64,26.83,43.77
4216000,26.51,35.66,38.64,26.83,43.77
4217000,26.52,35.66,38.65,26.78,43.81
4218000,26.52,35.66,38.65,26.78,43.81
4219000,26.52,35.66,38.65,26.78,43.81
4220000,26.44,35.55,38.58,26.88,43.74
4221000,26.44,35.55,38.58,26.88,43.74
4222000,26.27,35.51,38.64,26.88,43.69
4223000,26.27,35.51,38.64,26.88,43.69
4224000,26.27,35.51,38.64,26.88,43.69
4225000,26.31,35.51,38.6,26.86,43.66
4226000,26.31,35.51,38.6,26.86,43.66
4227000,26.32,35.46,38.59,26.92,43.67
4228000,26.32,35.46,38.59,26.92,43.67
4229000,26.32,35.46,38.59,26.92,43.67
4230000,26.29,35.53,38.61,26.85,43.69
4231000,26.29,35.53,38.61,26.85,43.69
4232000,26.43,35.64,38.44,27.07,43.77
4233000,26.43,35.64,38.44,27.07,43.77
4234000,26.43,35.64,38.44,27.07,43.77
4235000,26.37,35.74,38.5,27.21,43.81
4236000,26.37,35.74,38.5,27.21,43.81
4237000,26.17,35.73,38.75,27.43,43.75
4238000,26.17,35.73,38.75,27.43,43.75
4239000,26.17,35.73,38.75,27.43,43.75
4240000,26.1,35.85,38.75,27.47,43.72
4241000,26.1,35.85,38.75,27.47,43.72
4242000,26.21,35.74,38.7,27.32,43.82
4243000,26.21,35.74,38.7,27.32,43.82
4244000,26.21,35.74,38.7,27.32,43.82
4245000,26.22,35.64,38.56,27.41,43.85
4246000,26.22,35.64,38.56,27.41,43.85
4247000,26.07,35.63,38.61,27.35,43.84
4248000,26.07,35.63,38.61,27.35,43.84
4249000,26.07,35.63,38.61,27.35,43.84
4250000,25.91,35.59,38.61,27.31,43.8
4251000,25.91,35.59,38.61,27.31,43.8
4252000,25.83,35.56,38.71,27.12,43.79
4253000,25.83,35.56,38.71,27.12,43.79
4254000,25.83,35.56,38.71,27.12,43.79
4255000,25.84,35.49,38.77,27.24,43.77
4256000,25.84,35.49,38.77,27.24,43.77
4257000,25.83,35.45,38.84,27.33,43.77
4258000,25.83,35.45,38.84,27.33,43.77
4259000,25.83,35.45,38.84,27.33,43.77
4260000,25.72,35.67,38.91,26.99,43.69
4261000,25.72,35.67,38.91,26.99,43.69
4262000,25.76,35.8,38.93,26.91,43.74
4263000,25.76,35.8,38.93,26.91,43.74
4264000,25.76,35.8,38.93,26.91,43.74
4265000,25.78,35.96,38.98,27.02,43.81
4266000,25.78,35.96,38.98,27.02,43.81
4267000,25.87,36.1,38.98,27.19,43.92
4268000,25.87,36.1,38.98,27.19,43.92
4269000,25.87,36.1,38.98,27.19,43.92
4270000,25.9,36.16,39.0,27.3,43.97
4271000,25.9,36.16,39.0,27.3,43.97
4272000,25.76,36.23,38.96,27.37,44.06
4273000,25.76,36.23,38.96,27.37,44.06
4274000,25.76,36.23,38.96,27.37,44.06
4275000,25.56,36.01,38.95,27.47,44.13
4276000,25.56,36.01,38.95,27.47,44.13
4277000,25.75,35.8,38.93,27.5,44.16
4278000,25.75,35.8,38.93,27.5,44.16
4279000,25.75,35.8,38.93,27.5,44.16
4280000,25.92,35.87,38.99,27.4,44.32
4281000,25.92,35.87,38.99,27.4,44.32
4282000,26.01,35.97,39.05,27.4,44.29
4283000,26.01,35.97,39.05,27.4,44.29
4284000,26.01,35.97,39.05,27.4,44.29
4285000,26.16,36.11,39.25,27.32,44.32
4286000,26.16,36.11,39.25,27.32,44.32
4287000,26.13,36.12,39.39,27.34,44.4
4288000,26.13,36.12,39.39,27.34,44.4
4289000,26.13,36.12,39.39,27.34,44.4
4290000,26.12,36.14,39.39,27.4,44.52
4291000,26.12,36.14,39.39,27.4,44.52
4292000,26.11,36.42,39.46,27.21,44.58
4293000,26.11,36.42,39.46,27.21,44.58
4294000,26.11,36.42,39.46,27.21,44.58
4295000,26.27,36.46,39.44,27.18,44.6
4296000,26.27,36.46,39.44,27.18,44.6
4297000,26.37,36.37,39.47,27.16,44.62
4298000,26.37,36.37,39.47,27.16,44.62
4299000,26.37,36.37,39.47,27.16,44.62
4300000,26.3,36.38,39.46,27.2,44.73
4301000,26.3,36.38,39.46,27.2,44.73
4302000,26.38,36.53,39.31,27.27,44.85
4303000,26.38,36.53,39.31,27.27,44.85
4304000,26.38,36.53,39.31,27.27,44.85
4305000,26.45,36.52,39.29,27.27,44.79
4306000,26.45,36.52,39.29,27.27,44.79
4307000,26.39,36.67,39.24,27.19,44.84
4308000,26.39,36.67,39.24,27.19,44.84
4309000,26.39,36.67,39.24,27.19,44.84
4310000,26.6,36.57,39.19,27.43,44.88
4311000,26.6,36.57,39.19,27.43,44.88
4312000,26.5,36.55,39.09,27.48,44.83
4313000,26.5,36.55,39.09,27.48,44.83
4314000,26.5,36.55,39.09,27.48,44.83
4315000,26.46,36.65,39.09,27.53,44.89
4316000,26.46,36.65,39.09,27.53,44.89
4317000,26.33,36.63,39.04,27.72,44.74
4318000,26.33,36.63,39.04,27.72,44.74
4319000,26.33,36.63,39.04,27.72,44.74
4320000,26.15,36.68,39.03,27.8,44.79
4321000,26.15,36.68,39.03,27.8,44.79
4322000,26.3,36.66,39.1,27.8,44.87
4323000,26.3,36.66,39.1,27.8,44.87
4324000,26.3,36.66,39.1,27.8,44.87
4325000,26.29,36.69,39.12,27.98,44.89
4326000,26.29,36.69,39.12,27.98,44.89
4327000,26.41,36.82,39.1,27.86,44.92
4328000,26.41,36.82,39.1,27.86,44.92
4329000,26.41,36.82,39.1,27.86,44.92
4330000,26.38,36.74,39.15,27.8,44.92
4331000,26.38,36.74,39.15,27.8,44.92
4332000,26.36,36.65,39.23,27.79,44.99
4333000,26.36,36.65,39.23,27.79,44.99
4334000,26.36,36.65,39.23,27.79,44.99
4335000,26.42,36.56,39.24,27.94,45.05
4336000,26.42,36.56,39.24,27.94,45.05
4337000,26.54,36.55,39.24,28.15,45.1
4338000,26.54,36.55,39.24,28.15,45.1
4339000,26.54,36.55,39.24,28.15,45.1
4340000,26.54,36.51,39.24,28.21,45.15
4341000,26.54,36.51,39.24,28.21,45.15
4342000,26.41,36.64,39.25,28.25,45.17
4343000,26.41,36.64,39.25,28.25,45.17
4344000,26.41,36.64,39.25,28.25,45.17
4345000,26.6,36.7,39.31,28.26,45.16
4346000,26.6,36.7,39.31,28.26,45.16
4347000,26.78,36.81,39.47,28.4,45.22
4348000,26.78,36.81,39.47,28.4,45.22
4349000,26.78,36.81,39.47,28.4,45.22
4350000,26.81,36.73,39.38,28.41,45.14
4351000,26.81,36.73,39.38,28.41,45.14
4352000,26.87,36.68,39.45,28.43,44.93
4353000,26.87,36.68,39.45,28.43,44.93
4354000,26.87,36.68,39.45,28.43,44.93
4355000,26.8,36.55,39.62,28.57,45.18
4356000,26.8,36.55,39.62,28.57,45.18
4357000,26.79,36.62,39.71,28.63,45.25
4358000,26.79,36.62,39.71,28.63,45.25
4359000,26.79,36.62,39.71,28.63,45.25
4360000,26.73,36.63,39.84,28.72,45.28
4361000,26.73,36.63,39.84,28.72,45.28
4362000,26.85,36.46,39.92,28.89,45.37
4363000,26.85,36.46,39.92,28.89,45.37
4364000,26.85,36.46,39.92,28.89,45.37
4365000,26.82,36.4,39.92,28.9,45.66
4366000,26.82,36.4,39.92,28.9,45.66
4367000,26.66,36.4,40.04,28.78,45.7
4368000,26.66,36.4,40.04,28.78,45.7
4369000,26.66,36.4,40.04,28.78,45.7
4370000,26.63,36.24,39.99,28.68,45.89
4371000,26.63,36.24,39.99,28.68,45.89
4372000,26.83,36.47,39.98,28.61,46.09
4373000,26.83,36.47,39.98,28.61,46.09
4374000,26.83,36.47,39.98,28.61,46.09
4375000,26.87,36.6,39.93,28.82,46.11
4376000,26.87,36.6,39.93,28.82,46.11
4377000,27.02,36.6,39.99,28.81,46.17
4378000,27.02,36.6,39.99,28.81,46.17
4379000,27.02,36.6,39.99,28.81,46.17
4380000,27.02,36.59,40.23,28.87,46.21
4381000,27.02,36.59,40.23,28.87,46.21
4382000,26.84,36.56,40.06,28.91,46.18
4383000,26.84,36.56,40.06,28.91,46.18
4384000,26.84,36.56,40.06,28.91,46.18
4385000,26.93,36.58,39.92,29.01,46.13
4386000,26.93,36.58,39.92,29.01,46.13
4387000,26.9,36.54,39.92,29.0,46.08
4388000,26.9,36.54,39.92,29.0,46.08
4389000,26.9,36.54,39.92,29.0,46.08
4390000,26.89,36.79,39.84,28.94,46.07
4391000,26.89,36.79,39.84,28.94,46.07
4392000,26.72,36.72,39.77,29.14,46.04
4393000,26.72,36.72,39.77,29.14,46.04
4394000,26.72,36.72,39.77,29.14,46.04
4395000,26.85,36.67,39.96,29.14,46.13
4396000,26.85,36.67,39.96,29.14,46.13
4397000,26.88,36.68,39.89,29.16,46.18
4398000,26.88,36.68,39.89,29.16,46.18
4399000,26.88,36.68,39.89,29.16,46.18
4400000,26.86,36.91,39.95,28.96,46.25
4401000,26.86,36.91,39.95,28.96,46.25
4402000,27.21,36.91,40.02,29.06,46.22
4403000,27.21,36.91,40.02,29.06,46.22
4404000,27.21,36.91,40.02,29.06,46.22
4405000,27.03,37.08,39.9,29.25,46.17
4406000,27.03,37.08,39.9,29.25,46.17
4407000,27.14,36.89,40.0,29.26,46.11
4408000,27.14,36.89,40.0,29.26,46.11
4409000,27.14,36.89,40.0,29.26,46.11
4410000,27.07,36.91,40.0,29.35,46.11
4411000,27.07,36.91,40.0,29.35,46.11
4412000,27.02,36.76,40.26,29.37,46.14
4413000,27.02,36.76,40.26,29.37,46.14
4414000,27.02,36.76,40.26,29.37,46.14
4415000,27.19,36.77,40.33,29.15,46.14
4416000,27.19,36.77,40.33,29.15,46.14
4417000,27.19,36.82,40.32,29.18,46.24
4418000,27.19,36.82,40.32,29.18,46.24
4419000,27.19,36.82,40.32,29.18,46.24
4420000,27.41,36.91,40.32,29.28,46.3
4421000,27.41,36.91,40.32,29.28,46.3
4422000,27.5,36.91,40.34,29.25,46.32
4423000,27.5,36.91,40.34,29.25,46.32
4424000,27.5,36.91,40.34,29.25,46.32
4425000,27.5,36.91,40.4,29.54,46.21
4426000,27.5,36.91,40.4,29.54,46.21
4427000,27.5,36.9,40.47,29.76,46.23
4428000,27.5,36.9,40.47,29.76,46.23
4429000,27.5,36.9,40.47,29.76,46.23
4430000,27.6,36.89,40.45,29.88,46.37
4431000,27.6,36.89,40.45,29.88,46.37
4432000,27.77,36.89,40.46,29.71,46.45
4433000,27.77,36.89,40.46,29.71,46.45
4434000,27.77,36.89,40.46,29.71,46.45
4435000,27.69,36.91,40.4,29.69,46.5
4436000,27.69,36.91,40.4,29.69,46.5
4437000,27.69,37.01,40.37,29.65,46.57
4438000,27.69,37.01,40.37,29.65,46.57
4439000,27.69,37.01,40.37,29.65,46.57
4440000,27.56,36.99,40.42,29.58,46.68
4441000,27.56,36.99,40.42,29.58,46.68
4442000,27.44,37.06,40.35,29.68,46.63
4443000,27.44,37.06,40.35,29.68,46.63
4444000,27.44,37.06,40.35,29.68,46.63
4445000,27.42,36.79,40.34,29.82,46.66
4446000,27.42,36.79,40.34,29.82,46.66
4447000,27.45,36.76,40.38,29.88,46.64
4448000,27.45,36.76,40.38,29.88,46.64
4449000,27.45,36.76,40.38,29.88,46.64
4450000,27.41,36.7,40.37,29.88,46.68
4451000,27.41,36.7,40.37,29.88,46.68
4452000,27.27,36.73,40.36,29.87,46.67
4453000,27.27,36.73,40.36,29.87,46.67
4454000,27.27,36.73,40.36,29.87,46.67
4455000,27.33,36.75,40.27,29.98,47.0
4456000,27.33,36.75,40.27,29.98,47.0
4457000,27.13,36.61,40.22,30.13,47.03
4458000,27.13,36.61,40.22,30.13,47.03
4459000,27.13,36.61,40.22,30.13,47.03
4460000,27.2,36.72,40.22,30.22,47.13
4461000,27.2,36.72,40.22,30.22,47.13
4462000,27.18,36.79,40.22,30.44,47.16
4463000,27.18,36.79,40.22,30.44,47.16
4464000,27.18,36.79,40.22,30.44,47.16
4465000,27.24,36.78,40.25,30.46,47.33
4466000,27.24,36.78,40.25,30.46,47.33
4467000,27.3,36.85,40.16,30.58,47.09
4468000,27.3,36.85,40.16,30.58,47.09
4469000,27.3,36.85,40.16,30.58,47.09
4470000,27.39,36.98,40.2,30.6,47.15
4471000,27.39,36.98,40.2,30.6,47.15
4472000,27.34,37.01,40.21,30.78,47.16
4473000,27.34,37.01,40.21,30.78,47.16
4474000,27.34,37.01,40.21,30.78,47.16
4475000,27.36,37.06,40.23,31.01,47.26
4476000,27.36,37.06,40.23,31.01,47.26
4477000,27.44,37.15,40.02,31.0,47.08
4478000,27.44,37.15,40.02,31.0,47.08
4479000,27.44,37.15,40.02,31.0,47.08
4480000,27.43,37.15,39.98,31.14,47.06
4481000,27.43,37.15,39.98,31.14,47.06
4482000,27.53,37.22,40.0,31.24,46.98
4483000,27.53,37.22,40.0,31.24,46.98
4484000,27.53,37.22,40.0,31.24,46.98
4485000,27.65,37.12,39.98,31.37,46.93
4486000,27.65,37.12,39.98,31.37,46.93
4487000,27.76,37.14,39.99,31.34,46.94
4488000,27.76,37.14,39.99,31.34,46.94
4489000,27.76,37.14,39.99,31.34,46.94
4490000,27.87,37.17,40.08,31.51,46.77
4491000,27.87,37.17,40.08,31.51,46.77
4492000,27.82,37.22,40.14,31.73,46.75
4493000,27.82,37.22,40.14,31.73,46.75
4494000,27.82,37.22,40.14,31.73,46.75
4495000,27.63,37.25,40.27,31.82,46.75
4496000,27.63,37.25,40.27,31.82,46.75
4497000,27.5,37.27,40.2,31.85,46.72
4498000,27.5,37.27,40.2,31.85,46.72
4499000,27.5,37.27,40.2,31.85,46.72
4500000,27.54,37.3,40.2,31.86,46.77
4501000,27.54,37.3,40.2,31.86,46.77
4502000,27.53,37.35,40.21,31.78,46.79
4503000,27.53,37.35,40.21,31.78,46.79
4504000,27.53,37.35,40.21,31.78,46.79
4505000,27.53,37.41,40.12,31.83,46.91
4506000,27.53,37.41,40.12,31.83,46.91
4507000,27.53,37.54,39.87,31.88,46.96
4508000,27.53,37.54,39.87,31.88,46.96
4509000,27.53,37.54,39.87,31.88,46.96
4510000,27.63,37.58,39.49,32.27,47.02
4511000,27.63,37.58,39.49,32.27,47.02
4512000,27.79,37.38,39.42,32.46,47.04
4513000,27.79,37.38,39.42,32.46,47.04
4514000,27.79,37.38,39.42,32.46,47.04
4515000,27.66,37.32,39.41,32.46,47.04
4516000,27.66,37.32,39.41,32.46,47.04
4517000,27.7,37.23,39.41,32.5,47.01
4518000,27.7,37.23,39.41,32.5,47.01
4519000,27.7,37.23,39.41,32.5,47.01
4520000,27.77,37.17,39.52,32.53,47.06
4521000,27.77,37.17,39.52,32.53,47.06
4522000,27.68,37.07,39.52,32.48,47.02
4523000,27.68,37.07,39.52,32.48,47.02
4524000,27.68,37.07,39.52,32.48,47.02
4525000,27.8,37.36,39.67,32.52,46.92
4526000,27.8,37.36,39.67,32.52,46.92
4527000,27.63,37.5,39.65,32.53,46.89
4528000,27.63,37.5,39.65,32.53,46.89
4529000,27.63,37.5,39.65,32.53,46.89
4530000,27.54,37.52,39.46,32.43,46.98
4531000,27.54,37.52,39.46,32.43,46.98
4532000,27.53,37.4,39.49,32.51,46.99
4533000,27.53,37.4,39.49,32.51,46.99
4534000,27.53,37.4,39.49,32.51,46.99
4535000,27.33,37.28,39.5,32.5,47.06
4536000,27.33,37.28,39.5,32.5,47.06
4537000,27.54,37.35,39.51,32.6,47.04
4538000,27.54,37.35,39.51,32.6,47.04
4539000,27.54,37.35,39.51,32.6,47.04
4540000,27.62,37.35,39.5,32.67,47.05
4541000,27.62,37.35,39.5,32.67,47.05
4542000,27.46,37.38,39.37,32.8,47.04
4543000,27.46,37.38,39.37,32.8,47.04
4544000,27.46,37.38,39.37,32.8,47.04
4545000,27.43,37.47,39.32,32.91,47.05
4546000,27.43,37.47,39.32,32.91,47.05
4547000,27.3,37.68,39.37,32.95,46.95
4548000,27.3,37.68,39.37,32.95,46.95
4549000,27.3,37.68,39.37,32.95,46.95
4550000,27.26,37.74,39.37,33.1,46.89
4551000,27.26,37.74,39.37,33.1,46.89
4552000,27.21,37.59,39.51,32.9,46.85
4553000,27.21,37.59,39.51,32.9,46.85
4554000,27.21,37.59,39.51,32.9,46.85
4555000,27.16,37.66,39.62,33.07,47.0
4556000,27.16,37.66,39.62,33.07,47.0
4557000,27.27,37.54,39.61,33.17,47.03
4558000,27.27,37.54,39.61,33.17,47.03
4559000,27.27,37.54,39.61,33.17,47.03
4560000,27.07,37.65,39.65,33.18,47.05
4561000,27.07,37.65,39.65,33.18,47.05
4562000,27.17,37.66,39.75,33.21,47.14
4563000,27.17,37.66,39.75,33.21,47.14
4564000,27.17,37.66,39.75,33.21,47.14
4565000,27.05,37.7,39.79,33.4,47.12
4566000,27.05,37.7,39.79,33.4,47.12
4567000,27.04,37.69,39.93,33.37,47.25
4568000,27.04,37.69,39.93,33.37,47.25
4569000,27.04,37.69,39.93,33.37,47.25
4570000,27.09,37.67,39.93,33.51,47.27
4571000,27.09,37.67,39.93,33.51,47.27
4572000,26.99,37.68,39.94,33.66,47.21
4573000,26.99,37.68,39.94,33.66,47.21
4574000,26.99,37.68,39.94,33.66,47.21
4575000,26.92,37.71,39.91,33.63,47.26
4576000,26.92,37.71,39.91,33.63,47.26
4577000,26.94,37.75,39.88,33.85,47.29
4578000,26.94,37.75,39.88,33.85,47.29
4579000,26.94,37.75,39.88,33.85,47.29
4580000,26.91,37.78,39.8,33.92,47.15
4581000,26.91,37.78,39.8,33.92,47.15
4582000,26.9,37.71,39.79,33.99,47.3
4583000,26.9,37.71,39.79,33.99,47.3
4584000,26.9,37.71,39.79,33.99,47.3
4585000,27.01,37.63,39.81,34.0,47.37
4586000,27.01,37.63,39.81,34.0,47.37
4587000,26.89,37.29,39.89,34.09,47.37
4588000,26.89,37.29,39.89,34.09,47.37
4589000,26.89,37.29,39.89,34.09,47.37
4590000,26.86,37.3,39.86,34.18,47.14
4591000,26.86,37.3,39.86,34.18,47.14
4592000,26.99,37.12,39.86,34.22,47.13
4593000,26.99,37.12,39.86,34.22,47.13
4594000,26.99,37.12,39.86,34.22,47.13
4595000,26.84,37.07,39.73,34.2,47.17
4596000,26.84,37.07,39.73,34.2,47.17
4597000,26.77,37.07,39.72,34.29,47.11
4598000,26.77,37.07,39.72,34.29,47.11
4599000,26.77,37.07,39.72,34.29,47.11
4600000,26.77,37.27,39.81,34.06,47.13
4601000,26.77,37.27,39.81,34.06,47.13
4602000,26.71,37.39,39.74,34.12,47.33
4603000,26.71,37.39,39.74,34.12,47.33
4604000,26.71,37.39,39.74,34.12,47.33
4605000,26.78,37.39,39.78,34.07,47.38
4606000,26.78,37.39,39.78,34.07,47.38
4607000,26.7,37.28,39.88,33.94,47.37
4608000,26.7,37.28,39.88,33.94,47.37
4609000,26.7,37.28,39.88,33.94,47.37
4610000,26.58,37.27,39.68,33.89,47.41
4611000,26.58,37.27,39.68,33.89,47.41
4612000,26.55,37.48,39.72,33.96,47.37
4613000,26.55,37.48,39.72,33.96,47.37
4614000,26.55,37.48,39.72,33.96,47.37
4615000,26.42,37.71,39.7,34.08,47.42
4616000,26.42,37.71,39.7,34.08,47.42
4617000,26.42,37.79,39.59,34.27,47.4
4618000,26.42,37.79,39.59,34.27,47.4
4619000,26.42,37.79,39.59,34.27,47.4
4620000,26.42,37.93,39.5,33.99,47.38
4621000,26.42,37.93,39.5,33.99,47.38
4622000,26.36,37.91,39.55,34.1,47.3
4623000,26.36,37.91,39.55,34.1,47.3
4624000,26.36,37.91,39.55,34.1,47.3
4625000,26.33,37.8,39.52,34.26,47.3
4626000,26.33,37.8,39.52,34.26,47.3
4627000,26.24,37.79,39.51,34.32,47.25
4628000,26.24,37.79,39.51,34.32,47.25
4629000,26.24,37.79,39.51,34.32,47.25
4630000,26.28,37.74,39.44,34.38,47.26
4631000,26.28,37.74,39.44,34.38,47.26
4632000,26.43,37.8,39.77,34.38,47.29
4633000,26.43,37.8,39.77,34.38,47.29
4634000,26.43,37.8,39.77,34.38,47.29
4635000,26.53,37.34,39.93,34.44,47.38
4636000,26.53,37.34,39.93,34.44,47.38
4637000,26.59,37.23,40.06,34.48,47.38
4638000,26.59,37.23,40.06,34.48,47.38
4639000,26.59,37.23,40.06,34.48,47.38
4640000,26.52,37.18,40.12,34.54,47.42
4641000,26.52,37.18,40.12,34.54,47.42
4642000,26.63,37.07,40.19,34.5,47.44
4643000,26.63,37.07,40.19,34.5,47.44
4644000,26.63,37.07,40.19,34.5,47.44
4645000,26.65,37.15,40.21,34.76,47.38
4646000,26.65,37.15,40.21,34.76,47.38
4647000,26.64,36.96,40.34,34.77,47.32
4648000,26.64,36.96,40.34,34.77,47.32
4649000,26.64,36.96,40.34,34.77,47.32
4650000,26.63,37.05,40.38,35.07,47.29
4651000,26.63,37.05,40.38,35.07,47.29
4652000,26.46,37.12,40.37,35.03,47.33
4653000,26.46,37.12,40.37,35.03,47.33
4654000,26.46,37.12,40.37,35.03,47.33
4655000,26.63,37.14,40.47,34.95,47.35
4656000,26.63,37.14,40.47,34.95,47.35
4657000,26.55,37.34,40.41,35.01,47.42
4658000,26.55,37.34,40.41,35.01,47.42
4659000,26.55,37.34,40.41,35.01,47.42
4660000,26.61,36.99,40.4,34.99,47.42
4661000,26.61,36.99,40.4,34.99,47.42
4662000,26.5,36.87,40.42,35.0,47.54
4663000,26.5,36.87,40.42,35.0,47.54
4664000,26.5,36.87,40.42,35.0,47.54
4665000,26.36,36.8,40.33,35.26,47.57
4666000,26.36,36.8,40.33,35.26,47.57
4667000,26.37,36.81,40.4,35.33,47.49
4668000,26.37,36.81,40.4,35.33,47.49
4669000,26.37,36.81,40.4,35.33,47.49
4670000,26.28,36.68,39.96,35.17,47.43
4671000,26.28,36.68,39.96,35.17,47.43
4672000,26.24,36.59,39.98,35.17,47.36
4673000,26.24,36.59,39.98,35.17,47.36
4674000,26.24,36.59,39.98,35.17,47.36
4675000,26.15,36.57,39.84,35.14,47.52
4676000,26.15,36.57,39.84,35.14,47.52
4677000,26.35,36.58,39.81,35.11,47.45
4678000,26.35,36.58,39.81,35.11,47.45
4679000,26.35,36.58,39.81,35.11,47.45
4680000,26.33,36.58,39.87,35.05,47.41
4681000,26.33,36.58,39.87,35.05,47.41
4682000,26.24,36.64,39.88,35.37,47.43
4683000,26.24,36.64,39.88,35.37,47.43
4684000,26.24,36.64,39.88,35.37,47.43
4685000,26.29,36.67,39.9,35.45,47.41
4686000,26.29,36.67,39.9,35.45,47.41
4687000,26.31,36.73,39.93,35.62,47.33
4688000,26.31,36.73,39.93,35.62,47.33
4689000,26.31,36.73,39.93,35.62,47.33
4690000,26.29,36.73,39.87,35.86,47.24
4691000,26.29,36.73,39.87,35.86,47.24
4692000,26.4,36.76,39.83,36.05,47.32
4693000,26.4,36.76,39.83,36.05,47.32
4694000,26.4,36.76,39.83,36.05,47.32
4695000,26.42,36.96,39.56,36.02,47.38
4696000,26.42,36.96,39.56,36.02,47.38
4697000,26.28,36.99,39.56,36.12,47.46
4698000,26.28,36.99,39.56,36.12,47.46
4699000,26.28,36.99,39.56,36.12,47.46
4700000,26.55,37.13,39.5,36.06,47.45
4701000,26.55,37.13,39.5,36.06,47.45
4702000,26.71,37.04,39.54,36.09,47.49
4703000,26.71,37.04,39.54,36.09,47.49
4704000,26.71,37.04,39.54,36.09,47.49
4705000,26.59,37.01,39.71,36.16,47.46
4706000,26.59,37.01,39.71,36.16,47.46
4707000,26.78,37.26,39.8,36.27,47.54
4708000,26.78,37.26,39.8,36.27,47.54
4709000,26.78,37.26,39.8,36.27,47.54
4710000,26.71,37.28,39.86,36.31,47.49
4711000,26.71,37.28,39.86,36.31,47.49
4712000,26.84,37.27,39.95,36.34,47.47
4713000,26.84,37.27,39.95,36.34,47.47
4714000,26.84,37.27,39.95,36.34,47.47
4715000,26.71,37.32,40.0,36.47,47.39
4716000,26.71,37.32,40.0,36.47,47.39
4717000,26.67,37.25,40.1,36.46,47.6
4718000,26.67,37.25,40.1,36.46,47.6
4719000,26.67,37.25,40.1,36.46,47.6
4720000,26.7,37.07,40.04,36.51,47.62
4721000,26.7,37.07,40.04,36.51,47.62
4722000,26.71,37.0,40.06,36.27,47.69
4723000,26.71,37.0,40.06,36.27,47.69
4724000,26.71,37.0,40.06,36.27,47.69
4725000,26.59,37.05,39.99,36.04,47.71
4726000,26.59,37.05,39.99,36.04,47.71
4727000,26.62,37.0,40.19,36.06,47.95
4728000,26.62,37.0,40.19,36.06,47.95
4729000,26.62,37.0,40.19,36.06,47.95
4730000,26.54,36.83,40.33,36.06,47.97
4731000,26.54,36.83,40.33,36.06,47.97
4732000,26.47,36.69,40.05,36.14,48.08
4733000,26.47,36.69,40.05,36.14,48.08
4734000,26.47,36.69,40.05,36.14,48.08
4735000,26.39,36.81,40.08,36.08,48.21
4736000,26.39,36.81,40.08,36.08,48.21
4737000,26.31,36.75,39.99,36.18,48.28
4738000,26.31,36.75,39.99,36.18,48.28
4739000,26.31,36.75,39.99,36.18,48.28
4740000,26.25,36.73,39.99,36.02,48.42
4741000,26.25,36.73,39.99,36.02,48.42
4742000,26.21,36.77,40.07,35.97,48.49
4743000,26.21,36.77,40.07,35.97,48.49
4744000,26.21,36.77,40.07,35.97,48.49
4745000,26.39,36.83,40.04,35.97,48.5
4746000,26.39,36.83,40.04,35.97,48.5
4747000,26.48,36.81,40.05,36.13,48.55
4748000,26.48,36.81,40.05,36.13,48.55
4749000,26.48,36.81,40.05,36.13,48.55
4750000,26.43,36.75,40.0,36.31,48.51
4751000,26.43,36.75,40.0,36.31,48.51
4752000,26.41,36.78,39.93,36.71,48.53
4753000,26.41,36.78,39.93,36.71,48.53
4754000,26.41,36.78,39.93,36.71,48.53
4755000,26.17,36.75,39.97,36.76,48.56
4756000,26.17,36.75,39.97,36.76,48.56
4757000,26.24,36.74,40.16,36.8,48.47
4758000,26.24,36.74,40.16,36.8,48.47
4759000,26.24,36.74,40.16,36.8,48.47
4760000,26.15,36.67,40.59,36.72,48.48
4761000,26.15,36.67,40.59,36.72,48.48
4762000,26.0,36.86,40.5,36.63,48.47
4763000,26.0,36.86,40.5,36.63,48.47
4764000,26.0,36.86,40.5,36.63,48.47
4765000,26.07,36.91,40.5,36.73,48.39
4766000,26.07,36.91,40.5,36.73,48.39
4767000,26.15,37.0,40.48,36.78,48.49
4768000,26.15,37.0,40.48,36.78,48.49
4769000,26.15,37.0,40.48,36.78,48.49
4770000,25.86,37.15,40.43,36.96,48.53
4771000,25.86,37.15,40.43,36.96,48.53
4772000,26.0,37.25,40.56,37.09,48.48
4773000,26.0,37.25,40.56,37.09,48.48
4774000,26.0,37.25,40.56,37.09,48.48
4775000,25.92,36.98,40.39,37.04,48.4
4776000,25.92,36.98,40.39,37.04,48.4
4777000,26.07,37.0,40.45,36.98,48.41
4778000,26.07,37.0,40.45,36.98,48.41
4779000,26.07,37.0,40.45,36.98,48.41
4780000,25.81,36.97,40.62,37.14,48.31
4781000,25.81,36.97,40.62,37.14,48.31
4782000,25.96,37.12,40.57,37.27,48.39
4783000,25.96,37.12,40.57,37.27,48.39
4784000,25.96,37.12,40.57,37.27,48.39
4785000,26.0,37.03,40.39,37.4,48.22
4786000,26.0,37.03,40.39,37.4,48.22
4787000,25.81,37.05,40.43,37.46,48.23
4788000,25.81,37.05,40.43,37.46,48.23
4789000,25.81,37.05,40.43,37.46,48.23
4790000,25.65,37.14,40.39,37.47,48.16
4791000,25.65,37.14,40.39,37.47,48.16
4792000,25.76,37.18,40.51,37.45,48.22
4793000,25.76,37.18,40.51,37.45,48.22
4794000,25.76,37.18,40.51,37.45,48.22
4795000,25.88,37.08,40.69,37.49,48.24
4796000,25.88,37.08,40.69,37.49,48.24
4797000,26.01,37.02,40.74,37.64,48.3
4798000,26.01,37.02,40.74,37.64,48.3
4799000,26.01,37.02,40.74,37.64,48.3
4800000,25.9,37.01,40.71,37.51,48.47
4801000,25.9,37.01,40.71,37.51,48.47
4802000,25.83,37.17,40.87,37.61,48.66
4803000,25.83,37.17,40.87,37.61,48.66
4804000,25.83,37.17,40.87,37.61,48.66
4805000,25.94,37.09,40.59,37.58,48.65
4806000,25.94,37.09,40.59,37.58,48.65
4807000,25.89,37.14,40.55,37.61,48.58
4808000,25.89,37.14,40.55,37.61,48.58
4809000,25.89,37.14,40.55,37.61,48.58
4810000,25.87,37.14,40.59,37.72,48.56
4811000,25.87,37.14,40.59,37.72,48.56
4812000,25.63,37.19,40.59,37.75,48.54
4813000,25.63,37.19,40.59,37.75,48.54
4814000,25.63,37.19,40.59,37.75,48.54
4815000,25.68,36.82,40.5,37.69,48.65
4816000,25.68,36.82,40.5,37.69,48.65
4817000,25.71,36.82,40.46,37.7,48.7
4818000,25.71,36.82,40.46,37.7,48.7
4819000,25.71,36.82,40.46,37.7,48.7
4820000,25.75,36.64,40.49,37.58,48.75
4821000,25.75,36.64,40.49,37.58,48.75
4822000,25.71,36.66,40.46,37.51,48.78
4823000,25.71,36.66,40.46,37.51,48.78
4824000,25.71,36.66,40.46,37.51,48.78
4825000,25.66,36.63,40.4,37.54,48.79
4826000,25.66,36.63,40.4,37.54,48.79
4827000,25.57,36.61,40.06,37.52,48.75
4828000,25.57,36.61,40.06,37.52,48.75
4829000,25.57,36.61,40.06,37.52,48.75
4830000,25.61,36.59,39.66,37.65,48.83
4831000,25.61,36.59,39.66,37.65,48.83
4832000,25.55,36.8,39.22,37.69,48.73
4833000,25.55,36.8,39.22,37.69,48.73
4834000,25.55,36.8,39.22,37.69,48.73
4835000,25.47,37.02,39.08,37.64,48.75
4836000,25.47,37.02,39.08,37.64,48.75
4837000,25.57,37.32,38.83,37.66,48.87
4838000,25.57,37.32,38.83,37.66,48.87
4839000,25.57,37.32,38.83,37.66,48.87
4840000,25.67,37.21,38.89,37.64,49.01
4841000,25.67,37.21,38.89,37.64,49.01
4842000,25.68,37.33,38.88,37.62,49.08
4843000,25.68,37.33,38.88,37.62,49.08
4844000,25.68,37.33,38.88,37.62,49.08
4845000,25.61,37.31,38.91,37.69,49.02
4846000,25.61,37.31,38.91,37.69,49.02
4847000,25.67,37.31,38.86,37.69,49.07
4848000,25.67,37.31,38.86,37.69,49.07
4849000,25.67,37.31,38.86,37.69,49.07
4850000,25.59,37.15,38.83,37.8,49.16
4851000,25.59,37.15,38.83,37.8,49.16
4852000,25.72,37.15,38.85,37.87,49.19
4853000,25.72,37.15,38.85,37.87,49.19
4854000,25.72,37.15,38.85,37.87,49.19
4855000,25.72,37.3,38.89,37.94,49.18
4856000,25.72,37.3,38.89,37.94,49.18
4857000,25.78,37.21,38.86,37.94,49.17
4858000,25.78,37.21,38.86,37.94,49.17
4859000,25.78,37.21,38.86,37.94,49.17
4860000,26.03,37.22,39.09,38.01,49.11
4861000,26.03,37.22,39.09,38.01,49.11
4862000,26.01,37.13,38.96,38.09,49.22
4863000,26.01,37.13,38.96,38.09,49.22
4864000,26.01,37.13,38.96,38.09,49.22
4865000,26.1,36.94,39.03,38.15,49.17
4866000,26.1,36.94,39.03,38.15,49.17
4867000,26.0,36.79,39.07,38.12,49.14
4868000,26.0,36.79,39.07,38.12,49.14
4869000,26.0,36.79,39.07,38.12,49.14
4870000,26.09,36.72,39.21,38.53,49.14
4871000,26.09,36.72,39.21,38.53,49.14
4872000,25.99,36.78,39.22,38.59,49.15
4873000,25.99,36.78,39.22,38.59,49.15
4874000,25.99,36.78,39.22,38.59,49.15
4875000,26.13,36.43,39.29,38.31,49.25
4876000,26.13,36.43,39.29,38.31,49.25
4877000,26.08,36.34,39.37,38.37,49.31
4878000,26.08,36.34,39.37,38.37,49.31
4879000,26.08,36.34,39.37,38.37,49.31
4880000,26.13,36.25,39.45,38.33,49.26
4881000,26.13,36.25,39.45,38.33,49.26
4882000,26.09,36.19,39.5,38.44,49.29
4883000,26.09,36.19,39.5,38.44,49.29
4884000,26.09,36.19,39.5,38.44,49.29
4885000,25.89,36.69,39.53,38.49,49.3
4886000,25.89,36.69,39.53,38.49,49.3
4887000,25.73,36.83,39.42,38.36,49.41
4888000,25.73,36.83,39.42,38.36,49.41
4889000,25.73,36.83,39.42,38.36,49.41
4890000,25.78,37.0,39.36,38.29,49.39
4891000,25.78,37.0,39.36,38.29,49.39
4892000,25.71,37.22,39.24,38.33,49.45
4893000,25.71,37.22,39.24,38.33,49.45
4894000,25.71,37.22,39.24,38.33,49.45
4895000,25.62,37.31,39.18,38.33,49.54
4896000,25.62,37.31,39.18,38.33,49.54
4897000,25.85,37.49,39.11,38.47,49.67
4898000,25.85,37.49,39.11,38.47,49.67
4899000,25.85,37.49,39.11,38.47,49.67
4900000,25.73,37.3,39.17,38.43,49.72
4901000,25.73,37.3,39.17,38.43,49.72
4902000,25.72,37.21,39.2,38.5,49.65
4903000,25.72,37.21,39.2,38.5,49.65
4904000,25.72,37.21,39.2,38.5,49.65
4905000,25.74,37.1,39.27,38.64,49.62
4906000,25.74,37.1,39.27,38.64,49.62
4907000,25.81,37.06,39.18,38.72,49.59
4908000,25.81,37.06,39.18,38.72,49.59
4909000,25.81,37.06,39.18,38.72,49.59
4910000,25.98,37.33,39.31,38.49,49.63
4911000,25.98,37.33,39.31,38.49,49.63
4912000,25.94,37.13,39.35,38.35,49.43
4913000,25.94,37.13,39.35,38.35,49.43
4914000,25.94,37.13,39.35,38.35,49.43
4915000,25.99,36.81,39.37,38.32,49.45
4916000,25.99,36.81,39.37,38.32,49.45
4917000,25.7,36.7,39.33,38.4,49.56
4918000,25.7,36.7,39.33,38.4,49.56
4919000,25.7,36.7,39.33,38.4,49.56
4920000,25.69,36.81,39.73,38.52,49.54
4921000,25.69,36.81,39.73,38.52,49.54
4922000,25.72,36.74,39.78,38.66,49.62
4923000,25.72,36.74,39.78,38.66,49.62
4924000,25.72,36.74,39.78,38.66,49.62
4925000,25.9,36.52,39.85,38.75,49.66
4926000,25.9,36.52,39.85,38.75,49.66
4927000,25.82,36.43,39.81,38.83,49.82
4928000,25.82,36.43,39.81,38.83,49.82
4929000,25.82,36.43,39.81,38.83,49.82
4930000,25.66,36.41,39.76,38.97,49.9
4931000,25.66,36.41,39.76,38.97,49.9
4932000,25.62,36.15,39.75,38.96,49.87
4933000,25.62,36.15,39.75,38.96,49.87
4934000,25.62,36.15,39.75,38.96,49.87
4935000,25.53,36.05,39.82,38.93,49.89
4936000,25.53,36.05,39.82,38.93,49.89
4937000,25.46,36.01,39.82,38.92,49.9
4938000,25.46,36.01,39.82,38.92,49.9
4939000,25.46,36.01,39.82,38.92,49.9
4940000,25.49,36.09,39.56,38.88,49.82
4941000,25.49,36.09,39.56,38.88,49.82
4942000,25.5,36.05,39.62,38.84,49.85
4943000,25.5,36.05,39.62,38.84,49.85
4944000,25.5,36.05,39.62,38.84,49.85
4945000,25.61,36.06,39.5,38.84,49.79
4946000,25.61,36.06,39.5,38.84,49.79
4947000,25.71,35.75,39.44,38.88,49.82
4948000,25.71,35.75,39.44,38.88,49.82
4949000,25.71,35.75,39.44,38.88,49.82
4950000,25.71,35.7,39.39,39.09,49.87
4951000,25.71,35.7,39.39,39.09,49.87
4952000,25.63,35.59,39.39,39.13,49.9
4953000,25.63,35.59,39.39,39.13,49.9
4954000,25.63,35.59,39.39,39.13,49.9
4955000,25.74,35.21,39.36,39.12,49.97
4956000,25.74,35.21,39.36,39.12,49.97
4957000,25.63,34.87,39.3,39.03,49.91
4958000,25.63,34.87,39.3,39.03,49.91
4959000,25.63,34.87,39.3,39.03,49.91
4960000,25.7,34.62,39.35,38.93,49.92
4961000,25.7,34.62,39.35,38.93,49.92
4962000,25.78,34.52,39.11,38.88,50.0
4963000,25.78,34.52,39.11,38.88,50.0
4964000,25.78,34.52,39.11,38.88,50.0
4965000,25.83,34.33,38.92,38.82,49.95
4966000,25.83,34.33,38.92,38.82,49.95
4967000,25.76,34.24,38.9,38.8,49.96
4968000,25.76,34.24,38.9,38.8,49.96
4969000,25.76,34.24,38.9,38.8,49.96
4970000,25.69,34.44,38.97,38.8,49.97
4971000,25.69,34.44,38.97,38.8,49.97
4972000,25.71,34.57,38.9,38.85,50.06
4973000,25.71,34.57,38.9,38.85,50.06
4974000,25.71,34.57,38.9,38.85,50.06
4975000,25.63,34.55,39.03,39.08,50.08
4976000,25.63,34.55,39.03,39.08,50.08
4977000,25.44,34.58,39.0,39.07,50.06
4978000,25.44,34.58,39.0,39.07,50.06
4979000,25.44,34.58,39.0,39.07,50.06
4980000,25.47,34.67,39.0,39.14,50.05
4981000,25.47,34.67,39.0,39.14,50.05
4982000,25.45,34.73,39.34,39.03,49.96
4983000,25.45,34.73,39.34,39.03,49.96
4984000,25.45,34.73,39.34,39.03,49.96
4985000,25.47,34.65,39.26,39.07,49.99
4986000,25.47,34.65,39.26,39.07,49.99
4987000,25.43,34.7,39.24,39.06,50.07
4988000,25.43,34.7,39.24,39.06,50.07
4989000,25.43,34.7,39.24,39.06,50.07
4990000,25.43,34.69,39.18,39.12,50.09
4991000,25.43,34.69,39.18,39.12,50.09
4992000,25.5,34.62,39.02,39.21,50.01
4993000,25.5,34.62,39.02,39.21,50.01
4994000,25.5,34.62,39.02,39.21,50.01
4995000,25.46,34.52,38.99,39.26,49.96
4996000,25.46,34.52,38.99,39.26,49.96
4997000,25.48,34.54,39.03,39.3,49.98
4998000,25.48,34.54,39.03,39.3,49.98
4999000,25.48,34.54,39.03,39.3,49.98
