step,seed1,seed2,seed3,seed4,seed5
1000,0.0,0.0,0.0,0.0,0.0
2000,0.0,0.0,0.0,0.0,0.0
3000,0.0,0.0,0.0,1.0,1.0
4000,0.0,0.0,0.0,1.0,1.0
5000,0.0,0.0,0.0,1.0,1.0
6000,0.0,0.0,0.0,0.5,1.0
7000,0.0,0.0,0.0,0.5,1.0
8000,0.0,0.33333334,0.33333334,1.0,0.6666667
9000,0.0,0.33333334,0.33333334,1.0,0.6666667
10000,0.0,0.33333334,0.33333334,1.0,0.6666667
11000,0.0,0.5,0.25,0.75,0.75
12000,0.0,0.5,0.25,0.75,0.75
13000,0.0,0.4,0.2,0.6,0.6
14000,0.0,0.4,0.2,0.6,0.6
15000,0.0,0.4,0.2,0.6,0.6
16000,0.0,0.5,0.6666667,0.5,0.6666667
17000,0.0,0.5,0.6666667,0.5,0.6666667
18000,0.0,0.42857143,0.5714286,0.42857143,0.5714286
19000,0.0,0.42857143,0.5714286,0.42857143,0.5714286
20000,0.0,0.42857143,0.5714286,0.42857143,0.5714286
21000,0.0,0.375,0.5,0.375,0.5
22000,0.0,0.375,0.5,0.375,0.5
23000,0.11111111,0.33333334,0.44444445,0.33333334,0.5555556
24000,0.11111111,0.33333334,0.44444445,0.33333334,0.5555556
25000,0.11111111,0.33333334,0.44444445,0.33333334,0.5555556
26000,0.1,0.3,0.4,0.3,0.5
27000,0.1,0.3,0.4,0.3,0.5
28000,0.09090909,0.36363637,0.45454547,0.27272728,0.54545456
29000,0.09090909,0.36363637,0.45454547,0.27272728,0.54545456
30000,0.09090909,0.36363637,0.45454547,0.27272728,0.54545456
31000,0.083333336,0.33333334,0.41666666,0.33333334,0.5
32000,0.083333336,0.33333334,0.41666666,0.33333334,0.5
33000,0.15384616,0.30769232,0.46153846,0.30769232,0.46153846
34000,0.15384616,0.30769232,0.46153846,0.30769232,0.46153846
35000,0.15384616,0.30769232,0.46153846,0.30769232,0.46153846
36000,0.21428572,0.2857143,0.5,0.2857143,0.42857143
37000,0.21428572,0.2857143,0.5,0.2857143,0.42857143
38000,0.2,0.26666668,0.46666667,0.26666668,0.4
39000,0.2,0.26666668,0.46666667,0.26666668,0.4
40000,0.2,0.26666668,0.46666667,0.26666668,0.4
41000,0.1875,0.25,0.4375,0.25,0.4375
42000,0.1875,0.25,0.4375,0.25,0.4375
43000,0.1764706,0.23529412,0.47058824,0.29411766,0.5294118
44000,0.1764706,0.23529412,0.47058824,0.29411766,0.5294118
45000,0.1764706,0.23529412,0.47058824,0.29411766,0.5294118
46000,0.16666667,0.2777778,0.5,0.33333334,0.6111111
47000,0.16666667,0.2777778,0.5,0.33333334,0.6111111
48000,0.15789473,0.2631579,0.47368422,0.36842105,0.6315789
49000,0.15789473,0.2631579,0.47368422,0.36842105,0.6315789
50000,0.15789473,0.2631579,0.47368422,0.36842105,0.6315789
51000,0.2,0.3,0.55,0.35,0.7
52000,0.2,0.3,0.55,0.35,0.7
53000,0.1904762,0.2857143,0.52380955,0.33333334,0.6666667
54000,0.1904762,0.2857143,0.52380955,0.33333334,0.6666667
55000,0.1904762,0.2857143,0.52380955,0.33333334,0.6666667
56000,0.22727273,0.3181818,0.54545456,0.3181818,0.6363636
57000,0.22727273,0.3181818,0.54545456,0.3181818,0.6363636
58000,0.26086956,0.3043478,0.5652174,0.3478261,0.65217394
59000,0.26086956,0.3043478,0.5652174,0.3478261,0.65217394
60000,0.26086956,0.3043478,0.5652174,0.3478261,0.65217394
61000,0.25,0.41666666,0.5833333,0.33333334,0.625
62000,0.25,0.41666666,0.5833333,0.33333334,0.625
63000,0.24,0.52,0.56,0.36,0.64
64000,0.24,0.52,0.56,0.36,0.64
65000,0.24,0.52,0.56,0.36,0.64
66000,0.23076923,0.5769231,0.53846157,0.34615386,0.61538464
67000,0.23076923,0.5769231,0.53846157,0.34615386,0.61538464
68000,0.22222222,0.5555556,0.5925926,0.33333334,0.5925926
69000,0.22222222,0.5555556,0.5925926,0.33333334,0.5925926
70000,0.22222222,0.5555556,0.5925926,0.33333334,0.5925926
71000,0.25,0.53571427,0.5714286,0.32142857,0.5714286
72000,0.25,0.53571427,0.5714286,0.32142857,0.5714286
73000,0.2413793,0.6551724,0.6551724,0.31034482,0.62068963
74000,0.2413793,0.6551724,0.6551724,0.31034482,0.62068963
75000,0.2413793,0.6551724,0.6551724,0.31034482,0.62068963
76000,0.23333333,0.6333333,0.6333333,0.33333334,0.6666667
77000,0.23333333,0.6333333,0.6333333,0.33333334,0.6666667
78000,0.22580644,0.61290324,0.61290324,0.3548387,0.67741936
79000,0.22580644,0.61290324,0.61290324,0.3548387,0.67741936
80000,0.22580644,0.61290324,0.61290324,0.3548387,0.67741936
81000,0.28125,0.59375,0.59375,0.375,0.71875
82000,0.28125,0.59375,0.59375,0.375,0.71875
83000,0.27272728,0.6060606,0.6060606,0.3939394,0.6969697
84000,0.27272728,0.6060606,0.6060606,0.3939394,0.6969697
85000,0.27272728,0.6060606,0.6060606,0.3939394,0.6969697
86000,0.2647059,0.64705884,0.5882353,0.38235295,0.6764706
87000,0.2647059,0.64705884,0.5882353,0.38235295,0.6764706
88000,0.31428573,0.6857143,0.5714286,0.4,0.6571429
89000,0.31428573,0.6857143,0.5714286,0.4,0.6571429
90000,0.31428573,0.6857143,0.5714286,0.4,0.6571429
91000,0.30555555,0.6666667,0.6388889,0.41666666,0.6388889
92000,0.30555555,0.6666667,0.6388889,0.41666666,0.6388889
93000,0.2972973,0.7027027,0.6216216,0.4864865,0.7027027
94000,0.2972973,0.7027027,0.6216216,0.4864865,0.7027027
95000,0.2972973,0.7027027,0.6216216,0.4864865,0.7027027
96000,0.28947368,0.7368421,0.65789473,0.47368422,0.7894737
97000,0.28947368,0.7368421,0.65789473,0.47368422,0.7894737
98000,0.2820513,0.71794873,0.6666667,0.4871795,0.82051283
99000,0.2820513,0.71794873,0.6666667,0.4871795,0.82051283
100000,0.2820513,0.71794873,0.6666667,0.4871795,0.82051283
101000,0.275,0.725,0.65,0.5,0.8
102000,0.275,0.725,0.65,0.5,0.8
103000,0.29268292,0.70731705,0.63414633,0.4878049,0.8292683
104000,0.29268292,0.70731705,0.63414633,0.4878049,0.8292683
105000,0.29268292,0.70731705,0.63414633,0.4878049,0.8292683
106000,0.33333334,0.6904762,0.61904764,0.5,0.8095238
107000,0.33333334,0.6904762,0.61904764,0.5,0.8095238
108000,0.37209302,0.7209302,0.7209302,0.53488374,0.81395346
109000,0.37209302,0.7209302,0.7209302,0.53488374,0.81395346
110000,0.37209302,0.7209302,0.7209302,0.53488374,0.81395346
111000,0.38636363,0.70454544,0.77272725,0.59090906,0.8181818
112000,0.38636363,0.70454544,0.77272725,0.59090906,0.8181818
113000,0.37777779,0.6888889,0.8,0.5777778,0.82222223
114000,0.37777779,0.6888889,0.8,0.5777778,0.82222223
115000,0.37777779,0.6888889,0.8,0.5777778,0.82222223
116000,0.39130434,0.6956522,0.8913044,0.6086956,0.84782606
117000,0.39130434,0.6956522,0.8913044,0.6086956,0.84782606
118000,0.38297874,0.80851066,0.9148936,0.63829786,0.82978725
119000,0.38297874,0.80851066,0.9148936,0.63829786,0.82978725
120000,0.38297874,0.80851066,0.9148936,0.63829786,0.82978725
121000,0.39583334,0.8333333,0.9375,0.625,0.8125
122000,0.39583334,0.8333333,0.9375,0.625,0.8125
123000,0.40816328,0.877551,0.97959185,0.7346939,0.8367347
124000,0.40816328,0.877551,0.97959185,0.7346939,0.8367347
125000,0.40816328,0.877551,0.97959185,0.7346939,0.8367347
126000,0.44,0.92,1.0,0.74,0.82
127000,0.44,0.92,1.0,0.74,0.82
128000,0.47058824,0.9607843,0.98039216,0.7254902,0.88235295
129000,0.47058824,0.9607843,0.98039216,0.7254902,0.88235295
130000,0.47058824,0.9607843,0.98039216,0.7254902,0.88235295
131000,0.48076922,0.9807692,0.9807692,0.75,0.90384614
132000,0.48076922,0.9807692,0.9807692,0.75,0.90384614
133000,0.5471698,0.9622642,1.0,0.7358491,0.9622642
134000,0.5471698,0.9622642,1.0,0.7358491,0.9622642
135000,0.5471698,0.9622642,1.0,0.7358491,0.9622642
136000,0.5925926,0.9444444,1.0555556,0.7407407,0.9814815
137000,0.5925926,0.9444444,1.0555556,0.7407407,0.9814815
138000,0.6,0.92727274,1.0909091,0.8181818,0.96363634
139000,0.6,0.92727274,1.0909091,0.8181818,0.96363634
140000,0.6,0.92727274,1.0909091,0.8181818,0.96363634
141000,0.6785714,0.96428573,1.0892857,0.8035714,0.9464286
142000,0.6785714,0.96428573,1.0892857,0.8035714,0.9464286
143000,0.68421054,1.0701754,1.0877193,0.7894737,1.0
144000,0.68421054,1.0701754,1.0877193,0.7894737,1.0
145000,0.68421054,1.0701754,1.0877193,0.7894737,1.0
146000,0.70689654,1.0517242,1.1034483,0.7758621,1.0172414
147000,0.70689654,1.0517242,1.1034483,0.7758621,1.0172414
148000,0.7457627,1.0508474,1.1694915,0.779661,1.0677966
149000,0.7457627,1.0508474,1.1694915,0.779661,1.0677966
150000,0.7457627,1.0508474,1.1694915,0.779661,1.0677966
151000,0.76666665,1.0666667,1.15,0.8,1.0833334
152000,0.76666665,1.0666667,1.15,0.8,1.0833334
153000,0.8032787,1.0819672,1.1803279,0.8032787,1.1147541
154000,0.8032787,1.0819672,1.1803279,0.8032787,1.1147541
155000,0.8032787,1.0819672,1.1803279,0.8032787,1.1147541
156000,0.83870965,1.0967742,1.2580645,0.91935486,1.1129032
157000,0.83870965,1.0967742,1.2580645,0.91935486,1.1129032
158000,0.85714287,1.0793651,1.2698413,0.9047619,1.1746032
159000,0.85714287,1.0793651,1.2698413,0.9047619,1.1746032
160000,0.85714287,1.0793651,1.2698413,0.9047619,1.1746032
161000,0.859375,1.0625,1.265625,0.90625,1.171875
162000,0.859375,1.0625,1.265625,0.90625,1.171875
163000,0.8769231,1.1076924,1.3384615,0.9692308,1.2461538
164000,0.8769231,1.1076924,1.3384615,0.9692308,1.2461538
165000,0.8769231,1.1076924,1.3384615,0.9692308,1.2461538
166000,0.8787879,1.1969697,1.3636364,1.0151515,1.2272727
167000,0.8787879,1.1969697,1.3636364,1.0151515,1.2272727
168000,0.880597,1.1791044,1.3880597,1.0447761,1.238806
169000,0.880597,1.1791044,1.3880597,1.0447761,1.238806
170000,0.880597,1.1791044,1.3880597,1.0447761,1.238806
171000,0.86764705,1.1764706,1.3970588,1.0588236,1.2794118
172000,0.86764705,1.1764706,1.3970588,1.0588236,1.2794118
173000,0.9130435,1.231884,1.3913044,1.0869565,1.2898551
174000,0.9130435,1.231884,1.3913044,1.0869565,1.2898551
175000,0.9130435,1.231884,1.3913044,1.0869565,1.2898551
176000,0.9285714,1.2285714,1.3714286,1.1142857,1.3857143
177000,0.9285714,1.2285714,1.3714286,1.1142857,1.3857143
178000,1.028169,1.2253522,1.3661972,1.1408451,1.3943661
179000,1.028169,1.2253522,1.3661972,1.1408451,1.3943661
180000,1.028169,1.2253522,1.3661972,1.1408451,1.3943661
181000,1.0694444,1.2083334,1.375,1.1388888,1.3888888
182000,1.0694444,1.2083334,1.375,1.1388888,1.3888888
183000,1.0547945,1.1917808,1.3835616,1.2191781,1.369863
184000,1.0547945,1.1917808,1.3835616,1.2191781,1.369863
185000,1.0547945,1.1917808,1.3835616,1.2191781,1.369863
186000,1.0405406,1.2837838,1.4324324,1.2567568,1.3918918
187000,1.0405406,1.2837838,1.4324324,1.2567568,1.3918918
188000,1.04,1.3066666,1.4666667,1.28,1.3733333
189000,1.04,1.3066666,1.4666667,1.28,1.3733333
190000,1.04,1.3066666,1.4666667,1.28,1.3733333
191000,1.0394737,1.2894737,1.4868422,1.3026316,1.4078947
192000,1.0394737,1.2894737,1.4868422,1.3026316,1.4078947
193000,1.0519481,1.2857143,1.5324675,1.2987013,1.3896104
194000,1.0519481,1.2857143,1.5324675,1.2987013,1.3896104
195000,1.0519481,1.2857143,1.5324675,1.2987013,1.3896104
196000,1.1025641,1.3461539,1.5128205,1.2948718,1.3717948
197000,1.1025641,1.3461539,1.5128205,1.2948718,1.3717948
198000,1.113924,1.3544304,1.5696203,1.3417722,1.4556962
199000,1.113924,1.3544304,1.5696203,1.3417722,1.4556962
200000,1.113924,1.3544304,1.5696203,1.3417722,1.4556962
201000,1.1625,1.375,1.5875,1.3375,1.5125
202000,1.1625,1.375,1.5875,1.3375,1.5125
203000,1.2222222,1.3827161,1.6296296,1.3580247,1.5185186
204000,1.2222222,1.3827161,1.6296296,1.3580247,1.5185186
205000,1.2222222,1.3827161,1.6296296,1.3580247,1.5185186
206000,1.2439024,1.3658537,1.6707317,1.4268292,1.5487804
207000,1.2439024,1.3658537,1.6707317,1.4268292,1.5487804
208000,1.2409638,1.373494,1.7108433,1.4216868,1.5783132
209000,1.2409638,1.373494,1.7108433,1.4216868,1.5783132
210000,1.2409638,1.373494,1.7108433,1.4216868,1.5783132
211000,1.2380953,1.4166666,1.7380953,1.4404762,1.5714285
212000,1.2380953,1.4166666,1.7380953,1.4404762,1.5714285
213000,1.2588235,1.4352942,1.7529411,1.4705882,1.6352941
214000,1.2588235,1.4352942,1.7529411,1.4705882,1.6352941
215000,1.2588235,1.4352942,1.7529411,1.4705882,1.6352941
216000,1.2906977,1.4302325,1.8023256,1.4651163,1.6162791
217000,1.2906977,1.4302325,1.8023256,1.4651163,1.6162791
218000,1.3103448,1.4712644,1.8390805,1.4597701,1.6091954
219000,1.3103448,1.4712644,1.8390805,1.4597701,1.6091954
220000,1.3103448,1.4712644,1.8390805,1.4597701,1.6091954
221000,1.3295455,1.4886364,1.8409091,1.5568181,1.625
222000,1.3295455,1.4886364,1.8409091,1.5568181,1.625
223000,1.3146068,1.5842696,1.8764045,1.6179775,1.6067415
224000,1.3146068,1.5842696,1.8764045,1.6179775,1.6067415
225000,1.3146068,1.5842696,1.8764045,1.6179775,1.6067415
226000,1.3,1.6111112,1.9,1.6,1.6333333
227000,1.3,1.6111112,1.9,1.6,1.6333333
228000,1.3626374,1.6153846,1.8901099,1.5824176,1.6923077
229000,1.3626374,1.6153846,1.8901099,1.5824176,1.6923077
230000,1.3626374,1.6153846,1.8901099,1.5824176,1.6923077
231000,1.3586956,1.673913,1.9021739,1.5978261,1.673913
232000,1.3586956,1.673913,1.9021739,1.5978261,1.673913
233000,1.3548387,1.6774193,1.967742,1.655914,1.6774193
234000,1.3548387,1.6774193,1.967742,1.655914,1.6774193
235000,1.3548387,1.6774193,1.967742,1.655914,1.6774193
236000,1.3404255,1.7127659,1.9787234,1.6595745,1.7021277
237000,1.3404255,1.7127659,1.9787234,1.6595745,1.7021277
238000,1.3368421,1.7263157,1.9684211,1.6842105,1.7052631
239000,1.3368421,1.7263157,1.9684211,1.6842105,1.7052631
240000,1.3368421,1.7263157,1.9684211,1.6842105,1.7052631
241000,1.3958334,1.7083334,1.9791666,1.7604166,1.7083334
242000,1.3958334,1.7083334,1.9791666,1.7604166,1.7083334
243000,1.4742268,1.8041238,2.0103092,1.7525773,1.7731959
244000,1.4742268,1.8041238,2.0103092,1.7525773,1.7731959
245000,1.4742268,1.8041238,2.0103092,1.7525773,1.7731959
246000,1.4897959,1.8163265,2.0306122,1.7959183,1.7755102
247000,1.4897959,1.8163265,2.0306122,1.7959183,1.7755102
248000,1.5656565,1.8383838,2.0505052,1.7979798,1.7979798
249000,1.5656565,1.8383838,2.0505052,1.7979798,1.7979798
250000,1.5656565,1.8383838,2.0505052,1.7979798,1.7979798
251000,1.63,1.88,2.06,1.79,1.9
252000,1.63,1.88,2.06,1.79,1.9
253000,1.64,1.9,2.16,1.86,1.93
254000,1.64,1.9,2.16,1.86,1.93
255000,1.64,1.9,2.16,1.86,1.93
256000,1.72,2.03,2.22,1.88,1.95
257000,1.72,2.03,2.22,1.88,1.95
258000,1.74,2.03,2.27,1.9,1.98
259000,1.74,2.03,2.27,1.9,1.98
260000,1.74,2.03,2.27,1.9,1.98
261000,1.84,2.1,2.3,1.96,1.98
262000,1.84,2.1,2.3,1.96,1.98
263000,1.87,2.2,2.33,2.01,1.98
264000,1.87,2.2,2.33,2.01,1.98
265000,1.87,2.2,2.33,2.01,1.98
266000,1.93,2.21,2.35,2.07,2.03
267000,1.93,2.21,2.35,2.07,2.03
268000,2.03,2.25,2.35,2.17,2.04
269000,2.03,2.25,2.35,2.17,2.04
270000,2.03,2.25,2.35,2.17,2.04
271000,2.06,2.34,2.36,2.24,2.05
272000,2.06,2.34,2.36,2.24,2.05
273000,2.09,2.37,2.37,2.31,2.15
274000,2.09,2.37,2.37,2.31,2.15
275000,2.09,2.37,2.37,2.31,2.15
276000,2.11,2.4,2.45,2.31,2.2
277000,2.11,2.4,2.45,2.31,2.2
278000,2.19,2.45,2.47,2.38,2.25
279000,2.19,2.45,2.47,2.38,2.25
280000,2.19,2.45,2.47,2.38,2.25
281000,2.23,2.49,2.57,2.42,2.28
282000,2.23,2.49,2.57,2.42,2.28
283000,2.27,2.54,2.64,2.51,2.4
284000,2.27,2.54,2.64,2.51,2.4
285000,2.27,2.54,2.64,2.51,2.4
286000,2.35,2.62,2.68,2.62,2.41
287000,2.35,2.62,2.68,2.62,2.41
288000,2.36,2.64,2.73,2.66,2.45
289000,2.36,2.64,2.73,2.66,2.45
290000,2.36,2.64,2.73,2.66,2.45
291000,2.41,2.67,2.77,2.72,2.46
292000,2.41,2.67,2.77,2.72,2.46
293000,2.45,2.78,2.76,2.74,2.49
294000,2.45,2.78,2.76,2.74,2.49
295000,2.45,2.78,2.76,2.74,2.49
296000,2.54,2.77,2.75,2.81,2.59
297000,2.54,2.77,2.75,2.81,2.59
298000,2.61,2.91,2.92,2.83,2.6
299000,2.61,2.91,2.92,2.83,2.6
300000,2.61,2.91,2.92,2.83,2.6
301000,2.68,2.95,2.92,2.87,2.66
302000,2.68,2.95,2.92,2.87,2.66
303000,2.73,3.05,2.92,2.96,2.73
304000,2.73,3.05,2.92,2.96,2.73
305000,2.73,3.05,2.92,2.96,2.73
306000,2.74,3.07,2.96,2.96,2.77
307000,2.74,3.07,2.96,2.96,2.77
308000,2.75,3.15,3.01,2.99,2.89
309000,2.75,3.15,3.01,2.99,2.89
310000,2.75,3.15,3.01,2.99,2.89
311000,2.76,3.14,3.09,3.12,2.9
312000,2.76,3.14,3.09,3.12,2.9
313000,2.79,3.16,3.16,3.11,2.97
314000,2.79,3.16,3.16,3.11,2.97
315000,2.79,3.16,3.16,3.11,2.97
316000,2.97,3.26,3.24,3.23,2.99
317000,2.97,3.26,3.24,3.23,2.99
318000,2.99,3.27,3.34,3.33,3.01
319000,2.99,3.27,3.34,3.33,3.01
320000,2.99,3.27,3.34,3.33,3.01
321000,3.0,3.42,3.37,3.41,3.02
322000,3.0,3.42,3.37,3.41,3.02
323000,3.13,3.42,3.37,3.42,3.01
324000,3.13,3.42,3.37,3.42,3.01
325000,3.13,3.42,3.37,3.42,3.01
326000,3.16,3.52,3.39,3.48,3.1
327000,3.16,3.52,3.39,3.48,3.1
328000,3.18,3.55,3.51,3.55,3.2
329000,3.18,3.55,3.51,3.55,3.2
330000,3.18,3.55,3.51,3.55,3.2
331000,3.29,3.64,3.53,3.6,3.2
332000,3.29,3.64,3.53,3.6,3.2
333000,3.31,3.71,3.65,3.71,3.23
334000,3.31,3.71,3.65,3.71,3.23
335000,3.31,3.71,3.65,3.71,3.23
336000,3.42,3.81,3.75,3.74,3.36
337000,3.42,3.81,3.75,3.74,3.36
338000,3.43,3.94,3.81,3.79,3.37
339000,3.43,3.94,3.81,3.79,3.37
340000,3.43,3.94,3.81,3.79,3.37
341000,3.52,3.96,3.89,3.9,3.47
342000,3.52,3.96,3.89,3.9,3.47
343000,3.52,4.03,3.94,3.95,3.61
344000,3.52,4.03,3.94,3.95,3.61
345000,3.52,4.03,3.94,3.95,3.61
346000,3.54,4.09,3.99,4.0,3.66
347000,3.54,4.09,3.99,4.0,3.66
348000,3.59,4.19,4.12,4.02,3.67
349000,3.59,4.19,4.12,4.02,3.67
350000,3.59,4.19,4.12,4.02,3.67
351000,3.67,4.18,4.15,4.13,3.86
352000,3.67,4.18,4.15,4.13,3.86
353000,3.69,4.32,4.2,4.16,3.86
354000,3.69,4.32,4.2,4.16,3.86
355000,3.69,4.32,4.2,4.16,3.86
356000,3.73,4.4,4.36,4.27,3.95
357000,3.73,4.4,4.36,4.27,3.95
358000,3.74,4.41,4.37,4.26,3.96
359000,3.74,4.41,4.37,4.26,3.96
360000,3.74,4.41,4.37,4.26,3.96
361000,3.87,4.58,4.38,4.27,4.08
362000,3.87,4.58,4.38,4.27,4.08
363000,3.89,4.67,4.4,4.39,4.23
364000,3.89,4.67,4.4,4.39,4.23
365000,3.89,4.67,4.4,4.39,4.23
366000,3.98,4.77,4.44,4.51,4.3
367000,3.98,4.77,4.44,4.51,4.3
368000,4.11,4.83,4.45,4.59,4.32
369000,4.11,4.83,4.45,4.59,4.32
370000,4.11,4.83,4.45,4.59,4.32
371000,4.11,4.84,4.58,4.7,4.39
372000,4.11,4.84,4.58,4.7,4.39
373000,4.15,4.93,4.64,4.79,4.46
374000,4.15,4.93,4.64,4.79,4.46
375000,4.15,4.93,4.64,4.79,4.46
376000,4.18,5.07,4.67,4.83,4.46
377000,4.18,5.07,4.67,4.83,4.46
378000,4.18,5.07,4.67,4.89,4.55
379000,4.18,5.07,4.67,4.89,4.55
380000,4.18,5.07,4.67,4.89,4.55
381000,4.43,5.1,4.73,5.19,4.59
382000,4.43,5.1,4.73,5.19,4.59
383000,4.46,5.22,4.73,5.31,4.57
384000,4.46,5.22,4.73,5.31,4.57
385000,4.46,5.22,4.73,5.31,4.57
386000,4.52,5.25,4.85,5.34,4.68
387000,4.52,5.25,4.85,5.34,4.68
388000,4.69,5.32,4.84,5.29,4.85
389000,4.69,5.32,4.84,5.29,4.85
390000,4.69,5.32,4.84,5.29,4.85
391000,4.69,5.56,4.83,5.29,4.87
392000,4.69,5.56,4.83,5.29,4.87
393000,4.78,5.54,4.94,5.3,4.93
394000,4.78,5.54,4.94,5.3,4.93
395000,4.78,5.54,4.94,5.3,4.93
396000,4.86,5.56,5.0,5.51,5.12
397000,4.86,5.56,5.0,5.51,5.12
398000,4.88,5.55,4.98,5.54,5.17
399000,4.88,5.55,4.98,5.54,5.17
400000,4.88,5.55,4.98,5.54,5.17
401000,4.91,5.53,4.99,5.56,5.18
402000,4.91,5.53,4.99,5.56,5.18
403000,4.96,5.51,5.02,5.72,5.31
404000,4.96,5.51,5.02,5.72,5.31
405000,4.96,5.51,5.02,5.72,5.31
406000,5.08,5.49,5.05,5.68,5.36
407000,5.08,5.49,5.05,5.68,5.36
408000,5.2,5.63,5.24,5.68,5.5
409000,5.2,5.63,5.24,5.68,5.5
410000,5.2,5.63,5.24,5.68,5.5
411000,5.35,5.78,5.23,5.67,5.55
412000,5.35,5.78,5.23,5.67,5.55
413000,5.5,5.76,5.27,5.68,5.49
414000,5.5,5.76,5.27,5.68,5.49
415000,5.5,5.76,5.27,5.68,5.49
416000,5.58,5.69,5.31,5.82,5.61
417000,5.58,5.69,5.31,5.82,5.61
418000,5.69,5.69,5.36,6.04,5.59
419000,5.69,5.69,5.36,6.04,5.59
420000,5.69,5.69,5.36,6.04,5.59
421000,5.73,5.68,5.39,6.11,5.55
422000,5.73,5.68,5.39,6.11,5.55
423000,5.88,5.63,5.52,6.09,5.53
424000,5.88,5.63,5.52,6.09,5.53
425000,5.88,5.63,5.52,6.09,5.53
426000,6.01,5.62,5.52,6.15,5.45
427000,6.01,5.62,5.52,6.15,5.45
428000,5.97,5.61,5.51,6.23,5.43
429000,5.97,5.61,5.51,6.23,5.43
430000,5.97,5.61,5.51,6.23,5.43
431000,6.09,5.61,5.6,6.23,5.42
432000,6.09,5.61,5.6,6.23,5.42
433000,6.1,5.61,5.7,6.16,5.62
434000,6.1,5.61,5.7,6.16,5.62
435000,6.1,5.61,5.7,6.16,5.62
436000,6.12,5.53,5.7,6.21,5.69
437000,6.12,5.53,5.7,6.21,5.69
438000,6.44,5.5,5.66,6.37,5.69
439000,6.44,5.5,5.66,6.37,5.69
440000,6.44,5.5,5.66,6.37,5.69
441000,6.45,5.5,5.85,6.44,5.85
442000,6.45,5.5,5.85,6.44,5.85
443000,6.55,5.49,5.87,6.67,5.94
444000,6.55,5.49,5.87,6.67,5.94
445000,6.55,5.49,5.87,6.67,5.94
446000,6.5,5.43,5.92,6.87,5.94
447000,6.5,5.43,5.92,6.87,5.94
448000,6.48,5.41,5.86,7.08,5.9
449000,6.48,5.41,5.86,7.08,5.9
450000,6.48,5.41,5.86,7.08,5.9
451000,6.43,5.38,5.93,7.15,5.84
452000,6.43,5.38,5.93,7.15,5.84
453000,6.37,5.36,6.0,7.26,5.84
454000,6.37,5.36,6.0,7.26,5.84
455000,6.37,5.36,6.0,7.26,5.84
456000,6.41,5.36,5.96,7.21,5.8
457000,6.41,5.36,5.96,7.21,5.8
458000,6.71,5.34,6.04,7.39,5.76
459000,6.71,5.34,6.04,7.39,5.76
460000,6.71,5.34,6.04,7.39,5.76
461000,6.76,5.29,6.24,7.37,5.77
462000,6.76,5.29,6.24,7.37,5.77
463000,6.91,5.26,6.28,7.33,6.06
464000,6.91,5.26,6.28,7.33,6.06
465000,6.91,5.26,6.28,7.33,6.06
466000,7.01,5.25,6.24,7.34,6.11
467000,7.01,5.25,6.24,7.34,6.11
468000,7.12,5.2,6.22,7.55,6.11
469000,7.12,5.2,6.22,7.55,6.11
470000,7.12,5.2,6.22,7.55,6.11
471000,7.38,5.17,6.53,7.58,6.36
472000,7.38,5.17,6.53,7.58,6.36
473000,7.69,5.07,6.53,7.51,6.58
474000,7.69,5.07,6.53,7.51,6.58
475000,7.69,5.07,6.53,7.51,6.58
476000,8.05,5.03,6.49,7.51,6.54
477000,8.05,5.03,6.49,7.51,6.54
478000,8.13,5.01,6.48,7.58,6.47
479000,8.13,5.01,6.48,7.58,6.47
480000,8.13,5.01,6.48,7.58,6.47
481000,8.34,4.94,6.45,7.72,6.47
482000,8.34,4.94,6.45,7.72,6.47
483000,8.51,4.92,6.51,7.66,6.45
484000,8.51,4.92,6.51,7.66,6.45
485000,8.51,4.92,6.51,7.66,6.45
486000,8.68,4.87,6.59,7.98,6.41
487000,8.68,4.87,6.59,7.98,6.41
488000,8.71,4.84,6.59,8.26,6.39
489000,8.71,4.84,6.59,8.26,6.39
490000,8.71,4.84,6.59,8.26,6.39
491000,8.95,4.84,6.63,8.21,6.37
492000,8.95,4.84,6.63,8.21,6.37
493000,8.86,4.73,6.89,8.46,6.29
494000,8.86,4.73,6.89,8.46,6.29
495000,8.86,4.73,6.89,8.46,6.29
496000,9.08,4.7,7.12,8.74,6.27
497000,9.08,4.7,7.12,8.74,6.27
498000,9.0,4.66,7.24,9.1,6.23
499000,9.0,4.66,7.24,9.1,6.23
500000,9.0,4.66,7.24,9.1,6.23
501000,9.17,4.94,7.4,9.33,6.11
502000,9.17,4.94,7.4,9.33,6.11
503000,9.38,5.01,7.57,9.35,6.07
504000,9.38,5.01,7.57,9.35,6.07
505000,9.38,5.01,7.57,9.35,6.07
506000,9.54,5.12,7.79,9.69,6.39
507000,9.54,5.12,7.79,9.69,6.39
508000,9.53,5.27,7.75,9.91,6.61
509000,9.53,5.27,7.75,9.91,6.61
510000,9.53,5.27,7.75,9.91,6.61
511000,9.63,5.2,7.87,9.86,6.91
512000,9.63,5.2,7.87,9.86,6.91
513000,9.73,5.45,8.12,9.99,7.08
514000,9.73,5.45,8.12,9.99,7.08
515000,9.73,5.45,8.12,9.99,7.08
516000,9.84,5.5,8.4,9.99,7.45
517000,9.84,5.5,8.4,9.99,7.45
518000,10.0,5.87,8.41,10.14,7.5
519000,10.0,5.87,8.41,10.14,7.5
520000,10.0,5.87,8.41,10.14,7.5
521000,10.27,6.08,8.4,10.35,7.87
522000,10.27,6.08,8.4,10.35,7.87
523000,10.52,6.26,8.61,10.42,8.03
524000,10.52,6.26,8.61,10.42,8.03
525000,10.52,6.26,8.61,10.42,8.03
526000,10.61,6.28,8.63,10.51,8.34
527000,10.61,6.28,8.63,10.51,8.34
528000,10.81,6.24,8.92,10.7,8.51
529000,10.81,6.24,8.92,10.7,8.51
530000,10.81,6.24,8.92,10.7,8.51
531000,11.02,6.44,9.11,11.1,8.72
532000,11.02,6.44,9.11,11.1,8.72
533000,11.31,6.66,9.42,11.36,8.84
534000,11.31,6.66,9.42,11.36,8.84
535000,11.31,6.66,9.42,11.36,8.84
536000,11.33,6.73,9.57,11.39,8.85
537000,11.33,6.73,9.57,11.39,8.85
538000,11.68,6.92,9.75,11.54,8.97
539000,11.68,6.92,9.75,11.54,8.97
540000,11.68,6.92,9.75,11.54,8.97
541000,11.91,7.29,9.88,11.81,9.25
542000,11.91,7.29,9.88,11.81,9.25
543000,12.11,7.34,10.16,12.07,9.49
544000,12.11,7.34,10.16,12.07,9.49
545000,12.11,7.34,10.16,12.07,9.49
546000,12.28,7.43,10.56,12.12,9.47
547000,12.28,7.43,10.56,12.12,9.47
548000,12.21,7.3,10.53,12.42,9.65
549000,12.21,7.3,10.53,12.42,9.65
550000,12.21,7.3,10.53,12.42,9.65
551000,12.13,7.25,10.83,12.69,9.72
552000,12.13,7.25,10.83,12.69,9.72
553000,12.09,7.15,10.94,12.94,10.05
554000,12.09,7.15,10.94,12.94,10.05
555000,12.09,7.15,10.94,12.94,10.05
556000,12.33,7.12,11.19,13.18,10.25
557000,12.33,7.12,11.19,13.18,10.25
558000,12.73,7.04,11.36,13.39,10.29
559000,12.73,7.04,11.36,13.39,10.29
560000,12.73,7.04,11.36,13.39,10.29
561000,13.03,7.3,11.46,13.64,10.61
562000,13.03,7.3,11.46,13.64,10.61
563000,13.14,7.53,11.67,13.97,10.82
564000,13.14,7.53,11.67,13.97,10.82
565000,13.14,7.53,11.67,13.97,10.82
566000,13.07,7.58,11.91,14.16,10.93
567000,13.07,7.58,11.91,14.16,10.93
568000,13.24,7.92,11.92,14.33,11.04
569000,13.24,7.92,11.92,14.33,11.04
570000,13.24,7.92,11.92,14.33,11.04
571000,13.49,8.05,12.22,14.38,11.22
572000,13.49,8.05,12.22,14.38,11.22
573000,13.56,8.4,12.56,14.73,11.43
574000,13.56,8.4,12.56,14.73,11.43
575000,13.56,8.4,12.56,14.73,11.43
576000,13.84,8.63,12.91,14.71,11.6
577000,13.84,8.63,12.91,14.71,11.6
578000,14.16,8.91,13.15,14.72,11.79
579000,14.16,8.91,13.15,14.72,11.79
580000,14.16,8.91,13.15,14.72,11.79
581000,14.31,9.0,13.52,14.83,12.01
582000,14.31,9.0,13.52,14.83,12.01
583000,14.6,9.23,13.59,14.91,12.24
584000,14.6,9.23,13.59,14.91,12.24
585000,14.6,9.23,13.59,14.91,12.24
586000,14.84,9.32,13.49,15.06,12.47
587000,14.84,9.32,13.49,15.06,12.47
588000,15.0,9.44,13.59,15.4,12.7
589000,15.0,9.44,13.59,15.4,12.7
590000,15.0,9.44,13.59,15.4,12.7
591000,15.08,9.7,13.73,15.57,12.81
592000,15.08,9.7,13.73,15.57,12.81
593000,15.45,9.85,13.75,15.49,12.73
594000,15.45,9.85,13.75,15.49,12.73
595000,15.45,9.85,13.75,15.49,12.73
596000,15.68,10.08,13.95,15.78,12.69
597000,15.68,10.08,13.95,15.78,12.69
598000,15.94,10.2,14.2,15.87,13.04
599000,15.94,10.2,14.2,15.87,13.04
600000,15.94,10.2,14.2,15.87,13.04
601000,16.03,10.53,14.52,16.0,13.13
602000,16.03,10.53,14.52,16.0,13.13
603000,16.36,10.66,14.76,16.25,13.25
604000,16.36,10.66,14.76,16.25,13.25
605000,16.36,10.66,14.76,16.25,13.25
606000,16.67,10.89,14.67,16.33,13.19
607000,16.67,10.89,14.67,16.33,13.19
608000,16.95,11.19,14.72,16.53,13.17
609000,16.95,11.19,14.72,16.53,13.17
610000,16.95,11.19,14.72,16.53,13.17
611000,17.14,11.31,14.92,16.79,13.04
612000,17.14,11.31,14.92,16.79,13.04
613000,17.44,11.42,15.21,16.74,12.88
614000,17.44,11.42,15.21,16.74,12.88
615000,17.44,11.42,15.21,16.74,12.88
616000,17.64,11.54,15.49,16.73,12.79
617000,17.64,11.54,15.49,16.73,12.79
618000,17.81,11.63,15.8,16.83,12.77
619000,17.81,11.63,15.8,16.83,12.77
620000,17.81,11.63,15.8,16.83,12.77
621000,18.17,11.96,16.01,16.89,12.7
622000,18.17,11.96,16.01,16.89,12.7
623000,18.42,12.1,16.25,17.15,12.61
624000,18.42,12.1,16.25,17.15,12.61
625000,18.42,12.1,16.25,17.15,12.61
626000,18.65,12.32,16.56,17.27,12.61
627000,18.65,12.32,16.56,17.27,12.61
628000,18.95,12.41,16.92,17.25,12.48
629000,18.95,12.41,16.92,17.25,12.48
630000,18.95,12.41,16.92,17.25,12.48
631000,18.82,12.38,17.09,17.25,12.42
632000,18.82,12.38,17.09,17.25,12.42
633000,19.02,12.26,17.28,17.27,12.4
634000,19.02,12.26,17.28,17.27,12.4
635000,19.02,12.26,17.28,17.27,12.4
636000,19.32,12.23,17.39,17.27,12.27
637000,19.32,12.23,17.39,17.27,12.27
638000,19.5,12.17,17.44,17.7,12.1
639000,19.5,12.17,17.44,17.7,12.1
640000,19.5,12.17,17.44,17.7,12.1
641000,19.55,11.9,17.52,17.94,12.08
642000,19.55,11.9,17.52,17.94,12.08
643000,19.47,11.85,17.55,18.21,11.98
644000,19.47,11.85,17.55,18.21,11.98
645000,19.47,11.85,17.55,18.21,11.98
646000,19.68,11.83,17.76,18.21,11.77
647000,19.68,11.83,17.76,18.21,11.77
648000,19.73,11.83,17.77,18.5,11.68
649000,19.73,11.83,17.77,18.5,11.68
650000,19.73,11.83,17.77,18.5,11.68
651000,20.05,11.83,18.2,18.79,11.65
652000,20.05,11.83,18.2,18.79,11.65
653000,20.27,11.83,18.56,18.81,11.56
654000,20.27,11.83,18.56,18.81,11.56
655000,20.27,11.83,18.56,18.81,11.56
656000,20.49,11.84,18.61,19.06,11.79
657000,20.49,11.84,18.61,19.06,11.79
658000,20.64,11.7,18.53,19.26,11.82
659000,20.64,11.7,18.53,19.26,11.82
660000,20.64,11.7,18.53,19.26,11.82
661000,20.69,11.55,18.66,19.65,11.89
662000,20.69,11.55,18.66,19.65,11.89
663000,20.92,11.83,18.91,19.98,12.05
664000,20.92,11.83,18.91,19.98,12.05
665000,20.92,11.83,18.91,19.98,12.05
666000,21.15,12.15,19.26,19.94,12.19
667000,21.15,12.15,19.26,19.94,12.19
668000,21.27,12.34,19.49,19.86,12.48
669000,21.27,12.34,19.49,19.86,12.48
670000,21.27,12.34,19.49,19.86,12.48
671000,21.56,12.65,19.64,20.05,12.82
672000,21.56,12.65,19.64,20.05,12.82
673000,21.77,12.98,19.7,20.25,13.22
674000,21.77,12.98,19.7,20.25,13.22
675000,21.77,12.98,19.7,20.25,13.22
676000,21.77,13.27,19.96,20.42,13.57
677000,21.77,13.27,19.96,20.42,13.57
678000,21.93,13.53,20.25,20.41,13.84
679000,21.93,13.53,20.25,20.41,13.84
680000,21.93,13.53,20.25,20.41,13.84
681000,21.92,13.94,20.27,20.78,13.92
682000,21.92,13.94,20.27,20.78,13.92
683000,22.29,14.28,20.39,20.98,13.75
684000,22.29,14.28,20.39,20.98,13.75
685000,22.29,14.28,20.39,20.98,13.75
686000,22.46,14.5,20.57,21.09,14.02
687000,22.46,14.5,20.57,21.09,14.02
688000,22.37,14.71,20.72,21.09,14.31
689000,22.37,14.71,20.72,21.09,14.31
690000,22.37,14.71,20.72,21.09,14.31
691000,22.67,15.04,20.78,21.35,14.14
692000,22.67,15.04,20.78,21.35,14.14
693000,23.05,15.33,20.87,21.3,14.38
694000,23.05,15.33,20.87,21.3,14.38
695000,23.05,15.33,20.87,21.3,14.38
696000,23.42,15.61,21.01,21.24,14.61
697000,23.42,15.61,21.01,21.24,14.61
698000,23.84,15.85,21.26,21.18,14.81
699000,23.84,15.85,21.26,21.18,14.81
700000,23.84,15.85,21.26,21.18,14.81
701000,24.26,16.15,21.5,21.39,15.06
702000,24.26,16.15,21.5,21.39,15.06
703000,24.42,16.39,21.7,21.25,15.43
704000,24.42,16.39,21.7,21.25,15.43
705000,24.42,16.39,21.7,21.25,15.43
706000,24.5,16.67,21.79,21.54,15.59
707000,24.5,16.67,21.79,21.54,15.59
708000,24.19,16.93,21.9,21.72,15.94
709000,24.19,16.93,21.9,21.72,15.94
710000,24.19,16.93,21.9,21.72,15.94
711000,24.13,17.3,21.98,21.82,16.15
712000,24.13,17.3,21.98,21.82,16.15
713000,23.95,17.69,22.03,22.15,16.15
714000,23.95,17.69,22.03,22.15,16.15
715000,23.95,17.69,22.03,22.15,16.15
716000,23.83,18.04,22.03,22.4,16.43
717000,23.83,18.04,22.03,22.4,16.43
718000,23.7,18.27,22.2,22.51,16.62
719000,23.7,18.27,22.2,22.51,16.62
720000,23.7,18.27,22.2,22.51,16.62
721000,23.43,18.48,22.08,22.6,16.66
722000,23.43,18.48,22.08,22.6,16.66
723000,23.54,18.79,22.22,22.89,16.63
724000,23.54,18.79,22.22,22.89,16.63
725000,23.54,18.79,22.22,22.89,16.63
726000,23.53,19.12,22.56,23.27,16.64
727000,23.53,19.12,22.56,23.27,16.64
728000,23.59,19.37,22.84,23.48,16.94
729000,23.59,19.37,22.84,23.48,16.94
730000,23.59,19.37,22.84,23.48,16.94
731000,23.65,19.72,23.21,23.68,17.35
732000,23.65,19.72,23.21,23.68,17.35
733000,23.86,20.07,23.31,24.02,17.49
734000,23.86,20.07,23.31,24.02,17.49
735000,23.86,20.07,23.31,24.02,17.49
736000,24.09,20.36,23.26,23.96,17.66
737000,24.09,20.36,23.26,23.96,17.66
738000,24.45,20.74,23.53,23.98,17.87
739000,24.45,20.74,23.53,23.98,17.87
740000,24.45,20.74,23.53,23.98,17.87
741000,24.43,21.15,23.6,24.27,17.88
742000,24.43,21.15,23.6,24.27,17.88
743000,24.79,21.44,23.48,24.19,18.01
744000,24.79,21.44,23.48,24.19,18.01
745000,24.79,21.44,23.48,24.19,18.01
746000,24.79,21.72,23.64,24.05,18.25
747000,24.79,21.72,23.64,24.05,18.25
748000,25.16,22.09,23.85,24.08,18.66
749000,25.16,22.09,23.85,24.08,18.66
750000,25.16,22.09,23.85,24.08,18.66
751000,25.31,22.04,24.02,24.14,18.76
752000,25.31,22.04,24.02,24.14,18.76
753000,25.42,22.31,23.97,24.24,18.9
754000,25.42,22.31,23.97,24.24,18.9
755000,25.42,22.31,23.97,24.24,18.9
756000,25.51,22.47,23.86,24.18,18.91
757000,25.51,22.47,23.86,24.18,18.91
758000,25.86,22.67,24.15,24.1,18.82
759000,25.86,22.67,24.15,24.1,18.82
760000,25.86,22.67,24.15,24.1,18.82
761000,25.71,23.06,24.28,24.36,18.88
762000,25.71,23.06,24.28,24.36,18.88
763000,25.58,23.13,24.35,24.34,18.98
764000,25.58,23.13,24.35,24.34,18.98
765000,25.58,23.13,24.35,24.34,18.98
766000,25.66,23.48,24.14,24.5,18.92
767000,25.66,23.48,24.14,24.5,18.92
768000,25.7,23.16,24.41,24.53,19.09
769000,25.7,23.16,24.41,24.53,19.09
770000,25.7,23.16,24.41,24.53,19.09
771000,25.65,22.86,24.7,24.3,18.9
772000,25.65,22.86,24.7,24.3,18.9
773000,25.49,22.65,24.69,24.36,18.87
774000,25.49,22.65,24.69,24.36,18.87
775000,25.49,22.65,24.69,24.36,18.87
776000,25.55,22.63,24.69,24.63,18.87
777000,25.55,22.63,24.69,24.63,18.87
778000,25.59,22.79,24.67,24.73,18.98
779000,25.59,22.79,24.67,24.73,18.98
780000,25.59,22.79,24.67,24.73,18.98
781000,25.63,22.84,24.62,24.53,19.06
782000,25.63,22.84,24.62,24.53,19.06
783000,25.66,22.78,24.4,24.44,19.21
784000,25.66,22.78,24.4,24.44,19.21
785000,25.66,22.78,24.4,24.44,19.21
786000,25.86,22.95,24.34,24.53,19.34
787000,25.86,22.95,24.34,24.53,19.34
788000,25.79,23.02,24.43,24.72,19.6
789000,25.79,23.02,24.43,24.72,19.6
790000,25.79,23.02,24.43,24.72,19.6
791000,25.87,22.75,24.61,24.66,19.58
792000,25.87,22.75,24.61,24.66,19.58
793000,26.03,22.79,24.61,24.68,19.44
794000,26.03,22.79,24.61,24.68,19.44
795000,26.03,22.79,24.61,24.68,19.44
796000,26.03,23.1,24.3,24.92,19.52
797000,26.03,23.1,24.3,24.92,19.52
798000,26.42,23.45,24.47,25.0,19.6
799000,26.42,23.45,24.47,25.0,19.6
800000,26.42,23.45,24.47,25.0,19.6
801000,26.82,23.78,24.35,24.98,19.67
802000,26.82,23.78,24.35,24.98,19.67
803000,26.9,24.09,24.5,24.94,19.47
804000,26.9,24.09,24.5,24.94,19.47
805000,26.9,24.09,24.5,24.94,19.47
806000,26.71,24.46,24.31,25.02,19.53
807000,26.71,24.46,24.31,25.02,19.53
808000,26.66,24.81,24.23,25.02,19.52
809000,26.66,24.81,24.23,25.02,19.52
810000,26.66,24.81,24.23,25.02,19.52
811000,26.54,24.92,24.26,25.0,19.36
812000,26.54,24.92,24.26,25.0,19.36
813000,26.77,24.97,24.23,25.0,19.15
814000,26.77,24.97,24.23,25.0,19.15
815000,26.77,24.97,24.23,25.0,19.15
816000,27.06,25.04,24.23,24.96,19.3
817000,27.06,25.04,24.23,24.96,19.3
818000,27.05,25.03,24.52,25.07,19.39
819000,27.05,25.03,24.52,25.07,19.39
820000,27.05,25.03,24.52,25.07,19.39
821000,27.18,25.03,24.26,25.17,19.46
822000,27.18,25.03,24.26,25.17,19.46
823000,27.34,25.1,24.13,24.81,19.37
824000,27.34,25.1,24.13,24.81,19.37
825000,27.34,25.1,24.13,24.81,19.37
826000,27.44,25.1,23.87,24.84,19.5
827000,27.44,25.1,23.87,24.84,19.5
828000,27.46,25.13,23.75,25.06,19.38
829000,27.46,25.13,23.75,25.06,19.38
830000,27.46,25.13,23.75,25.06,19.38
831000,27.6,25.42,23.58,24.98,19.54
832000,27.6,25.42,23.58,24.98,19.54
833000,27.72,25.22,23.68,25.06,19.51
834000,27.72,25.22,23.68,25.06,19.51
835000,27.72,25.22,23.68,25.06,19.51
836000,27.64,25.25,23.94,25.04,19.4
837000,27.64,25.25,23.94,25.04,19.4
838000,27.85,25.35,23.94,24.93,19.45
839000,27.85,25.35,23.94,24.93,19.45
840000,27.85,25.35,23.94,24.93,19.45
841000,28.07,25.44,23.89,24.81,19.64
842000,28.07,25.44,23.89,24.81,19.64
843000,28.06,25.56,24.03,25.03,19.8
844000,28.06,25.56,24.03,25.03,19.8
845000,28.06,25.56,24.03,25.03,19.8
846000,27.83,25.59,23.91,25.1,20.06
847000,27.83,25.59,23.91,25.1,20.06
848000,27.89,25.64,23.79,25.24,19.96
849000,27.89,25.64,23.79,25.24,19.96
850000,27.89,25.64,23.79,25.24,19.96
851000,28.06,25.73,23.66,25.33,19.93
852000,28.06,25.73,23.66,25.33,19.93
853000,28.06,25.83,23.42,25.4,19.93
854000,28.06,25.83,23.42,25.4,19.93
855000,28.06,25.83,23.42,25.4,19.93
856000,27.97,25.86,23.56,25.43,20.23
857000,27.97,25.86,23.56,25.43,20.23
858000,28.04,25.9,23.72,25.44,20.5
859000,28.04,25.9,23.72,25.44,20.5
860000,28.04,25.9,23.72,25.44,20.5
861000,27.93,26.01,23.58,25.55,20.56
862000,27.93,26.01,23.58,25.55,20.56
863000,28.04,26.16,23.52,25.74,20.86
864000,28.04,26.16,23.52,25.74,20.86
865000,28.04,26.16,23.52,25.74,20.86
866000,28.01,26.4,23.44,26.01,21.01
867000,28.01,26.4,23.44,26.01,21.01
868000,28.05,26.49,23.41,25.97,21.19
869000,28.05,26.49,23.41,25.97,21.19
870000,28.05,26.49,23.41,25.97,21.19
871000,28.01,26.55,23.4,26.09,21.58
872000,28.01,26.55,23.4,26.09,21.58
873000,28.19,26.61,23.42,25.88,21.7
874000,28.19,26.61,23.42,25.88,21.7
875000,28.19,26.61,23.42,25.88,21.7
876000,28.11,26.56,23.16,26.08,21.99
877000,28.11,26.56,23.16,26.08,21.99
878000,28.22,26.74,23.07,26.4,22.4
879000,28.22,26.74,23.07,26.4,22.4
880000,28.22,26.74,23.07,26.4,22.4
881000,28.51,27.2,23.11,26.4,22.54
882000,28.51,27.2,23.11,26.4,22.54
883000,28.67,27.48,23.23,26.57,22.75
884000,28.67,27.48,23.23,26.57,22.75
885000,28.67,27.48,23.23,26.57,22.75
886000,28.67,27.94,23.27,26.87,22.9
887000,28.67,27.94,23.27,26.87,22.9
888000,28.62,28.0,23.38,26.79,23.14
889000,28.62,28.0,23.38,26.79,23.14
890000,28.62,28.0,23.38,26.79,23.14
891000,28.9,28.24,23.64,26.81,23.32
892000,28.9,28.24,23.64,26.81,23.32
893000,29.12,28.45,23.76,26.94,23.76
894000,29.12,28.45,23.76,26.94,23.76
895000,29.12,28.45,23.76,26.94,23.76
896000,29.2,28.74,23.74,26.95,24.03
897000,29.2,28.74,23.74,26.95,24.03
898000,29.43,29.16,24.09,26.65,24.08
899000,29.43,29.16,24.09,26.65,24.08
900000,29.43,29.16,24.09,26.65,24.08
901000,29.42,29.44,23.83,26.48,24.32
902000,29.42,29.44,23.83,26.48,24.32
903000,29.53,29.44,23.65,26.68,24.4
904000,29.53,29.44,23.65,26.68,24.4
905000,29.53,29.44,23.65,26.68,24.4
906000,29.58,29.48,23.79,26.74,24.52
907000,29.58,29.48,23.79,26.74,24.52
908000,29.69,29.78,23.73,26.71,24.62
909000,29.69,29.78,23.73,26.71,24.62
910000,29.69,29.78,23.73,26.71,24.62
911000,29.97,29.97,23.81,26.61,24.75
912000,29.97,29.97,23.81,26.61,24.75
913000,29.86,29.68,23.76,26.59,24.83
914000,29.86,29.68,23.76,26.59,24.83
915000,29.86,29.68,23.76,26.59,24.83
916000,29.87,29.67,23.63,26.67,24.62
917000,29.87,29.67,23.63,26.67,24.62
918000,30.07,29.82,23.67,26.78,24.65
919000,30.07,29.82,23.67,26.78,24.65
920000,30.07,29.82,23.67,26.78,24.65
921000,30.06,29.82,23.74,26.79,24.47
922000,30.06,29.82,23.74,26.79,24.47
923000,29.72,29.85,23.82,26.83,24.35
924000,29.72,29.85,23.82,26.83,24.35
925000,29.72,29.85,23.82,26.83,24.35
926000,29.59,29.91,23.85,26.83,24.35
927000,29.59,29.91,23.85,26.83,24.35
928000,29.74,29.69,23.86,27.03,24.51
929000,29.74,29.69,23.86,27.03,24.51
930000,29.74,29.69,23.86,27.03,24.51
931000,30.01,29.69,24.16,27.11,24.59
932000,30.01,29.69,24.16,27.11,24.59
933000,29.83,29.72,24.16,27.19,24.92
934000,29.83,29.72,24.16,27.19,24.92
935000,29.83,29.72,24.16,27.19,24.92
936000,29.91,29.8,24.31,27.4,24.68
937000,29.91,29.8,24.31,27.4,24.68
938000,29.99,30.0,24.49,27.46,24.72
939000,29.99,30.0,24.49,27.46,24.72
940000,29.99,30.0,24.49,27.46,24.72
941000,30.07,30.08,24.54,27.43,24.77
942000,30.07,30.08,24.54,27.43,24.77
943000,29.96,30.16,24.73,27.64,24.61
944000,29.96,30.16,24.73,27.64,24.61
945000,29.96,30.16,24.73,27.64,24.61
946000,29.98,29.92,24.94,27.9,24.8
947000,29.98,29.92,24.94,27.9,24.8
948000,30.04,29.91,25.09,28.13,24.61
949000,30.04,29.91,25.09,28.13,24.61
950000,30.04,29.91,25.09,28.13,24.61
951000,30.07,30.0,25.03,28.2,24.7
952000,30.07,30.0,25.03,28.2,24.7
953000,30.19,29.93,25.08,28.57,24.51
954000,30.19,29.93,25.08,28.57,24.51
955000,30.19,29.93,25.08,28.57,24.51
956000,30.47,30.02,25.37,28.64,24.68
957000,30.47,30.02,25.37,28.64,24.68
958000,30.72,29.94,25.31,28.55,24.73
959000,30.72,29.94,25.31,28.55,24.73
960000,30.72,29.94,25.31,28.55,24.73
961000,30.89,29.91,25.05,28.45,24.78
962000,30.89,29.91,25.05,28.45,24.78
963000,31.22,29.93,25.26,28.19,24.76
964000,31.22,29.93,25.26,28.19,24.76
965000,31.22,29.93,25.26,28.19,24.76
966000,31.68,29.94,25.56,28.06,24.62
967000,31.68,29.94,25.56,28.06,24.62
968000,32.06,29.98,25.65,28.11,24.72
969000,32.06,29.98,25.65,28.11,24.72
970000,32.06,29.98,25.65,28.11,24.72
971000,32.45,30.12,25.62,28.09,24.58
972000,32.45,30.12,25.62,28.09,24.58
973000,32.33,30.13,25.69,27.93,24.56
974000,32.33,30.13,25.69,27.93,24.56
975000,32.33,30.13,25.69,27.93,24.56
976000,32.3,30.05,25.74,27.93,24.76
977000,32.3,30.05,25.74,27.93,24.76
978000,32.48,30.24,25.79,28.04,24.61
979000,32.48,30.24,25.79,28.04,24.61
980000,32.48,30.24,25.79,28.04,24.61
981000,32.65,30.29,25.67,27.89,24.59
982000,32.65,30.29,25.67,27.89,24.59
983000,32.68,30.32,25.82,27.99,24.69
984000,32.68,30.32,25.82,27.99,24.69
985000,32.68,30.32,25.82,27.99,24.69
986000,32.68,30.24,26.01,27.85,24.64
987000,32.68,30.24,26.01,27.85,24.64
988000,32.62,29.88,26.08,27.73,24.71
989000,32.62,29.88,26.08,27.73,24.71
990000,32.62,29.88,26.08,27.73,24.71
991000,32.74,29.81,26.3,27.62,24.92
992000,32.74,29.81,26.3,27.62,24.92
993000,32.66,29.92,26.41,27.81,24.95
994000,32.66,29.92,26.41,27.81,24.95
995000,32.66,29.92,26.41,27.81,24.95
996000,32.82,29.98,26.17,27.98,24.88
997000,32.82,29.98,26.17,27.98,24.88
998000,32.85,29.97,26.03,27.86,24.52
999000,32.85,29.97,26.03,27.86,24.52
1000000,32.85,29.97,26.03,27.86,24.52
1001000,32.73,30.04,25.94,27.82,24.6
1002000,32.73,30.04,25.94,27.82,24.6
1003000,32.74,30.12,26.03,27.87,24.69
1004000,32.74,30.12,26.03,27.87,24.69
1005000,32.74,30.12,26.03,27.87,24.69
1006000,32.7,30.01,26.23,27.91,24.66
1007000,32.7,30.01,26.23,27.91,24.66
1008000,32.59,30.04,26.27,28.11,24.67
1009000,32.59,30.04,26.27,28.11,24.67
1010000,32.59,30.04,26.27,28.11,24.67
1011000,32.88,30.08,26.37,28.1,24.6
1012000,32.88,30.08,26.37,28.1,24.6
1013000,33.28,29.88,26.27,28.18,24.47
1014000,33.28,29.88,26.27,28.18,24.47
1015000,33.28,29.88,26.27,28.18,24.47
1016000,33.21,29.62,26.46,28.26,24.28
1017000,33.21,29.62,26.46,28.26,24.28
1018000,33.19,29.87,26.54,28.36,24.31
1019000,33.19,29.87,26.54,28.36,24.31
1020000,33.19,29.87,26.54,28.36,24.31
1021000,33.26,30.22,26.58,28.55,24.34
1022000,33.26,30.22,26.58,28.55,24.34
1023000,33.52,30.29,26.66,28.76,24.42
1024000,33.52,30.29,26.66,28.76,24.42
1025000,33.52,30.29,26.66,28.76,24.42
1026000,33.73,30.34,26.8,28.74,24.14
1027000,33.73,30.34,26.8,28.74,24.14
1028000,33.51,30.51,26.8,28.79,23.93
1029000,33.51,30.51,26.8,28.79,23.93
1030000,33.51,30.51,26.8,28.79,23.93
1031000,33.61,30.63,26.91,28.84,23.65
1032000,33.61,30.63,26.91,28.84,23.65
1033000,33.67,30.74,27.05,28.96,23.28
1034000,33.67,30.74,27.05,28.96,23.28
1035000,33.67,30.74,27.05,28.96,23.28
1036000,33.69,30.7,27.16,29.11,23.41
1037000,33.69,30.7,27.16,29.11,23.41
1038000,33.82,30.75,27.26,29.16,23.09
1039000,33.82,30.75,27.26,29.16,23.09
1040000,33.82,30.75,27.26,29.16,23.09
1041000,33.85,30.83,27.25,29.28,23.15
1042000,33.85,30.83,27.25,29.28,23.15
1043000,33.9,31.03,27.4,29.3,23.29
1044000,33.9,31.03,27.4,29.3,23.29
1045000,33.9,31.03,27.4,29.3,23.29
1046000,34.02,30.69,27.47,29.16,23.51
1047000,34.02,30.69,27.47,29.16,23.51
1048000,34.04,30.64,27.47,29.19,23.34
1049000,34.04,30.64,27.47,29.19,23.34
1050000,34.04,30.64,27.47,29.19,23.34
1051000,33.96,30.72,27.66,29.32,23.38
1052000,33.96,30.72,27.66,29.32,23.38
1053000,34.33,30.79,27.78,29.29,23.5
1054000,34.33,30.79,27.78,29.29,23.5
1055000,34.33,30.79,27.78,29.29,23.5
1056000,34.71,30.7,27.98,29.39,23.54
1057000,34.71,30.7,27.98,29.39,23.54
1058000,34.68,30.83,28.24,29.53,23.63
1059000,34.68,30.83,28.24,29.53,23.63
1060000,34.68,30.83,28.24,29.53,23.63
1061000,34.79,30.87,28.24,29.39,23.79
1062000,34.79,30.87,28.24,29.39,23.79
1063000,34.78,30.95,28.38,29.27,24.02
1064000,34.78,30.95,28.38,29.27,24.02
1065000,34.78,30.95,28.38,29.27,24.02
1066000,34.74,31.16,28.34,29.33,23.92
1067000,34.74,31.16,28.34,29.33,23.92
1068000,34.79,31.28,28.22,29.35,24.05
1069000,34.79,31.28,28.22,29.35,24.05
1070000,34.79,31.28,28.22,29.35,24.05
1071000,34.67,31.39,28.49,29.46,24.13
1072000,34.67,31.39,28.49,29.46,24.13
1073000,34.67,31.38,28.59,29.82,24.27
1074000,34.67,31.38,28.59,29.82,24.27
1075000,34.67,31.38,28.59,29.82,24.27
1076000,34.56,31.4,28.89,29.85,23.97
1077000,34.56,31.4,28.89,29.85,23.97
1078000,34.63,31.37,29.03,29.83,24.02
1079000,34.63,31.37,29.03,29.83,24.02
1080000,34.63,31.37,29.03,29.83,24.02
1081000,34.68,31.28,28.99,30.15,23.94
1082000,34.68,31.28,28.99,30.15,23.94
1083000,34.66,31.56,29.04,30.29,23.89
1084000,34.66,31.56,29.04,30.29,23.89
1085000,34.66,31.56,29.04,30.29,23.89
1086000,34.82,31.66,29.06,30.4,23.94
1087000,34.82,31.66,29.06,30.4,23.94
1088000,34.78,31.73,29.07,30.53,23.89
1089000,34.78,31.73,29.07,30.53,23.89
1090000,34.78,31.73,29.07,30.53,23.89
1091000,34.85,31.77,29.25,30.66,23.84
1092000,34.85,31.77,29.25,30.66,23.84
1093000,34.93,31.82,29.32,30.8,23.79
1094000,34.93,31.82,29.32,30.8,23.79
1095000,34.93,31.82,29.32,30.8,23.79
1096000,35.3,31.85,29.49,30.79,23.88
1097000,35.3,31.85,29.49,30.79,23.88
1098000,35.29,31.92,29.56,30.91,23.77
1099000,35.29,31.92,29.56,30.91,23.77
1100000,35.29,31.92,29.56,30.91,23.77
1101000,35.26,31.86,29.67,30.95,23.71
1102000,35.26,31.86,29.67,30.95,23.71
1103000,35.08,31.6,29.91,31.05,23.68
1104000,35.08,31.6,29.91,31.05,23.68
1105000,35.08,31.6,29.91,31.05,23.68
1106000,35.11,31.52,30.1,31.13,23.56
1107000,35.11,31.52,30.1,31.13,23.56
1108000,35.07,31.52,30.2,31.16,23.38
1109000,35.07,31.52,30.2,31.16,23.38
1110000,35.07,31.52,30.2,31.16,23.38
1111000,35.27,31.52,30.49,31.01,23.61
1112000,35.27,31.52,30.49,31.01,23.61
1113000,35.23,31.49,30.64,31.14,23.59
1114000,35.23,31.49,30.64,31.14,23.59
1115000,35.23,31.49,30.64,31.14,23.59
1116000,35.34,31.48,30.77,31.16,23.83
1117000,35.34,31.48,30.77,31.16,23.83
1118000,35.47,31.31,30.81,31.09,23.87
1119000,35.47,31.31,30.81,31.09,23.87
1120000,35.47,31.31,30.81,31.09,23.87
1121000,35.49,31.24,30.87,31.18,23.66
1122000,35.49,31.24,30.87,31.18,23.66
1123000,35.44,31.22,30.92,31.31,23.86
1124000,35.44,31.22,30.92,31.31,23.86
1125000,35.44,31.22,30.92,31.31,23.86
1126000,35.64,31.32,31.16,31.24,23.67
1127000,35.64,31.32,31.16,31.24,23.67
1128000,35.42,31.18,31.13,31.26,23.49
1129000,35.42,31.18,31.13,31.26,23.49
1130000,35.42,31.18,31.13,31.26,23.49
1131000,35.14,31.04,31.16,31.24,23.61
1132000,35.14,31.04,31.16,31.24,23.61
1133000,35.08,31.09,31.14,31.26,23.81
1134000,35.08,31.09,31.14,31.26,23.81
1135000,35.08,31.09,31.14,31.26,23.81
1136000,34.86,31.02,31.19,31.22,23.88
1137000,34.86,31.02,31.19,31.22,23.88
1138000,34.96,31.22,31.32,31.12,23.86
1139000,34.96,31.22,31.32,31.12,23.86
1140000,34.96,31.22,31.32,31.12,23.86
1141000,34.87,30.99,31.3,31.18,24.04
1142000,34.87,30.99,31.3,31.18,24.04
1143000,34.93,30.88,31.44,31.21,23.82
1144000,34.93,30.88,31.44,31.21,23.82
1145000,34.93,30.88,31.44,31.21,23.82
1146000,34.9,30.9,31.58,31.25,23.89
1147000,34.9,30.9,31.58,31.25,23.89
1148000,34.96,30.67,31.48,31.58,24.21
1149000,34.96,30.67,31.48,31.58,24.21
1150000,34.96,30.67,31.48,31.58,24.21
1151000,34.81,30.51,31.63,31.82,24.2
1152000,34.81,30.51,31.63,31.82,24.2
1153000,34.8,30.82,31.78,31.89,24.35
1154000,34.8,30.82,31.78,31.89,24.35
1155000,34.8,30.82,31.78,31.89,24.35
1156000,34.79,30.84,31.9,31.69,24.35
1157000,34.79,30.84,31.9,31.69,24.35
1158000,34.73,30.78,32.23,31.91,24.3
1159000,34.73,30.78,32.23,31.91,24.3
1160000,34.73,30.78,32.23,31.91,24.3
1161000,34.55,31.01,32.4,31.97,24.19
1162000,34.55,31.01,32.4,31.97,24.19
1163000,34.69,31.27,32.5,32.09,24.27
1164000,34.69,31.27,32.5,32.09,24.27
1165000,34.69,31.27,32.5,32.09,24.27
1166000,34.64,31.26,32.48,32.22,24.41
1167000,34.64,31.26,32.48,32.22,24.41
1168000,34.5,31.28,32.56,32.39,24.13
1169000,34.5,31.28,32.56,32.39,24.13
1170000,34.5,31.28,32.56,32.39,24.13
1171000,34.62,31.19,32.47,32.56,24.0
1172000,34.62,31.19,32.47,32.56,24.0
1173000,34.98,31.18,32.63,32.67,24.02
1174000,34.98,31.18,32.63,32.67,24.02
1175000,34.98,31.18,32.63,32.67,24.02
1176000,34.98,31.17,32.72,32.71,23.97
1177000,34.98,31.17,32.72,32.71,23.97
1178000,35.06,31.27,32.77,32.7,23.66
1179000,35.06,31.27,32.77,32.7,23.66
1180000,35.06,31.27,32.77,32.7,23.66
1181000,35.04,31.25,32.74,32.51,23.63
1182000,35.04,31.25,32.74,32.51,23.63
1183000,35.24,31.14,32.88,32.63,23.57
1184000,35.24,31.14,32.88,32.63,23.57
1185000,35.24,31.14,32.88,32.63,23.57
1186000,35.24,31.23,32.96,32.56,23.56
1187000,35.24,31.23,32.96,32.56,23.56
1188000,35.32,31.12,33.09,32.62,23.31
1189000,35.32,31.12,33.09,32.62,23.31
1190000,35.32,31.12,33.09,32.62,23.31
1191000,35.31,30.99,33.05,32.73,23.6
1192000,35.31,30.99,33.05,32.73,23.6
1193000,35.21,31.12,33.0,32.52,23.58
1194000,35.21,31.12,33.0,32.52,23.58
1195000,35.21,31.12,33.0,32.52,23.58
1196000,35.18,31.46,33.1,32.49,23.37
1197000,35.18,31.46,33.1,32.49,23.37
1198000,35.11,31.62,33.01,32.43,23.48
1199000,35.11,31.62,33.01,32.43,23.48
1200000,35.11,31.62,33.01,32.43,23.48
1201000,35.06,31.63,32.83,32.41,23.37
1202000,35.06,31.63,32.83,32.41,23.37
1203000,35.21,31.91,32.74,32.43,23.39
1204000,35.21,31.91,32.74,32.43,23.39
1205000,35.21,31.91,32.74,32.43,23.39
1206000,35.12,31.91,32.73,32.24,23.12
1207000,35.12,31.91,32.73,32.24,23.12
1208000,35.34,32.14,32.85,32.0,23.03
1209000,35.34,32.14,32.85,32.0,23.03
1210000,35.34,32.14,32.85,32.0,23.03
1211000,35.55,32.19,33.07,32.16,23.16
1212000,35.55,32.19,33.07,32.16,23.16
1213000,35.6,32.13,33.11,32.48,23.07
1214000,35.6,32.13,33.11,32.48,23.07
1215000,35.6,32.13,33.11,32.48,23.07
1216000,35.5,32.15,33.1,32.67,22.9
1217000,35.5,32.15,33.1,32.67,22.9
1218000,35.61,32.27,33.14,32.62,22.83
1219000,35.61,32.27,33.14,32.62,22.83
1220000,35.61,32.27,33.14,32.62,22.83
1221000,35.65,32.36,33.16,32.75,22.83
1222000,35.65,32.36,33.16,32.75,22.83
1223000,35.65,32.4,33.33,33.0,23.05
1224000,35.65,32.4,33.33,33.0,23.05
1225000,35.65,32.4,33.33,33.0,23.05
1226000,35.76,32.4,33.31,32.97,23.01
1227000,35.76,32.4,33.31,32.97,23.01
1228000,35.74,32.41,33.31,32.99,23.17
1229000,35.74,32.41,33.31,32.99,23.17
1230000,35.74,32.41,33.31,32.99,23.17
1231000,35.67,32.44,33.47,33.15,23.11
1232000,35.67,32.44,33.47,33.15,23.11
1233000,35.74,32.41,33.5,32.87,22.91
1234000,35.74,32.41,33.5,32.87,22.91
1235000,35.74,32.41,33.5,32.87,22.91
1236000,35.65,32.42,33.64,33.1,22.82
1237000,35.65,32.42,33.64,33.1,22.82
1238000,35.68,32.81,33.6,33.37,22.84
1239000,35.68,32.81,33.6,33.37,22.84
1240000,35.68,32.81,33.6,33.37,22.84
1241000,35.55,32.83,33.6,33.54,22.77
1242000,35.55,32.83,33.6,33.54,22.77
1243000,35.69,32.78,33.66,33.56,22.65
1244000,35.69,32.78,33.66,33.56,22.65
1245000,35.69,32.78,33.66,33.56,22.65
1246000,35.72,32.88,33.89,33.62,22.75
1247000,35.72,32.88,33.89,33.62,22.75
1248000,35.71,32.9,34.02,33.68,23.12
1249000,35.71,32.9,34.02,33.68,23.12
1250000,35.71,32.9,34.02,33.68,23.12
1251000,35.73,32.84,34.16,33.65,23.19
1252000,35.73,32.84,34.16,33.65,23.19
1253000,35.73,32.76,34.16,33.85,23.11
1254000,35.73,32.76,34.16,33.85,23.11
1255000,35.73,32.76,34.16,33.85,23.11
1256000,35.85,32.89,34.12,33.89,23.0
1257000,35.85,32.89,34.12,33.89,23.0
1258000,35.85,32.89,34.12,33.89,23.0
1259000,36.02,32.8,34.1,33.82,23.05
1260000,36.02,32.8,34.1,33.82,23.05
1261000,36.16,32.8,34.1,33.94,23.03
1262000,36.16,32.8,34.1,33.94,23.03
1263000,36.16,32.8,34.1,33.94,23.03
1264000,36.15,32.97,34.13,34.11,23.16
1265000,36.15,32.97,34.13,34.11,23.16
1266000,36.38,33.12,34.2,34.2,23.25
1267000,36.38,33.12,34.2,34.2,23.25
1268000,36.38,33.12,34.2,34.2,23.25
1269000,36.56,33.12,34.24,34.04,23.17
1270000,36.56,33.12,34.24,34.04,23.17
1271000,36.68,33.21,34.27,34.02,23.23
1272000,36.68,33.21,34.27,34.02,23.23
1273000,36.68,33.21,34.27,34.02,23.23
1274000,36.61,33.51,34.32,34.07,23.19
1275000,36.61,33.51,34.32,34.07,23.19
1276000,36.62,33.81,34.5,33.99,23.46
1277000,36.62,33.81,34.5,33.99,23.46
1278000,36.62,33.81,34.5,33.99,23.46
1279000,36.8,33.89,34.66,33.87,23.67
1280000,36.8,33.89,34.66,33.87,23.67
1281000,36.76,33.87,34.71,33.93,23.96
1282000,36.76,33.87,34.71,33.93,23.96
1283000,36.76,33.87,34.71,33.93,23.96
1284000,36.76,33.93,34.71,33.88,24.19
1285000,36.76,33.93,34.71,33.88,24.19
1286000,36.86,33.81,34.87,33.92,24.15
1287000,36.86,33.81,34.87,33.92,24.15
1288000,36.86,33.81,34.87,33.92,24.15
1289000,36.92,33.71,34.73,33.93,24.19
1290000,36.92,33.71,34.73,33.93,24.19
1291000,36.99,33.82,34.76,33.63,24.19
1292000,36.99,33.82,34.76,33.63,24.19
1293000,36.99,33.82,34.76,33.63,24.19
1294000,36.95,33.79,34.7,33.34,24.06
1295000,36.95,33.79,34.7,33.34,24.06
1296000,37.02,34.05,34.92,33.41,23.88
1297000,37.02,34.05,34.92,33.41,23.88
1298000,37.02,34.05,34.92,33.41,23.88
1299000,36.92,34.06,34.95,33.38,24.09
1300000,36.92,34.06,34.95,33.38,24.09
1301000,37.06,33.88,34.93,33.34,24.23
1302000,37.06,33.88,34.93,33.34,24.23
1303000,37.06,33.88,34.93,33.34,24.23
1304000,36.77,33.91,34.98,33.43,24.26
1305000,36.77,33.91,34.98,33.43,24.26
1306000,36.7,34.03,35.09,33.41,24.12
1307000,36.7,34.03,35.09,33.41,24.12
1308000,36.7,34.03,35.09,33.41,24.12
1309000,36.75,33.79,35.1,33.44,24.1
1310000,36.75,33.79,35.1,33.44,24.1
1311000,36.91,33.55,35.36,33.7,24.05
1312000,36.91,33.55,35.36,33.7,24.05
1313000,36.91,33.55,35.36,33.7,24.05
1314000,36.9,33.51,35.22,33.87,24.15
1315000,36.9,33.51,35.22,33.87,24.15
1316000,36.95,33.48,35.33,33.95,24.15
1317000,36.95,33.48,35.33,33.95,24.15
1318000,36.95,33.48,35.33,33.95,24.15
1319000,37.08,33.22,35.4,34.01,24.06
1320000,37.08,33.22,35.4,34.01,24.06
1321000,37.23,33.25,35.34,33.98,24.14
1322000,37.23,33.25,35.34,33.98,24.14
1323000,37.23,33.25,35.34,33.98,24.14
1324000,37.3,33.17,35.34,34.07,24.05
1325000,37.3,33.17,35.34,34.07,24.05
1326000,37.27,33.1,35.26,34.25,24.21
1327000,37.27,33.1,35.26,34.25,24.21
1328000,37.27,33.1,35.26,34.25,24.21
1329000,37.2,33.07,35.16,34.42,24.24
1330000,37.2,33.07,35.16,34.42,24.24
1331000,37.07,33.11,35.16,34.29,24.19
1332000,37.07,33.11,35.16,34.29,24.19
1333000,37.07,33.11,35.16,34.29,24.19
1334000,37.08,33.02,35.21,34.17,24.32
1335000,37.08,33.02,35.21,34.17,24.32
1336000,37.09,32.97,35.24,34.27,24.35
1337000,37.09,32.97,35.24,34.27,24.35
1338000,37.09,32.97,35.24,34.27,24.35
1339000,37.17,32.82,35.43,34.15,24.38
1340000,37.17,32.82,35.43,34.15,24.38
1341000,36.98,32.63,35.37,34.17,24.31
1342000,36.98,32.63,35.37,34.17,24.31
1343000,36.98,32.63,35.37,34.17,24.31
1344000,36.77,32.32,35.42,34.16,24.42
1345000,36.77,32.32,35.42,34.16,24.42
1346000,36.81,32.37,35.58,34.11,24.19
1347000,36.81,32.37,35.58,34.11,24.19
1348000,36.81,32.37,35.58,34.11,24.19
1349000,36.84,32.34,35.68,34.06,24.23
1350000,36.84,32.34,35.68,34.06,24.23
1351000,37.01,32.2,35.74,34.14,24.3
1352000,37.01,32.2,35.74,34.14,24.3
1353000,37.01,32.2,35.74,34.14,24.3
1354000,37.18,32.27,35.87,33.88,24.47
1355000,37.18,32.27,35.87,33.88,24.47
1356000,36.99,32.33,35.92,33.59,24.52
1357000,36.99,32.33,35.92,33.59,24.52
1358000,36.99,32.33,35.92,33.59,24.52
1359000,37.08,32.33,35.83,33.65,24.76
1360000,37.08,32.33,35.83,33.65,24.76
1361000,37.06,32.35,35.63,33.71,24.84
1362000,37.06,32.35,35.63,33.71,24.84
1363000,37.06,32.35,35.63,33.71,24.84
1364000,36.81,32.24,35.4,33.62,24.76
1365000,36.81,32.24,35.4,33.62,24.76
1366000,36.88,32.16,35.25,33.45,24.74
1367000,36.88,32.16,35.25,33.45,24.74
1368000,36.88,32.16,35.25,33.45,24.74
1369000,36.86,32.39,35.27,33.79,24.76
1370000,36.86,32.39,35.27,33.79,24.76
1371000,36.95,32.37,35.26,33.68,24.85
1372000,36.95,32.37,35.26,33.68,24.85
1373000,36.95,32.37,35.26,33.68,24.85
1374000,36.8,32.49,35.16,33.62,24.83
1375000,36.8,32.49,35.16,33.62,24.83
1376000,36.75,32.51,35.18,33.77,24.98
1377000,36.75,32.51,35.18,33.77,24.98
1378000,36.75,32.51,35.18,33.77,24.98
1379000,36.9,32.71,35.23,33.6,25.02
1380000,36.9,32.71,35.23,33.6,25.02
1381000,37.07,32.68,35.23,33.49,25.04
1382000,37.07,32.68,35.23,33.49,25.04
1383000,37.07,32.68,35.23,33.49,25.04
1384000,37.03,32.74,35.22,33.58,24.98
1385000,37.03,32.74,35.22,33.58,24.98
1386000,37.19,32.8,35.17,33.65,25.04
1387000,37.19,32.8,35.17,33.65,25.04
1388000,37.19,32.8,35.17,33.65,25.04
1389000,37.14,32.95,35.28,33.87,25.09
1390000,37.14,32.95,35.28,33.87,25.09
1391000,37.18,33.28,35.36,33.98,25.03
1392000,37.18,33.28,35.36,33.98,25.03
1393000,37.18,33.28,35.36,33.98,25.03
1394000,37.32,33.44,35.2,33.92,25.15
1395000,37.32,33.44,35.2,33.92,25.15
1396000,37.45,33.42,35.04,34.08,25.07
1397000,37.45,33.42,35.04,34.08,25.07
1398000,37.45,33.42,35.04,34.08,25.07
1399000,37.52,33.53,35.15,33.98,24.96
1400000,37.52,33.53,35.15,33.98,24.96
1401000,37.72,33.82,35.13,33.74,25.09
1402000,37.72,33.82,35.13,33.74,25.09
1403000,37.72,33.82,35.13,33.74,25.09
1404000,37.73,33.93,35.06,33.73,24.98
1405000,37.73,33.93,35.06,33.73,24.98
1406000,37.75,34.27,34.96,34.0,24.88
1407000,37.75,34.27,34.96,34.0,24.88
1408000,37.75,34.27,34.96,34.0,24.88
1409000,37.88,34.4,34.95,33.96,24.84
1410000,37.88,34.4,34.95,33.96,24.84
1411000,38.02,34.01,34.97,33.97,25.04
1412000,38.02,34.01,34.97,33.97,25.04
1413000,38.02,34.01,34.97,33.97,25.04
1414000,37.99,33.87,34.82,33.85,25.05
1415000,37.99,33.87,34.82,33.85,25.05
1416000,37.97,33.61,34.98,33.7,25.13
1417000,37.97,33.61,34.98,33.7,25.13
1418000,37.97,33.61,34.98,33.7,25.13
1419000,38.04,33.55,34.83,33.64,25.39
1420000,38.04,33.55,34.83,33.64,25.39
1421000,38.01,33.67,35.07,33.64,25.7
1422000,38.01,33.67,35.07,33.64,25.7
1423000,38.01,33.67,35.07,33.64,25.7
1424000,38.03,33.57,35.04,33.55,25.78
1425000,38.03,33.57,35.04,33.55,25.78
1426000,38.45,33.54,35.1,33.58,25.7
1427000,38.45,33.54,35.1,33.58,25.7
1428000,38.45,33.54,35.1,33.58,25.7
1429000,38.37,33.83,35.15,33.53,25.89
1430000,38.37,33.83,35.15,33.53,25.89
1431000,38.38,33.9,35.09,33.59,26.17
1432000,38.38,33.9,35.09,33.59,26.17
1433000,38.38,33.9,35.09,33.59,26.17
1434000,38.33,33.97,35.1,33.45,26.28
1435000,38.33,33.97,35.1,33.45,26.28
1436000,38.31,33.94,34.71,33.41,26.37
1437000,38.31,33.94,34.71,33.41,26.37
1438000,38.31,33.94,34.71,33.41,26.37
1439000,38.36,34.03,34.66,33.38,26.31
1440000,38.36,34.03,34.66,33.38,26.31
1441000,38.4,34.0,34.78,33.19,26.29
1442000,38.4,34.0,34.78,33.19,26.29
1443000,38.4,34.0,34.78,33.19,26.29
1444000,38.28,33.94,34.87,33.45,26.44
1445000,38.28,33.94,34.87,33.45,26.44
1446000,38.42,33.69,34.79,33.48,26.58
1447000,38.42,33.69,34.79,33.48,26.58
1448000,38.42,33.69,34.79,33.48,26.58
1449000,38.4,33.64,34.76,33.48,26.75
1450000,38.4,33.64,34.76,33.48,26.75
1451000,38.44,33.66,35.06,33.56,26.81
1452000,38.44,33.66,35.06,33.56,26.81
1453000,38.44,33.66,35.06,33.56,26.81
1454000,38.5,33.45,35.18,33.64,26.99
1455000,38.5,33.45,35.18,33.64,26.99
1456000,38.66,33.41,35.09,33.87,27.19
1457000,38.66,33.41,35.09,33.87,27.19
1458000,38.66,33.41,35.09,33.87,27.19
1459000,38.52,33.43,35.16,34.17,27.26
1460000,38.52,33.43,35.16,34.17,27.26
1461000,38.56,33.47,35.27,34.21,27.2
1462000,38.56,33.47,35.27,34.21,27.2
1463000,38.56,33.47,35.27,34.21,27.2
1464000,38.55,33.47,35.32,34.16,27.15
1465000,38.55,33.47,35.32,34.16,27.15
1466000,38.58,33.47,35.39,34.13,27.45
1467000,38.58,33.47,35.39,34.13,27.45
1468000,38.58,33.47,35.39,34.13,27.45
1469000,38.49,33.28,35.46,34.22,27.4
1470000,38.49,33.28,35.46,34.22,27.4
1471000,38.51,33.25,35.74,34.26,27.54
1472000,38.51,33.25,35.74,34.26,27.54
1473000,38.51,33.25,35.74,34.26,27.54
1474000,38.51,33.23,35.73,34.33,27.56
1475000,38.51,33.23,35.73,34.33,27.56
1476000,38.43,33.28,35.81,34.31,27.51
1477000,38.43,33.28,35.81,34.31,27.51
1478000,38.43,33.28,35.81,34.31,27.51
1479000,38.49,33.0,35.81,34.27,27.62
1480000,38.49,33.0,35.81,34.27,27.62
1481000,38.39,33.03,35.79,34.3,27.59
1482000,38.39,33.03,35.79,34.3,27.59
1483000,38.39,33.03,35.79,34.3,27.59
1484000,38.27,33.08,35.79,34.54,27.89
1485000,38.27,33.08,35.79,34.54,27.89
1486000,38.39,33.23,35.72,34.53,28.07
1487000,38.39,33.23,35.72,34.53,28.07
1488000,38.39,33.23,35.72,34.53,28.07
1489000,38.41,33.07,35.55,34.37,28.06
1490000,38.41,33.07,35.55,34.37,28.06
1491000,38.48,33.07,35.64,34.36,28.29
1492000,38.48,33.07,35.64,34.36,28.29
1493000,38.48,33.07,35.64,34.36,28.29
1494000,38.52,33.03,35.57,34.29,28.44
1495000,38.52,33.03,35.57,34.29,28.44
1496000,38.55,32.96,35.6,34.23,28.37
1497000,38.55,32.96,35.6,34.23,28.37
1498000,38.55,32.96,35.6,34.23,28.37
1499000,38.62,33.04,35.63,34.22,28.33
1500000,38.62,33.04,35.63,34.22,28.33
1501000,38.68,33.01,35.46,34.1,28.36
1502000,38.68,33.01,35.46,34.1,28.36
1503000,38.68,33.01,35.46,34.1,28.36
1504000,38.75,33.02,35.56,33.94,28.59
1505000,38.75,33.02,35.56,33.94,28.59
1506000,38.6,32.74,35.6,33.93,28.75
1507000,38.6,32.74,35.6,33.93,28.75
1508000,38.6,32.74,35.6,33.93,28.75
1509000,38.5,32.71,35.6,33.98,28.89
1510000,38.5,32.71,35.6,33.98,28.89
1511000,38.47,32.62,35.67,33.96,28.77
1512000,38.47,32.62,35.67,33.96,28.77
1513000,38.47,32.62,35.67,33.96,28.77
1514000,38.41,32.32,35.79,33.79,28.74
1515000,38.41,32.32,35.79,33.79,28.74
1516000,38.43,32.36,35.63,33.66,28.79
1517000,38.43,32.36,35.63,33.66,28.79
1518000,38.43,32.36,35.63,33.66,28.79
1519000,38.36,32.43,35.48,33.85,28.81
1520000,38.36,32.43,35.48,33.85,28.81
1521000,38.33,32.24,35.5,33.85,28.7
1522000,38.33,32.24,35.5,33.85,28.7
1523000,38.33,32.24,35.5,33.85,28.7
1524000,38.37,32.24,35.54,33.65,28.78
1525000,38.37,32.24,35.54,33.65,28.78
1526000,38.39,32.27,35.53,33.81,28.67
1527000,38.39,32.27,35.53,33.81,28.67
1528000,38.39,32.27,35.53,33.81,28.67
1529000,38.48,32.04,35.41,33.75,28.62
1530000,38.48,32.04,35.41,33.75,28.62
1531000,38.62,31.84,35.41,33.67,28.59
1532000,38.62,31.84,35.41,33.67,28.59
1533000,38.62,31.84,35.41,33.67,28.59
1534000,38.57,31.72,35.52,33.73,28.67
1535000,38.57,31.72,35.52,33.73,28.67
1536000,38.5,31.98,35.23,33.73,28.78
1537000,38.5,31.98,35.23,33.73,28.78
1538000,38.5,31.98,35.23,33.73,28.78
1539000,38.44,32.14,35.22,33.78,28.96
1540000,38.44,32.14,35.22,33.78,28.96
1541000,38.42,32.14,35.23,34.07,29.02
1542000,38.42,32.14,35.23,34.07,29.02
1543000,38.42,32.14,35.23,34.07,29.02
1544000,38.41,32.19,35.22,34.45,29.27
1545000,38.41,32.19,35.22,34.45,29.27
1546000,38.39,32.22,35.15,34.52,29.44
1547000,38.39,32.22,35.15,34.52,29.44
1548000,38.39,32.22,35.15,34.52,29.44
1549000,38.44,32.19,35.23,34.31,29.5
1550000,38.44,32.19,35.23,34.31,29.5
1551000,38.39,32.39,35.28,34.3,29.5
1552000,38.39,32.39,35.28,34.3,29.5
1553000,38.39,32.39,35.28,34.3,29.5
1554000,38.49,32.35,35.28,34.38,29.18
1555000,38.49,32.35,35.28,34.38,29.18
1556000,38.41,32.39,35.3,34.38,29.31
1557000,38.41,32.39,35.3,34.38,29.31
1558000,38.41,32.39,35.3,34.38,29.31
1559000,38.5,32.5,35.33,34.32,29.36
1560000,38.5,32.5,35.33,34.32,29.36
1561000,38.46,32.71,35.3,34.14,29.34
1562000,38.46,32.71,35.3,34.14,29.34
1563000,38.46,32.71,35.3,34.14,29.34
1564000,38.33,32.81,35.46,33.95,29.21
1565000,38.33,32.81,35.46,33.95,29.21
1566000,38.41,32.83,35.54,33.91,29.42
1567000,38.41,32.83,35.54,33.91,29.42
1568000,38.41,32.83,35.54,33.91,29.42
1569000,38.36,33.03,35.59,33.86,29.55
1570000,38.36,33.03,35.59,33.86,29.55
1571000,38.3,32.87,35.63,33.98,29.48
1572000,38.3,32.87,35.63,33.98,29.48
1573000,38.3,32.87,35.63,33.98,29.48
1574000,38.31,32.79,35.66,33.67,29.71
1575000,38.31,32.79,35.66,33.67,29.71
1576000,38.47,32.61,35.65,33.79,29.85
1577000,38.47,32.61,35.65,33.79,29.85
1578000,38.47,32.61,35.65,33.79,29.85
1579000,38.43,32.71,35.64,33.67,29.92
1580000,38.43,32.71,35.64,33.67,29.92
1581000,38.48,32.7,35.77,33.58,29.96
1582000,38.48,32.7,35.77,33.58,29.96
1583000,38.48,32.7,35.77,33.58,29.96
1584000,38.36,32.61,35.66,33.65,30.04
1585000,38.36,32.61,35.66,33.65,30.04
1586000,38.26,32.67,35.51,33.72,30.1
1587000,38.26,32.67,35.51,33.72,30.1
1588000,38.26,32.67,35.51,33.72,30.1
1589000,38.14,32.8,35.55,33.82,30.17
1590000,38.14,32.8,35.55,33.82,30.17
1591000,38.22,32.97,35.63,33.87,30.09
1592000,38.22,32.97,35.63,33.87,30.09
1593000,38.22,32.97,35.63,33.87,30.09
1594000,38.35,33.3,35.61,33.81,29.88
1595000,38.35,33.3,35.61,33.81,29.88
1596000,38.35,33.18,35.39,33.83,30.0
1597000,38.35,33.18,35.39,33.83,30.0
1598000,38.35,33.18,35.39,33.83,30.0
1599000,38.39,33.3,35.24,33.89,30.22
1600000,38.39,33.3,35.24,33.89,30.22
1601000,38.36,33.52,35.26,33.78,30.29
1602000,38.36,33.52,35.26,33.78,30.29
1603000,38.36,33.52,35.26,33.78,30.29
1604000,38.44,33.71,35.24,34.03,30.25
1605000,38.44,33.71,35.24,34.03,30.25
1606000,38.6,33.73,35.19,34.43,30.19
1607000,38.6,33.73,35.19,34.43,30.19
1608000,38.6,33.73,35.19,34.43,30.19
1609000,38.2,33.74,35.33,34.48,30.25
1610000,38.2,33.74,35.33,34.48,30.25
1611000,38.13,33.74,35.51,34.55,30.16
1612000,38.13,33.74,35.51,34.55,30.16
1613000,38.13,33.74,35.51,34.55,30.16
1614000,38.37,33.79,35.64,34.65,30.25
1615000,38.37,33.79,35.64,34.65,30.25
1616000,38.36,33.86,35.78,34.81,30.06
1617000,38.36,33.86,35.78,34.81,30.06
1618000,38.36,33.86,35.78,34.81,30.06
1619000,38.18,33.87,35.82,34.76,30.09
1620000,38.18,33.87,35.82,34.76,30.09
1621000,38.16,33.94,35.76,34.95,30.16
1622000,38.16,33.94,35.76,34.95,30.16
1623000,38.16,33.94,35.76,34.95,30.16
1624000,38.25,33.91,35.91,35.04,30.22
1625000,38.25,33.91,35.91,35.04,30.22
1626000,38.35,33.69,35.8,35.02,30.26
1627000,38.35,33.69,35.8,35.02,30.26
1628000,38.35,33.69,35.8,35.02,30.26
1629000,38.39,33.66,35.81,35.3,30.12
1630000,38.39,33.66,35.81,35.3,30.12
1631000,38.37,33.71,35.82,35.54,30.08
1632000,38.37,33.71,35.82,35.54,30.08
1633000,38.37,33.71,35.82,35.54,30.08
1634000,38.45,33.64,35.94,35.54,30.07
1635000,38.45,33.64,35.94,35.54,30.07
1636000,38.43,33.6,36.06,35.43,30.07
1637000,38.43,33.6,36.06,35.43,30.07
1638000,38.43,33.6,36.06,35.43,30.07
1639000,38.49,33.54,36.07,35.35,30.13
1640000,38.49,33.54,36.07,35.35,30.13
1641000,38.6,33.64,36.03,35.24,30.2
1642000,38.6,33.64,36.03,35.24,30.2
1643000,38.6,33.64,36.03,35.24,30.2
1644000,38.49,33.76,36.18,35.23,30.27
1645000,38.49,33.76,36.18,35.23,30.27
1646000,38.47,33.92,36.36,35.16,30.39
1647000,38.47,33.92,36.36,35.16,30.39
1648000,38.47,33.92,36.36,35.16,30.39
1649000,38.33,33.86,36.38,35.35,30.43
1650000,38.33,33.86,36.38,35.35,30.43
1651000,38.46,33.84,36.5,35.48,30.49
1652000,38.46,33.84,36.5,35.48,30.49
1653000,38.46,33.84,36.5,35.48,30.49
1654000,38.36,33.86,36.64,35.47,30.63
1655000,38.36,33.86,36.64,35.47,30.63
1656000,38.46,33.84,36.83,35.34,30.71
1657000,38.46,33.84,36.83,35.34,30.71
1658000,38.46,33.84,36.83,35.34,30.71
1659000,38.42,33.79,36.83,35.32,30.7
1660000,38.42,33.79,36.83,35.32,30.7
1661000,38.48,34.14,36.77,35.36,30.75
1662000,38.48,34.14,36.77,35.36,30.75
1663000,38.48,34.14,36.77,35.36,30.75
1664000,38.52,34.41,36.79,35.42,30.69
1665000,38.52,34.41,36.79,35.42,30.69
1666000,38.63,34.79,36.78,35.66,30.76
1667000,38.63,34.79,36.78,35.66,30.76
1668000,38.63,34.79,36.78,35.66,30.76
1669000,38.61,34.88,36.93,35.69,30.85
1670000,38.61,34.88,36.93,35.69,30.85
1671000,38.58,34.89,36.9,35.48,30.84
1672000,38.58,34.89,36.9,35.48,30.84
1673000,38.58,34.89,36.9,35.48,30.84
1674000,38.55,35.1,36.83,35.72,30.89
1675000,38.55,35.1,36.83,35.72,30.89
1676000,38.52,35.12,36.83,35.72,31.06
1677000,38.52,35.12,36.83,35.72,31.06
1678000,38.52,35.12,36.83,35.72,31.06
1679000,38.64,35.04,36.85,35.89,31.09
1680000,38.64,35.04,36.85,35.89,31.09
1681000,38.63,35.07,36.95,35.93,31.09
1682000,38.63,35.07,36.95,35.93,31.09
1683000,38.63,35.07,36.95,35.93,31.09
1684000,38.66,35.1,36.8,36.05,31.08
1685000,38.66,35.1,36.8,36.05,31.08
1686000,38.87,35.23,37.17,36.14,31.18
1687000,38.87,35.23,37.17,36.14,31.18
1688000,38.87,35.23,37.17,36.14,31.18
1689000,38.9,35.18,37.2,36.2,31.6
1690000,38.9,35.18,37.2,36.2,31.6
1691000,38.74,35.34,37.14,36.32,31.59
1692000,38.74,35.34,37.14,36.32,31.59
1693000,38.74,35.34,37.14,36.32,31.59
1694000,38.89,35.25,37.13,36.2,31.68
1695000,38.89,35.25,37.13,36.2,31.68
1696000,38.86,35.57,37.14,36.26,31.76
1697000,38.86,35.57,37.14,36.26,31.76
1698000,38.86,35.57,37.14,36.26,31.76
1699000,38.85,35.68,37.23,36.38,31.79
1700000,38.85,35.68,37.23,36.38,31.79
1701000,38.87,35.62,37.11,36.43,31.89
1702000,38.87,35.62,37.11,36.43,31.89
1703000,38.87,35.62,37.11,36.43,31.89
1704000,38.63,35.76,37.16,36.27,31.94
1705000,38.63,35.76,37.16,36.27,31.94
1706000,38.55,35.8,37.13,36.0,32.04
1707000,38.55,35.8,37.13,36.0,32.04
1708000,38.55,35.8,37.13,36.0,32.04
1709000,38.63,35.69,37.1,35.99,32.04
1710000,38.63,35.69,37.1,35.99,32.04
1711000,38.57,35.6,37.1,36.26,32.08
1712000,38.57,35.6,37.1,36.26,32.08
1713000,38.57,35.6,37.1,36.26,32.08
1714000,38.27,35.69,37.06,36.4,32.26
1715000,38.27,35.69,37.06,36.4,32.26
1716000,38.26,35.65,36.97,36.47,32.33
1717000,38.26,35.65,36.97,36.47,32.33
1718000,38.26,35.65,36.97,36.47,32.33
1719000,38.26,35.84,36.94,36.37,32.48
1720000,38.26,35.84,36.94,36.37,32.48
1721000,38.13,35.81,36.94,36.4,32.6
1722000,38.13,35.81,36.94,36.4,32.6
1723000,38.13,35.81,36.94,36.4,32.6
1724000,38.19,35.69,36.97,36.16,32.61
1725000,38.19,35.69,36.97,36.16,32.61
1726000,38.31,35.76,36.83,36.29,32.91
1727000,38.31,35.76,36.83,36.29,32.91
1728000,38.31,35.76,36.83,36.29,32.91
1729000,38.25,35.98,36.84,36.37,32.87
1730000,38.25,35.98,36.84,36.37,32.87
1731000,38.43,35.85,36.89,36.36,32.88
1732000,38.43,35.85,36.89,36.36,32.88
1733000,38.43,35.85,36.89,36.36,32.88
1734000,38.33,35.91,36.82,36.41,32.97
1735000,38.33,35.91,36.82,36.41,32.97
1736000,38.42,35.89,36.77,36.37,33.09
1737000,38.42,35.89,36.77,36.37,33.09
1738000,38.42,35.89,36.77,36.37,33.09
1739000,38.45,36.09,37.05,36.37,33.16
1740000,38.45,36.09,37.05,36.37,33.16
1741000,38.52,36.13,36.97,36.31,33.16
1742000,38.52,36.13,36.97,36.31,33.16
1743000,38.52,36.13,36.97,36.31,33.16
1744000,38.28,36.21,37.12,36.35,33.4
1745000,38.28,36.21,37.12,36.35,33.4
1746000,38.13,36.2,37.11,36.38,33.61
1747000,38.13,36.2,37.11,36.38,33.61
1748000,38.13,36.2,37.11,36.38,33.61
1749000,38.16,36.11,36.88,36.38,33.67
1750000,38.16,36.11,36.88,36.38,33.67
1751000,38.24,36.22,37.03,36.74,33.77
1752000,38.24,36.22,37.03,36.74,33.77
1753000,38.24,36.22,37.03,36.74,33.77
1754000,38.23,36.27,37.04,36.86,33.77
1755000,38.23,36.27,37.04,36.86,33.77
1756000,38.48,36.45,37.07,36.94,33.88
1757000,38.48,36.45,37.07,36.94,33.88
1758000,38.48,36.45,37.07,36.94,33.88
1759000,38.6,36.57,36.77,36.94,33.97
1760000,38.6,36.57,36.77,36.94,33.97
1761000,38.56,36.57,36.62,36.93,34.09
1762000,38.56,36.57,36.62,36.93,34.09
1763000,38.56,36.57,36.62,36.93,34.09
1764000,38.62,36.9,36.58,37.03,33.92
1765000,38.62,36.9,36.58,37.03,33.92
1766000,38.6,36.99,36.72,37.18,34.02
1767000,38.6,36.99,36.72,37.18,34.02
1768000,38.6,36.99,36.72,37.18,34.02
1769000,38.52,36.99,36.82,37.12,34.23
1770000,38.52,36.99,36.82,37.12,34.23
1771000,38.56,37.12,36.73,37.34,34.38
1772000,38.56,37.12,36.73,37.34,34.38
1773000,38.56,37.12,36.73,37.34,34.38
1774000,38.56,37.19,36.78,37.52,34.37
1775000,38.56,37.19,36.78,37.52,34.37
1776000,38.58,37.23,36.7,37.52,34.5
1777000,38.58,37.23,36.7,37.52,34.5
1778000,38.58,37.23,36.7,37.52,34.5
1779000,38.63,37.42,36.66,37.67,34.57
1780000,38.63,37.42,36.66,37.67,34.57
1781000,38.62,37.57,36.62,37.75,34.56
1782000,38.62,37.57,36.62,37.75,34.56
1783000,38.62,37.57,36.62,37.75,34.56
1784000,38.69,37.44,36.59,37.81,34.62
1785000,38.69,37.44,36.59,37.81,34.62
1786000,38.8,37.29,36.86,37.79,34.63
1787000,38.8,37.29,36.86,37.79,34.63
1788000,38.8,37.29,36.86,37.79,34.63
1789000,38.65,37.32,36.95,37.76,34.74
1790000,38.65,37.32,36.95,37.76,34.74
1791000,38.48,37.44,36.99,37.74,34.51
1792000,38.48,37.44,36.99,37.74,34.51
1793000,38.48,37.44,36.99,37.74,34.51
1794000,38.56,37.42,37.01,37.74,34.57
1795000,38.56,37.42,37.01,37.74,34.57
1796000,38.6,37.51,36.99,37.75,34.59
1797000,38.6,37.51,36.99,37.75,34.59
1798000,38.6,37.51,36.99,37.75,34.59
1799000,38.66,37.57,36.94,38.0,34.68
1800000,38.66,37.57,36.94,38.0,34.68
1801000,38.66,37.51,36.86,38.09,34.7
1802000,38.66,37.51,36.86,38.09,34.7
1803000,38.66,37.51,36.86,38.09,34.7
1804000,38.81,37.54,36.85,38.03,34.98
1805000,38.81,37.54,36.85,38.03,34.98
1806000,38.95,37.46,36.81,38.14,35.11
1807000,38.95,37.46,36.81,38.14,35.11
1808000,38.95,37.46,36.81,38.14,35.11
1809000,38.86,37.57,36.75,38.1,35.28
1810000,38.86,37.57,36.75,38.1,35.28
1811000,38.97,37.61,36.71,38.25,35.49
1812000,38.97,37.61,36.71,38.25,35.49
1813000,38.97,37.61,36.71,38.25,35.49
1814000,39.18,37.4,36.75,38.5,35.71
1815000,39.18,37.4,36.75,38.5,35.71
1816000,38.97,37.37,36.66,38.56,35.74
1817000,38.97,37.37,36.66,38.56,35.74
1818000,38.97,37.37,36.66,38.56,35.74
1819000,39.03,37.37,36.66,38.53,35.7
1820000,39.03,37.37,36.66,38.53,35.7
1821000,39.14,37.17,36.68,38.51,35.79
1822000,39.14,37.17,36.68,38.51,35.79
1823000,39.14,37.17,36.68,38.51,35.79
1824000,39.08,37.15,36.76,38.79,35.8
1825000,39.08,37.15,36.76,38.79,35.8
1826000,38.92,37.5,36.86,38.83,35.68
1827000,38.92,37.5,36.86,38.83,35.68
1828000,38.92,37.5,36.86,38.83,35.68
1829000,39.08,37.25,36.87,38.93,35.79
1830000,39.08,37.25,36.87,38.93,35.79
1831000,39.13,37.24,36.86,39.19,35.84
1832000,39.13,37.24,36.86,39.19,35.84
1833000,39.13,37.24,36.86,39.19,35.84
1834000,39.2,37.39,36.99,39.22,35.8
1835000,39.2,37.39,36.99,39.22,35.8
1836000,39.21,37.42,37.24,39.22,35.88
1837000,39.21,37.42,37.24,39.22,35.88
1838000,39.21,37.42,37.24,39.22,35.88
1839000,39.33,37.41,37.3,39.13,36.0
1840000,39.33,37.41,37.3,39.13,36.0
1841000,39.46,37.47,37.31,39.2,36.25
1842000,39.46,37.47,37.31,39.2,36.25
1843000,39.46,37.47,37.31,39.2,36.25
1844000,39.46,37.49,37.36,39.38,36.53
1845000,39.46,37.49,37.36,39.38,36.53
1846000,39.42,37.64,37.5,39.4,36.64
1847000,39.42,37.64,37.5,39.4,36.64
1848000,39.42,37.64,37.5,39.4,36.64
1849000,39.33,37.48,37.58,39.47,36.64
1850000,39.33,37.48,37.58,39.47,36.64
1851000,39.33,37.45,37.61,39.61,36.61
1852000,39.33,37.45,37.61,39.61,36.61
1853000,39.33,37.45,37.61,39.61,36.61
1854000,39.42,37.29,37.66,39.49,36.67
1855000,39.42,37.29,37.66,39.49,36.67
1856000,39.45,37.3,37.71,39.43,36.9
1857000,39.45,37.3,37.71,39.43,36.9
1858000,39.45,37.3,37.71,39.43,36.9
1859000,39.9,37.29,37.73,39.3,36.79
1860000,39.9,37.29,37.73,39.3,36.79
1861000,40.05,37.2,37.85,39.27,36.97
1862000,40.05,37.2,37.85,39.27,36.97
1863000,40.05,37.2,37.85,39.27,36.97
1864000,40.1,37.28,37.76,39.03,37.14
1865000,40.1,37.28,37.76,39.03,37.14
1866000,39.99,37.28,37.72,39.0,37.35
1867000,39.99,37.28,37.72,39.0,37.35
1868000,39.99,37.28,37.72,39.0,37.35
1869000,40.26,37.28,37.69,38.95,37.44
1870000,40.26,37.28,37.69,38.95,37.44
1871000,40.25,37.24,37.74,38.88,37.5
1872000,40.25,37.24,37.74,38.88,37.5
1873000,40.25,37.24,37.74,38.88,37.5
1874000,40.27,37.09,37.62,38.76,37.54
1875000,40.27,37.09,37.62,38.76,37.54
1876000,40.2,37.18,37.85,38.61,37.44
1877000,40.2,37.18,37.85,38.61,37.44
1878000,40.2,37.18,37.85,38.61,37.44
1879000,40.16,37.15,37.95,38.54,37.62
1880000,40.16,37.15,37.95,38.54,37.62
1881000,40.29,37.19,38.08,38.54,37.69
1882000,40.29,37.19,38.08,38.54,37.69
1883000,40.29,37.19,38.08,38.54,37.69
1884000,40.4,37.21,38.09,38.5,37.74
1885000,40.4,37.21,38.09,38.5,37.74
1886000,40.47,37.13,38.07,38.52,37.83
1887000,40.47,37.13,38.07,38.52,37.83
1888000,40.47,37.13,38.07,38.52,37.83
1889000,40.45,37.1,37.93,38.49,37.9
1890000,40.45,37.1,37.93,38.49,37.9
1891000,40.5,37.07,37.9,38.59,37.88
1892000,40.5,37.07,37.9,38.59,37.88
1893000,40.5,37.07,37.9,38.59,37.88
1894000,40.49,37.05,37.87,38.53,37.87
1895000,40.49,37.05,37.87,38.53,37.87
1896000,40.42,37.0,37.76,38.58,37.83
1897000,40.42,37.0,37.76,38.58,37.83
1898000,40.42,37.0,37.76,38.58,37.83
1899000,40.45,37.07,37.81,38.36,37.98
1900000,40.45,37.07,37.81,38.36,37.98
1901000,40.3,37.1,37.79,38.5,38.03
1902000,40.3,37.1,37.79,38.5,38.03
1903000,40.3,37.1,37.79,38.5,38.03
1904000,40.42,37.08,37.62,38.38,37.98
1905000,40.42,37.08,37.62,38.38,37.98
1906000,40.26,37.12,37.45,38.45,38.02
1907000,40.26,37.12,37.45,38.45,38.02
1908000,40.26,37.12,37.45,38.45,38.02
1909000,40.14,37.2,37.44,38.38,38.22
1910000,40.14,37.2,37.44,38.38,38.22
1911000,40.12,37.12,37.47,38.41,38.23
1912000,40.12,37.12,37.47,38.41,38.23
1913000,40.12,37.12,37.47,38.41,38.23
1914000,40.15,37.09,37.44,38.39,38.32
1915000,40.15,37.09,37.44,38.39,38.32
1916000,40.31,37.02,37.21,38.22,38.06
1917000,40.31,37.02,37.21,38.22,38.06
1918000,40.31,37.02,37.21,38.22,38.06
1919000,40.4,37.1,37.06,38.21,37.94
1920000,40.4,37.1,37.06,38.21,37.94
1921000,40.39,37.05,36.96,38.33,37.94
1922000,40.39,37.05,36.96,38.33,37.94
1923000,40.39,37.05,36.96,38.33,37.94
1924000,40.42,36.97,37.04,38.22,37.62
1925000,40.42,36.97,37.04,38.22,37.62
1926000,40.48,37.09,36.99,38.35,37.67
1927000,40.48,37.09,36.99,38.35,37.67
1928000,40.48,37.09,36.99,38.35,37.67
1929000,40.48,37.09,36.77,38.3,37.6
1930000,40.48,37.09,36.77,38.3,37.6
1931000,40.5,37.0,36.76,38.2,37.57
1932000,40.5,37.0,36.76,38.2,37.57
1933000,40.5,37.0,36.76,38.2,37.57
1934000,40.57,37.05,36.96,38.2,37.56
1935000,40.57,37.05,36.96,38.2,37.56
1936000,40.6,37.0,36.84,38.12,37.65
1937000,40.6,37.0,36.84,38.12,37.65
1938000,40.6,37.0,36.84,38.12,37.65
1939000,40.32,37.04,36.76,38.15,37.59
1940000,40.32,37.04,36.76,38.15,37.59
1941000,40.5,37.02,36.81,38.09,37.69
1942000,40.5,37.02,36.81,38.09,37.69
1943000,40.5,37.02,36.81,38.09,37.69
1944000,40.51,37.08,36.9,37.97,37.56
1945000,40.51,37.08,36.9,37.97,37.56
1946000,40.33,36.9,36.89,37.5,37.5
1947000,40.33,36.9,36.89,37.5,37.5
1948000,40.33,36.9,36.89,37.5,37.5
1949000,40.45,36.87,36.95,37.42,37.52
1950000,40.45,36.87,36.95,37.42,37.52
1951000,40.35,36.98,37.04,37.19,37.53
1952000,40.35,36.98,37.04,37.19,37.53
1953000,40.35,36.98,37.04,37.19,37.53
1954000,40.19,37.08,37.02,37.37,37.51
1955000,40.19,37.08,37.02,37.37,37.51
1956000,40.19,37.12,37.19,37.59,37.59
1957000,40.19,37.12,37.19,37.59,37.59
1958000,40.19,37.12,37.19,37.59,37.59
1959000,40.2,37.2,37.22,37.72,37.59
1960000,40.2,37.2,37.22,37.72,37.59
1961000,40.16,37.32,37.25,37.69,37.68
1962000,40.16,37.32,37.25,37.69,37.68
1963000,40.16,37.32,37.25,37.69,37.68
1964000,40.44,37.31,37.32,37.52,37.67
1965000,40.44,37.31,37.32,37.52,37.67
1966000,40.37,37.41,37.32,37.5,37.63
1967000,40.37,37.41,37.32,37.5,37.63
1968000,40.37,37.41,37.32,37.5,37.63
1969000,40.36,37.4,37.37,37.65,37.68
1970000,40.36,37.4,37.37,37.65,37.68
1971000,40.5,37.32,37.28,37.6,37.62
1972000,40.5,37.32,37.28,37.6,37.62
1973000,40.5,37.32,37.28,37.6,37.62
1974000,40.43,37.5,37.18,37.84,37.53
1975000,40.43,37.5,37.18,37.84,37.53
1976000,40.42,37.56,37.31,37.8,37.51
1977000,40.42,37.56,37.31,37.8,37.51
1978000,40.42,37.56,37.31,37.8,37.51
1979000,40.53,37.45,37.26,37.75,37.38
1980000,40.53,37.45,37.26,37.75,37.38
1981000,40.5,37.54,37.14,37.77,37.26
1982000,40.5,37.54,37.14,37.77,37.26
1983000,40.5,37.54,37.14,37.77,37.26
1984000,40.53,37.39,37.18,37.76,37.16
1985000,40.53,37.39,37.18,37.76,37.16
1986000,40.49,37.51,37.33,37.96,37.2
1987000,40.49,37.51,37.33,37.96,37.2
1988000,40.49,37.51,37.33,37.96,37.2
1989000,40.35,37.46,37.39,38.03,37.27
1990000,40.35,37.46,37.39,38.03,37.27
1991000,40.15,37.42,37.4,38.21,37.28
1992000,40.15,37.42,37.4,38.21,37.28
1993000,40.15,37.42,37.4,38.21,37.28
1994000,40.32,37.47,37.44,38.27,37.3
1995000,40.32,37.47,37.44,38.27,37.3
1996000,40.36,37.53,37.35,38.3,37.28
1997000,40.36,37.53,37.35,38.3,37.28
1998000,40.36,37.53,37.35,38.3,37.28
1999000,40.23,37.53,37.63,38.32,37.29
2000000,40.23,37.53,37.63,38.32,37.29
2001000,40.12,37.59,37.57,38.05,37.26
2002000,40.12,37.59,37.57,38.05,37.26
2003000,40.12,37.59,37.57,38.05,37.26
2004000,40.16,37.57,37.56,37.69,37.25
2005000,40.16,37.57,37.56,37.69,37.25
2006000,40.03,37.69,37.49,37.5,37.17
2007000,40.03,37.69,37.49,37.5,37.17
2008000,40.03,37.69,37.49,37.5,37.17
2009000,39.96,37.74,37.89,37.53,37.2
2010000,39.96,37.74,37.89,37.53,37.2
2011000,39.86,37.83,37.98,37.6,37.32
2012000,39.86,37.83,37.98,37.6,37.32
2013000,39.86,37.83,37.98,37.6,37.32
2014000,39.91,37.86,38.09,37.54,37.66
2015000,39.91,37.86,38.09,37.54,37.66
2016000,39.93,37.91,38.21,37.42,37.66
2017000,39.93,37.91,38.21,37.42,37.66
2018000,39.93,37.91,38.21,37.42,37.66
2019000,39.99,37.94,38.33,37.44,37.73
2020000,39.99,37.94,38.33,37.44,37.73
2021000,40.0,37.98,38.31,37.38,37.81
2022000,40.0,37.98,38.31,37.38,37.81
2023000,40.0,37.98,38.31,37.38,37.81
2024000,40.03,37.92,38.31,37.23,37.93
2025000,40.03,37.92,38.31,37.23,37.93
2026000,40.02,37.96,38.42,37.2,38.02
2027000,40.02,37.96,38.42,37.2,38.02
2028000,40.02,37.96,38.42,37.2,38.02
2029000,40.04,37.99,38.55,37.2,38.11
2030000,40.04,37.99,38.55,37.2,38.11
2031000,39.99,38.04,38.61,37.23,38.05
2032000,39.99,38.04,38.61,37.23,38.05
2033000,39.99,38.04,38.61,37.23,38.05
2034000,39.93,38.35,38.56,37.25,37.96
2035000,39.93,38.35,38.56,37.25,37.96
2036000,39.87,38.46,38.63,37.29,37.85
2037000,39.87,38.46,38.63,37.29,37.85
2038000,39.87,38.46,38.63,37.29,37.85
2039000,39.99,38.44,38.65,37.04,37.78
2040000,39.99,38.44,38.65,37.04,37.78
2041000,40.19,38.29,38.59,37.11,37.97
2042000,40.19,38.29,38.59,37.11,37.97
2043000,40.19,38.29,38.59,37.11,37.97
2044000,40.09,38.22,38.64,37.06,37.83
2045000,40.09,38.22,38.64,37.06,37.83
2046000,40.07,38.25,38.79,36.99,37.85
2047000,40.07,38.25,38.79,36.99,37.85
2048000,40.07,38.25,38.79,36.99,37.85
2049000,39.95,38.27,38.82,36.85,37.8
2050000,39.95,38.27,38.82,36.85,37.8
2051000,39.94,38.35,38.85,36.78,37.87
2052000,39.94,38.35,38.85,36.78,37.87
2053000,39.94,38.35,38.85,36.78,37.87
2054000,39.91,38.36,38.91,36.83,38.0
2055000,39.91,38.36,38.91,36.83,38.0
2056000,39.9,38.38,38.93,36.69,37.95
2057000,39.9,38.38,38.93,36.69,37.95
2058000,39.9,38.38,38.93,36.69,37.95
2059000,39.91,38.28,38.99,36.8,37.88
2060000,39.91,38.28,38.99,36.8,37.88
2061000,39.85,38.26,38.75,36.73,37.85
2062000,39.85,38.26,38.75,36.73,37.85
2063000,39.85,38.26,38.75,36.73,37.85
2064000,39.77,38.33,38.59,36.68,37.87
2065000,39.77,38.33,38.59,36.68,37.87
2066000,39.85,38.43,38.59,36.67,37.87
2067000,39.85,38.43,38.59,36.67,37.87
2068000,39.85,38.43,38.59,36.67,37.87
2069000,39.92,38.42,38.54,36.47,37.94
2070000,39.92,38.42,38.54,36.47,37.94
2071000,39.93,38.74,38.66,36.35,37.57
2072000,39.93,38.74,38.66,36.35,37.57
2073000,39.93,38.74,38.66,36.35,37.57
2074000,39.95,38.92,38.64,36.36,37.42
2075000,39.95,38.92,38.64,36.36,37.42
2076000,40.17,38.87,38.24,36.29,37.55
2077000,40.17,38.87,38.24,36.29,37.55
2078000,40.17,38.87,38.24,36.29,37.55
2079000,40.12,39.15,38.01,36.23,37.54
2080000,40.12,39.15,38.01,36.23,37.54
2081000,40.09,39.15,38.08,36.14,37.57
2082000,40.09,39.15,38.08,36.14,37.57
2083000,40.09,39.15,38.08,36.14,37.57
2084000,40.16,39.25,37.84,36.19,37.65
2085000,40.16,39.25,37.84,36.19,37.65
2086000,40.25,39.38,37.75,35.87,37.41
2087000,40.25,39.38,37.75,35.87,37.41
2088000,40.25,39.38,37.75,35.87,37.41
2089000,40.2,39.42,37.66,35.97,37.29
2090000,40.2,39.42,37.66,35.97,37.29
2091000,40.12,39.45,37.62,35.86,37.21
2092000,40.12,39.45,37.62,35.86,37.21
2093000,40.12,39.45,37.62,35.86,37.21
2094000,40.15,39.42,37.67,35.8,37.2
2095000,40.15,39.42,37.67,35.8,37.2
2096000,40.05,39.39,37.74,35.67,37.15
2097000,40.05,39.39,37.74,35.67,37.15
2098000,40.05,39.39,37.74,35.67,37.15
2099000,40.11,39.55,37.83,35.59,37.13
2100000,40.11,39.55,37.83,35.59,37.13
2101000,40.11,39.58,37.77,35.56,37.29
2102000,40.11,39.58,37.77,35.56,37.29
2103000,40.11,39.58,37.77,35.56,37.29
2104000,39.93,39.81,37.69,35.6,37.29
2105000,39.93,39.81,37.69,35.6,37.29
2106000,39.99,39.88,37.62,35.69,37.2
2107000,39.99,39.88,37.62,35.69,37.2
2108000,39.99,39.88,37.62,35.69,37.2
2109000,39.95,39.94,37.49,35.79,37.29
2110000,39.95,39.94,37.49,35.79,37.29
2111000,39.85,40.03,37.44,35.86,37.29
2112000,39.85,40.03,37.44,35.86,37.29
2113000,39.85,40.03,37.44,35.86,37.29
2114000,39.71,40.12,37.58,36.21,37.14
2115000,39.71,40.12,37.58,36.21,37.14
2116000,39.81,40.17,37.63,36.05,37.17
2117000,39.81,40.17,37.63,36.05,37.17
2118000,39.81,40.17,37.63,36.05,37.17
2119000,39.62,40.2,37.68,36.18,37.18
2120000,39.62,40.2,37.68,36.18,37.18
2121000,39.46,40.06,37.59,36.07,37.13
2122000,39.46,40.06,37.59,36.07,37.13
2123000,39.46,40.06,37.59,36.07,37.13
2124000,39.49,40.23,37.66,36.07,37.14
2125000,39.49,40.23,37.66,36.07,37.14
2126000,39.54,40.33,37.47,36.12,37.33
2127000,39.54,40.33,37.47,36.12,37.33
2128000,39.54,40.33,37.47,36.12,37.33
2129000,39.51,40.45,37.27,36.0,37.47
2130000,39.51,40.45,37.27,36.0,37.47
2131000,39.41,40.46,37.14,35.96,37.54
2132000,39.41,40.46,37.14,35.96,37.54
2133000,39.41,40.46,37.14,35.96,37.54
2134000,39.05,40.45,37.12,35.87,37.5
2135000,39.05,40.45,37.12,35.87,37.5
2136000,39.13,40.59,37.05,36.01,37.47
2137000,39.13,40.59,37.05,36.01,37.47
2138000,39.13,40.59,37.05,36.01,37.47
2139000,39.11,40.68,37.16,35.99,37.51
2140000,39.11,40.68,37.16,35.99,37.51
2141000,39.0,40.76,37.23,35.88,37.61
2142000,39.0,40.76,37.23,35.88,37.61
2143000,39.0,40.76,37.23,35.88,37.61
2144000,39.06,40.81,37.32,36.05,37.34
2145000,39.06,40.81,37.32,36.05,37.34
2146000,38.94,40.8,37.17,36.05,37.31
2147000,38.94,40.8,37.17,36.05,37.31
2148000,38.94,40.8,37.17,36.05,37.31
2149000,39.01,40.97,37.07,36.2,37.27
2150000,39.01,40.97,37.07,36.2,37.27
2151000,39.09,41.01,36.94,36.06,37.24
2152000,39.09,41.01,36.94,36.06,37.24
2153000,39.09,41.01,36.94,36.06,37.24
2154000,39.02,41.0,36.97,36.23,37.44
2155000,39.02,41.0,36.97,36.23,37.44
2156000,39.05,41.06,36.96,36.24,37.4
2157000,39.05,41.06,36.96,36.24,37.4
2158000,39.05,41.06,36.96,36.24,37.4
2159000,39.22,41.13,36.97,36.4,37.47
2160000,39.22,41.13,36.97,36.4,37.47
2161000,39.13,41.24,37.01,36.39,37.45
2162000,39.13,41.24,37.01,36.39,37.45
2163000,39.13,41.24,37.01,36.39,37.45
2164000,39.07,41.33,37.2,36.32,37.39
2165000,39.07,41.33,37.2,36.32,37.39
2166000,38.95,41.4,37.39,36.44,37.7
2167000,38.95,41.4,37.39,36.44,37.7
2168000,38.95,41.4,37.39,36.44,37.7
2169000,38.99,41.39,37.43,36.48,37.91
2170000,38.99,41.39,37.43,36.48,37.91
2171000,39.08,41.46,37.41,36.44,38.07
2172000,39.08,41.46,37.41,36.44,38.07
2173000,39.08,41.46,37.41,36.44,38.07
2174000,38.96,41.54,37.38,36.34,38.39
2175000,38.96,41.54,37.38,36.34,38.39
2176000,38.86,41.5,37.45,36.21,38.39
2177000,38.86,41.5,37.45,36.21,38.39
2178000,38.86,41.5,37.45,36.21,38.39
2179000,38.85,41.59,37.63,36.31,38.58
2180000,38.85,41.59,37.63,36.31,38.58
2181000,38.86,41.6,37.56,36.48,38.62
2182000,38.86,41.6,37.56,36.48,38.62
2183000,38.86,41.6,37.56,36.48,38.62
2184000,38.92,41.7,37.5,36.56,38.62
2185000,38.92,41.7,37.5,36.56,38.62
2186000,38.85,41.56,37.62,36.59,38.7
2187000,38.85,41.56,37.62,36.59,38.7
2188000,38.85,41.56,37.62,36.59,38.7
2189000,39.01,41.6,37.72,36.55,38.8
2190000,39.01,41.6,37.72,36.55,38.8
2191000,38.91,41.63,37.67,36.62,38.74
2192000,38.91,41.63,37.67,36.62,38.74
2193000,38.91,41.63,37.67,36.62,38.74
2194000,38.9,41.68,37.53,36.69,38.94
2195000,38.9,41.68,37.53,36.69,38.94
2196000,39.04,41.9,37.53,37.09,38.8
2197000,39.04,41.9,37.53,37.09,38.8
2198000,39.04,41.9,37.53,37.09,38.8
2199000,38.97,41.96,37.59,37.04,38.87
2200000,38.97,41.96,37.59,37.04,38.87
2201000,39.09,41.92,37.63,37.29,38.91
2202000,39.09,41.92,37.63,37.29,38.91
2203000,39.09,41.92,37.63,37.29,38.91
2204000,39.35,41.79,37.67,37.15,38.82
2205000,39.35,41.79,37.67,37.15,38.82
2206000,39.32,41.85,37.67,37.24,38.71
2207000,39.32,41.85,37.67,37.24,38.71
2208000,39.32,41.85,37.67,37.24,38.71
2209000,39.36,41.84,37.65,37.23,38.74
2210000,39.36,41.84,37.65,37.23,38.74
2211000,39.47,41.86,37.65,37.22,38.71
2212000,39.47,41.86,37.65,37.22,38.71
2213000,39.47,41.86,37.65,37.22,38.71
2214000,39.5,41.85,37.49,37.33,38.71
2215000,39.5,41.85,37.49,37.33,38.71
2216000,39.58,41.74,37.64,37.47,38.7
2217000,39.58,41.74,37.64,37.47,38.7
2218000,39.58,41.74,37.64,37.47,38.7
2219000,39.61,41.74,37.59,37.25,38.78
2220000,39.61,41.74,37.59,37.25,38.78
2221000,39.5,41.86,37.65,37.24,38.83
2222000,39.5,41.86,37.65,37.24,38.83
2223000,39.5,41.86,37.65,37.24,38.83
2224000,39.67,41.86,37.7,37.19,38.85
2225000,39.67,41.86,37.7,37.19,38.85
2226000,39.55,41.92,37.5,37.13,38.8
2227000,39.55,41.92,37.5,37.13,38.8
2228000,39.55,41.92,37.5,37.13,38.8
2229000,39.47,42.08,37.47,37.16,38.97
2230000,39.47,42.08,37.47,37.16,38.97
2231000,39.53,42.08,37.47,37.05,39.22
2232000,39.53,42.08,37.47,37.05,39.22
2233000,39.53,42.08,37.47,37.05,39.22
2234000,39.71,42.06,37.43,36.85,39.31
2235000,39.71,42.06,37.43,36.85,39.31
2236000,39.6,41.93,37.31,36.73,39.34
2237000,39.6,41.93,37.31,36.73,39.34
2238000,39.6,41.93,37.31,36.73,39.34
2239000,39.79,42.0,37.23,36.78,39.33
2240000,39.79,42.0,37.23,36.78,39.33
2241000,40.01,42.1,37.28,36.7,39.38
2242000,40.01,42.1,37.28,36.7,39.38
2243000,40.01,42.1,37.28,36.7,39.38
2244000,40.01,42.11,37.11,36.57,39.37
2245000,40.01,42.11,37.11,36.57,39.37
2246000,40.16,42.16,37.13,36.51,39.34
2247000,40.16,42.16,37.13,36.51,39.34
2248000,40.16,42.16,37.13,36.51,39.34
2249000,40.24,42.23,37.08,36.5,39.31
2250000,40.24,42.23,37.08,36.5,39.31
2251000,40.26,42.22,37.13,36.68,39.28
2252000,40.26,42.22,37.13,36.68,39.28
2253000,40.26,42.22,37.13,36.68,39.28
2254000,40.26,42.26,37.11,37.05,39.24
2255000,40.26,42.26,37.11,37.05,39.24
2256000,40.3,42.29,37.07,37.08,39.25
2257000,40.3,42.29,37.07,37.08,39.25
2258000,40.3,42.29,37.07,37.08,39.25
2259000,40.34,42.32,37.01,37.12,39.19
2260000,40.34,42.32,37.01,37.12,39.19
2261000,40.32,42.39,37.07,37.01,39.25
2262000,40.32,42.39,37.07,37.01,39.25
2263000,40.32,42.39,37.07,37.01,39.25
2264000,40.3,42.41,37.05,37.06,39.28
2265000,40.3,42.41,37.05,37.06,39.28
2266000,40.26,42.34,36.95,37.19,39.35
2267000,40.26,42.34,36.95,37.19,39.35
2268000,40.26,42.34,36.95,37.19,39.35
2269000,40.23,42.33,36.81,37.24,39.29
2270000,40.23,42.33,36.81,37.24,39.29
2271000,40.24,42.34,36.9,37.32,39.34
2272000,40.24,42.34,36.9,37.32,39.34
2273000,40.24,42.34,36.9,37.32,39.34
2274000,40.33,42.42,36.84,37.18,39.31
2275000,40.33,42.42,36.84,37.18,39.31
2276000,40.35,42.41,36.73,37.24,39.29
2277000,40.35,42.41,36.73,37.24,39.29
2278000,40.35,42.41,36.73,37.24,39.29
2279000,40.33,42.47,36.73,37.28,39.3
2280000,40.33,42.47,36.73,37.28,39.3
2281000,40.38,42.52,36.66,37.34,39.4
2282000,40.38,42.52,36.66,37.34,39.4
2283000,40.38,42.52,36.66,37.34,39.4
2284000,40.36,42.36,36.71,37.32,39.43
2285000,40.36,42.36,36.71,37.32,39.43
2286000,40.24,42.4,36.62,37.23,39.62
2287000,40.24,42.4,36.62,37.23,39.62
2288000,40.24,42.4,36.62,37.23,39.62
2289000,40.22,42.44,36.63,37.49,39.71
2290000,40.22,42.44,36.63,37.49,39.71
2291000,40.12,42.67,36.69,37.41,39.78
2292000,40.12,42.67,36.69,37.41,39.78
2293000,40.12,42.67,36.69,37.41,39.78
2294000,40.24,42.79,36.66,37.4,39.86
2295000,40.24,42.79,36.66,37.4,39.86
2296000,40.15,42.79,36.64,37.48,39.91
2297000,40.15,42.79,36.64,37.48,39.91
2298000,40.15,42.79,36.64,37.48,39.91
2299000,40.31,42.58,36.62,37.58,39.9
2300000,40.31,42.58,36.62,37.58,39.9
2301000,40.29,42.62,36.69,37.56,39.9
2302000,40.29,42.62,36.69,37.56,39.9
2303000,40.29,42.62,36.69,37.56,39.9
2304000,40.4,42.64,36.65,37.56,39.67
2305000,40.4,42.64,36.65,37.56,39.67
2306000,40.4,42.67,36.65,37.55,39.7
2307000,40.4,42.67,36.65,37.55,39.7
2308000,40.4,42.67,36.65,37.55,39.7
2309000,40.43,42.71,36.6,37.52,39.76
2310000,40.43,42.71,36.6,37.52,39.76
2311000,40.46,42.78,36.82,37.42,39.79
2312000,40.46,42.78,36.82,37.42,39.79
2313000,40.46,42.78,36.82,37.42,39.79
2314000,40.51,42.97,36.92,37.42,39.72
2315000,40.51,42.97,36.92,37.42,39.72
2316000,40.51,42.91,36.93,37.36,39.72
2317000,40.51,42.91,36.93,37.36,39.72
2318000,40.51,42.91,36.93,37.36,39.72
2319000,40.47,42.83,36.99,37.35,39.78
2320000,40.47,42.83,36.99,37.35,39.78
2321000,40.38,42.83,36.98,37.57,40.17
2322000,40.38,42.83,36.98,37.57,40.17
2323000,40.38,42.83,36.98,37.57,40.17
2324000,40.48,42.82,36.96,37.55,40.4
2325000,40.48,42.82,36.96,37.55,40.4
2326000,40.43,42.87,37.32,37.64,40.36
2327000,40.43,42.87,37.32,37.64,40.36
2328000,40.43,42.87,37.32,37.64,40.36
2329000,40.41,42.97,37.58,37.75,40.41
2330000,40.41,42.97,37.58,37.75,40.41
2331000,40.41,43.02,37.59,37.67,40.41
2332000,40.41,43.02,37.59,37.67,40.41
2333000,40.41,43.02,37.59,37.67,40.41
2334000,40.41,43.01,37.86,37.4,40.47
2335000,40.41,43.01,37.86,37.4,40.47
2336000,40.31,43.02,37.95,37.76,40.47
2337000,40.31,43.02,37.95,37.76,40.47
2338000,40.31,43.02,37.95,37.76,40.47
2339000,40.31,43.02,37.98,37.73,40.57
2340000,40.31,43.02,37.98,37.73,40.57
2341000,40.33,43.01,38.11,37.85,40.58
2342000,40.33,43.01,38.11,37.85,40.58
2343000,40.33,43.01,38.11,37.85,40.58
2344000,40.38,43.07,38.11,37.93,40.63
2345000,40.38,43.07,38.11,37.93,40.63
2346000,40.62,42.94,38.13,37.9,40.73
2347000,40.62,42.94,38.13,37.9,40.73
2348000,40.62,42.94,38.13,37.9,40.73
2349000,40.56,42.97,38.1,38.0,40.74
2350000,40.56,42.97,38.1,38.0,40.74
2351000,40.53,42.92,38.13,37.88,40.73
2352000,40.53,42.92,38.13,37.88,40.73
2353000,40.53,42.92,38.13,37.88,40.73
2354000,40.61,42.93,38.18,37.87,40.86
2355000,40.61,42.93,38.18,37.87,40.86
2356000,40.61,42.99,38.19,37.85,41.02
2357000,40.61,42.99,38.19,37.85,41.02
2358000,40.61,42.99,38.19,37.85,41.02
2359000,40.64,43.04,38.33,37.59,41.12
2360000,40.64,43.04,38.33,37.59,41.12
2361000,40.65,43.07,38.34,37.36,41.14
2362000,40.65,43.07,38.34,37.36,41.14
2363000,40.65,43.07,38.34,37.36,41.14
2364000,40.78,43.11,38.38,37.31,41.28
2365000,40.78,43.11,38.38,37.31,41.28
2366000,40.8,43.08,38.37,37.5,41.26
2367000,40.8,43.08,38.37,37.5,41.26
2368000,40.8,43.08,38.37,37.5,41.26
2369000,40.93,43.08,38.35,37.45,41.37
2370000,40.93,43.08,38.35,37.45,41.37
2371000,41.17,43.31,38.47,37.36,41.5
2372000,41.17,43.31,38.47,37.36,41.5
2373000,41.17,43.31,38.47,37.36,41.5
2374000,41.2,43.39,38.5,37.25,41.53
2375000,41.2,43.39,38.5,37.25,41.53
2376000,41.2,43.41,38.63,37.26,41.56
2377000,41.2,43.41,38.63,37.26,41.56
2378000,41.2,43.41,38.63,37.26,41.56
2379000,41.39,43.46,38.82,37.42,41.52
2380000,41.39,43.46,38.82,37.42,41.52
2381000,41.44,43.48,38.93,37.41,41.63
2382000,41.44,43.48,38.93,37.41,41.63
2383000,41.44,43.48,38.93,37.41,41.63
2384000,41.72,43.47,38.78,37.61,41.7
2385000,41.72,43.47,38.78,37.61,41.7
2386000,41.72,43.51,38.94,37.6,41.67
2387000,41.72,43.51,38.94,37.6,41.67
2388000,41.72,43.51,38.94,37.6,41.67
2389000,41.84,43.54,38.94,37.71,41.61
2390000,41.84,43.54,38.94,37.71,41.61
2391000,42.01,43.6,38.95,37.76,41.38
2392000,42.01,43.6,38.95,37.76,41.38
2393000,42.01,43.6,38.95,37.76,41.38
2394000,42.09,43.57,38.91,37.36,41.7
2395000,42.09,43.57,38.91,37.36,41.7
2396000,42.32,43.65,39.13,37.27,41.75
2397000,42.32,43.65,39.13,37.27,41.75
2398000,42.32,43.65,39.13,37.27,41.75
2399000,42.34,43.62,39.18,37.19,41.74
2400000,42.34,43.62,39.18,37.19,41.74
2401000,42.35,43.59,39.23,37.27,41.73
2402000,42.35,43.59,39.23,37.27,41.73
2403000,42.35,43.59,39.23,37.27,41.73
2404000,42.47,43.67,39.38,37.13,41.67
2405000,42.47,43.67,39.38,37.13,41.67
2406000,42.43,43.67,39.45,37.0,41.78
2407000,42.43,43.67,39.45,37.0,41.78
2408000,42.43,43.67,39.45,37.0,41.78
2409000,42.38,43.7,39.48,36.9,41.74
2410000,42.38,43.7,39.48,36.9,41.74
2411000,42.37,43.77,39.48,36.83,41.78
2412000,42.37,43.77,39.48,36.83,41.78
2413000,42.37,43.77,39.48,36.83,41.78
2414000,42.22,43.79,39.5,36.87,41.88
2415000,42.22,43.79,39.5,36.87,41.88
2416000,42.23,43.86,39.61,36.85,41.92
2417000,42.23,43.86,39.61,36.85,41.92
2418000,42.23,43.86,39.61,36.85,41.92
2419000,42.24,43.83,39.64,36.78,41.9
2420000,42.24,43.83,39.64,36.78,41.9
2421000,42.17,43.93,39.82,36.87,41.89
2422000,42.17,43.93,39.82,36.87,41.89
2423000,42.17,43.93,39.82,36.87,41.89
2424000,42.27,44.01,39.85,37.0,41.93
2425000,42.27,44.01,39.85,37.0,41.93
2426000,42.33,44.06,39.77,37.12,41.88
2427000,42.33,44.06,39.77,37.12,41.88
2428000,42.33,44.06,39.77,37.12,41.88
2429000,42.31,44.11,39.77,37.03,41.89
2430000,42.31,44.11,39.77,37.03,41.89
2431000,42.32,44.02,39.83,37.04,41.93
2432000,42.32,44.02,39.83,37.04,41.93
2433000,42.32,44.02,39.83,37.04,41.93
2434000,42.31,43.95,39.79,37.03,42.02
2435000,42.31,43.95,39.79,37.03,42.02
2436000,42.35,44.1,39.66,37.08,41.95
2437000,42.35,44.1,39.66,37.08,41.95
2438000,42.35,44.1,39.66,37.08,41.95
2439000,42.34,44.14,39.62,37.02,41.89
2440000,42.34,44.14,39.62,37.02,41.89
2441000,42.48,44.14,39.67,36.98,41.95
2442000,42.48,44.14,39.67,36.98,41.95
2443000,42.48,44.14,39.67,36.98,41.95
2444000,42.62,44.13,39.74,37.22,41.95
2445000,42.62,44.13,39.74,37.22,41.95
2446000,42.65,44.06,39.73,37.13,42.2
2447000,42.65,44.06,39.73,37.13,42.2
2448000,42.65,44.06,39.73,37.13,42.2
2449000,42.7,44.04,39.55,37.19,42.23
2450000,42.7,44.04,39.55,37.19,42.23
2451000,42.63,44.1,39.55,37.13,42.26
2452000,42.63,44.1,39.55,37.13,42.26
2453000,42.63,44.1,39.55,37.13,42.26
2454000,42.72,44.26,39.54,37.15,42.28
2455000,42.72,44.26,39.54,37.15,42.28
2456000,42.72,44.27,39.55,37.07,42.19
2457000,42.72,44.27,39.55,37.07,42.19
2458000,42.72,44.27,39.55,37.07,42.19
2459000,42.6,44.35,39.5,37.01,42.2
2460000,42.6,44.35,39.5,37.01,42.2
2461000,42.55,44.27,39.48,36.89,42.14
2462000,42.55,44.27,39.48,36.89,42.14
2463000,42.55,44.27,39.48,36.89,42.14
2464000,42.59,44.27,39.59,36.86,42.16
2465000,42.59,44.27,39.59,36.86,42.16
2466000,42.61,44.36,39.57,36.82,42.35
2467000,42.61,44.36,39.57,36.82,42.35
2468000,42.61,44.36,39.57,36.82,42.35
2469000,42.62,44.46,39.49,36.86,42.36
2470000,42.62,44.46,39.49,36.86,42.36
2471000,42.73,44.51,39.33,36.88,42.35
2472000,42.73,44.51,39.33,36.88,42.35
2473000,42.73,44.51,39.33,36.88,42.35
2474000,42.69,44.61,39.29,36.81,42.49
2475000,42.69,44.61,39.29,36.81,42.49
2476000,42.72,44.53,39.54,36.87,42.57
2477000,42.72,44.53,39.54,36.87,42.57
2478000,42.72,44.53,39.54,36.87,42.57
2479000,42.67,44.52,39.74,36.83,42.63
2480000,42.67,44.52,39.74,36.83,42.63
2481000,42.59,44.59,39.71,36.96,42.63
2482000,42.59,44.59,39.71,36.96,42.63
2483000,42.59,44.59,39.71,36.96,42.63
2484000,42.55,44.8,39.64,36.97,42.64
2485000,42.55,44.8,39.64,36.97,42.64
2486000,42.67,44.92,39.68,36.91,42.71
2487000,42.67,44.92,39.68,36.91,42.71
2488000,42.67,44.92,39.68,36.91,42.71
2489000,42.71,44.89,39.74,36.89,42.76
2490000,42.71,44.89,39.74,36.89,42.76
2491000,42.73,44.91,39.64,36.95,42.75
2492000,42.73,44.91,39.64,36.95,42.75
2493000,42.73,44.91,39.64,36.95,42.75
2494000,42.81,44.89,39.78,37.06,42.72
2495000,42.81,44.89,39.78,37.06,42.72
2496000,42.76,44.88,39.77,37.12,42.71
2497000,42.76,44.88,39.77,37.12,42.71
2498000,42.76,44.88,39.77,37.12,42.71
2499000,42.83,44.93,39.8,37.25,42.78
2500000,42.83,44.93,39.8,37.25,42.78
2501000,42.93,44.98,39.79,37.24,42.92
2502000,42.93,44.98,39.79,37.24,42.92
2503000,42.93,44.98,39.79,37.24,42.92
2504000,42.99,45.01,39.79,37.29,43.13
2505000,42.99,45.01,39.79,37.29,43.13
2506000,42.99,45.01,39.79,37.29,43.13
2507000,42.97,45.02,39.95,37.43,43.15
2508000,42.97,45.02,39.95,37.43,43.15
2509000,42.97,44.98,39.95,37.45,43.23
2510000,42.97,44.98,39.95,37.45,43.23
2511000,42.97,44.98,39.95,37.45,43.23
2512000,43.13,45.02,39.84,37.66,43.19
2513000,43.13,45.02,39.84,37.66,43.19
2514000,43.11,45.03,39.82,37.81,43.26
2515000,43.11,45.03,39.82,37.81,43.26
2516000,43.11,45.03,39.82,37.81,43.26
2517000,43.06,45.15,39.89,37.88,43.2
2518000,43.06,45.15,39.89,37.88,43.2
2519000,43.21,45.22,39.97,37.84,43.24
2520000,43.21,45.22,39.97,37.84,43.24
2521000,43.21,45.22,39.97,37.84,43.24
2522000,43.19,45.25,40.0,37.83,43.2
2523000,43.19,45.25,40.0,37.83,43.2
2524000,43.19,45.28,40.04,37.97,43.24
2525000,43.19,45.28,40.04,37.97,43.24
2526000,43.19,45.28,40.04,37.97,43.24
2527000,43.23,45.22,40.03,37.92,43.24
2528000,43.23,45.22,40.03,37.92,43.24
2529000,43.26,45.14,40.02,37.97,43.18
2530000,43.26,45.14,40.02,37.97,43.18
2531000,43.26,45.14,40.02,37.97,43.18
2532000,43.25,45.16,40.09,37.85,43.29
2533000,43.25,45.16,40.09,37.85,43.29
2534000,43.31,45.36,40.06,37.67,43.34
2535000,43.31,45.36,40.06,37.67,43.34
2536000,43.31,45.36,40.06,37.67,43.34
2537000,43.44,45.39,40.03,37.72,43.34
2538000,43.44,45.39,40.03,37.72,43.34
2539000,43.6,45.41,40.06,37.65,43.31
2540000,43.6,45.41,40.06,37.65,43.31
2541000,43.6,45.41,40.06,37.65,43.31
2542000,43.63,45.34,39.93,37.72,43.27
2543000,43.63,45.34,39.93,37.72,43.27
2544000,43.51,45.38,39.82,37.71,43.31
2545000,43.51,45.38,39.82,37.71,43.31
2546000,43.51,45.38,39.82,37.71,43.31
2547000,43.55,45.4,39.81,37.65,43.31
2548000,43.55,45.4,39.81,37.65,43.31
2549000,43.5,45.68,39.85,37.57,43.37
2550000,43.5,45.68,39.85,37.57,43.37
2551000,43.5,45.68,39.85,37.57,43.37
2552000,43.52,45.68,39.79,37.61,43.36
2553000,43.52,45.68,39.79,37.61,43.36
2554000,43.47,45.76,39.72,37.63,43.66
2555000,43.47,45.76,39.72,37.63,43.66
2556000,43.47,45.76,39.72,37.63,43.66
2557000,43.47,45.87,39.73,37.58,43.66
2558000,43.47,45.87,39.73,37.58,43.66
2559000,43.49,45.93,39.73,37.61,43.64
2560000,43.49,45.93,39.73,37.61,43.64
2561000,43.49,45.93,39.73,37.61,43.64
2562000,43.47,45.94,39.76,37.73,43.65
2563000,43.47,45.94,39.76,37.73,43.65
2564000,43.53,45.88,39.75,37.69,43.4
2565000,43.53,45.88,39.75,37.69,43.4
2566000,43.53,45.88,39.75,37.69,43.4
2567000,43.67,45.89,39.83,37.76,43.39
2568000,43.67,45.89,39.83,37.76,43.39
2569000,43.62,45.99,39.77,38.05,43.4
2570000,43.62,45.99,39.77,38.05,43.4
2571000,43.62,45.99,39.77,38.05,43.4
2572000,43.67,46.07,39.79,37.92,43.38
2573000,43.67,46.07,39.79,37.92,43.38
2574000,43.65,46.13,39.77,37.98,43.22
2575000,43.65,46.13,39.77,37.98,43.22
2576000,43.65,46.13,39.77,37.98,43.22
2577000,43.67,46.2,39.8,37.95,43.28
2578000,43.67,46.2,39.8,37.95,43.28
2579000,43.76,46.17,39.88,37.75,43.14
2580000,43.76,46.17,39.88,37.75,43.14
2581000,43.76,46.17,39.88,37.75,43.14
2582000,43.78,46.09,39.91,37.9,43.15
2583000,43.78,46.09,39.91,37.9,43.15
2584000,43.76,46.12,39.91,38.25,43.1
2585000,43.76,46.12,39.91,38.25,43.1
2586000,43.76,46.12,39.91,38.25,43.1
2587000,43.91,46.05,39.97,38.24,43.25
2588000,43.91,46.05,39.97,38.24,43.25
2589000,43.97,46.13,39.96,38.3,43.29
2590000,43.97,46.13,39.96,38.3,43.29
2591000,43.97,46.13,39.96,38.3,43.29
2592000,44.05,46.15,39.78,38.34,43.27
2593000,44.05,46.15,39.78,38.34,43.27
2594000,44.02,46.16,39.8,38.33,43.21
2595000,44.02,46.16,39.8,38.33,43.21
2596000,44.02,46.16,39.8,38.33,43.21
2597000,43.76,46.38,39.67,38.4,43.26
2598000,43.76,46.38,39.67,38.4,43.26
2599000,43.79,46.41,39.73,38.27,43.24
2600000,43.79,46.41,39.73,38.27,43.24
2601000,43.79,46.41,39.73,38.27,43.24
2602000,43.85,46.5,39.8,38.32,43.26
2603000,43.85,46.5,39.8,38.32,43.26
2604000,43.87,46.54,39.67,38.42,43.3
2605000,43.87,46.54,39.67,38.42,43.3
2606000,43.87,46.54,39.67,38.42,43.3
2607000,43.96,46.52,39.64,38.38,43.17
2608000,43.96,46.52,39.64,38.38,43.17
2609000,43.96,46.54,39.62,38.75,43.14
2610000,43.96,46.54,39.62,38.75,43.14
2611000,43.96,46.54,39.62,38.75,43.14
2612000,44.03,46.48,39.54,38.96,43.11
2613000,44.03,46.48,39.54,38.96,43.11
2614000,44.09,46.51,39.56,38.98,43.1
2615000,44.09,46.51,39.56,38.98,43.1
2616000,44.09,46.51,39.56,38.98,43.1
2617000,44.14,46.57,39.61,38.99,43.19
2618000,44.14,46.57,39.61,38.99,43.19
2619000,44.17,46.58,39.6,39.11,43.13
2620000,44.17,46.58,39.6,39.11,43.13
2621000,44.17,46.58,39.6,39.11,43.13
2622000,44.13,46.45,39.63,39.29,43.13
2623000,44.13,46.45,39.63,39.29,43.13
2624000,44.15,46.41,39.64,39.55,43.11
2625000,44.15,46.41,39.64,39.55,43.11
2626000,44.15,46.41,39.64,39.55,43.11
2627000,44.21,46.45,39.65,39.52,43.0
2628000,44.21,46.45,39.65,39.52,43.0
2629000,44.15,46.41,39.6,39.4,43.02
2630000,44.15,46.41,39.6,39.4,43.02
2631000,44.15,46.41,39.6,39.4,43.02
2632000,44.21,46.48,39.52,39.38,42.92
2633000,44.21,46.48,39.52,39.38,42.92
2634000,44.24,46.64,39.68,39.33,42.96
2635000,44.24,46.64,39.68,39.33,42.96
2636000,44.24,46.64,39.68,39.33,42.96
2637000,44.26,46.62,39.61,39.21,43.04
2638000,44.26,46.62,39.61,39.21,43.04
2639000,44.26,46.63,39.68,38.95,43.06
2640000,44.26,46.63,39.68,38.95,43.06
2641000,44.26,46.63,39.68,38.95,43.06
2642000,44.22,46.58,39.77,39.04,43.29
2643000,44.22,46.58,39.77,39.04,43.29
2644000,44.32,46.72,39.83,39.2,43.23
2645000,44.32,46.72,39.83,39.2,43.23
2646000,44.32,46.72,39.83,39.2,43.23
2647000,44.22,46.71,39.87,39.24,43.25
2648000,44.22,46.71,39.87,39.24,43.25
2649000,44.21,46.72,39.91,39.39,43.29
2650000,44.21,46.72,39.91,39.39,43.29
2651000,44.21,46.72,39.91,39.39,43.29
2652000,44.24,46.83,40.07,39.41,43.26
2653000,44.24,46.83,40.07,39.41,43.26
2654000,44.19,46.83,39.9,39.54,43.33
2655000,44.19,46.83,39.9,39.54,43.33
2656000,44.19,46.83,39.9,39.54,43.33
2657000,44.37,46.86,39.9,39.72,43.3
2658000,44.37,46.86,39.9,39.72,43.3
2659000,44.48,46.89,39.94,39.85,43.36
2660000,44.48,46.89,39.94,39.85,43.36
2661000,44.48,46.89,39.94,39.85,43.36
2662000,44.54,46.93,39.85,39.95,43.39
2663000,44.54,46.93,39.85,39.95,43.39
2664000,44.7,46.97,39.8,40.03,43.49
2665000,44.7,46.97,39.8,40.03,43.49
2666000,44.7,46.97,39.8,40.03,43.49
2667000,44.77,47.01,39.6,40.09,43.5
2668000,44.77,47.01,39.6,40.09,43.5
2669000,44.66,47.09,39.66,40.17,43.52
2670000,44.66,47.09,39.66,40.17,43.52
2671000,44.66,47.09,39.66,40.17,43.52
2672000,44.75,47.15,39.67,40.17,43.41
2673000,44.75,47.15,39.67,40.17,43.41
2674000,44.81,47.06,39.71,39.99,43.36
2675000,44.81,47.06,39.71,39.99,43.36
2676000,44.81,47.06,39.71,39.99,43.36
2677000,44.93,47.14,39.64,39.92,43.44
2678000,44.93,47.14,39.64,39.92,43.44
2679000,44.97,47.19,39.71,39.96,43.42
2680000,44.97,47.19,39.71,39.96,43.42
2681000,44.97,47.19,39.71,39.96,43.42
2682000,45.05,47.37,39.73,39.91,43.37
2683000,45.05,47.37,39.73,39.91,43.37
2684000,44.96,47.47,39.81,39.9,43.36
2685000,44.96,47.47,39.81,39.9,43.36
2686000,44.96,47.47,39.81,39.9,43.36
2687000,44.96,47.55,39.9,39.84,43.38
2688000,44.96,47.55,39.9,39.84,43.38
2689000,45.09,47.64,39.94,40.0,43.32
2690000,45.09,47.64,39.94,40.0,43.32
2691000,45.09,47.64,39.94,40.0,43.32
2692000,45.09,47.78,39.97,40.0,43.31
2693000,45.09,47.78,39.97,40.0,43.31
2694000,45.09,47.85,40.03,39.87,43.34
2695000,45.09,47.85,40.03,39.87,43.34
2696000,45.09,47.85,40.03,39.87,43.34
2697000,45.03,47.96,39.98,39.94,42.97
2698000,45.03,47.96,39.98,39.94,42.97
2699000,45.1,48.03,40.14,39.95,42.77
2700000,45.1,48.03,40.14,39.95,42.77
2701000,45.1,48.03,40.14,39.95,42.77
2702000,45.14,48.05,40.12,40.0,42.66
2703000,45.14,48.05,40.12,40.0,42.66
2704000,45.21,48.1,40.13,40.07,42.76
2705000,45.21,48.1,40.13,40.07,42.76
2706000,45.21,48.1,40.13,40.07,42.76
2707000,45.32,48.05,39.93,40.16,42.98
2708000,45.32,48.05,39.93,40.16,42.98
2709000,45.49,48.1,39.98,40.26,42.99
2710000,45.49,48.1,39.98,40.26,42.99
2711000,45.49,48.1,39.98,40.26,42.99
2712000,45.62,48.21,39.95,40.41,43.03
2713000,45.62,48.21,39.95,40.41,43.03
2714000,45.69,48.34,40.02,40.39,42.73
2715000,45.69,48.34,40.02,40.39,42.73
2716000,45.69,48.34,40.02,40.39,42.73
2717000,45.77,48.43,40.0,40.35,42.66
2718000,45.77,48.43,40.0,40.35,42.66
2719000,45.69,48.49,40.05,40.48,42.55
2720000,45.69,48.49,40.05,40.48,42.55
2721000,45.69,48.49,40.05,40.48,42.55
2722000,45.63,48.53,40.2,40.6,42.48
2723000,45.63,48.53,40.2,40.6,42.48
2724000,45.58,48.55,40.31,40.67,42.41
2725000,45.58,48.55,40.31,40.67,42.41
2726000,45.58,48.55,40.31,40.67,42.41
2727000,45.71,48.7,40.29,40.72,42.22
2728000,45.71,48.7,40.29,40.72,42.22
2729000,45.86,48.78,40.25,40.82,42.1
2730000,45.86,48.78,40.25,40.82,42.1
2731000,45.86,48.78,40.25,40.82,42.1
2732000,45.96,48.81,40.31,40.81,42.08
2733000,45.96,48.81,40.31,40.81,42.08
2734000,46.0,48.85,40.43,41.04,42.1
2735000,46.0,48.85,40.43,41.04,42.1
2736000,46.0,48.85,40.43,41.04,42.1
2737000,46.02,48.89,40.5,41.21,42.04
2738000,46.02,48.89,40.5,41.21,42.04
2739000,45.93,48.9,40.42,41.24,42.02
2740000,45.93,48.9,40.42,41.24,42.02
2741000,45.93,48.9,40.42,41.24,42.02
2742000,45.94,48.91,40.45,41.23,42.02
2743000,45.94,48.91,40.45,41.23,42.02
2744000,45.96,48.97,40.52,41.22,42.02
2745000,45.96,48.97,40.52,41.22,42.02
2746000,45.96,48.97,40.52,41.22,42.02
2747000,46.03,48.99,40.22,41.3,42.14
2748000,46.03,48.99,40.22,41.3,42.14
2749000,46.02,49.03,40.22,41.23,42.12
2750000,46.02,49.03,40.22,41.23,42.12
2751000,46.02,49.03,40.22,41.23,42.12
2752000,46.03,49.08,40.28,41.34,42.11
2753000,46.03,49.08,40.28,41.34,42.11
2754000,46.03,49.11,40.24,41.32,42.04
2755000,46.03,49.11,40.24,41.32,42.04
2756000,46.03,49.11,40.24,41.32,42.04
2757000,46.14,49.14,40.2,41.26,42.05
2758000,46.14,49.14,40.2,41.26,42.05
2759000,46.27,49.22,40.29,41.27,41.9
2760000,46.27,49.22,40.29,41.27,41.9
2761000,46.27,49.22,40.29,41.27,41.9
2762000,46.34,49.16,40.31,41.05,41.98
2763000,46.34,49.16,40.31,41.05,41.98
2764000,46.42,49.2,40.31,40.94,41.91
2765000,46.42,49.2,40.31,40.94,41.91
2766000,46.42,49.2,40.31,40.94,41.91
2767000,46.54,49.15,40.31,40.92,41.94
2768000,46.54,49.15,40.31,40.92,41.94
2769000,46.55,49.22,40.36,40.96,41.92
2770000,46.55,49.22,40.36,40.96,41.92
2771000,46.55,49.22,40.36,40.96,41.92
2772000,46.57,49.31,40.41,40.97,41.96
2773000,46.57,49.31,40.41,40.97,41.96
2774000,46.46,49.3,40.46,41.23,41.92
2775000,46.46,49.3,40.46,41.23,41.92
2776000,46.46,49.3,40.46,41.23,41.92
2777000,46.39,49.39,40.52,41.21,41.89
2778000,46.39,49.39,40.52,41.21,41.89
2779000,46.16,49.48,40.59,41.2,41.9
2780000,46.16,49.48,40.59,41.2,41.9
2781000,46.16,49.48,40.59,41.2,41.9
2782000,46.13,49.46,40.62,41.29,41.93
2783000,46.13,49.46,40.62,41.29,41.93
2784000,46.03,49.45,40.72,41.46,41.99
2785000,46.03,49.45,40.72,41.46,41.99
2786000,46.03,49.45,40.72,41.46,41.99
2787000,46.12,49.5,40.82,41.54,42.04
2788000,46.12,49.5,40.82,41.54,42.04
2789000,46.03,49.3,40.8,41.5,42.06
2790000,46.03,49.3,40.8,41.5,42.06
2791000,46.03,49.3,40.8,41.5,42.06
2792000,46.1,49.29,40.85,41.56,42.1
2793000,46.1,49.29,40.85,41.56,42.1
2794000,46.15,49.25,40.95,41.71,42.13
2795000,46.15,49.25,40.95,41.71,42.13
2796000,46.15,49.25,40.95,41.71,42.13
2797000,46.23,49.25,41.06,41.66,42.14
2798000,46.23,49.25,41.06,41.66,42.14
2799000,46.32,49.31,41.09,41.82,42.17
2800000,46.32,49.31,41.09,41.82,42.17
2801000,46.32,49.31,41.09,41.82,42.17
2802000,46.43,49.35,41.13,41.85,42.16
2803000,46.43,49.35,41.13,41.85,42.16
2804000,46.49,49.34,41.2,41.82,42.1
2805000,46.49,49.34,41.2,41.82,42.1
2806000,46.49,49.34,41.2,41.82,42.1
2807000,46.53,49.35,41.2,41.95,42.06
2808000,46.53,49.35,41.2,41.95,42.06
2809000,46.52,49.38,41.22,41.91,42.16
2810000,46.52,49.38,41.22,41.91,42.16
2811000,46.52,49.38,41.22,41.91,42.16
2812000,46.53,49.4,41.19,41.81,42.14
2813000,46.53,49.4,41.19,41.81,42.14
2814000,46.56,49.4,41.27,41.8,42.38
2815000,46.56,49.4,41.27,41.8,42.38
2816000,46.56,49.4,41.27,41.8,42.38
2817000,46.53,49.52,41.27,41.82,42.46
2818000,46.53,49.52,41.27,41.82,42.46
2819000,46.63,49.65,41.41,41.85,42.39
2820000,46.63,49.65,41.41,41.85,42.39
2821000,46.63,49.65,41.41,41.85,42.39
2822000,46.64,49.75,41.32,41.75,42.39
2823000,46.64,49.75,41.32,41.75,42.39
2824000,46.66,49.75,41.39,41.7,42.55
2825000,46.66,49.75,41.39,41.7,42.55
2826000,46.66,49.75,41.39,41.7,42.55
2827000,46.74,49.71,41.44,41.76,42.48
2828000,46.74,49.71,41.44,41.76,42.48
2829000,46.69,49.67,41.43,41.85,42.61
2830000,46.69,49.67,41.43,41.85,42.61
2831000,46.69,49.67,41.43,41.85,42.61
2832000,46.82,49.79,41.51,41.8,42.65
2833000,46.82,49.79,41.51,41.8,42.65
2834000,46.84,49.75,41.46,41.73,42.65
2835000,46.84,49.75,41.46,41.73,42.65
2836000,46.84,49.75,41.46,41.73,42.65
2837000,46.84,49.78,41.4,41.61,42.78
2838000,46.84,49.78,41.4,41.61,42.78
2839000,46.9,49.62,41.2,41.6,42.8
2840000,46.9,49.62,41.2,41.6,42.8
2841000,46.9,49.62,41.2,41.6,42.8
2842000,46.9,49.59,41.32,41.58,42.94
2843000,46.9,49.59,41.32,41.58,42.94
2844000,46.97,49.47,41.18,41.37,43.03
2845000,46.97,49.47,41.18,41.37,43.03
2846000,46.97,49.47,41.18,41.37,43.03
2847000,47.19,49.5,41.21,41.48,42.97
2848000,47.19,49.5,41.21,41.48,42.97
2849000,47.28,49.49,41.16,41.57,43.05
2850000,47.28,49.49,41.16,41.57,43.05
2851000,47.28,49.49,41.16,41.57,43.05
2852000,47.33,49.52,41.2,41.62,43.13
2853000,47.33,49.52,41.2,41.62,43.13
2854000,47.39,49.5,41.34,41.57,43.03
2855000,47.39,49.5,41.34,41.57,43.03
2856000,47.39,49.5,41.34,41.57,43.03
2857000,47.42,49.58,41.4,41.68,42.92
2858000,47.42,49.58,41.4,41.68,42.92
2859000,47.29,49.59,41.38,41.71,42.99
2860000,47.29,49.59,41.38,41.71,42.99
2861000,47.29,49.59,41.38,41.71,42.99
2862000,47.25,49.72,41.46,41.76,43.02
2863000,47.25,49.72,41.46,41.76,43.02
2864000,47.28,49.75,41.49,41.72,43.06
2865000,47.28,49.75,41.49,41.72,43.06
2866000,47.28,49.75,41.49,41.72,43.06
2867000,47.34,49.71,41.54,41.76,43.01
2868000,47.34,49.71,41.54,41.76,43.01
2869000,47.27,49.86,41.53,41.64,43.0
2870000,47.27,49.86,41.53,41.64,43.0
2871000,47.27,49.86,41.53,41.64,43.0
2872000,47.37,50.07,41.48,41.64,43.03
2873000,47.37,50.07,41.48,41.64,43.03
2874000,47.36,50.08,41.46,41.63,42.95
2875000,47.36,50.08,41.46,41.63,42.95
2876000,47.36,50.08,41.46,41.63,42.95
2877000,47.24,50.07,41.43,41.64,43.01
2878000,47.24,50.07,41.43,41.64,43.01
2879000,47.22,50.14,41.5,41.62,42.98
2880000,47.22,50.14,41.5,41.62,42.98
2881000,47.22,50.14,41.5,41.62,42.98
2882000,47.21,50.08,41.61,41.69,42.82
2883000,47.21,50.08,41.61,41.69,42.82
2884000,47.26,50.08,41.63,41.69,42.81
2885000,47.26,50.08,41.63,41.69,42.81
2886000,47.26,50.08,41.63,41.69,42.81
2887000,47.28,50.13,41.57,41.86,42.89
2888000,47.28,50.13,41.57,41.86,42.89
2889000,47.24,50.2,41.58,42.2,42.84
2890000,47.24,50.2,41.58,42.2,42.84
2891000,47.24,50.2,41.58,42.2,42.84
2892000,47.18,50.17,41.42,42.22,42.86
2893000,47.18,50.17,41.42,42.22,42.86
2894000,47.07,50.23,41.31,42.34,42.96
2895000,47.07,50.23,41.31,42.34,42.96
2896000,47.07,50.23,41.31,42.34,42.96
2897000,47.0,50.29,41.1,42.42,43.06
2898000,47.0,50.29,41.1,42.42,43.06
2899000,47.01,50.32,41.08,42.48,42.88
2900000,47.01,50.32,41.08,42.48,42.88
2901000,47.01,50.32,41.08,42.48,42.88
2902000,46.97,50.33,40.82,42.48,42.94
2903000,46.97,50.33,40.82,42.48,42.94
2904000,47.03,50.33,40.9,42.47,42.95
2905000,47.03,50.33,40.9,42.47,42.95
2906000,47.03,50.33,40.9,42.47,42.95
2907000,46.97,50.38,40.72,42.56,42.96
2908000,46.97,50.38,40.72,42.56,42.96
2909000,46.72,50.38,40.69,42.62,42.94
2910000,46.72,50.38,40.69,42.62,42.94
2911000,46.72,50.38,40.69,42.62,42.94
2912000,46.7,50.41,40.71,42.49,42.99
2913000,46.7,50.41,40.71,42.49,42.99
2914000,46.75,50.41,40.66,42.46,42.93
2915000,46.75,50.41,40.66,42.46,42.93
2916000,46.75,50.41,40.66,42.46,42.93
2917000,46.7,50.44,40.83,42.37,42.88
2918000,46.7,50.44,40.83,42.37,42.88
2919000,46.83,50.45,40.71,42.31,42.89
2920000,46.83,50.45,40.71,42.31,42.89
2921000,46.83,50.45,40.71,42.31,42.89
2922000,46.83,50.41,40.7,42.34,42.95
2923000,46.83,50.41,40.7,42.34,42.95
2924000,46.89,50.44,40.64,42.46,42.97
2925000,46.89,50.44,40.64,42.46,42.97
2926000,46.89,50.44,40.64,42.46,42.97
2927000,46.82,50.32,40.79,42.49,42.95
2928000,46.82,50.32,40.79,42.49,42.95
2929000,46.81,50.23,40.86,42.38,43.0
2930000,46.81,50.23,40.86,42.38,43.0
2931000,46.81,50.23,40.86,42.38,43.0
2932000,46.78,50.25,40.81,42.37,43.05
2933000,46.78,50.25,40.81,42.37,43.05
2934000,46.91,50.25,40.86,42.39,43.09
2935000,46.91,50.25,40.86,42.39,43.09
2936000,46.91,50.25,40.86,42.39,43.09
2937000,46.96,50.24,40.97,42.45,43.12
2938000,46.96,50.24,40.97,42.45,43.12
2939000,47.0,50.14,40.97,42.47,43.31
2940000,47.0,50.14,40.97,42.47,43.31
2941000,47.0,50.14,40.97,42.47,43.31
2942000,46.97,50.12,41.0,42.57,43.35
2943000,46.97,50.12,41.0,42.57,43.35
2944000,47.03,50.08,40.97,42.59,43.33
2945000,47.03,50.08,40.97,42.59,43.33
2946000,47.03,50.08,40.97,42.59,43.33
2947000,47.14,50.12,41.01,42.72,43.66
2948000,47.14,50.12,41.01,42.72,43.66
2949000,47.09,50.06,40.99,42.73,43.79
2950000,47.09,50.06,40.99,42.73,43.79
2951000,47.09,50.06,40.99,42.73,43.79
2952000,47.15,50.09,41.04,42.68,43.88
2953000,47.15,50.09,41.04,42.68,43.88
2954000,47.18,50.08,41.01,42.65,43.95
2955000,47.18,50.08,41.01,42.65,43.95
2956000,47.18,50.08,41.01,42.65,43.95
2957000,47.22,50.13,41.23,42.64,43.98
2958000,47.22,50.13,41.23,42.64,43.98
2959000,47.18,50.13,41.32,42.55,44.05
2960000,47.18,50.13,41.32,42.55,44.05
2961000,47.18,50.13,41.32,42.55,44.05
2962000,47.15,50.14,41.45,42.42,44.0
2963000,47.15,50.14,41.45,42.42,44.0
2964000,47.2,50.11,41.43,42.45,44.4
2965000,47.2,50.11,41.43,42.45,44.4
2966000,47.2,50.11,41.43,42.45,44.4
2967000,47.2,50.13,41.5,42.53,44.4
2968000,47.2,50.13,41.5,42.53,44.4
2969000,47.33,50.14,41.56,42.55,44.55
2970000,47.33,50.14,41.56,42.55,44.55
2971000,47.33,50.14,41.56,42.55,44.55
2972000,47.46,50.14,41.52,42.52,44.68
2973000,47.46,50.14,41.52,42.52,44.68
2974000,47.62,50.11,41.43,42.54,44.73
2975000,47.62,50.11,41.43,42.54,44.73
2976000,47.62,50.11,41.43,42.54,44.73
2977000,47.64,50.06,41.41,42.46,44.97
2978000,47.64,50.06,41.41,42.46,44.97
2979000,47.65,50.06,41.44,42.39,45.08
2980000,47.65,50.06,41.44,42.39,45.08
2981000,47.65,50.06,41.44,42.39,45.08
2982000,47.66,50.08,41.61,42.41,45.15
2983000,47.66,50.08,41.61,42.41,45.15
2984000,47.7,50.02,41.57,42.41,45.23
2985000,47.7,50.02,41.57,42.41,45.23
2986000,47.7,50.02,41.57,42.41,45.23
2987000,47.76,49.65,41.46,42.26,45.23
2988000,47.76,49.65,41.46,42.26,45.23
2989000,47.82,49.73,41.46,42.14,45.32
2990000,47.82,49.73,41.46,42.14,45.32
2991000,47.82,49.73,41.46,42.14,45.32
2992000,47.88,49.75,41.52,42.14,45.28
2993000,47.88,49.75,41.52,42.14,45.28
2994000,47.8,49.73,41.48,42.16,45.37
2995000,47.8,49.73,41.48,42.16,45.37
2996000,47.8,49.73,41.48,42.16,45.37
2997000,47.71,49.76,41.81,42.12,45.39
2998000,47.71,49.76,41.81,42.12,45.39
2999000,47.66,49.73,41.87,42.14,45.36
3000000,47.66,49.73,41.87,42.14,45.36
3001000,47.66,49.73,41.87,42.14,45.36
3002000,47.67,49.72,41.82,42.08,45.47
3003000,47.67,49.72,41.82,42.08,45.47
3004000,47.69,49.7,41.92,42.0,45.43
3005000,47.69,49.7,41.92,42.0,45.43
3006000,47.69,49.7,41.92,42.0,45.43
3007000,47.65,49.74,41.94,41.99,45.47
3008000,47.65,49.74,41.94,41.99,45.47
3009000,47.59,49.7,41.99,41.94,45.6
3010000,47.59,49.7,41.99,41.94,45.6
3011000,47.59,49.7,41.99,41.94,45.6
3012000,47.63,49.69,42.08,42.05,45.55
3013000,47.63,49.69,42.08,42.05,45.55
3014000,47.62,49.66,42.18,42.05,45.67
3015000,47.62,49.66,42.18,42.05,45.67
3016000,47.62,49.66,42.18,42.05,45.67
3017000,47.68,49.64,42.19,42.02,45.66
3018000,47.68,49.64,42.19,42.02,45.66
3019000,47.72,49.54,42.2,42.05,45.64
3020000,47.72,49.54,42.2,42.05,45.64
3021000,47.72,49.54,42.2,42.05,45.64
3022000,47.73,49.52,42.21,42.05,45.74
3023000,47.73,49.52,42.21,42.05,45.74
3024000,47.85,49.59,42.15,41.81,45.84
3025000,47.85,49.59,42.15,41.81,45.84
3026000,47.85,49.59,42.15,41.81,45.84
3027000,47.96,49.29,42.14,41.9,45.89
3028000,47.96,49.29,42.14,41.9,45.89
3029000,48.2,49.27,42.1,41.87,45.97
3030000,48.2,49.27,42.1,41.87,45.97
3031000,48.2,49.27,42.1,41.87,45.97
3032000,48.26,49.32,42.06,41.98,45.96
3033000,48.26,49.32,42.06,41.98,45.96
3034000,48.41,49.32,42.12,41.95,45.97
3035000,48.41,49.32,42.12,41.95,45.97
3036000,48.41,49.32,42.12,41.95,45.97
3037000,48.36,49.26,42.15,41.85,46.01
3038000,48.36,49.26,42.15,41.85,46.01
3039000,48.44,49.48,42.25,41.8,46.01
3040000,48.44,49.48,42.25,41.8,46.01
3041000,48.44,49.48,42.25,41.8,46.01
3042000,48.46,49.54,42.4,41.79,45.99
3043000,48.46,49.54,42.4,41.79,45.99
3044000,48.51,49.63,42.1,41.65,45.9
3045000,48.51,49.63,42.1,41.65,45.9
3046000,48.51,49.63,42.1,41.65,45.9
3047000,48.55,49.69,41.97,41.67,45.91
3048000,48.55,49.69,41.97,41.67,45.91
3049000,48.49,49.69,42.02,41.61,45.77
3050000,48.49,49.69,42.02,41.61,45.77
3051000,48.49,49.69,42.02,41.61,45.77
3052000,48.48,49.71,42.1,41.66,45.76
3053000,48.48,49.71,42.1,41.66,45.76
3054000,48.34,49.77,42.13,41.6,45.83
3055000,48.34,49.77,42.13,41.6,45.83
3056000,48.34,49.77,42.13,41.6,45.83
3057000,48.35,49.74,42.0,41.68,45.9
3058000,48.35,49.74,42.0,41.68,45.9
3059000,48.45,49.75,42.06,41.66,45.84
3060000,48.45,49.75,42.06,41.66,45.84
3061000,48.45,49.75,42.06,41.66,45.84
3062000,48.45,49.7,42.11,41.74,45.75
3063000,48.45,49.7,42.11,41.74,45.75
3064000,48.48,49.74,42.08,41.84,45.77
3065000,48.48,49.74,42.08,41.84,45.77
3066000,48.48,49.74,42.08,41.84,45.77
3067000,48.49,49.62,42.09,41.86,45.82
3068000,48.49,49.62,42.09,41.86,45.82
3069000,48.54,49.53,42.01,41.79,45.86
3070000,48.54,49.53,42.01,41.79,45.86
3071000,48.54,49.53,42.01,41.79,45.86
3072000,48.67,49.51,42.13,41.83,45.85
3073000,48.67,49.51,42.13,41.83,45.85
3074000,48.62,49.56,42.08,41.78,45.83
3075000,48.62,49.56,42.08,41.78,45.83
3076000,48.62,49.56,42.08,41.78,45.83
3077000,48.6,49.54,42.06,41.65,45.99
3078000,48.6,49.54,42.06,41.65,45.99
3079000,48.6,49.62,42.19,41.57,46.0
3080000,48.6,49.62,42.19,41.57,46.0
3081000,48.6,49.62,42.19,41.57,46.0
3082000,48.56,49.63,42.05,41.59,46.06
3083000,48.56,49.63,42.05,41.59,46.06
3084000,48.64,49.66,42.1,41.65,46.05
3085000,48.64,49.66,42.1,41.65,46.05
3086000,48.64,49.66,42.1,41.65,46.05
3087000,48.65,49.72,42.15,41.75,46.03
3088000,48.65,49.72,42.15,41.75,46.03
3089000,48.66,49.87,42.3,41.78,46.05
3090000,48.66,49.87,42.3,41.78,46.05
3091000,48.66,49.87,42.3,41.78,46.05
3092000,48.65,49.92,42.33,41.52,46.03
3093000,48.65,49.92,42.33,41.52,46.03
3094000,48.66,50.06,42.48,41.71,46.05
3095000,48.66,50.06,42.48,41.71,46.05
3096000,48.66,50.06,42.48,41.71,46.05
3097000,48.63,49.98,42.46,41.77,46.08
3098000,48.63,49.98,42.46,41.77,46.08
3099000,48.69,49.92,42.44,41.48,46.08
3100000,48.69,49.92,42.44,41.48,46.08
3101000,48.69,49.92,42.44,41.48,46.08
3102000,48.67,49.94,42.32,41.45,46.01
3103000,48.67,49.94,42.32,41.45,46.01
3104000,48.69,49.92,42.38,41.38,45.94
3105000,48.69,49.92,42.38,41.38,45.94
3106000,48.69,49.92,42.38,41.38,45.94
3107000,48.66,49.79,42.42,41.35,46.17
3108000,48.66,49.79,42.42,41.35,46.17
3109000,48.79,49.74,42.43,41.24,46.06
3110000,48.79,49.74,42.43,41.24,46.06
3111000,48.79,49.74,42.43,41.24,46.06
3112000,48.87,49.71,42.4,41.26,46.03
3113000,48.87,49.71,42.4,41.26,46.03
3114000,48.86,49.74,42.38,41.27,46.04
3115000,48.86,49.74,42.38,41.27,46.04
3116000,48.86,49.74,42.38,41.27,46.04
3117000,48.78,49.74,42.17,41.26,46.05
3118000,48.78,49.74,42.17,41.26,46.05
3119000,48.86,49.71,42.16,41.2,46.08
3120000,48.86,49.71,42.16,41.2,46.08
3121000,48.86,49.71,42.16,41.2,46.08
3122000,48.82,49.66,42.21,41.26,46.08
3123000,48.82,49.66,42.21,41.26,46.08
3124000,48.86,49.69,42.15,41.36,46.22
3125000,48.86,49.69,42.15,41.36,46.22
3126000,48.86,49.69,42.15,41.36,46.22
3127000,48.99,49.72,42.18,41.49,46.24
3128000,48.99,49.72,42.18,41.49,46.24
3129000,49.02,49.67,42.26,41.54,46.32
3130000,49.02,49.67,42.26,41.54,46.32
3131000,49.02,49.67,42.26,41.54,46.32
3132000,49.08,49.74,42.21,41.52,46.57
3133000,49.08,49.74,42.21,41.52,46.57
3134000,49.01,49.76,42.27,41.52,46.66
3135000,49.01,49.76,42.27,41.52,46.66
3136000,49.01,49.76,42.27,41.52,46.66
3137000,49.05,49.74,42.29,41.44,46.68
3138000,49.05,49.74,42.29,41.44,46.68
3139000,49.08,49.74,42.16,41.42,46.78
3140000,49.08,49.74,42.16,41.42,46.78
3141000,49.08,49.74,42.16,41.42,46.78
3142000,49.16,49.8,42.04,41.22,46.76
3143000,49.16,49.8,42.04,41.22,46.76
3144000,49.25,49.77,42.12,41.4,46.76
3145000,49.25,49.77,42.12,41.4,46.76
3146000,49.25,49.77,42.12,41.4,46.76
3147000,49.37,49.77,42.31,41.36,46.74
3148000,49.37,49.77,42.31,41.36,46.74
3149000,49.45,49.8,42.17,41.32,46.95
3150000,49.45,49.8,42.17,41.32,46.95
3151000,49.45,49.8,42.17,41.32,46.95
3152000,49.47,49.77,42.42,41.42,46.97
3153000,49.47,49.77,42.42,41.42,46.97
3154000,49.47,49.78,42.51,41.39,46.92
3155000,49.47,49.78,42.51,41.39,46.92
3156000,49.47,49.78,42.51,41.39,46.92
3157000,49.52,49.69,42.72,41.24,46.97
3158000,49.52,49.69,42.72,41.24,46.97
3159000,49.63,49.58,42.78,41.17,47.0
3160000,49.63,49.58,42.78,41.17,47.0
3161000,49.63,49.58,42.78,41.17,47.0
3162000,49.62,49.55,42.84,41.32,46.95
3163000,49.62,49.55,42.84,41.32,46.95
3164000,49.71,49.58,42.9,41.28,46.97
3165000,49.71,49.58,42.9,41.28,46.97
3166000,49.71,49.58,42.9,41.28,46.97
3167000,49.76,49.1,42.9,41.38,47.02
3168000,49.76,49.1,42.9,41.38,47.02
3169000,49.75,48.96,42.94,41.42,46.91
3170000,49.75,48.96,42.94,41.42,46.91
3171000,49.75,48.96,42.94,41.42,46.91
3172000,49.69,48.94,42.98,41.45,46.95
3173000,49.69,48.94,42.98,41.45,46.95
3174000,49.6,49.0,42.96,41.54,46.95
3175000,49.6,49.0,42.96,41.54,46.95
3176000,49.6,49.0,42.96,41.54,46.95
3177000,49.58,49.06,42.76,41.63,46.95
3178000,49.58,49.06,42.76,41.63,46.95
3179000,49.65,49.09,42.63,41.8,47.0
3180000,49.65,49.09,42.63,41.8,47.0
3181000,49.65,49.09,42.63,41.8,47.0
3182000,49.6,49.12,42.62,41.92,47.01
3183000,49.6,49.12,42.62,41.92,47.01
3184000,49.52,49.07,42.65,41.9,46.97
3185000,49.52,49.07,42.65,41.9,46.97
3186000,49.52,49.07,42.65,41.9,46.97
3187000,49.52,49.08,42.56,42.0,46.99
3188000,49.52,49.08,42.56,42.0,46.99
3189000,49.54,49.13,42.47,41.99,46.97
3190000,49.54,49.13,42.47,41.99,46.97
3191000,49.54,49.13,42.47,41.99,46.97
3192000,49.58,49.13,42.46,42.03,47.01
3193000,49.58,49.13,42.46,42.03,47.01
3194000,49.48,49.19,42.53,42.08,47.01
3195000,49.48,49.19,42.53,42.08,47.01
3196000,49.48,49.19,42.53,42.08,47.01
3197000,49.42,49.17,42.55,41.88,47.08
3198000,49.42,49.17,42.55,41.88,47.08
3199000,49.43,49.22,42.54,41.7,47.13
3200000,49.43,49.22,42.54,41.7,47.13
3201000,49.43,49.22,42.54,41.7,47.13
3202000,49.4,49.21,42.53,41.72,47.18
3203000,49.4,49.21,42.53,41.72,47.18
3204000,49.33,49.2,42.47,41.81,47.15
3205000,49.33,49.2,42.47,41.81,47.15
3206000,49.33,49.2,42.47,41.81,47.15
3207000,49.31,49.25,42.48,41.66,47.18
3208000,49.31,49.25,42.48,41.66,47.18
3209000,49.31,49.33,42.35,41.7,47.14
3210000,49.31,49.33,42.35,41.7,47.14
3211000,49.31,49.33,42.35,41.7,47.14
3212000,49.35,49.38,42.31,41.68,47.28
3213000,49.35,49.38,42.31,41.68,47.28
3214000,49.32,49.38,42.28,41.72,47.3
3215000,49.32,49.38,42.28,41.72,47.3
3216000,49.32,49.38,42.28,41.72,47.3
3217000,49.33,49.39,42.27,41.68,47.27
3218000,49.33,49.39,42.27,41.68,47.27
3219000,49.36,49.32,42.26,41.7,47.27
3220000,49.36,49.32,42.26,41.7,47.27
3221000,49.36,49.32,42.26,41.7,47.27
3222000,49.33,49.25,42.36,41.7,47.25
3223000,49.33,49.25,42.36,41.7,47.25
3224000,49.32,49.24,42.37,41.7,47.28
3225000,49.32,49.24,42.37,41.7,47.28
3226000,49.32,49.24,42.37,41.7,47.28
3227000,49.3,49.2,42.44,41.76,47.32
3228000,49.3,49.2,42.44,41.76,47.32
3229000,49.3,49.21,42.41,41.76,47.38
3230000,49.3,49.21,42.41,41.76,47.38
3231000,49.3,49.21,42.41,41.76,47.38
3232000,49.27,49.12,42.31,41.52,47.34
3233000,49.27,49.12,42.31,41.52,47.34
3234000,49.25,49.17,42.39,41.33,47.34
3235000,49.25,49.17,42.39,41.33,47.34
3236000,49.25,49.17,42.39,41.33,47.34
3237000,49.21,49.52,42.55,41.4,47.48
3238000,49.21,49.52,42.55,41.4,47.48
3239000,49.27,49.56,42.63,41.46,47.38
3240000,49.27,49.56,42.63,41.46,47.38
3241000,49.27,49.56,42.63,41.46,47.38
3242000,49.24,49.55,42.68,41.4,47.45
3243000,49.24,49.55,42.68,41.4,47.45
3244000,49.3,49.63,42.66,41.43,47.45
3245000,49.3,49.63,42.66,41.43,47.45
3246000,49.3,49.63,42.66,41.43,47.45
3247000,49.36,49.59,42.77,41.34,47.48
3248000,49.36,49.59,42.77,41.34,47.48
3249000,49.45,49.64,42.72,41.4,47.58
3250000,49.45,49.64,42.72,41.4,47.58
3251000,49.45,49.64,42.72,41.4,47.58
3252000,49.49,49.6,42.69,41.39,47.49
3253000,49.49,49.6,42.69,41.39,47.49
3254000,49.44,49.63,42.73,41.44,47.52
3255000,49.44,49.63,42.73,41.44,47.52
3256000,49.44,49.63,42.73,41.44,47.52
3257000,49.51,49.62,42.68,41.53,47.5
3258000,49.51,49.62,42.68,41.53,47.5
3259000,49.5,49.7,42.61,41.58,47.54
3260000,49.5,49.7,42.61,41.58,47.54
3261000,49.5,49.7,42.61,41.58,47.54
3262000,49.46,49.71,42.58,41.56,47.53
3263000,49.46,49.71,42.58,41.56,47.53
3264000,49.48,49.77,42.52,41.63,47.4
3265000,49.48,49.77,42.52,41.63,47.4
3266000,49.48,49.77,42.52,41.63,47.4
3267000,49.49,49.74,42.51,41.62,47.48
3268000,49.49,49.74,42.51,41.62,47.48
3269000,49.44,49.75,42.46,41.63,47.55
3270000,49.44,49.75,42.46,41.63,47.55
3271000,49.44,49.75,42.46,41.63,47.55
3272000,49.47,49.65,42.5,41.58,47.49
3273000,49.47,49.65,42.5,41.58,47.49
3274000,49.53,49.58,42.62,41.62,47.41
3275000,49.53,49.58,42.62,41.62,47.41
3276000,49.53,49.58,42.62,41.62,47.41
3277000,49.57,49.87,42.7,41.58,47.41
3278000,49.57,49.87,42.7,41.58,47.41
3279000,49.67,49.89,42.73,41.57,47.04
3280000,49.67,49.89,42.73,41.57,47.04
3281000,49.67,49.89,42.73,41.57,47.04
3282000,49.7,49.86,42.86,41.48,46.9
3283000,49.7,49.86,42.86,41.48,46.9
3284000,49.76,49.85,42.87,41.57,46.85
3285000,49.76,49.85,42.87,41.57,46.85
3286000,49.76,49.85,42.87,41.57,46.85
3287000,49.73,49.91,42.95,41.5,46.73
3288000,49.73,49.91,42.95,41.5,46.73
3289000,49.63,49.94,42.9,41.67,46.79
3290000,49.63,49.94,42.9,41.67,46.79
3291000,49.63,49.94,42.9,41.67,46.79
3292000,49.64,49.98,42.81,41.59,46.88
3293000,49.64,49.98,42.81,41.59,46.88
3294000,49.22,49.94,43.16,41.64,46.96
3295000,49.22,49.94,43.16,41.64,46.96
3296000,49.22,49.94,43.16,41.64,46.96
3297000,49.12,49.89,43.29,41.71,46.88
3298000,49.12,49.89,43.29,41.71,46.88
3299000,49.15,49.88,43.24,41.67,46.86
3300000,49.15,49.88,43.24,41.67,46.86
3301000,49.15,49.88,43.24,41.67,46.86
3302000,49.15,49.88,43.18,41.59,46.87
3303000,49.15,49.88,43.18,41.59,46.87
3304000,49.3,49.82,43.15,41.63,46.67
3305000,49.3,49.82,43.15,41.63,46.67
3306000,49.3,49.82,43.15,41.63,46.67
3307000,49.31,49.83,43.36,41.52,46.75
3308000,49.31,49.83,43.36,41.52,46.75
3309000,49.3,49.4,43.36,41.56,46.78
3310000,49.3,49.4,43.36,41.56,46.78
3311000,49.3,49.4,43.36,41.56,46.78
3312000,49.29,49.45,43.41,41.64,46.81
3313000,49.29,49.45,43.41,41.64,46.81
3314000,49.22,49.42,43.41,41.65,46.85
3315000,49.22,49.42,43.41,41.65,46.85
3316000,49.22,49.42,43.41,41.65,46.85
3317000,49.27,49.51,43.39,41.62,46.79
3318000,49.27,49.51,43.39,41.62,46.79
3319000,49.31,49.55,43.37,41.51,46.88
3320000,49.31,49.55,43.37,41.51,46.88
3321000,49.31,49.55,43.37,41.51,46.88
3322000,49.26,49.49,43.33,41.59,46.92
3323000,49.26,49.49,43.33,41.59,46.92
3324000,49.34,49.45,43.24,41.65,46.95
3325000,49.34,49.45,43.24,41.65,46.95
3326000,49.34,49.45,43.24,41.65,46.95
3327000,49.32,49.54,43.2,41.57,46.88
3328000,49.32,49.54,43.2,41.57,46.88
3329000,49.37,49.53,43.14,41.69,46.84
3330000,49.37,49.53,43.14,41.69,46.84
3331000,49.37,49.53,43.14,41.69,46.84
3332000,49.38,49.55,43.14,41.74,46.83
3333000,49.38,49.55,43.14,41.74,46.83
3334000,49.39,49.61,43.11,41.73,46.87
3335000,49.39,49.61,43.11,41.73,46.87
3336000,49.39,49.61,43.11,41.73,46.87
3337000,49.39,49.68,43.05,41.68,46.81
3338000,49.39,49.68,43.05,41.68,46.81
3339000,49.42,49.67,43.19,41.58,46.73
3340000,49.42,49.67,43.19,41.58,46.73
3341000,49.42,49.67,43.19,41.58,46.73
3342000,49.45,49.7,43.14,41.75,46.69
3343000,49.45,49.7,43.14,41.75,46.69
3344000,49.45,49.69,43.2,41.8,46.67
3345000,49.45,49.69,43.2,41.8,46.67
3346000,49.45,49.69,43.2,41.8,46.67
3347000,49.57,49.76,43.3,41.82,46.73
3348000,49.57,49.76,43.3,41.82,46.73
3349000,49.55,49.84,43.37,42.04,46.79
3350000,49.55,49.84,43.37,42.04,46.79
3351000,49.55,49.84,43.37,42.04,46.79
3352000,49.6,49.85,43.41,42.08,46.84
3353000,49.6,49.85,43.41,42.08,46.84
3354000,49.63,49.92,43.33,42.17,47.02
3355000,49.63,49.92,43.33,42.17,47.02
3356000,49.63,49.92,43.33,42.17,47.02
3357000,49.69,50.07,43.36,42.25,47.01
3358000,49.69,50.07,43.36,42.25,47.01
3359000,49.72,50.16,43.36,42.27,47.11
3360000,49.72,50.16,43.36,42.27,47.11
3361000,49.72,50.16,43.36,42.27,47.11
3362000,49.72,50.18,43.47,42.27,47.18
3363000,49.72,50.18,43.47,42.27,47.18
3364000,49.72,50.15,43.48,42.2,47.19
3365000,49.72,50.15,43.48,42.2,47.19
3366000,49.72,50.15,43.48,42.2,47.19
3367000,49.75,50.19,43.69,42.12,47.2
3368000,49.75,50.19,43.69,42.12,47.2
3369000,49.71,50.19,43.86,42.25,47.16
3370000,49.71,50.19,43.86,42.25,47.16
3371000,49.71,50.19,43.86,42.25,47.16
3372000,49.74,50.2,43.73,42.12,47.0
3373000,49.74,50.2,43.73,42.12,47.0
3374000,49.79,50.16,43.77,42.13,47.0
3375000,49.79,50.16,43.77,42.13,47.0
3376000,49.79,50.16,43.77,42.13,47.0
3377000,49.83,50.14,43.8,42.06,47.11
3378000,49.83,50.14,43.8,42.06,47.11
3379000,49.87,50.23,43.8,42.16,47.11
3380000,49.87,50.23,43.8,42.16,47.11
3381000,49.87,50.23,43.8,42.16,47.11
3382000,49.91,50.24,43.82,42.13,47.11
3383000,49.91,50.24,43.82,42.13,47.11
3384000,50.03,50.27,43.81,42.16,46.95
3385000,50.03,50.27,43.81,42.16,46.95
3386000,50.03,50.27,43.81,42.16,46.95
3387000,50.01,50.28,43.85,42.21,47.03
3388000,50.01,50.28,43.85,42.21,47.03
3389000,50.01,50.35,44.0,42.13,47.09
3390000,50.01,50.35,44.0,42.13,47.09
3391000,50.01,50.35,44.0,42.13,47.09
3392000,49.98,50.36,44.28,42.32,47.11
3393000,49.98,50.36,44.28,42.32,47.11
3394000,49.96,50.25,44.33,42.24,47.11
3395000,49.96,50.25,44.33,42.24,47.11
3396000,49.96,50.25,44.33,42.24,47.11
3397000,49.96,50.19,44.35,42.25,47.08
3398000,49.96,50.19,44.35,42.25,47.08
3399000,49.95,50.2,44.46,42.13,47.09
3400000,49.95,50.2,44.46,42.13,47.09
3401000,49.95,50.2,44.46,42.13,47.09
3402000,50.0,50.2,44.45,42.13,47.07
3403000,50.0,50.2,44.45,42.13,47.07
3404000,50.03,50.24,44.47,42.06,47.15
3405000,50.03,50.24,44.47,42.06,47.15
3406000,50.03,50.24,44.47,42.06,47.15
3407000,50.0,50.3,44.56,42.2,47.16
3408000,50.0,50.3,44.56,42.2,47.16
3409000,50.1,50.43,44.53,42.14,47.17
3410000,50.1,50.43,44.53,42.14,47.17
3411000,50.1,50.43,44.53,42.14,47.17
3412000,50.24,50.42,44.61,42.14,47.21
3413000,50.24,50.42,44.61,42.14,47.21
3414000,50.2,50.4,44.66,42.16,47.24
3415000,50.2,50.4,44.66,42.16,47.24
3416000,50.2,50.4,44.66,42.16,47.24
3417000,50.22,50.83,44.59,42.13,47.31
3418000,50.22,50.83,44.59,42.13,47.31
3419000,50.08,50.99,44.64,42.18,47.41
3420000,50.08,50.99,44.64,42.18,47.41
3421000,50.08,50.99,44.64,42.18,47.41
3422000,50.13,51.09,44.53,42.1,47.24
3423000,50.13,51.09,44.53,42.1,47.24
3424000,50.18,51.13,44.61,42.08,47.31
3425000,50.18,51.13,44.61,42.08,47.31
3426000,50.18,51.13,44.61,42.08,47.31
3427000,50.28,51.2,44.83,41.98,47.35
3428000,50.28,51.2,44.83,41.98,47.35
3429000,50.28,51.27,44.9,41.78,47.29
3430000,50.28,51.27,44.9,41.78,47.29
3431000,50.28,51.27,44.9,41.78,47.29
3432000,50.36,51.18,44.88,41.68,47.3
3433000,50.36,51.18,44.88,41.68,47.3
3434000,50.42,51.26,44.81,41.71,47.21
3435000,50.42,51.26,44.81,41.71,47.21
3436000,50.42,51.26,44.81,41.71,47.21
3437000,50.41,51.24,44.85,41.68,47.24
3438000,50.41,51.24,44.85,41.68,47.24
3439000,50.31,51.28,44.77,41.66,47.25
3440000,50.31,51.28,44.77,41.66,47.25
3441000,50.31,51.28,44.77,41.66,47.25
3442000,50.3,51.3,44.82,41.59,47.27
3443000,50.3,51.3,44.82,41.59,47.27
3444000,50.41,51.3,44.82,41.56,47.35
3445000,50.41,51.3,44.82,41.56,47.35
3446000,50.41,51.3,44.82,41.56,47.35
3447000,50.49,51.25,44.82,41.69,47.34
3448000,50.49,51.25,44.82,41.69,47.34
3449000,50.5,51.22,44.89,41.88,47.34
3450000,50.5,51.22,44.89,41.88,47.34
3451000,50.5,51.22,44.89,41.88,47.34
3452000,50.52,51.21,44.8,41.9,47.38
3453000,50.52,51.21,44.8,41.9,47.38
3454000,50.62,51.2,44.89,41.83,47.41
3455000,50.62,51.2,44.89,41.83,47.41
3456000,50.62,51.2,44.89,41.83,47.41
3457000,50.61,51.23,44.89,41.96,47.39
3458000,50.61,51.23,44.89,41.96,47.39
3459000,50.66,51.18,45.1,41.99,47.45
3460000,50.66,51.18,45.1,41.99,47.45
3461000,50.66,51.18,45.1,41.99,47.45
3462000,50.69,51.19,45.17,42.12,47.32
3463000,50.69,51.19,45.17,42.12,47.32
3464000,50.69,51.16,45.28,42.19,47.31
3465000,50.69,51.16,45.28,42.19,47.31
3466000,50.69,51.16,45.28,42.19,47.31
3467000,50.66,51.14,45.27,42.23,47.38
3468000,50.66,51.14,45.27,42.23,47.38
3469000,50.59,51.2,45.4,42.22,47.36
3470000,50.59,51.2,45.4,42.22,47.36
3471000,50.59,51.2,45.4,42.22,47.36
3472000,50.55,51.35,45.42,42.22,47.4
3473000,50.55,51.35,45.42,42.22,47.4
3474000,50.52,51.4,45.52,42.3,47.37
3475000,50.52,51.4,45.52,42.3,47.37
3476000,50.52,51.4,45.52,42.3,47.37
3477000,50.55,51.44,45.5,42.28,47.33
3478000,50.55,51.44,45.5,42.28,47.33
3479000,50.55,51.43,45.56,42.28,47.31
3480000,50.55,51.43,45.56,42.28,47.31
3481000,50.55,51.43,45.56,42.28,47.31
3482000,50.22,51.49,45.67,42.57,47.39
3483000,50.22,51.49,45.67,42.57,47.39
3484000,50.16,51.44,45.66,42.66,47.34
3485000,50.16,51.44,45.66,42.66,47.34
3486000,50.16,51.44,45.66,42.66,47.34
3487000,50.12,51.49,45.69,42.67,47.25
3488000,50.12,51.49,45.69,42.67,47.25
3489000,50.08,51.4,45.71,42.73,47.36
3490000,50.08,51.4,45.71,42.73,47.36
3491000,50.08,51.4,45.71,42.73,47.36
3492000,50.04,51.38,45.75,42.8,47.4
3493000,50.04,51.38,45.75,42.8,47.4
3494000,50.07,51.35,45.77,42.79,47.37
3495000,50.07,51.35,45.77,42.79,47.37
3496000,50.07,51.35,45.77,42.79,47.37
3497000,50.1,51.41,45.8,42.72,47.33
3498000,50.1,51.41,45.8,42.72,47.33
3499000,50.09,51.36,45.77,42.7,47.35
3500000,50.09,51.36,45.77,42.7,47.35
3501000,50.09,51.36,45.77,42.7,47.35
3502000,50.08,51.44,45.86,42.77,47.31
3503000,50.08,51.44,45.86,42.77,47.31
3504000,50.1,51.45,45.85,42.83,47.31
3505000,50.1,51.45,45.85,42.83,47.31
3506000,50.1,51.45,45.85,42.83,47.31
3507000,50.1,51.49,45.98,42.77,47.16
3508000,50.1,51.49,45.98,42.77,47.16
3509000,50.14,51.34,45.99,42.77,47.06
3510000,50.14,51.34,45.99,42.77,47.06
3511000,50.14,51.34,45.99,42.77,47.06
3512000,50.11,51.35,46.09,42.81,47.08
3513000,50.11,51.35,46.09,42.81,47.08
3514000,50.2,51.26,46.11,42.66,47.18
3515000,50.2,51.26,46.11,42.66,47.18
3516000,50.2,51.26,46.11,42.66,47.18
3517000,50.19,51.39,46.14,42.57,47.18
3518000,50.19,51.39,46.14,42.57,47.18
3519000,50.2,51.51,46.15,42.45,47.2
3520000,50.2,51.51,46.15,42.45,47.2
3521000,50.2,51.51,46.15,42.45,47.2
3522000,50.24,51.58,46.17,42.4,47.17
3523000,50.24,51.58,46.17,42.4,47.17
3524000,50.22,51.61,46.16,42.47,47.18
3525000,50.22,51.61,46.16,42.47,47.18
3526000,50.22,51.61,46.16,42.47,47.18
3527000,50.2,51.66,46.15,42.49,47.21
3528000,50.2,51.66,46.15,42.49,47.21
3529000,50.11,51.68,46.15,42.37,47.57
3530000,50.11,51.68,46.15,42.37,47.57
3531000,50.11,51.68,46.15,42.37,47.57
3532000,50.08,51.76,46.11,42.34,47.74
3533000,50.08,51.76,46.11,42.34,47.74
3534000,50.05,51.82,46.04,42.33,47.76
3535000,50.05,51.82,46.04,42.33,47.76
3536000,50.05,51.82,46.04,42.33,47.76
3537000,50.16,51.84,45.84,42.5,47.79
3538000,50.16,51.84,45.84,42.5,47.79
3539000,50.25,51.85,45.91,42.5,47.79
3540000,50.25,51.85,45.91,42.5,47.79
3541000,50.25,51.85,45.91,42.5,47.79
3542000,50.26,51.78,45.99,42.54,47.8
3543000,50.26,51.78,45.99,42.54,47.8
3544000,50.75,51.8,46.02,42.63,47.8
3545000,50.75,51.8,46.02,42.63,47.8
3546000,50.75,51.8,46.02,42.63,47.8
3547000,50.85,51.57,46.03,42.74,47.86
3548000,50.85,51.57,46.03,42.74,47.86
3549000,50.87,51.58,46.02,42.71,48.02
3550000,50.87,51.58,46.02,42.71,48.02
3551000,50.87,51.58,46.02,42.71,48.02
3552000,50.9,51.51,46.01,42.71,48.05
3553000,50.9,51.51,46.01,42.71,48.05
3554000,50.88,51.47,46.1,42.82,48.24
3555000,50.88,51.47,46.1,42.82,48.24
3556000,50.88,51.47,46.1,42.82,48.24
3557000,50.94,51.48,46.07,42.83,48.21
3558000,50.94,51.48,46.07,42.83,48.21
3559000,50.86,51.96,46.04,42.88,48.26
3560000,50.86,51.96,46.04,42.88,48.26
3561000,50.86,51.96,46.04,42.88,48.26
3562000,50.88,51.96,46.02,42.91,48.39
3563000,50.88,51.96,46.02,42.91,48.39
3564000,50.75,52.06,46.06,42.9,48.42
3565000,50.75,52.06,46.06,42.9,48.42
3566000,50.75,52.06,46.06,42.9,48.42
3567000,50.68,52.02,46.12,42.95,48.33
3568000,50.68,52.02,46.12,42.95,48.33
3569000,50.64,52.06,46.2,43.02,48.31
3570000,50.64,52.06,46.2,43.02,48.31
3571000,50.64,52.06,46.2,43.02,48.31
3572000,50.66,52.11,46.25,43.08,48.37
3573000,50.66,52.11,46.25,43.08,48.37
3574000,50.64,52.09,46.45,43.03,48.32
3575000,50.64,52.09,46.45,43.03,48.32
3576000,50.64,52.09,46.45,43.03,48.32
3577000,50.7,52.06,46.54,43.14,48.19
3578000,50.7,52.06,46.54,43.14,48.19
3579000,50.73,52.08,46.52,43.13,48.15
3580000,50.73,52.08,46.52,43.13,48.15
3581000,50.73,52.08,46.52,43.13,48.15
3582000,50.69,52.11,46.69,43.17,48.18
3583000,50.69,52.11,46.69,43.17,48.18
3584000,50.71,52.14,46.78,43.07,48.19
3585000,50.71,52.14,46.78,43.07,48.19
3586000,50.71,52.14,46.78,43.07,48.19
3587000,50.71,52.05,46.85,43.09,48.3
3588000,50.71,52.05,46.85,43.09,48.3
3589000,50.7,52.1,46.88,43.17,48.33
3590000,50.7,52.1,46.88,43.17,48.33
3591000,50.7,52.1,46.88,43.17,48.33
3592000,50.73,52.14,46.93,43.2,48.35
3593000,50.73,52.14,46.93,43.2,48.35
3594000,50.76,52.19,46.95,43.07,48.44
3595000,50.76,52.19,46.95,43.07,48.44
3596000,50.76,52.19,46.95,43.07,48.44
3597000,50.77,52.16,46.98,43.03,48.39
3598000,50.77,52.16,46.98,43.03,48.39
3599000,50.77,52.19,46.97,43.04,48.37
3600000,50.77,52.19,46.97,43.04,48.37
3601000,50.77,52.19,46.97,43.04,48.37
3602000,50.76,52.15,47.05,43.05,48.02
3603000,50.76,52.15,47.05,43.05,48.02
3604000,50.66,52.16,47.03,43.09,47.97
3605000,50.66,52.16,47.03,43.09,47.97
3606000,50.66,52.16,47.03,43.09,47.97
3607000,50.69,52.09,47.08,42.88,47.82
3608000,50.69,52.09,47.08,42.88,47.82
3609000,50.76,52.1,47.09,42.93,47.82
3610000,50.76,52.1,47.09,42.93,47.82
3611000,50.76,52.1,47.09,42.93,47.82
3612000,50.78,52.18,47.05,42.91,47.74
3613000,50.78,52.18,47.05,42.91,47.74
3614000,50.8,52.14,47.04,42.85,47.77
3615000,50.8,52.14,47.04,42.85,47.77
3616000,50.8,52.14,47.04,42.85,47.77
3617000,50.78,52.18,46.99,42.89,47.79
3618000,50.78,52.18,46.99,42.89,47.79
3619000,50.86,52.2,46.96,42.85,47.84
3620000,50.86,52.2,46.96,42.85,47.84
3621000,50.86,52.2,46.96,42.85,47.84
3622000,50.82,52.15,47.1,43.01,48.0
3623000,50.82,52.15,47.1,43.01,48.0
3624000,50.75,52.12,47.17,42.89,48.08
3625000,50.75,52.12,47.17,42.89,48.08
3626000,50.75,52.12,47.17,42.89,48.08
3627000,50.66,52.11,47.12,42.99,48.12
3628000,50.66,52.11,47.12,42.99,48.12
3629000,50.67,52.11,47.09,42.92,48.13
3630000,50.67,52.11,47.09,42.92,48.13
3631000,50.67,52.11,47.09,42.92,48.13
3632000,50.61,52.13,47.21,42.84,48.16
3633000,50.61,52.13,47.21,42.84,48.16
3634000,50.55,52.12,47.2,42.85,48.17
3635000,50.55,52.12,47.2,42.85,48.17
3636000,50.55,52.12,47.2,42.85,48.17
3637000,50.14,52.12,47.31,42.82,48.07
3638000,50.14,52.12,47.31,42.82,48.07
3639000,50.04,52.01,47.28,42.79,48.07
3640000,50.04,52.01,47.28,42.79,48.07
3641000,50.04,52.01,47.28,42.79,48.07
3642000,50.02,52.01,47.34,42.73,48.12
3643000,50.02,52.01,47.34,42.73,48.12
3644000,49.98,52.03,47.38,42.69,48.15
3645000,49.98,52.03,47.38,42.69,48.15
3646000,49.98,52.03,47.38,42.69,48.15
3647000,49.98,52.04,47.46,42.63,48.2
3648000,49.98,52.04,47.46,42.63,48.2
3649000,49.97,52.02,47.59,42.74,48.25
3650000,49.97,52.02,47.59,42.74,48.25
3651000,49.97,52.02,47.59,42.74,48.25
3652000,49.89,52.04,47.63,42.62,48.21
3653000,49.89,52.04,47.63,42.62,48.21
3654000,49.87,52.07,47.68,42.62,48.18
3655000,49.87,52.07,47.68,42.62,48.18
3656000,49.87,52.07,47.68,42.62,48.18
3657000,49.9,52.07,47.65,42.56,48.15
3658000,49.9,52.07,47.65,42.56,48.15
3659000,49.93,51.97,47.66,42.68,48.11
3660000,49.93,51.97,47.66,42.68,48.11
3661000,49.93,51.97,47.66,42.68,48.11
3662000,49.92,51.96,47.65,42.69,48.11
3663000,49.92,51.96,47.65,42.69,48.11
3664000,49.93,51.93,47.54,42.71,48.07
3665000,49.93,51.93,47.54,42.71,48.07
3666000,49.93,51.93,47.54,42.71,48.07
3667000,49.97,51.9,47.66,42.69,48.02
3668000,49.97,51.9,47.66,42.69,48.02
3669000,50.1,51.95,47.77,42.63,48.03
3670000,50.1,51.95,47.77,42.63,48.03
3671000,50.1,51.95,47.77,42.63,48.03
3672000,50.15,51.9,47.93,42.63,48.24
3673000,50.15,51.9,47.93,42.63,48.24
3674000,50.13,51.89,47.96,42.67,48.22
3675000,50.13,51.89,47.96,42.67,48.22
3676000,50.13,51.89,47.96,42.67,48.22
3677000,50.09,51.87,48.0,42.7,48.27
3678000,50.09,51.87,48.0,42.7,48.27
3679000,50.1,51.83,48.04,42.85,48.2
3680000,50.1,51.83,48.04,42.85,48.2
3681000,50.1,51.83,48.04,42.85,48.2
3682000,50.14,51.92,48.23,42.84,48.19
3683000,50.14,51.92,48.23,42.84,48.19
3684000,50.15,51.87,48.31,42.87,48.17
3685000,50.15,51.87,48.31,42.87,48.17
3686000,50.15,51.87,48.31,42.87,48.17
3687000,50.17,51.9,48.37,42.88,48.16
3688000,50.17,51.9,48.37,42.88,48.16
3689000,50.22,51.92,48.59,42.88,48.15
3690000,50.22,51.92,48.59,42.88,48.15
3691000,50.22,51.92,48.59,42.88,48.15
3692000,50.29,51.88,48.62,42.87,48.13
3693000,50.29,51.88,48.62,42.87,48.13
3694000,50.31,51.77,48.68,42.89,48.09
3695000,50.31,51.77,48.68,42.89,48.09
3696000,50.31,51.77,48.68,42.89,48.09
3697000,50.33,51.78,48.77,42.97,48.07
3698000,50.33,51.78,48.77,42.97,48.07
3699000,50.32,51.79,48.73,42.84,48.05
3700000,50.32,51.79,48.73,42.84,48.05
3701000,50.32,51.79,48.73,42.84,48.05
3702000,50.33,51.72,48.89,42.8,48.08
3703000,50.33,51.72,48.89,42.8,48.08
3704000,50.33,51.73,48.95,42.85,48.08
3705000,50.33,51.73,48.95,42.85,48.08
3706000,50.33,51.73,48.95,42.85,48.08
3707000,50.35,51.73,48.98,42.88,47.95
3708000,50.35,51.73,48.98,42.88,47.95
3709000,50.3,51.74,48.95,42.91,47.8
3710000,50.3,51.74,48.95,42.91,47.8
3711000,50.3,51.74,48.95,42.91,47.8
3712000,50.23,51.67,48.99,42.68,47.96
3713000,50.23,51.67,48.99,42.68,47.96
3714000,50.21,51.73,48.96,42.59,48.01
3715000,50.21,51.73,48.96,42.59,48.01
3716000,50.21,51.73,48.96,42.59,48.01
3717000,50.25,51.78,49.05,42.51,48.03
3718000,50.25,51.78,49.05,42.51,48.03
3719000,50.36,51.85,49.04,42.48,47.99
3720000,50.36,51.85,49.04,42.48,47.99
3721000,50.36,51.85,49.04,42.48,47.99
3722000,50.41,51.8,49.1,42.41,48.03
3723000,50.41,51.8,49.1,42.41,48.03
3724000,50.46,51.79,49.15,42.29,47.98
3725000,50.46,51.79,49.15,42.29,47.98
3726000,50.46,51.79,49.15,42.29,47.98
3727000,50.4,51.83,49.13,42.3,48.01
3728000,50.4,51.83,49.13,42.3,48.01
3729000,50.42,51.84,49.21,42.33,48.07
3730000,50.42,51.84,49.21,42.33,48.07
3731000,50.42,51.84,49.21,42.33,48.07
3732000,50.78,51.88,49.2,42.33,47.95
3733000,50.78,51.88,49.2,42.33,47.95
3734000,50.88,51.96,49.28,42.35,47.96
3735000,50.88,51.96,49.28,42.35,47.96
3736000,50.88,51.96,49.28,42.35,47.96
3737000,50.93,51.93,49.32,42.28,47.98
3738000,50.93,51.93,49.32,42.28,47.98
3739000,50.92,51.96,49.21,42.28,47.86
3740000,50.92,51.96,49.21,42.28,47.86
3741000,50.92,51.96,49.21,42.28,47.86
3742000,50.97,51.98,49.24,42.25,47.82
3743000,50.97,51.98,49.24,42.25,47.82
3744000,50.99,52.02,49.27,42.27,47.77
3745000,50.99,52.02,49.27,42.27,47.77
3746000,50.99,52.02,49.27,42.27,47.77
3747000,50.97,52.01,49.18,42.36,47.73
3748000,50.97,52.01,49.18,42.36,47.73
3749000,50.89,52.04,49.26,42.3,47.66
3750000,50.89,52.04,49.26,42.3,47.66
3751000,50.89,52.04,49.26,42.3,47.66
3752000,50.87,52.0,49.36,42.25,47.75
3753000,50.87,52.0,49.36,42.25,47.75
3754000,50.84,52.02,49.41,42.27,47.84
3755000,50.84,52.02,49.41,42.27,47.84
3756000,50.84,52.02,49.41,42.27,47.84
3757000,50.78,51.96,49.42,42.36,47.85
3758000,50.78,51.96,49.42,42.36,47.85
3759000,50.78,51.96,49.42,42.36,47.85
3760000,50.79,52.08,49.49,42.37,47.91
3761000,50.79,52.08,49.49,42.37,47.91
3762000,50.77,52.14,49.52,42.39,47.81
3763000,50.77,52.14,49.52,42.39,47.81
3764000,50.77,52.14,49.52,42.39,47.81
3765000,50.73,52.12,49.51,42.59,47.74
3766000,50.73,52.12,49.51,42.59,47.74
3767000,50.74,52.09,49.5,42.66,47.67
3768000,50.74,52.09,49.5,42.66,47.67
3769000,50.74,52.09,49.5,42.66,47.67
3770000,50.79,52.02,49.58,42.68,47.69
3771000,50.79,52.02,49.58,42.68,47.69
3772000,50.78,52.04,49.61,42.69,47.76
3773000,50.78,52.04,49.61,42.69,47.76
3774000,50.78,52.04,49.61,42.69,47.76
3775000,50.8,52.04,49.64,42.68,47.8
3776000,50.8,52.04,49.64,42.68,47.8
3777000,50.81,52.01,49.73,42.63,47.8
3778000,50.81,52.01,49.73,42.63,47.8
3779000,50.81,52.01,49.73,42.63,47.8
3780000,50.87,52.04,49.72,42.8,47.76
3781000,50.87,52.04,49.72,42.8,47.76
3782000,50.91,51.99,49.78,42.81,47.61
3783000,50.91,51.99,49.78,42.81,47.61
3784000,50.91,51.99,49.78,42.81,47.61
3785000,50.95,52.01,49.9,42.71,47.7
3786000,50.95,52.01,49.9,42.71,47.7
3787000,50.91,52.0,50.12,42.66,47.78
3788000,50.91,52.0,50.12,42.66,47.78
3789000,50.91,52.0,50.12,42.66,47.78
3790000,50.92,52.02,50.15,42.27,47.81
3791000,50.92,52.02,50.15,42.27,47.81
3792000,50.95,52.06,50.18,42.29,47.79
3793000,50.95,52.06,50.18,42.29,47.79
3794000,50.95,52.06,50.18,42.29,47.79
3795000,50.87,52.04,50.22,42.24,47.71
3796000,50.87,52.04,50.22,42.24,47.71
3797000,50.86,52.3,50.12,42.22,47.75
3798000,50.86,52.3,50.12,42.22,47.75
3799000,50.86,52.3,50.12,42.22,47.75
3800000,50.87,52.2,50.21,42.35,47.78
3801000,50.87,52.2,50.21,42.35,47.78
3802000,50.85,52.26,50.32,42.44,47.76
3803000,50.85,52.26,50.32,42.44,47.76
3804000,50.85,52.26,50.32,42.44,47.76
3805000,50.87,52.35,50.28,42.25,47.76
3806000,50.87,52.35,50.28,42.25,47.76
3807000,50.86,52.21,50.34,42.21,47.74
3808000,50.86,52.21,50.34,42.21,47.74
3809000,50.86,52.21,50.34,42.21,47.74
3810000,50.92,52.11,50.47,42.26,47.69
3811000,50.92,52.11,50.47,42.26,47.69
3812000,50.94,52.09,50.47,42.22,47.74
3813000,50.94,52.09,50.47,42.22,47.74
3814000,50.94,52.09,50.47,42.22,47.74
3815000,51.13,51.97,50.49,42.15,47.72
3816000,51.13,51.97,50.49,42.15,47.72
3817000,51.24,51.95,50.52,42.06,47.88
3818000,51.24,51.95,50.52,42.06,47.88
3819000,51.24,51.95,50.52,42.06,47.88
3820000,51.28,51.88,50.59,42.16,47.74
3821000,51.28,51.88,50.59,42.16,47.74
3822000,51.28,51.83,50.62,42.14,47.63
3823000,51.28,51.83,50.62,42.14,47.63
3824000,51.28,51.83,50.62,42.14,47.63
3825000,51.33,51.88,50.55,42.24,47.65
3826000,51.33,51.88,50.55,42.24,47.65
3827000,51.2,51.81,50.55,42.29,47.8
3828000,51.2,51.81,50.55,42.29,47.8
3829000,51.2,51.81,50.55,42.29,47.8
3830000,51.17,51.81,50.61,42.29,47.91
3831000,51.17,51.81,50.61,42.29,47.91
3832000,51.04,51.78,50.58,42.09,47.98
3833000,51.04,51.78,50.58,42.09,47.98
3834000,51.04,51.78,50.58,42.09,47.98
3835000,50.97,51.75,50.62,42.19,47.95
3836000,50.97,51.75,50.62,42.19,47.95
3837000,50.98,51.74,50.66,42.1,47.92
3838000,50.98,51.74,50.66,42.1,47.92
3839000,50.98,51.74,50.66,42.1,47.92
3840000,50.88,51.7,50.71,41.89,47.96
3841000,50.88,51.7,50.71,41.89,47.96
3842000,50.86,51.67,50.75,41.88,48.02
3843000,50.86,51.67,50.75,41.88,48.02
3844000,50.86,51.67,50.75,41.88,48.02
3845000,50.9,51.67,50.79,41.88,48.02
3846000,50.9,51.67,50.79,41.88,48.02
3847000,50.82,51.73,50.82,41.86,48.01
3848000,50.82,51.73,50.82,41.86,48.01
3849000,50.82,51.73,50.82,41.86,48.01
3850000,50.85,51.79,50.91,41.87,47.89
3851000,50.85,51.79,50.91,41.87,47.89
3852000,50.82,51.81,50.93,41.86,47.88
3853000,50.82,51.81,50.93,41.86,47.88
3854000,50.82,51.81,50.93,41.86,47.88
3855000,50.9,51.66,51.03,41.81,47.89
3856000,50.9,51.66,51.03,41.81,47.89
3857000,50.92,51.68,50.97,41.82,48.05
3858000,50.92,51.68,50.97,41.82,48.05
3859000,50.92,51.68,50.97,41.82,48.05
3860000,50.92,51.7,51.06,41.81,48.07
3861000,50.92,51.7,51.06,41.81,48.07
3862000,50.91,51.64,51.11,41.84,48.09
3863000,50.91,51.64,51.11,41.84,48.09
3864000,50.91,51.64,51.11,41.84,48.09
3865000,50.88,51.62,51.25,41.84,48.09
3866000,50.88,51.62,51.25,41.84,48.09
3867000,50.9,51.55,51.38,41.81,48.15
3868000,50.9,51.55,51.38,41.81,48.15
3869000,50.9,51.55,51.38,41.81,48.15
3870000,50.87,51.48,51.41,41.84,48.17
3871000,50.87,51.48,51.41,41.84,48.17
3872000,50.89,51.47,51.35,41.83,48.14
3873000,50.89,51.47,51.35,41.83,48.14
3874000,50.89,51.47,51.35,41.83,48.14
3875000,51.0,51.6,51.39,41.89,48.09
3876000,51.0,51.6,51.39,41.89,48.09
3877000,51.09,51.65,51.54,41.83,48.12
3878000,51.09,51.65,51.54,41.83,48.12
3879000,51.09,51.65,51.54,41.83,48.12
3880000,51.09,51.64,51.61,41.87,48.03
3881000,51.09,51.64,51.61,41.87,48.03
3882000,51.2,51.61,51.61,42.05,47.96
3883000,51.2,51.61,51.61,42.05,47.96
3884000,51.2,51.61,51.61,42.05,47.96
3885000,51.21,51.62,51.65,42.02,48.1
3886000,51.21,51.62,51.65,42.02,48.1
3887000,51.7,51.67,51.63,42.09,48.13
3888000,51.7,51.67,51.63,42.09,48.13
3889000,51.7,51.67,51.63,42.09,48.13
3890000,51.88,51.73,51.73,42.04,48.15
3891000,51.88,51.73,51.73,42.04,48.15
3892000,51.88,51.78,51.7,42.0,48.1
3893000,51.88,51.78,51.7,42.0,48.1
3894000,51.88,51.78,51.7,42.0,48.1
3895000,51.95,51.86,51.62,42.03,48.06
3896000,51.95,51.86,51.62,42.03,48.06
3897000,52.08,51.95,51.57,42.16,48.13
3898000,52.08,51.95,51.57,42.16,48.13
3899000,52.08,51.95,51.57,42.16,48.13
3900000,52.13,51.98,51.63,42.15,48.12
3901000,52.13,51.98,51.63,42.15,48.12
3902000,52.28,51.99,51.68,42.27,48.23
3903000,52.28,51.99,51.68,42.27,48.23
3904000,52.28,51.99,51.68,42.27,48.23
3905000,52.34,51.94,51.64,42.42,48.2
3906000,52.34,51.94,51.64,42.42,48.2
3907000,52.36,51.92,51.66,42.38,48.2
3908000,52.36,51.92,51.66,42.38,48.2
3909000,52.36,51.92,51.66,42.38,48.2
3910000,52.32,51.99,51.75,42.3,48.16
3911000,52.32,51.99,51.75,42.3,48.16
3912000,52.3,52.04,51.75,42.25,48.12
3913000,52.3,52.04,51.75,42.25,48.12
3914000,52.3,52.04,51.75,42.25,48.12
3915000,52.3,52.08,51.92,42.28,48.17
3916000,52.3,52.08,51.92,42.28,48.17
3917000,52.25,52.17,51.96,42.34,48.27
3918000,52.25,52.17,51.96,42.34,48.27
3919000,52.25,52.17,51.96,42.34,48.27
3920000,52.29,52.14,51.97,42.34,48.29
3921000,52.29,52.14,51.97,42.34,48.29
3922000,52.25,52.15,51.95,42.37,48.25
3923000,52.25,52.15,51.95,42.37,48.25
3924000,52.25,52.15,51.95,42.37,48.25
3925000,52.31,52.12,51.96,42.34,48.31
3926000,52.31,52.12,51.96,42.34,48.31
3927000,52.14,52.15,52.02,42.38,48.28
3928000,52.14,52.15,52.02,42.38,48.28
3929000,52.14,52.15,52.02,42.38,48.28
3930000,52.09,52.14,52.09,42.37,48.36
3931000,52.09,52.14,52.09,42.37,48.36
3932000,52.03,52.12,52.07,42.44,48.36
3933000,52.03,52.12,52.07,42.44,48.36
3934000,52.03,52.12,52.07,42.44,48.36
3935000,52.03,52.11,52.1,42.46,48.55
3936000,52.03,52.11,52.1,42.46,48.55
3937000,52.03,52.06,52.08,42.45,48.6
3938000,52.03,52.06,52.08,42.45,48.6
3939000,52.03,52.06,52.08,42.45,48.6
3940000,52.05,52.05,52.09,42.35,48.38
3941000,52.05,52.05,52.09,42.35,48.38
3942000,51.97,52.01,52.01,42.42,48.37
3943000,51.97,52.01,52.01,42.42,48.37
3944000,51.97,52.01,52.01,42.42,48.37
3945000,51.95,52.06,52.03,42.49,48.31
3946000,51.95,52.06,52.03,42.49,48.31
3947000,51.96,52.12,52.11,42.42,48.35
3948000,51.96,52.12,52.11,42.42,48.35
3949000,51.96,52.12,52.11,42.42,48.35
3950000,52.01,52.14,52.19,42.49,48.33
3951000,52.01,52.14,52.19,42.49,48.33
3952000,52.0,52.23,52.23,42.51,48.22
3953000,52.0,52.23,52.23,42.51,48.22
3954000,52.0,52.23,52.23,42.51,48.22
3955000,51.96,52.19,52.26,42.52,48.16
3956000,51.96,52.19,52.26,42.52,48.16
3957000,51.92,52.2,52.33,42.5,48.27
3958000,51.92,52.2,52.33,42.5,48.27
3959000,51.92,52.2,52.33,42.5,48.27
3960000,51.99,52.19,52.33,42.46,48.42
3961000,51.99,52.19,52.33,42.46,48.42
3962000,52.1,52.26,52.32,42.72,48.43
3963000,52.1,52.26,52.32,42.72,48.43
3964000,52.1,52.26,52.32,42.72,48.43
3965000,52.15,52.26,52.33,42.63,48.38
3966000,52.15,52.26,52.33,42.63,48.38
3967000,52.18,52.26,52.3,42.68,48.41
3968000,52.18,52.26,52.3,42.68,48.41
3969000,52.18,52.26,52.3,42.68,48.41
3970000,52.18,52.18,52.32,42.67,48.46
3971000,52.18,52.18,52.32,42.67,48.46
3972000,52.2,52.19,52.25,42.73,48.44
3973000,52.2,52.19,52.25,42.73,48.44
3974000,52.2,52.19,52.25,42.73,48.44
3975000,52.19,52.22,52.12,42.78,48.57
3976000,52.19,52.22,52.12,42.78,48.57
3977000,52.24,52.24,52.18,42.79,48.51
3978000,52.24,52.24,52.18,42.79,48.51
3979000,52.24,52.24,52.18,42.79,48.51
3980000,52.26,52.28,52.19,42.84,48.43
3981000,52.26,52.28,52.19,42.84,48.43
3982000,52.26,52.23,52.24,42.81,48.51
3983000,52.26,52.23,52.24,42.81,48.51
3984000,52.26,52.23,52.24,42.81,48.51
3985000,52.21,52.22,52.28,42.69,48.53
3986000,52.21,52.22,52.28,42.69,48.53
3987000,52.19,52.27,52.28,42.82,48.54
3988000,52.19,52.27,52.28,42.82,48.54
3989000,52.19,52.27,52.28,42.82,48.54
3990000,52.23,52.28,52.5,42.81,48.64
3991000,52.23,52.28,52.5,42.81,48.64
3992000,52.29,51.82,52.49,42.85,48.72
3993000,52.29,51.82,52.49,42.85,48.72
3994000,52.29,51.82,52.49,42.85,48.72
3995000,52.31,51.7,52.56,42.77,48.79
3996000,52.31,51.7,52.56,42.77,48.79
3997000,52.36,51.65,52.63,42.84,48.84
3998000,52.36,51.65,52.63,42.84,48.84
3999000,52.36,51.65,52.63,42.84,48.84
4000000,52.44,51.55,52.68,42.92,48.84
4001000,52.44,51.55,52.68,42.92,48.84
4002000,52.54,51.51,52.71,42.97,48.79
4003000,52.54,51.51,52.71,42.97,48.79
4004000,52.54,51.51,52.71,42.97,48.79
4005000,52.63,51.42,52.71,42.9,48.61
4006000,52.63,51.42,52.71,42.9,48.61
4007000,52.7,51.32,52.69,42.77,48.7
4008000,52.7,51.32,52.69,42.77,48.7
4009000,52.7,51.32,52.69,42.77,48.7
4010000,52.71,51.32,52.65,42.78,48.69
4011000,52.71,51.32,52.65,42.78,48.69
4012000,52.75,51.27,52.64,42.82,48.8
4013000,52.75,51.27,52.64,42.82,48.8
4014000,52.75,51.27,52.64,42.82,48.8
4015000,52.76,51.34,52.68,42.81,48.9
4016000,52.76,51.34,52.68,42.81,48.9
4017000,52.76,51.33,52.71,42.86,48.82
4018000,52.76,51.33,52.71,42.86,48.82
4019000,52.76,51.33,52.71,42.86,48.82
4020000,52.78,51.31,52.71,42.95,48.79
4021000,52.78,51.31,52.71,42.95,48.79
4022000,52.83,51.33,52.68,43.04,48.77
4023000,52.83,51.33,52.68,43.04,48.77
4024000,52.83,51.33,52.68,43.04,48.77
4025000,52.81,51.33,52.71,43.15,48.75
4026000,52.81,51.33,52.71,43.15,48.75
4027000,52.79,51.28,52.72,43.26,48.75
4028000,52.79,51.28,52.72,43.26,48.75
4029000,52.79,51.28,52.72,43.26,48.75
4030000,52.79,51.2,52.75,43.25,48.77
4031000,52.79,51.2,52.75,43.25,48.77
4032000,52.81,51.21,52.67,43.35,48.97
4033000,52.81,51.21,52.67,43.35,48.97
4034000,52.81,51.21,52.67,43.35,48.97
4035000,52.85,51.16,52.64,43.47,49.0
4036000,52.85,51.16,52.64,43.47,49.0
4037000,52.87,51.16,52.63,43.54,48.96
4038000,52.87,51.16,52.63,43.54,48.96
4039000,52.87,51.16,52.63,43.54,48.96
4040000,52.82,51.22,52.61,43.92,48.91
4041000,52.82,51.22,52.61,43.92,48.91
4042000,52.84,51.22,52.64,43.79,48.87
4043000,52.84,51.22,52.64,43.79,48.87
4044000,52.84,51.22,52.64,43.79,48.87
4045000,52.91,51.25,52.65,43.81,48.91
4046000,52.91,51.25,52.65,43.81,48.91
4047000,52.96,51.27,52.74,43.77,48.87
4048000,52.96,51.27,52.74,43.77,48.87
4049000,52.96,51.27,52.74,43.77,48.87
4050000,53.02,51.4,52.74,43.73,48.85
4051000,53.02,51.4,52.74,43.73,48.85
4052000,52.83,51.33,52.69,43.65,48.91
4053000,52.83,51.33,52.69,43.65,48.91
4054000,52.83,51.33,52.69,43.65,48.91
4055000,52.78,51.31,52.74,43.74,48.95
4056000,52.78,51.31,52.74,43.74,48.95
4057000,52.75,51.25,52.74,43.78,48.99
4058000,52.75,51.25,52.74,43.78,48.99
4059000,52.75,51.25,52.74,43.78,48.99
4060000,52.73,51.25,52.72,43.78,48.94
4061000,52.73,51.25,52.72,43.78,48.94
4062000,52.72,51.07,52.8,43.8,48.82
4063000,52.72,51.07,52.8,43.8,48.82
4064000,52.72,51.07,52.8,43.8,48.82
4065000,52.74,51.11,52.86,43.84,48.83
4066000,52.74,51.11,52.86,43.84,48.83
4067000,52.7,51.1,52.77,43.93,48.81
4068000,52.7,51.1,52.77,43.93,48.81
4069000,52.7,51.1,52.77,43.93,48.81
4070000,52.71,51.15,52.77,43.94,49.03
4071000,52.71,51.15,52.77,43.94,49.03
4072000,52.66,51.2,52.77,43.98,49.16
4073000,52.66,51.2,52.77,43.98,49.16
4074000,52.66,51.2,52.77,43.98,49.16
4075000,52.65,51.21,52.81,43.96,49.22
4076000,52.65,51.21,52.81,43.96,49.22
4077000,52.39,51.31,52.89,44.03,49.22
4078000,52.39,51.31,52.89,44.03,49.22
4079000,52.39,51.31,52.89,44.03,49.22
4080000,52.25,51.33,52.97,44.1,49.14
4081000,52.25,51.33,52.97,44.1,49.14
4082000,52.36,51.35,53.02,44.34,49.11
4083000,52.36,51.35,53.02,44.34,49.11
4084000,52.36,51.35,53.02,44.34,49.11
4085000,52.33,51.35,53.0,44.3,49.21
4086000,52.33,51.35,53.0,44.3,49.21
4087000,52.3,51.35,53.03,44.46,49.24
4088000,52.3,51.35,53.03,44.46,49.24
4089000,52.3,51.35,53.03,44.46,49.24
4090000,52.43,51.4,53.05,44.73,49.16
4091000,52.43,51.4,53.05,44.73,49.16
4092000,52.44,51.36,53.09,44.82,49.08
4093000,52.44,51.36,53.09,44.82,49.08
4094000,52.44,51.36,53.09,44.82,49.08
4095000,52.37,51.38,53.07,44.97,49.04
4096000,52.37,51.38,53.07,44.97,49.04
4097000,52.36,51.34,53.02,45.05,49.02
4098000,52.36,51.34,53.02,45.05,49.02
4099000,52.36,51.34,53.02,45.05,49.02
4100000,52.39,51.23,52.91,45.08,49.07
4101000,52.39,51.23,52.91,45.08,49.07
4102000,52.45,51.26,52.92,45.1,49.45
4103000,52.45,51.26,52.92,45.1,49.45
4104000,52.45,51.26,52.92,45.1,49.45
4105000,52.43,51.42,52.95,45.09,49.54
4106000,52.43,51.42,52.95,45.09,49.54
4107000,52.36,51.48,53.09,45.22,49.58
4108000,52.36,51.48,53.09,45.22,49.58
4109000,52.36,51.48,53.09,45.22,49.58
4110000,52.36,51.47,53.11,45.26,49.46
4111000,52.36,51.47,53.11,45.26,49.46
4112000,52.41,51.48,53.09,45.03,49.5
4113000,52.41,51.48,53.09,45.03,49.5
4114000,52.41,51.48,53.09,45.03,49.5
4115000,52.4,51.58,53.07,45.17,49.48
4116000,52.4,51.58,53.07,45.17,49.48
4117000,52.43,51.58,53.04,45.29,49.45
4118000,52.43,51.58,53.04,45.29,49.45
4119000,52.43,51.58,53.04,45.29,49.45
4120000,52.42,51.59,53.03,45.29,49.52
4121000,52.42,51.59,53.03,45.29,49.52
4122000,52.43,51.62,53.15,45.33,49.6
4123000,52.43,51.62,53.15,45.33,49.6
4124000,52.43,51.62,53.15,45.33,49.6
4125000,52.35,51.17,53.17,45.34,49.65
4126000,52.35,51.17,53.17,45.34,49.65
4127000,52.31,51.02,53.11,45.39,49.68
4128000,52.31,51.02,53.11,45.39,49.68
4129000,52.31,51.02,53.11,45.39,49.68
4130000,52.28,50.96,53.11,45.3,49.78
4131000,52.28,50.96,53.11,45.3,49.78
4132000,52.18,50.88,53.09,45.28,49.81
4133000,52.18,50.88,53.09,45.28,49.81
4134000,52.18,50.88,53.09,45.28,49.81
4135000,52.18,50.87,53.09,45.24,49.8
4136000,52.18,50.87,53.09,45.24,49.8
4137000,52.05,50.76,53.16,45.26,49.84
4138000,52.05,50.76,53.16,45.26,49.84
4139000,52.05,50.76,53.16,45.26,49.84
4140000,52.01,50.67,53.11,45.37,49.79
4141000,52.01,50.67,53.11,45.37,49.79
4142000,52.07,50.61,53.19,45.46,49.87
4143000,52.07,50.61,53.19,45.46,49.87
4144000,52.07,50.61,53.19,45.46,49.87
4145000,52.04,50.59,53.23,45.46,49.89
4146000,52.04,50.59,53.23,45.46,49.89
4147000,51.98,50.6,53.3,45.45,49.88
4148000,51.98,50.6,53.3,45.45,49.88
4149000,51.98,50.6,53.3,45.45,49.88
4150000,51.93,50.67,53.27,45.45,49.92
4151000,51.93,50.67,53.27,45.45,49.92
4152000,51.84,50.61,53.29,45.37,49.95
4153000,51.84,50.61,53.29,45.37,49.95
4154000,51.84,50.61,53.29,45.37,49.95
4155000,51.8,50.62,53.35,45.31,49.98
4156000,51.8,50.62,53.35,45.31,49.98
4157000,51.52,50.63,53.43,45.24,50.01
4158000,51.52,50.63,53.43,45.24,50.01
4159000,51.52,50.63,53.43,45.24,50.01
4160000,51.51,50.63,53.44,45.23,49.94
4161000,51.51,50.63,53.44,45.23,49.94
4162000,51.49,50.6,53.53,45.26,50.04
4163000,51.49,50.6,53.53,45.26,50.04
4164000,51.49,50.6,53.53,45.26,50.04
4165000,51.47,50.62,53.58,45.2,49.98
4166000,51.47,50.62,53.58,45.2,49.98
4167000,51.46,50.51,53.59,45.16,49.86
4168000,51.46,50.51,53.59,45.16,49.86
4169000,51.46,50.51,53.59,45.16,49.86
4170000,51.42,50.48,53.65,45.16,49.85
4171000,51.42,50.48,53.65,45.16,49.85
4172000,51.47,50.45,53.65,45.18,49.92
4173000,51.47,50.45,53.65,45.18,49.92
4174000,51.47,50.45,53.65,45.18,49.92
4175000,51.48,50.44,53.72,45.2,49.86
4176000,51.48,50.44,53.72,45.2,49.86
4177000,51.63,50.38,53.6,44.99,49.89
4178000,51.63,50.38,53.6,44.99,49.89
4179000,51.63,50.38,53.6,44.99,49.89
4180000,51.67,50.42,53.65,44.92,49.78
4181000,51.67,50.42,53.65,44.92,49.78
4182000,51.69,50.45,53.69,44.95,49.82
4183000,51.69,50.45,53.69,44.95,49.82
4184000,51.69,50.45,53.69,44.95,49.82
4185000,51.7,50.43,53.74,44.95,49.81
4186000,51.7,50.43,53.74,44.95,49.81
4187000,51.74,50.52,53.78,44.91,49.75
4188000,51.74,50.52,53.78,44.91,49.75
4189000,51.74,50.52,53.78,44.91,49.75
4190000,51.8,50.54,53.8,45.07,49.98
4191000,51.8,50.54,53.8,45.07,49.98
4192000,51.84,50.55,53.91,45.0,50.04
4193000,51.84,50.55,53.91,45.0,50.04
4194000,51.84,50.55,53.91,45.0,50.04
4195000,51.9,50.57,53.92,44.91,50.07
4196000,51.9,50.57,53.92,44.91,50.07
4197000,51.87,50.54,53.91,44.9,50.1
4198000,51.87,50.54,53.91,44.9,50.1
4199000,51.87,50.54,53.91,44.9,50.1
4200000,51.89,50.46,53.93,44.99,50.23
4201000,51.89,50.46,53.93,44.99,50.23
4202000,51.88,50.4,53.91,44.96,50.24
4203000,51.88,50.4,53.91,44.96,50.24
4204000,51.88,50.4,53.91,44.96,50.24
4205000,51.87,50.43,53.88,44.93,50.32
4206000,51.87,50.43,53.88,44.93,50.32
4207000,51.93,50.42,53.88,44.96,50.38
4208000,51.93,50.42,53.88,44.96,50.38
4209000,51.93,50.42,53.88,44.96,50.38
4210000,51.95,50.37,53.96,44.96,50.23
4211000,51.95,50.37,53.96,44.96,50.23
4212000,51.89,50.24,54.0,45.01,50.15
4213000,51.89,50.24,54.0,45.01,50.15
4214000,51.89,50.24,54.0,45.01,50.15
4215000,51.86,50.27,54.02,45.21,50.15
4216000,51.86,50.27,54.02,45.21,50.15
4217000,51.78,50.15,54.06,45.21,50.12
4218000,51.78,50.15,54.06,45.21,50.12
4219000,51.78,50.15,54.06,45.21,50.12
4220000,51.76,50.2,54.07,45.31,50.07
4221000,51.76,50.2,54.07,45.31,50.07
4222000,51.77,50.17,54.08,45.38,50.05
4223000,51.77,50.17,54.08,45.38,50.05
4224000,51.77,50.17,54.08,45.38,50.05
4225000,51.76,50.09,54.19,45.28,50.05
4226000,51.76,50.09,54.19,45.28,50.05
4227000,51.62,50.03,54.24,45.31,50.1
4228000,51.62,50.03,54.24,45.31,50.1
4229000,51.62,50.03,54.24,45.31,50.1
4230000,51.54,50.01,54.22,45.23,50.18
4231000,51.54,50.01,54.22,45.23,50.18
4232000,51.57,50.05,54.11,45.21,50.18
4233000,51.57,50.05,54.11,45.21,50.18
4234000,51.57,50.05,54.11,45.21,50.18
4235000,51.57,50.05,54.14,45.35,50.14
4236000,51.57,50.05,54.14,45.35,50.14
4237000,51.59,50.05,54.15,45.35,50.18
4238000,51.59,50.05,54.15,45.35,50.18
4239000,51.59,50.05,54.15,45.35,50.18
4240000,51.63,50.1,54.09,45.42,50.11
4241000,51.63,50.1,54.09,45.42,50.11
4242000,51.62,50.61,54.15,45.42,50.17
4243000,51.62,50.61,54.15,45.42,50.17
4244000,51.62,50.61,54.15,45.42,50.17
4245000,51.61,50.78,54.16,45.53,50.17
4246000,51.61,50.78,54.16,45.53,50.17
4247000,51.63,50.84,54.18,45.54,50.26
4248000,51.63,50.84,54.18,45.54,50.26
4249000,51.63,50.84,54.18,45.54,50.26
4250000,51.61,50.89,54.21,45.59,50.2
4251000,51.61,50.89,54.21,45.59,50.2
4252000,51.55,50.96,54.22,45.53,50.23
4253000,51.55,50.96,54.22,45.53,50.23
4254000,51.55,50.96,54.22,45.53,50.23
4255000,51.48,51.01,54.17,45.62,50.36
4256000,51.48,51.01,54.17,45.62,50.36
4257000,51.46,51.08,54.18,45.78,50.47
4258000,51.46,51.08,54.18,45.78,50.47
4259000,51.46,51.08,54.18,45.78,50.47
4260000,51.44,51.08,54.25,45.76,50.45
4261000,51.44,51.08,54.25,45.76,50.45
4262000,51.45,51.06,54.27,45.75,50.45
4263000,51.45,51.06,54.27,45.75,50.45
4264000,51.45,51.06,54.27,45.75,50.45
4265000,51.44,51.05,54.37,45.81,50.39
4266000,51.44,51.05,54.37,45.81,50.39
4267000,51.42,51.02,54.37,45.8,50.53
4268000,51.42,51.02,54.37,45.8,50.53
4269000,51.42,51.02,54.37,45.8,50.53
4270000,51.34,51.02,54.37,45.84,50.58
4271000,51.34,51.02,54.37,45.84,50.58
4272000,51.31,50.98,54.42,45.89,50.59
4273000,51.31,50.98,54.42,45.89,50.59
4274000,51.31,50.98,54.42,45.89,50.59
4275000,51.34,51.02,54.4,45.93,50.59
4276000,51.34,51.02,54.4,45.93,50.59
4277000,51.38,51.07,54.43,45.92,50.61
4278000,51.38,51.07,54.43,45.92,50.61
4279000,51.38,51.07,54.43,45.92,50.61
4280000,51.38,51.1,54.48,45.69,50.72
4281000,51.38,51.1,54.48,45.69,50.72
4282000,51.34,51.11,54.6,45.61,50.62
4283000,51.34,51.11,54.6,45.61,50.62
4284000,51.34,51.11,54.6,45.61,50.62
4285000,51.32,51.14,54.62,45.61,50.57
4286000,51.32,51.14,54.62,45.61,50.57
4287000,51.33,51.12,54.61,45.6,50.55
4288000,51.33,51.12,54.61,45.6,50.55
4289000,51.33,51.12,54.61,45.6,50.55
4290000,51.39,51.03,54.64,45.57,50.58
4291000,51.39,51.03,54.64,45.57,50.58
4292000,51.32,51.0,54.67,45.55,50.65
4293000,51.32,51.0,54.67,45.55,50.65
4294000,51.32,51.0,54.67,45.55,50.65
4295000,51.32,50.98,54.69,45.33,50.78
4296000,51.32,50.98,54.69,45.33,50.78
4297000,51.29,50.92,54.74,45.36,50.83
4298000,51.29,50.92,54.74,45.36,50.83
4299000,51.29,50.92,54.74,45.36,50.83
4300000,51.22,50.81,54.78,45.33,50.83
4301000,51.22,50.81,54.78,45.33,50.83
4302000,51.38,50.85,54.89,45.46,50.79
4303000,51.38,50.85,54.89,45.46,50.79
4304000,51.38,50.85,54.89,45.46,50.79
4305000,51.43,50.85,54.91,45.48,50.78
4306000,51.43,50.85,54.91,45.48,50.78
4307000,51.44,51.03,54.87,45.56,50.75
4308000,51.44,51.03,54.87,45.56,50.75
4309000,51.44,51.03,54.87,45.56,50.75
4310000,51.51,51.06,54.87,45.5,50.85
4311000,51.51,51.06,54.87,45.5,50.85
4312000,51.54,51.31,54.89,45.48,50.89
4313000,51.54,51.31,54.89,45.48,50.89
4314000,51.54,51.31,54.89,45.48,50.89
4315000,51.39,51.28,54.93,45.5,50.88
4316000,51.39,51.28,54.93,45.5,50.88
4317000,51.39,51.35,55.02,45.38,50.86
4318000,51.39,51.35,55.02,45.38,50.86
4319000,51.39,51.35,55.02,45.38,50.86
4320000,51.34,51.38,55.04,45.36,50.75
4321000,51.34,51.38,55.04,45.36,50.75
4322000,51.36,51.34,55.06,45.31,50.73
4323000,51.36,51.34,55.06,45.31,50.73
4324000,51.36,51.34,55.06,45.31,50.73
4325000,51.38,51.32,55.09,45.35,50.55
4326000,51.38,51.32,55.09,45.35,50.55
4327000,51.75,51.33,55.03,45.34,50.46
4328000,51.75,51.33,55.03,45.34,50.46
4329000,51.75,51.33,55.03,45.34,50.46
4330000,51.91,51.16,54.99,45.33,50.56
4331000,51.91,51.16,54.99,45.33,50.56
4332000,51.99,51.14,54.96,45.29,50.46
4333000,51.99,51.14,54.96,45.29,50.46
4334000,51.99,51.14,54.96,45.29,50.46
4335000,52.09,51.06,55.03,45.27,50.35
4336000,52.09,51.06,55.03,45.27,50.35
4337000,52.01,50.64,55.06,45.25,50.28
4338000,52.01,50.64,55.06,45.25,50.28
4339000,52.01,50.64,55.06,45.25,50.28
4340000,51.97,50.54,55.03,45.23,50.39
4341000,51.97,50.54,55.03,45.23,50.39
4342000,51.84,50.56,55.04,45.26,50.5
4343000,51.84,50.56,55.04,45.26,50.5
4344000,51.84,50.56,55.04,45.26,50.5
4345000,51.91,50.51,55.0,45.23,50.53
4346000,51.91,50.51,55.0,45.23,50.53
4347000,51.94,50.54,55.06,45.22,50.62
4348000,51.94,50.54,55.06,45.22,50.62
4349000,51.94,50.54,55.06,45.22,50.62
4350000,51.92,50.59,55.16,45.21,50.7
4351000,51.92,50.59,55.16,45.21,50.7
4352000,51.9,50.51,55.15,45.12,50.61
4353000,51.9,50.51,55.15,45.12,50.61
4354000,51.9,50.51,55.15,45.12,50.61
4355000,51.64,50.48,55.18,45.26,50.59
4356000,51.64,50.48,55.18,45.26,50.59
4357000,51.6,50.38,55.15,45.29,50.63
4358000,51.6,50.38,55.15,45.29,50.63
4359000,51.6,50.38,55.15,45.29,50.63
4360000,51.46,50.33,55.18,45.31,50.77
4361000,51.46,50.33,55.18,45.31,50.77
4362000,51.37,50.33,55.19,45.56,50.77
4363000,51.37,50.33,55.19,45.56,50.77
4364000,51.37,50.33,55.19,45.56,50.77
4365000,51.34,50.3,55.22,45.61,50.78
4366000,51.34,50.3,55.22,45.61,50.78
4367000,51.29,50.29,55.21,45.68,50.75
4368000,51.29,50.29,55.21,45.68,50.75
4369000,51.29,50.29,55.21,45.68,50.75
4370000,51.26,50.3,55.21,45.69,50.73
4371000,51.26,50.3,55.21,45.69,50.73
4372000,51.24,50.39,55.25,45.67,50.71
4373000,51.24,50.39,55.25,45.67,50.71
4374000,51.24,50.39,55.25,45.67,50.71
4375000,51.25,50.83,55.25,45.73,50.69
4376000,51.25,50.83,55.25,45.73,50.69
4377000,51.29,50.96,55.27,45.72,50.64
4378000,51.29,50.96,55.27,45.72,50.64
4379000,51.29,50.96,55.27,45.72,50.64
4380000,51.34,50.99,55.28,45.79,50.63
4381000,51.34,50.99,55.28,45.79,50.63
4382000,51.4,51.08,55.29,45.82,50.67
4383000,51.4,51.08,55.29,45.82,50.67
4384000,51.4,51.08,55.29,45.82,50.67
4385000,51.42,51.04,55.33,45.85,50.69
4386000,51.42,51.04,55.33,45.85,50.69
4387000,51.48,51.13,55.32,45.71,50.65
4388000,51.48,51.13,55.32,45.71,50.65
4389000,51.48,51.13,55.32,45.71,50.65
4390000,51.5,51.23,55.37,45.72,50.7
4391000,51.5,51.23,55.37,45.72,50.7
4392000,51.5,51.23,55.25,45.78,50.68
4393000,51.5,51.23,55.25,45.78,50.68
4394000,51.5,51.23,55.25,45.78,50.68
4395000,51.55,51.26,55.31,45.85,50.72
4396000,51.55,51.26,55.31,45.85,50.72
4397000,51.55,51.25,55.29,45.92,50.59
4398000,51.55,51.25,55.29,45.92,50.59
4399000,51.55,51.25,55.29,45.92,50.59
4400000,51.62,51.15,55.27,45.95,50.48
4401000,51.62,51.15,55.27,45.95,50.48
4402000,51.65,51.23,55.18,46.04,50.51
4403000,51.65,51.23,55.18,46.04,50.51
4404000,51.65,51.23,55.18,46.04,50.51
4405000,51.66,51.3,55.21,46.02,50.56
4406000,51.66,51.3,55.21,46.02,50.56
4407000,51.98,51.3,55.15,46.2,50.44
4408000,51.98,51.3,55.15,46.2,50.44
4409000,51.98,51.3,55.15,46.2,50.44
4410000,52.03,51.32,55.13,46.32,50.64
4411000,52.03,51.32,55.13,46.32,50.64
4412000,52.07,51.34,55.15,46.34,50.61
4413000,52.07,51.34,55.15,46.34,50.61
4414000,52.07,51.34,55.15,46.34,50.61
4415000,52.01,51.29,55.1,46.27,50.69
4416000,52.01,51.29,55.1,46.27,50.69
4417000,52.07,51.39,55.04,46.33,50.68
4418000,52.07,51.39,55.04,46.33,50.68
4419000,52.07,51.39,55.04,46.33,50.68
4420000,52.06,51.39,54.98,46.3,50.62
4421000,52.06,51.39,54.98,46.3,50.62
4422000,52.09,51.47,55.07,46.1,50.5
4423000,52.09,51.47,55.07,46.1,50.5
4424000,52.09,51.47,55.07,46.1,50.5
4425000,52.04,51.44,55.06,46.1,50.54
4426000,52.04,51.44,55.06,46.1,50.54
4427000,51.89,51.47,55.17,46.2,50.54
4428000,51.89,51.47,55.17,46.2,50.54
4429000,51.89,51.47,55.17,46.2,50.54
4430000,51.86,51.47,55.11,46.39,50.68
4431000,51.86,51.47,55.11,46.39,50.68
4432000,51.84,51.35,55.1,46.34,50.71
4433000,51.84,51.35,55.1,46.34,50.71
4434000,51.84,51.35,55.1,46.34,50.71
4435000,51.87,51.42,55.05,46.27,50.75
4436000,51.87,51.42,55.05,46.27,50.75
4437000,51.89,50.91,55.08,46.34,50.79
4438000,51.89,50.91,55.08,46.34,50.79
4439000,51.89,50.91,55.08,46.34,50.79
4440000,51.85,50.72,55.09,46.34,50.79
4441000,51.85,50.72,55.09,46.34,50.79
4442000,51.94,50.71,55.11,46.44,50.75
4443000,51.94,50.71,55.11,46.44,50.75
4444000,51.94,50.71,55.11,46.44,50.75
4445000,51.87,50.73,55.07,46.54,50.82
4446000,51.87,50.73,55.07,46.54,50.82
4447000,51.86,50.63,55.02,46.51,50.8
4448000,51.86,50.63,55.02,46.51,50.8
4449000,51.86,50.63,55.02,46.51,50.8
4450000,51.79,50.66,55.01,46.5,50.74
4451000,51.79,50.66,55.01,46.5,50.74
4452000,51.83,50.66,55.03,46.47,50.75
4453000,51.83,50.66,55.03,46.47,50.75
4454000,51.83,50.66,55.03,46.47,50.75
4455000,51.7,50.63,55.09,46.5,50.74
4456000,51.7,50.63,55.09,46.5,50.74
4457000,51.67,50.56,55.1,46.5,50.59
4458000,51.67,50.56,55.1,46.5,50.59
4459000,51.67,50.56,55.1,46.5,50.59
4460000,51.65,50.55,55.09,46.51,50.61
4461000,51.65,50.55,55.09,46.51,50.61
4462000,51.64,50.59,55.05,46.56,50.65
4463000,51.64,50.59,55.05,46.56,50.65
4464000,51.64,50.59,55.05,46.56,50.65
4465000,51.59,50.54,55.07,46.54,50.69
4466000,51.59,50.54,55.07,46.54,50.69
4467000,51.64,50.57,55.11,46.58,50.73
4468000,51.64,50.57,55.11,46.58,50.73
4469000,51.64,50.57,55.11,46.58,50.73
4470000,51.65,50.46,55.16,46.5,50.82
4471000,51.65,50.46,55.16,46.5,50.82
4472000,51.67,50.42,55.17,46.48,50.84
4473000,51.67,50.42,55.17,46.48,50.84
4474000,51.67,50.42,55.17,46.48,50.84
4475000,51.72,50.46,55.21,46.71,50.8
4476000,51.72,50.46,55.21,46.71,50.8
4477000,51.91,50.42,55.19,46.76,50.85
4478000,51.91,50.42,55.19,46.76,50.85
4479000,51.91,50.42,55.19,46.76,50.85
4480000,51.94,50.44,55.27,46.82,50.73
4481000,51.94,50.44,55.27,46.82,50.73
4482000,51.88,50.4,55.33,46.84,50.74
4483000,51.88,50.4,55.33,46.84,50.74
4484000,51.88,50.4,55.33,46.84,50.74
4485000,51.94,50.36,55.24,46.87,50.74
4486000,51.94,50.36,55.24,46.87,50.74
4487000,51.9,50.32,55.26,46.9,50.71
4488000,51.9,50.32,55.26,46.9,50.71
4489000,51.9,50.32,55.26,46.9,50.71
4490000,51.91,50.29,55.31,46.89,50.81
4491000,51.91,50.29,55.31,46.89,50.81
4492000,51.81,50.18,55.3,46.93,50.71
4493000,51.81,50.18,55.3,46.93,50.71
4494000,51.81,50.18,55.3,46.93,50.71
4495000,51.38,50.12,55.27,46.92,50.75
4496000,51.38,50.12,55.27,46.92,50.75
4497000,51.18,49.85,55.28,46.86,50.67
4498000,51.18,49.85,55.28,46.86,50.67
4499000,51.18,49.85,55.28,46.86,50.67
4500000,51.1,49.75,55.3,46.76,50.75
4501000,51.1,49.75,55.3,46.76,50.75
4502000,51.06,49.61,55.29,46.87,50.84
4503000,51.06,49.61,55.29,46.87,50.84
4504000,51.06,49.61,55.29,46.87,50.84
4505000,51.03,49.62,55.38,46.83,50.89
4506000,51.03,49.62,55.38,46.83,50.89
4507000,50.92,49.59,55.44,46.88,50.91
4508000,50.92,49.59,55.44,46.88,50.91
4509000,50.92,49.59,55.44,46.88,50.91
4510000,50.91,49.54,55.43,46.91,50.97
4511000,50.91,49.54,55.43,46.91,50.97
4512000,50.95,49.58,55.43,46.92,50.91
4513000,50.95,49.58,55.43,46.92,50.91
4514000,50.95,49.58,55.43,46.92,50.91
4515000,50.86,49.67,55.39,46.82,50.91
4516000,50.86,49.67,55.39,46.82,50.91
4517000,50.86,49.71,55.47,46.8,50.92
4518000,50.86,49.71,55.47,46.8,50.92
4519000,50.86,49.71,55.47,46.8,50.92
4520000,50.92,49.68,55.56,46.77,50.9
4521000,50.92,49.68,55.56,46.77,50.9
4522000,50.89,49.69,55.59,46.77,50.91
4523000,50.89,49.69,55.59,46.77,50.91
4524000,50.89,49.69,55.59,46.77,50.91
4525000,50.85,49.64,55.59,46.75,51.0
4526000,50.85,49.64,55.59,46.75,51.0
4527000,50.85,49.61,55.54,46.75,51.04
4528000,50.85,49.61,55.54,46.75,51.04
4529000,50.85,49.61,55.54,46.75,51.04
4530000,50.9,49.65,55.49,47.1,51.01
4531000,50.9,49.65,55.49,47.1,51.01
4532000,50.9,49.71,55.45,47.17,51.1
4533000,50.9,49.71,55.45,47.17,51.1
4534000,50.9,49.71,55.45,47.17,51.1
4535000,50.88,49.72,55.41,47.18,51.13
4536000,50.88,49.72,55.41,47.18,51.13
4537000,50.89,49.79,55.48,47.25,51.18
4538000,50.89,49.79,55.48,47.25,51.18
4539000,50.89,49.79,55.48,47.25,51.18
4540000,50.94,49.85,55.51,47.22,51.24
4541000,50.94,49.85,55.51,47.22,51.24
4542000,51.0,49.89,55.52,47.02,51.21
4543000,51.0,49.89,55.52,47.02,51.21
4544000,51.0,49.89,55.52,47.02,51.21
4545000,51.02,49.83,55.56,47.25,51.17
4546000,51.02,49.83,55.56,47.25,51.17
4547000,51.04,49.89,55.55,47.2,51.19
4548000,51.04,49.89,55.55,47.2,51.19
4549000,51.04,49.89,55.55,47.2,51.19
4550000,51.07,49.95,55.53,47.26,51.2
4551000,51.07,49.95,55.53,47.26,51.2
4552000,51.09,49.8,55.54,47.25,51.18
4553000,51.09,49.8,55.54,47.25,51.18
4554000,51.09,49.8,55.54,47.25,51.18
4555000,51.12,49.7,55.54,47.33,51.12
4556000,51.12,49.7,55.54,47.33,51.12
4557000,51.12,49.71,55.63,47.19,51.16
4558000,51.12,49.71,55.63,47.19,51.16
4559000,51.12,49.71,55.63,47.19,51.16
4560000,51.15,49.77,55.62,47.17,51.08
4561000,51.15,49.77,55.62,47.17,51.08
4562000,51.12,49.67,55.64,47.21,51.05
4563000,51.12,49.67,55.64,47.21,51.05
4564000,51.12,49.67,55.64,47.21,51.05
4565000,51.26,49.72,55.56,47.27,51.09
4566000,51.26,49.72,55.56,47.27,51.09
4567000,51.31,49.67,55.58,47.38,51.1
4568000,51.31,49.67,55.58,47.38,51.1
4569000,51.31,49.67,55.58,47.38,51.1
4570000,51.33,49.68,55.55,47.42,51.11
4571000,51.33,49.68,55.55,47.42,51.11
4572000,51.39,49.73,55.61,47.44,50.97
4573000,51.39,49.73,55.61,47.44,50.97
4574000,51.39,49.73,55.61,47.44,50.97
4575000,51.27,49.72,55.68,47.44,51.1
4576000,51.27,49.72,55.68,47.44,51.1
4577000,51.3,49.67,55.74,47.29,51.22
4578000,51.3,49.67,55.74,47.29,51.22
4579000,51.3,49.67,55.74,47.29,51.22
4580000,51.31,49.83,55.77,47.33,51.12
4581000,51.31,49.83,55.77,47.33,51.12
4582000,51.29,49.79,55.9,47.33,51.2
4583000,51.29,49.79,55.9,47.33,51.2
4584000,51.29,49.79,55.9,47.33,51.2
4585000,51.29,49.83,55.88,47.42,51.26
4586000,51.29,49.83,55.88,47.42,51.26
4587000,51.48,50.27,55.9,47.43,51.3
4588000,51.48,50.27,55.9,47.43,51.3
4589000,51.48,50.27,55.9,47.43,51.3
4590000,51.49,50.32,55.92,47.46,51.28
4591000,51.49,50.32,55.92,47.46,51.28
4592000,51.56,50.34,55.92,47.34,51.2
4593000,51.56,50.34,55.92,47.34,51.2
4594000,51.56,50.34,55.92,47.34,51.2
4595000,51.55,50.35,56.02,47.36,51.21
4596000,51.55,50.35,56.02,47.36,51.21
4597000,51.4,50.35,56.05,47.34,51.15
4598000,51.4,50.35,56.05,47.34,51.15
4599000,51.4,50.35,56.05,47.34,51.15
4600000,51.36,50.36,56.05,47.43,51.15
4601000,51.36,50.36,56.05,47.43,51.15
4602000,51.28,50.43,56.11,47.57,51.25
4603000,51.28,50.43,56.11,47.57,51.25
4604000,51.28,50.43,56.11,47.57,51.25
4605000,51.52,50.45,56.15,47.53,51.28
4606000,51.52,50.45,56.15,47.53,51.28
4607000,51.57,50.29,56.17,47.52,51.24
4608000,51.57,50.29,56.17,47.52,51.24
4609000,51.57,50.29,56.17,47.52,51.24
4610000,51.67,50.21,56.19,47.53,51.24
4611000,51.67,50.21,56.19,47.53,51.24
4612000,51.72,50.13,56.24,47.5,51.25
4613000,51.72,50.13,56.24,47.5,51.25
4614000,51.72,50.13,56.24,47.5,51.25
4615000,51.8,50.1,56.24,47.53,51.27
4616000,51.8,50.1,56.24,47.53,51.27
4617000,51.88,50.14,56.23,47.37,51.28
4618000,51.88,50.14,56.23,47.37,51.28
4619000,51.88,50.14,56.23,47.37,51.28
4620000,51.92,50.17,56.26,47.3,51.25
4621000,51.92,50.17,56.26,47.3,51.25
4622000,51.92,50.13,56.23,47.18,51.18
4623000,51.92,50.13,56.23,47.18,51.18
4624000,51.92,50.13,56.23,47.18,51.18
4625000,51.94,50.15,56.12,47.15,51.17
4626000,51.94,50.15,56.12,47.15,51.17
4627000,51.92,50.19,56.2,47.21,51.18
4628000,51.92,50.19,56.2,47.21,51.18
4629000,51.92,50.19,56.2,47.21,51.18
4630000,51.89,50.25,56.24,47.27,51.26
4631000,51.89,50.25,56.24,47.27,51.26
4632000,51.89,50.31,56.28,47.24,51.21
4633000,51.89,50.31,56.28,47.24,51.21
4634000,51.89,50.31,56.28,47.24,51.21
4635000,51.91,50.38,56.32,47.29,51.21
4636000,51.91,50.38,56.32,47.29,51.21
4637000,51.96,50.35,56.31,47.47,51.18
4638000,51.96,50.35,56.31,47.47,51.18
4639000,51.96,50.35,56.31,47.47,51.18
4640000,51.97,50.32,56.33,47.5,51.12
4641000,51.97,50.32,56.33,47.5,51.12
4642000,51.92,50.28,56.37,47.44,51.12
4643000,51.92,50.28,56.37,47.44,51.12
4644000,51.92,50.28,56.37,47.44,51.12
4645000,51.95,50.32,56.4,47.42,51.1
4646000,51.95,50.32,56.4,47.42,51.1
4647000,51.97,50.28,56.43,47.34,51.24
4648000,51.97,50.28,56.43,47.34,51.24
4649000,51.97,50.28,56.43,47.34,51.24
4650000,51.95,50.32,56.48,47.28,51.24
4651000,51.95,50.32,56.48,47.28,51.24
4652000,51.92,50.26,56.6,47.31,51.2
4653000,51.92,50.26,56.6,47.31,51.2
4654000,51.92,50.26,56.6,47.31,51.2
4655000,51.97,50.17,56.59,47.38,51.16
4656000,51.97,50.17,56.59,47.38,51.16
4657000,51.86,50.21,56.64,47.38,51.31
4658000,51.86,50.21,56.64,47.38,51.31
4659000,51.86,50.21,56.64,47.38,51.31
4660000,51.86,50.21,56.65,47.39,51.21
4661000,51.86,50.21,56.65,47.39,51.21
4662000,51.83,50.22,56.61,47.46,51.22
4663000,51.83,50.22,56.61,47.46,51.22
4664000,51.83,50.22,56.61,47.46,51.22
4665000,51.85,50.22,56.62,47.67,51.21
4666000,51.85,50.22,56.62,47.67,51.21
4667000,51.79,50.17,56.71,47.69,51.27
4668000,51.79,50.17,56.71,47.69,51.27
4669000,51.79,50.17,56.71,47.69,51.27
4670000,51.85,50.13,56.79,47.84,51.34
4671000,51.85,50.13,56.79,47.84,51.34
4672000,51.78,50.09,56.75,48.16,51.43
4673000,51.78,50.09,56.75,48.16,51.43
4674000,51.78,50.09,56.75,48.16,51.43
4675000,51.8,50.11,56.78,48.2,51.42
4676000,51.8,50.11,56.78,48.2,51.42
4677000,51.99,50.16,56.76,48.38,51.43
4678000,51.99,50.16,56.76,48.38,51.43
4679000,51.99,50.16,56.76,48.38,51.43
4680000,52.01,50.18,56.78,48.39,51.48
4681000,52.01,50.18,56.78,48.39,51.48
4682000,52.04,50.32,56.79,48.48,51.48
4683000,52.04,50.32,56.79,48.48,51.48
4684000,52.04,50.32,56.79,48.48,51.48
4685000,52.0,50.22,56.81,48.42,51.47
4686000,52.0,50.22,56.81,48.42,51.47
4687000,51.95,50.64,56.84,48.43,51.35
4688000,51.95,50.64,56.84,48.43,51.35
4689000,51.95,50.64,56.84,48.43,51.35
4690000,51.86,50.74,56.88,48.37,51.34
4691000,51.86,50.74,56.88,48.37,51.34
4692000,51.78,50.79,56.9,48.35,51.34
4693000,51.78,50.79,56.9,48.35,51.34
4694000,51.78,50.79,56.9,48.35,51.34
4695000,51.66,50.73,56.93,48.31,51.25
4696000,51.66,50.73,56.93,48.31,51.25
4697000,51.71,50.85,56.92,48.39,51.25
4698000,51.71,50.85,56.92,48.39,51.25
4699000,51.71,50.85,56.92,48.39,51.25
4700000,51.73,50.94,56.93,48.44,51.31
4701000,51.73,50.94,56.93,48.44,51.31
4702000,51.76,50.99,57.01,48.53,51.34
4703000,51.76,50.99,57.01,48.53,51.34
4704000,51.76,50.99,57.01,48.53,51.34
4705000,51.9,50.98,57.02,48.56,51.36
4706000,51.9,50.98,57.02,48.56,51.36
4707000,51.93,50.98,57.01,48.5,51.5
4708000,51.93,50.98,57.01,48.5,51.5
4709000,51.93,50.98,57.01,48.5,51.5
4710000,51.96,50.99,57.02,48.48,51.66
4711000,51.96,50.99,57.02,48.48,51.66
4712000,51.99,50.99,57.0,48.37,51.71
4713000,51.99,50.99,57.0,48.37,51.71
4714000,51.99,50.99,57.0,48.37,51.71
4715000,52.07,50.97,57.0,48.36,51.72
4716000,52.07,50.97,57.0,48.36,51.72
4717000,52.06,51.01,57.0,48.36,51.43
4718000,52.06,51.01,57.0,48.36,51.43
4719000,52.06,51.01,57.0,48.36,51.43
4720000,52.09,51.09,57.02,48.42,51.31
4721000,52.09,51.09,57.02,48.42,51.31
4722000,52.03,51.1,56.88,48.41,51.31
4723000,52.03,51.1,56.88,48.41,51.31
4724000,52.03,51.1,56.88,48.41,51.31
4725000,51.99,51.04,56.81,48.33,51.35
4726000,51.99,51.04,56.81,48.33,51.35
4727000,52.02,51.08,56.82,48.3,51.31
4728000,52.02,51.08,56.82,48.3,51.31
4729000,52.02,51.08,56.82,48.3,51.31
4730000,52.04,51.06,56.79,48.26,51.4
4731000,52.04,51.06,56.79,48.26,51.4
4732000,52.06,51.15,56.84,48.31,51.46
4733000,52.06,51.15,56.84,48.31,51.46
4734000,52.06,51.15,56.84,48.31,51.46
4735000,51.99,51.23,56.91,48.37,51.46
4736000,51.99,51.23,56.91,48.37,51.46
4737000,52.02,51.26,56.95,48.36,51.35
4738000,52.02,51.26,56.95,48.36,51.35
4739000,52.02,51.26,56.95,48.36,51.35
4740000,51.96,51.26,56.94,48.26,51.36
4741000,51.96,51.26,56.94,48.26,51.36
4742000,52.0,51.32,56.93,48.27,51.37
4743000,52.0,51.32,56.93,48.27,51.37
4744000,52.0,51.32,56.93,48.27,51.37
4745000,52.45,51.23,56.95,48.34,51.34
4746000,52.45,51.23,56.95,48.34,51.34
4747000,52.58,51.46,56.98,48.48,51.37
4748000,52.58,51.46,56.98,48.48,51.37
4749000,52.58,51.46,56.98,48.48,51.37
4750000,52.65,51.51,56.99,48.53,51.43
4751000,52.65,51.51,56.99,48.53,51.43
4752000,52.72,51.64,57.0,48.48,51.37
4753000,52.72,51.64,57.0,48.48,51.37
4754000,52.72,51.64,57.0,48.48,51.37
4755000,52.81,51.63,57.05,48.5,51.35
4756000,52.81,51.63,57.05,48.5,51.35
4757000,52.94,51.73,57.1,48.42,51.38
4758000,52.94,51.73,57.1,48.42,51.38
4759000,52.94,51.73,57.1,48.42,51.38
4760000,53.05,51.84,57.16,48.43,51.39
4761000,53.05,51.84,57.16,48.43,51.39
4762000,53.05,51.86,57.19,48.45,51.54
4763000,53.05,51.86,57.19,48.45,51.54
4764000,53.05,51.86,57.19,48.45,51.54
4765000,53.14,51.75,57.22,48.45,51.57
4766000,53.14,51.75,57.22,48.45,51.57
4767000,53.16,51.7,57.23,48.52,51.49
4768000,53.16,51.7,57.23,48.52,51.49
4769000,53.16,51.7,57.23,48.52,51.49
4770000,53.1,51.76,57.25,48.57,51.46
4771000,53.1,51.76,57.25,48.57,51.46
4772000,53.08,51.73,57.21,48.58,51.46
4773000,53.08,51.73,57.21,48.58,51.46
4774000,53.08,51.73,57.21,48.58,51.46
4775000,53.08,51.75,57.25,48.57,51.36
4776000,53.08,51.75,57.25,48.57,51.36
4777000,53.09,51.82,57.28,48.55,51.37
4778000,53.09,51.82,57.28,48.55,51.37
4779000,53.09,51.82,57.28,48.55,51.37
4780000,53.01,51.79,57.36,48.52,51.32
4781000,53.01,51.79,57.36,48.52,51.32
4782000,53.02,51.68,57.36,48.44,51.33
4783000,53.02,51.68,57.36,48.44,51.33
4784000,53.02,51.68,57.36,48.44,51.33
4785000,53.03,51.68,57.44,48.42,51.34
4786000,53.03,51.68,57.44,48.42,51.34
4787000,53.02,51.66,57.35,48.36,51.36
4788000,53.02,51.66,57.35,48.36,51.36
4789000,53.02,51.66,57.35,48.36,51.36
4790000,52.97,51.56,57.17,48.42,51.32
4791000,52.97,51.56,57.17,48.42,51.32
4792000,53.04,51.58,57.12,48.8,51.38
4793000,53.04,51.58,57.12,48.8,51.38
4794000,53.04,51.58,57.12,48.8,51.38
4795000,53.01,51.63,57.17,48.84,51.31
4796000,53.01,51.63,57.17,48.84,51.31
4797000,52.98,51.49,57.15,48.99,51.15
4798000,52.98,51.49,57.15,48.99,51.15
4799000,52.98,51.49,57.15,48.99,51.15
4800000,53.03,51.45,57.19,49.04,51.23
4801000,53.03,51.45,57.19,49.04,51.23
4802000,53.01,51.61,57.19,49.02,51.29
4803000,53.01,51.61,57.19,49.02,51.29
4804000,53.01,51.61,57.19,49.02,51.29
4805000,53.0,51.71,57.22,48.97,51.3
4806000,53.0,51.71,57.22,48.97,51.3
4807000,52.94,51.72,57.23,49.15,51.32
4808000,52.94,51.72,57.23,49.15,51.32
4809000,52.94,51.72,57.23,49.15,51.32
4810000,52.87,51.65,57.24,49.17,51.44
4811000,52.87,51.65,57.24,49.17,51.44
4812000,52.91,51.75,57.22,49.23,51.51
4813000,52.91,51.75,57.22,49.23,51.51
4814000,52.91,51.75,57.22,49.23,51.51
4815000,52.93,51.75,57.28,49.26,51.48
4816000,52.93,51.75,57.28,49.26,51.48
4817000,52.82,51.72,57.31,49.35,51.48
4818000,52.82,51.72,57.31,49.35,51.48
4819000,52.82,51.72,57.31,49.35,51.48
4820000,52.84,51.69,57.33,49.25,51.55
4821000,52.84,51.69,57.33,49.25,51.55
4822000,52.79,51.67,57.31,49.32,51.7
4823000,52.79,51.67,57.31,49.32,51.7
4824000,52.79,51.67,57.31,49.32,51.7
4825000,52.9,51.68,57.33,49.31,51.78
4826000,52.9,51.68,57.33,49.31,51.78
4827000,52.83,51.69,57.4,49.45,51.74
4828000,52.83,51.69,57.4,49.45,51.74
4829000,52.83,51.69,57.4,49.45,51.74
4830000,52.83,51.66,57.4,49.43,51.79
4831000,52.83,51.66,57.4,49.43,51.79
4832000,52.85,51.73,57.33,49.41,51.75
4833000,52.85,51.73,57.33,49.41,51.75
4834000,52.85,51.73,57.33,49.41,51.75
4835000,52.82,51.79,57.36,49.3,51.8
4836000,52.82,51.79,57.36,49.3,51.8
4837000,52.76,51.76,57.39,49.33,51.86
4838000,52.76,51.76,57.39,49.33,51.86
4839000,52.76,51.76,57.39,49.33,51.86
4840000,52.76,51.75,57.38,49.36,51.83
4841000,52.76,51.75,57.38,49.36,51.83
4842000,52.83,51.71,57.38,49.47,51.99
4843000,52.83,51.71,57.38,49.47,51.99
4844000,52.83,51.71,57.38,49.47,51.99
4845000,52.83,51.7,57.35,49.4,51.97
4846000,52.83,51.7,57.35,49.4,51.97
4847000,53.03,51.69,57.29,49.45,51.97
4848000,53.03,51.69,57.29,49.45,51.97
4849000,53.03,51.69,57.29,49.45,51.97
4850000,53.08,51.69,57.3,49.5,52.03
4851000,53.08,51.69,57.3,49.5,52.03
4852000,53.21,51.63,57.24,49.54,52.05
4853000,53.21,51.63,57.24,49.54,52.05
4854000,53.21,51.63,57.24,49.54,52.05
4855000,53.22,51.6,57.2,49.6,52.01
4856000,53.22,51.6,57.2,49.6,52.01
4857000,53.23,51.83,57.15,49.65,52.07
4858000,53.23,51.83,57.15,49.65,52.07
4859000,53.23,51.83,57.15,49.65,52.07
4860000,53.24,51.93,57.12,49.64,52.06
4861000,53.24,51.93,57.12,49.64,52.06
4862000,53.28,52.02,57.13,49.66,52.14
4863000,53.28,52.02,57.13,49.66,52.14
4864000,53.28,52.02,57.13,49.66,52.14
4865000,53.33,52.01,57.11,49.63,52.19
4866000,53.33,52.01,57.11,49.63,52.19
4867000,53.34,51.98,57.19,49.76,52.18
4868000,53.34,51.98,57.19,49.76,52.18
4869000,53.34,51.98,57.19,49.76,52.18
4870000,52.9,52.01,57.23,49.91,52.26
4871000,52.9,52.01,57.23,49.91,52.26
4872000,52.87,52.07,57.24,50.11,52.34
4873000,52.87,52.07,57.24,50.11,52.34
4874000,52.87,52.07,57.24,50.11,52.34
4875000,52.77,52.04,57.36,50.13,52.38
4876000,52.77,52.04,57.36,50.13,52.38
4877000,52.7,52.05,57.31,50.11,52.37
4878000,52.7,52.05,57.31,50.11,52.37
4879000,52.7,52.05,57.31,50.11,52.37
4880000,52.67,52.02,57.31,50.16,52.33
4881000,52.67,52.02,57.31,50.16,52.33
4882000,52.41,51.98,57.27,50.25,52.42
4883000,52.41,51.98,57.27,50.25,52.42
4884000,52.41,51.98,57.27,50.25,52.42
4885000,52.31,51.96,57.26,50.26,52.4
4886000,52.31,51.96,57.26,50.26,52.4
4887000,52.28,51.95,57.33,50.27,52.45
4888000,52.28,51.95,57.33,50.27,52.45
4889000,52.28,51.95,57.33,50.27,52.45
4890000,52.24,51.93,57.32,50.3,52.5
4891000,52.24,51.93,57.32,50.3,52.5
4892000,52.29,51.95,57.38,50.35,52.49
4893000,52.29,51.95,57.38,50.35,52.49
4894000,52.29,51.95,57.38,50.35,52.49
4895000,52.23,51.89,57.34,50.38,52.48
4896000,52.23,51.89,57.34,50.38,52.48
4897000,52.21,51.93,57.39,50.48,52.43
4898000,52.21,51.93,57.39,50.48,52.43
4899000,52.21,51.93,57.39,50.48,52.43
4900000,52.18,51.92,57.37,50.58,52.48
4901000,52.18,51.92,57.37,50.58,52.48
4902000,52.21,51.97,57.39,50.56,52.44
4903000,52.21,51.97,57.39,50.56,52.44
4904000,52.21,51.97,57.39,50.56,52.44
4905000,52.22,52.01,57.4,50.53,52.46
4906000,52.22,52.01,57.4,50.53,52.46
4907000,52.25,52.01,57.44,50.53,52.34
4908000,52.25,52.01,57.44,50.53,52.34
4909000,52.25,52.01,57.44,50.53,52.34
4910000,52.17,52.07,57.42,50.5,52.41
4911000,52.17,52.07,57.42,50.5,52.41
4912000,52.2,52.09,57.47,50.43,52.42
4913000,52.2,52.09,57.47,50.43,52.42
4914000,52.2,52.09,57.47,50.43,52.42
4915000,52.26,52.12,57.52,50.42,52.46
4916000,52.26,52.12,57.52,50.42,52.46
4917000,52.22,52.2,57.49,50.46,52.49
4918000,52.22,52.2,57.49,50.46,52.49
4919000,52.22,52.2,57.49,50.46,52.49
4920000,52.21,52.24,57.46,50.44,52.5
4921000,52.21,52.24,57.46,50.44,52.5
4922000,52.28,52.27,57.45,50.22,52.54
4923000,52.28,52.27,57.45,50.22,52.54
4924000,52.28,52.27,57.45,50.22,52.54
4925000,52.28,52.31,57.43,50.29,52.55
4926000,52.28,52.31,57.43,50.29,52.55
4927000,52.29,52.29,57.49,50.21,52.53
4928000,52.29,52.29,57.49,50.21,52.53
4929000,52.29,52.29,57.49,50.21,52.53
4930000,52.21,52.34,57.5,50.22,52.58
4931000,52.21,52.34,57.5,50.22,52.58
4932000,52.27,52.31,57.52,50.17,52.58
4933000,52.27,52.31,57.52,50.17,52.58
4934000,52.27,52.31,57.52,50.17,52.58
4935000,52.26,52.42,57.53,50.26,52.55
4936000,52.26,52.42,57.53,50.26,52.55
4937000,52.28,52.45,57.54,50.25,52.7
4938000,52.28,52.45,57.54,50.25,52.7
4939000,52.28,52.45,57.54,50.25,52.7
4940000,52.28,52.52,57.52,50.32,52.69
4941000,52.28,52.52,57.52,50.32,52.69
4942000,52.3,52.52,57.54,50.37,52.72
4943000,52.3,52.52,57.54,50.37,52.72
4944000,52.3,52.52,57.54,50.37,52.72
4945000,52.45,52.55,57.53,50.42,52.78
4946000,52.45,52.55,57.53,50.42,52.78
4947000,52.42,52.48,57.61,50.39,52.71
4948000,52.42,52.48,57.61,50.39,52.71
4949000,52.42,52.48,57.61,50.39,52.71
4950000,52.43,52.31,57.66,50.35,52.66
4951000,52.43,52.31,57.66,50.35,52.66
4952000,52.47,52.28,57.67,50.35,52.68
4953000,52.47,52.28,57.67,50.35,52.68
4954000,52.47,52.28,57.67,50.35,52.68
4955000,52.51,52.37,57.63,50.39,52.67
4956000,52.51,52.37,57.63,50.39,52.67
4957000,52.52,52.39,57.67,50.52,52.64
4958000,52.52,52.39,57.67,50.52,52.64
4959000,52.52,52.39,57.67,50.52,52.64
4960000,52.51,52.38,57.69,50.48,52.54
4961000,52.51,52.38,57.69,50.48,52.54
4962000,52.5,52.44,57.73,50.52,52.56
4963000,52.5,52.44,57.73,50.52,52.56
4964000,52.5,52.44,57.73,50.52,52.56
4965000,52.51,52.43,57.78,50.46,52.51
4966000,52.51,52.43,57.78,50.46,52.51
4967000,52.54,52.42,57.79,50.47,52.76
4968000,52.54,52.42,57.79,50.47,52.76
4969000,52.54,52.42,57.79,50.47,52.76
4970000,52.54,52.43,57.8,50.57,52.94
4971000,52.54,52.43,57.8,50.57,52.94
4972000,52.6,52.47,58.03,50.55,52.98
4973000,52.6,52.47,58.03,50.55,52.98
4974000,52.6,52.47,58.03,50.55,52.98
4975000,52.64,52.54,58.11,50.61,52.9
4976000,52.64,52.54,58.11,50.61,52.9
4977000,52.59,52.56,58.06,50.61,52.95
4978000,52.59,52.56,58.06,50.61,52.95
4979000,52.59,52.56,58.06,50.61,52.95
4980000,52.55,52.5,58.01,50.71,52.96
4981000,52.55,52.5,58.01,50.71,52.96
4982000,52.58,52.41,57.95,50.65,52.96
4983000,52.58,52.41,57.95,50.65,52.96
4984000,52.58,52.41,57.95,50.65,52.96
4985000,52.62,52.35,57.94,50.59,53.01
4986000,52.62,52.35,57.94,50.59,53.01
4987000,52.67,52.36,57.95,50.6,53.17
4988000,52.67,52.36,57.95,50.6,53.17
4989000,52.67,52.36,57.95,50.6,53.17
4990000,52.65,52.36,57.95,50.65,53.15
4991000,52.65,52.36,57.95,50.65,53.15
4992000,52.65,52.41,57.94,50.64,53.17
4993000,52.65,52.41,57.94,50.64,53.17
4994000,52.65,52.41,57.94,50.64,53.17
4995000,52.65,52.5,57.94,50.64,53.2
4996000,52.65,52.5,57.94,50.64,53.2
4997000,52.65,52.59,57.98,50.61,53.22
4998000,52.65,52.59,57.98,50.61,53.22
4999000,52.65,52.59,57.98,50.61,53.22
