step,seed1,seed2,seed3,seed4,seed5
1000,,,,,
2000,,,,,
3000,0.0,2.0,0.0,1.0,0.0
4000,0.0,2.0,0.0,1.0,0.0
5000,0.0,2.0,0.0,1.0,0.0
6000,0.0,1.0,0.0,0.5,1.0
7000,0.0,1.0,0.0,0.5,1.0
8000,0.0,1.0,0.33333334,0.33333334,0.6666667
9000,0.0,1.0,0.33333334,0.33333334,0.6666667
10000,0.0,1.0,0.33333334,0.33333334,0.6666667
11000,0.0,1.0,0.5,0.25,0.75
12000,0.0,1.0,0.5,0.25,0.75
13000,0.0,0.8,0.6,0.2,0.6
14000,0.0,0.8,0.6,0.2,0.6
15000,0.0,0.8,0.6,0.2,0.6
16000,0.0,0.8333333,0.5,0.16666667,0.5
17000,0.0,0.8333333,0.5,0.16666667,0.5
18000,0.2857143,0.71428573,0.71428573,0.14285715,0.5714286
19000,0.2857143,0.71428573,0.71428573,0.14285715,0.5714286
20000,0.2857143,0.71428573,0.71428573,0.14285715,0.5714286
21000,0.25,0.75,0.625,0.125,0.5
22000,0.25,0.75,0.625,0.125,0.5
23000,0.22222222,0.6666667,0.5555556,0.11111111,0.44444445
24000,0.22222222,0.6666667,0.5555556,0.11111111,0.44444445
25000,0.22222222,0.6666667,0.5555556,0.11111111,0.44444445
26000,0.2,0.6,0.5,0.1,0.4
27000,0.2,0.6,0.5,0.1,0.4
28000,0.18181819,0.54545456,0.45454547,0.09090909,0.36363637
29000,0.18181819,0.54545456,0.45454547,0.09090909,0.36363637
30000,0.18181819,0.54545456,0.45454547,0.09090909,0.36363637
31000,0.16666667,0.5,0.41666666,0.083333336,0.33333334
32000,0.16666667,0.5,0.41666666,0.083333336,0.33333334
33000,0.15384616,0.46153846,0.3846154,0.07692308,0.30769232
34000,0.15384616,0.46153846,0.3846154,0.07692308,0.30769232
35000,0.15384616,0.46153846,0.3846154,0.07692308,0.30769232
36000,0.14285715,0.42857143,0.35714287,0.071428575,0.2857143
37000,0.14285715,0.42857143,0.35714287,0.071428575,0.2857143
38000,0.13333334,0.4,0.4,0.2,0.26666668
39000,0.13333334,0.4,0.4,0.2,0.26666668
40000,0.13333334,0.4,0.4,0.2,0.26666668
41000,0.125,0.4375,0.375,0.1875,0.3125
42000,0.125,0.4375,0.375,0.1875,0.3125
43000,0.23529412,0.4117647,0.3529412,0.3529412,0.29411766
44000,0.23529412,0.4117647,0.3529412,0.3529412,0.29411766
45000,0.23529412,0.4117647,0.3529412,0.3529412,0.29411766
46000,0.2777778,0.3888889,0.33333334,0.5,0.33333334
47000,0.2777778,0.3888889,0.33333334,0.5,0.33333334
48000,0.31578946,0.42105263,0.42105263,0.47368422,0.31578946
49000,0.31578946,0.42105263,0.42105263,0.47368422,0.31578946
50000,0.31578946,0.42105263,0.42105263,0.47368422,0.31578946
51000,0.45,0.4,0.4,0.45,0.3
52000,0.45,0.4,0.4,0.45,0.3
53000,0.47619048,0.3809524,0.3809524,0.42857143,0.2857143
54000,0.47619048,0.3809524,0.3809524,0.42857143,0.2857143
55000,0.47619048,0.3809524,0.3809524,0.42857143,0.2857143
56000,0.45454547,0.45454547,0.4090909,0.54545456,0.27272728
57000,0.45454547,0.45454547,0.4090909,0.54545456,0.27272728
58000,0.6086956,0.5217391,0.39130434,0.5217391,0.26086956
59000,0.6086956,0.5217391,0.39130434,0.5217391,0.26086956
60000,0.6086956,0.5217391,0.39130434,0.5217391,0.26086956
61000,0.5833333,0.5833333,0.375,0.5,0.25
62000,0.5833333,0.5833333,0.375,0.5,0.25
63000,0.56,0.68,0.4,0.48,0.24
64000,0.56,0.68,0.4,0.48,0.24
65000,0.56,0.68,0.4,0.48,0.24
66000,0.53846157,0.65384614,0.3846154,0.46153846,0.26923078
67000,0.53846157,0.65384614,0.3846154,0.46153846,0.26923078
68000,0.5925926,0.6666667,0.4814815,0.44444445,0.25925925
69000,0.5925926,0.6666667,0.4814815,0.44444445,0.25925925
70000,0.5925926,0.6666667,0.4814815,0.44444445,0.25925925
71000,0.5714286,0.64285713,0.5,0.42857143,0.2857143
72000,0.5714286,0.64285713,0.5,0.42857143,0.2857143
73000,0.55172414,0.62068963,0.51724136,0.41379312,0.27586207
74000,0.55172414,0.62068963,0.51724136,0.41379312,0.27586207
75000,0.55172414,0.62068963,0.51724136,0.41379312,0.27586207
76000,0.56666666,0.6,0.5,0.4,0.26666668
77000,0.56666666,0.6,0.5,0.4,0.26666668
78000,0.5483871,0.67741936,0.48387095,0.38709676,0.2580645
79000,0.5483871,0.67741936,0.48387095,0.38709676,0.2580645
80000,0.5483871,0.67741936,0.48387095,0.38709676,0.2580645
81000,0.5625,0.65625,0.46875,0.375,0.25
82000,0.5625,0.65625,0.46875,0.375,0.25
83000,0.54545456,0.6666667,0.45454547,0.36363637,0.24242425
84000,0.54545456,0.6666667,0.45454547,0.36363637,0.24242425
85000,0.54545456,0.6666667,0.45454547,0.36363637,0.24242425
86000,0.5294118,0.64705884,0.44117647,0.3529412,0.23529412
87000,0.5294118,0.64705884,0.44117647,0.3529412,0.23529412
88000,0.51428574,0.62857145,0.42857143,0.34285715,0.22857143
89000,0.51428574,0.62857145,0.42857143,0.34285715,0.22857143
90000,0.51428574,0.62857145,0.42857143,0.34285715,0.22857143
91000,0.5,0.6388889,0.41666666,0.41666666,0.22222222
92000,0.5,0.6388889,0.41666666,0.41666666,0.22222222
93000,0.5675676,0.8108108,0.4054054,0.45945945,0.21621622
94000,0.5675676,0.8108108,0.4054054,0.45945945,0.21621622
95000,0.5675676,0.8108108,0.4054054,0.45945945,0.21621622
96000,0.55263156,0.84210527,0.39473686,0.4473684,0.2631579
97000,0.55263156,0.84210527,0.39473686,0.4473684,0.2631579
98000,0.64102566,0.84615386,0.3846154,0.43589744,0.3846154
99000,0.64102566,0.84615386,0.3846154,0.43589744,0.3846154
100000,0.64102566,0.84615386,0.3846154,0.43589744,0.3846154
101000,0.7,0.825,0.375,0.55,0.425
102000,0.7,0.825,0.375,0.55,0.425
103000,0.68292683,0.8292683,0.41463414,0.68292683,0.41463414
104000,0.68292683,0.8292683,0.41463414,0.68292683,0.41463414
105000,0.68292683,0.8292683,0.41463414,0.68292683,0.41463414
106000,0.6666667,0.85714287,0.4047619,0.6666667,0.45238096
107000,0.6666667,0.85714287,0.4047619,0.6666667,0.45238096
108000,0.6511628,0.8604651,0.39534885,0.6511628,0.44186047
109000,0.6511628,0.8604651,0.39534885,0.6511628,0.44186047
110000,0.6511628,0.8604651,0.39534885,0.6511628,0.44186047
111000,0.6363636,0.8863636,0.38636363,0.6363636,0.47727272
112000,0.6363636,0.8863636,0.38636363,0.6363636,0.47727272
113000,0.7111111,0.8666667,0.37777779,0.64444447,0.46666667
114000,0.7111111,0.8666667,0.37777779,0.64444447,0.46666667
115000,0.7111111,0.8666667,0.37777779,0.64444447,0.46666667
116000,0.7826087,0.9130435,0.36956522,0.7173913,0.5869565
117000,0.7826087,0.9130435,0.36956522,0.7173913,0.5869565
118000,0.80851066,0.89361703,0.38297874,0.78723407,0.63829786
119000,0.80851066,0.89361703,0.38297874,0.78723407,0.63829786
120000,0.80851066,0.89361703,0.38297874,0.78723407,0.63829786
121000,0.7916667,0.8958333,0.5416667,0.7708333,0.75
122000,0.7916667,0.8958333,0.5416667,0.7708333,0.75
123000,0.7755102,0.97959185,0.53061223,0.75510204,0.7346939
124000,0.7755102,0.97959185,0.53061223,0.75510204,0.7346939
125000,0.7755102,0.97959185,0.53061223,0.75510204,0.7346939
126000,0.78,1.06,0.54,0.74,0.76
127000,0.78,1.06,0.54,0.74,0.76
128000,0.7647059,1.0784314,0.5294118,0.74509805,0.78431374
129000,0.7647059,1.0784314,0.5294118,0.74509805,0.78431374
130000,0.7647059,1.0784314,0.5294118,0.74509805,0.78431374
131000,0.75,1.0576923,0.5192308,0.7692308,0.7692308
132000,0.75,1.0576923,0.5192308,0.7692308,0.7692308
133000,0.7358491,1.0566038,0.509434,0.8490566,0.754717
134000,0.7358491,1.0566038,0.509434,0.8490566,0.754717
135000,0.7358491,1.0566038,0.509434,0.8490566,0.754717
136000,0.7222222,1.074074,0.5,0.8333333,0.8333333
137000,0.7222222,1.074074,0.5,0.8333333,0.8333333
138000,0.7090909,1.0545454,0.6,0.8727273,0.8363636
139000,0.7090909,1.0545454,0.6,0.8727273,0.8363636
140000,0.7090909,1.0545454,0.6,0.8727273,0.8363636
141000,0.6964286,1.0357143,0.64285713,0.875,0.8214286
142000,0.6964286,1.0357143,0.64285713,0.875,0.8214286
143000,0.7719298,1.0350877,0.6315789,0.877193,0.84210527
144000,0.7719298,1.0350877,0.6315789,0.877193,0.84210527
145000,0.7719298,1.0350877,0.6315789,0.877193,0.84210527
146000,0.8103448,1.0344827,0.6551724,1.0,0.82758623
147000,0.8103448,1.0344827,0.6551724,1.0,0.82758623
148000,0.84745765,1.0169492,0.779661,1.0,0.84745765
149000,0.84745765,1.0169492,0.779661,1.0,0.84745765
150000,0.84745765,1.0169492,0.779661,1.0,0.84745765
151000,0.8333333,1.05,0.93333334,0.98333335,0.8833333
152000,0.8333333,1.05,0.93333334,0.98333335,0.8833333
153000,0.852459,1.0655738,0.91803277,0.9672131,0.90163934
154000,0.852459,1.0655738,0.91803277,0.9672131,0.90163934
155000,0.852459,1.0655738,0.91803277,0.9672131,0.90163934
156000,0.88709676,1.1129032,0.9516129,0.9516129,0.88709676
157000,0.88709676,1.1129032,0.9516129,0.9516129,0.88709676
158000,1.0,1.1111112,1.0,0.93650794,0.9206349
159000,1.0,1.1111112,1.0,0.93650794,0.9206349
160000,1.0,1.1111112,1.0,0.93650794,0.9206349
161000,1.03125,1.09375,1.0625,0.921875,0.90625
162000,1.03125,1.09375,1.0625,0.921875,0.90625
163000,1.0461539,1.1230769,1.1230769,1.0,1.0153847
164000,1.0461539,1.1230769,1.1230769,1.0,1.0153847
165000,1.0461539,1.1230769,1.1230769,1.0,1.0153847
166000,1.030303,1.1363636,1.1515151,1.0151515,1.0151515
167000,1.030303,1.1363636,1.1515151,1.0151515,1.0151515
168000,1.0746269,1.119403,1.1343284,1.0149254,1.0
169000,1.0746269,1.119403,1.1343284,1.0149254,1.0
170000,1.0746269,1.119403,1.1343284,1.0149254,1.0
171000,1.0882353,1.1029412,1.1617647,1.0,1.0
172000,1.0882353,1.1029412,1.1617647,1.0,1.0
173000,1.0724638,1.0869565,1.2028985,0.98550725,1.0
174000,1.0724638,1.0869565,1.2028985,0.98550725,1.0
175000,1.0724638,1.0869565,1.2028985,0.98550725,1.0
176000,1.1857142,1.0714285,1.2,0.9714286,0.98571426
177000,1.1857142,1.0714285,1.2,0.9714286,0.98571426
178000,1.2394366,1.0563381,1.2394366,0.9577465,0.97183096
179000,1.2394366,1.0563381,1.2394366,0.9577465,0.97183096
180000,1.2394366,1.0563381,1.2394366,0.9577465,0.97183096
181000,1.2638888,1.0416666,1.25,0.9444444,0.9583333
182000,1.2638888,1.0416666,1.25,0.9444444,0.9583333
183000,1.2465754,1.0273973,1.3013699,0.9315069,0.94520545
184000,1.2465754,1.0273973,1.3013699,0.9315069,0.94520545
185000,1.2465754,1.0273973,1.3013699,0.9315069,0.94520545
186000,1.2297298,1.0135136,1.2972972,0.9189189,0.9459459
187000,1.2297298,1.0135136,1.2972972,0.9189189,0.9459459
188000,1.2133334,1.0133333,1.36,1.0,0.94666666
189000,1.2133334,1.0133333,1.36,1.0,0.94666666
190000,1.2133334,1.0133333,1.36,1.0,0.94666666
191000,1.2763158,1.0,1.4605263,1.0,0.93421054
192000,1.2763158,1.0,1.4605263,1.0,0.93421054
193000,1.2857143,1.0,1.5064934,1.0779221,0.9350649
194000,1.2857143,1.0,1.5064934,1.0779221,0.9350649
195000,1.2857143,1.0,1.5064934,1.0779221,0.9350649
196000,1.3589743,1.1025641,1.5641025,1.1282052,0.9230769
197000,1.3589743,1.1025641,1.5641025,1.1282052,0.9230769
198000,1.4177215,1.2025317,1.607595,1.113924,0.9113924
199000,1.4177215,1.2025317,1.607595,1.113924,0.9113924
200000,1.4177215,1.2025317,1.607595,1.113924,0.9113924
201000,1.5125,1.2875,1.6875,1.1,0.9
202000,1.5125,1.2875,1.6875,1.1,0.9
203000,1.6049383,1.2962962,1.7037038,1.1234568,0.90123457
204000,1.6049383,1.2962962,1.7037038,1.1234568,0.90123457
205000,1.6049383,1.2962962,1.7037038,1.1234568,0.90123457
206000,1.6829268,1.304878,1.7317073,1.1463414,0.8902439
207000,1.6829268,1.304878,1.7317073,1.1463414,0.8902439
208000,1.686747,1.2891567,1.7831326,1.1325301,0.8795181
209000,1.686747,1.2891567,1.7831326,1.1325301,0.8795181
210000,1.686747,1.2891567,1.7831326,1.1325301,0.8795181
211000,1.7261904,1.2738096,1.8452381,1.1309524,0.86904764
212000,1.7261904,1.2738096,1.8452381,1.1309524,0.86904764
213000,1.8117647,1.2941177,1.9411764,1.1294118,0.85882354
214000,1.8117647,1.2941177,1.9411764,1.1294118,0.85882354
215000,1.8117647,1.2941177,1.9411764,1.1294118,0.85882354
216000,1.8953488,1.3720931,1.9767442,1.1162791,0.8488372
217000,1.8953488,1.3720931,1.9767442,1.1162791,0.8488372
218000,1.9655173,1.4022988,2.0229886,1.1034483,0.85057473
219000,1.9655173,1.4022988,2.0229886,1.1034483,0.85057473
220000,1.9655173,1.4022988,2.0229886,1.1034483,0.85057473
221000,2.0681818,1.4659091,2.0454545,1.0909091,0.84090906
222000,2.0681818,1.4659091,2.0454545,1.0909091,0.84090906
223000,2.0786517,1.505618,2.1011236,1.0786517,0.8651685
224000,2.0786517,1.505618,2.1011236,1.0786517,0.8651685
225000,2.0786517,1.505618,2.1011236,1.0786517,0.8651685
226000,2.2,1.4888889,2.1444445,1.0888889,0.87777776
227000,2.2,1.4888889,2.1444445,1.0888889,0.87777776
228000,2.2637362,1.4725275,2.2307692,1.0769231,0.96703297
229000,2.2637362,1.4725275,2.2307692,1.0769231,0.96703297
230000,2.2637362,1.4725275,2.2307692,1.0769231,0.96703297
231000,2.347826,1.5434783,2.25,1.0652174,0.9673913
232000,2.347826,1.5434783,2.25,1.0652174,0.9673913
233000,2.4301076,1.5806452,2.3225806,1.1290323,0.9569892
234000,2.4301076,1.5806452,2.3225806,1.1290323,0.9569892
235000,2.4301076,1.5806452,2.3225806,1.1290323,0.9569892
236000,2.4787233,1.5638298,2.3829787,1.2127659,0.9468085
237000,2.4787233,1.5638298,2.3829787,1.2127659,0.9468085
238000,2.5263157,1.5473684,2.4842105,1.3157895,0.94736844
239000,2.5263157,1.5473684,2.4842105,1.3157895,0.94736844
240000,2.5263157,1.5473684,2.4842105,1.3157895,0.94736844
241000,2.53125,1.59375,2.5416667,1.34375,1.0729166
242000,2.53125,1.59375,2.5416667,1.34375,1.0729166
243000,2.6185567,1.6701031,2.628866,1.4020618,1.1030928
244000,2.6185567,1.6701031,2.628866,1.4020618,1.1030928
245000,2.6185567,1.6701031,2.628866,1.4020618,1.1030928
246000,2.7040815,1.6734694,2.7551022,1.5204082,1.1836735
247000,2.7040815,1.6734694,2.7551022,1.5204082,1.1836735
248000,2.7878788,1.6969697,2.7878788,1.5959595,1.3232323
249000,2.7878788,1.6969697,2.7878788,1.5959595,1.3232323
250000,2.7878788,1.6969697,2.7878788,1.5959595,1.3232323
251000,2.87,1.68,2.84,1.67,1.44
252000,2.87,1.68,2.84,1.67,1.44
253000,3.01,1.66,2.91,1.78,1.56
254000,3.01,1.66,2.91,1.78,1.56
255000,3.01,1.66,2.91,1.78,1.56
256000,3.07,1.66,3.02,1.88,1.63
257000,3.07,1.66,3.02,1.88,1.63
258000,3.14,1.75,3.16,1.92,1.74
259000,3.14,1.75,3.16,1.92,1.74
260000,3.14,1.75,3.16,1.92,1.74
261000,3.25,1.87,3.25,1.99,1.75
262000,3.25,1.87,3.25,1.99,1.75
263000,3.29,1.95,3.35,2.08,1.87
264000,3.29,1.95,3.35,2.08,1.87
265000,3.29,1.95,3.35,2.08,1.87
266000,3.47,2.04,3.46,2.15,2.02
267000,3.47,2.04,3.46,2.15,2.02
268000,3.56,2.14,3.54,2.25,2.12
269000,3.56,2.14,3.54,2.25,2.12
270000,3.56,2.14,3.54,2.25,2.12
271000,3.67,2.27,3.64,2.3,2.22
272000,3.67,2.27,3.64,2.3,2.22
273000,3.74,2.36,3.8,2.41,2.39
274000,3.74,2.36,3.8,2.41,2.39
275000,3.74,2.36,3.8,2.41,2.39
276000,3.85,2.48,3.88,2.52,2.48
277000,3.85,2.48,3.88,2.52,2.48
278000,3.97,2.58,4.02,2.63,2.57
279000,3.97,2.58,4.02,2.63,2.57
280000,3.97,2.58,4.02,2.63,2.57
281000,4.07,2.65,4.17,2.76,2.67
282000,4.07,2.65,4.17,2.76,2.67
283000,4.16,2.77,4.29,2.87,2.76
284000,4.16,2.77,4.29,2.87,2.76
285000,4.16,2.77,4.29,2.87,2.76
286000,4.26,2.84,4.41,2.92,2.9
287000,4.26,2.84,4.41,2.92,2.9
288000,4.34,2.96,4.5,3.04,2.99
289000,4.34,2.96,4.5,3.04,2.99
290000,4.34,2.96,4.5,3.04,2.99
291000,4.49,3.02,4.64,3.18,3.09
292000,4.49,3.02,4.64,3.18,3.09
293000,4.54,3.14,4.7,3.27,3.15
294000,4.54,3.14,4.7,3.27,3.15
295000,4.54,3.14,4.7,3.27,3.15
296000,4.59,3.28,4.79,3.42,3.32
297000,4.59,3.28,4.79,3.42,3.32
298000,4.72,3.36,4.92,3.48,3.47
299000,4.72,3.36,4.92,3.48,3.47
300000,4.72,3.36,4.92,3.48,3.47
301000,4.81,3.56,5.01,3.6,3.64
302000,4.81,3.56,5.01,3.6,3.64
303000,4.9,3.65,5.18,3.76,3.76
304000,4.9,3.65,5.18,3.76,3.76
305000,4.9,3.65,5.18,3.76,3.76
306000,5.06,3.74,5.33,3.85,3.84
307000,5.06,3.74,5.33,3.85,3.84
308000,5.08,3.85,5.46,3.97,3.98
309000,5.08,3.85,5.46,3.97,3.98
310000,5.08,3.85,5.46,3.97,3.98
311000,5.22,3.93,5.61,4.06,4.12
312000,5.22,3.93,5.61,4.06,4.12
313000,5.3,4.03,5.75,4.21,4.21
314000,5.3,4.03,5.75,4.21,4.21
315000,5.3,4.03,5.75,4.21,4.21
316000,5.45,4.2,5.85,4.32,4.41
317000,5.45,4.2,5.85,4.32,4.41
318000,5.44,4.3,5.99,4.45,4.57
319000,5.44,4.3,5.99,4.45,4.57
320000,5.44,4.3,5.99,4.45,4.57
321000,5.54,4.45,6.11,4.55,4.7
322000,5.54,4.45,6.11,4.55,4.7
323000,5.74,4.63,6.28,4.71,4.87
324000,5.74,4.63,6.28,4.71,4.87
325000,5.74,4.63,6.28,4.71,4.87
326000,5.86,4.8,6.44,4.8,5.03
327000,5.86,4.8,6.44,4.8,5.03
328000,5.93,4.89,6.59,4.9,5.2
329000,5.93,4.89,6.59,4.9,5.2
330000,5.93,4.89,6.59,4.9,5.2
331000,6.09,5.04,6.76,5.05,5.44
332000,6.09,5.04,6.76,5.05,5.44
333000,6.27,5.17,6.96,5.13,5.52
334000,6.27,5.17,6.96,5.13,5.52
335000,6.27,5.17,6.96,5.13,5.52
336000,6.42,5.31,7.13,5.36,5.69
337000,6.42,5.31,7.13,5.36,5.69
338000,6.6,5.5,7.29,5.53,5.88
339000,6.6,5.5,7.29,5.53,5.88
340000,6.6,5.5,7.29,5.53,5.88
341000,6.7,5.61,7.5,5.62,6.01
342000,6.7,5.61,7.5,5.62,6.01
343000,6.88,5.73,7.68,5.75,6.14
344000,6.88,5.73,7.68,5.75,6.14
345000,6.88,5.73,7.68,5.75,6.14
346000,7.13,6.0,7.87,5.92,6.29
347000,7.13,6.0,7.87,5.92,6.29
348000,7.25,6.22,8.15,5.96,6.42
349000,7.25,6.22,8.15,5.96,6.42
350000,7.25,6.22,8.15,5.96,6.42
351000,7.41,6.35,8.28,5.93,6.45
352000,7.41,6.35,8.28,5.93,6.45
353000,7.54,6.51,8.41,5.99,6.63
354000,7.54,6.51,8.41,5.99,6.63
355000,7.54,6.51,8.41,5.99,6.63
356000,7.72,6.68,8.58,6.14,6.82
357000,7.72,6.68,8.58,6.14,6.82
358000,7.94,6.83,8.76,6.31,7.06
359000,7.94,6.83,8.76,6.31,7.06
360000,7.94,6.83,8.76,6.31,7.06
361000,8.13,7.06,8.94,6.45,7.27
362000,8.13,7.06,8.94,6.45,7.27
363000,8.26,7.28,9.11,6.59,7.5
364000,8.26,7.28,9.11,6.59,7.5
365000,8.26,7.28,9.11,6.59,7.5
366000,8.44,7.44,9.29,6.69,7.66
367000,8.44,7.44,9.29,6.69,7.66
368000,8.64,7.58,9.52,6.86,7.77
369000,8.64,7.58,9.52,6.86,7.77
370000,8.64,7.58,9.52,6.86,7.77
371000,8.84,7.82,9.66,7.01,7.89
372000,8.84,7.82,9.66,7.01,7.89
373000,9.09,7.93,9.86,7.11,8.06
374000,9.09,7.93,9.86,7.11,8.06
375000,9.09,7.93,9.86,7.11,8.06
376000,9.31,8.02,10.07,7.25,8.22
377000,9.31,8.02,10.07,7.25,8.22
378000,9.51,8.22,10.27,7.4,8.43
379000,9.51,8.22,10.27,7.4,8.43
380000,9.51,8.22,10.27,7.4,8.43
381000,9.69,8.44,10.48,7.58,8.65
382000,9.69,8.44,10.48,7.58,8.65
383000,9.96,8.64,10.66,7.7,8.86
384000,9.96,8.64,10.66,7.7,8.86
385000,9.96,8.64,10.66,7.7,8.86
386000,10.19,8.83,10.79,7.91,9.03
387000,10.19,8.83,10.79,7.91,9.03
388000,10.44,9.0,10.95,8.09,9.25
389000,10.44,9.0,10.95,8.09,9.25
390000,10.44,9.0,10.95,8.09,9.25
391000,10.67,9.19,11.11,8.24,9.44
392000,10.67,9.19,11.11,8.24,9.44
393000,10.86,9.34,11.32,8.43,9.64
394000,10.86,9.34,11.32,8.43,9.64
395000,10.86,9.34,11.32,8.43,9.64
396000,11.07,9.56,11.51,8.44,9.85
397000,11.07,9.56,11.51,8.44,9.85
398000,11.23,9.77,11.66,8.62,10.02
399000,11.23,9.77,11.66,8.62,10.02
400000,11.23,9.77,11.66,8.62,10.02
401000,11.4,9.96,11.84,8.81,10.23
402000,11.4,9.96,11.84,8.81,10.23
403000,11.54,10.18,11.99,8.99,10.44
404000,11.54,10.18,11.99,8.99,10.44
405000,11.54,10.18,11.99,8.99,10.44
406000,11.68,10.37,12.14,9.17,10.66
407000,11.68,10.37,12.14,9.17,10.66
408000,11.79,10.64,12.32,9.4,10.8
409000,11.79,10.64,12.32,9.4,10.8
410000,11.79,10.64,12.32,9.4,10.8
411000,12.01,10.93,12.54,9.56,11.08
412000,12.01,10.93,12.54,9.56,11.08
413000,12.28,11.13,12.61,9.75,11.27
414000,12.28,11.13,12.61,9.75,11.27
415000,12.28,11.13,12.61,9.75,11.27
416000,12.54,11.3,12.86,10.0,11.42
417000,12.54,11.3,12.86,10.0,11.42
418000,12.75,11.57,13.07,10.13,11.54
419000,12.75,11.57,13.07,10.13,11.54
420000,12.75,11.57,13.07,10.13,11.54
421000,12.92,11.77,13.19,10.38,11.81
422000,12.92,11.77,13.19,10.38,11.81
423000,13.19,12.1,13.39,10.6,12.14
424000,13.19,12.1,13.39,10.6,12.14
425000,13.19,12.1,13.39,10.6,12.14
426000,13.38,12.34,13.67,10.77,12.38
427000,13.38,12.34,13.67,10.77,12.38
428000,13.48,12.59,13.84,11.03,12.63
429000,13.48,12.59,13.84,11.03,12.63
430000,13.48,12.59,13.84,11.03,12.63
431000,13.66,12.84,14.08,11.2,12.96
432000,13.66,12.84,14.08,11.2,12.96
433000,13.89,13.17,14.26,11.36,13.23
434000,13.89,13.17,14.26,11.36,13.23
435000,13.89,13.17,14.26,11.36,13.23
436000,14.23,13.42,14.58,11.58,13.4
437000,14.23,13.42,14.58,11.58,13.4
438000,14.5,13.76,14.82,11.71,13.65
439000,14.5,13.76,14.82,11.71,13.65
440000,14.5,13.76,14.82,11.71,13.65
441000,14.68,14.01,14.88,11.9,13.87
442000,14.68,14.01,14.88,11.9,13.87
443000,14.97,14.22,15.15,12.09,14.13
444000,14.97,14.22,15.15,12.09,14.13
445000,14.97,14.22,15.15,12.09,14.13
446000,15.21,14.37,15.23,12.23,14.48
447000,15.21,14.37,15.23,12.23,14.48
448000,15.4,14.47,15.5,12.47,14.77
449000,15.4,14.47,15.5,12.47,14.77
450000,15.4,14.47,15.5,12.47,14.77
451000,15.61,14.68,15.64,12.71,15.0
452000,15.61,14.68,15.64,12.71,15.0
453000,15.78,14.93,15.99,12.95,15.25
454000,15.78,14.93,15.99,12.95,15.25
455000,15.78,14.93,15.99,12.95,15.25
456000,15.99,15.18,16.01,13.18,15.48
457000,15.99,15.18,16.01,13.18,15.48
458000,16.24,15.42,16.23,13.44,15.72
459000,16.24,15.42,16.23,13.44,15.72
460000,16.24,15.42,16.23,13.44,15.72
461000,16.46,15.69,16.39,13.67,16.06
462000,16.46,15.69,16.39,13.67,16.06
463000,16.62,15.93,16.63,13.96,16.32
464000,16.62,15.93,16.63,13.96,16.32
465000,16.62,15.93,16.63,13.96,16.32
466000,16.71,16.14,16.83,14.23,16.67
467000,16.71,16.14,16.83,14.23,16.67
468000,16.83,16.31,16.97,14.37,16.9
469000,16.83,16.31,16.97,14.37,16.9
470000,16.83,16.31,16.97,14.37,16.9
471000,17.0,16.44,17.12,14.66,17.14
472000,17.0,16.44,17.12,14.66,17.14
473000,17.19,16.67,17.39,14.94,17.38
474000,17.19,16.67,17.39,14.94,17.38
475000,17.19,16.67,17.39,14.94,17.38
476000,17.36,16.94,17.46,15.21,17.71
477000,17.36,16.94,17.46,15.21,17.71
478000,17.53,17.26,17.42,15.51,17.96
479000,17.53,17.26,17.42,15.51,17.96
480000,17.53,17.26,17.42,15.51,17.96
481000,17.62,17.46,17.67,15.75,18.11
482000,17.62,17.46,17.67,15.75,18.11
483000,17.64,17.77,17.86,15.94,18.35
484000,17.64,17.77,17.86,15.94,18.35
485000,17.64,17.77,17.86,15.94,18.35
486000,17.79,18.11,18.04,16.2,18.6
487000,17.79,18.11,18.04,16.2,18.6
488000,18.07,18.39,18.22,16.33,18.99
489000,18.07,18.39,18.22,16.33,18.99
490000,18.07,18.39,18.22,16.33,18.99
491000,18.35,18.65,18.33,16.53,19.11
492000,18.35,18.65,18.33,16.53,19.11
493000,18.48,18.89,18.46,16.7,19.15
494000,18.48,18.89,18.46,16.7,19.15
495000,18.48,18.89,18.46,16.7,19.15
496000,18.57,19.02,18.6,16.9,19.2
497000,18.57,19.02,18.6,16.9,19.2
498000,18.74,19.33,18.73,17.11,19.35
499000,18.74,19.33,18.73,17.11,19.35
500000,18.74,19.33,18.73,17.11,19.35
501000,18.69,19.64,18.8,17.33,19.56
502000,18.69,19.64,18.8,17.33,19.56
503000,18.82,19.82,19.08,17.47,19.61
504000,18.82,19.82,19.08,17.47,19.61
505000,18.82,19.82,19.08,17.47,19.61
506000,18.84,20.13,18.98,17.65,19.79
507000,18.84,20.13,18.98,17.65,19.79
508000,19.01,20.23,19.07,17.78,19.93
509000,19.01,20.23,19.07,17.78,19.93
510000,19.01,20.23,19.07,17.78,19.93
511000,19.09,20.23,19.32,18.03,19.91
512000,19.09,20.23,19.32,18.03,19.91
513000,19.1,20.43,19.31,18.28,19.9
514000,19.1,20.43,19.31,18.28,19.9
515000,19.1,20.43,19.31,18.28,19.9
516000,19.29,20.51,19.53,18.47,19.97
517000,19.29,20.51,19.53,18.47,19.97
518000,19.56,20.67,19.58,18.75,20.21
519000,19.56,20.67,19.58,18.75,20.21
520000,19.56,20.67,19.58,18.75,20.21
521000,19.51,20.8,19.63,19.07,20.22
522000,19.51,20.8,19.63,19.07,20.22
523000,19.69,20.92,19.79,19.09,20.28
524000,19.69,20.92,19.79,19.09,20.28
525000,19.69,20.92,19.79,19.09,20.28
526000,19.66,20.93,20.1,19.24,20.53
527000,19.66,20.93,20.1,19.24,20.53
528000,19.71,21.1,20.23,19.3,20.88
529000,19.71,21.1,20.23,19.3,20.88
530000,19.71,21.1,20.23,19.3,20.88
531000,19.88,21.25,20.11,19.35,20.87
532000,19.88,21.25,20.11,19.35,20.87
533000,20.0,21.45,20.17,19.38,20.96
534000,20.0,21.45,20.17,19.38,20.96
535000,20.0,21.45,20.17,19.38,20.96
536000,20.16,21.6,20.41,19.58,21.16
537000,20.16,21.6,20.41,19.58,21.16
538000,20.29,21.77,20.37,19.72,21.19
539000,20.29,21.77,20.37,19.72,21.19
540000,20.29,21.77,20.37,19.72,21.19
541000,20.28,22.06,20.55,19.71,21.13
542000,20.28,22.06,20.55,19.71,21.13
543000,20.22,22.21,20.8,19.82,21.18
544000,20.22,22.21,20.8,19.82,21.18
545000,20.22,22.21,20.8,19.82,21.18
546000,20.3,22.43,21.07,19.9,21.39
547000,20.3,22.43,21.07,19.9,21.39
548000,20.56,22.7,21.02,19.95,21.52
549000,20.56,22.7,21.02,19.95,21.52
550000,20.56,22.7,21.02,19.95,21.52
551000,20.72,22.86,20.99,20.12,21.6
552000,20.72,22.86,20.99,20.12,21.6
553000,20.87,23.1,21.07,20.23,21.66
554000,20.87,23.1,21.07,20.23,21.66
555000,20.87,23.1,21.07,20.23,21.66
556000,20.94,23.14,21.33,20.43,21.83
557000,20.94,23.14,21.33,20.43,21.83
558000,20.99,23.42,21.51,20.48,21.87
559000,20.99,23.42,21.51,20.48,21.87
560000,20.99,23.42,21.51,20.48,21.87
561000,21.04,23.62,21.38,20.45,22.01
562000,21.04,23.62,21.38,20.45,22.01
563000,21.02,23.68,21.38,20.59,22.21
564000,21.02,23.68,21.38,20.59,22.21
565000,21.02,23.68,21.38,20.59,22.21
566000,21.09,23.77,21.35,20.49,22.29
567000,21.09,23.77,21.35,20.49,22.29
568000,21.22,23.77,21.3,20.61,22.35
569000,21.22,23.77,21.3,20.61,22.35
570000,21.22,23.77,21.3,20.61,22.35
571000,21.27,23.85,21.43,20.57,22.52
572000,21.27,23.85,21.43,20.57,22.52
573000,21.1,23.95,21.58,20.51,22.62
574000,21.1,23.95,21.58,20.51,22.62
575000,21.1,23.95,21.58,20.51,22.62
576000,21.17,23.92,21.45,20.58,22.72
577000,21.17,23.92,21.45,20.58,22.72
578000,21.39,24.1,21.59,20.78,22.89
579000,21.39,24.1,21.59,20.78,22.89
580000,21.39,24.1,21.59,20.78,22.89
581000,21.62,24.13,21.77,21.01,22.76
582000,21.62,24.13,21.77,21.01,22.76
583000,21.53,23.99,21.76,21.26,22.82
584000,21.53,23.99,21.76,21.26,22.82
585000,21.53,23.99,21.76,21.26,22.82
586000,21.56,24.17,21.87,21.3,22.8
587000,21.56,24.17,21.87,21.3,22.8
588000,21.6,24.11,21.9,21.23,22.81
589000,21.6,24.11,21.9,21.23,22.81
590000,21.6,24.11,21.9,21.23,22.81
591000,21.78,24.03,21.87,21.49,22.98
592000,21.78,24.03,21.87,21.49,22.98
593000,21.86,24.17,21.73,21.67,23.18
594000,21.86,24.17,21.73,21.67,23.18
595000,21.86,24.17,21.73,21.67,23.18
596000,21.94,24.08,21.77,21.83,23.3
597000,21.94,24.08,21.77,21.83,23.3
598000,22.04,24.2,21.56,22.11,23.39
599000,22.04,24.2,21.56,22.11,23.39
600000,22.04,24.2,21.56,22.11,23.39
601000,22.06,24.36,21.64,22.33,23.61
602000,22.06,24.36,21.64,22.33,23.61
603000,22.2,24.55,21.62,22.48,23.46
604000,22.2,24.55,21.62,22.48,23.46
605000,22.2,24.55,21.62,22.48,23.46
606000,22.16,24.65,21.65,22.54,23.46
607000,22.16,24.65,21.65,22.54,23.46
608000,22.31,24.62,21.58,22.71,23.22
609000,22.31,24.62,21.58,22.71,23.22
610000,22.31,24.62,21.58,22.71,23.22
611000,22.33,24.62,21.67,22.91,23.09
612000,22.33,24.62,21.67,22.91,23.09
613000,22.2,24.59,21.68,22.9,23.08
614000,22.2,24.59,21.68,22.9,23.08
615000,22.2,24.59,21.68,22.9,23.08
616000,22.33,24.71,21.59,23.04,23.13
617000,22.33,24.71,21.59,23.04,23.13
618000,22.14,24.96,21.59,23.11,23.19
619000,22.14,24.96,21.59,23.11,23.19
620000,22.14,24.96,21.59,23.11,23.19
621000,21.96,25.01,21.79,23.26,23.3
622000,21.96,25.01,21.79,23.26,23.3
623000,21.87,24.91,21.89,23.54,23.27
624000,21.87,24.91,21.89,23.54,23.27
625000,21.87,24.91,21.89,23.54,23.27
626000,21.87,25.11,21.75,23.51,23.46
627000,21.87,25.11,21.75,23.51,23.46
628000,21.83,24.96,21.78,23.39,23.53
629000,21.83,24.96,21.78,23.39,23.53
630000,21.83,24.96,21.78,23.39,23.53
631000,21.89,24.93,21.88,23.33,23.5
632000,21.89,24.93,21.88,23.33,23.5
633000,21.93,24.95,21.85,23.26,23.44
634000,21.93,24.95,21.85,23.26,23.44
635000,21.93,24.95,21.85,23.26,23.44
636000,22.03,25.14,21.93,23.24,23.53
637000,22.03,25.14,21.93,23.24,23.53
638000,22.11,25.23,21.84,23.3,23.53
639000,22.11,25.23,21.84,23.3,23.53
640000,22.11,25.23,21.84,23.3,23.53
641000,22.22,25.1,21.86,23.34,23.34
642000,22.22,25.1,21.86,23.34,23.34
643000,21.99,25.18,21.83,23.35,23.42
644000,21.99,25.18,21.83,23.35,23.42
645000,21.99,25.18,21.83,23.35,23.42
646000,21.81,25.29,21.91,23.57,23.36
647000,21.81,25.29,21.91,23.57,23.36
648000,21.81,25.34,21.77,23.54,23.38
649000,21.81,25.34,21.77,23.54,23.38
650000,21.81,25.34,21.77,23.54,23.38
651000,21.7,25.5,21.62,23.58,23.31
652000,21.7,25.5,21.62,23.58,23.31
653000,21.83,25.27,21.79,23.65,23.41
654000,21.83,25.27,21.79,23.65,23.41
655000,21.83,25.27,21.79,23.65,23.41
656000,21.92,25.26,21.8,23.5,23.37
657000,21.92,25.26,21.8,23.5,23.37
658000,22.03,25.16,21.85,23.45,23.42
659000,22.03,25.16,21.85,23.45,23.42
660000,22.03,25.16,21.85,23.45,23.42
661000,22.09,25.07,21.59,23.45,23.16
662000,22.09,25.07,21.59,23.45,23.16
663000,21.93,25.19,21.78,23.53,23.22
664000,21.93,25.19,21.78,23.53,23.22
665000,21.93,25.19,21.78,23.53,23.22
666000,22.01,25.25,21.7,23.45,23.26
667000,22.01,25.25,21.7,23.45,23.26
668000,21.96,25.22,21.56,23.7,23.18
669000,21.96,25.22,21.56,23.7,23.18
670000,21.96,25.22,21.56,23.7,23.18
671000,21.89,25.04,21.64,23.58,23.01
672000,21.89,25.04,21.64,23.58,23.01
673000,21.8,24.99,21.67,23.74,22.87
674000,21.8,24.99,21.67,23.74,22.87
675000,21.8,24.99,21.67,23.74,22.87
676000,21.64,25.06,21.71,23.89,22.93
677000,21.64,25.06,21.71,23.89,22.93
678000,21.83,24.87,21.54,23.79,23.02
679000,21.83,24.87,21.54,23.79,23.02
680000,21.83,24.87,21.54,23.79,23.02
681000,21.83,24.73,21.42,23.78,22.96
682000,21.83,24.73,21.42,23.78,22.96
683000,21.68,24.64,21.26,23.7,22.87
684000,21.68,24.64,21.26,23.7,22.87
685000,21.68,24.64,21.26,23.7,22.87
686000,21.71,24.63,21.11,23.67,22.95
687000,21.71,24.63,21.11,23.67,22.95
688000,21.51,24.6,20.88,23.8,23.01
689000,21.51,24.6,20.88,23.8,23.01
690000,21.51,24.6,20.88,23.8,23.01
691000,21.56,24.69,21.02,23.96,23.18
692000,21.56,24.69,21.02,23.96,23.18
693000,21.36,24.77,20.91,24.03,23.02
694000,21.36,24.77,20.91,24.03,23.02
695000,21.36,24.77,20.91,24.03,23.02
696000,21.1,24.63,20.92,24.06,22.81
697000,21.1,24.63,20.92,24.06,22.81
698000,21.13,24.67,20.83,23.9,22.83
699000,21.13,24.67,20.83,23.9,22.83
700000,21.13,24.67,20.83,23.9,22.83
701000,20.85,24.53,20.65,23.99,22.89
702000,20.85,24.53,20.65,23.99,22.89
703000,20.83,24.27,20.68,23.96,22.91
704000,20.83,24.27,20.68,23.96,22.91
705000,20.83,24.27,20.68,23.96,22.91
706000,20.89,24.27,20.87,23.9,22.84
707000,20.89,24.27,20.87,23.9,22.84
708000,20.88,24.15,20.9,23.93,22.61
709000,20.88,24.15,20.9,23.93,22.61
710000,20.88,24.15,20.9,23.93,22.61
711000,20.72,24.18,20.84,23.92,22.31
712000,20.72,24.18,20.84,23.92,22.31
713000,20.53,24.23,20.85,23.89,22.32
714000,20.53,24.23,20.85,23.89,22.32
715000,20.53,24.23,20.85,23.89,22.32
716000,20.51,24.37,20.84,23.94,22.28
717000,20.51,24.37,20.84,23.94,22.28
718000,20.61,24.34,20.92,24.13,22.34
719000,20.61,24.34,20.92,24.13,22.34
720000,20.61,24.34,20.92,24.13,22.34
721000,20.58,24.19,20.87,24.2,22.32
722000,20.58,24.19,20.87,24.2,22.32
723000,20.58,23.97,20.7,24.04,22.24
724000,20.58,23.97,20.7,24.04,22.24
725000,20.58,23.97,20.7,24.04,22.24
726000,20.64,23.79,20.87,23.92,22.18
727000,20.64,23.79,20.87,23.92,22.18
728000,20.62,23.82,21.08,23.9,22.12
729000,20.62,23.82,21.08,23.9,22.12
730000,20.62,23.82,21.08,23.9,22.12
731000,20.78,23.88,20.85,23.76,22.33
732000,20.78,23.88,20.85,23.76,22.33
733000,20.81,23.54,20.87,23.66,22.38
734000,20.81,23.54,20.87,23.66,22.38
735000,20.81,23.54,20.87,23.66,22.38
736000,20.77,23.4,20.91,23.58,22.25
737000,20.77,23.4,20.91,23.58,22.25
738000,20.71,23.42,20.8,23.55,22.02
739000,20.71,23.42,20.8,23.55,22.02
740000,20.71,23.42,20.8,23.55,22.02
741000,20.61,23.33,20.94,23.57,21.81
742000,20.61,23.33,20.94,23.57,21.81
743000,20.39,23.32,20.88,23.65,21.81
744000,20.39,23.32,20.88,23.65,21.81
745000,20.39,23.32,20.88,23.65,21.81
746000,20.45,23.31,20.72,23.48,21.78
747000,20.45,23.31,20.72,23.48,21.78
748000,20.41,23.26,20.81,23.38,21.77
749000,20.41,23.26,20.81,23.38,21.77
750000,20.41,23.26,20.81,23.38,21.77
751000,20.74,23.14,20.92,23.35,21.72
752000,20.74,23.14,20.92,23.35,21.72
753000,20.77,23.22,20.85,23.49,21.84
754000,20.77,23.22,20.85,23.49,21.84
755000,20.77,23.22,20.85,23.49,21.84
756000,20.94,23.25,20.97,23.24,21.73
757000,20.94,23.25,20.97,23.24,21.73
758000,21.15,23.24,21.07,23.31,21.81
759000,21.15,23.24,21.07,23.31,21.81
760000,21.15,23.24,21.07,23.31,21.81
761000,21.27,23.46,21.03,23.36,22.0
762000,21.27,23.46,21.03,23.36,22.0
763000,21.43,23.42,21.09,23.11,21.98
764000,21.43,23.42,21.09,23.11,21.98
765000,21.43,23.42,21.09,23.11,21.98
766000,21.29,23.54,20.89,23.21,21.94
767000,21.29,23.54,20.89,23.21,21.94
768000,21.04,23.34,20.93,23.08,21.92
769000,21.04,23.34,20.93,23.08,21.92
770000,21.04,23.34,20.93,23.08,21.92
771000,21.17,23.46,20.99,22.92,21.91
772000,21.17,23.46,20.99,22.92,21.91
773000,21.3,23.55,20.99,22.87,21.9
774000,21.3,23.55,20.99,22.87,21.9
775000,21.3,23.55,20.99,22.87,21.9
776000,21.36,23.79,20.8,22.89,21.87
777000,21.36,23.79,20.8,22.89,21.87
778000,21.29,23.58,20.79,23.07,21.81
779000,21.29,23.58,20.79,23.07,21.81
780000,21.29,23.58,20.79,23.07,21.81
781000,21.35,23.71,20.87,23.16,22.03
782000,21.35,23.71,20.87,23.16,22.03
783000,21.5,23.73,21.01,23.37,22.24
784000,21.5,23.73,21.01,23.37,22.24
785000,21.5,23.73,21.01,23.37,22.24
786000,21.5,23.74,20.89,23.3,22.13
787000,21.5,23.74,20.89,23.3,22.13
788000,21.46,23.69,21.08,23.27,22.24
789000,21.46,23.69,21.08,23.27,22.24
790000,21.46,23.69,21.08,23.27,22.24
791000,21.35,23.52,20.99,23.2,22.53
792000,21.35,23.52,20.99,23.2,22.53
793000,21.47,23.38,20.96,23.16,22.78
794000,21.47,23.38,20.96,23.16,22.78
795000,21.47,23.38,20.96,23.16,22.78
796000,21.39,23.24,20.96,23.19,22.69
797000,21.39,23.24,20.96,23.19,22.69
798000,21.26,23.25,21.19,23.36,22.44
799000,21.26,23.25,21.19,23.36,22.44
800000,21.26,23.25,21.19,23.36,22.44
801000,21.03,23.22,21.38,23.24,22.24
802000,21.03,23.22,21.38,23.24,22.24
803000,21.15,23.09,21.28,23.22,22.32
804000,21.15,23.09,21.28,23.22,22.32
805000,21.15,23.09,21.28,23.22,22.32
806000,21.28,23.25,21.21,23.23,22.33
807000,21.28,23.25,21.21,23.23,22.33
808000,21.27,23.09,21.2,23.3,22.47
809000,21.27,23.09,21.2,23.3,22.47
810000,21.27,23.09,21.2,23.3,22.47
811000,21.31,22.97,21.45,23.45,22.27
812000,21.31,22.97,21.45,23.45,22.27
813000,21.44,23.08,21.62,23.33,22.11
814000,21.44,23.08,21.62,23.33,22.11
815000,21.44,23.08,21.62,23.33,22.11
816000,21.41,23.1,21.88,23.68,21.94
817000,21.41,23.1,21.88,23.68,21.94
818000,21.49,23.34,22.12,23.66,22.02
819000,21.49,23.34,22.12,23.66,22.02
820000,21.49,23.34,22.12,23.66,22.02
821000,21.73,23.25,22.16,23.97,21.97
822000,21.73,23.25,22.16,23.97,21.97
823000,22.0,23.39,22.09,24.06,21.91
824000,22.0,23.39,22.09,24.06,21.91
825000,22.0,23.39,22.09,24.06,21.91
826000,21.99,23.63,22.25,23.97,21.8
827000,21.99,23.63,22.25,23.97,21.8
828000,22.03,23.63,22.33,23.82,21.83
829000,22.03,23.63,22.33,23.82,21.83
830000,22.03,23.63,22.33,23.82,21.83
831000,21.67,23.82,22.03,23.75,21.91
832000,21.67,23.82,22.03,23.75,21.91
833000,21.78,24.05,22.19,23.7,22.04
834000,21.78,24.05,22.19,23.7,22.04
835000,21.78,24.05,22.19,23.7,22.04
836000,21.87,24.04,22.02,23.65,21.98
837000,21.87,24.04,22.02,23.65,21.98
838000,21.78,24.1,21.87,23.83,22.03
839000,21.78,24.1,21.87,23.83,22.03
840000,21.78,24.1,21.87,23.83,22.03
841000,21.56,24.36,21.81,23.73,21.98
842000,21.56,24.36,21.81,23.73,21.98
843000,21.39,24.09,22.0,23.74,21.94
844000,21.39,24.09,22.0,23.74,21.94
845000,21.39,24.09,22.0,23.74,21.94
846000,21.38,23.97,22.02,23.84,22.01
847000,21.38,23.97,22.02,23.84,22.01
848000,21.14,23.74,22.34,23.59,21.96
849000,21.14,23.74,22.34,23.59,21.96
850000,21.14,23.74,22.34,23.59,21.96
851000,21.12,23.75,22.42,23.47,21.74
852000,21.12,23.75,22.42,23.47,21.74
853000,21.2,23.72,22.45,23.36,21.91
854000,21.2,23.72,22.45,23.36,21.91
855000,21.2,23.72,22.45,23.36,21.91
856000,21.14,23.62,22.54,23.47,21.79
857000,21.14,23.62,22.54,23.47,21.79
858000,21.05,23.76,22.77,23.3,21.82
859000,21.05,23.76,22.77,23.3,21.82
860000,21.05,23.76,22.77,23.3,21.82
861000,20.9,23.63,22.7,23.25,21.88
862000,20.9,23.63,22.7,23.25,21.88
863000,20.9,23.72,22.73,23.44,21.91
864000,20.9,23.72,22.73,23.44,21.91
865000,20.9,23.72,22.73,23.44,21.91
866000,20.62,23.78,22.82,23.33,21.97
867000,20.62,23.78,22.82,23.33,21.97
868000,20.68,23.4,22.66,23.37,22.08
869000,20.68,23.4,22.66,23.37,22.08
870000,20.68,23.4,22.66,23.37,22.08
871000,20.79,23.3,22.61,23.31,22.09
872000,20.79,23.3,22.61,23.31,22.09
873000,20.96,23.57,22.44,22.94,22.16
874000,20.96,23.57,22.44,22.94,22.16
875000,20.96,23.57,22.44,22.94,22.16
876000,21.04,23.48,22.48,23.1,22.15
877000,21.04,23.48,22.48,23.1,22.15
878000,21.17,23.63,22.41,23.26,22.22
879000,21.17,23.63,22.41,23.26,22.22
880000,21.17,23.63,22.41,23.26,22.22
881000,21.19,23.81,22.41,23.32,22.06
882000,21.19,23.81,22.41,23.32,22.06
883000,21.24,23.92,22.4,23.64,21.93
884000,21.24,23.92,22.4,23.64,21.93
885000,21.24,23.92,22.4,23.64,21.93
886000,21.08,23.58,22.19,23.54,21.71
887000,21.08,23.58,22.19,23.54,21.71
888000,21.04,23.64,22.43,23.62,21.78
889000,21.04,23.64,22.43,23.62,21.78
890000,21.04,23.64,22.43,23.62,21.78
891000,20.85,23.87,22.32,23.7,21.79
892000,20.85,23.87,22.32,23.7,21.79
893000,20.94,23.92,22.35,23.83,21.69
894000,20.94,23.92,22.35,23.83,21.69
895000,20.94,23.92,22.35,23.83,21.69
896000,21.19,23.72,22.39,23.76,21.83
897000,21.19,23.72,22.39,23.76,21.83
898000,21.21,23.86,22.52,23.73,21.64
899000,21.21,23.86,22.52,23.73,21.64
900000,21.21,23.86,22.52,23.73,21.64
901000,21.39,23.84,22.57,23.54,21.57
902000,21.39,23.84,22.57,23.54,21.57
903000,21.39,23.9,22.38,23.54,21.44
904000,21.39,23.9,22.38,23.54,21.44
905000,21.39,23.9,22.38,23.54,21.44
906000,21.45,24.01,22.57,23.75,21.52
907000,21.45,24.01,22.57,23.75,21.52
908000,21.28,24.07,22.53,23.86,21.48
909000,21.28,24.07,22.53,23.86,21.48
910000,21.28,24.07,22.53,23.86,21.48
911000,21.1,24.21,22.66,23.83,21.68
912000,21.1,24.21,22.66,23.83,21.68
913000,20.99,24.05,22.53,23.65,21.58
914000,20.99,24.05,22.53,23.65,21.58
915000,20.99,24.05,22.53,23.65,21.58
916000,20.72,24.15,22.6,23.66,21.7
917000,20.72,24.15,22.6,23.66,21.7
918000,20.79,24.24,22.83,23.68,21.93
919000,20.79,24.24,22.83,23.68,21.93
920000,20.79,24.24,22.83,23.68,21.93
921000,21.04,24.5,22.64,23.73,21.82
922000,21.04,24.5,22.64,23.73,21.82
923000,21.06,24.55,22.68,23.63,21.81
924000,21.06,24.55,22.68,23.63,21.81
925000,21.06,24.55,22.68,23.63,21.81
926000,21.35,24.55,22.7,23.64,21.88
927000,21.35,24.55,22.7,23.64,21.88
928000,21.26,24.86,22.95,23.76,21.77
929000,21.26,24.86,22.95,23.76,21.77
930000,21.26,24.86,22.95,23.76,21.77
931000,21.1,25.12,23.0,23.73,21.71
932000,21.1,25.12,23.0,23.73,21.71
933000,21.27,25.18,23.14,23.92,21.72
934000,21.27,25.18,23.14,23.92,21.72
935000,21.27,25.18,23.14,23.92,21.72
936000,21.14,25.07,23.36,23.74,21.7
937000,21.14,25.07,23.36,23.74,21.7
938000,21.44,24.94,23.41,23.75,21.76
939000,21.44,24.94,23.41,23.75,21.76
940000,21.44,24.94,23.41,23.75,21.76
941000,21.47,24.86,23.42,23.5,21.41
942000,21.47,24.86,23.42,23.5,21.41
943000,21.79,24.67,23.4,23.51,21.43
944000,21.79,24.67,23.4,23.51,21.43
945000,21.79,24.67,23.4,23.51,21.43
946000,22.14,24.61,23.42,23.51,21.55
947000,22.14,24.61,23.42,23.51,21.55
948000,22.06,24.55,23.25,23.75,21.64
949000,22.06,24.55,23.25,23.75,21.64
950000,22.06,24.55,23.25,23.75,21.64
951000,22.07,24.53,23.39,23.58,21.52
952000,22.07,24.53,23.39,23.58,21.52
953000,22.23,24.67,23.39,23.69,21.45
954000,22.23,24.67,23.39,23.69,21.45
955000,22.23,24.67,23.39,23.69,21.45
956000,22.1,24.53,23.29,23.68,21.58
957000,22.1,24.53,23.29,23.68,21.58
958000,22.19,24.76,23.07,23.69,21.8
959000,22.19,24.76,23.07,23.69,21.8
960000,22.19,24.76,23.07,23.69,21.8
961000,22.41,24.75,23.09,23.73,22.1
962000,22.41,24.75,23.09,23.73,22.1
963000,22.53,24.45,23.09,23.82,22.08
964000,22.53,24.45,23.09,23.82,22.08
965000,22.53,24.45,23.09,23.82,22.08
966000,22.56,24.4,22.98,23.7,21.9
967000,22.56,24.4,22.98,23.7,21.9
968000,22.48,24.58,23.05,23.6,21.8
969000,22.48,24.58,23.05,23.6,21.8
970000,22.48,24.58,23.05,23.6,21.8
971000,22.57,24.56,23.22,23.5,21.79
972000,22.57,24.56,23.22,23.5,21.79
973000,22.45,24.6,23.2,23.51,21.87
974000,22.45,24.6,23.2,23.51,21.87
975000,22.45,24.6,23.2,23.51,21.87
976000,22.3,24.8,23.12,23.38,21.87
977000,22.3,24.8,23.12,23.38,21.87
978000,22.09,24.7,22.88,23.23,21.69
979000,22.09,24.7,22.88,23.23,21.69
980000,22.09,24.7,22.88,23.23,21.69
981000,22.0,24.72,23.14,23.41,21.59
982000,22.0,24.72,23.14,23.41,21.59
983000,22.09,25.03,22.91,23.25,21.65
984000,22.09,25.03,22.91,23.25,21.65
985000,22.09,25.03,22.91,23.25,21.65
986000,22.19,25.05,22.74,23.31,21.87
987000,22.19,25.05,22.74,23.31,21.87
988000,22.05,24.97,22.73,23.43,21.78
989000,22.05,24.97,22.73,23.43,21.78
990000,22.05,24.97,22.73,23.43,21.78
991000,22.24,24.91,22.67,23.46,22.17
992000,22.24,24.91,22.67,23.46,22.17
993000,22.43,24.88,22.68,23.44,22.37
994000,22.43,24.88,22.68,23.44,22.37
995000,22.43,24.88,22.68,23.44,22.37
996000,22.47,25.09,22.9,23.61,22.54
997000,22.47,25.09,22.9,23.61,22.54
998000,22.26,24.99,22.94,23.66,22.56
999000,22.26,24.99,22.94,23.66,22.56
1000000,22.26,24.99,22.94,23.66,22.56
1001000,22.01,25.09,22.84,23.62,22.35
1002000,22.01,25.09,22.84,23.62,22.35
1003000,22.09,25.12,22.82,23.57,22.16
1004000,22.09,25.12,22.82,23.57,22.16
1005000,22.09,25.12,22.82,23.57,22.16
1006000,21.99,25.13,22.74,23.84,22.21
1007000,21.99,25.13,22.74,23.84,22.21
1008000,21.89,25.28,22.59,23.89,22.17
1009000,21.89,25.28,22.59,23.89,22.17
1010000,21.89,25.28,22.59,23.89,22.17
1011000,21.96,25.27,22.57,23.94,22.1
1012000,21.96,25.27,22.57,23.94,22.1
1013000,22.02,25.22,22.71,24.16,22.33
1014000,22.02,25.22,22.71,24.16,22.33
1015000,22.02,25.22,22.71,24.16,22.33
1016000,21.99,25.24,22.8,24.13,22.36
1017000,21.99,25.24,22.8,24.13,22.36
1018000,22.13,25.41,22.98,23.98,22.29
1019000,22.13,25.41,22.98,23.98,22.29
1020000,22.13,25.41,22.98,23.98,22.29
1021000,22.25,25.08,23.09,23.96,22.44
1022000,22.25,25.08,23.09,23.96,22.44
1023000,21.9,25.14,23.03,23.98,22.5
1024000,21.9,25.14,23.03,23.98,22.5
1025000,21.9,25.14,23.03,23.98,22.5
1026000,21.96,25.04,22.96,23.86,22.46
1027000,21.96,25.04,22.96,23.86,22.46
1028000,21.99,25.2,22.97,23.52,22.1
1029000,21.99,25.2,22.97,23.52,22.1
1030000,21.99,25.2,22.97,23.52,22.1
1031000,21.76,25.16,23.04,23.31,22.07
1032000,21.76,25.16,23.04,23.31,22.07
1033000,21.74,25.04,23.03,23.32,22.0
1034000,21.74,25.04,23.03,23.32,22.0
1035000,21.74,25.04,23.03,23.32,22.0
1036000,21.82,25.11,23.02,23.37,22.07
1037000,21.82,25.11,23.02,23.37,22.07
1038000,21.91,25.14,23.12,23.41,21.93
1039000,21.91,25.14,23.12,23.41,21.93
1040000,21.91,25.14,23.12,23.41,21.93
1041000,22.04,25.23,23.26,23.58,21.87
1042000,22.04,25.23,23.26,23.58,21.87
1043000,22.05,25.13,23.28,23.84,21.79
1044000,22.05,25.13,23.28,23.84,21.79
1045000,22.05,25.13,23.28,23.84,21.79
1046000,22.0,25.04,23.22,23.84,21.67
1047000,22.0,25.04,23.22,23.84,21.67
1048000,21.95,24.94,23.2,23.91,21.9
1049000,21.95,24.94,23.2,23.91,21.9
1050000,21.95,24.94,23.2,23.91,21.9
1051000,22.18,24.61,23.22,24.05,22.0
1052000,22.18,24.61,23.22,24.05,22.0
1053000,22.09,24.67,23.19,24.23,21.96
1054000,22.09,24.67,23.19,24.23,21.96
1055000,22.09,24.67,23.19,24.23,21.96
1056000,22.02,24.61,23.0,23.9,22.04
1057000,22.02,24.61,23.0,23.9,22.04
1058000,22.21,24.59,23.04,23.77,21.83
1059000,22.21,24.59,23.04,23.77,21.83
1060000,22.21,24.59,23.04,23.77,21.83
1061000,22.12,24.73,23.11,23.72,21.91
1062000,22.12,24.73,23.11,23.72,21.91
1063000,22.04,24.51,22.82,23.87,22.06
1064000,22.04,24.51,22.82,23.87,22.06
1065000,22.04,24.51,22.82,23.87,22.06
1066000,21.91,24.39,22.85,23.84,22.19
1067000,21.91,24.39,22.85,23.84,22.19
1068000,21.75,24.16,22.71,23.98,22.21
1069000,21.75,24.16,22.71,23.98,22.21
1070000,21.75,24.16,22.71,23.98,22.21
1071000,21.59,24.25,22.63,23.9,22.2
1072000,21.59,24.25,22.63,23.9,22.2
1073000,21.53,24.02,22.68,24.05,22.22
1074000,21.53,24.02,22.68,24.05,22.22
1075000,21.53,24.02,22.68,24.05,22.22
1076000,21.57,23.94,22.53,24.24,22.15
1077000,21.57,23.94,22.53,24.24,22.15
1078000,21.3,23.69,22.48,24.31,22.19
1079000,21.3,23.69,22.48,24.31,22.19
1080000,21.3,23.69,22.48,24.31,22.19
1081000,21.46,23.6,22.53,24.24,22.44
1082000,21.46,23.6,22.53,24.24,22.44
1083000,21.69,23.57,22.28,24.29,22.44
1084000,21.69,23.57,22.28,24.29,22.44
1085000,21.69,23.57,22.28,24.29,22.44
1086000,21.74,23.55,22.47,24.21,22.69
1087000,21.74,23.55,22.47,24.21,22.69
1088000,21.98,23.44,22.64,24.21,22.73
1089000,21.98,23.44,22.64,24.21,22.73
1090000,21.98,23.44,22.64,24.21,22.73
1091000,22.19,23.26,22.88,24.18,22.68
1092000,22.19,23.26,22.88,24.18,22.68
1093000,22.13,23.26,22.97,24.13,22.7
1094000,22.13,23.26,22.97,24.13,22.7
1095000,22.13,23.26,22.97,24.13,22.7
1096000,21.94,23.45,23.09,23.98,22.53
1097000,21.94,23.45,23.09,23.98,22.53
1098000,22.02,23.63,22.8,24.13,22.33
1099000,22.02,23.63,22.8,24.13,22.33
1100000,22.02,23.63,22.8,24.13,22.33
1101000,21.99,23.54,22.86,24.34,22.63
1102000,21.99,23.54,22.86,24.34,22.63
1103000,21.91,23.48,22.82,24.6,22.55
1104000,21.91,23.48,22.82,24.6,22.55
1105000,21.91,23.48,22.82,24.6,22.55
1106000,22.13,23.37,22.59,24.59,22.7
1107000,22.13,23.37,22.59,24.59,22.7
1108000,22.03,23.17,22.5,24.58,22.92
1109000,22.03,23.17,22.5,24.58,22.92
1110000,22.03,23.17,22.5,24.58,22.92
1111000,22.13,23.24,22.44,24.52,22.98
1112000,22.13,23.24,22.44,24.52,22.98
1113000,22.32,23.16,22.58,24.38,22.97
1114000,22.32,23.16,22.58,24.38,22.97
1115000,22.32,23.16,22.58,24.38,22.97
1116000,22.45,23.15,22.58,24.54,22.89
1117000,22.45,23.15,22.58,24.54,22.89
1118000,22.4,23.38,22.85,24.48,22.81
1119000,22.4,23.38,22.85,24.48,22.81
1120000,22.4,23.38,22.85,24.48,22.81
1121000,22.29,23.24,22.79,24.52,22.88
1122000,22.29,23.24,22.79,24.52,22.88
1123000,22.16,23.12,22.85,24.76,23.03
1124000,22.16,23.12,22.85,24.76,23.03
1125000,22.16,23.12,22.85,24.76,23.03
1126000,22.24,23.1,22.89,24.78,22.87
1127000,22.24,23.1,22.89,24.78,22.87
1128000,22.26,23.12,22.93,24.86,22.74
1129000,22.26,23.12,22.93,24.86,22.74
1130000,22.26,23.12,22.93,24.86,22.74
1131000,22.21,22.85,22.93,24.86,23.08
1132000,22.21,22.85,22.93,24.86,23.08
1133000,22.13,22.69,22.89,24.76,23.29
1134000,22.13,22.69,22.89,24.76,23.29
1135000,22.13,22.69,22.89,24.76,23.29
1136000,22.3,22.78,23.19,25.01,23.39
1137000,22.3,22.78,23.19,25.01,23.39
1138000,22.23,22.78,22.9,25.0,23.24
1139000,22.23,22.78,22.9,25.0,23.24
1140000,22.23,22.78,22.9,25.0,23.24
1141000,22.25,22.87,22.87,24.97,23.55
1142000,22.25,22.87,22.87,24.97,23.55
1143000,22.28,22.83,22.82,24.83,23.38
1144000,22.28,22.83,22.82,24.83,23.38
1145000,22.28,22.83,22.82,24.83,23.38
1146000,22.13,22.88,22.63,24.91,23.47
1147000,22.13,22.88,22.63,24.91,23.47
1148000,22.23,22.62,22.54,24.94,23.62
1149000,22.23,22.62,22.54,24.94,23.62
1150000,22.23,22.62,22.54,24.94,23.62
1151000,22.17,22.53,22.56,24.91,23.77
1152000,22.17,22.53,22.56,24.91,23.77
1153000,21.98,22.62,22.58,24.78,23.71
1154000,21.98,22.62,22.58,24.78,23.71
1155000,21.98,22.62,22.58,24.78,23.71
1156000,21.99,22.37,22.45,24.62,23.64
1157000,21.99,22.37,22.45,24.62,23.64
1158000,22.08,22.34,22.47,24.44,23.6
1159000,22.08,22.34,22.47,24.44,23.6
1160000,22.08,22.34,22.47,24.44,23.6
1161000,22.35,22.22,22.56,24.58,23.77
1162000,22.35,22.22,22.56,24.58,23.77
1163000,22.6,22.32,22.6,24.75,23.85
1164000,22.6,22.32,22.6,24.75,23.85
1165000,22.6,22.32,22.6,24.75,23.85
1166000,22.69,22.28,22.53,24.98,23.74
1167000,22.69,22.28,22.53,24.98,23.74
1168000,22.73,22.09,22.29,24.95,23.78
1169000,22.73,22.09,22.29,24.95,23.78
1170000,22.73,22.09,22.29,24.95,23.78
1171000,22.38,22.11,22.5,25.06,24.12
1172000,22.38,22.11,22.5,25.06,24.12
1173000,22.51,22.11,22.54,24.96,24.02
1174000,22.51,22.11,22.54,24.96,24.02
1175000,22.51,22.11,22.54,24.96,24.02
1176000,22.18,22.15,22.44,24.91,23.86
1177000,22.18,22.15,22.44,24.91,23.86
1178000,22.15,21.89,22.36,24.68,23.86
1179000,22.15,21.89,22.36,24.68,23.86
1180000,22.15,21.89,22.36,24.68,23.86
1181000,22.24,21.74,22.53,24.66,23.89
1182000,22.24,21.74,22.53,24.66,23.89
1183000,22.23,21.76,22.55,24.63,24.1
1184000,22.23,21.76,22.55,24.63,24.1
1185000,22.23,21.76,22.55,24.63,24.1
1186000,22.03,21.81,22.53,24.86,24.18
1187000,22.03,21.81,22.53,24.86,24.18
1188000,21.95,21.8,22.81,24.78,23.92
1189000,21.95,21.8,22.81,24.78,23.92
1190000,21.95,21.8,22.81,24.78,23.92
1191000,21.84,21.69,22.85,24.76,24.22
1192000,21.84,21.69,22.85,24.76,24.22
1193000,21.69,21.72,22.96,24.66,24.16
1194000,21.69,21.72,22.96,24.66,24.16
1195000,21.69,21.72,22.96,24.66,24.16
1196000,21.59,21.93,23.07,24.69,24.13
1197000,21.59,21.93,23.07,24.69,24.13
1198000,21.65,22.12,23.24,24.58,24.0
1199000,21.65,22.12,23.24,24.58,24.0
1200000,21.65,22.12,23.24,24.58,24.0
1201000,21.65,22.08,23.21,24.73,23.86
1202000,21.65,22.08,23.21,24.73,23.86
1203000,21.44,22.0,23.0,24.67,23.86
1204000,21.44,22.0,23.0,24.67,23.86
1205000,21.44,22.0,23.0,24.67,23.86
1206000,21.5,22.2,23.1,24.81,23.64
1207000,21.5,22.2,23.1,24.81,23.64
1208000,21.32,22.09,23.27,24.8,23.7
1209000,21.32,22.09,23.27,24.8,23.7
1210000,21.32,22.09,23.27,24.8,23.7
1211000,21.26,22.15,23.34,24.82,23.72
1212000,21.26,22.15,23.34,24.82,23.72
1213000,21.35,22.53,23.2,24.6,23.82
1214000,21.35,22.53,23.2,24.6,23.82
1215000,21.35,22.53,23.2,24.6,23.82
1216000,21.42,22.51,23.33,24.68,23.83
1217000,21.42,22.51,23.33,24.68,23.83
1218000,21.43,22.34,23.17,24.86,23.93
1219000,21.43,22.34,23.17,24.86,23.93
1220000,21.43,22.34,23.17,24.86,23.93
1221000,21.37,22.43,22.98,24.99,23.98
1222000,21.37,22.43,22.98,24.99,23.98
1223000,21.36,22.47,23.2,25.19,24.09
1224000,21.36,22.47,23.2,25.19,24.09
1225000,21.36,22.47,23.2,25.19,24.09
1226000,21.54,22.45,23.16,25.37,23.81
1227000,21.54,22.45,23.16,25.37,23.81
1228000,21.9,22.48,23.55,25.6,23.93
1229000,21.9,22.48,23.55,25.6,23.93
1230000,21.9,22.48,23.55,25.6,23.93
1231000,21.84,22.4,23.57,25.68,23.93
1232000,21.84,22.4,23.57,25.68,23.93
1233000,21.94,22.15,23.69,26.0,23.67
1234000,21.94,22.15,23.69,26.0,23.67
1235000,21.94,22.15,23.69,26.0,23.67
1236000,22.0,22.27,23.68,26.01,23.57
1237000,22.0,22.27,23.68,26.01,23.57
1238000,22.06,22.2,23.73,25.86,23.61
1239000,22.06,22.2,23.73,25.86,23.61
1240000,22.06,22.2,23.73,25.86,23.61
1241000,21.68,22.42,23.76,25.8,23.45
1242000,21.68,22.42,23.76,25.8,23.45
1243000,21.66,22.19,23.97,25.88,23.29
1244000,21.66,22.19,23.97,25.88,23.29
1245000,21.66,22.19,23.97,25.88,23.29
1246000,21.56,22.19,23.7,25.76,23.36
1247000,21.56,22.19,23.7,25.76,23.36
1248000,21.9,22.17,23.61,25.67,23.39
1249000,21.9,22.17,23.61,25.67,23.39
1250000,21.9,22.17,23.61,25.67,23.39
1251000,21.93,22.18,23.58,25.65,23.72
1252000,21.93,22.18,23.58,25.65,23.72
1253000,21.72,22.11,23.54,25.57,23.84
1254000,21.72,22.11,23.54,25.57,23.84
1255000,21.72,22.11,23.54,25.57,23.84
1256000,21.63,21.95,23.82,25.54,23.74
1257000,21.63,21.95,23.82,25.54,23.74
1258000,21.63,21.95,23.82,25.54,23.74
1259000,21.46,21.87,24.0,25.55,23.7
1260000,21.46,21.87,24.0,25.55,23.7
1261000,21.38,21.53,24.11,25.34,23.83
1262000,21.38,21.53,24.11,25.34,23.83
1263000,21.38,21.53,24.11,25.34,23.83
1264000,21.43,21.48,23.89,25.1,23.69
1265000,21.43,21.48,23.89,25.1,23.69
1266000,21.36,21.27,24.05,24.81,23.81
1267000,21.36,21.27,24.05,24.81,23.81
1268000,21.36,21.27,24.05,24.81,23.81
1269000,21.26,21.3,23.76,25.03,23.55
1270000,21.26,21.3,23.76,25.03,23.55
1271000,21.32,21.32,23.64,24.92,23.49
1272000,21.32,21.32,23.64,24.92,23.49
1273000,21.32,21.32,23.64,24.92,23.49
1274000,21.61,20.96,23.72,25.07,23.33
1275000,21.61,20.96,23.72,25.07,23.33
1276000,21.59,20.96,23.77,25.05,23.31
1277000,21.59,20.96,23.77,25.05,23.31
1278000,21.59,20.96,23.77,25.05,23.31
1279000,21.65,20.89,23.57,25.32,23.71
1280000,21.65,20.89,23.57,25.32,23.71
1281000,21.92,20.94,23.64,25.64,23.5
1282000,21.92,20.94,23.64,25.64,23.5
1283000,21.92,20.94,23.64,25.64,23.5
1284000,21.83,20.74,23.62,25.61,23.54
1285000,21.83,20.74,23.62,25.61,23.54
1286000,21.85,20.8,23.51,25.64,23.49
1287000,21.85,20.8,23.51,25.64,23.49
1288000,21.85,20.8,23.51,25.64,23.49
1289000,21.79,20.62,23.5,25.75,23.63
1290000,21.79,20.62,23.5,25.75,23.63
1291000,21.73,20.65,23.32,25.85,23.71
1292000,21.73,20.65,23.32,25.85,23.71
1293000,21.73,20.65,23.32,25.85,23.71
1294000,21.95,20.87,23.16,25.69,23.71
1295000,21.95,20.87,23.16,25.69,23.71
1296000,22.19,20.81,23.0,25.64,23.84
1297000,22.19,20.81,23.0,25.64,23.84
1298000,22.19,20.81,23.0,25.64,23.84
1299000,22.02,20.68,22.91,25.64,23.79
1300000,22.02,20.68,22.91,25.64,23.79
1301000,22.15,20.77,22.78,25.7,23.68
1302000,22.15,20.77,22.78,25.7,23.68
1303000,22.15,20.77,22.78,25.7,23.68
1304000,22.19,20.75,22.88,25.46,23.78
1305000,22.19,20.75,22.88,25.46,23.78
1306000,22.14,20.76,23.03,25.76,23.74
1307000,22.14,20.76,23.03,25.76,23.74
1308000,22.14,20.76,23.03,25.76,23.74
1309000,22.0,20.84,23.01,25.88,23.92
1310000,22.0,20.84,23.01,25.88,23.92
1311000,22.0,20.65,22.91,25.92,23.91
1312000,22.0,20.65,22.91,25.92,23.91
1313000,22.0,20.65,22.91,25.92,23.91
1314000,22.1,20.69,23.14,25.81,23.86
1315000,22.1,20.69,23.14,25.81,23.86
1316000,22.13,20.88,23.13,25.65,23.83
1317000,22.13,20.88,23.13,25.65,23.83
1318000,22.13,20.88,23.13,25.65,23.83
1319000,22.39,20.78,23.06,25.48,23.67
1320000,22.39,20.78,23.06,25.48,23.67
1321000,22.46,20.76,23.13,25.41,23.54
1322000,22.46,20.76,23.13,25.41,23.54
1323000,22.46,20.76,23.13,25.41,23.54
1324000,22.48,20.87,23.14,25.2,23.51
1325000,22.48,20.87,23.14,25.2,23.51
1326000,22.42,20.93,23.32,25.19,23.73
1327000,22.42,20.93,23.32,25.19,23.73
1328000,22.42,20.93,23.32,25.19,23.73
1329000,22.66,21.06,23.26,25.23,23.63
1330000,22.66,21.06,23.26,25.23,23.63
1331000,22.79,20.81,23.48,25.32,23.57
1332000,22.79,20.81,23.48,25.32,23.57
1333000,22.79,20.81,23.48,25.32,23.57
1334000,22.63,20.79,23.52,25.3,23.52
1335000,22.63,20.79,23.52,25.3,23.52
1336000,22.53,20.78,23.34,25.32,23.28
1337000,22.53,20.78,23.34,25.32,23.28
1338000,22.53,20.78,23.34,25.32,23.28
1339000,22.47,20.8,23.33,25.32,23.32
1340000,22.47,20.8,23.33,25.32,23.32
1341000,22.53,20.78,23.16,25.39,23.15
1342000,22.53,20.78,23.16,25.39,23.15
1343000,22.53,20.78,23.16,25.39,23.15
1344000,22.85,20.94,23.09,25.19,23.06
1345000,22.85,20.94,23.09,25.19,23.06
1346000,22.98,20.74,22.89,25.08,23.06
1347000,22.98,20.74,22.89,25.08,23.06
1348000,22.98,20.74,22.89,25.08,23.06
1349000,23.01,20.67,23.13,24.92,23.23
1350000,23.01,20.67,23.13,24.92,23.23
1351000,23.22,20.67,23.09,24.74,22.97
1352000,23.22,20.67,23.09,24.74,22.97
1353000,23.22,20.67,23.09,24.74,22.97
1354000,23.28,20.65,23.18,24.51,23.18
1355000,23.28,20.65,23.18,24.51,23.18
1356000,23.09,20.96,23.42,24.3,23.07
1357000,23.09,20.96,23.42,24.3,23.07
1358000,23.09,20.96,23.42,24.3,23.07
1359000,23.33,21.2,23.46,24.22,23.12
1360000,23.33,21.2,23.46,24.22,23.12
1361000,23.39,21.07,23.67,24.25,23.22
1362000,23.39,21.07,23.67,24.25,23.22
1363000,23.39,21.07,23.67,24.25,23.22
1364000,23.54,20.87,23.72,24.29,23.33
1365000,23.54,20.87,23.72,24.29,23.33
1366000,23.68,20.51,23.83,24.15,23.24
1367000,23.68,20.51,23.83,24.15,23.24
1368000,23.68,20.51,23.83,24.15,23.24
1369000,23.98,20.36,23.68,24.19,23.26
1370000,23.98,20.36,23.68,24.19,23.26
1371000,24.22,20.6,23.62,24.04,23.2
1372000,24.22,20.6,23.62,24.04,23.2
1373000,24.22,20.6,23.62,24.04,23.2
1374000,24.29,20.79,23.73,23.85,23.19
1375000,24.29,20.79,23.73,23.85,23.19
1376000,23.91,20.74,23.89,23.69,23.01
1377000,23.91,20.74,23.89,23.69,23.01
1378000,23.91,20.74,23.89,23.69,23.01
1379000,23.69,20.64,24.01,23.55,23.03
1380000,23.69,20.64,24.01,23.55,23.03
1381000,23.6,20.64,23.83,23.61,22.99
1382000,23.6,20.64,23.83,23.61,22.99
1383000,23.6,20.64,23.83,23.61,22.99
1384000,23.62,20.72,23.9,23.3,23.05
1385000,23.62,20.72,23.9,23.3,23.05
1386000,23.45,20.94,23.98,23.26,23.08
1387000,23.45,20.94,23.98,23.26,23.08
1388000,23.45,20.94,23.98,23.26,23.08
1389000,23.57,20.93,24.13,23.15,23.17
1390000,23.57,20.93,24.13,23.15,23.17
1391000,23.65,20.9,24.35,23.24,23.06
1392000,23.65,20.9,24.35,23.24,23.06
1393000,23.65,20.9,24.35,23.24,23.06
1394000,23.84,20.77,24.49,23.3,23.34
1395000,23.84,20.77,24.49,23.3,23.34
1396000,24.03,20.92,24.57,23.29,23.06
1397000,24.03,20.92,24.57,23.29,23.06
1398000,24.03,20.92,24.57,23.29,23.06
1399000,23.88,20.78,24.56,23.28,23.17
1400000,23.88,20.78,24.56,23.28,23.17
1401000,24.08,20.79,24.54,23.44,23.05
1402000,24.08,20.79,24.54,23.44,23.05
1403000,24.08,20.79,24.54,23.44,23.05
1404000,24.13,20.71,24.71,23.56,23.13
1405000,24.13,20.71,24.71,23.56,23.13
1406000,23.97,20.77,24.58,23.51,23.24
1407000,23.97,20.77,24.58,23.51,23.24
1408000,23.97,20.77,24.58,23.51,23.24
1409000,23.95,20.74,24.48,23.73,23.24
1410000,23.95,20.74,24.48,23.73,23.24
1411000,23.64,20.84,24.44,23.69,23.05
1412000,23.64,20.84,24.44,23.69,23.05
1413000,23.64,20.84,24.44,23.69,23.05
1414000,23.71,20.88,24.49,23.37,22.9
1415000,23.71,20.88,24.49,23.37,22.9
1416000,23.7,20.84,24.56,23.24,22.98
1417000,23.7,20.84,24.56,23.24,22.98
1418000,23.7,20.84,24.56,23.24,22.98
1419000,23.45,21.0,24.81,23.09,23.03
1420000,23.45,21.0,24.81,23.09,23.03
1421000,23.59,20.85,24.9,23.0,23.08
1422000,23.59,20.85,24.9,23.0,23.08
1423000,23.59,20.85,24.9,23.0,23.08
1424000,23.45,20.86,24.84,23.09,23.31
1425000,23.45,20.86,24.84,23.09,23.31
1426000,23.5,20.54,24.89,23.16,23.3
1427000,23.5,20.54,24.89,23.16,23.3
1428000,23.5,20.54,24.89,23.16,23.3
1429000,23.29,20.75,25.0,23.33,23.24
1430000,23.29,20.75,25.0,23.33,23.24
1431000,23.52,20.9,25.02,23.59,23.17
1432000,23.52,20.9,25.02,23.59,23.17
1433000,23.52,20.9,25.02,23.59,23.17
1434000,23.53,20.78,25.13,23.7,22.97
1435000,23.53,20.78,25.13,23.7,22.97
1436000,23.87,20.87,24.87,23.66,23.01
1437000,23.87,20.87,24.87,23.66,23.01
1438000,23.87,20.87,24.87,23.66,23.01
1439000,23.8,21.04,24.72,23.68,23.13
1440000,23.8,21.04,24.72,23.68,23.13
1441000,23.95,21.28,24.63,23.71,23.05
1442000,23.95,21.28,24.63,23.71,23.05
1443000,23.95,21.28,24.63,23.71,23.05
1444000,23.97,21.38,24.6,23.81,23.18
1445000,23.97,21.38,24.6,23.81,23.18
1446000,23.82,21.4,24.46,23.86,23.32
1447000,23.82,21.4,24.46,23.86,23.32
1448000,23.82,21.4,24.46,23.86,23.32
1449000,23.89,21.36,24.53,23.97,23.31
1450000,23.89,21.36,24.53,23.97,23.31
1451000,23.95,21.54,24.44,23.86,23.6
1452000,23.95,21.54,24.44,23.86,23.6
1453000,23.95,21.54,24.44,23.86,23.6
1454000,24.07,21.68,24.37,23.67,23.58
1455000,24.07,21.68,24.37,23.67,23.58
1456000,24.06,21.62,24.42,23.63,23.55
1457000,24.06,21.62,24.42,23.63,23.55
1458000,24.06,21.62,24.42,23.63,23.55
1459000,24.23,21.49,24.47,23.69,23.58
1460000,24.23,21.49,24.47,23.69,23.58
1461000,24.22,21.16,24.27,23.74,23.45
1462000,24.22,21.16,24.27,23.74,23.45
1463000,24.22,21.16,24.27,23.74,23.45
1464000,24.16,20.98,24.31,23.89,23.51
1465000,24.16,20.98,24.31,23.89,23.51
1466000,24.16,20.71,24.37,23.83,23.67
1467000,24.16,20.71,24.37,23.83,23.67
1468000,24.16,20.71,24.37,23.83,23.67
1469000,24.18,20.95,24.45,23.74,23.66
1470000,24.18,20.95,24.45,23.74,23.66
1471000,24.22,21.04,24.57,23.61,23.62
1472000,24.22,21.04,24.57,23.61,23.62
1473000,24.22,21.04,24.57,23.61,23.62
1474000,24.33,21.07,24.46,23.44,23.51
1475000,24.33,21.07,24.46,23.44,23.51
1476000,24.27,21.13,24.62,23.48,23.67
1477000,24.27,21.13,24.62,23.48,23.67
1478000,24.27,21.13,24.62,23.48,23.67
1479000,24.1,20.87,24.5,23.48,23.82
1480000,24.1,20.87,24.5,23.48,23.82
1481000,24.24,20.74,24.35,23.45,23.64
1482000,24.24,20.74,24.35,23.45,23.64
1483000,24.24,20.74,24.35,23.45,23.64
1484000,24.03,20.95,24.25,23.28,23.89
1485000,24.03,20.95,24.25,23.28,23.89
1486000,23.73,20.76,24.25,23.01,23.84
1487000,23.73,20.76,24.25,23.01,23.84
1488000,23.73,20.76,24.25,23.01,23.84
1489000,23.71,20.66,24.25,23.12,23.96
1490000,23.71,20.66,24.25,23.12,23.96
1491000,23.84,20.54,24.15,22.99,23.96
1492000,23.84,20.54,24.15,22.99,23.96
1493000,23.84,20.54,24.15,22.99,23.96
1494000,23.9,20.78,24.02,22.76,24.13
1495000,23.9,20.78,24.02,22.76,24.13
1496000,23.75,20.61,24.06,22.79,24.08
1497000,23.75,20.61,24.06,22.79,24.08
1498000,23.75,20.61,24.06,22.79,24.08
1499000,23.7,20.8,24.09,23.0,23.88
1500000,23.7,20.8,24.09,23.0,23.88
1501000,23.78,20.76,24.19,23.05,23.55
1502000,23.78,20.76,24.19,23.05,23.55
1503000,23.78,20.76,24.19,23.05,23.55
1504000,23.89,20.92,24.22,22.82,23.55
1505000,23.89,20.92,24.22,22.82,23.55
1506000,24.18,20.78,24.15,22.62,23.85
1507000,24.18,20.78,24.15,22.62,23.85
1508000,24.18,20.78,24.15,22.62,23.85
1509000,24.32,20.71,24.12,22.48,23.98
1510000,24.32,20.71,24.12,22.48,23.98
1511000,24.1,20.74,24.14,22.33,23.83
1512000,24.1,20.74,24.14,22.33,23.83
1513000,24.1,20.74,24.14,22.33,23.83
1514000,24.03,20.62,24.34,22.6,23.84
1515000,24.03,20.62,24.34,22.6,23.84
1516000,24.3,20.54,24.22,22.8,23.61
1517000,24.3,20.54,24.22,22.8,23.61
1518000,24.3,20.54,24.22,22.8,23.61
1519000,24.37,20.41,24.44,22.85,23.9
1520000,24.37,20.41,24.44,22.85,23.9
1521000,24.34,20.7,24.53,23.08,24.01
1522000,24.34,20.7,24.53,23.08,24.01
1523000,24.34,20.7,24.53,23.08,24.01
1524000,24.32,20.92,24.25,23.12,23.97
1525000,24.32,20.92,24.25,23.12,23.97
1526000,24.44,20.78,24.35,23.24,23.99
1527000,24.44,20.78,24.35,23.24,23.99
1528000,24.44,20.78,24.35,23.24,23.99
1529000,24.56,20.83,24.5,23.34,23.88
1530000,24.56,20.83,24.5,23.34,23.88
1531000,24.47,20.53,24.27,23.29,23.95
1532000,24.47,20.53,24.27,23.29,23.95
1533000,24.47,20.53,24.27,23.29,23.95
1534000,24.33,20.76,24.39,23.19,23.96
1535000,24.33,20.76,24.39,23.19,23.96
1536000,24.17,20.63,24.62,23.17,23.78
1537000,24.17,20.63,24.62,23.17,23.78
1538000,24.17,20.63,24.62,23.17,23.78
1539000,24.16,20.8,24.4,22.94,23.71
1540000,24.16,20.8,24.4,22.94,23.71
1541000,24.08,20.71,24.37,22.84,23.59
1542000,24.08,20.71,24.37,22.84,23.59
1543000,24.08,20.71,24.37,22.84,23.59
1544000,24.07,20.51,24.61,22.8,23.52
1545000,24.07,20.51,24.61,22.8,23.52
1546000,24.07,20.45,24.75,22.9,23.63
1547000,24.07,20.45,24.75,22.9,23.63
1548000,24.07,20.45,24.75,22.9,23.63
1549000,24.22,20.46,24.83,22.8,23.64
1550000,24.22,20.46,24.83,22.8,23.64
1551000,24.06,20.76,24.87,22.93,23.82
1552000,24.06,20.76,24.87,22.93,23.82
1553000,24.06,20.76,24.87,22.93,23.82
1554000,24.04,20.86,25.0,23.12,23.52
1555000,24.04,20.86,25.0,23.12,23.52
1556000,24.04,20.86,25.03,22.88,23.36
1557000,24.04,20.86,25.03,22.88,23.36
1558000,24.04,20.86,25.03,22.88,23.36
1559000,24.28,20.78,24.92,22.8,23.34
1560000,24.28,20.78,24.92,22.8,23.34
1561000,24.3,20.96,24.97,22.84,23.31
1562000,24.3,20.96,24.97,22.84,23.31
1563000,24.3,20.96,24.97,22.84,23.31
1564000,24.31,21.07,25.02,23.01,23.31
1565000,24.31,21.07,25.02,23.01,23.31
1566000,24.29,21.09,24.88,23.0,23.18
1567000,24.29,21.09,24.88,23.0,23.18
1568000,24.29,21.09,24.88,23.0,23.18
1569000,24.11,21.24,24.98,22.81,23.31
1570000,24.11,21.24,24.98,22.81,23.31
1571000,23.91,21.16,24.99,22.95,23.46
1572000,23.91,21.16,24.99,22.95,23.46
1573000,23.91,21.16,24.99,22.95,23.46
1574000,23.69,21.07,24.92,23.21,23.52
1575000,23.69,21.07,24.92,23.21,23.52
1576000,23.65,20.82,24.92,23.17,23.51
1577000,23.65,20.82,24.92,23.17,23.51
1578000,23.65,20.82,24.92,23.17,23.51
1579000,23.58,20.8,24.89,23.22,23.29
1580000,23.58,20.8,24.89,23.22,23.29
1581000,23.56,21.09,24.89,23.04,23.18
1582000,23.56,21.09,24.89,23.04,23.18
1583000,23.56,21.09,24.89,23.04,23.18
1584000,23.57,21.2,24.99,22.78,23.2
1585000,23.57,21.2,24.99,22.78,23.2
1586000,23.63,21.06,25.01,22.94,23.45
1587000,23.63,21.06,25.01,22.94,23.45
1588000,23.63,21.06,25.01,22.94,23.45
1589000,23.37,21.31,25.1,23.0,23.36
1590000,23.37,21.31,25.1,23.0,23.36
1591000,23.16,21.48,25.16,23.01,23.54
1592000,23.16,21.48,25.16,23.01,23.54
1593000,23.16,21.48,25.16,23.01,23.54
1594000,23.11,21.52,25.09,23.19,23.56
1595000,23.11,21.52,25.09,23.19,23.56
1596000,22.94,21.66,25.14,23.43,23.47
1597000,22.94,21.66,25.14,23.43,23.47
1598000,22.94,21.66,25.14,23.43,23.47
1599000,23.22,21.75,25.1,23.62,23.55
1600000,23.22,21.75,25.1,23.62,23.55
1601000,22.98,21.89,24.99,23.61,23.89
1602000,22.98,21.89,24.99,23.61,23.89
1603000,22.98,21.89,24.99,23.61,23.89
1604000,23.01,21.94,24.98,23.49,23.85
1605000,23.01,21.94,24.98,23.49,23.85
1606000,23.28,21.76,24.99,23.48,24.04
1607000,23.28,21.76,24.99,23.48,24.04
1608000,23.28,21.76,24.99,23.48,24.04
1609000,23.17,21.81,24.89,23.65,23.96
1610000,23.17,21.81,24.89,23.65,23.96
1611000,23.06,22.14,24.81,23.49,23.74
1612000,23.06,22.14,24.81,23.49,23.74
1613000,23.06,22.14,24.81,23.49,23.74
1614000,23.03,22.34,24.6,23.38,23.61
1615000,23.03,22.34,24.6,23.38,23.61
1616000,22.72,22.61,24.53,23.42,23.79
1617000,22.72,22.61,24.53,23.42,23.79
1618000,22.72,22.61,24.53,23.42,23.79
1619000,22.47,22.9,24.61,23.43,23.8
1620000,22.47,22.9,24.61,23.43,23.8
1621000,22.36,22.96,24.61,23.33,23.67
1622000,22.36,22.96,24.61,23.33,23.67
1623000,22.36,22.96,24.61,23.33,23.67
1624000,22.13,22.97,24.61,23.42,23.65
1625000,22.13,22.97,24.61,23.42,23.65
1626000,22.45,23.15,24.39,23.63,23.98
1627000,22.45,23.15,24.39,23.63,23.98
1628000,22.45,23.15,24.39,23.63,23.98
1629000,22.71,23.36,24.41,23.55,23.84
1630000,22.71,23.36,24.41,23.55,23.84
1631000,22.87,23.59,24.47,23.61,23.72
1632000,22.87,23.59,24.47,23.61,23.72
1633000,22.87,23.59,24.47,23.61,23.72
1634000,22.99,23.62,24.47,23.92,23.84
1635000,22.99,23.62,24.47,23.92,23.84
1636000,23.06,23.45,24.41,23.97,23.95
1637000,23.06,23.45,24.41,23.97,23.95
1638000,23.06,23.45,24.41,23.97,23.95
1639000,23.0,23.35,24.49,23.95,23.77
1640000,23.0,23.35,24.49,23.95,23.77
1641000,22.9,23.35,24.6,23.93,23.7
1642000,22.9,23.35,24.6,23.93,23.7
1643000,22.9,23.35,24.6,23.93,23.7
1644000,22.87,23.4,24.33,23.69,23.47
1645000,22.87,23.4,24.33,23.69,23.47
1646000,22.9,23.38,24.4,23.42,23.58
1647000,22.9,23.38,24.4,23.42,23.58
1648000,22.9,23.38,24.4,23.42,23.58
1649000,23.13,23.75,24.44,23.62,23.5
1650000,23.13,23.75,24.44,23.62,23.5
1651000,23.05,23.58,24.44,23.6,23.52
1652000,23.05,23.58,24.44,23.6,23.52
1653000,23.05,23.58,24.44,23.6,23.52
1654000,23.18,23.6,24.45,23.74,23.56
1655000,23.18,23.6,24.45,23.74,23.56
1656000,23.29,23.71,24.58,23.9,23.57
1657000,23.29,23.71,24.58,23.9,23.57
1658000,23.29,23.71,24.58,23.9,23.57
1659000,23.51,23.87,24.7,23.84,23.72
1660000,23.51,23.87,24.7,23.84,23.72
1661000,23.69,23.77,24.84,23.83,23.87
1662000,23.69,23.77,24.84,23.83,23.87
1663000,23.69,23.77,24.84,23.83,23.87
1664000,23.55,23.71,24.68,24.0,23.75
1665000,23.55,23.71,24.68,24.0,23.75
1666000,23.49,23.44,24.61,23.91,23.65
1667000,23.49,23.44,24.61,23.91,23.65
1668000,23.49,23.44,24.61,23.91,23.65
1669000,23.72,23.33,24.67,23.94,23.62
1670000,23.72,23.33,24.67,23.94,23.62
1671000,23.71,23.38,24.59,24.07,23.57
1672000,23.71,23.38,24.59,24.07,23.57
1673000,23.71,23.38,24.59,24.07,23.57
1674000,23.74,23.37,24.41,24.09,23.35
1675000,23.74,23.37,24.41,24.09,23.35
1676000,23.87,23.55,24.49,23.97,23.36
1677000,23.87,23.55,24.49,23.97,23.36
1678000,23.87,23.55,24.49,23.97,23.36
1679000,24.03,23.24,24.37,24.11,23.46
1680000,24.03,23.24,24.37,24.11,23.46
1681000,24.02,23.04,24.22,23.87,23.78
1682000,24.02,23.04,24.22,23.87,23.78
1683000,24.02,23.04,24.22,23.87,23.78
1684000,24.14,23.11,24.01,23.85,23.97
1685000,24.14,23.11,24.01,23.85,23.97
1686000,24.09,23.02,24.09,23.81,23.71
1687000,24.09,23.02,24.09,23.81,23.71
1688000,24.09,23.02,24.09,23.81,23.71
1689000,24.15,23.04,24.07,23.86,23.67
1690000,24.15,23.04,24.07,23.86,23.67
1691000,24.11,22.65,24.09,23.89,23.42
1692000,24.11,22.65,24.09,23.89,23.42
1693000,24.11,22.65,24.09,23.89,23.42
1694000,24.09,22.65,24.03,23.87,23.54
1695000,24.09,22.65,24.03,23.87,23.54
1696000,24.2,22.54,24.17,23.95,23.24
1697000,24.2,22.54,24.17,23.95,23.24
1698000,24.2,22.54,24.17,23.95,23.24
1699000,24.23,22.41,23.95,23.83,23.19
1700000,24.23,22.41,23.95,23.83,23.19
1701000,24.42,22.41,24.16,23.82,23.12
1702000,24.42,22.41,24.16,23.82,23.12
1703000,24.42,22.41,24.16,23.82,23.12
1704000,24.44,22.64,24.23,24.09,23.18
1705000,24.44,22.64,24.23,24.09,23.18
1706000,24.34,22.69,24.06,24.01,23.4
1707000,24.34,22.69,24.06,24.01,23.4
1708000,24.34,22.69,24.06,24.01,23.4
1709000,24.23,22.89,23.99,23.89,23.47
1710000,24.23,22.89,23.99,23.89,23.47
1711000,24.26,22.98,24.25,23.75,23.58
1712000,24.26,22.98,24.25,23.75,23.58
1713000,24.26,22.98,24.25,23.75,23.58
1714000,24.39,22.88,24.27,23.47,23.48
1715000,24.39,22.88,24.27,23.47,23.48
1716000,24.26,22.97,24.08,23.35,23.32
1717000,24.26,22.97,24.08,23.35,23.32
1718000,24.26,22.97,24.08,23.35,23.32
1719000,24.26,22.81,23.9,23.05,23.33
1720000,24.26,22.81,23.9,23.05,23.33
1721000,24.2,22.79,23.88,22.86,23.39
1722000,24.2,22.79,23.88,22.86,23.39
1723000,24.2,22.79,23.88,22.86,23.39
1724000,24.34,22.79,23.72,23.05,23.37
1725000,24.34,22.79,23.72,23.05,23.37
1726000,24.3,22.78,23.52,23.04,23.27
1727000,24.3,22.78,23.52,23.04,23.27
1728000,24.3,22.78,23.52,23.04,23.27
1729000,24.32,23.1,23.35,23.06,23.25
1730000,24.32,23.1,23.35,23.06,23.25
1731000,24.35,23.04,23.43,23.03,23.52
1732000,24.35,23.04,23.43,23.03,23.52
1733000,24.35,23.04,23.43,23.03,23.52
1734000,24.5,22.81,23.4,23.06,23.5
1735000,24.5,22.81,23.4,23.06,23.5
1736000,24.8,23.06,23.56,23.26,23.43
1737000,24.8,23.06,23.56,23.26,23.43
1738000,24.8,23.06,23.56,23.26,23.43
1739000,24.81,23.1,23.46,23.3,23.34
1740000,24.81,23.1,23.46,23.3,23.34
1741000,25.03,22.94,23.62,23.35,23.32
1742000,25.03,22.94,23.62,23.35,23.32
1743000,25.03,22.94,23.62,23.35,23.32
1744000,24.91,22.92,23.6,23.57,23.17
1745000,24.91,22.92,23.6,23.57,23.17
1746000,24.88,22.93,23.79,23.62,23.02
1747000,24.88,22.93,23.79,23.62,23.02
1748000,24.88,22.93,23.79,23.62,23.02
1749000,24.85,22.63,23.66,23.56,23.14
1750000,24.85,22.63,23.66,23.56,23.14
1751000,24.72,22.51,23.73,23.47,23.4
1752000,24.72,22.51,23.73,23.47,23.4
1753000,24.72,22.51,23.73,23.47,23.4
1754000,24.55,22.42,23.79,23.5,23.33
1755000,24.55,22.42,23.79,23.5,23.33
1756000,24.42,22.58,23.94,23.64,23.12
1757000,24.42,22.58,23.94,23.64,23.12
1758000,24.42,22.58,23.94,23.64,23.12
1759000,24.23,22.68,23.74,23.88,23.13
1760000,24.23,22.68,23.74,23.88,23.13
1761000,24.25,22.79,23.72,23.83,23.37
1762000,24.25,22.79,23.72,23.83,23.37
1763000,24.25,22.79,23.72,23.83,23.37
1764000,24.31,23.12,23.63,23.8,23.41
1765000,24.31,23.12,23.63,23.8,23.41
1766000,24.2,23.41,23.66,23.65,23.5
1767000,24.2,23.41,23.66,23.65,23.5
1768000,24.2,23.41,23.66,23.65,23.5
1769000,24.26,23.61,23.79,23.67,23.29
1770000,24.26,23.61,23.79,23.67,23.29
1771000,24.14,23.31,23.61,23.4,23.21
1772000,24.14,23.31,23.61,23.4,23.21
1773000,24.14,23.31,23.61,23.4,23.21
1774000,24.11,23.41,23.75,23.19,23.39
1775000,24.11,23.41,23.75,23.19,23.39
1776000,23.98,23.54,23.71,23.1,23.21
1777000,23.98,23.54,23.71,23.1,23.21
1778000,23.98,23.54,23.71,23.1,23.21
1779000,23.71,23.47,23.76,22.89,22.97
1780000,23.71,23.47,23.76,22.89,22.97
1781000,23.68,23.48,24.01,22.75,23.12
1782000,23.68,23.48,24.01,22.75,23.12
1783000,23.68,23.48,24.01,22.75,23.12
1784000,23.91,23.57,23.62,22.82,23.08
1785000,23.91,23.57,23.62,22.82,23.08
1786000,23.89,23.45,23.27,22.85,23.18
1787000,23.89,23.45,23.27,22.85,23.18
1788000,23.89,23.45,23.27,22.85,23.18
1789000,23.93,23.44,23.48,22.9,23.3
1790000,23.93,23.44,23.48,22.9,23.3
1791000,24.24,23.4,23.43,22.92,23.32
1792000,24.24,23.4,23.43,22.92,23.32
1793000,24.24,23.4,23.43,22.92,23.32
1794000,24.29,23.67,23.28,22.88,23.35
1795000,24.29,23.67,23.28,22.88,23.35
1796000,24.32,23.72,23.38,22.86,23.21
1797000,24.32,23.72,23.38,22.86,23.21
1798000,24.32,23.72,23.38,22.86,23.21
1799000,24.45,23.91,23.22,22.84,23.33
1800000,24.45,23.91,23.22,22.84,23.33
1801000,24.55,23.58,23.19,22.51,23.48
1802000,24.55,23.58,23.19,22.51,23.48
1803000,24.55,23.58,23.19,22.51,23.48
1804000,24.31,23.4,23.25,22.44,23.73
1805000,24.31,23.4,23.25,22.44,23.73
1806000,24.4,23.41,23.18,22.57,23.76
1807000,24.4,23.41,23.18,22.57,23.76
1808000,24.4,23.41,23.18,22.57,23.76
1809000,24.26,23.36,23.28,22.67,23.82
1810000,24.26,23.36,23.28,22.67,23.82
1811000,24.4,23.22,23.19,22.66,23.84
1812000,24.4,23.22,23.19,22.66,23.84
1813000,24.4,23.22,23.19,22.66,23.84
1814000,24.49,23.3,23.18,22.62,23.86
1815000,24.49,23.3,23.18,22.62,23.86
1816000,24.69,23.15,23.35,22.7,24.18
1817000,24.69,23.15,23.35,22.7,24.18
1818000,24.69,23.15,23.35,22.7,24.18
1819000,24.7,23.31,23.5,22.97,24.09
1820000,24.7,23.31,23.5,22.97,24.09
1821000,24.84,23.47,23.43,22.75,24.02
1822000,24.84,23.47,23.43,22.75,24.02
1823000,24.84,23.47,23.43,22.75,24.02
1824000,24.81,23.61,23.31,22.39,23.93
1825000,24.81,23.61,23.31,22.39,23.93
1826000,24.79,23.75,23.4,22.5,23.82
1827000,24.79,23.75,23.4,22.5,23.82
1828000,24.79,23.75,23.4,22.5,23.82
1829000,24.61,23.72,23.29,22.31,24.04
1830000,24.61,23.72,23.29,22.31,24.04
1831000,24.71,23.53,23.11,22.43,23.99
1832000,24.71,23.53,23.11,22.43,23.99
1833000,24.71,23.53,23.11,22.43,23.99
1834000,24.72,23.55,23.2,22.47,23.99
1835000,24.72,23.55,23.2,22.47,23.99
1836000,24.59,23.44,23.24,22.4,23.99
1837000,24.59,23.44,23.24,22.4,23.99
1838000,24.59,23.44,23.24,22.4,23.99
1839000,24.88,23.11,23.23,22.36,24.02
1840000,24.88,23.11,23.23,22.36,24.02
1841000,25.12,23.03,23.17,22.07,24.22
1842000,25.12,23.03,23.17,22.07,24.22
1843000,25.12,23.03,23.17,22.07,24.22
1844000,25.08,22.85,23.28,22.04,24.23
1845000,25.08,22.85,23.28,22.04,24.23
1846000,25.28,22.91,23.21,22.05,24.51
1847000,25.28,22.91,23.21,22.05,24.51
1848000,25.28,22.91,23.21,22.05,24.51
1849000,25.05,22.68,23.25,22.13,24.45
1850000,25.05,22.68,23.25,22.13,24.45
1851000,25.3,22.48,23.42,22.27,24.17
1852000,25.3,22.48,23.42,22.27,24.17
1853000,25.3,22.48,23.42,22.27,24.17
1854000,25.11,22.54,23.67,22.48,24.19
1855000,25.11,22.54,23.67,22.48,24.19
1856000,24.73,22.37,23.64,22.71,24.22
1857000,24.73,22.37,23.64,22.71,24.22
1858000,24.73,22.37,23.64,22.71,24.22
1859000,24.8,22.18,23.68,22.64,24.37
1860000,24.8,22.18,23.68,22.64,24.37
1861000,25.06,21.79,23.67,22.89,24.55
1862000,25.06,21.79,23.67,22.89,24.55
1863000,25.06,21.79,23.67,22.89,24.55
1864000,24.97,21.66,23.74,23.07,24.52
1865000,24.97,21.66,23.74,23.07,24.52
1866000,25.21,21.69,23.77,23.16,24.47
1867000,25.21,21.69,23.77,23.16,24.47
1868000,25.21,21.69,23.77,23.16,24.47
1869000,25.36,21.33,23.82,23.15,24.42
1870000,25.36,21.33,23.82,23.15,24.42
1871000,25.49,21.34,23.96,23.46,24.42
1872000,25.49,21.34,23.96,23.46,24.42
1873000,25.49,21.34,23.96,23.46,24.42
1874000,25.78,21.03,24.0,23.57,24.32
1875000,25.78,21.03,24.0,23.57,24.32
1876000,25.73,20.83,24.29,23.55,24.19
1877000,25.73,20.83,24.29,23.55,24.19
1878000,25.73,20.83,24.29,23.55,24.19
1879000,25.59,20.62,24.29,23.68,24.07
1880000,25.59,20.62,24.29,23.68,24.07
1881000,25.57,20.37,24.41,23.66,23.88
1882000,25.57,20.37,24.41,23.66,23.88
1883000,25.57,20.37,24.41,23.66,23.88
1884000,25.21,20.33,24.63,23.57,23.59
1885000,25.21,20.33,24.63,23.57,23.59
1886000,25.32,20.39,24.51,23.5,23.63
1887000,25.32,20.39,24.51,23.5,23.63
1888000,25.32,20.39,24.51,23.5,23.63
1889000,25.29,20.41,24.42,23.61,23.67
1890000,25.29,20.41,24.42,23.61,23.67
1891000,25.34,20.27,24.32,23.34,23.68
1892000,25.34,20.27,24.32,23.34,23.68
1893000,25.34,20.27,24.32,23.34,23.68
1894000,25.12,20.43,24.33,23.66,23.85
1895000,25.12,20.43,24.33,23.66,23.85
1896000,24.99,20.25,24.28,23.88,23.95
1897000,24.99,20.25,24.28,23.88,23.95
1898000,24.99,20.25,24.28,23.88,23.95
1899000,24.9,20.1,24.42,23.86,24.06
1900000,24.9,20.1,24.42,23.86,24.06
1901000,24.86,20.35,24.43,24.08,24.31
1902000,24.86,20.35,24.43,24.08,24.31
1903000,24.86,20.35,24.43,24.08,24.31
1904000,24.79,20.4,24.2,24.06,24.16
1905000,24.79,20.4,24.2,24.06,24.16
1906000,24.73,20.38,24.1,24.08,24.15
1907000,24.73,20.38,24.1,24.08,24.15
1908000,24.73,20.38,24.1,24.08,24.15
1909000,24.71,20.34,24.2,24.15,24.21
1910000,24.71,20.34,24.2,24.15,24.21
1911000,24.77,20.18,24.26,24.1,24.06
1912000,24.77,20.18,24.26,24.1,24.06
1913000,24.77,20.18,24.26,24.1,24.06
1914000,24.82,20.21,24.5,24.13,24.19
1915000,24.82,20.21,24.5,24.13,24.19
1916000,25.01,20.44,24.6,24.2,24.24
1917000,25.01,20.44,24.6,24.2,24.24
1918000,25.01,20.44,24.6,24.2,24.24
1919000,24.93,20.44,24.57,24.19,24.02
1920000,24.93,20.44,24.57,24.19,24.02
1921000,24.96,20.3,24.5,24.17,23.94
1922000,24.96,20.3,24.5,24.17,23.94
1923000,24.96,20.3,24.5,24.17,23.94
1924000,25.05,20.23,24.78,23.96,24.06
1925000,25.05,20.23,24.78,23.96,24.06
1926000,25.1,20.29,24.6,23.84,24.24
1927000,25.1,20.29,24.6,23.84,24.24
1928000,25.1,20.29,24.6,23.84,24.24
1929000,25.04,20.6,24.64,23.58,24.18
1930000,25.04,20.6,24.64,23.58,24.18
1931000,24.78,20.86,24.77,23.67,23.93
1932000,24.78,20.86,24.77,23.67,23.93
1933000,24.78,20.86,24.77,23.67,23.93
1934000,24.58,20.82,24.84,23.54,23.98
1935000,24.58,20.82,24.84,23.54,23.98
1936000,24.31,20.97,24.76,23.47,24.25
1937000,24.31,20.97,24.76,23.47,24.25
1938000,24.31,20.97,24.76,23.47,24.25
1939000,24.43,20.87,24.72,23.54,24.29
1940000,24.43,20.87,24.72,23.54,24.29
1941000,24.35,21.18,24.67,23.5,24.4
1942000,24.35,21.18,24.67,23.5,24.4
1943000,24.35,21.18,24.67,23.5,24.4
1944000,24.32,21.12,24.8,23.53,24.37
1945000,24.32,21.12,24.8,23.53,24.37
1946000,24.41,21.16,24.9,23.18,24.59
1947000,24.41,21.16,24.9,23.18,24.59
1948000,24.41,21.16,24.9,23.18,24.59
1949000,24.22,21.25,24.9,23.25,24.51
1950000,24.22,21.25,24.9,23.25,24.51
1951000,24.22,21.17,24.97,23.36,24.39
1952000,24.22,21.17,24.97,23.36,24.39
1953000,24.22,21.17,24.97,23.36,24.39
1954000,24.1,20.91,24.9,23.2,24.4
1955000,24.1,20.91,24.9,23.2,24.4
1956000,24.1,20.8,24.97,23.28,24.33
1957000,24.1,20.8,24.97,23.28,24.33
1958000,24.1,20.8,24.97,23.28,24.33
1959000,24.23,20.7,25.1,23.21,24.27
1960000,24.23,20.7,25.1,23.21,24.27
1961000,24.33,20.85,25.06,23.28,24.2
1962000,24.33,20.85,25.06,23.28,24.2
1963000,24.33,20.85,25.06,23.28,24.2
1964000,24.26,20.91,24.98,23.44,24.1
1965000,24.26,20.91,24.98,23.44,24.1
1966000,24.47,20.95,25.15,23.6,24.17
1967000,24.47,20.95,25.15,23.6,24.17
1968000,24.47,20.95,25.15,23.6,24.17
1969000,24.36,20.71,25.25,23.95,24.27
1970000,24.36,20.71,25.25,23.95,24.27
1971000,24.35,20.92,25.19,24.15,24.27
1972000,24.35,20.92,25.19,24.15,24.27
1973000,24.35,20.92,25.19,24.15,24.27
1974000,24.25,20.82,25.34,24.08,24.43
1975000,24.25,20.82,25.34,24.08,24.43
1976000,24.02,20.7,25.47,24.03,24.6
1977000,24.02,20.7,25.47,24.03,24.6
1978000,24.02,20.7,25.47,24.03,24.6
1979000,24.1,20.7,25.53,23.94,24.51
1980000,24.1,20.7,25.53,23.94,24.51
1981000,24.12,20.9,25.42,23.72,24.39
1982000,24.12,20.9,25.42,23.72,24.39
1983000,24.12,20.9,25.42,23.72,24.39
1984000,24.09,20.91,25.69,23.75,24.5
1985000,24.09,20.91,25.69,23.75,24.5
1986000,24.08,20.75,25.73,23.83,24.75
1987000,24.08,20.75,25.73,23.83,24.75
1988000,24.08,20.75,25.73,23.83,24.75
1989000,24.17,20.89,25.96,23.74,24.81
1990000,24.17,20.89,25.96,23.74,24.81
1991000,24.03,21.12,25.69,23.84,24.95
1992000,24.03,21.12,25.69,23.84,24.95
1993000,24.03,21.12,25.69,23.84,24.95
1994000,24.27,20.95,25.82,23.83,25.13
1995000,24.27,20.95,25.82,23.83,25.13
1996000,24.51,21.09,25.54,23.9,24.98
1997000,24.51,21.09,25.54,23.9,24.98
1998000,24.51,21.09,25.54,23.9,24.98
1999000,24.35,21.16,25.67,23.91,24.94
2000000,24.35,21.16,25.67,23.91,24.94
2001000,24.52,21.32,25.54,24.01,24.75
2002000,24.52,21.32,25.54,24.01,24.75
2003000,24.52,21.32,25.54,24.01,24.75
2004000,24.47,21.09,25.28,24.1,25.01
2005000,24.47,21.09,25.28,24.1,25.01
2006000,24.47,21.27,25.0,24.07,25.14
2007000,24.47,21.27,25.0,24.07,25.14
2008000,24.47,21.27,25.0,24.07,25.14
2009000,24.63,21.2,25.15,23.97,24.91
2010000,24.63,21.2,25.15,23.97,24.91
2011000,24.82,21.27,25.03,24.18,24.83
2012000,24.82,21.27,25.03,24.18,24.83
2013000,24.82,21.27,25.03,24.18,24.83
2014000,24.79,21.1,25.15,24.21,24.93
2015000,24.79,21.1,25.15,24.21,24.93
2016000,24.76,21.0,24.9,24.3,25.03
2017000,24.76,21.0,24.9,24.3,25.03
2018000,24.76,21.0,24.9,24.3,25.03
2019000,24.7,20.84,24.67,24.12,25.23
2020000,24.7,20.84,24.67,24.12,25.23
2021000,24.75,21.01,24.8,24.3,25.36
2022000,24.75,21.01,24.8,24.3,25.36
2023000,24.75,21.01,24.8,24.3,25.36
2024000,24.48,20.98,24.79,24.52,25.42
2025000,24.48,20.98,24.79,24.52,25.42
2026000,24.48,21.05,24.74,24.42,25.62
2027000,24.48,21.05,24.74,24.42,25.62
2028000,24.48,21.05,24.74,24.42,25.62
2029000,24.58,21.2,24.65,24.47,25.77
2030000,24.58,21.2,24.65,24.47,25.77
2031000,24.59,21.48,24.66,24.58,25.65
2032000,24.59,21.48,24.66,24.58,25.65
2033000,24.59,21.48,24.66,24.58,25.65
2034000,24.48,21.38,24.74,24.45,25.66
2035000,24.48,21.38,24.74,24.45,25.66
2036000,24.68,21.44,25.12,24.28,25.68
2037000,24.68,21.44,25.12,24.28,25.68
2038000,24.68,21.44,25.12,24.28,25.68
2039000,24.78,21.22,25.11,24.18,25.71
2040000,24.78,21.22,25.11,24.18,25.71
2041000,24.82,21.18,25.32,24.3,25.85
2042000,24.82,21.18,25.32,24.3,25.85
2043000,24.82,21.18,25.32,24.3,25.85
2044000,24.68,21.27,25.23,24.11,25.82
2045000,24.68,21.27,25.23,24.11,25.82
2046000,24.77,21.43,25.23,23.87,25.77
2047000,24.77,21.43,25.23,23.87,25.77
2048000,24.77,21.43,25.23,23.87,25.77
2049000,24.56,21.39,25.46,24.04,25.85
2050000,24.56,21.39,25.46,24.04,25.85
2051000,24.49,21.57,25.66,24.05,25.62
2052000,24.49,21.57,25.66,24.05,25.62
2053000,24.49,21.57,25.66,24.05,25.62
2054000,24.75,21.72,25.57,23.88,25.73
2055000,24.75,21.72,25.57,23.88,25.73
2056000,24.75,21.67,25.72,23.9,25.71
2057000,24.75,21.67,25.72,23.9,25.71
2058000,24.75,21.67,25.72,23.9,25.71
2059000,24.57,21.64,25.72,23.89,25.7
2060000,24.57,21.64,25.72,23.89,25.7
2061000,24.56,21.78,25.52,23.99,25.85
2062000,24.56,21.78,25.52,23.99,25.85
2063000,24.56,21.78,25.52,23.99,25.85
2064000,24.49,21.59,25.44,23.89,25.91
2065000,24.49,21.59,25.44,23.89,25.91
2066000,24.42,21.7,25.26,23.81,25.82
2067000,24.42,21.7,25.26,23.81,25.82
2068000,24.42,21.7,25.26,23.81,25.82
2069000,24.59,21.67,25.2,23.68,25.82
2070000,24.59,21.67,25.2,23.68,25.82
2071000,24.55,21.6,25.3,23.84,25.85
2072000,24.55,21.6,25.3,23.84,25.85
2073000,24.55,21.6,25.3,23.84,25.85
2074000,24.78,21.5,25.48,24.18,25.88
2075000,24.78,21.5,25.48,24.18,25.88
2076000,24.95,21.59,25.34,24.04,26.02
2077000,24.95,21.59,25.34,24.04,26.02
2078000,24.95,21.59,25.34,24.04,26.02
2079000,25.19,21.48,25.52,24.16,25.97
2080000,25.19,21.48,25.52,24.16,25.97
2081000,25.14,21.64,25.56,24.04,25.95
2082000,25.14,21.64,25.56,24.04,25.95
2083000,25.14,21.64,25.56,24.04,25.95
2084000,25.2,21.56,25.36,24.28,25.87
2085000,25.2,21.56,25.36,24.28,25.87
2086000,25.4,21.8,25.34,24.22,25.76
2087000,25.4,21.8,25.34,24.22,25.76
2088000,25.4,21.8,25.34,24.22,25.76
2089000,25.23,22.16,25.41,24.29,25.74
2090000,25.23,22.16,25.41,24.29,25.74
2091000,25.05,22.06,25.57,24.57,25.59
2092000,25.05,22.06,25.57,24.57,25.59
2093000,25.05,22.06,25.57,24.57,25.59
2094000,24.9,22.27,25.53,24.53,25.62
2095000,24.9,22.27,25.53,24.53,25.62
2096000,24.91,22.37,25.63,24.41,25.57
2097000,24.91,22.37,25.63,24.41,25.57
2098000,24.91,22.37,25.63,24.41,25.57
2099000,25.07,22.46,25.51,24.38,25.73
2100000,25.07,22.46,25.51,24.38,25.73
2101000,24.76,22.57,25.45,24.26,25.9
2102000,24.76,22.57,25.45,24.26,25.9
2103000,24.76,22.57,25.45,24.26,25.9
2104000,24.92,22.56,25.38,24.19,25.9
2105000,24.92,22.56,25.38,24.19,25.9
2106000,25.22,22.83,25.25,23.97,25.84
2107000,25.22,22.83,25.25,23.97,25.84
2108000,25.22,22.83,25.25,23.97,25.84
2109000,25.06,22.98,25.24,24.02,25.75
2110000,25.06,22.98,25.24,24.02,25.75
2111000,25.09,23.22,25.32,23.95,25.5
2112000,25.09,23.22,25.32,23.95,25.5
2113000,25.09,23.22,25.32,23.95,25.5
2114000,25.11,23.55,25.34,24.05,25.61
2115000,25.11,23.55,25.34,24.05,25.61
2116000,25.21,23.63,25.45,23.99,25.63
2117000,25.21,23.63,25.45,23.99,25.63
2118000,25.21,23.63,25.45,23.99,25.63
2119000,25.33,23.81,25.43,23.88,25.66
2120000,25.33,23.81,25.43,23.88,25.66
2121000,25.05,23.8,25.34,23.68,25.8
2122000,25.05,23.8,25.34,23.68,25.8
2123000,25.05,23.8,25.34,23.68,25.8
2124000,24.93,23.98,25.29,23.67,25.89
2125000,24.93,23.98,25.29,23.67,25.89
2126000,25.01,24.11,25.18,23.55,25.84
2127000,25.01,24.11,25.18,23.55,25.84
2128000,25.01,24.11,25.18,23.55,25.84
2129000,25.06,24.23,24.97,23.66,26.12
2130000,25.06,24.23,24.97,23.66,26.12
2131000,25.06,24.4,24.76,23.67,26.33
2132000,25.06,24.4,24.76,23.67,26.33
2133000,25.06,24.4,24.76,23.67,26.33
2134000,25.39,24.39,24.58,23.68,26.37
2135000,25.39,24.39,24.58,23.68,26.37
2136000,25.1,24.38,24.75,23.68,26.36
2137000,25.1,24.38,24.75,23.68,26.36
2138000,25.1,24.38,24.75,23.68,26.36
2139000,24.9,24.32,24.71,23.63,26.44
2140000,24.9,24.32,24.71,23.63,26.44
2141000,25.06,24.39,24.59,23.87,26.49
2142000,25.06,24.39,24.59,23.87,26.49
2143000,25.06,24.39,24.59,23.87,26.49
2144000,25.26,24.32,24.73,23.64,26.47
2145000,25.26,24.32,24.73,23.64,26.47
2146000,25.06,24.33,24.77,23.67,26.32
2147000,25.06,24.33,24.77,23.67,26.32
2148000,25.06,24.33,24.77,23.67,26.32
2149000,25.1,24.47,24.76,23.52,26.37
2150000,25.1,24.47,24.76,23.52,26.37
2151000,25.21,24.29,24.95,23.19,26.22
2152000,25.21,24.29,24.95,23.19,26.22
2153000,25.21,24.29,24.95,23.19,26.22
2154000,25.24,24.43,25.05,23.1,26.22
2155000,25.24,24.43,25.05,23.1,26.22
2156000,25.2,24.55,25.26,23.11,26.11
2157000,25.2,24.55,25.26,23.11,26.11
2158000,25.2,24.55,25.26,23.11,26.11
2159000,25.09,24.43,25.04,22.96,25.92
2160000,25.09,24.43,25.04,22.96,25.92
2161000,24.98,24.49,24.94,23.14,25.97
2162000,24.98,24.49,24.94,23.14,25.97
2163000,24.98,24.49,24.94,23.14,25.97
2164000,25.13,24.47,24.79,23.31,26.2
2165000,25.13,24.47,24.79,23.31,26.2
2166000,25.1,24.39,24.72,23.17,26.09
2167000,25.1,24.39,24.72,23.17,26.09
2168000,25.1,24.39,24.72,23.17,26.09
2169000,25.13,24.46,24.5,23.08,26.2
2170000,25.13,24.46,24.5,23.08,26.2
2171000,25.23,24.55,24.57,22.99,26.13
2172000,25.23,24.55,24.57,22.99,26.13
2173000,25.23,24.55,24.57,22.99,26.13
2174000,24.94,24.44,24.22,23.07,26.32
2175000,24.94,24.44,24.22,23.07,26.32
2176000,24.84,24.44,24.02,23.02,26.24
2177000,24.84,24.44,24.02,23.02,26.24
2178000,24.84,24.44,24.02,23.02,26.24
2179000,25.08,24.32,24.14,23.22,26.29
2180000,25.08,24.32,24.14,23.22,26.29
2181000,25.19,24.07,23.89,23.1,26.27
2182000,25.19,24.07,23.89,23.1,26.27
2183000,25.19,24.07,23.89,23.1,26.27
2184000,25.31,23.91,24.05,23.06,26.21
2185000,25.31,23.91,24.05,23.06,26.21
2186000,25.32,23.86,24.3,23.24,25.9
2187000,25.32,23.86,24.3,23.24,25.9
2188000,25.32,23.86,24.3,23.24,25.9
2189000,25.35,23.82,24.35,22.97,25.87
2190000,25.35,23.82,24.35,22.97,25.87
2191000,25.36,23.86,24.46,22.99,26.03
2192000,25.36,23.86,24.46,22.99,26.03
2193000,25.36,23.86,24.46,22.99,26.03
2194000,25.27,23.86,24.27,22.91,25.79
2195000,25.27,23.86,24.27,22.91,25.79
2196000,25.22,24.01,24.29,23.26,25.9
2197000,25.22,24.01,24.29,23.26,25.9
2198000,25.22,24.01,24.29,23.26,25.9
2199000,25.25,24.06,24.34,23.23,26.06
2200000,25.25,24.06,24.34,23.23,26.06
2201000,25.16,23.89,24.2,23.11,26.1
2202000,25.16,23.89,24.2,23.11,26.1
2203000,25.16,23.89,24.2,23.11,26.1
2204000,25.11,23.89,24.32,23.2,26.24
2205000,25.11,23.89,24.32,23.2,26.24
2206000,25.05,23.68,24.47,22.94,26.27
2207000,25.05,23.68,24.47,22.94,26.27
2208000,25.05,23.68,24.47,22.94,26.27
2209000,25.01,23.76,24.44,23.01,26.23
2210000,25.01,23.76,24.44,23.01,26.23
2211000,24.85,23.8,24.34,22.99,26.11
2212000,24.85,23.8,24.34,22.99,26.11
2213000,24.85,23.8,24.34,22.99,26.11
2214000,24.73,23.77,24.31,23.18,26.21
2215000,24.73,23.77,24.31,23.18,26.21
2216000,24.4,23.62,24.34,23.36,26.26
2217000,24.4,23.62,24.34,23.36,26.26
2218000,24.4,23.62,24.34,23.36,26.26
2219000,24.28,23.76,24.28,23.21,26.05
2220000,24.28,23.76,24.28,23.21,26.05
2221000,24.25,23.64,24.3,23.19,25.97
2222000,24.25,23.64,24.3,23.19,25.97
2223000,24.25,23.64,24.3,23.19,25.97
2224000,24.23,23.58,24.29,23.16,26.01
2225000,24.23,23.58,24.29,23.16,26.01
2226000,24.58,23.71,24.23,23.22,25.97
2227000,24.58,23.71,24.23,23.22,25.97
2228000,24.58,23.71,24.23,23.22,25.97
2229000,24.38,23.65,24.24,23.15,26.09
2230000,24.38,23.65,24.24,23.15,26.09
2231000,24.26,23.69,24.43,23.1,25.99
2232000,24.26,23.69,24.43,23.1,25.99
2233000,24.26,23.69,24.43,23.1,25.99
2234000,24.24,23.89,24.41,23.22,25.77
2235000,24.24,23.89,24.41,23.22,25.77
2236000,24.17,23.98,24.18,23.13,25.64
2237000,24.17,23.98,24.18,23.13,25.64
2238000,24.17,23.98,24.18,23.13,25.64
2239000,24.13,24.04,24.16,23.23,25.67
2240000,24.13,24.04,24.16,23.23,25.67
2241000,24.18,24.01,24.38,23.19,25.59
2242000,24.18,24.01,24.38,23.19,25.59
2243000,24.18,24.01,24.38,23.19,25.59
2244000,23.97,24.23,24.28,22.93,25.65
2245000,23.97,24.23,24.28,22.93,25.65
2246000,23.75,23.96,24.61,22.94,25.91
2247000,23.75,23.96,24.61,22.94,25.91
2248000,23.75,23.96,24.61,22.94,25.91
2249000,23.9,24.14,24.6,22.75,25.92
2250000,23.9,24.14,24.6,22.75,25.92
2251000,23.88,24.01,24.83,22.67,25.91
2252000,23.88,24.01,24.83,22.67,25.91
2253000,23.88,24.01,24.83,22.67,25.91
2254000,23.91,24.09,24.95,22.8,25.8
2255000,23.91,24.09,24.95,22.8,25.8
2256000,24.02,23.81,25.08,22.71,25.6
2257000,24.02,23.81,25.08,22.71,25.6
2258000,24.02,23.81,25.08,22.71,25.6
2259000,24.05,23.96,24.91,22.51,25.62
2260000,24.05,23.96,24.91,22.51,25.62
2261000,24.19,23.87,25.02,22.61,25.66
2262000,24.19,23.87,25.02,22.61,25.66
2263000,24.19,23.87,25.02,22.61,25.66
2264000,24.19,23.86,24.88,22.4,25.67
2265000,24.19,23.86,24.88,22.4,25.67
2266000,24.23,23.98,25.12,22.49,25.6
2267000,24.23,23.98,25.12,22.49,25.6
2268000,24.23,23.98,25.12,22.49,25.6
2269000,24.36,24.04,25.01,22.55,25.58
2270000,24.36,24.04,25.01,22.55,25.58
2271000,24.36,24.07,25.0,22.45,25.38
2272000,24.36,24.07,25.0,22.45,25.38
2273000,24.36,24.07,25.0,22.45,25.38
2274000,24.68,23.99,25.02,22.46,25.26
2275000,24.68,23.99,25.02,22.46,25.26
2276000,24.76,23.72,25.06,22.73,25.31
2277000,24.76,23.72,25.06,22.73,25.31
2278000,24.76,23.72,25.06,22.73,25.31
2279000,24.94,23.88,25.25,22.8,25.38
2280000,24.94,23.88,25.25,22.8,25.38
2281000,24.94,23.9,25.37,22.66,25.51
2282000,24.94,23.9,25.37,22.66,25.51
2283000,24.94,23.9,25.37,22.66,25.51
2284000,24.85,23.96,25.65,22.61,25.48
2285000,24.85,23.96,25.65,22.61,25.48
2286000,24.71,23.92,25.44,22.74,25.62
2287000,24.71,23.92,25.44,22.74,25.62
2288000,24.71,23.92,25.44,22.74,25.62
2289000,24.43,24.04,25.42,22.88,25.55
2290000,24.43,24.04,25.42,22.88,25.55
2291000,24.27,24.1,25.43,22.62,25.45
2292000,24.27,24.1,25.43,22.62,25.45
2293000,24.27,24.1,25.43,22.62,25.45
2294000,24.14,24.0,25.66,22.88,25.47
2295000,24.14,24.0,25.66,22.88,25.47
2296000,24.0,23.94,25.59,23.11,25.45
2297000,24.0,23.94,25.59,23.11,25.45
2298000,24.0,23.94,25.59,23.11,25.45
2299000,24.04,23.96,25.58,22.83,25.37
2300000,24.04,23.96,25.58,22.83,25.37
2301000,23.98,23.92,25.54,23.08,25.53
2302000,23.98,23.92,25.54,23.08,25.53
2303000,23.98,23.92,25.54,23.08,25.53
2304000,24.06,23.89,25.6,23.14,25.39
2305000,24.06,23.89,25.6,23.14,25.39
2306000,23.84,23.76,25.41,23.1,25.54
2307000,23.84,23.76,25.41,23.1,25.54
2308000,23.84,23.76,25.41,23.1,25.54
2309000,24.06,23.79,25.38,22.95,25.6
2310000,24.06,23.79,25.38,22.95,25.6
2311000,24.07,23.83,25.7,22.72,25.53
2312000,24.07,23.83,25.7,22.72,25.53
2313000,24.07,23.83,25.7,22.72,25.53
2314000,24.19,24.02,25.88,22.69,25.42
2315000,24.19,24.02,25.88,22.69,25.42
2316000,24.37,24.04,26.04,22.79,25.35
2317000,24.37,24.04,26.04,22.79,25.35
2318000,24.37,24.04,26.04,22.79,25.35
2319000,24.25,24.06,26.05,23.02,25.54
2320000,24.25,24.06,26.05,23.02,25.54
2321000,24.41,24.16,26.02,23.13,25.55
2322000,24.41,24.16,26.02,23.13,25.55
2323000,24.41,24.16,26.02,23.13,25.55
2324000,24.33,24.2,25.98,22.85,25.61
2325000,24.33,24.2,25.98,22.85,25.61
2326000,24.27,24.11,25.98,22.68,25.39
2327000,24.27,24.11,25.98,22.68,25.39
2328000,24.27,24.11,25.98,22.68,25.39
2329000,24.15,24.44,25.87,22.74,25.13
2330000,24.15,24.44,25.87,22.74,25.13
2331000,24.01,24.48,26.01,22.93,25.19
2332000,24.01,24.48,26.01,22.93,25.19
2333000,24.01,24.48,26.01,22.93,25.19
2334000,23.98,24.47,26.11,22.83,25.37
2335000,23.98,24.47,26.11,22.83,25.37
2336000,23.75,24.43,26.13,22.91,25.42
2337000,23.75,24.43,26.13,22.91,25.42
2338000,23.75,24.43,26.13,22.91,25.42
2339000,23.92,24.23,26.0,22.76,25.45
2340000,23.92,24.23,26.0,22.76,25.45
2341000,24.05,24.32,25.65,22.83,25.4
2342000,24.05,24.32,25.65,22.83,25.4
2343000,24.05,24.32,25.65,22.83,25.4
2344000,24.2,24.3,25.74,22.92,25.32
2345000,24.2,24.3,25.74,22.92,25.32
2346000,24.17,24.02,25.54,22.92,25.27
2347000,24.17,24.02,25.54,22.92,25.27
2348000,24.17,24.02,25.54,22.92,25.27
2349000,24.11,24.22,25.58,22.89,25.17
2350000,24.11,24.22,25.58,22.89,25.17
2351000,24.33,24.25,25.51,22.92,25.02
2352000,24.33,24.25,25.51,22.92,25.02
2353000,24.33,24.25,25.51,22.92,25.02
2354000,24.03,24.12,25.48,23.11,24.89
2355000,24.03,24.12,25.48,23.11,24.89
2356000,23.97,24.09,25.6,23.21,24.9
2357000,23.97,24.09,25.6,23.21,24.9
2358000,23.97,24.09,25.6,23.21,24.9
2359000,23.94,23.82,25.57,23.36,24.78
2360000,23.94,23.82,25.57,23.36,24.78
2361000,23.72,23.96,25.56,23.29,24.95
2362000,23.72,23.96,25.56,23.29,24.95
2363000,23.72,23.96,25.56,23.29,24.95
2364000,23.65,23.88,25.58,23.13,24.83
2365000,23.65,23.88,25.58,23.13,24.83
2366000,23.52,23.9,25.59,22.92,24.74
2367000,23.52,23.9,25.59,22.92,24.74
2368000,23.52,23.9,25.59,22.92,24.74
2369000,23.4,24.01,25.38,22.98,24.79
2370000,23.4,24.01,25.38,22.98,24.79
2371000,23.7,23.83,25.36,22.86,24.47
2372000,23.7,23.83,25.36,22.86,24.47
2373000,23.7,23.83,25.36,22.86,24.47
2374000,23.51,23.84,25.33,22.62,24.5
2375000,23.51,23.84,25.33,22.62,24.5
2376000,23.4,23.79,25.3,22.8,24.68
2377000,23.4,23.79,25.3,22.8,24.68
2378000,23.4,23.79,25.3,22.8,24.68
2379000,23.36,23.83,25.35,22.88,24.73
2380000,23.36,23.83,25.35,22.88,24.73
2381000,23.41,23.77,25.41,22.74,24.84
2382000,23.41,23.77,25.41,22.74,24.84
2383000,23.41,23.77,25.41,22.74,24.84
2384000,23.19,23.84,25.49,22.57,24.82
2385000,23.19,23.84,25.49,22.57,24.82
2386000,23.2,24.0,25.49,22.52,24.71
2387000,23.2,24.0,25.49,22.52,24.71
2388000,23.2,24.0,25.49,22.52,24.71
2389000,23.24,24.18,25.59,22.52,24.78
2390000,23.24,24.18,25.59,22.52,24.78
2391000,22.89,24.24,25.59,22.25,24.96
2392000,22.89,24.24,25.59,22.25,24.96
2393000,22.89,24.24,25.59,22.25,24.96
2394000,22.78,24.21,25.63,22.5,24.92
2395000,22.78,24.21,25.63,22.5,24.92
2396000,22.74,24.35,25.71,22.54,24.93
2397000,22.74,24.35,25.71,22.54,24.93
2398000,22.74,24.35,25.71,22.54,24.93
2399000,22.67,24.26,25.62,22.48,24.74
2400000,22.67,24.26,25.62,22.48,24.74
2401000,22.51,24.35,25.51,22.75,24.67
2402000,22.51,24.35,25.51,22.75,24.67
2403000,22.51,24.35,25.51,22.75,24.67
2404000,22.55,24.36,25.54,22.77,24.82
2405000,22.55,24.36,25.54,22.77,24.82
2406000,22.6,24.17,25.46,22.72,24.98
2407000,22.6,24.17,25.46,22.72,24.98
2408000,22.6,24.17,25.46,22.72,24.98
2409000,22.45,24.09,25.31,22.87,25.08
2410000,22.45,24.09,25.31,22.87,25.08
2411000,22.35,24.17,25.28,22.76,25.21
2412000,22.35,24.17,25.28,22.76,25.21
2413000,22.35,24.17,25.28,22.76,25.21
2414000,22.31,24.11,25.35,22.71,25.01
2415000,22.31,24.11,25.35,22.71,25.01
2416000,22.19,24.13,25.44,22.93,24.94
2417000,22.19,24.13,25.44,22.93,24.94
2418000,22.19,24.13,25.44,22.93,24.94
2419000,22.24,24.12,25.67,23.07,24.93
2420000,22.24,24.12,25.67,23.07,24.93
2421000,22.08,24.25,25.66,23.18,24.86
2422000,22.08,24.25,25.66,23.18,24.86
2423000,22.08,24.25,25.66,23.18,24.86
2424000,22.31,24.2,25.98,23.36,24.8
2425000,22.31,24.2,25.98,23.36,24.8
2426000,22.47,24.19,26.15,23.63,24.84
2427000,22.47,24.19,26.15,23.63,24.84
2428000,22.47,24.19,26.15,23.63,24.84
2429000,22.42,24.17,26.02,23.44,24.65
2430000,22.42,24.17,26.02,23.44,24.65
2431000,22.56,24.19,26.06,23.49,24.73
2432000,22.56,24.19,26.06,23.49,24.73
2433000,22.56,24.19,26.06,23.49,24.73
2434000,22.59,24.46,25.94,23.47,24.75
2435000,22.59,24.46,25.94,23.47,24.75
2436000,22.72,24.53,25.91,23.4,24.91
2437000,22.72,24.53,25.91,23.4,24.91
2438000,22.72,24.53,25.91,23.4,24.91
2439000,22.58,24.58,25.73,23.29,24.96
2440000,22.58,24.58,25.73,23.29,24.96
2441000,22.52,24.43,25.64,23.31,25.02
2442000,22.52,24.43,25.64,23.31,25.02
2443000,22.52,24.43,25.64,23.31,25.02
2444000,22.52,24.44,25.74,23.35,25.08
2445000,22.52,24.44,25.74,23.35,25.08
2446000,22.46,24.3,25.59,23.2,24.86
2447000,22.46,24.3,25.59,23.2,24.86
2448000,22.46,24.3,25.59,23.2,24.86
2449000,22.47,24.18,25.6,23.13,24.78
2450000,22.47,24.18,25.6,23.13,24.78
2451000,22.44,24.16,25.67,23.09,24.85
2452000,22.44,24.16,25.67,23.09,24.85
2453000,22.44,24.16,25.67,23.09,24.85
2454000,22.33,24.28,25.71,22.8,24.68
2455000,22.33,24.28,25.71,22.8,24.68
2456000,22.54,24.46,25.61,23.01,24.72
2457000,22.54,24.46,25.61,23.01,24.72
2458000,22.54,24.46,25.61,23.01,24.72
2459000,22.49,24.45,25.33,23.12,24.74
2460000,22.49,24.45,25.33,23.12,24.74
2461000,22.52,24.28,25.47,23.11,24.75
2462000,22.52,24.28,25.47,23.11,24.75
2463000,22.52,24.28,25.47,23.11,24.75
2464000,22.55,24.23,25.48,23.0,24.7
2465000,22.55,24.23,25.48,23.0,24.7
2466000,22.79,24.56,25.4,22.67,24.66
2467000,22.79,24.56,25.4,22.67,24.66
2468000,22.79,24.56,25.4,22.67,24.66
2469000,22.92,24.54,25.49,22.7,24.83
2470000,22.92,24.54,25.49,22.7,24.83
2471000,22.93,24.54,25.5,22.76,24.75
2472000,22.93,24.54,25.5,22.76,24.75
2473000,22.93,24.54,25.5,22.76,24.75
2474000,22.89,24.84,25.55,22.83,24.5
2475000,22.89,24.84,25.55,22.83,24.5
2476000,22.78,24.97,25.44,22.82,24.43
2477000,22.78,24.97,25.44,22.82,24.43
2478000,22.78,24.97,25.44,22.82,24.43
2479000,23.02,24.95,25.61,22.74,24.06
2480000,23.02,24.95,25.61,22.74,24.06
2481000,23.08,24.81,25.5,23.05,24.02
2482000,23.08,24.81,25.5,23.05,24.02
2483000,23.08,24.81,25.5,23.05,24.02
2484000,22.98,24.77,25.33,22.88,24.11
2485000,22.98,24.77,25.33,22.88,24.11
2486000,23.0,24.59,25.66,22.87,24.0
2487000,23.0,24.59,25.66,22.87,24.0
2488000,23.0,24.59,25.66,22.87,24.0
2489000,22.9,24.57,25.56,22.81,24.0
2490000,22.9,24.57,25.56,22.81,24.0
2491000,22.88,24.37,25.66,22.88,23.92
2492000,22.88,24.37,25.66,22.88,23.92
2493000,22.88,24.37,25.66,22.88,23.92
2494000,22.76,24.26,25.58,23.18,23.69
2495000,22.76,24.26,25.58,23.18,23.69
2496000,22.94,24.33,25.63,23.14,23.72
2497000,22.94,24.33,25.63,23.14,23.72
2498000,22.94,24.33,25.63,23.14,23.72
2499000,22.89,24.31,25.65,23.42,23.53
2500000,22.89,24.31,25.65,23.42,23.53
2501000,22.75,24.41,25.6,23.41,23.61
2502000,22.75,24.41,25.6,23.41,23.61
2503000,22.75,24.41,25.6,23.41,23.61
2504000,22.9,24.4,25.6,23.49,23.59
2505000,22.9,24.4,25.6,23.49,23.59
2506000,22.9,24.4,25.6,23.49,23.59
2507000,22.76,24.49,25.6,23.56,23.77
2508000,22.76,24.49,25.6,23.56,23.77
2509000,22.86,24.2,25.82,23.79,23.8
2510000,22.86,24.2,25.82,23.79,23.8
2511000,22.86,24.2,25.82,23.79,23.8
2512000,22.67,24.15,25.72,23.68,23.71
2513000,22.67,24.15,25.72,23.68,23.71
2514000,22.6,24.21,25.9,23.71,23.61
2515000,22.6,24.21,25.9,23.71,23.61
2516000,22.6,24.21,25.9,23.71,23.61
2517000,22.59,24.11,25.97,23.72,23.54
2518000,22.59,24.11,25.97,23.72,23.54
2519000,22.57,24.23,25.97,23.78,23.66
2520000,22.57,24.23,25.97,23.78,23.66
2521000,22.57,24.23,25.97,23.78,23.66
2522000,22.44,24.16,26.03,23.95,23.71
2523000,22.44,24.16,26.03,23.95,23.71
2524000,22.36,24.32,26.24,23.96,23.73
2525000,22.36,24.32,26.24,23.96,23.73
2526000,22.36,24.32,26.24,23.96,23.73
2527000,22.42,24.44,26.32,23.86,23.72
2528000,22.42,24.44,26.32,23.86,23.72
2529000,22.43,24.13,26.15,23.8,23.58
2530000,22.43,24.13,26.15,23.8,23.58
2531000,22.43,24.13,26.15,23.8,23.58
2532000,22.38,24.13,25.91,23.93,23.66
2533000,22.38,24.13,25.91,23.93,23.66
2534000,22.51,24.12,25.65,24.0,23.64
2535000,22.51,24.12,25.65,24.0,23.64
2536000,22.51,24.12,25.65,24.0,23.64
2537000,22.56,24.38,25.76,23.97,23.53
2538000,22.56,24.38,25.76,23.97,23.53
2539000,22.9,24.36,25.74,24.05,23.5
2540000,22.9,24.36,25.74,24.05,23.5
2541000,22.9,24.36,25.74,24.05,23.5
2542000,22.89,24.3,25.64,24.16,23.53
2543000,22.89,24.3,25.64,24.16,23.53
2544000,23.07,24.26,25.63,24.22,23.49
2545000,23.07,24.26,25.63,24.22,23.49
2546000,23.07,24.26,25.63,24.22,23.49
2547000,23.15,24.25,25.46,24.25,23.48
2548000,23.15,24.25,25.46,24.25,23.48
2549000,23.07,24.1,25.25,24.39,23.37
2550000,23.07,24.1,25.25,24.39,23.37
2551000,23.07,24.1,25.25,24.39,23.37
2552000,23.05,24.14,25.31,24.25,23.31
2553000,23.05,24.14,25.31,24.25,23.31
2554000,22.86,24.02,25.16,24.28,23.24
2555000,22.86,24.02,25.16,24.28,23.24
2556000,22.86,24.02,25.16,24.28,23.24
2557000,22.9,24.26,25.29,24.53,23.34
2558000,22.9,24.26,25.29,24.53,23.34
2559000,22.73,24.15,25.23,24.6,23.12
2560000,22.73,24.15,25.23,24.6,23.12
2561000,22.73,24.15,25.23,24.6,23.12
2562000,22.5,24.08,25.11,24.72,23.08
2563000,22.5,24.08,25.11,24.72,23.08
2564000,22.39,24.02,24.98,24.86,23.15
2565000,22.39,24.02,24.98,24.86,23.15
2566000,22.39,24.02,24.98,24.86,23.15
2567000,22.25,24.01,24.9,24.8,23.18
2568000,22.25,24.01,24.9,24.8,23.18
2569000,22.35,23.8,24.6,24.71,22.98
2570000,22.35,23.8,24.6,24.71,22.98
2571000,22.35,23.8,24.6,24.71,22.98
2572000,22.28,23.56,24.52,24.53,22.96
2573000,22.28,23.56,24.52,24.53,22.96
2574000,22.45,23.61,24.45,24.63,22.96
2575000,22.45,23.61,24.45,24.63,22.96
2576000,22.45,23.61,24.45,24.63,22.96
2577000,22.48,23.49,24.66,24.76,23.24
2578000,22.48,23.49,24.66,24.76,23.24
2579000,22.48,23.44,24.71,24.51,23.48
2580000,22.48,23.44,24.71,24.51,23.48
2581000,22.48,23.44,24.71,24.51,23.48
2582000,22.55,23.29,24.51,24.36,23.49
2583000,22.55,23.29,24.51,24.36,23.49
2584000,22.5,23.21,24.54,24.34,23.47
2585000,22.5,23.21,24.54,24.34,23.47
2586000,22.5,23.21,24.54,24.34,23.47
2587000,22.69,23.28,24.57,24.27,23.44
2588000,22.69,23.28,24.57,24.27,23.44
2589000,22.5,23.2,24.53,24.33,23.28
2590000,22.5,23.2,24.53,24.33,23.28
2591000,22.5,23.2,24.53,24.33,23.28
2592000,22.6,23.33,24.84,24.24,23.37
2593000,22.6,23.33,24.84,24.24,23.37
2594000,22.62,23.35,24.8,24.0,23.28
2595000,22.62,23.35,24.8,24.0,23.28
2596000,22.62,23.35,24.8,24.0,23.28
2597000,22.72,23.54,25.13,24.05,23.24
2598000,22.72,23.54,25.13,24.05,23.24
2599000,22.76,23.51,24.98,23.89,23.34
2600000,22.76,23.51,24.98,23.89,23.34
2601000,22.76,23.51,24.98,23.89,23.34
2602000,22.78,23.55,25.05,24.05,23.26
2603000,22.78,23.55,25.05,24.05,23.26
2604000,23.03,23.56,24.87,24.0,23.34
2605000,23.03,23.56,24.87,24.0,23.34
2606000,23.03,23.56,24.87,24.0,23.34
2607000,22.98,23.64,24.89,24.02,23.42
2608000,22.98,23.64,24.89,24.02,23.42
2609000,23.14,23.66,25.0,23.95,23.62
2610000,23.14,23.66,25.0,23.95,23.62
2611000,23.14,23.66,25.0,23.95,23.62
2612000,23.16,23.6,25.04,24.03,23.65
2613000,23.16,23.6,25.04,24.03,23.65
2614000,23.09,23.53,24.98,24.05,23.72
2615000,23.09,23.53,24.98,24.05,23.72
2616000,23.09,23.53,24.98,24.05,23.72
2617000,23.01,23.35,24.82,24.29,23.8
2618000,23.01,23.35,24.82,24.29,23.8
2619000,23.08,23.31,25.08,24.29,23.65
2620000,23.08,23.31,25.08,24.29,23.65
2621000,23.08,23.31,25.08,24.29,23.65
2622000,22.9,23.48,25.1,24.65,23.96
2623000,22.9,23.48,25.1,24.65,23.96
2624000,23.05,23.41,25.08,24.96,23.95
2625000,23.05,23.41,25.08,24.96,23.95
2626000,23.05,23.41,25.08,24.96,23.95
2627000,22.89,23.3,25.13,24.78,23.8
2628000,22.89,23.3,25.13,24.78,23.8
2629000,22.88,23.16,25.21,24.61,23.75
2630000,22.88,23.16,25.21,24.61,23.75
2631000,22.88,23.16,25.21,24.61,23.75
2632000,22.72,23.08,25.33,24.57,23.7
2633000,22.72,23.08,25.33,24.57,23.7
2634000,22.86,22.87,25.39,24.89,23.71
2635000,22.86,22.87,25.39,24.89,23.71
2636000,22.86,22.87,25.39,24.89,23.71
2637000,23.13,22.88,25.16,24.67,23.75
2638000,23.13,22.88,25.16,24.67,23.75
2639000,23.3,22.9,25.14,24.63,23.76
2640000,23.3,22.9,25.14,24.63,23.76
2641000,23.3,22.9,25.14,24.63,23.76
2642000,23.54,22.61,25.13,24.71,23.53
2643000,23.54,22.61,25.13,24.71,23.53
2644000,23.73,22.68,25.09,24.69,23.55
2645000,23.73,22.68,25.09,24.69,23.55
2646000,23.73,22.68,25.09,24.69,23.55
2647000,23.93,22.44,24.97,24.44,23.64
2648000,23.93,22.44,24.97,24.44,23.64
2649000,23.78,22.29,25.01,24.56,23.76
2650000,23.78,22.29,25.01,24.56,23.76
2651000,23.78,22.29,25.01,24.56,23.76
2652000,23.6,22.09,24.91,24.66,23.79
2653000,23.6,22.09,24.91,24.66,23.79
2654000,23.7,22.02,25.01,24.57,23.66
2655000,23.7,22.02,25.01,24.57,23.66
2656000,23.7,22.02,25.01,24.57,23.66
2657000,23.86,21.99,25.04,24.73,23.49
2658000,23.86,21.99,25.04,24.73,23.49
2659000,23.76,22.17,25.34,24.71,23.47
2660000,23.76,22.17,25.34,24.71,23.47
2661000,23.76,22.17,25.34,24.71,23.47
2662000,23.9,22.03,25.16,24.59,23.29
2663000,23.9,22.03,25.16,24.59,23.29
2664000,23.86,22.05,25.15,24.53,23.15
2665000,23.86,22.05,25.15,24.53,23.15
2666000,23.86,22.05,25.15,24.53,23.15
2667000,24.08,22.22,25.11,24.43,23.47
2668000,24.08,22.22,25.11,24.43,23.47
2669000,24.17,22.07,24.94,24.27,23.44
2670000,24.17,22.07,24.94,24.27,23.44
2671000,24.17,22.07,24.94,24.27,23.44
2672000,24.21,22.0,24.99,24.16,23.56
2673000,24.21,22.0,24.99,24.16,23.56
2674000,24.17,22.02,24.95,24.03,23.55
2675000,24.17,22.02,24.95,24.03,23.55
2676000,24.17,22.02,24.95,24.03,23.55
2677000,24.02,21.76,24.97,23.83,23.51
2678000,24.02,21.76,24.97,23.83,23.51
2679000,23.93,22.01,24.91,23.94,23.75
2680000,23.93,22.01,24.91,23.94,23.75
2681000,23.93,22.01,24.91,23.94,23.75
2682000,23.98,22.02,25.05,24.04,23.82
2683000,23.98,22.02,25.05,24.04,23.82
2684000,23.75,21.86,25.02,24.16,23.73
2685000,23.75,21.86,25.02,24.16,23.73
2686000,23.75,21.86,25.02,24.16,23.73
2687000,23.68,21.84,25.02,24.16,23.86
2688000,23.68,21.84,25.02,24.16,23.86
2689000,23.62,21.85,24.97,24.28,23.86
2690000,23.62,21.85,24.97,24.28,23.86
2691000,23.62,21.85,24.97,24.28,23.86
2692000,23.62,21.88,25.03,24.47,23.82
2693000,23.62,21.88,25.03,24.47,23.82
2694000,23.71,22.02,25.09,24.43,23.86
2695000,23.71,22.02,25.09,24.43,23.86
2696000,23.71,22.02,25.09,24.43,23.86
2697000,23.82,22.11,25.05,24.53,24.02
2698000,23.82,22.11,25.05,24.53,24.02
2699000,23.89,22.27,25.37,24.7,24.11
2700000,23.89,22.27,25.37,24.7,24.11
2701000,23.89,22.27,25.37,24.7,24.11
2702000,23.84,22.55,25.39,24.78,24.04
2703000,23.84,22.55,25.39,24.78,24.04
2704000,24.02,22.42,25.19,25.03,23.98
2705000,24.02,22.42,25.19,25.03,23.98
2706000,24.02,22.42,25.19,25.03,23.98
2707000,23.8,22.43,25.32,25.2,23.99
2708000,23.8,22.43,25.32,25.2,23.99
2709000,23.69,22.45,25.58,25.18,23.93
2710000,23.69,22.45,25.58,25.18,23.93
2711000,23.69,22.45,25.58,25.18,23.93
2712000,23.63,22.45,25.5,25.08,23.93
2713000,23.63,22.45,25.5,25.08,23.93
2714000,23.71,22.51,25.56,25.09,23.92
2715000,23.71,22.51,25.56,25.09,23.92
2716000,23.71,22.51,25.56,25.09,23.92
2717000,23.77,22.15,25.56,25.31,23.81
2718000,23.77,22.15,25.56,25.31,23.81
2719000,23.89,22.19,25.69,25.33,23.77
2720000,23.89,22.19,25.69,25.33,23.77
2721000,23.89,22.19,25.69,25.33,23.77
2722000,23.8,21.97,25.78,25.32,23.99
2723000,23.8,21.97,25.78,25.32,23.99
2724000,23.9,21.87,25.82,25.29,24.11
2725000,23.9,21.87,25.82,25.29,24.11
2726000,23.9,21.87,25.82,25.29,24.11
2727000,23.89,21.58,25.74,25.34,24.3
2728000,23.89,21.58,25.74,25.34,24.3
2729000,23.87,21.61,25.72,25.5,24.45
2730000,23.87,21.61,25.72,25.5,24.45
2731000,23.87,21.61,25.72,25.5,24.45
2732000,23.88,21.77,25.87,25.45,24.49
2733000,23.88,21.77,25.87,25.45,24.49
2734000,23.85,21.86,25.91,25.56,24.32
2735000,23.85,21.86,25.91,25.56,24.32
2736000,23.85,21.86,25.91,25.56,24.32
2737000,23.87,21.99,25.78,25.39,24.56
2738000,23.87,21.99,25.78,25.39,24.56
2739000,23.98,21.81,25.72,25.44,24.66
2740000,23.98,21.81,25.72,25.44,24.66
2741000,23.98,21.81,25.72,25.44,24.66
2742000,24.07,22.01,25.62,25.35,24.55
2743000,24.07,22.01,25.62,25.35,24.55
2744000,24.1,22.13,25.73,25.03,24.72
2745000,24.1,22.13,25.73,25.03,24.72
2746000,24.1,22.13,25.73,25.03,24.72
2747000,24.06,22.15,25.51,24.97,24.61
2748000,24.06,22.15,25.51,24.97,24.61
2749000,23.95,22.17,25.38,24.76,24.82
2750000,23.95,22.17,25.38,24.76,24.82
2751000,23.95,22.17,25.38,24.76,24.82
2752000,24.16,22.22,25.44,24.71,24.82
2753000,24.16,22.22,25.44,24.71,24.82
2754000,24.13,22.39,25.59,24.54,24.82
2755000,24.13,22.39,25.59,24.54,24.82
2756000,24.13,22.39,25.59,24.54,24.82
2757000,24.17,22.52,25.55,24.48,24.82
2758000,24.17,22.52,25.55,24.48,24.82
2759000,23.76,22.6,25.35,24.42,24.9
2760000,23.76,22.6,25.35,24.42,24.9
2761000,23.76,22.6,25.35,24.42,24.9
2762000,23.87,22.78,25.41,24.49,24.99
2763000,23.87,22.78,25.41,24.49,24.99
2764000,23.8,22.85,25.23,24.61,25.02
2765000,23.8,22.85,25.23,24.61,25.02
2766000,23.8,22.85,25.23,24.61,25.02
2767000,23.73,22.65,25.11,24.62,24.97
2768000,23.73,22.65,25.11,24.62,24.97
2769000,23.59,22.67,25.23,24.58,24.82
2770000,23.59,22.67,25.23,24.58,24.82
2771000,23.59,22.67,25.23,24.58,24.82
2772000,23.7,22.61,25.29,24.5,24.85
2773000,23.7,22.61,25.29,24.5,24.85
2774000,23.68,22.37,25.03,24.48,24.82
2775000,23.68,22.37,25.03,24.48,24.82
2776000,23.68,22.37,25.03,24.48,24.82
2777000,23.63,22.33,24.89,24.46,24.8
2778000,23.63,22.33,24.89,24.46,24.8
2779000,23.7,22.38,24.69,24.51,24.99
2780000,23.7,22.38,24.69,24.51,24.99
2781000,23.7,22.38,24.69,24.51,24.99
2782000,23.82,22.07,24.86,24.53,24.96
2783000,23.82,22.07,24.86,24.53,24.96
2784000,23.84,22.0,25.01,24.64,24.97
2785000,23.84,22.0,25.01,24.64,24.97
2786000,23.84,22.0,25.01,24.64,24.97
2787000,23.8,21.75,24.98,24.74,24.87
2788000,23.8,21.75,24.98,24.74,24.87
2789000,23.65,21.93,24.99,24.63,24.84
2790000,23.65,21.93,24.99,24.63,24.84
2791000,23.65,21.93,24.99,24.63,24.84
2792000,23.63,22.12,25.11,24.72,24.76
2793000,23.63,22.12,25.11,24.72,24.76
2794000,23.61,22.07,25.01,24.65,24.85
2795000,23.61,22.07,25.01,24.65,24.85
2796000,23.61,22.07,25.01,24.65,24.85
2797000,23.61,22.14,24.99,24.57,25.05
2798000,23.61,22.14,24.99,24.57,25.05
2799000,23.87,22.4,25.03,24.69,25.06
2800000,23.87,22.4,25.03,24.69,25.06
2801000,23.87,22.4,25.03,24.69,25.06
2802000,23.84,22.53,24.97,24.71,25.0
2803000,23.84,22.53,24.97,24.71,25.0
2804000,23.91,22.61,25.11,24.67,25.14
2805000,23.91,22.61,25.11,24.67,25.14
2806000,23.91,22.61,25.11,24.67,25.14
2807000,24.07,22.68,24.91,24.52,25.05
2808000,24.07,22.68,24.91,24.52,25.05
2809000,24.25,22.8,24.97,24.73,25.19
2810000,24.25,22.8,24.97,24.73,25.19
2811000,24.25,22.8,24.97,24.73,25.19
2812000,24.56,22.93,25.14,24.82,25.27
2813000,24.56,22.93,25.14,24.82,25.27
2814000,24.69,22.92,25.09,24.78,25.28
2815000,24.69,22.92,25.09,24.78,25.28
2816000,24.69,22.92,25.09,24.78,25.28
2817000,24.84,22.79,24.99,24.85,25.15
2818000,24.84,22.79,24.99,24.85,25.15
2819000,24.66,22.83,25.25,24.84,25.19
2820000,24.66,22.83,25.25,24.84,25.19
2821000,24.66,22.83,25.25,24.84,25.19
2822000,24.59,23.11,25.13,24.91,24.98
2823000,24.59,23.11,25.13,24.91,24.98
2824000,24.73,23.09,25.03,25.06,24.89
2825000,24.73,23.09,25.03,25.06,24.89
2826000,24.73,23.09,25.03,25.06,24.89
2827000,24.84,23.29,24.98,25.27,24.86
2828000,24.84,23.29,24.98,25.27,24.86
2829000,24.76,23.28,24.93,25.57,24.95
2830000,24.76,23.28,24.93,25.57,24.95
2831000,24.76,23.28,24.93,25.57,24.95
2832000,24.77,23.42,25.15,25.71,24.9
2833000,24.77,23.42,25.15,25.71,24.9
2834000,24.71,23.57,25.17,25.76,24.7
2835000,24.71,23.57,25.17,25.76,24.7
2836000,24.71,23.57,25.17,25.76,24.7
2837000,24.7,23.35,25.33,25.86,24.7
2838000,24.7,23.35,25.33,25.86,24.7
2839000,24.66,23.57,25.32,25.69,24.8
2840000,24.66,23.57,25.32,25.69,24.8
2841000,24.66,23.57,25.32,25.69,24.8
2842000,24.53,23.47,25.38,25.73,24.7
2843000,24.53,23.47,25.38,25.73,24.7
2844000,24.45,23.44,25.34,25.81,24.92
2845000,24.45,23.44,25.34,25.81,24.92
2846000,24.45,23.44,25.34,25.81,24.92
2847000,24.47,23.49,25.26,25.64,25.04
2848000,24.47,23.49,25.26,25.64,25.04
2849000,24.41,23.45,25.46,25.89,24.97
2850000,24.41,23.45,25.46,25.89,24.97
2851000,24.41,23.45,25.46,25.89,24.97
2852000,24.24,23.12,25.48,25.85,25.1
2853000,24.24,23.12,25.48,25.85,25.1
2854000,24.19,23.05,25.6,25.84,25.13
2855000,24.19,23.05,25.6,25.84,25.13
2856000,24.19,23.05,25.6,25.84,25.13
2857000,24.21,22.94,25.55,25.86,24.98
2858000,24.21,22.94,25.55,25.86,24.98
2859000,24.22,23.09,25.37,25.82,24.85
2860000,24.22,23.09,25.37,25.82,24.85
2861000,24.22,23.09,25.37,25.82,24.85
2862000,24.26,23.04,25.19,25.88,24.77
2863000,24.26,23.04,25.19,25.88,24.77
2864000,24.43,23.05,25.09,25.98,24.76
2865000,24.43,23.05,25.09,25.98,24.76
2866000,24.43,23.05,25.09,25.98,24.76
2867000,24.48,22.84,25.17,26.08,24.57
2868000,24.48,22.84,25.17,26.08,24.57
2869000,24.38,22.85,25.17,26.11,24.6
2870000,24.38,22.85,25.17,26.11,24.6
2871000,24.38,22.85,25.17,26.11,24.6
2872000,24.5,22.72,25.25,25.95,24.51
2873000,24.5,22.72,25.25,25.95,24.51
2874000,24.72,22.75,25.31,25.96,24.51
2875000,24.72,22.75,25.31,25.96,24.51
2876000,24.72,22.75,25.31,25.96,24.51
2877000,25.01,23.01,25.11,26.1,24.6
2878000,25.01,23.01,25.11,26.1,24.6
2879000,25.0,23.06,25.16,26.11,24.69
2880000,25.0,23.06,25.16,26.11,24.69
2881000,25.0,23.06,25.16,26.11,24.69
2882000,24.86,23.35,25.29,26.24,24.63
2883000,24.86,23.35,25.29,26.24,24.63
2884000,24.72,23.44,25.12,26.26,24.85
2885000,24.72,23.44,25.12,26.26,24.85
2886000,24.72,23.44,25.12,26.26,24.85
2887000,24.68,23.34,25.19,26.65,24.85
2888000,24.68,23.34,25.19,26.65,24.85
2889000,24.61,23.31,25.26,26.69,24.75
2890000,24.61,23.31,25.26,26.69,24.75
2891000,24.61,23.31,25.26,26.69,24.75
2892000,24.63,23.47,25.38,27.05,24.84
2893000,24.63,23.47,25.38,27.05,24.84
2894000,24.62,23.5,25.36,27.0,24.94
2895000,24.62,23.5,25.36,27.0,24.94
2896000,24.62,23.5,25.36,27.0,24.94
2897000,24.55,23.49,25.45,27.19,24.88
2898000,24.55,23.49,25.45,27.19,24.88
2899000,24.68,23.59,25.35,27.28,24.73
2900000,24.68,23.59,25.35,27.28,24.73
2901000,24.68,23.59,25.35,27.28,24.73
2902000,24.91,23.85,25.54,27.11,24.87
2903000,24.91,23.85,25.54,27.11,24.87
2904000,24.8,23.81,25.38,27.26,25.01
2905000,24.8,23.81,25.38,27.26,25.01
2906000,24.8,23.81,25.38,27.26,25.01
2907000,24.58,23.98,25.22,27.29,24.97
2908000,24.58,23.98,25.22,27.29,24.97
2909000,24.75,24.05,25.0,27.27,24.93
2910000,24.75,24.05,25.0,27.27,24.93
2911000,24.75,24.05,25.0,27.27,24.93
2912000,24.8,24.33,25.25,27.48,25.02
2913000,24.8,24.33,25.25,27.48,25.02
2914000,24.81,24.24,25.17,27.55,25.19
2915000,24.81,24.24,25.17,27.55,25.19
2916000,24.81,24.24,25.17,27.55,25.19
2917000,24.72,24.29,24.98,27.65,24.82
2918000,24.72,24.29,24.98,27.65,24.82
2919000,24.53,24.44,25.02,27.8,24.96
2920000,24.53,24.44,25.02,27.8,24.96
2921000,24.53,24.44,25.02,27.8,24.96
2922000,24.59,24.44,25.08,27.92,25.06
2923000,24.59,24.44,25.08,27.92,25.06
2924000,24.63,24.42,25.1,27.96,24.99
2925000,24.63,24.42,25.1,27.96,24.99
2926000,24.63,24.42,25.1,27.96,24.99
2927000,24.58,24.81,25.25,28.2,24.94
2928000,24.58,24.81,25.25,28.2,24.94
2929000,24.78,24.76,25.16,28.18,24.98
2930000,24.78,24.76,25.16,28.18,24.98
2931000,24.78,24.76,25.16,28.18,24.98
2932000,24.69,24.78,25.22,28.2,24.79
2933000,24.69,24.78,25.22,28.2,24.79
2934000,24.94,24.93,25.15,28.12,24.86
2935000,24.94,24.93,25.15,28.12,24.86
2936000,24.94,24.93,25.15,28.12,24.86
2937000,25.16,24.91,25.07,28.36,24.81
2938000,25.16,24.91,25.07,28.36,24.81
2939000,25.23,24.9,25.4,28.57,25.0
2940000,25.23,24.9,25.4,28.57,25.0
2941000,25.23,24.9,25.4,28.57,25.0
2942000,25.45,25.02,25.42,28.56,24.98
2943000,25.45,25.02,25.42,28.56,24.98
2944000,25.51,24.74,25.43,28.47,25.15
2945000,25.51,24.74,25.43,28.47,25.15
2946000,25.51,24.74,25.43,28.47,25.15
2947000,25.5,24.74,25.55,28.44,25.09
2948000,25.5,24.74,25.55,28.44,25.09
2949000,25.46,24.55,25.42,28.36,24.85
2950000,25.46,24.55,25.42,28.36,24.85
2951000,25.46,24.55,25.42,28.36,24.85
2952000,25.58,24.41,25.39,28.45,24.81
2953000,25.58,24.41,25.39,28.45,24.81
2954000,25.73,24.42,25.67,28.5,24.95
2955000,25.73,24.42,25.67,28.5,24.95
2956000,25.73,24.42,25.67,28.5,24.95
2957000,25.92,24.38,25.5,28.43,24.89
2958000,25.92,24.38,25.5,28.43,24.89
2959000,26.22,24.15,25.36,28.34,25.0
2960000,26.22,24.15,25.36,28.34,25.0
2961000,26.22,24.15,25.36,28.34,25.0
2962000,26.3,24.35,25.41,28.59,25.13
2963000,26.3,24.35,25.41,28.59,25.13
2964000,26.27,24.35,25.38,28.69,25.09
2965000,26.27,24.35,25.38,28.69,25.09
2966000,26.27,24.35,25.38,28.69,25.09
2967000,26.21,24.47,25.5,28.7,24.98
2968000,26.21,24.47,25.5,28.7,24.98
2969000,26.16,24.61,25.5,28.75,24.89
2970000,26.16,24.61,25.5,28.75,24.89
2971000,26.16,24.61,25.5,28.75,24.89
2972000,26.35,24.92,25.38,28.81,24.88
2973000,26.35,24.92,25.38,28.81,24.88
2974000,26.21,24.98,25.35,28.92,24.87
2975000,26.21,24.98,25.35,28.92,24.87
2976000,26.21,24.98,25.35,28.92,24.87
2977000,26.01,25.09,25.59,28.96,24.69
2978000,26.01,25.09,25.59,28.96,24.69
2979000,25.89,25.1,25.61,28.97,24.86
2980000,25.89,25.1,25.61,28.97,24.86
2981000,25.89,25.1,25.61,28.97,24.86
2982000,25.94,24.96,25.45,29.01,25.07
2983000,25.94,24.96,25.45,29.01,25.07
2984000,26.12,24.78,25.48,29.02,25.12
2985000,26.12,24.78,25.48,29.02,25.12
2986000,26.12,24.78,25.48,29.02,25.12
2987000,26.01,24.74,25.43,29.32,24.86
2988000,26.01,24.74,25.43,29.32,24.86
2989000,25.97,24.81,25.55,29.25,24.71
2990000,25.97,24.81,25.55,29.25,24.71
2991000,25.97,24.81,25.55,29.25,24.71
2992000,25.91,24.79,25.44,29.34,24.89
2993000,25.91,24.79,25.44,29.34,24.89
2994000,26.1,24.81,25.46,29.54,24.69
2995000,26.1,24.81,25.46,29.54,24.69
2996000,26.1,24.81,25.46,29.54,24.69
2997000,26.18,24.87,25.61,29.57,24.76
2998000,26.18,24.87,25.61,29.57,24.76
2999000,26.41,24.87,25.69,29.6,24.7
3000000,26.41,24.87,25.69,29.6,24.7
3001000,26.41,24.87,25.69,29.6,24.7
3002000,26.39,24.86,25.5,29.84,24.7
3003000,26.39,24.86,25.5,29.84,24.7
3004000,26.56,24.84,25.47,29.97,24.61
3005000,26.56,24.84,25.47,29.97,24.61
3006000,26.56,24.84,25.47,29.97,24.61
3007000,26.63,24.78,25.52,30.24,24.58
3008000,26.63,24.78,25.52,30.24,24.58
3009000,26.9,24.88,25.55,30.32,24.51
3010000,26.9,24.88,25.55,30.32,24.51
3011000,26.9,24.88,25.55,30.32,24.51
3012000,26.87,24.9,25.42,30.43,24.47
3013000,26.87,24.9,25.42,30.43,24.47
3014000,27.0,24.89,25.46,30.46,24.49
3015000,27.0,24.89,25.46,30.46,24.49
3016000,27.0,24.89,25.46,30.46,24.49
3017000,27.08,25.17,25.37,30.45,24.53
3018000,27.08,25.17,25.37,30.45,24.53
3019000,27.06,25.08,25.46,30.35,24.57
3020000,27.06,25.08,25.46,30.35,24.57
3021000,27.06,25.08,25.46,30.35,24.57
3022000,27.15,25.2,25.24,30.18,24.47
3023000,27.15,25.2,25.24,30.18,24.47
3024000,27.1,25.33,25.33,30.25,24.54
3025000,27.1,25.33,25.33,30.25,24.54
3026000,27.1,25.33,25.33,30.25,24.54
3027000,27.08,25.44,25.38,30.3,24.53
3028000,27.08,25.44,25.38,30.3,24.53
3029000,26.98,25.48,25.62,30.27,24.42
3030000,26.98,25.48,25.62,30.27,24.42
3031000,26.98,25.48,25.62,30.27,24.42
3032000,27.01,25.76,25.59,30.21,24.41
3033000,27.01,25.76,25.59,30.21,24.41
3034000,27.03,25.7,25.69,30.03,24.26
3035000,27.03,25.7,25.69,30.03,24.26
3036000,27.03,25.7,25.69,30.03,24.26
3037000,26.89,25.8,25.78,30.07,24.44
3038000,26.89,25.8,25.78,30.07,24.44
3039000,26.88,25.7,25.68,30.16,24.46
3040000,26.88,25.7,25.68,30.16,24.46
3041000,26.88,25.7,25.68,30.16,24.46
3042000,26.94,25.75,25.56,30.13,24.51
3043000,26.94,25.75,25.56,30.13,24.51
3044000,27.02,25.81,25.55,30.15,24.5
3045000,27.02,25.81,25.55,30.15,24.5
3046000,27.02,25.81,25.55,30.15,24.5
3047000,27.12,25.88,25.52,30.17,24.39
3048000,27.12,25.88,25.52,30.17,24.39
3049000,27.06,25.71,25.58,30.17,24.42
3050000,27.06,25.71,25.58,30.17,24.42
3051000,27.06,25.71,25.58,30.17,24.42
3052000,27.02,25.71,25.41,30.14,24.56
3053000,27.02,25.71,25.41,30.14,24.56
3054000,26.95,25.7,25.23,30.29,24.51
3055000,26.95,25.7,25.23,30.29,24.51
3056000,26.95,25.7,25.23,30.29,24.51
3057000,26.83,25.53,25.44,30.27,24.55
3058000,26.83,25.53,25.44,30.27,24.55
3059000,26.62,25.54,25.4,30.25,24.52
3060000,26.62,25.54,25.4,30.25,24.52
3061000,26.62,25.54,25.4,30.25,24.52
3062000,26.5,25.52,25.33,30.37,24.61
3063000,26.5,25.52,25.33,30.37,24.61
3064000,26.3,25.5,25.39,30.39,24.62
3065000,26.3,25.5,25.39,30.39,24.62
3066000,26.3,25.5,25.39,30.39,24.62
3067000,26.18,25.44,25.48,30.42,24.73
3068000,26.18,25.44,25.48,30.42,24.73
3069000,26.37,25.47,25.29,30.46,24.75
3070000,26.37,25.47,25.29,30.46,24.75
3071000,26.37,25.47,25.29,30.46,24.75
3072000,26.45,25.34,25.41,30.55,25.02
3073000,26.45,25.34,25.41,30.55,25.02
3074000,26.31,25.04,25.6,30.56,24.98
3075000,26.31,25.04,25.6,30.56,24.98
3076000,26.31,25.04,25.6,30.56,24.98
3077000,26.2,24.88,25.54,30.55,24.89
3078000,26.2,24.88,25.54,30.55,24.89
3079000,26.43,24.69,25.59,30.62,24.78
3080000,26.43,24.69,25.59,30.62,24.78
3081000,26.43,24.69,25.59,30.62,24.78
3082000,26.38,24.77,25.57,30.68,24.73
3083000,26.38,24.77,25.57,30.68,24.73
3084000,26.43,24.62,25.69,30.72,25.0
3085000,26.43,24.62,25.69,30.72,25.0
3086000,26.43,24.62,25.69,30.72,25.0
3087000,26.37,24.88,25.45,30.56,25.04
3088000,26.37,24.88,25.45,30.56,25.04
3089000,26.48,24.71,25.49,30.79,24.9
3090000,26.48,24.71,25.49,30.79,24.9
3091000,26.48,24.71,25.49,30.79,24.9
3092000,26.48,24.67,25.53,30.72,24.7
3093000,26.48,24.67,25.53,30.72,24.7
3094000,26.47,24.69,25.49,30.86,24.67
3095000,26.47,24.69,25.49,30.86,24.67
3096000,26.47,24.69,25.49,30.86,24.67
3097000,26.35,24.52,25.32,31.11,24.59
3098000,26.35,24.52,25.32,31.11,24.59
3099000,26.24,24.51,25.02,31.08,24.59
3100000,26.24,24.51,25.02,31.08,24.59
3101000,26.24,24.51,25.02,31.08,24.59
3102000,26.42,24.78,24.85,31.11,24.65
3103000,26.42,24.78,24.85,31.11,24.65
3104000,26.3,25.05,24.9,31.1,24.45
3105000,26.3,25.05,24.9,31.1,24.45
3106000,26.3,25.05,24.9,31.1,24.45
3107000,26.32,25.07,24.81,31.23,24.5
3108000,26.32,25.07,24.81,31.23,24.5
3109000,26.2,25.17,24.95,31.4,24.62
3110000,26.2,25.17,24.95,31.4,24.62
3111000,26.2,25.17,24.95,31.4,24.62
3112000,26.25,25.19,24.91,31.43,24.78
3113000,26.25,25.19,24.91,31.43,24.78
3114000,26.31,25.14,25.12,31.43,24.86
3115000,26.31,25.14,25.12,31.43,24.86
3116000,26.31,25.14,25.12,31.43,24.86
3117000,26.33,25.39,25.03,31.35,24.9
3118000,26.33,25.39,25.03,31.35,24.9
3119000,26.4,25.19,24.94,31.35,24.97
3120000,26.4,25.19,24.94,31.35,24.97
3121000,26.4,25.19,24.94,31.35,24.97
3122000,26.37,25.11,24.7,31.48,25.14
3123000,26.37,25.11,24.7,31.48,25.14
3124000,26.19,25.26,24.74,31.48,24.83
3125000,26.19,25.26,24.74,31.48,24.83
3126000,26.19,25.26,24.74,31.48,24.83
3127000,26.16,25.2,24.76,31.47,24.74
3128000,26.16,25.2,24.76,31.47,24.74
3129000,26.2,25.29,24.71,31.56,24.6
3130000,26.2,25.29,24.71,31.56,24.6
3131000,26.2,25.29,24.71,31.56,24.6
3132000,26.52,25.04,24.53,31.58,24.7
3133000,26.52,25.04,24.53,31.58,24.7
3134000,26.55,24.98,24.65,31.52,24.65
3135000,26.55,24.98,24.65,31.52,24.65
3136000,26.55,24.98,24.65,31.52,24.65
3137000,26.55,24.92,24.56,31.52,24.59
3138000,26.55,24.92,24.56,31.52,24.59
3139000,26.53,24.74,24.38,31.53,24.65
3140000,26.53,24.74,24.38,31.53,24.65
3141000,26.53,24.74,24.38,31.53,24.65
3142000,26.56,24.82,24.44,31.24,24.62
3143000,26.56,24.82,24.44,31.24,24.62
3144000,26.56,24.73,24.51,31.24,24.51
3145000,26.56,24.73,24.51,31.24,24.51
3146000,26.56,24.73,24.51,31.24,24.51
3147000,26.62,24.9,24.35,31.33,24.56
3148000,26.62,24.9,24.35,31.33,24.56
3149000,26.62,24.75,24.49,31.25,24.62
3150000,26.62,24.75,24.49,31.25,24.62
3151000,26.62,24.75,24.49,31.25,24.62
3152000,26.39,24.82,24.39,31.32,24.58
3153000,26.39,24.82,24.39,31.32,24.58
3154000,26.28,24.93,24.41,31.27,24.53
3155000,26.28,24.93,24.41,31.27,24.53
3156000,26.28,24.93,24.41,31.27,24.53
3157000,26.5,24.83,24.5,31.31,24.68
3158000,26.5,24.83,24.5,31.31,24.68
3159000,26.6,24.57,24.68,31.32,24.78
3160000,26.6,24.57,24.68,31.32,24.78
3161000,26.6,24.57,24.68,31.32,24.78
3162000,26.47,24.51,24.6,31.27,24.6
3163000,26.47,24.51,24.6,31.27,24.6
3164000,26.28,24.65,24.66,31.26,24.55
3165000,26.28,24.65,24.66,31.26,24.55
3166000,26.28,24.65,24.66,31.26,24.55
3167000,26.14,24.3,24.78,31.21,24.82
3168000,26.14,24.3,24.78,31.21,24.82
3169000,26.25,24.38,24.76,31.12,24.83
3170000,26.25,24.38,24.76,31.12,24.83
3171000,26.25,24.38,24.76,31.12,24.83
3172000,26.3,24.47,24.79,31.02,24.67
3173000,26.3,24.47,24.79,31.02,24.67
3174000,26.36,24.55,24.73,30.99,24.8
3175000,26.36,24.55,24.73,30.99,24.8
3176000,26.36,24.55,24.73,30.99,24.8
3177000,26.5,24.32,24.65,30.86,24.91
3178000,26.5,24.32,24.65,30.86,24.91
3179000,26.31,24.25,24.72,30.91,24.9
3180000,26.31,24.25,24.72,30.91,24.9
3181000,26.31,24.25,24.72,30.91,24.9
3182000,26.23,24.24,24.49,30.96,25.02
3183000,26.23,24.24,24.49,30.96,25.02
3184000,26.27,24.12,24.54,31.11,24.84
3185000,26.27,24.12,24.54,31.11,24.84
3186000,26.27,24.12,24.54,31.11,24.84
3187000,26.24,24.03,24.45,31.06,24.88
3188000,26.24,24.03,24.45,31.06,24.88
3189000,26.2,23.87,24.37,30.79,24.78
3190000,26.2,23.87,24.37,30.79,24.78
3191000,26.2,23.87,24.37,30.79,24.78
3192000,26.12,23.89,24.21,30.78,24.73
3193000,26.12,23.89,24.21,30.78,24.73
3194000,26.15,23.95,24.15,30.92,24.75
3195000,26.15,23.95,24.15,30.92,24.75
3196000,26.15,23.95,24.15,30.92,24.75
3197000,26.09,23.82,24.21,30.99,24.52
3198000,26.09,23.82,24.21,30.99,24.52
3199000,26.32,23.87,24.09,31.11,24.72
3200000,26.32,23.87,24.09,31.11,24.72
3201000,26.32,23.87,24.09,31.11,24.72
3202000,26.35,24.0,24.15,31.16,24.89
3203000,26.35,24.0,24.15,31.16,24.89
3204000,26.24,24.03,24.09,31.2,24.78
3205000,26.24,24.03,24.09,31.2,24.78
3206000,26.24,24.03,24.09,31.2,24.78
3207000,26.27,23.91,24.25,31.31,24.8
3208000,26.27,23.91,24.25,31.31,24.8
3209000,26.09,24.08,24.08,31.37,24.8
3210000,26.09,24.08,24.08,31.37,24.8
3211000,26.09,24.08,24.08,31.37,24.8
3212000,25.92,24.19,24.04,31.19,24.71
3213000,25.92,24.19,24.04,31.19,24.71
3214000,25.95,24.17,23.97,31.16,24.88
3215000,25.95,24.17,23.97,31.16,24.88
3216000,25.95,24.17,23.97,31.16,24.88
3217000,25.99,24.11,23.75,31.22,25.07
3218000,25.99,24.11,23.75,31.22,25.07
3219000,26.08,24.03,23.73,31.26,25.07
3220000,26.08,24.03,23.73,31.26,25.07
3221000,26.08,24.03,23.73,31.26,25.07
3222000,26.05,23.74,23.82,31.25,24.88
3223000,26.05,23.74,23.82,31.25,24.88
3224000,26.07,23.75,23.88,31.21,24.85
3225000,26.07,23.75,23.88,31.21,24.85
3226000,26.07,23.75,23.88,31.21,24.85
3227000,26.18,23.56,23.78,31.24,25.14
3228000,26.18,23.56,23.78,31.24,25.14
3229000,26.13,23.56,23.55,31.32,25.25
3230000,26.13,23.56,23.55,31.32,25.25
3231000,26.13,23.56,23.55,31.32,25.25
3232000,26.21,23.56,23.64,31.4,25.23
3233000,26.21,23.56,23.64,31.4,25.23
3234000,26.33,23.59,23.7,31.46,25.26
3235000,26.33,23.59,23.7,31.46,25.26
3236000,26.33,23.59,23.7,31.46,25.26
3237000,26.16,23.52,23.8,31.43,25.51
3238000,26.16,23.52,23.8,31.43,25.51
3239000,25.94,23.6,23.72,31.54,25.79
3240000,25.94,23.6,23.72,31.54,25.79
3241000,25.94,23.6,23.72,31.54,25.79
3242000,25.93,23.33,23.83,31.54,25.68
3243000,25.93,23.33,23.83,31.54,25.68
3244000,25.69,23.16,23.83,31.54,25.91
3245000,25.69,23.16,23.83,31.54,25.91
3246000,25.69,23.16,23.83,31.54,25.91
3247000,25.49,23.36,23.6,31.5,25.92
3248000,25.49,23.36,23.6,31.5,25.92
3249000,25.46,23.34,23.55,31.49,25.99
3250000,25.46,23.34,23.55,31.49,25.99
3251000,25.46,23.34,23.55,31.49,25.99
3252000,25.29,23.17,23.61,31.47,25.99
3253000,25.29,23.17,23.61,31.47,25.99
3254000,25.22,23.08,23.65,31.46,26.15
3255000,25.22,23.08,23.65,31.46,26.15
3256000,25.22,23.08,23.65,31.46,26.15
3257000,25.21,23.11,23.63,31.42,26.1
3258000,25.21,23.11,23.63,31.42,26.1
3259000,25.08,22.95,23.78,31.4,26.25
3260000,25.08,22.95,23.78,31.4,26.25
3261000,25.08,22.95,23.78,31.4,26.25
3262000,24.8,22.96,23.68,31.23,26.16
3263000,24.8,22.96,23.68,31.23,26.16
3264000,24.71,22.75,23.86,31.24,26.19
3265000,24.71,22.75,23.86,31.24,26.19
3266000,24.71,22.75,23.86,31.24,26.19
3267000,24.71,22.85,23.99,31.35,26.37
3268000,24.71,22.85,23.99,31.35,26.37
3269000,24.75,22.88,23.97,31.59,26.25
3270000,24.75,22.88,23.97,31.59,26.25
3271000,24.75,22.88,23.97,31.59,26.25
3272000,24.7,22.96,24.13,31.86,26.44
3273000,24.7,22.96,24.13,31.86,26.44
3274000,24.74,22.95,24.04,31.74,26.43
3275000,24.74,22.95,24.04,31.74,26.43
3276000,24.74,22.95,24.04,31.74,26.43
3277000,24.85,22.97,24.03,31.84,26.42
3278000,24.85,22.97,24.03,31.84,26.42
3279000,24.91,23.1,24.11,31.96,26.21
3280000,24.91,23.1,24.11,31.96,26.21
3281000,24.91,23.1,24.11,31.96,26.21
3282000,24.68,23.1,24.06,32.07,26.11
3283000,24.68,23.1,24.06,32.07,26.11
3284000,24.37,22.95,24.05,32.37,26.29
3285000,24.37,22.95,24.05,32.37,26.29
3286000,24.37,22.95,24.05,32.37,26.29
3287000,24.65,22.85,24.1,32.45,26.42
3288000,24.65,22.85,24.1,32.45,26.42
3289000,24.6,22.82,24.25,32.49,26.52
3290000,24.6,22.82,24.25,32.49,26.52
3291000,24.6,22.82,24.25,32.49,26.52
3292000,24.57,22.81,24.06,32.62,26.45
3293000,24.57,22.81,24.06,32.62,26.45
3294000,24.61,22.85,24.07,32.78,26.45
3295000,24.61,22.85,24.07,32.78,26.45
3296000,24.61,22.85,24.07,32.78,26.45
3297000,24.4,22.63,24.28,32.88,26.38
3298000,24.4,22.63,24.28,32.88,26.38
3299000,24.29,22.71,24.4,32.83,26.5
3300000,24.29,22.71,24.4,32.83,26.5
3301000,24.29,22.71,24.4,32.83,26.5
3302000,24.36,22.66,24.5,32.95,26.52
3303000,24.36,22.66,24.5,32.95,26.52
3304000,24.36,22.54,24.58,32.96,26.43
3305000,24.36,22.54,24.58,32.96,26.43
3306000,24.36,22.54,24.58,32.96,26.43
3307000,24.23,22.57,24.56,33.09,26.28
3308000,24.23,22.57,24.56,33.09,26.28
3309000,24.5,22.66,24.67,33.2,26.23
3310000,24.5,22.66,24.67,33.2,26.23
3311000,24.5,22.66,24.67,33.2,26.23
3312000,24.42,22.48,24.68,33.19,26.17
3313000,24.42,22.48,24.68,33.19,26.17
3314000,24.51,22.55,24.67,33.26,26.19
3315000,24.51,22.55,24.67,33.26,26.19
3316000,24.51,22.55,24.67,33.26,26.19
3317000,24.34,22.72,24.5,33.41,26.33
3318000,24.34,22.72,24.5,33.41,26.33
3319000,24.04,22.75,24.72,33.5,26.21
3320000,24.04,22.75,24.72,33.5,26.21
3321000,24.04,22.75,24.72,33.5,26.21
3322000,24.12,22.77,24.53,33.52,26.09
3323000,24.12,22.77,24.53,33.52,26.09
3324000,24.11,22.93,24.55,33.61,26.28
3325000,24.11,22.93,24.55,33.61,26.28
3326000,24.11,22.93,24.55,33.61,26.28
3327000,24.04,22.96,24.64,33.63,26.39
3328000,24.04,22.96,24.64,33.63,26.39
3329000,23.96,22.93,24.41,33.57,26.36
3330000,23.96,22.93,24.41,33.57,26.36
3331000,23.96,22.93,24.41,33.57,26.36
3332000,23.95,22.75,24.26,33.52,26.54
3333000,23.95,22.75,24.26,33.52,26.54
3334000,24.01,22.86,24.15,33.63,26.44
3335000,24.01,22.86,24.15,33.63,26.44
3336000,24.01,22.86,24.15,33.63,26.44
3337000,23.88,22.91,24.16,33.94,26.33
3338000,23.88,22.91,24.16,33.94,26.33
3339000,23.86,23.02,24.16,34.1,26.62
3340000,23.86,23.02,24.16,34.1,26.62
3341000,23.86,23.02,24.16,34.1,26.62
3342000,23.8,23.22,24.17,34.23,26.82
3343000,23.8,23.22,24.17,34.23,26.82
3344000,23.79,23.19,24.13,34.3,26.75
3345000,23.79,23.19,24.13,34.3,26.75
3346000,23.79,23.19,24.13,34.3,26.75
3347000,23.86,23.35,24.27,34.25,26.69
3348000,23.86,23.35,24.27,34.25,26.69
3349000,24.03,23.17,24.42,34.32,26.67
3350000,24.03,23.17,24.42,34.32,26.67
3351000,24.03,23.17,24.42,34.32,26.67
3352000,23.94,23.17,24.63,34.44,26.61
3353000,23.94,23.17,24.63,34.44,26.61
3354000,24.05,23.01,24.62,34.52,26.8
3355000,24.05,23.01,24.62,34.52,26.8
3356000,24.05,23.01,24.62,34.52,26.8
3357000,24.13,23.03,24.6,34.62,26.7
3358000,24.13,23.03,24.6,34.62,26.7
3359000,24.07,23.13,24.64,34.46,26.41
3360000,24.07,23.13,24.64,34.46,26.41
3361000,24.07,23.13,24.64,34.46,26.41
3362000,24.03,23.07,24.68,34.48,26.28
3363000,24.03,23.07,24.68,34.48,26.28
3364000,23.85,23.21,24.65,34.46,26.05
3365000,23.85,23.21,24.65,34.46,26.05
3366000,23.85,23.21,24.65,34.46,26.05
3367000,23.82,23.2,24.58,34.64,26.22
3368000,23.82,23.2,24.58,34.64,26.22
3369000,23.95,23.42,24.53,34.8,26.27
3370000,23.95,23.42,24.53,34.8,26.27
3371000,23.95,23.42,24.53,34.8,26.27
3372000,24.02,23.56,24.69,34.81,26.13
3373000,24.02,23.56,24.69,34.81,26.13
3374000,24.2,23.31,24.61,34.88,26.34
3375000,24.2,23.31,24.61,34.88,26.34
3376000,24.2,23.31,24.61,34.88,26.34
3377000,23.9,23.24,24.88,34.99,26.39
3378000,23.9,23.24,24.88,34.99,26.39
3379000,23.86,23.02,24.81,35.13,26.53
3380000,23.86,23.02,24.81,35.13,26.53
3381000,23.86,23.02,24.81,35.13,26.53
3382000,23.92,23.14,24.78,35.28,26.34
3383000,23.92,23.14,24.78,35.28,26.34
3384000,23.94,23.34,24.76,35.36,26.26
3385000,23.94,23.34,24.76,35.36,26.26
3386000,23.94,23.34,24.76,35.36,26.26
3387000,23.81,23.42,24.82,35.39,26.35
3388000,23.81,23.42,24.82,35.39,26.35
3389000,23.77,23.56,24.91,35.46,26.56
3390000,23.77,23.56,24.91,35.46,26.56
3391000,23.77,23.56,24.91,35.46,26.56
3392000,23.57,23.64,24.67,35.73,26.58
3393000,23.57,23.64,24.67,35.73,26.58
3394000,23.54,23.54,24.58,35.89,26.71
3395000,23.54,23.54,24.58,35.89,26.71
3396000,23.54,23.54,24.58,35.89,26.71
3397000,23.65,23.4,24.42,35.66,26.56
3398000,23.65,23.4,24.42,35.66,26.56
3399000,23.52,23.57,24.19,35.77,26.45
3400000,23.52,23.57,24.19,35.77,26.45
3401000,23.52,23.57,24.19,35.77,26.45
3402000,23.84,23.48,24.33,35.77,26.2
3403000,23.84,23.48,24.33,35.77,26.2
3404000,23.94,23.29,24.4,35.85,26.35
3405000,23.94,23.29,24.4,35.85,26.35
3406000,23.94,23.29,24.4,35.85,26.35
3407000,23.93,23.28,24.41,35.92,26.35
3408000,23.93,23.28,24.41,35.92,26.35
3409000,23.98,23.53,24.46,36.02,26.18
3410000,23.98,23.53,24.46,36.02,26.18
3411000,23.98,23.53,24.46,36.02,26.18
3412000,24.16,23.36,24.4,36.17,26.28
3413000,24.16,23.36,24.4,36.17,26.28
3414000,24.35,23.34,24.45,36.26,26.51
3415000,24.35,23.34,24.45,36.26,26.51
3416000,24.35,23.34,24.45,36.26,26.51
3417000,24.53,23.6,24.39,36.41,26.27
3418000,24.53,23.6,24.39,36.41,26.27
3419000,24.53,23.66,24.45,36.66,26.19
3420000,24.53,23.66,24.45,36.66,26.19
3421000,24.53,23.66,24.45,36.66,26.19
3422000,24.64,23.62,24.18,36.86,26.11
3423000,24.64,23.62,24.18,36.86,26.11
3424000,24.66,23.87,24.1,37.06,25.92
3425000,24.66,23.87,24.1,37.06,25.92
3426000,24.66,23.87,24.1,37.06,25.92
3427000,24.66,23.9,24.24,37.31,25.8
3428000,24.66,23.9,24.24,37.31,25.8
3429000,24.76,23.83,24.43,37.46,25.66
3430000,24.76,23.83,24.43,37.46,25.66
3431000,24.76,23.83,24.43,37.46,25.66
3432000,24.89,23.91,24.47,37.48,25.56
3433000,24.89,23.91,24.47,37.48,25.56
3434000,24.89,23.99,24.5,37.52,25.57
3435000,24.89,23.99,24.5,37.52,25.57
3436000,24.89,23.99,24.5,37.52,25.57
3437000,24.92,23.97,24.64,37.54,25.54
3438000,24.92,23.97,24.64,37.54,25.54
3439000,25.05,23.9,24.69,37.91,25.32
3440000,25.05,23.9,24.69,37.91,25.32
3441000,25.05,23.9,24.69,37.91,25.32
3442000,25.07,23.85,24.73,38.06,25.29
3443000,25.07,23.85,24.73,38.06,25.29
3444000,25.04,24.03,24.8,38.17,25.09
3445000,25.04,24.03,24.8,38.17,25.09
3446000,25.04,24.03,24.8,38.17,25.09
3447000,25.0,24.12,24.75,38.28,25.3
3448000,25.0,24.12,24.75,38.28,25.3
3449000,24.89,24.13,24.8,38.39,25.14
3450000,24.89,24.13,24.8,38.39,25.14
3451000,24.89,24.13,24.8,38.39,25.14
3452000,25.03,24.02,24.78,38.51,25.09
3453000,25.03,24.02,24.78,38.51,25.09
3454000,25.12,24.0,24.76,38.61,25.16
3455000,25.12,24.0,24.76,38.61,25.16
3456000,25.12,24.0,24.76,38.61,25.16
3457000,25.17,24.38,24.63,38.63,25.26
3458000,25.17,24.38,24.63,38.63,25.26
3459000,25.07,24.48,24.84,38.79,25.11
3460000,25.07,24.48,24.84,38.79,25.11
3461000,25.07,24.48,24.84,38.79,25.11
3462000,25.23,24.11,24.77,39.04,25.21
3463000,25.23,24.11,24.77,39.04,25.21
3464000,25.35,24.19,24.91,39.2,24.92
3465000,25.35,24.19,24.91,39.2,24.92
3466000,25.35,24.19,24.91,39.2,24.92
3467000,25.33,24.2,24.93,39.23,25.11
3468000,25.33,24.2,24.93,39.23,25.11
3469000,25.32,24.37,24.92,39.08,24.96
3470000,25.32,24.37,24.92,39.08,24.96
3471000,25.32,24.37,24.92,39.08,24.96
3472000,25.35,24.47,24.83,39.14,25.05
3473000,25.35,24.47,24.83,39.14,25.05
3474000,25.6,24.25,24.66,39.28,25.1
3475000,25.6,24.25,24.66,39.28,25.1
3476000,25.6,24.25,24.66,39.28,25.1
3477000,25.7,24.29,24.82,38.96,24.86
3478000,25.7,24.29,24.82,38.96,24.86
3479000,25.8,24.25,24.83,38.84,24.71
3480000,25.8,24.25,24.83,38.84,24.71
3481000,25.8,24.25,24.83,38.84,24.71
3482000,25.71,24.19,24.8,38.69,24.75
3483000,25.71,24.19,24.8,38.69,24.75
3484000,25.65,24.3,24.66,38.72,24.73
3485000,25.65,24.3,24.66,38.72,24.73
3486000,25.65,24.3,24.66,38.72,24.73
3487000,25.83,24.48,24.54,38.66,24.68
3488000,25.83,24.48,24.54,38.66,24.68
3489000,26.13,24.44,24.52,38.79,24.55
3490000,26.13,24.44,24.52,38.79,24.55
3491000,26.13,24.44,24.52,38.79,24.55
3492000,26.09,24.7,24.33,39.01,24.38
3493000,26.09,24.7,24.33,39.01,24.38
3494000,26.29,24.8,24.21,39.06,24.26
3495000,26.29,24.8,24.21,39.06,24.26
3496000,26.29,24.8,24.21,39.06,24.26
3497000,26.63,24.78,24.25,39.11,24.38
3498000,26.63,24.78,24.25,39.11,24.38
3499000,26.53,24.76,24.42,39.28,24.46
3500000,26.53,24.76,24.42,39.28,24.46
3501000,26.53,24.76,24.42,39.28,24.46
3502000,26.71,24.81,24.48,39.19,24.51
3503000,26.71,24.81,24.48,39.19,24.51
3504000,26.75,24.92,24.38,39.35,24.38
3505000,26.75,24.92,24.38,39.35,24.38
3506000,26.75,24.92,24.38,39.35,24.38
3507000,26.86,24.7,24.39,39.44,24.3
3508000,26.86,24.7,24.39,39.44,24.3
3509000,27.03,24.93,24.36,39.56,24.1
3510000,27.03,24.93,24.36,39.56,24.1
3511000,27.03,24.93,24.36,39.56,24.1
3512000,27.25,24.97,24.64,39.83,24.2
3513000,27.25,24.97,24.64,39.83,24.2
3514000,27.44,25.11,24.57,39.91,24.09
3515000,27.44,25.11,24.57,39.91,24.09
3516000,27.44,25.11,24.57,39.91,24.09
3517000,27.48,24.95,24.68,40.01,24.01
3518000,27.48,24.95,24.68,40.01,24.01
3519000,27.43,24.79,24.59,40.12,24.16
3520000,27.43,24.79,24.59,40.12,24.16
3521000,27.43,24.79,24.59,40.12,24.16
3522000,27.4,24.64,24.51,40.28,23.98
3523000,27.4,24.64,24.51,40.28,23.98
3524000,27.59,24.7,24.46,40.47,24.06
3525000,27.59,24.7,24.46,40.47,24.06
3526000,27.59,24.7,24.46,40.47,24.06
3527000,27.5,24.44,24.62,40.54,24.04
3528000,27.5,24.44,24.62,40.54,24.04
3529000,27.52,24.31,24.67,40.69,24.35
3530000,27.52,24.31,24.67,40.69,24.35
3531000,27.52,24.31,24.67,40.69,24.35
3532000,27.62,24.15,24.84,40.81,24.39
3533000,27.62,24.15,24.84,40.81,24.39
3534000,27.86,24.27,24.54,40.85,24.32
3535000,27.86,24.27,24.54,40.85,24.32
3536000,27.86,24.27,24.54,40.85,24.32
3537000,27.84,24.41,24.52,40.93,24.11
3538000,27.84,24.41,24.52,40.93,24.11
3539000,28.06,24.39,24.47,41.03,24.09
3540000,28.06,24.39,24.47,41.03,24.09
3541000,28.06,24.39,24.47,41.03,24.09
3542000,28.3,24.29,24.78,41.12,24.09
3543000,28.3,24.29,24.78,41.12,24.09
3544000,28.25,24.25,24.77,41.14,24.12
3545000,28.25,24.25,24.77,41.14,24.12
3546000,28.25,24.25,24.77,41.14,24.12
3547000,28.4,24.52,24.64,41.24,24.04
3548000,28.4,24.52,24.64,41.24,24.04
3549000,28.64,24.43,24.52,41.38,23.82
3550000,28.64,24.43,24.52,41.38,23.82
3551000,28.64,24.43,24.52,41.38,23.82
3552000,28.87,24.46,24.33,41.32,23.87
3553000,28.87,24.46,24.33,41.32,23.87
3554000,29.08,24.73,24.29,41.47,23.83
3555000,29.08,24.73,24.29,41.47,23.83
3556000,29.08,24.73,24.29,41.47,23.83
3557000,29.4,24.57,24.12,41.6,23.91
3558000,29.4,24.57,24.12,41.6,23.91
3559000,29.43,24.67,23.84,41.62,23.9
3560000,29.43,24.67,23.84,41.62,23.9
3561000,29.43,24.67,23.84,41.62,23.9
3562000,29.5,24.7,23.88,41.74,23.87
3563000,29.5,24.7,23.88,41.74,23.87
3564000,29.52,24.75,23.77,41.83,23.89
3565000,29.52,24.75,23.77,41.83,23.89
3566000,29.52,24.75,23.77,41.83,23.89
3567000,29.68,24.68,23.93,41.9,23.7
3568000,29.68,24.68,23.93,41.9,23.7
3569000,29.93,24.63,23.85,42.02,23.76
3570000,29.93,24.63,23.85,42.02,23.76
3571000,29.93,24.63,23.85,42.02,23.76
3572000,29.85,24.68,23.98,42.05,23.89
3573000,29.85,24.68,23.98,42.05,23.89
3574000,29.81,24.84,23.89,42.14,23.93
3575000,29.81,24.84,23.89,42.14,23.93
3576000,29.81,24.84,23.89,42.14,23.93
3577000,30.06,24.92,23.8,42.28,23.76
3578000,30.06,24.92,23.8,42.28,23.76
3579000,30.22,24.93,23.91,42.4,23.95
3580000,30.22,24.93,23.91,42.4,23.95
3581000,30.22,24.93,23.91,42.4,23.95
3582000,30.43,24.92,24.07,42.63,23.92
3583000,30.43,24.92,24.07,42.63,23.92
3584000,30.51,24.83,23.99,42.71,23.84
3585000,30.51,24.83,23.99,42.71,23.84
3586000,30.51,24.83,23.99,42.71,23.84
3587000,30.85,24.76,24.15,42.8,23.89
3588000,30.85,24.76,24.15,42.8,23.89
3589000,30.84,24.72,23.98,42.84,23.63
3590000,30.84,24.72,23.98,42.84,23.63
3591000,30.84,24.72,23.98,42.84,23.63
3592000,30.91,24.53,23.74,42.9,23.7
3593000,30.91,24.53,23.74,42.9,23.7
3594000,31.09,24.59,23.88,43.0,23.59
3595000,31.09,24.59,23.88,43.0,23.59
3596000,31.09,24.59,23.88,43.0,23.59
3597000,31.03,24.68,23.81,43.06,23.54
3598000,31.03,24.68,23.81,43.06,23.54
3599000,31.05,24.86,23.93,43.13,23.49
3600000,31.05,24.86,23.93,43.13,23.49
3601000,31.05,24.86,23.93,43.13,23.49
3602000,31.19,24.77,23.73,43.12,23.52
3603000,31.19,24.77,23.73,43.12,23.52
3604000,31.32,24.69,23.47,43.2,23.38
3605000,31.32,24.69,23.47,43.2,23.38
3606000,31.32,24.69,23.47,43.2,23.38
3607000,31.44,24.76,23.71,43.26,23.45
3608000,31.44,24.76,23.71,43.26,23.45
3609000,31.62,24.66,23.75,43.38,23.7
3610000,31.62,24.66,23.75,43.38,23.7
3611000,31.62,24.66,23.75,43.38,23.7
3612000,31.81,24.75,23.63,43.49,23.63
3613000,31.81,24.75,23.63,43.49,23.63
3614000,32.01,24.65,23.58,43.64,23.83
3615000,32.01,24.65,23.58,43.64,23.83
3616000,32.01,24.65,23.58,43.64,23.83
3617000,32.24,24.58,23.84,43.64,23.68
3618000,32.24,24.58,23.84,43.64,23.68
3619000,32.22,24.59,23.88,43.66,23.56
3620000,32.22,24.59,23.88,43.66,23.56
3621000,32.22,24.59,23.88,43.66,23.56
3622000,32.41,24.65,23.85,43.82,23.58
3623000,32.41,24.65,23.85,43.82,23.58
3624000,32.5,24.66,23.81,43.94,23.56
3625000,32.5,24.66,23.81,43.94,23.56
3626000,32.5,24.66,23.81,43.94,23.56
3627000,32.77,24.59,23.57,44.0,23.52
3628000,32.77,24.59,23.57,44.0,23.52
3629000,32.76,24.86,23.67,44.02,23.4
3630000,32.76,24.86,23.67,44.02,23.4
3631000,32.76,24.86,23.67,44.02,23.4
3632000,32.74,24.93,23.47,44.08,23.47
3633000,32.74,24.93,23.47,44.08,23.47
3634000,32.92,24.81,23.54,44.17,23.53
3635000,32.92,24.81,23.54,44.17,23.53
3636000,32.92,24.81,23.54,44.17,23.53
3637000,33.11,24.84,23.65,44.16,23.46
3638000,33.11,24.84,23.65,44.16,23.46
3639000,33.29,24.64,23.6,44.31,23.18
3640000,33.29,24.64,23.6,44.31,23.18
3641000,33.29,24.64,23.6,44.31,23.18
3642000,33.49,24.56,23.91,44.36,23.27
3643000,33.49,24.56,23.91,44.36,23.27
3644000,33.64,24.76,23.99,44.38,23.34
3645000,33.64,24.76,23.99,44.38,23.34
3646000,33.64,24.76,23.99,44.38,23.34
3647000,33.7,24.87,24.38,44.73,23.64
3648000,33.7,24.87,24.38,44.73,23.64
3649000,34.08,25.07,24.55,44.87,23.73
3650000,34.08,25.07,24.55,44.87,23.73
3651000,34.08,25.07,24.55,44.87,23.73
3652000,34.19,25.0,24.41,45.06,23.78
3653000,34.19,25.0,24.41,45.06,23.78
3654000,34.28,25.12,24.33,45.21,23.61
3655000,34.28,25.12,24.33,45.21,23.61
3656000,34.28,25.12,24.33,45.21,23.61
3657000,34.3,25.09,24.4,45.24,23.56
3658000,34.3,25.09,24.4,45.24,23.56
3659000,34.27,25.04,24.46,45.32,23.87
3660000,34.27,25.04,24.46,45.32,23.87
3661000,34.27,25.04,24.46,45.32,23.87
3662000,34.25,25.03,24.45,45.37,23.86
3663000,34.25,25.03,24.45,45.37,23.86
3664000,34.28,25.01,24.52,45.43,23.8
3665000,34.28,25.01,24.52,45.43,23.8
3666000,34.28,25.01,24.52,45.43,23.8
3667000,34.03,25.02,24.71,45.48,23.93
3668000,34.03,25.02,24.71,45.48,23.93
3669000,34.05,24.93,24.86,45.54,23.95
3670000,34.05,24.93,24.86,45.54,23.95
3671000,34.05,24.93,24.86,45.54,23.95
3672000,33.94,24.71,25.0,45.63,24.07
3673000,33.94,24.71,25.0,45.63,24.07
3674000,33.94,24.6,24.96,45.73,23.99
3675000,33.94,24.6,24.96,45.73,23.99
3676000,33.94,24.6,24.96,45.73,23.99
3677000,34.04,24.61,24.63,45.83,23.93
3678000,34.04,24.61,24.63,45.83,23.93
3679000,34.07,24.57,24.53,45.93,23.88
3680000,34.07,24.57,24.53,45.93,23.88
3681000,34.07,24.57,24.53,45.93,23.88
3682000,34.0,24.46,24.71,46.12,23.98
3683000,34.0,24.46,24.71,46.12,23.98
3684000,34.0,24.5,24.77,46.22,24.17
3685000,34.0,24.5,24.77,46.22,24.17
3686000,34.0,24.5,24.77,46.22,24.17
3687000,33.85,24.64,24.76,46.31,24.02
3688000,33.85,24.64,24.76,46.31,24.02
3689000,33.85,24.98,24.55,46.38,24.17
3690000,33.85,24.98,24.55,46.38,24.17
3691000,33.85,24.98,24.55,46.38,24.17
3692000,33.76,24.82,24.66,46.44,24.14
3693000,33.76,24.82,24.66,46.44,24.14
3694000,33.9,24.85,24.73,46.54,24.36
3695000,33.9,24.85,24.73,46.54,24.36
3696000,33.9,24.85,24.73,46.54,24.36
3697000,33.94,24.82,24.69,46.53,24.43
3698000,33.94,24.82,24.69,46.53,24.43
3699000,33.9,24.67,24.45,46.54,24.55
3700000,33.9,24.67,24.45,46.54,24.55
3701000,33.9,24.67,24.45,46.54,24.55
3702000,33.79,24.67,24.4,46.62,24.58
3703000,33.79,24.67,24.4,46.62,24.58
3704000,33.79,24.66,24.26,46.71,24.48
3705000,33.79,24.66,24.26,46.71,24.48
3706000,33.79,24.66,24.26,46.71,24.48
3707000,33.88,24.43,24.16,46.64,24.51
3708000,33.88,24.43,24.16,46.64,24.51
3709000,34.16,24.31,24.27,46.68,24.66
3710000,34.16,24.31,24.27,46.68,24.66
3711000,34.16,24.31,24.27,46.68,24.66
3712000,34.08,24.48,24.3,46.67,24.77
3713000,34.08,24.48,24.3,46.67,24.77
3714000,33.97,24.56,24.16,46.7,24.8
3715000,33.97,24.56,24.16,46.7,24.8
3716000,33.97,24.56,24.16,46.7,24.8
3717000,33.97,24.48,24.22,46.81,24.69
3718000,33.97,24.48,24.22,46.81,24.69
3719000,34.01,24.23,24.04,47.1,24.87
3720000,34.01,24.23,24.04,47.1,24.87
3721000,34.01,24.23,24.04,47.1,24.87
3722000,33.91,24.4,23.98,47.24,24.75
3723000,33.91,24.4,23.98,47.24,24.75
3724000,33.89,24.52,23.97,47.28,24.5
3725000,33.89,24.52,23.97,47.28,24.5
3726000,33.89,24.52,23.97,47.28,24.5
3727000,33.84,24.75,23.77,47.77,24.57
3728000,33.84,24.75,23.77,47.77,24.57
3729000,33.9,24.95,23.91,48.03,24.4
3730000,33.9,24.95,23.91,48.03,24.4
3731000,33.9,24.95,23.91,48.03,24.4
3732000,33.88,25.17,23.75,48.29,24.37
3733000,33.88,25.17,23.75,48.29,24.37
3734000,33.88,25.17,23.88,48.44,24.5
3735000,33.88,25.17,23.88,48.44,24.5
3736000,33.88,25.17,23.88,48.44,24.5
3737000,34.07,25.07,23.82,48.67,24.36
3738000,34.07,25.07,23.82,48.67,24.36
3739000,34.14,25.23,23.81,48.68,24.19
3740000,34.14,25.23,23.81,48.68,24.19
3741000,34.14,25.23,23.81,48.68,24.19
3742000,34.28,25.35,23.87,48.66,24.27
3743000,34.28,25.35,23.87,48.66,24.27
3744000,34.48,25.23,24.02,48.84,24.37
3745000,34.48,25.23,24.02,48.84,24.37
3746000,34.48,25.23,24.02,48.84,24.37
3747000,34.48,25.19,24.06,49.09,24.21
3748000,34.48,25.19,24.06,49.09,24.21
3749000,34.6,24.91,23.98,49.23,23.91
3750000,34.6,24.91,23.98,49.23,23.91
3751000,34.6,24.91,23.98,49.23,23.91
3752000,34.62,25.02,23.87,49.48,23.81
3753000,34.62,25.02,23.87,49.48,23.81
3754000,34.66,24.91,23.69,49.51,23.88
3755000,34.66,24.91,23.69,49.51,23.88
3756000,34.66,24.91,23.69,49.51,23.88
3757000,34.63,25.26,23.75,49.58,24.01
3758000,34.63,25.26,23.75,49.58,24.01
3759000,34.63,25.26,23.75,49.58,24.01
3760000,34.76,25.27,23.71,49.62,24.13
3761000,34.76,25.27,23.71,49.62,24.13
3762000,34.89,25.18,23.5,49.64,24.24
3763000,34.89,25.18,23.5,49.64,24.24
3764000,34.89,25.18,23.5,49.64,24.24
3765000,34.98,24.98,23.44,49.77,24.35
3766000,34.98,24.98,23.44,49.77,24.35
3767000,35.09,25.04,23.23,49.8,24.41
3768000,35.09,25.04,23.23,49.8,24.41
3769000,35.09,25.04,23.23,49.8,24.41
3770000,35.1,25.14,23.27,49.81,24.5
3771000,35.1,25.14,23.27,49.81,24.5
3772000,35.09,25.11,23.32,49.87,24.74
3773000,35.09,25.11,23.32,49.87,24.74
3774000,35.09,25.11,23.32,49.87,24.74
3775000,35.09,24.89,23.43,49.93,24.72
3776000,35.09,24.89,23.43,49.93,24.72
3777000,35.15,25.1,23.3,49.99,24.84
3778000,35.15,25.1,23.3,49.99,24.84
3779000,35.15,25.1,23.3,49.99,24.84
3780000,35.13,24.89,23.09,49.99,24.74
3781000,35.13,24.89,23.09,49.99,24.74
3782000,35.3,25.09,22.89,50.01,24.66
3783000,35.3,25.09,22.89,50.01,24.66
3784000,35.3,25.09,22.89,50.01,24.66
3785000,35.48,25.15,23.08,50.04,24.55
3786000,35.48,25.15,23.08,50.04,24.55
3787000,35.49,25.17,23.05,50.06,24.55
3788000,35.49,25.17,23.05,50.06,24.55
3789000,35.49,25.17,23.05,50.06,24.55
3790000,35.48,25.18,23.0,50.11,24.54
3791000,35.48,25.18,23.0,50.11,24.54
3792000,35.48,25.06,22.86,50.16,24.48
3793000,35.48,25.06,22.86,50.16,24.48
3794000,35.48,25.06,22.86,50.16,24.48
3795000,35.53,24.91,22.8,50.23,24.51
3796000,35.53,24.91,22.8,50.23,24.51
3797000,35.44,24.79,22.78,50.27,24.69
3798000,35.44,24.79,22.78,50.27,24.69
3799000,35.44,24.79,22.78,50.27,24.69
3800000,35.45,24.71,22.87,50.3,24.76
3801000,35.45,24.71,22.87,50.3,24.76
3802000,35.27,24.61,23.14,50.47,24.57
3803000,35.27,24.61,23.14,50.47,24.57
3804000,35.27,24.61,23.14,50.47,24.57
3805000,35.28,24.38,23.16,50.38,24.77
3806000,35.28,24.38,23.16,50.38,24.77
3807000,35.25,24.59,23.36,50.32,24.66
3808000,35.25,24.59,23.36,50.32,24.66
3809000,35.25,24.59,23.36,50.32,24.66
3810000,35.26,24.57,23.58,50.35,24.72
3811000,35.26,24.57,23.58,50.35,24.72
3812000,35.45,24.72,23.46,50.27,24.6
3813000,35.45,24.72,23.46,50.27,24.6
3814000,35.45,24.72,23.46,50.27,24.6
3815000,35.57,24.61,23.65,50.25,24.58
3816000,35.57,24.61,23.65,50.25,24.58
3817000,35.67,24.49,23.69,50.26,24.55
3818000,35.67,24.49,23.69,50.26,24.55
3819000,35.67,24.49,23.69,50.26,24.55
3820000,35.75,24.71,23.54,50.24,24.55
3821000,35.75,24.71,23.54,50.24,24.55
3822000,35.85,24.68,23.69,50.33,24.5
3823000,35.85,24.68,23.69,50.33,24.5
3824000,35.85,24.68,23.69,50.33,24.5
3825000,35.99,24.7,23.64,50.3,24.45
3826000,35.99,24.7,23.64,50.3,24.45
3827000,35.97,24.67,23.48,50.34,24.56
3828000,35.97,24.67,23.48,50.34,24.56
3829000,35.97,24.67,23.48,50.34,24.56
3830000,36.01,24.87,23.64,50.42,24.54
3831000,36.01,24.87,23.64,50.42,24.54
3832000,35.97,25.0,23.59,50.43,24.41
3833000,35.97,25.0,23.59,50.43,24.41
3834000,35.97,25.0,23.59,50.43,24.41
3835000,35.78,24.99,23.72,50.45,24.44
3836000,35.78,24.99,23.72,50.45,24.44
3837000,35.72,24.87,23.48,50.35,24.46
3838000,35.72,24.87,23.48,50.35,24.46
3839000,35.72,24.87,23.48,50.35,24.46
3840000,35.9,24.86,23.53,50.33,24.62
3841000,35.9,24.86,23.53,50.33,24.62
3842000,36.07,24.83,23.35,50.4,24.7
3843000,36.07,24.83,23.35,50.4,24.7
3844000,36.07,24.83,23.35,50.4,24.7
3845000,36.15,24.79,23.29,50.47,24.78
3846000,36.15,24.79,23.29,50.47,24.78
3847000,36.3,24.59,23.28,50.57,24.88
3848000,36.3,24.59,23.28,50.57,24.88
3849000,36.3,24.59,23.28,50.57,24.88
3850000,36.42,24.56,23.15,50.62,24.99
3851000,36.42,24.56,23.15,50.62,24.99
3852000,36.47,24.59,23.19,50.7,24.95
3853000,36.47,24.59,23.19,50.7,24.95
3854000,36.47,24.59,23.19,50.7,24.95
3855000,36.21,24.73,23.36,50.73,25.05
3856000,36.21,24.73,23.36,50.73,25.05
3857000,35.93,24.37,23.28,50.69,25.01
3858000,35.93,24.37,23.28,50.69,25.01
3859000,35.93,24.37,23.28,50.69,25.01
3860000,35.93,24.31,23.16,50.79,25.03
3861000,35.93,24.31,23.16,50.79,25.03
3862000,35.89,24.1,23.31,50.78,25.05
3863000,35.89,24.1,23.31,50.78,25.05
3864000,35.89,24.1,23.31,50.78,25.05
3865000,35.71,24.13,23.17,50.8,25.11
3866000,35.71,24.13,23.17,50.8,25.11
3867000,35.62,24.19,22.91,50.87,25.27
3868000,35.62,24.19,22.91,50.87,25.27
3869000,35.62,24.19,22.91,50.87,25.27
3870000,35.47,24.2,22.97,50.95,25.42
3871000,35.47,24.2,22.97,50.95,25.42
3872000,35.23,24.25,22.99,50.98,25.34
3873000,35.23,24.25,22.99,50.98,25.34
3874000,35.23,24.25,22.99,50.98,25.34
3875000,35.15,24.33,22.84,50.98,25.25
3876000,35.15,24.33,22.84,50.98,25.25
3877000,35.22,24.47,22.9,51.0,25.14
3878000,35.22,24.47,22.9,51.0,25.14
3879000,35.22,24.47,22.9,51.0,25.14
3880000,35.46,24.27,22.92,51.1,25.19
3881000,35.46,24.27,22.92,51.1,25.19
3882000,35.45,24.24,23.12,51.15,25.31
3883000,35.45,24.24,23.12,51.15,25.31
3884000,35.45,24.24,23.12,51.15,25.31
3885000,35.48,24.23,23.09,51.13,25.27
3886000,35.48,24.23,23.09,51.13,25.27
3887000,35.6,24.23,23.12,51.24,25.23
3888000,35.6,24.23,23.12,51.24,25.23
3889000,35.6,24.23,23.12,51.24,25.23
3890000,35.48,24.51,23.05,51.16,25.3
3891000,35.48,24.51,23.05,51.16,25.3
3892000,35.58,24.41,22.93,51.15,25.01
3893000,35.58,24.41,22.93,51.15,25.01
3894000,35.58,24.41,22.93,51.15,25.01
3895000,35.51,24.37,22.84,51.2,24.93
3896000,35.51,24.37,22.84,51.2,24.93
3897000,35.53,24.59,22.82,51.32,24.63
3898000,35.53,24.59,22.82,51.32,24.63
3899000,35.53,24.59,22.82,51.32,24.63
3900000,35.43,24.45,22.88,51.38,24.76
3901000,35.43,24.45,22.88,51.38,24.76
3902000,35.42,24.5,22.82,51.44,24.83
3903000,35.42,24.5,22.82,51.44,24.83
3904000,35.42,24.5,22.82,51.44,24.83
3905000,35.5,24.36,22.84,51.51,24.87
3906000,35.5,24.36,22.84,51.51,24.87
3907000,35.25,24.47,22.82,51.58,24.74
3908000,35.25,24.47,22.82,51.58,24.74
3909000,35.25,24.47,22.82,51.58,24.74
3910000,35.25,24.42,22.66,51.6,24.62
3911000,35.25,24.42,22.66,51.6,24.62
3912000,35.08,24.59,22.66,51.63,24.7
3913000,35.08,24.59,22.66,51.63,24.7
3914000,35.08,24.59,22.66,51.63,24.7
3915000,35.16,24.73,22.54,51.72,24.55
3916000,35.16,24.73,22.54,51.72,24.55
3917000,35.58,24.69,22.3,51.74,24.71
3918000,35.58,24.69,22.3,51.74,24.71
3919000,35.58,24.69,22.3,51.74,24.71
3920000,35.73,24.65,22.2,51.75,24.65
3921000,35.73,24.65,22.2,51.75,24.65
3922000,35.79,24.88,22.18,51.77,24.62
3923000,35.79,24.88,22.18,51.77,24.62
3924000,35.79,24.88,22.18,51.77,24.62
3925000,35.73,24.92,22.15,51.79,24.69
3926000,35.73,24.92,22.15,51.79,24.69
3927000,35.7,24.76,22.18,51.76,24.9
3928000,35.7,24.76,22.18,51.76,24.9
3929000,35.7,24.76,22.18,51.76,24.9
3930000,35.69,24.67,22.2,51.85,25.07
3931000,35.69,24.67,22.2,51.85,25.07
3932000,35.82,24.73,22.18,51.89,24.92
3933000,35.82,24.73,22.18,51.89,24.92
3934000,35.82,24.73,22.18,51.89,24.92
3935000,35.86,24.6,22.24,51.96,24.84
3936000,35.86,24.6,22.24,51.96,24.84
3937000,36.04,24.43,22.28,52.02,25.01
3938000,36.04,24.43,22.28,52.02,25.01
3939000,36.04,24.43,22.28,52.02,25.01
3940000,36.03,24.27,22.47,52.01,24.81
3941000,36.03,24.27,22.47,52.01,24.81
3942000,36.24,24.43,22.46,52.04,24.92
3943000,36.24,24.43,22.46,52.04,24.92
3944000,36.24,24.43,22.46,52.04,24.92
3945000,36.13,24.31,22.23,52.07,24.9
3946000,36.13,24.31,22.23,52.07,24.9
3947000,36.31,24.27,22.07,52.18,24.88
3948000,36.31,24.27,22.07,52.18,24.88
3949000,36.31,24.27,22.07,52.18,24.88
3950000,36.36,24.24,22.31,52.22,24.86
3951000,36.36,24.24,22.31,52.22,24.86
3952000,36.41,24.42,22.29,52.17,24.85
3953000,36.41,24.42,22.29,52.17,24.85
3954000,36.41,24.42,22.29,52.17,24.85
3955000,36.44,24.68,22.48,52.09,25.01
3956000,36.44,24.68,22.48,52.09,25.01
3957000,36.42,24.73,22.71,52.21,24.77
3958000,36.42,24.73,22.71,52.21,24.77
3959000,36.42,24.73,22.71,52.21,24.77
3960000,36.41,24.67,22.59,52.23,24.54
3961000,36.41,24.67,22.59,52.23,24.54
3962000,36.64,24.65,22.63,52.38,24.38
3963000,36.64,24.65,22.63,52.38,24.38
3964000,36.64,24.65,22.63,52.38,24.38
3965000,36.77,24.44,22.86,52.4,24.39
3966000,36.77,24.44,22.86,52.4,24.39
3967000,36.95,24.67,22.91,52.39,24.29
3968000,36.95,24.67,22.91,52.39,24.29
3969000,36.95,24.67,22.91,52.39,24.29
3970000,36.99,24.63,23.06,52.41,24.22
3971000,36.99,24.63,23.06,52.41,24.22
3972000,37.05,24.65,23.15,52.41,24.32
3973000,37.05,24.65,23.15,52.41,24.32
3974000,37.05,24.65,23.15,52.41,24.32
3975000,37.04,24.63,23.28,52.4,24.39
3976000,37.04,24.63,23.28,52.4,24.39
3977000,37.21,24.35,23.43,52.44,24.44
3978000,37.21,24.35,23.43,52.44,24.44
3979000,37.21,24.35,23.43,52.44,24.44
3980000,37.42,24.15,23.43,52.53,24.62
3981000,37.42,24.15,23.43,52.53,24.62
3982000,37.55,24.13,23.65,52.56,24.4
3983000,37.55,24.13,23.65,52.56,24.4
3984000,37.55,24.13,23.65,52.56,24.4
3985000,37.61,24.07,23.66,52.6,24.24
3986000,37.61,24.07,23.66,52.6,24.24
3987000,37.53,24.09,23.56,52.56,24.31
3988000,37.53,24.09,23.56,52.56,24.31
3989000,37.53,24.09,23.56,52.56,24.31
3990000,37.44,24.07,23.57,52.56,24.42
3991000,37.44,24.07,23.57,52.56,24.42
3992000,37.39,23.99,23.73,52.59,24.41
3993000,37.39,23.99,23.73,52.59,24.41
3994000,37.39,23.99,23.73,52.59,24.41
3995000,37.27,24.12,23.58,52.62,24.42
3996000,37.27,24.12,23.58,52.62,24.42
3997000,37.28,23.89,23.48,52.63,24.47
3998000,37.28,23.89,23.48,52.63,24.47
3999000,37.28,23.89,23.48,52.63,24.47
4000000,37.04,24.16,23.39,52.64,24.46
4001000,37.04,24.16,23.39,52.64,24.46
4002000,37.0,24.18,23.48,52.63,24.49
4003000,37.0,24.18,23.48,52.63,24.49
4004000,37.0,24.18,23.48,52.63,24.49
4005000,37.06,24.09,23.69,52.61,24.53
4006000,37.06,24.09,23.69,52.61,24.53
4007000,37.09,23.84,23.68,52.67,24.36
4008000,37.09,23.84,23.68,52.67,24.36
4009000,37.09,23.84,23.68,52.67,24.36
4010000,37.07,23.82,23.61,52.72,24.29
4011000,37.07,23.82,23.61,52.72,24.29
4012000,36.99,23.69,23.54,52.75,24.32
4013000,36.99,23.69,23.54,52.75,24.32
4014000,36.99,23.69,23.54,52.75,24.32
4015000,37.0,23.98,23.58,52.78,24.34
4016000,37.0,23.98,23.58,52.78,24.34
4017000,37.02,23.88,23.72,52.83,24.21
4018000,37.02,23.88,23.72,52.83,24.21
4019000,37.02,23.88,23.72,52.83,24.21
4020000,37.26,23.98,23.7,52.71,23.98
4021000,37.26,23.98,23.7,52.71,23.98
4022000,37.48,24.05,23.71,52.71,23.93
4023000,37.48,24.05,23.71,52.71,23.93
4024000,37.48,24.05,23.71,52.71,23.93
4025000,37.52,24.23,23.69,52.78,23.96
4026000,37.52,24.23,23.69,52.78,23.96
4027000,37.61,24.34,23.81,52.83,23.95
4028000,37.61,24.34,23.81,52.83,23.95
4029000,37.61,24.34,23.81,52.83,23.95
4030000,37.69,24.55,23.88,52.83,23.91
4031000,37.69,24.55,23.88,52.83,23.91
4032000,37.66,24.29,24.01,52.89,24.06
4033000,37.66,24.29,24.01,52.89,24.06
4034000,37.66,24.29,24.01,52.89,24.06
4035000,37.67,24.34,24.01,52.89,24.17
4036000,37.67,24.34,24.01,52.89,24.17
4037000,37.66,24.25,23.81,52.83,24.25
4038000,37.66,24.25,23.81,52.83,24.25
4039000,37.66,24.25,23.81,52.83,24.25
4040000,37.68,24.32,23.92,52.88,24.33
4041000,37.68,24.32,23.92,52.88,24.33
4042000,37.71,24.51,23.98,52.88,24.42
4043000,37.71,24.51,23.98,52.88,24.42
4044000,37.71,24.51,23.98,52.88,24.42
4045000,37.56,24.46,24.12,52.87,24.44
4046000,37.56,24.46,24.12,52.87,24.44
4047000,37.57,24.57,24.34,52.88,24.56
4048000,37.57,24.57,24.34,52.88,24.56
4049000,37.57,24.57,24.34,52.88,24.56
4050000,37.49,24.56,24.12,52.94,24.53
4051000,37.49,24.56,24.12,52.94,24.53
4052000,37.61,24.59,23.97,53.01,24.55
4053000,37.61,24.59,23.97,53.01,24.55
4054000,37.61,24.59,23.97,53.01,24.55
4055000,37.58,24.64,24.05,53.12,24.48
4056000,37.58,24.64,24.05,53.12,24.48
4057000,37.63,24.64,23.78,53.27,24.59
4058000,37.63,24.64,23.78,53.27,24.59
4059000,37.63,24.64,23.78,53.27,24.59
4060000,37.66,24.44,23.65,53.3,24.56
4061000,37.66,24.44,23.65,53.3,24.56
4062000,37.67,24.45,23.73,53.43,24.69
4063000,37.67,24.45,23.73,53.43,24.69
4064000,37.67,24.45,23.73,53.43,24.69
4065000,37.63,24.48,23.79,53.54,24.54
4066000,37.63,24.48,23.79,53.54,24.54
4067000,37.74,24.54,23.5,53.57,24.55
4068000,37.74,24.54,23.5,53.57,24.55
4069000,37.74,24.54,23.5,53.57,24.55
4070000,37.82,24.47,23.72,53.63,24.69
4071000,37.82,24.47,23.72,53.63,24.69
4072000,37.8,24.44,23.63,53.64,24.74
4073000,37.8,24.44,23.63,53.64,24.74
4074000,37.8,24.44,23.63,53.64,24.74
4075000,37.86,24.22,23.65,53.66,24.71
4076000,37.86,24.22,23.65,53.66,24.71
4077000,37.89,24.01,23.54,53.59,24.6
4078000,37.89,24.01,23.54,53.59,24.6
4079000,37.89,24.01,23.54,53.59,24.6
4080000,37.82,24.01,23.6,53.55,24.26
4081000,37.82,24.01,23.6,53.55,24.26
4082000,37.86,23.92,23.62,53.49,24.07
4083000,37.86,23.92,23.62,53.49,24.07
4084000,37.86,23.92,23.62,53.49,24.07
4085000,38.04,24.03,23.57,53.51,23.83
4086000,38.04,24.03,23.57,53.51,23.83
4087000,38.07,24.18,23.81,53.58,23.58
4088000,38.07,24.18,23.81,53.58,23.58
4089000,38.07,24.18,23.81,53.58,23.58
4090000,38.05,24.24,23.93,53.61,23.31
4091000,38.05,24.24,23.93,53.61,23.31
4092000,38.0,24.44,24.16,53.65,22.97
4093000,38.0,24.44,24.16,53.65,22.97
4094000,38.0,24.44,24.16,53.65,22.97
4095000,37.93,24.58,24.32,53.64,22.94
4096000,37.93,24.58,24.32,53.64,22.94
4097000,37.83,24.52,24.35,53.67,23.02
4098000,37.83,24.52,24.35,53.67,23.02
4099000,37.83,24.52,24.35,53.67,23.02
4100000,37.77,24.54,24.63,53.71,23.0
4101000,37.77,24.54,24.63,53.71,23.0
4102000,37.58,24.65,24.75,53.73,23.12
4103000,37.58,24.65,24.75,53.73,23.12
4104000,37.58,24.65,24.75,53.73,23.12
4105000,37.91,24.52,24.77,53.78,23.2
4106000,37.91,24.52,24.77,53.78,23.2
4107000,38.13,24.84,24.73,53.88,23.15
4108000,38.13,24.84,24.73,53.88,23.15
4109000,38.13,24.84,24.73,53.88,23.15
4110000,38.26,24.87,24.74,53.94,23.01
4111000,38.26,24.87,24.74,53.94,23.01
4112000,38.32,25.02,24.86,54.0,23.24
4113000,38.32,25.02,24.86,54.0,23.24
4114000,38.32,25.02,24.86,54.0,23.24
4115000,38.54,25.06,24.98,54.05,23.12
4116000,38.54,25.06,24.98,54.05,23.12
4117000,38.69,24.87,25.04,54.05,22.96
4118000,38.69,24.87,25.04,54.05,22.96
4119000,38.69,24.87,25.04,54.05,22.96
4120000,38.79,24.83,25.06,54.04,22.87
4121000,38.79,24.83,25.06,54.04,22.87
4122000,39.07,24.74,25.14,54.02,22.77
4123000,39.07,24.74,25.14,54.02,22.77
4124000,39.07,24.74,25.14,54.02,22.77
4125000,39.11,24.55,25.47,54.02,22.76
4126000,39.11,24.55,25.47,54.02,22.76
4127000,39.22,24.63,25.42,54.08,22.67
4128000,39.22,24.63,25.42,54.08,22.67
4129000,39.22,24.63,25.42,54.08,22.67
4130000,39.28,24.75,25.46,54.11,22.48
4131000,39.28,24.75,25.46,54.11,22.48
4132000,39.31,24.7,25.37,54.11,22.5
4133000,39.31,24.7,25.37,54.11,22.5
4134000,39.31,24.7,25.37,54.11,22.5
4135000,39.31,24.78,25.33,54.16,22.33
4136000,39.31,24.78,25.33,54.16,22.33
4137000,39.16,24.72,25.19,54.21,22.19
4138000,39.16,24.72,25.19,54.21,22.19
4139000,39.16,24.72,25.19,54.21,22.19
4140000,39.35,24.58,25.36,54.34,22.08
4141000,39.35,24.58,25.36,54.34,22.08
4142000,39.26,24.66,25.21,54.35,22.24
4143000,39.26,24.66,25.21,54.35,22.24
4144000,39.26,24.66,25.21,54.35,22.24
4145000,39.29,24.61,25.26,54.35,22.23
4146000,39.29,24.61,25.26,54.35,22.23
4147000,39.37,24.53,25.13,54.32,22.26
4148000,39.37,24.53,25.13,54.32,22.26
4149000,39.37,24.53,25.13,54.32,22.26
4150000,39.38,24.44,25.02,54.29,22.02
4151000,39.38,24.44,25.02,54.29,22.02
4152000,39.32,24.47,25.11,54.24,22.09
4153000,39.32,24.47,25.11,54.24,22.09
4154000,39.32,24.47,25.11,54.24,22.09
4155000,39.37,24.57,25.02,54.22,21.99
4156000,39.37,24.57,25.02,54.22,21.99
4157000,39.62,24.51,24.81,54.22,22.18
4158000,39.62,24.51,24.81,54.22,22.18
4159000,39.62,24.51,24.81,54.22,22.18
4160000,39.75,24.55,24.75,54.27,22.14
4161000,39.75,24.55,24.75,54.27,22.14
4162000,40.02,24.48,24.8,54.28,21.97
4163000,40.02,24.48,24.8,54.28,21.97
4164000,40.02,24.48,24.8,54.28,21.97
4165000,40.02,24.23,24.92,54.29,22.11
4166000,40.02,24.23,24.92,54.29,22.11
4167000,39.93,24.23,25.04,54.3,22.0
4168000,39.93,24.23,25.04,54.3,22.0
4169000,39.93,24.23,25.04,54.3,22.0
4170000,39.46,24.35,24.99,54.34,22.13
4171000,39.46,24.35,24.99,54.34,22.13
4172000,39.44,24.24,24.96,54.31,22.32
4173000,39.44,24.24,24.96,54.31,22.32
4174000,39.44,24.24,24.96,54.31,22.32
4175000,39.65,24.17,25.08,54.34,22.31
4176000,39.65,24.17,25.08,54.34,22.31
4177000,39.62,24.48,25.31,54.26,22.16
4178000,39.62,24.48,25.31,54.26,22.16
4179000,39.62,24.48,25.31,54.26,22.16
4180000,39.75,24.63,25.22,54.23,22.12
4181000,39.75,24.63,25.22,54.23,22.12
4182000,39.75,24.75,25.21,54.16,22.32
4183000,39.75,24.75,25.21,54.16,22.32
4184000,39.75,24.75,25.21,54.16,22.32
4185000,39.73,24.84,24.95,54.19,22.2
4186000,39.73,24.84,24.95,54.19,22.2
4187000,39.81,24.86,24.93,54.19,22.12
4188000,39.81,24.86,24.93,54.19,22.12
4189000,39.81,24.86,24.93,54.19,22.12
4190000,39.82,24.91,24.92,54.24,22.33
4191000,39.82,24.91,24.92,54.24,22.33
4192000,39.81,24.64,24.92,54.19,22.36
4193000,39.81,24.64,24.92,54.19,22.36
4194000,39.81,24.64,24.92,54.19,22.36
4195000,39.88,24.79,25.05,54.19,22.32
4196000,39.88,24.79,25.05,54.19,22.32
4197000,39.87,24.8,25.35,54.2,22.26
4198000,39.87,24.8,25.35,54.2,22.26
4199000,39.87,24.8,25.35,54.2,22.26
4200000,39.91,24.95,25.38,54.19,22.32
4201000,39.91,24.95,25.38,54.19,22.32
4202000,40.03,24.96,25.5,54.23,22.36
4203000,40.03,24.96,25.5,54.23,22.36
4204000,40.03,24.96,25.5,54.23,22.36
4205000,40.1,24.88,25.18,54.34,22.37
4206000,40.1,24.88,25.18,54.34,22.37
4207000,40.1,24.68,25.17,54.42,22.41
4208000,40.1,24.68,25.17,54.42,22.41
4209000,40.1,24.68,25.17,54.42,22.41
4210000,40.12,24.87,25.28,54.48,22.64
4211000,40.12,24.87,25.28,54.48,22.64
4212000,39.95,24.93,25.44,54.42,22.6
4213000,39.95,24.93,25.44,54.42,22.6
4214000,39.95,24.93,25.44,54.42,22.6
4215000,40.05,25.32,25.49,54.44,22.71
4216000,40.05,25.32,25.49,54.44,22.71
4217000,40.07,25.31,25.62,54.34,22.82
4218000,40.07,25.31,25.62,54.34,22.82
4219000,40.07,25.31,25.62,54.34,22.82
4220000,40.2,25.41,25.71,54.33,22.99
4221000,40.2,25.41,25.71,54.33,22.99
4222000,40.32,25.24,25.65,54.34,23.05
4223000,40.32,25.24,25.65,54.34,23.05
4224000,40.32,25.24,25.65,54.34,23.05
4225000,40.28,25.23,25.46,54.33,23.12
4226000,40.28,25.23,25.46,54.33,23.12
4227000,40.25,25.53,25.53,54.36,22.99
4228000,40.25,25.53,25.53,54.36,22.99
4229000,40.25,25.53,25.53,54.36,22.99
4230000,40.05,25.69,25.54,54.26,22.93
4231000,40.05,25.69,25.54,54.26,22.93
4232000,39.83,25.41,25.48,54.21,23.06
4233000,39.83,25.41,25.48,54.21,23.06
4234000,39.83,25.41,25.48,54.21,23.06
4235000,39.82,25.49,25.39,54.16,23.21
4236000,39.82,25.49,25.39,54.16,23.21
4237000,39.67,25.42,25.53,54.28,23.17
4238000,39.67,25.42,25.53,54.28,23.17
4239000,39.67,25.42,25.53,54.28,23.17
4240000,39.46,25.33,25.63,54.3,23.19
4241000,39.46,25.33,25.63,54.3,23.19
4242000,39.44,25.23,25.41,54.28,23.46
4243000,39.44,25.23,25.41,54.28,23.46
4244000,39.44,25.23,25.41,54.28,23.46
4245000,39.56,25.13,25.47,54.26,23.49
4246000,39.56,25.13,25.47,54.26,23.49
4247000,39.56,25.26,25.61,54.23,23.55
4248000,39.56,25.26,25.61,54.23,23.55
4249000,39.56,25.26,25.61,54.23,23.55
4250000,39.78,25.3,25.72,54.27,23.73
4251000,39.78,25.3,25.72,54.27,23.73
4252000,39.8,25.37,25.53,54.34,23.59
4253000,39.8,25.37,25.53,54.34,23.59
4254000,39.8,25.37,25.53,54.34,23.59
4255000,39.82,25.59,25.42,54.34,23.55
4256000,39.82,25.59,25.42,54.34,23.55
4257000,39.78,25.58,25.36,54.37,23.68
4258000,39.78,25.58,25.36,54.37,23.68
4259000,39.78,25.58,25.36,54.37,23.68
4260000,39.74,25.42,25.48,54.36,23.74
4261000,39.74,25.42,25.48,54.36,23.74
4262000,39.87,25.54,25.67,54.37,23.52
4263000,39.87,25.54,25.67,54.37,23.52
4264000,39.87,25.54,25.67,54.37,23.52
4265000,39.86,25.54,25.73,54.38,23.47
4266000,39.86,25.54,25.73,54.38,23.47
4267000,39.88,25.49,25.65,54.32,23.6
4268000,39.88,25.49,25.65,54.32,23.6
4269000,39.88,25.49,25.65,54.32,23.6
4270000,39.84,25.46,25.74,54.46,23.6
4271000,39.84,25.46,25.74,54.46,23.6
4272000,39.75,25.63,25.75,54.46,23.58
4273000,39.75,25.63,25.75,54.46,23.58
4274000,39.75,25.63,25.75,54.46,23.58
4275000,39.76,25.56,25.9,54.43,23.54
4276000,39.76,25.56,25.9,54.43,23.54
4277000,39.77,25.44,25.6,54.47,23.52
4278000,39.77,25.44,25.6,54.47,23.52
4279000,39.77,25.44,25.6,54.47,23.52
4280000,39.73,25.45,25.63,54.53,23.71
4281000,39.73,25.45,25.63,54.53,23.71
4282000,39.85,25.67,25.62,54.47,23.63
4283000,39.85,25.67,25.62,54.47,23.63
4284000,39.85,25.67,25.62,54.47,23.63
4285000,39.82,25.51,25.63,54.52,23.65
4286000,39.82,25.51,25.63,54.52,23.65
4287000,39.91,25.55,25.68,54.61,23.69
4288000,39.91,25.55,25.68,54.61,23.69
4289000,39.91,25.55,25.68,54.61,23.69
4290000,39.93,25.63,25.56,54.65,23.56
4291000,39.93,25.63,25.56,54.65,23.56
4292000,39.93,25.51,25.46,54.69,23.7
4293000,39.93,25.51,25.46,54.69,23.7
4294000,39.93,25.51,25.46,54.69,23.7
4295000,40.13,25.45,25.34,54.72,23.67
4296000,40.13,25.45,25.34,54.72,23.67
4297000,40.29,25.21,25.3,54.77,23.59
4298000,40.29,25.21,25.3,54.77,23.59
4299000,40.29,25.21,25.3,54.77,23.59
4300000,40.32,25.4,25.4,54.8,23.71
4301000,40.32,25.4,25.4,54.8,23.71
4302000,40.39,25.17,25.43,54.84,23.83
4303000,40.39,25.17,25.43,54.84,23.83
4304000,40.39,25.17,25.43,54.84,23.83
4305000,40.45,25.37,25.4,54.85,23.91
4306000,40.45,25.37,25.4,54.85,23.91
4307000,40.49,25.41,25.7,54.83,23.89
4308000,40.49,25.41,25.7,54.83,23.89
4309000,40.49,25.41,25.7,54.83,23.89
4310000,40.55,25.61,25.63,54.88,23.92
4311000,40.55,25.61,25.63,54.88,23.92
4312000,40.52,25.45,25.62,54.82,23.94
4313000,40.52,25.45,25.62,54.82,23.94
4314000,40.52,25.45,25.62,54.82,23.94
4315000,40.58,25.59,25.49,54.78,24.07
4316000,40.58,25.59,25.49,54.78,24.07
4317000,40.35,25.72,25.83,54.78,24.2
4318000,40.35,25.72,25.83,54.78,24.2
4319000,40.35,25.72,25.83,54.78,24.2
4320000,40.37,25.7,25.62,54.78,24.25
4321000,40.37,25.7,25.62,54.78,24.25
4322000,40.44,25.7,25.62,54.77,23.96
4323000,40.44,25.7,25.62,54.77,23.96
4324000,40.44,25.7,25.62,54.77,23.96
4325000,40.35,25.94,25.71,54.69,23.95
4326000,40.35,25.94,25.71,54.69,23.95
4327000,40.39,26.17,25.88,54.81,23.99
4328000,40.39,26.17,25.88,54.81,23.99
4329000,40.39,26.17,25.88,54.81,23.99
4330000,40.43,26.15,25.83,54.85,24.18
4331000,40.43,26.15,25.83,54.85,24.18
4332000,40.37,26.31,25.81,54.81,24.37
4333000,40.37,26.31,25.81,54.81,24.37
4334000,40.37,26.31,25.81,54.81,24.37
4335000,40.3,26.22,25.81,54.82,24.64
4336000,40.3,26.22,25.81,54.82,24.64
4337000,40.29,26.27,25.84,54.91,24.81
4338000,40.29,26.27,25.84,54.91,24.81
4339000,40.29,26.27,25.84,54.91,24.81
4340000,40.35,26.09,25.91,54.89,25.12
4341000,40.35,26.09,25.91,54.89,25.12
4342000,40.37,25.92,26.01,54.86,25.36
4343000,40.37,25.92,26.01,54.86,25.36
4344000,40.37,25.92,26.01,54.86,25.36
4345000,40.39,25.81,25.82,54.89,25.47
4346000,40.39,25.81,25.82,54.89,25.47
4347000,40.53,25.93,25.96,54.84,25.3
4348000,40.53,25.93,25.96,54.84,25.3
4349000,40.53,25.93,25.96,54.84,25.3
4350000,40.55,25.83,25.77,54.85,25.39
4351000,40.55,25.83,25.77,54.85,25.39
4352000,40.72,25.87,25.81,54.86,25.3
4353000,40.72,25.87,25.81,54.86,25.3
4354000,40.72,25.87,25.81,54.86,25.3
4355000,40.73,25.78,25.9,54.87,25.19
4356000,40.73,25.78,25.9,54.87,25.19
4357000,40.66,25.66,25.84,54.83,25.37
4358000,40.66,25.66,25.84,54.83,25.37
4359000,40.66,25.66,25.84,54.83,25.37
4360000,40.6,25.71,25.9,54.86,25.56
4361000,40.6,25.71,25.9,54.86,25.56
4362000,40.63,25.61,25.91,54.76,25.46
4363000,40.63,25.61,25.91,54.76,25.46
4364000,40.63,25.61,25.91,54.76,25.46
4365000,40.37,25.64,25.99,54.7,25.34
4366000,40.37,25.64,25.99,54.7,25.34
4367000,40.17,25.91,26.15,54.72,25.28
4368000,40.17,25.91,26.15,54.72,25.28
4369000,40.17,25.91,26.15,54.72,25.28
4370000,40.22,25.77,26.12,54.77,25.33
4371000,40.22,25.77,26.12,54.77,25.33
4372000,40.09,25.64,25.84,54.83,25.41
4373000,40.09,25.64,25.84,54.83,25.41
4374000,40.09,25.64,25.84,54.83,25.41
4375000,40.06,25.72,25.7,54.9,25.5
4376000,40.06,25.72,25.7,54.9,25.5
4377000,39.95,25.54,25.81,54.91,25.68
4378000,39.95,25.54,25.81,54.91,25.68
4379000,39.95,25.54,25.81,54.91,25.68
4380000,39.77,25.56,25.65,54.87,25.77
4381000,39.77,25.56,25.65,54.87,25.77
4382000,39.8,25.5,25.74,54.95,25.71
4383000,39.8,25.5,25.74,54.95,25.71
4384000,39.8,25.5,25.74,54.95,25.71
4385000,39.78,25.39,25.67,54.95,25.78
4386000,39.78,25.39,25.67,54.95,25.78
4387000,39.94,25.34,25.83,54.94,25.87
4388000,39.94,25.34,25.83,54.94,25.87
4389000,39.94,25.34,25.83,54.94,25.87
4390000,40.01,25.31,25.76,54.91,25.98
4391000,40.01,25.31,25.76,54.91,25.98
4392000,40.13,25.19,25.88,54.93,26.03
4393000,40.13,25.19,25.88,54.93,26.03
4394000,40.13,25.19,25.88,54.93,26.03
4395000,40.16,25.29,25.98,54.96,26.03
4396000,40.16,25.29,25.98,54.96,26.03
4397000,40.01,25.4,25.97,54.96,26.29
4398000,40.01,25.4,25.97,54.96,26.29
4399000,40.01,25.4,25.97,54.96,26.29
4400000,40.11,25.38,26.06,54.96,26.66
4401000,40.11,25.38,26.06,54.96,26.66
4402000,40.09,25.35,25.92,55.01,26.55
4403000,40.09,25.35,25.92,55.01,26.55
4404000,40.09,25.35,25.92,55.01,26.55
4405000,40.11,25.43,26.04,55.02,26.64
4406000,40.11,25.43,26.04,55.02,26.64
4407000,40.16,25.47,26.14,55.06,26.8
4408000,40.16,25.47,26.14,55.06,26.8
4409000,40.16,25.47,26.14,55.06,26.8
4410000,40.08,25.33,26.2,55.04,26.72
4411000,40.08,25.33,26.2,55.04,26.72
4412000,40.07,25.46,26.41,55.07,26.73
4413000,40.07,25.46,26.41,55.07,26.73
4414000,40.07,25.46,26.41,55.07,26.73
4415000,40.03,25.55,26.3,55.07,26.68
4416000,40.03,25.55,26.3,55.07,26.68
4417000,40.09,25.57,26.34,55.03,26.75
4418000,40.09,25.57,26.34,55.03,26.75
4419000,40.09,25.57,26.34,55.03,26.75
4420000,40.52,25.42,26.4,55.05,26.71
4421000,40.52,25.42,26.4,55.05,26.71
4422000,40.7,25.53,26.45,55.1,26.57
4423000,40.7,25.53,26.45,55.1,26.57
4424000,40.7,25.53,26.45,55.1,26.57
4425000,40.74,25.38,26.49,55.08,26.44
4426000,40.74,25.38,26.49,55.08,26.44
4427000,40.86,25.21,26.57,55.17,26.39
4428000,40.86,25.21,26.57,55.17,26.39
4429000,40.86,25.21,26.57,55.17,26.39
4430000,40.8,25.33,26.58,55.18,26.39
4431000,40.8,25.33,26.58,55.18,26.39
4432000,40.88,25.26,26.53,55.2,26.4
4433000,40.88,25.26,26.53,55.2,26.4
4434000,40.88,25.26,26.53,55.2,26.4
4435000,40.92,25.26,26.75,55.13,26.4
4436000,40.92,25.26,26.75,55.13,26.4
4437000,40.92,25.36,26.5,55.16,26.46
4438000,40.92,25.36,26.5,55.16,26.46
4439000,40.92,25.36,26.5,55.16,26.46
4440000,40.98,25.43,26.38,55.17,26.45
4441000,40.98,25.43,26.38,55.17,26.45
4442000,41.02,25.54,26.29,55.23,26.44
4443000,41.02,25.54,26.29,55.23,26.44
4444000,41.02,25.54,26.29,55.23,26.44
4445000,40.99,25.5,26.07,55.25,26.49
4446000,40.99,25.5,26.07,55.25,26.49
4447000,41.02,25.56,25.89,55.25,26.48
4448000,41.02,25.56,25.89,55.25,26.48
4449000,41.02,25.56,25.89,55.25,26.48
4450000,41.07,25.73,25.93,55.33,26.47
4451000,41.07,25.73,25.93,55.33,26.47
4452000,40.97,25.66,25.92,55.37,26.33
4453000,40.97,25.66,25.92,55.37,26.33
4454000,40.97,25.66,25.92,55.37,26.33
4455000,40.8,25.56,26.01,55.41,26.31
4456000,40.8,25.56,26.01,55.41,26.31
4457000,40.66,25.83,25.95,55.25,26.43
4458000,40.66,25.83,25.95,55.25,26.43
4459000,40.66,25.83,25.95,55.25,26.43
4460000,40.62,25.69,25.94,55.17,26.48
4461000,40.62,25.69,25.94,55.17,26.48
4462000,40.72,25.67,25.85,55.17,26.5
4463000,40.72,25.67,25.85,55.17,26.5
4464000,40.72,25.67,25.85,55.17,26.5
4465000,40.48,25.5,25.89,55.13,26.46
4466000,40.48,25.5,25.89,55.13,26.46
4467000,40.43,25.45,25.56,55.27,26.26
4468000,40.43,25.45,25.56,55.27,26.26
4469000,40.43,25.45,25.56,55.27,26.26
4470000,40.28,25.58,25.51,55.33,26.15
4471000,40.28,25.58,25.51,55.33,26.15
4472000,40.29,25.64,25.65,55.35,26.13
4473000,40.29,25.64,25.65,55.35,26.13
4474000,40.29,25.64,25.65,55.35,26.13
4475000,40.46,25.66,25.81,55.43,26.22
4476000,40.46,25.66,25.81,55.43,26.22
4477000,40.5,25.65,25.74,55.39,26.24
4478000,40.5,25.65,25.74,55.39,26.24
4479000,40.5,25.65,25.74,55.39,26.24
4480000,40.6,25.5,25.71,55.4,26.37
4481000,40.6,25.5,25.71,55.4,26.37
4482000,40.79,25.71,25.69,55.45,26.27
4483000,40.79,25.71,25.69,55.45,26.27
4484000,40.79,25.71,25.69,55.45,26.27
4485000,40.8,25.74,25.67,55.52,26.3
4486000,40.8,25.74,25.67,55.52,26.3
4487000,41.1,25.67,25.74,55.49,26.15
4488000,41.1,25.67,25.74,55.49,26.15
4489000,41.1,25.67,25.74,55.49,26.15
4490000,41.51,25.83,25.59,55.58,26.2
4491000,41.51,25.83,25.59,55.58,26.2
4492000,41.69,25.87,25.56,55.61,25.98
4493000,41.69,25.87,25.56,55.61,25.98
4494000,41.69,25.87,25.56,55.61,25.98
4495000,41.68,25.89,25.59,55.61,25.95
4496000,41.68,25.89,25.59,55.61,25.95
4497000,41.69,25.91,25.55,55.62,25.93
4498000,41.69,25.91,25.55,55.62,25.93
4499000,41.69,25.91,25.55,55.62,25.93
4500000,41.75,25.86,25.61,55.57,26.01
4501000,41.75,25.86,25.61,55.57,26.01
4502000,41.91,25.84,25.79,55.49,25.96
4503000,41.91,25.84,25.79,55.49,25.96
4504000,41.91,25.84,25.79,55.49,25.96
4505000,41.92,25.88,25.77,55.6,25.96
4506000,41.92,25.88,25.77,55.6,25.96
4507000,41.93,25.87,25.77,55.6,25.93
4508000,41.93,25.87,25.77,55.6,25.93
4509000,41.93,25.87,25.77,55.6,25.93
4510000,41.99,25.98,25.84,55.67,25.79
4511000,41.99,25.98,25.84,55.67,25.79
4512000,41.95,26.07,25.83,55.68,25.82
4513000,41.95,26.07,25.83,55.68,25.82
4514000,41.95,26.07,25.83,55.68,25.82
4515000,41.95,25.94,25.5,55.65,25.82
4516000,41.95,25.94,25.5,55.65,25.82
4517000,41.78,26.05,25.46,55.7,25.65
4518000,41.78,26.05,25.46,55.7,25.65
4519000,41.78,26.05,25.46,55.7,25.65
4520000,41.78,25.93,25.53,55.7,25.75
4521000,41.78,25.93,25.53,55.7,25.75
4522000,41.72,25.89,25.49,55.7,25.7
4523000,41.72,25.89,25.49,55.7,25.7
4524000,41.72,25.89,25.49,55.7,25.7
4525000,41.67,25.84,25.24,55.69,25.66
4526000,41.67,25.84,25.24,55.69,25.66
4527000,41.66,25.87,25.41,55.64,25.44
4528000,41.66,25.87,25.41,55.64,25.44
4529000,41.66,25.87,25.41,55.64,25.44
4530000,41.67,25.86,25.38,55.64,25.3
4531000,41.67,25.86,25.38,55.64,25.3
4532000,41.49,25.73,25.32,55.73,25.26
4533000,41.49,25.73,25.32,55.73,25.26
4534000,41.49,25.73,25.32,55.73,25.26
4535000,41.57,25.84,25.26,55.79,25.35
4536000,41.57,25.84,25.26,55.79,25.35
4537000,41.49,25.61,25.32,55.85,25.28
4538000,41.49,25.61,25.32,55.85,25.28
4539000,41.49,25.61,25.32,55.85,25.28
4540000,41.44,25.68,25.25,55.83,25.39
4541000,41.44,25.68,25.25,55.83,25.39
4542000,41.47,25.7,25.24,55.84,25.1
4543000,41.47,25.7,25.24,55.84,25.1
4544000,41.47,25.7,25.24,55.84,25.1
4545000,41.48,25.99,25.08,55.85,25.17
4546000,41.48,25.99,25.08,55.85,25.17
4547000,41.55,26.11,25.03,55.76,25.06
4548000,41.55,26.11,25.03,55.76,25.06
4549000,41.55,26.11,25.03,55.76,25.06
4550000,41.58,26.07,25.08,55.75,25.01
4551000,41.58,26.07,25.08,55.75,25.01
4552000,41.57,26.05,25.12,55.67,25.0
4553000,41.57,26.05,25.12,55.67,25.0
4554000,41.57,26.05,25.12,55.67,25.0
4555000,41.66,25.83,25.14,55.75,24.99
4556000,41.66,25.83,25.14,55.75,24.99
4557000,41.58,25.74,24.99,55.75,24.9
4558000,41.58,25.74,24.99,55.75,24.9
4559000,41.58,25.74,24.99,55.75,24.9
4560000,41.37,25.7,25.13,55.75,24.98
4561000,41.37,25.7,25.13,55.75,24.98
4562000,41.39,25.49,25.06,55.79,25.0
4563000,41.39,25.49,25.06,55.79,25.0
4564000,41.39,25.49,25.06,55.79,25.0
4565000,41.28,25.09,25.19,55.85,24.96
4566000,41.28,25.09,25.19,55.85,24.96
4567000,41.33,25.04,25.12,55.85,24.83
4568000,41.33,25.04,25.12,55.85,24.83
4569000,41.33,25.04,25.12,55.85,24.83
4570000,41.27,25.01,25.12,55.85,24.81
4571000,41.27,25.01,25.12,55.85,24.81
4572000,41.25,25.06,25.17,55.87,25.16
4573000,41.25,25.06,25.17,55.87,25.16
4574000,41.25,25.06,25.17,55.87,25.16
4575000,41.27,24.95,25.08,56.02,25.15
4576000,41.27,24.95,25.08,56.02,25.15
4577000,41.22,24.88,25.07,56.07,25.15
4578000,41.22,24.88,25.07,56.07,25.15
4579000,41.22,24.88,25.07,56.07,25.15
4580000,41.13,24.99,25.07,56.1,25.29
4581000,41.13,24.99,25.07,56.1,25.29
4582000,41.21,24.75,25.04,56.2,25.42
4583000,41.21,24.75,25.04,56.2,25.42
4584000,41.21,24.75,25.04,56.2,25.42
4585000,41.33,24.91,24.91,56.24,25.38
4586000,41.33,24.91,24.91,56.24,25.38
4587000,41.3,24.84,24.82,56.25,25.43
4588000,41.3,24.84,24.82,56.25,25.43
4589000,41.3,24.84,24.82,56.25,25.43
4590000,41.31,25.15,24.84,56.28,25.32
4591000,41.31,25.15,24.84,56.28,25.32
4592000,41.37,25.14,24.82,56.34,25.27
4593000,41.37,25.14,24.82,56.34,25.27
4594000,41.37,25.14,24.82,56.34,25.27
4595000,41.39,25.02,24.97,56.37,25.37
4596000,41.39,25.02,24.97,56.37,25.37
4597000,41.39,25.0,24.78,56.44,25.55
4598000,41.39,25.0,24.78,56.44,25.55
4599000,41.39,25.0,24.78,56.44,25.55
4600000,41.27,25.21,24.93,56.46,25.43
4601000,41.27,25.21,24.93,56.46,25.43
4602000,41.31,25.13,24.93,56.48,25.48
4603000,41.31,25.13,24.93,56.48,25.48
4604000,41.31,25.13,24.93,56.48,25.48
4605000,41.34,25.28,24.94,56.48,25.56
4606000,41.34,25.28,24.94,56.48,25.56
4607000,41.51,25.25,25.05,56.53,25.49
4608000,41.51,25.25,25.05,56.53,25.49
4609000,41.51,25.25,25.05,56.53,25.49
4610000,41.59,25.16,25.07,56.51,25.33
4611000,41.59,25.16,25.07,56.51,25.33
4612000,41.56,25.11,25.04,56.64,25.2
4613000,41.56,25.11,25.04,56.64,25.2
4614000,41.56,25.11,25.04,56.64,25.2
4615000,41.91,24.99,25.06,56.74,25.3
4616000,41.91,24.99,25.06,56.74,25.3
4617000,42.09,24.89,25.08,56.75,25.48
4618000,42.09,24.89,25.08,56.75,25.48
4619000,42.09,24.89,25.08,56.75,25.48
4620000,42.23,25.07,25.01,56.73,25.51
4621000,42.23,25.07,25.01,56.73,25.51
4622000,42.34,25.33,25.09,56.71,25.61
4623000,42.34,25.33,25.09,56.71,25.61
4624000,42.34,25.33,25.09,56.71,25.61
4625000,42.32,25.32,25.02,56.54,25.62
4626000,42.32,25.32,25.02,56.54,25.62
4627000,42.39,25.38,25.0,56.46,25.72
4628000,42.39,25.38,25.0,56.46,25.72
4629000,42.39,25.38,25.0,56.46,25.72
4630000,42.49,25.18,25.02,56.47,25.78
4631000,42.49,25.18,25.02,56.47,25.78
4632000,42.49,25.14,25.22,56.25,25.75
4633000,42.49,25.14,25.22,56.25,25.75
4634000,42.49,25.14,25.22,56.25,25.75
4635000,42.3,25.37,25.19,56.26,25.92
4636000,42.3,25.37,25.19,56.26,25.92
4637000,42.14,25.26,25.12,56.25,25.93
4638000,42.14,25.26,25.12,56.25,25.93
4639000,42.14,25.26,25.12,56.25,25.93
4640000,42.05,25.21,25.22,56.3,25.91
4641000,42.05,25.21,25.22,56.3,25.91
4642000,41.93,25.37,25.22,56.33,25.95
4643000,41.93,25.37,25.22,56.33,25.95
4644000,41.93,25.37,25.22,56.33,25.95
4645000,41.85,25.38,25.12,56.37,25.91
4646000,41.85,25.38,25.12,56.37,25.91
4647000,41.99,25.11,25.17,56.36,25.83
4648000,41.99,25.11,25.17,56.36,25.83
4649000,41.99,25.11,25.17,56.36,25.83
4650000,41.88,25.14,25.24,56.4,25.74
4651000,41.88,25.14,25.24,56.4,25.74
4652000,41.93,25.14,25.47,56.4,25.81
4653000,41.93,25.14,25.47,56.4,25.81
4654000,41.93,25.14,25.47,56.4,25.81
4655000,41.9,25.0,25.68,55.99,25.96
4656000,41.9,25.0,25.68,55.99,25.96
4657000,41.9,25.1,25.73,55.96,25.75
4658000,41.9,25.1,25.73,55.96,25.75
4659000,41.9,25.1,25.73,55.96,25.75
4660000,41.86,25.14,25.74,55.95,25.78
4661000,41.86,25.14,25.74,55.95,25.78
4662000,41.89,25.15,25.58,55.96,25.95
4663000,41.89,25.15,25.58,55.96,25.95
4664000,41.89,25.15,25.58,55.96,25.95
4665000,41.87,25.08,25.6,55.95,25.66
4666000,41.87,25.08,25.6,55.95,25.66
4667000,41.88,25.03,25.63,56.02,25.54
4668000,41.88,25.03,25.63,56.02,25.54
4669000,41.88,25.03,25.63,56.02,25.54
4670000,41.71,24.92,25.64,56.01,25.6
4671000,41.71,24.92,25.64,56.01,25.6
4672000,41.67,24.93,25.54,55.98,25.57
4673000,41.67,24.93,25.54,55.98,25.57
4674000,41.67,24.93,25.54,55.98,25.57
4675000,41.59,24.98,25.43,56.01,25.71
4676000,41.59,24.98,25.43,56.01,25.71
4677000,41.51,25.07,25.37,55.91,25.75
4678000,41.51,25.07,25.37,55.91,25.75
4679000,41.51,25.07,25.37,55.91,25.75
4680000,41.5,25.05,25.46,55.94,25.66
4681000,41.5,25.05,25.46,55.94,25.66
4682000,41.32,24.87,25.52,55.99,25.53
4683000,41.32,24.87,25.52,55.99,25.53
4684000,41.32,24.87,25.52,55.99,25.53
4685000,41.21,24.86,25.51,56.08,25.67
4686000,41.21,24.86,25.51,56.08,25.67
4687000,41.21,24.83,25.65,56.09,25.58
4688000,41.21,24.83,25.65,56.09,25.58
4689000,41.21,24.83,25.65,56.09,25.58
4690000,41.21,24.66,25.93,56.08,25.66
4691000,41.21,24.66,25.93,56.08,25.66
4692000,41.07,24.84,25.98,56.06,25.66
4693000,41.07,24.84,25.98,56.06,25.66
4694000,41.07,24.84,25.98,56.06,25.66
4695000,41.11,24.8,26.28,56.02,25.64
4696000,41.11,24.8,26.28,56.02,25.64
4697000,41.08,24.91,26.28,55.97,25.68
4698000,41.08,24.91,26.28,55.97,25.68
4699000,41.08,24.91,26.28,55.97,25.68
4700000,41.09,24.79,26.31,55.93,25.71
4701000,41.09,24.79,26.31,55.93,25.71
4702000,41.18,24.71,26.28,55.93,25.88
4703000,41.18,24.71,26.28,55.93,25.88
4704000,41.18,24.71,26.28,55.93,25.88
4705000,41.21,24.86,26.56,55.89,25.77
4706000,41.21,24.86,26.56,55.89,25.77
4707000,41.36,24.82,26.51,55.99,25.83
4708000,41.36,24.82,26.51,55.99,25.83
4709000,41.36,24.82,26.51,55.99,25.83
4710000,41.42,24.87,26.49,56.07,25.69
4711000,41.42,24.87,26.49,56.07,25.69
4712000,41.54,24.8,26.41,56.06,25.86
4713000,41.54,24.8,26.41,56.06,25.86
4714000,41.54,24.8,26.41,56.06,25.86
4715000,41.78,24.75,26.18,56.15,25.94
4716000,41.78,24.75,26.18,56.15,25.94
4717000,41.83,24.57,26.42,56.11,26.21
4718000,41.83,24.57,26.42,56.11,26.21
4719000,41.83,24.57,26.42,56.11,26.21
4720000,41.89,24.36,26.54,56.15,26.3
4721000,41.89,24.36,26.54,56.15,26.3
4722000,41.97,24.47,26.54,56.13,26.38
4723000,41.97,24.47,26.54,56.13,26.38
4724000,41.97,24.47,26.54,56.13,26.38
4725000,41.88,24.61,26.67,56.06,26.28
4726000,41.88,24.61,26.67,56.06,26.28
4727000,41.91,24.61,26.67,56.07,26.38
4728000,41.91,24.61,26.67,56.07,26.38
4729000,41.91,24.61,26.67,56.07,26.38
4730000,41.88,24.39,26.68,56.11,26.23
4731000,41.88,24.39,26.68,56.11,26.23
4732000,41.85,24.47,26.67,56.15,26.48
4733000,41.85,24.47,26.67,56.15,26.48
4734000,41.85,24.47,26.67,56.15,26.48
4735000,41.75,24.45,26.79,56.16,26.48
4736000,41.75,24.45,26.79,56.16,26.48
4737000,41.66,24.43,26.74,56.15,26.58
4738000,41.66,24.43,26.74,56.15,26.58
4739000,41.66,24.43,26.74,56.15,26.58
4740000,41.6,24.28,26.91,56.09,26.37
4741000,41.6,24.28,26.91,56.09,26.37
4742000,41.49,24.33,27.07,55.96,26.57
4743000,41.49,24.33,27.07,55.96,26.57
4744000,41.49,24.33,27.07,55.96,26.57
4745000,41.55,24.33,27.17,55.96,26.59
4746000,41.55,24.33,27.17,55.96,26.59
4747000,41.61,24.45,27.27,55.97,26.62
4748000,41.61,24.45,27.27,55.97,26.62
4749000,41.61,24.45,27.27,55.97,26.62
4750000,41.66,24.58,27.29,56.04,26.49
4751000,41.66,24.58,27.29,56.04,26.49
4752000,41.66,24.23,27.23,56.1,26.8
4753000,41.66,24.23,27.23,56.1,26.8
4754000,41.66,24.23,27.23,56.1,26.8
4755000,41.74,24.08,27.45,56.04,26.78
4756000,41.74,24.08,27.45,56.04,26.78
4757000,41.84,24.19,27.48,56.01,26.81
4758000,41.84,24.19,27.48,56.01,26.81
4759000,41.84,24.19,27.48,56.01,26.81
4760000,41.83,24.13,27.33,55.98,26.92
4761000,41.83,24.13,27.33,55.98,26.92
4762000,41.89,23.96,27.34,56.05,27.04
4763000,41.89,23.96,27.34,56.05,27.04
4764000,41.89,23.96,27.34,56.05,27.04
4765000,41.87,24.05,27.46,56.09,27.02
4766000,41.87,24.05,27.46,56.09,27.02
4767000,41.91,23.99,27.51,56.11,27.05
4768000,41.91,23.99,27.51,56.11,27.05
4769000,41.91,23.99,27.51,56.11,27.05
4770000,41.72,23.94,27.44,56.11,27.19
4771000,41.72,23.94,27.44,56.11,27.19
4772000,41.74,23.96,27.57,56.13,27.23
4773000,41.74,23.96,27.57,56.13,27.23
4774000,41.74,23.96,27.57,56.13,27.23
4775000,41.72,24.13,27.77,56.2,27.3
4776000,41.72,24.13,27.77,56.2,27.3
4777000,41.73,24.29,27.72,56.25,27.39
4778000,41.73,24.29,27.72,56.25,27.39
4779000,41.73,24.29,27.72,56.25,27.39
4780000,41.75,24.19,27.75,56.26,27.33
4781000,41.75,24.19,27.75,56.26,27.33
4782000,41.88,24.11,27.74,56.25,27.33
4783000,41.88,24.11,27.74,56.25,27.33
4784000,41.88,24.11,27.74,56.25,27.33
4785000,41.89,24.05,27.85,56.28,27.27
4786000,41.89,24.05,27.85,56.28,27.27
4787000,42.02,24.18,27.98,56.24,27.35
4788000,42.02,24.18,27.98,56.24,27.35
4789000,42.02,24.18,27.98,56.24,27.35
4790000,42.15,23.99,28.26,56.18,27.19
4791000,42.15,23.99,28.26,56.18,27.19
4792000,42.09,23.98,28.35,56.17,27.36
4793000,42.09,23.98,28.35,56.17,27.36
4794000,42.09,23.98,28.35,56.17,27.36
4795000,42.09,23.99,28.59,56.19,27.26
4796000,42.09,23.99,28.59,56.19,27.26
4797000,42.01,23.88,28.65,56.33,27.35
4798000,42.01,23.88,28.65,56.33,27.35
4799000,42.01,23.88,28.65,56.33,27.35
4800000,42.1,23.9,28.78,56.33,27.34
4801000,42.1,23.9,28.78,56.33,27.34
4802000,42.2,24.04,28.8,56.31,27.34
4803000,42.2,24.04,28.8,56.31,27.34
4804000,42.2,24.04,28.8,56.31,27.34
4805000,42.08,24.15,28.84,56.23,27.24
4806000,42.08,24.15,28.84,56.23,27.24
4807000,42.19,24.23,29.03,56.15,27.33
4808000,42.19,24.23,29.03,56.15,27.33
4809000,42.19,24.23,29.03,56.15,27.33
4810000,42.37,24.09,29.18,56.17,27.3
4811000,42.37,24.09,29.18,56.17,27.3
4812000,42.37,24.3,29.13,56.08,27.35
4813000,42.37,24.3,29.13,56.08,27.35
4814000,42.37,24.3,29.13,56.08,27.35
4815000,42.47,24.63,28.96,56.07,27.37
4816000,42.47,24.63,28.96,56.07,27.37
4817000,42.35,24.62,28.82,55.75,27.52
4818000,42.35,24.62,28.82,55.75,27.52
4819000,42.35,24.62,28.82,55.75,27.52
4820000,42.2,24.56,28.7,55.66,27.47
4821000,42.2,24.56,28.7,55.66,27.47
4822000,42.05,24.5,28.58,55.61,27.5
4823000,42.05,24.5,28.58,55.61,27.5
4824000,42.05,24.5,28.58,55.61,27.5
4825000,41.92,24.52,28.62,55.61,27.53
4826000,41.92,24.52,28.62,55.61,27.53
4827000,41.83,24.63,28.83,55.5,27.55
4828000,41.83,24.63,28.83,55.5,27.55
4829000,41.83,24.63,28.83,55.5,27.55
4830000,41.69,24.54,28.71,55.51,27.56
4831000,41.69,24.54,28.71,55.51,27.56
4832000,41.63,24.66,28.7,55.5,27.47
4833000,41.63,24.66,28.7,55.5,27.47
4834000,41.63,24.66,28.7,55.5,27.47
4835000,41.62,24.44,28.85,55.49,27.49
4836000,41.62,24.44,28.85,55.49,27.49
4837000,41.57,24.25,28.92,55.42,27.51
4838000,41.57,24.25,28.92,55.42,27.51
4839000,41.57,24.25,28.92,55.42,27.51
4840000,41.43,24.03,28.95,55.43,27.6
4841000,41.43,24.03,28.95,55.43,27.6
4842000,41.31,24.06,29.02,55.41,27.78
4843000,41.31,24.06,29.02,55.41,27.78
4844000,41.31,24.06,29.02,55.41,27.78
4845000,41.27,24.22,28.97,55.27,27.73
4846000,41.27,24.22,28.97,55.27,27.73
4847000,41.2,24.34,29.0,55.21,27.68
4848000,41.2,24.34,29.0,55.21,27.68
4849000,41.2,24.34,29.0,55.21,27.68
4850000,41.32,24.21,28.94,55.21,27.68
4851000,41.32,24.21,28.94,55.21,27.68
4852000,41.31,24.24,28.81,55.17,27.45
4853000,41.31,24.24,28.81,55.17,27.45
4854000,41.31,24.24,28.81,55.17,27.45
4855000,41.3,24.33,28.73,55.18,27.46
4856000,41.3,24.33,28.73,55.18,27.46
4857000,41.29,24.47,28.79,55.15,27.54
4858000,41.29,24.47,28.79,55.15,27.54
4859000,41.29,24.47,28.79,55.15,27.54
4860000,40.96,24.52,28.69,55.11,27.64
4861000,40.96,24.52,28.69,55.11,27.64
4862000,40.96,24.6,28.65,55.15,27.88
4863000,40.96,24.6,28.65,55.15,27.88
4864000,40.96,24.6,28.65,55.15,27.88
4865000,40.84,24.77,28.59,55.14,27.99
4866000,40.84,24.77,28.59,55.14,27.99
4867000,40.77,24.83,28.53,55.12,28.01
4868000,40.77,24.83,28.53,55.12,28.01
4869000,40.77,24.83,28.53,55.12,28.01
4870000,40.65,24.79,28.51,55.11,27.84
4871000,40.65,24.79,28.51,55.11,27.84
4872000,40.71,24.39,28.67,55.09,27.88
4873000,40.71,24.39,28.67,55.09,27.88
4874000,40.71,24.39,28.67,55.09,27.88
4875000,40.8,24.56,28.78,55.32,28.01
4876000,40.8,24.56,28.78,55.32,28.01
4877000,40.69,24.55,28.73,55.43,27.97
4878000,40.69,24.55,28.73,55.43,27.97
4879000,40.69,24.55,28.73,55.43,27.97
4880000,40.72,24.79,28.8,55.42,28.01
4881000,40.72,24.79,28.8,55.42,28.01
4882000,40.76,24.71,28.73,55.63,28.17
4883000,40.76,24.71,28.73,55.63,28.17
4884000,40.76,24.71,28.73,55.63,28.17
4885000,40.97,24.56,28.78,55.59,28.09
4886000,40.97,24.56,28.78,55.59,28.09
4887000,41.07,24.69,28.85,55.53,28.24
4888000,41.07,24.69,28.85,55.53,28.24
4889000,41.07,24.69,28.85,55.53,28.24
4890000,41.09,24.81,28.65,55.54,28.38
4891000,41.09,24.81,28.65,55.54,28.38
4892000,41.2,24.79,28.68,55.53,28.46
4893000,41.2,24.79,28.68,55.53,28.46
4894000,41.2,24.79,28.68,55.53,28.46
4895000,41.29,24.43,28.75,55.54,28.5
4896000,41.29,24.43,28.75,55.54,28.5
4897000,41.29,24.47,28.85,55.56,28.58
4898000,41.29,24.47,28.85,55.56,28.58
4899000,41.29,24.47,28.85,55.56,28.58
4900000,41.32,24.53,28.79,55.56,28.55
4901000,41.32,24.53,28.79,55.56,28.55
4902000,41.36,24.5,28.7,55.61,28.66
4903000,41.36,24.5,28.7,55.61,28.66
4904000,41.36,24.5,28.7,55.61,28.66
4905000,41.35,24.76,28.53,56.02,28.6
4906000,41.35,24.76,28.53,56.02,28.6
4907000,41.4,24.68,28.63,56.02,28.69
4908000,41.4,24.68,28.63,56.02,28.69
4909000,41.4,24.68,28.63,56.02,28.69
4910000,41.51,24.59,28.72,55.96,28.67
4911000,41.51,24.59,28.72,55.96,28.67
4912000,41.57,24.42,28.85,55.96,28.61
4913000,41.57,24.42,28.85,55.96,28.61
4914000,41.57,24.42,28.85,55.96,28.61
4915000,41.58,24.42,28.91,56.0,28.78
4916000,41.58,24.42,28.91,56.0,28.78
4917000,41.47,24.28,28.9,56.01,28.95
4918000,41.47,24.28,28.9,56.01,28.95
4919000,41.47,24.28,28.9,56.01,28.95
4920000,41.66,24.38,28.88,56.02,28.95
4921000,41.66,24.38,28.88,56.02,28.95
4922000,41.67,24.26,29.02,56.08,29.06
4923000,41.67,24.26,29.02,56.08,29.06
4924000,41.67,24.26,29.02,56.08,29.06
4925000,41.64,24.27,29.02,56.09,29.21
4926000,41.64,24.27,29.02,56.09,29.21
4927000,41.72,24.2,29.02,56.17,29.35
4928000,41.72,24.2,29.02,56.17,29.35
4929000,41.72,24.2,29.02,56.17,29.35
4930000,41.78,23.97,29.04,56.15,29.31
4931000,41.78,23.97,29.04,56.15,29.31
4932000,41.93,24.14,28.99,56.19,29.38
4933000,41.93,24.14,28.99,56.19,29.38
4934000,41.93,24.14,28.99,56.19,29.38
4935000,42.0,24.22,29.04,56.16,29.39
4936000,42.0,24.22,29.04,56.16,29.39
4937000,42.03,24.29,29.11,56.13,29.49
4938000,42.03,24.29,29.11,56.13,29.49
4939000,42.03,24.29,29.11,56.13,29.49
4940000,42.09,24.29,28.83,56.11,29.42
4941000,42.09,24.29,28.83,56.11,29.42
4942000,42.1,24.14,28.94,56.13,29.35
4943000,42.1,24.14,28.94,56.13,29.35
4944000,42.1,24.14,28.94,56.13,29.35
4945000,42.14,24.13,28.83,56.17,29.04
4946000,42.14,24.13,28.83,56.17,29.04
4947000,42.16,23.97,28.78,56.2,29.08
4948000,42.16,23.97,28.78,56.2,29.08
4949000,42.16,23.97,28.78,56.2,29.08
4950000,42.13,24.12,28.7,56.26,29.18
4951000,42.13,24.12,28.7,56.26,29.18
4952000,42.11,24.04,28.78,56.3,29.12
4953000,42.11,24.04,28.78,56.3,29.12
4954000,42.11,24.04,28.78,56.3,29.12
4955000,42.23,23.83,28.67,56.34,29.03
4956000,42.23,23.83,28.67,56.34,29.03
4957000,42.15,23.8,28.71,56.27,28.98
4958000,42.15,23.8,28.71,56.27,28.98
4959000,42.15,23.8,28.71,56.27,28.98
4960000,41.97,23.88,28.65,56.26,29.07
4961000,41.97,23.88,28.65,56.26,29.07
4962000,41.89,24.06,28.71,56.28,28.89
4963000,41.89,24.06,28.71,56.28,28.89
4964000,41.89,24.06,28.71,56.28,28.89
4965000,41.75,24.04,28.76,56.23,28.92
4966000,41.75,24.04,28.76,56.23,28.92
4967000,41.61,24.18,28.73,56.25,28.61
4968000,41.61,24.18,28.73,56.25,28.61
4969000,41.61,24.18,28.73,56.25,28.61
4970000,41.53,24.33,28.56,56.29,28.6
4971000,41.53,24.33,28.56,56.29,28.6
4972000,41.43,24.34,28.5,56.32,28.42
4973000,41.43,24.34,28.5,56.32,28.42
4974000,41.43,24.34,28.5,56.32,28.42
4975000,41.32,24.35,28.37,56.41,28.46
4976000,41.32,24.35,28.37,56.41,28.46
4977000,41.29,24.27,28.34,56.42,28.46
4978000,41.29,24.27,28.34,56.42,28.46
4979000,41.29,24.27,28.34,56.42,28.46
4980000,41.18,24.55,28.4,56.46,28.58
4981000,41.18,24.55,28.4,56.46,28.58
4982000,41.15,24.38,28.4,56.39,28.51
4983000,41.15,24.38,28.4,56.39,28.51
4984000,41.15,24.38,28.4,56.39,28.51
4985000,41.28,24.38,28.38,56.43,28.53
4986000,41.28,24.38,28.38,56.43,28.53
4987000,41.4,24.55,28.45,56.45,28.78
4988000,41.4,24.55,28.45,56.45,28.78
4989000,41.4,24.55,28.45,56.45,28.78
4990000,41.3,24.48,28.4,56.48,28.86
4991000,41.3,24.48,28.4,56.48,28.86
4992000,41.38,24.35,28.46,56.66,28.91
4993000,41.38,24.35,28.46,56.66,28.91
4994000,41.38,24.35,28.46,56.66,28.91
4995000,41.42,24.3,28.42,56.66,28.78
4996000,41.42,24.3,28.42,56.66,28.78
4997000,41.37,24.25,28.29,56.65,28.68
4998000,41.37,24.25,28.29,56.65,28.68
4999000,41.37,24.25,28.29,56.65,28.68
