step,seed1,seed2,seed3,seed4,seed5
1000,0.33,0.36,0.4040404,0.37,0.3838384
2000,0.36,0.35,0.43,0.42,0.34
3000,0.58,0.42,0.46,0.42,0.42
4000,0.51,0.43,0.36,0.36,0.36
5000,0.43,0.33,0.4,0.48,0.39
6000,0.54,0.47,0.41,0.35,0.42
7000,0.44,0.27,0.38,0.37,0.39
8000,0.34,0.37,0.46,0.44,0.38
9000,0.42,0.34,0.46,0.51,0.41
10000,0.32,0.37,0.49,0.35,0.38
11000,0.38,0.36,0.31,0.38,0.35
12000,0.32,0.43,0.28,0.34,0.4
13000,0.34,0.34,0.44,0.39,0.34
14000,0.33,0.51,0.35,0.3,0.46
15000,0.37,0.38,0.4,0.3,0.39
16000,0.37,0.41,0.34,0.34,0.37
17000,0.31,0.52,0.34,0.46,0.34
18000,0.4,0.31,0.44,0.43,0.5
19000,0.34,0.42,0.47,0.41,0.41
20000,0.4,0.64,0.41,0.44,0.43
21000,0.41,0.38,0.46,0.5,0.32
22000,0.47,0.51,0.52,0.55,0.55
23000,0.32,0.37,0.4,0.38,0.43
24000,0.34,0.45,0.46,0.51,0.39
25000,0.44,0.47,0.38,0.53,0.5
26000,0.3,0.3,0.43,0.43,0.41
27000,0.43,0.5,0.47,0.48,0.45
28000,0.41,0.43,0.48,0.47,0.47
29000,0.47,0.44,0.58,0.5,0.47
30000,0.54,0.4,0.4,0.43,0.43
31000,0.35,0.36,0.52,0.26,0.43
32000,0.32,0.47,0.51,0.35,0.46
33000,0.37,0.48,0.37,0.43,0.53
34000,0.36,0.59,0.47,0.46,0.44
35000,0.51,0.55,0.56,0.46,0.59
36000,0.49,0.36,0.58,0.55,0.49
37000,0.48,0.43,0.49,0.58,0.55
38000,0.41,0.51,0.46,0.47,0.45
39000,0.56,0.57,0.55,0.46,0.48
40000,0.4,0.49,0.61,0.51,0.4
41000,0.49,0.58,0.4,0.55,0.52
42000,0.42,0.48,0.48,0.36,0.43
43000,0.48,0.44,0.33,0.44,0.53
44000,0.33,0.52,0.56,0.48,0.52
45000,0.51,0.38,0.48,0.61,0.53
46000,0.41,0.49,0.46,0.62,0.56
47000,0.46,0.6,0.5,0.47,0.46
48000,0.5,0.5,0.37,0.49,0.52
49000,0.38,0.54,0.57,0.51,0.45
50000,0.51,0.61,0.38,0.59,0.42
51000,0.55,0.71,0.53,0.5,0.46
52000,0.54,0.56,0.41,0.57,0.47
53000,0.57,0.47,0.59,0.49,0.46
54000,0.5,0.46,0.44,0.48,0.54
55000,0.47,0.58,0.44,0.45,0.54
56000,0.47,0.58,0.51,0.47,0.67
57000,0.46,0.61,0.54,0.63,0.45
58000,0.5,0.54,0.65,0.53,0.47
59000,0.49,0.45,0.61,0.51,0.47
60000,0.41,0.56,0.57,0.54,0.33
61000,0.64,0.6,0.55,0.5,0.4
62000,0.6,0.53,0.56,0.64,0.48
63000,0.51,0.46,0.52,0.62,0.52
64000,0.69,0.62,0.54,0.56,0.45
65000,0.55,0.55,0.59,0.49,0.55
66000,0.56,0.52,0.71,0.57,0.58
67000,0.67,0.55,0.52,0.57,0.58
68000,0.36,0.64,0.56,0.43,0.68
69000,0.62,0.51,0.65,0.51,0.53
70000,0.52,0.66,0.57,0.7,0.54
71000,0.62,0.55,0.59,0.59,0.5
72000,0.67,0.53,0.62,0.49,0.55
73000,0.45,0.69,0.5,0.54,0.63
74000,0.59,0.73,0.73,0.6,0.68
75000,0.63,0.73,0.54,0.51,0.59
76000,0.53,0.43,0.57,0.44,0.43
77000,0.64,0.6,0.58,0.72,0.51
78000,0.55,0.53,0.63,0.63,0.55
79000,0.47,0.53,0.54,0.54,0.71
80000,0.64,0.52,0.7,0.63,0.69
81000,0.67,0.46,0.69,0.67,0.55
82000,0.56,0.58,0.69,0.73,0.55
83000,0.79,0.61,0.64,0.59,0.61
84000,0.68,0.66,0.65,0.64,0.4
85000,0.55,0.65,0.61,0.65,0.65
86000,0.49,0.69,0.7,0.47,0.64
87000,0.56,0.58,0.64,0.59,0.74
88000,0.66,0.6,0.63,0.57,0.72
89000,0.48,0.56,0.67,0.67,0.63
90000,0.6,0.7,0.58,0.51,0.58
91000,0.48,0.54,0.49,0.68,0.65
92000,0.69,0.62,0.67,0.67,0.64
93000,0.61,0.57,0.62,0.65,0.66
94000,0.65,0.54,0.61,0.71,0.69
95000,0.6,0.57,0.41,0.75,0.83
96000,0.6,0.51,0.53,0.76,0.65
97000,0.59,0.66,0.58,0.68,0.56
98000,0.66,0.47,0.63,0.8,0.81
99000,0.74,0.65,0.62,0.61,0.49
100000,0.67,0.67,0.58,0.68,0.7
101000,0.66,0.57,0.74,0.71,0.75
102000,0.67,0.67,0.56,0.66,0.61
103000,0.61,0.61,0.6,0.82,0.8
104000,0.51,0.56,0.75,0.82,0.55
105000,0.64,0.62,0.67,0.64,0.7
106000,0.77,0.62,0.69,0.54,0.86
107000,0.73,0.71,0.68,0.65,0.53
108000,0.78,0.81,0.59,0.77,0.73
109000,0.63,0.61,0.65,0.74,0.65
110000,0.55,0.78,0.67,0.62,0.65
111000,0.63,0.71,0.69,0.84,0.85
112000,0.62,0.73,0.72,0.84,0.6
113000,0.65,0.65,0.66,0.69,0.8
114000,0.77,0.81,0.85,0.75,0.87
115000,0.65,0.72,0.73,0.69,0.75
116000,0.67,0.77,0.66,0.77,0.64
117000,0.82,0.77,0.59,0.9,0.63
118000,0.67,0.74,0.58,0.63,0.56
119000,0.79,0.79,0.79,0.63,0.62
120000,0.81,0.76,0.85,0.63,0.63
121000,0.74,0.66,0.79,0.75,0.68
122000,0.68,0.73,0.72,0.72,0.76
123000,0.83,0.65,0.8,0.68,0.8
124000,0.7,0.69,0.85,0.81,0.87
125000,0.77,0.65,0.71,0.73,0.73
126000,0.77,0.75,0.62,0.88,0.66
127000,0.76,0.56,0.65,0.81,0.75
128000,0.83,0.72,0.75,0.64,0.75
129000,0.78,0.7,0.67,0.81,0.8
130000,0.72,0.64,0.73,0.86,0.56
131000,0.72,0.74,0.58,0.84,0.81
132000,0.74,0.64,0.79,0.87,0.73
133000,0.67,0.74,0.85,0.91,0.72
134000,0.7,0.82,0.61,0.86,0.72
135000,0.72,0.91,0.71,0.74,0.84
136000,0.66,0.78,0.74,0.66,0.78
137000,0.73,0.88,0.64,0.9,0.76
138000,0.64,0.85,0.78,1.06,0.63
139000,0.68,0.93,0.95,0.89,0.76
140000,0.77,0.96,0.81,0.78,1.03
141000,0.94,0.99,0.74,0.78,0.87
142000,1.1,0.87,0.82,0.73,0.82
143000,0.76,0.84,0.75,1.0,0.9
144000,0.65,0.78,0.73,0.78,0.91
145000,0.82,0.64,0.75,0.91,0.83
146000,0.69,0.74,0.76,0.82,0.92
147000,0.75,0.85,0.74,0.7,0.93
148000,0.99,0.96,0.93,0.8,0.73
149000,0.98,0.59,1.02,0.95,0.84
150000,1.01,0.97,0.81,0.81,0.8
151000,0.75,0.99,0.72,0.82,0.79
152000,0.91,0.63,0.65,0.76,0.88
153000,0.9,0.82,0.93,0.92,0.94
154000,0.85,0.95,1.06,1.13,0.96
155000,0.8,0.93,0.9,1.01,0.92
156000,0.8,0.82,0.92,0.84,0.91
157000,0.79,0.88,0.82,0.97,0.72
158000,1.02,1.07,0.93,1.21,0.73
159000,0.99,1.1,0.88,0.96,0.93
160000,0.96,1.07,0.96,1.06,1.05
161000,0.95,0.82,1.08,0.89,1.05
162000,0.86,0.92,1.22,0.9,0.85
163000,0.75,0.84,1.21,0.82,0.99
164000,0.87,0.82,0.88,0.66,0.95
165000,1.12,0.8,0.97,0.83,0.77
166000,1.08,0.79,1.18,0.73,0.93
167000,0.99,0.82,0.82,0.97,1.0
168000,0.9,0.84,1.03,0.84,0.96
169000,0.93,0.96,1.03,0.95,1.05
170000,1.0,0.89,0.84,0.96,1.04
171000,1.0,0.84,0.92,0.66,1.0
172000,0.89,1.02,0.9,0.94,1.06
173000,0.97,1.08,1.01,0.95,1.04
174000,0.94,1.04,0.85,0.78,1.0
175000,0.97,0.98,0.72,0.91,0.95
176000,1.07,0.98,0.76,1.17,1.04
177000,1.04,1.11,0.85,1.13,0.98
178000,1.07,0.81,0.86,0.96,0.99
179000,0.94,0.92,0.92,0.88,1.14
180000,0.99,0.98,1.14,0.86,1.0
181000,0.76,1.1,1.07,1.03,1.07
182000,0.97,1.09,1.09,1.03,1.04
183000,1.19,0.97,0.93,0.98,1.14
184000,1.03,1.08,0.95,0.89,1.08
185000,1.16,0.8,1.07,0.98,0.99
186000,1.15,0.96,1.19,1.07,1.09
187000,0.9,1.06,1.15,1.33,1.12
188000,1.23,0.77,0.89,1.2,0.99
189000,1.27,0.98,0.99,0.87,0.96
190000,1.07,1.19,1.17,0.82,1.23
191000,0.84,1.24,1.34,1.01,1.1
192000,0.89,1.16,1.25,1.22,1.0
193000,1.01,0.9,0.98,1.13,0.9
194000,1.07,0.93,1.06,1.04,0.99
195000,1.2,1.04,1.02,1.12,1.19
196000,1.24,1.21,0.88,1.14,1.07
197000,1.13,1.17,1.07,1.14,0.78
198000,1.17,0.97,1.17,1.21,0.95
199000,1.0,1.0,1.07,1.16,1.05
200000,0.96,1.02,1.12,1.15,1.22
201000,1.1,1.23,0.95,1.18,1.19
202000,1.29,1.25,0.92,1.1,1.0
203000,1.29,1.32,1.19,1.04,1.16
204000,0.91,1.15,1.1,1.21,1.21
205000,0.95,1.15,1.26,1.28,1.08
206000,0.99,1.25,1.29,1.39,1.21
207000,1.24,1.08,1.33,1.23,1.32
208000,1.47,1.0,1.29,1.06,1.09
209000,1.37,1.02,1.17,1.1,0.99
210000,1.22,1.08,1.13,1.11,1.18
211000,1.15,1.11,1.16,1.0,1.22
212000,1.13,1.13,1.17,1.24,1.1
213000,1.12,1.15,1.07,1.3,1.24
214000,1.2,1.12,1.05,1.15,0.91
215000,1.33,1.11,1.29,1.11,1.12
216000,1.18,1.03,1.32,1.07,1.47
217000,1.26,1.07,1.04,1.16,1.3
218000,1.45,1.07,1.22,1.32,1.2
219000,1.29,1.19,1.27,1.36,1.12
220000,1.1,1.31,1.11,1.44,1.15
221000,1.18,1.3,1.18,1.32,1.13
222000,1.41,1.13,1.33,1.22,1.4
223000,1.57,1.21,1.38,1.27,1.53
224000,1.36,1.33,1.35,1.31,1.25
225000,1.25,1.26,1.34,1.25,1.32
226000,1.57,1.08,1.3,1.16,1.44
227000,1.56,1.15,1.17,1.3,1.31
228000,1.39,1.23,1.3,1.22,1.23
229000,1.32,1.05,1.24,1.1,1.47
230000,1.15,1.19,1.14,1.17,1.4
231000,1.05,1.22,1.29,1.36,1.23
232000,1.13,1.36,1.48,1.47,1.36
233000,1.36,1.44,1.49,1.08,1.38
234000,1.43,1.19,1.28,1.15,1.42
235000,1.3,1.17,1.28,1.15,1.42
236000,1.32,1.39,1.41,1.18,1.34
237000,1.58,1.32,1.35,1.22,1.49
238000,1.43,1.31,1.46,1.34,1.55
239000,1.19,1.51,1.54,1.57,1.5
240000,1.43,1.27,1.45,1.58,1.67
241000,1.39,1.07,1.38,1.38,1.53
242000,1.25,1.31,1.54,1.47,1.34
243000,1.13,1.36,1.58,1.59,1.18
244000,1.31,1.4,1.61,1.19,1.18
245000,1.45,1.56,1.62,1.19,1.42
246000,1.25,1.55,1.61,1.46,1.44
247000,1.15,1.78,1.69,1.43,1.36
248000,1.44,1.61,1.39,1.3,1.38
249000,1.7,1.57,1.57,1.22,1.34
250000,1.75,1.59,1.46,1.37,1.42
251000,1.63,1.49,1.31,1.62,1.5
252000,1.66,1.54,1.46,1.48,1.39
253000,1.37,1.62,1.71,1.71,1.57
254000,1.31,1.6,1.77,1.67,1.64
255000,1.49,1.26,1.53,1.73,1.61
256000,1.43,1.07,1.36,1.43,1.67
257000,1.25,1.22,1.35,1.63,1.47
258000,1.47,1.43,1.41,1.82,1.43
259000,1.48,1.24,1.47,1.84,1.54
260000,1.29,1.11,1.55,1.6,1.31
261000,1.3,1.34,1.24,1.65,1.51
262000,1.38,1.54,1.43,1.75,1.86
263000,1.54,1.41,1.65,1.77,1.93
264000,1.7,1.42,1.35,1.84,1.8
265000,1.65,1.64,1.25,1.77,1.46
266000,1.5,1.79,1.55,1.59,1.41
267000,1.47,1.77,1.63,1.55,1.4
268000,1.6,1.58,1.37,1.49,1.47
269000,1.59,1.57,1.59,1.58,1.73
270000,1.65,1.44,1.38,1.46,1.58
271000,1.65,1.48,1.22,1.1,1.4
272000,1.9,1.81,1.49,1.28,1.67
273000,1.85,1.92,1.51,1.67,1.69
274000,1.91,1.7,1.62,2.01,1.7
275000,1.87,1.6,1.76,1.72,1.73
276000,1.99,1.79,1.74,1.7,1.59
277000,1.78,1.76,1.75,1.57,1.51
278000,1.61,1.77,1.79,1.68,1.42
279000,1.45,1.8,1.83,1.58,1.55
280000,1.5,1.95,1.79,1.61,1.78
281000,1.63,1.6,1.67,1.79,1.73
282000,2.02,1.38,1.81,1.81,1.41
283000,2.06,1.67,1.78,1.65,1.51
284000,1.87,1.64,1.78,1.76,1.72
285000,1.85,1.5,1.57,1.93,1.88
286000,1.91,1.67,1.73,1.86,1.91
287000,2.18,1.84,1.56,1.46,2.18
288000,1.83,1.77,1.6,1.49,2.23
289000,1.81,1.6,1.52,1.8,1.98
290000,1.94,1.71,1.48,1.95,1.67
291000,2.03,1.89,1.65,1.79,1.73
292000,1.84,1.82,1.75,1.78,1.83
293000,1.86,1.83,1.88,1.8,1.83
294000,1.86,1.96,1.8,1.78,1.94
295000,1.72,1.98,1.74,2.1,1.96
296000,1.88,2.02,1.71,2.07,1.81
297000,1.89,1.79,1.85,1.84,1.92
298000,2.03,1.88,1.85,1.76,1.96
299000,1.99,1.96,1.76,1.84,1.84
300000,1.91,2.17,1.59,2.06,1.87
301000,1.68,1.95,1.76,2.12,2.08
302000,1.82,1.91,1.8,2.15,2.05
303000,1.83,2.09,1.68,2.25,1.84
304000,1.53,1.84,1.86,1.9,1.91
305000,1.66,1.79,1.97,1.73,1.93
306000,1.94,1.83,2.2,1.83,1.9
307000,2.19,1.86,2.08,2.07,1.87
308000,2.16,1.91,2.05,2.21,1.96
309000,2.35,1.8,1.85,2.19,2.03
310000,2.22,1.99,1.71,2.22,2.04
311000,1.91,2.13,1.55,2.3,1.86
312000,1.84,2.3,1.63,2.28,1.85
313000,2.05,1.77,1.95,2.24,2.01
314000,2.13,1.8,2.02,2.15,2.04
315000,2.43,1.89,2.12,2.12,2.14
316000,2.25,2.27,1.86,2.02,2.21
317000,2.28,2.34,1.94,1.92,2.2
318000,2.07,2.21,2.01,2.23,2.21
319000,2.21,1.98,1.91,2.4,2.2
320000,2.45,2.12,1.96,2.67,2.1
321000,2.44,2.37,2.05,2.47,2.1
322000,2.43,2.21,2.29,2.3,2.23
323000,2.42,1.97,2.34,2.37,2.45
324000,2.37,1.84,2.22,2.29,2.55
325000,2.29,2.22,2.17,2.4,2.51
326000,2.18,2.37,2.13,2.28,2.32
327000,2.41,2.28,2.11,2.33,2.36
328000,2.5,1.95,2.04,2.64,2.21
329000,2.56,1.9,2.06,2.39,2.01
330000,2.52,2.03,2.11,2.4,2.21
331000,2.55,2.23,1.97,2.1,2.21
332000,2.76,2.32,2.06,2.19,2.24
333000,2.77,2.47,2.12,2.19,2.06
334000,2.8,2.43,2.37,2.45,2.04
335000,2.63,2.46,2.43,2.65,2.15
336000,2.54,2.34,2.42,2.48,2.2
337000,2.22,2.37,2.27,2.24,2.27
338000,2.16,2.4,2.28,2.09,2.33
339000,2.25,2.61,2.31,1.95,2.42
340000,2.46,2.85,2.29,2.31,2.42
341000,2.52,2.69,2.27,2.59,2.47
342000,2.75,2.83,1.92,2.82,2.52
343000,2.66,2.42,2.02,2.62,2.72
344000,2.56,2.38,2.11,2.53,2.62
345000,2.46,2.44,2.28,2.57,2.32
346000,2.52,2.54,2.28,2.49,2.15
347000,2.67,2.65,2.44,2.53,2.27
348000,2.91,2.69,2.53,2.31,2.32
349000,2.95,2.38,2.45,2.43,2.31
350000,2.83,2.43,2.51,2.49,2.49
351000,2.66,2.41,2.5,2.67,2.77
352000,2.45,2.53,2.65,2.68,2.9
353000,2.52,2.8,2.91,2.63,2.89
354000,2.97,2.93,2.88,2.51,2.99
355000,3.05,2.82,2.82,2.6,2.81
356000,2.89,2.7,2.37,2.61,2.82
357000,2.72,2.49,2.36,2.41,2.53
358000,2.82,2.56,2.44,2.19,2.41
359000,2.8,2.37,2.66,2.04,2.5
360000,2.96,2.34,2.74,2.43,2.56
361000,2.96,2.58,2.62,2.84,2.75
362000,2.99,2.59,2.93,3.02,2.69
363000,2.94,2.61,2.93,2.82,2.66
364000,3.03,2.57,2.83,2.93,2.67
365000,3.12,2.34,2.38,2.64,2.58
366000,3.0,2.26,2.27,2.84,2.91
367000,3.07,2.25,2.49,3.09,2.9
368000,3.1,2.44,2.89,3.05,2.98
369000,3.09,2.73,3.25,3.35,3.03
370000,3.22,2.85,3.16,3.29,2.81
371000,3.18,2.98,3.01,3.21,2.81
372000,3.22,2.88,2.57,2.75,2.75
373000,3.29,2.95,2.64,2.87,2.86
374000,2.89,2.91,2.69,2.71,2.93
375000,2.66,2.8,2.86,2.98,3.05
376000,2.53,2.78,2.99,3.16,3.17
377000,2.63,2.85,2.93,3.42,3.12
378000,2.8,2.92,3.03,3.51,3.07
379000,3.04,2.93,2.93,3.76,3.21
380000,3.08,2.95,3.06,3.71,3.29
381000,3.28,2.95,3.18,3.55,3.34
382000,3.22,2.92,3.34,3.31,3.49
383000,3.39,2.99,3.32,3.23,3.49
384000,3.41,2.88,3.24,3.03,3.27
385000,3.55,3.01,3.12,3.24,3.08
386000,3.51,2.95,3.01,3.17,3.16
387000,3.41,2.96,3.16,3.16,3.11
388000,3.5,3.12,3.01,3.55,3.12
389000,3.49,3.09,2.94,3.44,3.02
390000,3.5,3.34,3.06,3.59,3.05
391000,3.33,3.28,3.17,3.59,3.14
392000,3.59,3.19,3.4,3.7,3.2
393000,3.29,3.32,3.43,3.82,3.38
394000,3.2,3.06,3.52,4.02,3.61
395000,3.25,2.96,3.41,3.91,3.44
396000,3.28,3.18,3.09,3.78,3.34
397000,3.59,3.09,3.12,3.88,3.18
398000,3.76,3.27,3.09,3.84,3.13
399000,3.87,3.13,2.97,3.72,3.01
400000,3.78,3.2,2.82,3.83,3.0
401000,3.75,3.26,2.98,3.61,2.98
402000,3.75,3.31,3.0,3.86,3.03
403000,3.82,3.38,3.24,3.88,3.39
404000,3.85,3.37,3.42,3.75,3.56
405000,3.91,3.27,3.6,3.56,3.53
406000,3.73,3.25,3.36,3.41,3.75
407000,3.75,3.36,3.2,3.55,3.82
408000,3.46,3.36,3.24,3.54,3.7
409000,3.46,3.33,3.35,3.71,3.72
410000,3.5,3.34,3.51,3.68,3.82
411000,3.53,3.4,3.52,3.62,3.61
412000,3.22,3.52,3.28,3.41,3.62
413000,3.26,3.59,3.2,3.69,3.74
414000,3.29,3.56,3.19,3.81,3.72
415000,3.28,3.87,3.42,3.73,3.95
416000,3.47,3.81,3.58,4.02,4.06
417000,3.55,3.89,3.69,4.41,4.06
418000,3.66,3.87,3.65,4.23,4.02
419000,3.63,4.16,3.75,4.0,4.08
420000,3.74,4.3,3.57,3.9,3.83
421000,3.86,4.4,3.48,3.83,3.78
422000,4.04,4.08,3.7,3.81,3.57
423000,3.79,3.92,3.77,3.76,3.56
424000,4.12,3.76,3.78,3.87,3.79
425000,4.15,3.43,3.93,4.04,3.86
426000,4.25,3.53,3.85,4.05,3.93
427000,4.2,3.47,3.96,4.1,4.0
428000,4.32,3.7,3.98,4.2,4.14
429000,3.94,3.76,3.74,3.91,4.09
430000,3.87,3.96,3.84,3.9,3.94
431000,3.86,4.21,3.59,4.06,4.05
432000,3.83,4.43,3.69,4.03,3.94
433000,3.94,4.43,3.79,4.01,3.99
434000,4.28,4.3,3.76,4.14,3.91
435000,4.3,4.15,3.91,4.12,4.05
436000,4.48,4.18,4.07,4.2,4.01
437000,4.67,3.92,4.06,4.01,3.88
438000,4.78,3.91,3.95,3.88,3.76
439000,4.93,4.05,4.28,3.9,3.93
440000,4.71,4.22,4.32,3.93,3.96
441000,4.68,4.34,4.4,3.65,4.05
442000,4.65,4.53,4.44,3.77,4.05
443000,4.52,4.38,4.61,3.79,4.2
444000,4.19,4.26,4.68,4.02,4.07
445000,4.09,4.52,4.51,4.16,4.05
446000,4.16,4.35,4.24,4.24,3.9
447000,4.16,4.1,4.26,4.27,3.92
448000,4.4,4.29,4.27,4.53,3.8
449000,4.68,4.55,4.13,4.53,4.02
450000,4.65,4.78,4.35,4.52,4.1
451000,4.78,4.87,4.5,4.48,4.39
452000,4.74,5.11,4.52,4.67,4.56
453000,4.45,5.22,4.59,4.76,4.8
454000,4.28,5.27,4.64,4.61,4.89
455000,4.51,5.42,4.51,4.6,5.0
456000,4.54,5.32,4.43,4.68,5.04
457000,4.62,5.02,4.57,4.9,4.96
458000,4.89,5.05,4.44,4.81,4.78
459000,4.99,5.1,4.36,4.9,4.7
460000,4.91,5.28,4.56,5.03,4.62
461000,4.97,5.34,4.67,4.83,4.7
462000,5.02,5.33,4.57,4.83,4.72
463000,4.91,5.47,4.71,4.91,4.6
464000,4.97,5.47,4.82,4.92,4.68
465000,5.07,5.37,4.96,4.84,4.68
466000,5.09,5.33,4.82,4.87,4.84
467000,5.27,5.42,4.85,5.14,4.77
468000,5.27,5.43,4.76,5.31,4.93
469000,5.24,5.38,4.69,5.28,5.19
470000,5.41,5.16,4.54,5.38,5.22
471000,5.53,5.12,4.6,5.28,5.32
472000,5.6,5.01,4.86,5.17,5.28
473000,5.47,5.07,5.01,5.06,5.33
474000,5.57,4.95,5.17,5.01,5.2
475000,5.57,5.07,5.17,4.91,5.12
476000,5.58,5.18,5.35,4.8,5.13
477000,5.64,5.43,5.43,4.77,5.18
478000,5.53,5.56,5.41,4.96,5.35
479000,5.77,5.43,5.3,4.77,5.45
480000,5.85,5.48,5.23,4.83,5.57
481000,5.85,5.6,5.23,5.0,5.72
482000,5.91,5.51,5.43,5.06,5.86
483000,5.92,5.45,5.51,5.09,5.88
484000,5.61,5.47,5.51,5.11,5.83
485000,5.6,5.68,5.58,5.26,5.83
486000,5.51,5.61,5.68,5.46,5.75
487000,5.45,5.52,5.61,5.31,5.68
488000,5.53,5.38,5.6,5.18,5.45
489000,5.46,5.69,5.69,5.12,5.27
490000,5.54,5.82,5.75,5.11,5.1
491000,5.76,5.88,5.87,5.09,5.04
492000,5.99,5.92,5.73,5.07,4.91
493000,6.18,6.03,5.71,5.16,4.96
494000,6.28,6.07,5.76,5.4,5.12
495000,6.38,6.14,5.5,5.62,5.31
496000,6.45,6.15,5.33,5.67,5.52
497000,6.63,6.25,5.16,5.7,5.62
498000,6.67,5.97,5.16,5.74,5.72
499000,6.82,5.94,5.15,5.66,5.95
500000,6.78,5.97,5.25,5.66,5.97
501000,6.69,6.19,5.48,5.64,6.04
502000,6.73,6.2,5.58,5.49,6.25
503000,6.64,6.13,5.65,5.68,6.22
504000,6.53,6.02,5.66,5.8,6.44
505000,6.43,6.08,5.67,5.8,6.65
506000,6.38,6.12,5.69,5.74,6.68
507000,6.32,6.17,5.82,5.75,6.71
508000,6.28,6.24,5.73,5.67,6.74
509000,6.28,6.24,5.75,5.81,6.94
510000,6.2,6.14,5.8,5.73,6.92
511000,6.21,6.16,5.8,5.6,6.92
512000,6.2,6.29,5.96,5.62,6.88
513000,6.17,6.27,5.84,5.71,6.79
514000,6.07,6.36,5.67,5.65,6.9
515000,6.07,6.36,5.66,5.69,6.98
516000,6.14,6.36,5.53,5.64,7.01
517000,6.21,6.5,5.42,5.57,7.03
518000,6.4,6.75,5.28,5.65,7.01
519000,6.39,6.89,5.24,5.59,7.05
520000,6.57,6.71,5.18,5.54,7.11
521000,6.67,6.8,5.36,5.65,7.2
522000,6.8,6.82,5.46,5.68,7.28
523000,6.81,6.84,5.59,5.8,7.23
524000,6.85,6.87,5.61,5.7,7.25
525000,6.82,6.77,5.7,5.71,7.11
526000,6.85,6.65,5.8,5.73,7.11
527000,7.01,6.55,5.95,5.88,7.17
528000,7.0,6.62,5.98,5.94,7.07
529000,6.9,6.58,5.74,5.95,7.04
530000,6.77,6.6,5.81,5.88,6.92
531000,6.67,6.48,5.72,5.83,6.89
532000,6.8,6.41,5.75,5.93,7.01
533000,6.95,6.48,5.75,5.95,7.18
534000,6.94,6.49,5.72,5.9,7.1
535000,6.84,6.63,5.65,5.82,7.06
536000,6.83,6.73,5.71,5.79,7.22
537000,6.92,6.69,5.7,5.86,7.34
538000,7.06,6.59,5.78,5.96,7.3
539000,7.29,6.6,5.69,5.95,7.41
540000,6.85,6.66,5.79,5.96,7.34
541000,6.67,6.59,5.8,5.95,7.31
542000,6.67,6.54,5.91,6.02,7.19
543000,6.67,6.56,5.95,5.99,7.34
544000,6.65,6.5,5.81,5.87,7.16
545000,6.68,6.43,5.92,5.98,7.18
546000,6.75,6.57,5.84,5.83,7.19
547000,6.67,6.67,5.69,5.74,7.24
548000,6.84,6.57,5.64,5.76,7.37
549000,6.83,6.59,5.7,5.64,7.41
550000,6.82,6.57,5.61,5.68,7.45
551000,6.8,6.5,5.7,5.71,7.59
552000,6.91,6.43,5.79,5.7,7.53
553000,6.92,6.36,5.87,5.76,7.48
554000,7.0,6.21,5.9,5.76,7.35
555000,7.16,6.28,5.9,5.67,7.3
556000,7.18,6.22,5.93,5.7,7.35
557000,7.28,6.23,5.98,5.69,7.26
558000,7.35,6.17,5.97,5.8,7.21
559000,7.32,6.17,5.97,5.87,7.13
560000,7.53,6.29,5.99,5.88,7.13
561000,7.36,6.3,6.21,5.93,7.32
562000,7.45,6.58,6.29,6.04,7.35
563000,7.33,6.42,6.28,6.07,7.4
564000,7.27,6.44,6.3,6.04,7.34
565000,7.34,6.53,6.13,5.95,7.22
566000,7.33,6.53,5.99,5.92,7.28
567000,7.48,6.54,5.93,6.0,7.39
568000,7.27,6.46,5.82,6.03,7.13
569000,7.2,6.18,5.75,5.89,7.12
570000,7.18,6.12,5.83,5.88,7.12
571000,7.16,6.23,5.78,5.78,7.08
572000,7.04,6.18,5.84,5.88,7.12
573000,7.08,6.16,6.0,5.87,7.13
574000,7.07,6.19,6.11,5.8,7.16
575000,6.94,6.19,6.24,5.78,7.12
576000,7.12,6.33,6.11,5.88,7.19
577000,7.22,6.62,6.15,5.9,7.4
578000,7.34,6.67,6.18,5.98,7.44
579000,7.22,6.58,6.37,5.68,7.42
580000,7.29,6.69,6.35,5.69,7.45
581000,7.46,6.65,6.3,5.68,7.36
582000,7.4,6.74,6.28,5.62,7.43
583000,7.46,6.85,6.34,5.7,7.49
584000,7.55,7.01,6.43,5.7,7.53
585000,7.57,6.94,6.48,5.61,7.51
586000,7.51,6.86,6.54,5.81,7.5
587000,7.59,6.96,6.61,5.93,7.43
588000,7.62,7.1,6.69,5.9,7.41
589000,7.61,7.31,6.79,5.83,7.33
590000,7.63,7.49,6.73,5.86,7.38
591000,7.61,7.31,6.77,5.84,7.34
592000,7.58,7.32,6.78,5.9,7.24
593000,7.54,7.17,6.75,5.98,7.22
594000,7.47,7.41,6.84,5.86,7.26
595000,7.53,7.46,6.77,5.87,7.21
596000,7.54,7.25,6.75,5.97,7.3
597000,7.56,7.16,6.72,5.8,7.44
598000,7.47,6.86,6.78,5.77,7.52
599000,7.61,7.14,6.82,5.76,7.58
600000,7.52,6.95,6.85,5.69,7.54
601000,7.52,6.83,6.84,5.69,7.36
602000,7.52,6.63,6.89,5.64,7.1
603000,7.44,6.52,6.92,5.72,7.04
604000,7.47,6.67,6.85,5.95,6.92
605000,7.4,6.71,6.94,5.98,6.77
606000,7.42,6.58,6.9,6.03,6.75
607000,7.41,6.62,6.93,6.15,6.75
608000,7.38,6.8,6.85,6.28,6.83
609000,7.38,7.02,6.92,6.23,6.94
610000,7.37,7.17,6.86,6.26,6.99
611000,7.33,7.24,6.82,6.19,7.05
612000,7.51,7.32,6.5,6.21,7.03
613000,7.61,7.28,6.52,6.21,7.01
614000,7.66,7.33,6.43,6.17,7.08
615000,7.75,7.28,6.2,6.08,7.13
616000,7.75,6.97,6.24,6.05,7.03
617000,7.74,6.94,6.23,6.05,6.82
618000,7.82,6.94,6.32,6.1,6.92
619000,7.63,6.88,6.45,6.09,6.89
620000,7.58,6.96,6.44,6.11,6.89
621000,7.54,7.02,6.47,6.09,7.06
622000,7.47,7.09,6.49,6.08,7.02
623000,7.43,7.14,6.51,6.0,6.97
624000,7.39,7.31,6.1,6.06,6.97
625000,7.2,7.38,5.94,5.99,7.13
626000,7.01,7.42,5.93,5.97,7.27
627000,6.97,7.45,6.0,5.9,7.44
628000,6.95,7.36,5.95,5.87,7.46
629000,6.84,7.22,5.95,5.85,7.46
630000,6.75,7.24,6.04,5.93,7.52
631000,6.58,7.31,6.28,5.88,7.52
632000,6.53,7.32,6.39,5.9,7.59
633000,6.71,7.06,6.52,5.77,7.58
634000,6.62,6.96,6.41,5.62,7.51
635000,6.81,6.88,6.56,5.68,7.62
636000,6.96,6.99,6.54,5.73,7.59
637000,7.06,7.22,6.62,5.67,7.72
638000,7.22,7.36,6.66,5.75,7.56
639000,7.24,7.26,6.78,5.88,7.46
640000,7.26,7.36,6.78,6.01,7.35
641000,7.52,7.29,6.71,6.23,7.39
642000,7.66,7.22,6.8,6.22,7.34
643000,7.83,7.22,6.73,6.16,7.25
644000,7.93,7.12,6.32,6.29,7.12
645000,7.92,6.89,6.17,6.28,7.03
646000,7.92,6.85,6.06,6.32,7.07
647000,7.97,7.01,6.07,6.29,7.05
648000,7.91,6.88,6.04,6.15,7.03
649000,8.1,7.26,5.87,6.26,6.93
650000,8.12,7.47,5.95,6.34,7.05
651000,8.13,7.38,6.15,6.29,7.04
652000,8.13,7.46,6.23,6.4,7.23
653000,8.1,7.36,6.23,6.17,7.14
654000,8.06,7.56,6.33,6.09,7.15
655000,8.06,7.59,6.37,6.16,7.33
656000,7.92,7.61,6.68,6.19,7.49
657000,7.93,7.32,6.72,6.18,7.52
658000,7.99,7.1,6.85,6.22,7.5
659000,8.06,7.18,7.0,6.15,7.45
660000,7.97,6.9,7.07,6.22,7.55
661000,8.0,7.1,7.22,6.39,7.54
662000,8.05,7.11,7.13,6.43,7.61
663000,8.01,7.09,7.11,6.49,7.39
664000,8.03,7.15,7.03,6.41,7.34
665000,8.11,7.25,7.14,6.39,7.27
666000,8.09,7.48,7.01,6.33,7.28
667000,8.16,7.52,7.02,6.35,7.37
668000,8.15,7.86,7.01,6.25,7.1
669000,8.16,8.18,6.85,6.32,6.74
670000,8.14,7.89,6.72,6.28,6.65
671000,8.06,7.46,6.65,6.31,6.76
672000,7.89,7.3,6.4,6.38,6.75
673000,7.78,6.84,6.35,6.42,6.76
674000,7.71,6.84,6.43,6.47,6.72
675000,7.72,6.54,6.37,6.55,6.77
676000,7.72,6.31,6.31,6.58,6.9
677000,7.77,6.23,6.35,6.54,7.15
678000,7.81,6.52,6.33,6.52,7.39
679000,7.84,6.79,6.32,6.56,7.4
680000,7.79,6.99,6.37,6.52,7.44
681000,7.97,7.23,6.2,6.48,7.43
682000,8.09,7.3,6.07,6.37,7.44
683000,7.95,7.41,6.02,6.43,7.55
684000,8.01,7.73,6.02,6.49,7.51
685000,7.9,7.72,6.12,6.52,7.62
686000,7.88,7.69,6.0,6.58,7.47
687000,7.9,7.56,5.97,6.48,7.53
688000,7.98,7.41,6.05,6.45,7.45
689000,8.06,7.49,6.03,6.45,7.37
690000,8.05,7.38,6.13,6.54,7.43
691000,8.05,7.26,6.09,6.63,7.41
692000,8.03,7.45,6.01,6.66,7.32
693000,8.05,7.48,6.02,6.71,7.19
694000,8.02,7.65,6.06,6.71,7.03
695000,8.03,7.61,6.0,6.77,7.01
696000,7.99,7.79,6.11,6.85,6.96
697000,7.85,7.91,6.01,6.81,7.13
698000,7.85,7.83,6.06,6.84,7.2
699000,7.77,8.14,6.13,6.78,7.0
700000,7.83,8.01,6.28,6.65,6.93
701000,7.98,7.87,6.35,6.49,7.07
702000,7.96,8.0,6.49,6.59,7.25
703000,8.0,7.77,6.6,6.51,7.25
704000,8.05,8.0,6.57,6.43,7.2
705000,7.94,7.98,6.82,6.25,7.06
706000,8.0,8.1,6.91,6.12,6.98
707000,7.87,8.08,7.03,6.2,6.99
708000,7.88,7.89,7.07,6.33,7.26
709000,7.78,8.01,7.04,6.31,7.31
710000,7.62,7.89,7.13,6.25,7.27
711000,7.69,7.86,7.0,6.24,7.15
712000,7.62,7.84,7.0,6.41,7.23
713000,7.67,7.9,7.02,6.56,7.37
714000,7.76,7.69,6.89,6.49,7.41
715000,7.83,7.65,7.03,6.54,7.32
716000,8.0,7.62,7.15,6.5,7.2
717000,7.74,7.65,7.19,6.43,7.26
718000,7.76,7.51,7.15,6.52,7.23
719000,7.93,7.44,7.23,6.56,7.32
720000,7.83,7.54,7.34,6.44,7.42
721000,7.94,7.39,7.51,6.44,7.41
722000,7.83,7.27,7.53,6.52,7.3
723000,7.84,7.08,7.43,6.53,7.23
724000,7.78,7.04,7.32,6.57,7.42
725000,7.74,6.97,7.32,6.51,7.45
726000,7.92,7.05,7.33,6.48,7.21
727000,7.81,7.22,7.35,6.23,7.19
728000,7.71,7.38,7.28,6.37,7.29
729000,7.71,7.37,6.98,6.37,7.32
730000,7.66,7.35,7.16,6.38,7.33
731000,7.6,7.4,7.09,6.37,7.36
732000,7.54,7.58,7.1,6.45,7.42
733000,7.41,7.7,7.22,6.46,7.38
734000,7.5,7.7,7.17,6.52,7.46
735000,7.48,7.56,7.03,6.73,7.68
736000,7.66,7.49,7.01,6.68,7.52
737000,7.74,7.49,7.17,6.74,7.47
738000,7.79,7.29,7.07,6.69,7.44
739000,7.88,7.39,7.07,6.81,7.41
740000,7.86,7.32,7.12,6.88,7.33
741000,7.96,7.53,6.88,6.86,7.4
742000,8.1,7.5,6.59,6.77,7.19
743000,8.05,7.59,6.7,6.66,7.01
744000,8.07,7.71,6.67,6.6,6.95
745000,8.09,7.73,6.76,6.51,7.04
746000,8.02,7.83,6.72,6.55,7.09
747000,7.91,8.02,6.73,6.57,7.06
748000,7.76,8.09,6.73,6.55,7.14
749000,7.77,8.15,6.63,6.57,6.97
750000,7.57,8.13,6.96,6.56,6.91
751000,7.44,8.4,6.86,6.73,7.02
752000,7.46,8.2,6.96,6.92,7.21
753000,7.4,8.17,7.02,6.94,7.29
754000,7.47,8.33,7.15,6.83,7.22
755000,7.72,8.28,7.14,6.8,7.19
756000,7.7,8.21,6.96,6.75,7.26
757000,7.87,8.19,7.14,6.82,7.31
758000,7.93,8.13,7.16,6.89,7.4
759000,8.11,8.17,7.31,6.81,7.24
760000,8.24,8.19,7.36,6.87,7.34
761000,8.15,8.18,7.23,6.89,7.24
762000,8.04,8.18,7.26,6.98,7.1
763000,7.99,8.15,7.3,6.89,7.14
764000,7.92,8.13,7.42,6.96,7.09
765000,7.9,8.02,7.26,6.87,7.21
766000,7.72,8.07,7.05,6.73,7.17
767000,7.63,7.96,6.88,6.82,7.25
768000,7.49,8.07,6.99,6.73,7.4
769000,7.39,7.99,7.02,6.73,7.4
770000,7.47,8.27,6.9,6.66,7.43
771000,7.56,8.16,6.95,6.73,7.57
772000,7.57,8.21,6.72,6.51,7.46
773000,7.65,8.32,6.89,6.64,7.4
774000,7.51,8.32,7.05,6.73,7.4
775000,7.5,8.35,7.11,6.66,7.45
776000,7.51,8.6,7.02,6.62,7.29
777000,7.61,8.59,6.96,6.62,7.2
778000,7.64,8.64,6.99,6.66,7.23
779000,7.61,8.39,6.95,6.7,7.15
780000,7.33,8.34,7.1,6.82,7.19
781000,7.16,8.42,7.31,6.61,7.31
782000,7.24,8.19,7.14,6.36,7.31
783000,7.36,8.2,7.02,6.32,7.16
784000,7.4,8.16,6.97,6.28,7.3
785000,7.53,8.15,7.07,6.29,7.39
786000,7.51,8.03,7.04,6.26,7.34
787000,7.46,7.88,7.12,6.23,7.35
788000,7.63,7.91,7.12,6.37,7.42
789000,7.78,7.65,7.11,6.46,7.45
790000,7.81,7.44,7.15,6.74,7.51
791000,7.88,7.41,7.3,6.86,7.56
792000,7.92,7.38,7.43,6.74,7.69
793000,7.79,7.24,7.42,6.69,7.64
794000,7.78,7.16,7.55,6.59,7.66
795000,7.7,7.07,7.45,6.62,7.79
796000,7.69,7.17,7.36,6.5,7.69
797000,7.71,7.39,7.35,6.49,7.73
798000,7.75,7.59,7.31,6.58,7.59
799000,7.77,7.76,7.29,6.52,7.5
800000,7.76,7.84,7.24,6.61,7.38
801000,7.56,7.84,7.3,6.74,7.22
802000,7.55,7.91,7.13,6.76,7.28
803000,7.49,7.93,6.97,6.7,7.24
804000,7.54,7.88,6.92,6.72,7.31
805000,7.54,7.82,6.83,6.64,7.31
806000,7.35,7.66,6.88,6.56,7.31
807000,7.43,7.63,7.04,6.57,7.46
808000,7.48,7.56,7.09,6.44,7.53
809000,7.59,7.66,7.29,6.32,7.53
810000,7.71,7.54,7.24,6.33,7.63
811000,7.73,7.62,7.3,6.31,7.65
812000,7.83,7.42,7.4,6.33,7.71
813000,7.88,7.74,7.54,6.35,7.74
814000,7.85,7.84,7.66,6.41,7.84
815000,7.95,7.87,7.76,6.46,7.77
816000,8.0,7.92,7.67,6.49,7.68
817000,7.98,8.12,7.62,6.62,7.76
818000,7.99,8.12,7.51,6.68,7.75
819000,7.96,8.01,7.35,6.68,7.73
820000,8.05,8.01,7.39,6.68,7.59
821000,8.07,8.13,7.48,6.63,7.42
822000,7.95,8.17,7.55,6.56,7.4
823000,7.93,8.03,7.46,6.61,7.41
824000,7.94,8.04,7.38,6.58,7.4
825000,7.96,8.16,7.31,6.59,7.42
826000,7.9,8.06,7.46,6.47,7.31
827000,7.9,7.82,7.59,6.45,7.34
828000,7.83,7.98,7.7,6.47,7.4
829000,7.83,7.95,7.63,6.58,7.51
830000,7.81,8.07,7.49,6.5,7.62
831000,7.9,8.08,7.44,6.48,7.58
832000,8.0,8.15,7.56,6.39,7.54
833000,8.01,8.03,7.63,6.42,7.52
834000,7.97,8.09,7.68,6.32,7.6
835000,7.99,8.03,7.68,6.29,7.57
836000,7.95,8.12,7.7,6.32,7.57
837000,7.96,8.31,7.57,6.33,7.53
838000,7.92,8.42,7.7,6.42,7.45
839000,7.91,8.33,7.68,6.31,7.51
840000,7.95,8.23,7.79,6.42,7.38
841000,7.94,8.12,7.62,6.48,7.45
842000,8.02,8.2,7.61,6.64,7.44
843000,8.17,8.32,7.44,6.73,7.53
844000,8.19,8.17,7.51,6.7,7.5
845000,8.17,8.06,7.58,6.8,7.43
846000,8.13,8.01,7.77,6.88,7.44
847000,8.09,7.84,7.76,6.72,7.52
848000,8.18,7.9,7.71,6.63,7.47
849000,8.12,7.94,7.69,6.64,7.58
850000,8.04,7.88,7.93,6.54,7.58
851000,7.84,7.84,7.92,6.58,7.63
852000,7.76,7.75,8.16,6.66,7.67
853000,7.55,7.76,8.26,6.65,7.67
854000,7.55,7.88,7.99,6.66,7.7
855000,7.42,7.79,7.75,6.79,7.7
856000,7.27,7.85,7.6,6.85,7.6
857000,7.18,7.79,7.51,6.8,7.57
858000,7.18,7.83,7.71,6.6,7.64
859000,7.28,7.91,7.7,6.49,7.6
860000,7.3,7.89,7.65,6.53,7.61
861000,7.36,7.92,7.28,6.42,7.47
862000,7.5,7.99,7.25,6.32,7.42
863000,7.59,8.04,7.37,6.34,7.42
864000,7.57,8.11,7.7,6.38,7.5
865000,7.84,8.19,7.7,6.53,7.49
866000,7.81,8.27,7.82,6.65,7.5
867000,7.79,8.15,7.74,6.72,7.48
868000,7.69,8.1,7.59,6.66,7.58
869000,7.68,8.14,7.54,6.74,7.59
870000,7.68,8.2,7.78,6.82,7.68
871000,7.65,8.28,7.87,6.94,7.74
872000,7.67,8.23,7.75,6.98,7.83
873000,7.64,8.22,7.89,6.89,7.76
874000,7.59,8.19,8.02,6.89,7.83
875000,7.77,8.19,8.02,6.93,7.88
876000,7.88,8.17,7.98,6.93,7.9
877000,7.78,8.2,7.93,6.85,7.78
878000,7.75,8.27,8.17,6.73,7.75
879000,7.66,8.24,8.16,6.74,7.77
880000,7.71,8.23,8.31,6.7,7.81
881000,7.76,8.26,8.4,6.78,7.7
882000,7.61,8.22,8.23,6.77,7.79
883000,7.43,8.29,8.13,6.83,7.57
884000,7.38,8.3,8.02,6.82,7.55
885000,7.44,8.38,8.0,6.81,7.54
886000,7.57,8.46,8.17,6.83,7.57
887000,7.67,8.41,8.16,6.82,7.43
888000,7.76,8.33,8.05,6.76,7.41
889000,7.63,8.32,8.18,6.68,7.43
890000,7.68,8.33,8.08,6.65,7.46
891000,7.71,8.31,8.05,6.59,7.4
892000,7.88,8.48,8.21,6.66,7.57
893000,7.67,8.44,8.06,6.66,7.59
894000,7.67,8.37,8.22,6.66,7.51
895000,7.63,8.4,8.06,6.57,7.53
896000,7.61,8.51,8.13,6.63,7.64
897000,7.56,8.54,8.2,6.7,7.68
898000,7.49,8.73,8.22,6.76,7.64
899000,7.59,8.64,8.11,6.73,7.59
900000,7.72,8.56,8.0,6.76,7.63
901000,7.77,8.53,7.95,6.95,7.45
902000,7.91,8.46,8.09,6.87,7.42
903000,7.89,8.45,7.8,6.89,7.41
904000,7.98,8.69,7.89,6.84,7.53
905000,8.02,8.56,7.75,6.74,7.4
906000,8.1,8.25,7.64,6.76,7.38
907000,8.12,8.34,7.49,6.72,7.23
908000,8.13,8.53,7.47,6.62,7.0
909000,8.14,8.67,7.65,6.55,7.01
910000,7.86,8.72,7.64,6.63,7.05
911000,8.04,8.68,7.65,6.69,6.97
912000,8.1,8.63,7.91,6.73,6.84
913000,8.03,8.62,8.15,6.81,6.88
914000,8.05,8.66,8.1,6.91,6.82
915000,8.02,8.72,7.87,6.92,7.02
916000,7.84,8.96,8.01,6.96,7.22
917000,7.84,9.18,8.01,7.11,7.25
918000,7.79,8.78,8.09,7.15,7.16
919000,7.95,8.69,8.21,7.08,7.16
920000,8.02,8.7,8.24,7.17,7.19
921000,7.94,8.77,8.13,7.13,7.15
922000,8.02,8.89,8.07,7.07,7.16
923000,7.98,8.85,8.13,7.08,7.13
924000,8.1,8.9,8.31,6.96,7.17
925000,8.11,8.92,8.32,6.93,7.1
926000,8.15,8.84,8.4,6.95,7.33
927000,8.21,8.59,8.43,6.88,7.34
928000,8.18,8.63,8.5,6.8,7.31
929000,8.12,8.63,8.58,6.81,7.34
930000,8.19,8.52,8.49,6.8,7.52
931000,8.16,8.48,8.61,6.77,7.5
932000,8.08,8.45,8.77,6.83,7.51
933000,8.05,8.53,8.52,6.76,7.12
934000,7.97,8.42,8.6,6.7,6.82
935000,7.98,8.44,8.53,6.78,6.68
936000,7.82,8.47,8.62,6.88,6.49
937000,7.85,8.57,8.54,6.89,6.21
938000,7.92,8.58,8.14,6.91,6.16
939000,7.88,8.63,7.97,6.89,6.01
940000,7.89,8.69,7.92,6.99,6.17
941000,7.86,8.91,7.89,7.1,6.26
942000,7.9,8.8,7.94,7.12,6.41
943000,7.73,8.9,7.97,7.1,6.42
944000,7.79,8.74,8.13,6.98,6.56
945000,7.99,8.92,8.1,6.97,6.6
946000,7.99,8.88,8.36,7.02,6.73
947000,7.95,8.87,8.48,6.8,6.7
948000,7.93,8.81,8.66,6.69,6.64
949000,7.96,8.76,8.84,6.71,6.71
950000,8.1,8.55,9.07,6.77,6.79
951000,8.06,8.47,8.93,6.83,6.84
952000,8.26,8.73,8.95,6.87,6.9
953000,8.34,8.6,8.97,6.83,6.86
954000,8.27,8.58,8.75,6.83,6.73
955000,8.2,8.51,8.96,6.96,6.53
956000,8.18,8.49,8.6,7.08,6.64
957000,8.13,8.28,8.2,7.15,6.61
958000,8.01,8.41,8.31,7.06,6.66
959000,8.01,8.59,8.27,7.06,6.64
960000,7.98,8.77,8.22,7.01,6.68
961000,7.9,8.8,8.23,7.04,6.52
962000,7.83,8.75,8.0,6.98,6.69
963000,7.87,8.6,7.89,6.99,6.75
964000,7.81,8.6,7.73,7.0,6.72
965000,7.72,8.76,7.92,6.81,6.8
966000,7.85,8.59,8.3,6.79,6.72
967000,7.82,8.72,8.35,6.7,6.87
968000,7.71,8.65,8.36,6.76,6.81
969000,7.68,8.6,8.36,6.59,6.92
970000,7.81,8.55,8.33,6.52,6.86
971000,7.84,8.56,8.52,6.55,6.86
972000,7.84,8.46,8.53,6.62,6.72
973000,7.95,8.7,8.63,6.77,6.62
974000,8.07,8.45,8.55,6.84,6.64
975000,7.97,8.42,8.5,6.85,6.55
976000,8.04,8.56,8.58,6.82,6.57
977000,8.09,8.55,8.61,6.86,6.67
978000,8.11,8.57,8.7,6.95,6.83
979000,8.16,8.52,8.71,6.86,7.0
980000,8.12,8.43,8.51,6.85,7.21
981000,8.12,8.34,8.24,6.86,7.3
982000,8.04,8.23,8.23,6.87,7.46
983000,8.08,8.31,8.37,6.94,7.55
984000,8.1,8.38,8.44,6.93,7.57
985000,8.13,8.42,8.57,6.83,7.67
986000,8.05,8.46,8.49,6.61,7.59
987000,7.98,8.53,8.39,6.68,7.4
988000,7.99,8.58,8.35,6.7,7.52
989000,7.92,8.71,8.38,6.56,7.43
990000,7.95,8.71,8.53,6.39,7.41
991000,8.01,8.81,8.62,6.35,7.27
992000,7.88,8.99,8.81,6.36,7.24
993000,7.94,9.16,8.88,6.61,7.01
994000,7.99,9.09,8.84,6.79,7.0
995000,8.14,9.03,8.79,6.82,7.04
996000,8.28,9.05,8.8,6.84,7.14
997000,8.19,9.06,8.73,6.89,7.16
998000,8.16,8.95,8.8,6.95,7.21
999000,8.07,9.09,8.82,6.93,7.14
1000000,8.05,8.94,8.87,7.04,7.12
1001000,8.1,8.96,9.07,7.05,7.18
1002000,8.17,8.82,8.95,6.78,7.22
1003000,8.09,8.72,8.72,6.7,7.3
1004000,7.91,8.92,8.69,6.65,7.21
1005000,7.8,8.96,8.71,6.69,7.08
1006000,7.87,9.04,8.7,6.66,7.14
1007000,7.81,9.01,8.75,6.73,7.14
1008000,7.84,9.19,8.72,6.66,7.04
1009000,7.94,9.06,8.6,6.58,7.18
1010000,7.86,8.93,8.56,6.81,7.21
1011000,7.89,9.14,8.44,6.88,7.21
1012000,7.98,9.07,8.67,6.93,7.2
1013000,8.04,9.19,8.76,6.94,7.33
1014000,8.24,8.99,8.85,6.93,7.09
1015000,8.31,8.91,8.72,6.81,7.11
1016000,8.14,8.94,8.74,6.91,7.21
1017000,8.16,8.87,8.6,7.06,7.12
1018000,8.14,8.91,8.51,7.03,7.01
1019000,8.07,8.84,8.83,7.04,7.02
1020000,8.16,9.05,8.57,6.99,7.02
1021000,8.17,8.94,8.61,6.98,6.97
1022000,8.07,9.12,8.45,6.98,7.12
1023000,7.98,9.08,8.25,7.08,7.03
1024000,8.03,9.05,8.44,7.02,7.01
1025000,8.04,9.15,8.53,6.96,6.99
1026000,8.39,9.0,8.56,6.88,6.95
1027000,8.33,8.96,8.67,6.83,7.1
1028000,8.27,8.97,8.84,6.83,7.07
1029000,8.22,8.82,8.82,6.82,7.14
1030000,8.07,8.63,9.0,6.69,7.22
1031000,8.11,8.73,9.1,6.63,7.27
1032000,8.14,8.6,9.1,6.75,7.31
1033000,8.14,8.61,9.29,6.65,7.45
1034000,8.14,8.76,9.5,6.65,7.54
1035000,8.17,8.74,9.42,6.62,7.69
1036000,8.16,8.71,9.5,6.53,7.75
1037000,8.15,8.92,9.27,6.52,7.66
1038000,8.13,8.76,9.15,6.61,7.61
1039000,8.33,8.74,9.25,6.6,7.45
1040000,8.42,8.78,8.97,6.63,7.31
1041000,8.46,8.92,9.0,6.55,7.41
1042000,8.41,8.82,9.0,6.49,7.34
1043000,8.35,8.94,8.94,6.53,7.39
1044000,8.26,8.91,8.86,6.76,7.18
1045000,8.23,8.85,8.81,6.69,7.29
1046000,8.25,8.93,8.82,6.59,7.28
1047000,8.26,8.91,8.65,6.63,7.43
1048000,8.19,8.94,8.79,6.54,7.53
1049000,8.08,9.18,8.68,6.65,7.56
1050000,7.89,9.33,8.94,6.41,7.59
1051000,7.77,9.2,9.03,6.27,7.54
1052000,7.69,9.25,8.87,6.39,7.52
1053000,7.72,9.4,8.75,6.48,7.43
1054000,7.58,9.47,8.81,6.49,7.32
1055000,7.41,9.44,8.98,6.35,7.17
1056000,7.36,9.51,8.95,6.33,7.13
1057000,7.39,9.58,9.14,6.5,7.12
1058000,7.4,9.51,9.31,6.69,7.11
1059000,7.59,9.35,9.09,6.71,7.04
1060000,7.71,9.29,8.9,6.73,6.91
1061000,7.87,9.23,8.71,6.6,7.04
1062000,7.92,9.41,8.52,6.75,6.94
1063000,8.01,9.41,8.4,6.75,6.94
1064000,8.22,9.2,8.26,6.87,7.09
1065000,8.35,9.15,8.24,6.84,6.99
1066000,8.47,9.02,8.26,6.81,6.95
1067000,8.56,8.84,8.17,6.72,6.99
1068000,8.64,8.85,8.15,6.66,7.03
1069000,8.61,8.9,8.24,6.71,6.9
1070000,8.5,8.82,8.38,6.6,7.06
1071000,8.48,8.77,8.36,6.62,7.04
1072000,8.48,8.71,8.52,6.56,7.02
1073000,8.24,8.58,8.63,6.61,7.13
1074000,8.17,8.67,8.64,6.58,7.09
1075000,8.21,8.74,8.51,6.73,6.96
1076000,8.14,8.83,8.32,6.8,6.84
1077000,7.95,8.93,8.41,6.87,6.89
1078000,7.91,8.97,8.32,7.05,6.89
1079000,7.95,8.88,8.43,6.95,7.0
1080000,7.98,8.93,8.57,6.96,6.95
1081000,8.0,9.14,8.6,6.9,6.95
1082000,8.03,8.93,8.49,6.97,7.04
1083000,8.1,8.88,8.59,6.79,7.14
1084000,7.91,8.93,8.44,6.79,7.3
1085000,7.91,8.97,8.53,6.75,7.54
1086000,8.09,8.94,8.59,6.56,7.51
1087000,8.01,8.85,8.45,6.73,7.46
1088000,8.0,8.77,8.67,6.74,7.4
1089000,8.02,8.96,8.53,6.85,7.32
1090000,7.91,8.97,8.42,6.74,7.31
1091000,7.91,8.73,8.48,6.82,7.22
1092000,7.92,8.71,8.68,6.82,7.14
1093000,7.97,8.96,8.57,6.92,7.19
1094000,7.93,8.99,8.71,7.08,7.16
1095000,7.86,8.94,8.94,6.99,7.27
1096000,7.91,8.91,8.66,6.94,7.31
1097000,8.0,8.96,8.8,6.91,7.34
1098000,7.87,9.04,8.68,6.94,7.24
1099000,8.0,8.97,8.67,7.12,7.33
1100000,8.03,9.01,8.69,7.19,7.32
1101000,8.02,9.11,8.42,7.19,7.21
1102000,7.96,9.26,8.47,7.0,7.11
1103000,8.1,9.25,8.54,7.02,7.03
1104000,8.19,9.27,8.6,6.98,6.98
1105000,8.19,9.04,8.56,6.99,6.93
1106000,8.21,9.18,8.73,7.03,7.03
1107000,8.33,8.97,8.92,7.02,7.03
1108000,8.33,9.0,8.96,6.83,7.14
1109000,8.38,8.82,9.02,6.75,7.07
1110000,8.36,8.85,9.02,6.78,7.06
1111000,8.39,8.89,9.19,6.78,7.26
1112000,8.44,8.84,9.13,6.85,7.26
1113000,8.32,8.81,9.22,6.82,7.32
1114000,8.31,8.88,9.05,6.76,7.31
1115000,8.2,8.92,8.98,6.74,7.42
1116000,8.11,9.02,8.85,6.88,7.39
1117000,8.15,8.95,8.71,6.95,7.35
1118000,8.04,9.12,8.73,6.97,7.48
1119000,8.07,9.22,8.7,7.03,7.51
1120000,8.08,9.3,8.68,7.01,7.47
1121000,7.91,9.34,8.68,7.08,7.44
1122000,7.82,9.32,8.58,7.09,7.58
1123000,7.74,9.37,8.33,6.96,7.48
1124000,7.75,9.39,8.16,6.98,7.5
1125000,7.84,9.37,8.07,6.93,7.29
1126000,7.8,9.29,7.74,7.02,7.32
1127000,7.79,9.31,7.52,7.04,7.32
1128000,7.65,9.44,7.43,7.05,7.3
1129000,7.72,9.38,7.36,6.89,7.35
1130000,7.83,9.22,7.28,6.87,7.28
1131000,7.9,9.22,7.47,6.81,7.37
1132000,7.85,9.19,7.62,6.86,7.47
1133000,7.84,9.08,7.76,6.86,7.4
1134000,7.82,8.85,7.86,6.83,7.52
1135000,7.85,8.65,8.17,6.87,7.59
1136000,7.88,8.74,8.15,6.81,7.6
1137000,7.85,8.69,8.34,6.86,7.6
1138000,7.88,8.7,8.4,6.85,7.58
1139000,7.81,8.74,8.57,6.94,7.59
1140000,7.88,8.92,8.56,6.96,7.62
1141000,8.08,8.95,8.67,6.92,7.6
1142000,8.18,8.91,8.68,6.85,7.68
1143000,8.19,8.93,8.81,6.76,7.74
1144000,8.12,9.05,8.81,6.77,7.78
1145000,8.17,9.28,9.05,6.9,7.68
1146000,8.25,9.37,9.16,6.94,7.73
1147000,8.25,9.18,9.25,7.01,7.74
1148000,8.26,9.25,9.31,7.02,7.67
1149000,8.33,9.12,9.27,7.11,7.58
1150000,8.28,9.16,9.13,7.18,7.67
1151000,8.18,9.12,9.25,7.16,7.58
1152000,8.13,9.16,9.17,7.12,7.5
1153000,8.03,9.12,9.25,7.13,7.44
1154000,8.11,9.15,9.34,7.11,7.49
1155000,8.02,9.12,9.3,7.13,7.57
1156000,8.11,9.15,9.11,7.03,7.54
1157000,8.2,9.07,8.89,6.91,7.54
1158000,8.11,9.07,8.88,6.87,7.55
1159000,8.13,9.08,8.8,6.84,7.49
1160000,8.22,9.28,8.97,6.77,7.53
1161000,8.18,9.21,9.05,6.82,7.57
1162000,8.14,9.32,9.05,6.86,7.34
1163000,8.23,9.31,8.85,6.79,7.3
1164000,8.27,9.29,8.73,6.84,7.33
1165000,8.27,9.25,8.51,6.85,7.45
1166000,8.3,9.05,8.62,6.92,7.38
1167000,8.37,9.08,8.75,6.95,7.36
1168000,8.29,9.01,8.94,7.05,7.52
1169000,8.33,8.91,9.09,7.04,7.58
1170000,8.36,8.59,9.09,6.91,7.58
1171000,8.39,8.58,9.09,6.9,7.69
1172000,8.5,8.67,8.96,6.9,7.75
1173000,8.55,8.5,9.08,6.99,7.73
1174000,8.46,8.59,9.19,6.96,7.7
1175000,8.51,8.67,9.19,6.88,7.77
1176000,8.53,8.83,9.55,6.97,7.8
1177000,8.4,9.05,9.64,7.05,7.77
1178000,8.42,9.09,9.63,7.12,7.73
1179000,8.56,9.12,9.66,7.08,7.67
1180000,8.51,9.13,9.65,7.09,7.8
1181000,8.4,9.29,9.57,7.14,7.69
1182000,8.39,9.18,9.65,7.2,7.75
1183000,8.48,9.16,9.54,7.2,7.74
1184000,8.44,9.29,9.61,7.2,7.77
1185000,8.34,9.23,9.69,7.2,7.74
1186000,8.32,9.17,9.68,7.21,7.65
1187000,8.3,9.21,9.57,7.18,7.64
1188000,8.22,9.0,9.66,7.27,7.71
1189000,8.18,8.94,9.68,7.08,7.65
1190000,8.28,9.11,9.62,7.0,7.64
1191000,8.13,9.1,9.54,7.01,7.67
1192000,7.98,9.1,9.6,6.91,7.55
1193000,7.88,9.11,9.54,6.66,7.34
1194000,7.85,8.91,9.66,6.64,7.42
1195000,7.88,8.94,9.69,6.64,7.38
1196000,7.91,8.99,9.66,6.61,7.44
1197000,7.86,9.03,9.74,6.82,7.33
1198000,7.84,9.09,9.72,6.79,7.28
1199000,7.8,9.12,9.7,6.78,7.21
1200000,7.87,9.15,9.64,6.84,7.19
1201000,7.93,9.21,9.61,7.01,7.3
1202000,8.0,9.29,9.67,7.08,7.47
1203000,8.12,9.27,9.68,7.06,7.29
1204000,8.11,9.29,9.67,7.04,7.23
1205000,8.14,9.3,9.51,7.0,7.26
1206000,7.96,9.33,9.45,7.07,7.41
1207000,7.97,9.34,9.23,7.05,7.43
1208000,8.02,9.11,9.22,7.11,7.55
1209000,8.04,8.96,9.1,6.98,7.53
1210000,8.07,9.03,9.04,6.96,7.56
1211000,8.07,9.15,9.04,6.94,7.53
1212000,7.99,9.14,8.86,6.91,7.62
1213000,7.87,9.19,8.83,6.85,7.83
1214000,7.92,9.27,8.88,6.85,7.79
1215000,7.99,9.27,8.97,6.94,7.81
1216000,7.99,9.31,9.02,6.95,7.74
1217000,8.0,9.33,9.19,7.1,7.7
1218000,7.84,9.27,9.2,7.05,7.69
1219000,7.69,9.41,9.31,7.09,7.76
1220000,7.71,9.33,9.35,7.12,7.76
1221000,7.75,9.32,9.54,7.18,7.7
1222000,7.92,9.27,9.39,7.21,7.63
1223000,7.85,9.39,9.62,7.23,7.67
1224000,7.8,9.26,9.48,7.15,7.68
1225000,7.78,9.14,9.39,7.2,7.67
1226000,7.83,9.08,9.38,7.13,7.55
1227000,7.91,9.15,9.3,7.05,7.43
1228000,8.12,9.15,9.12,7.0,7.42
1229000,8.1,9.16,9.29,6.91,7.4
1230000,8.02,9.09,9.26,6.93,7.33
1231000,8.05,9.33,9.15,6.76,7.21
1232000,7.99,9.25,9.08,6.75,7.13
1233000,8.14,9.09,9.19,6.6,7.15
1234000,8.36,9.11,8.98,6.65,7.2
1235000,8.25,9.28,8.9,6.76,7.21
1236000,8.3,9.26,8.62,6.81,7.38
1237000,8.23,9.22,8.85,6.9,7.45
1238000,8.25,9.09,8.69,6.84,7.49
1239000,8.35,9.16,8.59,6.95,7.48
1240000,8.23,9.07,8.51,7.01,7.43
1241000,8.35,9.15,8.52,6.9,7.52
1242000,8.26,8.99,8.39,6.85,7.59
1243000,8.19,9.05,8.42,6.75,7.64
1244000,8.21,9.01,8.57,6.77,7.7
1245000,8.17,8.83,8.79,6.67,7.71
1246000,8.12,8.84,9.01,6.76,7.73
1247000,8.05,8.82,9.12,6.73,7.8
1248000,8.07,8.7,8.87,6.73,7.87
1249000,8.02,8.61,9.14,6.83,8.02
1250000,7.97,8.56,9.01,6.9,7.88
1251000,8.13,8.58,9.08,6.91,7.89
1252000,8.04,8.55,9.0,6.92,7.87
1253000,8.08,8.61,9.0,6.94,7.85
1254000,8.09,8.73,9.13,7.01,7.7
1255000,8.08,8.98,9.12,6.98,7.59
1256000,8.16,9.05,9.12,6.99,7.57
1257000,8.18,9.12,9.14,7.08,7.57
1258000,8.15,9.26,9.24,7.06,7.6
1259000,8.06,9.38,9.37,7.08,7.68
1260000,7.96,9.51,9.18,7.22,7.5
1261000,7.9,9.49,9.24,7.08,7.46
1262000,8.03,9.5,9.21,7.08,7.44
1263000,8.0,9.61,9.35,7.21,7.57
1264000,8.05,9.57,9.31,7.19,7.53
1265000,8.15,9.63,9.14,7.19,7.42
1266000,8.1,9.57,9.25,7.18,7.42
1267000,8.18,9.39,9.22,7.02,7.5
1268000,8.4,9.28,9.29,6.97,7.49
1269000,8.38,9.25,9.35,6.96,7.63
1270000,8.22,9.17,9.56,6.96,7.63
1271000,8.28,9.17,9.62,6.83,7.7
1272000,8.35,9.28,9.79,6.79,7.67
1273000,8.34,9.27,10.0,6.85,7.57
1274000,8.43,9.36,9.97,6.83,7.7
1275000,8.5,9.4,9.85,6.86,7.71
1276000,8.39,9.31,9.71,6.86,7.64
1277000,8.48,9.24,9.6,6.92,7.69
1278000,8.53,9.34,9.5,6.96,7.66
1279000,8.73,9.47,9.29,6.93,7.64
1280000,8.98,9.54,9.0,6.99,7.67
1281000,9.2,9.62,8.89,6.86,7.68
1282000,9.22,9.67,8.73,6.85,7.76
1283000,9.33,9.7,8.38,6.77,7.78
1284000,9.42,9.65,8.2,6.8,7.8
1285000,9.44,9.61,8.19,6.64,7.82
1286000,9.16,9.54,8.39,6.68,7.82
1287000,9.22,9.5,8.3,6.66,7.8
1288000,9.21,9.57,8.44,6.7,7.81
1289000,9.02,9.74,8.63,6.8,7.46
1290000,8.78,9.7,8.67,6.82,7.49
1291000,8.94,9.71,8.6,6.93,7.49
1292000,8.88,9.67,8.64,6.96,7.48
1293000,8.95,9.52,8.86,7.07,7.48
1294000,8.8,9.48,9.09,7.08,7.47
1295000,8.96,9.38,9.26,7.18,7.54
1296000,9.13,9.47,9.48,7.24,7.53
1297000,9.43,9.33,9.54,7.23,7.54
1298000,9.48,9.34,9.6,7.24,7.74
1299000,9.59,9.38,9.57,7.32,7.8
1300000,9.61,9.26,9.53,7.24,7.72
1301000,9.82,9.18,9.59,7.2,7.54
1302000,9.64,9.0,9.71,7.16,7.48
1303000,9.83,9.13,9.86,7.08,7.46
1304000,9.73,9.15,9.98,7.03,7.5
1305000,9.54,9.16,9.9,7.06,7.54
1306000,9.66,9.23,9.93,7.01,7.47
1307000,9.52,9.2,9.82,6.95,7.57
1308000,9.41,9.42,9.72,7.01,7.3
1309000,9.48,9.47,9.74,6.99,7.43
1310000,9.35,9.51,9.84,6.9,7.56
1311000,9.35,9.47,9.91,6.91,7.44
1312000,9.3,9.45,9.84,6.99,7.4
1313000,9.42,9.53,9.5,6.91,7.39
1314000,9.43,9.42,9.64,6.87,7.28
1315000,9.36,9.18,9.34,6.96,7.37
1316000,9.4,9.21,9.47,6.94,7.4
1317000,9.42,9.24,9.48,7.03,7.59
1318000,9.42,9.33,9.33,7.22,7.54
1319000,9.46,9.25,9.22,7.28,7.65
1320000,9.38,9.03,9.07,7.28,7.77
1321000,9.37,9.01,8.98,7.3,7.81
1322000,9.53,9.1,9.08,7.27,7.81
1323000,9.73,9.04,9.18,7.22,7.84
1324000,9.68,8.97,9.44,7.23,7.73
1325000,9.5,9.02,9.49,7.25,7.78
1326000,9.71,9.35,9.61,7.2,7.72
1327000,9.72,9.37,9.73,7.15,7.68
1328000,9.74,9.32,9.55,7.11,7.59
1329000,9.88,9.15,9.69,7.08,7.65
1330000,10.03,9.19,9.88,7.11,7.62
1331000,9.98,9.4,9.95,6.96,7.65
1332000,10.16,9.48,9.91,6.95,7.65
1333000,10.2,9.48,10.14,6.94,7.65
1334000,10.12,9.38,9.98,6.95,7.5
1335000,10.04,9.52,9.95,7.04,7.36
1336000,10.03,9.61,9.75,7.1,7.37
1337000,10.29,9.7,9.69,7.16,7.13
1338000,10.16,9.51,9.44,7.13,6.92
1339000,10.29,9.51,9.7,7.21,6.67
1340000,10.23,9.43,9.54,7.32,6.57
1341000,10.01,9.3,9.56,7.32,6.51
1342000,9.82,9.26,9.47,7.09,6.64
1343000,9.76,9.18,9.43,6.94,6.66
1344000,9.7,9.2,9.38,6.88,6.58
1345000,9.5,9.37,9.41,6.86,6.84
1346000,9.46,9.2,9.41,6.9,6.98
1347000,9.55,9.08,9.32,6.9,7.13
1348000,9.54,9.09,9.23,6.85,7.28
1349000,9.53,9.23,9.15,6.63,7.45
1350000,9.57,9.21,9.29,6.81,7.45
1351000,9.38,9.36,9.28,6.89,7.45
1352000,9.48,9.47,9.43,6.92,7.55
1353000,9.43,9.46,9.43,6.88,7.67
1354000,9.5,9.53,9.41,6.87,7.5
1355000,9.71,9.47,9.48,6.88,7.53
1356000,9.68,9.28,9.46,6.93,7.61
1357000,9.58,9.47,9.43,7.09,7.56
1358000,9.58,9.5,9.62,7.14,7.57
1359000,9.67,9.38,9.85,7.09,7.72
1360000,9.79,9.3,9.71,7.12,7.54
1361000,9.88,9.46,9.63,7.04,7.51
1362000,9.99,9.52,9.69,7.07,7.53
1363000,10.06,9.5,9.72,6.85,7.73
1364000,10.2,9.56,9.59,6.83,7.72
1365000,10.4,9.22,9.89,6.77,7.75
1366000,10.35,9.28,9.96,6.73,7.66
1367000,10.33,9.28,10.21,6.75,7.39
1368000,10.61,9.31,10.47,6.82,7.47
1369000,10.7,9.1,10.61,6.78,7.61
1370000,10.89,9.24,10.74,6.77,7.67
1371000,10.87,9.15,10.74,6.93,7.59
1372000,10.56,9.01,10.66,7.0,7.62
1373000,10.62,8.87,10.71,7.02,7.47
1374000,10.67,8.69,10.57,7.09,7.41
1375000,10.75,8.83,10.6,7.09,7.59
1376000,10.9,8.79,10.71,7.06,7.78
1377000,10.86,8.67,10.59,7.01,7.74
1378000,10.9,8.66,10.22,7.11,7.58
1379000,10.89,8.76,9.84,7.13,7.41
1380000,10.86,8.69,9.72,7.03,7.29
1381000,10.69,8.73,9.34,6.96,7.4
1382000,10.51,8.89,9.39,6.99,7.39
1383000,10.41,8.89,9.43,6.98,7.33
1384000,10.46,9.02,9.53,6.96,7.29
1385000,10.31,9.27,9.6,6.95,7.32
1386000,10.15,9.16,9.3,6.95,7.44
1387000,10.11,9.28,9.22,6.91,7.4
1388000,9.89,9.51,9.3,6.95,7.46
1389000,9.92,9.41,9.31,6.94,7.6
1390000,9.93,9.26,9.27,6.92,7.54
1391000,9.82,9.16,9.26,6.91,7.51
1392000,9.67,8.93,9.43,6.91,7.53
1393000,9.66,8.97,9.43,6.89,7.53
1394000,9.56,8.97,9.45,6.95,7.52
1395000,9.48,8.85,9.42,6.88,7.52
1396000,9.35,9.0,9.44,6.86,7.56
1397000,9.45,8.92,9.63,6.93,7.66
1398000,9.56,8.9,9.79,6.85,7.65
1399000,9.68,8.91,9.7,6.81,7.64
1400000,9.39,9.05,9.93,6.76,7.79
1401000,9.27,9.21,10.1,6.83,7.83
1402000,9.37,9.31,10.11,6.69,7.89
1403000,9.4,9.43,9.96,6.8,7.93
1404000,9.64,9.44,10.02,6.83,7.9
1405000,10.0,9.35,9.78,6.73,7.89
1406000,9.97,9.47,9.84,6.89,7.83
1407000,9.96,9.51,9.77,6.91,7.88
1408000,10.03,9.48,10.04,6.82,7.91
1409000,9.8,9.53,9.9,6.77,7.8
1410000,9.6,9.46,10.14,6.75,7.71
1411000,9.51,9.46,10.01,6.75,7.64
1412000,9.6,9.33,10.09,6.81,7.69
1413000,9.6,9.38,10.1,6.79,7.69
1414000,9.53,9.39,9.99,6.77,7.71
1415000,9.36,9.2,10.21,6.72,7.81
1416000,9.13,9.21,10.39,6.77,7.73
1417000,9.07,9.02,10.53,6.83,7.76
1418000,8.67,8.93,10.39,6.94,7.8
1419000,8.81,8.93,10.01,6.96,7.77
1420000,8.8,8.9,9.82,6.96,7.9
1421000,9.01,8.85,9.78,6.87,7.91
1422000,8.87,8.93,9.57,6.94,7.81
1423000,8.81,8.97,9.58,6.98,7.78
1424000,8.78,8.82,9.67,7.09,7.77
1425000,8.65,8.88,9.76,7.12,7.72
1426000,8.7,8.92,9.78,7.12,7.65
1427000,8.93,9.08,9.63,7.09,7.67
1428000,9.13,9.12,9.5,7.11,7.73
1429000,9.33,9.22,9.58,7.19,7.65
1430000,9.44,9.19,9.91,7.13,7.59
1431000,9.6,9.32,9.92,7.13,7.7
1432000,9.66,9.41,10.03,7.12,7.73
1433000,9.8,9.41,9.99,7.03,7.75
1434000,9.89,9.44,9.84,6.99,7.79
1435000,9.84,9.49,9.67,7.01,7.74
1436000,9.94,9.49,9.73,7.0,7.65
1437000,10.09,9.51,9.55,6.96,7.55
1438000,10.24,9.57,9.61,6.9,7.56
1439000,10.1,9.61,9.67,7.03,7.63
1440000,10.21,9.63,9.76,7.04,7.6
1441000,10.29,9.64,9.85,6.97,7.51
1442000,10.36,9.54,9.78,7.06,7.51
1443000,10.17,9.55,9.8,7.1,7.43
1444000,10.21,9.58,9.4,6.99,7.51
1445000,10.29,9.5,9.45,6.98,7.65
1446000,10.32,9.52,9.54,7.0,7.65
1447000,10.27,9.65,9.54,7.02,7.6
1448000,10.26,9.48,9.7,6.91,7.48
1449000,10.24,9.51,9.84,7.05,7.47
1450000,10.23,9.45,9.93,7.03,7.52
1451000,10.04,9.49,9.92,7.0,7.61
1452000,9.84,9.53,9.91,7.02,7.78
1453000,9.7,9.54,9.89,6.89,7.79
1454000,9.65,9.64,9.7,6.89,7.69
1455000,9.58,9.56,9.97,6.93,7.73
1456000,9.25,9.55,10.11,6.98,7.77
1457000,9.12,9.54,10.02,6.99,7.86
1458000,9.17,9.59,9.78,6.98,7.81
1459000,9.27,9.76,9.88,7.0,7.82
1460000,9.43,9.69,9.57,6.97,7.75
1461000,9.31,9.64,9.5,7.11,7.74
1462000,9.41,9.66,9.59,7.13,7.73
1463000,9.52,9.59,9.68,7.11,7.73
1464000,9.56,9.55,9.57,7.09,7.78
1465000,9.44,9.41,9.47,7.06,7.76
1466000,9.38,9.42,9.35,7.07,7.66
1467000,9.65,9.52,9.38,7.06,7.72
1468000,9.83,9.61,9.46,7.02,7.81
1469000,9.93,9.59,9.62,7.01,7.71
1470000,9.75,9.43,9.61,6.99,7.64
1471000,9.74,9.42,9.7,7.04,7.55
1472000,9.71,9.4,9.71,7.03,7.63
1473000,9.69,9.33,9.44,7.05,7.7
1474000,9.83,9.42,9.44,7.04,7.62
1475000,9.62,9.47,9.39,6.92,7.67
1476000,9.76,9.48,9.64,6.79,7.55
1477000,9.99,9.48,9.7,6.85,7.57
1478000,10.23,9.46,9.64,6.82,7.64
1479000,10.05,9.45,9.84,6.74,7.62
1480000,9.72,9.33,9.83,6.81,7.66
1481000,9.95,9.43,9.94,6.79,7.62
1482000,10.18,9.49,9.95,6.82,7.52
1483000,10.23,9.62,10.16,6.88,7.52
1484000,10.4,9.54,10.15,7.04,7.61
1485000,10.49,9.61,10.12,7.06,7.62
1486000,10.29,9.71,10.13,7.03,7.52
1487000,10.37,9.75,10.31,7.07,7.52
1488000,10.38,9.82,10.26,6.88,7.58
1489000,10.29,9.85,10.51,6.87,7.58
1490000,10.35,9.71,10.66,6.86,7.59
1491000,10.46,9.79,10.65,6.85,7.67
1492000,10.5,9.69,10.26,6.9,7.61
1493000,10.47,9.67,10.16,6.91,7.55
1494000,10.33,9.53,10.12,7.03,7.65
1495000,10.24,9.45,9.84,7.06,7.71
1496000,10.32,9.43,10.02,7.16,7.74
1497000,10.2,9.37,9.87,6.87,7.72
1498000,10.31,9.21,9.76,6.82,7.7
1499000,10.36,8.91,9.73,6.84,7.74
1500000,10.44,8.76,9.64,6.83,7.74
1501000,10.48,8.78,9.57,6.85,7.85
1502000,10.49,8.83,9.68,6.89,7.94
1503000,10.72,8.97,9.87,6.84,7.93
1504000,10.74,9.11,10.05,6.79,7.85
1505000,10.8,9.2,10.09,6.93,7.74
1506000,10.92,9.23,10.02,7.08,7.74
1507000,11.02,9.21,10.08,7.06,7.73
1508000,10.81,9.14,9.97,7.02,7.65
1509000,10.86,9.05,10.03,6.99,7.51
1510000,11.05,9.29,10.18,7.01,7.56
1511000,11.19,9.32,10.1,7.11,7.4
1512000,11.38,9.5,9.82,6.89,7.35
1513000,11.25,9.44,9.94,6.83,7.46
1514000,11.26,9.44,10.07,6.93,7.46
1515000,11.28,9.25,9.94,6.88,7.49
1516000,11.32,9.36,9.97,6.82,7.43
1517000,11.33,9.32,9.82,6.76,7.47
1518000,11.02,9.23,10.16,6.59,7.62
1519000,11.02,9.19,10.27,6.57,7.59
1520000,10.98,9.3,10.45,6.74,7.71
1521000,11.12,9.24,10.35,6.83,7.8
1522000,11.06,9.16,10.41,6.85,7.89
1523000,11.26,9.1,10.41,6.85,7.76
1524000,10.98,9.08,10.79,6.93,7.68
1525000,10.95,9.21,10.79,7.07,7.65
1526000,11.03,9.1,10.89,7.11,7.58
1527000,10.95,9.03,10.66,7.08,7.45
1528000,10.55,9.06,10.61,7.07,7.43
1529000,10.6,9.26,10.4,7.04,7.34
1530000,10.59,9.31,10.14,7.04,7.23
1531000,10.36,9.29,9.9,7.09,7.21
1532000,10.4,9.36,9.87,7.04,7.35
1533000,10.43,9.32,9.68,7.06,7.55
1534000,10.47,9.41,9.42,6.9,7.6
1535000,10.34,9.47,9.23,6.91,7.72
1536000,10.56,9.37,8.93,6.89,7.83
1537000,10.55,9.36,8.99,6.93,7.8
1538000,10.7,9.45,9.23,6.89,7.86
1539000,10.71,9.5,9.45,6.85,7.8
1540000,10.75,9.4,9.59,6.96,7.81
1541000,10.82,9.36,9.92,6.94,7.76
1542000,10.98,9.48,9.84,6.98,7.69
1543000,11.15,9.4,10.2,7.12,7.64
1544000,11.36,9.52,10.36,7.03,7.56
1545000,11.49,9.32,10.45,7.1,7.56
1546000,11.27,9.24,10.54,7.05,7.59
1547000,11.27,9.31,10.44,7.11,7.65
1548000,11.21,9.43,10.69,6.97,7.67
1549000,11.01,9.43,10.79,6.83,7.7
1550000,10.94,9.23,10.67,6.79,7.68
1551000,10.92,9.42,10.28,6.84,7.76
1552000,11.13,9.34,10.26,6.89,7.74
1553000,11.22,9.3,10.11,6.81,7.76
1554000,11.43,9.33,9.91,6.83,7.71
1555000,11.61,9.33,9.88,6.79,7.73
1556000,11.75,9.4,10.06,6.92,7.61
1557000,11.52,9.25,10.25,7.02,7.6
1558000,11.41,9.18,10.28,7.15,7.53
1559000,11.5,9.09,10.22,7.08,7.41
1560000,11.63,9.05,10.2,6.84,7.4
1561000,11.56,9.14,9.93,6.94,7.39
1562000,11.75,9.03,10.0,7.05,7.36
1563000,11.82,9.16,9.82,6.97,7.19
1564000,12.06,9.13,9.84,6.95,7.13
1565000,11.97,9.08,10.02,6.95,7.07
1566000,11.82,8.96,10.17,6.87,6.96
1567000,11.74,8.99,10.11,6.84,7.09
1568000,11.51,9.26,10.03,7.05,7.06
1569000,11.44,9.38,10.2,7.06,7.05
1570000,11.18,9.32,10.16,7.03,7.09
1571000,11.36,9.42,10.44,7.1,7.14
1572000,10.87,9.38,10.44,7.07,7.17
1573000,10.92,9.44,10.47,7.05,7.28
1574000,10.89,9.41,10.51,7.04,7.4
1575000,10.65,9.43,10.53,7.0,7.52
1576000,10.49,9.44,10.68,6.95,7.57
1577000,10.56,9.51,11.02,6.86,7.66
1578000,10.28,9.53,10.78,6.83,7.69
1579000,9.97,9.47,10.67,6.8,7.71
1580000,9.88,9.38,10.91,6.76,7.89
1581000,10.06,9.42,10.45,6.65,7.98
1582000,10.23,9.46,10.54,6.58,7.87
1583000,10.11,9.53,10.67,6.63,7.79
1584000,10.1,9.47,10.57,6.62,7.54
1585000,10.03,9.39,10.52,6.47,7.49
1586000,9.97,9.43,10.69,6.42,7.42
1587000,10.19,9.46,10.72,6.42,7.44
1588000,10.39,9.34,10.88,6.38,7.49
1589000,10.37,9.44,10.53,6.45,7.34
1590000,10.62,9.58,10.59,6.36,7.46
1591000,10.8,9.64,10.52,6.23,7.57
1592000,11.04,9.61,10.25,6.39,7.59
1593000,11.07,9.33,10.39,6.43,7.79
1594000,11.0,9.14,10.31,6.49,7.86
1595000,11.01,9.13,10.29,6.46,7.81
1596000,11.18,9.17,10.3,6.55,7.87
1597000,11.37,9.22,10.29,6.62,7.78
1598000,11.33,9.25,10.16,6.64,7.83
1599000,11.29,9.31,10.19,6.63,7.87
1600000,11.11,9.31,10.1,6.7,7.56
1601000,11.19,9.29,10.04,6.72,7.62
1602000,11.13,9.08,10.04,6.65,7.61
1603000,11.19,9.15,10.1,6.68,7.55
1604000,11.21,9.32,10.17,6.66,7.57
1605000,11.24,9.46,10.22,6.66,7.62
1606000,11.29,9.55,10.34,6.67,7.56
1607000,11.3,9.53,10.17,6.84,7.63
1608000,11.38,9.35,10.12,6.83,7.61
1609000,11.67,9.38,10.03,6.76,7.85
1610000,11.46,9.29,10.04,6.87,7.89
1611000,11.64,9.08,10.32,6.85,7.94
1612000,11.71,9.05,10.49,6.89,7.96
1613000,11.79,9.27,10.35,6.86,8.07
1614000,11.99,9.23,10.31,6.97,7.96
1615000,11.75,9.33,10.15,6.89,7.96
1616000,11.68,9.29,10.18,6.81,8.01
1617000,11.79,9.24,9.99,6.87,7.87
1618000,12.0,9.03,10.09,6.88,7.75
1619000,11.81,9.07,10.4,6.95,7.65
1620000,11.87,9.05,10.28,6.82,7.65
1621000,11.98,9.13,10.3,6.73,7.67
1622000,11.65,9.33,10.2,6.71,7.58
1623000,11.65,9.19,9.78,6.83,7.64
1624000,11.73,9.02,9.92,6.79,7.69
1625000,11.79,9.03,9.99,6.9,7.76
1626000,12.01,8.93,10.15,6.81,7.68
1627000,11.88,8.89,9.87,6.84,7.86
1628000,11.85,9.0,9.89,6.92,7.97
1629000,11.84,8.9,10.05,7.07,7.93
1630000,11.97,8.88,9.97,6.95,7.93
1631000,11.96,8.9,9.66,7.05,7.85
1632000,11.91,8.81,9.36,7.14,7.84
1633000,11.88,8.76,9.26,7.05,7.65
1634000,11.45,8.91,9.29,7.13,7.57
1635000,11.82,8.98,9.27,7.2,7.71
1636000,11.95,8.86,9.17,6.99,7.69
1637000,11.58,8.91,9.17,6.86,7.51
1638000,11.6,8.92,9.39,6.9,7.55
1639000,11.43,9.06,9.25,6.94,7.53
1640000,11.48,9.19,9.05,6.9,7.72
1641000,11.6,9.19,8.99,6.93,7.51
1642000,11.67,9.2,9.1,6.9,7.5
1643000,11.91,9.23,9.26,6.86,7.47
1644000,11.84,9.3,9.37,6.91,7.31
1645000,11.73,9.22,9.31,7.03,7.22
1646000,11.7,9.25,9.25,7.13,7.18
1647000,11.95,9.09,9.33,7.11,7.17
1648000,11.96,9.15,9.24,6.97,7.11
1649000,12.0,9.08,9.06,6.95,7.33
1650000,12.21,9.07,9.19,6.95,7.3
1651000,12.49,9.02,9.29,6.97,7.42
1652000,12.3,8.98,9.23,6.92,7.48
1653000,12.36,8.99,9.26,6.87,7.62
1654000,12.11,8.9,9.16,6.82,7.81
1655000,12.0,8.75,9.03,6.71,7.72
1656000,11.79,8.91,9.05,6.85,7.84
1657000,11.73,9.0,8.96,6.84,7.83
1658000,11.82,9.02,8.97,6.83,7.93
1659000,11.74,8.81,9.17,6.84,7.91
1660000,11.6,8.89,9.11,6.92,7.89
1661000,11.56,8.91,9.18,6.82,7.91
1662000,11.85,8.96,9.4,6.89,8.0
1663000,11.73,8.84,9.59,6.86,7.92
1664000,11.39,8.82,9.82,6.88,8.04
1665000,11.53,8.91,9.96,6.95,7.97
1666000,11.46,9.04,10.15,6.94,7.94
1667000,11.65,8.76,10.07,6.79,7.87
1668000,11.52,8.9,10.32,6.78,7.9
1669000,11.62,9.05,10.27,6.88,7.82
1670000,11.5,9.09,10.23,6.94,7.79
1671000,11.56,9.2,10.23,6.83,7.72
1672000,11.31,9.2,10.57,6.8,7.76
1673000,11.54,9.27,10.56,6.78,7.7
1674000,11.4,9.35,10.56,6.85,7.8
1675000,11.28,9.32,10.54,6.93,7.9
1676000,11.21,9.45,10.63,7.0,7.93
1677000,11.47,9.37,10.38,6.78,7.88
1678000,11.55,9.58,10.34,6.69,7.9
1679000,11.73,9.42,10.59,6.87,8.02
1680000,11.91,9.5,10.66,6.86,8.04
1681000,11.79,9.47,10.69,6.77,8.09
1682000,11.8,9.45,10.73,6.73,8.12
1683000,11.85,9.42,10.84,6.77,8.14
1684000,11.77,9.38,10.75,6.69,8.1
1685000,11.88,9.49,10.73,6.78,8.1
1686000,12.0,9.67,10.61,6.76,8.05
1687000,12.1,9.62,10.34,6.73,8.04
1688000,12.04,9.73,10.18,6.78,8.1
1689000,12.23,9.56,10.22,6.84,8.1
1690000,12.37,9.61,10.15,6.83,8.14
1691000,12.33,9.69,9.99,6.8,8.07
1692000,12.12,9.58,10.06,6.94,7.97
1693000,12.2,9.4,10.2,7.0,7.98
1694000,12.21,9.29,10.21,7.15,7.93
1695000,12.44,9.25,10.06,7.16,7.97
1696000,12.22,9.15,10.25,7.19,8.03
1697000,12.31,9.19,10.36,7.1,8.03
1698000,12.52,9.2,10.36,7.05,8.06
1699000,12.8,9.26,10.54,7.01,8.06
1700000,12.55,9.3,10.62,7.0,8.01
1701000,12.62,9.21,10.65,6.98,8.09
1702000,12.62,9.18,10.77,7.04,8.18
1703000,12.46,9.32,10.99,7.07,8.2
1704000,12.32,9.51,11.1,7.07,8.31
1705000,12.31,9.77,11.08,7.11,8.21
1706000,12.33,9.67,11.03,7.2,8.17
1707000,12.07,9.69,10.99,7.29,8.11
1708000,11.98,9.77,10.92,7.31,8.07
1709000,12.07,9.65,10.75,7.32,8.07
1710000,12.21,9.65,10.82,7.26,8.05
1711000,12.17,9.71,10.33,7.2,8.0
1712000,12.05,9.58,10.32,7.16,7.96
1713000,12.07,9.61,10.2,7.1,7.91
1714000,12.39,9.58,10.06,7.11,7.92
1715000,12.16,9.46,10.09,6.98,7.94
1716000,12.18,9.45,10.0,6.85,7.92
1717000,12.38,9.4,9.83,6.6,7.74
1718000,12.3,9.38,9.86,6.58,7.5
1719000,12.37,9.3,9.85,6.63,7.6
1720000,12.54,9.35,9.83,6.69,7.63
1721000,12.77,9.2,9.91,6.72,7.63
1722000,12.62,9.15,10.18,6.74,7.51
1723000,12.35,9.28,10.32,6.83,7.44
1724000,12.11,9.38,10.3,6.93,7.31
1725000,12.12,9.37,10.38,7.07,7.44
1726000,12.17,9.35,10.39,7.18,7.51
1727000,11.95,8.92,10.35,7.2,7.82
1728000,11.95,8.95,10.21,7.17,7.76
1729000,11.87,8.7,10.05,7.04,7.78
1730000,11.91,8.53,10.03,6.95,7.67
1731000,11.77,8.62,10.07,6.96,7.79
1732000,11.74,8.64,10.13,6.96,7.94
1733000,11.7,8.6,10.14,6.76,8.18
1734000,11.62,8.66,10.25,6.71,8.05
1735000,11.69,8.62,10.38,6.64,8.12
1736000,11.82,8.58,10.35,6.53,8.06
1737000,12.0,8.81,10.21,6.69,8.04
1738000,12.11,8.98,10.22,6.7,7.94
1739000,11.92,9.18,10.12,6.67,8.0
1740000,11.88,9.33,10.26,6.68,7.87
1741000,12.01,9.4,10.46,6.78,7.83
1742000,11.87,9.43,10.55,6.68,7.72
1743000,11.92,9.49,10.78,6.76,7.83
1744000,11.81,9.46,10.79,6.8,7.88
1745000,11.77,9.38,10.33,6.57,7.93
1746000,11.74,9.49,10.25,6.48,8.0
1747000,11.27,9.54,10.31,6.16,8.08
1748000,11.32,9.6,10.0,6.25,8.18
1749000,11.39,9.61,10.2,6.25,8.11
1750000,11.29,9.5,10.25,6.27,8.22
1751000,11.52,9.57,10.31,6.29,8.15
1752000,11.72,9.57,10.44,6.41,8.21
1753000,11.7,9.6,10.27,6.52,8.08
1754000,11.82,9.56,10.15,6.55,8.25
1755000,11.85,9.48,9.88,6.67,8.1
1756000,11.89,9.58,9.78,6.67,7.99
1757000,11.93,9.56,9.93,6.76,7.93
1758000,12.12,9.46,9.83,6.73,8.01
1759000,12.19,9.39,10.03,6.7,8.0
1760000,12.11,9.39,10.01,6.64,7.98
1761000,12.34,9.53,10.07,6.64,7.95
1762000,12.28,9.36,9.88,6.8,7.95
1763000,12.2,9.16,9.84,6.78,7.71
1764000,12.38,9.2,9.8,6.79,7.76
1765000,12.06,9.25,10.03,6.81,7.81
1766000,12.3,9.4,10.04,6.88,7.89
1767000,12.32,9.4,10.27,6.89,7.81
1768000,12.29,9.3,10.32,6.97,7.62
1769000,12.47,9.3,10.36,6.79,7.67
1770000,12.59,9.44,10.64,6.89,7.7
1771000,12.72,9.45,10.71,6.81,7.74
1772000,12.58,9.51,10.82,6.85,7.9
1773000,12.55,9.45,10.61,6.76,7.97
1774000,12.61,9.75,10.68,6.78,7.98
1775000,12.58,9.68,10.59,6.86,7.85
1776000,12.7,9.55,10.64,6.69,7.94
1777000,12.93,9.48,10.45,6.78,7.94
1778000,12.76,9.41,10.35,6.66,8.0
1779000,12.73,9.55,10.3,6.5,8.0
1780000,12.69,9.61,10.38,6.46,8.0
1781000,12.61,9.48,10.15,6.43,7.98
1782000,12.03,9.47,10.05,6.31,7.88
1783000,11.71,9.49,10.08,6.24,7.9
1784000,11.61,9.42,10.16,6.32,7.93
1785000,11.52,9.34,10.03,6.45,7.81
1786000,11.58,9.34,9.93,6.45,7.82
1787000,11.52,9.47,9.98,6.68,7.83
1788000,11.7,9.51,10.09,6.72,7.93
1789000,11.59,9.35,10.15,6.74,7.89
1790000,11.79,9.37,10.23,6.74,7.75
1791000,11.8,9.33,10.19,6.81,7.84
1792000,11.74,9.44,10.39,6.86,7.94
1793000,11.21,9.35,10.49,6.9,8.07
1794000,11.05,9.32,10.61,6.96,8.27
1795000,10.94,9.41,10.79,6.85,8.41
1796000,10.9,9.46,10.61,6.89,8.42
1797000,10.65,9.43,10.62,6.94,8.35
1798000,10.39,9.21,10.73,6.98,8.4
1799000,9.94,9.28,10.59,7.02,8.22
1800000,9.74,9.35,10.58,7.06,8.18
1801000,9.27,9.23,10.75,7.1,8.04
1802000,9.52,9.36,10.91,7.06,7.71
1803000,9.59,9.26,10.86,7.16,7.62
1804000,9.93,9.32,10.94,7.22,7.61
1805000,10.24,9.28,10.56,7.11,7.62
1806000,10.42,9.38,10.85,7.09,7.55
1807000,10.27,9.46,10.38,7.01,7.58
1808000,10.09,9.31,10.27,6.96,7.81
1809000,10.23,9.46,10.29,6.96,7.86
1810000,10.04,9.36,10.18,6.94,7.86
1811000,10.25,9.42,10.0,6.94,7.95
1812000,10.48,9.48,9.68,6.89,7.78
1813000,10.48,9.44,9.69,6.97,7.74
1814000,10.32,9.52,9.53,7.01,7.58
1815000,9.81,9.52,9.43,7.06,7.72
1816000,9.52,9.68,9.69,7.02,7.63
1817000,9.42,9.65,9.84,7.02,7.61
1818000,9.52,9.53,9.95,6.91,7.61
1819000,9.66,9.52,9.93,6.97,7.66
1820000,9.69,9.69,9.84,6.92,7.59
1821000,9.71,9.8,9.97,6.83,7.74
1822000,9.61,9.79,10.06,6.68,7.65
1823000,9.26,9.69,10.37,6.73,7.69
1824000,9.16,9.72,10.53,6.51,7.66
1825000,9.34,9.62,10.78,6.51,7.79
1826000,9.46,9.6,10.81,6.51,7.77
1827000,9.88,9.56,10.71,6.53,7.87
1828000,10.09,9.62,10.42,6.58,7.83
1829000,10.4,9.49,10.2,6.61,7.92
1830000,10.41,9.45,10.22,6.71,7.96
1831000,10.37,9.38,10.29,6.68,8.0
1832000,10.47,9.35,10.6,6.81,8.14
1833000,10.49,9.41,10.86,6.89,8.09
1834000,10.67,9.47,10.93,6.8,8.08
1835000,10.74,9.47,10.83,6.85,8.08
1836000,10.65,9.56,10.77,6.9,7.92
1837000,10.71,9.39,10.82,6.75,7.91
1838000,10.36,9.37,10.91,6.69,7.92
1839000,10.17,9.15,10.87,6.74,8.03
1840000,10.11,9.22,11.04,6.67,8.03
1841000,10.06,9.42,11.32,6.69,8.12
1842000,10.44,9.47,11.38,6.76,8.13
1843000,10.43,9.35,11.6,6.66,8.1
1844000,10.35,9.28,11.49,6.63,8.18
1845000,10.39,9.22,11.35,6.67,7.97
1846000,10.47,9.27,11.0,6.8,8.07
1847000,10.73,9.17,10.93,6.81,8.07
1848000,10.55,9.24,10.8,6.96,8.05
1849000,10.8,9.24,10.65,6.8,7.82
1850000,11.08,9.54,10.26,6.78,7.7
1851000,11.46,9.46,10.38,6.88,7.6
1852000,11.59,9.41,10.06,6.9,7.53
1853000,11.8,9.28,10.06,6.9,7.47
1854000,11.82,9.34,10.27,6.94,7.6
1855000,11.42,9.39,10.22,6.93,7.49
1856000,11.43,9.49,10.44,7.05,7.43
1857000,11.21,9.41,10.31,7.09,7.45
1858000,11.29,9.45,10.54,7.14,7.63
1859000,11.44,9.47,10.5,7.18,7.69
1860000,11.42,9.57,10.52,7.1,7.76
1861000,11.77,9.4,10.65,7.0,7.84
1862000,11.73,9.49,10.65,6.96,7.91
1863000,11.64,9.46,10.71,6.94,8.0
1864000,11.41,9.49,10.85,6.87,8.13
1865000,11.48,9.51,10.61,6.81,8.05
1866000,11.36,9.56,10.17,6.77,8.05
1867000,11.48,9.54,10.0,6.74,7.92
1868000,11.52,9.53,9.89,6.82,7.84
1869000,11.49,9.49,9.94,6.93,7.7
1870000,11.86,9.72,10.03,6.93,7.62
1871000,11.99,9.66,9.9,6.98,7.52
1872000,11.98,9.62,9.9,7.03,7.24
1873000,11.89,9.72,9.77,7.03,7.24
1874000,11.63,9.71,10.11,7.12,7.38
1875000,11.5,9.69,10.04,7.1,7.38
1876000,11.6,9.78,9.86,7.01,7.49
1877000,11.78,9.74,10.0,6.98,7.52
1878000,11.88,9.61,10.18,6.96,7.48
1879000,11.94,9.45,10.4,7.01,7.49
1880000,11.95,9.38,10.32,6.94,7.48
1881000,11.92,9.29,10.23,7.0,7.63
1882000,12.08,9.3,10.28,7.0,7.59
1883000,11.87,9.33,10.57,6.96,7.55
1884000,11.93,9.39,10.63,7.06,7.56
1885000,11.79,9.32,10.67,7.0,7.51
1886000,11.67,9.37,10.51,6.99,7.38
1887000,11.58,9.3,10.42,6.87,7.57
1888000,11.88,9.25,10.55,6.95,7.63
1889000,11.89,9.19,10.41,6.98,7.66
1890000,11.62,9.4,10.76,7.01,7.63
1891000,11.69,9.52,10.68,7.03,7.6
1892000,11.22,9.58,10.56,6.92,7.65
1893000,11.39,9.51,10.56,6.98,7.68
1894000,11.32,9.54,10.36,7.04,7.68
1895000,11.55,9.48,10.24,7.16,7.67
1896000,11.48,9.54,10.22,7.15,7.4
1897000,11.29,9.56,10.48,7.11,7.28
1898000,11.71,9.62,10.31,6.88,7.41
1899000,11.93,9.59,10.51,6.81,7.29
1900000,11.59,9.7,10.58,6.75,7.37
1901000,11.56,9.79,10.57,6.64,7.07
1902000,11.47,9.72,10.35,6.71,6.94
1903000,11.69,9.77,10.29,6.6,7.14
1904000,11.73,9.82,10.28,6.57,7.24
1905000,11.78,9.74,10.48,6.66,7.4
1906000,11.9,9.74,10.65,6.81,7.4
1907000,11.95,9.82,10.61,6.86,7.33
1908000,11.65,9.86,10.79,6.95,7.38
1909000,11.9,9.9,10.61,7.15,7.45
1910000,12.11,9.93,10.79,7.13,7.54
1911000,12.13,10.02,10.86,7.22,7.66
1912000,11.92,10.0,10.97,7.1,7.64
1913000,12.35,9.93,10.81,7.05,7.57
1914000,12.26,9.88,10.77,7.05,7.62
1915000,12.38,9.87,10.86,7.13,7.73
1916000,12.49,9.8,10.81,7.07,7.89
1917000,12.5,9.78,10.69,6.98,7.82
1918000,12.44,9.79,10.56,6.92,7.87
1919000,12.6,9.77,10.72,6.88,7.98
1920000,12.65,9.76,10.91,7.0,7.96
1921000,12.43,9.81,10.66,6.94,7.97
1922000,12.6,9.78,10.46,6.91,8.02
1923000,12.71,9.72,10.35,6.96,7.87
1924000,12.71,9.79,10.32,7.03,7.84
1925000,12.85,9.84,10.59,7.1,7.78
1926000,12.68,9.79,10.38,7.14,7.86
1927000,12.81,9.8,10.36,7.14,7.83
1928000,12.95,9.67,10.59,7.19,7.71
1929000,12.7,9.6,10.68,7.27,7.64
1930000,12.86,9.62,10.51,7.28,7.58
1931000,12.78,9.61,10.57,7.21,7.55
1932000,12.76,9.6,10.23,7.13,7.7
1933000,12.5,9.51,10.56,7.12,7.75
1934000,12.58,9.57,10.54,7.13,7.65
1935000,12.73,9.56,10.61,7.18,7.7
1936000,12.9,9.51,10.52,7.12,7.81
1937000,12.54,9.46,10.28,7.11,7.63
1938000,12.53,9.54,10.53,7.07,7.69
1939000,12.48,9.71,10.62,7.08,7.77
1940000,12.53,9.74,10.5,7.02,7.86
1941000,12.78,9.64,10.46,7.04,7.74
1942000,12.9,9.61,10.44,7.07,7.7
1943000,13.18,9.61,10.38,6.99,7.7
1944000,13.5,9.56,10.52,6.97,7.73
1945000,13.6,9.57,10.19,7.08,7.64
1946000,13.59,9.59,10.19,6.98,7.82
1947000,13.93,9.68,10.28,7.05,7.87
1948000,13.73,9.54,10.05,7.15,7.84
1949000,13.64,9.54,10.07,7.06,7.84
1950000,13.72,9.49,10.19,7.0,7.88
1951000,13.66,9.56,10.42,6.97,7.95
1952000,13.65,9.71,10.3,7.0,7.93
1953000,13.86,9.66,10.22,7.0,7.72
1954000,13.65,9.72,10.21,6.98,7.71
1955000,13.63,9.69,10.35,7.05,7.65
1956000,13.45,9.61,10.29,7.01,7.71
1957000,13.3,9.62,10.43,7.0,7.75
1958000,13.03,9.58,10.46,6.95,7.68
1959000,13.04,9.64,10.48,7.1,7.72
1960000,12.8,9.7,10.57,7.08,7.78
1961000,12.82,9.71,10.41,7.06,7.78
1962000,12.77,9.68,10.4,7.02,7.92
1963000,13.07,9.55,10.19,6.88,7.9
1964000,13.03,9.56,10.27,6.87,7.87
1965000,13.04,9.5,10.38,6.88,7.82
1966000,13.21,9.59,10.63,6.94,7.75
1967000,13.36,9.74,10.57,6.97,7.75
1968000,13.16,9.68,10.79,6.94,7.62
1969000,12.84,9.73,10.6,6.91,7.43
1970000,12.94,9.79,10.67,6.91,7.34
1971000,12.79,9.84,10.56,6.96,7.23
1972000,12.66,9.67,10.65,7.0,7.25
1973000,12.72,9.73,10.87,6.98,7.35
1974000,12.54,9.69,10.92,6.96,7.38
1975000,12.77,9.68,10.82,6.95,7.42
1976000,12.89,9.71,11.05,6.91,7.57
1977000,12.6,9.66,10.95,6.91,7.54
1978000,12.56,9.55,10.64,6.95,7.66
1979000,12.57,9.5,10.33,7.03,7.79
1980000,12.68,9.55,10.29,7.06,7.8
1981000,12.44,9.52,10.31,7.14,7.69
1982000,12.45,9.42,10.22,7.19,7.58
1983000,12.54,9.54,10.36,7.16,7.65
1984000,12.94,9.51,10.23,7.22,7.65
1985000,12.98,9.69,10.23,7.27,7.62
1986000,13.06,9.76,10.34,7.33,7.51
1987000,13.34,9.74,10.58,7.32,7.22
1988000,13.3,9.55,10.39,7.29,7.07
1989000,13.29,9.61,10.67,7.24,7.03
1990000,13.35,9.64,10.79,7.24,7.12
1991000,13.14,9.68,10.53,7.08,7.06
1992000,13.33,9.74,10.67,7.01,6.88
1993000,13.48,9.7,10.91,6.9,6.77
1994000,13.33,9.71,10.88,6.72,6.86
1995000,12.98,9.75,10.82,6.72,6.93
1996000,13.08,9.76,11.09,6.53,6.93
1997000,13.28,9.66,10.81,6.39,7.0
1998000,13.11,9.63,10.72,6.23,6.92
1999000,13.09,9.72,10.63,6.41,6.81
2000000,12.98,9.79,10.33,6.48,6.9
2001000,12.37,9.8,10.54,6.51,6.92
2002000,12.36,9.78,10.45,6.57,6.99
2003000,12.35,9.69,10.76,6.67,7.24
2004000,12.13,9.73,11.09,6.82,7.28
2005000,12.32,9.67,10.83,6.92,7.36
2006000,12.35,9.63,10.69,7.07,7.45
2007000,12.55,9.63,10.58,7.06,7.64
2008000,12.83,9.76,10.35,6.97,7.79
2009000,12.88,9.58,10.56,6.96,7.99
2010000,13.26,9.56,10.65,6.95,7.96
2011000,13.5,9.55,10.94,6.85,7.88
2012000,13.24,9.38,10.95,6.84,7.85
2013000,13.45,9.48,11.06,6.71,7.99
2014000,12.79,9.56,11.09,6.77,8.1
2015000,12.89,9.59,11.04,6.83,8.06
2016000,13.09,9.64,10.98,6.88,8.02
2017000,13.02,9.56,10.76,6.89,8.0
2018000,13.07,9.43,10.8,6.88,7.97
2019000,13.29,9.38,11.02,6.95,8.0
2020000,13.36,9.44,11.05,6.98,8.04
2021000,13.31,9.38,11.39,7.01,8.09
2022000,12.8,9.5,11.51,7.05,8.05
2023000,12.55,9.54,11.31,7.03,7.92
2024000,12.4,9.41,11.05,6.97,7.91
2025000,12.19,9.33,10.87,6.99,7.98
2026000,12.33,9.44,10.8,7.09,7.88
2027000,12.11,9.5,10.84,7.12,7.75
2028000,12.53,9.61,11.06,7.09,7.73
2029000,12.78,9.69,11.29,7.1,7.76
2030000,13.0,9.67,11.58,7.15,7.76
2031000,12.84,9.74,11.59,7.12,7.82
2032000,13.06,9.83,11.76,7.12,7.8
2033000,13.31,9.89,11.92,7.17,7.87
2034000,13.11,9.88,11.87,7.14,7.84
2035000,12.72,9.95,11.69,7.07,7.92
2036000,12.94,10.21,11.77,7.1,8.07
2037000,13.11,10.19,11.98,7.03,8.08
2038000,13.3,10.18,12.19,6.97,8.11
2039000,13.47,9.96,12.28,7.02,8.1
2040000,13.66,10.01,12.36,7.07,8.13
2041000,13.61,10.07,12.04,7.0,8.19
2042000,13.76,10.08,11.93,6.93,8.25
2043000,13.76,9.96,11.44,6.95,8.29
2044000,13.74,9.84,11.39,7.05,8.25
2045000,13.72,9.53,11.51,7.07,8.22
2046000,13.87,9.51,11.43,7.14,8.22
2047000,13.99,9.28,11.1,7.08,8.26
2048000,14.03,9.19,10.81,7.04,8.26
2049000,14.04,9.25,10.68,7.12,8.11
2050000,14.06,9.25,10.67,7.11,8.06
2051000,14.42,9.25,10.85,7.1,8.1
2052000,14.52,9.27,10.79,7.1,8.06
2053000,14.58,9.19,11.03,7.06,8.04
2054000,13.92,9.1,11.1,6.99,8.08
2055000,13.99,9.22,11.03,7.05,8.11
2056000,13.74,9.25,11.25,7.05,7.98
2057000,13.64,9.23,11.36,7.01,7.94
2058000,13.4,9.29,11.03,7.01,7.94
2059000,13.39,9.04,11.06,7.04,7.92
2060000,13.39,9.17,11.14,7.08,7.82
2061000,13.46,9.04,10.86,7.0,7.75
2062000,13.55,8.87,11.01,7.06,7.73
2063000,13.56,8.95,11.11,7.06,7.72
2064000,13.52,8.89,10.95,6.94,7.49
2065000,13.51,8.97,10.91,6.97,7.74
2066000,13.58,9.03,10.87,6.9,7.79
2067000,13.39,9.19,11.08,6.9,7.76
2068000,13.4,9.1,11.08,6.88,7.85
2069000,13.82,9.19,10.7,6.99,7.72
2070000,13.68,9.41,10.8,7.03,7.75
2071000,13.56,9.32,10.9,7.01,7.67
2072000,13.94,9.41,10.95,6.91,7.62
2073000,13.74,9.46,11.11,6.97,7.69
2074000,13.8,9.27,11.1,7.02,7.58
2075000,13.44,9.36,10.9,6.99,7.57
2076000,13.53,9.35,10.82,6.96,7.6
2077000,13.33,9.35,10.69,6.9,7.64
2078000,13.34,9.26,10.47,6.84,7.71
2079000,13.29,9.28,10.22,6.86,7.72
2080000,13.21,9.27,10.42,7.08,7.7
2081000,13.19,9.4,10.62,7.06,7.73
2082000,13.07,9.46,10.47,7.02,7.73
2083000,12.93,9.48,10.6,7.05,7.62
2084000,12.71,9.5,10.71,7.08,7.52
2085000,12.76,9.61,10.58,7.11,7.51
2086000,12.83,9.67,10.7,7.08,7.51
2087000,12.8,9.68,10.93,7.1,7.38
2088000,12.83,9.67,11.06,7.04,7.46
2089000,12.88,9.78,10.92,7.06,7.52
2090000,13.08,9.78,11.03,7.07,7.67
2091000,12.88,9.63,10.83,7.1,7.65
2092000,12.94,9.63,10.99,7.09,7.76
2093000,13.03,9.48,10.94,7.13,7.84
2094000,13.13,9.45,11.14,7.16,7.77
2095000,12.81,9.31,10.93,7.18,7.74
2096000,12.91,9.37,10.75,7.2,7.82
2097000,12.66,9.27,10.83,7.25,8.0
2098000,12.95,9.31,10.92,7.38,8.04
2099000,13.14,9.28,11.06,7.25,7.96
2100000,13.19,9.16,10.9,7.21,8.08
2101000,13.13,9.19,11.14,7.32,8.18
2102000,12.92,9.41,11.18,7.33,8.12
2103000,12.67,9.2,11.37,7.37,8.11
2104000,12.84,9.3,11.52,7.33,8.17
2105000,12.33,9.21,11.24,7.13,8.15
2106000,12.57,9.3,11.08,6.97,8.0
2107000,12.43,9.27,10.61,7.02,7.97
2108000,12.57,9.22,10.62,6.95,7.84
2109000,12.39,8.95,10.59,6.81,7.72
2110000,12.13,8.91,10.51,6.74,7.67
2111000,12.44,8.99,10.36,6.72,7.59
2112000,12.41,9.01,10.08,6.73,7.53
2113000,12.62,9.18,10.01,6.88,7.48
2114000,12.43,9.27,9.57,6.91,7.4
2115000,12.23,9.38,9.48,6.97,7.26
2116000,12.27,9.42,9.52,7.0,7.33
2117000,12.6,9.22,9.66,7.02,7.37
2118000,12.65,9.15,9.98,7.06,7.45
2119000,12.78,9.3,10.32,7.05,7.51
2120000,12.98,9.47,10.53,7.08,7.39
2121000,12.57,9.59,10.72,7.09,7.48
2122000,12.42,9.55,10.67,7.0,7.61
2123000,12.82,9.5,10.91,7.01,7.76
2124000,13.01,9.53,10.85,6.94,7.75
2125000,12.94,9.33,11.04,7.02,7.74
2126000,13.01,9.33,11.04,7.02,7.6
2127000,12.75,9.42,11.51,7.01,7.51
2128000,12.55,9.46,11.72,7.0,7.63
2129000,12.84,9.57,11.75,6.98,7.74
2130000,12.88,9.61,12.01,7.05,7.79
2131000,12.99,9.53,11.69,7.09,7.7
2132000,13.18,9.59,11.44,7.13,7.66
2133000,13.31,9.56,11.41,7.16,7.57
2134000,13.16,9.54,11.45,7.13,7.47
2135000,13.09,9.48,11.4,7.19,7.54
2136000,13.26,9.64,11.41,7.14,7.58
2137000,13.27,9.49,11.76,7.09,7.24
2138000,13.1,9.39,11.85,6.98,7.14
2139000,12.73,9.52,11.86,6.98,7.05
2140000,12.85,9.49,11.62,6.94,7.02
2141000,12.77,9.43,11.82,6.95,7.01
2142000,12.87,9.54,11.83,6.95,7.34
2143000,13.03,9.6,11.77,6.89,7.44
2144000,13.25,9.61,11.84,6.89,7.45
2145000,13.37,9.64,11.98,6.91,7.44
2146000,13.3,9.65,12.18,6.9,7.73
2147000,13.18,9.63,11.87,6.71,7.73
2148000,13.15,9.61,11.96,6.7,7.76
2149000,13.33,9.6,11.93,6.64,7.82
2150000,13.47,9.63,11.86,6.71,7.91
2151000,13.53,9.58,12.03,6.67,7.73
2152000,13.67,9.55,12.03,6.63,7.72
2153000,13.64,9.61,11.9,6.63,7.75
2154000,13.94,9.53,11.79,6.58,7.86
2155000,14.2,9.46,11.76,6.75,7.88
2156000,14.19,9.52,11.76,6.76,7.86
2157000,14.32,9.64,11.87,6.79,7.9
2158000,14.16,9.68,11.99,6.73,7.93
2159000,14.22,9.79,11.97,6.74,7.78
2160000,13.79,9.77,12.2,6.83,8.01
2161000,13.67,9.85,12.42,6.87,8.02
2162000,13.91,9.73,12.16,6.95,8.03
2163000,14.01,9.65,12.16,6.95,8.03
2164000,13.94,9.69,12.12,6.97,8.16
2165000,13.82,9.79,11.8,6.94,8.15
2166000,13.83,9.81,11.77,6.98,8.28
2167000,13.92,9.53,11.81,7.09,8.23
2168000,13.93,9.42,11.76,7.07,8.25
2169000,14.13,9.31,11.81,7.1,8.36
2170000,14.26,9.21,11.91,7.07,8.39
2171000,14.02,9.21,11.51,6.98,8.22
2172000,14.11,9.25,11.63,6.94,8.23
2173000,14.25,9.4,11.52,6.86,8.19
2174000,14.15,9.42,11.33,6.85,8.03
2175000,14.08,9.33,11.63,6.87,7.68
2176000,14.37,9.21,11.55,6.86,7.66
2177000,14.37,9.19,11.28,6.77,7.67
2178000,14.3,9.3,11.07,6.82,7.5
2179000,14.01,9.34,11.12,6.89,7.45
2180000,14.11,9.42,11.16,6.92,7.5
2181000,14.22,9.43,11.17,7.0,7.37
2182000,14.01,9.35,10.62,7.07,7.45
2183000,13.84,9.36,10.61,6.89,7.47
2184000,13.73,9.31,10.78,6.99,7.73
2185000,13.59,9.18,10.71,7.02,7.69
2186000,13.62,9.08,10.68,7.0,7.64
2187000,13.79,9.07,10.68,6.91,7.76
2188000,14.02,9.06,10.55,6.93,7.91
2189000,13.83,9.19,10.74,6.8,7.83
2190000,14.15,9.11,10.89,6.54,7.92
2191000,14.3,9.05,10.91,6.64,8.1
2192000,14.27,9.14,10.8,6.65,7.98
2193000,14.11,9.18,10.54,6.66,7.97
2194000,13.92,9.27,10.86,6.65,8.05
2195000,14.15,9.34,11.28,6.76,8.19
2196000,14.13,9.46,11.36,6.76,8.24
2197000,14.03,9.4,11.34,6.91,8.24
2198000,14.17,9.42,11.31,6.97,8.24
2199000,14.21,9.49,11.71,7.07,8.24
2200000,14.12,9.5,11.63,6.91,8.19
2201000,14.17,9.59,11.32,6.87,8.25
2202000,14.09,9.58,11.34,6.87,8.31
2203000,13.97,9.5,11.39,6.88,8.33
2204000,14.03,9.58,11.63,6.98,8.25
2205000,14.07,9.64,11.91,6.93,8.13
2206000,13.82,9.6,12.22,7.0,8.18
2207000,13.81,9.63,11.99,7.01,7.96
2208000,13.6,9.75,11.8,7.14,7.96
2209000,13.61,9.75,11.66,7.27,7.97
2210000,13.68,9.79,11.57,7.23,7.87
2211000,13.71,9.76,11.79,7.23,7.87
2212000,13.58,9.85,11.69,7.26,7.92
2213000,13.71,9.75,11.64,7.36,7.96
2214000,13.63,9.86,11.81,7.26,7.94
2215000,13.61,9.69,11.9,7.08,7.88
2216000,13.81,9.65,11.88,7.11,7.98
2217000,13.77,9.66,11.72,7.02,8.11
2218000,13.54,9.64,11.04,6.99,8.12
2219000,13.34,9.68,10.88,6.97,8.06
2220000,13.45,9.7,11.12,7.0,8.01
2221000,13.52,9.71,10.96,6.97,7.92
2222000,13.62,9.7,11.02,7.04,7.83
2223000,13.4,9.39,11.22,7.18,7.83
2224000,13.42,9.5,11.18,7.26,8.0
2225000,13.31,9.61,11.17,7.27,7.98
2226000,13.4,9.57,11.06,7.32,7.87
2227000,13.35,9.31,10.89,7.31,7.8
2228000,13.42,9.12,10.88,7.2,7.87
2229000,13.17,9.1,10.89,7.12,8.05
2230000,13.14,9.07,11.16,7.18,8.15
2231000,12.95,9.0,11.47,7.21,8.18
2232000,12.98,9.07,11.37,7.17,8.16
2233000,13.15,9.19,11.16,7.14,8.17
2234000,13.27,9.31,11.36,7.13,8.1
2235000,13.21,9.27,11.5,7.09,8.2
2236000,13.11,9.15,11.22,7.12,8.19
2237000,12.87,9.12,11.21,7.19,8.25
2238000,13.16,9.44,11.22,7.12,8.19
2239000,13.21,9.49,11.49,7.0,8.07
2240000,13.5,9.44,11.45,6.98,8.02
2241000,13.33,9.48,11.36,7.09,8.01
2242000,13.46,9.44,11.66,7.06,8.02
2243000,13.16,9.46,11.79,7.09,7.98
2244000,13.16,9.36,11.8,6.97,8.1
2245000,13.05,9.37,12.01,7.05,8.05
2246000,12.98,9.36,12.25,7.02,8.0
2247000,13.16,9.42,12.21,7.08,8.11
2248000,12.68,9.44,12.42,6.99,8.09
2249000,12.67,9.48,12.26,6.99,8.12
2250000,12.95,9.45,12.41,6.99,8.27
2251000,12.94,9.6,12.38,7.02,8.1
2252000,12.71,9.64,12.32,6.99,8.0
2253000,12.61,9.62,12.23,6.97,7.99
2254000,12.76,9.65,12.51,6.97,8.07
2255000,12.75,9.66,12.91,7.03,8.11
2256000,12.71,9.73,12.81,7.13,8.14
2257000,12.43,9.68,12.52,7.16,8.1
2258000,12.72,9.6,12.34,7.14,8.04
2259000,12.95,9.63,12.26,7.19,7.94
2260000,13.08,9.58,12.15,7.26,8.08
2261000,13.53,9.57,12.26,7.28,8.21
2262000,13.57,9.5,12.17,7.26,8.06
2263000,13.68,9.39,12.18,7.26,7.96
2264000,14.07,9.38,11.89,7.19,7.83
2265000,14.2,9.36,11.78,7.02,7.77
2266000,14.21,9.37,11.63,7.05,7.77
2267000,14.13,9.4,11.46,7.01,7.92
2268000,14.36,9.47,11.07,7.05,8.04
2269000,14.28,9.54,11.07,7.11,7.96
2270000,14.24,9.46,11.1,7.11,7.9
2271000,14.12,9.42,11.06,7.16,8.03
2272000,14.34,9.45,10.98,7.22,7.99
2273000,14.63,9.51,11.12,7.28,8.16
2274000,14.74,9.43,10.87,7.21,8.15
2275000,14.63,9.34,10.75,6.98,8.19
2276000,14.72,9.23,10.85,7.04,8.11
2277000,14.6,9.18,11.17,6.95,8.11
2278000,14.73,9.12,11.39,6.98,8.04
2279000,14.7,8.99,11.65,6.93,8.03
2280000,14.45,9.04,11.61,6.96,8.02
2281000,14.23,9.07,11.84,7.03,8.11
2282000,14.19,9.01,12.08,7.15,8.05
2283000,14.12,8.94,12.13,7.24,8.01
2284000,14.23,8.82,11.94,7.23,7.81
2285000,14.67,9.08,12.02,7.23,7.82
2286000,15.01,8.89,12.21,7.19,7.81
2287000,15.02,9.07,12.14,7.1,7.78
2288000,15.08,9.02,12.26,7.07,7.87
2289000,14.81,9.13,12.63,6.97,7.78
2290000,14.98,9.27,12.63,6.88,7.76
2291000,15.15,9.32,12.57,6.75,7.86
2292000,15.33,9.37,12.53,6.62,7.84
2293000,15.22,9.37,12.64,6.39,7.92
2294000,15.3,9.42,12.65,6.39,7.82
2295000,15.06,9.58,12.81,6.38,7.77
2296000,15.11,9.42,12.86,6.32,7.86
2297000,15.23,9.51,12.98,6.25,7.8
2298000,15.12,9.56,13.17,6.4,7.78
2299000,14.99,9.5,13.51,6.33,7.71
2300000,15.03,9.57,13.33,6.35,7.73
2301000,14.53,9.47,13.36,6.38,7.74
2302000,14.3,9.37,13.34,6.47,7.53
2303000,14.32,9.44,12.81,6.55,7.76
2304000,14.3,9.41,12.66,6.72,7.77
2305000,14.33,9.47,12.3,6.78,7.73
2306000,14.38,9.36,11.73,6.8,7.79
2307000,14.23,9.53,11.64,6.91,7.92
2308000,14.12,9.63,11.26,7.08,8.01
2309000,14.22,9.65,11.11,7.29,8.02
2310000,14.16,9.69,11.11,7.18,7.96
2311000,14.17,9.6,11.28,7.12,8.02
2312000,14.14,9.78,11.36,7.02,8.06
2313000,14.18,9.8,11.38,7.0,7.94
2314000,14.41,9.77,11.27,7.1,8.06
2315000,14.38,9.66,11.04,6.95,8.0
2316000,14.62,9.66,11.55,6.93,7.89
2317000,14.84,9.67,11.74,7.06,7.85
2318000,15.01,9.68,12.16,7.17,7.94
2319000,15.26,9.64,12.29,7.23,7.98
2320000,15.11,9.62,12.31,7.26,8.06
2321000,15.21,9.58,12.08,7.31,8.22
2322000,15.12,9.52,12.22,7.31,8.19
2323000,15.19,9.5,12.04,7.31,8.23
2324000,15.11,9.47,11.78,7.43,8.1
2325000,14.86,9.4,11.68,7.44,8.33
2326000,14.47,9.46,11.74,7.43,8.19
2327000,14.43,9.43,11.8,7.36,8.12
2328000,14.23,9.44,12.1,7.44,7.98
2329000,14.3,9.38,11.92,7.4,7.79
2330000,14.2,9.22,11.78,7.41,7.71
2331000,14.09,9.15,11.63,7.39,7.67
2332000,13.86,9.27,11.52,7.42,7.65
2333000,13.59,9.37,11.86,7.39,7.63
2334000,13.49,9.24,12.11,7.15,7.52
2335000,13.41,9.29,12.06,7.23,7.53
2336000,13.32,9.42,12.16,7.17,7.63
2337000,13.19,9.45,12.26,7.21,7.68
2338000,13.08,9.5,12.39,7.2,7.81
2339000,13.1,9.35,12.3,7.24,7.9
2340000,13.18,9.49,12.15,7.09,7.96
2341000,13.25,9.69,12.31,6.99,7.9
2342000,13.31,9.63,12.1,7.19,7.95
2343000,13.6,9.67,12.18,7.21,7.92
2344000,13.71,9.49,12.12,7.16,7.85
2345000,13.58,9.57,12.23,7.02,7.75
2346000,13.42,9.43,12.25,6.97,7.63
2347000,13.29,9.43,12.09,6.94,7.73
2348000,13.28,9.46,11.96,6.86,7.72
2349000,13.56,9.45,12.1,6.97,7.59
2350000,13.6,9.52,11.8,7.11,7.65
2351000,13.6,9.39,11.89,7.11,7.77
2352000,13.41,9.34,11.56,7.1,7.68
2353000,13.26,9.52,11.59,7.17,7.76
2354000,13.55,9.53,11.39,7.25,7.71
2355000,13.59,9.57,11.43,7.26,7.88
2356000,13.61,9.54,11.67,7.34,7.97
2357000,13.77,9.72,11.74,7.31,7.97
2358000,13.68,9.61,11.73,7.24,7.99
2359000,13.43,9.64,11.65,7.14,8.12
2360000,13.57,9.72,11.75,7.11,7.9
2361000,13.59,9.46,11.7,7.14,7.97
2362000,13.73,9.55,11.96,7.04,8.05
2363000,13.69,9.49,11.76,6.85,8.11
2364000,13.69,9.41,11.56,6.91,8.15
2365000,13.83,9.42,11.69,6.92,8.03
2366000,13.61,9.5,11.96,7.02,7.9
2367000,13.49,9.56,11.93,6.97,7.96
2368000,13.72,9.63,12.22,6.97,8.0
2369000,14.06,9.6,12.24,6.95,8.05
2370000,14.03,9.68,12.01,7.0,8.09
2371000,14.13,9.64,12.31,7.09,8.04
2372000,14.28,9.64,12.17,7.13,8.1
2373000,14.26,9.79,12.38,7.09,8.06
2374000,14.27,9.72,12.58,7.03,8.11
2375000,14.33,9.8,12.53,7.06,8.23
2376000,14.08,9.68,12.56,7.02,8.21
2377000,14.25,9.68,12.82,7.0,8.0
2378000,14.12,9.78,12.92,7.04,7.89
2379000,14.33,9.77,13.1,7.13,7.85
2380000,14.32,9.75,13.14,7.2,7.9
2381000,14.47,9.83,12.84,7.2,7.72
2382000,14.39,9.85,12.62,7.18,7.75
2383000,14.7,9.84,12.31,6.99,7.71
2384000,14.82,9.85,12.42,6.86,7.7
2385000,14.93,9.99,12.2,6.96,7.8
2386000,14.63,10.06,12.44,6.87,8.02
2387000,14.72,10.05,12.37,6.85,8.01
2388000,14.64,10.18,12.14,6.78,8.08
2389000,14.74,10.0,12.01,6.83,8.06
2390000,14.55,9.94,11.84,6.84,8.19
2391000,14.52,9.95,11.88,6.83,8.21
2392000,14.56,9.9,11.83,6.79,8.19
2393000,14.67,9.89,11.29,6.77,8.12
2394000,14.78,9.87,11.1,6.81,7.86
2395000,14.91,9.89,10.97,6.75,7.71
2396000,14.84,9.91,11.19,6.75,7.67
2397000,14.98,9.82,10.78,6.61,7.73
2398000,14.92,9.88,10.63,6.66,7.76
2399000,14.73,9.83,10.74,6.81,7.68
2400000,14.73,9.8,10.94,6.92,7.62
2401000,14.52,9.93,10.94,6.82,7.77
2402000,14.43,9.83,10.97,6.86,7.76
2403000,14.4,9.68,10.65,6.93,7.9
2404000,14.3,9.44,10.91,6.96,7.99
2405000,14.13,9.36,11.15,7.08,8.11
2406000,14.23,9.37,11.22,6.99,8.09
2407000,14.44,9.32,11.64,6.96,8.02
2408000,14.55,9.35,11.89,6.95,7.92
2409000,14.54,9.32,11.83,7.01,7.95
2410000,14.52,9.31,12.03,6.98,8.02
2411000,14.43,9.33,12.31,6.97,8.03
2412000,14.38,9.28,12.05,6.91,8.08
2413000,14.5,9.31,11.99,6.97,8.15
2414000,14.49,9.35,12.13,6.95,8.16
2415000,14.55,9.46,12.1,7.06,8.16
2416000,14.59,9.61,12.33,7.11,8.15
2417000,14.44,9.7,12.72,7.18,8.25
2418000,14.63,9.68,12.63,7.12,8.35
2419000,14.96,9.71,12.7,7.14,8.34
2420000,14.95,9.82,12.77,7.04,8.16
2421000,14.98,9.74,12.97,7.0,8.13
2422000,15.04,9.63,12.83,6.96,8.11
2423000,15.09,9.56,12.7,7.05,8.06
2424000,14.52,9.62,12.88,6.99,7.96
2425000,14.33,9.51,13.01,6.97,8.0
2426000,14.24,9.41,12.74,6.92,7.89
2427000,13.88,9.27,12.35,6.75,7.97
2428000,13.87,9.26,12.45,6.89,7.91
2429000,13.69,9.29,12.36,6.91,7.94
2430000,13.66,9.29,12.5,6.87,7.97
2431000,13.81,9.34,12.41,6.87,7.98
2432000,13.9,9.4,12.38,6.84,7.99
2433000,13.77,9.43,12.03,6.89,7.88
2434000,13.55,9.57,11.97,7.01,7.84
2435000,13.48,9.43,11.85,7.06,7.93
2436000,13.29,9.58,12.04,6.99,7.82
2437000,13.28,9.61,12.17,7.07,7.89
2438000,13.41,9.79,12.09,7.18,8.0
2439000,13.71,9.81,12.2,7.22,8.04
2440000,13.55,9.73,12.4,7.31,7.99
2441000,13.49,9.76,12.82,7.34,7.97
2442000,13.54,9.72,12.94,7.2,7.92
2443000,13.52,9.85,12.7,7.15,8.07
2444000,13.14,9.77,12.75,7.27,8.14
2445000,13.08,9.81,12.8,7.26,8.17
2446000,13.15,9.79,12.66,7.09,8.23
2447000,13.04,9.92,12.61,7.1,8.19
2448000,13.4,9.97,12.88,7.03,7.98
2449000,13.36,10.03,13.19,6.92,7.97
2450000,13.05,9.97,13.38,7.05,7.98
2451000,13.17,9.93,13.16,7.16,7.98
2452000,13.21,9.98,12.78,7.17,8.04
2453000,13.19,9.97,12.83,7.08,7.95
2454000,13.06,9.98,12.51,7.18,7.87
2455000,13.34,9.87,12.53,7.18,7.8
2456000,13.53,9.82,12.39,6.98,7.64
2457000,13.68,9.82,12.33,7.07,7.75
2458000,13.6,9.75,12.33,6.86,7.79
2459000,13.85,9.62,12.21,6.74,7.87
2460000,13.76,9.64,12.21,6.76,7.89
2461000,13.57,9.5,12.14,6.74,7.62
2462000,13.56,9.56,12.11,6.75,7.33
2463000,13.2,9.56,11.55,6.79,7.42
2464000,13.09,9.45,11.62,6.82,7.46
2465000,13.26,9.35,12.06,6.75,7.49
2466000,13.03,9.36,12.15,6.84,7.53
2467000,13.03,9.48,11.85,6.93,7.54
2468000,12.86,9.58,12.01,6.85,7.22
2469000,12.69,9.69,11.8,6.92,7.16
2470000,12.71,9.73,11.66,6.83,7.34
2471000,12.65,9.75,11.85,6.74,7.68
2472000,12.74,9.83,11.66,6.8,7.63
2473000,12.61,9.91,11.79,6.85,7.63
2474000,12.83,9.9,12.02,6.86,7.7
2475000,12.67,9.92,12.12,6.93,7.65
2476000,12.99,9.79,12.25,7.06,7.61
2477000,13.0,9.64,12.69,7.01,7.93
2478000,13.22,9.55,12.78,7.11,8.0
2479000,13.41,9.54,12.75,7.21,8.14
2480000,13.42,9.48,12.22,7.3,8.03
2481000,13.44,9.39,12.41,7.25,8.09
2482000,13.78,9.34,12.26,7.29,8.24
2483000,13.85,9.22,12.67,7.31,8.29
2484000,14.04,9.13,12.87,7.31,8.31
2485000,14.16,9.15,12.75,7.23,8.35
2486000,14.24,9.19,12.85,7.17,8.21
2487000,14.31,9.42,12.99,6.97,8.27
2488000,14.51,9.55,12.91,6.93,8.06
2489000,14.62,9.63,12.97,6.86,8.03
2490000,14.77,9.62,12.79,6.85,8.07
2491000,14.87,9.68,12.71,6.78,7.69
2492000,14.96,9.72,12.32,6.76,7.8
2493000,15.11,9.74,11.98,6.85,7.77
2494000,15.02,9.84,12.41,6.89,7.67
2495000,14.95,9.83,12.64,7.01,7.76
2496000,14.87,9.94,12.7,7.11,7.75
2497000,14.71,9.85,12.46,7.16,7.87
2498000,14.53,9.92,12.57,7.33,7.98
2499000,14.7,9.88,12.54,7.36,8.03
2500000,14.81,9.84,12.46,7.4,8.08
2501000,14.64,9.9,12.37,7.38,8.03
2502000,14.51,9.85,12.01,7.19,8.04
2503000,14.34,9.94,12.07,7.17,8.03
2504000,13.95,9.91,12.18,7.27,8.06
2505000,13.34,9.99,11.94,7.26,8.01
2506000,13.3,9.89,12.0,7.29,7.94
2507000,13.27,9.96,12.3,7.15,7.86
2508000,13.07,9.95,12.24,7.13,7.84
2509000,13.17,9.84,12.21,7.05,7.95
2510000,13.1,9.84,12.34,7.14,7.94
2511000,13.23,9.86,12.4,7.23,7.96
2512000,13.31,9.78,12.3,7.19,8.09
2513000,13.33,9.81,12.22,7.18,7.98
2514000,13.06,9.7,12.24,7.04,8.12
2515000,12.97,9.7,12.25,7.02,8.07
2516000,12.96,9.76,12.45,7.09,8.08
2517000,12.99,9.8,12.23,7.1,7.97
2518000,13.11,9.8,12.06,7.08,7.92
2519000,13.25,9.83,12.32,7.02,7.95
2520000,13.66,9.63,12.35,6.95,7.95
2521000,14.03,9.7,12.25,6.9,7.95
2522000,13.9,9.65,12.27,7.02,7.93
2523000,14.01,9.59,12.16,7.05,7.79
2524000,13.98,9.49,12.09,7.02,7.82
2525000,13.91,9.56,12.18,7.15,7.76
2526000,13.87,9.48,12.23,7.27,7.87
2527000,13.88,9.49,12.32,7.32,7.73
2528000,13.95,9.56,12.31,7.4,7.79
2529000,14.13,9.39,12.43,7.43,7.74
2530000,14.32,9.1,12.16,7.5,7.7
2531000,14.36,9.24,12.43,7.43,7.65
2532000,14.58,9.12,12.56,7.38,7.83
2533000,14.47,9.01,12.66,7.48,7.8
2534000,14.49,9.05,12.74,7.39,7.89
2535000,14.53,9.17,12.65,7.36,7.91
2536000,14.54,9.24,12.73,7.28,8.15
2537000,14.45,8.94,12.78,7.13,8.14
2538000,14.3,8.79,12.48,7.21,7.99
2539000,14.36,8.85,12.28,7.2,8.03
2540000,14.36,9.05,12.06,7.15,8.01
2541000,14.14,9.21,12.03,7.11,8.04
2542000,14.23,9.25,12.09,7.15,7.94
2543000,14.34,9.34,11.98,7.16,7.89
2544000,14.26,9.48,11.98,7.03,7.92
2545000,14.39,9.35,11.86,7.13,7.88
2546000,14.16,9.4,11.78,7.17,7.96
2547000,14.15,9.43,11.74,7.07,8.0
2548000,13.86,9.72,11.74,7.06,8.1
2549000,14.2,9.76,11.71,7.13,7.96
2550000,14.28,9.77,11.77,7.04,7.84
2551000,14.29,9.73,11.89,7.04,8.0
2552000,14.2,9.68,12.06,7.14,7.94
2553000,14.26,9.69,12.25,7.22,7.87
2554000,14.38,9.79,12.52,7.18,7.82
2555000,14.35,9.74,12.46,7.2,7.69
2556000,14.62,9.7,12.37,7.15,7.68
2557000,14.73,9.78,12.64,7.18,7.62
2558000,15.04,9.75,12.56,7.09,7.56
2559000,15.17,9.77,12.48,6.95,7.67
2560000,14.97,9.8,12.22,6.88,7.68
2561000,15.2,9.79,12.15,6.82,7.76
2562000,14.9,9.65,12.4,6.87,7.75
2563000,15.21,9.68,12.21,6.86,7.68
2564000,15.3,9.69,12.2,6.93,7.73
2565000,15.45,9.67,12.57,6.97,7.68
2566000,15.22,9.63,12.36,7.11,7.82
2567000,15.29,9.75,12.24,7.15,7.87
2568000,15.23,9.67,12.19,7.19,8.04
2569000,15.35,9.55,12.48,7.06,7.89
2570000,15.22,9.35,12.39,6.94,7.84
2571000,15.06,9.31,12.28,6.75,8.01
2572000,15.19,9.37,12.38,6.68,7.94
2573000,15.26,9.31,12.59,6.61,7.94
2574000,15.38,9.24,12.73,6.57,7.95
2575000,15.13,9.3,12.69,6.56,7.91
2576000,15.08,9.31,12.48,6.72,7.93
2577000,15.28,9.29,12.63,6.74,7.89
2578000,15.11,9.26,12.93,6.8,7.9
2579000,15.31,9.23,12.16,7.02,7.93
2580000,14.95,9.27,11.99,7.03,7.8
2581000,14.89,9.37,11.6,6.97,7.94
2582000,14.81,9.49,11.38,7.0,7.93
2583000,14.8,9.27,11.41,6.95,7.98
2584000,14.92,9.41,11.54,6.78,8.06
2585000,14.59,9.39,11.1,6.74,8.09
2586000,14.54,9.26,11.19,6.59,8.18
2587000,14.68,9.3,11.17,6.53,8.07
2588000,14.5,9.35,11.19,6.66,8.04
2589000,14.3,9.37,11.42,6.68,8.12
2590000,14.03,9.46,11.43,6.7,8.06
2591000,14.13,9.51,11.13,6.78,8.03
2592000,14.08,9.48,11.62,6.96,8.1
2593000,14.15,9.51,11.49,7.04,8.06
2594000,14.21,9.76,11.91,7.11,8.02
2595000,14.09,9.7,12.04,7.2,7.96
2596000,14.31,9.87,12.09,7.24,8.13
2597000,14.29,9.88,12.0,7.23,8.15
2598000,14.38,9.94,12.08,7.29,8.14
2599000,14.46,9.92,12.33,7.32,8.18
2600000,14.2,9.78,12.44,7.25,8.33
2601000,14.17,9.77,12.45,7.18,8.36
2602000,14.27,9.89,12.58,7.15,8.25
2603000,14.21,9.94,12.2,7.21,8.17
2604000,14.25,9.84,12.32,7.19,8.18
2605000,14.28,9.69,12.47,7.2,8.0
2606000,14.31,9.68,12.77,7.09,7.99
2607000,14.45,9.64,12.69,7.09,7.87
2608000,14.56,9.5,12.82,7.1,7.86
2609000,14.51,9.52,12.89,7.1,7.7
2610000,14.5,9.5,12.72,7.18,7.73
2611000,14.7,9.52,12.97,7.09,7.7
2612000,14.21,9.52,12.89,7.12,7.75
2613000,14.4,9.51,13.02,6.86,7.73
2614000,14.27,9.5,12.65,6.99,7.82
2615000,14.14,9.4,12.66,6.96,7.68
2616000,14.03,9.46,12.86,6.87,7.71
2617000,14.07,9.4,12.8,6.82,7.65
2618000,14.21,9.39,13.08,6.81,7.69
2619000,14.21,9.53,12.78,6.85,7.53
2620000,14.08,9.49,12.75,6.72,7.56
2621000,14.02,9.51,12.77,6.98,7.56
2622000,13.95,9.52,12.86,6.89,7.55
2623000,14.03,9.72,12.78,6.91,7.67
2624000,13.82,9.69,12.7,6.95,7.79
2625000,13.88,9.67,12.5,6.97,7.78
2626000,13.56,9.64,12.55,6.9,7.84
2627000,13.55,9.83,12.43,6.74,7.9
2628000,13.85,9.94,12.5,6.84,7.95
2629000,13.8,9.91,12.56,6.67,8.06
2630000,13.9,9.97,12.13,6.72,8.12
2631000,14.02,9.89,12.13,6.69,8.15
2632000,14.11,9.82,12.13,6.67,8.13
2633000,14.01,9.81,12.22,6.68,8.1
2634000,14.01,9.71,12.41,6.55,8.13
2635000,14.22,9.73,12.13,6.75,8.22
2636000,14.34,9.84,12.19,6.86,8.12
2637000,14.26,9.7,12.06,7.05,8.3
2638000,14.01,9.69,11.97,7.06,8.36
2639000,13.92,9.59,12.09,7.08,8.1
2640000,13.86,9.44,11.95,7.17,8.02
2641000,14.05,9.43,12.03,7.18,8.06
2642000,14.07,9.52,11.87,7.18,8.09
2643000,14.09,9.57,11.94,7.31,8.02
2644000,14.04,9.54,12.12,7.28,7.89
2645000,14.1,9.57,12.1,7.27,7.93
2646000,13.99,9.51,11.93,7.26,7.82
2647000,14.08,9.25,11.89,7.19,7.77
2648000,14.2,9.46,11.64,7.25,7.89
2649000,14.21,9.47,11.83,7.28,7.81
2650000,14.31,9.33,12.08,7.26,7.84
2651000,14.19,9.55,11.73,7.24,7.76
2652000,14.23,9.5,11.94,7.15,7.76
2653000,14.41,9.41,12.16,7.17,7.8
2654000,14.49,9.48,12.46,7.11,7.7
2655000,14.65,9.47,12.49,7.15,7.67
2656000,14.77,9.37,12.56,7.11,7.59
2657000,14.79,9.33,12.54,7.17,7.63
2658000,14.77,9.42,12.66,7.16,7.72
2659000,14.74,9.38,12.65,7.17,7.79
2660000,14.98,9.34,12.54,7.01,7.87
2661000,14.86,9.37,12.54,7.0,7.95
2662000,14.89,9.38,12.84,7.03,8.05
2663000,14.96,9.35,12.85,7.09,8.12
2664000,14.93,9.29,12.45,7.06,8.21
2665000,15.09,9.3,12.83,7.01,8.22
2666000,14.95,9.32,13.3,7.06,8.3
2667000,14.84,9.5,13.0,7.03,8.23
2668000,14.42,9.58,13.09,7.02,8.28
2669000,14.44,9.69,13.08,7.05,8.16
2670000,14.33,9.71,13.13,7.12,8.07
2671000,14.29,9.7,13.09,7.11,8.05
2672000,14.21,9.71,12.9,7.14,8.04
2673000,14.17,9.67,12.87,7.12,7.95
2674000,14.21,9.75,12.73,7.14,7.93
2675000,14.41,9.89,12.7,7.06,7.85
2676000,14.44,9.94,12.69,7.2,7.94
2677000,14.38,9.78,12.45,7.26,7.92
2678000,14.44,9.87,12.33,7.26,7.85
2679000,14.56,9.88,11.97,7.27,7.76
2680000,14.6,9.89,12.06,7.31,7.74
2681000,14.62,9.85,11.99,7.24,7.77
2682000,14.66,9.81,11.83,7.25,7.87
2683000,14.74,9.94,11.75,7.35,7.84
2684000,14.89,9.98,11.88,7.38,7.94
2685000,15.06,10.04,11.64,7.37,7.97
2686000,14.96,10.05,11.74,7.46,7.99
2687000,15.17,10.03,11.82,7.42,8.12
2688000,15.24,10.1,12.05,7.37,8.23
2689000,15.13,10.24,12.2,7.42,8.35
2690000,15.38,10.12,12.22,7.35,8.39
2691000,15.52,10.03,12.38,7.31,8.36
2692000,15.34,10.0,12.65,7.3,8.29
2693000,15.14,10.03,12.83,7.22,8.31
2694000,15.08,9.9,12.9,7.18,8.25
2695000,15.27,9.89,13.02,7.06,8.38
2696000,15.28,9.9,12.82,7.09,8.37
2697000,15.28,9.82,12.95,7.07,8.16
2698000,15.56,9.79,12.99,7.02,8.23
2699000,15.67,9.81,12.94,7.1,8.19
2700000,15.75,9.68,12.94,7.04,8.19
2701000,15.7,9.56,12.37,7.12,8.22
2702000,15.74,9.66,12.16,7.23,8.25
2703000,15.56,9.55,12.25,7.25,8.15
2704000,15.82,9.54,12.14,7.27,8.25
2705000,15.83,9.6,11.49,7.22,8.16
2706000,15.58,9.51,11.28,7.27,8.17
2707000,15.66,9.46,10.59,7.2,8.3
2708000,15.38,9.49,10.73,7.25,8.2
2709000,15.39,9.42,10.7,7.27,8.19
2710000,15.47,9.3,10.68,7.11,8.23
2711000,15.65,9.43,10.78,7.03,8.26
2712000,15.73,9.43,10.92,6.97,8.29
2713000,15.73,9.45,11.0,6.97,8.43
2714000,15.69,9.67,11.17,7.07,8.46
2715000,15.36,9.61,11.1,7.22,8.52
2716000,15.11,9.6,11.16,7.12,8.54
2717000,14.96,9.57,11.23,7.08,8.34
2718000,14.99,9.57,11.8,7.04,8.52
2719000,15.06,9.65,11.99,7.05,8.57
2720000,14.94,9.71,12.24,6.9,8.53
2721000,14.72,9.62,12.68,6.95,8.49
2722000,14.68,9.68,12.74,6.75,8.47
2723000,14.87,9.66,12.64,6.73,8.5
2724000,14.74,9.64,12.68,6.8,8.35
2725000,14.62,9.61,12.45,6.81,8.28
2726000,14.61,9.66,12.79,7.0,8.26
2727000,14.4,9.61,12.7,7.06,8.27
2728000,14.16,9.75,12.63,7.24,8.18
2729000,13.48,9.77,12.78,7.14,8.09
2730000,13.62,9.77,12.96,7.36,8.03
2731000,13.67,9.51,12.71,7.33,8.07
2732000,13.58,9.58,12.31,7.31,7.94
2733000,13.57,9.65,12.07,7.34,8.04
2734000,13.43,9.69,11.94,7.25,8.09
2735000,13.56,9.62,11.99,7.14,8.1
2736000,13.74,9.69,12.03,7.0,8.21
2737000,13.7,9.7,12.02,7.05,8.37
2738000,13.68,9.67,12.04,6.91,8.35
2739000,13.7,9.55,12.26,6.85,8.3
2740000,13.53,9.45,12.03,6.89,8.28
2741000,13.62,9.46,11.93,6.8,8.23
2742000,13.77,9.61,12.02,6.86,8.3
2743000,13.87,9.64,11.96,6.95,8.21
2744000,14.04,9.54,11.83,7.09,8.27
2745000,14.47,9.63,11.86,7.22,8.29
2746000,14.42,9.63,11.72,7.35,8.3
2747000,14.43,9.49,11.77,7.39,8.2
2748000,14.59,9.4,11.7,7.35,8.3
2749000,14.65,9.35,11.84,7.44,8.35
2750000,14.8,9.46,11.91,7.49,8.41
2751000,14.75,9.52,12.0,7.47,8.25
2752000,14.72,9.55,12.09,7.36,8.22
2753000,14.76,9.65,11.97,7.19,8.12
2754000,14.72,9.72,12.14,7.16,8.08
2755000,14.78,9.7,12.09,7.18,8.11
2756000,14.94,9.53,12.23,7.27,8.07
2757000,15.16,9.5,12.27,7.3,8.04
2758000,15.29,9.46,12.5,7.25,7.95
2759000,15.28,9.62,12.73,7.24,7.8
2760000,15.17,9.66,12.93,7.36,7.93
2761000,15.37,9.46,12.82,7.39,8.02
2762000,15.42,9.42,12.88,7.45,7.99
2763000,15.55,9.41,12.97,7.46,8.11
2764000,15.52,9.26,13.22,7.38,8.13
2765000,15.36,9.06,13.27,7.36,8.14
2766000,15.34,9.07,13.23,7.41,8.24
2767000,15.36,9.26,13.3,7.45,8.33
2768000,15.25,9.28,13.36,7.35,8.4
2769000,15.33,9.33,13.16,7.26,8.58
2770000,15.26,9.22,13.46,7.3,8.6
2771000,15.25,9.18,13.14,7.36,8.54
2772000,15.35,9.38,13.14,7.38,8.64
2773000,15.37,9.41,12.94,7.43,8.77
2774000,15.37,9.35,13.12,7.36,8.7
2775000,15.31,9.46,13.25,7.3,8.68
2776000,15.31,9.61,13.62,7.35,8.56
2777000,15.35,9.66,13.4,7.31,8.55
2778000,15.33,9.7,13.39,7.39,8.61
2779000,15.24,9.65,13.26,7.27,8.5
2780000,15.11,9.69,13.17,7.25,8.39
2781000,15.14,9.74,13.28,7.23,8.4
2782000,15.09,9.78,13.14,7.22,8.42
2783000,15.34,9.89,13.13,7.15,8.29
2784000,15.45,9.81,13.1,7.12,8.22
2785000,15.46,9.88,12.72,7.02,8.16
2786000,15.52,9.93,12.8,6.86,8.12
2787000,15.47,9.85,12.75,6.98,8.19
2788000,15.37,9.88,12.66,7.0,8.22
2789000,15.47,9.96,12.49,6.99,8.29
2790000,15.61,9.9,12.11,6.94,8.32
2791000,15.43,9.75,12.17,6.95,8.28
2792000,15.48,9.86,11.79,6.98,8.1
2793000,15.4,9.87,11.57,7.11,7.96
2794000,15.34,9.78,11.48,7.3,7.89
2795000,15.21,9.88,11.58,7.28,7.8
2796000,15.24,9.83,11.88,7.16,7.74
2797000,15.17,9.84,11.75,7.1,7.68
2798000,15.07,9.79,11.65,7.08,7.72
2799000,15.03,9.79,11.72,7.13,7.67
2800000,15.18,9.78,11.97,7.11,7.65
2801000,14.86,9.78,11.64,7.09,7.76
2802000,14.96,9.91,11.27,6.99,8.05
2803000,14.93,9.93,11.48,6.93,8.19
2804000,14.88,9.78,11.52,6.87,8.18
2805000,14.57,9.81,11.54,7.06,8.28
2806000,14.17,9.89,11.82,7.1,8.36
2807000,13.94,9.88,12.11,7.13,8.39
2808000,13.9,9.85,11.89,7.05,8.29
2809000,13.98,9.65,11.57,7.02,8.24
2810000,13.96,9.65,11.9,7.09,8.25
2811000,14.16,9.55,12.13,6.99,8.2
2812000,14.22,9.57,12.46,7.04,8.2
2813000,14.44,9.47,12.43,6.97,8.31
2814000,14.37,9.34,12.32,7.03,8.35
2815000,14.4,9.43,12.73,7.01,8.36
2816000,13.85,9.43,12.7,7.18,8.23
2817000,13.95,9.43,12.98,7.2,8.35
2818000,13.89,9.41,13.01,7.28,8.4
2819000,14.05,9.46,12.97,7.24,8.54
2820000,14.22,9.67,13.19,7.2,8.47
2821000,14.41,9.79,13.08,7.3,8.41
2822000,14.44,9.76,13.02,7.31,8.36
2823000,14.61,9.69,13.25,7.29,8.32
2824000,15.01,9.48,13.4,7.17,8.11
2825000,15.16,9.56,12.96,7.13,7.98
2826000,15.1,9.57,12.91,7.11,7.99
2827000,14.95,9.48,12.73,7.14,7.98
2828000,14.93,9.41,12.89,7.14,7.9
2829000,14.84,9.5,12.78,7.07,8.0
2830000,14.37,9.49,12.74,7.04,8.09
2831000,14.53,9.47,12.9,7.14,8.15
2832000,14.78,9.32,12.63,7.2,8.07
2833000,14.83,9.26,12.7,7.24,8.09
2834000,14.98,9.38,12.76,7.18,8.16
2835000,14.95,9.63,12.57,7.21,8.25
2836000,14.89,9.67,12.52,7.29,8.22
2837000,14.76,9.79,12.6,7.38,8.13
2838000,14.86,9.79,12.5,7.37,8.2
2839000,14.83,9.79,12.5,7.28,8.21
2840000,14.81,9.77,12.5,7.31,8.21
2841000,14.68,9.67,12.75,7.21,8.17
2842000,14.59,9.63,12.82,7.27,8.33
2843000,14.56,9.47,12.92,7.14,8.39
2844000,14.67,9.59,12.81,7.19,8.48
2845000,14.47,9.68,12.87,7.07,8.51
2846000,14.7,9.6,12.81,7.23,8.49
2847000,14.77,9.48,12.94,7.22,8.49
2848000,14.68,9.52,13.26,7.33,8.48
2849000,14.74,9.63,12.84,7.35,8.46
2850000,14.87,9.62,12.86,7.41,8.31
2851000,14.83,9.61,12.83,7.49,8.28
2852000,15.04,9.75,12.34,7.53,8.24
2853000,15.18,9.65,12.19,7.44,8.26
2854000,15.11,9.71,11.83,7.6,8.11
2855000,15.07,9.79,11.18,7.52,8.16
2856000,15.1,9.64,11.24,7.4,8.19
2857000,15.04,9.69,11.49,7.31,8.21
2858000,15.25,9.67,11.62,7.29,8.28
2859000,14.92,9.67,11.45,7.22,8.29
2860000,15.07,9.6,11.65,7.15,8.43
2861000,15.01,9.54,11.17,7.18,8.5
2862000,15.0,9.61,11.2,7.1,8.61
2863000,14.74,9.67,10.89,7.09,8.63
2864000,14.79,9.77,11.11,7.1,8.57
2865000,14.84,9.73,11.43,7.24,8.57
2866000,15.0,9.71,11.59,7.34,8.54
2867000,14.91,9.77,11.84,7.01,8.47
2868000,15.05,9.83,12.13,7.06,8.34
2869000,14.91,9.89,12.55,7.06,8.28
2870000,14.79,9.99,12.84,7.16,8.34
2871000,14.85,9.93,12.74,7.23,8.28
2872000,15.02,9.86,12.7,7.06,8.25
2873000,14.88,9.95,12.64,6.89,8.29
2874000,15.1,9.83,12.49,6.78,8.36
2875000,14.98,9.82,12.6,7.0,8.38
2876000,15.13,9.84,12.69,7.05,8.44
2877000,15.18,9.94,12.89,7.04,8.46
2878000,15.38,9.97,12.77,7.01,8.64
2879000,15.27,9.86,12.42,6.94,8.68
2880000,15.46,9.67,12.29,7.06,8.67
2881000,15.49,9.55,12.31,7.18,8.7
2882000,15.54,9.42,12.48,7.1,8.62
2883000,15.43,9.19,12.42,7.21,8.59
2884000,15.39,9.22,12.06,7.14,8.55
2885000,15.3,9.23,11.74,6.94,8.62
2886000,15.28,9.25,11.7,6.89,8.5
2887000,15.25,9.2,11.84,6.79,8.53
2888000,15.35,9.08,11.59,6.72,8.42
2889000,15.48,9.05,11.62,6.73,8.51
2890000,15.34,9.25,11.57,6.74,8.53
2891000,15.42,9.32,11.81,6.71,8.55
2892000,15.3,9.45,11.95,6.76,8.61
2893000,15.11,9.62,12.31,6.95,8.66
2894000,14.81,9.61,11.89,6.97,8.62
2895000,14.66,9.79,11.7,7.05,8.55
2896000,14.53,9.77,11.42,6.94,8.51
2897000,14.16,9.64,11.33,6.79,8.4
2898000,14.02,9.63,11.23,6.89,8.42
2899000,14.05,9.52,10.88,6.9,8.24
2900000,14.06,9.7,10.92,7.03,8.18
2901000,13.91,9.62,11.1,6.99,8.09
2902000,13.91,9.67,11.17,6.97,7.88
2903000,13.82,9.68,11.35,6.84,8.0
2904000,13.75,9.58,11.26,6.96,7.88
2905000,13.66,9.58,11.44,7.12,7.85
2906000,13.9,9.79,11.36,7.07,7.75
2907000,14.05,9.78,11.56,7.12,7.69
2908000,13.81,9.77,11.91,7.09,7.67
2909000,13.85,9.79,11.82,7.05,7.67
2910000,14.16,9.67,12.06,7.12,7.72
2911000,14.18,9.59,12.25,7.19,7.86
2912000,14.34,9.63,12.27,7.2,7.99
2913000,14.41,9.51,12.58,7.17,8.02
2914000,14.76,9.38,12.84,7.09,8.09
2915000,14.86,9.36,13.05,7.25,8.33
2916000,14.73,9.41,13.06,7.27,8.41
2917000,14.8,9.41,13.22,7.26,8.53
2918000,14.69,9.39,13.17,7.25,8.49
2919000,14.15,9.46,13.19,7.15,8.53
2920000,13.49,9.51,13.05,7.06,8.49
2921000,13.17,9.62,13.16,6.97,8.49
2922000,12.98,9.72,13.28,6.98,8.33
2923000,13.25,9.72,13.11,7.11,8.32
2924000,13.12,9.74,13.25,7.1,8.25
2925000,13.13,9.69,13.7,7.13,8.29
2926000,13.06,9.88,13.75,7.13,8.25
2927000,13.06,9.92,13.99,7.17,8.26
2928000,13.05,9.79,14.02,7.28,8.32
2929000,13.05,9.66,13.97,7.4,8.24
2930000,13.07,9.56,13.86,7.34,8.3
2931000,13.36,9.58,13.54,7.45,8.11
2932000,13.08,9.53,13.52,7.38,8.16
2933000,13.02,9.47,13.26,7.35,8.26
2934000,13.48,9.52,13.2,7.28,8.28
2935000,13.74,9.33,13.23,7.23,8.11
2936000,14.09,9.28,13.15,7.32,8.13
2937000,14.38,9.24,12.85,7.43,8.09
2938000,14.54,9.29,12.96,7.51,8.07
2939000,14.55,9.07,12.4,7.53,8.16
2940000,14.43,9.15,12.28,7.48,8.15
2941000,14.65,9.27,11.93,7.5,8.17
2942000,14.48,9.27,11.63,7.51,8.19
2943000,14.33,9.4,11.8,7.57,8.23
2944000,14.34,9.41,11.74,7.64,8.23
2945000,14.24,9.29,11.96,7.59,8.29
2946000,14.26,9.42,11.99,7.57,8.41
2947000,14.02,9.32,12.35,7.4,8.4
2948000,14.08,9.24,12.25,7.22,8.28
2949000,14.17,9.16,12.35,7.3,8.12
2950000,14.16,9.33,12.22,7.28,8.17
2951000,14.35,9.43,12.48,7.35,8.13
2952000,14.44,9.27,12.53,7.37,8.11
2953000,14.39,9.36,12.78,7.26,8.11
2954000,14.24,9.22,12.85,7.15,8.02
2955000,14.21,9.28,12.59,7.2,8.0
2956000,14.41,9.31,12.96,7.4,7.94
2957000,14.16,9.36,13.23,7.46,8.08
2958000,14.32,9.36,13.21,7.44,8.06
2959000,14.25,9.43,13.21,7.47,8.05
2960000,14.38,9.48,12.99,7.18,8.13
2961000,14.73,9.49,12.34,7.23,8.18
2962000,14.48,9.29,12.45,7.27,8.2
2963000,14.52,9.38,12.5,7.55,8.23
2964000,14.56,9.31,12.4,7.44,8.3
2965000,14.4,9.34,12.51,7.32,8.3
2966000,14.32,9.26,12.36,7.34,8.47
2967000,14.41,9.2,12.17,7.23,8.45
2968000,14.16,9.15,11.83,7.24,8.5
2969000,14.37,9.27,11.85,7.39,8.5
2970000,14.34,9.16,11.7,7.28,8.47
2971000,14.4,9.26,11.5,7.18,8.43
2972000,14.38,9.3,11.54,6.96,8.37
2973000,14.63,9.46,11.69,7.07,8.19
2974000,14.82,9.46,11.89,7.12,8.19
2975000,14.78,9.52,12.02,7.27,7.94
2976000,14.92,9.55,12.03,7.16,7.7
2977000,14.99,9.63,12.07,7.06,7.7
2978000,14.92,9.65,12.07,7.17,7.72
2979000,15.04,9.65,11.94,7.2,7.66
2980000,14.97,9.76,11.79,7.43,7.68
2981000,15.03,9.72,11.9,7.47,7.79
2982000,15.18,9.76,12.37,7.47,7.86
2983000,15.42,9.78,12.4,7.33,7.98
2984000,15.17,9.79,12.8,7.4,8.15
2985000,14.94,9.73,12.88,7.48,8.25
2986000,14.78,9.85,12.93,7.53,8.43
2987000,14.17,9.71,12.79,7.46,8.57
2988000,13.98,9.6,12.77,7.5,8.51
2989000,13.62,9.64,12.86,7.47,8.52
2990000,13.64,9.68,12.91,7.31,8.26
2991000,13.76,9.71,12.94,7.39,8.19
2992000,13.74,9.54,12.99,7.42,8.1
2993000,13.62,9.33,13.03,7.44,7.99
2994000,13.57,9.29,13.19,7.52,7.96
2995000,13.58,9.24,13.55,7.5,7.86
2996000,13.76,9.23,13.29,7.57,7.7
2997000,13.59,9.23,13.33,7.6,7.75
2998000,13.55,9.21,13.4,7.55,7.66
2999000,13.41,9.3,13.45,7.55,7.65
3000000,13.61,9.19,13.42,7.55,7.85
3001000,13.86,8.98,13.04,7.39,7.91
3002000,14.01,8.95,13.2,7.28,8.01
3003000,14.47,9.06,13.35,7.24,8.02
3004000,14.64,9.18,13.58,7.14,8.05
3005000,14.67,9.19,13.34,7.05,8.06
3006000,14.96,9.21,13.49,6.86,8.22
3007000,15.0,9.24,13.25,6.86,8.32
3008000,15.01,9.31,13.34,6.82,8.46
3009000,14.94,9.21,13.22,6.94,8.51
3010000,15.1,9.07,13.18,6.99,8.54
3011000,15.03,9.03,13.31,7.01,8.48
3012000,15.15,9.17,13.33,7.09,8.31
3013000,14.99,9.24,13.27,7.08,8.36
3014000,15.1,9.29,13.21,7.21,8.49
3015000,15.25,9.4,12.85,7.27,8.65
3016000,15.23,9.44,12.97,7.36,8.48
3017000,15.29,9.49,12.97,7.47,8.43
3018000,15.26,9.54,12.54,7.5,8.4
3019000,15.08,9.55,12.62,7.44,8.35
3020000,14.82,9.67,12.52,7.43,8.44
3021000,14.75,9.77,12.5,7.37,8.47
3022000,14.63,10.06,12.71,7.34,8.6
3023000,14.57,10.19,12.47,7.22,8.59
3024000,14.52,10.1,12.36,7.27,8.51
3025000,14.52,10.12,12.17,7.25,8.44
3026000,14.4,10.11,12.16,7.21,8.52
3027000,14.33,10.09,12.25,7.26,8.44
3028000,14.26,9.97,12.2,7.28,8.53
3029000,14.51,9.95,12.48,7.28,8.59
3030000,14.42,9.82,12.9,7.33,8.33
3031000,14.35,9.82,12.83,7.24,8.36
3032000,14.3,9.8,13.05,7.26,8.15
3033000,14.6,9.63,12.81,7.16,8.07
3034000,14.86,9.52,12.42,7.17,8.03
3035000,14.68,9.52,12.56,7.14,8.02
3036000,14.82,9.42,12.39,7.08,8.04
3037000,14.85,9.25,12.53,7.09,7.89
3038000,14.96,9.18,12.79,7.16,7.82
3039000,15.16,9.19,12.54,7.25,7.82
3040000,15.06,9.13,12.67,7.33,7.82
3041000,15.25,9.14,12.45,7.46,7.91
3042000,15.07,9.08,12.35,7.39,8.13
3043000,15.06,9.13,12.2,7.45,8.24
3044000,14.93,9.16,12.16,7.48,8.18
3045000,14.94,9.23,12.24,7.49,8.28
3046000,14.95,9.3,12.45,7.51,8.35
3047000,14.92,9.33,12.54,7.54,8.45
3048000,14.87,9.39,12.89,7.53,8.56
3049000,14.81,9.44,13.25,7.5,8.65
3050000,14.39,9.39,13.28,7.37,8.71
3051000,14.45,9.22,13.55,7.35,8.59
3052000,14.54,9.28,13.45,7.31,8.25
3053000,14.59,9.3,13.33,7.09,8.27
3054000,14.71,9.21,13.74,7.05,8.37
3055000,14.57,9.13,13.8,6.99,8.21
3056000,14.6,9.2,13.65,6.98,8.14
3057000,14.49,9.2,13.85,6.93,8.21
3058000,14.45,9.16,13.9,6.99,8.22
3059000,14.65,9.25,13.9,7.07,8.2
3060000,14.75,9.32,13.9,7.01,8.29
3061000,14.77,9.4,13.87,7.21,8.3
3062000,15.0,9.59,13.57,7.41,8.53
3063000,14.94,9.58,13.54,7.46,8.41
3064000,15.12,9.62,13.54,7.52,8.42
3065000,15.22,9.58,13.55,7.51,8.48
3066000,15.15,9.7,13.05,7.51,8.53
3067000,15.27,9.62,13.22,7.47,8.43
3068000,15.34,9.62,13.19,7.42,8.4
3069000,15.2,9.58,13.02,7.34,8.3
3070000,15.07,9.5,13.29,7.23,8.46
3071000,14.91,9.51,13.04,7.12,8.47
3072000,15.03,9.52,13.2,7.07,8.49
3073000,15.02,9.56,13.18,7.06,8.41
3074000,15.14,9.45,13.44,7.14,8.44
3075000,15.19,9.47,13.35,7.08,8.34
3076000,15.15,9.54,13.25,7.18,8.29
3077000,15.05,9.57,13.5,7.2,8.27
3078000,15.08,9.62,13.61,7.23,8.28
3079000,15.1,9.8,13.67,7.26,8.34
3080000,15.01,9.76,13.84,7.26,8.34
3081000,14.86,9.9,13.55,7.27,8.4
3082000,14.78,9.95,13.69,7.35,8.41
3083000,15.05,9.94,13.66,7.49,8.58
3084000,15.15,9.9,13.59,7.5,8.67
3085000,15.19,9.94,13.37,7.51,8.77
3086000,15.31,9.95,13.52,7.47,8.86
3087000,15.3,9.86,13.74,7.51,8.95
3088000,15.5,9.87,13.32,7.61,8.97
3089000,15.55,9.92,13.21,7.66,8.95
3090000,15.59,9.94,13.26,7.6,8.98
3091000,15.4,10.0,13.01,7.43,8.96
3092000,15.38,10.07,12.93,7.39,8.96
3093000,15.37,10.02,12.97,7.48,8.71
3094000,15.4,9.92,12.65,7.36,8.53
3095000,15.41,9.9,12.86,7.21,8.48
3096000,15.17,9.87,13.12,7.06,8.5
3097000,15.08,9.89,13.39,7.03,8.31
3098000,15.03,9.96,13.38,7.0,8.17
3099000,14.92,10.0,13.61,7.06,8.21
3100000,14.88,9.91,13.54,7.01,8.27
3101000,14.49,9.8,13.48,6.83,8.13
3102000,14.66,9.78,13.37,7.02,8.14
3103000,14.72,9.56,13.64,7.09,8.16
3104000,14.76,9.61,13.71,7.15,8.21
3105000,14.42,9.62,13.8,7.18,8.12
3106000,14.31,9.68,13.5,7.3,8.02
3107000,14.38,9.63,13.62,7.36,8.03
3108000,14.34,9.7,13.58,7.5,8.07
3109000,14.38,9.72,13.54,7.53,8.02
3110000,14.35,9.65,13.64,7.58,8.03
3111000,14.45,9.6,13.66,7.6,8.18
3112000,14.53,9.59,13.53,7.55,8.05
3113000,14.53,9.65,13.53,7.38,8.16
3114000,14.59,9.76,13.45,7.3,8.13
3115000,14.85,9.8,13.44,7.24,8.08
3116000,14.61,9.82,13.71,7.17,8.31
3117000,14.64,9.72,13.84,7.25,8.47
3118000,14.87,9.69,13.97,7.25,8.47
3119000,14.7,9.74,13.96,7.09,8.55
3120000,15.0,9.7,13.37,7.23,8.45
3121000,14.82,9.77,13.34,7.33,8.43
3122000,15.25,9.77,13.5,7.25,8.5
3123000,15.35,9.89,13.3,7.31,8.5
3124000,15.52,9.87,13.22,7.2,8.42
3125000,15.54,9.9,13.31,7.25,8.34
3126000,15.69,9.88,13.24,7.38,8.26
3127000,15.52,9.93,13.36,7.39,8.19
3128000,15.42,9.94,13.31,7.56,8.19
3129000,15.44,9.96,13.32,7.48,8.29
3130000,15.53,9.8,13.44,7.55,8.3
3131000,15.54,9.79,12.87,7.69,8.31
3132000,15.53,9.62,12.58,7.72,8.32
3133000,15.64,9.65,12.46,7.71,8.44
3134000,15.49,9.55,12.55,7.69,8.49
3135000,15.5,9.6,12.94,7.55,8.63
3136000,15.42,9.56,13.01,7.57,8.63
3137000,15.14,9.53,12.8,7.56,8.75
3138000,15.02,9.49,13.19,7.55,8.83
3139000,15.01,9.41,13.17,7.55,8.88
3140000,14.85,9.27,13.13,7.52,8.86
3141000,14.69,9.18,12.85,7.47,8.84
3142000,14.15,9.17,12.68,7.51,8.89
3143000,14.34,9.37,12.45,7.58,8.93
3144000,14.26,9.23,12.22,7.69,8.78
3145000,14.06,9.2,12.34,7.6,8.75
3146000,13.99,9.23,12.61,7.68,8.76
3147000,14.09,9.04,12.61,7.7,8.69
3148000,14.29,9.06,12.48,7.68,8.67
3149000,14.45,9.13,12.41,7.75,8.5
3150000,14.65,9.27,12.31,7.86,8.47
3151000,14.61,9.45,12.32,7.89,8.6
3152000,14.46,9.58,12.61,7.97,8.45
3153000,14.79,9.61,12.56,8.01,8.42
3154000,14.92,9.59,12.48,8.0,8.51
3155000,15.03,9.57,12.78,7.78,8.56
3156000,15.16,9.62,12.73,7.66,8.59
3157000,15.13,9.7,12.7,7.56,8.61
3158000,15.19,9.79,12.95,7.4,8.51
3159000,15.29,9.87,13.02,7.43,8.62
3160000,15.42,9.84,13.18,7.36,8.52
3161000,15.07,9.76,13.05,7.24,8.61
3162000,15.32,9.75,13.31,7.31,8.68
3163000,15.12,9.93,13.21,7.42,8.65
3164000,14.95,9.82,13.54,7.53,8.69
3165000,14.49,9.86,13.85,7.56,8.73
3166000,14.4,9.71,13.71,7.7,8.66
3167000,14.3,9.57,13.7,7.69,8.73
3168000,14.14,9.58,13.76,7.64,8.85
3169000,14.04,9.6,14.05,7.53,8.9
3170000,14.2,9.57,14.05,7.54,8.91
3171000,14.16,9.56,14.04,7.53,8.85
3172000,14.14,9.61,14.22,7.43,8.76
3173000,14.12,9.55,14.34,7.35,8.83
3174000,14.0,9.44,14.22,7.31,8.77
3175000,14.14,9.54,14.19,7.37,8.53
3176000,14.13,9.51,14.28,7.45,8.41
3177000,14.38,9.4,14.34,7.44,8.47
3178000,14.61,9.45,14.19,7.63,8.35
3179000,14.78,9.37,14.24,7.61,8.35
3180000,14.74,9.4,14.1,7.65,8.31
3181000,14.63,9.35,14.04,7.83,8.43
3182000,14.83,9.36,14.15,7.85,8.53
3183000,14.68,9.27,14.18,7.84,8.52
3184000,14.94,9.27,14.21,7.76,8.5
3185000,15.29,9.3,14.04,7.79,8.53
3186000,15.38,9.37,13.96,7.8,8.66
3187000,14.93,9.26,14.0,7.89,8.63
3188000,14.96,9.38,13.98,7.73,8.67
3189000,15.02,9.38,14.15,7.5,8.55
3190000,15.11,9.61,14.11,7.44,8.51
3191000,15.19,9.51,14.45,7.49,8.4
3192000,15.11,9.53,14.44,7.56,8.33
3193000,14.9,9.58,14.5,7.66,8.33
3194000,14.99,9.63,14.7,7.58,8.35
3195000,15.08,9.63,14.87,7.62,8.4
3196000,14.97,9.68,14.87,7.52,8.25
3197000,14.99,9.6,14.83,7.66,8.19
3198000,15.16,9.66,14.87,7.82,8.29
3199000,15.39,9.77,14.79,7.79,8.34
3200000,15.54,9.77,14.92,7.85,8.35
3201000,15.72,9.77,14.77,7.89,8.38
3202000,15.45,9.62,14.91,7.91,8.44
3203000,15.18,9.74,15.02,7.94,8.41
3204000,15.41,9.74,14.94,7.97,8.48
3205000,15.76,9.68,15.05,8.02,8.55
3206000,15.62,9.62,15.08,7.91,8.6
3207000,15.57,9.57,14.77,7.74,8.56
3208000,15.63,9.5,14.63,7.62,8.57
3209000,15.7,9.57,14.58,7.65,8.67
3210000,15.87,9.62,14.36,7.52,8.86
3211000,15.9,9.68,14.31,7.36,9.0
3212000,15.77,9.53,14.45,7.35,9.07
3213000,15.67,9.57,14.43,7.35,9.0
3214000,15.67,9.62,14.4,7.27,8.99
3215000,15.56,9.66,14.44,7.26,8.82
3216000,15.48,9.79,14.38,7.42,8.93
3217000,15.08,9.92,14.28,7.41,8.83
3218000,15.01,9.94,13.53,7.24,8.9
3219000,14.98,9.98,13.17,7.26,8.81
3220000,15.31,10.03,12.57,7.39,8.83
3221000,15.24,10.01,12.6,7.32,8.6
3222000,14.86,9.81,12.8,7.39,8.49
3223000,14.96,9.89,12.93,7.41,8.57
3224000,14.64,9.97,12.72,7.63,8.63
3225000,14.55,10.0,12.76,7.72,8.77
3226000,14.64,9.97,12.81,7.67,8.87
3227000,14.41,9.94,12.56,7.71,8.93
3228000,14.49,9.74,12.39,7.68,8.76
3229000,14.68,9.79,12.44,7.57,8.77
3230000,14.68,9.78,12.49,7.62,8.67
3231000,14.74,9.81,12.66,7.63,8.77
3232000,14.73,9.82,12.96,7.57,8.83
3233000,14.92,9.86,13.34,7.47,8.84
3234000,14.94,9.97,13.67,7.53,8.73
3235000,15.15,9.88,13.76,7.63,8.58
3236000,14.92,9.96,14.28,7.69,8.69
3237000,14.78,9.89,14.36,7.7,8.63
3238000,14.8,9.83,14.35,7.83,8.78
3239000,14.39,9.87,14.28,7.86,8.76
3240000,14.5,9.54,14.64,7.85,8.8
3241000,14.71,9.49,14.66,7.79,8.77
3242000,14.33,9.52,14.62,7.76,8.71
3243000,14.12,9.59,14.75,7.65,8.68
3244000,13.97,9.63,14.56,7.64,8.71
3245000,13.75,9.56,14.68,7.72,8.76
3246000,13.9,9.5,14.69,7.78,8.73
3247000,13.96,9.26,14.51,7.69,8.8
3248000,13.89,9.25,14.33,7.64,8.78
3249000,13.91,9.26,14.31,7.68,8.88
3250000,14.07,9.27,13.87,7.75,8.86
3251000,14.0,9.43,13.62,7.64,8.78
3252000,14.04,9.44,13.16,7.77,8.9
3253000,14.17,9.29,13.31,7.76,8.8
3254000,14.18,9.28,13.16,7.75,8.84
3255000,14.45,9.3,12.92,7.81,8.86
3256000,14.7,9.31,12.79,7.92,8.76
3257000,14.82,9.33,12.77,8.02,8.74
3258000,14.78,9.53,12.89,8.15,8.47
3259000,14.99,9.62,12.87,8.15,8.42
3260000,15.09,9.69,12.73,8.21,8.45
3261000,15.24,9.64,12.74,8.08,8.47
3262000,15.44,9.94,12.44,7.9,8.51
3263000,15.0,9.99,12.76,7.89,8.51
3264000,14.89,10.0,12.98,7.79,8.57
3265000,14.7,10.01,13.01,7.56,8.64
3266000,14.72,9.84,13.1,7.48,8.72
3267000,14.56,9.87,13.17,7.38,8.78
3268000,14.3,9.8,13.02,7.3,8.9
3269000,14.13,9.9,13.05,7.41,8.91
3270000,14.05,9.96,13.23,7.44,8.84
3271000,13.93,9.95,13.38,7.56,8.77
3272000,14.03,9.98,13.28,7.48,8.69
3273000,14.01,9.98,13.35,7.57,8.8
3274000,14.13,9.91,13.59,7.64,8.79
3275000,14.07,9.9,13.62,7.69,8.82
3276000,14.37,9.86,13.49,7.76,8.73
3277000,14.23,9.96,13.77,7.72,8.71
3278000,14.01,9.84,14.01,7.68,8.68
3279000,14.11,9.77,13.83,7.57,8.7
3280000,14.09,9.75,13.81,7.63,8.78
3281000,14.02,9.82,13.85,7.53,8.93
3282000,13.96,9.87,13.97,7.5,8.98
3283000,13.86,9.75,14.13,7.48,8.93
3284000,14.03,9.52,14.31,7.47,8.78
3285000,14.08,9.52,14.44,7.27,8.64
3286000,14.05,9.62,14.49,7.18,8.66
3287000,14.06,9.72,14.73,7.32,8.51
3288000,14.09,9.76,14.79,7.09,8.43
3289000,13.42,9.78,14.74,7.11,8.31
3290000,13.39,9.89,14.72,7.12,8.15
3291000,13.48,9.93,14.65,7.11,8.04
3292000,13.33,9.86,14.51,7.07,7.91
3293000,13.28,9.86,14.58,7.06,8.1
3294000,13.59,9.78,14.69,7.22,7.92
3295000,13.41,9.81,14.5,7.07,8.01
3296000,13.55,9.84,14.71,7.23,7.87
3297000,13.67,9.81,14.92,7.28,7.99
3298000,13.85,9.63,14.61,7.3,8.11
3299000,14.0,9.41,14.25,7.34,8.07
3300000,14.18,9.18,14.11,7.18,8.17
3301000,14.35,9.28,14.22,7.2,8.22
3302000,14.58,8.9,14.2,7.38,8.27
3303000,14.67,8.85,14.05,7.5,8.18
3304000,14.46,8.76,14.02,7.69,8.41
3305000,14.57,8.63,13.97,7.87,8.47
3306000,14.97,8.76,14.01,7.91,8.7
3307000,15.08,8.72,14.05,7.98,8.78
3308000,14.92,8.64,14.18,8.06,8.72
3309000,15.16,8.73,13.77,8.19,8.74
3310000,15.37,8.79,13.81,8.17,8.88
3311000,15.35,8.92,13.82,8.25,8.96
3312000,15.56,8.94,13.64,8.15,8.9
3313000,15.53,9.16,13.62,8.19,8.79
3314000,15.48,9.07,13.78,8.18,8.64
3315000,15.2,9.18,14.26,8.21,8.47
3316000,15.01,9.31,14.28,8.17,8.43
3317000,14.93,9.32,14.16,8.17,8.29
3318000,14.65,9.42,14.21,8.32,8.28
3319000,14.68,9.52,14.15,8.4,8.09
3320000,14.7,9.6,14.06,8.28,8.06
3321000,15.0,9.67,14.29,8.39,8.07
3322000,15.0,9.73,14.26,8.38,8.1
3323000,14.72,9.66,13.77,8.37,8.11
3324000,14.45,9.71,13.59,8.34,8.04
3325000,14.74,9.78,13.59,8.23,8.06
3326000,14.58,9.77,13.53,8.19,8.2
3327000,14.58,9.85,13.78,8.21,8.13
3328000,14.68,9.8,13.76,8.18,8.32
3329000,14.67,9.73,13.66,8.29,8.39
3330000,14.61,9.75,13.57,8.24,8.38
3331000,14.78,9.76,13.42,8.19,8.29
3332000,15.02,9.76,13.4,8.15,8.4
3333000,15.33,9.81,13.12,8.01,8.55
3334000,15.18,9.41,13.31,8.09,8.73
3335000,15.18,9.39,13.23,8.23,8.76
3336000,15.1,9.41,13.21,8.21,8.72
3337000,14.96,9.33,13.3,8.21,8.78
3338000,14.62,9.3,13.42,8.22,8.75
3339000,14.74,9.27,13.67,8.19,8.7
3340000,14.99,9.33,13.94,8.28,8.57
3341000,15.05,9.29,13.71,8.33,8.74
3342000,14.77,9.26,13.73,8.38,8.59
3343000,14.84,9.18,13.26,8.46,8.5
3344000,14.68,9.25,13.17,8.34,8.39
3345000,14.46,9.54,13.11,8.18,8.28
3346000,14.47,9.65,13.21,8.23,8.11
3347000,14.42,9.59,13.1,8.29,8.09
3348000,13.98,9.51,13.2,8.29,8.13
3349000,13.62,9.47,12.85,8.23,8.25
3350000,13.95,9.34,12.87,8.21,8.34
3351000,14.02,9.38,12.94,8.06,8.26
3352000,13.98,9.27,12.89,7.96,8.25
3353000,14.12,9.31,13.09,8.06,8.47
3354000,14.17,9.4,13.19,7.88,8.61
3355000,14.2,9.3,13.05,7.77,8.72
3356000,14.08,9.36,13.1,7.66,8.83
3357000,14.16,9.34,13.27,7.47,9.03
3358000,14.15,9.52,13.53,7.47,8.98
3359000,14.36,9.56,13.72,7.45,8.85
3360000,14.48,9.54,13.65,7.55,8.84
3361000,14.44,9.71,13.77,7.6,8.82
3362000,14.69,9.69,13.8,7.54,8.7
3363000,14.92,9.6,13.94,7.76,8.69
3364000,14.92,9.53,14.09,7.8,8.62
3365000,15.19,9.31,14.21,7.73,8.55
3366000,15.35,9.32,14.29,7.92,8.61
3367000,15.52,9.31,14.37,7.89,8.41
3368000,15.44,9.28,14.41,7.93,8.46
3369000,15.57,9.09,14.26,7.81,8.44
3370000,15.73,9.1,14.29,7.96,8.44
3371000,15.75,9.06,14.43,8.02,8.57
3372000,15.69,9.09,14.74,8.07,8.78
3373000,15.57,9.21,14.53,8.09,8.89
3374000,15.76,9.3,14.25,8.16,8.87
3375000,15.8,9.37,14.05,8.24,8.9
3376000,15.86,9.42,14.12,8.24,8.72
3377000,15.6,9.49,14.05,8.32,8.76
3378000,15.56,9.47,14.25,8.26,8.81
3379000,15.29,9.3,13.83,8.32,8.76
3380000,15.13,9.38,13.82,8.29,8.9
3381000,15.35,9.41,13.69,8.3,8.71
3382000,15.31,9.42,13.62,8.33,8.47
3383000,15.17,9.36,13.76,8.39,8.33
3384000,14.98,9.26,13.85,8.18,8.31
3385000,15.1,9.23,13.73,8.21,8.3
3386000,14.84,9.25,13.72,8.16,8.37
3387000,14.51,9.37,13.55,7.96,8.42
3388000,14.51,9.35,13.48,8.0,8.48
3389000,14.6,9.34,13.65,7.99,8.57
3390000,14.72,9.44,13.69,8.03,8.5
3391000,14.81,9.56,13.72,7.97,8.51
3392000,14.74,9.52,13.78,7.91,8.61
3393000,14.81,9.57,13.83,8.05,8.6
3394000,14.87,9.58,13.68,7.98,8.66
3395000,14.81,9.62,13.78,7.79,8.64
3396000,15.08,9.7,13.82,7.92,8.69
3397000,14.94,9.72,14.17,7.83,8.72
3398000,14.75,9.62,14.06,7.62,8.61
3399000,14.8,9.56,13.88,7.56,8.6
3400000,14.9,9.69,13.95,7.62,8.58
3401000,14.84,9.75,14.13,7.47,8.6
3402000,14.93,9.73,13.9,7.5,8.53
3403000,15.18,9.67,13.71,7.64,8.61
3404000,15.5,9.64,13.87,7.73,8.6
3405000,15.38,9.5,14.07,7.67,8.79
3406000,15.53,9.61,14.17,7.74,8.78
3407000,15.59,9.65,14.36,7.97,8.83
3408000,15.41,9.67,14.28,7.96,8.75
3409000,15.19,9.77,14.01,7.8,8.71
3410000,15.08,9.75,14.09,7.81,8.62
3411000,14.97,9.8,14.31,7.7,8.7
3412000,15.09,9.83,14.18,7.66,8.66
3413000,14.99,9.81,14.36,7.62,8.59
3414000,15.13,9.96,14.31,7.72,8.55
3415000,14.97,9.99,13.96,7.59,8.43
3416000,14.88,10.09,13.8,7.43,8.49
3417000,14.96,10.14,13.95,7.39,8.52
3418000,15.21,10.11,14.01,7.5,8.56
3419000,15.26,9.98,14.03,7.6,8.58
3420000,15.02,9.97,13.91,7.4,8.73
3421000,14.96,10.01,13.69,7.45,8.73
3422000,15.13,9.92,13.7,7.5,8.77
3423000,15.02,10.0,13.39,7.5,8.83
3424000,15.05,9.83,13.44,7.61,8.8
3425000,14.76,9.83,13.64,7.71,8.67
3426000,14.81,9.76,13.65,7.85,8.71
3427000,14.84,9.47,13.49,7.96,8.64
3428000,15.13,9.42,13.38,7.88,8.75
3429000,15.06,9.44,13.33,8.01,8.76
3430000,15.09,9.55,13.52,8.16,8.71
3431000,15.15,9.39,13.77,8.07,8.69
3432000,15.37,9.35,13.77,7.95,8.65
3433000,15.35,9.32,13.78,8.02,8.36
3434000,15.46,9.28,13.94,8.02,8.44
3435000,15.36,9.36,13.84,8.03,8.55
3436000,15.35,9.35,13.76,7.94,8.53
3437000,15.35,9.32,13.94,7.98,8.5
3438000,15.52,9.49,14.14,8.02,8.41
3439000,15.51,9.64,14.18,7.92,8.45
3440000,15.33,9.67,13.83,7.85,8.44
3441000,15.32,9.49,13.6,7.88,8.42
3442000,15.34,9.45,13.7,7.84,8.44
3443000,15.61,9.47,13.77,7.84,8.73
3444000,15.74,9.43,13.83,7.94,8.77
3445000,15.82,9.4,13.8,7.9,8.74
3446000,15.77,9.36,13.96,7.91,8.69
3447000,15.6,9.32,13.68,7.94,8.64
3448000,15.55,9.18,13.59,8.02,8.83
3449000,15.55,9.14,13.51,7.96,8.99
3450000,15.44,9.1,13.4,8.04,8.82
3451000,15.35,9.14,13.56,8.05,8.84
3452000,15.32,9.27,13.72,8.16,8.8
3453000,14.93,9.44,13.6,8.09,8.81
3454000,14.94,9.42,13.53,8.1,8.88
3455000,14.87,9.42,13.77,8.16,8.92
3456000,14.72,9.53,14.0,8.2,8.88
3457000,14.74,9.64,14.4,8.13,8.89
3458000,14.54,9.79,14.55,8.25,8.92
3459000,14.77,9.87,14.71,8.29,8.68
3460000,14.79,9.99,14.56,8.33,8.8
3461000,14.94,9.88,14.6,8.34,8.8
3462000,14.96,9.93,14.23,8.3,8.79
3463000,15.06,9.89,13.96,8.32,8.89
3464000,15.27,9.76,14.06,8.31,8.85
3465000,15.51,9.67,13.98,8.21,8.74
3466000,15.56,9.68,14.24,8.23,8.77
3467000,15.72,9.66,14.5,8.23,8.79
3468000,15.82,9.71,14.66,8.14,8.8
3469000,15.98,9.6,14.71,8.18,8.85
3470000,15.81,9.57,14.76,8.22,8.82
3471000,15.37,9.5,14.53,8.23,8.87
3472000,15.4,9.47,13.76,8.18,9.04
3473000,15.28,9.46,13.31,8.3,8.97
3474000,15.39,9.49,13.11,8.1,8.99
3475000,15.52,9.41,13.08,8.13,9.1
3476000,15.58,9.52,13.15,8.2,9.13
3477000,15.3,9.64,13.36,8.31,9.1
3478000,15.15,9.59,13.76,8.11,9.08
3479000,15.15,9.64,14.1,8.07,8.85
3480000,15.01,9.69,13.99,8.14,8.79
3481000,14.97,9.62,13.85,8.22,8.85
3482000,14.79,9.65,13.97,8.09,8.66
3483000,14.85,9.7,13.76,8.25,8.76
3484000,14.61,9.72,13.63,8.13,8.66
3485000,14.63,9.55,13.56,8.18,8.46
3486000,14.57,9.45,13.42,8.16,8.42
3487000,14.85,9.5,13.69,8.24,8.27
3488000,15.23,9.41,13.81,8.37,8.29
3489000,15.77,9.44,13.54,8.38,8.5
3490000,15.78,9.36,13.68,8.4,8.53
3491000,15.94,9.33,13.55,8.33,8.52
3492000,15.99,9.36,13.24,8.49,8.49
3493000,15.63,9.44,13.14,8.52,8.35
3494000,15.64,9.34,12.96,8.65,8.4
3495000,15.73,9.39,12.91,8.64,8.57
3496000,15.74,9.45,13.18,8.65,8.51
3497000,15.44,9.62,12.94,8.53,8.62
3498000,15.5,9.75,12.94,8.48,8.61
3499000,15.43,9.86,13.14,8.44,8.6
3500000,15.35,9.75,13.28,8.41,8.54
3501000,15.5,9.51,13.35,8.34,8.51
3502000,15.59,9.46,13.8,8.17,8.71
3503000,15.49,9.39,13.75,8.18,8.72
3504000,15.03,9.32,14.11,8.14,8.83
3505000,14.97,9.36,14.25,7.97,8.51
3506000,14.93,9.33,14.39,8.03,8.61
3507000,14.92,9.42,14.48,8.01,8.68
3508000,14.96,9.36,14.75,8.11,8.62
3509000,14.92,9.28,14.41,8.11,8.7
3510000,15.02,9.26,14.41,8.03,8.69
3511000,15.24,9.25,14.5,7.97,8.66
3512000,15.28,9.47,14.2,8.03,8.61
3513000,15.46,9.61,14.22,8.06,8.72
3514000,15.5,9.69,13.93,8.2,8.59
3515000,15.6,9.74,13.89,8.15,8.72
3516000,15.67,9.79,13.76,8.13,8.69
3517000,15.78,9.6,13.56,8.22,8.64
3518000,15.88,9.59,13.5,8.28,8.68
3519000,15.76,9.64,13.41,8.14,8.6
3520000,15.62,9.69,13.35,8.41,8.55
3521000,15.89,9.58,13.43,8.35,8.52
3522000,16.15,9.61,13.56,8.27,8.46
3523000,16.07,9.58,13.76,8.19,8.34
3524000,15.77,9.56,13.83,8.25,8.42
3525000,15.68,9.57,14.24,8.28,8.44
3526000,15.81,9.55,14.25,8.18,8.55
3527000,15.86,9.45,14.25,8.17,8.46
3528000,15.77,9.58,14.44,8.14,8.36
3529000,15.58,9.53,14.38,8.19,8.42
3530000,15.58,9.4,14.42,8.19,8.46
3531000,15.4,9.34,14.64,8.29,8.54
3532000,15.79,9.45,14.52,8.22,8.54
3533000,15.56,9.51,14.56,8.07,8.54
3534000,15.33,9.45,14.53,8.02,8.53
3535000,15.31,9.43,14.58,8.08,8.44
3536000,15.4,9.4,14.74,8.07,8.35
3537000,15.32,9.32,14.98,8.07,8.54
3538000,15.25,9.36,14.85,8.02,8.63
3539000,15.32,9.39,14.57,8.01,8.69
3540000,15.3,9.42,14.39,7.86,8.57
3541000,15.35,9.43,14.38,7.95,8.61
3542000,15.24,9.41,14.36,8.02,8.57
3543000,15.1,9.36,14.13,8.07,8.53
3544000,14.96,9.43,14.24,8.04,8.57
3545000,15.04,9.31,14.36,8.08,8.62
3546000,15.19,9.27,14.37,8.03,8.75
3547000,15.09,9.25,14.35,8.02,8.77
3548000,15.2,9.37,14.47,8.07,8.77
3549000,15.0,9.44,14.55,8.2,8.77
3550000,15.11,9.47,14.62,8.2,8.76
3551000,15.29,9.52,14.54,8.04,8.68
3552000,15.29,9.59,14.54,7.98,8.69
3553000,15.17,9.58,14.42,8.08,8.78
3554000,15.38,9.64,14.31,7.99,8.9
3555000,14.96,9.62,14.3,8.1,8.94
3556000,14.97,9.65,14.5,8.1,9.0
3557000,14.97,9.89,14.48,8.09,8.89
3558000,15.21,9.88,14.46,8.04,8.92
3559000,15.36,9.99,14.7,7.99,8.91
3560000,15.47,10.07,14.73,7.86,8.97
3561000,15.7,9.99,14.76,7.98,9.06
3562000,15.9,9.95,14.6,7.99,9.02
3563000,15.81,10.02,14.39,8.13,9.09
3564000,15.57,9.98,14.38,8.09,9.02
3565000,15.49,10.11,14.35,8.03,8.8
3566000,15.6,9.95,14.25,8.05,8.71
3567000,15.77,9.97,14.47,7.96,8.82
3568000,15.69,9.85,14.6,8.14,8.74
3569000,15.65,9.88,14.6,8.3,8.54
3570000,15.52,9.82,14.74,8.41,8.49
3571000,15.63,9.72,14.67,8.35,8.57
3572000,15.72,9.61,14.65,8.14,8.58
3573000,16.0,9.57,14.59,7.94,8.58
3574000,16.0,9.59,14.58,7.88,8.57
3575000,16.01,9.64,14.63,7.85,8.72
3576000,15.89,9.58,14.39,7.78,8.68
3577000,15.78,9.66,14.24,7.77,8.58
3578000,15.73,9.76,14.43,7.73,8.73
3579000,15.71,9.69,14.46,7.65,8.86
3580000,15.75,9.75,14.58,7.63,9.0
3581000,15.84,9.77,14.48,7.75,8.93
3582000,15.91,9.82,14.67,7.93,8.87
3583000,15.77,9.9,14.55,8.01,8.83
3584000,15.66,10.09,14.58,8.01,8.8
3585000,15.73,10.07,14.07,8.09,8.81
3586000,15.76,9.91,14.43,8.1,8.76
3587000,15.64,9.91,14.37,8.25,8.85
3588000,15.87,9.96,14.25,8.3,8.83
3589000,15.75,10.01,14.15,8.21,8.42
3590000,15.77,9.94,14.0,8.27,8.43
3591000,15.65,9.81,14.15,8.33,8.62
3592000,15.59,9.82,14.11,8.34,8.61
3593000,15.46,9.79,14.27,8.37,8.6
3594000,15.63,9.63,14.23,8.45,8.65
3595000,15.55,9.62,14.38,8.46,8.76
3596000,15.37,9.65,14.39,8.35,8.89
3597000,15.05,9.64,14.23,8.3,8.84
3598000,14.78,9.64,14.09,8.32,8.95
3599000,14.88,9.61,14.27,8.34,9.01
3600000,14.99,9.44,14.37,8.29,9.32
3601000,15.12,9.63,14.65,8.26,9.34
3602000,15.13,9.48,14.98,8.23,9.29
3603000,15.07,9.58,14.85,8.25,9.17
3604000,15.03,9.62,15.13,8.18,9.29
3605000,14.87,9.69,15.1,8.22,9.45
3606000,15.01,9.69,15.01,8.17,9.36
3607000,15.08,9.72,15.14,8.22,9.29
3608000,15.29,9.63,14.95,8.15,9.35
3609000,15.09,9.53,14.72,8.16,9.29
3610000,15.3,9.51,14.69,8.24,9.23
3611000,14.96,9.48,14.76,8.19,9.17
3612000,15.01,9.43,14.71,8.24,9.23
3613000,15.06,9.5,14.77,8.14,9.29
3614000,15.31,9.51,14.79,8.1,9.5
3615000,15.65,9.38,14.95,8.15,9.42
3616000,15.93,9.24,14.94,8.29,9.15
3617000,15.46,9.34,14.87,8.16,9.1
3618000,15.44,9.28,14.88,8.23,9.06
3619000,15.48,9.13,14.87,8.27,9.0
3620000,15.37,9.26,14.84,8.23,9.02
3621000,15.38,9.34,14.69,8.41,9.22
3622000,15.24,9.45,14.34,8.29,9.2
3623000,15.13,9.42,14.37,8.18,8.97
3624000,14.8,9.33,14.55,8.19,8.89
3625000,14.78,9.38,14.53,8.22,8.88
3626000,14.74,9.41,14.22,8.18,8.99
3627000,14.81,9.41,14.31,8.26,9.28
3628000,14.83,9.43,14.27,8.17,9.21
3629000,14.66,9.39,14.01,8.14,9.25
3630000,14.66,9.56,14.01,8.14,9.31
3631000,14.26,9.7,13.77,8.12,9.26
3632000,14.11,9.73,13.87,8.41,9.22
3633000,14.17,9.85,13.99,8.5,9.32
3634000,14.18,9.87,13.89,8.43,9.48
3635000,13.93,9.85,13.92,8.44,9.54
3636000,13.74,9.98,14.06,8.3,9.58
3637000,14.02,9.98,14.05,8.34,9.61
3638000,14.17,9.78,14.0,8.38,9.54
3639000,14.06,9.8,14.11,8.38,9.62
3640000,14.04,9.78,14.08,8.29,9.81
3641000,14.08,9.84,14.47,8.35,9.96
3642000,14.23,9.83,14.69,8.3,10.14
3643000,14.45,9.87,14.83,8.33,10.18
3644000,14.51,9.57,14.85,8.4,10.23
3645000,14.62,9.52,15.2,8.4,10.2
3646000,14.73,9.54,15.25,8.61,10.06
3647000,14.9,9.39,15.39,8.57,9.96
3648000,15.1,9.29,15.17,8.64,9.91
3649000,15.23,9.54,15.21,8.63,9.92
3650000,15.41,9.45,14.63,8.69,9.88
3651000,15.5,9.27,14.9,8.7,9.79
3652000,15.66,9.09,14.77,8.65,9.73
3653000,15.82,9.04,14.18,8.64,9.58
3654000,16.1,9.04,14.39,8.7,9.64
3655000,16.07,9.18,14.24,8.73,9.79
3656000,15.94,9.05,14.44,8.72,9.78
3657000,16.19,9.14,14.24,8.69,9.83
3658000,16.36,9.19,14.22,8.65,9.88
3659000,16.46,9.34,14.13,8.64,9.76
3660000,16.21,9.33,13.95,8.54,9.73
3661000,16.39,9.45,13.94,8.51,9.85
3662000,16.3,9.68,13.94,8.54,9.7
3663000,16.15,9.81,13.94,8.52,9.67
3664000,16.09,9.83,14.07,8.38,9.55
3665000,16.11,9.74,13.95,8.32,9.34
3666000,15.88,9.65,14.31,8.33,9.2
3667000,15.5,9.86,14.21,8.38,9.15
3668000,15.51,9.74,14.03,8.37,9.04
3669000,15.68,9.82,14.3,8.41,9.17
3670000,15.39,9.7,14.29,8.31,9.14
3671000,15.52,9.71,14.46,8.3,8.97
3672000,15.38,9.72,14.49,8.36,8.83
3673000,15.42,9.6,14.45,8.22,8.98
3674000,15.5,9.62,14.38,8.32,8.95
3675000,15.24,9.66,14.24,8.28,8.83
3676000,15.41,9.75,14.35,8.22,9.04
3677000,15.43,9.81,14.54,8.2,9.06
3678000,15.42,9.77,14.35,8.22,9.1
3679000,15.54,9.8,14.38,8.23,8.92
3680000,15.7,9.57,14.29,8.36,8.99
3681000,15.75,9.28,14.15,8.38,9.17
3682000,15.73,9.03,13.95,8.43,9.09
3683000,15.68,8.99,14.0,8.45,9.35
3684000,15.94,9.02,13.95,8.45,9.44
3685000,16.23,8.99,14.16,8.5,9.58
3686000,16.11,9.01,14.03,8.52,9.78
3687000,16.14,8.98,13.87,8.46,9.51
3688000,15.97,9.16,13.99,8.52,9.61
3689000,15.6,9.07,14.18,8.48,9.61
3690000,15.6,8.92,14.0,8.46,9.69
3691000,15.3,9.24,13.9,8.45,9.67
3692000,15.23,9.41,13.93,8.53,9.65
3693000,15.26,9.49,13.69,8.62,9.83
3694000,15.14,9.47,13.84,8.55,9.71
3695000,14.76,9.6,14.09,8.43,9.9
3696000,14.64,9.52,14.2,8.4,9.72
3697000,14.63,9.37,14.23,8.39,9.55
3698000,14.85,9.32,14.44,8.45,9.84
3699000,14.91,9.31,14.29,8.37,9.75
3700000,14.59,9.48,14.49,8.37,9.71
3701000,14.77,9.66,14.38,8.4,9.92
3702000,14.6,9.57,14.39,8.34,10.05
3703000,14.75,9.55,14.32,8.3,10.24
3704000,14.85,9.7,13.78,8.35,10.11
3705000,14.73,9.69,13.73,8.4,9.84
3706000,14.86,9.61,13.74,8.48,9.95
3707000,14.85,9.64,13.68,8.5,9.9
3708000,14.92,9.62,13.67,8.48,9.96
3709000,14.93,9.6,13.83,8.47,9.81
3710000,14.78,9.46,13.52,8.39,9.95
3711000,15.02,9.48,13.52,8.2,9.93
3712000,14.7,9.51,13.46,8.15,9.86
3713000,14.56,9.52,13.23,8.1,9.91
3714000,14.33,9.33,13.24,8.15,9.83
3715000,14.01,9.17,13.05,8.01,9.63
3716000,14.16,9.02,13.15,7.97,9.82
3717000,14.17,9.19,13.35,8.04,10.04
3718000,14.11,9.29,13.31,7.96,9.99
3719000,14.13,9.44,13.66,8.03,9.81
3720000,14.26,9.38,13.67,8.07,9.79
3721000,14.38,9.5,13.96,8.12,9.47
3722000,14.67,9.41,13.96,8.23,9.6
3723000,14.72,9.4,14.09,8.29,9.44
3724000,14.95,9.52,14.34,8.34,9.38
3725000,14.84,9.53,14.38,8.39,9.4
3726000,14.93,9.74,14.2,8.36,9.66
3727000,14.89,9.87,14.08,8.43,9.8
3728000,14.84,9.8,13.8,8.48,9.66
3729000,15.09,9.71,13.58,8.45,9.66
3730000,15.2,9.63,13.76,8.49,9.64
3731000,15.14,9.52,13.97,8.53,9.76
3732000,15.26,9.41,13.93,8.52,9.83
3733000,15.29,9.43,13.95,8.5,9.92
3734000,15.19,9.3,14.14,8.43,9.82
3735000,15.23,9.3,13.87,8.43,9.81
3736000,15.0,9.39,13.66,8.42,9.69
3737000,14.83,9.32,13.51,8.37,9.68
3738000,15.08,9.18,13.55,8.36,9.75
3739000,14.6,9.17,13.41,8.22,9.89
3740000,14.59,9.22,13.48,8.27,10.16
3741000,14.67,9.3,13.6,8.26,10.12
3742000,14.62,9.37,13.71,8.29,10.38
3743000,14.55,9.5,13.79,8.22,10.13
3744000,14.77,9.46,14.28,8.1,10.09
3745000,14.86,9.53,14.47,8.07,10.06
3746000,14.73,9.52,14.75,8.07,10.4
3747000,14.82,9.49,14.45,8.18,10.37
3748000,14.98,9.46,14.5,8.16,10.37
3749000,15.29,9.58,14.57,8.33,10.11
3750000,15.36,9.52,14.39,8.29,9.81
3751000,15.19,9.42,14.56,8.34,9.86
3752000,15.11,9.3,15.05,8.37,10.13
3753000,15.21,9.48,15.18,8.34,10.19
3754000,15.42,9.55,15.2,8.5,9.96
3755000,15.23,9.58,15.46,8.65,10.26
3756000,15.5,9.69,15.5,8.6,10.58
3757000,15.45,9.79,15.49,8.56,10.72
3758000,15.27,9.75,15.39,8.59,10.99
3759000,15.28,9.79,15.14,8.62,11.14
3760000,15.62,9.89,14.79,8.56,11.33
3761000,15.18,9.96,14.61,8.45,11.38
3762000,15.0,9.99,14.4,8.28,11.7
3763000,14.91,10.22,14.56,8.3,11.78
3764000,14.96,10.18,14.77,8.25,11.2
3765000,14.85,10.18,14.19,8.23,11.32
3766000,14.87,10.02,14.13,8.23,11.19
3767000,14.62,9.84,13.79,8.2,10.86
3768000,14.68,9.72,13.63,7.99,10.66
3769000,14.85,9.71,13.54,7.98,10.69
3770000,14.71,9.77,13.66,8.08,10.78
3771000,14.58,9.72,13.39,8.07,10.2
3772000,14.6,9.6,13.64,8.31,9.97
3773000,14.45,9.73,13.74,8.35,10.02
3774000,14.38,9.67,13.88,8.32,9.99
3775000,14.64,9.67,13.94,8.29,10.01
3776000,14.65,9.67,14.03,8.27,10.07
3777000,14.82,9.72,13.91,8.27,10.08
3778000,14.66,9.69,14.11,8.42,10.29
3779000,14.69,9.51,14.12,8.43,10.63
3780000,14.83,9.42,13.99,8.47,10.9
3781000,15.03,9.39,14.36,8.42,10.77
3782000,15.03,9.17,14.4,8.31,10.65
3783000,15.03,9.21,14.63,8.35,10.94
3784000,15.3,9.22,14.99,8.19,10.97
3785000,15.31,9.34,15.09,8.06,11.05
3786000,15.29,9.28,14.94,7.91,10.99
3787000,15.53,9.33,14.58,7.89,10.98
3788000,15.59,9.34,14.54,7.8,11.08
3789000,15.7,9.49,14.24,7.8,11.18
3790000,15.75,9.61,14.04,7.6,11.27
3791000,15.9,9.85,13.96,7.62,11.21
3792000,15.98,9.77,14.11,7.54,11.4
3793000,15.97,9.89,14.57,7.73,10.94
3794000,16.03,9.97,14.5,7.93,10.99
3795000,16.12,9.97,14.29,8.0,11.06
3796000,16.07,10.03,14.31,8.2,10.98
3797000,16.13,9.92,14.22,8.11,11.07
3798000,16.2,9.92,13.68,8.2,11.48
3799000,16.18,9.82,13.62,8.27,11.72
3800000,15.98,9.83,13.55,8.38,11.66
3801000,15.81,9.79,13.65,8.49,11.57
3802000,15.69,9.77,13.72,8.58,11.36
3803000,15.85,9.64,13.45,8.5,11.12
3804000,15.68,9.68,13.44,8.56,11.09
3805000,15.46,9.69,13.73,8.56,11.2
3806000,15.26,9.59,13.86,8.53,11.29
3807000,15.24,9.52,13.94,8.63,11.2
3808000,15.33,9.36,14.02,8.61,11.3
3809000,15.3,9.33,13.96,8.6,11.39
3810000,15.44,9.39,13.85,8.49,10.95
3811000,15.31,9.51,13.97,8.44,10.82
3812000,15.35,9.54,13.82,8.29,10.82
3813000,15.36,9.43,13.77,8.31,11.09
3814000,15.13,9.42,14.2,8.33,11.12
3815000,14.96,9.35,14.06,8.3,11.49
3816000,15.0,9.35,14.19,8.34,11.11
3817000,15.23,9.43,14.14,8.29,11.33
3818000,15.39,9.37,14.23,8.32,11.14
3819000,15.04,9.65,14.52,8.32,11.19
3820000,14.84,9.67,14.82,8.25,11.34
3821000,14.86,9.66,15.03,8.34,11.21
3822000,15.02,9.57,14.74,8.3,11.14
3823000,15.01,9.28,14.24,8.3,11.33
3824000,15.24,9.28,14.11,8.34,11.42
3825000,15.23,9.39,14.05,8.22,11.45
3826000,15.14,9.49,14.06,8.33,11.46
3827000,15.22,9.48,14.3,8.13,11.24
3828000,15.3,9.54,14.17,8.18,11.39
3829000,15.38,9.7,14.6,8.14,11.82
3830000,15.39,9.59,14.49,8.26,11.64
3831000,15.49,9.54,14.6,8.3,11.45
3832000,15.51,9.49,14.45,8.37,11.55
3833000,15.53,9.27,14.46,8.41,11.4
3834000,15.6,9.58,14.42,8.35,11.67
3835000,15.49,9.57,14.15,8.36,11.5
3836000,15.66,9.55,13.87,8.39,11.25
3837000,15.66,9.47,13.91,8.4,11.31
3838000,15.63,9.55,14.14,8.32,11.03
3839000,15.66,9.59,14.28,8.46,10.14
3840000,15.77,9.61,14.5,8.41,10.11
3841000,15.56,9.72,14.3,8.36,10.04
3842000,15.55,9.7,14.12,8.34,10.1
3843000,15.46,9.8,14.02,8.32,10.24
3844000,15.38,10.06,14.18,8.36,10.28
3845000,15.01,10.09,14.21,8.41,10.19
3846000,15.03,10.13,14.17,8.29,10.3
3847000,14.98,10.12,14.12,8.34,10.47
3848000,15.02,10.25,14.04,8.36,10.51
3849000,15.25,10.34,14.02,8.26,10.63
3850000,15.11,10.31,14.06,8.29,10.63
3851000,14.77,10.11,14.14,8.23,11.18
3852000,14.37,10.04,14.44,8.24,11.4
3853000,14.37,9.88,14.3,8.2,11.53
3854000,14.81,9.9,14.35,8.22,11.52
3855000,14.69,9.84,14.3,8.13,11.32
3856000,14.88,9.65,14.5,8.11,11.22
3857000,14.77,9.37,14.59,8.17,11.14
3858000,14.84,9.31,14.59,8.17,11.34
3859000,14.47,9.21,14.85,8.3,10.84
3860000,14.49,9.19,14.8,8.28,11.07
3861000,14.6,9.2,14.84,8.32,11.02
3862000,14.77,9.4,14.57,8.38,10.86
3863000,14.67,9.22,14.74,8.41,11.05
3864000,14.52,9.21,14.89,8.46,10.93
3865000,14.34,9.14,15.23,8.55,10.82
3866000,14.26,9.09,14.99,8.69,11.13
3867000,14.46,9.18,14.73,8.67,11.25
3868000,14.63,9.17,14.37,8.65,11.35
3869000,14.69,9.22,14.47,8.64,11.6
3870000,14.59,9.25,14.38,8.63,11.32
3871000,14.55,9.15,14.35,8.47,11.18
3872000,14.33,9.05,14.7,8.34,11.27
3873000,14.4,8.92,14.77,8.3,11.26
3874000,14.27,9.04,14.7,8.26,11.56
3875000,14.44,9.09,14.76,8.32,11.63
3876000,14.58,9.32,14.68,7.96,11.66
3877000,14.58,9.22,14.72,7.78,11.36
3878000,14.55,9.35,14.73,7.45,11.26
3879000,14.82,9.5,14.93,7.39,11.12
3880000,14.9,9.57,14.78,7.42,11.11
3881000,14.99,9.48,14.66,7.46,10.61
3882000,15.03,9.63,14.65,7.22,11.0
3883000,15.18,9.4,14.47,7.12,11.0
3884000,15.24,9.54,14.66,7.15,10.85
3885000,15.13,9.35,15.06,7.47,10.41
3886000,15.34,9.26,15.23,7.64,10.65
3887000,15.19,9.34,15.09,7.67,10.48
3888000,15.34,9.38,15.09,7.64,10.71
3889000,15.18,9.28,15.03,7.61,10.89
3890000,15.13,9.36,14.68,7.6,10.94
3891000,15.04,9.37,14.84,7.8,10.84
3892000,14.7,9.42,14.68,7.79,10.68
3893000,14.84,9.37,14.44,7.8,10.46
3894000,14.83,9.51,14.31,7.84,10.41
3895000,15.15,9.74,14.34,7.81,10.95
3896000,15.15,9.78,14.28,7.96,11.09
3897000,14.74,9.91,14.07,8.03,11.35
3898000,14.84,9.72,14.01,8.19,11.3
3899000,14.64,9.72,14.41,8.27,11.59
3900000,14.6,9.68,14.41,8.43,11.16
3901000,14.3,9.62,14.38,8.23,10.9
3902000,14.31,9.58,14.32,8.3,10.92
3903000,14.46,9.65,14.34,8.28,11.26
3904000,14.45,9.67,14.35,8.26,11.36
3905000,14.23,9.57,14.24,8.16,11.71
3906000,14.16,9.53,14.43,8.22,11.74
3907000,14.34,9.54,14.04,8.18,11.91
3908000,14.42,9.48,14.35,8.17,11.67
3909000,14.55,9.68,14.75,8.12,11.45
3910000,14.41,9.64,14.82,8.28,11.34
3911000,14.3,9.69,14.72,8.33,11.32
3912000,14.04,9.6,14.85,8.36,11.44
3913000,14.46,9.56,14.92,8.38,11.69
3914000,14.43,9.53,15.13,8.46,11.69
3915000,14.58,9.46,15.42,8.53,11.38
3916000,14.68,9.55,15.34,8.58,11.39
3917000,14.73,9.5,14.99,8.52,11.15
3918000,15.17,9.37,14.84,8.57,11.31
3919000,15.09,9.35,14.77,8.42,11.34
3920000,15.14,9.29,14.63,8.32,11.41
3921000,14.97,9.22,14.44,8.29,11.16
3922000,15.06,9.23,14.43,8.21,11.25
3923000,15.23,9.34,14.55,8.26,11.44
3924000,15.12,9.33,14.45,8.27,10.87
3925000,15.22,9.35,14.35,8.34,10.84
3926000,15.39,9.31,14.29,8.38,10.77
3927000,15.38,9.37,14.16,8.4,10.75
3928000,15.32,9.41,14.0,8.38,10.98
3929000,15.36,9.5,14.23,8.45,10.79
3930000,15.48,9.68,13.85,8.51,10.78
3931000,15.77,9.64,13.83,8.52,10.67
3932000,15.66,9.68,13.7,8.62,10.32
3933000,15.51,9.8,13.92,8.55,10.74
3934000,15.63,9.84,14.01,8.51,10.87
3935000,15.6,9.8,14.03,8.5,10.65
3936000,15.69,9.82,14.12,8.52,10.93
3937000,15.69,9.84,14.24,8.56,11.09
3938000,15.38,9.83,14.14,8.59,10.93
3939000,15.83,9.48,14.17,8.65,11.12
3940000,15.85,9.45,13.97,8.48,11.28
3941000,15.8,9.32,13.91,8.44,11.49
3942000,15.89,9.27,13.75,8.51,11.86
3943000,15.61,9.26,13.78,8.45,11.8
3944000,15.79,9.23,13.76,8.33,11.88
3945000,15.99,9.31,13.8,8.3,12.19
3946000,15.88,9.38,14.05,8.22,11.71
3947000,15.8,9.28,13.93,8.1,11.7
3948000,15.73,9.22,13.86,8.16,11.84
3949000,15.46,9.27,14.09,8.23,11.82
3950000,15.6,9.37,14.01,8.36,11.9
3951000,15.55,9.43,13.98,8.29,12.17
3952000,15.54,9.51,13.91,8.23,12.21
3953000,15.49,9.57,13.84,8.31,11.9
3954000,15.52,9.52,13.87,8.34,11.91
3955000,15.62,9.5,14.08,8.36,11.6
3956000,15.66,9.41,14.2,8.31,11.43
3957000,15.58,9.24,14.53,8.31,11.23
3958000,15.48,9.42,14.57,8.36,11.38
3959000,15.67,9.44,14.84,8.37,11.56
3960000,15.71,9.43,14.98,8.41,11.74
3961000,15.43,9.52,15.0,8.49,11.77
3962000,15.48,9.43,14.98,8.4,11.85
3963000,15.43,9.36,14.8,8.42,11.62
3964000,15.57,9.46,14.71,8.42,11.39
3965000,15.83,9.55,14.7,8.54,11.63
3966000,15.65,9.7,14.78,8.5,11.69
3967000,15.85,9.67,14.94,8.38,11.8
3968000,15.94,9.7,14.66,8.29,11.81
3969000,15.91,9.84,14.74,8.11,12.3
3970000,15.91,9.8,15.01,8.18,12.5
3971000,15.78,9.8,15.06,8.04,12.57
3972000,15.33,9.6,15.15,8.01,12.48
3973000,15.32,9.66,15.06,7.99,12.69
3974000,15.26,9.73,14.76,7.86,12.21
3975000,15.38,9.72,14.57,7.9,11.65
3976000,15.44,9.68,14.35,7.95,11.82
3977000,15.36,9.62,14.5,8.01,12.01
3978000,15.42,9.55,14.37,8.08,11.85
3979000,15.33,9.51,14.61,8.22,12.2
3980000,15.34,9.58,14.8,8.23,12.22
3981000,15.05,9.64,15.08,8.16,12.12
3982000,14.66,9.6,15.09,8.07,11.55
3983000,14.73,9.84,15.12,8.06,11.41
3984000,14.74,9.88,14.97,8.12,11.61
3985000,14.65,9.83,15.04,8.18,11.39
3986000,14.66,9.76,14.85,8.2,11.09
3987000,14.66,9.72,14.88,8.14,11.16
3988000,14.73,9.84,15.14,8.1,11.37
3989000,15.11,9.83,15.08,8.03,11.41
3990000,15.3,9.85,15.19,8.16,11.46
3991000,15.39,9.72,15.41,8.17,11.54
3992000,15.32,9.55,15.49,8.19,11.62
3993000,15.19,9.26,15.66,8.37,11.16
3994000,15.13,9.22,15.35,8.41,10.97
3995000,15.12,9.05,15.23,8.36,11.07
3996000,14.62,9.11,14.81,8.42,10.81
3997000,14.41,9.06,14.44,8.48,10.99
3998000,14.8,8.94,14.14,8.52,11.11
3999000,14.76,8.79,14.19,8.57,11.29
4000000,14.64,8.84,14.32,8.69,11.45
4001000,14.44,8.84,14.12,8.84,11.14
4002000,14.3,8.9,14.47,8.94,11.4
4003000,14.38,9.01,14.35,8.99,11.38
4004000,14.07,9.38,14.14,8.98,11.12
4005000,13.86,9.46,14.07,9.05,11.31
4006000,13.82,9.58,14.14,8.88,11.56
4007000,13.95,9.65,13.89,8.75,11.75
4008000,13.77,9.74,13.99,8.69,11.77
4009000,13.58,9.74,13.94,8.51,11.53
4010000,13.84,9.75,14.14,8.28,11.8
4011000,14.16,9.76,14.27,8.3,11.9
4012000,14.42,9.62,14.33,8.18,11.57
4013000,14.52,9.48,14.33,8.14,11.65
4014000,14.46,9.47,14.78,7.94,11.82
4015000,14.57,9.35,14.8,8.0,11.48
4016000,14.37,9.13,14.74,8.07,11.28
4017000,14.41,9.05,14.84,8.03,11.17
4018000,14.49,8.99,14.9,8.1,10.75
4019000,14.41,8.92,14.83,8.13,10.41
4020000,14.59,9.0,14.67,8.2,10.46
4021000,14.92,9.13,14.87,8.18,10.74
4022000,14.66,9.14,15.01,8.21,10.53
4023000,14.41,9.33,14.87,8.28,10.61
4024000,14.69,9.45,14.93,8.35,10.43
4025000,14.53,9.37,14.92,8.37,10.4
4026000,14.92,9.48,15.17,8.4,10.39
4027000,14.71,9.63,14.99,8.43,10.59
4028000,14.72,9.77,14.89,8.44,10.42
4029000,14.59,9.59,14.81,8.47,10.74
4030000,14.4,9.69,14.92,8.55,11.09
4031000,14.53,9.62,14.89,8.57,11.46
4032000,14.54,9.63,15.0,8.33,11.59
4033000,14.67,9.43,14.86,8.26,11.9
4034000,14.53,9.22,14.74,8.11,11.89
4035000,14.64,9.23,14.68,8.01,11.96
4036000,14.95,9.38,14.64,8.15,11.98
4037000,14.63,9.31,14.98,8.12,12.12
4038000,14.71,9.3,14.72,8.25,12.25
4039000,14.8,9.28,14.5,8.3,12.19
4040000,14.8,9.46,14.46,8.37,12.22
4041000,14.71,9.43,14.26,8.31,12.26
4042000,14.61,9.52,14.22,8.5,12.46
4043000,14.36,9.63,14.49,8.7,12.45
4044000,14.23,9.71,14.43,8.71,12.32
4045000,14.16,9.93,14.67,8.82,12.37
4046000,14.4,10.11,14.86,8.77,12.6
4047000,14.29,10.2,14.73,8.78,12.75
4048000,14.24,10.19,14.81,8.8,12.54
4049000,14.21,10.35,14.79,8.8,12.64
4050000,14.41,10.44,14.36,8.81,12.84
4051000,14.57,10.25,14.45,8.83,12.82
4052000,14.44,10.32,14.43,8.82,12.95
4053000,14.52,10.45,14.4,8.79,13.01
4054000,14.64,10.45,14.46,8.88,12.95
4055000,14.37,10.48,14.53,8.81,13.25
4056000,14.18,10.2,14.35,8.92,13.26
4057000,13.83,10.06,14.55,8.86,13.1
4058000,13.88,9.97,14.55,8.82,12.59
4059000,13.99,9.93,14.44,8.78,12.52
4060000,13.89,9.54,14.5,8.71,12.37
4061000,13.96,9.4,14.5,8.67,12.23
4062000,13.88,9.59,14.38,8.68,12.3
4063000,13.75,9.5,14.28,8.69,12.08
4064000,13.89,9.46,14.15,8.72,11.94
4065000,13.87,9.51,14.26,8.73,11.33
4066000,13.79,9.44,14.31,8.7,11.28
4067000,14.0,9.64,13.66,8.55,11.52
4068000,13.98,9.76,13.95,8.55,11.27
4069000,13.63,9.79,13.78,8.3,11.16
4070000,13.51,9.91,13.75,8.29,11.38
4071000,14.05,10.08,13.95,8.39,11.4
4072000,14.13,10.1,13.72,8.4,11.46
4073000,14.36,9.99,13.94,8.46,11.35
4074000,14.76,9.98,13.92,8.31,11.53
4075000,14.67,10.03,14.07,8.25,11.33
4076000,14.75,10.06,14.18,8.14,11.14
4077000,14.79,10.05,14.02,8.22,11.54
4078000,14.55,9.97,13.9,8.24,11.46
4079000,14.66,9.89,13.89,8.31,11.53
4080000,14.8,9.79,13.82,8.27,11.69
4081000,14.89,9.8,13.86,8.12,11.79
4082000,14.6,9.67,14.13,7.96,11.93
4083000,14.35,9.74,14.34,8.07,12.12
4084000,14.2,9.87,14.13,8.15,12.46
4085000,14.23,9.92,14.28,8.26,12.48
4086000,14.41,9.96,14.13,8.38,12.52
4087000,13.68,9.92,14.16,8.48,12.37
4088000,13.59,9.86,14.48,8.38,12.42
4089000,13.51,9.86,14.52,8.55,12.25
4090000,13.67,9.82,14.12,8.43,11.66
4091000,13.91,9.84,14.01,8.49,11.99
4092000,13.76,9.78,13.97,8.64,11.91
4093000,13.67,9.87,14.05,8.59,11.56
4094000,13.58,9.98,14.02,8.44,11.44
4095000,13.37,9.97,14.09,8.54,11.49
4096000,13.25,9.9,14.24,8.56,11.21
4097000,13.55,9.87,14.29,8.6,11.48
4098000,13.81,9.8,14.25,8.65,11.38
4099000,13.71,9.9,14.13,8.64,11.56
4100000,13.94,9.92,14.18,8.71,11.43
4101000,14.04,10.05,14.47,8.83,11.53
4102000,14.07,10.1,14.61,8.89,11.88
4103000,14.34,10.01,14.57,8.91,12.17
4104000,14.74,9.98,14.28,8.96,12.35
4105000,14.71,9.82,14.37,9.03,12.63
4106000,14.68,9.81,14.6,8.94,12.8
4107000,14.53,9.98,14.59,8.88,12.58
4108000,14.63,9.99,14.7,8.9,12.52
4109000,14.6,9.71,14.73,8.87,12.77
4110000,14.65,9.54,14.66,8.89,12.52
4111000,14.7,9.5,14.75,8.79,12.6
4112000,14.92,9.57,14.89,8.78,12.38
4113000,14.86,9.61,14.85,8.71,12.25
4114000,14.62,9.72,14.93,8.61,12.44
4115000,14.52,9.75,15.04,8.52,12.61
4116000,14.65,9.82,15.21,8.64,12.57
4117000,14.84,9.85,15.1,8.67,12.59
4118000,14.9,9.81,15.21,8.68,12.28
4119000,14.71,9.78,15.1,8.81,12.28
4120000,14.7,9.99,15.14,8.61,12.29
4121000,14.79,10.11,15.24,8.65,12.7
4122000,14.96,10.17,15.07,8.7,12.97
4123000,15.33,10.13,15.14,8.72,12.74
4124000,15.26,9.9,14.8,8.78,12.99
4125000,15.1,9.84,14.64,8.82,12.78
4126000,15.34,9.86,14.45,8.79,13.23
4127000,15.33,9.91,14.58,8.77,13.37
4128000,15.28,9.85,14.32,8.8,12.94
4129000,14.87,9.98,14.25,8.68,13.2
4130000,14.86,9.96,14.13,8.77,12.87
4131000,14.48,9.9,13.71,8.9,13.23
4132000,14.59,9.95,13.7,8.74,13.05
4133000,14.59,10.07,13.5,8.63,13.11
4134000,14.62,10.02,13.63,8.69,13.38
4135000,14.57,10.07,13.67,8.76,13.0
4136000,14.42,10.19,13.72,8.71,12.43
4137000,14.43,10.24,13.52,8.73,12.05
4138000,14.32,10.11,13.67,8.73,12.32
4139000,14.36,10.14,13.5,8.72,12.15
4140000,14.46,10.06,13.52,8.75,12.11
4141000,14.62,9.91,13.49,8.78,12.06
4142000,14.87,9.68,12.77,8.8,11.71
4143000,14.86,9.6,12.85,9.05,11.8
4144000,15.05,9.5,12.92,9.17,11.79
4145000,15.2,9.4,13.08,9.18,11.82
4146000,15.22,9.33,13.34,9.16,11.49
4147000,15.41,9.41,13.34,9.15,11.21
4148000,15.83,9.45,13.64,9.2,11.62
4149000,15.77,9.72,13.74,9.08,11.87
4150000,15.58,9.68,13.67,9.08,12.09
4151000,15.65,9.67,13.18,8.86,11.82
4152000,15.53,9.87,13.29,8.84,11.75
4153000,15.6,10.12,13.3,8.77,11.69
4154000,15.44,10.12,13.45,8.71,12.08
4155000,15.41,10.34,13.5,8.73,12.31
4156000,15.44,10.32,13.69,8.66,12.41
4157000,15.51,10.37,13.81,8.64,12.22
4158000,15.31,10.47,14.33,8.62,12.14
4159000,14.97,10.37,14.28,8.63,12.37
4160000,15.03,9.86,14.21,8.61,12.62
4161000,14.94,9.79,14.17,8.71,12.64
4162000,14.97,9.66,14.16,8.66,12.54
4163000,14.9,9.37,14.44,8.65,12.56
4164000,14.81,9.5,14.17,8.58,12.67
4165000,14.66,9.52,14.08,8.49,12.85
4166000,14.81,9.73,13.98,8.57,12.91
4167000,15.0,9.68,14.38,8.59,12.35
4168000,14.97,9.55,14.68,8.55,12.04
4169000,14.75,9.42,14.48,8.64,12.21
4170000,14.81,9.47,14.4,8.67,12.24
4171000,14.77,9.65,14.56,8.7,12.56
4172000,14.74,9.8,14.47,8.87,12.55
4173000,14.55,9.84,14.68,8.87,12.53
4174000,14.54,10.02,14.68,9.02,12.67
4175000,14.69,10.02,14.84,9.14,12.78
4176000,14.79,9.91,14.7,9.22,12.96
4177000,14.55,9.77,14.76,9.12,13.09
4178000,14.58,9.78,14.74,9.12,12.92
4179000,14.62,9.72,15.08,9.03,12.72
4180000,14.61,9.93,14.97,9.06,12.82
4181000,14.86,9.96,14.86,9.1,13.05
4182000,14.81,10.07,14.99,9.07,12.89
4183000,14.8,9.91,15.12,8.98,12.5
4184000,14.45,9.76,15.03,9.0,12.24
4185000,14.41,9.72,15.13,8.98,12.25
4186000,14.64,9.76,15.31,8.88,12.3
4187000,14.49,9.72,15.34,8.87,12.19
4188000,14.71,9.82,15.52,8.86,12.27
4189000,14.7,9.93,15.61,8.96,12.07
4190000,14.77,9.95,15.58,8.8,12.03
4191000,14.63,9.87,15.31,8.39,12.0
4192000,14.62,9.82,15.48,8.2,12.15
4193000,14.56,9.78,15.4,8.21,11.85
4194000,14.57,9.6,15.62,8.19,11.59
4195000,14.72,9.61,15.71,8.11,11.88
4196000,14.57,9.64,15.35,7.93,12.17
4197000,14.93,9.58,15.22,8.01,12.44
4198000,14.95,9.53,15.39,8.04,12.52
4199000,14.81,9.47,15.42,8.07,12.54
4200000,14.96,9.57,15.41,8.3,12.68
4201000,14.94,9.54,15.07,8.48,12.51
4202000,15.08,9.5,14.74,8.53,12.62
4203000,15.1,9.54,14.87,8.54,12.76
4204000,14.96,9.56,14.64,8.59,12.97
4205000,14.87,9.71,14.24,8.66,12.81
4206000,15.09,9.9,14.12,8.86,12.9
4207000,15.11,9.98,13.96,8.58,13.11
4208000,15.11,10.09,13.77,8.62,13.33
4209000,14.75,9.95,13.67,8.62,13.35
4210000,14.58,10.03,13.34,8.68,12.93
4211000,14.7,9.93,13.29,8.86,12.77
4212000,14.55,9.84,13.25,8.88,12.56
4213000,14.4,9.98,13.32,8.85,12.41
4214000,14.3,10.06,13.42,8.84,12.34
4215000,14.7,10.24,13.38,8.7,12.48
4216000,14.4,10.28,13.52,8.8,12.57
4217000,14.37,10.29,13.85,8.99,12.11
4218000,14.44,10.26,13.83,8.92,12.15
4219000,14.54,10.06,13.89,8.83,12.64
4220000,14.45,10.08,14.08,8.78,12.56
4221000,14.86,10.14,14.38,8.76,12.59
4222000,14.75,10.21,14.31,8.79,12.8
4223000,14.58,10.3,14.23,8.73,12.73
4224000,14.7,10.28,14.54,8.7,13.37
4225000,14.81,10.16,14.57,8.8,13.06
4226000,15.08,10.15,14.64,8.75,13.29
4227000,15.2,9.9,14.81,8.72,13.73
4228000,15.09,9.84,14.99,8.78,13.59
4229000,15.0,9.79,15.09,8.78,13.56
4230000,15.14,10.02,15.15,8.84,13.18
4231000,15.29,10.07,15.07,8.67,13.43
4232000,15.29,10.11,15.01,8.57,13.39
4233000,15.42,9.84,15.11,8.66,12.75
4234000,15.54,9.78,15.05,8.55,12.83
4235000,15.35,9.85,15.0,8.52,12.32
4236000,15.19,9.75,14.51,8.58,12.07
4237000,15.46,9.76,14.34,8.55,11.94
4238000,15.24,9.95,14.04,8.64,12.15
4239000,14.9,9.78,14.16,8.77,12.1
4240000,14.93,9.85,14.27,8.79,11.81
4241000,14.7,9.94,14.09,8.68,11.9
4242000,14.74,10.09,14.4,8.61,12.01
4243000,14.72,9.84,14.16,8.6,11.79
4244000,14.77,9.73,14.27,8.72,11.73
4245000,14.98,9.62,14.19,8.6,11.83
4246000,15.16,9.67,13.78,8.52,12.19
4247000,15.22,9.34,13.8,8.51,12.29
4248000,15.18,9.23,13.67,8.53,12.42
4249000,14.98,9.33,13.85,8.39,12.13
4250000,15.13,9.66,13.53,8.42,11.37
4251000,15.21,9.74,13.73,8.44,11.2
4252000,15.03,9.53,13.89,8.67,10.67
4253000,15.06,9.53,14.17,8.7,10.28
4254000,15.16,10.04,14.51,8.7,9.83
4255000,15.36,10.04,14.14,8.78,9.59
4256000,15.59,10.03,14.24,8.76,9.27
4257000,15.66,10.08,14.24,8.67,9.13
4258000,15.69,10.23,13.72,8.69,8.98
4259000,15.69,10.03,13.58,8.76,9.1
4260000,15.54,9.43,13.57,8.81,9.39
4261000,15.75,9.26,13.74,8.88,9.59
4262000,15.78,9.3,13.67,8.82,9.84
4263000,15.59,9.15,13.83,8.76,10.09
4264000,15.58,9.03,14.02,8.71,10.81
4265000,15.66,9.24,14.0,8.75,11.33
4266000,15.51,9.33,14.11,8.75,11.37
4267000,15.49,9.39,14.06,8.8,11.76
4268000,15.24,9.52,13.89,8.8,12.07
4269000,15.57,10.0,13.86,8.75,12.23
4270000,15.64,10.14,13.87,8.35,12.16
4271000,15.74,10.57,13.96,8.16,12.22
4272000,15.76,10.63,14.01,8.06,12.23
4273000,15.24,10.41,14.26,7.95,12.14
4274000,15.11,10.52,14.52,7.7,12.22
4275000,14.97,10.46,14.57,7.78,12.33
4276000,15.25,10.32,14.95,7.71,12.26
4277000,15.26,10.28,15.18,7.67,12.11
4278000,15.43,10.22,15.06,7.75,12.03
4279000,15.23,10.27,15.18,7.9,12.17
4280000,15.33,10.18,15.2,8.2,12.5
4281000,15.34,10.17,15.31,8.21,12.6
4282000,15.46,9.88,15.48,8.36,12.75
4283000,15.44,10.11,15.25,8.44,12.78
4284000,15.57,10.2,15.23,8.63,13.02
4285000,15.68,10.17,15.04,8.75,13.32
4286000,15.67,10.1,15.09,8.8,13.64
4287000,15.73,10.01,15.24,8.89,13.88
4288000,15.53,10.0,15.34,8.9,14.15
4289000,15.43,10.35,15.39,8.82,14.27
4290000,15.29,10.31,15.26,8.78,14.3
4291000,15.77,10.32,15.11,8.86,14.03
4292000,15.85,10.36,14.85,8.89,14.03
4293000,15.9,10.46,14.65,8.85,13.97
4294000,15.83,10.4,14.58,8.79,13.43
4295000,15.78,10.2,14.63,8.68,13.35
4296000,15.82,10.32,14.39,8.62,13.1
4297000,15.92,10.38,13.8,8.41,13.11
4298000,15.7,10.47,13.76,8.48,13.21
4299000,15.43,10.36,14.09,8.54,13.03
4300000,15.41,10.15,14.1,8.72,12.76
4301000,15.31,10.31,14.26,8.76,12.64
4302000,15.62,10.12,14.53,8.75,12.51
4303000,15.53,10.16,14.42,8.82,12.56
4304000,15.33,9.92,14.32,8.85,12.49
4305000,15.22,9.7,14.41,8.84,12.56
4306000,15.37,9.54,14.64,8.92,12.42
4307000,15.47,9.44,14.44,8.96,12.92
4308000,15.47,9.36,14.54,9.05,13.13
4309000,15.4,9.46,14.85,8.97,12.67
4310000,15.28,9.43,14.72,8.97,12.75
4311000,15.31,9.07,14.71,8.99,12.89
4312000,15.12,8.9,14.77,8.9,12.84
4313000,15.13,8.92,14.87,8.93,13.05
4314000,15.25,9.11,14.98,8.72,13.12
4315000,15.25,9.5,15.16,8.73,13.06
4316000,15.18,9.52,15.1,8.77,12.62
4317000,15.07,9.49,15.02,8.76,12.35
4318000,15.18,9.6,15.08,8.77,12.37
4319000,15.21,9.53,15.05,8.76,12.52
4320000,15.28,9.61,15.06,8.78,12.66
4321000,15.37,9.73,15.0,8.74,12.25
4322000,15.61,10.12,15.01,8.74,12.59
4323000,15.69,10.27,14.52,8.81,12.84
4324000,15.67,10.16,14.76,8.91,12.72
4325000,15.28,10.08,14.91,8.94,12.33
4326000,15.4,10.2,14.72,8.85,11.93
4327000,15.47,10.39,14.8,8.78,11.78
4328000,15.32,10.25,14.79,8.79,11.92
4329000,14.83,10.56,14.78,8.89,11.99
4330000,14.83,10.62,14.93,8.77,12.16
4331000,15.05,10.79,15.03,8.79,12.28
4332000,15.02,10.62,14.85,8.82,12.22
4333000,15.3,10.57,14.76,8.79,12.05
4334000,15.32,10.52,14.83,8.76,12.67
4335000,15.01,10.64,14.55,8.9,12.54
4336000,14.62,10.81,14.31,8.88,12.23
4337000,14.44,10.67,14.32,8.98,12.31
4338000,14.27,10.88,14.24,8.93,12.17
4339000,14.29,10.94,14.33,8.94,12.56
4340000,14.23,11.25,14.34,9.01,12.74
4341000,14.51,11.17,14.06,9.12,12.83
4342000,14.41,11.38,13.83,9.01,12.64
4343000,14.46,11.27,13.7,8.94,12.9
4344000,14.11,11.05,13.42,8.97,12.98
4345000,14.35,11.15,13.62,8.94,13.23
4346000,14.35,11.08,13.53,9.07,13.13
4347000,14.19,10.67,13.95,8.95,13.26
4348000,14.29,10.49,13.98,9.02,12.83
4349000,13.96,10.12,13.84,8.94,12.57
4350000,14.22,9.77,13.7,9.04,12.91
4351000,14.05,9.78,13.91,8.99,13.12
4352000,14.41,9.66,13.81,8.91,12.77
4353000,14.27,9.91,13.76,9.05,12.7
4354000,14.25,9.94,13.87,9.05,12.73
4355000,14.1,9.9,14.09,9.14,12.83
4356000,13.91,9.83,14.15,9.01,12.79
4357000,14.0,9.84,14.25,8.97,12.74
4358000,13.66,9.89,14.3,9.05,12.95
4359000,13.74,10.02,14.43,8.98,12.87
4360000,14.0,9.97,14.36,9.01,12.91
4361000,13.98,9.91,14.38,9.05,13.06
4362000,14.0,9.92,14.32,8.97,13.13
4363000,13.92,9.58,14.1,8.9,13.16
4364000,13.87,9.44,14.04,8.82,13.27
4365000,14.02,9.67,14.26,8.78,13.15
4366000,14.11,9.63,13.81,8.83,13.32
4367000,14.1,9.78,13.9,8.91,13.38
4368000,13.8,9.89,13.89,8.8,13.49
4369000,14.01,10.11,13.82,8.83,12.97
4370000,14.02,10.33,13.66,8.81,13.02
4371000,14.31,10.58,13.31,8.67,12.73
4372000,14.54,10.63,13.37,8.79,12.73
4373000,14.56,10.68,13.57,8.86,12.36
4374000,14.41,10.69,13.4,8.88,12.38
4375000,13.88,11.1,13.7,8.9,12.5
4376000,13.94,11.33,13.22,8.82,12.77
4377000,13.93,11.44,12.97,8.69,12.78
4378000,14.38,11.42,13.35,8.82,12.43
4379000,14.65,11.68,13.25,8.77,12.93
4380000,14.78,11.63,13.28,8.72,12.76
4381000,14.55,11.51,13.57,8.65,13.16
4382000,14.61,11.76,13.47,8.36,12.94
4383000,15.05,11.61,13.01,8.35,13.25
4384000,15.07,11.79,12.78,8.09,13.35
4385000,14.97,11.77,12.99,7.92,13.35
4386000,14.73,11.87,13.27,7.91,13.34
4387000,14.86,11.32,13.34,7.71,13.73
4388000,14.83,11.12,13.31,7.64,13.62
4389000,14.8,10.93,13.74,7.62,13.1
4390000,15.32,10.79,13.83,7.72,12.95
4391000,14.92,10.59,13.95,7.92,12.94
4392000,14.93,10.83,14.37,7.91,12.39
4393000,14.36,10.63,14.52,7.97,12.61
4394000,14.24,10.63,14.6,8.14,12.45
4395000,14.45,10.33,14.44,8.19,12.44
4396000,14.81,10.43,14.48,8.27,12.42
4397000,14.73,10.35,14.65,8.49,12.43
4398000,14.71,10.5,14.63,8.4,12.3
4399000,14.24,10.71,14.75,8.38,12.72
4400000,14.03,10.6,15.04,8.35,12.22
4401000,14.33,10.5,15.33,8.32,12.36
4402000,14.32,10.49,15.77,8.32,12.16
4403000,14.5,10.47,15.81,8.44,12.4
4404000,14.77,10.75,15.72,8.44,12.61
4405000,14.64,10.6,15.68,8.42,12.62
4406000,15.05,10.64,15.55,8.29,12.88
4407000,15.27,10.81,15.37,8.39,12.35
4408000,15.18,10.15,15.28,8.28,12.4
4409000,15.48,10.26,14.8,8.26,12.74
4410000,15.08,10.08,14.67,8.3,12.48
4411000,14.9,10.22,14.59,8.2,12.63
4412000,14.96,10.43,14.78,8.27,13.07
4413000,14.91,10.47,14.76,8.19,12.81
4414000,15.22,10.45,14.64,8.22,13.17
4415000,15.37,10.42,14.59,8.23,13.25
4416000,15.74,10.37,14.6,7.98,13.29
4417000,15.86,10.43,14.56,8.16,13.61
4418000,15.84,10.15,14.15,8.16,13.45
4419000,15.47,10.23,14.19,8.19,13.4
4420000,15.54,10.36,14.29,8.32,12.99
4421000,15.53,10.23,14.2,7.98,13.14
4422000,15.56,10.17,14.19,8.0,13.24
4423000,15.46,10.33,14.07,7.83,13.1
4424000,15.54,10.12,14.16,7.72,13.09
4425000,15.52,9.78,14.41,7.93,12.88
4426000,15.68,9.68,14.7,7.83,12.86
4427000,15.79,9.3,14.78,7.9,12.98
4428000,15.98,9.32,14.65,7.78,12.69
4429000,15.94,9.44,14.67,7.73,12.92
4430000,15.84,9.88,14.88,8.02,13.44
4431000,15.88,9.69,14.97,7.83,12.96
4432000,15.65,9.7,14.88,7.97,12.95
4433000,15.84,9.92,14.99,8.14,13.06
4434000,15.94,9.69,14.86,8.21,13.29
4435000,16.2,9.92,14.86,8.34,13.14
4436000,16.29,10.24,14.97,8.51,13.01
4437000,16.46,10.65,15.03,8.4,13.29
4438000,16.41,10.88,15.0,8.52,13.42
4439000,16.32,10.91,15.09,8.4,13.66
4440000,16.51,11.08,15.13,8.54,13.52
4441000,16.5,10.94,15.25,8.64,13.48
4442000,16.66,10.76,15.27,8.71,13.33
4443000,16.94,11.01,14.87,8.64,13.17
4444000,16.97,10.92,14.7,8.59,12.93
4445000,16.67,11.05,14.53,8.46,13.15
4446000,16.51,10.8,14.52,8.29,13.34
4447000,16.51,10.63,14.35,8.31,13.38
4448000,16.44,10.34,14.5,8.37,13.47
4449000,16.26,10.1,14.52,8.39,13.36
4450000,16.2,10.26,14.31,8.47,13.2
4451000,16.38,10.11,14.6,8.46,12.91
4452000,16.24,10.11,14.42,8.41,12.53
4453000,16.09,10.17,14.23,8.45,12.69
4454000,15.8,9.89,14.19,8.53,12.93
4455000,15.95,9.74,14.22,8.51,12.87
4456000,15.95,9.78,14.49,8.74,12.89
4457000,15.98,9.87,14.56,8.78,12.42
4458000,15.62,10.07,14.43,8.83,12.58
4459000,15.38,10.34,14.67,8.87,12.59
4460000,15.23,10.43,14.86,8.84,12.41
4461000,15.44,10.44,15.13,8.88,12.49
4462000,15.24,10.28,15.1,8.7,12.62
4463000,14.8,10.51,14.93,8.78,12.84
4464000,15.08,10.43,15.13,8.75,13.2
4465000,14.9,10.62,15.09,8.77,13.58
4466000,14.75,11.04,15.1,8.85,13.62
4467000,14.8,11.42,15.33,8.7,13.79
4468000,14.6,11.47,15.67,8.75,13.61
4469000,14.82,11.62,15.51,8.82,13.37
4470000,14.77,11.54,15.52,8.82,13.5
4471000,14.61,11.28,15.62,8.8,13.69
4472000,14.75,11.23,15.64,8.88,13.66
4473000,14.87,11.42,15.53,8.97,13.8
4474000,15.04,11.36,15.64,9.03,13.49
4475000,14.95,11.57,15.48,9.09,13.51
4476000,14.87,11.96,15.24,9.06,13.53
4477000,14.86,11.73,15.16,9.13,13.5
4478000,15.18,11.76,15.23,9.16,13.31
4479000,15.58,11.59,15.28,9.09,12.98
4480000,15.82,11.47,15.04,9.06,12.87
4481000,15.78,11.29,15.04,9.06,13.25
4482000,15.92,11.26,15.13,9.11,13.12
4483000,15.81,11.06,15.35,9.07,13.18
4484000,16.1,11.22,15.23,9.08,13.03
4485000,15.62,11.24,15.12,9.09,13.1
4486000,15.81,11.15,15.29,9.08,13.01
4487000,15.86,11.06,15.4,9.09,13.01
4488000,15.91,10.98,15.32,9.05,13.51
4489000,16.1,11.15,15.28,9.06,13.29
4490000,16.22,11.01,15.24,9.21,13.41
4491000,16.03,10.91,15.29,9.04,13.11
4492000,16.24,10.96,15.28,9.11,13.09
4493000,16.33,10.8,15.52,9.11,13.31
4494000,16.23,10.68,15.82,9.16,13.24
4495000,16.14,10.5,15.67,9.15,13.18
4496000,15.92,9.9,15.65,9.13,13.24
4497000,15.84,9.83,15.36,9.18,13.21
4498000,15.91,9.85,15.33,9.08,13.36
4499000,15.9,9.76,15.01,8.89,13.49
4500000,15.69,9.61,14.91,8.8,13.67
4501000,15.93,9.8,14.95,8.86,13.84
4502000,15.94,9.49,15.11,8.75,13.78
4503000,15.66,9.58,15.09,8.68,13.52
4504000,15.44,9.91,15.1,8.53,13.9
4505000,15.35,10.0,14.99,8.56,13.68
4506000,15.24,10.09,14.81,8.6,13.39
4507000,15.5,10.36,14.82,8.59,13.67
4508000,15.56,10.39,14.72,8.59,13.88
4509000,15.38,10.37,14.57,8.74,13.54
4510000,15.58,10.23,14.32,8.6,13.6
4511000,15.34,10.04,14.26,8.63,13.7
4512000,15.17,9.51,14.3,8.68,13.64
4513000,15.0,9.54,14.39,8.39,13.45
4514000,14.5,9.71,14.51,8.36,13.6
4515000,14.64,9.31,14.75,8.25,13.54
4516000,14.54,9.27,14.73,8.16,13.36
4517000,14.79,9.38,14.96,8.08,13.27
4518000,14.78,9.52,14.94,8.13,12.95
4519000,14.94,9.51,14.78,8.07,13.07
4520000,14.75,9.5,14.74,8.04,12.91
4521000,14.86,9.71,14.65,7.92,12.78
4522000,14.65,10.02,14.6,8.1,12.88
4523000,14.47,10.6,14.71,8.13,12.85
4524000,14.55,10.84,14.82,8.22,13.02
4525000,14.36,11.07,15.04,8.31,13.2
4526000,14.57,10.87,15.18,8.33,13.39
4527000,14.53,11.11,15.22,8.31,13.52
4528000,14.57,11.11,14.99,8.29,13.39
4529000,14.84,11.29,15.31,8.25,13.27
4530000,14.94,11.29,15.45,8.33,12.97
4531000,15.11,11.51,15.62,8.24,12.9
4532000,15.12,11.54,15.73,8.34,13.14
4533000,15.2,11.6,15.91,8.43,13.13
4534000,15.31,11.79,15.98,8.32,13.21
4535000,15.16,11.74,15.9,8.26,13.32
4536000,15.48,11.54,15.57,8.28,13.4
4537000,15.47,11.63,15.59,8.4,13.62
4538000,15.69,11.73,15.51,8.53,13.81
4539000,15.67,11.58,15.71,8.59,13.45
4540000,15.71,11.62,15.61,8.65,13.13
4541000,15.93,11.69,15.78,8.8,12.48
4542000,15.74,11.51,15.53,8.9,12.22
4543000,16.06,11.27,15.29,8.92,12.5
4544000,16.33,11.12,15.19,9.02,12.46
4545000,16.07,10.91,15.39,9.1,12.46
4546000,15.87,10.79,15.51,9.12,12.29
4547000,15.94,10.77,15.35,9.19,12.51
4548000,15.49,10.55,15.15,9.25,12.25
4549000,15.22,10.4,14.81,9.23,12.33
4550000,14.95,10.49,14.66,9.4,12.1
4551000,14.75,10.48,14.11,9.45,11.94
4552000,14.68,10.5,14.46,9.3,12.04
4553000,14.57,10.51,14.26,9.35,12.1
4554000,14.1,10.65,13.87,9.29,12.11
4555000,14.03,10.61,13.69,9.32,12.2
4556000,14.07,10.58,13.61,9.28,12.22
4557000,14.05,10.49,13.29,9.06,12.35
4558000,13.61,10.22,13.35,9.06,12.51
4559000,14.1,10.38,13.23,9.15,12.73
4560000,14.38,10.37,12.92,9.04,13.15
4561000,13.84,10.59,12.84,9.01,13.23
4562000,14.29,10.61,12.87,8.97,13.26
4563000,14.52,10.76,12.83,9.19,13.44
4564000,14.46,10.64,12.81,9.08,13.29
4565000,14.97,10.7,12.99,9.06,13.23
4566000,14.94,10.59,13.28,9.01,13.27
4567000,15.04,10.55,13.07,9.2,13.29
4568000,14.83,10.99,13.11,9.35,13.62
4569000,15.14,10.85,13.49,9.32,14.05
4570000,15.15,10.94,13.35,9.22,14.2
4571000,14.93,10.81,13.55,9.22,14.35
4572000,15.19,10.98,13.78,9.23,14.26
4573000,15.25,10.78,13.66,9.22,14.09
4574000,15.59,10.43,13.73,9.11,13.97
4575000,15.52,10.16,13.77,9.19,13.94
4576000,15.33,9.96,13.95,9.1,14.1
4577000,15.38,10.09,13.88,9.03,14.22
4578000,15.44,10.03,13.86,8.99,13.98
4579000,15.54,9.87,14.0,8.99,14.45
4580000,15.5,9.65,14.01,9.08,14.39
4581000,15.0,9.91,14.17,9.13,14.19
4582000,14.64,10.22,14.25,9.14,14.44
4583000,14.72,10.09,13.93,9.06,14.65
4584000,14.8,10.17,13.78,9.08,13.8
4585000,14.86,10.36,13.94,9.14,13.77
4586000,15.12,10.37,13.6,8.97,13.9
4587000,15.32,10.65,13.33,9.13,13.79
4588000,15.47,10.78,13.59,8.95,13.93
4589000,15.37,10.84,13.67,8.95,14.06
4590000,15.16,11.01,13.82,8.77,13.69
4591000,15.44,11.39,13.92,8.79,13.25
4592000,15.43,11.74,13.96,8.81,13.3
4593000,15.24,11.71,14.01,8.81,12.96
4594000,15.14,11.83,14.07,8.92,13.25
4595000,15.39,11.84,13.99,8.81,13.39
4596000,15.28,11.9,13.41,8.84,13.05
4597000,15.79,11.87,13.16,8.96,13.12
4598000,15.83,11.96,13.56,9.03,13.25
4599000,15.58,11.99,13.83,9.02,13.23
4600000,15.17,11.95,13.98,8.98,13.22
4601000,14.85,11.93,13.95,8.93,13.44
4602000,14.67,11.71,14.32,8.98,13.58
4603000,14.51,11.49,14.6,8.93,13.21
4604000,14.7,11.7,14.92,8.74,13.22
4605000,14.8,11.62,14.79,8.82,13.59
4606000,14.9,11.45,14.75,8.81,13.83
4607000,14.91,11.3,14.61,8.76,13.64
4608000,15.01,11.38,14.2,8.63,13.78
4609000,15.01,11.48,14.05,8.53,14.0
4610000,14.93,11.65,13.96,8.46,14.09
4611000,15.12,11.64,13.96,8.38,14.23
4612000,14.99,11.45,14.23,8.26,14.07
4613000,14.95,11.48,14.54,8.33,14.04
4614000,14.95,11.27,14.33,8.31,13.99
4615000,15.27,11.07,14.33,8.06,13.95
4616000,15.66,10.65,14.49,8.18,13.81
4617000,15.79,10.76,14.1,8.01,13.73
4618000,15.78,10.89,14.11,7.96,13.83
4619000,15.86,11.12,14.05,8.0,13.83
4620000,15.8,11.17,13.96,8.09,13.52
4621000,15.38,10.99,13.9,8.13,13.59
4622000,15.36,10.6,13.92,8.16,13.57
4623000,15.67,10.74,14.02,8.17,13.5
4624000,15.45,10.59,14.04,8.23,12.89
4625000,15.51,10.79,14.4,8.34,12.9
4626000,15.31,11.05,14.38,8.28,12.77
4627000,15.37,10.89,14.35,8.34,12.83
4628000,15.51,11.22,14.4,8.54,13.13
4629000,15.79,10.91,14.21,8.59,12.77
4630000,15.87,10.85,14.37,8.56,13.0
4631000,15.51,10.6,14.66,8.62,12.62
4632000,15.51,10.68,14.62,8.52,12.25
4633000,15.66,10.73,14.64,8.51,12.33
4634000,15.68,10.99,14.82,8.29,12.64
4635000,15.58,10.64,14.71,8.15,12.9
4636000,15.55,10.95,14.36,8.07,12.94
4637000,15.89,10.71,14.39,8.03,12.94
4638000,15.66,10.82,14.51,7.94,13.08
4639000,15.27,10.93,14.53,7.97,13.15
4640000,15.37,10.88,14.68,8.08,13.21
4641000,15.58,11.18,14.84,8.06,13.17
4642000,15.52,11.11,14.74,8.1,13.33
4643000,15.06,11.08,15.14,8.11,13.22
4644000,15.05,11.02,15.25,8.55,13.25
4645000,15.15,11.24,15.28,8.62,13.68
4646000,15.44,11.18,15.22,8.66,13.9
4647000,15.37,11.49,15.34,8.6,13.93
4648000,15.34,11.39,15.45,8.54,13.97
4649000,15.23,11.28,15.27,8.5,13.6
4650000,15.38,11.18,15.48,8.21,13.42
4651000,15.7,11.15,15.35,8.22,13.61
4652000,15.45,11.07,15.16,7.99,13.3
4653000,15.55,10.87,15.38,8.01,12.73
4654000,15.74,10.88,15.62,8.06,12.63
4655000,15.91,10.9,15.58,8.23,12.27
4656000,15.84,10.72,15.57,8.18,11.55
4657000,15.77,10.58,15.31,8.26,11.03
4658000,16.05,10.61,15.05,8.28,10.75
4659000,16.32,10.57,15.11,8.43,10.64
4660000,16.24,10.68,14.83,8.35,10.43
4661000,16.22,10.78,14.62,8.5,10.42
4662000,16.17,10.92,14.53,8.49,10.58
4663000,16.16,10.83,14.38,8.45,10.54
4664000,16.14,10.76,14.37,8.47,10.94
4665000,16.0,10.83,14.33,8.51,11.26
4666000,16.02,10.99,14.38,8.37,11.6
4667000,15.79,10.95,14.56,8.43,11.45
4668000,15.79,11.27,14.64,8.31,11.85
4669000,15.76,11.29,14.76,8.23,12.36
4670000,15.77,11.41,14.41,8.5,12.64
4671000,15.42,11.48,14.18,8.47,12.86
4672000,15.47,11.64,13.9,8.63,13.02
4673000,15.6,11.62,13.96,8.69,12.99
4674000,15.57,11.5,14.16,8.47,13.02
4675000,15.46,11.43,14.29,8.41,13.16
4676000,15.34,11.39,14.34,8.59,13.02
4677000,15.08,11.47,14.39,8.42,12.95
4678000,15.19,11.34,14.22,8.62,12.94
4679000,14.94,11.24,14.08,8.72,12.94
4680000,15.25,10.83,14.02,8.73,12.88
4681000,15.12,10.72,13.82,8.67,13.31
4682000,15.14,10.76,13.46,8.69,13.54
4683000,15.65,10.57,13.51,8.49,13.1
4684000,15.27,10.63,13.38,8.69,13.22
4685000,15.34,10.88,13.54,8.71,12.88
4686000,15.38,11.0,13.67,8.7,12.98
4687000,15.05,11.23,13.98,8.95,13.04
4688000,15.28,11.38,14.05,9.05,13.21
4689000,15.18,11.15,13.83,9.06,13.01
4690000,15.24,11.45,13.99,8.96,13.08
4691000,15.5,11.46,13.9,8.87,13.29
4692000,15.61,11.86,13.86,9.04,12.93
4693000,15.77,11.86,13.84,9.08,12.94
4694000,15.8,12.2,13.89,9.11,12.9
4695000,15.55,12.13,13.7,9.16,13.03
4696000,15.37,12.07,13.91,9.2,12.58
4697000,15.58,11.92,14.29,9.16,12.88
4698000,15.41,11.9,14.03,9.0,12.79
4699000,15.61,11.62,14.06,8.98,12.88
4700000,15.7,11.56,14.43,9.02,13.01
4701000,15.73,11.77,14.2,9.02,13.0
4702000,15.93,11.81,14.01,9.24,12.93
4703000,15.67,11.8,14.1,9.22,13.17
4704000,15.62,11.75,14.15,9.25,13.16
4705000,15.64,11.81,14.41,9.2,13.03
4706000,15.41,11.96,14.52,9.04,13.14
4707000,15.54,11.56,14.35,8.95,13.06
4708000,15.38,11.56,14.4,8.88,13.15
4709000,15.01,11.39,14.47,8.88,12.8
4710000,14.96,11.41,14.45,8.59,13.06
4711000,15.4,11.59,14.69,8.23,13.17
4712000,15.35,11.49,15.01,8.13,13.47
4713000,15.34,10.87,15.05,8.11,13.45
4714000,14.96,10.96,14.67,8.08,13.28
4715000,15.12,10.81,14.92,8.2,13.18
4716000,15.31,10.76,15.04,8.27,13.13
4717000,15.32,10.62,15.12,8.31,13.13
4718000,15.47,10.47,15.29,8.35,13.05
4719000,15.69,10.59,15.22,8.27,12.88
4720000,15.6,10.59,15.13,8.38,12.69
4721000,15.69,10.61,15.29,8.61,12.69
4722000,15.81,10.59,15.11,8.64,12.74
4723000,16.06,10.3,14.94,8.58,12.63
4724000,15.87,10.61,15.02,8.45,12.52
4725000,15.94,10.22,15.25,8.44,12.25
4726000,16.06,10.18,15.43,8.46,12.29
4727000,16.06,9.85,15.31,8.27,12.24
4728000,15.62,9.89,15.22,8.33,12.24
4729000,15.54,9.93,15.3,8.48,12.41
4730000,15.55,10.12,15.52,8.58,12.64
4731000,15.63,10.11,15.47,8.41,12.3
4732000,15.54,10.14,15.5,8.26,12.72
4733000,15.42,10.19,15.37,8.48,12.67
4734000,15.12,10.52,15.19,8.49,12.52
4735000,15.21,10.64,15.08,8.44,12.78
4736000,15.29,10.86,15.11,8.43,12.91
4737000,15.13,10.94,15.35,8.65,13.08
4738000,14.89,11.18,15.34,8.7,13.01
4739000,14.73,11.44,15.11,8.76,13.06
4740000,14.87,11.6,15.24,8.69,13.24
4741000,14.75,11.67,15.35,8.84,13.42
4742000,14.56,11.62,15.44,9.02,13.65
4743000,14.97,11.44,15.59,9.04,13.58
4744000,15.15,11.45,15.59,9.0,13.36
4745000,15.45,11.5,15.53,9.15,13.55
4746000,15.37,11.25,15.57,9.16,13.5
4747000,15.36,11.48,15.47,9.13,13.89
4748000,15.33,11.22,15.48,9.19,14.04
4749000,15.4,11.02,15.6,8.95,13.84
4750000,15.3,10.83,15.84,9.01,13.67
4751000,15.27,10.81,16.17,8.94,13.47
4752000,15.41,10.76,16.05,9.06,13.55
4753000,15.21,10.83,15.91,9.0,13.43
4754000,15.22,10.65,15.86,9.04,13.56
4755000,15.14,10.41,15.76,8.93,13.42
4756000,15.4,10.44,16.03,8.95,13.34
4757000,15.17,10.6,16.29,9.06,13.18
4758000,15.16,10.45,16.46,9.11,13.16
4759000,14.94,10.58,16.25,9.04,13.12
4760000,14.87,10.64,16.23,9.14,12.9
4761000,14.83,10.8,15.97,9.09,12.87
4762000,14.8,10.87,15.86,9.14,12.66
4763000,15.08,10.73,15.97,9.07,12.72
4764000,14.95,10.44,15.68,9.12,12.62
4765000,14.95,10.62,15.53,9.23,12.77
4766000,14.88,10.91,15.57,9.39,12.8
4767000,14.8,10.9,15.08,9.34,12.74
4768000,15.19,10.69,14.93,9.3,12.19
4769000,15.21,10.74,14.84,9.32,12.38
4770000,15.44,10.7,14.85,9.44,12.54
4771000,15.42,10.99,14.65,9.43,12.58
4772000,15.53,10.92,14.68,9.38,12.58
4773000,15.81,10.67,14.29,9.35,12.49
4774000,15.82,10.59,14.03,9.29,12.52
4775000,15.8,10.69,14.12,9.41,12.76
4776000,15.64,10.46,14.02,9.35,12.85
4777000,15.29,10.28,13.67,9.35,12.78
4778000,15.0,10.14,13.53,9.38,12.82
4779000,14.98,10.58,13.6,9.19,12.58
4780000,15.23,10.61,13.79,9.06,12.54
4781000,15.0,10.54,13.67,9.24,12.78
4782000,15.12,10.36,13.43,9.13,12.77
4783000,14.88,10.48,13.66,9.38,12.84
4784000,14.74,10.74,13.46,9.29,12.93
4785000,14.78,10.84,13.51,9.36,12.94
4786000,14.28,11.11,13.65,9.32,13.03
4787000,14.46,11.18,13.87,9.33,13.24
4788000,14.33,11.47,13.89,9.38,13.18
4789000,14.37,11.73,13.78,9.44,12.98
4790000,14.2,12.03,13.63,9.65,13.03
4791000,14.24,11.86,13.52,9.54,12.86
4792000,14.28,11.93,13.71,9.48,12.64
4793000,14.69,11.9,14.02,9.52,13.01
4794000,14.5,12.07,14.17,9.35,12.89
4795000,14.63,11.93,14.14,9.35,12.94
4796000,14.76,11.43,14.2,9.42,12.98
4797000,14.54,11.82,14.17,9.15,13.21
4798000,14.79,11.69,14.32,9.09,13.29
4799000,14.78,11.61,14.43,8.89,13.06
4800000,14.71,11.58,14.49,8.74,12.78
4801000,14.51,11.35,14.67,8.82,12.68
4802000,14.49,11.15,14.82,8.77,12.54
4803000,14.31,10.98,14.64,8.83,12.72
4804000,14.25,10.9,14.74,8.87,12.82
4805000,14.73,11.0,14.83,8.92,12.87
4806000,14.95,10.87,14.97,9.06,13.39
4807000,14.82,11.25,14.87,9.14,12.89
4808000,14.91,11.29,14.81,9.35,13.04
4809000,14.92,11.16,14.72,9.16,12.8
4810000,14.94,10.92,14.94,9.21,12.69
4811000,14.99,10.84,14.97,9.41,12.5
4812000,15.08,10.95,15.01,9.32,12.5
4813000,15.19,10.86,14.96,9.37,12.38
4814000,15.2,10.99,15.0,9.31,12.51
4815000,15.27,11.27,15.11,9.14,12.47
4816000,15.33,11.35,15.14,8.92,12.57
4817000,15.47,11.25,15.08,8.91,12.48
4818000,15.43,11.34,14.73,8.96,12.65
4819000,15.44,11.46,14.87,8.94,12.8
4820000,15.51,11.36,14.98,8.98,12.57
4821000,15.31,11.62,14.92,8.92,13.12
4822000,15.5,11.85,14.48,8.89,13.32
4823000,15.47,11.81,14.7,8.81,13.45
4824000,15.48,11.72,14.75,8.81,13.43
4825000,15.59,11.7,14.83,8.87,13.63
4826000,15.75,11.8,14.68,9.06,13.55
4827000,15.74,11.8,14.71,9.04,13.85
4828000,15.76,11.56,14.61,8.97,13.98
4829000,15.54,11.41,14.34,8.9,14.0
4830000,15.46,11.41,14.44,8.98,14.03
4831000,15.72,11.36,14.56,8.86,14.2
4832000,15.45,11.23,14.3,8.71,14.09
4833000,15.3,11.18,14.4,8.65,13.93
4834000,15.46,11.11,14.61,8.54,13.91
4835000,15.21,11.34,14.91,8.4,14.01
4836000,15.1,11.59,14.82,8.61,13.48
4837000,15.04,11.87,14.76,8.52,13.35
4838000,14.91,11.87,15.1,8.55,13.26
4839000,15.03,11.91,15.25,8.69,13.31
4840000,15.05,11.76,15.49,8.77,13.28
4841000,14.94,12.09,15.36,8.87,13.29
4842000,14.78,12.15,15.35,9.01,13.26
4843000,14.61,11.9,15.79,9.36,13.52
4844000,14.81,12.37,15.78,9.46,13.44
4845000,14.66,12.39,15.7,9.58,13.47
4846000,14.6,12.31,15.83,9.73,13.37
4847000,14.8,12.08,16.08,9.77,13.43
4848000,14.59,11.91,15.88,9.85,13.25
4849000,14.03,11.74,15.78,9.85,13.26
4850000,14.18,11.65,15.74,9.73,13.24
4851000,14.52,11.47,15.64,9.63,13.18
4852000,14.64,11.63,15.65,9.66,13.26
4853000,14.49,11.31,15.62,9.27,13.16
4854000,14.3,11.5,15.7,9.18,13.07
4855000,14.3,11.17,15.57,9.13,13.26
4856000,14.47,10.82,15.37,9.18,13.26
4857000,14.48,10.76,15.17,9.06,13.05
4858000,14.51,10.73,15.44,9.02,12.98
4859000,14.69,11.04,15.56,8.9,13.2
4860000,14.9,11.27,15.47,8.92,13.06
4861000,14.79,11.46,15.43,8.71,12.97
4862000,14.96,11.5,15.31,8.79,13.12
4863000,15.13,11.25,15.24,8.88,13.1
4864000,15.79,11.1,15.1,9.03,13.18
4865000,15.69,11.36,15.45,9.05,13.12
4866000,15.7,11.23,15.45,8.96,13.37
4867000,15.42,11.45,15.5,8.93,13.48
4868000,15.37,11.77,15.6,8.77,13.05
4869000,15.58,11.7,15.47,8.91,12.93
4870000,15.66,11.93,15.31,8.92,13.01
4871000,15.3,11.4,15.42,9.03,13.05
4872000,15.15,11.05,15.42,9.11,13.44
4873000,15.27,11.1,15.54,8.82,13.21
4874000,15.28,11.29,15.66,8.81,13.04
4875000,15.4,11.49,15.76,8.7,13.33
4876000,15.37,11.57,15.66,8.6,13.36
4877000,15.32,11.41,15.48,8.54,13.33
4878000,15.56,11.5,15.33,8.75,13.38
4879000,15.69,11.25,15.52,8.68,13.57
4880000,15.25,10.73,15.59,8.76,13.5
4881000,15.25,10.45,15.54,8.86,13.28
4882000,15.35,10.73,15.24,8.79,13.56
4883000,15.12,11.07,15.13,8.63,13.68
4884000,15.04,11.13,14.57,8.84,13.37
4885000,15.18,10.82,14.79,8.95,13.1
4886000,15.25,10.51,14.93,9.03,12.97
4887000,15.29,10.69,14.9,9.16,13.29
4888000,15.13,10.71,14.82,9.06,13.51
4889000,15.06,10.46,14.65,8.92,13.05
4890000,15.1,10.5,14.63,8.89,12.9
4891000,15.09,10.73,14.57,8.85,13.03
4892000,15.29,10.67,14.64,8.78,13.1
4893000,14.69,10.6,14.63,9.03,12.83
4894000,14.81,10.45,14.72,9.05,13.04
4895000,14.9,10.65,14.91,9.01,12.94
4896000,14.92,10.84,14.9,9.06,12.71
4897000,14.88,11.0,14.93,9.11,12.86
4898000,15.08,11.08,14.96,9.09,13.29
4899000,15.38,10.95,15.04,9.06,13.52
4900000,15.34,11.28,14.91,9.25,13.63
4901000,15.39,11.38,15.24,9.21,13.89
4902000,15.58,11.27,15.23,9.25,13.78
4903000,15.64,11.41,15.16,9.36,13.83
4904000,15.78,11.48,15.28,9.38,14.01
4905000,15.89,11.55,15.01,9.45,13.79
4906000,15.47,11.16,14.81,9.54,13.9
4907000,15.39,11.04,14.91,9.5,13.77
4908000,15.44,10.88,14.48,9.48,13.84
4909000,15.66,10.95,14.52,9.57,14.02
4910000,16.13,10.89,14.57,9.51,13.64
4911000,16.14,10.7,14.7,9.41,13.84
4912000,16.21,10.76,14.22,9.52,13.63
4913000,16.01,10.81,14.23,9.54,13.64
4914000,16.14,11.1,14.06,9.52,13.71
4915000,15.87,11.12,14.12,9.42,13.2
4916000,15.62,11.31,14.17,9.38,13.18
4917000,15.62,11.21,13.86,9.32,13.49
4918000,15.56,11.56,13.7,9.29,13.26
4919000,14.95,11.78,13.65,9.29,12.95
4920000,14.9,11.75,13.72,9.38,12.94
4921000,14.96,11.46,13.9,9.48,12.77
4922000,15.04,11.26,13.65,9.57,12.64
4923000,15.26,11.51,13.4,9.38,12.8
4924000,15.12,11.51,13.01,9.44,12.91
4925000,15.23,11.36,13.08,9.46,12.92
4926000,15.29,11.07,13.05,9.49,12.73
4927000,15.34,10.86,13.19,9.48,12.44
4928000,15.63,10.91,13.1,9.53,12.5
4929000,15.3,10.84,13.17,9.51,12.92
4930000,15.02,10.55,13.0,9.46,12.46
4931000,15.28,10.53,12.74,9.37,12.91
4932000,15.35,10.68,12.96,9.33,13.06
4933000,15.4,10.68,13.15,9.34,13.33
4934000,15.55,10.54,13.11,9.45,13.42
4935000,15.92,10.46,13.02,9.38,13.31
4936000,15.86,10.45,13.22,9.33,13.4
4937000,16.1,10.62,13.43,9.26,13.64
4938000,15.87,10.78,13.63,9.23,13.21
4939000,15.74,10.9,14.02,9.18,13.11
4940000,15.57,10.91,14.17,9.22,13.33
4941000,15.37,10.55,14.22,9.13,13.51
4942000,15.38,10.79,14.13,9.17,13.38
4943000,15.19,10.86,14.21,9.13,13.28
4944000,15.49,10.82,13.98,9.14,13.27
4945000,15.61,10.95,14.3,9.21,13.29
4946000,15.7,11.06,14.34,9.27,12.83
4947000,15.78,10.83,14.39,9.34,12.74
4948000,15.48,10.89,14.69,9.44,12.96
4949000,15.42,11.03,14.34,9.55,12.97
4950000,15.74,10.89,14.24,9.44,12.72
4951000,15.63,10.87,14.23,9.46,13.2
4952000,15.74,10.98,14.12,9.7,13.5
4953000,15.73,11.18,14.31,9.72,13.22
4954000,16.02,11.22,14.42,9.68,13.11
4955000,15.85,11.16,14.3,9.76,13.26
4956000,16.17,11.04,14.28,9.69,13.14
4957000,16.39,11.19,14.49,9.57,13.41
4958000,16.13,11.24,14.3,9.49,13.28
4959000,16.3,11.38,14.44,9.35,13.79
4960000,16.37,11.51,14.55,9.39,13.65
4961000,16.41,11.62,14.63,9.58,14.0
4962000,16.34,11.71,14.26,9.52,14.11
4963000,16.66,11.9,14.09,9.44,14.14
4964000,16.51,11.85,13.93,9.39,13.95
4965000,16.75,11.99,14.24,9.54,13.66
4966000,16.78,12.05,14.33,9.5,13.44
4967000,16.63,11.73,14.4,9.45,13.81
4968000,16.68,11.42,14.72,9.51,13.79
4969000,16.83,11.08,14.69,9.57,13.84
4970000,16.7,10.84,14.31,9.75,13.77
4971000,16.77,10.67,14.05,9.76,13.53
4972000,16.97,10.73,13.93,9.73,13.35
4973000,17.08,10.88,13.87,9.71,13.3
4974000,16.98,10.92,13.94,9.64,13.46
4975000,17.02,10.82,13.94,9.64,13.65
4976000,17.05,10.51,13.61,9.64,13.55
4977000,17.06,10.43,13.88,9.65,13.58
4978000,17.2,10.42,13.89,9.79,13.56
4979000,17.3,10.86,13.94,9.97,14.07
4980000,17.14,11.23,14.1,9.98,13.97
4981000,17.21,11.44,13.91,9.84,14.22
4982000,17.01,11.56,14.0,9.78,13.66
4983000,16.89,11.62,14.16,9.83,14.25
4984000,16.65,11.28,13.99,9.73,14.28
4985000,16.58,11.05,13.64,9.93,14.11
4986000,16.69,10.92,13.96,9.67,14.32
4987000,16.66,11.06,14.12,9.62,14.44
4988000,16.54,11.15,14.5,9.58,14.25
4989000,16.39,11.13,14.62,9.5,14.19
4990000,16.04,11.2,14.11,9.45,14.25
4991000,16.06,10.91,14.07,9.46,14.37
4992000,15.86,10.73,14.33,9.53,14.44
4993000,15.69,10.63,14.12,9.52,14.29
4994000,15.7,10.41,14.17,9.37,14.16
4995000,15.73,10.36,14.19,9.18,14.51
4996000,15.81,10.73,14.43,9.02,14.44
4997000,15.8,11.0,14.3,8.94,14.4
4998000,15.94,11.15,14.28,8.73,13.98
4999000,16.2,11.12,14.03,8.37,13.77
