step,seed1,seed2,seed3,seed4,seed5
1000,0.0,0.0,0.0,0.0,0.0
2000,0.0,0.0,0.0,0.0,0.0
3000,0.0,2.0,0.0,0.0,0.0
4000,0.0,2.0,0.0,0.0,0.0
5000,0.0,2.0,0.0,0.0,0.0
6000,0.0,2.0,0.0,0.5,0.0
7000,0.0,2.0,0.0,0.5,0.0
8000,0.0,2.0,0.33333334,0.33333334,0.0
9000,0.0,2.0,0.33333334,0.33333334,0.0
10000,0.0,2.0,0.33333334,0.33333334,0.0
11000,0.0,1.5,0.25,0.5,0.25
12000,0.0,1.5,0.25,0.5,0.25
13000,0.0,1.4,0.2,0.4,0.2
14000,0.0,1.4,0.2,0.4,0.2
15000,0.0,1.4,0.2,0.4,0.2
16000,0.0,1.3333334,0.33333334,0.33333334,0.16666667
17000,0.0,1.3333334,0.33333334,0.33333334,0.16666667
18000,0.0,1.2857143,0.2857143,0.2857143,0.2857143
19000,0.0,1.2857143,0.2857143,0.2857143,0.2857143
20000,0.0,1.2857143,0.2857143,0.2857143,0.2857143
21000,0.0,1.25,0.25,0.25,0.375
22000,0.0,1.25,0.25,0.25,0.375
23000,0.11111111,1.1111112,0.22222222,0.22222222,0.33333334
24000,0.11111111,1.1111112,0.22222222,0.22222222,0.33333334
25000,0.11111111,1.1111112,0.22222222,0.22222222,0.33333334
26000,0.1,1.0,0.2,0.2,0.3
27000,0.1,1.0,0.2,0.2,0.3
28000,0.09090909,1.0909091,0.18181819,0.27272728,0.27272728
29000,0.09090909,1.0909091,0.18181819,0.27272728,0.27272728
30000,0.09090909,1.0909091,0.18181819,0.27272728,0.27272728
31000,0.083333336,1.0833334,0.25,0.33333334,0.25
32000,0.083333336,1.0833334,0.25,0.33333334,0.25
33000,0.15384616,1.0,0.30769232,0.3846154,0.30769232
34000,0.15384616,1.0,0.30769232,0.3846154,0.30769232
35000,0.15384616,1.0,0.30769232,0.3846154,0.30769232
36000,0.21428572,0.9285714,0.35714287,0.42857143,0.2857143
37000,0.21428572,0.9285714,0.35714287,0.42857143,0.2857143
38000,0.2,0.8666667,0.33333334,0.53333336,0.26666668
39000,0.2,0.8666667,0.33333334,0.53333336,0.26666668
40000,0.2,0.8666667,0.33333334,0.53333336,0.26666668
41000,0.1875,0.875,0.3125,0.5,0.25
42000,0.1875,0.875,0.3125,0.5,0.25
43000,0.1764706,0.8235294,0.29411766,0.47058824,0.29411766
44000,0.1764706,0.8235294,0.29411766,0.47058824,0.29411766
45000,0.1764706,0.8235294,0.29411766,0.47058824,0.29411766
46000,0.16666667,0.7777778,0.33333334,0.5555556,0.2777778
47000,0.16666667,0.7777778,0.33333334,0.5555556,0.2777778
48000,0.15789473,0.7894737,0.36842105,0.5263158,0.2631579
49000,0.15789473,0.7894737,0.36842105,0.5263158,0.2631579
50000,0.15789473,0.7894737,0.36842105,0.5263158,0.2631579
51000,0.2,0.75,0.45,0.5,0.25
52000,0.2,0.75,0.45,0.5,0.25
53000,0.1904762,0.7619048,0.42857143,0.47619048,0.23809524
54000,0.1904762,0.7619048,0.42857143,0.47619048,0.23809524
55000,0.1904762,0.7619048,0.42857143,0.47619048,0.23809524
56000,0.22727273,0.77272725,0.4090909,0.5,0.22727273
57000,0.22727273,0.77272725,0.4090909,0.5,0.22727273
58000,0.26086956,0.82608694,0.39130434,0.47826087,0.2173913
59000,0.26086956,0.82608694,0.39130434,0.47826087,0.2173913
60000,0.26086956,0.82608694,0.39130434,0.47826087,0.2173913
61000,0.25,0.875,0.375,0.5416667,0.25
62000,0.25,0.875,0.375,0.5416667,0.25
63000,0.24,0.88,0.4,0.56,0.28
64000,0.24,0.88,0.4,0.56,0.28
65000,0.24,0.88,0.4,0.56,0.28
66000,0.23076923,0.88461536,0.46153846,0.61538464,0.30769232
67000,0.23076923,0.88461536,0.46153846,0.61538464,0.30769232
68000,0.25925925,0.8888889,0.5185185,0.6666667,0.2962963
69000,0.25925925,0.8888889,0.5185185,0.6666667,0.2962963
70000,0.25925925,0.8888889,0.5185185,0.6666667,0.2962963
71000,0.25,0.9285714,0.5,0.64285713,0.2857143
72000,0.25,0.9285714,0.5,0.64285713,0.2857143
73000,0.2413793,0.9310345,0.4827586,0.6551724,0.27586207
74000,0.2413793,0.9310345,0.4827586,0.6551724,0.27586207
75000,0.2413793,0.9310345,0.4827586,0.6551724,0.27586207
76000,0.23333333,0.93333334,0.46666667,0.6666667,0.26666668
77000,0.23333333,0.93333334,0.46666667,0.6666667,0.26666668
78000,0.22580644,1.0,0.4516129,0.67741936,0.2580645
79000,0.22580644,1.0,0.4516129,0.67741936,0.2580645
80000,0.22580644,1.0,0.4516129,0.67741936,0.2580645
81000,0.28125,1.0,0.4375,0.65625,0.28125
82000,0.28125,1.0,0.4375,0.65625,0.28125
83000,0.27272728,1.0,0.42424244,0.6969697,0.27272728
84000,0.27272728,1.0,0.42424244,0.6969697,0.27272728
85000,0.27272728,1.0,0.42424244,0.6969697,0.27272728
86000,0.2647059,1.0294118,0.4117647,0.7058824,0.2647059
87000,0.2647059,1.0294118,0.4117647,0.7058824,0.2647059
88000,0.2857143,1.0571429,0.4857143,0.74285716,0.31428573
89000,0.2857143,1.0571429,0.4857143,0.74285716,0.31428573
90000,0.2857143,1.0571429,0.4857143,0.74285716,0.31428573
91000,0.2777778,1.0277778,0.4722222,0.8055556,0.30555555
92000,0.2777778,1.0277778,0.4722222,0.8055556,0.30555555
93000,0.35135135,1.054054,0.4864865,0.8378378,0.2972973
94000,0.35135135,1.054054,0.4864865,0.8378378,0.2972973
95000,0.35135135,1.054054,0.4864865,0.8378378,0.2972973
96000,0.34210527,1.0263158,0.5,0.8684211,0.31578946
97000,0.34210527,1.0263158,0.5,0.8684211,0.31578946
98000,0.35897437,1.0,0.51282054,0.8717949,0.30769232
99000,0.35897437,1.0,0.51282054,0.8717949,0.30769232
100000,0.35897437,1.0,0.51282054,0.8717949,0.30769232
101000,0.35,1.025,0.5,0.9,0.325
102000,0.35,1.025,0.5,0.9,0.325
103000,0.36585367,1.097561,0.4878049,0.9268293,0.34146342
104000,0.36585367,1.097561,0.4878049,0.9268293,0.34146342
105000,0.36585367,1.097561,0.4878049,0.9268293,0.34146342
106000,0.3809524,1.1190476,0.47619048,0.9047619,0.33333334
107000,0.3809524,1.1190476,0.47619048,0.9047619,0.33333334
108000,0.41860464,1.1627907,0.4651163,0.9302326,0.3255814
109000,0.41860464,1.1627907,0.4651163,0.9302326,0.3255814
110000,0.41860464,1.1627907,0.4651163,0.9302326,0.3255814
111000,0.45454547,1.1590909,0.45454547,0.95454544,0.36363637
112000,0.45454547,1.1590909,0.45454547,0.95454544,0.36363637
113000,0.51111114,1.2222222,0.44444445,0.95555556,0.37777779
114000,0.51111114,1.2222222,0.44444445,0.95555556,0.37777779
115000,0.51111114,1.2222222,0.44444445,0.95555556,0.37777779
116000,0.5,1.2173913,0.45652175,0.95652175,0.45652175
117000,0.5,1.2173913,0.45652175,0.95652175,0.45652175
118000,0.5531915,1.2127659,0.5106383,0.9574468,0.44680852
119000,0.5531915,1.2127659,0.5106383,0.9574468,0.44680852
120000,0.5531915,1.2127659,0.5106383,0.9574468,0.44680852
121000,0.5625,1.2291666,0.5,1.0,0.5
122000,0.5625,1.2291666,0.5,1.0,0.5
123000,0.5510204,1.2244898,0.53061223,1.0612245,0.5102041
124000,0.5510204,1.2244898,0.53061223,1.0612245,0.5102041
125000,0.5510204,1.2244898,0.53061223,1.0612245,0.5102041
126000,0.58,1.22,0.52,1.14,0.5
127000,0.58,1.22,0.52,1.14,0.5
128000,0.627451,1.254902,0.5294118,1.1568627,0.50980395
129000,0.627451,1.254902,0.5294118,1.1568627,0.50980395
130000,0.627451,1.254902,0.5294118,1.1568627,0.50980395
131000,0.63461536,1.2884616,0.5769231,1.1346154,0.5
132000,0.63461536,1.2884616,0.5769231,1.1346154,0.5
133000,0.6226415,1.3018868,0.6037736,1.1320754,0.5849057
134000,0.6226415,1.3018868,0.6037736,1.1320754,0.5849057
135000,0.6226415,1.3018868,0.6037736,1.1320754,0.5849057
136000,0.7037037,1.2962962,0.5925926,1.1296296,0.5740741
137000,0.7037037,1.2962962,0.5925926,1.1296296,0.5740741
138000,0.6909091,1.3454546,0.6545454,1.1454545,0.6
139000,0.6909091,1.3454546,0.6545454,1.1454545,0.6
140000,0.6909091,1.3454546,0.6545454,1.1454545,0.6
141000,0.6964286,1.3392857,0.6964286,1.1607143,0.625
142000,0.6964286,1.3392857,0.6964286,1.1607143,0.625
143000,0.68421054,1.3157895,0.7017544,1.1403508,0.6315789
144000,0.68421054,1.3157895,0.7017544,1.1403508,0.6315789
145000,0.68421054,1.3157895,0.7017544,1.1403508,0.6315789
146000,0.67241377,1.362069,0.7413793,1.1896552,0.62068963
147000,0.67241377,1.362069,0.7413793,1.1896552,0.62068963
148000,0.66101694,1.3559322,0.7457627,1.2033899,0.62711865
149000,0.66101694,1.3559322,0.7457627,1.2033899,0.62711865
150000,0.66101694,1.3559322,0.7457627,1.2033899,0.62711865
151000,0.7,1.3333334,0.75,1.3,0.65
152000,0.7,1.3333334,0.75,1.3,0.65
153000,0.72131145,1.3934426,0.75409836,1.295082,0.6393443
154000,0.72131145,1.3934426,0.75409836,1.295082,0.6393443
155000,0.72131145,1.3934426,0.75409836,1.295082,0.6393443
156000,0.7419355,1.4032258,0.7419355,1.2741935,0.6451613
157000,0.7419355,1.4032258,0.7419355,1.2741935,0.6451613
158000,0.74603176,1.4761904,0.7619048,1.2698413,0.6507937
159000,0.74603176,1.4761904,0.7619048,1.2698413,0.6507937
160000,0.74603176,1.4761904,0.7619048,1.2698413,0.6507937
161000,0.734375,1.484375,0.765625,1.28125,0.65625
162000,0.734375,1.484375,0.765625,1.28125,0.65625
163000,0.73846155,1.5076923,0.8,1.2923077,0.64615387
164000,0.73846155,1.5076923,0.8,1.2923077,0.64615387
165000,0.73846155,1.5076923,0.8,1.2923077,0.64615387
166000,0.75757575,1.560606,0.7878788,1.2878788,0.6969697
167000,0.75757575,1.560606,0.7878788,1.2878788,0.6969697
168000,0.8358209,1.5522388,0.8507463,1.2835821,0.7761194
169000,0.8358209,1.5522388,0.8507463,1.2835821,0.7761194
170000,0.8358209,1.5522388,0.8507463,1.2835821,0.7761194
171000,0.86764705,1.5588236,0.8382353,1.3382353,0.86764705
172000,0.86764705,1.5588236,0.8382353,1.3382353,0.86764705
173000,0.89855075,1.5362319,0.884058,1.3913044,0.884058
174000,0.89855075,1.5362319,0.884058,1.3913044,0.884058
175000,0.89855075,1.5362319,0.884058,1.3913044,0.884058
176000,0.8857143,1.5571429,0.9,1.3857143,0.87142855
177000,0.8857143,1.5571429,0.9,1.3857143,0.87142855
178000,0.91549295,1.6056339,0.943662,1.3943661,0.85915494
179000,0.91549295,1.6056339,0.943662,1.3943661,0.85915494
180000,0.91549295,1.6056339,0.943662,1.3943661,0.85915494
181000,1.0833334,1.5972222,0.9583333,1.4027778,0.8472222
182000,1.0833334,1.5972222,0.9583333,1.4027778,0.8472222
183000,1.0821918,1.5890411,1.0410959,1.3972603,0.8356164
184000,1.0821918,1.5890411,1.0410959,1.3972603,0.8356164
185000,1.0821918,1.5890411,1.0410959,1.3972603,0.8356164
186000,1.0675676,1.581081,1.0675676,1.445946,0.8243243
187000,1.0675676,1.581081,1.0675676,1.445946,0.8243243
188000,1.0666667,1.5733334,1.0533333,1.4666667,0.81333333
189000,1.0666667,1.5733334,1.0533333,1.4666667,0.81333333
190000,1.0666667,1.5733334,1.0533333,1.4666667,0.81333333
191000,1.0657895,1.5526316,1.0921053,1.4868422,0.8552632
192000,1.0657895,1.5526316,1.0921053,1.4868422,0.8552632
193000,1.0909091,1.5324675,1.1428572,1.4805195,0.90909094
194000,1.0909091,1.5324675,1.1428572,1.4805195,0.90909094
195000,1.0909091,1.5324675,1.1428572,1.4805195,0.90909094
196000,1.0769231,1.5769231,1.1666666,1.5128205,0.974359
197000,1.0769231,1.5769231,1.1666666,1.5128205,0.974359
198000,1.113924,1.670886,1.164557,1.506329,1.0126582
199000,1.113924,1.670886,1.164557,1.506329,1.0126582
200000,1.113924,1.670886,1.164557,1.506329,1.0126582
201000,1.1125,1.675,1.175,1.55,1.0625
202000,1.1125,1.675,1.175,1.55,1.0625
203000,1.1111112,1.6666666,1.1728395,1.5679013,1.1111112
204000,1.1111112,1.6666666,1.1728395,1.5679013,1.1111112
205000,1.1111112,1.6666666,1.1728395,1.5679013,1.1111112
206000,1.097561,1.6585366,1.2073171,1.5487804,1.1463414
207000,1.097561,1.6585366,1.2073171,1.5487804,1.1463414
208000,1.0843374,1.6626506,1.1927711,1.5783132,1.1927711
209000,1.0843374,1.6626506,1.1927711,1.5783132,1.1927711
210000,1.0843374,1.6626506,1.1927711,1.5783132,1.1927711
211000,1.0714285,1.6666666,1.1785715,1.5833334,1.2142857
212000,1.0714285,1.6666666,1.1785715,1.5833334,1.2142857
213000,1.1764706,1.6588235,1.1764706,1.6235294,1.2
214000,1.1764706,1.6588235,1.1764706,1.6235294,1.2
215000,1.1764706,1.6588235,1.1764706,1.6235294,1.2
216000,1.1860465,1.6976744,1.1860465,1.6279069,1.1860465
217000,1.1860465,1.6976744,1.1860465,1.6279069,1.1860465
218000,1.1954023,1.7011495,1.1839081,1.6781609,1.2643678
219000,1.1954023,1.7011495,1.1839081,1.6781609,1.2643678
220000,1.1954023,1.7011495,1.1839081,1.6781609,1.2643678
221000,1.2159091,1.7386364,1.1704545,1.7159091,1.2613636
222000,1.2159091,1.7386364,1.1704545,1.7159091,1.2613636
223000,1.258427,1.730337,1.1685393,1.752809,1.258427
224000,1.258427,1.730337,1.1685393,1.752809,1.258427
225000,1.258427,1.730337,1.1685393,1.752809,1.258427
226000,1.2777778,1.7222222,1.1666666,1.7666667,1.3444444
227000,1.2777778,1.7222222,1.1666666,1.7666667,1.3444444
228000,1.2747253,1.7472527,1.1868132,1.7582418,1.3516483
229000,1.2747253,1.7472527,1.1868132,1.7582418,1.3516483
230000,1.2747253,1.7472527,1.1868132,1.7582418,1.3516483
231000,1.3478261,1.7282609,1.3043479,1.8478261,1.3586956
232000,1.3478261,1.7282609,1.3043479,1.8478261,1.3586956
233000,1.3548387,1.7204301,1.344086,1.8602151,1.3870968
234000,1.3548387,1.7204301,1.344086,1.8602151,1.3870968
235000,1.3548387,1.7204301,1.344086,1.8602151,1.3870968
236000,1.3404255,1.7127659,1.3829787,1.9255319,1.393617
237000,1.3404255,1.7127659,1.3829787,1.9255319,1.393617
238000,1.3368421,1.7578948,1.3894737,1.9578947,1.4631579
239000,1.3368421,1.7578948,1.3894737,1.9578947,1.4631579
240000,1.3368421,1.7578948,1.3894737,1.9578947,1.4631579
241000,1.34375,1.7604166,1.3854166,1.9791666,1.4791666
242000,1.34375,1.7604166,1.3854166,1.9791666,1.4791666
243000,1.4329897,1.7628866,1.3917526,1.9587629,1.484536
244000,1.4329897,1.7628866,1.3917526,1.9587629,1.484536
245000,1.4329897,1.7628866,1.3917526,1.9587629,1.484536
246000,1.4591837,1.755102,1.3979592,1.9897959,1.5408163
247000,1.4591837,1.755102,1.3979592,1.9897959,1.5408163
248000,1.4848485,1.7474748,1.4242424,2.030303,1.6161616
249000,1.4848485,1.7474748,1.4242424,2.030303,1.6161616
250000,1.4848485,1.7474748,1.4242424,2.030303,1.6161616
251000,1.5,1.86,1.43,2.05,1.61
252000,1.5,1.86,1.43,2.05,1.61
253000,1.53,1.84,1.49,2.11,1.63
254000,1.53,1.84,1.49,2.11,1.63
255000,1.53,1.84,1.49,2.11,1.63
256000,1.56,1.85,1.49,2.17,1.63
257000,1.56,1.85,1.49,2.17,1.63
258000,1.61,1.85,1.48,2.2,1.65
259000,1.61,1.85,1.48,2.2,1.65
260000,1.61,1.85,1.48,2.2,1.65
261000,1.73,1.98,1.49,2.22,1.72
262000,1.73,1.98,1.49,2.22,1.72
263000,1.74,2.02,1.63,2.32,1.76
264000,1.74,2.02,1.63,2.32,1.76
265000,1.74,2.02,1.63,2.32,1.76
266000,1.79,2.03,1.66,2.34,1.77
267000,1.79,2.03,1.66,2.34,1.77
268000,1.84,2.1,1.74,2.39,1.86
269000,1.84,2.1,1.74,2.39,1.86
270000,1.84,2.1,1.74,2.39,1.86
271000,1.94,2.2,1.78,2.39,1.87
272000,1.94,2.2,1.78,2.39,1.87
273000,1.93,2.24,1.83,2.45,1.98
274000,1.93,2.24,1.83,2.45,1.98
275000,1.93,2.24,1.83,2.45,1.98
276000,2.0,2.3,1.86,2.5,2.01
277000,2.0,2.3,1.86,2.5,2.01
278000,2.01,2.37,1.87,2.5,2.01
279000,2.01,2.37,1.87,2.5,2.01
280000,2.01,2.37,1.87,2.5,2.01
281000,2.12,2.44,1.91,2.62,2.04
282000,2.12,2.44,1.91,2.62,2.04
283000,2.13,2.47,2.0,2.69,2.07
284000,2.13,2.47,2.0,2.69,2.07
285000,2.13,2.47,2.0,2.69,2.07
286000,2.12,2.57,2.0,2.68,2.16
287000,2.12,2.57,2.0,2.68,2.16
288000,2.12,2.58,2.0,2.69,2.18
289000,2.12,2.58,2.0,2.69,2.18
290000,2.12,2.58,2.0,2.69,2.18
291000,2.23,2.64,2.01,2.85,2.27
292000,2.23,2.64,2.01,2.85,2.27
293000,2.28,2.7,2.03,2.85,2.34
294000,2.28,2.7,2.03,2.85,2.34
295000,2.28,2.7,2.03,2.85,2.34
296000,2.32,2.7,2.09,2.86,2.34
297000,2.32,2.7,2.09,2.86,2.34
298000,2.35,2.73,2.09,2.87,2.38
299000,2.35,2.73,2.09,2.87,2.38
300000,2.35,2.73,2.09,2.87,2.38
301000,2.39,2.75,2.13,2.91,2.46
302000,2.39,2.75,2.13,2.91,2.46
303000,2.47,2.83,2.18,2.93,2.47
304000,2.47,2.83,2.18,2.93,2.47
305000,2.47,2.83,2.18,2.93,2.47
306000,2.5,3.01,2.24,3.05,2.57
307000,2.5,3.01,2.24,3.05,2.57
308000,2.51,3.04,2.26,3.07,2.6
309000,2.51,3.04,2.26,3.07,2.6
310000,2.51,3.04,2.26,3.07,2.6
311000,2.54,3.11,2.26,3.05,2.6
312000,2.54,3.11,2.26,3.05,2.6
313000,2.55,3.12,2.39,3.18,2.63
314000,2.55,3.12,2.39,3.18,2.63
315000,2.55,3.12,2.39,3.18,2.63
316000,2.57,3.18,2.37,3.19,2.71
317000,2.57,3.18,2.37,3.19,2.71
318000,2.59,3.21,2.45,3.23,2.76
319000,2.59,3.21,2.45,3.23,2.76
320000,2.59,3.21,2.45,3.23,2.76
321000,2.65,3.21,2.53,3.32,2.88
322000,2.65,3.21,2.53,3.32,2.88
323000,2.7,3.3,2.53,3.36,2.93
324000,2.7,3.3,2.53,3.36,2.93
325000,2.7,3.3,2.53,3.36,2.93
326000,2.74,3.36,2.55,3.54,3.02
327000,2.74,3.36,2.55,3.54,3.02
328000,2.81,3.34,2.62,3.55,3.04
329000,2.81,3.34,2.62,3.55,3.04
330000,2.81,3.34,2.62,3.55,3.04
331000,2.82,3.48,2.64,3.58,3.13
332000,2.82,3.48,2.64,3.58,3.13
333000,2.9,3.57,2.65,3.69,3.18
334000,2.9,3.57,2.65,3.69,3.18
335000,2.9,3.57,2.65,3.69,3.18
336000,2.99,3.56,2.79,3.77,3.26
337000,2.99,3.56,2.79,3.77,3.26
338000,3.03,3.67,2.81,3.81,3.28
339000,3.03,3.67,2.81,3.81,3.28
340000,3.03,3.67,2.81,3.81,3.28
341000,3.03,3.7,2.89,3.8,3.32
342000,3.03,3.7,2.89,3.8,3.32
343000,3.0,3.8,2.95,3.78,3.39
344000,3.0,3.8,2.95,3.78,3.39
345000,3.0,3.8,2.95,3.78,3.39
346000,3.12,3.86,3.02,3.84,3.4
347000,3.12,3.86,3.02,3.84,3.4
348000,3.16,3.95,3.11,3.83,3.54
349000,3.16,3.95,3.11,3.83,3.54
350000,3.16,3.95,3.11,3.83,3.54
351000,3.19,3.93,3.18,3.84,3.63
352000,3.19,3.93,3.18,3.84,3.63
353000,3.26,4.01,3.19,3.98,3.75
354000,3.26,4.01,3.19,3.98,3.75
355000,3.26,4.01,3.19,3.98,3.75
356000,3.33,4.06,3.25,4.0,3.79
357000,3.33,4.06,3.25,4.0,3.79
358000,3.31,4.15,3.26,4.09,3.92
359000,3.31,4.15,3.26,4.09,3.92
360000,3.31,4.15,3.26,4.09,3.92
361000,3.29,4.27,3.3,4.14,3.91
362000,3.29,4.27,3.3,4.14,3.91
363000,3.28,4.24,3.31,4.2,4.06
364000,3.28,4.24,3.31,4.2,4.06
365000,3.28,4.24,3.31,4.2,4.06
366000,3.32,4.27,3.32,4.33,4.08
367000,3.32,4.27,3.32,4.33,4.08
368000,3.37,4.34,3.32,4.4,4.22
369000,3.37,4.34,3.32,4.4,4.22
370000,3.37,4.34,3.32,4.4,4.22
371000,3.41,4.45,3.5,4.47,4.2
372000,3.41,4.45,3.5,4.47,4.2
373000,3.48,4.5,3.56,4.43,4.2
374000,3.48,4.5,3.56,4.43,4.2
375000,3.48,4.5,3.56,4.43,4.2
376000,3.46,4.56,3.57,4.43,4.22
377000,3.46,4.56,3.57,4.43,4.22
378000,3.5,4.55,3.7,4.42,4.29
379000,3.5,4.55,3.7,4.42,4.29
380000,3.5,4.55,3.7,4.42,4.29
381000,3.59,4.55,3.68,4.42,4.38
382000,3.59,4.55,3.68,4.42,4.38
383000,3.6,4.58,3.66,4.41,4.39
384000,3.6,4.58,3.66,4.41,4.39
385000,3.6,4.58,3.66,4.41,4.39
386000,3.59,4.71,3.79,4.4,4.52
387000,3.59,4.71,3.79,4.4,4.52
388000,3.62,4.75,3.83,4.54,4.52
389000,3.62,4.75,3.83,4.54,4.52
390000,3.62,4.75,3.83,4.54,4.52
391000,3.61,4.83,3.82,4.56,4.64
392000,3.61,4.83,3.82,4.56,4.64
393000,3.67,4.84,3.87,4.59,4.64
394000,3.67,4.84,3.87,4.59,4.64
395000,3.67,4.84,3.87,4.59,4.64
396000,3.74,4.85,3.84,4.55,4.76
397000,3.74,4.85,3.84,4.55,4.76
398000,3.76,5.03,4.02,4.53,4.76
399000,3.76,5.03,4.02,4.53,4.76
400000,3.76,5.03,4.02,4.53,4.76
401000,3.8,5.09,4.06,4.46,4.93
402000,3.8,5.09,4.06,4.46,4.93
403000,3.89,5.24,4.06,4.52,5.06
404000,3.89,5.24,4.06,4.52,5.06
405000,3.89,5.24,4.06,4.52,5.06
406000,3.97,5.24,4.34,4.69,5.06
407000,3.97,5.24,4.34,4.69,5.06
408000,4.08,5.27,4.33,4.71,5.2
409000,4.08,5.27,4.33,4.71,5.2
410000,4.08,5.27,4.33,4.71,5.2
411000,4.13,5.25,4.32,4.72,5.36
412000,4.13,5.25,4.32,4.72,5.36
413000,4.18,5.22,4.31,4.7,5.47
414000,4.18,5.22,4.31,4.7,5.47
415000,4.18,5.22,4.31,4.7,5.47
416000,4.35,5.17,4.49,4.69,5.54
417000,4.35,5.17,4.49,4.69,5.54
418000,4.32,5.37,4.47,4.68,5.48
419000,4.32,5.37,4.47,4.68,5.48
420000,4.32,5.37,4.47,4.68,5.48
421000,4.45,5.35,4.62,4.63,5.41
422000,4.45,5.35,4.62,4.63,5.41
423000,4.46,5.35,4.61,4.85,5.39
424000,4.46,5.35,4.61,4.85,5.39
425000,4.46,5.35,4.61,4.85,5.39
426000,4.6,5.32,4.59,4.84,5.5
427000,4.6,5.32,4.59,4.84,5.5
428000,4.57,5.27,4.55,4.82,5.64
429000,4.57,5.27,4.55,4.82,5.64
430000,4.57,5.27,4.55,4.82,5.64
431000,4.52,5.26,4.65,4.8,5.7
432000,4.52,5.26,4.65,4.8,5.7
433000,4.75,5.25,4.69,4.79,5.7
434000,4.75,5.25,4.69,4.79,5.7
435000,4.75,5.25,4.69,4.79,5.7
436000,4.89,5.24,4.74,4.74,5.7
437000,4.89,5.24,4.74,4.74,5.7
438000,4.9,5.23,4.77,4.71,5.7
439000,4.9,5.23,4.77,4.71,5.7
440000,4.9,5.23,4.77,4.71,5.7
441000,4.89,5.23,4.76,4.68,5.66
442000,4.89,5.23,4.76,4.68,5.66
443000,4.88,5.23,4.72,4.67,5.61
444000,4.88,5.23,4.72,4.67,5.61
445000,4.88,5.23,4.72,4.67,5.61
446000,5.08,5.18,4.83,4.63,5.55
447000,5.08,5.18,4.83,4.63,5.55
448000,5.16,5.09,4.84,4.62,5.51
449000,5.16,5.09,4.84,4.62,5.51
450000,5.16,5.09,4.84,4.62,5.51
451000,5.28,5.07,4.92,4.57,5.46
452000,5.28,5.07,4.92,4.57,5.46
453000,5.42,5.06,4.92,4.54,5.41
454000,5.42,5.06,4.92,4.54,5.41
455000,5.42,5.06,4.92,4.54,5.41
456000,5.56,5.05,4.88,4.54,5.37
457000,5.56,5.05,4.88,4.54,5.37
458000,5.71,5.03,4.88,4.5,5.32
459000,5.71,5.03,4.88,4.5,5.32
460000,5.71,5.03,4.88,4.5,5.32
461000,5.88,5.01,4.88,4.48,5.29
462000,5.88,5.01,4.88,4.48,5.29
463000,5.82,5.0,4.87,4.43,5.29
464000,5.82,5.0,4.87,4.43,5.29
465000,5.82,5.0,4.87,4.43,5.29
466000,5.8,4.95,4.85,4.41,5.29
467000,5.8,4.95,4.85,4.41,5.29
468000,5.79,4.93,5.05,4.35,5.21
469000,5.79,4.93,5.05,4.35,5.21
470000,5.79,4.93,5.05,4.35,5.21
471000,5.76,4.88,5.12,4.3,5.2
472000,5.76,4.88,5.12,4.3,5.2
473000,5.71,4.87,5.26,4.25,5.19
474000,5.71,4.87,5.26,4.25,5.19
475000,5.71,4.87,5.26,4.25,5.19
476000,5.68,4.86,5.44,4.22,5.1
477000,5.68,4.86,5.44,4.22,5.1
478000,5.67,4.82,5.42,4.21,5.08
479000,5.67,4.82,5.42,4.21,5.08
480000,5.67,4.82,5.42,4.21,5.08
481000,5.82,4.82,5.59,4.11,5.06
482000,5.82,4.82,5.59,4.11,5.06
483000,6.13,4.81,5.88,4.08,5.02
484000,6.13,4.81,5.88,4.08,5.02
485000,6.13,4.81,5.88,4.08,5.02
486000,6.5,4.8,5.99,4.0,5.0
487000,6.5,4.8,5.99,4.0,5.0
488000,6.49,4.74,5.97,3.95,4.92
489000,6.49,4.74,5.97,3.95,4.92
490000,6.49,4.74,5.97,3.95,4.92
491000,6.5,4.72,5.96,3.91,4.89
492000,6.5,4.72,5.96,3.91,4.89
493000,6.4,4.7,5.94,3.91,4.87
494000,6.4,4.7,5.94,3.91,4.87
495000,6.4,4.7,5.94,3.91,4.87
496000,6.57,4.69,5.92,3.86,4.8
497000,6.57,4.69,5.92,3.86,4.8
498000,6.79,4.68,5.88,3.8,4.71
499000,6.79,4.68,5.88,3.8,4.71
500000,6.79,4.68,5.88,3.8,4.71
501000,6.9,4.55,6.12,3.76,4.7
502000,6.9,4.55,6.12,3.76,4.7
503000,7.13,4.55,6.22,3.7,4.68
504000,7.13,4.55,6.22,3.7,4.68
505000,7.13,4.55,6.22,3.7,4.68
506000,7.39,4.54,6.22,3.92,4.73
507000,7.39,4.54,6.22,3.92,4.73
508000,7.69,4.53,6.3,4.12,5.02
509000,7.69,4.53,6.3,4.12,5.02
510000,7.69,4.53,6.3,4.12,5.02
511000,7.74,4.74,6.44,4.31,4.95
512000,7.74,4.74,6.44,4.31,4.95
513000,7.76,4.85,6.62,4.44,5.21
514000,7.76,4.85,6.62,4.44,5.21
515000,7.76,4.85,6.62,4.44,5.21
516000,7.84,5.02,6.7,4.6,5.37
517000,7.84,5.02,6.7,4.6,5.37
518000,7.86,5.14,6.93,4.76,5.31
519000,7.86,5.14,6.93,4.76,5.31
520000,7.86,5.14,6.93,4.76,5.31
521000,7.89,5.32,7.23,4.95,5.46
522000,7.89,5.32,7.23,4.95,5.46
523000,8.25,5.54,7.52,5.29,5.44
524000,8.25,5.54,7.52,5.29,5.44
525000,8.25,5.54,7.52,5.29,5.44
526000,8.43,5.65,7.53,5.61,5.58
527000,8.43,5.65,7.53,5.61,5.58
528000,8.59,5.75,7.52,5.77,5.71
529000,8.59,5.75,7.52,5.77,5.71
530000,8.59,5.75,7.52,5.77,5.71
531000,8.78,5.93,7.47,5.8,5.93
532000,8.78,5.93,7.47,5.8,5.93
533000,8.91,6.03,7.37,5.8,6.01
534000,8.91,6.03,7.37,5.8,6.01
535000,8.91,6.03,7.37,5.8,6.01
536000,9.28,6.26,7.36,5.82,6.3
537000,9.28,6.26,7.36,5.82,6.3
538000,9.39,6.47,7.36,6.12,6.56
539000,9.39,6.47,7.36,6.12,6.56
540000,9.39,6.47,7.36,6.12,6.56
541000,9.56,6.73,7.35,6.03,6.75
542000,9.56,6.73,7.35,6.03,6.75
543000,9.68,6.75,7.33,6.38,6.78
544000,9.68,6.75,7.33,6.38,6.78
545000,9.68,6.75,7.33,6.38,6.78
546000,9.64,6.77,7.26,6.48,7.1
547000,9.64,6.77,7.26,6.48,7.1
548000,9.61,7.08,7.25,6.68,7.43
549000,9.61,7.08,7.25,6.68,7.43
550000,9.61,7.08,7.25,6.68,7.43
551000,9.89,7.23,7.36,6.78,7.58
552000,9.89,7.23,7.36,6.78,7.58
553000,10.07,7.42,7.52,6.8,7.57
554000,10.07,7.42,7.52,6.8,7.57
555000,10.07,7.42,7.52,6.8,7.57
556000,10.07,7.32,7.54,6.67,7.47
557000,10.07,7.32,7.54,6.67,7.47
558000,10.29,7.27,7.71,6.65,7.44
559000,10.29,7.27,7.71,6.65,7.44
560000,10.29,7.27,7.71,6.65,7.44
561000,10.6,7.18,7.86,6.65,7.43
562000,10.6,7.18,7.86,6.65,7.43
563000,10.9,7.16,7.9,6.51,7.39
564000,10.9,7.16,7.9,6.51,7.39
565000,10.9,7.16,7.9,6.51,7.39
566000,11.14,7.09,8.09,6.48,7.3
567000,11.14,7.09,8.09,6.48,7.3
568000,11.48,7.05,8.24,6.42,7.25
569000,11.48,7.05,8.24,6.42,7.25
570000,11.48,7.05,8.24,6.42,7.25
571000,11.65,7.03,8.28,6.33,7.13
572000,11.65,7.03,8.28,6.33,7.13
573000,11.89,6.93,8.56,6.29,7.08
574000,11.89,6.93,8.56,6.29,7.08
575000,11.89,6.93,8.56,6.29,7.08
576000,12.21,6.86,8.76,6.1,6.99
577000,12.21,6.86,8.76,6.1,6.99
578000,12.33,6.85,8.84,6.3,6.97
579000,12.33,6.85,8.84,6.3,6.97
580000,12.33,6.85,8.84,6.3,6.97
581000,12.3,6.7,9.13,6.49,6.87
582000,12.3,6.7,9.13,6.49,6.87
583000,12.36,6.6,9.42,6.66,6.82
584000,12.36,6.6,9.42,6.66,6.82
585000,12.36,6.6,9.42,6.66,6.82
586000,12.66,6.59,9.57,6.73,6.74
587000,12.66,6.59,9.57,6.73,6.74
588000,13.04,6.46,9.9,7.02,6.7
589000,13.04,6.46,9.9,7.02,6.7
590000,13.04,6.46,9.9,7.02,6.7
591000,13.39,6.43,9.98,7.27,6.66
592000,13.39,6.43,9.98,7.27,6.66
593000,13.51,6.31,10.21,7.41,6.59
594000,13.51,6.31,10.21,7.41,6.59
595000,13.51,6.31,10.21,7.41,6.59
596000,13.7,6.25,10.47,7.33,6.76
597000,13.7,6.25,10.47,7.33,6.76
598000,13.98,6.16,10.5,7.33,6.73
599000,13.98,6.16,10.5,7.33,6.73
600000,13.98,6.16,10.5,7.33,6.73
601000,14.15,6.16,10.79,7.3,6.87
602000,14.15,6.16,10.79,7.3,6.87
603000,14.24,6.04,11.2,7.14,6.95
604000,14.24,6.04,11.2,7.14,6.95
605000,14.24,6.04,11.2,7.14,6.95
606000,14.44,5.97,11.35,7.12,7.21
607000,14.44,5.97,11.35,7.12,7.21
608000,14.68,5.85,11.62,7.17,7.4
609000,14.68,5.85,11.62,7.17,7.4
610000,14.68,5.85,11.62,7.17,7.4
611000,14.86,5.72,11.94,7.28,7.77
612000,14.86,5.72,11.94,7.28,7.77
613000,15.12,5.71,12.3,7.61,7.7
614000,15.12,5.71,12.3,7.61,7.7
615000,15.12,5.71,12.3,7.61,7.7
616000,15.32,5.67,12.54,7.69,7.96
617000,15.32,5.67,12.54,7.69,7.96
618000,15.48,5.59,12.69,7.86,7.84
619000,15.48,5.59,12.69,7.86,7.84
620000,15.48,5.59,12.69,7.86,7.84
621000,15.76,5.46,12.51,7.83,7.83
622000,15.76,5.46,12.51,7.83,7.83
623000,15.9,5.4,12.45,8.05,7.82
624000,15.9,5.4,12.45,8.05,7.82
625000,15.9,5.4,12.45,8.05,7.82
626000,16.05,5.33,12.79,8.17,7.8
627000,16.05,5.33,12.79,8.17,7.8
628000,16.43,5.31,13.01,8.36,7.72
629000,16.43,5.31,13.01,8.36,7.72
630000,16.43,5.31,13.01,8.36,7.72
631000,16.55,5.28,13.34,8.61,7.63
632000,16.55,5.28,13.34,8.61,7.63
633000,16.86,5.23,13.49,9.0,7.74
634000,16.86,5.23,13.49,9.0,7.74
635000,16.86,5.23,13.49,9.0,7.74
636000,17.0,5.09,13.54,9.33,7.85
637000,17.0,5.09,13.54,9.33,7.85
638000,17.2,5.01,13.64,9.46,8.1
639000,17.2,5.01,13.64,9.46,8.1
640000,17.2,5.01,13.64,9.46,8.1
641000,17.4,4.92,14.03,9.73,8.14
642000,17.4,4.92,14.03,9.73,8.14
643000,17.73,4.91,14.09,9.98,8.54
644000,17.73,4.91,14.09,9.98,8.54
645000,17.73,4.91,14.09,9.98,8.54
646000,17.79,4.86,14.45,10.22,8.64
647000,17.79,4.86,14.45,10.22,8.64
648000,18.13,4.67,14.44,10.49,8.7
649000,18.13,4.67,14.44,10.49,8.7
650000,18.13,4.67,14.44,10.49,8.7
651000,18.34,4.61,14.8,10.59,8.77
652000,18.34,4.61,14.8,10.59,8.77
653000,18.46,4.41,14.81,10.83,8.96
654000,18.46,4.41,14.81,10.83,8.96
655000,18.46,4.41,14.81,10.83,8.96
656000,18.71,4.39,14.53,10.8,9.16
657000,18.71,4.39,14.53,10.8,9.16
658000,18.92,4.3,14.64,10.99,9.33
659000,18.92,4.3,14.64,10.99,9.33
660000,18.92,4.3,14.64,10.99,9.33
661000,19.09,4.3,14.79,11.29,9.46
662000,19.09,4.3,14.79,11.29,9.46
663000,19.29,4.3,14.93,11.31,9.61
664000,19.29,4.3,14.93,11.31,9.61
665000,19.29,4.3,14.93,11.31,9.61
666000,19.41,4.3,14.78,11.34,9.91
667000,19.41,4.3,14.78,11.34,9.91
668000,19.69,4.09,14.85,11.34,10.19
669000,19.69,4.09,14.85,11.34,10.19
670000,19.69,4.09,14.85,11.34,10.19
671000,19.84,4.09,14.89,11.41,10.56
672000,19.84,4.09,14.89,11.41,10.56
673000,20.07,4.09,15.17,11.45,10.69
674000,20.07,4.09,15.17,11.45,10.69
675000,20.07,4.09,15.17,11.45,10.69
676000,20.29,4.09,15.31,11.69,10.59
677000,20.29,4.09,15.31,11.69,10.59
678000,20.51,4.09,15.4,11.97,10.52
679000,20.51,4.09,15.4,11.97,10.52
680000,20.51,4.09,15.4,11.97,10.52
681000,20.74,4.09,15.41,12.21,10.57
682000,20.74,4.09,15.41,12.21,10.57
683000,20.91,4.09,15.31,12.31,10.85
684000,20.91,4.09,15.31,12.31,10.85
685000,20.91,4.09,15.31,12.31,10.85
686000,21.02,4.09,15.4,12.69,10.98
687000,21.02,4.09,15.4,12.69,10.98
688000,21.3,4.09,15.81,13.0,11.26
689000,21.3,4.09,15.81,13.0,11.26
690000,21.3,4.09,15.81,13.0,11.26
691000,21.67,4.09,16.1,13.34,11.62
692000,21.67,4.09,16.1,13.34,11.62
693000,22.07,4.09,16.36,13.44,11.88
694000,22.07,4.09,16.36,13.44,11.88
695000,22.07,4.09,16.36,13.44,11.88
696000,22.25,4.09,16.4,13.46,11.91
697000,22.25,4.09,16.4,13.46,11.91
698000,22.38,4.09,16.59,13.46,11.98
699000,22.38,4.09,16.59,13.46,11.98
700000,22.38,4.09,16.59,13.46,11.98
701000,22.45,4.09,16.77,13.47,12.29
702000,22.45,4.09,16.77,13.47,12.29
703000,22.74,4.09,17.05,13.47,12.57
704000,22.74,4.09,17.05,13.47,12.57
705000,22.74,4.09,17.05,13.47,12.57
706000,22.95,4.09,17.22,13.81,12.69
707000,22.95,4.09,17.22,13.81,12.69
708000,23.19,4.09,17.52,13.99,12.92
709000,23.19,4.09,17.52,13.99,12.92
710000,23.19,4.09,17.52,13.99,12.92
711000,23.24,4.09,17.59,14.5,13.28
712000,23.24,4.09,17.59,14.5,13.28
713000,23.54,4.09,17.77,14.8,13.46
714000,23.54,4.09,17.77,14.8,13.46
715000,23.54,4.09,17.77,14.8,13.46
716000,23.79,4.09,18.12,15.0,13.63
717000,23.79,4.09,18.12,15.0,13.63
718000,24.07,4.09,18.2,15.16,13.73
719000,24.07,4.09,18.2,15.16,13.73
720000,24.07,4.09,18.2,15.16,13.73
721000,24.23,4.09,18.46,15.43,13.73
722000,24.23,4.09,18.46,15.43,13.73
723000,24.49,4.09,18.38,15.51,13.73
724000,24.49,4.09,18.38,15.51,13.73
725000,24.49,4.09,18.38,15.51,13.73
726000,24.88,4.09,18.28,15.51,13.73
727000,24.88,4.09,18.28,15.51,13.73
728000,25.1,4.09,18.52,15.71,13.88
729000,25.1,4.09,18.52,15.71,13.88
730000,25.1,4.09,18.52,15.71,13.88
731000,25.2,4.09,18.5,16.1,14.17
732000,25.2,4.09,18.5,16.1,14.17
733000,25.21,4.09,18.22,16.4,14.29
734000,25.21,4.09,18.22,16.4,14.29
735000,25.21,4.09,18.22,16.4,14.29
736000,25.14,4.09,18.49,16.5,14.53
737000,25.14,4.09,18.49,16.5,14.53
738000,25.45,4.09,18.85,16.76,14.71
739000,25.45,4.09,18.85,16.76,14.71
740000,25.45,4.09,18.85,16.76,14.71
741000,25.7,4.2,19.09,16.88,14.94
742000,25.7,4.2,19.09,16.88,14.94
743000,25.92,4.35,19.21,17.16,15.16
744000,25.92,4.35,19.21,17.16,15.16
745000,25.92,4.35,19.21,17.16,15.16
746000,26.03,4.7,19.22,17.46,15.29
747000,26.03,4.7,19.22,17.46,15.29
748000,25.96,5.02,19.42,17.71,15.44
749000,25.96,5.02,19.42,17.71,15.44
750000,25.96,5.02,19.42,17.71,15.44
751000,26.21,5.3,19.32,17.89,15.85
752000,26.21,5.3,19.32,17.89,15.85
753000,26.26,5.63,19.33,18.28,15.97
754000,26.26,5.63,19.33,18.28,15.97
755000,26.26,5.63,19.33,18.28,15.97
756000,26.28,5.69,19.66,18.34,15.99
757000,26.28,5.69,19.66,18.34,15.99
758000,26.25,5.82,19.95,18.14,16.02
759000,26.25,5.82,19.95,18.14,16.02
760000,26.25,5.82,19.95,18.14,16.02
761000,26.34,5.75,19.91,18.2,16.38
762000,26.34,5.75,19.91,18.2,16.38
763000,26.57,5.88,19.93,18.35,16.32
764000,26.57,5.88,19.93,18.35,16.32
765000,26.57,5.88,19.93,18.35,16.32
766000,26.66,6.02,20.05,18.35,16.38
767000,26.66,6.02,20.05,18.35,16.38
768000,26.91,5.97,20.04,18.37,16.41
769000,26.91,5.97,20.04,18.37,16.41
770000,26.91,5.97,20.04,18.37,16.41
771000,27.03,5.91,19.92,18.25,16.38
772000,27.03,5.91,19.92,18.25,16.38
773000,27.01,5.88,19.9,18.24,16.46
774000,27.01,5.88,19.9,18.24,16.46
775000,27.01,5.88,19.9,18.24,16.46
776000,27.04,5.85,20.0,18.13,16.55
777000,27.04,5.85,20.0,18.13,16.55
778000,27.12,6.0,20.17,18.15,16.72
779000,27.12,6.0,20.17,18.15,16.72
780000,27.12,6.0,20.17,18.15,16.72
781000,27.15,6.1,20.47,18.32,16.82
782000,27.15,6.1,20.47,18.32,16.82
783000,27.25,6.08,20.73,18.28,17.04
784000,27.25,6.08,20.73,18.28,17.04
785000,27.25,6.08,20.73,18.28,17.04
786000,27.17,6.08,20.96,18.28,16.83
787000,27.17,6.08,20.96,18.28,16.83
788000,27.37,6.2,21.27,17.95,16.71
789000,27.37,6.2,21.27,17.95,16.71
790000,27.37,6.2,21.27,17.95,16.71
791000,27.39,5.91,21.65,17.88,16.63
792000,27.39,5.91,21.65,17.88,16.63
793000,27.45,6.17,21.85,17.53,16.87
794000,27.45,6.17,21.85,17.53,16.87
795000,27.45,6.17,21.85,17.53,16.87
796000,27.76,6.44,22.09,17.4,16.82
797000,27.76,6.44,22.09,17.4,16.82
798000,28.09,6.4,22.5,17.19,16.57
799000,28.09,6.4,22.5,17.19,16.57
800000,28.09,6.4,22.5,17.19,16.57
801000,27.99,6.29,22.58,17.05,16.43
802000,27.99,6.29,22.58,17.05,16.43
803000,28.15,6.08,22.74,17.01,16.82
804000,28.15,6.08,22.74,17.01,16.82
805000,28.15,6.08,22.74,17.01,16.82
806000,28.45,6.32,22.81,17.01,17.16
807000,28.45,6.32,22.81,17.01,17.16
808000,28.45,6.42,22.87,17.01,17.37
809000,28.45,6.42,22.87,17.01,17.37
810000,28.45,6.42,22.87,17.01,17.37
811000,28.41,6.67,22.98,17.01,17.69
812000,28.41,6.67,22.98,17.01,17.69
813000,28.43,6.83,23.13,17.01,17.81
814000,28.43,6.83,23.13,17.01,17.81
815000,28.43,6.83,23.13,17.01,17.81
816000,28.55,7.04,23.26,17.01,18.04
817000,28.55,7.04,23.26,17.01,18.04
818000,28.46,7.27,23.36,17.01,18.38
819000,28.46,7.27,23.36,17.01,18.38
820000,28.46,7.27,23.36,17.01,18.38
821000,28.6,7.68,23.53,17.01,18.55
822000,28.6,7.68,23.53,17.01,18.55
823000,28.61,7.93,23.54,17.0,18.68
824000,28.61,7.93,23.54,17.0,18.68
825000,28.61,7.93,23.54,17.0,18.68
826000,28.42,8.12,23.62,17.0,18.7
827000,28.42,8.12,23.62,17.0,18.7
828000,28.51,8.45,23.78,16.78,18.8
829000,28.51,8.45,23.78,16.78,18.8
830000,28.51,8.45,23.78,16.78,18.8
831000,28.76,8.79,23.82,16.56,19.01
832000,28.76,8.79,23.82,16.56,19.01
833000,28.81,9.1,23.71,16.26,19.18
834000,28.81,9.1,23.71,16.26,19.18
835000,28.81,9.1,23.71,16.26,19.18
836000,28.75,9.3,23.75,16.1,19.47
837000,28.75,9.3,23.75,16.1,19.47
838000,28.62,9.61,23.66,15.75,19.81
839000,28.62,9.61,23.66,15.75,19.81
840000,28.62,9.61,23.66,15.75,19.81
841000,28.56,9.86,23.74,15.48,19.94
842000,28.56,9.86,23.74,15.48,19.94
843000,28.79,10.21,23.78,15.34,20.21
844000,28.79,10.21,23.78,15.34,20.21
845000,28.79,10.21,23.78,15.34,20.21
846000,28.68,10.47,23.66,15.34,20.25
847000,28.68,10.47,23.66,15.34,20.25
848000,28.59,10.7,23.85,15.35,20.23
849000,28.59,10.7,23.85,15.35,20.23
850000,28.59,10.7,23.85,15.35,20.23
851000,28.69,10.88,23.75,15.35,20.14
852000,28.69,10.88,23.75,15.35,20.14
853000,28.83,11.21,23.56,15.35,20.04
854000,28.83,11.21,23.56,15.35,20.04
855000,28.83,11.21,23.56,15.35,20.04
856000,28.9,11.57,23.69,15.36,20.01
857000,28.9,11.57,23.69,15.36,20.01
858000,28.93,11.77,23.61,15.44,19.95
859000,28.93,11.77,23.61,15.44,19.95
860000,28.93,11.77,23.61,15.44,19.95
861000,29.05,11.96,23.6,15.57,19.69
862000,29.05,11.96,23.6,15.57,19.69
863000,29.08,11.98,23.52,15.47,19.88
864000,29.08,11.98,23.52,15.47,19.88
865000,29.08,11.98,23.52,15.47,19.88
866000,29.2,12.23,23.5,15.6,19.93
867000,29.2,12.23,23.5,15.6,19.93
868000,29.32,12.3,23.57,15.7,20.08
869000,29.32,12.3,23.57,15.7,20.08
870000,29.32,12.3,23.57,15.7,20.08
871000,29.28,12.61,23.82,15.93,20.3
872000,29.28,12.61,23.82,15.93,20.3
873000,29.38,12.89,24.11,15.98,20.53
874000,29.38,12.89,24.11,15.98,20.53
875000,29.38,12.89,24.11,15.98,20.53
876000,29.51,13.23,24.01,15.98,20.74
877000,29.51,13.23,24.01,15.98,20.74
878000,29.4,13.52,23.88,15.96,20.94
879000,29.4,13.52,23.88,15.96,20.94
880000,29.4,13.52,23.88,15.96,20.94
881000,29.48,13.73,23.88,15.95,21.19
882000,29.48,13.73,23.88,15.95,21.19
883000,29.54,13.9,23.95,15.79,21.34
884000,29.54,13.9,23.95,15.79,21.34
885000,29.54,13.9,23.95,15.79,21.34
886000,29.7,14.11,24.04,15.71,21.31
887000,29.7,14.11,24.04,15.71,21.31
888000,29.79,14.3,24.18,15.68,21.43
889000,29.79,14.3,24.18,15.68,21.43
890000,29.79,14.3,24.18,15.68,21.43
891000,29.88,14.53,24.02,15.57,21.44
892000,29.88,14.53,24.02,15.57,21.44
893000,29.89,14.82,24.19,15.47,21.15
894000,29.89,14.82,24.19,15.47,21.15
895000,29.89,14.82,24.19,15.47,21.15
896000,30.16,15.05,24.16,15.55,21.06
897000,30.16,15.05,24.16,15.55,21.06
898000,30.14,15.13,24.38,15.3,21.25
899000,30.14,15.13,24.38,15.3,21.25
900000,30.14,15.13,24.38,15.3,21.25
901000,30.28,15.31,24.2,15.24,21.35
902000,30.28,15.31,24.2,15.24,21.35
903000,30.39,15.61,24.37,15.01,21.39
904000,30.39,15.61,24.37,15.01,21.39
905000,30.39,15.61,24.37,15.01,21.39
906000,30.41,15.88,24.66,15.11,21.51
907000,30.41,15.88,24.66,15.11,21.51
908000,30.41,16.09,24.86,15.03,21.33
909000,30.41,16.09,24.86,15.03,21.33
910000,30.41,16.09,24.86,15.03,21.33
911000,30.56,16.35,24.9,14.88,21.06
912000,30.56,16.35,24.9,14.88,21.06
913000,30.57,16.57,24.95,14.95,21.02
914000,30.57,16.57,24.95,14.95,21.02
915000,30.57,16.57,24.95,14.95,21.02
916000,30.62,16.8,25.23,15.12,20.88
917000,30.62,16.8,25.23,15.12,20.88
918000,30.72,16.88,25.33,15.25,20.84
919000,30.72,16.88,25.33,15.25,20.84
920000,30.72,16.88,25.33,15.25,20.84
921000,30.77,17.22,25.18,15.37,20.78
922000,30.77,17.22,25.18,15.37,20.78
923000,30.5,17.33,25.19,15.24,20.75
924000,30.5,17.33,25.19,15.24,20.75
925000,30.5,17.33,25.19,15.24,20.75
926000,30.19,17.64,25.37,15.34,20.8
927000,30.19,17.64,25.37,15.34,20.8
928000,30.3,18.06,25.64,15.37,20.9
929000,30.3,18.06,25.64,15.37,20.9
930000,30.3,18.06,25.64,15.37,20.9
931000,30.35,18.43,25.72,15.52,21.0
932000,30.35,18.43,25.72,15.52,21.0
933000,30.22,18.68,25.98,15.43,20.87
934000,30.22,18.68,25.98,15.43,20.87
935000,30.22,18.68,25.98,15.43,20.87
936000,30.12,18.96,26.16,15.37,21.04
937000,30.12,18.96,26.16,15.37,21.04
938000,30.14,19.28,25.9,15.32,21.04
939000,30.14,19.28,25.9,15.32,21.04
940000,30.14,19.28,25.9,15.32,21.04
941000,30.07,19.28,25.97,15.31,20.81
942000,30.07,19.28,25.97,15.31,20.81
943000,30.07,19.58,25.99,15.28,20.85
944000,30.07,19.58,25.99,15.28,20.85
945000,30.07,19.58,25.99,15.28,20.85
946000,29.91,19.68,26.05,15.6,21.08
947000,29.91,19.68,26.05,15.6,21.08
948000,29.93,19.84,26.14,15.82,21.29
949000,29.93,19.84,26.14,15.82,21.29
950000,29.93,19.84,26.14,15.82,21.29
951000,30.17,19.84,26.21,16.02,21.05
952000,30.17,19.84,26.21,16.02,21.05
953000,30.05,20.17,26.13,16.2,20.87
954000,30.05,20.17,26.13,16.2,20.87
955000,30.05,20.17,26.13,16.2,20.87
956000,30.03,20.31,26.28,15.94,21.11
957000,30.03,20.31,26.28,15.94,21.11
958000,30.03,20.68,26.33,16.0,21.04
959000,30.03,20.68,26.33,16.0,21.04
960000,30.03,20.68,26.33,16.0,21.04
961000,30.17,20.88,26.57,15.66,20.91
962000,30.17,20.88,26.57,15.66,20.91
963000,30.22,21.18,26.75,15.65,20.94
964000,30.22,21.18,26.75,15.65,20.94
965000,30.22,21.18,26.75,15.65,20.94
966000,30.37,21.44,26.75,15.67,21.06
967000,30.37,21.44,26.75,15.67,21.06
968000,30.44,21.82,26.71,15.76,21.2
969000,30.44,21.82,26.71,15.76,21.2
970000,30.44,21.82,26.71,15.76,21.2
971000,30.69,22.1,26.68,15.8,21.39
972000,30.69,22.1,26.68,15.8,21.39
973000,30.73,22.42,26.95,16.02,21.65
974000,30.73,22.42,26.95,16.02,21.65
975000,30.73,22.42,26.95,16.02,21.65
976000,30.67,22.77,27.22,16.26,21.8
977000,30.67,22.77,27.22,16.26,21.8
978000,30.85,23.0,27.3,16.35,21.69
979000,30.85,23.0,27.3,16.35,21.69
980000,30.85,23.0,27.3,16.35,21.69
981000,30.85,23.45,27.4,16.27,21.43
982000,30.85,23.45,27.4,16.27,21.43
983000,30.94,23.78,27.58,16.23,21.67
984000,30.94,23.78,27.58,16.23,21.67
985000,30.94,23.78,27.58,16.23,21.67
986000,30.99,24.15,27.45,16.45,21.54
987000,30.99,24.15,27.45,16.45,21.54
988000,31.04,24.44,27.36,16.34,21.51
989000,31.04,24.44,27.36,16.34,21.51
990000,31.04,24.44,27.36,16.34,21.51
991000,31.08,24.72,27.46,16.57,21.68
992000,31.08,24.72,27.46,16.57,21.68
993000,31.26,24.97,27.6,16.58,21.65
994000,31.26,24.97,27.6,16.58,21.65
995000,31.26,24.97,27.6,16.58,21.65
996000,31.27,24.91,27.83,16.63,21.75
997000,31.27,24.91,27.83,16.63,21.75
998000,31.33,24.88,27.94,16.73,21.94
999000,31.33,24.88,27.94,16.73,21.94
1000000,31.33,24.88,27.94,16.73,21.94
1001000,31.32,24.88,28.16,16.98,21.73
1002000,31.32,24.88,28.16,16.98,21.73
1003000,31.34,24.86,28.27,16.93,22.02
1004000,31.34,24.86,28.27,16.93,22.02
1005000,31.34,24.86,28.27,16.93,22.02
1006000,31.35,25.13,28.27,16.87,22.21
1007000,31.35,25.13,28.27,16.87,22.21
1008000,31.45,25.28,28.26,16.91,22.09
1009000,31.45,25.28,28.26,16.91,22.09
1010000,31.45,25.28,28.26,16.91,22.09
1011000,31.61,25.43,28.42,16.88,22.07
1012000,31.61,25.43,28.42,16.88,22.07
1013000,31.76,25.56,28.43,16.83,22.12
1014000,31.76,25.56,28.43,16.83,22.12
1015000,31.76,25.56,28.43,16.83,22.12
1016000,31.88,25.71,28.59,16.97,22.09
1017000,31.88,25.71,28.59,16.97,22.09
1018000,31.96,25.78,28.56,16.77,22.37
1019000,31.96,25.78,28.56,16.77,22.37
1020000,31.96,25.78,28.56,16.77,22.37
1021000,32.03,25.78,28.59,17.01,22.34
1022000,32.03,25.78,28.59,17.01,22.34
1023000,32.12,25.89,28.56,16.9,22.34
1024000,32.12,25.89,28.56,16.9,22.34
1025000,32.12,25.89,28.56,16.9,22.34
1026000,32.12,25.88,28.72,16.83,22.43
1027000,32.12,25.88,28.72,16.83,22.43
1028000,32.23,25.84,28.9,16.7,22.2
1029000,32.23,25.84,28.9,16.7,22.2
1030000,32.23,25.84,28.9,16.7,22.2
1031000,32.28,25.88,28.91,16.62,22.18
1032000,32.28,25.88,28.91,16.62,22.18
1033000,32.47,26.07,29.12,16.75,21.98
1034000,32.47,26.07,29.12,16.75,21.98
1035000,32.47,26.07,29.12,16.75,21.98
1036000,32.58,26.07,29.2,16.96,22.02
1037000,32.58,26.07,29.2,16.96,22.02
1038000,32.65,26.06,29.23,17.24,22.06
1039000,32.65,26.06,29.23,17.24,22.06
1040000,32.65,26.06,29.23,17.24,22.06
1041000,32.83,26.04,29.22,17.59,21.89
1042000,32.83,26.04,29.22,17.59,21.89
1043000,32.98,25.99,29.23,17.9,21.72
1044000,32.98,25.99,29.23,17.9,21.72
1045000,32.98,25.99,29.23,17.9,21.72
1046000,33.06,25.86,29.29,18.15,21.82
1047000,33.06,25.86,29.29,18.15,21.82
1048000,33.17,25.83,29.19,18.46,21.81
1049000,33.17,25.83,29.19,18.46,21.81
1050000,33.17,25.83,29.19,18.46,21.81
1051000,33.3,26.13,29.3,18.66,22.0
1052000,33.3,26.13,29.3,18.66,22.0
1053000,33.21,26.43,29.33,18.86,21.93
1054000,33.21,26.43,29.33,18.86,21.93
1055000,33.21,26.43,29.33,18.86,21.93
1056000,33.23,26.48,29.54,19.01,21.86
1057000,33.23,26.48,29.54,19.01,21.86
1058000,33.41,26.72,29.62,19.39,21.85
1059000,33.41,26.72,29.62,19.39,21.85
1060000,33.41,26.72,29.62,19.39,21.85
1061000,33.42,26.81,29.74,19.58,21.9
1062000,33.42,26.81,29.74,19.58,21.9
1063000,33.44,27.0,29.77,19.86,22.09
1064000,33.44,27.0,29.77,19.86,22.09
1065000,33.44,27.0,29.77,19.86,22.09
1066000,33.49,27.11,29.75,20.06,21.99
1067000,33.49,27.11,29.75,20.06,21.99
1068000,33.6,27.28,29.8,20.13,21.84
1069000,33.6,27.28,29.8,20.13,21.84
1070000,33.6,27.28,29.8,20.13,21.84
1071000,33.62,27.27,29.77,20.26,21.89
1072000,33.62,27.27,29.77,20.26,21.89
1073000,33.61,27.26,29.93,20.42,21.95
1074000,33.61,27.26,29.93,20.42,21.95
1075000,33.61,27.26,29.93,20.42,21.95
1076000,33.84,27.45,29.97,20.54,22.09
1077000,33.84,27.45,29.97,20.54,22.09
1078000,33.91,27.57,30.06,20.67,22.12
1079000,33.91,27.57,30.06,20.67,22.12
1080000,33.91,27.57,30.06,20.67,22.12
1081000,33.67,27.6,30.09,20.79,22.25
1082000,33.67,27.6,30.09,20.79,22.25
1083000,33.84,27.58,30.27,20.81,22.35
1084000,33.84,27.58,30.27,20.81,22.35
1085000,33.84,27.58,30.27,20.81,22.35
1086000,33.85,27.7,30.33,21.15,22.21
1087000,33.85,27.7,30.33,21.15,22.21
1088000,33.79,27.59,30.38,21.33,22.01
1089000,33.79,27.59,30.38,21.33,22.01
1090000,33.79,27.59,30.38,21.33,22.01
1091000,33.89,27.62,30.27,21.5,22.05
1092000,33.89,27.62,30.27,21.5,22.05
1093000,33.88,27.57,30.21,21.74,22.08
1094000,33.88,27.57,30.21,21.74,22.08
1095000,33.88,27.57,30.21,21.74,22.08
1096000,34.08,27.61,30.27,21.92,22.04
1097000,34.08,27.61,30.27,21.92,22.04
1098000,34.21,27.73,30.18,22.1,22.23
1099000,34.21,27.73,30.18,22.1,22.23
1100000,34.21,27.73,30.18,22.1,22.23
1101000,34.28,27.95,30.12,22.44,22.31
1102000,34.28,27.95,30.12,22.44,22.31
1103000,34.39,27.94,30.25,22.81,22.36
1104000,34.39,27.94,30.25,22.81,22.36
1105000,34.39,27.94,30.25,22.81,22.36
1106000,34.52,27.95,30.23,22.98,22.3
1107000,34.52,27.95,30.23,22.98,22.3
1108000,34.62,28.13,30.4,23.05,22.26
1109000,34.62,28.13,30.4,23.05,22.26
1110000,34.62,28.13,30.4,23.05,22.26
1111000,34.68,28.32,30.47,22.92,22.41
1112000,34.68,28.32,30.47,22.92,22.41
1113000,34.79,28.63,30.56,22.82,22.27
1114000,34.79,28.63,30.56,22.82,22.27
1115000,34.79,28.63,30.56,22.82,22.27
1116000,34.89,28.69,30.6,22.66,22.17
1117000,34.89,28.69,30.6,22.66,22.17
1118000,34.88,28.95,30.74,22.59,22.34
1119000,34.88,28.95,30.74,22.59,22.34
1120000,34.88,28.95,30.74,22.59,22.34
1121000,34.91,29.05,30.88,22.47,22.34
1122000,34.91,29.05,30.88,22.47,22.34
1123000,35.01,29.09,30.87,22.46,22.33
1124000,35.01,29.09,30.87,22.46,22.33
1125000,35.01,29.09,30.87,22.46,22.33
1126000,35.13,29.19,30.99,22.55,22.41
1127000,35.13,29.19,30.99,22.55,22.41
1128000,35.22,29.31,31.14,22.73,22.21
1129000,35.22,29.31,31.14,22.73,22.21
1130000,35.22,29.31,31.14,22.73,22.21
1131000,35.4,29.5,31.13,22.65,21.96
1132000,35.4,29.5,31.13,22.65,21.96
1133000,35.48,29.62,31.2,22.72,21.74
1134000,35.48,29.62,31.2,22.72,21.74
1135000,35.48,29.62,31.2,22.72,21.74
1136000,35.4,29.7,31.32,22.64,21.78
1137000,35.4,29.7,31.32,22.64,21.78
1138000,35.42,29.91,31.4,22.7,21.67
1139000,35.42,29.91,31.4,22.7,21.67
1140000,35.42,29.91,31.4,22.7,21.67
1141000,35.43,30.08,31.49,22.78,21.75
1142000,35.43,30.08,31.49,22.78,21.75
1143000,35.37,30.17,31.53,22.72,21.75
1144000,35.37,30.17,31.53,22.72,21.75
1145000,35.37,30.17,31.53,22.72,21.75
1146000,35.27,30.38,31.47,22.61,21.79
1147000,35.27,30.38,31.47,22.61,21.79
1148000,35.39,30.67,31.49,22.92,21.88
1149000,35.39,30.67,31.49,22.92,21.88
1150000,35.39,30.67,31.49,22.92,21.88
1151000,35.35,30.9,31.64,23.08,21.62
1152000,35.35,30.9,31.64,23.08,21.62
1153000,35.45,30.98,31.83,23.26,21.38
1154000,35.45,30.98,31.83,23.26,21.38
1155000,35.45,30.98,31.83,23.26,21.38
1156000,35.46,30.96,32.01,23.27,21.19
1157000,35.46,30.96,32.01,23.27,21.19
1158000,35.53,31.11,32.12,23.51,21.24
1159000,35.53,31.11,32.12,23.51,21.24
1160000,35.53,31.11,32.12,23.51,21.24
1161000,35.58,31.21,32.35,23.55,21.48
1162000,35.58,31.21,32.35,23.55,21.48
1163000,35.72,31.42,32.45,23.7,21.5
1164000,35.72,31.42,32.45,23.7,21.5
1165000,35.72,31.42,32.45,23.7,21.5
1166000,35.74,31.4,32.28,23.87,21.47
1167000,35.74,31.4,32.28,23.87,21.47
1168000,35.7,31.66,32.47,23.95,21.36
1169000,35.7,31.66,32.47,23.95,21.36
1170000,35.7,31.66,32.47,23.95,21.36
1171000,35.79,31.62,32.86,24.08,21.18
1172000,35.79,31.62,32.86,24.08,21.18
1173000,36.11,31.88,32.94,24.3,21.42
1174000,36.11,31.88,32.94,24.3,21.42
1175000,36.11,31.88,32.94,24.3,21.42
1176000,36.47,31.87,32.96,24.21,21.56
1177000,36.47,31.87,32.96,24.21,21.56
1178000,36.55,31.84,32.96,24.2,21.46
1179000,36.55,31.84,32.96,24.2,21.46
1180000,36.55,31.84,32.96,24.2,21.46
1181000,36.63,31.87,33.1,24.17,21.48
1182000,36.63,31.87,33.1,24.17,21.48
1183000,36.73,31.91,33.14,24.44,21.49
1184000,36.73,31.91,33.14,24.44,21.49
1185000,36.73,31.91,33.14,24.44,21.49
1186000,36.98,32.05,33.07,24.22,21.53
1187000,36.98,32.05,33.07,24.22,21.53
1188000,37.18,32.1,33.09,24.4,21.56
1189000,37.18,32.1,33.09,24.4,21.56
1190000,37.18,32.1,33.09,24.4,21.56
1191000,37.31,32.47,33.09,24.4,21.79
1192000,37.31,32.47,33.09,24.4,21.79
1193000,37.13,32.62,33.17,24.51,21.61
1194000,37.13,32.62,33.17,24.51,21.61
1195000,37.13,32.62,33.17,24.51,21.61
1196000,37.23,32.89,33.19,24.4,21.47
1197000,37.23,32.89,33.19,24.4,21.47
1198000,37.38,33.0,33.28,24.39,21.49
1199000,37.38,33.0,33.28,24.39,21.49
1200000,37.38,33.0,33.28,24.39,21.49
1201000,37.27,33.39,33.22,24.35,21.8
1202000,37.27,33.39,33.22,24.35,21.8
1203000,37.36,33.46,33.35,24.4,21.98
1204000,37.36,33.46,33.35,24.4,21.98
1205000,37.36,33.46,33.35,24.4,21.98
1206000,37.29,33.7,33.28,24.61,21.86
1207000,37.29,33.7,33.28,24.61,21.86
1208000,37.24,33.65,33.26,24.65,21.99
1209000,37.24,33.65,33.26,24.65,21.99
1210000,37.24,33.65,33.26,24.65,21.99
1211000,37.18,33.84,33.33,24.81,21.98
1212000,37.18,33.84,33.33,24.81,21.98
1213000,37.2,33.84,33.41,24.79,22.09
1214000,37.2,33.84,33.41,24.79,22.09
1215000,37.2,33.84,33.41,24.79,22.09
1216000,37.19,33.96,33.44,24.94,22.13
1217000,37.19,33.96,33.44,24.94,22.13
1218000,37.18,33.98,33.62,24.98,22.12
1219000,37.18,33.98,33.62,24.98,22.12
1220000,37.18,33.98,33.62,24.98,22.12
1221000,37.07,34.13,33.68,24.92,22.16
1222000,37.07,34.13,33.68,24.92,22.16
1223000,37.19,34.14,33.75,24.97,22.02
1224000,37.19,34.14,33.75,24.97,22.02
1225000,37.19,34.14,33.75,24.97,22.02
1226000,36.89,34.02,33.73,24.83,22.27
1227000,36.89,34.02,33.73,24.83,22.27
1228000,36.85,34.18,33.72,24.56,22.52
1229000,36.85,34.18,33.72,24.56,22.52
1230000,36.85,34.18,33.72,24.56,22.52
1231000,36.91,34.07,33.75,24.52,22.85
1232000,36.91,34.07,33.75,24.52,22.85
1233000,36.91,34.14,33.88,24.46,22.63
1234000,36.91,34.14,33.88,24.46,22.63
1235000,36.91,34.14,33.88,24.46,22.63
1236000,36.86,34.07,33.86,24.42,22.73
1237000,36.86,34.07,33.86,24.42,22.73
1238000,36.92,34.13,33.97,24.5,22.92
1239000,36.92,34.13,33.97,24.5,22.92
1240000,36.92,34.13,33.97,24.5,22.92
1241000,36.97,34.13,34.01,24.45,22.93
1242000,36.97,34.13,34.01,24.45,22.93
1243000,36.89,34.07,34.14,24.29,22.82
1244000,36.89,34.07,34.14,24.29,22.82
1245000,36.89,34.07,34.14,24.29,22.82
1246000,36.96,34.14,34.37,24.17,22.86
1247000,36.96,34.14,34.37,24.17,22.86
1248000,37.13,34.31,34.46,24.2,22.73
1249000,37.13,34.31,34.46,24.2,22.73
1250000,37.13,34.31,34.46,24.2,22.73
1251000,37.17,34.2,34.48,24.05,22.84
1252000,37.17,34.2,34.48,24.05,22.84
1253000,37.24,34.3,34.53,23.92,22.68
1254000,37.24,34.3,34.53,23.92,22.68
1255000,37.24,34.3,34.53,23.92,22.68
1256000,37.06,34.37,34.34,23.63,22.56
1257000,37.06,34.37,34.34,23.63,22.56
1258000,37.06,34.37,34.34,23.63,22.56
1259000,37.0,34.32,34.24,23.9,22.62
1260000,37.0,34.32,34.24,23.9,22.62
1261000,37.0,34.22,34.4,23.95,22.54
1262000,37.0,34.22,34.4,23.95,22.54
1263000,37.0,34.22,34.4,23.95,22.54
1264000,37.01,34.21,34.42,23.9,22.54
1265000,37.01,34.21,34.42,23.9,22.54
1266000,37.12,34.14,34.28,23.9,22.45
1267000,37.12,34.14,34.28,23.9,22.45
1268000,37.12,34.14,34.28,23.9,22.45
1269000,36.93,34.26,34.45,24.15,22.38
1270000,36.93,34.26,34.45,24.15,22.38
1271000,36.94,34.16,34.59,24.15,22.42
1272000,36.94,34.16,34.59,24.15,22.42
1273000,36.94,34.16,34.59,24.15,22.42
1274000,36.9,34.2,34.76,24.1,22.46
1275000,36.9,34.2,34.76,24.1,22.46
1276000,37.05,34.44,34.8,24.24,22.37
1277000,37.05,34.44,34.8,24.24,22.37
1278000,37.05,34.44,34.8,24.24,22.37
1279000,37.05,34.55,34.9,24.42,22.52
1280000,37.05,34.55,34.9,24.42,22.52
1281000,37.14,34.51,34.9,24.36,22.53
1282000,37.14,34.51,34.9,24.36,22.53
1283000,37.14,34.51,34.9,24.36,22.53
1284000,37.08,34.64,34.87,24.52,22.77
1285000,37.08,34.64,34.87,24.52,22.77
1286000,37.08,34.65,34.94,24.6,22.92
1287000,37.08,34.65,34.94,24.6,22.92
1288000,37.08,34.65,34.94,24.6,22.92
1289000,37.15,34.72,34.95,24.7,23.01
1290000,37.15,34.72,34.95,24.7,23.01
1291000,37.12,34.99,34.8,24.63,23.35
1292000,37.12,34.99,34.8,24.63,23.35
1293000,37.12,34.99,34.8,24.63,23.35
1294000,37.2,35.08,34.99,24.61,23.42
1295000,37.2,35.08,34.99,24.61,23.42
1296000,37.13,35.37,34.98,24.59,23.29
1297000,37.13,35.37,34.98,24.59,23.29
1298000,37.13,35.37,34.98,24.59,23.29
1299000,37.16,35.43,35.08,24.52,23.54
1300000,37.16,35.43,35.08,24.52,23.54
1301000,37.12,35.47,35.19,24.58,23.47
1302000,37.12,35.47,35.19,24.58,23.47
1303000,37.12,35.47,35.19,24.58,23.47
1304000,37.05,35.45,35.24,24.77,23.49
1305000,37.05,35.45,35.24,24.77,23.49
1306000,37.03,35.52,35.22,24.82,23.42
1307000,37.03,35.52,35.22,24.82,23.42
1308000,37.03,35.52,35.22,24.82,23.42
1309000,36.97,35.48,35.25,24.73,23.45
1310000,36.97,35.48,35.25,24.73,23.45
1311000,37.1,35.44,35.16,24.94,23.46
1312000,37.1,35.44,35.16,24.94,23.46
1313000,37.1,35.44,35.16,24.94,23.46
1314000,37.2,35.47,35.2,24.86,23.43
1315000,37.2,35.47,35.2,24.86,23.43
1316000,37.13,35.56,35.32,24.95,23.58
1317000,37.13,35.56,35.32,24.95,23.58
1318000,37.13,35.56,35.32,24.95,23.58
1319000,37.19,35.54,35.13,25.17,23.66
1320000,37.19,35.54,35.13,25.17,23.66
1321000,37.28,35.5,35.06,25.3,23.78
1322000,37.28,35.5,35.06,25.3,23.78
1323000,37.28,35.5,35.06,25.3,23.78
1324000,37.42,35.64,35.07,25.36,23.81
1325000,37.42,35.64,35.07,25.36,23.81
1326000,37.38,35.65,35.18,25.49,23.97
1327000,37.38,35.65,35.18,25.49,23.97
1328000,37.38,35.65,35.18,25.49,23.97
1329000,37.51,35.66,35.14,25.57,24.09
1330000,37.51,35.66,35.14,25.57,24.09
1331000,37.79,35.73,35.18,25.78,23.82
1332000,37.79,35.73,35.18,25.78,23.82
1333000,37.79,35.73,35.18,25.78,23.82
1334000,37.81,35.78,35.13,26.02,23.68
1335000,37.81,35.78,35.13,26.02,23.68
1336000,37.92,35.9,35.12,26.0,23.76
1337000,37.92,35.9,35.12,26.0,23.76
1338000,37.92,35.9,35.12,26.0,23.76
1339000,38.04,36.11,35.22,26.13,23.93
1340000,38.04,36.11,35.22,26.13,23.93
1341000,38.02,36.19,35.48,26.29,23.92
1342000,38.02,36.19,35.48,26.29,23.92
1343000,38.02,36.19,35.48,26.29,23.92
1344000,37.95,36.34,35.56,26.39,23.92
1345000,37.95,36.34,35.56,26.39,23.92
1346000,38.0,36.25,35.69,26.58,23.98
1347000,38.0,36.25,35.69,26.58,23.98
1348000,38.0,36.25,35.69,26.58,23.98
1349000,38.06,36.31,35.68,26.8,24.06
1350000,38.06,36.31,35.68,26.8,24.06
1351000,37.91,36.25,35.86,26.66,24.03
1352000,37.91,36.25,35.86,26.66,24.03
1353000,37.91,36.25,35.86,26.66,24.03
1354000,37.93,36.33,35.87,26.68,24.0
1355000,37.93,36.33,35.87,26.68,24.0
1356000,37.87,36.3,35.98,26.86,24.06
1357000,37.87,36.3,35.98,26.86,24.06
1358000,37.87,36.3,35.98,26.86,24.06
1359000,37.77,36.32,35.99,26.85,23.87
1360000,37.77,36.32,35.99,26.85,23.87
1361000,37.75,36.38,35.77,26.7,23.95
1362000,37.75,36.38,35.77,26.7,23.95
1363000,37.75,36.38,35.77,26.7,23.95
1364000,37.74,36.38,35.64,26.57,24.12
1365000,37.74,36.38,35.64,26.57,24.12
1366000,37.59,36.44,35.49,26.76,24.04
1367000,37.59,36.44,35.49,26.76,24.04
1368000,37.59,36.44,35.49,26.76,24.04
1369000,37.65,36.27,35.45,26.66,24.03
1370000,37.65,36.27,35.45,26.66,24.03
1371000,37.78,36.15,35.44,26.52,24.12
1372000,37.78,36.15,35.44,26.52,24.12
1373000,37.78,36.15,35.44,26.52,24.12
1374000,37.82,36.24,35.54,26.54,24.03
1375000,37.82,36.24,35.54,26.54,24.03
1376000,37.57,36.18,35.37,26.61,24.11
1377000,37.57,36.18,35.37,26.61,24.11
1378000,37.57,36.18,35.37,26.61,24.11
1379000,37.6,36.18,35.4,26.43,24.22
1380000,37.6,36.18,35.4,26.43,24.22
1381000,37.54,36.05,35.4,26.44,24.51
1382000,37.54,36.05,35.4,26.44,24.51
1383000,37.54,36.05,35.4,26.44,24.51
1384000,37.39,36.15,35.47,26.33,24.73
1385000,37.39,36.15,35.47,26.33,24.73
1386000,37.49,36.26,35.54,26.43,24.78
1387000,37.49,36.26,35.54,26.43,24.78
1388000,37.49,36.26,35.54,26.43,24.78
1389000,37.56,36.29,35.58,26.2,24.73
1390000,37.56,36.29,35.58,26.2,24.73
1391000,37.53,36.38,35.56,25.95,24.77
1392000,37.53,36.38,35.56,25.95,24.77
1393000,37.53,36.38,35.56,25.95,24.77
1394000,37.62,36.46,35.37,26.11,24.88
1395000,37.62,36.46,35.37,26.11,24.88
1396000,37.69,36.33,35.5,26.28,24.96
1397000,37.69,36.33,35.5,26.28,24.96
1398000,37.69,36.33,35.5,26.28,24.96
1399000,37.56,36.42,35.34,26.13,24.83
1400000,37.56,36.42,35.34,26.13,24.83
1401000,37.6,36.46,35.22,26.19,24.91
1402000,37.6,36.46,35.22,26.19,24.91
1403000,37.6,36.46,35.22,26.19,24.91
1404000,37.63,36.54,35.21,26.19,25.13
1405000,37.63,36.54,35.21,26.19,25.13
1406000,37.67,36.58,35.12,26.29,25.25
1407000,37.67,36.58,35.12,26.29,25.25
1408000,37.67,36.58,35.12,26.29,25.25
1409000,37.57,36.53,35.02,26.26,25.39
1410000,37.57,36.53,35.02,26.26,25.39
1411000,37.52,36.59,34.88,26.14,25.44
1412000,37.52,36.59,34.88,26.14,25.44
1413000,37.52,36.59,34.88,26.14,25.44
1414000,37.52,36.56,34.98,26.15,25.5
1415000,37.52,36.56,34.98,26.15,25.5
1416000,37.54,36.79,35.17,26.18,25.61
1417000,37.54,36.79,35.17,26.18,25.61
1418000,37.54,36.79,35.17,26.18,25.61
1419000,37.65,36.82,35.19,26.3,25.64
1420000,37.65,36.82,35.19,26.3,25.64
1421000,37.52,36.86,35.11,26.28,25.55
1422000,37.52,36.86,35.11,26.28,25.55
1423000,37.52,36.86,35.11,26.28,25.55
1424000,37.71,36.93,35.11,26.11,25.42
1425000,37.71,36.93,35.11,26.11,25.42
1426000,37.5,36.8,35.09,26.15,25.66
1427000,37.5,36.8,35.09,26.15,25.66
1428000,37.5,36.8,35.09,26.15,25.66
1429000,37.52,36.85,35.04,26.22,25.76
1430000,37.52,36.85,35.04,26.22,25.76
1431000,37.53,36.87,35.07,26.26,25.94
1432000,37.53,36.87,35.07,26.26,25.94
1433000,37.53,36.87,35.07,26.26,25.94
1434000,37.47,36.98,35.18,26.35,26.05
1435000,37.47,36.98,35.18,26.35,26.05
1436000,37.5,37.0,35.37,26.63,25.92
1437000,37.5,37.0,35.37,26.63,25.92
1438000,37.5,37.0,35.37,26.63,25.92
1439000,37.38,37.02,35.49,26.56,25.82
1440000,37.38,37.02,35.49,26.56,25.82
1441000,37.43,37.08,35.41,26.61,25.71
1442000,37.43,37.08,35.41,26.61,25.71
1443000,37.43,37.08,35.41,26.61,25.71
1444000,37.55,37.04,35.49,26.55,25.89
1445000,37.55,37.04,35.49,26.55,25.89
1446000,37.67,37.14,35.59,26.33,26.18
1447000,37.67,37.14,35.59,26.33,26.18
1448000,37.67,37.14,35.59,26.33,26.18
1449000,37.7,37.31,35.55,26.12,26.18
1450000,37.7,37.31,35.55,26.12,26.18
1451000,37.75,37.27,35.57,26.05,25.91
1452000,37.75,37.27,35.57,26.05,25.91
1453000,37.75,37.27,35.57,26.05,25.91
1454000,37.73,37.28,35.7,25.95,25.8
1455000,37.73,37.28,35.7,25.95,25.8
1456000,37.94,37.38,35.59,25.81,25.95
1457000,37.94,37.38,35.59,25.81,25.95
1458000,37.94,37.38,35.59,25.81,25.95
1459000,37.95,37.52,35.59,25.83,25.91
1460000,37.95,37.52,35.59,25.83,25.91
1461000,38.01,37.59,35.59,25.79,26.01
1462000,38.01,37.59,35.59,25.79,26.01
1463000,38.01,37.59,35.59,25.79,26.01
1464000,38.04,37.69,35.55,25.76,25.87
1465000,38.04,37.69,35.55,25.76,25.87
1466000,38.04,37.56,35.45,25.47,25.89
1467000,38.04,37.56,35.45,25.47,25.89
1468000,38.04,37.56,35.45,25.47,25.89
1469000,38.2,37.35,35.37,25.47,26.03
1470000,38.2,37.35,35.37,25.47,26.03
1471000,38.19,37.37,35.41,25.47,26.01
1472000,38.19,37.37,35.41,25.47,26.01
1473000,38.19,37.37,35.41,25.47,26.01
1474000,37.86,37.4,35.35,25.45,26.18
1475000,37.86,37.4,35.35,25.45,26.18
1476000,38.24,37.4,35.37,25.41,26.09
1477000,38.24,37.4,35.37,25.41,26.09
1478000,38.24,37.4,35.37,25.41,26.09
1479000,38.35,37.53,35.38,25.55,26.13
1480000,38.35,37.53,35.38,25.55,26.13
1481000,38.26,37.48,35.3,25.63,26.14
1482000,38.26,37.48,35.3,25.63,26.14
1483000,38.26,37.48,35.3,25.63,26.14
1484000,38.03,37.52,35.33,25.62,26.37
1485000,38.03,37.52,35.33,25.62,26.37
1486000,38.05,37.7,35.46,25.58,26.47
1487000,38.05,37.7,35.46,25.58,26.47
1488000,38.05,37.7,35.46,25.58,26.47
1489000,38.03,37.83,35.39,25.6,26.45
1490000,38.03,37.83,35.39,25.6,26.45
1491000,37.9,37.88,35.45,25.58,26.29
1492000,37.9,37.88,35.45,25.58,26.29
1493000,37.9,37.88,35.45,25.58,26.29
1494000,37.94,37.98,35.39,25.64,26.5
1495000,37.94,37.98,35.39,25.64,26.5
1496000,37.96,38.06,35.31,25.74,26.42
1497000,37.96,38.06,35.31,25.74,26.42
1498000,37.96,38.06,35.31,25.74,26.42
1499000,38.01,38.03,35.18,25.77,26.53
1500000,38.01,38.03,35.18,25.77,26.53
1501000,38.03,38.28,35.17,25.79,26.59
1502000,38.03,38.28,35.17,25.79,26.59
1503000,38.03,38.28,35.17,25.79,26.59
1504000,38.05,38.03,35.18,25.87,26.69
1505000,38.05,38.03,35.18,25.87,26.69
1506000,38.34,37.99,35.47,26.12,26.78
1507000,38.34,37.99,35.47,26.12,26.78
1508000,38.34,37.99,35.47,26.12,26.78
1509000,38.35,38.12,35.55,25.98,26.93
1510000,38.35,38.12,35.55,25.98,26.93
1511000,38.41,38.2,35.48,26.02,27.0
1512000,38.41,38.2,35.48,26.02,27.0
1513000,38.41,38.2,35.48,26.02,27.0
1514000,38.42,38.22,35.46,25.93,26.99
1515000,38.42,38.22,35.46,25.93,26.99
1516000,38.34,38.12,35.65,25.85,27.17
1517000,38.34,38.12,35.65,25.85,27.17
1518000,38.34,38.12,35.65,25.85,27.17
1519000,38.62,38.24,35.54,25.79,27.16
1520000,38.62,38.24,35.54,25.79,27.16
1521000,38.58,38.41,35.39,25.68,27.43
1522000,38.58,38.41,35.39,25.68,27.43
1523000,38.58,38.41,35.39,25.68,27.43
1524000,38.67,38.42,35.37,25.77,27.52
1525000,38.67,38.42,35.37,25.77,27.52
1526000,38.74,38.43,35.44,25.65,27.55
1527000,38.74,38.43,35.44,25.65,27.55
1528000,38.74,38.43,35.44,25.65,27.55
1529000,38.84,38.44,35.38,25.75,27.62
1530000,38.84,38.44,35.38,25.75,27.62
1531000,38.75,38.47,35.52,25.94,27.59
1532000,38.75,38.47,35.52,25.94,27.59
1533000,38.75,38.47,35.52,25.94,27.59
1534000,38.71,38.48,35.58,25.93,27.58
1535000,38.71,38.48,35.58,25.93,27.58
1536000,38.73,38.45,35.66,26.05,27.56
1537000,38.73,38.45,35.66,26.05,27.56
1538000,38.73,38.45,35.66,26.05,27.56
1539000,38.71,38.52,35.53,26.02,27.62
1540000,38.71,38.52,35.53,26.02,27.62
1541000,38.7,38.57,35.72,26.16,27.43
1542000,38.7,38.57,35.72,26.16,27.43
1543000,38.7,38.57,35.72,26.16,27.43
1544000,38.69,38.59,35.67,26.22,27.65
1545000,38.69,38.59,35.67,26.22,27.65
1546000,38.72,38.6,35.66,26.39,27.74
1547000,38.72,38.6,35.66,26.39,27.74
1548000,38.72,38.6,35.66,26.39,27.74
1549000,38.63,38.78,35.67,26.51,27.68
1550000,38.63,38.78,35.67,26.51,27.68
1551000,38.8,38.78,35.5,26.64,27.84
1552000,38.8,38.78,35.5,26.64,27.84
1553000,38.8,38.78,35.5,26.64,27.84
1554000,38.91,38.9,35.52,26.64,27.84
1555000,38.91,38.9,35.52,26.64,27.84
1556000,38.94,38.97,35.56,26.84,27.99
1557000,38.94,38.97,35.56,26.84,27.99
1558000,38.94,38.97,35.56,26.84,27.99
1559000,38.94,39.03,35.45,26.82,28.05
1560000,38.94,39.03,35.45,26.82,28.05
1561000,38.91,39.11,35.54,26.84,28.04
1562000,38.91,39.11,35.54,26.84,28.04
1563000,38.91,39.11,35.54,26.84,28.04
1564000,38.85,39.06,35.48,26.98,28.16
1565000,38.85,39.06,35.48,26.98,28.16
1566000,38.92,39.11,35.42,27.1,28.29
1567000,38.92,39.11,35.42,27.1,28.29
1568000,38.92,39.11,35.42,27.1,28.29
1569000,38.87,39.18,35.63,27.13,28.36
1570000,38.87,39.18,35.63,27.13,28.36
1571000,38.83,39.29,35.81,27.25,28.34
1572000,38.83,39.29,35.81,27.25,28.34
1573000,38.83,39.29,35.81,27.25,28.34
1574000,38.91,39.29,35.75,27.44,28.53
1575000,38.91,39.29,35.75,27.44,28.53
1576000,39.0,39.15,35.67,27.52,28.54
1577000,39.0,39.15,35.67,27.52,28.54
1578000,39.0,39.15,35.67,27.52,28.54
1579000,38.93,39.06,35.71,27.34,28.76
1580000,38.93,39.06,35.71,27.34,28.76
1581000,39.1,39.09,35.73,27.2,29.0
1582000,39.1,39.09,35.73,27.2,29.0
1583000,39.1,39.09,35.73,27.2,29.0
1584000,39.17,39.02,35.79,27.33,29.3
1585000,39.17,39.02,35.79,27.33,29.3
1586000,39.15,39.05,35.87,27.14,29.4
1587000,39.15,39.05,35.87,27.14,29.4
1588000,39.15,39.05,35.87,27.14,29.4
1589000,39.26,39.04,35.79,27.22,29.44
1590000,39.26,39.04,35.79,27.22,29.44
1591000,39.33,39.08,35.82,27.22,29.53
1592000,39.33,39.08,35.82,27.22,29.53
1593000,39.33,39.08,35.82,27.22,29.53
1594000,39.32,39.04,35.88,27.26,29.64
1595000,39.32,39.04,35.88,27.26,29.64
1596000,39.28,39.24,35.76,27.12,29.65
1597000,39.28,39.24,35.76,27.12,29.65
1598000,39.28,39.24,35.76,27.12,29.65
1599000,39.26,39.16,35.95,27.1,29.63
1600000,39.26,39.16,35.95,27.1,29.63
1601000,39.47,39.24,35.89,27.22,29.75
1602000,39.47,39.24,35.89,27.22,29.75
1603000,39.47,39.24,35.89,27.22,29.75
1604000,39.43,39.3,35.93,27.14,30.0
1605000,39.43,39.3,35.93,27.14,30.0
1606000,39.44,39.4,35.94,27.13,30.15
1607000,39.44,39.4,35.94,27.13,30.15
1608000,39.44,39.4,35.94,27.13,30.15
1609000,39.59,39.1,35.91,27.23,30.52
1610000,39.59,39.1,35.91,27.23,30.52
1611000,39.65,39.08,36.08,27.62,30.54
1612000,39.65,39.08,36.08,27.62,30.54
1613000,39.65,39.08,36.08,27.62,30.54
1614000,39.71,39.15,36.2,27.98,30.62
1615000,39.71,39.15,36.2,27.98,30.62
1616000,39.72,39.19,36.56,27.78,30.84
1617000,39.72,39.19,36.56,27.78,30.84
1618000,39.72,39.19,36.56,27.78,30.84
1619000,39.62,39.49,36.66,27.98,30.87
1620000,39.62,39.49,36.66,27.98,30.87
1621000,39.57,39.61,36.71,28.37,30.8
1622000,39.57,39.61,36.71,28.37,30.8
1623000,39.57,39.61,36.71,28.37,30.8
1624000,39.53,39.61,36.73,28.41,31.0
1625000,39.53,39.61,36.73,28.41,31.0
1626000,39.83,39.69,36.82,28.42,31.01
1627000,39.83,39.69,36.82,28.42,31.01
1628000,39.83,39.69,36.82,28.42,31.01
1629000,39.84,39.7,36.79,28.59,31.36
1630000,39.84,39.7,36.79,28.59,31.36
1631000,39.83,39.68,36.81,28.79,31.4
1632000,39.83,39.68,36.81,28.79,31.4
1633000,39.83,39.68,36.81,28.79,31.4
1634000,39.9,39.68,36.84,28.82,31.27
1635000,39.9,39.68,36.84,28.82,31.27
1636000,39.94,39.75,36.85,28.97,31.38
1637000,39.94,39.75,36.85,28.97,31.38
1638000,39.94,39.75,36.85,28.97,31.38
1639000,39.97,39.8,36.77,29.15,31.57
1640000,39.97,39.8,36.77,29.15,31.57
1641000,40.14,39.76,36.82,29.57,31.67
1642000,40.14,39.76,36.82,29.57,31.67
1643000,40.14,39.76,36.82,29.57,31.67
1644000,40.16,39.76,37.12,29.7,31.71
1645000,40.16,39.76,37.12,29.7,31.71
1646000,40.13,39.76,37.1,29.7,31.79
1647000,40.13,39.76,37.1,29.7,31.79
1648000,40.13,39.76,37.1,29.7,31.79
1649000,40.26,39.69,37.23,29.93,31.97
1650000,40.26,39.69,37.23,29.93,31.97
1651000,40.25,39.61,37.35,30.01,31.94
1652000,40.25,39.61,37.35,30.01,31.94
1653000,40.25,39.61,37.35,30.01,31.94
1654000,40.24,39.46,37.36,30.15,31.98
1655000,40.24,39.46,37.36,30.15,31.98
1656000,40.23,39.51,37.46,30.22,31.97
1657000,40.23,39.51,37.46,30.22,31.97
1658000,40.23,39.51,37.46,30.22,31.97
1659000,40.38,39.67,37.54,30.25,32.02
1660000,40.38,39.67,37.54,30.25,32.02
1661000,40.45,39.63,37.66,30.51,32.04
1662000,40.45,39.63,37.66,30.51,32.04
1663000,40.45,39.63,37.66,30.51,32.04
1664000,40.54,39.49,37.65,30.37,32.16
1665000,40.54,39.49,37.65,30.37,32.16
1666000,40.49,39.53,37.72,30.3,32.2
1667000,40.49,39.53,37.72,30.3,32.2
1668000,40.49,39.53,37.72,30.3,32.2
1669000,40.45,39.65,37.67,30.38,32.46
1670000,40.45,39.65,37.67,30.38,32.46
1671000,40.47,39.73,37.66,30.42,32.85
1672000,40.47,39.73,37.66,30.42,32.85
1673000,40.47,39.73,37.66,30.42,32.85
1674000,40.33,39.73,37.62,30.55,32.97
1675000,40.33,39.73,37.62,30.55,32.97
1676000,40.53,39.96,37.73,30.63,32.63
1677000,40.53,39.96,37.73,30.63,32.63
1678000,40.53,39.96,37.73,30.63,32.63
1679000,40.53,39.73,37.71,30.55,32.73
1680000,40.53,39.73,37.71,30.55,32.73
1681000,40.54,39.45,37.52,30.5,32.67
1682000,40.54,39.45,37.52,30.5,32.67
1683000,40.54,39.45,37.52,30.5,32.67
1684000,40.68,39.35,37.54,30.51,32.85
1685000,40.68,39.35,37.54,30.51,32.85
1686000,40.64,39.29,37.48,30.48,33.01
1687000,40.64,39.29,37.48,30.48,33.01
1688000,40.64,39.29,37.48,30.48,33.01
1689000,40.69,39.22,37.57,30.22,33.14
1690000,40.69,39.22,37.57,30.22,33.14
1691000,40.41,39.19,37.68,29.84,33.32
1692000,40.41,39.19,37.68,29.84,33.32
1693000,40.41,39.19,37.68,29.84,33.32
1694000,40.43,39.2,37.54,30.07,33.29
1695000,40.43,39.2,37.54,30.07,33.29
1696000,40.38,39.11,37.66,30.34,33.29
1697000,40.38,39.11,37.66,30.34,33.29
1698000,40.38,39.11,37.66,30.34,33.29
1699000,40.36,39.05,37.6,30.56,33.29
1700000,40.36,39.05,37.6,30.56,33.29
1701000,40.39,39.1,37.66,30.81,33.55
1702000,40.39,39.1,37.66,30.81,33.55
1703000,40.39,39.1,37.66,30.81,33.55
1704000,40.38,39.02,37.38,31.01,33.74
1705000,40.38,39.02,37.38,31.01,33.74
1706000,40.31,38.87,37.62,31.23,33.61
1707000,40.31,38.87,37.62,31.23,33.61
1708000,40.31,38.87,37.62,31.23,33.61
1709000,40.44,38.85,37.69,31.19,33.69
1710000,40.44,38.85,37.69,31.19,33.69
1711000,40.48,38.76,37.7,31.19,33.77
1712000,40.48,38.76,37.7,31.19,33.77
1713000,40.48,38.76,37.7,31.19,33.77
1714000,40.48,38.77,37.76,31.35,33.95
1715000,40.48,38.77,37.76,31.35,33.95
1716000,40.51,38.91,37.79,31.65,33.93
1717000,40.51,38.91,37.79,31.65,33.93
1718000,40.51,38.91,37.79,31.65,33.93
1719000,40.29,39.09,37.83,31.7,33.86
1720000,40.29,39.09,37.83,31.7,33.86
1721000,40.41,39.11,37.84,31.88,34.03
1722000,40.41,39.11,37.84,31.88,34.03
1723000,40.41,39.11,37.84,31.88,34.03
1724000,40.74,38.78,37.89,31.88,34.09
1725000,40.74,38.78,37.89,31.88,34.09
1726000,40.7,38.93,37.72,32.27,34.14
1727000,40.7,38.93,37.72,32.27,34.14
1728000,40.7,38.93,37.72,32.27,34.14
1729000,40.57,38.87,37.81,32.53,34.13
1730000,40.57,38.87,37.81,32.53,34.13
1731000,40.65,38.94,37.83,32.53,34.08
1732000,40.65,38.94,37.83,32.53,34.08
1733000,40.65,38.94,37.83,32.53,34.08
1734000,40.92,38.91,37.81,32.77,34.08
1735000,40.92,38.91,37.81,32.77,34.08
1736000,40.94,38.76,37.87,32.78,34.13
1737000,40.94,38.76,37.87,32.78,34.13
1738000,40.94,38.76,37.87,32.78,34.13
1739000,40.89,38.42,37.87,32.64,33.98
1740000,40.89,38.42,37.87,32.64,33.98
1741000,41.09,38.38,37.85,32.73,34.06
1742000,41.09,38.38,37.85,32.73,34.06
1743000,41.09,38.38,37.85,32.73,34.06
1744000,41.11,38.16,37.92,32.85,34.02
1745000,41.11,38.16,37.92,32.85,34.02
1746000,41.07,38.12,37.98,32.9,34.24
1747000,41.07,38.12,37.98,32.9,34.24
1748000,41.07,38.12,37.98,32.9,34.24
1749000,40.98,38.1,38.15,32.58,34.25
1750000,40.98,38.1,38.15,32.58,34.25
1751000,40.98,38.13,38.17,32.63,34.27
1752000,40.98,38.13,38.17,32.63,34.27
1753000,40.98,38.13,38.17,32.63,34.27
1754000,41.01,38.37,38.29,32.65,34.27
1755000,41.01,38.37,38.29,32.65,34.27
1756000,40.93,38.43,38.27,32.71,34.2
1757000,40.93,38.43,38.27,32.71,34.2
1758000,40.93,38.43,38.27,32.71,34.2
1759000,41.01,38.55,38.33,32.86,34.19
1760000,41.01,38.55,38.33,32.86,34.19
1761000,40.95,38.48,38.38,32.9,34.31
1762000,40.95,38.48,38.38,32.9,34.31
1763000,40.95,38.48,38.38,32.9,34.31
1764000,40.95,38.44,38.42,33.12,34.38
1765000,40.95,38.44,38.42,33.12,34.38
1766000,40.99,38.64,38.11,33.18,34.42
1767000,40.99,38.64,38.11,33.18,34.42
1768000,40.99,38.64,38.11,33.18,34.42
1769000,40.99,38.59,38.23,33.34,34.41
1770000,40.99,38.59,38.23,33.34,34.41
1771000,41.1,38.63,38.48,33.46,34.41
1772000,41.1,38.63,38.48,33.46,34.41
1773000,41.1,38.63,38.48,33.46,34.41
1774000,41.02,38.64,38.34,33.54,34.46
1775000,41.02,38.64,38.34,33.54,34.46
1776000,41.0,38.69,38.2,33.79,34.56
1777000,41.0,38.69,38.2,33.79,34.56
1778000,41.0,38.69,38.2,33.79,34.56
1779000,40.98,38.59,38.19,33.81,34.32
1780000,40.98,38.59,38.19,33.81,34.32
1781000,41.04,38.54,38.12,33.84,34.38
1782000,41.04,38.54,38.12,33.84,34.38
1783000,41.04,38.54,38.12,33.84,34.38
1784000,41.15,38.51,38.06,33.79,34.25
1785000,41.15,38.51,38.06,33.79,34.25
1786000,41.15,38.6,38.02,33.74,34.32
1787000,41.15,38.6,38.02,33.74,34.32
1788000,41.15,38.6,38.02,33.74,34.32
1789000,41.21,38.49,38.14,33.65,34.41
1790000,41.21,38.49,38.14,33.65,34.41
1791000,41.24,38.59,38.13,33.6,34.62
1792000,41.24,38.59,38.13,33.6,34.62
1793000,41.24,38.59,38.13,33.6,34.62
1794000,41.18,38.57,38.17,33.51,34.58
1795000,41.18,38.57,38.17,33.51,34.58
1796000,41.29,38.5,38.24,33.48,34.53
1797000,41.29,38.5,38.24,33.48,34.53
1798000,41.29,38.5,38.24,33.48,34.53
1799000,41.3,38.45,38.29,33.53,34.64
1800000,41.3,38.45,38.29,33.53,34.64
1801000,41.23,38.29,38.45,33.56,34.69
1802000,41.23,38.29,38.45,33.56,34.69
1803000,41.23,38.29,38.45,33.56,34.69
1804000,41.23,38.17,38.24,33.58,34.74
1805000,41.23,38.17,38.24,33.58,34.74
1806000,41.34,38.04,38.1,33.57,34.75
1807000,41.34,38.04,38.1,33.57,34.75
1808000,41.34,38.04,38.1,33.57,34.75
1809000,41.43,38.15,38.29,33.75,34.83
1810000,41.43,38.15,38.29,33.75,34.83
1811000,41.46,38.15,38.33,33.59,34.72
1812000,41.46,38.15,38.33,33.59,34.72
1813000,41.46,38.15,38.33,33.59,34.72
1814000,41.5,38.16,38.38,33.69,34.59
1815000,41.5,38.16,38.38,33.69,34.59
1816000,41.47,37.84,38.44,33.6,34.58
1817000,41.47,37.84,38.44,33.6,34.58
1818000,41.47,37.84,38.44,33.6,34.58
1819000,41.57,37.76,38.46,33.67,34.51
1820000,41.57,37.76,38.46,33.67,34.51
1821000,41.49,37.74,38.44,33.68,34.47
1822000,41.49,37.74,38.44,33.68,34.47
1823000,41.49,37.74,38.44,33.68,34.47
1824000,41.45,37.83,38.46,33.35,34.42
1825000,41.45,37.83,38.46,33.35,34.42
1826000,41.43,38.04,38.49,33.03,34.49
1827000,41.43,38.04,38.49,33.03,34.49
1828000,41.43,38.04,38.49,33.03,34.49
1829000,41.48,38.07,38.54,33.09,34.39
1830000,41.48,38.07,38.54,33.09,34.39
1831000,41.45,38.05,38.48,32.93,34.37
1832000,41.45,38.05,38.48,32.93,34.37
1833000,41.45,38.05,38.48,32.93,34.37
1834000,41.42,38.24,38.4,32.86,34.16
1835000,41.42,38.24,38.4,32.86,34.16
1836000,41.38,38.15,38.35,32.92,34.19
1837000,41.38,38.15,38.35,32.92,34.19
1838000,41.38,38.15,38.35,32.92,34.19
1839000,41.27,38.04,38.45,32.75,34.22
1840000,41.27,38.04,38.45,32.75,34.22
1841000,41.29,37.99,38.43,32.55,34.36
1842000,41.29,37.99,38.43,32.55,34.36
1843000,41.29,37.99,38.43,32.55,34.36
1844000,41.35,37.96,38.48,32.5,34.23
1845000,41.35,37.96,38.48,32.5,34.23
1846000,41.38,37.96,38.59,32.63,34.32
1847000,41.38,37.96,38.59,32.63,34.32
1848000,41.38,37.96,38.59,32.63,34.32
1849000,41.36,38.02,38.6,32.52,34.41
1850000,41.36,38.02,38.6,32.52,34.41
1851000,41.39,38.02,38.64,32.38,34.46
1852000,41.39,38.02,38.64,32.38,34.46
1853000,41.39,38.02,38.64,32.38,34.46
1854000,41.47,37.98,38.71,32.42,34.31
1855000,41.47,37.98,38.71,32.42,34.31
1856000,41.5,37.94,38.7,32.49,34.21
1857000,41.5,37.94,38.7,32.49,34.21
1858000,41.5,37.94,38.7,32.49,34.21
1859000,41.46,38.33,38.74,32.34,34.26
1860000,41.46,38.33,38.74,32.34,34.26
1861000,41.52,38.32,38.78,32.26,34.17
1862000,41.52,38.32,38.78,32.26,34.17
1863000,41.52,38.32,38.78,32.26,34.17
1864000,41.55,38.36,38.84,32.12,34.13
1865000,41.55,38.36,38.84,32.12,34.13
1866000,41.7,38.37,38.81,32.35,34.07
1867000,41.7,38.37,38.81,32.35,34.07
1868000,41.7,38.37,38.81,32.35,34.07
1869000,41.89,38.44,38.72,32.23,34.01
1870000,41.89,38.44,38.72,32.23,34.01
1871000,41.99,38.58,38.72,32.2,34.15
1872000,41.99,38.58,38.72,32.2,34.15
1873000,41.99,38.58,38.72,32.2,34.15
1874000,42.06,38.67,38.72,32.19,34.19
1875000,42.06,38.67,38.72,32.19,34.19
1876000,42.02,38.65,38.86,32.24,34.28
1877000,42.02,38.65,38.86,32.24,34.28
1878000,42.02,38.65,38.86,32.24,34.28
1879000,42.09,38.72,38.99,32.29,34.23
1880000,42.09,38.72,38.99,32.29,34.23
1881000,42.15,38.91,39.02,32.36,34.35
1882000,42.15,38.91,39.02,32.36,34.35
1883000,42.15,38.91,39.02,32.36,34.35
1884000,42.16,38.91,39.17,32.56,34.34
1885000,42.16,38.91,39.17,32.56,34.34
1886000,42.23,38.84,39.1,32.62,34.07
1887000,42.23,38.84,39.1,32.62,34.07
1888000,42.23,38.84,39.1,32.62,34.07
1889000,42.28,38.69,39.2,32.8,33.97
1890000,42.28,38.69,39.2,32.8,33.97
1891000,42.26,38.69,39.3,32.76,33.83
1892000,42.26,38.69,39.3,32.76,33.83
1893000,42.26,38.69,39.3,32.76,33.83
1894000,42.25,38.54,39.26,32.53,33.83
1895000,42.25,38.54,39.26,32.53,33.83
1896000,42.34,38.73,39.28,32.61,33.86
1897000,42.34,38.73,39.28,32.61,33.86
1898000,42.34,38.73,39.28,32.61,33.86
1899000,42.38,38.82,39.37,32.59,33.76
1900000,42.38,38.82,39.37,32.59,33.76
1901000,42.32,38.92,39.42,32.75,33.92
1902000,42.32,38.92,39.42,32.75,33.92
1903000,42.32,38.92,39.42,32.75,33.92
1904000,42.29,39.0,39.48,32.7,33.85
1905000,42.29,39.0,39.48,32.7,33.85
1906000,42.27,39.03,39.37,32.55,33.91
1907000,42.27,39.03,39.37,32.55,33.91
1908000,42.27,39.03,39.37,32.55,33.91
1909000,42.23,38.95,39.39,32.54,33.81
1910000,42.23,38.95,39.39,32.54,33.81
1911000,42.1,39.07,39.35,32.6,33.9
1912000,42.1,39.07,39.35,32.6,33.9
1913000,42.1,39.07,39.35,32.6,33.9
1914000,42.01,39.06,39.4,32.85,33.82
1915000,42.01,39.06,39.4,32.85,33.82
1916000,42.09,38.92,39.4,32.96,33.74
1917000,42.09,38.92,39.4,32.96,33.74
1918000,42.09,38.92,39.4,32.96,33.74
1919000,42.09,38.8,39.43,32.89,33.81
1920000,42.09,38.8,39.43,32.89,33.81
1921000,42.22,38.84,39.54,32.93,33.67
1922000,42.22,38.84,39.54,32.93,33.67
1923000,42.22,38.84,39.54,32.93,33.67
1924000,42.25,38.81,39.62,32.98,33.76
1925000,42.25,38.81,39.62,32.98,33.76
1926000,42.23,38.8,39.63,33.12,34.02
1927000,42.23,38.8,39.63,33.12,34.02
1928000,42.23,38.8,39.63,33.12,34.02
1929000,42.25,39.03,39.78,33.15,34.0
1930000,42.25,39.03,39.78,33.15,34.0
1931000,42.24,39.34,40.05,32.92,33.96
1932000,42.24,39.34,40.05,32.92,33.96
1933000,42.24,39.34,40.05,32.92,33.96
1934000,42.21,39.5,40.08,32.71,33.95
1935000,42.21,39.5,40.08,32.71,33.95
1936000,42.34,39.45,40.02,32.64,33.96
1937000,42.34,39.45,40.02,32.64,33.96
1938000,42.34,39.45,40.02,32.64,33.96
1939000,42.29,39.54,39.88,32.9,34.03
1940000,42.29,39.54,39.88,32.9,34.03
1941000,42.5,39.61,39.9,33.02,34.01
1942000,42.5,39.61,39.9,33.02,34.01
1943000,42.5,39.61,39.9,33.02,34.01
1944000,42.56,39.61,40.07,33.02,34.14
1945000,42.56,39.61,40.07,33.02,34.14
1946000,42.65,39.64,40.03,33.17,34.06
1947000,42.65,39.64,40.03,33.17,34.06
1948000,42.65,39.64,40.03,33.17,34.06
1949000,42.66,39.56,40.19,33.39,34.14
1950000,42.66,39.56,40.19,33.39,34.14
1951000,42.71,39.57,40.31,33.49,34.26
1952000,42.71,39.57,40.31,33.49,34.26
1953000,42.71,39.57,40.31,33.49,34.26
1954000,42.74,39.71,40.52,33.49,34.25
1955000,42.74,39.71,40.52,33.49,34.25
1956000,42.79,39.79,40.55,33.51,34.19
1957000,42.79,39.79,40.55,33.51,34.19
1958000,42.79,39.79,40.55,33.51,34.19
1959000,42.77,39.78,40.63,33.48,33.92
1960000,42.77,39.78,40.63,33.48,33.92
1961000,42.88,39.8,40.69,33.48,33.82
1962000,42.88,39.8,40.69,33.48,33.82
1963000,42.88,39.8,40.69,33.48,33.82
1964000,42.96,39.76,40.65,33.4,33.75
1965000,42.96,39.76,40.65,33.4,33.75
1966000,43.0,39.79,40.43,33.39,33.75
1967000,43.0,39.79,40.43,33.39,33.75
1968000,43.0,39.79,40.43,33.39,33.75
1969000,43.18,39.87,40.53,33.42,33.83
1970000,43.18,39.87,40.53,33.42,33.83
1971000,43.22,39.82,40.54,33.35,33.83
1972000,43.22,39.82,40.54,33.35,33.83
1973000,43.22,39.82,40.54,33.35,33.83
1974000,43.29,40.25,40.58,33.45,33.85
1975000,43.29,40.25,40.58,33.45,33.85
1976000,43.41,40.34,40.87,33.26,33.71
1977000,43.41,40.34,40.87,33.26,33.71
1978000,43.41,40.34,40.87,33.26,33.71
1979000,43.51,40.28,40.89,33.3,33.73
1980000,43.51,40.28,40.89,33.3,33.73
1981000,43.59,40.38,40.98,33.3,33.85
1982000,43.59,40.38,40.98,33.3,33.85
1983000,43.59,40.38,40.98,33.3,33.85
1984000,43.47,40.22,41.05,33.19,33.8
1985000,43.47,40.22,41.05,33.19,33.8
1986000,43.49,40.31,40.86,33.3,33.79
1987000,43.49,40.31,40.86,33.3,33.79
1988000,43.49,40.31,40.86,33.3,33.79
1989000,43.64,40.6,40.87,33.59,33.85
1990000,43.64,40.6,40.87,33.59,33.85
1991000,43.62,40.54,40.74,33.32,33.9
1992000,43.62,40.54,40.74,33.32,33.9
1993000,43.62,40.54,40.74,33.32,33.9
1994000,43.65,40.66,40.77,33.32,34.05
1995000,43.65,40.66,40.77,33.32,34.05
1996000,43.73,40.46,40.8,33.27,34.08
1997000,43.73,40.46,40.8,33.27,34.08
1998000,43.73,40.46,40.8,33.27,34.08
1999000,43.82,40.45,40.83,33.45,34.13
2000000,43.82,40.45,40.83,33.45,34.13
2001000,43.81,40.43,40.88,33.33,34.07
2002000,43.81,40.43,40.88,33.33,34.07
2003000,43.81,40.43,40.88,33.33,34.07
2004000,43.85,40.41,40.84,33.31,34.09
2005000,43.85,40.41,40.84,33.31,34.09
2006000,43.91,40.44,40.87,33.4,34.35
2007000,43.91,40.44,40.87,33.4,34.35
2008000,43.91,40.44,40.87,33.4,34.35
2009000,43.96,40.4,40.65,33.34,34.28
2010000,43.96,40.4,40.65,33.34,34.28
2011000,43.95,40.48,40.68,33.41,34.15
2012000,43.95,40.48,40.68,33.41,34.15
2013000,43.95,40.48,40.68,33.41,34.15
2014000,44.03,40.55,40.7,33.32,34.23
2015000,44.03,40.55,40.7,33.32,34.23
2016000,44.11,40.51,40.99,33.4,34.29
2017000,44.11,40.51,40.99,33.4,34.29
2018000,44.11,40.51,40.99,33.4,34.29
2019000,44.05,40.54,40.86,33.35,34.42
2020000,44.05,40.54,40.86,33.35,34.42
2021000,44.11,40.73,40.77,33.26,34.4
2022000,44.11,40.73,40.77,33.26,34.4
2023000,44.11,40.73,40.77,33.26,34.4
2024000,44.1,40.83,40.92,33.27,34.39
2025000,44.1,40.83,40.92,33.27,34.39
2026000,44.06,40.83,41.07,33.2,34.36
2027000,44.06,40.83,41.07,33.2,34.36
2028000,44.06,40.83,41.07,33.2,34.36
2029000,44.07,41.01,41.03,33.17,34.67
2030000,44.07,41.01,41.03,33.17,34.67
2031000,44.15,40.82,41.07,33.16,34.72
2032000,44.15,40.82,41.07,33.16,34.72
2033000,44.15,40.82,41.07,33.16,34.72
2034000,44.2,40.89,41.07,33.17,34.81
2035000,44.2,40.89,41.07,33.17,34.81
2036000,44.22,40.92,41.08,33.13,34.68
2037000,44.22,40.92,41.08,33.13,34.68
2038000,44.22,40.92,41.08,33.13,34.68
2039000,44.18,40.99,41.13,33.24,34.58
2040000,44.18,40.99,41.13,33.24,34.58
2041000,44.18,40.93,41.17,33.29,34.46
2042000,44.18,40.93,41.17,33.29,34.46
2043000,44.18,40.93,41.17,33.29,34.46
2044000,44.3,40.87,41.15,33.4,34.46
2045000,44.3,40.87,41.15,33.4,34.46
2046000,44.26,40.81,41.01,33.4,34.56
2047000,44.26,40.81,41.01,33.4,34.56
2048000,44.26,40.81,41.01,33.4,34.56
2049000,44.39,40.82,40.93,33.39,34.58
2050000,44.39,40.82,40.93,33.39,34.58
2051000,44.45,41.04,40.95,33.32,34.49
2052000,44.45,41.04,40.95,33.32,34.49
2053000,44.45,41.04,40.95,33.32,34.49
2054000,44.57,41.08,41.12,33.35,34.46
2055000,44.57,41.08,41.12,33.35,34.46
2056000,44.59,41.16,41.19,33.34,34.56
2057000,44.59,41.16,41.19,33.34,34.56
2058000,44.59,41.16,41.19,33.34,34.56
2059000,44.51,41.07,41.15,33.31,34.58
2060000,44.51,41.07,41.15,33.31,34.58
2061000,44.6,41.2,41.16,33.52,34.68
2062000,44.6,41.2,41.16,33.52,34.68
2063000,44.6,41.2,41.16,33.52,34.68
2064000,44.62,41.31,41.19,33.48,34.64
2065000,44.62,41.31,41.19,33.48,34.64
2066000,44.69,41.64,41.22,33.56,34.69
2067000,44.69,41.64,41.22,33.56,34.69
2068000,44.69,41.64,41.22,33.56,34.69
2069000,44.59,41.7,41.21,33.47,34.8
2070000,44.59,41.7,41.21,33.47,34.8
2071000,44.73,41.72,41.3,33.33,34.95
2072000,44.73,41.72,41.3,33.33,34.95
2073000,44.73,41.72,41.3,33.33,34.95
2074000,44.74,41.46,41.33,33.63,35.01
2075000,44.74,41.46,41.33,33.63,35.01
2076000,44.81,41.42,41.41,34.01,35.03
2077000,44.81,41.42,41.41,34.01,35.03
2078000,44.81,41.42,41.41,34.01,35.03
2079000,44.49,41.45,41.43,34.35,34.91
2080000,44.49,41.45,41.43,34.35,34.91
2081000,44.47,41.49,41.29,34.76,34.9
2082000,44.47,41.49,41.29,34.76,34.9
2083000,44.47,41.49,41.29,34.76,34.9
2084000,44.51,41.36,41.3,34.91,35.01
2085000,44.51,41.36,41.3,34.91,35.01
2086000,44.51,41.42,41.35,34.92,35.09
2087000,44.51,41.42,41.35,34.92,35.09
2088000,44.51,41.42,41.35,34.92,35.09
2089000,44.57,41.5,41.3,35.15,34.79
2090000,44.57,41.5,41.3,35.15,34.79
2091000,44.52,41.6,41.3,35.42,34.8
2092000,44.52,41.6,41.3,35.42,34.8
2093000,44.52,41.6,41.3,35.42,34.8
2094000,44.57,41.67,41.28,35.5,34.95
2095000,44.57,41.67,41.28,35.5,34.95
2096000,44.57,41.77,41.29,35.63,35.03
2097000,44.57,41.77,41.29,35.63,35.03
2098000,44.57,41.77,41.29,35.63,35.03
2099000,44.63,41.81,41.33,35.79,35.02
2100000,44.63,41.81,41.33,35.79,35.02
2101000,44.61,41.82,41.36,36.11,35.05
2102000,44.61,41.82,41.36,36.11,35.05
2103000,44.61,41.82,41.36,36.11,35.05
2104000,44.61,41.87,41.28,36.0,35.18
2105000,44.61,41.87,41.28,36.0,35.18
2106000,44.59,41.84,41.36,35.95,35.24
2107000,44.59,41.84,41.36,35.95,35.24
2108000,44.59,41.84,41.36,35.95,35.24
2109000,44.69,41.73,41.41,36.0,35.18
2110000,44.69,41.73,41.41,36.0,35.18
2111000,44.66,41.57,41.41,35.93,35.31
2112000,44.66,41.57,41.41,35.93,35.31
2113000,44.66,41.57,41.41,35.93,35.31
2114000,44.6,41.61,41.5,35.84,35.44
2115000,44.6,41.61,41.5,35.84,35.44
2116000,44.63,41.46,41.48,35.5,35.58
2117000,44.63,41.46,41.48,35.5,35.58
2118000,44.63,41.46,41.48,35.5,35.58
2119000,44.61,41.4,41.59,35.47,35.67
2120000,44.61,41.4,41.59,35.47,35.67
2121000,44.41,41.21,41.53,35.4,35.69
2122000,44.41,41.21,41.53,35.4,35.69
2123000,44.41,41.21,41.53,35.4,35.69
2124000,44.4,41.18,41.47,35.39,35.81
2125000,44.4,41.18,41.47,35.39,35.81
2126000,44.43,41.18,41.46,35.33,35.67
2127000,44.43,41.18,41.46,35.33,35.67
2128000,44.43,41.18,41.46,35.33,35.67
2129000,44.37,41.18,41.39,35.28,35.38
2130000,44.37,41.18,41.39,35.28,35.38
2131000,44.29,41.18,41.49,35.06,35.26
2132000,44.29,41.18,41.49,35.06,35.26
2133000,44.29,41.18,41.49,35.06,35.26
2134000,44.37,41.25,41.4,34.95,35.44
2135000,44.37,41.25,41.4,34.95,35.44
2136000,44.32,41.27,41.41,34.86,35.61
2137000,44.32,41.27,41.41,34.86,35.61
2138000,44.32,41.27,41.41,34.86,35.61
2139000,44.3,41.48,41.36,34.85,35.72
2140000,44.3,41.48,41.36,34.85,35.72
2141000,44.33,41.38,41.39,34.81,35.78
2142000,44.33,41.38,41.39,34.81,35.78
2143000,44.33,41.38,41.39,34.81,35.78
2144000,44.33,41.49,41.36,35.0,35.88
2145000,44.33,41.49,41.36,35.0,35.88
2146000,44.36,41.51,41.35,34.96,35.91
2147000,44.36,41.51,41.35,34.96,35.91
2148000,44.36,41.51,41.35,34.96,35.91
2149000,44.31,41.54,41.3,34.92,35.99
2150000,44.31,41.54,41.3,34.92,35.99
2151000,44.18,41.49,41.29,34.93,35.94
2152000,44.18,41.49,41.29,34.93,35.94
2153000,44.18,41.49,41.29,34.93,35.94
2154000,44.16,41.56,41.26,34.87,36.03
2155000,44.16,41.56,41.26,34.87,36.03
2156000,44.25,41.69,41.28,35.09,35.97
2157000,44.25,41.69,41.28,35.09,35.97
2158000,44.25,41.69,41.28,35.09,35.97
2159000,44.33,41.59,41.33,35.22,36.12
2160000,44.33,41.59,41.33,35.22,36.12
2161000,44.47,41.47,41.4,35.18,36.03
2162000,44.47,41.47,41.4,35.18,36.03
2163000,44.47,41.47,41.4,35.18,36.03
2164000,44.53,41.68,41.35,35.24,36.11
2165000,44.53,41.68,41.35,35.24,36.11
2166000,44.55,41.75,41.36,35.27,36.28
2167000,44.55,41.75,41.36,35.27,36.28
2168000,44.55,41.75,41.36,35.27,36.28
2169000,44.57,41.83,41.37,35.32,36.24
2170000,44.57,41.83,41.37,35.32,36.24
2171000,44.55,41.83,41.4,35.3,36.26
2172000,44.55,41.83,41.4,35.3,36.26
2173000,44.55,41.83,41.4,35.3,36.26
2174000,44.64,41.8,41.46,35.33,36.22
2175000,44.64,41.8,41.46,35.33,36.22
2176000,44.69,41.73,41.38,35.15,36.09
2177000,44.69,41.73,41.38,35.15,36.09
2178000,44.69,41.73,41.38,35.15,36.09
2179000,44.76,41.74,41.39,35.19,36.19
2180000,44.76,41.74,41.39,35.19,36.19
2181000,44.71,41.77,41.06,35.52,36.29
2182000,44.71,41.77,41.06,35.52,36.29
2183000,44.71,41.77,41.06,35.52,36.29
2184000,44.73,41.81,41.0,35.8,36.27
2185000,44.73,41.81,41.0,35.8,36.27
2186000,44.65,41.92,41.04,35.97,36.2
2187000,44.65,41.92,41.04,35.97,36.2
2188000,44.65,41.92,41.04,35.97,36.2
2189000,44.77,41.97,41.22,35.99,36.22
2190000,44.77,41.97,41.22,35.99,36.22
2191000,44.83,41.91,41.25,36.24,36.06
2192000,44.83,41.91,41.25,36.24,36.06
2193000,44.83,41.91,41.25,36.24,36.06
2194000,44.85,41.7,41.21,36.34,36.0
2195000,44.85,41.7,41.21,36.34,36.0
2196000,44.82,41.72,41.18,36.33,36.04
2197000,44.82,41.72,41.18,36.33,36.04
2198000,44.82,41.72,41.18,36.33,36.04
2199000,44.8,41.85,41.22,35.99,35.9
2200000,44.8,41.85,41.22,35.99,35.9
2201000,44.8,41.93,41.21,35.63,35.86
2202000,44.8,41.93,41.21,35.63,35.86
2203000,44.8,41.93,41.21,35.63,35.86
2204000,44.89,41.87,41.23,35.59,35.73
2205000,44.89,41.87,41.23,35.59,35.73
2206000,44.86,41.93,41.12,35.58,35.9
2207000,44.86,41.93,41.12,35.58,35.9
2208000,44.86,41.93,41.12,35.58,35.9
2209000,44.9,41.91,41.03,35.71,36.11
2210000,44.9,41.91,41.03,35.71,36.11
2211000,44.87,42.01,41.06,35.85,36.16
2212000,44.87,42.01,41.06,35.85,36.16
2213000,44.87,42.01,41.06,35.85,36.16
2214000,44.85,42.02,40.91,35.84,36.25
2215000,44.85,42.02,40.91,35.84,36.25
2216000,44.85,42.07,41.3,35.75,36.26
2217000,44.85,42.07,41.3,35.75,36.26
2218000,44.85,42.07,41.3,35.75,36.26
2219000,44.88,42.06,41.24,35.8,36.32
2220000,44.88,42.06,41.24,35.8,36.32
2221000,44.93,42.05,41.25,35.72,36.3
2222000,44.93,42.05,41.25,35.72,36.3
2223000,44.93,42.05,41.25,35.72,36.3
2224000,44.94,42.03,41.22,35.36,36.29
2225000,44.94,42.03,41.22,35.36,36.29
2226000,44.84,42.04,41.26,35.53,36.41
2227000,44.84,42.04,41.26,35.53,36.41
2228000,44.84,42.04,41.26,35.53,36.41
2229000,44.9,42.15,41.26,35.35,36.39
2230000,44.9,42.15,41.26,35.35,36.39
2231000,44.99,42.05,41.29,35.41,36.4
2232000,44.99,42.05,41.29,35.41,36.4
2233000,44.99,42.05,41.29,35.41,36.4
2234000,45.13,42.12,41.17,35.45,36.19
2235000,45.13,42.12,41.17,35.45,36.19
2236000,45.25,42.07,41.25,35.52,36.18
2237000,45.25,42.07,41.25,35.52,36.18
2238000,45.25,42.07,41.25,35.52,36.18
2239000,45.29,42.01,41.4,35.36,36.4
2240000,45.29,42.01,41.4,35.36,36.4
2241000,45.36,42.18,41.58,35.55,36.4
2242000,45.36,42.18,41.58,35.55,36.4
2243000,45.36,42.18,41.58,35.55,36.4
2244000,45.46,42.26,41.55,35.39,36.43
2245000,45.46,42.26,41.55,35.39,36.43
2246000,45.52,42.4,41.45,35.45,36.39
2247000,45.52,42.4,41.45,35.45,36.39
2248000,45.52,42.4,41.45,35.45,36.39
2249000,45.53,42.44,41.32,35.48,36.46
2250000,45.53,42.44,41.32,35.48,36.46
2251000,45.6,42.4,41.34,35.51,36.4
2252000,45.6,42.4,41.34,35.51,36.4
2253000,45.6,42.4,41.34,35.51,36.4
2254000,45.39,42.47,41.29,35.43,36.49
2255000,45.39,42.47,41.29,35.43,36.49
2256000,45.45,42.35,41.29,35.32,36.32
2257000,45.45,42.35,41.29,35.32,36.32
2258000,45.45,42.35,41.29,35.32,36.32
2259000,45.47,42.35,41.52,35.37,36.27
2260000,45.47,42.35,41.52,35.37,36.27
2261000,45.49,42.3,41.51,35.18,36.35
2262000,45.49,42.3,41.51,35.18,36.35
2263000,45.49,42.3,41.51,35.18,36.35
2264000,45.44,42.34,41.61,35.24,36.26
2265000,45.44,42.34,41.61,35.24,36.26
2266000,45.43,42.32,41.66,35.28,36.26
2267000,45.43,42.32,41.66,35.28,36.26
2268000,45.43,42.32,41.66,35.28,36.26
2269000,45.48,42.0,41.69,35.39,36.29
2270000,45.48,42.0,41.69,35.39,36.29
2271000,45.47,41.97,41.69,35.56,36.2
2272000,45.47,41.97,41.69,35.56,36.2
2273000,45.47,41.97,41.69,35.56,36.2
2274000,45.63,41.93,41.61,35.59,36.12
2275000,45.63,41.93,41.61,35.59,36.12
2276000,45.68,41.92,41.62,35.58,36.1
2277000,45.68,41.92,41.62,35.58,36.1
2278000,45.68,41.92,41.62,35.58,36.1
2279000,45.71,41.9,41.6,35.61,36.04
2280000,45.71,41.9,41.6,35.61,36.04
2281000,45.73,42.2,41.52,35.54,36.0
2282000,45.73,42.2,41.52,35.54,36.0
2283000,45.73,42.2,41.52,35.54,36.0
2284000,45.71,42.25,41.49,35.69,36.1
2285000,45.71,42.25,41.49,35.69,36.1
2286000,45.71,42.31,41.49,35.81,36.22
2287000,45.71,42.31,41.49,35.81,36.22
2288000,45.71,42.31,41.49,35.81,36.22
2289000,45.74,42.31,41.54,35.84,36.27
2290000,45.74,42.31,41.54,35.84,36.27
2291000,45.72,42.35,41.57,35.82,36.41
2292000,45.72,42.35,41.57,35.82,36.41
2293000,45.72,42.35,41.57,35.82,36.41
2294000,45.7,42.31,41.62,35.67,36.4
2295000,45.7,42.31,41.62,35.67,36.4
2296000,45.73,42.46,41.71,35.64,36.42
2297000,45.73,42.46,41.71,35.64,36.42
2298000,45.73,42.46,41.71,35.64,36.42
2299000,45.72,42.45,41.79,35.6,36.33
2300000,45.72,42.45,41.79,35.6,36.33
2301000,45.76,42.36,41.69,35.65,36.4
2302000,45.76,42.36,41.69,35.65,36.4
2303000,45.76,42.36,41.69,35.65,36.4
2304000,45.7,42.45,41.7,35.65,36.53
2305000,45.7,42.45,41.7,35.65,36.53
2306000,45.65,42.38,41.87,35.62,36.42
2307000,45.65,42.38,41.87,35.62,36.42
2308000,45.65,42.38,41.87,35.62,36.42
2309000,45.75,42.48,41.92,35.66,36.43
2310000,45.75,42.48,41.92,35.66,36.43
2311000,45.62,42.47,41.99,35.59,36.28
2312000,45.62,42.47,41.99,35.59,36.28
2313000,45.62,42.47,41.99,35.59,36.28
2314000,45.63,42.49,42.1,35.58,36.49
2315000,45.63,42.49,42.1,35.58,36.49
2316000,45.58,42.45,42.0,35.52,36.36
2317000,45.58,42.45,42.0,35.52,36.36
2318000,45.58,42.45,42.0,35.52,36.36
2319000,45.67,42.47,41.93,35.57,36.41
2320000,45.67,42.47,41.93,35.57,36.41
2321000,45.65,42.46,41.64,35.7,36.38
2322000,45.65,42.46,41.64,35.7,36.38
2323000,45.65,42.46,41.64,35.7,36.38
2324000,45.61,42.75,41.57,35.8,36.28
2325000,45.61,42.75,41.57,35.8,36.28
2326000,45.57,42.74,41.57,35.81,36.22
2327000,45.57,42.74,41.57,35.81,36.22
2328000,45.57,42.74,41.57,35.81,36.22
2329000,45.9,42.72,41.41,35.83,36.31
2330000,45.9,42.72,41.41,35.83,36.31
2331000,45.95,42.67,41.55,35.76,36.46
2332000,45.95,42.67,41.55,35.76,36.46
2333000,45.95,42.67,41.55,35.76,36.46
2334000,45.98,42.86,41.66,35.73,36.44
2335000,45.98,42.86,41.66,35.73,36.44
2336000,46.09,42.93,41.61,35.8,36.22
2337000,46.09,42.93,41.61,35.8,36.22
2338000,46.09,42.93,41.61,35.8,36.22
2339000,46.18,43.06,41.64,35.77,36.41
2340000,46.18,43.06,41.64,35.77,36.41
2341000,46.3,43.02,41.69,35.77,36.24
2342000,46.3,43.02,41.69,35.77,36.24
2343000,46.3,43.02,41.69,35.77,36.24
2344000,46.32,42.97,41.57,35.82,36.24
2345000,46.32,42.97,41.57,35.82,36.24
2346000,46.38,42.89,41.64,35.7,36.09
2347000,46.38,42.89,41.64,35.7,36.09
2348000,46.38,42.89,41.64,35.7,36.09
2349000,46.44,42.84,41.5,35.66,36.07
2350000,46.44,42.84,41.5,35.66,36.07
2351000,46.46,42.85,41.6,35.6,35.94
2352000,46.46,42.85,41.6,35.6,35.94
2353000,46.46,42.85,41.6,35.6,35.94
2354000,46.42,42.86,41.68,35.67,36.06
2355000,46.42,42.86,41.68,35.67,36.06
2356000,46.45,42.97,41.6,35.54,36.01
2357000,46.45,42.97,41.6,35.54,36.01
2358000,46.45,42.97,41.6,35.54,36.01
2359000,46.46,43.11,41.62,35.59,36.08
2360000,46.46,43.11,41.62,35.59,36.08
2361000,46.51,43.33,41.63,35.73,36.01
2362000,46.51,43.33,41.63,35.73,36.01
2363000,46.51,43.33,41.63,35.73,36.01
2364000,46.58,43.26,41.55,35.84,35.9
2365000,46.58,43.26,41.55,35.84,35.9
2366000,46.57,43.47,41.45,36.08,35.8
2367000,46.57,43.47,41.45,36.08,35.8
2368000,46.57,43.47,41.45,36.08,35.8
2369000,46.61,43.5,41.41,36.22,35.76
2370000,46.61,43.5,41.41,36.22,35.76
2371000,46.74,43.57,41.52,36.3,35.7
2372000,46.74,43.57,41.52,36.3,35.7
2373000,46.74,43.57,41.52,36.3,35.7
2374000,46.76,43.6,41.57,36.37,35.58
2375000,46.76,43.6,41.57,36.37,35.58
2376000,46.7,43.67,41.58,36.23,35.65
2377000,46.7,43.67,41.58,36.23,35.65
2378000,46.7,43.67,41.58,36.23,35.65
2379000,46.7,43.64,41.58,36.13,36.01
2380000,46.7,43.64,41.58,36.13,36.01
2381000,46.82,43.57,41.56,36.29,36.07
2382000,46.82,43.57,41.56,36.29,36.07
2383000,46.82,43.57,41.56,36.29,36.07
2384000,46.91,43.56,41.42,36.34,36.09
2385000,46.91,43.56,41.42,36.34,36.09
2386000,46.95,43.6,41.43,36.28,36.21
2387000,46.95,43.6,41.43,36.28,36.21
2388000,46.95,43.6,41.43,36.28,36.21
2389000,46.96,43.53,41.41,36.23,36.14
2390000,46.96,43.53,41.41,36.23,36.14
2391000,46.83,43.55,41.31,36.13,36.18
2392000,46.83,43.55,41.31,36.13,36.18
2393000,46.83,43.55,41.31,36.13,36.18
2394000,46.84,43.36,41.37,36.19,36.19
2395000,46.84,43.36,41.37,36.19,36.19
2396000,46.85,43.36,41.46,36.07,36.06
2397000,46.85,43.36,41.46,36.07,36.06
2398000,46.85,43.36,41.46,36.07,36.06
2399000,46.78,43.28,41.47,36.09,35.96
2400000,46.78,43.28,41.47,36.09,35.96
2401000,47.04,43.3,41.44,35.99,35.99
2402000,47.04,43.3,41.44,35.99,35.99
2403000,47.04,43.3,41.44,35.99,35.99
2404000,47.11,43.35,41.45,36.09,36.03
2405000,47.11,43.35,41.45,36.09,36.03
2406000,47.15,43.25,41.53,35.92,36.08
2407000,47.15,43.25,41.53,35.92,36.08
2408000,47.15,43.25,41.53,35.92,36.08
2409000,47.13,43.43,41.52,35.84,36.06
2410000,47.13,43.43,41.52,35.84,36.06
2411000,47.13,43.51,41.55,35.91,36.16
2412000,47.13,43.51,41.55,35.91,36.16
2413000,47.13,43.51,41.55,35.91,36.16
2414000,47.15,43.58,41.62,35.94,36.14
2415000,47.15,43.58,41.62,35.94,36.14
2416000,47.09,43.67,41.69,35.89,36.02
2417000,47.09,43.67,41.69,35.89,36.02
2418000,47.09,43.67,41.69,35.89,36.02
2419000,47.09,43.69,41.75,35.95,35.94
2420000,47.09,43.69,41.75,35.95,35.94
2421000,47.12,43.42,41.76,36.01,35.9
2422000,47.12,43.42,41.76,36.01,35.9
2423000,47.12,43.42,41.76,36.01,35.9
2424000,47.13,43.54,41.66,36.03,35.98
2425000,47.13,43.54,41.66,36.03,35.98
2426000,47.06,43.69,41.88,36.03,36.03
2427000,47.06,43.69,41.88,36.03,36.03
2428000,47.06,43.69,41.88,36.03,36.03
2429000,46.76,43.68,41.78,36.07,36.08
2430000,46.76,43.68,41.78,36.07,36.08
2431000,46.82,43.62,42.11,35.97,35.93
2432000,46.82,43.62,42.11,35.97,35.93
2433000,46.82,43.62,42.11,35.97,35.93
2434000,46.85,43.44,42.17,35.89,35.75
2435000,46.85,43.44,42.17,35.89,35.75
2436000,46.88,43.39,42.1,35.74,35.78
2437000,46.88,43.39,42.1,35.74,35.78
2438000,46.88,43.39,42.1,35.74,35.78
2439000,46.83,43.38,42.14,35.7,35.73
2440000,46.83,43.38,42.14,35.7,35.73
2441000,46.83,43.37,42.16,35.74,35.9
2442000,46.83,43.37,42.16,35.74,35.9
2443000,46.83,43.37,42.16,35.74,35.9
2444000,46.9,43.67,42.2,35.78,35.9
2445000,46.9,43.67,42.2,35.78,35.9
2446000,46.96,43.7,42.22,35.78,35.85
2447000,46.96,43.7,42.22,35.78,35.85
2448000,46.96,43.7,42.22,35.78,35.85
2449000,46.97,43.71,42.17,36.21,36.0
2450000,46.97,43.71,42.17,36.21,36.0
2451000,47.0,43.48,42.05,36.49,35.96
2452000,47.0,43.48,42.05,36.49,35.96
2453000,47.0,43.48,42.05,36.49,35.96
2454000,46.99,43.49,42.11,36.55,36.15
2455000,46.99,43.49,42.11,36.55,36.15
2456000,46.96,43.4,42.29,36.39,36.04
2457000,46.96,43.4,42.29,36.39,36.04
2458000,46.96,43.4,42.29,36.39,36.04
2459000,46.96,43.41,42.39,36.44,36.23
2460000,46.96,43.41,42.39,36.44,36.23
2461000,46.98,43.4,42.29,36.43,36.33
2462000,46.98,43.4,42.29,36.43,36.33
2463000,46.98,43.4,42.29,36.43,36.33
2464000,46.97,43.38,42.44,36.59,36.26
2465000,46.97,43.38,42.44,36.59,36.26
2466000,46.92,43.3,42.44,36.68,36.35
2467000,46.92,43.3,42.44,36.68,36.35
2468000,46.92,43.3,42.44,36.68,36.35
2469000,46.95,43.28,42.51,36.73,36.29
2470000,46.95,43.28,42.51,36.73,36.29
2471000,46.99,43.23,42.59,36.88,36.3
2472000,46.99,43.23,42.59,36.88,36.3
2473000,46.99,43.23,42.59,36.88,36.3
2474000,47.0,43.27,42.55,37.23,36.34
2475000,47.0,43.27,42.55,37.23,36.34
2476000,47.14,43.21,42.46,37.09,36.42
2477000,47.14,43.21,42.46,37.09,36.42
2478000,47.14,43.21,42.46,37.09,36.42
2479000,47.12,43.22,42.43,37.19,36.41
2480000,47.12,43.22,42.43,37.19,36.41
2481000,47.08,43.34,42.28,37.2,36.38
2482000,47.08,43.34,42.28,37.2,36.38
2483000,47.08,43.34,42.28,37.2,36.38
2484000,47.11,43.49,42.43,37.22,36.7
2485000,47.11,43.49,42.43,37.22,36.7
2486000,47.2,43.5,42.48,37.3,36.68
2487000,47.2,43.5,42.48,37.3,36.68
2488000,47.2,43.5,42.48,37.3,36.68
2489000,47.18,43.58,42.45,37.44,36.66
2490000,47.18,43.58,42.45,37.44,36.66
2491000,47.18,43.45,42.5,37.57,36.71
2492000,47.18,43.45,42.5,37.57,36.71
2493000,47.18,43.45,42.5,37.57,36.71
2494000,47.18,43.42,42.52,37.8,36.77
2495000,47.18,43.42,42.52,37.8,36.77
2496000,47.02,43.53,42.56,37.72,36.67
2497000,47.02,43.53,42.56,37.72,36.67
2498000,47.02,43.53,42.56,37.72,36.67
2499000,46.94,43.55,42.5,37.77,36.66
2500000,46.94,43.55,42.5,37.77,36.66
2501000,46.92,43.54,42.52,37.95,36.66
2502000,46.92,43.54,42.52,37.95,36.66
2503000,46.92,43.54,42.52,37.95,36.66
2504000,47.15,43.49,42.6,38.14,36.53
2505000,47.15,43.49,42.6,38.14,36.53
2506000,47.15,43.49,42.6,38.14,36.53
2507000,47.22,43.62,42.66,38.23,36.77
2508000,47.22,43.62,42.66,38.23,36.77
2509000,47.18,43.64,42.72,38.37,36.92
2510000,47.18,43.64,42.72,38.37,36.92
2511000,47.18,43.64,42.72,38.37,36.92
2512000,47.24,43.69,42.61,38.49,36.92
2513000,47.24,43.69,42.61,38.49,36.92
2514000,47.24,43.61,42.54,38.53,37.04
2515000,47.24,43.61,42.54,38.53,37.04
2516000,47.24,43.61,42.54,38.53,37.04
2517000,47.27,43.61,42.54,38.53,37.08
2518000,47.27,43.61,42.54,38.53,37.08
2519000,47.29,43.96,42.6,38.53,36.98
2520000,47.29,43.96,42.6,38.53,36.98
2521000,47.29,43.96,42.6,38.53,36.98
2522000,47.36,43.94,42.7,38.38,37.13
2523000,47.36,43.94,42.7,38.38,37.13
2524000,47.25,43.92,42.83,38.37,37.25
2525000,47.25,43.92,42.83,38.37,37.25
2526000,47.25,43.92,42.83,38.37,37.25
2527000,47.25,43.92,42.77,38.44,37.28
2528000,47.25,43.92,42.77,38.44,37.28
2529000,47.23,43.79,42.91,38.46,37.32
2530000,47.23,43.79,42.91,38.46,37.32
2531000,47.23,43.79,42.91,38.46,37.32
2532000,47.27,43.76,43.02,38.48,37.24
2533000,47.27,43.76,43.02,38.48,37.24
2534000,47.28,43.78,43.14,38.5,37.25
2535000,47.28,43.78,43.14,38.5,37.25
2536000,47.28,43.78,43.14,38.5,37.25
2537000,47.31,43.69,43.16,38.25,37.18
2538000,47.31,43.69,43.16,38.25,37.18
2539000,47.38,43.76,43.26,38.21,37.21
2540000,47.38,43.76,43.26,38.21,37.21
2541000,47.38,43.76,43.26,38.21,37.21
2542000,47.48,43.73,43.25,37.92,37.23
2543000,47.48,43.73,43.25,37.92,37.23
2544000,47.48,43.81,43.32,38.12,37.22
2545000,47.48,43.81,43.32,38.12,37.22
2546000,47.48,43.81,43.32,38.12,37.22
2547000,47.52,43.75,43.52,38.2,37.22
2548000,47.52,43.75,43.52,38.2,37.22
2549000,47.5,43.77,43.57,38.19,37.17
2550000,47.5,43.77,43.57,38.19,37.17
2551000,47.5,43.77,43.57,38.19,37.17
2552000,47.41,43.79,43.68,38.25,37.27
2553000,47.41,43.79,43.68,38.25,37.27
2554000,47.45,43.79,43.63,38.2,37.18
2555000,47.45,43.79,43.63,38.2,37.18
2556000,47.45,43.79,43.63,38.2,37.18
2557000,47.5,43.79,43.57,38.3,37.19
2558000,47.5,43.79,43.57,38.3,37.19
2559000,47.56,43.81,43.58,38.31,37.16
2560000,47.56,43.81,43.58,38.31,37.16
2561000,47.56,43.81,43.58,38.31,37.16
2562000,47.64,43.7,43.58,38.37,37.4
2563000,47.64,43.7,43.58,38.37,37.4
2564000,47.66,43.74,43.59,38.41,37.41
2565000,47.66,43.74,43.59,38.41,37.41
2566000,47.66,43.74,43.59,38.41,37.41
2567000,47.76,43.78,43.7,38.41,37.49
2568000,47.76,43.78,43.7,38.41,37.49
2569000,47.8,43.82,43.83,38.54,37.38
2570000,47.8,43.82,43.83,38.54,37.38
2571000,47.8,43.82,43.83,38.54,37.38
2572000,47.81,43.8,44.03,38.58,37.45
2573000,47.81,43.8,44.03,38.58,37.45
2574000,47.9,43.74,44.07,38.5,37.62
2575000,47.9,43.74,44.07,38.5,37.62
2576000,47.9,43.74,44.07,38.5,37.62
2577000,47.97,43.75,44.04,38.43,37.61
2578000,47.97,43.75,44.04,38.43,37.61
2579000,47.52,43.84,44.06,38.36,37.71
2580000,47.52,43.84,44.06,38.36,37.71
2581000,47.52,43.84,44.06,38.36,37.71
2582000,47.49,43.89,44.15,38.4,37.71
2583000,47.49,43.89,44.15,38.4,37.71
2584000,47.46,43.89,44.16,38.36,37.8
2585000,47.46,43.89,44.16,38.36,37.8
2586000,47.46,43.89,44.16,38.36,37.8
2587000,47.41,43.86,44.25,38.5,38.03
2588000,47.41,43.86,44.25,38.5,38.03
2589000,47.4,43.85,44.16,38.23,38.16
2590000,47.4,43.85,44.16,38.23,38.16
2591000,47.4,43.85,44.16,38.23,38.16
2592000,47.34,43.9,44.22,38.24,38.34
2593000,47.34,43.9,44.22,38.24,38.34
2594000,47.4,43.96,44.41,38.2,38.37
2595000,47.4,43.96,44.41,38.2,38.37
2596000,47.4,43.96,44.41,38.2,38.37
2597000,47.37,43.99,44.39,38.16,38.52
2598000,47.37,43.99,44.39,38.16,38.52
2599000,47.31,44.04,44.54,38.02,38.6
2600000,47.31,44.04,44.54,38.02,38.6
2601000,47.31,44.04,44.54,38.02,38.6
2602000,47.37,44.06,44.41,38.0,38.49
2603000,47.37,44.06,44.41,38.0,38.49
2604000,47.43,44.04,44.35,38.14,38.38
2605000,47.43,44.04,44.35,38.14,38.38
2606000,47.43,44.04,44.35,38.14,38.38
2607000,47.43,44.04,44.37,38.29,38.3
2608000,47.43,44.04,44.37,38.29,38.3
2609000,47.48,43.93,44.3,38.42,38.22
2610000,47.48,43.93,44.3,38.42,38.22
2611000,47.48,43.93,44.3,38.42,38.22
2612000,47.56,43.98,44.37,38.36,38.21
2613000,47.56,43.98,44.37,38.36,38.21
2614000,47.55,43.99,44.42,38.47,38.24
2615000,47.55,43.99,44.42,38.47,38.24
2616000,47.55,43.99,44.42,38.47,38.24
2617000,47.53,44.02,44.58,38.59,38.27
2618000,47.53,44.02,44.58,38.59,38.27
2619000,47.5,43.91,44.66,38.67,38.31
2620000,47.5,43.91,44.66,38.67,38.31
2621000,47.5,43.91,44.66,38.67,38.31
2622000,47.6,43.95,44.67,38.71,38.4
2623000,47.6,43.95,44.67,38.71,38.4
2624000,47.64,43.93,44.78,38.8,38.48
2625000,47.64,43.93,44.78,38.8,38.48
2626000,47.64,43.93,44.78,38.8,38.48
2627000,47.78,43.91,44.88,39.06,38.42
2628000,47.78,43.91,44.88,39.06,38.42
2629000,47.8,43.96,44.84,39.27,38.28
2630000,47.8,43.96,44.84,39.27,38.28
2631000,47.8,43.96,44.84,39.27,38.28
2632000,47.86,44.0,44.75,39.34,38.25
2633000,47.86,44.0,44.75,39.34,38.25
2634000,47.86,43.96,44.9,39.44,38.28
2635000,47.86,43.96,44.9,39.44,38.28
2636000,47.86,43.96,44.9,39.44,38.28
2637000,47.92,43.95,44.91,39.55,38.24
2638000,47.92,43.95,44.91,39.55,38.24
2639000,47.96,43.9,44.98,39.58,38.34
2640000,47.96,43.9,44.98,39.58,38.34
2641000,47.96,43.9,44.98,39.58,38.34
2642000,48.15,43.97,45.05,39.63,38.36
2643000,48.15,43.97,45.05,39.63,38.36
2644000,48.21,44.18,45.09,39.54,38.4
2645000,48.21,44.18,45.09,39.54,38.4
2646000,48.21,44.18,45.09,39.54,38.4
2647000,48.22,44.13,45.09,39.57,38.51
2648000,48.22,44.13,45.09,39.57,38.51
2649000,48.36,44.1,45.06,39.56,38.58
2650000,48.36,44.1,45.06,39.56,38.58
2651000,48.36,44.1,45.06,39.56,38.58
2652000,48.48,44.08,45.0,39.55,38.63
2653000,48.48,44.08,45.0,39.55,38.63
2654000,48.46,43.95,45.0,39.31,38.58
2655000,48.46,43.95,45.0,39.31,38.58
2656000,48.46,43.95,45.0,39.31,38.58
2657000,48.5,44.06,45.05,39.34,38.71
2658000,48.5,44.06,45.05,39.34,38.71
2659000,48.55,44.05,45.08,39.3,38.72
2660000,48.55,44.05,45.08,39.3,38.72
2661000,48.55,44.05,45.08,39.3,38.72
2662000,48.6,43.98,44.99,39.26,38.69
2663000,48.6,43.98,44.99,39.26,38.69
2664000,48.27,43.87,45.03,39.29,38.73
2665000,48.27,43.87,45.03,39.29,38.73
2666000,48.27,43.87,45.03,39.29,38.73
2667000,48.19,43.86,45.0,39.16,38.83
2668000,48.19,43.86,45.0,39.16,38.83
2669000,48.12,43.89,45.05,39.05,38.9
2670000,48.12,43.89,45.05,39.05,38.9
2671000,48.12,43.89,45.05,39.05,38.9
2672000,48.1,44.21,44.95,38.97,39.07
2673000,48.1,44.21,44.95,38.97,39.07
2674000,48.06,44.07,45.07,38.95,38.88
2675000,48.06,44.07,45.07,38.95,38.88
2676000,48.06,44.07,45.07,38.95,38.88
2677000,48.17,44.07,44.94,39.06,38.94
2678000,48.17,44.07,44.94,39.06,38.94
2679000,48.43,44.02,45.07,39.09,38.98
2680000,48.43,44.02,45.07,39.09,38.98
2681000,48.43,44.02,45.07,39.09,38.98
2682000,48.48,44.0,45.04,39.19,39.21
2683000,48.48,44.0,45.04,39.19,39.21
2684000,48.49,44.14,45.02,39.15,39.35
2685000,48.49,44.14,45.02,39.15,39.35
2686000,48.49,44.14,45.02,39.15,39.35
2687000,48.47,44.12,45.16,39.21,39.41
2688000,48.47,44.12,45.16,39.21,39.41
2689000,48.44,44.13,45.05,39.16,39.41
2690000,48.44,44.13,45.05,39.16,39.41
2691000,48.44,44.13,45.05,39.16,39.41
2692000,48.36,44.22,44.88,39.19,39.4
2693000,48.36,44.22,44.88,39.19,39.4
2694000,48.29,44.17,44.78,39.1,39.46
2695000,48.29,44.17,44.78,39.1,39.46
2696000,48.29,44.17,44.78,39.1,39.46
2697000,48.32,44.11,44.8,39.13,39.23
2698000,48.32,44.11,44.8,39.13,39.23
2699000,48.43,44.17,44.83,39.06,39.17
2700000,48.43,44.17,44.83,39.06,39.17
2701000,48.43,44.17,44.83,39.06,39.17
2702000,48.47,44.3,44.98,39.11,39.18
2703000,48.47,44.3,44.98,39.11,39.18
2704000,48.47,44.37,44.95,39.24,39.23
2705000,48.47,44.37,44.95,39.24,39.23
2706000,48.47,44.37,44.95,39.24,39.23
2707000,48.46,44.44,44.98,39.51,39.28
2708000,48.46,44.44,44.98,39.51,39.28
2709000,48.45,44.38,44.94,39.55,39.26
2710000,48.45,44.38,44.94,39.55,39.26
2711000,48.45,44.38,44.94,39.55,39.26
2712000,48.48,44.31,45.03,39.59,39.21
2713000,48.48,44.31,45.03,39.59,39.21
2714000,48.52,44.42,45.07,39.47,39.33
2715000,48.52,44.42,45.07,39.47,39.33
2716000,48.52,44.42,45.07,39.47,39.33
2717000,48.64,44.49,45.04,39.52,39.18
2718000,48.64,44.49,45.04,39.52,39.18
2719000,48.67,44.55,44.99,39.37,39.17
2720000,48.67,44.55,44.99,39.37,39.17
2721000,48.67,44.55,44.99,39.37,39.17
2722000,48.65,44.58,44.76,39.3,39.25
2723000,48.65,44.58,44.76,39.3,39.25
2724000,48.67,44.47,44.89,39.33,39.22
2725000,48.67,44.47,44.89,39.33,39.22
2726000,48.67,44.47,44.89,39.33,39.22
2727000,48.63,44.47,44.93,39.5,39.15
2728000,48.63,44.47,44.93,39.5,39.15
2729000,48.63,44.43,45.04,39.59,39.18
2730000,48.63,44.43,45.04,39.59,39.18
2731000,48.63,44.43,45.04,39.59,39.18
2732000,48.64,44.43,45.21,39.6,39.25
2733000,48.64,44.43,45.21,39.6,39.25
2734000,48.59,44.4,45.2,39.63,39.23
2735000,48.59,44.4,45.2,39.63,39.23
2736000,48.59,44.4,45.2,39.63,39.23
2737000,48.56,44.53,45.22,39.59,39.36
2738000,48.56,44.53,45.22,39.59,39.36
2739000,48.52,44.6,45.23,39.51,39.31
2740000,48.52,44.6,45.23,39.51,39.31
2741000,48.52,44.6,45.23,39.51,39.31
2742000,48.51,44.73,45.12,39.5,39.33
2743000,48.51,44.73,45.12,39.5,39.33
2744000,48.55,44.81,45.04,39.44,39.19
2745000,48.55,44.81,45.04,39.44,39.19
2746000,48.55,44.81,45.04,39.44,39.19
2747000,48.73,44.82,45.08,39.45,39.33
2748000,48.73,44.82,45.08,39.45,39.33
2749000,48.71,44.88,45.36,39.45,39.28
2750000,48.71,44.88,45.36,39.45,39.28
2751000,48.71,44.88,45.36,39.45,39.28
2752000,48.73,45.0,45.31,39.46,39.45
2753000,48.73,45.0,45.31,39.46,39.45
2754000,48.72,45.07,45.1,39.51,39.55
2755000,48.72,45.07,45.1,39.51,39.55
2756000,48.72,45.07,45.1,39.51,39.55
2757000,48.72,45.11,45.08,39.51,39.47
2758000,48.72,45.11,45.08,39.51,39.47
2759000,48.77,45.15,45.1,39.45,39.52
2760000,48.77,45.15,45.1,39.45,39.52
2761000,48.77,45.15,45.1,39.45,39.52
2762000,48.79,45.26,45.19,39.5,39.53
2763000,48.79,45.26,45.19,39.5,39.53
2764000,48.87,45.34,45.17,39.45,39.45
2765000,48.87,45.34,45.17,39.45,39.45
2766000,48.87,45.34,45.17,39.45,39.45
2767000,48.85,45.41,45.11,39.1,39.46
2768000,48.85,45.41,45.11,39.1,39.46
2769000,48.8,45.44,45.18,38.95,39.54
2770000,48.8,45.44,45.18,38.95,39.54
2771000,48.8,45.44,45.18,38.95,39.54
2772000,48.77,45.0,45.14,39.04,39.18
2773000,48.77,45.0,45.14,39.04,39.18
2774000,48.9,44.88,45.09,38.76,39.14
2775000,48.9,44.88,45.09,38.76,39.14
2776000,48.9,44.88,45.09,38.76,39.14
2777000,48.92,44.87,45.21,38.6,39.24
2778000,48.92,44.87,45.21,38.6,39.24
2779000,48.97,45.02,45.2,38.61,39.26
2780000,48.97,45.02,45.2,38.61,39.26
2781000,48.97,45.02,45.2,38.61,39.26
2782000,48.95,45.05,45.19,38.66,39.21
2783000,48.95,45.05,45.19,38.66,39.21
2784000,49.0,44.96,45.07,38.56,39.04
2785000,49.0,44.96,45.07,38.56,39.04
2786000,49.0,44.96,45.07,38.56,39.04
2787000,49.03,44.96,45.09,38.64,39.07
2788000,49.03,44.96,45.09,38.64,39.07
2789000,49.0,44.94,45.04,38.69,39.1
2790000,49.0,44.94,45.04,38.69,39.1
2791000,49.0,44.94,45.04,38.69,39.1
2792000,48.92,44.99,45.08,39.02,39.05
2793000,48.92,44.99,45.08,39.02,39.05
2794000,48.8,45.11,45.02,38.98,38.99
2795000,48.8,45.11,45.02,38.98,38.99
2796000,48.8,45.11,45.02,38.98,38.99
2797000,48.74,45.12,44.98,38.89,39.09
2798000,48.74,45.12,44.98,38.89,39.09
2799000,48.72,45.14,44.89,38.96,39.24
2800000,48.72,45.14,44.89,38.96,39.24
2801000,48.72,45.14,44.89,38.96,39.24
2802000,48.79,45.03,44.92,38.91,39.17
2803000,48.79,45.03,44.92,38.91,39.17
2804000,48.81,45.04,44.97,39.02,39.16
2805000,48.81,45.04,44.97,39.02,39.16
2806000,48.81,45.04,44.97,39.02,39.16
2807000,48.79,45.14,44.93,39.03,39.28
2808000,48.79,45.14,44.93,39.03,39.28
2809000,48.74,45.09,44.81,38.87,39.27
2810000,48.74,45.09,44.81,38.87,39.27
2811000,48.74,45.09,44.81,38.87,39.27
2812000,48.71,45.21,44.74,38.89,39.21
2813000,48.71,45.21,44.74,38.89,39.21
2814000,48.79,45.17,44.64,38.92,39.24
2815000,48.79,45.17,44.64,38.92,39.24
2816000,48.79,45.17,44.64,38.92,39.24
2817000,48.74,45.02,44.58,38.92,39.26
2818000,48.74,45.02,44.58,38.92,39.26
2819000,48.76,44.81,44.6,38.79,39.29
2820000,48.76,44.81,44.6,38.79,39.29
2821000,48.76,44.81,44.6,38.79,39.29
2822000,48.78,44.81,44.68,38.64,39.27
2823000,48.78,44.81,44.68,38.64,39.27
2824000,48.7,44.8,44.79,38.73,39.06
2825000,48.7,44.8,44.79,38.73,39.06
2826000,48.7,44.8,44.79,38.73,39.06
2827000,48.68,44.59,44.86,38.8,39.08
2828000,48.68,44.59,44.86,38.8,39.08
2829000,49.17,44.55,44.97,38.88,39.08
2830000,49.17,44.55,44.97,38.88,39.08
2831000,49.17,44.55,44.97,38.88,39.08
2832000,49.24,44.58,44.92,38.93,39.05
2833000,49.24,44.58,44.92,38.93,39.05
2834000,49.29,44.47,44.99,38.96,39.08
2835000,49.29,44.47,44.99,38.96,39.08
2836000,49.29,44.47,44.99,38.96,39.08
2837000,49.33,44.41,44.99,39.01,39.01
2838000,49.33,44.41,44.99,39.01,39.01
2839000,49.34,44.27,45.13,39.31,39.01
2840000,49.34,44.27,45.13,39.31,39.01
2841000,49.34,44.27,45.13,39.31,39.01
2842000,49.38,44.24,45.04,39.27,39.0
2843000,49.38,44.24,45.04,39.27,39.0
2844000,49.45,44.25,44.9,39.32,39.0
2845000,49.45,44.25,44.9,39.32,39.0
2846000,49.45,44.25,44.9,39.32,39.0
2847000,49.49,44.31,44.95,39.35,38.97
2848000,49.49,44.31,44.95,39.35,38.97
2849000,49.54,44.4,44.91,39.48,38.92
2850000,49.54,44.4,44.91,39.48,38.92
2851000,49.54,44.4,44.91,39.48,38.92
2852000,49.52,44.35,45.05,39.39,39.18
2853000,49.52,44.35,45.05,39.39,39.18
2854000,49.5,44.34,45.14,39.35,39.2
2855000,49.5,44.34,45.14,39.35,39.2
2856000,49.5,44.34,45.14,39.35,39.2
2857000,49.57,44.36,45.1,39.4,39.45
2858000,49.57,44.36,45.1,39.4,39.45
2859000,49.45,44.48,45.15,39.32,39.5
2860000,49.45,44.48,45.15,39.32,39.5
2861000,49.45,44.48,45.15,39.32,39.5
2862000,49.36,44.39,45.15,39.32,39.54
2863000,49.36,44.39,45.15,39.32,39.54
2864000,49.34,44.41,45.15,39.21,39.43
2865000,49.34,44.41,45.15,39.21,39.43
2866000,49.34,44.41,45.15,39.21,39.43
2867000,49.32,44.3,45.16,39.24,39.43
2868000,49.32,44.3,45.16,39.24,39.43
2869000,49.34,44.37,45.08,39.24,39.32
2870000,49.34,44.37,45.08,39.24,39.32
2871000,49.34,44.37,45.08,39.24,39.32
2872000,49.32,44.34,45.01,39.22,39.3
2873000,49.32,44.34,45.01,39.22,39.3
2874000,49.3,44.32,45.01,39.22,39.28
2875000,49.3,44.32,45.01,39.22,39.28
2876000,49.3,44.32,45.01,39.22,39.28
2877000,49.29,44.3,44.95,39.22,39.39
2878000,49.29,44.3,44.95,39.22,39.39
2879000,49.31,44.33,44.95,39.2,39.44
2880000,49.31,44.33,44.95,39.2,39.44
2881000,49.31,44.33,44.95,39.2,39.44
2882000,49.25,44.42,45.1,39.22,39.45
2883000,49.25,44.42,45.1,39.22,39.45
2884000,49.19,44.38,45.14,39.19,39.43
2885000,49.19,44.38,45.14,39.19,39.43
2886000,49.19,44.38,45.14,39.19,39.43
2887000,49.24,44.38,45.18,39.28,39.48
2888000,49.24,44.38,45.18,39.28,39.48
2889000,49.18,43.96,45.19,39.34,39.43
2890000,49.18,43.96,45.19,39.34,39.43
2891000,49.18,43.96,45.19,39.34,39.43
2892000,49.15,43.95,45.21,39.47,39.5
2893000,49.15,43.95,45.21,39.47,39.5
2894000,49.2,44.03,45.25,39.39,39.51
2895000,49.2,44.03,45.25,39.39,39.51
2896000,49.2,44.03,45.25,39.39,39.51
2897000,49.25,44.02,45.15,39.35,39.54
2898000,49.25,44.02,45.15,39.35,39.54
2899000,49.06,44.04,45.16,39.37,39.6
2900000,49.06,44.04,45.16,39.37,39.6
2901000,49.06,44.04,45.16,39.37,39.6
2902000,48.95,44.03,45.24,39.35,39.53
2903000,48.95,44.03,45.24,39.35,39.53
2904000,48.98,44.13,45.34,39.59,39.53
2905000,48.98,44.13,45.34,39.59,39.53
2906000,48.98,44.13,45.34,39.59,39.53
2907000,48.86,44.01,45.3,39.72,39.42
2908000,48.86,44.01,45.3,39.72,39.42
2909000,48.68,44.04,45.32,39.77,39.42
2910000,48.68,44.04,45.32,39.77,39.42
2911000,48.68,44.04,45.32,39.77,39.42
2912000,48.61,44.14,45.45,39.82,39.41
2913000,48.61,44.14,45.45,39.82,39.41
2914000,48.94,44.2,45.31,39.79,39.32
2915000,48.94,44.2,45.31,39.79,39.32
2916000,48.94,44.2,45.31,39.79,39.32
2917000,49.12,44.18,45.38,40.0,39.29
2918000,49.12,44.18,45.38,40.0,39.29
2919000,49.16,44.15,45.33,39.93,39.26
2920000,49.16,44.15,45.33,39.93,39.26
2921000,49.16,44.15,45.33,39.93,39.26
2922000,49.23,44.08,45.38,39.99,39.3
2923000,49.23,44.08,45.38,39.99,39.3
2924000,49.26,44.22,45.26,40.0,39.46
2925000,49.26,44.22,45.26,40.0,39.46
2926000,49.26,44.22,45.26,40.0,39.46
2927000,49.27,44.27,45.25,39.96,39.52
2928000,49.27,44.27,45.25,39.96,39.52
2929000,49.3,44.34,45.28,39.6,39.47
2930000,49.3,44.34,45.28,39.6,39.47
2931000,49.3,44.34,45.28,39.6,39.47
2932000,49.36,44.35,45.34,39.4,39.41
2933000,49.36,44.35,45.34,39.4,39.41
2934000,49.38,44.2,45.33,39.39,39.37
2935000,49.38,44.2,45.33,39.39,39.37
2936000,49.38,44.2,45.33,39.39,39.37
2937000,49.47,44.31,45.37,39.47,39.23
2938000,49.47,44.31,45.37,39.47,39.23
2939000,49.55,44.3,45.5,39.38,39.19
2940000,49.55,44.3,45.5,39.38,39.19
2941000,49.55,44.3,45.5,39.38,39.19
2942000,49.69,44.31,45.64,39.4,39.24
2943000,49.69,44.31,45.64,39.4,39.24
2944000,49.66,44.34,45.74,39.26,39.25
2945000,49.66,44.34,45.74,39.26,39.25
2946000,49.66,44.34,45.74,39.26,39.25
2947000,49.6,44.45,45.79,39.23,39.52
2948000,49.6,44.45,45.79,39.23,39.52
2949000,49.55,44.35,45.85,39.11,39.62
2950000,49.55,44.35,45.85,39.11,39.62
2951000,49.55,44.35,45.85,39.11,39.62
2952000,49.51,44.34,45.87,39.06,39.56
2953000,49.51,44.34,45.87,39.06,39.56
2954000,49.53,44.24,45.8,39.05,39.38
2955000,49.53,44.24,45.8,39.05,39.38
2956000,49.53,44.24,45.8,39.05,39.38
2957000,49.68,44.18,45.67,38.89,39.53
2958000,49.68,44.18,45.67,38.89,39.53
2959000,49.74,44.22,45.7,38.9,39.35
2960000,49.74,44.22,45.7,38.9,39.35
2961000,49.74,44.22,45.7,38.9,39.35
2962000,49.67,44.29,45.71,38.88,39.36
2963000,49.67,44.29,45.71,38.88,39.36
2964000,49.64,44.26,45.65,39.01,39.41
2965000,49.64,44.26,45.65,39.01,39.41
2966000,49.64,44.26,45.65,39.01,39.41
2967000,49.66,44.26,45.7,38.99,39.53
2968000,49.66,44.26,45.7,38.99,39.53
2969000,49.59,44.26,45.76,39.04,39.36
2970000,49.59,44.26,45.76,39.04,39.36
2971000,49.59,44.26,45.76,39.04,39.36
2972000,49.58,44.36,45.99,39.06,38.93
2973000,49.58,44.36,45.99,39.06,38.93
2974000,49.46,44.5,45.92,39.04,38.77
2975000,49.46,44.5,45.92,39.04,38.77
2976000,49.46,44.5,45.92,39.04,38.77
2977000,49.51,44.56,45.83,39.02,38.89
2978000,49.51,44.56,45.83,39.02,38.89
2979000,49.53,44.56,45.72,38.97,38.77
2980000,49.53,44.56,45.72,38.97,38.77
2981000,49.53,44.56,45.72,38.97,38.77
2982000,49.46,44.49,45.71,38.92,38.66
2983000,49.46,44.49,45.71,38.92,38.66
2984000,49.55,44.58,45.77,38.89,38.65
2985000,49.55,44.58,45.77,38.89,38.65
2986000,49.55,44.58,45.77,38.89,38.65
2987000,49.55,44.53,45.77,38.84,38.53
2988000,49.55,44.53,45.77,38.84,38.53
2989000,49.63,44.35,45.78,38.98,38.24
2990000,49.63,44.35,45.78,38.98,38.24
2991000,49.63,44.35,45.78,38.98,38.24
2992000,49.68,44.2,45.85,38.92,38.22
2993000,49.68,44.2,45.85,38.92,38.22
2994000,49.63,44.18,45.95,39.01,38.34
2995000,49.63,44.18,45.95,39.01,38.34
2996000,49.63,44.18,45.95,39.01,38.34
2997000,49.54,44.15,46.01,38.9,38.0
2998000,49.54,44.15,46.01,38.9,38.0
2999000,49.63,44.08,45.94,38.97,38.03
3000000,49.63,44.08,45.94,38.97,38.03
3001000,49.63,44.08,45.94,38.97,38.03
3002000,49.62,44.03,45.99,38.97,37.91
3003000,49.62,44.03,45.99,38.97,37.91
3004000,49.67,44.05,46.24,39.04,37.85
3005000,49.67,44.05,46.24,39.04,37.85
3006000,49.67,44.05,46.24,39.04,37.85
3007000,49.62,43.93,45.88,39.14,37.79
3008000,49.62,43.93,45.88,39.14,37.79
3009000,49.62,43.44,45.88,39.1,37.69
3010000,49.62,43.44,45.88,39.1,37.69
3011000,49.62,43.44,45.88,39.1,37.69
3012000,49.63,43.29,45.91,39.13,37.52
3013000,49.63,43.29,45.91,39.13,37.52
3014000,49.63,43.28,45.86,39.14,37.52
3015000,49.63,43.28,45.86,39.14,37.52
3016000,49.63,43.28,45.86,39.14,37.52
3017000,49.52,43.08,45.88,39.5,37.43
3018000,49.52,43.08,45.88,39.5,37.43
3019000,49.35,43.08,45.86,39.69,37.45
3020000,49.35,43.08,45.86,39.69,37.45
3021000,49.35,43.08,45.86,39.69,37.45
3022000,49.27,43.49,45.86,39.7,37.69
3023000,49.27,43.49,45.86,39.7,37.69
3024000,49.18,43.7,45.75,40.01,37.72
3025000,49.18,43.7,45.75,40.01,37.72
3026000,49.18,43.7,45.75,40.01,37.72
3027000,49.2,43.78,45.69,40.04,37.63
3028000,49.2,43.78,45.69,40.04,37.63
3029000,49.18,43.79,45.6,40.04,37.7
3030000,49.18,43.79,45.6,40.04,37.7
3031000,49.18,43.79,45.6,40.04,37.7
3032000,49.01,43.81,45.67,40.0,37.91
3033000,49.01,43.81,45.67,40.0,37.91
3034000,48.99,43.8,45.75,40.09,38.09
3035000,48.99,43.8,45.75,40.09,38.09
3036000,48.99,43.8,45.75,40.09,38.09
3037000,49.01,43.92,45.65,40.21,38.14
3038000,49.01,43.92,45.65,40.21,38.14
3039000,49.05,43.97,45.59,40.07,38.16
3040000,49.05,43.97,45.59,40.07,38.16
3041000,49.05,43.97,45.59,40.07,38.16
3042000,48.82,44.07,45.55,40.09,38.29
3043000,48.82,44.07,45.55,40.09,38.29
3044000,48.92,44.05,45.54,40.13,38.3
3045000,48.92,44.05,45.54,40.13,38.3
3046000,48.92,44.05,45.54,40.13,38.3
3047000,48.99,44.08,45.56,40.27,38.22
3048000,48.99,44.08,45.56,40.27,38.22
3049000,49.08,44.0,45.47,40.22,38.19
3050000,49.08,44.0,45.47,40.22,38.19
3051000,49.08,44.0,45.47,40.22,38.19
3052000,49.1,44.17,45.31,40.18,38.11
3053000,49.1,44.17,45.31,40.18,38.11
3054000,49.1,44.13,45.34,40.12,38.15
3055000,49.1,44.13,45.34,40.12,38.15
3056000,49.1,44.13,45.34,40.12,38.15
3057000,49.14,44.16,45.38,40.07,38.01
3058000,49.14,44.16,45.38,40.07,38.01
3059000,49.14,44.2,45.49,40.08,37.85
3060000,49.14,44.2,45.49,40.08,37.85
3061000,49.14,44.2,45.49,40.08,37.85
3062000,49.23,44.2,45.43,40.06,37.84
3063000,49.23,44.2,45.43,40.06,37.84
3064000,49.2,44.13,45.44,40.05,37.77
3065000,49.2,44.13,45.44,40.05,37.77
3066000,49.2,44.13,45.44,40.05,37.77
3067000,49.27,44.33,45.52,40.13,37.7
3068000,49.27,44.33,45.52,40.13,37.7
3069000,49.27,44.36,45.47,40.08,37.78
3070000,49.27,44.36,45.47,40.08,37.78
3071000,49.27,44.36,45.47,40.08,37.78
3072000,49.33,44.35,45.36,40.17,37.69
3073000,49.33,44.35,45.36,40.17,37.69
3074000,49.4,44.08,45.27,40.15,37.66
3075000,49.4,44.08,45.27,40.15,37.66
3076000,49.4,44.08,45.27,40.15,37.66
3077000,49.42,44.31,45.2,40.11,37.61
3078000,49.42,44.31,45.2,40.11,37.61
3079000,49.39,44.3,45.07,39.81,37.43
3080000,49.39,44.3,45.07,39.81,37.43
3081000,49.39,44.3,45.07,39.81,37.43
3082000,49.4,44.27,45.1,39.67,37.41
3083000,49.4,44.27,45.1,39.67,37.41
3084000,49.41,44.26,45.01,39.69,37.3
3085000,49.41,44.26,45.01,39.69,37.3
3086000,49.41,44.26,45.01,39.69,37.3
3087000,49.42,44.34,44.83,39.61,37.27
3088000,49.42,44.34,44.83,39.61,37.27
3089000,49.41,44.44,44.79,39.58,37.25
3090000,49.41,44.44,44.79,39.58,37.25
3091000,49.41,44.44,44.79,39.58,37.25
3092000,49.32,44.49,44.89,39.67,37.23
3093000,49.32,44.49,44.89,39.67,37.23
3094000,49.3,44.54,44.99,39.67,37.15
3095000,49.3,44.54,44.99,39.67,37.15
3096000,49.3,44.54,44.99,39.67,37.15
3097000,49.22,44.44,44.99,39.73,37.19
3098000,49.22,44.44,44.99,39.73,37.19
3099000,49.08,44.39,44.95,39.83,37.19
3100000,49.08,44.39,44.95,39.83,37.19
3101000,49.08,44.39,44.95,39.83,37.19
3102000,49.05,44.45,44.96,39.86,37.15
3103000,49.05,44.45,44.96,39.86,37.15
3104000,49.05,44.49,44.91,39.87,37.19
3105000,49.05,44.49,44.91,39.87,37.19
3106000,49.05,44.49,44.91,39.87,37.19
3107000,48.96,44.25,44.93,39.62,37.06
3108000,48.96,44.25,44.93,39.62,37.06
3109000,49.04,44.12,45.01,39.62,37.0
3110000,49.04,44.12,45.01,39.62,37.0
3111000,49.04,44.12,45.01,39.62,37.0
3112000,49.03,44.12,44.96,39.73,36.92
3113000,49.03,44.12,44.96,39.73,36.92
3114000,49.09,44.12,44.97,39.85,37.0
3115000,49.09,44.12,44.97,39.85,37.0
3116000,49.09,44.12,44.97,39.85,37.0
3117000,49.15,44.13,44.93,39.85,36.99
3118000,49.15,44.13,44.93,39.85,36.99
3119000,49.17,44.15,45.03,39.69,37.11
3120000,49.17,44.15,45.03,39.69,37.11
3121000,49.17,44.15,45.03,39.69,37.11
3122000,49.14,44.13,45.08,39.75,37.08
3123000,49.14,44.13,45.08,39.75,37.08
3124000,49.14,44.14,44.93,39.68,37.13
3125000,49.14,44.14,44.93,39.68,37.13
3126000,49.14,44.14,44.93,39.68,37.13
3127000,49.12,44.16,44.95,39.65,37.04
3128000,49.12,44.16,44.95,39.65,37.04
3129000,49.13,44.11,45.0,39.66,37.12
3130000,49.13,44.11,45.0,39.66,37.12
3131000,49.13,44.11,45.0,39.66,37.12
3132000,49.17,44.07,44.97,39.45,37.14
3133000,49.17,44.07,44.97,39.45,37.14
3134000,49.21,44.17,44.96,39.43,37.2
3135000,49.21,44.17,44.96,39.43,37.2
3136000,49.21,44.17,44.96,39.43,37.2
3137000,49.22,44.12,45.0,39.3,37.2
3138000,49.22,44.12,45.0,39.3,37.2
3139000,49.28,44.54,44.97,39.25,37.22
3140000,49.28,44.54,44.97,39.25,37.22
3141000,49.28,44.54,44.97,39.25,37.22
3142000,49.29,44.49,44.88,39.14,37.25
3143000,49.29,44.49,44.88,39.14,37.25
3144000,49.26,44.47,44.73,39.24,37.3
3145000,49.26,44.47,44.73,39.24,37.3
3146000,49.26,44.47,44.73,39.24,37.3
3147000,49.32,44.49,44.7,39.26,37.35
3148000,49.32,44.49,44.7,39.26,37.35
3149000,49.56,44.56,44.73,39.3,37.42
3150000,49.56,44.56,44.73,39.3,37.42
3151000,49.56,44.56,44.73,39.3,37.42
3152000,49.62,44.51,44.79,39.33,37.55
3153000,49.62,44.51,44.79,39.33,37.55
3154000,49.72,44.42,44.67,39.29,37.3
3155000,49.72,44.42,44.67,39.29,37.3
3156000,49.72,44.42,44.67,39.29,37.3
3157000,49.84,44.55,44.48,39.26,37.23
3158000,49.84,44.55,44.48,39.26,37.23
3159000,50.1,44.54,44.48,39.22,37.08
3160000,50.1,44.54,44.48,39.22,37.08
3161000,50.1,44.54,44.48,39.22,37.08
3162000,50.13,44.45,44.45,39.24,36.96
3163000,50.13,44.45,44.45,39.24,36.96
3164000,50.17,44.45,44.58,39.19,36.97
3165000,50.17,44.45,44.58,39.19,36.97
3166000,50.17,44.45,44.58,39.19,36.97
3167000,50.23,44.45,44.41,39.12,36.79
3168000,50.23,44.45,44.41,39.12,36.79
3169000,50.36,44.49,44.38,39.2,36.75
3170000,50.36,44.49,44.38,39.2,36.75
3171000,50.36,44.49,44.38,39.2,36.75
3172000,50.36,44.58,44.35,39.27,36.7
3173000,50.36,44.58,44.35,39.27,36.7
3174000,50.35,44.57,44.38,39.26,36.64
3175000,50.35,44.57,44.38,39.26,36.64
3176000,50.35,44.57,44.38,39.26,36.64
3177000,50.42,44.56,44.32,39.17,36.67
3178000,50.42,44.56,44.32,39.17,36.67
3179000,50.43,44.48,44.29,39.38,36.66
3180000,50.43,44.48,44.29,39.38,36.66
3181000,50.43,44.48,44.29,39.38,36.66
3182000,50.42,44.47,44.27,39.65,36.54
3183000,50.42,44.47,44.27,39.65,36.54
3184000,50.38,44.64,44.33,39.66,36.61
3185000,50.38,44.64,44.33,39.66,36.61
3186000,50.38,44.64,44.33,39.66,36.61
3187000,50.24,44.65,44.33,39.66,36.82
3188000,50.24,44.65,44.33,39.66,36.82
3189000,50.23,44.62,44.27,39.83,36.84
3190000,50.23,44.62,44.27,39.83,36.84
3191000,50.23,44.62,44.27,39.83,36.84
3192000,50.2,44.64,44.29,39.86,36.81
3193000,50.2,44.64,44.29,39.86,36.81
3194000,50.32,44.56,44.24,40.01,36.77
3195000,50.32,44.56,44.24,40.01,36.77
3196000,50.32,44.56,44.24,40.01,36.77
3197000,50.33,44.56,44.11,39.97,36.8
3198000,50.33,44.56,44.11,39.97,36.8
3199000,50.36,44.66,44.07,40.1,36.8
3200000,50.36,44.66,44.07,40.1,36.8
3201000,50.36,44.66,44.07,40.1,36.8
3202000,50.38,44.64,43.9,40.12,36.51
3203000,50.38,44.64,43.9,40.12,36.51
3204000,50.4,44.69,44.0,40.05,36.68
3205000,50.4,44.69,44.0,40.05,36.68
3206000,50.4,44.69,44.0,40.05,36.68
3207000,50.37,44.79,44.12,40.13,36.49
3208000,50.37,44.79,44.12,40.13,36.49
3209000,50.23,44.88,44.11,40.12,36.55
3210000,50.23,44.88,44.11,40.12,36.55
3211000,50.23,44.88,44.11,40.12,36.55
3212000,50.29,44.74,44.01,40.13,36.52
3213000,50.29,44.74,44.01,40.13,36.52
3214000,50.3,44.65,44.07,40.13,36.21
3215000,50.3,44.65,44.07,40.13,36.21
3216000,50.3,44.65,44.07,40.13,36.21
3217000,50.3,44.7,43.93,40.06,36.05
3218000,50.3,44.7,43.93,40.06,36.05
3219000,50.31,44.72,43.9,40.17,36.14
3220000,50.31,44.72,43.9,40.17,36.14
3221000,50.31,44.72,43.9,40.17,36.14
3222000,50.27,44.66,43.87,40.19,36.36
3223000,50.27,44.66,43.87,40.19,36.36
3224000,50.34,44.57,43.85,40.17,36.61
3225000,50.34,44.57,43.85,40.17,36.61
3226000,50.34,44.57,43.85,40.17,36.61
3227000,50.33,44.57,43.97,40.04,36.52
3228000,50.33,44.57,43.97,40.04,36.52
3229000,50.41,44.6,44.09,40.04,36.59
3230000,50.41,44.6,44.09,40.04,36.59
3231000,50.41,44.6,44.09,40.04,36.59
3232000,50.5,44.69,44.11,40.01,36.46
3233000,50.5,44.69,44.11,40.01,36.46
3234000,50.47,44.61,44.04,40.05,36.48
3235000,50.47,44.61,44.04,40.05,36.48
3236000,50.47,44.61,44.04,40.05,36.48
3237000,50.44,44.66,44.13,40.02,36.54
3238000,50.44,44.66,44.13,40.02,36.54
3239000,50.36,44.74,44.14,39.94,36.89
3240000,50.36,44.74,44.14,39.94,36.89
3241000,50.36,44.74,44.14,39.94,36.89
3242000,50.37,44.84,44.13,40.08,36.78
3243000,50.37,44.84,44.13,40.08,36.78
3244000,50.38,44.85,44.16,40.0,36.77
3245000,50.38,44.85,44.16,40.0,36.77
3246000,50.38,44.85,44.16,40.0,36.77
3247000,50.47,44.87,44.11,40.1,37.03
3248000,50.47,44.87,44.11,40.1,37.03
3249000,50.5,44.88,44.01,40.06,37.02
3250000,50.5,44.88,44.01,40.06,37.02
3251000,50.5,44.88,44.01,40.06,37.02
3252000,50.42,44.83,44.0,40.05,37.23
3253000,50.42,44.83,44.0,40.05,37.23
3254000,50.33,44.78,43.98,39.97,37.26
3255000,50.33,44.78,43.98,39.97,37.26
3256000,50.33,44.78,43.98,39.97,37.26
3257000,50.38,44.74,44.34,39.83,37.22
3258000,50.38,44.74,44.34,39.83,37.22
3259000,50.42,45.23,44.39,39.86,37.24
3260000,50.42,45.23,44.39,39.86,37.24
3261000,50.42,45.23,44.39,39.86,37.24
3262000,50.36,45.36,44.44,39.85,37.45
3263000,50.36,45.36,44.44,39.85,37.45
3264000,50.27,45.36,44.58,39.94,37.47
3265000,50.27,45.36,44.58,39.94,37.47
3266000,50.27,45.36,44.58,39.94,37.47
3267000,50.4,45.47,44.63,39.9,37.59
3268000,50.4,45.47,44.63,39.9,37.59
3269000,50.65,45.41,44.66,39.62,37.51
3270000,50.65,45.41,44.66,39.62,37.51
3271000,50.65,45.41,44.66,39.62,37.51
3272000,50.77,45.5,44.67,39.6,37.56
3273000,50.77,45.5,44.67,39.6,37.56
3274000,50.84,45.17,44.79,39.53,37.62
3275000,50.84,45.17,44.79,39.53,37.62
3276000,50.84,45.17,44.79,39.53,37.62
3277000,50.85,45.11,44.81,39.4,37.61
3278000,50.85,45.11,44.81,39.4,37.61
3279000,50.88,45.0,44.93,39.45,37.63
3280000,50.88,45.0,44.93,39.45,37.63
3281000,50.88,45.0,44.93,39.45,37.63
3282000,50.99,44.93,44.88,39.56,37.54
3283000,50.99,44.93,44.88,39.56,37.54
3284000,50.94,44.83,44.86,39.56,37.41
3285000,50.94,44.83,44.86,39.56,37.41
3286000,50.94,44.83,44.86,39.56,37.41
3287000,50.93,44.73,44.96,39.5,37.38
3288000,50.93,44.73,44.96,39.5,37.38
3289000,50.91,44.62,44.94,39.69,37.28
3290000,50.91,44.62,44.94,39.69,37.28
3291000,50.91,44.62,44.94,39.69,37.28
3292000,51.19,44.49,44.98,39.5,37.22
3293000,51.19,44.49,44.98,39.5,37.22
3294000,51.26,44.47,45.06,39.45,37.23
3295000,51.26,44.47,45.06,39.45,37.23
3296000,51.26,44.47,45.06,39.45,37.23
3297000,51.17,44.41,45.02,39.38,37.28
3298000,51.17,44.41,45.02,39.38,37.28
3299000,51.11,44.45,45.16,39.44,37.23
3300000,51.11,44.45,45.16,39.44,37.23
3301000,51.11,44.45,45.16,39.44,37.23
3302000,51.13,44.42,45.3,39.45,37.3
3303000,51.13,44.42,45.3,39.45,37.3
3304000,51.13,44.34,45.32,39.42,37.09
3305000,51.13,44.34,45.32,39.42,37.09
3306000,51.13,44.34,45.32,39.42,37.09
3307000,51.13,44.25,45.4,39.44,36.88
3308000,51.13,44.25,45.4,39.44,36.88
3309000,51.15,44.32,45.43,39.27,37.05
3310000,51.15,44.32,45.43,39.27,37.05
3311000,51.15,44.32,45.43,39.27,37.05
3312000,51.12,44.27,45.51,39.21,37.04
3313000,51.12,44.27,45.51,39.21,37.04
3314000,51.15,44.35,45.51,39.15,36.88
3315000,51.15,44.35,45.51,39.15,36.88
3316000,51.15,44.35,45.51,39.15,36.88
3317000,51.1,44.12,45.53,39.11,36.97
3318000,51.1,44.12,45.53,39.11,36.97
3319000,51.1,44.25,45.56,39.29,36.88
3320000,51.1,44.25,45.56,39.29,36.88
3321000,51.1,44.25,45.56,39.29,36.88
3322000,51.04,44.31,45.74,39.15,36.92
3323000,51.04,44.31,45.74,39.15,36.92
3324000,50.96,44.56,45.74,39.03,36.99
3325000,50.96,44.56,45.74,39.03,36.99
3326000,50.96,44.56,45.74,39.03,36.99
3327000,50.97,44.56,45.76,39.11,37.13
3328000,50.97,44.56,45.76,39.11,37.13
3329000,50.99,44.65,45.85,39.28,37.16
3330000,50.99,44.65,45.85,39.28,37.16
3331000,50.99,44.65,45.85,39.28,37.16
3332000,51.01,44.48,45.82,39.39,37.13
3333000,51.01,44.48,45.82,39.39,37.13
3334000,51.03,44.63,45.83,39.36,37.22
3335000,51.03,44.63,45.83,39.36,37.22
3336000,51.03,44.63,45.83,39.36,37.22
3337000,51.08,44.66,46.01,39.21,37.23
3338000,51.08,44.66,46.01,39.21,37.23
3339000,51.14,44.72,46.04,39.12,37.29
3340000,51.14,44.72,46.04,39.12,37.29
3341000,51.14,44.72,46.04,39.12,37.29
3342000,51.28,44.67,45.83,39.11,37.23
3343000,51.28,44.67,45.83,39.11,37.23
3344000,51.31,44.65,45.87,38.97,37.28
3345000,51.31,44.65,45.87,38.97,37.28
3346000,51.31,44.65,45.87,38.97,37.28
3347000,51.1,44.77,45.83,38.89,37.21
3348000,51.1,44.77,45.83,38.89,37.21
3349000,51.26,44.81,45.92,38.81,37.29
3350000,51.26,44.81,45.92,38.81,37.29
3351000,51.26,44.81,45.92,38.81,37.29
3352000,51.31,44.82,45.93,38.85,37.28
3353000,51.31,44.82,45.93,38.85,37.28
3354000,51.35,44.74,45.92,38.76,37.27
3355000,51.35,44.74,45.92,38.76,37.27
3356000,51.35,44.74,45.92,38.76,37.27
3357000,51.33,44.95,45.99,38.9,37.31
3358000,51.33,44.95,45.99,38.9,37.31
3359000,51.39,45.02,45.93,39.03,37.37
3360000,51.39,45.02,45.93,39.03,37.37
3361000,51.39,45.02,45.93,39.03,37.37
3362000,51.46,45.13,45.94,38.95,37.45
3363000,51.46,45.13,45.94,38.95,37.45
3364000,51.33,45.09,45.86,38.87,37.5
3365000,51.33,45.09,45.86,38.87,37.5
3366000,51.33,45.09,45.86,38.87,37.5
3367000,51.32,45.05,45.9,38.86,37.36
3368000,51.32,45.05,45.9,38.86,37.36
3369000,51.29,44.94,45.77,38.9,37.2
3370000,51.29,44.94,45.77,38.9,37.2
3371000,51.29,44.94,45.77,38.9,37.2
3372000,51.33,44.96,45.82,38.83,37.19
3373000,51.33,44.96,45.82,38.83,37.19
3374000,51.36,44.98,45.88,38.84,37.1
3375000,51.36,44.98,45.88,38.84,37.1
3376000,51.36,44.98,45.88,38.84,37.1
3377000,51.43,44.99,45.91,38.81,37.11
3378000,51.43,44.99,45.91,38.81,37.11
3379000,51.41,44.97,45.99,38.86,37.08
3380000,51.41,44.97,45.99,38.86,37.08
3381000,51.41,44.97,45.99,38.86,37.08
3382000,51.42,44.94,46.02,38.94,37.06
3383000,51.42,44.94,46.02,38.94,37.06
3384000,51.39,44.87,46.08,38.93,36.95
3385000,51.39,44.87,46.08,38.93,36.95
3386000,51.39,44.87,46.08,38.93,36.95
3387000,51.35,44.88,46.07,38.96,36.92
3388000,51.35,44.88,46.07,38.96,36.92
3389000,51.37,45.02,46.1,38.92,36.94
3390000,51.37,45.02,46.1,38.92,36.94
3391000,51.37,45.02,46.1,38.92,36.94
3392000,51.36,45.08,46.23,38.99,36.82
3393000,51.36,45.08,46.23,38.99,36.82
3394000,51.16,45.09,46.31,39.05,36.74
3395000,51.16,45.09,46.31,39.05,36.74
3396000,51.16,45.09,46.31,39.05,36.74
3397000,51.0,45.12,46.42,39.06,36.62
3398000,51.0,45.12,46.42,39.06,36.62
3399000,50.93,45.02,46.49,39.09,36.53
3400000,50.93,45.02,46.49,39.09,36.53
3401000,50.93,45.02,46.49,39.09,36.53
3402000,50.65,45.17,46.53,39.15,36.54
3403000,50.65,45.17,46.53,39.15,36.54
3404000,50.54,45.07,46.61,39.12,36.8
3405000,50.54,45.07,46.61,39.12,36.8
3406000,50.54,45.07,46.61,39.12,36.8
3407000,50.47,44.9,46.83,39.08,36.96
3408000,50.47,44.9,46.83,39.08,36.96
3409000,50.35,44.88,46.83,39.11,37.04
3410000,50.35,44.88,46.83,39.11,37.04
3411000,50.35,44.88,46.83,39.11,37.04
3412000,50.38,44.95,46.88,39.06,37.16
3413000,50.38,44.95,46.88,39.06,37.16
3414000,50.37,44.68,46.93,39.09,37.22
3415000,50.37,44.68,46.93,39.09,37.22
3416000,50.37,44.68,46.93,39.09,37.22
3417000,50.33,44.67,47.1,39.01,37.48
3418000,50.33,44.67,47.1,39.01,37.48
3419000,50.3,44.59,47.19,39.09,37.52
3420000,50.3,44.59,47.19,39.09,37.52
3421000,50.3,44.59,47.19,39.09,37.52
3422000,50.24,44.47,47.3,39.03,37.57
3423000,50.24,44.47,47.3,39.03,37.57
3424000,50.3,44.46,47.31,39.0,37.47
3425000,50.3,44.46,47.31,39.0,37.47
3426000,50.3,44.46,47.31,39.0,37.47
3427000,50.29,44.33,47.35,39.08,37.45
3428000,50.29,44.33,47.35,39.08,37.45
3429000,50.21,44.47,47.36,39.26,37.56
3430000,50.21,44.47,47.36,39.26,37.56
3431000,50.21,44.47,47.36,39.26,37.56
3432000,50.22,44.55,47.34,39.19,37.64
3433000,50.22,44.55,47.34,39.19,37.64
3434000,50.26,44.56,47.23,39.33,37.65
3435000,50.26,44.56,47.23,39.33,37.65
3436000,50.26,44.56,47.23,39.33,37.65
3437000,50.4,44.46,47.23,39.39,37.51
3438000,50.4,44.46,47.23,39.39,37.51
3439000,50.43,44.54,47.2,39.46,37.5
3440000,50.43,44.54,47.2,39.46,37.5
3441000,50.43,44.54,47.2,39.46,37.5
3442000,50.51,44.45,47.23,39.33,37.51
3443000,50.51,44.45,47.23,39.33,37.51
3444000,50.42,44.42,47.35,39.32,37.55
3445000,50.42,44.42,47.35,39.32,37.55
3446000,50.42,44.42,47.35,39.32,37.55
3447000,50.49,44.38,47.45,39.22,37.55
3448000,50.49,44.38,47.45,39.22,37.55
3449000,50.49,44.38,47.42,39.02,37.54
3450000,50.49,44.38,47.42,39.02,37.54
3451000,50.49,44.38,47.42,39.02,37.54
3452000,50.47,44.46,47.57,39.08,37.87
3453000,50.47,44.46,47.57,39.08,37.87
3454000,50.44,44.38,47.57,39.14,37.84
3455000,50.44,44.38,47.57,39.14,37.84
3456000,50.44,44.38,47.57,39.14,37.84
3457000,50.49,44.33,47.43,39.06,38.01
3458000,50.49,44.33,47.43,39.06,38.01
3459000,50.63,44.34,47.51,38.97,38.18
3460000,50.63,44.34,47.51,38.97,38.18
3461000,50.63,44.34,47.51,38.97,38.18
3462000,50.58,44.43,47.59,38.91,38.23
3463000,50.58,44.43,47.59,38.91,38.23
3464000,50.58,44.53,47.63,38.79,38.4
3465000,50.58,44.53,47.63,38.79,38.4
3466000,50.58,44.53,47.63,38.79,38.4
3467000,50.53,44.42,47.8,38.74,38.59
3468000,50.53,44.42,47.8,38.74,38.59
3469000,50.57,44.45,47.8,38.6,38.7
3470000,50.57,44.45,47.8,38.6,38.7
3471000,50.57,44.45,47.8,38.6,38.7
3472000,50.63,44.42,47.79,38.4,38.78
3473000,50.63,44.42,47.79,38.4,38.78
3474000,50.63,44.45,47.85,38.4,38.75
3475000,50.63,44.45,47.85,38.4,38.75
3476000,50.63,44.45,47.85,38.4,38.75
3477000,50.67,44.5,47.82,38.4,38.78
3478000,50.67,44.5,47.82,38.4,38.78
3479000,50.6,44.4,47.76,38.13,38.89
3480000,50.6,44.4,47.76,38.13,38.89
3481000,50.6,44.4,47.76,38.13,38.89
3482000,50.56,44.45,47.75,38.32,39.09
3483000,50.56,44.45,47.75,38.32,39.09
3484000,50.59,44.52,47.77,38.27,39.08
3485000,50.59,44.52,47.77,38.27,39.08
3486000,50.59,44.52,47.77,38.27,39.08
3487000,50.61,44.39,47.65,38.31,39.13
3488000,50.61,44.39,47.65,38.31,39.13
3489000,50.64,44.4,47.68,38.37,39.16
3490000,50.64,44.4,47.68,38.37,39.16
3491000,50.64,44.4,47.68,38.37,39.16
3492000,50.54,44.41,47.68,38.37,39.24
3493000,50.54,44.41,47.68,38.37,39.24
3494000,50.58,44.44,47.39,38.41,39.1
3495000,50.58,44.44,47.39,38.41,39.1
3496000,50.58,44.44,47.39,38.41,39.1
3497000,50.6,44.3,47.44,38.57,39.2
3498000,50.6,44.3,47.44,38.57,39.2
3499000,50.63,44.3,47.49,38.69,39.15
3500000,50.63,44.3,47.49,38.69,39.15
3501000,50.63,44.3,47.49,38.69,39.15
3502000,50.77,44.41,47.45,38.71,39.07
3503000,50.77,44.41,47.45,38.71,39.07
3504000,50.85,44.44,47.38,38.73,39.14
3505000,50.85,44.44,47.38,38.73,39.14
3506000,50.85,44.44,47.38,38.73,39.14
3507000,50.85,44.54,47.25,38.84,39.25
3508000,50.85,44.54,47.25,38.84,39.25
3509000,50.83,44.47,47.15,38.86,39.24
3510000,50.83,44.47,47.15,38.86,39.24
3511000,50.83,44.47,47.15,38.86,39.24
3512000,50.89,44.5,47.08,38.82,39.24
3513000,50.89,44.5,47.08,38.82,39.24
3514000,50.95,44.5,46.99,38.78,39.27
3515000,50.95,44.5,46.99,38.78,39.27
3516000,50.95,44.5,46.99,38.78,39.27
3517000,50.98,44.57,46.97,38.77,39.2
3518000,50.98,44.57,46.97,38.77,39.2
3519000,50.96,44.48,46.91,38.87,39.29
3520000,50.96,44.48,46.91,38.87,39.29
3521000,50.96,44.48,46.91,38.87,39.29
3522000,50.9,44.35,46.97,38.84,39.32
3523000,50.9,44.35,46.97,38.84,39.32
3524000,50.87,44.61,46.9,38.85,39.28
3525000,50.87,44.61,46.9,38.85,39.28
3526000,50.87,44.61,46.9,38.85,39.28
3527000,50.83,44.64,46.97,39.07,39.34
3528000,50.83,44.64,46.97,39.07,39.34
3529000,50.85,44.69,46.96,39.05,39.35
3530000,50.85,44.69,46.96,39.05,39.35
3531000,50.85,44.69,46.96,39.05,39.35
3532000,50.85,44.78,46.98,39.02,39.39
3533000,50.85,44.78,46.98,39.02,39.39
3534000,50.93,44.88,46.9,39.0,39.42
3535000,50.93,44.88,46.9,39.0,39.42
3536000,50.93,44.88,46.9,39.0,39.42
3537000,50.98,44.95,46.88,39.11,39.44
3538000,50.98,44.95,46.88,39.11,39.44
3539000,50.93,44.98,46.97,39.13,39.49
3540000,50.93,44.98,46.97,39.13,39.49
3541000,50.93,44.98,46.97,39.13,39.49
3542000,51.0,45.06,46.74,39.27,39.39
3543000,51.0,45.06,46.74,39.27,39.39
3544000,50.99,45.11,46.7,39.38,39.48
3545000,50.99,45.11,46.7,39.38,39.48
3546000,50.99,45.11,46.7,39.38,39.48
3547000,51.1,45.11,46.71,39.3,39.48
3548000,51.1,45.11,46.71,39.3,39.48
3549000,50.99,45.14,46.76,39.28,39.53
3550000,50.99,45.14,46.76,39.28,39.53
3551000,50.99,45.14,46.76,39.28,39.53
3552000,50.94,45.2,46.74,39.32,39.48
3553000,50.94,45.2,46.74,39.32,39.48
3554000,50.94,45.31,46.78,39.36,39.74
3555000,50.94,45.31,46.78,39.36,39.74
3556000,50.94,45.31,46.78,39.36,39.74
3557000,50.96,45.37,46.76,39.36,40.0
3558000,50.96,45.37,46.76,39.36,40.0
3559000,50.98,45.28,46.61,39.65,40.14
3560000,50.98,45.28,46.61,39.65,40.14
3561000,50.98,45.28,46.61,39.65,40.14
3562000,51.06,45.33,46.63,39.78,40.21
3563000,51.06,45.33,46.63,39.78,40.21
3564000,50.98,45.27,46.69,39.68,40.38
3565000,50.98,45.27,46.69,39.68,40.38
3566000,50.98,45.27,46.69,39.68,40.38
3567000,51.03,45.49,46.72,39.3,40.19
3568000,51.03,45.49,46.72,39.3,40.19
3569000,51.03,45.52,46.73,39.17,40.25
3570000,51.03,45.52,46.73,39.17,40.25
3571000,51.03,45.52,46.73,39.17,40.25
3572000,51.06,45.51,46.62,39.41,40.35
3573000,51.06,45.51,46.62,39.41,40.35
3574000,51.17,45.54,46.66,39.45,40.47
3575000,51.17,45.54,46.66,39.45,40.47
3576000,51.17,45.54,46.66,39.45,40.47
3577000,51.14,45.57,46.68,39.44,40.45
3578000,51.14,45.57,46.68,39.44,40.45
3579000,51.23,45.57,46.79,39.55,40.57
3580000,51.23,45.57,46.79,39.55,40.57
3581000,51.23,45.57,46.79,39.55,40.57
3582000,51.22,45.69,46.83,39.55,40.69
3583000,51.22,45.69,46.83,39.55,40.69
3584000,51.24,45.6,46.9,39.55,40.64
3585000,51.24,45.6,46.9,39.55,40.64
3586000,51.24,45.6,46.9,39.55,40.64
3587000,51.2,45.52,46.81,39.73,40.76
3588000,51.2,45.52,46.81,39.73,40.76
3589000,51.17,45.47,46.78,39.89,40.72
3590000,51.17,45.47,46.78,39.89,40.72
3591000,51.17,45.47,46.78,39.89,40.72
3592000,51.14,45.28,47.01,39.84,40.83
3593000,51.14,45.28,47.01,39.84,40.83
3594000,51.14,45.11,46.99,39.89,40.89
3595000,51.14,45.11,46.99,39.89,40.89
3596000,51.14,45.11,46.99,39.89,40.89
3597000,51.48,45.05,47.01,40.03,40.98
3598000,51.48,45.05,47.01,40.03,40.98
3599000,51.46,45.06,47.07,40.08,40.94
3600000,51.46,45.06,47.07,40.08,40.94
3601000,51.46,45.06,47.07,40.08,40.94
3602000,51.49,44.99,46.99,40.13,41.0
3603000,51.49,44.99,46.99,40.13,41.0
3604000,51.5,45.08,47.02,40.23,40.94
3605000,51.5,45.08,47.02,40.23,40.94
3606000,51.5,45.08,47.02,40.23,40.94
3607000,51.58,45.07,46.97,40.33,40.89
3608000,51.58,45.07,46.97,40.33,40.89
3609000,51.47,45.11,46.97,40.27,40.93
3610000,51.47,45.11,46.97,40.27,40.93
3611000,51.47,45.11,46.97,40.27,40.93
3612000,51.32,45.06,47.03,40.27,41.02
3613000,51.32,45.06,47.03,40.27,41.02
3614000,51.48,45.15,47.09,40.28,41.02
3615000,51.48,45.15,47.09,40.28,41.02
3616000,51.48,45.15,47.09,40.28,41.02
3617000,51.45,45.25,47.01,40.31,41.18
3618000,51.45,45.25,47.01,40.31,41.18
3619000,51.46,45.29,47.04,40.4,41.36
3620000,51.46,45.29,47.04,40.4,41.36
3621000,51.46,45.29,47.04,40.4,41.36
3622000,51.46,45.29,47.07,40.46,41.48
3623000,51.46,45.29,47.07,40.46,41.48
3624000,51.42,45.3,47.1,40.53,41.55
3625000,51.42,45.3,47.1,40.53,41.55
3626000,51.42,45.3,47.1,40.53,41.55
3627000,51.18,45.18,47.1,40.57,41.66
3628000,51.18,45.18,47.1,40.57,41.66
3629000,51.2,45.28,47.08,40.53,41.63
3630000,51.2,45.28,47.08,40.53,41.63
3631000,51.2,45.28,47.08,40.53,41.63
3632000,51.15,45.26,46.99,40.57,41.64
3633000,51.15,45.26,46.99,40.57,41.64
3634000,51.2,45.35,46.95,40.57,41.67
3635000,51.2,45.35,46.95,40.57,41.67
3636000,51.2,45.35,46.95,40.57,41.67
3637000,51.19,45.46,46.93,40.52,41.69
3638000,51.19,45.46,46.93,40.52,41.69
3639000,51.11,45.38,46.91,40.47,41.65
3640000,51.11,45.38,46.91,40.47,41.65
3641000,51.11,45.38,46.91,40.47,41.65
3642000,51.17,45.41,46.88,40.5,41.74
3643000,51.17,45.41,46.88,40.5,41.74
3644000,51.4,45.42,46.93,40.4,41.82
3645000,51.4,45.42,46.93,40.4,41.82
3646000,51.4,45.42,46.93,40.4,41.82
3647000,51.55,45.26,47.0,40.41,41.82
3648000,51.55,45.26,47.0,40.41,41.82
3649000,51.53,45.35,46.92,40.38,41.85
3650000,51.53,45.35,46.92,40.38,41.85
3651000,51.53,45.35,46.92,40.38,41.85
3652000,51.41,45.27,46.85,40.29,41.94
3653000,51.41,45.27,46.85,40.29,41.94
3654000,51.43,45.42,46.71,40.45,42.02
3655000,51.43,45.42,46.71,40.45,42.02
3656000,51.43,45.42,46.71,40.45,42.02
3657000,51.44,45.48,46.7,40.42,42.04
3658000,51.44,45.48,46.7,40.42,42.04
3659000,51.47,45.51,46.66,40.39,42.15
3660000,51.47,45.51,46.66,40.39,42.15
3661000,51.47,45.51,46.66,40.39,42.15
3662000,51.47,45.49,46.65,40.44,42.18
3663000,51.47,45.49,46.65,40.44,42.18
3664000,51.43,45.69,46.58,40.46,42.13
3665000,51.43,45.69,46.58,40.46,42.13
3666000,51.43,45.69,46.58,40.46,42.13
3667000,51.49,45.7,46.53,40.59,42.02
3668000,51.49,45.7,46.53,40.59,42.02
3669000,51.48,45.79,46.42,40.6,42.12
3670000,51.48,45.79,46.42,40.6,42.12
3671000,51.48,45.79,46.42,40.6,42.12
3672000,51.52,45.85,46.4,40.68,42.11
3673000,51.52,45.85,46.4,40.68,42.11
3674000,51.52,45.88,46.38,40.7,42.29
3675000,51.52,45.88,46.38,40.7,42.29
3676000,51.52,45.88,46.38,40.7,42.29
3677000,51.47,46.04,46.48,40.76,42.35
3678000,51.47,46.04,46.48,40.76,42.35
3679000,51.52,46.05,46.48,40.7,42.32
3680000,51.52,46.05,46.48,40.7,42.32
3681000,51.52,46.05,46.48,40.7,42.32
3682000,51.43,46.08,46.49,40.63,42.38
3683000,51.43,46.08,46.49,40.63,42.38
3684000,51.44,46.09,46.55,40.6,42.34
3685000,51.44,46.09,46.55,40.6,42.34
3686000,51.44,46.09,46.55,40.6,42.34
3687000,51.41,46.09,46.52,40.55,42.3
3688000,51.41,46.09,46.52,40.55,42.3
3689000,51.35,46.1,46.53,40.52,42.39
3690000,51.35,46.1,46.53,40.52,42.39
3691000,51.35,46.1,46.53,40.52,42.39
3692000,51.31,46.18,46.51,40.5,42.34
3693000,51.31,46.18,46.51,40.5,42.34
3694000,51.36,46.25,46.45,40.44,42.3
3695000,51.36,46.25,46.45,40.44,42.3
3696000,51.36,46.25,46.45,40.44,42.3
3697000,51.31,46.26,46.43,40.6,42.35
3698000,51.31,46.26,46.43,40.6,42.35
3699000,51.29,46.22,46.5,40.75,42.27
3700000,51.29,46.22,46.5,40.75,42.27
3701000,51.29,46.22,46.5,40.75,42.27
3702000,51.35,46.25,46.51,40.75,42.32
3703000,51.35,46.25,46.51,40.75,42.32
3704000,51.38,46.39,46.57,40.75,42.34
3705000,51.38,46.39,46.57,40.75,42.34
3706000,51.38,46.39,46.57,40.75,42.34
3707000,51.34,46.39,46.69,40.8,42.34
3708000,51.34,46.39,46.69,40.8,42.34
3709000,51.32,46.34,46.64,40.85,42.29
3710000,51.32,46.34,46.64,40.85,42.29
3711000,51.32,46.34,46.64,40.85,42.29
3712000,51.32,46.38,46.62,40.85,42.36
3713000,51.32,46.38,46.62,40.85,42.36
3714000,51.34,46.37,46.59,40.89,42.46
3715000,51.34,46.37,46.59,40.89,42.46
3716000,51.34,46.37,46.59,40.89,42.46
3717000,51.34,46.37,46.61,41.05,42.48
3718000,51.34,46.37,46.61,41.05,42.48
3719000,51.31,46.27,46.59,41.12,42.28
3720000,51.31,46.27,46.59,41.12,42.28
3721000,51.31,46.27,46.59,41.12,42.28
3722000,51.28,46.3,46.5,41.27,42.38
3723000,51.28,46.3,46.5,41.27,42.38
3724000,51.32,46.33,46.47,41.07,42.34
3725000,51.32,46.33,46.47,41.07,42.34
3726000,51.32,46.33,46.47,41.07,42.34
3727000,51.23,46.29,46.53,41.12,42.38
3728000,51.23,46.29,46.53,41.12,42.38
3729000,51.26,46.32,46.51,41.43,42.22
3730000,51.26,46.32,46.51,41.43,42.22
3731000,51.26,46.32,46.51,41.43,42.22
3732000,51.28,46.23,46.4,41.36,42.11
3733000,51.28,46.23,46.4,41.36,42.11
3734000,51.21,46.16,46.36,41.35,42.16
3735000,51.21,46.16,46.36,41.35,42.16
3736000,51.21,46.16,46.36,41.35,42.16
3737000,51.2,46.27,46.46,41.13,42.08
3738000,51.2,46.27,46.46,41.13,42.08
3739000,51.18,46.3,46.42,41.1,42.02
3740000,51.18,46.3,46.42,41.1,42.02
3741000,51.18,46.3,46.42,41.1,42.02
3742000,51.25,46.29,46.45,41.08,41.97
3743000,51.25,46.29,46.45,41.08,41.97
3744000,51.23,46.23,46.73,41.09,42.11
3745000,51.23,46.23,46.73,41.09,42.11
3746000,51.23,46.23,46.73,41.09,42.11
3747000,51.17,46.43,46.72,40.84,42.13
3748000,51.17,46.43,46.72,40.84,42.13
3749000,51.15,46.37,46.81,40.65,42.24
3750000,51.15,46.37,46.81,40.65,42.24
3751000,51.15,46.37,46.81,40.65,42.24
3752000,51.11,46.31,46.81,40.59,42.15
3753000,51.11,46.31,46.81,40.59,42.15
3754000,51.09,46.35,46.97,40.53,42.1
3755000,51.09,46.35,46.97,40.53,42.1
3756000,51.09,46.35,46.97,40.53,42.1
3757000,51.08,46.4,47.11,40.51,42.16
3758000,51.08,46.4,47.11,40.51,42.16
3759000,51.08,46.4,47.11,40.51,42.16
3760000,51.08,46.51,47.18,40.51,42.14
3761000,51.08,46.51,47.18,40.51,42.14
3762000,51.1,46.46,47.3,40.49,41.96
3763000,51.1,46.46,47.3,40.49,41.96
3764000,51.1,46.46,47.3,40.49,41.96
3765000,51.16,46.49,47.38,40.42,41.79
3766000,51.16,46.49,47.38,40.42,41.79
3767000,51.16,46.53,47.44,40.47,41.79
3768000,51.16,46.53,47.44,40.47,41.79
3769000,51.16,46.53,47.44,40.47,41.79
3770000,51.23,46.62,47.45,40.49,41.74
3771000,51.23,46.62,47.45,40.49,41.74
3772000,51.26,46.71,47.47,40.63,41.72
3773000,51.26,46.71,47.47,40.63,41.72
3774000,51.26,46.71,47.47,40.63,41.72
3775000,50.84,46.67,47.56,40.64,41.78
3776000,50.84,46.67,47.56,40.64,41.78
3777000,50.8,46.63,47.59,40.59,41.75
3778000,50.8,46.63,47.59,40.59,41.75
3779000,50.8,46.63,47.59,40.59,41.75
3780000,50.68,46.65,47.66,40.52,41.62
3781000,50.68,46.65,47.66,40.52,41.62
3782000,50.56,46.65,47.65,40.52,41.67
3783000,50.56,46.65,47.65,40.52,41.67
3784000,50.56,46.65,47.65,40.52,41.67
3785000,50.46,46.64,47.69,40.51,41.79
3786000,50.46,46.64,47.69,40.51,41.79
3787000,50.39,46.59,47.69,40.41,41.89
3788000,50.39,46.59,47.69,40.41,41.89
3789000,50.39,46.59,47.69,40.41,41.89
3790000,50.38,46.68,47.71,40.44,41.89
3791000,50.38,46.68,47.71,40.44,41.89
3792000,50.24,46.69,47.84,40.47,41.99
3793000,50.24,46.69,47.84,40.47,41.99
3794000,50.24,46.69,47.84,40.47,41.99
3795000,50.24,46.7,47.83,40.38,42.02
3796000,50.24,46.7,47.83,40.38,42.02
3797000,50.2,46.7,47.87,40.47,41.96
3798000,50.2,46.7,47.87,40.47,41.96
3799000,50.2,46.7,47.87,40.47,41.96
3800000,50.33,46.67,47.82,40.44,42.01
3801000,50.33,46.67,47.82,40.44,42.01
3802000,50.29,46.7,47.82,40.46,42.1
3803000,50.29,46.7,47.82,40.46,42.1
3804000,50.29,46.7,47.82,40.46,42.1
3805000,50.34,46.71,47.76,40.46,41.95
3806000,50.34,46.71,47.76,40.46,41.95
3807000,50.35,46.71,47.78,40.5,41.95
3808000,50.35,46.71,47.78,40.5,41.95
3809000,50.35,46.71,47.78,40.5,41.95
3810000,50.38,46.73,47.96,40.42,41.83
3811000,50.38,46.73,47.96,40.42,41.83
3812000,50.36,46.77,47.94,40.31,41.87
3813000,50.36,46.77,47.94,40.31,41.87
3814000,50.36,46.77,47.94,40.31,41.87
3815000,50.45,46.87,47.96,40.45,41.87
3816000,50.45,46.87,47.96,40.45,41.87
3817000,50.47,46.75,47.9,40.9,41.89
3818000,50.47,46.75,47.9,40.9,41.89
3819000,50.47,46.75,47.9,40.9,41.89
3820000,50.47,46.44,47.94,41.05,41.95
3821000,50.47,46.44,47.94,41.05,41.95
3822000,50.49,46.44,48.08,41.04,41.86
3823000,50.49,46.44,48.08,41.04,41.86
3824000,50.49,46.44,48.08,41.04,41.86
3825000,50.51,46.47,48.12,41.0,41.93
3826000,50.51,46.47,48.12,41.0,41.93
3827000,50.58,46.42,48.15,40.97,41.93
3828000,50.58,46.42,48.15,40.97,41.93
3829000,50.58,46.42,48.15,40.97,41.93
3830000,50.5,46.4,48.02,41.04,42.08
3831000,50.5,46.4,48.02,41.04,42.08
3832000,50.5,46.43,48.06,41.03,42.01
3833000,50.5,46.43,48.06,41.03,42.01
3834000,50.5,46.43,48.06,41.03,42.01
3835000,50.49,46.49,48.06,41.02,42.13
3836000,50.49,46.49,48.06,41.02,42.13
3837000,50.46,46.49,48.13,41.03,41.94
3838000,50.46,46.49,48.13,41.03,41.94
3839000,50.46,46.49,48.13,41.03,41.94
3840000,50.45,46.56,48.19,40.86,42.0
3841000,50.45,46.56,48.19,40.86,42.0
3842000,50.47,46.74,48.14,40.96,41.87
3843000,50.47,46.74,48.14,40.96,41.87
3844000,50.47,46.74,48.14,40.96,41.87
3845000,50.5,46.93,48.07,41.0,41.68
3846000,50.5,46.93,48.07,41.0,41.68
3847000,50.42,46.91,48.11,40.92,41.73
3848000,50.42,46.91,48.11,40.92,41.73
3849000,50.42,46.91,48.11,40.92,41.73
3850000,50.44,46.73,47.97,40.86,41.69
3851000,50.44,46.73,47.97,40.86,41.69
3852000,50.47,46.8,48.01,40.88,41.72
3853000,50.47,46.8,48.01,40.88,41.72
3854000,50.47,46.8,48.01,40.88,41.72
3855000,50.46,46.65,48.04,40.91,41.78
3856000,50.46,46.65,48.04,40.91,41.78
3857000,50.48,46.62,47.98,40.89,41.84
3858000,50.48,46.62,47.98,40.89,41.84
3859000,50.48,46.62,47.98,40.89,41.84
3860000,50.61,46.53,48.07,40.85,41.84
3861000,50.61,46.53,48.07,40.85,41.84
3862000,50.77,46.59,48.04,40.93,41.87
3863000,50.77,46.59,48.04,40.93,41.87
3864000,50.77,46.59,48.04,40.93,41.87
3865000,50.76,46.59,48.02,40.62,41.86
3866000,50.76,46.59,48.02,40.62,41.86
3867000,50.8,46.59,48.11,40.5,41.82
3868000,50.8,46.59,48.11,40.5,41.82
3869000,50.8,46.59,48.11,40.5,41.82
3870000,50.81,46.68,48.22,40.42,41.83
3871000,50.81,46.68,48.22,40.42,41.83
3872000,50.84,46.63,48.17,40.27,41.82
3873000,50.84,46.63,48.17,40.27,41.82
3874000,50.84,46.63,48.17,40.27,41.82
3875000,50.81,46.62,48.22,40.1,41.79
3876000,50.81,46.62,48.22,40.1,41.79
3877000,50.92,46.71,48.17,40.09,41.75
3878000,50.92,46.71,48.17,40.09,41.75
3879000,50.92,46.71,48.17,40.09,41.75
3880000,50.83,46.64,48.2,39.95,41.86
3881000,50.83,46.64,48.2,39.95,41.86
3882000,50.84,46.7,48.3,40.05,41.98
3883000,50.84,46.7,48.3,40.05,41.98
3884000,50.84,46.7,48.3,40.05,41.98
3885000,50.79,46.68,48.3,40.12,42.11
3886000,50.79,46.68,48.3,40.12,42.11
3887000,50.83,46.71,48.28,40.18,41.9
3888000,50.83,46.71,48.28,40.18,41.9
3889000,50.83,46.71,48.28,40.18,41.9
3890000,50.91,46.7,48.34,40.32,41.88
3891000,50.91,46.7,48.34,40.32,41.88
3892000,50.84,46.72,48.29,40.24,41.89
3893000,50.84,46.72,48.29,40.24,41.89
3894000,50.84,46.72,48.29,40.24,41.89
3895000,50.84,46.75,48.25,40.27,41.86
3896000,50.84,46.75,48.25,40.27,41.86
3897000,50.78,46.86,48.19,40.34,41.85
3898000,50.78,46.86,48.19,40.34,41.85
3899000,50.78,46.86,48.19,40.34,41.85
3900000,50.85,46.85,48.14,40.34,41.86
3901000,50.85,46.85,48.14,40.34,41.86
3902000,51.23,46.92,48.2,40.31,41.82
3903000,51.23,46.92,48.2,40.31,41.82
3904000,51.23,46.92,48.2,40.31,41.82
3905000,51.05,47.03,48.27,40.22,41.8
3906000,51.05,47.03,48.27,40.22,41.8
3907000,51.06,46.98,48.26,40.29,41.8
3908000,51.06,46.98,48.26,40.29,41.8
3909000,51.06,46.98,48.26,40.29,41.8
3910000,51.06,46.98,48.34,40.26,41.81
3911000,51.06,46.98,48.34,40.26,41.81
3912000,51.08,46.97,48.27,40.22,41.75
3913000,51.08,46.97,48.27,40.22,41.75
3914000,51.08,46.97,48.27,40.22,41.75
3915000,51.11,47.01,48.3,40.24,41.74
3916000,51.11,47.01,48.3,40.24,41.74
3917000,51.09,47.07,48.29,40.2,41.76
3918000,51.09,47.07,48.29,40.2,41.76
3919000,51.09,47.07,48.29,40.2,41.76
3920000,51.09,46.96,48.45,40.19,41.74
3921000,51.09,46.96,48.45,40.19,41.74
3922000,51.14,46.96,48.45,40.14,41.71
3923000,51.14,46.96,48.45,40.14,41.71
3924000,51.14,46.96,48.45,40.14,41.71
3925000,51.06,46.91,48.5,40.2,41.75
3926000,51.06,46.91,48.5,40.2,41.75
3927000,51.15,46.84,48.57,40.17,41.67
3928000,51.15,46.84,48.57,40.17,41.67
3929000,51.15,46.84,48.57,40.17,41.67
3930000,51.12,46.7,48.59,40.19,41.64
3931000,51.12,46.7,48.59,40.19,41.64
3932000,51.17,46.7,48.7,40.25,41.65
3933000,51.17,46.7,48.7,40.25,41.65
3934000,51.17,46.7,48.7,40.25,41.65
3935000,51.16,46.65,48.64,40.28,41.8
3936000,51.16,46.65,48.64,40.28,41.8
3937000,51.16,46.62,48.64,40.28,42.0
3938000,51.16,46.62,48.64,40.28,42.0
3939000,51.16,46.62,48.64,40.28,42.0
3940000,51.25,46.58,48.68,40.23,42.05
3941000,51.25,46.58,48.68,40.23,42.05
3942000,51.21,46.56,48.61,40.23,42.06
3943000,51.21,46.56,48.61,40.23,42.06
3944000,51.21,46.56,48.61,40.23,42.06
3945000,51.19,46.5,48.66,40.3,41.96
3946000,51.19,46.5,48.66,40.3,41.96
3947000,51.19,46.46,48.63,40.25,41.97
3948000,51.19,46.46,48.63,40.25,41.97
3949000,51.19,46.46,48.63,40.25,41.97
3950000,51.19,46.42,48.6,40.3,42.05
3951000,51.19,46.42,48.6,40.3,42.05
3952000,51.2,46.48,48.6,40.21,42.04
3953000,51.2,46.48,48.6,40.21,42.04
3954000,51.2,46.48,48.6,40.21,42.04
3955000,51.24,46.38,48.58,40.16,42.08
3956000,51.24,46.38,48.58,40.16,42.08
3957000,50.93,46.46,48.63,40.24,42.11
3958000,50.93,46.46,48.63,40.24,42.11
3959000,50.93,46.46,48.63,40.24,42.11
3960000,50.83,46.47,48.66,40.27,42.01
3961000,50.83,46.47,48.66,40.27,42.01
3962000,50.87,46.36,48.67,40.36,41.88
3963000,50.87,46.36,48.67,40.36,41.88
3964000,50.87,46.36,48.67,40.36,41.88
3965000,50.8,46.44,48.72,40.45,41.7
3966000,50.8,46.44,48.72,40.45,41.7
3967000,50.83,46.39,48.62,40.45,41.75
3968000,50.83,46.39,48.62,40.45,41.75
3969000,50.83,46.39,48.62,40.45,41.75
3970000,50.84,46.41,48.63,40.54,41.85
3971000,50.84,46.41,48.63,40.54,41.85
3972000,50.88,46.34,48.78,40.66,41.95
3973000,50.88,46.34,48.78,40.66,41.95
3974000,50.88,46.34,48.78,40.66,41.95
3975000,50.9,46.33,48.81,40.87,41.88
3976000,50.9,46.33,48.81,40.87,41.88
3977000,50.98,46.25,48.78,40.96,41.88
3978000,50.98,46.25,48.78,40.96,41.88
3979000,50.98,46.25,48.78,40.96,41.88
3980000,50.96,46.31,48.87,40.97,42.1
3981000,50.96,46.31,48.87,40.97,42.1
3982000,51.02,46.31,48.96,41.05,42.25
3983000,51.02,46.31,48.96,41.05,42.25
3984000,51.02,46.31,48.96,41.05,42.25
3985000,51.08,46.44,49.03,41.18,42.16
3986000,51.08,46.44,49.03,41.18,42.16
3987000,51.09,46.31,49.0,41.4,42.3
3988000,51.09,46.31,49.0,41.4,42.3
3989000,51.09,46.31,49.0,41.4,42.3
3990000,51.12,46.31,49.03,41.44,42.27
3991000,51.12,46.31,49.03,41.44,42.27
3992000,51.17,46.28,49.06,41.26,42.29
3993000,51.17,46.28,49.06,41.26,42.29
3994000,51.17,46.28,49.06,41.26,42.29
3995000,51.15,46.34,48.93,41.14,42.22
3996000,51.15,46.34,48.93,41.14,42.22
3997000,51.21,46.29,48.98,41.34,42.17
3998000,51.21,46.29,48.98,41.34,42.17
3999000,51.21,46.29,48.98,41.34,42.17
4000000,51.19,46.35,48.93,41.45,42.17
4001000,51.19,46.35,48.93,41.45,42.17
4002000,51.25,46.41,48.98,41.59,42.22
4003000,51.25,46.41,48.98,41.59,42.22
4004000,51.25,46.41,48.98,41.59,42.22
4005000,51.28,46.45,48.88,41.61,42.28
4006000,51.28,46.45,48.88,41.61,42.28
4007000,51.31,46.44,48.84,41.6,42.24
4008000,51.31,46.44,48.84,41.6,42.24
4009000,51.31,46.44,48.84,41.6,42.24
4010000,51.3,46.35,48.85,41.6,42.29
4011000,51.3,46.35,48.85,41.6,42.29
4012000,51.33,46.34,48.78,41.65,42.42
4013000,51.33,46.34,48.78,41.65,42.42
4014000,51.33,46.34,48.78,41.65,42.42
4015000,51.32,46.27,48.77,41.74,42.6
4016000,51.32,46.27,48.77,41.74,42.6
4017000,51.36,46.15,48.71,41.72,42.66
4018000,51.36,46.15,48.71,41.72,42.66
4019000,51.36,46.15,48.71,41.72,42.66
4020000,51.36,46.24,48.67,41.7,42.76
4021000,51.36,46.24,48.67,41.7,42.76
4022000,51.34,46.26,48.64,41.67,42.83
4023000,51.34,46.26,48.64,41.67,42.83
4024000,51.34,46.26,48.64,41.67,42.83
4025000,51.79,46.34,48.64,41.67,42.84
4026000,51.79,46.34,48.64,41.67,42.84
4027000,51.88,46.4,48.65,41.75,42.92
4028000,51.88,46.4,48.65,41.75,42.92
4029000,51.88,46.4,48.65,41.75,42.92
4030000,52.01,46.45,48.62,41.72,43.05
4031000,52.01,46.45,48.62,41.72,43.05
4032000,52.15,46.43,48.55,41.61,43.05
4033000,52.15,46.43,48.55,41.61,43.05
4034000,52.15,46.43,48.55,41.61,43.05
4035000,52.2,46.47,48.54,41.69,43.08
4036000,52.2,46.47,48.54,41.69,43.08
4037000,52.16,46.53,48.62,41.7,43.03
4038000,52.16,46.53,48.62,41.7,43.03
4039000,52.16,46.53,48.62,41.7,43.03
4040000,52.25,46.46,48.56,41.62,43.09
4041000,52.25,46.46,48.56,41.62,43.09
4042000,52.37,46.44,48.66,41.62,43.19
4043000,52.37,46.44,48.66,41.62,43.19
4044000,52.37,46.44,48.66,41.62,43.19
4045000,52.33,46.36,48.69,41.61,43.17
4046000,52.33,46.36,48.69,41.61,43.17
4047000,52.33,46.32,48.73,41.55,43.23
4048000,52.33,46.32,48.73,41.55,43.23
4049000,52.33,46.32,48.73,41.55,43.23
4050000,52.31,46.33,48.76,41.61,43.08
4051000,52.31,46.33,48.76,41.61,43.08
4052000,52.37,46.36,48.74,41.62,43.01
4053000,52.37,46.36,48.74,41.62,43.01
4054000,52.37,46.36,48.74,41.62,43.01
4055000,52.4,46.35,48.76,41.62,42.85
4056000,52.4,46.35,48.76,41.62,42.85
4057000,52.35,46.26,48.74,41.64,42.88
4058000,52.35,46.26,48.74,41.64,42.88
4059000,52.35,46.26,48.74,41.64,42.88
4060000,52.26,46.23,48.67,41.75,42.87
4061000,52.26,46.23,48.67,41.75,42.87
4062000,52.14,46.13,48.73,41.73,42.84
4063000,52.14,46.13,48.73,41.73,42.84
4064000,52.14,46.13,48.73,41.73,42.84
4065000,52.15,46.16,48.77,41.68,42.81
4066000,52.15,46.16,48.77,41.68,42.81
4067000,52.12,46.27,48.8,41.67,43.03
4068000,52.12,46.27,48.8,41.67,43.03
4069000,52.12,46.27,48.8,41.67,43.03
4070000,52.11,46.61,48.77,41.63,42.97
4071000,52.11,46.61,48.77,41.63,42.97
4072000,52.07,46.6,48.75,41.57,43.01
4073000,52.07,46.6,48.75,41.57,43.01
4074000,52.07,46.6,48.75,41.57,43.01
4075000,51.97,46.58,48.77,41.55,42.95
4076000,51.97,46.58,48.77,41.55,42.95
4077000,51.98,46.67,48.75,41.65,42.95
4078000,51.98,46.67,48.75,41.65,42.95
4079000,51.98,46.67,48.75,41.65,42.95
4080000,52.02,46.61,48.9,41.61,42.8
4081000,52.02,46.61,48.9,41.61,42.8
4082000,51.8,46.6,48.92,41.56,42.91
4083000,51.8,46.6,48.92,41.56,42.91
4084000,51.8,46.6,48.92,41.56,42.91
4085000,51.74,46.37,48.98,41.55,42.88
4086000,51.74,46.37,48.98,41.55,42.88
4087000,51.7,46.35,49.04,41.59,43.15
4088000,51.7,46.35,49.04,41.59,43.15
4089000,51.7,46.35,49.04,41.59,43.15
4090000,51.72,46.22,48.98,41.71,43.04
4091000,51.72,46.22,48.98,41.71,43.04
4092000,51.68,46.3,49.0,41.71,43.17
4093000,51.68,46.3,49.0,41.71,43.17
4094000,51.68,46.3,49.0,41.71,43.17
4095000,51.64,46.07,49.11,41.73,43.32
4096000,51.64,46.07,49.11,41.73,43.32
4097000,51.69,46.17,49.04,41.85,43.28
4098000,51.69,46.17,49.04,41.85,43.28
4099000,51.69,46.17,49.04,41.85,43.28
4100000,51.65,45.96,49.12,41.96,43.28
4101000,51.65,45.96,49.12,41.96,43.28
4102000,51.64,45.93,49.15,41.92,43.34
4103000,51.64,45.93,49.15,41.92,43.34
4104000,51.64,45.93,49.15,41.92,43.34
4105000,51.65,46.0,49.16,41.77,43.34
4106000,51.65,46.0,49.16,41.77,43.34
4107000,51.63,46.01,49.24,41.58,43.38
4108000,51.63,46.01,49.24,41.58,43.38
4109000,51.63,46.01,49.24,41.58,43.38
4110000,51.61,46.11,49.12,41.62,43.07
4111000,51.61,46.11,49.12,41.62,43.07
4112000,51.59,45.93,49.16,41.56,43.0
4113000,51.59,45.93,49.16,41.56,43.0
4114000,51.59,45.93,49.16,41.56,43.0
4115000,51.54,45.92,49.22,42.03,43.02
4116000,51.54,45.92,49.22,42.03,43.02
4117000,51.57,45.91,49.23,42.09,43.13
4118000,51.57,45.91,49.23,42.09,43.13
4119000,51.57,45.91,49.23,42.09,43.13
4120000,51.57,45.9,49.23,42.24,43.13
4121000,51.57,45.9,49.23,42.24,43.13
4122000,51.55,45.87,49.18,42.18,43.04
4123000,51.55,45.87,49.18,42.18,43.04
4124000,51.55,45.87,49.18,42.18,43.04
4125000,51.65,45.77,49.21,42.35,43.07
4126000,51.65,45.77,49.21,42.35,43.07
4127000,51.79,45.52,49.12,42.38,43.1
4128000,51.79,45.52,49.12,42.38,43.1
4129000,51.79,45.52,49.12,42.38,43.1
4130000,51.88,45.41,49.04,42.52,43.04
4131000,51.88,45.41,49.04,42.52,43.04
4132000,51.89,45.38,48.92,42.47,43.0
4133000,51.89,45.38,48.92,42.47,43.0
4134000,51.89,45.38,48.92,42.47,43.0
4135000,51.89,45.44,48.81,42.44,42.95
4136000,51.89,45.44,48.81,42.44,42.95
4137000,51.91,45.38,48.82,42.28,43.19
4138000,51.91,45.38,48.82,42.28,43.19
4139000,51.91,45.38,48.82,42.28,43.19
4140000,51.85,45.17,48.81,42.28,43.3
4141000,51.85,45.17,48.81,42.28,43.3
4142000,51.89,45.12,48.8,42.38,43.1
4143000,51.89,45.12,48.8,42.38,43.1
4144000,51.89,45.12,48.8,42.38,43.1
4145000,51.84,45.04,48.84,42.53,43.13
4146000,51.84,45.04,48.84,42.53,43.13
4147000,51.87,45.04,48.9,42.54,43.28
4148000,51.87,45.04,48.9,42.54,43.28
4149000,51.87,45.04,48.9,42.54,43.28
4150000,51.84,45.11,48.99,42.56,43.23
4151000,51.84,45.11,48.99,42.56,43.23
4152000,51.67,45.08,48.94,42.73,43.21
4153000,51.67,45.08,48.94,42.73,43.21
4154000,51.67,45.08,48.94,42.73,43.21
4155000,51.82,45.03,49.01,42.75,43.14
4156000,51.82,45.03,49.01,42.75,43.14
4157000,51.83,45.18,48.99,42.63,43.18
4158000,51.83,45.18,48.99,42.63,43.18
4159000,51.83,45.18,48.99,42.63,43.18
4160000,51.88,45.11,48.98,42.72,43.15
4161000,51.88,45.11,48.98,42.72,43.15
4162000,51.86,45.12,49.05,42.76,43.23
4163000,51.86,45.12,49.05,42.76,43.23
4164000,51.86,45.12,49.05,42.76,43.23
4165000,51.9,45.17,49.03,42.7,43.34
4166000,51.9,45.17,49.03,42.7,43.34
4167000,51.92,45.11,49.08,42.73,43.16
4168000,51.92,45.11,49.08,42.73,43.16
4169000,51.92,45.11,49.08,42.73,43.16
4170000,51.88,45.18,49.0,42.72,43.13
4171000,51.88,45.18,49.0,42.72,43.13
4172000,51.89,45.19,49.04,42.73,43.19
4173000,51.89,45.19,49.04,42.73,43.19
4174000,51.89,45.19,49.04,42.73,43.19
4175000,52.01,45.29,49.07,42.71,42.98
4176000,52.01,45.29,49.07,42.71,42.98
4177000,51.92,45.37,48.98,42.77,42.99
4178000,51.92,45.37,48.98,42.77,42.99
4179000,51.92,45.37,48.98,42.77,42.99
4180000,52.03,45.49,48.95,42.66,42.84
4181000,52.03,45.49,48.95,42.66,42.84
4182000,52.05,45.43,48.84,42.66,42.84
4183000,52.05,45.43,48.84,42.66,42.84
4184000,52.05,45.43,48.84,42.66,42.84
4185000,52.08,45.47,48.94,42.58,42.75
4186000,52.08,45.47,48.94,42.58,42.75
4187000,52.16,45.6,48.96,42.5,42.71
4188000,52.16,45.6,48.96,42.5,42.71
4189000,52.16,45.6,48.96,42.5,42.71
4190000,52.1,45.66,49.01,42.56,42.64
4191000,52.1,45.66,49.01,42.56,42.64
4192000,52.18,45.74,49.1,42.68,42.68
4193000,52.18,45.74,49.1,42.68,42.68
4194000,52.18,45.74,49.1,42.68,42.68
4195000,52.28,45.84,49.05,42.74,42.79
4196000,52.28,45.84,49.05,42.74,42.79
4197000,52.22,45.8,49.19,42.72,42.89
4198000,52.22,45.8,49.19,42.72,42.89
4199000,52.22,45.8,49.19,42.72,42.89
4200000,52.14,45.8,49.24,42.61,42.96
4201000,52.14,45.8,49.24,42.61,42.96
4202000,52.05,45.77,49.3,42.65,42.96
4203000,52.05,45.77,49.3,42.65,42.96
4204000,52.05,45.77,49.3,42.65,42.96
4205000,51.93,45.88,49.27,42.71,42.89
4206000,51.93,45.88,49.27,42.71,42.89
4207000,52.21,45.8,49.18,42.67,42.83
4208000,52.21,45.8,49.18,42.67,42.83
4209000,52.21,45.8,49.18,42.67,42.83
4210000,52.24,45.87,49.2,42.7,42.96
4211000,52.24,45.87,49.2,42.7,42.96
4212000,52.25,46.05,49.25,42.55,43.0
4213000,52.25,46.05,49.25,42.55,43.0
4214000,52.25,46.05,49.25,42.55,43.0
4215000,52.35,45.96,49.19,42.44,43.2
4216000,52.35,45.96,49.19,42.44,43.2
4217000,52.32,46.06,49.28,42.44,43.03
4218000,52.32,46.06,49.28,42.44,43.03
4219000,52.32,46.06,49.28,42.44,43.03
4220000,52.28,46.14,49.34,42.38,43.1
4221000,52.28,46.14,49.34,42.38,43.1
4222000,52.31,46.32,49.35,42.33,42.9
4223000,52.31,46.32,49.35,42.33,42.9
4224000,52.31,46.32,49.35,42.33,42.9
4225000,52.34,46.36,49.31,42.39,43.01
4226000,52.34,46.36,49.31,42.39,43.01
4227000,52.32,46.26,49.33,42.33,43.07
4228000,52.32,46.26,49.33,42.33,43.07
4229000,52.32,46.26,49.33,42.33,43.07
4230000,52.32,46.18,49.31,42.32,43.06
4231000,52.32,46.18,49.31,42.32,43.06
4232000,52.29,46.23,49.35,42.22,43.03
4233000,52.29,46.23,49.35,42.22,43.03
4234000,52.29,46.23,49.35,42.22,43.03
4235000,52.31,46.13,49.28,42.12,43.13
4236000,52.31,46.13,49.28,42.12,43.13
4237000,52.34,46.22,49.37,42.1,43.07
4238000,52.34,46.22,49.37,42.1,43.07
4239000,52.34,46.22,49.37,42.1,43.07
4240000,52.32,46.25,49.41,42.1,43.14
4241000,52.32,46.25,49.41,42.1,43.14
4242000,52.32,46.25,49.37,42.28,43.17
4243000,52.32,46.25,49.37,42.28,43.17
4244000,52.32,46.25,49.37,42.28,43.17
4245000,52.42,46.23,49.55,42.51,43.19
4246000,52.42,46.23,49.55,42.51,43.19
4247000,52.43,46.2,49.47,42.47,43.2
4248000,52.43,46.2,49.47,42.47,43.2
4249000,52.43,46.2,49.47,42.47,43.2
4250000,52.5,46.23,49.48,42.49,43.16
4251000,52.5,46.23,49.48,42.49,43.16
4252000,52.48,46.17,49.44,42.43,42.97
4253000,52.48,46.17,49.44,42.43,42.97
4254000,52.48,46.17,49.44,42.43,42.97
4255000,52.44,46.13,49.45,42.53,42.93
4256000,52.44,46.13,49.45,42.53,42.93
4257000,52.39,46.1,49.55,42.6,42.91
4258000,52.39,46.1,49.55,42.6,42.91
4259000,52.39,46.1,49.55,42.6,42.91
4260000,52.35,46.06,49.51,42.49,42.95
4261000,52.35,46.06,49.51,42.49,42.95
4262000,52.36,46.1,49.59,42.45,42.92
4263000,52.36,46.1,49.59,42.45,42.92
4264000,52.36,46.1,49.59,42.45,42.92
4265000,52.34,46.03,49.64,42.28,42.92
4266000,52.34,46.03,49.64,42.28,42.92
4267000,52.24,46.08,49.68,42.36,42.91
4268000,52.24,46.08,49.68,42.36,42.91
4269000,52.24,46.08,49.68,42.36,42.91
4270000,52.12,46.08,49.84,42.5,42.86
4271000,52.12,46.08,49.84,42.5,42.86
4272000,52.11,46.02,49.88,42.54,42.65
4273000,52.11,46.02,49.88,42.54,42.65
4274000,52.11,46.02,49.88,42.54,42.65
4275000,52.06,46.05,49.87,42.6,42.58
4276000,52.06,46.05,49.87,42.6,42.58
4277000,52.06,46.04,49.77,42.55,42.5
4278000,52.06,46.04,49.77,42.55,42.5
4279000,52.06,46.04,49.77,42.55,42.5
4280000,52.01,45.91,49.75,42.7,42.51
4281000,52.01,45.91,49.75,42.7,42.51
4282000,52.06,45.95,49.89,42.79,42.52
4283000,52.06,45.95,49.89,42.79,42.52
4284000,52.06,45.95,49.89,42.79,42.52
4285000,52.14,46.02,50.02,42.77,42.52
4286000,52.14,46.02,50.02,42.77,42.52
4287000,52.27,46.04,49.99,42.74,42.48
4288000,52.27,46.04,49.99,42.74,42.48
4289000,52.27,46.04,49.99,42.74,42.48
4290000,52.25,45.96,50.07,42.72,42.45
4291000,52.25,45.96,50.07,42.72,42.45
4292000,52.28,45.92,50.06,42.76,42.26
4293000,52.28,45.92,50.06,42.76,42.26
4294000,52.28,45.92,50.06,42.76,42.26
4295000,52.36,45.92,50.1,42.81,42.24
4296000,52.36,45.92,50.1,42.81,42.24
4297000,52.44,46.06,50.09,42.96,42.15
4298000,52.44,46.06,50.09,42.96,42.15
4299000,52.44,46.06,50.09,42.96,42.15
4300000,52.49,45.98,50.03,43.05,42.37
4301000,52.49,45.98,50.03,43.05,42.37
4302000,52.5,45.89,50.11,43.02,42.41
4303000,52.5,45.89,50.11,43.02,42.41
4304000,52.5,45.89,50.11,43.02,42.41
4305000,52.46,45.87,50.11,43.03,42.55
4306000,52.46,45.87,50.11,43.03,42.55
4307000,52.52,45.91,50.13,42.92,42.61
4308000,52.52,45.91,50.13,42.92,42.61
4309000,52.52,45.91,50.13,42.92,42.61
4310000,52.52,45.96,50.17,42.92,42.6
4311000,52.52,45.96,50.17,42.92,42.6
4312000,52.6,45.98,50.15,43.0,42.65
4313000,52.6,45.98,50.15,43.0,42.65
4314000,52.6,45.98,50.15,43.0,42.65
4315000,52.6,45.91,50.09,43.09,42.71
4316000,52.6,45.91,50.09,43.09,42.71
4317000,52.62,45.85,50.17,43.14,42.71
4318000,52.62,45.85,50.17,43.14,42.71
4319000,52.62,45.85,50.17,43.14,42.71
4320000,52.64,45.82,50.13,43.13,42.75
4321000,52.64,45.82,50.13,43.13,42.75
4322000,52.67,45.68,50.15,43.21,42.77
4323000,52.67,45.68,50.15,43.21,42.77
4324000,52.67,45.68,50.15,43.21,42.77
4325000,52.72,45.75,50.15,43.34,42.81
4326000,52.72,45.75,50.15,43.34,42.81
4327000,52.66,45.73,50.2,43.27,42.57
4328000,52.66,45.73,50.2,43.27,42.57
4329000,52.66,45.73,50.2,43.27,42.57
4330000,52.68,45.81,50.17,43.27,42.58
4331000,52.68,45.81,50.17,43.27,42.58
4332000,52.93,45.82,50.2,43.33,42.47
4333000,52.93,45.82,50.2,43.33,42.47
4334000,52.93,45.82,50.2,43.33,42.47
4335000,52.93,46.03,50.17,43.34,42.39
4336000,52.93,46.03,50.17,43.34,42.39
4337000,52.76,46.16,50.14,43.36,42.16
4338000,52.76,46.16,50.14,43.36,42.16
4339000,52.76,46.16,50.14,43.36,42.16
4340000,52.65,46.31,50.2,43.38,42.26
4341000,52.65,46.31,50.2,43.38,42.26
4342000,52.63,46.31,50.26,43.39,42.25
4343000,52.63,46.31,50.26,43.39,42.25
4344000,52.63,46.31,50.26,43.39,42.25
4345000,52.62,46.49,50.23,43.42,42.2
4346000,52.62,46.49,50.23,43.42,42.2
4347000,52.61,46.4,50.3,43.28,42.18
4348000,52.61,46.4,50.3,43.28,42.18
4349000,52.61,46.4,50.3,43.28,42.18
4350000,52.69,46.77,50.3,43.18,41.95
4351000,52.69,46.77,50.3,43.18,41.95
4352000,52.67,46.85,50.32,43.1,41.95
4353000,52.67,46.85,50.32,43.1,41.95
4354000,52.67,46.85,50.32,43.1,41.95
4355000,52.69,46.9,50.31,43.23,41.88
4356000,52.69,46.9,50.31,43.23,41.88
4357000,52.73,46.9,50.31,43.44,41.79
4358000,52.73,46.9,50.31,43.44,41.79
4359000,52.73,46.9,50.31,43.44,41.79
4360000,52.72,46.81,50.37,43.37,42.08
4361000,52.72,46.81,50.37,43.37,42.08
4362000,52.71,46.9,50.39,43.37,42.11
4363000,52.71,46.9,50.39,43.37,42.11
4364000,52.71,46.9,50.39,43.37,42.11
4365000,52.71,46.91,50.4,43.33,42.03
4366000,52.71,46.91,50.4,43.33,42.03
4367000,52.72,46.94,50.4,43.27,42.0
4368000,52.72,46.94,50.4,43.27,42.0
4369000,52.72,46.94,50.4,43.27,42.0
4370000,52.71,46.92,50.39,43.23,42.05
4371000,52.71,46.92,50.39,43.23,42.05
4372000,52.75,47.11,50.43,43.38,42.09
4373000,52.75,47.11,50.43,43.38,42.09
4374000,52.75,47.11,50.43,43.38,42.09
4375000,52.73,47.13,50.38,43.42,42.06
4376000,52.73,47.13,50.38,43.42,42.06
4377000,52.58,47.44,50.57,43.36,42.05
4378000,52.58,47.44,50.57,43.36,42.05
4379000,52.58,47.44,50.57,43.36,42.05
4380000,52.56,47.49,50.63,43.2,42.02
4381000,52.56,47.49,50.63,43.2,42.02
4382000,52.56,47.62,50.71,43.23,41.6
4383000,52.56,47.62,50.71,43.23,41.6
4384000,52.56,47.62,50.71,43.23,41.6
4385000,52.53,47.58,50.61,43.19,41.53
4386000,52.53,47.58,50.61,43.19,41.53
4387000,52.41,47.62,50.64,43.43,41.26
4388000,52.41,47.62,50.64,43.43,41.26
4389000,52.41,47.62,50.64,43.43,41.26
4390000,52.48,47.86,50.64,43.46,41.22
4391000,52.48,47.86,50.64,43.46,41.22
4392000,52.48,47.84,50.71,43.1,41.38
4393000,52.48,47.84,50.71,43.1,41.38
4394000,52.48,47.84,50.71,43.1,41.38
4395000,52.5,47.78,50.71,43.07,41.33
4396000,52.5,47.78,50.71,43.07,41.33
4397000,52.49,47.84,50.74,43.01,41.27
4398000,52.49,47.84,50.74,43.01,41.27
4399000,52.49,47.84,50.74,43.01,41.27
4400000,52.43,47.79,50.71,42.92,41.22
4401000,52.43,47.79,50.71,42.92,41.22
4402000,52.55,47.77,50.69,42.85,41.27
4403000,52.55,47.77,50.69,42.85,41.27
4404000,52.55,47.77,50.69,42.85,41.27
4405000,52.6,47.81,50.79,42.86,41.34
4406000,52.6,47.81,50.79,42.86,41.34
4407000,52.58,47.8,50.83,42.87,41.33
4408000,52.58,47.8,50.83,42.87,41.33
4409000,52.58,47.8,50.83,42.87,41.33
4410000,52.54,47.94,50.81,42.92,41.35
4411000,52.54,47.94,50.81,42.92,41.35
4412000,52.56,47.92,50.78,42.89,41.27
4413000,52.56,47.92,50.78,42.89,41.27
4414000,52.56,47.92,50.78,42.89,41.27
4415000,52.56,47.64,50.76,42.94,41.25
4416000,52.56,47.64,50.76,42.94,41.25
4417000,52.47,47.58,50.8,42.96,41.44
4418000,52.47,47.58,50.8,42.96,41.44
4419000,52.47,47.58,50.8,42.96,41.44
4420000,52.55,47.54,50.82,42.83,41.39
4421000,52.55,47.54,50.82,42.83,41.39
4422000,52.52,47.54,50.84,42.74,41.38
4423000,52.52,47.54,50.84,42.74,41.38
4424000,52.52,47.54,50.84,42.74,41.38
4425000,52.51,47.14,50.92,42.58,41.64
4426000,52.51,47.14,50.92,42.58,41.64
4427000,52.55,47.04,50.89,42.66,41.7
4428000,52.55,47.04,50.89,42.66,41.7
4429000,52.55,47.04,50.89,42.66,41.7
4430000,52.5,46.96,50.91,42.68,41.91
4431000,52.5,46.96,50.91,42.68,41.91
4432000,52.43,47.0,50.89,42.64,41.95
4433000,52.43,47.0,50.89,42.64,41.95
4434000,52.43,47.0,50.89,42.64,41.95
4435000,52.45,46.95,50.87,42.7,42.04
4436000,52.45,46.95,50.87,42.7,42.04
4437000,52.31,46.98,50.91,42.81,42.05
4438000,52.31,46.98,50.91,42.81,42.05
4439000,52.31,46.98,50.91,42.81,42.05
4440000,52.37,46.95,50.86,42.84,41.71
4441000,52.37,46.95,50.86,42.84,41.71
4442000,52.37,46.9,50.88,42.89,41.72
4443000,52.37,46.9,50.88,42.89,41.72
4444000,52.37,46.9,50.88,42.89,41.72
4445000,52.32,46.91,50.67,42.86,41.74
4446000,52.32,46.91,50.67,42.86,41.74
4447000,52.42,46.94,50.59,42.91,41.58
4448000,52.42,46.94,50.59,42.91,41.58
4449000,52.42,46.94,50.59,42.91,41.58
4450000,52.58,46.96,50.48,42.9,41.57
4451000,52.58,46.96,50.48,42.9,41.57
4452000,52.66,46.86,50.41,42.96,41.53
4453000,52.66,46.86,50.41,42.96,41.53
4454000,52.66,46.86,50.41,42.96,41.53
4455000,52.73,46.8,50.4,42.95,41.62
4456000,52.73,46.8,50.4,42.95,41.62
4457000,52.81,46.82,50.46,42.98,41.62
4458000,52.81,46.82,50.46,42.98,41.62
4459000,52.81,46.82,50.46,42.98,41.62
4460000,52.96,46.78,50.38,43.01,41.53
4461000,52.96,46.78,50.38,43.01,41.53
4462000,52.97,46.74,50.4,43.13,41.56
4463000,52.97,46.74,50.4,43.13,41.56
4464000,52.97,46.74,50.4,43.13,41.56
4465000,52.92,46.77,50.46,43.19,41.6
4466000,52.92,46.77,50.46,43.19,41.6
4467000,53.03,46.73,50.43,43.16,41.61
4468000,53.03,46.73,50.43,43.16,41.61
4469000,53.03,46.73,50.43,43.16,41.61
4470000,53.03,46.64,50.45,43.2,41.6
4471000,53.03,46.64,50.45,43.2,41.6
4472000,52.96,46.51,50.38,43.25,41.76
4473000,52.96,46.51,50.38,43.25,41.76
4474000,52.96,46.51,50.38,43.25,41.76
4475000,52.91,46.54,50.52,43.16,41.65
4476000,52.91,46.54,50.52,43.16,41.65
4477000,52.93,46.7,50.54,43.24,41.61
4478000,52.93,46.7,50.54,43.24,41.61
4479000,52.93,46.7,50.54,43.24,41.61
4480000,52.93,46.81,50.58,43.2,41.43
4481000,52.93,46.81,50.58,43.2,41.43
4482000,52.96,46.79,50.58,43.11,41.46
4483000,52.96,46.79,50.58,43.11,41.46
4484000,52.96,46.79,50.58,43.11,41.46
4485000,52.9,46.78,50.69,43.1,41.44
4486000,52.9,46.78,50.69,43.1,41.44
4487000,52.84,46.85,50.65,43.16,41.46
4488000,52.84,46.85,50.65,43.16,41.46
4489000,52.84,46.85,50.65,43.16,41.46
4490000,52.87,46.85,50.69,43.19,41.43
4491000,52.87,46.85,50.69,43.19,41.43
4492000,52.89,46.93,50.71,43.14,41.49
4493000,52.89,46.93,50.71,43.14,41.49
4494000,52.89,46.93,50.71,43.14,41.49
4495000,52.82,46.98,50.71,43.11,41.51
4496000,52.82,46.98,50.71,43.11,41.51
4497000,52.82,47.1,50.7,43.18,41.5
4498000,52.82,47.1,50.7,43.18,41.5
4499000,52.82,47.1,50.7,43.18,41.5
4500000,52.76,47.13,50.72,43.28,41.1
4501000,52.76,47.13,50.72,43.28,41.1
4502000,52.77,47.16,50.82,43.18,41.2
4503000,52.77,47.16,50.82,43.18,41.2
4504000,52.77,47.16,50.82,43.18,41.2
4505000,52.77,47.11,50.86,42.99,41.11
4506000,52.77,47.11,50.86,42.99,41.11
4507000,52.83,47.0,50.79,42.89,41.1
4508000,52.83,47.0,50.79,42.89,41.1
4509000,52.83,47.0,50.79,42.89,41.1
4510000,52.85,47.05,50.89,43.03,41.05
4511000,52.85,47.05,50.89,43.03,41.05
4512000,52.85,47.05,50.89,43.0,41.04
4513000,52.85,47.05,50.89,43.0,41.04
4514000,52.85,47.05,50.89,43.0,41.04
4515000,52.87,47.22,50.83,43.12,40.98
4516000,52.87,47.22,50.83,43.12,40.98
4517000,52.98,47.28,50.68,43.07,40.98
4518000,52.98,47.28,50.68,43.07,40.98
4519000,52.98,47.28,50.68,43.07,40.98
4520000,53.09,47.18,50.64,43.07,40.99
4521000,53.09,47.18,50.64,43.07,40.99
4522000,53.15,47.19,50.6,43.03,41.03
4523000,53.15,47.19,50.6,43.03,41.03
4524000,53.15,47.19,50.6,43.03,41.03
4525000,53.16,47.18,50.65,43.0,41.09
4526000,53.16,47.18,50.65,43.0,41.09
4527000,53.15,47.25,50.62,43.12,41.13
4528000,53.15,47.25,50.62,43.12,41.13
4529000,53.15,47.25,50.62,43.12,41.13
4530000,53.21,47.33,50.61,43.12,41.07
4531000,53.21,47.33,50.61,43.12,41.07
4532000,53.24,47.29,50.54,43.15,41.04
4533000,53.24,47.29,50.54,43.15,41.04
4534000,53.24,47.29,50.54,43.15,41.04
4535000,53.1,47.19,50.57,43.08,40.99
4536000,53.1,47.19,50.57,43.08,40.99
4537000,53.05,47.0,50.58,43.17,41.03
4538000,53.05,47.0,50.58,43.17,41.03
4539000,53.05,47.0,50.58,43.17,41.03
4540000,53.09,47.13,50.59,43.18,40.99
4541000,53.09,47.13,50.59,43.18,40.99
4542000,52.99,47.11,50.65,43.22,41.14
4543000,52.99,47.11,50.65,43.22,41.14
4544000,52.99,47.11,50.65,43.22,41.14
4545000,52.99,47.17,50.66,43.29,41.21
4546000,52.99,47.17,50.66,43.29,41.21
4547000,52.96,47.09,50.63,43.22,41.19
4548000,52.96,47.09,50.63,43.22,41.19
4549000,52.96,47.09,50.63,43.22,41.19
4550000,52.95,47.2,50.63,43.15,41.11
4551000,52.95,47.2,50.63,43.15,41.11
4552000,52.98,47.24,50.64,43.2,41.09
4553000,52.98,47.24,50.64,43.2,41.09
4554000,52.98,47.24,50.64,43.2,41.09
4555000,53.04,47.28,50.63,43.16,41.12
4556000,53.04,47.28,50.63,43.16,41.12
4557000,53.09,47.35,50.66,43.29,41.08
4558000,53.09,47.35,50.66,43.29,41.08
4559000,53.09,47.35,50.66,43.29,41.08
4560000,53.1,47.25,50.74,43.32,41.18
4561000,53.1,47.25,50.74,43.32,41.18
4562000,53.12,47.26,50.75,43.3,41.13
4563000,53.12,47.26,50.75,43.3,41.13
4564000,53.12,47.26,50.75,43.3,41.13
4565000,52.84,47.29,50.78,43.33,41.13
4566000,52.84,47.29,50.78,43.33,41.13
4567000,52.54,47.3,50.54,43.23,40.95
4568000,52.54,47.3,50.54,43.23,40.95
4569000,52.54,47.3,50.54,43.23,40.95
4570000,52.47,47.33,50.52,43.29,40.95
4571000,52.47,47.33,50.52,43.29,40.95
4572000,52.36,47.48,50.56,43.27,40.94
4573000,52.36,47.48,50.56,43.27,40.94
4574000,52.36,47.48,50.56,43.27,40.94
4575000,52.3,47.47,50.55,43.25,40.81
4576000,52.3,47.47,50.55,43.25,40.81
4577000,52.25,47.43,50.51,42.97,41.09
4578000,52.25,47.43,50.51,42.97,41.09
4579000,52.25,47.43,50.51,42.97,41.09
4580000,52.24,47.4,50.53,42.95,41.12
4581000,52.24,47.4,50.53,42.95,41.12
4582000,52.25,47.43,50.52,42.96,41.17
4583000,52.25,47.43,50.52,42.96,41.17
4584000,52.25,47.43,50.52,42.96,41.17
4585000,52.26,47.33,50.28,42.93,41.28
4586000,52.26,47.33,50.28,42.93,41.28
4587000,52.56,47.16,50.11,42.84,41.42
4588000,52.56,47.16,50.11,42.84,41.42
4589000,52.56,47.16,50.11,42.84,41.42
4590000,52.71,47.16,50.01,42.84,41.48
4591000,52.71,47.16,50.01,42.84,41.48
4592000,52.73,47.14,49.82,42.82,41.52
4593000,52.73,47.14,49.82,42.82,41.52
4594000,52.73,47.14,49.82,42.82,41.52
4595000,52.79,47.15,49.8,42.8,41.63
4596000,52.79,47.15,49.8,42.8,41.63
4597000,52.85,47.1,49.77,42.83,41.72
4598000,52.85,47.1,49.77,42.83,41.72
4599000,52.85,47.1,49.77,42.83,41.72
4600000,52.87,47.12,49.7,42.9,41.9
4601000,52.87,47.12,49.7,42.9,41.9
4602000,52.89,47.03,49.61,43.04,41.85
4603000,52.89,47.03,49.61,43.04,41.85
4604000,52.89,47.03,49.61,43.04,41.85
4605000,52.88,47.0,49.62,42.91,41.99
4606000,52.88,47.0,49.62,42.91,41.99
4607000,52.87,46.94,49.69,42.85,41.98
4608000,52.87,46.94,49.69,42.85,41.98
4609000,52.87,46.94,49.69,42.85,41.98
4610000,52.86,46.99,49.72,42.96,41.95
4611000,52.86,46.99,49.72,42.96,41.95
4612000,52.86,47.05,49.67,43.05,41.99
4613000,52.86,47.05,49.67,43.05,41.99
4614000,52.86,47.05,49.67,43.05,41.99
4615000,52.86,47.07,49.7,43.02,42.16
4616000,52.86,47.07,49.7,43.02,42.16
4617000,52.84,47.07,49.65,43.1,42.21
4618000,52.84,47.07,49.65,43.1,42.21
4619000,52.84,47.07,49.65,43.1,42.21
4620000,52.76,47.02,49.64,43.13,42.21
4621000,52.76,47.02,49.64,43.13,42.21
4622000,52.68,46.85,49.67,43.25,42.17
4623000,52.68,46.85,49.67,43.25,42.17
4624000,52.68,46.85,49.67,43.25,42.17
4625000,52.63,46.87,49.76,43.27,42.21
4626000,52.63,46.87,49.76,43.27,42.21
4627000,52.76,46.83,49.71,43.25,42.03
4628000,52.76,46.83,49.71,43.25,42.03
4629000,52.76,46.83,49.71,43.25,42.03
4630000,52.76,46.86,49.74,43.38,42.04
4631000,52.76,46.86,49.74,43.38,42.04
4632000,52.8,46.78,49.82,43.22,42.49
4633000,52.8,46.78,49.82,43.22,42.49
4634000,52.8,46.78,49.82,43.22,42.49
4635000,52.87,46.8,49.81,43.24,42.59
4636000,52.87,46.8,49.81,43.24,42.59
4637000,52.95,46.79,49.76,43.18,42.87
4638000,52.95,46.79,49.76,43.18,42.87
4639000,52.95,46.79,49.76,43.18,42.87
4640000,52.93,46.8,49.8,43.09,42.73
4641000,52.93,46.8,49.8,43.09,42.73
4642000,53.0,46.87,49.79,43.46,42.8
4643000,53.0,46.87,49.79,43.46,42.8
4644000,53.0,46.87,49.79,43.46,42.8
4645000,53.0,46.94,49.8,43.5,42.83
4646000,53.0,46.94,49.8,43.5,42.83
4647000,52.99,46.78,49.73,43.6,42.92
4648000,52.99,46.78,49.73,43.6,42.92
4649000,52.99,46.78,49.73,43.6,42.92
4650000,53.02,46.73,49.78,43.65,43.04
4651000,53.02,46.73,49.78,43.65,43.04
4652000,53.06,46.68,49.83,43.67,42.93
4653000,53.06,46.68,49.83,43.67,42.93
4654000,53.06,46.68,49.83,43.67,42.93
4655000,53.01,46.56,49.75,43.75,42.96
4656000,53.01,46.56,49.75,43.75,42.96
4657000,52.98,46.45,49.74,43.83,43.0
4658000,52.98,46.45,49.74,43.83,43.0
4659000,52.98,46.45,49.74,43.83,43.0
4660000,52.91,46.43,49.72,43.77,43.03
4661000,52.91,46.43,49.72,43.77,43.03
4662000,52.89,46.41,49.8,43.83,43.12
4663000,52.89,46.41,49.8,43.83,43.12
4664000,52.89,46.41,49.8,43.83,43.12
4665000,52.81,46.67,49.89,43.82,43.11
4666000,52.81,46.67,49.89,43.82,43.11
4667000,52.83,46.79,49.75,43.73,43.18
4668000,52.83,46.79,49.75,43.73,43.18
4669000,52.83,46.79,49.75,43.73,43.18
4670000,52.85,46.8,49.76,43.88,43.1
4671000,52.85,46.8,49.76,43.88,43.1
4672000,52.82,46.77,49.73,43.96,43.1
4673000,52.82,46.77,49.73,43.96,43.1
4674000,52.82,46.77,49.73,43.96,43.1
4675000,52.8,47.13,49.65,44.12,43.01
4676000,52.8,47.13,49.65,44.12,43.01
4677000,52.81,47.17,49.61,44.02,43.02
4678000,52.81,47.17,49.61,44.02,43.02
4679000,52.81,47.17,49.61,44.02,43.02
4680000,52.82,47.27,49.61,44.17,42.98
4681000,52.82,47.27,49.61,44.17,42.98
4682000,52.9,47.32,49.7,44.29,42.94
4683000,52.9,47.32,49.7,44.29,42.94
4684000,52.9,47.32,49.7,44.29,42.94
4685000,52.88,47.42,49.74,44.36,42.84
4686000,52.88,47.42,49.74,44.36,42.84
4687000,53.03,47.36,49.72,44.38,42.88
4688000,53.03,47.36,49.72,44.38,42.88
4689000,53.03,47.36,49.72,44.38,42.88
4690000,53.01,47.34,49.76,44.4,43.26
4691000,53.01,47.34,49.76,44.4,43.26
4692000,53.0,47.28,49.64,44.29,43.24
4693000,53.0,47.28,49.64,44.29,43.24
4694000,53.0,47.28,49.64,44.29,43.24
4695000,53.03,47.27,49.84,44.08,43.35
4696000,53.03,47.27,49.84,44.08,43.35
4697000,52.94,47.34,49.82,44.1,43.4
4698000,52.94,47.34,49.82,44.1,43.4
4699000,52.94,47.34,49.82,44.1,43.4
4700000,52.86,47.4,49.89,44.12,43.4
4701000,52.86,47.4,49.89,44.12,43.4
4702000,52.88,47.53,49.88,44.14,43.52
4703000,52.88,47.53,49.88,44.14,43.52
4704000,52.88,47.53,49.88,44.14,43.52
4705000,52.89,47.48,49.99,44.15,43.48
4706000,52.89,47.48,49.99,44.15,43.48
4707000,52.85,47.5,49.99,44.16,43.49
4708000,52.85,47.5,49.99,44.16,43.49
4709000,52.85,47.5,49.99,44.16,43.49
4710000,52.77,47.49,50.06,44.19,43.61
4711000,52.77,47.49,50.06,44.19,43.61
4712000,52.78,47.47,49.95,44.07,43.63
4713000,52.78,47.47,49.95,44.07,43.63
4714000,52.78,47.47,49.95,44.07,43.63
4715000,52.27,47.53,49.99,44.16,43.53
4716000,52.27,47.53,49.99,44.16,43.53
4717000,52.1,47.59,49.9,44.2,43.68
4718000,52.1,47.59,49.9,44.2,43.68
4719000,52.1,47.59,49.9,44.2,43.68
4720000,51.91,47.66,49.88,44.17,43.79
4721000,51.91,47.66,49.88,44.17,43.79
4722000,51.91,47.79,49.95,44.21,43.76
4723000,51.91,47.79,49.95,44.21,43.76
4724000,51.91,47.79,49.95,44.21,43.76
4725000,51.85,47.76,49.93,44.24,43.86
4726000,51.85,47.76,49.93,44.24,43.86
4727000,51.84,47.76,49.81,44.08,43.8
4728000,51.84,47.76,49.81,44.08,43.8
4729000,51.84,47.76,49.81,44.08,43.8
4730000,51.83,47.66,49.77,43.84,43.99
4731000,51.83,47.66,49.77,43.84,43.99
4732000,51.8,47.69,49.84,43.79,43.9
4733000,51.8,47.69,49.84,43.79,43.9
4734000,51.8,47.69,49.84,43.79,43.9
4735000,51.54,47.71,49.84,43.82,43.91
4736000,51.54,47.71,49.84,43.82,43.91
4737000,51.56,47.65,49.91,43.69,43.81
4738000,51.56,47.65,49.91,43.69,43.81
4739000,51.56,47.65,49.91,43.69,43.81
4740000,51.53,47.73,49.89,43.73,43.88
4741000,51.53,47.73,49.89,43.73,43.88
4742000,51.46,47.73,49.87,43.83,43.88
4743000,51.46,47.73,49.87,43.83,43.88
4744000,51.46,47.73,49.87,43.83,43.88
4745000,51.46,47.76,49.92,43.77,43.88
4746000,51.46,47.76,49.92,43.77,43.88
4747000,51.41,47.76,49.91,43.74,43.97
4748000,51.41,47.76,49.91,43.74,43.97
4749000,51.41,47.76,49.91,43.74,43.97
4750000,51.52,47.75,49.93,43.67,44.44
4751000,51.52,47.75,49.93,43.67,44.44
4752000,51.48,47.69,49.92,43.73,44.58
4753000,51.48,47.69,49.92,43.73,44.58
4754000,51.48,47.69,49.92,43.73,44.58
4755000,51.49,47.67,49.93,43.87,44.6
4756000,51.49,47.67,49.93,43.87,44.6
4757000,51.25,47.81,50.0,43.97,44.49
4758000,51.25,47.81,50.0,43.97,44.49
4759000,51.25,47.81,50.0,43.97,44.49
4760000,51.22,47.91,49.96,43.95,44.55
4761000,51.22,47.91,49.96,43.95,44.55
4762000,51.17,48.0,49.98,44.04,44.6
4763000,51.17,48.0,49.98,44.04,44.6
4764000,51.17,48.0,49.98,44.04,44.6
4765000,51.13,47.91,50.04,44.12,44.5
4766000,51.13,47.91,50.04,44.12,44.5
4767000,51.09,47.89,50.16,44.08,44.4
4768000,51.09,47.89,50.16,44.08,44.4
4769000,51.09,47.89,50.16,44.08,44.4
4770000,51.11,47.91,50.16,44.03,44.42
4771000,51.11,47.91,50.16,44.03,44.42
4772000,51.1,47.93,50.12,44.08,44.61
4773000,51.1,47.93,50.12,44.08,44.61
4774000,51.1,47.93,50.12,44.08,44.61
4775000,51.11,47.9,50.15,44.09,44.59
4776000,51.11,47.9,50.15,44.09,44.59
4777000,50.93,47.87,50.21,43.9,44.61
4778000,50.93,47.87,50.21,43.9,44.61
4779000,50.93,47.87,50.21,43.9,44.61
4780000,50.93,47.9,50.32,43.79,44.66
4781000,50.93,47.9,50.32,43.79,44.66
4782000,50.87,47.95,50.33,43.81,44.52
4783000,50.87,47.95,50.33,43.81,44.52
4784000,50.87,47.95,50.33,43.81,44.52
4785000,51.02,47.97,50.01,43.88,44.57
4786000,51.02,47.97,50.01,43.88,44.57
4787000,51.06,48.13,50.0,43.67,44.6
4788000,51.06,48.13,50.0,43.67,44.6
4789000,51.06,48.13,50.0,43.67,44.6
4790000,50.97,48.13,49.92,43.67,44.54
4791000,50.97,48.13,49.92,43.67,44.54
4792000,51.07,48.2,49.9,43.62,44.57
4793000,51.07,48.2,49.9,43.62,44.57
4794000,51.07,48.2,49.9,43.62,44.57
4795000,51.03,48.22,49.87,43.53,44.55
4796000,51.03,48.22,49.87,43.53,44.55
4797000,51.08,48.32,49.92,43.56,44.56
4798000,51.08,48.32,49.92,43.56,44.56
4799000,51.08,48.32,49.92,43.56,44.56
4800000,51.01,48.35,49.98,43.54,44.59
4801000,51.01,48.35,49.98,43.54,44.59
4802000,50.99,48.33,49.92,43.52,44.68
4803000,50.99,48.33,49.92,43.52,44.68
4804000,50.99,48.33,49.92,43.52,44.68
4805000,50.92,48.35,49.92,43.51,44.84
4806000,50.92,48.35,49.92,43.51,44.84
4807000,50.49,48.34,49.94,43.48,44.75
4808000,50.49,48.34,49.94,43.48,44.75
4809000,50.49,48.34,49.94,43.48,44.75
4810000,50.53,48.39,49.82,43.4,44.7
4811000,50.53,48.39,49.82,43.4,44.7
4812000,50.42,48.46,49.86,43.38,44.62
4813000,50.42,48.46,49.86,43.38,44.62
4814000,50.42,48.46,49.86,43.38,44.62
4815000,50.64,48.48,49.87,43.36,44.62
4816000,50.64,48.48,49.87,43.36,44.62
4817000,50.9,48.51,50.04,43.47,44.81
4818000,50.9,48.51,50.04,43.47,44.81
4819000,50.9,48.51,50.04,43.47,44.81
4820000,50.9,48.47,50.1,43.44,44.81
4821000,50.9,48.47,50.1,43.44,44.81
4822000,50.85,48.5,50.06,43.3,44.81
4823000,50.85,48.5,50.06,43.3,44.81
4824000,50.85,48.5,50.06,43.3,44.81
4825000,50.52,48.49,50.05,43.35,44.9
4826000,50.52,48.49,50.05,43.35,44.9
4827000,50.54,48.57,50.05,43.67,44.88
4828000,50.54,48.57,50.05,43.67,44.88
4829000,50.54,48.57,50.05,43.67,44.88
4830000,50.5,48.56,50.06,43.7,44.97
4831000,50.5,48.56,50.06,43.7,44.97
4832000,50.42,48.51,50.08,43.74,45.03
4833000,50.42,48.51,50.08,43.74,45.03
4834000,50.42,48.51,50.08,43.74,45.03
4835000,50.41,48.58,50.35,43.77,45.02
4836000,50.41,48.58,50.35,43.77,45.02
4837000,50.38,48.71,50.52,43.87,45.01
4838000,50.38,48.71,50.52,43.87,45.01
4839000,50.38,48.71,50.52,43.87,45.01
4840000,50.35,48.59,50.62,43.85,44.78
4841000,50.35,48.59,50.62,43.85,44.78
4842000,50.4,48.62,50.53,43.81,44.78
4843000,50.4,48.62,50.53,43.81,44.78
4844000,50.4,48.62,50.53,43.81,44.78
4845000,50.34,48.68,50.45,43.83,44.69
4846000,50.34,48.68,50.45,43.83,44.69
4847000,50.2,48.75,50.49,43.89,44.45
4848000,50.2,48.75,50.49,43.89,44.45
4849000,50.2,48.75,50.49,43.89,44.45
4850000,50.18,48.74,50.58,43.73,44.27
4851000,50.18,48.74,50.58,43.73,44.27
4852000,50.06,48.76,50.59,43.7,44.3
4853000,50.06,48.76,50.59,43.7,44.3
4854000,50.06,48.76,50.59,43.7,44.3
4855000,50.09,48.85,50.53,43.86,44.22
4856000,50.09,48.85,50.53,43.86,44.22
4857000,50.09,48.95,50.54,43.96,44.3
4858000,50.09,48.95,50.54,43.96,44.3
4859000,50.09,48.95,50.54,43.96,44.3
4860000,50.1,48.99,50.54,43.9,44.31
4861000,50.1,48.99,50.54,43.9,44.31
4862000,50.15,48.97,50.6,43.91,44.32
4863000,50.15,48.97,50.6,43.91,44.32
4864000,50.15,48.97,50.6,43.91,44.32
4865000,50.12,48.82,50.54,43.92,44.15
4866000,50.12,48.82,50.54,43.92,44.15
4867000,50.15,48.82,50.62,43.97,44.05
4868000,50.15,48.82,50.62,43.97,44.05
4869000,50.15,48.82,50.62,43.97,44.05
4870000,50.29,48.87,50.65,44.0,43.98
4871000,50.29,48.87,50.65,44.0,43.98
4872000,50.39,48.98,50.68,43.68,44.05
4873000,50.39,48.98,50.68,43.68,44.05
4874000,50.39,48.98,50.68,43.68,44.05
4875000,50.38,49.07,50.6,43.65,44.01
4876000,50.38,49.07,50.6,43.65,44.01
4877000,50.38,49.04,50.61,43.76,44.24
4878000,50.38,49.04,50.61,43.76,44.24
4879000,50.38,49.04,50.61,43.76,44.24
4880000,50.43,49.0,50.61,43.82,44.31
4881000,50.43,49.0,50.61,43.82,44.31
4882000,50.44,49.03,50.51,43.91,44.05
4883000,50.44,49.03,50.51,43.91,44.05
4884000,50.44,49.03,50.51,43.91,44.05
4885000,50.41,49.04,50.71,43.97,44.02
4886000,50.41,49.04,50.71,43.97,44.02
4887000,50.43,49.07,50.84,43.98,43.96
4888000,50.43,49.07,50.84,43.98,43.96
4889000,50.43,49.07,50.84,43.98,43.96
4890000,50.45,48.98,50.83,44.06,44.03
4891000,50.45,48.98,50.83,44.06,44.03
4892000,50.45,48.92,50.92,43.93,44.08
4893000,50.45,48.92,50.92,43.93,44.08
4894000,50.45,48.92,50.92,43.93,44.08
4895000,50.49,49.0,50.97,43.88,44.01
4896000,50.49,49.0,50.97,43.88,44.01
4897000,50.48,49.08,51.02,43.88,43.9
4898000,50.48,49.08,51.02,43.88,43.9
4899000,50.48,49.08,51.02,43.88,43.9
4900000,50.5,49.11,51.1,43.98,43.92
4901000,50.5,49.11,51.1,43.98,43.92
4902000,50.42,49.18,51.08,44.02,44.0
4903000,50.42,49.18,51.08,44.02,44.0
4904000,50.42,49.18,51.08,44.02,44.0
4905000,50.49,49.26,51.02,43.97,44.02
4906000,50.49,49.26,51.02,43.97,44.02
4907000,50.57,49.38,51.06,43.98,43.98
4908000,50.57,49.38,51.06,43.98,43.98
4909000,50.57,49.38,51.06,43.98,43.98
4910000,50.72,49.32,51.09,43.84,43.89
4911000,50.72,49.32,51.09,43.84,43.89
4912000,50.77,49.49,51.07,43.62,43.96
4913000,50.77,49.49,51.07,43.62,43.96
4914000,50.77,49.49,51.07,43.62,43.96
4915000,50.86,49.54,51.03,43.6,43.97
4916000,50.86,49.54,51.03,43.6,43.97
4917000,50.92,49.53,51.18,43.7,43.97
4918000,50.92,49.53,51.18,43.7,43.97
4919000,50.92,49.53,51.18,43.7,43.97
4920000,50.87,49.53,51.22,43.74,44.06
4921000,50.87,49.53,51.22,43.74,44.06
4922000,50.82,49.58,51.24,43.81,44.04
4923000,50.82,49.58,51.24,43.81,44.04
4924000,50.82,49.58,51.24,43.81,44.04
4925000,50.85,49.54,51.26,43.86,44.06
4926000,50.85,49.54,51.26,43.86,44.06
4927000,50.88,49.54,51.33,43.94,44.1
4928000,50.88,49.54,51.33,43.94,44.1
4929000,50.88,49.54,51.33,43.94,44.1
4930000,50.85,49.51,51.35,43.97,44.1
4931000,50.85,49.51,51.35,43.97,44.1
4932000,50.81,49.49,51.3,43.85,44.11
4933000,50.81,49.49,51.3,43.85,44.11
4934000,50.81,49.49,51.3,43.85,44.11
4935000,50.82,49.43,51.34,43.77,44.16
4936000,50.82,49.43,51.34,43.77,44.16
4937000,50.75,49.45,51.36,43.78,44.14
4938000,50.75,49.45,51.36,43.78,44.14
4939000,50.75,49.45,51.36,43.78,44.14
4940000,50.78,49.45,51.36,43.8,44.14
4941000,50.78,49.45,51.36,43.8,44.14
4942000,50.74,49.43,51.41,43.86,44.16
4943000,50.74,49.43,51.41,43.86,44.16
4944000,50.74,49.43,51.41,43.86,44.16
4945000,50.77,49.43,51.46,43.63,44.12
4946000,50.77,49.43,51.46,43.63,44.12
4947000,50.85,49.41,51.53,43.67,44.11
4948000,50.85,49.41,51.53,43.67,44.11
4949000,50.85,49.41,51.53,43.67,44.11
4950000,50.87,49.41,51.59,43.72,44.09
4951000,50.87,49.41,51.59,43.72,44.09
4952000,50.82,49.35,51.67,43.74,44.04
4953000,50.82,49.35,51.67,43.74,44.04
4954000,50.82,49.35,51.67,43.74,44.04
4955000,50.81,49.41,51.65,43.7,44.06
4956000,50.81,49.41,51.65,43.7,44.06
4957000,50.85,49.43,51.65,43.75,44.13
4958000,50.85,49.43,51.65,43.75,44.13
4959000,50.85,49.43,51.65,43.75,44.13
4960000,50.84,49.46,51.67,43.7,44.13
4961000,50.84,49.46,51.67,43.7,44.13
4962000,50.84,49.49,51.83,43.85,44.13
4963000,50.84,49.49,51.83,43.85,44.13
4964000,50.84,49.49,51.83,43.85,44.13
4965000,51.42,49.46,51.8,43.43,44.18
4966000,51.42,49.46,51.8,43.43,44.18
4967000,51.54,49.53,51.87,42.98,44.19
4968000,51.54,49.53,51.87,42.98,44.19
4969000,51.54,49.53,51.87,42.98,44.19
4970000,51.75,49.4,51.87,42.85,44.17
4971000,51.75,49.4,51.87,42.85,44.17
4972000,51.73,49.3,51.87,42.76,44.19
4973000,51.73,49.3,51.87,42.76,44.19
4974000,51.73,49.3,51.87,42.76,44.19
4975000,51.87,49.25,51.89,42.63,44.22
4976000,51.87,49.25,51.89,42.63,44.22
4977000,51.8,49.15,52.06,42.7,44.3
4978000,51.8,49.15,52.06,42.7,44.3
4979000,51.8,49.15,52.06,42.7,44.3
4980000,51.46,49.18,52.08,42.93,44.32
4981000,51.46,49.18,52.08,42.93,44.32
4982000,51.33,49.09,52.13,43.1,44.38
4983000,51.33,49.09,52.13,43.1,44.38
4984000,51.33,49.09,52.13,43.1,44.38
4985000,51.55,49.0,52.16,43.1,43.98
4986000,51.55,49.0,52.16,43.1,43.98
4987000,51.51,49.03,52.14,43.18,43.93
4988000,51.51,49.03,52.14,43.18,43.93
4989000,51.51,49.03,52.14,43.18,43.93
4990000,51.53,48.94,52.1,43.17,43.86
4991000,51.53,48.94,52.1,43.17,43.86
4992000,51.53,48.95,52.16,42.78,43.83
4993000,51.53,48.95,52.16,42.78,43.83
4994000,51.53,48.95,52.16,42.78,43.83
4995000,51.46,48.89,52.06,42.81,43.86
4996000,51.46,48.89,52.06,42.81,43.86
4997000,51.47,48.81,52.18,42.67,43.73
4998000,51.47,48.81,52.18,42.67,43.73
4999000,51.47,48.81,52.18,42.67,43.73
