step,seed1,seed2,seed3,seed4,seed5
1000,0.5625,0.41666666,0.78571427,0.5833333,0.23529412
2000,0.4516129,0.56,0.61290324,0.39285713,0.25
3000,0.4347826,0.45,0.5555556,0.5609756,0.27450982
4000,0.48214287,0.48076922,0.5254237,0.6296296,0.4
5000,0.5882353,0.59375,0.6857143,0.6666667,0.39506173
6000,0.5595238,0.5731707,0.6179775,0.60493827,0.36734694
7000,0.5851064,0.6145833,0.58,0.5555556,0.37
8000,0.64,0.57,0.5,0.58,0.37
9000,0.62,0.59,0.53,0.59,0.4
10000,0.63,0.56,0.54,0.55,0.43
11000,0.53,0.54,0.39,0.47,0.44
12000,0.53,0.39,0.39,0.45,0.43
13000,0.48,0.32,0.5,0.48,0.43
14000,0.39,0.36,0.53,0.46,0.44
15000,0.46,0.4,0.55,0.47,0.37
16000,0.48,0.35,0.55,0.53,0.31
17000,0.57,0.3,0.53,0.57,0.29
18000,0.62,0.3,0.57,0.58,0.39
19000,0.63,0.39,0.57,0.59,0.46
20000,0.66,0.44,0.52,0.53,0.47
21000,0.57,0.38,0.57,0.58,0.47
22000,0.61,0.43,0.62,0.5,0.51
23000,0.63,0.43,0.59,0.44,0.54
24000,0.56,0.45,0.59,0.46,0.47
25000,0.51,0.4,0.63,0.41,0.45
26000,0.49,0.35,0.72,0.43,0.45
27000,0.49,0.37,0.75,0.41,0.39
28000,0.49,0.38,0.73,0.4,0.44
29000,0.46,0.44,0.7,0.41,0.41
30000,0.44,0.47,0.64,0.44,0.43
31000,0.42,0.49,0.67,0.47,0.51
32000,0.42,0.49,0.63,0.53,0.47
33000,0.37,0.48,0.57,0.54,0.47
34000,0.36,0.37,0.5,0.56,0.53
35000,0.4,0.38,0.46,0.6,0.46
36000,0.38,0.36,0.44,0.62,0.48
37000,0.38,0.36,0.45,0.51,0.42
38000,0.34,0.38,0.44,0.55,0.41
39000,0.32,0.41,0.45,0.56,0.39
40000,0.32,0.51,0.41,0.53,0.4
41000,0.29,0.54,0.41,0.58,0.38
42000,0.29,0.51,0.4,0.57,0.41
43000,0.3,0.53,0.44,0.58,0.38
44000,0.37,0.52,0.48,0.65,0.32
45000,0.45,0.49,0.37,0.65,0.41
46000,0.49,0.46,0.37,0.6,0.46
47000,0.53,0.46,0.42,0.55,0.43
48000,0.52,0.49,0.48,0.49,0.54
49000,0.55,0.44,0.41,0.45,0.55
50000,0.56,0.4,0.33,0.44,0.63
51000,0.45,0.45,0.39,0.45,0.65
52000,0.54,0.46,0.43,0.45,0.55
53000,0.56,0.47,0.44,0.42,0.6
54000,0.6,0.5,0.44,0.46,0.66
55000,0.59,0.57,0.4,0.41,0.6
56000,0.59,0.63,0.49,0.41,0.61
57000,0.62,0.7,0.56,0.44,0.6
58000,0.56,0.72,0.58,0.38,0.59
59000,0.48,0.7,0.57,0.42,0.6
60000,0.36,0.76,0.5,0.34,0.54
61000,0.34,0.77,0.46,0.44,0.6
62000,0.36,0.65,0.49,0.44,0.54
63000,0.27,0.62,0.4,0.44,0.5
64000,0.31,0.58,0.37,0.4,0.53
65000,0.35,0.53,0.35,0.42,0.51
66000,0.36,0.53,0.37,0.49,0.47
67000,0.39,0.52,0.43,0.47,0.4
68000,0.39,0.58,0.41,0.48,0.42
69000,0.38,0.55,0.46,0.49,0.44
70000,0.36,0.51,0.46,0.54,0.42
71000,0.32,0.62,0.46,0.55,0.45
72000,0.32,0.58,0.51,0.53,0.48
73000,0.37,0.59,0.59,0.54,0.51
74000,0.44,0.55,0.52,0.52,0.57
75000,0.44,0.48,0.57,0.48,0.68
76000,0.48,0.61,0.55,0.45,0.66
77000,0.56,0.59,0.56,0.5,0.6
78000,0.56,0.57,0.5,0.49,0.68
79000,0.47,0.58,0.58,0.52,0.67
80000,0.51,0.61,0.52,0.54,0.69
81000,0.45,0.62,0.5,0.62,0.62
82000,0.46,0.7,0.44,0.66,0.53
83000,0.45,0.53,0.5,0.64,0.54
84000,0.33,0.5,0.5,0.59,0.58
85000,0.34,0.47,0.52,0.56,0.58
86000,0.39,0.52,0.47,0.53,0.5
87000,0.38,0.5,0.5,0.54,0.48
88000,0.37,0.48,0.48,0.51,0.46
89000,0.4,0.48,0.55,0.46,0.47
90000,0.38,0.49,0.51,0.5,0.47
91000,0.43,0.54,0.53,0.46,0.42
92000,0.43,0.68,0.55,0.46,0.44
93000,0.44,0.64,0.54,0.47,0.49
94000,0.44,0.66,0.56,0.43,0.53
95000,0.47,0.64,0.59,0.39,0.52
96000,0.46,0.66,0.61,0.4,0.5
97000,0.56,0.61,0.61,0.48,0.54
98000,0.58,0.63,0.59,0.44,0.57
99000,0.63,0.48,0.55,0.42,0.54
100000,0.65,0.51,0.54,0.42,0.46
101000,0.6,0.45,0.52,0.42,0.51
102000,0.57,0.43,0.47,0.34,0.52
103000,0.63,0.52,0.47,0.31,0.59
104000,0.61,0.51,0.45,0.36,0.5
105000,0.6,0.5,0.43,0.37,0.49
106000,0.56,0.54,0.49,0.46,0.5
107000,0.57,0.54,0.51,0.46,0.47
108000,0.58,0.54,0.52,0.45,0.43
109000,0.55,0.58,0.51,0.47,0.48
110000,0.52,0.52,0.44,0.42,0.48
111000,0.48,0.56,0.44,0.35,0.51
112000,0.48,0.51,0.36,0.29,0.49
113000,0.52,0.49,0.3,0.28,0.46
114000,0.56,0.51,0.28,0.29,0.51
115000,0.55,0.42,0.29,0.32,0.51
116000,0.6,0.44,0.3,0.35,0.51
117000,0.59,0.43,0.33,0.43,0.5
118000,0.55,0.47,0.38,0.42,0.51
119000,0.59,0.53,0.47,0.41,0.49
120000,0.57,0.53,0.48,0.46,0.45
121000,0.57,0.5,0.54,0.41,0.43
122000,0.64,0.52,0.52,0.45,0.43
123000,0.65,0.51,0.53,0.52,0.38
124000,0.64,0.51,0.58,0.52,0.38
125000,0.7,0.49,0.53,0.54,0.4
126000,0.72,0.49,0.46,0.55,0.41
127000,0.7,0.49,0.56,0.55,0.44
128000,0.71,0.48,0.54,0.57,0.4
129000,0.69,0.51,0.5,0.54,0.36
130000,0.63,0.54,0.52,0.45,0.37
131000,0.64,0.57,0.51,0.49,0.4
132000,0.58,0.54,0.47,0.51,0.44
133000,0.57,0.52,0.45,0.51,0.45
134000,0.53,0.56,0.36,0.44,0.51
135000,0.47,0.53,0.43,0.47,0.58
136000,0.4,0.6,0.41,0.5,0.63
137000,0.41,0.48,0.44,0.56,0.64
138000,0.45,0.43,0.44,0.58,0.66
139000,0.5,0.42,0.45,0.63,0.69
140000,0.47,0.49,0.5,0.62,0.68
141000,0.47,0.5,0.48,0.67,0.7
142000,0.49,0.5,0.45,0.65,0.64
143000,0.5,0.45,0.4,0.69,0.59
144000,0.48,0.47,0.45,0.75,0.53
145000,0.46,0.53,0.39,0.73,0.52
146000,0.49,0.45,0.39,0.7,0.55
147000,0.45,0.45,0.37,0.65,0.51
148000,0.41,0.43,0.39,0.67,0.46
149000,0.37,0.41,0.39,0.66,0.43
150000,0.38,0.36,0.4,0.65,0.46
151000,0.42,0.42,0.48,0.63,0.43
152000,0.37,0.43,0.47,0.63,0.48
153000,0.37,0.47,0.47,0.55,0.42
154000,0.39,0.45,0.53,0.53,0.45
155000,0.5,0.4,0.51,0.54,0.48
156000,0.5,0.43,0.52,0.47,0.49
157000,0.54,0.49,0.59,0.54,0.5
158000,0.49,0.52,0.56,0.49,0.49
159000,0.51,0.43,0.58,0.5,0.47
160000,0.55,0.4,0.6,0.48,0.42
161000,0.5,0.49,0.58,0.52,0.37
162000,0.52,0.55,0.52,0.59,0.34
163000,0.44,0.54,0.57,0.59,0.35
164000,0.45,0.51,0.58,0.52,0.31
165000,0.41,0.51,0.46,0.52,0.37
166000,0.39,0.49,0.45,0.63,0.4
167000,0.4,0.47,0.41,0.6,0.41
168000,0.45,0.45,0.46,0.67,0.44
169000,0.49,0.37,0.5,0.64,0.38
170000,0.55,0.34,0.53,0.56,0.36
171000,0.56,0.39,0.46,0.55,0.38
172000,0.69,0.4,0.55,0.61,0.34
173000,0.67,0.42,0.53,0.56,0.38
174000,0.69,0.45,0.55,0.51,0.34
175000,0.62,0.45,0.54,0.44,0.35
176000,0.56,0.48,0.5,0.49,0.39
177000,0.52,0.53,0.47,0.46,0.43
178000,0.49,0.48,0.5,0.44,0.45
179000,0.57,0.47,0.48,0.38,0.43
180000,0.46,0.45,0.51,0.46,0.43
181000,0.45,0.51,0.53,0.53,0.45
182000,0.43,0.56,0.6,0.58,0.41
183000,0.49,0.57,0.62,0.63,0.35
184000,0.54,0.56,0.67,0.63,0.34
185000,0.57,0.55,0.67,0.66,0.32
186000,0.56,0.54,0.64,0.71,0.37
187000,0.55,0.58,0.64,0.73,0.33
188000,0.59,0.58,0.63,0.73,0.31
189000,0.55,0.49,0.64,0.64,0.37
190000,0.62,0.48,0.63,0.54,0.41
191000,0.52,0.46,0.65,0.54,0.34
192000,0.57,0.52,0.6,0.5,0.34
193000,0.62,0.52,0.66,0.52,0.37
194000,0.64,0.56,0.7,0.46,0.4
195000,0.59,0.57,0.65,0.46,0.5
196000,0.55,0.57,0.63,0.41,0.48
197000,0.6,0.55,0.66,0.47,0.53
198000,0.67,0.55,0.62,0.48,0.56
199000,0.66,0.58,0.61,0.46,0.63
200000,0.7,0.64,0.62,0.47,0.58
201000,0.66,0.57,0.62,0.47,0.57
202000,0.55,0.63,0.63,0.44,0.51
203000,0.61,0.59,0.68,0.43,0.48
204000,0.63,0.68,0.72,0.45,0.46
205000,0.61,0.69,0.64,0.47,0.45
206000,0.58,0.63,0.61,0.5,0.46
207000,0.55,0.63,0.61,0.54,0.44
208000,0.49,0.54,0.56,0.5,0.43
209000,0.48,0.47,0.47,0.55,0.39
210000,0.57,0.43,0.45,0.59,0.38
211000,0.55,0.47,0.47,0.6,0.35
212000,0.51,0.47,0.42,0.57,0.38
213000,0.55,0.54,0.52,0.49,0.45
214000,0.47,0.51,0.54,0.56,0.43
215000,0.43,0.5,0.58,0.57,0.5
216000,0.4,0.48,0.63,0.56,0.54
217000,0.39,0.57,0.68,0.53,0.52
218000,0.36,0.56,0.71,0.57,0.51
219000,0.36,0.5,0.74,0.59,0.5
220000,0.32,0.54,0.68,0.58,0.52
221000,0.37,0.58,0.69,0.6,0.54
222000,0.39,0.59,0.64,0.54,0.51
223000,0.4,0.61,0.66,0.47,0.52
224000,0.45,0.64,0.55,0.4,0.43
225000,0.46,0.69,0.55,0.41,0.47
226000,0.48,0.64,0.54,0.4,0.52
227000,0.45,0.74,0.5,0.41,0.51
228000,0.55,0.64,0.56,0.41,0.49
229000,0.57,0.62,0.6,0.36,0.4
230000,0.56,0.59,0.57,0.41,0.39
231000,0.54,0.62,0.61,0.44,0.43
232000,0.56,0.63,0.65,0.46,0.51
233000,0.59,0.55,0.56,0.48,0.56
234000,0.63,0.48,0.54,0.55,0.54
235000,0.6,0.48,0.5,0.56,0.52
236000,0.53,0.41,0.42,0.6,0.6
237000,0.5,0.47,0.42,0.59,0.6
238000,0.49,0.45,0.42,0.59,0.62
239000,0.54,0.42,0.42,0.62,0.6
240000,0.55,0.47,0.47,0.63,0.48
241000,0.61,0.48,0.51,0.62,0.53
242000,0.54,0.47,0.58,0.6,0.52
243000,0.56,0.49,0.55,0.55,0.57
244000,0.58,0.45,0.56,0.55,0.47
245000,0.57,0.46,0.48,0.53,0.46
246000,0.62,0.48,0.48,0.53,0.52
247000,0.6,0.49,0.49,0.53,0.59
248000,0.66,0.45,0.48,0.47,0.59
249000,0.64,0.48,0.48,0.56,0.63
250000,0.54,0.52,0.49,0.51,0.64
251000,0.54,0.5,0.47,0.51,0.6
252000,0.57,0.52,0.5,0.55,0.57
253000,0.6,0.55,0.54,0.51,0.57
254000,0.55,0.54,0.57,0.46,0.49
255000,0.53,0.53,0.5,0.41,0.51
256000,0.53,0.54,0.54,0.43,0.5
257000,0.52,0.57,0.49,0.38,0.44
258000,0.58,0.54,0.48,0.42,0.47
259000,0.54,0.58,0.51,0.43,0.5
260000,0.55,0.61,0.5,0.42,0.53
261000,0.53,0.58,0.51,0.44,0.58
262000,0.64,0.57,0.51,0.5,0.52
263000,0.69,0.57,0.54,0.54,0.42
264000,0.64,0.55,0.53,0.51,0.5
265000,0.65,0.56,0.55,0.4,0.44
266000,0.66,0.56,0.56,0.49,0.48
267000,0.6,0.58,0.44,0.51,0.51
268000,0.61,0.55,0.45,0.56,0.51
269000,0.6,0.58,0.44,0.59,0.5
270000,0.5,0.57,0.45,0.55,0.54
271000,0.41,0.53,0.56,0.6,0.62
272000,0.43,0.58,0.51,0.62,0.62
273000,0.39,0.55,0.55,0.63,0.6
274000,0.5,0.53,0.56,0.61,0.63
275000,0.53,0.52,0.59,0.49,0.52
276000,0.58,0.47,0.59,0.48,0.45
277000,0.52,0.46,0.65,0.5,0.39
278000,0.53,0.43,0.57,0.46,0.34
279000,0.55,0.41,0.46,0.43,0.43
280000,0.56,0.5,0.48,0.41,0.4
281000,0.6,0.54,0.49,0.53,0.38
282000,0.48,0.52,0.52,0.53,0.43
283000,0.4,0.52,0.52,0.62,0.47
284000,0.41,0.5,0.59,0.66,0.49
285000,0.44,0.49,0.52,0.73,0.54
286000,0.44,0.47,0.53,0.71,0.55
287000,0.45,0.52,0.49,0.75,0.51
288000,0.43,0.41,0.51,0.64,0.54
289000,0.42,0.48,0.5,0.61,0.52
290000,0.51,0.44,0.47,0.68,0.59
291000,0.5,0.49,0.43,0.65,0.56
292000,0.47,0.52,0.45,0.59,0.54
293000,0.5,0.56,0.4,0.57,0.58
294000,0.47,0.6,0.44,0.58,0.52
295000,0.47,0.55,0.47,0.6,0.48
296000,0.48,0.57,0.5,0.62,0.47
297000,0.43,0.62,0.51,0.69,0.52
298000,0.49,0.57,0.55,0.63,0.46
299000,0.49,0.58,0.62,0.57,0.49
300000,0.48,0.62,0.56,0.57,0.5
301000,0.49,0.55,0.54,0.56,0.51
302000,0.48,0.49,0.52,0.54,0.49
303000,0.49,0.47,0.53,0.56,0.47
304000,0.44,0.41,0.51,0.54,0.45
305000,0.42,0.38,0.6,0.48,0.48
306000,0.35,0.38,0.61,0.49,0.45
307000,0.35,0.38,0.63,0.46,0.44
308000,0.33,0.35,0.56,0.47,0.48
309000,0.39,0.39,0.55,0.46,0.46
310000,0.38,0.48,0.55,0.49,0.48
311000,0.4,0.53,0.56,0.45,0.59
312000,0.42,0.53,0.57,0.47,0.59
313000,0.46,0.57,0.6,0.46,0.57
314000,0.53,0.62,0.49,0.5,0.51
315000,0.55,0.59,0.49,0.46,0.5
316000,0.52,0.67,0.47,0.44,0.47
317000,0.51,0.75,0.5,0.43,0.45
318000,0.51,0.7,0.49,0.43,0.48
319000,0.52,0.69,0.52,0.44,0.44
320000,0.57,0.7,0.54,0.47,0.47
321000,0.56,0.74,0.58,0.51,0.47
322000,0.56,0.77,0.51,0.45,0.52
323000,0.54,0.68,0.52,0.49,0.53
324000,0.53,0.68,0.53,0.5,0.59
325000,0.55,0.66,0.54,0.48,0.63
326000,0.53,0.61,0.53,0.43,0.62
327000,0.58,0.57,0.52,0.46,0.61
328000,0.61,0.59,0.48,0.47,0.67
329000,0.54,0.63,0.41,0.44,0.62
330000,0.55,0.61,0.44,0.45,0.57
331000,0.56,0.55,0.43,0.51,0.59
332000,0.56,0.62,0.44,0.6,0.6
333000,0.5,0.6,0.46,0.63,0.56
334000,0.5,0.58,0.53,0.62,0.53
335000,0.46,0.57,0.51,0.64,0.59
336000,0.44,0.57,0.53,0.58,0.62
337000,0.52,0.52,0.56,0.61,0.65
338000,0.49,0.49,0.57,0.63,0.69
339000,0.49,0.49,0.52,0.63,0.67
340000,0.53,0.49,0.55,0.51,0.64
341000,0.54,0.5,0.51,0.46,0.65
342000,0.56,0.5,0.52,0.48,0.66
343000,0.59,0.52,0.45,0.47,0.66
344000,0.54,0.52,0.51,0.53,0.68
345000,0.46,0.55,0.49,0.51,0.58
346000,0.51,0.57,0.45,0.52,0.59
347000,0.51,0.63,0.44,0.48,0.53
348000,0.48,0.6,0.49,0.42,0.58
349000,0.44,0.54,0.5,0.45,0.58
350000,0.47,0.58,0.47,0.49,0.56
351000,0.45,0.61,0.46,0.49,0.6
352000,0.4,0.58,0.52,0.47,0.59
353000,0.47,0.58,0.48,0.47,0.58
354000,0.53,0.6,0.49,0.46,0.52
355000,0.47,0.63,0.49,0.46,0.59
356000,0.46,0.58,0.53,0.49,0.67
357000,0.53,0.59,0.51,0.48,0.57
358000,0.5,0.62,0.52,0.48,0.61
359000,0.46,0.65,0.53,0.43,0.62
360000,0.52,0.57,0.53,0.4,0.62
361000,0.46,0.66,0.52,0.41,0.55
362000,0.51,0.65,0.48,0.36,0.51
363000,0.56,0.68,0.46,0.34,0.55
364000,0.58,0.67,0.53,0.29,0.54
365000,0.61,0.65,0.55,0.34,0.52
366000,0.61,0.6,0.55,0.43,0.5
367000,0.65,0.65,0.46,0.45,0.49
368000,0.66,0.71,0.52,0.48,0.55
369000,0.62,0.66,0.48,0.53,0.54
370000,0.67,0.58,0.46,0.53,0.57
371000,0.63,0.58,0.48,0.55,0.59
372000,0.58,0.54,0.5,0.6,0.5
373000,0.65,0.57,0.48,0.65,0.43
374000,0.73,0.6,0.4,0.63,0.48
375000,0.68,0.63,0.49,0.6,0.4
376000,0.68,0.66,0.46,0.6,0.35
377000,0.72,0.6,0.48,0.63,0.33
378000,0.77,0.59,0.5,0.6,0.35
379000,0.77,0.6,0.52,0.6,0.41
380000,0.75,0.63,0.54,0.56,0.4
381000,0.77,0.64,0.51,0.52,0.42
382000,0.78,0.55,0.49,0.46,0.44
383000,0.73,0.56,0.45,0.45,0.39
384000,0.58,0.61,0.53,0.44,0.45
385000,0.59,0.57,0.46,0.41,0.49
386000,0.66,0.64,0.52,0.47,0.52
387000,0.54,0.67,0.55,0.45,0.54
388000,0.5,0.64,0.54,0.5,0.57
389000,0.52,0.63,0.53,0.52,0.58
390000,0.4,0.6,0.53,0.48,0.61
391000,0.4,0.63,0.51,0.49,0.61
392000,0.37,0.69,0.44,0.49,0.63
393000,0.41,0.68,0.48,0.49,0.58
394000,0.38,0.67,0.44,0.43,0.61
395000,0.31,0.65,0.36,0.42,0.53
396000,0.31,0.68,0.36,0.4,0.53
397000,0.33,0.69,0.4,0.35,0.48
398000,0.36,0.67,0.43,0.31,0.5
399000,0.39,0.66,0.47,0.36,0.49
400000,0.38,0.56,0.45,0.41,0.44
401000,0.44,0.6,0.45,0.43,0.43
402000,0.5,0.53,0.46,0.44,0.46
403000,0.52,0.55,0.44,0.48,0.42
404000,0.5,0.54,0.41,0.52,0.45
405000,0.5,0.51,0.42,0.49,0.5
406000,0.51,0.54,0.4,0.5,0.44
407000,0.46,0.51,0.39,0.52,0.49
408000,0.5,0.51,0.45,0.57,0.45
409000,0.49,0.55,0.4,0.58,0.46
410000,0.47,0.52,0.39,0.48,0.5
411000,0.43,0.51,0.42,0.47,0.5
412000,0.42,0.45,0.48,0.48,0.49
413000,0.44,0.48,0.46,0.5,0.51
414000,0.48,0.48,0.44,0.51,0.46
415000,0.57,0.54,0.4,0.52,0.47
416000,0.59,0.52,0.43,0.51,0.43
417000,0.59,0.6,0.38,0.48,0.43
418000,0.58,0.61,0.41,0.5,0.5
419000,0.49,0.6,0.44,0.49,0.48
420000,0.49,0.55,0.41,0.54,0.43
421000,0.51,0.58,0.37,0.58,0.37
422000,0.55,0.63,0.4,0.58,0.36
423000,0.53,0.65,0.41,0.56,0.37
424000,0.41,0.65,0.44,0.51,0.41
425000,0.46,0.69,0.42,0.57,0.36
426000,0.52,0.65,0.44,0.58,0.34
427000,0.5,0.67,0.48,0.67,0.33
428000,0.57,0.58,0.46,0.7,0.35
429000,0.6,0.6,0.47,0.69,0.37
430000,0.62,0.63,0.4,0.64,0.4
431000,0.64,0.56,0.44,0.62,0.47
432000,0.63,0.55,0.44,0.62,0.5
433000,0.63,0.58,0.49,0.66,0.55
434000,0.62,0.62,0.48,0.71,0.5
435000,0.52,0.57,0.43,0.66,0.52
436000,0.5,0.6,0.42,0.53,0.52
437000,0.47,0.6,0.47,0.45,0.55
438000,0.51,0.64,0.49,0.48,0.55
439000,0.48,0.65,0.51,0.53,0.52
440000,0.44,0.59,0.51,0.52,0.57
441000,0.42,0.63,0.42,0.57,0.53
442000,0.44,0.55,0.43,0.54,0.54
443000,0.46,0.5,0.47,0.5,0.49
444000,0.47,0.47,0.48,0.43,0.51
445000,0.43,0.49,0.53,0.44,0.51
446000,0.47,0.45,0.47,0.46,0.56
447000,0.47,0.47,0.49,0.45,0.53
448000,0.43,0.48,0.52,0.33,0.57
449000,0.47,0.51,0.49,0.36,0.62
450000,0.51,0.48,0.54,0.31,0.64
451000,0.56,0.58,0.55,0.33,0.57
452000,0.53,0.58,0.55,0.33,0.57
453000,0.55,0.54,0.55,0.37,0.58
454000,0.59,0.57,0.53,0.43,0.59
455000,0.63,0.59,0.59,0.41,0.63
456000,0.65,0.6,0.58,0.42,0.62
457000,0.64,0.61,0.65,0.51,0.69
458000,0.62,0.59,0.63,0.58,0.62
459000,0.63,0.62,0.62,0.59,0.65
460000,0.58,0.65,0.53,0.64,0.62
461000,0.59,0.63,0.52,0.69,0.65
462000,0.58,0.62,0.6,0.72,0.71
463000,0.6,0.63,0.63,0.74,0.71
464000,0.56,0.6,0.65,0.82,0.68
465000,0.56,0.65,0.61,0.85,0.71
466000,0.56,0.57,0.56,0.92,0.7
467000,0.59,0.68,0.55,0.96,0.75
468000,0.58,0.7,0.57,0.9,0.77
469000,0.64,0.69,0.67,0.79,0.8
470000,0.61,0.64,0.68,0.76,0.75
471000,0.61,0.64,0.7,0.79,0.75
472000,0.71,0.63,0.68,0.75,0.73
473000,0.74,0.62,0.58,0.72,0.64
474000,0.75,0.64,0.6,0.72,0.65
475000,0.79,0.62,0.65,0.6,0.7
476000,0.7,0.53,0.66,0.47,0.65
477000,0.67,0.54,0.56,0.49,0.54
478000,0.65,0.58,0.49,0.45,0.45
479000,0.66,0.58,0.48,0.48,0.49
480000,0.71,0.55,0.52,0.5,0.55
481000,0.67,0.53,0.52,0.47,0.55
482000,0.57,0.47,0.49,0.5,0.58
483000,0.56,0.59,0.49,0.45,0.54
484000,0.52,0.59,0.47,0.48,0.54
485000,0.52,0.61,0.52,0.5,0.55
486000,0.52,0.61,0.48,0.51,0.57
487000,0.6,0.59,0.47,0.55,0.62
488000,0.63,0.54,0.53,0.54,0.62
489000,0.58,0.51,0.58,0.53,0.57
490000,0.61,0.53,0.58,0.52,0.53
491000,0.61,0.48,0.54,0.46,0.48
492000,0.56,0.49,0.54,0.53,0.47
493000,0.61,0.52,0.51,0.51,0.48
494000,0.62,0.52,0.55,0.54,0.43
495000,0.57,0.48,0.59,0.57,0.47
496000,0.54,0.46,0.59,0.57,0.43
497000,0.47,0.51,0.59,0.5,0.41
498000,0.41,0.55,0.62,0.51,0.4
499000,0.41,0.55,0.52,0.51,0.39
500000,0.41,0.56,0.52,0.51,0.39
501000,0.39,0.57,0.56,0.56,0.39
502000,0.37,0.62,0.64,0.52,0.37
503000,0.37,0.54,0.62,0.51,0.4
504000,0.31,0.54,0.62,0.5,0.42
505000,0.37,0.57,0.72,0.51,0.4
506000,0.41,0.6,0.6,0.53,0.42
507000,0.44,0.51,0.63,0.58,0.39
508000,0.44,0.5,0.63,0.62,0.41
509000,0.45,0.57,0.63,0.66,0.41
510000,0.46,0.55,0.7,0.66,0.5
511000,0.44,0.56,0.77,0.62,0.53
512000,0.48,0.54,0.7,0.62,0.55
513000,0.51,0.54,0.7,0.58,0.52
514000,0.5,0.57,0.72,0.53,0.48
515000,0.51,0.58,0.65,0.51,0.53
516000,0.57,0.59,0.69,0.48,0.56
517000,0.54,0.63,0.75,0.47,0.58
518000,0.57,0.66,0.78,0.36,0.58
519000,0.59,0.72,0.75,0.33,0.67
520000,0.6,0.71,0.78,0.34,0.56
521000,0.6,0.68,0.78,0.41,0.47
522000,0.62,0.67,0.7,0.47,0.49
523000,0.58,0.72,0.68,0.48,0.5
524000,0.55,0.75,0.61,0.47,0.54
525000,0.54,0.75,0.62,0.47,0.52
526000,0.57,0.83,0.57,0.48,0.5
527000,0.54,0.91,0.52,0.53,0.46
528000,0.57,0.88,0.46,0.52,0.51
529000,0.56,0.9,0.48,0.54,0.42
530000,0.56,0.84,0.44,0.57,0.4
531000,0.49,0.82,0.38,0.44,0.45
532000,0.5,0.91,0.43,0.43,0.5
533000,0.53,0.92,0.47,0.43,0.52
534000,0.52,0.92,0.5,0.46,0.53
535000,0.52,0.93,0.47,0.48,0.5
536000,0.5,0.86,0.48,0.43,0.47
537000,0.46,0.88,0.55,0.44,0.42
538000,0.49,0.82,0.49,0.45,0.37
539000,0.5,0.76,0.48,0.46,0.39
540000,0.49,0.71,0.49,0.44,0.43
541000,0.52,0.79,0.49,0.45,0.42
542000,0.51,0.77,0.49,0.51,0.36
543000,0.49,0.76,0.44,0.53,0.38
544000,0.52,0.67,0.49,0.52,0.48
545000,0.5,0.65,0.51,0.46,0.51
546000,0.51,0.63,0.53,0.47,0.53
547000,0.57,0.6,0.57,0.48,0.55
548000,0.52,0.61,0.52,0.53,0.58
549000,0.47,0.56,0.56,0.55,0.66
550000,0.48,0.51,0.59,0.54,0.68
551000,0.47,0.6,0.55,0.52,0.7
552000,0.54,0.51,0.6,0.4,0.75
553000,0.52,0.54,0.64,0.43,0.63
554000,0.48,0.56,0.66,0.45,0.61
555000,0.52,0.55,0.67,0.5,0.71
556000,0.5,0.53,0.6,0.44,0.72
557000,0.46,0.53,0.55,0.4,0.75
558000,0.47,0.58,0.51,0.43,0.67
559000,0.45,0.57,0.51,0.47,0.72
560000,0.47,0.6,0.51,0.52,0.64
561000,0.46,0.66,0.51,0.52,0.66
562000,0.49,0.63,0.52,0.5,0.69
563000,0.54,0.68,0.49,0.53,0.75
564000,0.53,0.68,0.47,0.41,0.74
565000,0.52,0.65,0.46,0.42,0.82
566000,0.55,0.69,0.46,0.43,0.77
567000,0.62,0.77,0.49,0.36,0.81
568000,0.75,0.84,0.46,0.33,0.8
569000,0.84,0.88,0.5,0.39,0.81
570000,0.86,0.88,0.5,0.43,0.79
571000,0.86,0.81,0.5,0.43,0.79
572000,0.94,0.75,0.41,0.46,0.8
573000,0.96,0.77,0.42,0.53,0.75
574000,0.95,0.79,0.46,0.55,0.84
575000,0.96,0.68,0.53,0.54,0.91
576000,0.99,0.65,0.55,0.54,0.9
577000,0.99,0.59,0.55,0.61,0.89
578000,0.93,0.53,0.57,0.65,0.91
579000,0.87,0.53,0.63,0.64,0.94
580000,0.82,0.56,0.66,0.58,1.0
581000,0.84,0.57,0.71,0.58,0.92
582000,0.75,0.62,0.66,0.6,0.94
583000,0.81,0.64,0.65,0.57,0.87
584000,0.81,0.66,0.69,0.65,0.73
585000,0.69,0.71,0.68,0.69,0.77
586000,0.68,0.71,0.65,0.69,0.79
587000,0.68,0.73,0.73,0.58,0.76
588000,0.7,0.76,0.72,0.58,0.69
589000,0.77,0.79,0.73,0.61,0.64
590000,0.72,0.68,0.67,0.63,0.63
591000,0.74,0.66,0.61,0.59,0.71
592000,0.75,0.61,0.68,0.51,0.66
593000,0.77,0.58,0.68,0.42,0.63
594000,0.82,0.63,0.67,0.39,0.6
595000,0.87,0.59,0.66,0.41,0.56
596000,1.0,0.6,0.62,0.42,0.53
597000,0.97,0.59,0.61,0.42,0.58
598000,0.97,0.63,0.51,0.45,0.54
599000,0.95,0.64,0.51,0.45,0.6
600000,0.9,0.69,0.52,0.53,0.64
601000,0.95,0.67,0.51,0.52,0.52
602000,0.94,0.65,0.52,0.58,0.52
603000,0.94,0.7,0.54,0.58,0.54
604000,0.84,0.64,0.57,0.57,0.59
605000,0.92,0.63,0.53,0.53,0.59
606000,0.79,0.62,0.59,0.53,0.61
607000,0.76,0.55,0.59,0.54,0.62
608000,0.73,0.55,0.56,0.49,0.63
609000,0.75,0.52,0.53,0.43,0.6
610000,0.74,0.53,0.55,0.46,0.61
611000,0.78,0.52,0.55,0.5,0.58
612000,0.74,0.54,0.62,0.47,0.61
613000,0.82,0.52,0.7,0.53,0.6
614000,0.76,0.51,0.65,0.49,0.66
615000,0.78,0.52,0.59,0.6,0.62
616000,0.79,0.5,0.62,0.67,0.67
617000,0.82,0.49,0.57,0.66,0.67
618000,0.82,0.46,0.59,0.7,0.56
619000,0.89,0.45,0.59,0.74,0.55
620000,0.85,0.47,0.58,0.77,0.52
621000,0.81,0.5,0.6,0.73,0.54
622000,0.87,0.48,0.56,0.75,0.45
623000,0.84,0.57,0.48,0.75,0.44
624000,0.77,0.57,0.49,0.7,0.41
625000,0.77,0.57,0.48,0.71,0.39
626000,0.78,0.58,0.45,0.59,0.38
627000,0.76,0.57,0.41,0.64,0.38
628000,0.82,0.62,0.41,0.74,0.37
629000,0.78,0.66,0.39,0.69,0.41
630000,0.74,0.7,0.34,0.71,0.45
631000,0.78,0.65,0.4,0.77,0.47
632000,0.69,0.65,0.37,0.73,0.55
633000,0.74,0.67,0.37,0.71,0.61
634000,0.76,0.65,0.42,0.74,0.66
635000,0.78,0.66,0.43,0.73,0.73
636000,0.79,0.63,0.44,0.78,0.73
637000,0.78,0.68,0.52,0.84,0.7
638000,0.8,0.72,0.52,0.7,0.72
639000,0.75,0.77,0.57,0.73,0.77
640000,0.68,0.79,0.56,0.72,0.77
641000,0.67,0.76,0.6,0.65,0.78
642000,0.64,0.79,0.53,0.67,0.8
643000,0.59,0.79,0.61,0.66,0.78
644000,0.6,0.8,0.62,0.65,0.84
645000,0.64,0.79,0.63,0.7,0.83
646000,0.66,0.76,0.61,0.63,0.86
647000,0.6,0.74,0.65,0.59,0.83
648000,0.64,0.76,0.65,0.57,0.87
649000,0.62,0.69,0.57,0.57,0.84
650000,0.67,0.67,0.53,0.56,0.89
651000,0.62,0.67,0.58,0.55,0.99
652000,0.58,0.65,0.57,0.54,0.98
653000,0.61,0.6,0.57,0.58,1.02
654000,0.59,0.61,0.45,0.6,1.02
655000,0.48,0.59,0.49,0.63,1.11
656000,0.49,0.6,0.47,0.64,1.17
657000,0.48,0.57,0.47,0.6,1.15
658000,0.42,0.63,0.53,0.68,1.14
659000,0.43,0.62,0.56,0.71,1.12
660000,0.42,0.59,0.6,0.75,0.99
661000,0.46,0.61,0.56,0.72,1.0
662000,0.45,0.62,0.61,0.75,0.94
663000,0.46,0.6,0.58,0.68,0.9
664000,0.51,0.56,0.59,0.65,0.93
665000,0.55,0.63,0.54,0.63,1.01
666000,0.51,0.68,0.61,0.55,0.99
667000,0.53,0.72,0.5,0.62,0.96
668000,0.53,0.75,0.51,0.57,0.89
669000,0.52,0.75,0.47,0.63,0.92
670000,0.55,0.74,0.51,0.61,0.89
671000,0.57,0.75,0.5,0.62,0.83
672000,0.58,0.7,0.51,0.65,0.81
673000,0.59,0.69,0.6,0.67,0.81
674000,0.54,0.7,0.65,0.68,0.74
675000,0.54,0.66,0.59,0.68,0.65
676000,0.58,0.61,0.63,0.7,0.66
677000,0.55,0.6,0.67,0.73,0.66
678000,0.58,0.6,0.68,0.7,0.67
679000,0.64,0.59,0.79,0.66,0.64
680000,0.69,0.63,0.71,0.64,0.57
681000,0.73,0.63,0.72,0.61,0.6
682000,0.69,0.61,0.73,0.59,0.61
683000,0.68,0.61,0.69,0.55,0.68
684000,0.68,0.62,0.67,0.55,0.68
685000,0.69,0.62,0.66,0.55,0.74
686000,0.72,0.63,0.67,0.5,0.71
687000,0.73,0.6,0.69,0.54,0.7
688000,0.74,0.59,0.63,0.55,0.7
689000,0.75,0.56,0.66,0.61,0.7
690000,0.68,0.58,0.58,0.63,0.75
691000,0.61,0.59,0.6,0.65,0.73
692000,0.58,0.62,0.62,0.64,0.73
693000,0.6,0.58,0.6,0.66,0.79
694000,0.67,0.57,0.68,0.67,0.75
695000,0.65,0.61,0.7,0.7,0.75
696000,0.68,0.61,0.71,0.7,0.67
697000,0.67,0.62,0.66,0.66,0.6
698000,0.63,0.69,0.65,0.68,0.64
699000,0.65,0.63,0.57,0.65,0.62
700000,0.69,0.61,0.57,0.61,0.53
701000,0.67,0.56,0.64,0.55,0.57
702000,0.68,0.64,0.53,0.57,0.6
703000,0.67,0.67,0.53,0.53,0.64
704000,0.69,0.69,0.47,0.54,0.61
705000,0.68,0.7,0.42,0.5,0.65
706000,0.66,0.66,0.42,0.52,0.63
707000,0.67,0.65,0.46,0.58,0.64
708000,0.62,0.67,0.5,0.65,0.61
709000,0.58,0.67,0.54,0.62,0.63
710000,0.56,0.7,0.6,0.64,0.65
711000,0.61,0.71,0.57,0.69,0.67
712000,0.69,0.7,0.59,0.73,0.65
713000,0.68,0.59,0.63,0.81,0.64
714000,0.69,0.62,0.62,0.85,0.58
715000,0.71,0.63,0.66,0.84,0.62
716000,0.73,0.66,0.65,0.82,0.58
717000,0.72,0.67,0.71,0.78,0.64
718000,0.74,0.65,0.71,0.75,0.63
719000,0.77,0.61,0.7,0.68,0.64
720000,0.77,0.57,0.69,0.69,0.66
721000,0.79,0.67,0.71,0.72,0.64
722000,0.85,0.68,0.7,0.63,0.6
723000,0.81,0.65,0.71,0.54,0.6
724000,0.75,0.76,0.7,0.52,0.63
725000,0.78,0.76,0.66,0.51,0.64
726000,0.78,0.77,0.71,0.51,0.66
727000,0.72,0.79,0.73,0.61,0.67
728000,0.76,0.82,0.74,0.64,0.75
729000,0.79,0.86,0.7,0.68,0.74
730000,0.81,0.87,0.73,0.7,0.74
731000,0.73,0.9,0.69,0.67,0.76
732000,0.75,0.95,0.72,0.69,0.84
733000,0.77,0.87,0.6,0.68,0.9
734000,0.67,0.85,0.6,0.61,0.89
735000,0.67,0.9,0.63,0.7,1.0
736000,0.7,0.75,0.65,0.68,1.03
737000,0.68,0.75,0.62,0.64,1.02
738000,0.74,0.76,0.57,0.62,1.06
739000,0.76,0.83,0.58,0.63,1.04
740000,0.68,0.76,0.57,0.64,1.13
741000,0.73,0.78,0.52,0.8,1.09
742000,0.69,0.79,0.58,0.79,1.24
743000,0.72,0.73,0.63,0.87,1.22
744000,0.68,0.8,0.66,0.95,1.19
745000,0.64,0.76,0.68,0.96,1.05
746000,0.57,0.77,0.64,1.0,1.1
747000,0.53,0.85,0.6,1.0,1.1
748000,0.56,0.85,0.62,0.99,1.02
749000,0.6,0.79,0.59,0.98,0.93
750000,0.62,0.78,0.53,0.97,0.87
751000,0.59,0.79,0.62,0.94,0.81
752000,0.63,0.85,0.57,0.94,0.69
753000,0.63,0.83,0.57,0.84,0.7
754000,0.64,0.76,0.58,0.79,0.67
755000,0.67,0.74,0.59,0.79,0.67
756000,0.7,0.73,0.54,0.7,0.52
757000,0.75,0.64,0.61,0.78,0.54
758000,0.78,0.67,0.59,0.81,0.54
759000,0.76,0.61,0.61,0.78,0.59
760000,0.68,0.6,0.59,0.69,0.58
761000,0.71,0.61,0.52,0.6,0.61
762000,0.79,0.53,0.55,0.66,0.58
763000,0.77,0.6,0.6,0.64,0.6
764000,0.8,0.63,0.59,0.73,0.56
765000,0.75,0.64,0.52,0.76,0.58
766000,0.68,0.68,0.51,0.84,0.69
767000,0.61,0.65,0.5,0.85,0.69
768000,0.61,0.67,0.54,0.78,0.71
769000,0.63,0.67,0.6,0.8,0.67
770000,0.6,0.63,0.65,0.87,0.66
771000,0.59,0.63,0.68,0.84,0.64
772000,0.61,0.53,0.64,0.96,0.61
773000,0.53,0.52,0.62,0.92,0.65
774000,0.46,0.49,0.67,0.96,0.68
775000,0.55,0.46,0.67,0.74,0.62
776000,0.67,0.47,0.69,0.69,0.56
777000,0.8,0.51,0.71,0.68,0.54
778000,0.8,0.54,0.67,0.63,0.57
779000,0.79,0.59,0.58,0.61,0.56
780000,0.84,0.61,0.59,0.65,0.61
781000,0.88,0.61,0.56,0.68,0.58
782000,0.91,0.67,0.54,0.57,0.67
783000,0.95,0.68,0.56,0.56,0.64
784000,0.95,0.74,0.48,0.51,0.59
785000,0.85,0.74,0.56,0.51,0.6
786000,0.84,0.72,0.57,0.5,0.61
787000,0.78,0.79,0.53,0.52,0.59
788000,0.81,0.77,0.54,0.56,0.61
789000,0.79,0.71,0.52,0.58,0.59
790000,0.88,0.71,0.57,0.65,0.54
791000,0.87,0.64,0.56,0.68,0.54
792000,0.87,0.6,0.58,0.59,0.49
793000,0.79,0.62,0.6,0.68,0.57
794000,0.8,0.6,0.6,0.7,0.62
795000,0.85,0.57,0.56,0.72,0.61
796000,0.91,0.56,0.62,0.75,0.66
797000,0.84,0.56,0.58,0.79,0.67
798000,0.75,0.54,0.6,0.81,0.74
799000,0.76,0.56,0.69,0.83,0.75
800000,0.73,0.6,0.79,0.81,0.72
801000,0.66,0.55,0.72,0.84,0.68
802000,0.63,0.62,0.81,0.69,0.6
803000,0.64,0.66,0.79,0.71,0.62
804000,0.67,0.69,0.81,0.69,0.51
805000,0.67,0.7,0.77,0.65,0.5
806000,0.63,0.74,0.81,0.62,0.49
807000,0.59,0.76,0.75,0.64,0.43
808000,0.62,0.72,0.69,0.68,0.38
809000,0.69,0.73,0.78,0.64,0.39
810000,0.7,0.74,0.73,0.64,0.44
811000,0.75,0.83,0.76,0.67,0.45
812000,0.75,0.81,0.73,0.61,0.48
813000,0.72,0.82,0.8,0.65,0.46
814000,0.72,0.75,0.84,0.69,0.5
815000,0.67,0.77,0.87,0.71,0.51
816000,0.67,0.83,0.94,0.75,0.52
817000,0.62,0.81,0.95,0.78,0.53
818000,0.59,0.79,0.99,0.81,0.51
819000,0.51,0.83,0.97,0.72,0.46
820000,0.52,0.88,0.92,0.73,0.44
821000,0.55,0.88,0.95,0.71,0.51
822000,0.59,0.76,0.91,0.71,0.53
823000,0.65,0.8,0.89,0.62,0.59
824000,0.62,0.74,0.78,0.6,0.51
825000,0.67,0.77,0.75,0.57,0.49
826000,0.71,0.68,0.73,0.59,0.54
827000,0.74,0.51,0.63,0.57,0.59
828000,0.76,0.53,0.65,0.58,0.56
829000,0.73,0.55,0.61,0.59,0.54
830000,0.69,0.38,0.54,0.53,0.58
831000,0.74,0.36,0.56,0.56,0.62
832000,0.74,0.34,0.58,0.55,0.53
833000,0.68,0.32,0.6,0.64,0.42
834000,0.68,0.32,0.6,0.63,0.46
835000,0.71,0.33,0.64,0.69,0.51
836000,0.66,0.4,0.66,0.68,0.51
837000,0.64,0.37,0.66,0.65,0.61
838000,0.62,0.34,0.68,0.63,0.6
839000,0.62,0.33,0.66,0.62,0.63
840000,0.58,0.33,0.68,0.68,0.58
841000,0.6,0.4,0.65,0.65,0.57
842000,0.53,0.4,0.58,0.65,0.56
843000,0.55,0.41,0.58,0.63,0.64
844000,0.55,0.39,0.56,0.57,0.74
845000,0.58,0.4,0.52,0.5,0.74
846000,0.58,0.42,0.58,0.49,0.73
847000,0.6,0.47,0.54,0.47,0.71
848000,0.66,0.55,0.48,0.5,0.61
849000,0.66,0.55,0.45,0.53,0.65
850000,0.7,0.6,0.56,0.51,0.63
851000,0.7,0.58,0.61,0.5,0.65
852000,0.75,0.58,0.69,0.53,0.66
853000,0.7,0.6,0.77,0.6,0.64
854000,0.71,0.65,0.89,0.64,0.59
855000,0.71,0.66,0.92,0.69,0.51
856000,0.7,0.65,0.98,0.69,0.48
857000,0.71,0.7,1.05,0.75,0.48
858000,0.73,0.63,1.01,0.77,0.56
859000,0.76,0.57,1.1,0.76,0.48
860000,0.74,0.51,1.07,0.73,0.52
861000,0.77,0.54,1.05,0.71,0.46
862000,0.76,0.58,1.04,0.75,0.46
863000,0.74,0.51,0.92,0.7,0.47
864000,0.74,0.5,0.88,0.65,0.47
865000,0.81,0.54,0.86,0.69,0.46
866000,0.91,0.44,0.87,0.72,0.48
867000,0.89,0.42,0.84,0.67,0.48
868000,1.02,0.45,0.87,0.62,0.45
869000,1.01,0.49,0.86,0.64,0.45
870000,1.04,0.52,0.84,0.66,0.4
871000,0.96,0.48,0.92,0.66,0.41
872000,0.92,0.5,0.91,0.7,0.44
873000,0.97,0.54,0.89,0.62,0.41
874000,0.97,0.56,0.81,0.58,0.44
875000,1.04,0.49,0.77,0.58,0.45
876000,0.97,0.52,0.82,0.61,0.42
877000,0.98,0.56,0.95,0.63,0.48
878000,0.98,0.59,0.93,0.65,0.51
879000,0.99,0.53,0.86,0.69,0.49
880000,1.01,0.51,0.91,0.62,0.48
881000,1.04,0.57,0.96,0.73,0.51
882000,1.08,0.63,0.94,0.78,0.51
883000,1.05,0.59,0.96,0.77,0.47
884000,1.08,0.64,0.96,0.84,0.52
885000,1.06,0.65,0.99,0.86,0.53
886000,1.08,0.68,0.99,0.9,0.6
887000,1.1,0.73,0.88,0.83,0.54
888000,1.06,0.71,0.85,0.79,0.54
889000,1.12,0.66,0.92,0.82,0.61
890000,1.11,0.7,0.93,0.84,0.59
891000,1.14,0.71,0.98,0.85,0.64
892000,1.2,0.74,0.97,0.74,0.7
893000,1.27,0.65,0.9,0.83,0.72
894000,1.39,0.61,0.83,0.84,0.72
895000,1.41,0.58,0.83,0.85,0.76
896000,1.45,0.62,0.85,0.8,0.76
897000,1.43,0.64,0.86,0.94,0.8
898000,1.42,0.62,0.89,0.91,0.81
899000,1.45,0.67,0.85,0.84,0.84
900000,1.48,0.62,0.78,0.88,0.88
901000,1.34,0.64,0.82,0.95,0.85
902000,1.4,0.61,0.8,1.03,0.82
903000,1.42,0.64,0.78,0.93,0.79
904000,1.23,0.68,0.7,0.94,0.86
905000,1.2,0.7,0.74,1.02,0.81
906000,1.2,0.69,0.75,1.14,0.8
907000,1.21,0.69,0.74,1.12,0.66
908000,1.19,0.67,0.78,1.08,0.72
909000,1.17,0.62,0.77,1.12,0.76
910000,1.08,0.6,0.7,1.17,0.76
911000,0.95,0.59,0.69,1.2,0.78
912000,0.98,0.53,0.68,1.2,0.77
913000,1.0,0.52,0.69,1.19,0.78
914000,0.93,0.56,0.62,1.22,0.68
915000,0.91,0.51,0.64,1.15,0.7
916000,0.85,0.56,0.58,1.03,0.72
917000,0.74,0.52,0.59,1.03,0.75
918000,0.66,0.51,0.53,1.03,0.8
919000,0.66,0.54,0.54,1.08,0.74
920000,0.67,0.56,0.53,1.11,0.7
921000,0.72,0.57,0.55,1.1,0.72
922000,0.71,0.61,0.55,1.03,0.7
923000,0.7,0.67,0.56,1.07,0.74
924000,0.78,0.74,0.56,1.1,0.74
925000,0.92,0.64,0.6,1.03,0.73
926000,0.93,0.66,0.6,1.03,0.7
927000,1.07,0.69,0.62,1.06,0.69
928000,1.11,0.65,0.59,1.12,0.73
929000,1.18,0.68,0.56,1.05,0.71
930000,1.26,0.67,0.59,0.96,0.71
931000,1.31,0.74,0.62,0.94,0.72
932000,1.39,0.74,0.62,0.94,0.79
933000,1.41,0.79,0.57,1.02,0.79
934000,1.41,0.82,0.54,0.95,0.81
935000,1.52,0.73,0.6,1.0,0.89
936000,1.5,0.76,0.56,1.05,0.9
937000,1.3,0.82,0.54,1.1,0.9
938000,1.26,0.84,0.53,1.11,0.94
939000,1.19,0.96,0.57,1.11,0.97
940000,1.24,1.0,0.57,1.14,0.98
941000,1.23,0.99,0.6,1.15,0.98
942000,1.21,0.96,0.54,1.21,0.95
943000,1.14,0.94,0.52,1.26,0.83
944000,1.12,1.01,0.55,1.17,0.81
945000,1.04,0.97,0.59,1.07,0.81
946000,1.01,0.95,0.6,1.02,0.8
947000,1.06,0.96,0.61,0.96,0.76
948000,1.09,1.03,0.61,1.0,0.87
949000,1.15,0.93,0.65,1.03,0.85
950000,1.26,0.9,0.66,1.0,0.81
951000,1.22,0.8,0.64,0.94,0.8
952000,1.24,0.81,0.73,1.02,0.87
953000,1.26,0.93,0.72,1.05,0.83
954000,1.13,1.0,0.75,1.05,0.9
955000,1.16,1.03,0.78,1.01,0.92
956000,1.11,0.97,0.79,1.02,0.93
957000,1.22,1.0,0.81,1.06,0.93
958000,1.28,0.95,0.77,1.09,0.87
959000,1.23,0.93,0.81,1.17,0.9
960000,1.15,0.94,0.78,1.12,0.9
961000,1.11,1.04,0.84,1.13,0.95
962000,1.01,0.99,0.82,1.11,0.84
963000,1.0,0.96,0.85,1.0,0.92
964000,0.92,0.96,0.86,0.92,0.9
965000,0.89,0.9,0.94,0.92,0.88
966000,0.85,0.86,0.94,0.9,0.88
967000,0.82,0.85,0.92,0.87,0.86
968000,0.81,0.85,0.85,0.91,0.83
969000,0.83,0.93,0.81,0.89,0.85
970000,0.81,1.0,0.73,0.76,0.86
971000,0.81,0.98,0.72,0.74,0.92
972000,0.77,0.95,0.72,0.77,0.94
973000,0.75,0.91,0.68,0.85,0.86
974000,0.76,0.99,0.69,0.91,0.84
975000,0.78,1.04,0.74,0.93,0.85
976000,0.86,1.05,0.78,0.97,0.88
977000,0.87,1.08,0.78,0.99,0.86
978000,0.93,1.03,0.82,1.06,0.87
979000,0.97,0.99,0.85,1.13,0.85
980000,0.93,1.0,0.91,1.11,0.85
981000,0.96,0.97,1.0,1.1,0.76
982000,1.01,0.9,1.04,1.13,0.78
983000,1.0,0.88,1.0,1.18,0.72
984000,1.02,0.92,1.09,1.24,0.7
985000,1.09,0.91,1.04,1.14,0.7
986000,0.99,0.84,0.95,1.19,0.67
987000,1.01,0.8,1.01,1.15,0.61
988000,1.02,0.78,1.04,1.13,0.64
989000,1.04,0.85,1.05,1.15,0.66
990000,1.04,0.83,1.11,1.12,0.69
991000,0.98,0.84,1.13,1.16,0.68
992000,1.09,0.72,1.02,1.15,0.66
993000,1.0,0.73,1.04,1.14,0.73
994000,1.0,0.74,0.94,1.12,0.76
995000,1.04,0.77,0.95,1.11,0.74
996000,1.0,0.7,0.99,1.03,0.76
997000,1.01,0.72,0.93,1.06,0.76
998000,1.0,0.58,1.01,1.0,0.77
999000,1.05,0.65,1.02,0.99,0.69
1000000,0.97,0.61,1.08,0.93,0.7
1001000,0.99,0.69,1.12,0.94,0.74
1002000,1.11,0.74,1.17,0.83,0.77
1003000,1.1,0.72,1.2,0.75,0.83
1004000,0.99,0.73,1.3,0.74,0.77
1005000,1.08,0.8,1.41,0.7,0.74
1006000,1.12,0.84,1.51,0.73,0.78
1007000,1.17,0.85,1.54,0.81,0.85
1008000,1.21,0.82,1.71,0.8,0.89
1009000,1.3,0.82,1.82,0.74,0.93
1010000,1.39,0.86,1.73,0.76,0.97
1011000,1.46,0.99,1.6,0.76,1.01
1012000,1.43,1.0,1.53,0.68,1.0
1013000,1.51,0.91,1.52,0.72,0.9
1014000,1.6,0.85,1.46,0.71,0.91
1015000,1.51,0.83,1.6,0.75,0.91
1016000,1.52,0.81,1.57,0.73,1.0
1017000,1.56,0.84,1.46,0.75,0.93
1018000,1.65,0.82,1.31,0.64,1.01
1019000,1.59,0.94,1.26,0.52,0.97
1020000,1.51,0.93,1.08,0.63,0.93
1021000,1.4,0.9,1.08,0.67,0.96
1022000,1.37,0.84,1.1,0.68,1.04
1023000,1.38,0.91,1.07,0.73,0.98
1024000,1.25,0.93,0.89,0.78,1.04
1025000,1.28,0.97,0.92,0.71,0.9
1026000,1.28,1.0,0.9,0.76,0.98
1027000,1.32,1.02,0.93,0.74,1.0
1028000,1.22,1.0,0.88,0.78,0.92
1029000,1.14,0.98,1.03,0.78,0.89
1030000,1.16,1.03,1.05,0.87,0.8
1031000,1.11,1.05,1.08,0.74,0.79
1032000,1.06,1.02,1.06,0.78,0.69
1033000,1.01,1.07,1.03,0.78,0.71
1034000,0.97,1.09,1.03,0.75,0.77
1035000,0.88,1.16,0.92,0.79,0.78
1036000,0.93,1.17,0.96,0.76,0.77
1037000,0.99,1.14,0.91,0.75,0.78
1038000,0.95,1.17,0.94,0.84,0.74
1039000,0.95,1.13,0.69,0.84,0.72
1040000,0.97,1.17,0.76,0.91,0.69
1041000,0.98,1.22,0.75,0.89,0.69
1042000,1.1,1.22,0.73,0.9,0.68
1043000,1.15,1.17,0.77,0.98,0.67
1044000,1.18,1.04,0.79,0.98,0.76
1045000,1.26,1.06,0.75,1.03,0.73
1046000,1.31,1.1,0.73,1.0,0.75
1047000,1.36,0.98,0.73,1.0,0.82
1048000,1.4,0.99,0.7,1.03,0.94
1049000,1.4,0.88,0.69,1.03,0.93
1050000,1.34,0.83,0.68,1.14,1.02
1051000,1.29,0.8,0.66,1.11,1.0
1052000,1.29,0.8,0.59,1.12,1.05
1053000,1.21,0.82,0.54,1.12,1.08
1054000,1.28,0.82,0.55,1.14,1.07
1055000,1.32,0.84,0.59,1.04,1.02
1056000,1.38,0.81,0.61,1.04,1.06
1057000,1.41,0.77,0.58,1.04,1.06
1058000,1.34,0.82,0.6,1.01,1.05
1059000,1.42,0.8,0.59,1.0,0.94
1060000,1.43,0.8,0.67,1.0,0.93
1061000,1.48,0.83,0.71,0.98,1.01
1062000,1.43,0.86,0.75,0.91,1.03
1063000,1.38,0.94,0.79,0.87,1.09
1064000,1.35,0.95,0.78,0.86,1.14
1065000,1.29,0.94,0.74,0.83,1.17
1066000,1.15,1.04,0.78,0.78,1.2
1067000,1.02,1.0,0.78,0.8,1.05
1068000,0.94,1.08,0.76,0.84,1.02
1069000,0.9,1.08,0.82,0.89,0.97
1070000,0.87,1.17,0.85,0.85,0.91
1071000,0.8,1.1,0.84,0.89,0.77
1072000,0.92,1.12,0.81,0.97,0.66
1073000,0.9,1.07,0.8,0.97,0.69
1074000,1.01,1.07,0.84,0.95,0.76
1075000,1.13,1.02,0.87,0.92,0.81
1076000,1.16,1.03,0.95,0.92,0.78
1077000,1.15,0.99,1.0,0.93,0.94
1078000,1.25,0.99,1.04,0.93,0.96
1079000,1.26,0.94,1.1,0.93,1.07
1080000,1.39,0.98,1.01,0.86,1.12
1081000,1.46,0.95,0.98,0.84,1.11
1082000,1.39,0.92,1.0,0.87,1.11
1083000,1.4,0.93,1.0,0.89,1.0
1084000,1.38,0.98,1.01,0.8,0.93
1085000,1.41,1.04,1.01,0.84,0.96
1086000,1.44,1.04,1.08,0.87,0.94
1087000,1.51,1.05,1.06,0.88,0.86
1088000,1.55,1.13,1.03,0.89,0.7
1089000,1.67,1.12,1.04,0.95,0.64
1090000,1.69,1.21,1.09,0.98,0.71
1091000,1.64,1.19,1.17,0.98,0.72
1092000,1.62,1.17,1.26,1.06,0.84
1093000,1.63,1.09,1.25,1.0,0.89
1094000,1.51,1.13,1.21,0.99,0.96
1095000,1.56,1.09,1.2,0.97,0.93
1096000,1.5,1.03,1.15,1.04,0.95
1097000,1.4,1.06,1.06,1.03,1.0
1098000,1.48,1.04,1.05,1.03,0.98
1099000,1.39,0.92,1.01,1.07,1.05
1100000,1.29,0.93,1.0,1.07,1.03
1101000,1.32,0.77,0.97,0.99,0.98
1102000,1.3,0.84,0.92,0.95,1.06
1103000,1.26,0.9,1.0,0.83,0.98
1104000,1.25,0.93,0.94,0.82,0.99
1105000,1.25,0.96,0.93,0.78,1.03
1106000,1.3,0.98,0.96,0.76,0.99
1107000,1.31,1.02,1.0,0.76,0.93
1108000,1.27,0.97,1.0,0.76,0.99
1109000,1.21,0.96,1.1,0.78,1.02
1110000,1.25,1.02,1.09,0.76,1.03
1111000,1.18,1.12,1.07,0.76,1.1
1112000,1.16,1.07,1.05,0.73,1.15
1113000,1.19,1.11,1.1,0.74,1.15
1114000,1.26,1.11,1.17,0.75,1.09
1115000,1.33,1.05,1.17,0.79,1.15
1116000,1.39,1.04,1.23,0.83,1.04
1117000,1.38,1.01,1.35,0.87,1.04
1118000,1.51,0.98,1.37,0.8,1.06
1119000,1.45,1.01,1.36,0.77,1.11
1120000,1.46,1.02,1.41,0.74,1.09
1121000,1.45,1.01,1.35,0.72,0.93
1122000,1.49,1.01,1.4,0.77,0.92
1123000,1.51,0.97,1.56,0.79,0.88
1124000,1.48,0.97,1.64,0.9,0.86
1125000,1.47,0.84,1.74,0.85,0.88
1126000,1.43,0.78,1.76,0.86,0.89
1127000,1.39,0.79,1.78,0.87,0.88
1128000,1.32,0.8,1.86,0.89,0.81
1129000,1.19,0.8,1.87,0.88,0.73
1130000,1.18,0.75,1.83,0.89,0.77
1131000,1.25,0.75,1.85,0.91,0.83
1132000,1.26,0.77,1.83,0.92,0.85
1133000,1.2,0.71,1.79,0.84,0.83
1134000,1.15,0.69,1.76,0.77,0.82
1135000,1.23,0.72,1.79,0.79,0.81
1136000,1.26,0.78,1.79,0.79,0.77
1137000,1.29,0.77,1.66,0.83,0.8
1138000,1.12,0.78,1.61,0.76,0.76
1139000,1.2,0.88,1.66,0.74,0.75
1140000,1.12,0.99,1.51,0.76,0.72
1141000,1.22,1.03,1.52,0.75,0.73
1142000,1.21,1.05,1.52,0.71,0.73
1143000,1.16,1.0,1.47,0.73,0.73
1144000,1.08,1.09,1.41,0.78,0.74
1145000,1.11,1.09,1.39,0.74,0.8
1146000,1.14,1.05,1.45,0.77,0.77
1147000,1.03,1.1,1.42,0.75,0.73
1148000,1.02,1.11,1.32,0.74,0.72
1149000,1.1,1.13,1.21,0.75,0.75
1150000,1.12,1.06,1.23,0.85,0.72
1151000,1.29,0.92,1.17,0.86,0.74
1152000,1.25,0.92,1.04,0.87,0.79
1153000,1.25,0.89,1.09,0.9,0.77
1154000,1.25,0.9,1.06,0.92,0.77
1155000,1.27,0.91,0.98,0.95,0.69
1156000,1.35,0.91,0.91,1.04,0.74
1157000,1.4,0.93,0.75,1.14,0.78
1158000,1.37,0.95,0.8,1.13,0.73
1159000,1.41,0.94,0.75,1.16,0.74
1160000,1.4,0.94,0.69,1.13,0.78
1161000,1.17,0.99,0.71,1.19,0.82
1162000,1.12,1.05,0.71,1.16,0.77
1163000,1.19,0.95,0.67,1.2,0.69
1164000,1.22,0.96,0.69,1.12,0.69
1165000,1.25,0.91,0.75,1.13,0.84
1166000,1.19,0.85,0.82,1.08,0.88
1167000,1.01,0.88,0.92,1.04,0.86
1168000,1.07,0.85,0.88,1.11,0.77
1169000,0.96,0.85,0.93,1.06,0.8
1170000,0.97,0.89,0.97,0.98,0.79
1171000,1.04,0.89,1.02,0.97,0.82
1172000,1.05,0.91,1.07,1.04,0.81
1173000,1.04,0.93,1.1,1.05,0.86
1174000,1.01,0.88,1.11,1.08,0.94
1175000,1.03,0.9,1.12,1.12,0.97
1176000,1.08,0.96,1.14,1.1,0.81
1177000,1.11,1.02,1.06,1.05,0.76
1178000,1.19,0.93,0.99,1.13,0.83
1179000,1.23,0.92,0.98,1.02,0.89
1180000,1.22,0.91,0.93,1.11,0.92
1181000,1.23,0.91,0.92,1.0,0.92
1182000,1.23,0.83,0.87,0.98,0.87
1183000,1.23,0.88,0.84,1.01,0.94
1184000,1.23,0.84,0.85,0.96,0.97
1185000,1.24,0.99,0.87,0.94,0.86
1186000,1.24,0.94,0.89,0.95,0.88
1187000,1.11,0.93,0.9,0.94,0.86
1188000,1.11,0.92,0.93,0.92,0.84
1189000,1.09,0.94,1.01,0.85,0.77
1190000,1.03,0.94,1.03,0.82,0.71
1191000,1.13,0.96,1.05,0.82,0.69
1192000,1.2,1.0,1.13,0.9,0.57
1193000,1.23,0.94,1.25,0.95,0.59
1194000,1.3,0.91,1.41,0.82,0.63
1195000,1.19,0.84,1.5,0.85,0.6
1196000,1.19,0.68,1.56,0.9,0.63
1197000,1.16,0.7,1.54,0.94,0.65
1198000,1.19,0.67,1.46,1.01,0.72
1199000,1.22,0.69,1.38,0.92,0.76
1200000,1.2,0.77,1.37,0.89,0.8
1201000,1.21,0.74,1.32,0.94,0.82
1202000,1.16,0.64,1.33,0.95,0.85
1203000,1.1,0.72,1.28,0.94,0.83
1204000,1.11,0.74,1.08,0.99,0.89
1205000,1.12,0.79,0.9,1.03,0.83
1206000,1.2,0.82,0.87,1.02,0.79
1207000,1.23,0.86,0.89,1.05,0.75
1208000,1.28,0.82,0.91,1.04,0.7
1209000,1.31,0.75,0.95,0.94,0.66
1210000,1.29,0.68,0.95,0.81,0.66
1211000,1.49,0.67,0.89,0.81,0.6
1212000,1.51,0.7,0.85,0.89,0.57
1213000,1.56,0.66,0.89,0.96,0.61
1214000,1.57,0.63,0.93,0.94,0.61
1215000,1.59,0.58,1.02,0.96,0.66
1216000,1.63,0.61,1.01,0.94,0.68
1217000,1.7,0.59,0.98,0.92,0.7
1218000,1.76,0.63,1.03,0.87,0.8
1219000,1.78,0.72,1.05,0.83,0.83
1220000,1.72,0.8,1.15,0.85,0.88
1221000,1.78,0.89,1.21,0.87,0.87
1222000,1.77,0.89,1.27,0.91,0.92
1223000,1.84,0.95,1.31,0.8,0.95
1224000,1.89,1.03,1.32,0.75,0.99
1225000,1.87,1.14,1.31,0.7,0.95
1226000,1.61,1.08,1.32,0.68,0.96
1227000,1.5,1.09,1.33,0.68,1.02
1228000,1.51,1.03,1.36,0.75,1.07
1229000,1.4,1.12,1.33,0.77,1.15
1230000,1.33,1.19,1.31,0.84,1.1
1231000,1.28,1.08,1.35,0.77,1.1
1232000,1.28,1.03,1.44,0.78,1.09
1233000,1.17,1.07,1.41,0.83,1.2
1234000,1.18,1.01,1.42,0.9,1.26
1235000,1.15,1.08,1.39,0.92,1.29
1236000,1.15,1.03,1.44,0.99,1.36
1237000,1.11,1.15,1.51,1.04,1.2
1238000,1.26,1.18,1.59,1.03,1.2
1239000,1.33,1.32,1.66,1.04,1.17
1240000,1.41,1.44,1.7,0.97,1.2
1241000,1.45,1.37,1.7,0.93,1.18
1242000,1.48,1.32,1.74,0.97,1.21
1243000,1.44,1.35,1.78,0.97,1.11
1244000,1.5,1.4,1.65,0.95,1.11
1245000,1.53,1.41,1.73,0.92,1.13
1246000,1.56,1.37,1.75,0.89,1.12
1247000,1.62,1.49,1.64,0.9,1.18
1248000,1.59,1.38,1.64,0.85,1.14
1249000,1.49,1.45,1.5,0.83,1.14
1250000,1.56,1.29,1.56,0.92,1.11
1251000,1.59,1.18,1.58,0.95,1.18
1252000,1.42,1.16,1.67,1.02,1.15
1253000,1.34,1.21,1.6,1.01,1.14
1254000,1.37,1.18,1.61,0.96,1.09
1255000,1.49,1.2,1.62,0.98,1.04
1256000,1.57,1.13,1.54,1.06,0.9
1257000,1.56,1.08,1.46,1.16,0.98
1258000,1.52,0.98,1.47,1.17,0.94
1259000,1.43,1.03,1.58,1.18,0.88
1260000,1.46,1.04,1.52,1.21,0.89
1261000,1.46,0.98,1.38,1.19,0.85
1262000,1.49,0.92,1.23,1.19,0.85
1263000,1.5,0.96,1.27,1.16,0.86
1264000,1.37,0.95,1.28,1.21,0.92
1265000,1.39,0.92,1.14,1.18,0.99
1266000,1.37,1.08,1.16,1.13,0.99
1267000,1.19,1.01,1.23,1.14,1.1
1268000,1.08,1.03,1.2,1.17,1.02
1269000,1.12,1.08,1.24,1.07,1.04
1270000,1.06,1.08,1.14,1.09,1.15
1271000,1.13,0.97,1.19,1.05,1.16
1272000,1.05,0.91,1.33,1.06,1.13
1273000,1.09,1.0,1.34,1.08,0.98
1274000,1.1,1.01,1.43,1.02,1.04
1275000,1.1,1.05,1.46,1.03,0.99
1276000,1.17,0.97,1.57,1.07,0.98
1277000,1.3,0.96,1.56,1.06,1.0
1278000,1.34,0.99,1.5,1.02,0.93
1279000,1.42,0.96,1.51,0.99,1.05
1280000,1.41,0.92,1.44,0.91,1.0
1281000,1.33,0.89,1.49,0.98,1.01
1282000,1.31,0.84,1.41,0.91,1.03
1283000,1.28,0.9,1.31,0.92,1.15
1284000,1.27,0.81,1.29,0.92,1.22
1285000,1.18,0.74,1.17,0.96,1.16
1286000,1.09,0.78,1.03,0.87,1.21
1287000,1.07,0.72,1.0,0.91,1.14
1288000,0.91,0.66,1.0,0.87,1.06
1289000,0.99,0.66,1.02,0.98,1.13
1290000,0.9,0.65,1.03,1.05,1.05
1291000,0.93,0.64,1.12,1.13,1.0
1292000,0.96,0.61,1.11,1.19,1.03
1293000,0.99,0.58,1.14,1.17,1.11
1294000,1.01,0.61,1.04,1.09,1.14
1295000,1.09,0.62,1.06,1.09,1.22
1296000,1.17,0.6,1.12,1.16,1.23
1297000,1.16,0.57,1.19,1.13,1.2
1298000,1.3,0.51,1.28,1.12,1.23
1299000,1.36,0.54,1.21,1.08,1.26
1300000,1.39,0.61,1.11,1.07,1.14
1301000,1.36,0.63,1.1,1.13,1.24
1302000,1.46,0.69,0.98,1.07,1.17
1303000,1.54,0.75,0.97,0.94,1.1
1304000,1.58,0.71,1.02,0.93,1.01
1305000,1.59,0.71,1.06,1.0,0.74
1306000,1.64,0.68,1.0,1.02,0.74
1307000,1.64,0.76,0.9,1.06,0.84
1308000,1.61,0.75,0.95,1.12,0.77
1309000,1.63,0.84,1.02,1.17,0.72
1310000,1.61,0.88,1.04,1.26,0.82
1311000,1.48,0.88,1.11,1.33,0.88
1312000,1.54,0.84,1.1,1.27,0.91
1313000,1.57,0.84,1.18,1.38,0.95
1314000,1.56,0.88,1.2,1.35,1.0
1315000,1.48,0.93,1.31,1.36,1.05
1316000,1.4,0.88,1.43,1.26,1.1
1317000,1.37,0.84,1.44,1.25,1.21
1318000,1.35,0.86,1.42,1.27,1.13
1319000,1.25,0.86,1.51,1.41,1.1
1320000,1.33,0.87,1.55,1.39,1.12
1321000,1.21,0.72,1.57,1.33,1.13
1322000,1.24,0.77,1.66,1.38,1.1
1323000,1.22,0.88,1.75,1.35,1.0
1324000,1.26,0.88,1.73,1.36,1.05
1325000,1.23,0.98,1.81,1.46,1.0
1326000,1.35,0.94,1.9,1.51,1.01
1327000,1.26,1.02,1.86,1.62,0.97
1328000,1.28,1.09,1.69,1.58,1.01
1329000,1.29,1.12,1.6,1.64,1.09
1330000,1.29,1.14,1.54,1.51,1.09
1331000,1.28,1.2,1.64,1.42,1.12
1332000,1.21,1.2,1.68,1.55,1.12
1333000,1.16,1.25,1.63,1.57,1.02
1334000,1.14,1.22,1.57,1.62,1.04
1335000,1.18,1.15,1.59,1.58,1.03
1336000,1.01,1.13,1.52,1.61,1.09
1337000,1.06,1.17,1.42,1.62,1.13
1338000,1.1,1.18,1.34,1.65,1.11
1339000,1.13,1.24,1.23,1.73,1.0
1340000,1.14,1.14,1.25,1.66,0.96
1341000,1.21,1.18,1.27,1.6,0.91
1342000,1.26,1.18,1.06,1.71,0.88
1343000,1.31,1.15,0.93,1.75,0.91
1344000,1.34,1.0,0.86,1.79,0.87
1345000,1.4,1.08,0.77,1.65,0.9
1346000,1.24,1.12,0.77,1.66,0.81
1347000,1.3,1.18,0.78,1.71,0.88
1348000,1.32,1.14,0.83,1.68,0.86
1349000,1.26,1.13,0.81,1.77,0.87
1350000,1.33,1.14,0.92,1.79,0.95
1351000,1.32,1.0,0.99,1.84,0.98
1352000,1.25,1.04,1.06,1.82,1.06
1353000,1.13,0.99,1.11,1.79,1.11
1354000,1.11,0.94,1.18,1.86,1.13
1355000,1.12,0.95,1.29,1.88,1.1
1356000,1.18,0.93,1.33,1.79,1.16
1357000,1.19,0.86,1.44,1.83,1.18
1358000,1.29,0.9,1.59,1.96,1.18
1359000,1.25,0.87,1.62,1.88,1.22
1360000,1.21,0.8,1.67,1.8,1.13
1361000,1.11,0.83,1.8,1.71,1.11
1362000,1.12,0.85,1.87,1.69,1.12
1363000,1.2,0.82,1.89,1.63,1.02
1364000,1.22,0.79,1.86,1.66,1.02
1365000,1.18,0.8,1.88,1.66,0.96
1366000,1.2,0.84,1.73,1.62,1.0
1367000,1.31,0.89,1.74,1.52,1.01
1368000,1.35,0.88,1.82,1.49,0.98
1369000,1.4,0.86,1.94,1.58,0.87
1370000,1.48,0.87,2.01,1.46,0.97
1371000,1.58,0.97,1.99,1.47,1.0
1372000,1.58,0.91,1.91,1.47,1.04
1373000,1.6,1.04,1.73,1.49,0.94
1374000,1.7,1.05,1.69,1.5,1.03
1375000,1.68,0.92,1.49,1.47,1.13
1376000,1.68,0.92,1.52,1.39,1.16
1377000,1.67,0.95,1.48,1.4,1.13
1378000,1.7,0.92,1.46,1.38,1.13
1379000,1.77,0.91,1.49,1.43,1.16
1380000,1.72,0.88,1.41,1.34,1.17
1381000,1.73,0.71,1.42,1.36,1.21
1382000,1.78,0.73,1.26,1.38,1.23
1383000,1.69,0.77,1.31,1.34,1.24
1384000,1.64,0.78,1.42,1.3,1.23
1385000,1.61,0.75,1.57,1.31,1.31
1386000,1.69,0.84,1.62,1.32,1.13
1387000,1.66,0.85,1.67,1.41,1.22
1388000,1.67,0.88,1.76,1.43,1.21
1389000,1.78,0.89,1.7,1.45,1.2
1390000,1.82,0.86,1.83,1.57,1.15
1391000,1.82,0.89,1.86,1.57,1.1
1392000,1.85,0.94,1.75,1.57,1.11
1393000,1.74,0.89,1.58,1.57,1.08
1394000,1.66,0.89,1.61,1.52,1.03
1395000,1.53,0.88,1.65,1.57,1.03
1396000,1.55,0.81,1.65,1.62,1.08
1397000,1.38,0.84,1.5,1.73,0.96
1398000,1.34,0.84,1.5,1.78,0.98
1399000,1.27,0.92,1.54,1.82,0.94
1400000,1.27,0.95,1.53,1.65,0.81
1401000,1.21,0.98,1.55,1.73,0.93
1402000,1.19,1.06,1.55,1.64,0.98
1403000,1.16,1.15,1.52,1.51,0.97
1404000,1.21,1.12,1.58,1.54,1.11
1405000,1.2,1.1,1.69,1.65,1.09
1406000,1.18,1.26,1.69,1.59,1.14
1407000,1.15,1.29,1.76,1.66,0.99
1408000,1.22,1.29,1.77,1.74,1.0
1409000,1.22,1.17,1.8,1.74,1.04
1410000,1.11,1.25,1.78,1.79,1.08
1411000,0.96,1.28,1.91,1.6,1.06
1412000,1.03,1.14,2.04,1.52,1.05
1413000,0.98,1.23,2.14,1.55,1.05
1414000,1.01,1.17,2.27,1.54,0.87
1415000,0.98,1.09,2.33,1.58,0.94
1416000,1.13,1.14,2.41,1.51,0.92
1417000,1.21,1.15,2.35,1.55,1.01
1418000,1.22,1.08,2.48,1.53,1.03
1419000,1.13,0.94,2.57,1.61,1.03
1420000,1.22,0.99,2.6,1.5,1.02
1421000,1.31,0.97,2.59,1.4,1.1
1422000,1.45,0.92,2.7,1.46,0.96
1423000,1.42,0.97,2.76,1.39,0.96
1424000,1.48,0.9,2.75,1.48,1.0
1425000,1.49,0.93,2.85,1.59,0.99
1426000,1.56,0.98,2.84,1.69,1.04
1427000,1.61,0.96,2.73,1.61,1.04
1428000,1.72,0.99,2.65,1.65,1.07
1429000,1.58,1.03,2.47,1.71,1.18
1430000,1.47,1.01,2.39,1.7,1.2
1431000,1.5,1.01,2.38,1.72,1.07
1432000,1.63,1.04,2.33,1.65,1.07
1433000,1.74,1.08,2.31,1.71,1.18
1434000,1.77,1.14,2.32,1.77,1.21
1435000,1.63,1.19,2.19,1.74,1.09
1436000,1.64,1.17,2.08,1.76,1.02
1437000,1.69,1.09,1.84,1.84,0.93
1438000,1.68,1.11,1.75,1.87,0.88
1439000,1.75,1.14,1.69,1.78,0.94
1440000,1.71,1.14,1.55,1.79,1.02
1441000,1.59,1.13,1.44,1.93,1.03
1442000,1.61,1.08,1.42,2.02,0.96
1443000,1.71,1.08,1.32,1.86,0.98
1444000,1.78,1.13,1.2,1.75,0.94
1445000,1.77,1.02,1.17,1.75,0.92
1446000,1.68,0.96,1.2,1.8,0.98
1447000,1.67,1.01,1.27,1.68,1.09
1448000,1.67,0.94,1.36,1.69,1.14
1449000,1.62,0.89,1.34,1.61,1.15
1450000,1.58,0.97,1.37,1.49,1.21
1451000,1.6,0.95,1.45,1.34,1.08
1452000,1.55,0.95,1.44,1.17,1.0
1453000,1.52,1.0,1.49,1.11,1.03
1454000,1.54,0.95,1.49,1.17,1.05
1455000,1.46,0.81,1.55,1.31,1.11
1456000,1.38,0.83,1.61,1.42,1.07
1457000,1.35,0.9,1.58,1.42,1.07
1458000,1.23,0.91,1.64,1.4,1.02
1459000,1.27,0.94,1.59,1.32,1.04
1460000,1.2,1.04,1.77,1.28,1.07
1461000,1.13,0.97,1.78,1.34,1.08
1462000,1.02,0.91,1.85,1.41,1.16
1463000,1.02,1.04,1.95,1.43,1.2
1464000,1.02,1.03,2.06,1.47,1.28
1465000,1.08,1.11,2.0,1.49,1.31
1466000,1.04,1.11,2.03,1.65,1.28
1467000,1.12,1.09,2.16,1.55,1.26
1468000,1.24,1.08,2.21,1.42,1.27
1469000,1.2,1.12,2.14,1.38,1.34
1470000,1.27,1.1,2.17,1.44,1.32
1471000,1.29,1.06,2.22,1.51,1.27
1472000,1.31,1.07,2.11,1.51,1.23
1473000,1.31,1.03,2.01,1.55,1.12
1474000,1.3,0.92,1.81,1.58,1.06
1475000,1.41,0.9,1.58,1.53,1.0
1476000,1.46,0.9,1.56,1.53,0.96
1477000,1.55,0.92,1.52,1.38,0.9
1478000,1.55,0.85,1.62,1.25,0.93
1479000,1.57,0.83,1.58,1.21,0.89
1480000,1.57,0.78,1.67,1.1,0.96
1481000,1.5,0.72,1.71,1.07,0.91
1482000,1.5,0.79,1.75,0.95,1.0
1483000,1.47,0.8,1.81,0.91,0.99
1484000,1.47,0.78,1.85,0.87,1.09
1485000,1.51,0.77,1.82,0.84,1.18
1486000,1.55,0.79,1.93,0.72,1.2
1487000,1.65,0.78,2.04,0.62,1.31
1488000,1.66,0.77,2.05,0.6,1.33
1489000,1.64,0.84,2.07,0.6,1.46
1490000,1.61,0.93,2.11,0.65,1.51
1491000,1.65,0.88,2.03,0.64,1.43
1492000,1.55,0.96,2.04,0.64,1.46
1493000,1.57,0.94,2.02,0.64,1.45
1494000,1.5,0.89,2.02,0.66,1.57
1495000,1.61,0.85,1.88,0.62,1.49
1496000,1.63,0.91,1.84,0.6,1.46
1497000,1.62,0.87,1.89,0.64,1.42
1498000,1.54,0.92,1.98,0.76,1.44
1499000,1.57,0.93,2.03,0.81,1.38
1500000,1.5,0.98,2.03,0.84,1.38
1501000,1.42,0.97,1.96,0.83,1.39
1502000,1.36,1.09,1.88,0.94,1.36
1503000,1.32,1.07,1.96,1.02,1.43
1504000,1.27,1.11,2.05,1.06,1.41
1505000,1.2,1.14,2.09,1.03,1.41
1506000,1.04,1.18,1.97,1.04,1.39
1507000,0.97,1.25,1.97,1.14,1.36
1508000,1.02,1.27,1.95,1.22,1.35
1509000,1.02,1.33,1.96,1.24,1.37
1510000,1.03,1.31,2.04,1.18,1.34
1511000,1.05,1.31,2.03,1.2,1.4
1512000,1.1,1.2,2.11,1.2,1.34
1513000,1.09,1.11,2.0,1.14,1.3
1514000,1.17,1.02,2.11,1.14,1.29
1515000,1.25,1.08,2.15,1.11,1.28
1516000,1.4,0.98,2.18,1.11,1.29
1517000,1.46,1.01,2.27,1.13,1.27
1518000,1.51,1.03,2.27,1.23,1.3
1519000,1.58,1.02,2.22,1.29,1.3
1520000,1.65,0.94,2.41,1.26,1.35
1521000,1.72,0.93,2.55,1.28,1.36
1522000,1.72,0.96,2.66,1.25,1.38
1523000,1.68,1.06,2.68,1.37,1.24
1524000,1.62,1.08,2.83,1.26,1.3
1525000,1.63,1.07,2.93,1.37,1.21
1526000,1.61,1.11,3.04,1.34,1.19
1527000,1.45,1.16,3.2,1.28,1.19
1528000,1.39,1.11,3.3,1.37,1.23
1529000,1.33,1.08,3.5,1.3,1.28
1530000,1.31,1.15,3.6,1.31,1.24
1531000,1.31,1.05,3.62,1.28,1.25
1532000,1.41,1.06,3.56,1.29,1.24
1533000,1.43,1.15,3.56,1.29,1.27
1534000,1.49,1.06,3.63,1.23,1.3
1535000,1.51,1.08,3.65,1.15,1.29
1536000,1.59,1.02,3.74,1.18,1.29
1537000,1.6,1.03,3.63,1.13,1.27
1538000,1.61,1.04,3.82,1.06,1.16
1539000,1.66,0.98,3.85,1.18,1.05
1540000,1.67,1.01,3.41,1.14,0.91
1541000,1.73,1.02,3.34,1.11,0.89
1542000,1.71,1.1,3.18,0.97,0.94
1543000,1.71,1.06,3.12,1.02,0.95
1544000,1.64,1.0,2.97,1.04,0.94
1545000,1.69,0.95,3.06,1.05,1.01
1546000,1.61,0.87,3.01,1.01,1.04
1547000,1.54,0.9,2.77,0.96,1.14
1548000,1.56,0.84,2.91,0.96,1.13
1549000,1.56,0.87,2.76,0.94,1.17
1550000,1.58,0.94,2.72,0.98,1.25
1551000,1.6,0.84,2.43,0.98,1.28
1552000,1.63,0.86,2.28,1.01,1.23
1553000,1.65,0.85,2.38,1.18,1.3
1554000,1.69,0.81,2.34,1.2,1.27
1555000,1.6,0.88,2.24,1.23,1.26
1556000,1.7,0.94,2.16,1.17,1.24
1557000,1.64,1.06,2.03,1.26,1.05
1558000,1.7,0.98,2.03,1.32,1.09
1559000,1.67,1.02,2.05,1.33,1.13
1560000,1.67,1.06,2.09,1.43,1.12
1561000,1.62,1.04,2.03,1.48,1.13
1562000,1.54,0.95,2.15,1.56,1.14
1563000,1.48,0.96,2.14,1.55,1.18
1564000,1.38,0.94,2.27,1.4,1.11
1565000,1.24,1.02,2.32,1.36,1.16
1566000,1.26,1.03,2.48,1.38,1.27
1567000,1.29,1.1,2.46,1.46,1.26
1568000,1.26,1.03,2.51,1.49,1.28
1569000,1.3,0.93,2.58,1.55,1.31
1570000,1.25,0.91,2.67,1.52,1.33
1571000,1.3,0.85,2.78,1.41,1.25
1572000,1.47,0.88,2.79,1.31,1.34
1573000,1.51,0.95,2.82,1.24,1.38
1574000,1.54,0.87,2.91,1.27,1.37
1575000,1.5,0.89,2.92,1.26,1.33
1576000,1.61,0.86,2.87,1.2,1.33
1577000,1.63,0.87,2.83,1.34,1.26
1578000,1.74,0.87,2.65,1.3,1.31
1579000,1.8,0.86,2.68,1.33,1.34
1580000,1.73,0.88,2.75,1.42,1.33
1581000,1.75,0.83,2.53,1.35,1.36
1582000,1.81,0.81,2.49,1.45,1.37
1583000,1.79,0.83,2.31,1.56,1.3
1584000,1.71,0.86,2.22,1.63,1.19
1585000,1.52,0.91,2.23,1.64,1.25
1586000,1.54,0.85,2.06,1.6,1.22
1587000,1.58,0.89,2.12,1.57,1.17
1588000,1.45,0.89,2.18,1.49,1.1
1589000,1.5,0.88,2.19,1.53,1.13
1590000,1.38,0.93,2.16,1.49,1.18
1591000,1.46,0.99,2.19,1.55,1.17
1592000,1.44,1.12,2.37,1.62,1.14
1593000,1.49,1.1,2.44,1.56,1.26
1594000,1.45,1.08,2.53,1.51,1.19
1595000,1.51,1.06,2.63,1.38,1.29
1596000,1.48,1.04,2.85,1.34,1.38
1597000,1.55,0.96,3.0,1.27,1.49
1598000,1.64,0.98,3.06,1.34,1.52
1599000,1.67,0.99,3.04,1.34,1.61
1600000,1.72,0.96,3.25,1.42,1.51
1601000,1.83,0.96,3.33,1.43,1.58
1602000,1.84,0.95,3.34,1.47,1.63
1603000,1.91,0.92,3.25,1.41,1.68
1604000,1.98,0.95,3.24,1.15,1.66
1605000,1.99,1.05,3.3,1.11,1.62
1606000,2.04,1.04,3.39,1.07,1.51
1607000,2.09,1.06,3.42,1.0,1.36
1608000,2.12,1.06,3.45,0.98,1.36
1609000,2.12,1.05,3.43,1.05,1.31
1610000,2.13,1.04,3.5,0.99,1.3
1611000,2.21,1.06,3.49,0.97,1.28
1612000,2.33,1.16,3.54,0.99,1.08
1613000,2.28,1.22,3.21,1.0,1.09
1614000,2.34,1.3,3.25,0.98,1.1
1615000,2.22,1.38,3.21,1.04,1.07
1616000,2.22,1.3,3.26,1.09,1.17
1617000,2.33,1.42,3.16,1.18,1.26
1618000,2.19,1.33,3.25,1.15,1.23
1619000,2.22,1.34,3.28,1.01,1.26
1620000,2.16,1.43,3.44,1.02,1.37
1621000,2.18,1.42,3.67,0.91,1.38
1622000,2.16,1.48,3.8,0.84,1.41
1623000,2.16,1.5,3.71,0.84,1.47
1624000,2.17,1.54,3.6,0.91,1.48
1625000,2.27,1.51,3.43,0.87,1.46
1626000,2.3,1.52,3.26,0.83,1.55
1627000,2.32,1.43,3.08,0.85,1.48
1628000,2.34,1.38,3.04,0.84,1.42
1629000,2.26,1.4,2.93,0.88,1.42
1630000,2.4,1.4,2.99,0.97,1.5
1631000,2.37,1.34,2.75,0.99,1.52
1632000,2.35,1.43,2.76,1.06,1.51
1633000,2.33,1.46,2.91,1.14,1.55
1634000,2.39,1.51,2.49,1.11,1.48
1635000,2.37,1.4,2.46,1.1,1.49
1636000,2.36,1.31,2.31,1.17,1.45
1637000,2.36,1.27,2.34,1.22,1.47
1638000,2.09,1.22,2.31,1.22,1.42
1639000,1.92,1.23,2.28,1.18,1.46
1640000,1.82,1.19,2.34,1.29,1.4
1641000,1.86,1.27,2.3,1.3,1.22
1642000,1.77,1.19,2.31,1.28,1.31
1643000,1.79,1.25,2.07,1.33,1.4
1644000,1.73,1.24,2.12,1.37,1.48
1645000,1.72,1.42,2.01,1.39,1.45
1646000,1.71,1.48,1.99,1.41,1.47
1647000,1.76,1.59,2.08,1.45,1.46
1648000,1.79,1.62,2.1,1.49,1.53
1649000,1.88,1.65,2.2,1.41,1.59
1650000,1.89,1.71,2.3,1.47,1.55
1651000,1.91,1.73,2.36,1.48,1.62
1652000,1.99,1.66,2.48,1.46,1.65
1653000,2.02,1.59,2.31,1.5,1.69
1654000,2.05,1.49,2.31,1.58,1.69
1655000,2.03,1.51,2.25,1.47,1.57
1656000,2.17,1.59,2.28,1.47,1.51
1657000,2.34,1.49,2.45,1.6,1.48
1658000,2.47,1.37,2.54,1.53,1.53
1659000,2.49,1.35,2.62,1.51,1.46
1660000,2.45,1.37,2.57,1.57,1.44
1661000,2.42,1.42,2.66,1.49,1.39
1662000,2.51,1.31,2.69,1.4,1.32
1663000,2.43,1.33,2.78,1.43,1.23
1664000,2.39,1.39,2.74,1.47,1.3
1665000,2.29,1.56,2.75,1.44,1.27
1666000,2.31,1.65,2.82,1.47,1.26
1667000,2.35,1.56,2.8,1.45,1.18
1668000,2.4,1.47,2.95,1.51,1.25
1669000,2.34,1.5,3.12,1.39,1.29
1670000,2.31,1.63,3.31,1.41,1.27
1671000,2.03,1.61,3.3,1.41,1.29
1672000,1.91,1.58,3.47,1.36,1.41
1673000,1.95,1.55,3.4,1.4,1.38
1674000,2.06,1.67,3.37,1.44,1.34
1675000,2.21,1.71,3.33,1.26,1.37
1676000,2.29,1.75,3.38,1.28,1.29
1677000,2.29,1.71,3.2,1.16,1.32
1678000,2.4,1.63,3.07,1.18,1.28
1679000,2.5,1.58,3.0,1.27,1.28
1680000,2.58,1.59,2.87,1.32,1.29
1681000,2.65,1.49,2.85,1.37,1.21
1682000,2.7,1.51,2.86,1.4,1.31
1683000,2.71,1.59,2.93,1.4,1.31
1684000,2.63,1.59,2.97,1.37,1.24
1685000,2.63,1.61,2.72,1.37,1.22
1686000,2.67,1.55,2.86,1.37,1.22
1687000,2.77,1.39,2.96,1.48,1.2
1688000,2.71,1.45,2.8,1.5,1.22
1689000,2.84,1.5,2.78,1.64,1.24
1690000,2.81,1.48,2.87,1.66,1.28
1691000,2.63,1.53,2.94,1.78,1.36
1692000,2.6,1.51,3.08,1.83,1.34
1693000,2.58,1.39,3.17,1.91,1.36
1694000,2.45,1.25,3.4,1.84,1.43
1695000,2.39,1.34,3.57,1.8,1.45
1696000,2.4,1.41,3.58,1.68,1.44
1697000,2.44,1.43,3.65,1.74,1.35
1698000,2.3,1.45,3.7,1.71,1.53
1699000,2.25,1.46,3.77,1.72,1.53
1700000,2.26,1.3,3.78,1.63,1.54
1701000,2.16,1.35,3.87,1.54,1.57
1702000,2.25,1.49,3.76,1.54,1.56
1703000,2.16,1.45,3.81,1.36,1.55
1704000,2.29,1.51,3.57,1.26,1.7
1705000,2.3,1.57,3.64,1.24,1.63
1706000,2.16,1.53,3.94,1.15,1.7
1707000,2.22,1.48,4.03,1.13,1.7
1708000,2.16,1.61,3.83,1.27,1.77
1709000,2.23,1.55,3.79,1.24,1.81
1710000,2.19,1.64,3.92,1.3,1.67
1711000,2.21,1.73,3.94,1.35,1.73
1712000,2.29,1.71,3.69,1.4,1.85
1713000,2.35,1.7,3.71,1.34,1.81
1714000,2.49,1.81,3.53,1.4,1.89
1715000,2.59,1.76,3.47,1.45,1.91
1716000,2.53,1.84,3.29,1.58,1.76
1717000,2.65,1.85,3.47,1.47,1.7
1718000,2.64,1.92,3.64,1.59,1.78
1719000,2.63,1.87,3.6,1.51,1.62
1720000,2.64,1.85,3.77,1.48,1.67
1721000,2.69,1.88,3.85,1.59,1.63
1722000,2.77,1.82,3.9,1.54,1.71
1723000,2.93,1.71,3.78,1.5,1.64
1724000,2.95,1.68,3.99,1.49,1.64
1725000,2.93,1.63,3.91,1.53,1.67
1726000,2.91,1.65,4.22,1.59,1.6
1727000,2.98,1.64,3.95,1.54,1.49
1728000,3.17,1.62,3.84,1.61,1.49
1729000,3.05,1.48,3.82,1.74,1.38
1730000,2.98,1.61,4.0,1.65,1.37
1731000,2.87,1.75,3.96,1.56,1.26
1732000,2.93,1.58,4.02,1.58,1.29
1733000,3.01,1.61,4.18,1.55,1.22
1734000,3.07,1.69,4.21,1.58,1.14
1735000,3.07,1.69,4.13,1.56,1.13
1736000,3.17,1.7,4.15,1.6,1.04
1737000,3.19,1.73,4.19,1.71,1.08
1738000,3.18,1.64,4.08,1.63,1.17
1739000,3.35,1.71,3.88,1.59,1.33
1740000,3.42,1.69,3.71,1.54,1.31
1741000,3.13,1.67,3.84,1.53,1.37
1742000,3.07,1.68,3.94,1.61,1.43
1743000,3.13,1.78,3.7,1.65,1.47
1744000,3.07,1.69,3.86,1.71,1.51
1745000,2.87,1.65,3.87,1.81,1.53
1746000,2.87,1.55,3.86,1.73,1.51
1747000,2.84,1.7,3.85,1.68,1.59
1748000,2.9,1.57,3.83,1.56,1.69
1749000,3.03,1.64,3.78,1.49,1.73
1750000,2.86,1.79,3.51,1.48,1.64
1751000,2.85,1.73,3.55,1.33,1.46
1752000,2.89,1.76,3.61,1.33,1.49
1753000,2.93,1.76,3.6,1.33,1.38
1754000,3.02,1.79,3.46,1.27,1.26
1755000,2.87,1.9,3.54,1.07,1.37
1756000,2.82,1.91,3.57,1.12,1.33
1757000,2.84,2.01,3.58,1.21,1.44
1758000,2.93,2.0,3.66,1.23,1.45
1759000,2.89,2.04,3.56,1.26,1.42
1760000,2.9,1.94,3.56,1.35,1.27
1761000,3.07,1.99,3.48,1.36,1.28
1762000,3.19,2.07,3.53,1.44,1.26
1763000,3.29,1.95,3.29,1.51,1.38
1764000,3.31,1.99,3.19,1.57,1.3
1765000,3.42,2.02,3.24,1.69,1.35
1766000,3.4,2.02,3.13,1.77,1.38
1767000,3.51,2.09,3.09,1.84,1.37
1768000,3.56,2.18,3.13,1.89,1.26
1769000,3.36,2.26,3.22,1.97,1.38
1770000,3.33,2.38,3.15,2.05,1.32
1771000,3.37,2.49,2.91,2.15,1.4
1772000,3.56,2.51,2.87,2.23,1.49
1773000,3.52,2.53,2.71,2.26,1.57
1774000,3.53,2.69,2.71,2.3,1.66
1775000,3.68,2.66,2.98,2.28,1.71
1776000,3.65,2.67,3.14,2.28,1.71
1777000,3.78,2.79,3.19,2.34,1.74
1778000,3.75,2.66,3.29,2.41,1.78
1779000,3.86,2.53,3.33,2.38,1.74
1780000,3.68,2.59,3.4,2.44,1.74
1781000,3.76,2.73,3.39,2.38,1.71
1782000,3.91,2.65,3.52,2.27,1.69
1783000,3.75,2.41,3.65,2.32,1.55
1784000,3.71,2.31,3.52,2.33,1.45
1785000,3.87,2.29,3.68,2.3,1.45
1786000,3.87,2.36,3.94,2.31,1.39
1787000,3.83,2.31,4.02,2.27,1.47
1788000,3.79,2.14,4.22,2.28,1.59
1789000,3.74,2.15,4.32,2.1,1.53
1790000,3.65,2.18,4.29,2.05,1.59
1791000,3.64,2.32,4.42,2.12,1.65
1792000,3.56,2.41,4.18,2.14,1.67
1793000,3.67,2.41,4.12,2.17,1.67
1794000,3.59,2.25,4.13,2.23,1.77
1795000,3.64,2.38,4.23,2.33,1.87
1796000,3.71,2.5,4.14,2.34,1.9
1797000,3.7,2.61,4.09,2.31,2.0
1798000,3.73,2.71,4.29,2.42,2.17
1799000,3.7,2.9,4.32,2.42,2.07
1800000,3.68,2.9,4.3,2.27,2.04
1801000,3.81,2.81,4.09,2.33,2.07
1802000,3.58,2.9,4.18,2.22,1.94
1803000,3.69,2.86,3.87,2.21,1.84
1804000,3.76,2.91,3.87,2.29,1.79
1805000,3.69,2.81,3.72,2.17,1.67
1806000,3.82,2.85,3.58,2.06,1.64
1807000,3.97,2.81,3.57,2.08,1.43
1808000,3.87,2.77,3.63,1.92,1.35
1809000,3.9,2.75,3.65,1.81,1.33
1810000,3.98,2.62,3.81,1.63,1.28
1811000,3.81,2.39,3.87,1.75,1.25
1812000,3.87,2.44,3.92,1.72,1.25
1813000,3.74,2.51,4.08,1.74,1.22
1814000,3.51,2.54,4.13,1.59,1.18
1815000,3.5,2.41,4.07,1.66,1.3
1816000,3.48,2.41,3.96,1.65,1.4
1817000,3.54,2.43,4.07,1.69,1.4
1818000,3.49,2.43,4.09,1.67,1.46
1819000,3.47,2.4,4.24,1.61,1.54
1820000,3.56,2.41,3.9,1.57,1.47
1821000,3.57,2.37,4.15,1.56,1.51
1822000,3.66,2.36,4.28,1.53,1.44
1823000,3.68,2.28,4.48,1.38,1.39
1824000,3.55,2.29,4.46,1.49,1.44
1825000,3.6,2.29,4.61,1.4,1.4
1826000,3.64,2.17,4.75,1.44,1.43
1827000,3.45,2.21,4.91,1.34,1.37
1828000,3.33,2.27,4.82,1.3,1.38
1829000,3.37,2.32,4.83,1.39,1.38
1830000,3.29,2.38,4.85,1.36,1.3
1831000,2.99,2.37,4.67,1.43,1.36
1832000,2.97,2.29,4.78,1.38,1.34
1833000,2.88,2.29,4.69,1.38,1.39
1834000,2.58,2.29,4.7,1.44,1.47
1835000,2.28,2.29,4.91,1.47,1.52
1836000,2.29,2.25,4.99,1.52,1.65
1837000,2.26,2.39,5.21,1.43,1.64
1838000,2.18,2.33,4.94,1.4,1.74
1839000,2.32,2.25,4.93,1.48,1.75
1840000,2.26,2.27,5.0,1.52,1.79
1841000,2.19,2.29,4.95,1.6,1.69
1842000,2.16,2.36,4.83,1.57,1.75
1843000,2.32,2.36,4.81,1.66,1.71
1844000,2.42,2.44,4.79,1.66,1.69
1845000,2.54,2.41,4.55,1.73,1.71
1846000,2.56,2.49,4.69,1.76,1.67
1847000,2.61,2.64,4.46,1.91,1.68
1848000,2.75,2.78,4.38,1.92,1.68
1849000,2.8,2.92,4.42,1.98,1.74
1850000,2.93,2.94,4.41,2.03,1.84
1851000,2.99,2.97,4.57,2.15,1.83
1852000,3.12,2.91,4.21,2.31,1.8
1853000,3.27,3.05,4.17,2.38,1.78
1854000,3.32,3.21,4.07,2.2,1.84
1855000,3.27,3.32,4.24,2.22,1.78
1856000,3.45,3.35,4.3,2.1,1.83
1857000,3.55,3.38,4.39,2.09,1.84
1858000,3.66,3.35,4.52,2.0,1.95
1859000,3.63,3.28,4.36,1.92,1.94
1860000,3.56,3.12,4.48,1.84,1.92
1861000,3.68,2.89,4.69,1.89,1.95
1862000,3.75,2.95,4.53,1.96,1.84
1863000,3.75,3.06,4.5,1.96,1.79
1864000,3.74,3.08,4.53,1.95,1.78
1865000,3.96,2.97,4.23,1.78,1.75
1866000,3.8,3.11,4.26,1.86,1.85
1867000,3.51,3.11,4.41,1.95,1.86
1868000,3.68,2.87,4.47,2.08,1.89
1869000,3.76,2.7,4.45,2.28,1.97
1870000,3.68,2.6,4.35,2.42,1.97
1871000,3.78,2.6,4.37,2.42,1.89
1872000,3.69,2.69,4.55,2.35,1.93
1873000,3.48,2.85,4.46,2.33,1.99
1874000,3.46,2.98,4.45,2.35,1.95
1875000,3.57,3.22,4.42,2.41,1.95
1876000,3.59,3.27,4.29,2.27,1.93
1877000,3.53,3.33,4.37,2.33,2.03
1878000,3.37,3.02,4.2,2.26,1.97
1879000,3.59,3.22,4.11,2.27,1.84
1880000,3.6,3.26,4.15,2.23,1.76
1881000,3.67,3.29,4.04,2.07,1.8
1882000,3.67,3.36,4.04,1.93,1.65
1883000,3.77,3.49,4.27,1.96,1.63
1884000,3.76,3.72,4.43,2.13,1.55
1885000,3.77,3.79,4.51,2.25,1.37
1886000,3.74,3.95,4.48,2.31,1.32
1887000,3.79,4.1,4.59,2.43,1.32
1888000,3.69,4.05,4.54,2.53,1.22
1889000,3.87,4.21,4.72,2.64,1.31
1890000,4.02,4.12,4.84,2.71,1.27
1891000,4.06,3.87,4.76,2.88,1.28
1892000,3.97,3.9,4.7,2.81,1.25
1893000,4.17,3.86,4.82,2.7,1.25
1894000,4.06,3.94,4.84,2.77,1.4
1895000,4.2,3.93,4.85,2.78,1.42
1896000,4.16,3.74,4.64,2.77,1.39
1897000,4.26,3.63,4.71,2.72,1.34
1898000,4.23,3.36,4.56,2.85,1.38
1899000,4.35,3.33,4.62,2.97,1.45
1900000,4.41,3.16,4.66,3.08,1.48
1901000,4.68,3.23,4.78,3.01,1.5
1902000,4.75,3.1,4.58,2.83,1.38
1903000,4.73,3.19,4.57,2.85,1.47
1904000,4.92,3.18,4.54,2.67,1.62
1905000,5.08,3.31,4.3,2.6,1.6
1906000,4.97,3.31,4.31,2.36,1.4
1907000,4.9,3.12,4.29,2.43,1.35
1908000,4.93,2.91,4.21,2.45,1.46
1909000,4.99,2.78,4.21,2.39,1.43
1910000,4.8,2.85,3.83,2.43,1.44
1911000,4.85,2.8,3.96,2.42,1.48
1912000,4.99,2.75,4.11,2.3,1.43
1913000,5.16,2.74,4.11,2.2,1.46
1914000,5.1,2.63,4.2,2.2,1.54
1915000,5.1,2.65,4.39,2.2,1.43
1916000,5.2,2.55,4.54,2.25,1.35
1917000,5.06,2.67,4.51,2.2,1.32
1918000,4.98,2.53,4.44,2.24,1.36
1919000,4.91,2.59,4.38,2.16,1.38
1920000,4.53,2.78,4.65,2.18,1.29
1921000,4.48,2.91,4.53,2.05,1.38
1922000,4.59,3.05,4.5,2.11,1.3
1923000,4.65,3.27,4.48,1.97,1.33
1924000,4.6,3.27,4.57,1.97,1.26
1925000,4.54,3.32,4.29,1.99,1.28
1926000,4.79,3.54,4.29,2.03,1.35
1927000,4.69,3.54,4.37,2.06,1.41
1928000,4.64,3.81,4.59,2.1,1.48
1929000,4.62,3.79,4.47,2.15,1.52
1930000,4.56,3.79,4.63,2.12,1.53
1931000,4.21,3.85,4.61,2.15,1.62
1932000,4.01,3.8,4.31,2.12,1.49
1933000,3.86,3.66,4.42,2.12,1.53
1934000,3.57,3.8,4.37,2.14,1.49
1935000,3.45,3.78,4.36,2.15,1.48
1936000,3.5,3.46,4.48,2.05,1.61
1937000,3.59,3.57,4.54,1.97,1.59
1938000,3.23,3.46,4.38,1.9,1.55
1939000,3.39,3.51,4.09,1.81,1.5
1940000,3.4,3.44,4.04,1.73,1.4
1941000,3.54,3.42,4.06,1.64,1.44
1942000,3.43,3.54,3.96,1.49,1.48
1943000,3.57,3.62,3.78,1.5,1.48
1944000,3.67,3.45,3.51,1.69,1.61
1945000,3.76,3.31,3.2,1.69,1.6
1946000,3.65,3.44,3.13,1.67,1.57
1947000,3.89,3.62,2.93,1.77,1.58
1948000,4.18,3.59,2.76,1.79,1.49
1949000,4.35,3.72,2.73,1.86,1.51
1950000,4.46,3.58,2.69,2.0,1.53
1951000,4.78,3.79,2.82,2.15,1.54
1952000,4.96,3.89,3.12,2.24,1.48
1953000,5.14,4.0,3.16,2.27,1.5
1954000,5.24,4.17,3.01,2.33,1.48
1955000,5.25,4.02,3.2,2.36,1.46
1956000,5.38,3.8,3.34,2.46,1.48
1957000,5.43,3.67,3.36,2.48,1.52
1958000,5.46,3.68,3.36,2.55,1.48
1959000,5.74,3.77,3.37,2.5,1.51
1960000,5.45,3.75,3.55,2.48,1.55
1961000,5.47,4.07,3.61,2.36,1.48
1962000,5.55,3.99,3.58,2.36,1.53
1963000,5.39,4.17,3.81,2.31,1.68
1964000,5.13,4.11,3.95,2.29,1.59
1965000,5.23,4.15,4.17,2.4,1.63
1966000,5.46,4.1,4.24,2.21,1.62
1967000,5.43,4.25,4.45,2.15,1.39
1968000,5.2,4.05,4.61,2.03,1.43
1969000,5.2,4.07,4.28,1.8,1.41
1970000,5.39,4.06,4.36,1.71,1.37
1971000,5.22,4.02,4.54,1.81,1.33
1972000,5.12,4.0,4.63,1.61,1.35
1973000,5.24,3.98,4.83,1.57,1.36
1974000,5.28,4.1,5.01,1.64,1.4
1975000,5.4,4.12,4.79,1.66,1.34
1976000,5.5,4.1,4.86,1.74,1.47
1977000,5.37,4.38,4.84,1.8,1.54
1978000,4.91,4.03,4.91,1.92,1.65
1979000,5.1,3.94,4.95,2.0,1.66
1980000,5.38,3.9,5.15,2.02,1.7
1981000,5.29,3.91,5.22,2.13,1.75
1982000,5.13,3.97,5.13,2.32,1.74
1983000,5.1,3.95,4.71,2.38,1.83
1984000,5.0,4.06,4.85,2.49,1.92
1985000,4.91,4.16,4.68,2.64,2.0
1986000,4.77,4.0,4.41,2.67,2.03
1987000,4.72,3.96,4.4,2.76,2.01
1988000,4.8,3.99,4.41,2.8,1.99
1989000,4.48,4.02,4.46,2.78,1.94
1990000,4.48,4.0,4.39,2.78,1.79
1991000,4.59,4.13,4.42,2.9,1.85
1992000,4.36,4.01,4.33,2.83,1.92
1993000,4.44,3.96,4.32,2.83,1.9
1994000,4.52,3.74,4.42,2.69,1.86
1995000,4.46,3.78,4.52,2.69,1.83
1996000,4.63,3.85,4.69,2.66,1.82
1997000,4.74,3.67,4.76,2.49,1.68
1998000,4.46,3.63,4.73,2.34,1.58
1999000,4.57,3.69,4.69,2.31,1.54
2000000,4.79,3.62,4.61,2.29,1.55
2001000,4.77,3.76,4.78,2.31,1.46
2002000,4.95,3.59,4.82,2.42,1.46
2003000,5.07,3.77,4.75,2.33,1.53
2004000,5.19,3.86,4.98,2.34,1.58
2005000,5.36,3.83,5.01,2.3,1.53
2006000,5.25,3.76,4.74,2.2,1.54
2007000,5.15,3.55,4.85,2.3,1.45
2008000,4.91,3.47,4.87,2.29,1.5
2009000,5.05,3.53,4.9,2.15,1.48
2010000,4.79,3.75,4.82,2.11,1.56
2011000,4.74,4.01,4.82,2.12,1.54
2012000,4.74,3.71,4.75,2.25,1.62
2013000,4.52,3.67,4.64,2.34,1.75
2014000,4.47,3.74,4.55,2.29,1.6
2015000,4.42,3.66,4.4,2.27,1.54
2016000,4.48,3.77,4.3,2.15,1.65
2017000,4.42,3.74,4.37,2.14,1.65
2018000,4.64,3.81,4.51,2.21,1.66
2019000,4.79,3.57,4.59,2.26,1.69
2020000,4.47,3.78,4.71,2.42,1.63
2021000,4.34,3.75,4.42,2.4,1.56
2022000,4.4,3.82,4.66,2.55,1.39
2023000,4.35,3.82,4.65,2.6,1.29
2024000,4.38,4.18,4.62,2.74,1.24
2025000,4.47,4.15,4.76,2.74,1.28
2026000,4.43,4.2,4.42,2.67,1.38
2027000,4.57,4.24,4.44,2.71,1.35
2028000,4.74,4.16,4.26,2.79,1.25
2029000,4.79,4.31,4.32,2.84,1.27
2030000,4.85,4.54,4.28,2.83,1.33
2031000,5.09,4.35,4.28,2.69,1.34
2032000,5.09,4.42,4.39,2.81,1.43
2033000,5.09,4.3,4.43,2.8,1.55
2034000,5.15,4.1,4.53,2.79,1.61
2035000,5.02,4.27,4.54,2.77,1.66
2036000,4.87,4.41,4.58,2.75,1.66
2037000,4.26,4.5,4.46,2.65,1.72
2038000,4.37,4.56,4.42,2.58,1.67
2039000,4.47,4.62,4.52,2.48,1.59
2040000,4.56,4.67,4.68,2.45,1.64
2041000,4.39,4.84,4.73,2.52,1.69
2042000,4.42,4.97,4.71,2.71,1.74
2043000,4.51,4.85,4.77,2.54,1.59
2044000,4.6,4.78,4.73,2.43,1.63
2045000,4.91,4.75,4.92,2.56,1.45
2046000,4.89,4.94,4.93,2.65,1.31
2047000,4.8,4.98,5.04,2.71,1.31
2048000,4.98,4.93,4.93,2.86,1.22
2049000,4.87,4.92,5.24,2.85,1.16
2050000,4.64,4.98,5.09,2.82,1.2
2051000,4.71,5.18,5.2,2.76,1.15
2052000,4.6,5.1,5.36,2.66,1.17
2053000,4.72,5.3,5.42,2.75,1.14
2054000,4.75,5.26,5.69,2.85,1.14
2055000,4.96,4.78,5.79,2.66,1.2
2056000,5.01,4.82,5.68,2.65,1.22
2057000,5.2,4.81,5.77,2.64,1.27
2058000,5.32,4.8,5.83,2.72,1.25
2059000,5.41,4.96,6.09,2.71,1.37
2060000,5.53,4.93,6.05,2.64,1.35
2061000,5.44,4.81,6.19,2.42,1.38
2062000,5.6,4.81,5.94,2.54,1.44
2063000,5.27,4.72,5.86,2.5,1.39
2064000,5.53,4.84,5.56,2.73,1.37
2065000,5.35,4.77,5.63,2.8,1.34
2066000,5.21,4.56,5.9,2.87,1.31
2067000,5.14,4.66,5.94,2.92,1.23
2068000,5.27,4.87,6.06,2.83,1.22
2069000,4.94,4.69,6.3,2.77,1.3
2070000,4.94,4.8,5.94,2.83,1.29
2071000,5.14,4.69,6.03,2.95,1.34
2072000,5.18,4.58,6.11,2.99,1.39
2073000,5.28,4.7,6.13,3.15,1.48
2074000,5.17,4.81,5.96,3.18,1.55
2075000,5.14,4.8,5.65,3.12,1.57
2076000,5.21,4.79,5.46,3.25,1.66
2077000,5.26,4.96,5.39,3.23,1.66
2078000,5.34,5.06,5.26,3.25,1.72
2079000,5.42,5.06,5.25,3.1,1.84
2080000,5.36,4.97,5.27,2.99,1.92
2081000,5.35,5.09,5.16,3.13,1.84
2082000,5.48,5.17,5.3,3.02,1.76
2083000,5.48,5.1,5.45,3.22,1.76
2084000,5.53,5.01,5.5,3.31,1.75
2085000,5.79,5.01,5.63,3.35,1.72
2086000,5.56,5.12,5.62,3.37,1.63
2087000,5.47,4.93,5.52,3.14,1.6
2088000,5.5,4.97,5.57,3.02,1.63
2089000,5.66,4.96,5.71,2.89,1.66
2090000,5.58,5.24,5.56,2.94,1.69
2091000,5.81,5.25,5.53,2.77,1.66
2092000,5.97,5.35,5.71,2.85,1.66
2093000,5.7,5.27,5.59,2.86,1.75
2094000,5.69,5.31,5.5,2.75,1.77
2095000,5.91,5.32,5.45,2.52,1.69
2096000,6.11,5.39,5.34,2.55,1.63
2097000,6.32,5.22,5.36,2.21,1.62
2098000,6.41,5.05,5.42,2.29,1.68
2099000,6.37,5.06,5.49,2.29,1.6
2100000,6.24,4.92,5.58,2.41,1.6
2101000,6.34,5.11,5.49,2.45,1.62
2102000,6.39,5.31,5.26,2.39,1.54
2103000,6.36,5.3,5.16,2.37,1.64
2104000,6.28,5.21,5.13,2.41,1.7
2105000,5.95,5.35,5.17,2.48,1.65
2106000,5.92,5.42,5.33,2.45,1.61
2107000,5.89,5.44,5.3,2.47,1.66
2108000,5.84,5.38,5.41,2.5,1.68
2109000,6.09,4.97,5.39,2.48,1.64
2110000,6.08,4.88,5.49,2.37,1.66
2111000,6.22,4.94,5.24,2.52,1.74
2112000,6.2,5.19,5.39,2.51,1.74
2113000,6.14,5.31,5.45,2.4,1.75
2114000,6.28,5.27,5.52,2.51,1.83
2115000,6.19,5.26,5.65,2.59,1.77
2116000,6.48,5.32,5.59,2.62,1.8
2117000,6.43,5.11,5.65,2.61,1.83
2118000,6.59,4.94,5.71,2.85,1.87
2119000,6.76,4.78,5.88,2.93,1.91
2120000,6.58,4.69,6.08,2.71,1.88
2121000,6.17,4.94,5.98,2.78,1.93
2122000,5.89,5.31,5.81,2.81,2.04
2123000,5.75,5.15,6.08,2.91,1.96
2124000,5.85,5.15,6.01,2.93,1.94
2125000,5.86,4.79,6.19,3.11,1.84
2126000,5.84,4.79,6.31,3.21,1.8
2127000,5.86,4.97,6.48,3.16,1.71
2128000,5.78,4.9,6.38,3.22,1.64
2129000,6.05,5.09,6.33,3.19,1.5
2130000,6.13,4.84,6.48,3.1,1.54
2131000,5.92,4.42,6.31,3.09,1.44
2132000,6.01,4.33,6.48,3.07,1.36
2133000,5.93,4.6,6.4,2.86,1.43
2134000,5.86,4.75,6.49,2.82,1.28
2135000,6.05,4.95,6.65,3.03,1.38
2136000,6.04,5.2,6.23,3.02,1.39
2137000,6.0,5.09,6.1,2.9,1.37
2138000,5.78,4.9,5.68,2.87,1.36
2139000,5.46,5.0,5.76,3.06,1.38
2140000,5.42,4.65,5.81,2.75,1.37
2141000,5.53,4.82,5.74,2.76,1.45
2142000,5.73,5.09,5.8,2.72,1.46
2143000,5.94,5.22,5.8,2.84,1.53
2144000,6.05,5.44,5.76,2.67,1.45
2145000,6.25,5.32,5.72,2.67,1.5
2146000,6.15,5.49,5.66,2.75,1.52
2147000,6.03,5.49,5.55,2.76,1.45
2148000,6.11,5.58,5.54,3.01,1.43
2149000,6.26,5.47,5.37,3.07,1.47
2150000,6.4,5.55,5.13,3.09,1.5
2151000,6.44,5.75,4.94,3.06,1.5
2152000,6.31,5.84,4.86,3.03,1.48
2153000,6.56,6.01,4.61,3.15,1.41
2154000,6.6,5.83,4.74,3.14,1.45
2155000,6.91,5.79,4.66,3.02,1.49
2156000,7.1,6.07,5.0,3.12,1.6
2157000,6.96,5.85,5.1,3.12,1.5
2158000,7.12,5.99,5.39,3.12,1.66
2159000,7.21,6.24,5.31,3.21,1.57
2160000,6.9,5.99,5.28,3.16,1.58
2161000,6.68,6.09,5.34,3.06,1.61
2162000,6.83,5.57,5.22,3.09,1.57
2163000,6.98,5.33,5.1,2.82,1.69
2164000,6.98,5.49,4.84,2.7,1.64
2165000,6.57,5.69,4.68,2.8,1.64
2166000,6.55,5.57,4.52,2.79,1.7
2167000,6.54,5.74,4.67,2.85,1.72
2168000,6.39,5.65,4.56,2.85,1.71
2169000,6.56,5.4,4.49,2.86,1.7
2170000,6.74,5.02,4.42,3.01,1.72
2171000,6.77,5.2,4.48,2.99,1.69
2172000,6.68,5.12,4.64,3.03,1.71
2173000,6.44,5.06,4.71,3.19,1.77
2174000,6.31,5.29,4.79,3.13,1.76
2175000,6.44,5.21,4.7,3.21,1.8
2176000,6.23,5.12,4.49,3.37,1.76
2177000,6.02,5.37,4.57,3.25,1.8
2178000,6.11,5.2,4.37,3.25,1.72
2179000,6.06,5.35,4.35,3.27,1.79
2180000,5.87,5.26,4.53,3.36,1.78
2181000,6.0,5.36,4.72,3.29,1.74
2182000,6.43,5.43,4.86,3.15,1.75
2183000,6.38,5.54,4.98,3.23,1.77
2184000,6.54,5.61,5.21,3.15,1.7
2185000,6.45,5.43,5.36,3.01,1.81
2186000,6.57,5.31,5.51,2.92,1.79
2187000,6.31,5.48,5.85,2.7,1.75
2188000,6.37,5.78,5.57,2.57,1.61
2189000,6.28,5.81,5.68,2.67,1.66
2190000,6.48,5.93,5.87,2.68,1.74
2191000,6.54,6.22,5.92,2.73,1.74
2192000,6.39,6.13,6.03,2.75,1.64
2193000,6.66,6.29,6.14,2.87,1.65
2194000,6.62,6.31,6.54,3.0,1.74
2195000,6.56,6.05,6.44,3.05,1.79
2196000,6.74,6.17,6.45,3.16,1.61
2197000,6.5,6.44,6.43,3.21,1.64
2198000,6.56,6.05,6.65,3.39,1.59
2199000,6.2,6.32,6.62,3.28,1.7
2200000,6.04,6.38,6.68,3.29,1.74
2201000,6.16,6.49,6.75,3.47,1.59
2202000,5.68,6.53,6.73,3.46,1.55
2203000,5.82,6.65,6.65,3.52,1.65
2204000,5.92,6.59,6.46,3.71,1.74
2205000,5.74,6.8,6.36,3.71,1.65
2206000,5.75,7.05,6.42,3.7,1.58
2207000,5.8,6.98,6.33,3.51,1.66
2208000,6.04,6.94,6.42,3.47,1.68
2209000,6.18,7.02,6.14,3.57,1.75
2210000,6.09,7.02,6.1,3.53,1.68
2211000,5.94,7.05,6.23,3.34,1.71
2212000,5.66,7.1,6.2,3.17,1.76
2213000,5.53,7.23,6.23,2.92,1.78
2214000,5.58,6.93,6.29,2.86,1.84
2215000,5.69,6.91,6.3,2.76,1.84
2216000,5.86,6.53,5.63,2.81,1.93
2217000,5.75,6.5,5.73,2.82,1.95
2218000,5.94,6.5,5.69,2.69,2.0
2219000,5.79,6.49,5.73,2.71,2.0
2220000,5.96,6.47,5.42,2.78,2.02
2221000,6.23,6.2,5.31,2.75,2.01
2222000,6.14,6.0,5.09,2.78,2.04
2223000,6.2,6.07,5.2,2.95,2.15
2224000,6.3,6.0,5.27,2.82,1.99
2225000,6.54,5.99,5.51,2.67,2.03
2226000,6.59,6.06,5.38,2.76,1.99
2227000,6.51,5.63,5.32,2.78,1.99
2228000,6.58,5.61,5.22,2.87,1.85
2229000,6.52,5.58,5.38,3.04,1.91
2230000,6.58,5.86,5.38,3.13,1.75
2231000,6.74,5.84,5.59,3.22,1.78
2232000,6.97,5.65,5.79,3.18,1.82
2233000,7.08,5.66,5.88,3.21,1.87
2234000,7.25,5.43,5.85,3.19,1.8
2235000,7.43,5.55,5.89,3.09,1.69
2236000,7.36,5.73,5.95,3.02,1.86
2237000,7.12,5.79,5.99,3.15,1.88
2238000,7.03,5.77,6.3,3.09,1.92
2239000,6.87,5.85,6.35,3.22,1.88
2240000,6.78,5.92,6.46,3.02,1.9
2241000,6.88,5.75,6.45,3.17,1.99
2242000,6.73,5.89,6.54,3.08,1.92
2243000,6.64,5.96,6.61,2.97,2.0
2244000,6.61,6.0,7.0,2.98,2.14
2245000,6.27,6.05,7.05,2.83,2.16
2246000,5.99,6.17,7.25,2.79,2.15
2247000,6.16,6.27,7.37,2.89,2.18
2248000,6.15,6.17,7.43,2.96,2.29
2249000,6.12,6.22,7.24,2.97,2.4
2250000,6.09,6.41,7.13,2.89,2.37
2251000,5.82,6.35,7.47,2.97,2.43
2252000,5.77,6.49,7.49,2.78,2.49
2253000,5.68,6.1,7.61,2.66,2.34
2254000,5.89,6.13,7.9,2.71,2.1
2255000,6.08,6.32,7.95,2.72,2.11
2256000,6.11,6.39,7.84,2.6,2.02
2257000,6.12,6.54,7.71,2.63,2.12
2258000,6.39,6.46,7.97,2.68,2.04
2259000,6.18,6.4,7.99,2.79,2.06
2260000,6.17,6.45,7.98,2.6,2.13
2261000,6.44,6.41,8.01,2.75,2.31
2262000,6.66,6.55,8.11,2.61,2.31
2263000,6.92,6.39,8.18,2.73,2.17
2264000,7.01,6.46,8.39,2.55,2.25
2265000,7.05,6.46,8.33,2.6,2.31
2266000,7.33,6.48,8.23,2.84,2.23
2267000,7.29,6.85,8.16,2.87,2.33
2268000,7.51,6.69,8.23,2.89,2.38
2269000,7.47,6.76,8.2,2.97,2.5
2270000,7.74,6.88,8.0,3.05,2.43
2271000,7.87,6.94,8.27,3.15,2.49
2272000,8.0,7.19,8.4,3.3,2.46
2273000,7.87,7.12,8.54,3.08,2.54
2274000,7.98,7.32,8.59,3.22,2.36
2275000,8.19,7.22,8.67,3.32,2.12
2276000,7.89,7.04,8.81,3.23,2.17
2277000,7.52,7.08,8.68,3.23,2.11
2278000,7.47,7.14,8.51,3.23,2.03
2279000,6.93,7.15,8.31,3.19,2.21
2280000,6.85,7.17,8.27,3.44,2.14
2281000,6.8,6.88,8.42,3.42,2.09
2282000,7.09,6.97,8.41,3.32,2.11
2283000,7.21,7.05,8.37,3.4,2.17
2284000,6.74,7.1,8.28,3.3,2.27
2285000,6.76,7.39,8.55,3.18,2.16
2286000,6.62,7.28,8.82,3.09,2.15
2287000,6.68,7.28,8.83,2.99,2.22
2288000,6.2,7.35,8.43,3.02,2.24
2289000,6.23,7.39,8.11,3.03,2.27
2290000,6.17,7.44,8.07,2.95,2.23
2291000,6.25,7.17,8.04,2.85,2.35
2292000,6.26,7.22,8.22,3.02,2.35
2293000,6.31,7.38,8.17,3.14,2.26
2294000,6.44,7.45,8.3,3.11,2.28
2295000,6.42,7.04,8.42,3.25,2.41
2296000,6.44,6.99,8.73,3.15,2.37
2297000,6.23,6.85,8.79,3.12,2.35
2298000,6.42,6.86,8.54,3.14,2.38
2299000,6.7,6.8,8.47,3.0,2.43
2300000,6.79,7.0,8.44,3.2,2.52
2301000,6.8,7.3,8.25,3.02,2.45
2302000,7.19,7.49,8.3,2.9,2.52
2303000,7.14,7.45,8.75,3.14,2.48
2304000,7.27,7.23,8.58,3.17,2.39
2305000,7.25,7.34,8.46,3.18,2.38
2306000,7.46,7.31,8.39,3.37,2.44
2307000,7.47,7.16,8.34,3.42,2.55
2308000,7.49,7.55,8.43,3.55,2.52
2309000,7.56,7.64,8.28,3.66,2.53
2310000,7.73,7.1,8.25,3.67,2.39
2311000,7.78,7.29,7.73,3.51,2.45
2312000,7.67,7.23,7.7,3.49,2.38
2313000,7.56,7.45,7.7,3.35,2.29
2314000,7.67,7.5,7.82,3.47,2.33
2315000,7.61,7.34,7.82,3.58,2.32
2316000,7.65,7.27,7.85,3.52,2.28
2317000,7.6,7.15,7.71,3.64,2.31
2318000,7.64,7.19,7.73,3.66,2.37
2319000,7.52,6.83,7.63,3.5,2.41
2320000,7.84,6.73,7.56,3.48,2.32
2321000,7.72,6.89,7.84,3.41,2.28
2322000,7.75,6.9,7.81,3.28,2.32
2323000,7.69,6.86,7.92,2.89,2.33
2324000,7.66,6.55,7.68,2.67,2.35
2325000,7.34,6.54,7.41,2.71,2.27
2326000,7.1,6.6,7.6,2.86,2.26
2327000,7.16,6.31,7.76,2.94,2.18
2328000,7.32,6.56,7.62,3.0,2.39
2329000,7.54,6.82,7.49,2.95,2.37
2330000,7.46,6.75,7.45,2.65,2.46
2331000,7.19,6.61,7.47,2.56,2.56
2332000,6.91,6.81,7.39,2.5,2.48
2333000,6.92,7.03,7.18,2.62,2.48
2334000,6.85,7.35,7.32,2.64,2.59
2335000,6.85,7.2,7.22,2.63,2.57
2336000,7.07,7.35,7.14,2.71,2.59
2337000,7.22,7.36,7.3,2.83,2.65
2338000,7.46,7.32,7.44,2.89,2.58
2339000,7.7,7.18,7.25,2.99,2.59
2340000,7.72,7.48,6.95,2.64,2.48
2341000,7.8,7.4,7.3,2.8,2.52
2342000,7.59,7.52,7.23,2.85,2.46
2343000,7.34,7.88,6.95,2.83,2.32
2344000,7.49,8.16,6.91,3.03,2.22
2345000,7.23,8.2,6.39,3.15,2.29
2346000,7.26,8.53,6.37,3.39,1.99
2347000,7.22,8.73,6.72,3.5,1.97
2348000,7.08,8.61,6.74,3.35,1.95
2349000,7.36,8.61,6.54,3.33,2.0
2350000,7.47,8.5,6.5,3.26,2.04
2351000,7.42,8.5,6.37,3.11,2.08
2352000,7.36,8.5,6.37,3.32,2.16
2353000,7.46,8.46,6.64,3.29,2.26
2354000,7.28,8.62,6.71,3.26,2.21
2355000,7.43,8.42,6.6,3.25,2.21
2356000,7.42,8.42,6.73,3.27,2.25
2357000,7.9,8.6,6.81,3.36,2.28
2358000,8.04,8.27,6.59,3.35,2.15
2359000,7.83,7.97,6.57,3.52,2.24
2360000,7.81,7.77,6.57,3.69,2.23
2361000,7.22,7.96,6.77,3.59,2.32
2362000,7.3,7.94,6.79,3.55,2.3
2363000,7.31,8.08,6.74,3.56,2.19
2364000,7.25,7.93,6.81,3.57,2.22
2365000,7.49,7.69,6.98,3.58,2.22
2366000,7.8,7.47,7.04,3.76,2.2
2367000,7.74,7.3,6.85,3.69,2.35
2368000,7.89,6.75,6.75,3.73,2.22
2369000,8.07,6.82,6.75,3.62,2.35
2370000,7.98,6.84,6.41,3.81,2.29
2371000,7.93,6.55,6.4,3.92,2.3
2372000,7.69,6.54,6.29,3.88,2.26
2373000,7.1,6.64,6.29,4.04,2.31
2374000,7.08,6.8,6.17,3.88,2.22
2375000,7.14,6.78,6.09,3.66,2.11
2376000,7.04,7.1,6.22,3.57,2.22
2377000,6.96,7.08,5.92,3.42,2.26
2378000,7.15,7.34,5.8,3.39,2.34
2379000,7.13,7.29,5.92,3.52,2.38
2380000,7.13,7.49,5.97,3.63,2.29
2381000,7.27,7.5,6.19,3.74,2.45
2382000,6.92,7.61,6.18,3.8,2.4
2383000,6.86,7.6,6.19,3.86,2.41
2384000,6.91,7.67,6.1,4.09,2.41
2385000,6.97,7.42,6.14,4.19,2.49
2386000,7.15,6.97,6.1,4.03,2.43
2387000,6.87,7.26,5.82,3.88,2.55
2388000,6.09,7.13,6.02,4.07,2.44
2389000,6.25,7.41,6.26,3.95,2.6
2390000,6.42,7.25,6.51,3.89,2.64
2391000,6.59,7.46,6.36,4.02,2.6
2392000,6.31,7.5,6.68,4.09,2.47
2393000,6.49,7.45,6.76,4.25,2.56
2394000,6.3,7.46,6.87,4.29,2.68
2395000,6.42,7.65,7.02,4.15,2.62
2396000,6.59,7.82,7.17,4.08,2.41
2397000,6.92,7.86,7.28,3.92,2.5
2398000,7.26,7.76,7.44,3.78,2.52
2399000,7.4,8.1,7.44,3.71,2.54
2400000,7.49,8.03,7.54,3.44,2.62
2401000,7.73,8.14,7.69,3.49,2.59
2402000,7.43,7.83,7.84,3.6,2.6
2403000,7.04,7.87,7.99,3.45,2.47
2404000,6.78,7.58,8.05,3.61,2.48
2405000,6.57,7.72,8.06,3.68,2.68
2406000,6.25,7.62,7.88,3.45,2.7
2407000,6.11,7.95,7.94,3.14,2.71
2408000,6.35,7.76,8.05,3.16,2.64
2409000,6.12,7.66,8.02,3.25,2.72
2410000,6.13,7.72,8.1,3.5,2.7
2411000,5.86,8.1,8.18,3.44,2.73
2412000,5.63,8.41,8.06,3.58,2.57
2413000,5.8,8.06,8.43,3.54,2.62
2414000,5.9,8.13,8.61,3.75,2.41
2415000,5.86,7.97,8.89,3.97,2.26
2416000,5.9,8.13,8.58,3.88,2.3
2417000,5.77,8.24,8.71,3.75,2.52
2418000,5.66,8.36,8.63,3.69,2.46
2419000,5.66,8.43,8.84,3.71,2.41
2420000,5.27,8.44,9.09,3.63,2.32
2421000,5.34,8.59,8.94,3.69,2.17
2422000,5.53,8.93,8.84,3.76,2.04
2423000,5.74,9.06,8.96,3.65,2.04
2424000,5.88,9.05,8.87,3.71,2.14
2425000,6.0,9.28,8.89,3.74,2.23
2426000,6.14,9.46,8.69,3.73,2.13
2427000,6.35,9.45,8.97,3.74,2.17
2428000,6.61,9.27,8.94,3.73,2.33
2429000,6.78,9.54,9.08,3.81,2.42
2430000,6.89,9.63,8.96,3.75,2.23
2431000,7.11,9.55,9.23,3.68,2.12
2432000,7.0,9.62,9.04,3.81,1.99
2433000,7.18,9.64,9.19,4.02,2.12
2434000,7.48,9.61,9.31,4.16,2.19
2435000,7.51,9.52,9.4,4.48,2.27
2436000,7.41,9.7,9.55,4.62,2.29
2437000,7.51,9.73,9.39,4.74,2.17
2438000,7.65,9.84,9.31,4.66,2.19
2439000,7.67,9.41,9.6,4.85,2.35
2440000,7.81,9.74,9.75,4.94,2.48
2441000,7.84,9.72,9.53,5.02,2.63
2442000,7.94,9.97,9.76,5.11,2.57
2443000,7.83,10.1,9.95,5.21,2.65
2444000,7.72,9.84,9.63,5.11,2.71
2445000,7.8,9.85,9.81,4.95,2.81
2446000,7.97,9.72,9.88,5.02,3.01
2447000,8.16,9.91,9.9,5.04,3.02
2448000,7.99,9.94,9.78,4.85,3.27
2449000,8.01,10.21,9.64,4.6,3.26
2450000,7.97,10.13,9.94,4.62,3.19
2451000,8.09,9.35,9.75,4.49,3.21
2452000,8.13,9.34,9.62,4.11,3.17
2453000,8.01,9.0,9.37,4.28,3.16
2454000,8.13,9.12,9.28,4.24,3.15
2455000,8.03,9.3,9.17,4.05,3.24
2456000,7.99,9.33,8.98,4.0,2.97
2457000,8.09,8.62,9.13,4.05,2.99
2458000,8.17,8.77,9.09,4.07,2.95
2459000,8.43,8.72,8.69,4.09,2.91
2460000,8.24,8.64,8.97,3.99,2.67
2461000,8.35,9.01,9.07,4.1,2.42
2462000,8.6,8.89,8.83,4.13,2.49
2463000,8.41,8.57,8.73,3.71,2.46
2464000,8.2,8.81,8.72,3.97,2.47
2465000,8.06,8.91,8.41,4.01,2.61
2466000,7.81,9.01,8.24,4.3,2.67
2467000,8.08,9.33,8.07,4.55,2.62
2468000,8.15,8.93,8.22,4.66,2.77
2469000,8.18,8.78,7.82,4.72,2.77
2470000,8.4,9.03,7.71,4.71,2.81
2471000,8.64,9.29,7.44,4.82,2.92
2472000,8.8,9.37,7.17,4.77,2.81
2473000,9.03,9.55,7.07,4.81,2.71
2474000,9.01,9.88,6.75,4.78,2.73
2475000,8.95,10.04,6.85,5.18,2.76
2476000,8.76,9.82,6.84,5.17,2.89
2477000,9.05,9.84,6.97,5.29,3.08
2478000,8.99,9.56,7.0,5.21,2.96
2479000,9.35,9.9,6.97,5.11,3.07
2480000,9.11,10.04,6.73,5.01,3.12
2481000,9.39,10.07,7.12,5.19,2.96
2482000,9.26,10.1,7.12,5.58,2.88
2483000,9.49,10.33,7.06,5.68,2.76
2484000,9.64,10.68,6.92,5.76,2.83
2485000,9.62,10.98,6.71,5.46,2.69
2486000,9.38,10.97,6.64,5.52,2.61
2487000,9.14,11.29,6.7,5.33,2.64
2488000,8.98,11.5,7.02,5.3,2.7
2489000,8.85,11.62,7.07,5.41,2.71
2490000,8.57,11.99,7.47,5.36,2.68
2491000,8.72,12.12,7.58,5.38,2.37
2492000,8.81,12.24,7.17,5.17,2.31
2493000,8.7,12.27,7.36,5.39,2.32
2494000,8.07,12.03,7.18,5.55,2.28
2495000,7.7,12.16,7.18,5.18,2.28
2496000,7.69,12.07,7.26,5.12,2.5
2497000,7.51,12.13,6.97,5.02,2.54
2498000,7.43,12.25,7.14,5.21,2.47
2499000,7.46,12.3,7.18,5.19,2.4
2500000,7.53,12.44,7.35,5.27,2.54
2501000,7.48,12.59,7.34,4.85,2.58
2502000,7.09,12.6,7.36,5.1,2.66
2503000,6.74,12.92,7.47,5.1,2.66
2504000,6.36,13.05,7.56,5.27,2.73
2505000,6.36,13.22,7.23,5.0,2.69
2506000,6.49,12.97,7.09,4.75,2.76
2507000,6.61,12.99,7.18,4.68,2.83
2508000,6.45,12.85,7.21,4.71,2.95
2509000,6.57,12.52,7.21,4.72,2.99
2510000,6.65,12.92,7.3,4.69,3.07
2511000,6.76,12.58,7.48,4.38,2.94
2512000,6.88,12.55,7.69,4.62,2.84
2513000,7.33,12.49,7.53,4.71,2.93
2514000,7.43,12.28,7.43,4.71,2.97
2515000,7.48,12.19,7.61,4.73,3.07
2516000,7.78,12.48,7.2,4.51,3.11
2517000,7.98,12.02,7.27,4.39,3.28
2518000,8.05,12.34,7.22,4.38,3.28
2519000,8.25,12.26,7.12,4.03,3.18
2520000,8.27,12.24,7.18,4.11,2.98
2521000,8.45,12.12,7.27,4.32,3.13
2522000,8.51,12.04,7.41,4.33,3.1
2523000,8.57,11.89,7.49,4.44,3.08
2524000,8.52,11.45,7.7,4.36,2.82
2525000,8.32,11.44,7.78,4.26,2.76
2526000,8.23,11.55,7.76,4.32,2.79
2527000,8.26,11.59,7.7,4.52,2.91
2528000,8.09,11.57,7.39,4.38,2.91
2529000,8.3,11.55,7.45,4.23,3.04
2530000,8.45,11.61,7.25,3.92,3.01
2531000,8.53,12.02,7.39,3.99,3.09
2532000,8.64,11.9,7.55,4.05,2.99
2533000,8.52,11.81,7.56,3.9,2.7
2534000,8.49,11.66,7.44,3.85,2.89
2535000,8.37,11.24,7.28,3.88,2.97
2536000,8.64,11.16,7.61,3.7,2.82
2537000,8.79,11.07,7.11,3.72,2.93
2538000,8.47,11.07,7.31,3.78,3.01
2539000,8.39,11.1,7.45,3.8,3.02
2540000,7.86,10.82,7.51,3.78,3.03
2541000,7.71,10.94,7.42,3.91,3.09
2542000,7.35,10.55,7.3,4.24,3.09
2543000,7.33,10.59,7.45,4.19,3.03
2544000,7.33,10.66,7.57,4.16,2.97
2545000,7.35,10.8,7.49,3.94,2.8
2546000,7.39,10.78,7.63,3.93,2.71
2547000,7.3,10.9,7.7,4.11,2.81
2548000,7.19,10.91,7.79,4.29,2.94
2549000,7.18,10.65,7.89,4.25,2.94
2550000,7.18,10.58,7.58,4.37,2.96
2551000,7.35,10.85,7.61,4.51,3.07
2552000,7.66,10.61,7.67,4.75,3.01
2553000,7.72,10.57,7.72,4.98,3.06
2554000,7.64,10.77,7.76,4.93,3.08
2555000,7.82,10.82,7.98,5.18,3.13
2556000,7.84,10.75,7.69,5.31,3.16
2557000,8.14,10.78,7.8,5.35,3.08
2558000,7.91,10.87,7.94,5.47,3.0
2559000,8.21,10.87,7.87,5.68,2.84
2560000,8.14,10.95,7.94,5.89,2.95
2561000,8.25,11.16,8.07,5.84,2.99
2562000,8.11,10.8,7.97,5.77,2.93
2563000,8.18,10.76,8.24,5.66,2.84
2564000,8.54,11.25,8.1,5.72,2.98
2565000,8.63,10.98,8.23,5.68,3.07
2566000,8.91,11.22,8.52,5.92,3.0
2567000,8.94,11.81,8.51,6.02,3.12
2568000,8.97,11.16,8.28,5.92,3.07
2569000,9.02,11.47,8.26,6.07,3.08
2570000,8.67,11.34,8.54,5.94,2.94
2571000,8.6,11.32,8.5,5.82,3.07
2572000,9.15,11.61,8.38,5.94,3.12
2573000,9.12,11.54,8.49,5.73,3.24
2574000,9.29,11.78,8.67,5.67,3.37
2575000,9.33,12.02,8.57,5.55,3.45
2576000,9.3,11.8,8.62,5.1,3.53
2577000,9.08,11.92,8.84,5.09,3.59
2578000,9.03,12.01,8.87,4.46,3.61
2579000,9.18,11.67,8.71,4.42,3.7
2580000,9.34,12.08,8.8,4.32,3.73
2581000,8.9,12.0,8.97,4.26,3.81
2582000,9.09,12.21,8.84,4.56,3.6
2583000,8.75,12.36,9.12,4.44,3.39
2584000,9.12,12.41,9.38,4.55,3.48
2585000,8.94,11.82,9.36,4.59,3.5
2586000,8.64,11.8,9.31,4.81,3.49
2587000,8.75,12.02,9.41,4.59,3.24
2588000,8.79,11.88,9.65,4.57,3.09
2589000,8.55,11.82,9.43,4.35,2.99
2590000,8.99,12.17,9.75,4.57,3.15
2591000,9.04,12.23,9.34,4.18,3.14
2592000,8.36,12.2,9.48,4.2,3.23
2593000,8.59,12.28,9.66,4.22,3.09
2594000,8.64,12.28,9.93,4.31,3.14
2595000,8.59,12.42,9.97,4.31,3.25
2596000,8.81,12.54,10.05,4.34,3.26
2597000,9.26,12.47,9.79,4.63,3.16
2598000,9.5,11.9,9.64,4.77,3.26
2599000,9.67,12.05,9.88,4.92,3.37
2600000,9.91,12.04,9.52,4.8,3.4
2601000,9.72,11.99,9.71,4.89,3.37
2602000,9.72,12.23,9.75,4.97,3.37
2603000,9.73,12.51,9.82,4.62,3.45
2604000,9.74,12.7,9.75,4.71,3.5
2605000,9.6,12.44,9.74,4.86,3.4
2606000,9.93,12.6,9.59,4.98,3.3
2607000,10.07,12.5,9.62,5.31,3.27
2608000,9.81,12.41,9.46,5.19,3.15
2609000,9.42,12.27,9.54,5.1,2.99
2610000,9.57,12.05,9.46,5.37,3.22
2611000,9.61,12.36,9.58,5.37,3.14
2612000,9.88,12.22,9.19,5.49,3.31
2613000,10.01,12.46,8.86,5.44,3.19
2614000,9.95,12.24,8.99,5.51,3.14
2615000,10.0,12.31,8.62,5.76,3.02
2616000,10.19,12.22,8.42,5.23,2.91
2617000,10.25,12.14,8.54,5.45,2.98
2618000,10.32,12.19,8.61,5.11,2.97
2619000,10.15,12.33,8.85,5.18,2.93
2620000,10.32,12.6,8.34,5.1,3.08
2621000,9.82,12.44,7.98,5.15,2.95
2622000,9.83,12.35,7.91,4.96,3.0
2623000,9.88,12.33,7.79,4.88,2.94
2624000,9.57,12.4,8.11,5.15,2.99
2625000,9.27,12.48,7.95,4.61,2.85
2626000,8.86,12.57,8.0,4.78,2.63
2627000,8.69,12.29,7.86,4.88,2.68
2628000,8.72,12.22,7.92,4.77,2.66
2629000,8.73,12.2,7.98,4.91,2.67
2630000,8.53,11.98,7.95,4.89,2.74
2631000,8.56,12.41,7.82,4.85,2.8
2632000,8.63,12.64,7.59,4.8,2.79
2633000,8.7,12.75,7.64,5.03,2.92
2634000,8.72,12.59,7.72,4.99,2.95
2635000,8.72,12.23,7.89,5.0,3.07
2636000,8.99,12.21,7.65,4.63,2.96
2637000,9.55,12.05,7.84,4.58,2.98
2638000,9.8,12.1,7.77,4.67,3.15
2639000,9.89,12.37,7.77,4.63,3.34
2640000,10.14,12.27,7.9,4.68,3.28
2641000,10.2,12.21,8.19,4.72,3.35
2642000,10.06,12.5,8.31,4.65,3.5
2643000,10.31,12.81,8.64,4.91,3.37
2644000,10.11,12.65,8.76,5.13,3.5
2645000,9.68,12.79,8.89,5.41,3.54
2646000,9.6,12.79,8.64,5.61,3.46
2647000,9.95,12.97,8.41,5.82,3.3
2648000,9.71,13.03,8.41,5.85,3.38
2649000,9.68,13.24,8.45,5.84,3.61
2650000,9.54,13.55,8.46,5.83,3.49
2651000,9.71,13.32,8.57,5.83,3.49
2652000,9.77,13.27,8.6,6.06,3.64
2653000,9.71,13.28,8.7,6.26,3.69
2654000,9.6,13.26,8.65,6.31,3.69
2655000,9.85,13.04,8.36,5.93,3.56
2656000,10.15,12.99,8.22,6.0,3.42
2657000,10.35,12.99,8.17,6.11,3.42
2658000,9.94,13.34,8.36,6.18,3.4
2659000,9.79,13.7,8.66,6.12,3.51
2660000,10.29,13.71,8.69,6.17,3.38
2661000,10.19,13.35,8.42,6.31,3.44
2662000,10.14,13.01,8.58,6.27,3.6
2663000,10.05,12.69,8.35,6.42,3.71
2664000,10.23,13.1,8.03,6.53,3.93
2665000,10.09,12.75,8.13,6.35,3.87
2666000,9.78,12.61,8.14,6.39,3.75
2667000,9.89,12.46,7.63,5.88,3.72
2668000,9.65,12.26,7.96,5.66,3.53
2669000,9.57,12.1,7.83,5.9,3.61
2670000,8.79,12.55,7.73,5.93,3.57
2671000,8.81,12.5,7.64,5.78,3.65
2672000,9.04,12.44,7.95,5.49,3.67
2673000,9.31,12.79,7.83,5.42,3.85
2674000,9.84,12.79,7.98,5.51,3.94
2675000,9.52,12.82,8.1,5.46,3.92
2676000,9.61,12.69,7.84,5.49,4.03
2677000,9.63,12.47,7.59,5.44,4.0
2678000,9.83,12.45,7.76,5.46,3.94
2679000,10.11,12.79,7.8,5.62,4.0
2680000,9.82,12.3,7.73,5.57,4.05
2681000,9.88,12.14,7.82,5.76,3.96
2682000,9.78,12.01,7.93,5.85,4.09
2683000,9.43,12.13,8.05,5.87,4.17
2684000,9.07,12.04,8.08,5.84,4.07
2685000,9.14,12.36,7.65,5.59,4.16
2686000,9.11,12.45,7.52,5.41,4.18
2687000,9.12,12.37,7.41,5.78,4.01
2688000,9.11,12.11,7.47,5.6,4.07
2689000,9.12,12.47,7.41,5.54,4.05
2690000,9.14,12.64,7.05,5.55,3.95
2691000,9.09,12.58,6.85,5.62,4.11
2692000,8.99,11.93,6.49,5.69,3.98
2693000,9.29,11.72,6.46,5.93,4.08
2694000,9.22,11.96,6.3,6.14,4.12
2695000,9.25,12.26,6.33,6.25,4.14
2696000,9.13,12.39,6.38,6.24,4.28
2697000,9.42,12.6,6.43,6.45,4.11
2698000,9.37,12.29,6.33,6.29,3.85
2699000,9.5,12.24,6.51,6.47,3.93
2700000,10.0,12.26,6.51,6.12,4.0
2701000,10.13,12.5,6.15,6.2,4.23
2702000,10.44,12.86,6.24,6.11,4.17
2703000,10.25,13.0,6.24,6.23,4.23
2704000,9.59,13.12,6.02,6.25,4.18
2705000,9.82,12.93,6.14,6.32,3.93
2706000,9.62,12.86,6.09,6.14,3.91
2707000,9.76,12.81,6.11,6.4,3.77
2708000,9.83,12.74,6.26,6.61,3.6
2709000,9.35,12.91,6.28,6.83,3.54
2710000,9.19,12.7,6.51,6.63,3.59
2711000,9.2,12.59,6.72,6.89,3.47
2712000,9.25,12.86,6.72,7.03,3.37
2713000,9.66,12.54,6.86,6.72,3.28
2714000,9.72,12.76,7.06,6.88,3.46
2715000,9.99,13.09,7.26,7.16,3.27
2716000,9.94,12.71,7.31,7.28,3.35
2717000,10.02,12.5,7.53,7.47,3.38
2718000,9.89,12.61,7.64,7.4,3.45
2719000,9.97,11.93,7.62,6.99,3.56
2720000,10.11,12.17,7.73,6.89,3.84
2721000,10.29,12.75,7.53,6.86,3.79
2722000,10.48,12.6,7.84,6.77,3.97
2723000,10.75,12.79,7.96,7.13,4.18
2724000,10.83,12.84,8.03,7.44,4.28
2725000,10.61,12.81,7.81,7.21,4.39
2726000,10.28,12.81,7.81,7.17,4.4
2727000,10.46,13.09,8.0,7.02,4.52
2728000,10.58,13.07,7.7,7.08,4.58
2729000,10.51,12.95,7.84,6.95,4.51
2730000,10.86,12.97,7.97,7.08,4.62
2731000,11.11,12.48,7.8,6.98,4.69
2732000,11.3,12.81,7.81,6.73,4.81
2733000,11.29,12.73,7.97,6.51,4.91
2734000,11.25,12.94,7.85,6.57,4.7
2735000,11.34,13.17,8.04,6.77,4.59
2736000,11.22,13.4,7.63,6.88,4.72
2737000,11.28,13.39,7.17,6.78,4.85
2738000,11.14,13.17,7.08,6.52,5.04
2739000,10.98,13.2,7.07,6.44,4.85
2740000,11.23,12.81,7.06,6.26,5.05
2741000,11.12,11.7,6.92,6.41,4.86
2742000,10.96,12.02,7.02,6.62,4.78
2743000,11.11,12.12,7.07,6.53,4.59
2744000,11.31,12.36,6.97,6.66,4.73
2745000,11.6,12.29,6.54,6.76,4.6
2746000,11.17,12.32,6.47,6.53,4.62
2747000,10.55,12.87,6.64,6.33,4.61
2748000,10.56,12.93,6.71,6.43,4.51
2749000,10.21,12.83,6.67,6.27,4.33
2750000,10.07,12.98,6.48,6.23,4.19
2751000,10.12,13.0,6.7,6.24,4.03
2752000,9.53,12.94,6.69,6.23,3.83
2753000,9.3,12.98,6.55,6.05,3.66
2754000,9.71,13.23,6.62,5.98,3.59
2755000,9.05,12.43,6.6,5.97,3.58
2756000,8.76,12.45,6.42,6.15,3.59
2757000,9.06,12.01,6.22,5.95,3.73
2758000,7.88,11.79,6.38,6.16,3.64
2759000,8.09,12.01,6.46,6.14,3.92
2760000,8.38,12.1,6.71,6.12,3.78
2761000,8.15,12.08,6.7,6.26,3.72
2762000,8.02,11.98,6.44,6.33,3.58
2763000,7.99,11.88,6.46,6.13,3.75
2764000,8.32,12.02,6.92,6.12,3.86
2765000,8.4,12.21,6.77,6.43,3.94
2766000,8.43,12.09,6.75,6.35,3.96
2767000,8.07,12.35,6.66,6.33,3.98
2768000,8.15,12.38,6.85,6.37,4.18
2769000,8.44,12.17,6.61,6.3,4.28
2770000,8.4,11.61,6.46,6.17,4.32
2771000,8.06,11.7,5.98,6.46,4.01
2772000,8.24,11.86,5.72,6.54,3.75
2773000,8.4,11.99,5.63,6.66,3.82
2774000,8.72,12.09,5.52,6.92,3.65
2775000,8.91,12.54,5.26,6.82,3.56
2776000,9.02,12.54,5.38,7.07,3.42
2777000,9.16,12.75,5.72,7.17,3.6
2778000,9.1,12.56,5.76,7.19,3.55
2779000,9.21,12.13,5.72,7.36,3.49
2780000,9.03,12.08,5.27,7.52,3.31
2781000,9.16,11.82,5.13,7.41,3.45
2782000,8.76,11.87,5.31,7.44,3.57
2783000,8.92,11.8,4.54,7.29,3.54
2784000,9.2,11.95,4.43,7.35,3.5
2785000,8.54,12.03,4.28,7.35,3.38
2786000,8.2,12.17,4.22,7.35,3.35
2787000,8.24,12.01,4.18,7.55,3.34
2788000,8.38,12.06,4.31,7.66,3.23
2789000,8.4,12.4,4.4,7.37,3.41
2790000,8.46,12.4,4.58,7.51,3.36
2791000,8.19,12.79,4.71,7.87,3.39
2792000,7.84,12.74,4.71,7.8,3.48
2793000,7.55,12.83,4.74,7.9,3.53
2794000,7.59,13.09,4.3,8.07,3.56
2795000,7.6,13.09,4.24,8.24,3.59
2796000,7.67,13.3,4.14,8.48,3.74
2797000,7.6,13.42,4.16,8.61,3.62
2798000,7.57,13.38,4.29,8.72,3.75
2799000,7.31,13.5,4.16,8.76,3.61
2800000,7.09,13.62,4.31,9.06,3.83
2801000,6.84,13.64,4.17,9.14,3.87
2802000,6.87,14.24,4.02,9.12,3.95
2803000,7.27,14.45,3.94,8.75,4.0
2804000,7.25,13.69,4.1,8.82,4.06
2805000,7.4,14.12,4.28,9.05,4.02
2806000,7.54,13.98,4.1,8.84,3.95
2807000,7.48,14.01,4.05,8.85,4.14
2808000,7.67,14.35,4.05,8.78,4.09
2809000,7.58,14.26,4.15,8.56,4.11
2810000,7.64,14.43,4.23,8.87,3.99
2811000,8.02,14.4,4.07,8.96,3.86
2812000,8.08,14.42,4.04,8.59,3.79
2813000,7.87,14.67,3.98,8.58,3.95
2814000,7.83,14.58,3.94,8.52,3.82
2815000,7.71,14.48,4.17,8.49,3.81
2816000,7.65,14.26,4.12,8.29,3.68
2817000,7.47,14.35,4.1,7.95,3.69
2818000,7.61,14.77,4.13,8.03,3.84
2819000,7.62,15.02,4.25,8.04,3.94
2820000,7.5,14.83,4.42,8.17,3.94
2821000,7.54,14.49,4.04,7.97,4.05
2822000,7.66,14.43,4.03,7.8,4.12
2823000,7.82,14.29,3.82,8.07,4.04
2824000,7.75,13.92,3.86,7.85,3.99
2825000,7.92,14.29,3.75,7.65,4.01
2826000,7.92,14.05,3.99,7.56,4.12
2827000,7.56,14.26,4.17,7.54,4.01
2828000,7.34,14.34,4.21,7.52,3.92
2829000,7.09,14.23,4.17,7.84,4.05
2830000,7.4,14.48,4.25,8.05,4.1
2831000,7.34,14.7,4.27,8.09,4.14
2832000,7.65,14.08,4.34,8.27,4.02
2833000,8.01,13.73,4.29,8.58,4.09
2834000,8.25,13.21,4.37,8.73,4.1
2835000,8.09,13.26,4.79,8.96,3.99
2836000,8.17,13.04,4.89,8.99,4.0
2837000,7.97,12.32,4.94,8.53,4.07
2838000,7.93,12.28,4.9,8.5,4.04
2839000,8.09,12.13,4.93,8.2,4.06
2840000,7.98,12.04,5.19,8.51,4.1
2841000,8.17,12.06,5.22,8.58,4.14
2842000,7.98,12.06,5.21,8.63,4.1
2843000,8.23,11.76,5.25,8.58,4.05
2844000,8.5,12.19,5.27,8.39,4.13
2845000,8.64,12.1,5.19,7.94,4.29
2846000,8.78,11.71,5.05,7.68,4.45
2847000,9.1,11.54,5.05,7.93,4.39
2848000,9.21,11.46,5.2,7.51,4.27
2849000,9.44,11.75,5.21,7.53,4.31
2850000,9.43,11.6,5.41,7.49,4.43
2851000,9.19,11.29,5.46,7.49,4.6
2852000,9.24,11.35,5.42,7.44,4.55
2853000,9.18,11.31,5.3,7.74,4.59
2854000,9.22,11.32,4.98,7.4,4.61
2855000,9.28,11.52,4.85,7.14,4.44
2856000,9.64,11.64,5.0,7.16,4.4
2857000,9.73,11.55,5.13,7.05,4.44
2858000,10.0,11.61,5.18,6.58,4.42
2859000,10.12,11.89,5.2,6.63,4.46
2860000,9.81,11.93,5.19,6.96,4.54
2861000,8.68,12.01,5.36,7.14,4.6
2862000,8.74,11.64,5.52,7.44,4.66
2863000,8.98,11.23,5.64,7.56,4.57
2864000,8.78,11.26,5.52,7.76,4.65
2865000,8.69,11.57,5.76,7.66,4.62
2866000,8.95,11.63,5.78,7.5,4.58
2867000,8.96,11.72,5.78,7.65,4.53
2868000,9.01,11.9,5.81,7.65,4.57
2869000,8.77,11.67,6.11,7.98,4.46
2870000,8.9,12.08,6.09,8.15,4.67
2871000,8.68,12.18,6.09,8.5,4.66
2872000,8.66,12.55,6.16,8.47,4.75
2873000,8.71,12.4,6.03,8.39,4.86
2874000,8.31,12.43,6.14,8.9,4.83
2875000,8.47,12.35,6.21,8.97,4.86
2876000,8.05,12.58,6.05,9.23,4.8
2877000,8.06,12.83,6.15,9.36,4.72
2878000,8.24,13.05,6.15,9.27,4.69
2879000,8.27,12.72,6.06,9.36,4.6
2880000,8.2,12.73,6.14,9.22,4.68
2881000,8.26,12.68,6.15,9.38,4.7
2882000,8.36,12.98,6.18,9.54,4.59
2883000,8.52,13.01,6.06,9.42,4.66
2884000,8.31,13.04,5.82,9.2,4.75
2885000,8.44,13.43,6.02,9.52,4.83
2886000,8.25,13.64,6.05,9.71,4.82
2887000,8.2,13.6,6.16,9.75,4.97
2888000,8.42,13.68,5.83,9.52,4.82
2889000,8.7,14.12,5.83,9.46,4.9
2890000,8.74,14.26,6.14,9.46,4.94
2891000,8.94,14.28,6.12,9.49,4.97
2892000,8.6,14.44,6.17,9.36,4.93
2893000,9.05,14.78,6.03,9.0,5.02
2894000,8.9,14.32,6.34,9.26,5.16
2895000,9.07,14.5,6.22,9.45,5.17
2896000,9.42,14.84,6.1,9.61,5.31
2897000,9.48,15.06,6.32,9.45,5.41
2898000,9.73,14.91,6.49,9.39,5.42
2899000,9.6,14.84,6.55,9.64,5.47
2900000,9.66,14.81,6.39,9.87,5.32
2901000,9.72,14.95,6.43,9.77,5.59
2902000,9.85,15.24,6.44,10.0,5.54
2903000,9.81,15.45,6.32,9.66,5.29
2904000,9.59,15.55,6.25,9.77,5.26
2905000,9.5,15.81,6.5,9.41,5.07
2906000,9.68,15.7,6.32,9.12,5.3
2907000,9.42,15.94,6.37,9.41,5.27
2908000,9.47,15.85,6.55,9.16,5.12
2909000,9.68,16.22,6.48,9.43,4.95
2910000,9.72,15.89,6.56,9.53,4.97
2911000,9.48,15.97,6.52,9.25,5.11
2912000,8.77,15.78,6.54,9.51,5.01
2913000,8.68,15.6,6.38,9.56,5.02
2914000,8.24,15.49,6.36,9.38,4.81
2915000,8.51,15.88,5.94,9.67,5.04
2916000,8.11,15.7,5.57,9.71,5.01
2917000,8.03,15.65,5.42,9.16,5.14
2918000,8.15,15.75,5.09,9.05,5.14
2919000,7.83,16.06,5.15,8.84,5.1
2920000,6.94,16.2,5.24,9.51,4.94
2921000,6.85,16.15,5.49,9.63,5.17
2922000,6.89,16.02,5.26,9.77,5.36
2923000,7.21,15.91,5.58,9.75,5.3
2924000,7.6,16.15,5.55,9.77,5.2
2925000,7.47,16.1,5.36,9.72,5.61
2926000,7.37,15.74,5.67,9.61,5.35
2927000,7.22,15.71,5.95,9.43,5.26
2928000,7.62,15.49,5.69,9.48,5.4
2929000,7.61,15.53,5.6,9.69,5.35
2930000,7.74,15.12,5.6,9.34,5.09
2931000,7.46,15.17,5.89,9.31,5.21
2932000,7.58,15.2,6.06,9.14,5.1
2933000,7.05,15.53,6.13,9.24,4.54
2934000,7.23,15.12,6.33,9.39,4.65
2935000,7.4,15.12,6.45,9.5,4.54
2936000,7.42,14.33,6.42,9.64,4.51
2937000,7.74,14.31,6.59,9.29,4.62
2938000,7.96,13.86,6.83,9.22,4.6
2939000,7.77,13.81,7.07,9.42,4.39
2940000,7.8,13.92,7.3,9.19,4.46
2941000,7.98,13.91,7.56,9.42,4.52
2942000,7.7,13.97,7.63,9.73,4.73
2943000,7.78,13.82,7.8,9.55,4.6
2944000,7.9,13.77,8.05,9.36,4.71
2945000,8.18,13.83,8.39,9.47,4.76
2946000,8.22,13.97,8.28,9.53,4.7
2947000,8.45,14.01,8.41,9.64,4.87
2948000,8.2,14.14,8.3,9.25,4.86
2949000,8.29,13.82,8.48,9.32,4.96
2950000,8.25,14.06,8.69,9.44,4.89
2951000,8.3,14.53,8.51,9.68,4.94
2952000,8.57,13.86,8.59,9.38,5.16
2953000,8.97,14.12,9.0,9.57,5.3
2954000,8.6,14.49,8.83,9.54,5.66
2955000,8.37,14.7,8.63,9.48,5.58
2956000,8.31,14.71,8.64,9.47,5.91
2957000,8.38,14.57,8.82,9.6,5.95
2958000,8.35,14.43,8.8,9.32,5.94
2959000,8.34,14.34,8.94,9.61,6.12
2960000,8.67,14.41,8.7,9.64,6.18
2961000,8.66,14.13,8.58,9.56,6.25
2962000,8.64,13.88,8.54,9.71,6.34
2963000,8.58,14.11,8.01,9.75,6.56
2964000,8.63,14.66,7.86,9.54,6.54
2965000,8.6,14.3,8.1,9.33,6.07
2966000,8.36,14.43,8.09,9.26,6.21
2967000,8.34,14.53,7.99,9.56,6.16
2968000,8.46,14.33,7.7,9.2,6.23
2969000,8.76,14.42,7.43,9.47,6.18
2970000,8.59,14.04,7.32,9.34,6.16
2971000,8.75,14.1,7.34,9.88,6.3
2972000,8.84,14.54,7.3,9.72,6.2
2973000,8.84,14.56,7.41,9.8,5.8
2974000,8.67,15.1,7.27,9.91,5.74
2975000,8.71,15.21,7.28,10.16,5.97
2976000,8.61,15.33,7.07,10.12,5.69
2977000,8.48,15.55,6.82,10.61,5.54
2978000,8.32,14.82,7.23,10.42,5.39
2979000,7.8,14.6,7.54,10.56,5.08
2980000,7.58,14.4,7.79,10.95,4.89
2981000,7.59,14.52,7.9,11.04,4.54
2982000,7.49,14.13,7.65,10.4,4.8
2983000,7.72,14.25,7.5,10.21,4.89
2984000,7.8,14.39,7.54,10.23,4.78
2985000,7.61,14.15,7.66,9.86,4.85
2986000,7.83,14.06,7.73,10.06,4.74
2987000,7.87,14.24,7.66,10.13,4.66
2988000,7.8,14.17,7.9,10.37,4.4
2989000,7.71,14.43,8.26,10.15,4.57
2990000,7.95,14.26,8.18,10.0,4.74
2991000,8.21,13.91,8.13,10.09,4.6
2992000,8.13,13.55,8.01,10.04,4.44
2993000,8.13,13.1,8.14,9.97,4.36
2994000,8.67,12.94,8.09,10.21,4.57
2995000,9.03,13.01,8.23,10.33,4.8
2996000,9.07,13.12,8.49,9.96,4.82
2997000,9.38,13.54,8.6,10.02,4.81
2998000,9.14,13.62,8.47,10.11,5.05
2999000,9.18,13.58,8.44,9.4,5.18
3000000,9.57,13.22,8.39,9.44,5.28
3001000,9.83,13.22,8.59,9.47,5.18
3002000,9.61,13.2,8.77,9.37,5.06
3003000,9.46,13.35,8.79,9.54,5.16
3004000,9.43,13.7,8.32,9.52,5.23
3005000,9.27,13.73,8.32,9.23,5.03
3006000,9.47,13.52,8.03,9.28,5.32
3007000,9.48,13.53,7.94,8.59,5.45
3008000,9.64,13.24,8.03,8.55,5.68
3009000,9.77,12.81,8.0,8.83,5.68
3010000,10.03,13.1,7.84,8.81,5.55
3011000,9.9,12.76,8.14,8.74,5.76
3012000,10.38,12.93,8.1,8.92,5.94
3013000,10.83,13.05,7.99,8.77,5.87
3014000,10.83,13.36,8.05,8.66,5.95
3015000,11.15,13.53,8.19,8.48,5.97
3016000,11.05,13.36,7.99,8.66,5.68
3017000,10.87,13.46,7.88,9.08,5.75
3018000,10.96,13.76,8.18,8.59,5.65
3019000,11.27,13.75,8.11,8.55,5.67
3020000,11.22,14.08,8.29,8.83,5.76
3021000,11.3,14.44,8.18,9.05,5.85
3022000,11.61,14.57,8.16,8.98,5.91
3023000,11.71,14.77,8.27,9.24,5.98
3024000,12.12,14.18,8.15,9.57,6.1
3025000,11.52,14.02,8.14,9.39,5.8
3026000,11.28,14.35,8.1,9.27,6.07
3027000,10.95,14.22,8.03,9.78,5.65
3028000,10.72,14.41,7.88,9.94,5.63
3029000,10.53,14.86,7.95,9.85,5.79
3030000,10.9,14.95,7.89,10.2,5.79
3031000,11.25,14.98,7.87,9.63,5.8
3032000,10.73,15.42,8.03,9.66,5.93
3033000,10.62,15.68,8.02,9.6,5.88
3034000,10.71,15.57,8.02,9.74,6.18
3035000,10.57,15.85,8.05,9.78,6.01
3036000,10.6,15.63,8.17,9.8,5.92
3037000,10.68,16.01,8.23,9.8,5.98
3038000,10.61,16.38,8.14,9.94,6.13
3039000,10.58,16.11,8.26,10.01,6.01
3040000,10.24,16.15,8.61,9.94,5.96
3041000,10.38,16.18,8.42,10.0,6.0
3042000,10.05,16.22,8.24,9.87,5.85
3043000,9.09,15.83,8.5,10.03,5.99
3044000,9.17,16.03,8.13,9.93,5.83
3045000,9.4,16.32,8.31,10.2,5.64
3046000,9.41,16.49,8.3,10.2,5.58
3047000,9.1,16.42,8.27,10.16,5.69
3048000,8.64,17.07,8.35,10.11,5.51
3049000,8.36,17.12,8.51,9.86,5.36
3050000,8.13,17.12,8.33,9.84,5.31
3051000,8.22,16.94,8.33,9.75,4.88
3052000,8.49,17.11,8.6,9.42,4.74
3053000,8.56,17.01,8.27,9.37,4.95
3054000,8.67,17.27,8.12,9.41,5.06
3055000,8.56,17.3,8.21,9.35,5.35
3056000,8.5,17.3,8.17,9.56,5.32
3057000,8.31,17.46,8.36,8.84,5.41
3058000,8.21,17.49,8.27,9.2,5.25
3059000,8.35,17.7,8.03,9.43,5.17
3060000,8.46,17.24,8.27,9.35,5.35
3061000,8.42,17.47,8.12,9.56,4.96
3062000,8.78,17.03,8.01,8.99,5.01
3063000,8.87,17.17,8.05,9.04,4.95
3064000,9.0,16.87,8.13,9.37,5.16
3065000,9.03,17.09,8.14,9.66,5.18
3066000,8.81,17.21,7.65,9.47,5.36
3067000,8.67,17.19,7.92,9.29,5.21
3068000,8.83,17.2,7.95,9.44,5.34
3069000,9.06,17.4,7.82,9.25,5.65
3070000,8.98,17.05,8.07,9.02,5.68
3071000,8.81,16.81,8.12,8.89,5.76
3072000,8.76,17.01,8.13,8.83,5.93
3073000,8.87,17.26,8.03,8.64,6.04
3074000,8.84,17.35,7.79,8.82,5.91
3075000,9.06,17.22,7.78,8.97,6.02
3076000,9.02,16.55,8.21,8.95,5.63
3077000,8.86,16.66,8.24,8.9,5.8
3078000,8.8,16.9,8.03,8.9,5.8
3079000,8.75,16.86,8.24,8.74,6.04
3080000,8.58,16.86,8.52,8.68,6.22
3081000,8.62,16.85,8.5,8.29,6.3
3082000,8.67,16.82,8.63,8.6,6.26
3083000,8.89,17.03,8.74,8.31,6.18
3084000,9.05,16.97,8.77,8.67,6.22
3085000,8.93,16.85,8.93,8.45,6.49
3086000,9.06,17.38,8.85,7.89,6.57
3087000,9.06,17.16,8.81,7.84,6.66
3088000,9.02,17.53,8.69,8.03,6.81
3089000,8.83,17.69,8.78,7.62,6.64
3090000,8.44,17.72,8.79,7.42,6.79
3091000,8.13,16.83,8.67,7.26,6.53
3092000,8.21,16.79,8.59,7.24,6.65
3093000,8.32,16.71,8.7,7.32,6.67
3094000,8.56,16.95,8.93,7.51,6.55
3095000,8.58,17.1,8.62,7.51,6.67
3096000,8.38,16.7,9.02,7.45,6.71
3097000,8.55,16.48,8.61,7.19,6.5
3098000,8.16,16.38,8.76,6.92,6.38
3099000,8.32,15.89,8.51,7.1,6.47
3100000,8.37,16.01,8.52,7.03,6.32
3101000,8.25,15.82,8.59,6.74,6.1
3102000,8.26,15.31,8.19,6.94,6.27
3103000,8.3,15.32,8.11,7.19,6.33
3104000,8.54,15.22,8.24,7.01,6.29
3105000,8.44,15.37,8.39,6.78,6.27
3106000,8.69,15.62,8.25,6.52,6.09
3107000,8.8,15.71,8.26,6.73,5.9
3108000,9.04,15.92,8.32,7.08,5.82
3109000,9.49,15.7,8.25,7.31,5.96
3110000,9.63,15.1,8.42,7.16,5.83
3111000,9.46,15.05,8.42,7.22,5.92
3112000,9.89,14.59,8.4,7.61,6.27
3113000,9.78,14.55,8.53,7.7,6.22
3114000,9.51,14.55,8.85,7.81,6.13
3115000,9.8,13.8,9.02,7.97,6.21
3116000,9.82,13.95,9.09,8.07,5.95
3117000,9.36,13.75,9.2,7.88,6.13
3118000,9.41,14.03,9.44,7.42,6.48
3119000,9.92,14.16,9.58,7.65,6.62
3120000,10.0,14.07,9.56,7.89,6.76
3121000,10.15,13.8,9.51,8.13,6.85
3122000,10.17,13.52,9.58,8.28,6.82
3123000,10.37,13.9,9.6,8.54,6.92
3124000,10.11,13.58,9.67,8.57,6.93
3125000,10.02,13.55,9.98,8.71,6.84
3126000,10.32,13.6,9.64,8.8,7.08
3127000,10.41,13.93,9.85,9.11,7.1
3128000,10.56,13.82,9.67,9.4,7.25
3129000,10.88,14.0,9.89,8.96,7.31
3130000,11.11,14.21,9.95,9.27,7.42
3131000,11.42,14.14,10.34,9.34,7.43
3132000,11.7,13.97,10.41,9.53,7.65
3133000,11.89,14.09,10.7,9.71,7.58
3134000,12.1,14.19,10.89,9.59,7.74
3135000,12.17,14.37,10.78,9.87,7.77
3136000,12.43,14.42,10.82,9.97,7.85
3137000,11.95,14.61,10.63,10.22,7.47
3138000,12.22,14.74,10.59,10.29,7.66
3139000,12.22,15.19,10.82,10.5,7.45
3140000,11.77,14.88,10.98,10.6,7.79
3141000,11.68,15.17,11.12,10.56,7.68
3142000,11.31,15.31,10.76,10.22,7.51
3143000,11.38,15.47,10.44,10.36,7.11
3144000,10.95,15.55,10.45,10.09,6.87
3145000,10.6,15.53,10.32,10.3,6.29
3146000,10.91,15.32,10.35,10.29,6.3
3147000,10.44,15.13,10.36,10.68,6.0
3148000,10.54,15.23,9.94,10.65,5.38
3149000,11.0,15.56,9.75,10.64,5.6
3150000,11.03,15.7,9.83,10.76,5.74
3151000,10.91,16.07,10.12,10.99,5.74
3152000,11.03,16.17,10.17,10.83,5.66
3153000,10.41,16.16,10.16,11.04,5.68
3154000,10.7,16.1,10.23,10.74,5.64
3155000,10.6,16.41,10.13,10.76,5.65
3156000,10.48,16.3,10.14,10.67,5.59
3157000,10.76,16.32,10.55,10.65,5.7
3158000,10.59,16.41,10.86,10.87,5.83
3159000,9.72,16.68,10.79,11.01,5.78
3160000,9.9,16.77,10.89,10.83,5.82
3161000,10.0,17.0,11.06,11.2,6.03
3162000,8.87,16.87,10.42,10.91,5.93
3163000,8.35,16.56,10.47,11.07,6.19
3164000,8.58,16.2,10.2,11.18,6.1
3165000,7.94,15.97,10.14,11.2,6.42
3166000,8.32,15.82,10.32,11.21,6.38
3167000,8.56,16.24,10.27,11.02,6.63
3168000,8.59,16.46,10.82,10.83,6.86
3169000,8.94,16.53,10.55,10.95,6.99
3170000,9.12,16.84,10.7,10.46,6.91
3171000,8.76,16.87,10.6,10.78,7.03
3172000,8.68,16.67,10.6,10.91,7.27
3173000,8.94,16.62,10.82,11.1,7.46
3174000,9.08,16.64,10.86,11.19,7.21
3175000,9.02,16.22,11.14,11.22,7.39
3176000,9.23,15.7,11.3,11.53,7.29
3177000,9.45,15.69,11.05,11.43,7.32
3178000,9.62,15.63,11.21,11.45,7.25
3179000,9.55,15.68,11.28,11.3,7.16
3180000,9.97,15.59,11.61,11.4,7.12
3181000,9.64,15.97,11.88,11.71,6.92
3182000,9.48,15.72,11.81,11.87,7.1
3183000,9.69,15.75,11.68,12.13,7.12
3184000,9.38,15.74,11.17,12.04,7.15
3185000,9.61,15.94,10.87,11.88,6.88
3186000,9.78,16.21,10.94,11.63,7.12
3187000,9.6,16.36,10.96,12.05,7.19
3188000,9.74,16.51,10.92,12.41,7.25
3189000,9.74,16.86,10.37,12.12,7.09
3190000,9.93,16.73,10.5,11.91,7.26
3191000,10.32,16.78,10.41,11.98,7.23
3192000,10.21,16.8,10.37,11.95,7.09
3193000,10.44,16.43,9.94,11.42,7.19
3194000,10.8,16.15,9.98,10.75,7.26
3195000,11.02,16.17,10.43,10.55,7.47
3196000,11.24,16.56,10.26,10.14,7.45
3197000,11.35,16.19,9.83,10.54,7.64
3198000,11.66,16.06,9.86,10.64,7.69
3199000,11.37,16.17,9.64,10.59,7.74
3200000,10.84,16.06,9.71,10.82,7.64
3201000,10.96,15.91,9.51,11.06,7.61
3202000,10.93,15.69,9.56,10.72,7.65
3203000,11.32,15.5,9.35,10.66,7.58
3204000,11.68,15.8,9.57,10.79,7.77
3205000,11.83,15.96,9.59,10.91,7.96
3206000,11.83,16.07,9.39,10.66,8.09
3207000,11.86,16.26,9.63,10.53,8.4
3208000,12.08,16.07,9.34,10.62,8.55
3209000,11.81,15.76,9.47,10.87,8.64
3210000,12.09,15.87,9.39,11.13,8.63
3211000,12.26,15.77,9.53,11.43,8.56
3212000,12.41,15.36,9.84,11.31,8.55
3213000,12.57,15.27,10.03,11.03,8.2
3214000,12.31,15.7,10.07,10.76,8.21
3215000,12.76,15.61,10.31,11.27,8.31
3216000,12.79,15.96,10.28,11.27,8.29
3217000,12.78,16.25,10.46,11.46,8.02
3218000,13.15,16.53,10.0,11.53,8.07
3219000,13.36,16.76,10.45,11.92,8.26
3220000,13.34,16.77,10.16,11.67,8.3
3221000,13.29,16.89,10.51,11.49,8.27
3222000,13.44,16.8,10.67,11.78,8.29
3223000,13.67,16.61,11.01,11.79,7.94
3224000,14.1,16.18,11.17,11.84,7.61
3225000,14.13,16.25,11.13,11.75,7.86
3226000,14.0,15.52,10.82,12.16,7.93
3227000,13.54,15.54,10.5,12.31,8.06
3228000,13.37,15.54,10.62,12.58,8.0
3229000,13.6,15.01,10.84,12.69,8.24
3230000,13.5,15.07,10.89,12.82,8.22
3231000,13.41,15.41,11.1,12.94,7.94
3232000,13.35,15.57,11.37,12.67,7.34
3233000,13.45,15.33,11.52,12.55,7.33
3234000,13.54,15.14,11.86,12.09,7.13
3235000,13.58,15.15,11.72,12.24,7.25
3236000,13.9,14.93,11.62,12.0,7.57
3237000,13.43,15.13,12.01,11.9,7.75
3238000,12.92,15.5,12.16,12.11,7.66
3239000,13.31,15.06,11.98,11.98,7.92
3240000,13.25,15.12,12.22,12.06,7.77
3241000,12.74,15.19,11.9,12.23,8.14
3242000,12.94,15.42,12.24,12.2,8.07
3243000,13.09,15.47,12.02,11.4,8.1
3244000,12.97,15.45,11.76,11.29,7.78
3245000,12.4,15.37,11.57,11.57,7.72
3246000,12.75,15.63,11.48,11.71,7.85
3247000,12.45,15.15,11.68,11.73,7.67
3248000,11.88,15.26,12.02,11.45,7.72
3249000,12.01,15.44,12.14,11.33,7.87
3250000,12.19,15.69,11.99,11.3,7.87
3251000,12.57,15.53,11.98,10.87,7.9
3252000,12.43,15.43,12.39,10.91,8.05
3253000,12.66,15.55,12.64,10.68,8.22
3254000,12.59,15.98,12.41,10.75,7.88
3255000,12.35,16.02,12.44,10.9,7.85
3256000,12.01,16.23,12.27,10.89,7.7
3257000,11.73,16.88,12.47,10.57,7.99
3258000,11.72,16.75,12.31,10.82,7.93
3259000,11.39,16.54,12.15,11.19,8.24
3260000,11.75,16.26,12.25,11.5,8.36
3261000,12.03,16.32,12.53,11.05,8.31
3262000,12.15,15.85,12.84,11.35,8.09
3263000,12.26,15.77,12.89,11.39,8.0
3264000,12.06,15.74,12.71,11.47,7.77
3265000,11.73,16.06,12.4,11.99,7.99
3266000,11.42,16.24,12.2,12.01,8.3
3267000,11.57,16.18,11.72,12.09,8.49
3268000,11.71,16.15,11.87,12.48,8.24
3269000,11.77,16.28,12.03,12.34,7.97
3270000,11.65,15.97,11.54,12.38,7.99
3271000,11.85,16.33,11.49,12.7,8.23
3272000,11.8,16.27,11.16,12.27,8.08
3273000,11.32,15.77,11.42,12.48,8.41
3274000,11.47,16.12,11.68,12.56,8.64
3275000,11.48,16.51,11.41,12.87,8.47
3276000,11.07,16.8,11.67,12.84,8.58
3277000,11.1,17.13,11.82,12.81,8.8
3278000,11.2,17.15,11.84,12.45,8.69
3279000,11.03,16.98,11.8,12.36,8.88
3280000,11.24,17.11,11.91,12.19,9.03
3281000,11.17,17.03,11.71,11.87,9.06
3282000,10.72,17.0,11.17,12.12,8.97
3283000,10.82,17.12,11.86,12.08,9.2
3284000,10.38,16.93,12.07,12.03,9.18
3285000,10.5,16.78,12.21,12.1,9.22
3286000,10.54,16.96,12.38,12.55,9.16
3287000,10.47,17.02,12.15,12.39,8.82
3288000,10.42,17.27,12.11,12.5,8.67
3289000,10.49,16.82,12.05,12.36,8.57
3290000,10.78,16.69,11.85,12.61,8.47
3291000,10.5,16.49,11.92,12.48,8.75
3292000,10.2,16.21,12.06,12.3,8.79
3293000,10.44,16.54,12.35,12.62,8.57
3294000,10.45,16.8,12.69,11.86,8.55
3295000,10.69,16.42,12.35,12.15,8.61
3296000,10.97,16.27,12.19,12.18,8.8
3297000,11.5,15.49,12.19,12.34,8.89
3298000,11.48,15.29,12.13,12.66,9.07
3299000,11.41,15.6,12.3,12.95,9.03
3300000,11.56,15.37,12.26,13.32,8.72
3301000,11.7,15.27,12.48,12.57,8.22
3302000,12.03,15.68,12.42,11.78,8.32
3303000,11.78,15.99,12.41,11.89,8.46
3304000,11.63,15.84,13.03,12.03,8.49
3305000,11.59,16.36,13.28,12.36,8.36
3306000,11.22,16.04,13.47,12.33,8.41
3307000,10.99,16.58,13.04,12.15,8.27
3308000,11.3,16.43,13.47,12.02,7.92
3309000,11.4,16.55,13.52,11.82,7.73
3310000,11.03,16.47,13.48,12.19,7.94
3311000,11.28,16.02,13.62,12.39,8.06
3312000,10.92,15.91,13.62,12.23,8.37
3313000,10.75,15.76,13.63,12.42,8.28
3314000,10.45,15.45,13.45,12.79,8.54
3315000,10.58,15.53,13.53,12.92,8.57
3316000,10.7,15.08,13.64,12.86,8.75
3317000,11.09,15.2,14.07,12.93,9.05
3318000,11.29,15.1,14.11,13.02,9.09
3319000,11.45,15.35,14.24,13.4,8.67
3320000,11.61,15.6,14.01,13.22,8.73
3321000,11.88,15.84,14.1,13.46,8.86
3322000,11.26,15.78,13.8,13.46,9.05
3323000,11.53,15.56,13.51,13.63,9.05
3324000,11.65,15.75,13.28,14.09,8.84
3325000,11.99,15.56,13.7,14.31,8.87
3326000,11.73,15.57,13.6,14.35,9.05
3327000,11.66,15.61,13.81,13.9,9.12
3328000,11.21,15.92,13.83,13.93,9.44
3329000,11.52,16.19,13.92,13.89,9.63
3330000,10.79,16.09,13.21,13.6,9.82
3331000,11.07,16.45,13.33,13.74,9.91
3332000,11.03,16.29,13.46,13.82,9.86
3333000,10.78,16.47,13.52,13.19,9.78
3334000,10.7,16.61,13.3,12.26,10.21
3335000,10.98,16.41,13.2,12.41,10.41
3336000,10.71,16.38,13.55,12.65,10.33
3337000,10.93,16.7,13.1,12.94,10.51
3338000,11.25,16.64,13.25,13.16,10.64
3339000,11.35,16.96,12.94,13.23,10.92
3340000,11.96,16.84,12.76,13.3,10.58
3341000,11.59,17.09,12.51,13.13,10.14
3342000,11.94,17.04,12.71,13.57,10.42
3343000,11.73,17.57,12.21,13.74,10.12
3344000,11.68,17.28,12.43,13.71,10.27
3345000,11.97,16.88,11.99,13.22,10.48
3346000,12.21,16.74,11.83,12.95,10.42
3347000,12.46,16.94,11.83,13.18,10.19
3348000,12.72,17.12,11.78,12.76,10.24
3349000,12.52,17.12,11.79,12.74,10.05
3350000,12.54,16.89,11.64,12.42,10.03
3351000,12.21,17.51,11.5,12.42,10.05
3352000,12.46,17.58,11.14,12.31,9.97
3353000,12.56,17.92,11.0,12.14,10.03
3354000,12.41,17.93,10.59,11.71,10.3
3355000,12.43,18.25,10.85,11.38,9.86
3356000,12.63,18.32,11.19,11.48,10.07
3357000,12.45,18.22,11.14,11.45,10.2
3358000,12.49,18.51,10.59,11.44,10.33
3359000,12.33,17.92,10.42,11.72,9.94
3360000,12.49,18.27,10.46,11.64,9.83
3361000,12.53,18.81,10.59,11.65,9.71
3362000,12.03,18.53,10.98,11.88,9.94
3363000,12.22,17.86,11.0,12.2,9.7
3364000,12.44,17.55,10.68,12.21,9.41
3365000,12.57,18.34,10.86,12.41,9.65
3366000,12.43,18.39,10.91,12.74,9.32
3367000,12.76,18.57,11.25,12.61,9.33
3368000,12.76,18.63,11.43,12.79,9.36
3369000,12.75,18.55,11.2,12.95,9.5
3370000,13.12,18.78,11.58,12.94,9.65
3371000,12.8,18.25,11.7,12.46,9.93
3372000,12.29,18.49,11.76,12.42,9.77
3373000,11.97,18.58,12.0,12.52,9.85
3374000,11.99,18.81,12.2,12.34,10.1
3375000,12.19,19.18,12.04,12.49,10.09
3376000,12.22,19.08,12.42,12.31,9.71
3377000,12.67,19.26,12.46,12.31,9.92
3378000,12.9,19.19,12.4,12.5,10.06
3379000,12.44,19.33,12.73,12.39,10.25
3380000,11.94,19.12,12.48,12.5,10.39
3381000,12.07,19.18,12.72,12.83,10.55
3382000,12.05,19.15,12.74,13.01,10.37
3383000,12.28,19.33,12.69,13.2,10.34
3384000,12.5,19.29,12.45,13.16,10.39
3385000,12.59,19.46,12.43,13.28,10.34
3386000,12.78,19.46,12.54,13.42,10.25
3387000,13.1,19.61,12.83,13.37,10.11
3388000,12.71,19.3,13.09,13.16,9.86
3389000,12.48,19.42,13.23,13.49,10.1
3390000,12.69,19.55,13.06,13.34,10.29
3391000,12.87,19.38,13.36,13.36,10.14
3392000,12.82,18.93,12.98,13.57,10.33
3393000,12.79,18.75,12.92,13.64,10.57
3394000,12.89,19.0,13.0,13.63,10.35
3395000,12.86,18.66,12.88,13.51,10.08
3396000,13.36,18.13,12.71,13.98,10.01
3397000,13.51,18.57,13.03,14.04,9.9
3398000,13.39,18.69,12.75,14.17,9.98
3399000,13.05,18.87,12.85,14.06,9.69
3400000,13.23,19.22,12.97,14.07,9.6
3401000,12.85,18.78,12.77,14.25,9.29
3402000,12.92,18.97,12.49,14.05,9.27
3403000,13.2,18.89,12.38,13.99,9.38
3404000,13.07,19.17,12.67,14.22,9.36
3405000,13.14,18.98,12.45,14.26,9.77
3406000,13.54,19.19,12.58,14.44,9.66
3407000,13.65,19.2,11.86,14.67,9.46
3408000,13.59,19.44,12.04,14.47,8.75
3409000,13.39,19.82,11.69,14.73,8.96
3410000,13.72,20.04,11.93,15.05,9.0
3411000,13.8,20.27,12.03,14.88,9.05
3412000,14.1,20.24,11.94,14.34,9.04
3413000,14.11,20.32,12.08,13.74,9.42
3414000,14.09,20.05,11.9,13.8,9.22
3415000,14.22,20.27,11.98,13.9,9.27
3416000,14.44,20.47,12.17,14.1,9.13
3417000,14.79,20.52,12.22,13.89,8.99
3418000,14.66,20.09,12.27,13.32,8.81
3419000,14.83,20.37,12.58,13.54,8.35
3420000,14.75,19.99,12.47,13.51,8.56
3421000,14.81,19.77,12.07,13.67,8.66
3422000,14.19,19.43,11.76,13.81,8.66
3423000,14.17,19.58,11.63,13.64,8.82
3424000,14.31,19.39,11.4,14.06,8.83
3425000,14.37,19.46,11.15,13.63,8.66
3426000,14.7,19.11,11.1,13.72,8.8
3427000,13.93,19.06,11.32,13.82,8.85
3428000,14.2,18.79,11.36,13.42,8.89
3429000,14.29,18.37,11.52,12.96,9.24
3430000,14.02,18.38,11.38,12.39,9.48
3431000,13.96,18.01,11.66,12.24,9.22
3432000,14.18,17.8,11.53,11.8,9.45
3433000,13.65,18.07,11.63,11.71,8.86
3434000,13.54,18.4,11.71,11.61,8.94
3435000,14.01,18.27,11.78,11.54,9.21
3436000,13.66,18.48,11.89,11.26,9.39
3437000,13.84,18.75,11.59,11.48,8.81
3438000,13.97,19.08,11.75,11.27,9.09
3439000,14.19,19.15,11.97,10.9,9.18
3440000,13.92,18.83,11.91,10.45,8.88
3441000,13.85,19.16,11.82,10.22,9.19
3442000,13.99,18.73,11.94,10.4,9.41
3443000,14.59,18.47,11.53,10.76,9.57
3444000,14.61,18.12,11.11,10.88,9.7
3445000,14.5,18.11,10.86,11.07,9.95
3446000,14.47,18.24,10.84,11.18,9.96
3447000,14.36,17.96,11.13,11.59,10.11
3448000,13.97,18.15,10.94,11.58,10.15
3449000,13.31,17.98,11.25,12.01,10.42
3450000,13.25,17.75,11.38,11.68,10.7
3451000,12.71,17.94,11.2,12.01,10.73
3452000,12.74,17.41,11.09,12.33,11.02
3453000,12.75,17.59,11.02,12.54,10.93
3454000,12.56,17.55,11.12,12.23,11.25
3455000,12.48,17.51,11.26,12.62,11.11
3456000,12.28,17.23,11.56,12.72,11.16
3457000,11.87,16.9,11.68,12.54,11.13
3458000,11.66,16.91,11.9,12.68,11.25
3459000,11.45,16.94,12.01,12.78,11.61
3460000,11.73,17.34,12.16,12.72,11.64
3461000,12.1,16.99,12.45,12.89,11.46
3462000,12.68,16.89,12.29,12.88,11.21
3463000,12.85,16.97,12.42,12.77,11.14
3464000,12.4,16.62,12.88,13.04,11.22
3465000,12.68,16.38,12.98,13.39,11.24
3466000,12.64,16.7,12.91,13.47,11.37
3467000,12.79,16.62,12.91,13.64,11.52
3468000,12.74,16.95,12.97,13.89,11.59
3469000,13.27,17.18,13.16,13.8,11.69
3470000,13.8,17.28,13.0,14.35,11.82
3471000,13.87,17.52,12.95,14.47,11.93
3472000,14.12,17.21,12.51,14.73,12.41
3473000,14.13,17.55,12.36,14.76,12.4
3474000,14.04,17.56,12.1,14.84,12.29
3475000,14.39,17.23,11.83,14.68,12.18
3476000,14.17,17.17,11.72,14.93,12.28
3477000,14.19,17.49,12.03,15.57,12.05
3478000,14.47,16.77,11.79,15.26,12.23
3479000,14.51,16.34,12.03,15.4,11.94
3480000,14.32,16.29,12.11,15.61,11.95
3481000,13.76,15.9,12.11,15.6,11.97
3482000,13.9,15.88,11.97,15.9,12.14
3483000,13.92,15.92,11.67,15.98,11.79
3484000,13.87,15.53,11.74,15.91,12.01
3485000,13.99,15.69,11.61,15.85,12.09
3486000,14.3,15.57,11.21,16.24,12.19
3487000,14.37,15.91,11.16,16.4,11.87
3488000,14.24,15.86,11.05,16.48,11.52
3489000,14.75,16.11,11.4,16.02,11.59
3490000,14.82,16.17,11.41,16.21,11.7
3491000,15.03,16.07,11.25,16.28,12.08
3492000,15.34,16.06,11.21,16.5,11.58
3493000,15.47,15.99,11.41,15.96,11.56
3494000,15.78,15.57,11.43,15.68,11.97
3495000,15.96,15.62,11.23,15.91,12.03
3496000,16.05,15.58,11.43,16.13,12.18
3497000,16.42,15.66,11.3,16.23,12.3
3498000,16.69,15.03,10.83,15.87,12.5
3499000,16.4,14.73,10.41,16.26,12.83
3500000,16.77,15.3,10.1,15.7,12.77
3501000,16.99,15.52,10.27,15.78,12.61
3502000,17.46,15.24,10.48,15.69,12.46
3503000,17.6,15.52,10.64,15.89,11.76
3504000,17.7,15.9,10.83,15.91,11.67
3505000,17.25,15.38,10.98,15.44,11.67
3506000,17.02,15.62,10.93,15.66,12.02
3507000,16.99,15.63,11.23,15.54,12.17
3508000,17.13,15.44,11.21,15.89,12.26
3509000,16.77,15.75,11.06,15.97,12.51
3510000,16.88,16.18,11.28,15.45,12.74
3511000,16.67,16.42,11.28,15.83,12.96
3512000,16.91,16.27,11.24,15.58,12.71
3513000,15.96,16.58,11.66,14.91,12.83
3514000,16.41,16.33,11.56,14.57,12.75
3515000,15.96,15.91,11.6,14.35,12.91
3516000,15.61,16.48,11.48,14.53,12.98
3517000,15.87,16.97,12.09,14.49,12.89
3518000,15.62,17.17,12.18,14.14,12.85
3519000,15.37,17.16,12.17,14.15,12.91
3520000,15.13,17.56,12.22,14.17,12.5
3521000,15.62,17.45,12.24,14.22,12.84
3522000,16.01,17.71,12.19,14.41,12.89
3523000,15.99,18.02,11.81,14.17,12.71
3524000,15.52,18.31,11.74,14.04,12.45
3525000,15.71,18.44,11.6,13.78,12.52
3526000,15.65,18.47,11.42,13.61,12.37
3527000,15.23,18.77,11.26,12.75,12.45
3528000,15.24,18.76,11.55,12.8,12.25
3529000,15.43,18.99,11.19,13.07,12.18
3530000,15.01,19.15,10.92,13.26,12.13
3531000,15.26,19.45,11.23,12.74,12.54
3532000,15.06,19.5,11.24,12.44,12.09
3533000,14.97,19.68,11.5,12.45,12.07
3534000,14.99,19.66,11.55,12.14,11.88
3535000,15.51,20.11,11.51,12.3,12.25
3536000,15.89,19.5,11.6,12.35,12.37
3537000,15.56,19.71,11.54,12.12,12.54
3538000,15.72,19.87,11.69,12.1,12.66
3539000,15.89,19.62,11.92,12.1,13.07
3540000,15.31,19.69,11.98,12.51,13.01
3541000,14.76,19.96,12.13,12.52,12.73
3542000,14.55,19.97,12.0,12.86,13.0
3543000,14.65,19.61,12.33,12.67,13.07
3544000,14.71,19.87,12.14,12.7,13.01
3545000,14.95,20.4,12.11,11.98,12.54
3546000,14.57,20.3,12.32,11.83,12.35
3547000,14.63,19.89,12.46,12.22,12.55
3548000,14.68,20.09,12.05,12.52,12.09
3549000,14.34,20.15,11.9,12.57,12.19
3550000,14.11,19.99,11.93,12.41,11.97
3551000,14.05,19.65,11.74,12.33,11.89
3552000,13.66,19.64,11.15,12.5,12.37
3553000,13.95,18.34,11.29,12.83,12.33
3554000,13.84,18.07,11.3,12.67,12.12
3555000,14.11,17.78,11.63,12.73,12.08
3556000,13.59,17.83,12.22,12.52,12.46
3557000,13.29,17.9,12.44,12.32,12.81
3558000,13.42,17.26,12.53,12.77,12.81
3559000,13.67,17.12,12.58,12.25,12.89
3560000,14.13,17.19,12.43,12.87,13.08
3561000,14.2,16.97,12.51,12.65,12.88
3562000,14.07,16.97,12.61,12.87,13.38
3563000,14.16,16.7,12.61,12.95,13.24
3564000,14.3,16.4,12.74,13.2,13.06
3565000,14.9,16.38,12.83,13.01,12.99
3566000,14.56,16.32,13.02,13.21,12.6
3567000,14.32,16.33,12.8,13.41,12.52
3568000,14.55,15.61,12.71,13.79,12.91
3569000,14.56,15.65,12.7,13.75,12.98
3570000,14.53,16.08,12.78,14.08,12.71
3571000,14.77,15.61,12.78,14.36,13.01
3572000,14.9,15.48,12.75,14.52,13.05
3573000,14.93,15.34,12.82,14.84,12.81
3574000,14.89,15.58,12.93,14.51,12.73
3575000,14.43,15.27,12.55,14.56,12.91
3576000,14.06,14.93,12.71,14.82,12.82
3577000,14.39,15.29,12.91,14.77,12.73
3578000,14.37,15.42,12.88,14.21,12.74
3579000,14.56,14.92,12.56,14.36,12.62
3580000,14.74,14.83,12.64,14.46,12.6
3581000,14.93,14.01,12.65,14.27,12.72
3582000,15.11,13.85,13.14,14.39,12.53
3583000,15.15,14.23,12.93,14.77,12.8
3584000,14.87,13.67,12.69,14.67,12.83
3585000,15.03,14.2,12.69,14.42,12.99
3586000,15.18,14.39,12.77,14.68,12.78
3587000,15.35,14.98,12.76,15.12,12.71
3588000,15.28,14.87,12.88,15.14,12.93
3589000,15.47,15.39,13.24,15.42,12.84
3590000,15.66,15.28,13.17,15.33,12.86
3591000,15.54,15.32,13.28,15.39,12.9
3592000,15.73,15.97,13.18,14.95,12.82
3593000,15.76,16.17,12.7,15.0,12.68
3594000,15.88,16.13,12.8,15.44,12.89
3595000,16.09,16.55,12.95,15.25,12.94
3596000,16.51,16.21,13.16,15.84,13.25
3597000,16.86,16.26,13.44,15.69,13.11
3598000,16.46,16.32,13.8,15.62,12.83
3599000,16.55,16.33,13.17,16.32,12.72
3600000,16.61,16.53,13.43,16.13,12.77
3601000,16.6,16.77,13.71,16.24,13.1
3602000,16.29,16.76,13.4,16.32,13.13
3603000,16.35,16.78,13.14,15.99,13.19
3604000,16.14,17.06,13.34,15.95,12.97
3605000,15.41,17.13,13.51,15.46,12.97
3606000,15.27,17.17,13.8,15.09,13.42
3607000,14.99,17.35,14.2,14.91,13.07
3608000,15.06,17.51,13.66,14.81,12.94
3609000,14.71,17.35,14.01,13.79,12.68
3610000,14.42,17.74,13.93,13.78,12.86
3611000,14.11,18.2,14.02,13.89,13.28
3612000,14.2,18.3,13.84,14.08,13.32
3613000,14.46,17.83,14.31,14.17,13.52
3614000,14.82,17.69,14.31,14.15,13.37
3615000,14.8,18.05,14.34,14.43,13.57
3616000,14.8,17.78,14.48,14.1,13.5
3617000,15.21,18.16,14.07,13.69,13.84
3618000,15.07,18.19,14.26,14.03,13.87
3619000,14.79,18.26,13.9,14.37,14.2
3620000,14.72,18.15,13.22,14.46,14.72
3621000,14.77,18.56,13.64,14.45,14.41
3622000,14.7,18.44,13.94,14.3,14.55
3623000,14.94,18.31,14.01,14.19,14.77
3624000,15.41,18.39,13.98,14.43,14.92
3625000,15.35,18.54,13.7,14.56,15.05
3626000,15.22,18.68,13.71,13.95,15.29
3627000,15.5,18.91,13.36,14.26,15.26
3628000,15.6,18.92,13.6,13.87,15.41
3629000,15.49,19.09,13.0,14.4,15.21
3630000,15.65,19.36,13.23,14.19,15.73
3631000,15.82,18.65,13.12,14.22,15.31
3632000,15.59,18.6,12.49,14.24,15.87
3633000,15.46,18.73,12.54,14.77,15.83
3634000,15.59,19.28,12.71,14.46,15.76
3635000,14.53,18.69,13.14,14.35,15.48
3636000,15.05,19.15,13.4,13.69,15.46
3637000,15.09,19.01,13.22,14.05,15.93
3638000,15.28,18.63,12.99,14.2,16.06
3639000,15.33,18.92,13.33,13.95,16.41
3640000,15.1,18.67,13.5,13.84,16.66
3641000,15.48,18.77,13.68,13.89,16.77
3642000,15.66,18.99,13.85,14.09,16.96
3643000,15.73,19.33,13.64,14.65,17.31
3644000,16.16,19.06,13.96,14.4,17.34
3645000,16.24,19.12,13.56,14.29,17.67
3646000,16.44,18.98,13.65,14.44,17.48
3647000,16.58,19.32,13.58,14.75,17.55
3648000,17.08,19.44,13.27,15.01,17.84
3649000,17.03,18.93,13.45,14.21,17.44
3650000,17.17,18.74,13.19,13.84,17.22
3651000,17.12,18.88,13.37,13.62,17.52
3652000,17.4,19.09,13.14,13.92,18.09
3653000,17.38,19.0,13.03,14.09,17.37
3654000,17.17,19.21,13.04,14.08,17.86
3655000,17.02,18.86,13.26,14.39,17.78
3656000,17.2,18.88,13.06,14.37,17.62
3657000,17.39,18.98,13.36,14.2,17.93
3658000,16.66,18.9,13.13,14.05,17.63
3659000,16.44,19.24,13.15,14.03,17.41
3660000,16.49,19.18,13.23,14.25,17.63
3661000,16.64,19.82,13.18,14.09,17.88
3662000,16.81,19.92,13.41,13.94,17.57
3663000,16.77,19.94,13.43,14.43,17.58
3664000,16.53,20.03,13.37,14.22,17.69
3665000,16.39,19.89,13.35,14.05,17.16
3666000,16.1,19.53,13.75,14.08,16.66
3667000,15.6,19.49,13.49,13.4,16.43
3668000,15.85,19.73,13.28,13.58,16.56
3669000,15.28,19.44,12.77,13.1,16.31
3670000,15.2,19.9,12.17,12.99,16.77
3671000,15.63,20.0,12.54,12.75,15.77
3672000,15.38,20.38,12.27,12.78,15.66
3673000,15.51,20.36,12.35,12.61,15.41
3674000,15.68,20.71,11.85,12.87,15.25
3675000,16.46,20.29,11.58,13.45,15.2
3676000,16.8,19.93,11.31,13.33,15.42
3677000,16.56,20.05,11.39,13.42,15.37
3678000,16.57,19.96,11.61,13.63,15.17
3679000,16.53,20.18,11.91,13.08,15.44
3680000,16.77,19.86,11.9,13.19,15.81
3681000,16.87,20.39,11.88,13.36,15.0
3682000,17.0,19.92,12.14,12.95,15.03
3683000,16.71,19.92,12.21,13.19,14.91
3684000,16.95,20.22,12.15,13.19,14.79
3685000,16.6,20.39,12.07,13.64,14.48
3686000,16.41,20.64,12.27,13.73,14.72
3687000,16.87,20.23,12.4,13.23,14.57
3688000,17.09,19.76,12.27,13.14,14.96
3689000,16.89,20.45,12.61,13.47,14.08
3690000,16.5,20.49,12.52,13.41,14.59
3691000,16.43,20.63,12.8,13.38,14.05
3692000,16.96,20.31,12.7,13.47,13.49
3693000,17.12,20.53,12.73,13.73,12.97
3694000,16.7,19.9,12.86,13.8,12.86
3695000,16.92,20.1,12.87,14.31,13.08
3696000,17.16,20.38,13.03,14.35,13.15
3697000,16.79,20.46,13.49,13.82,13.42
3698000,16.59,20.09,13.48,13.79,13.77
3699000,16.43,19.81,13.58,13.6,13.59
3700000,16.8,20.27,13.69,13.31,13.36
3701000,17.01,20.1,14.15,13.45,13.13
3702000,17.2,19.73,13.99,13.67,13.03
3703000,16.96,19.87,14.25,14.12,13.28
3704000,16.44,19.7,14.4,14.16,12.79
3705000,16.67,20.07,14.57,14.42,12.8
3706000,16.15,19.07,14.62,14.57,13.2
3707000,16.21,18.72,14.82,14.78,13.08
3708000,16.56,18.54,15.04,15.34,13.13
3709000,16.25,18.48,15.39,15.28,13.09
3710000,16.49,18.78,15.41,15.56,12.92
3711000,16.42,18.66,15.42,15.6,12.9
3712000,15.87,18.84,15.22,15.64,11.98
3713000,15.78,18.91,15.05,16.15,11.63
3714000,15.83,19.27,14.52,16.13,11.52
3715000,14.83,18.43,14.59,15.68,11.13
3716000,14.98,18.28,14.99,15.9,10.9
3717000,15.08,18.37,15.36,15.8,10.94
3718000,14.86,18.72,15.26,15.92,10.76
3719000,14.47,18.81,15.05,16.33,10.29
3720000,14.14,18.89,15.34,16.51,10.64
3721000,14.33,19.03,15.46,16.44,10.82
3722000,13.82,19.13,15.57,16.68,11.01
3723000,13.95,19.23,15.5,16.7,11.27
3724000,14.23,19.48,15.56,16.88,11.52
3725000,14.15,18.85,15.85,16.83,11.56
3726000,14.21,18.98,16.05,17.07,11.55
3727000,14.19,18.92,16.09,16.82,10.89
3728000,14.66,18.94,16.12,16.96,10.22
3729000,14.48,18.98,16.16,17.15,10.21
3730000,14.29,18.88,16.49,17.66,10.52
3731000,14.35,18.31,16.2,18.01,10.54
3732000,14.29,18.19,16.23,17.89,11.01
3733000,14.51,18.06,16.35,17.74,10.82
3734000,14.42,17.72,15.96,17.84,11.05
3735000,14.85,17.73,15.78,17.92,11.32
3736000,14.97,18.02,16.03,18.01,11.45
3737000,15.02,17.69,16.35,18.1,11.66
3738000,14.53,17.65,16.45,17.67,11.13
3739000,14.35,17.54,16.32,17.94,11.57
3740000,14.43,17.72,16.26,18.04,11.88
3741000,14.58,17.7,16.28,18.44,12.15
3742000,14.78,17.79,15.98,18.8,12.09
3743000,15.18,17.73,16.07,18.58,12.24
3744000,15.67,17.75,16.02,18.85,12.1
3745000,15.36,17.66,16.3,18.07,12.12
3746000,15.67,18.08,16.52,18.2,12.22
3747000,15.58,18.47,16.44,18.14,11.94
3748000,15.98,18.25,16.73,18.41,12.17
3749000,16.25,18.7,16.91,18.03,12.72
3750000,15.79,18.83,16.48,17.41,12.61
3751000,15.5,19.0,16.48,17.41,13.05
3752000,15.58,19.27,16.76,17.57,13.11
3753000,15.81,19.64,16.82,17.17,13.07
3754000,16.1,20.03,16.78,16.62,13.62
3755000,16.15,20.07,16.92,16.66,13.34
3756000,16.05,19.65,17.2,17.11,13.33
3757000,16.23,19.86,17.52,17.22,13.11
3758000,15.57,20.02,17.74,17.13,12.83
3759000,15.97,19.83,17.64,16.96,12.59
3760000,15.99,19.97,18.09,16.96,12.78
3761000,16.35,20.19,18.14,17.11,12.75
3762000,16.82,20.57,18.09,17.4,12.59
3763000,17.05,20.62,17.77,17.26,12.78
3764000,17.24,20.09,17.16,17.3,12.69
3765000,17.17,20.34,17.41,17.66,12.49
3766000,17.15,20.66,17.24,17.46,12.73
3767000,16.83,20.56,16.74,17.43,12.82
3768000,16.79,20.52,16.3,17.17,13.13
3769000,17.05,20.85,15.8,17.38,13.24
3770000,17.28,20.99,15.96,17.23,13.09
3771000,17.23,21.31,16.06,16.9,12.93
3772000,16.73,21.17,16.08,16.83,13.32
3773000,16.46,21.46,16.39,17.18,13.33
3774000,16.75,21.52,16.07,17.11,13.77
3775000,16.58,21.38,16.08,16.96,13.8
3776000,16.43,21.65,16.13,16.42,13.97
3777000,15.88,21.5,16.28,16.38,13.92
3778000,15.49,21.09,15.9,16.39,13.89
3779000,15.63,20.8,15.17,16.35,13.72
3780000,15.76,21.38,15.38,16.07,13.71
3781000,16.25,21.84,15.26,15.95,13.86
3782000,15.93,22.22,15.37,15.96,14.2
3783000,15.98,22.59,15.48,16.09,14.18
3784000,16.19,22.58,15.92,16.43,14.08
3785000,15.71,22.52,15.62,16.17,14.43
3786000,16.13,21.86,15.35,16.5,13.77
3787000,16.19,22.67,15.02,17.04,14.05
3788000,16.32,22.75,14.77,16.86,14.48
3789000,16.13,22.99,14.78,16.86,14.8
3790000,16.33,23.27,14.98,16.86,14.57
3791000,16.25,23.55,15.2,17.28,14.79
3792000,16.97,23.06,15.4,17.28,14.35
3793000,17.01,23.25,15.6,17.16,14.69
3794000,17.39,23.14,15.82,17.41,14.64
3795000,17.44,22.03,15.5,17.52,14.84
3796000,17.2,21.97,15.8,17.5,15.14
3797000,17.04,22.36,15.58,17.63,15.21
3798000,16.7,22.04,15.57,16.97,15.43
3799000,16.81,21.83,16.16,17.26,15.25
3800000,17.16,22.16,16.27,17.24,15.63
3801000,17.24,22.47,15.55,17.04,15.62
3802000,17.38,22.46,15.9,16.77,15.68
3803000,17.11,22.53,15.89,16.86,16.1
3804000,16.88,22.06,16.13,16.24,16.22
3805000,16.69,22.26,16.44,16.29,16.38
3806000,16.16,22.23,16.49,16.25,15.85
3807000,16.35,22.86,16.35,16.25,15.84
3808000,16.27,22.65,16.38,16.53,15.77
3809000,16.66,23.25,16.95,16.42,15.65
3810000,16.57,23.31,17.36,16.26,15.93
3811000,16.48,23.62,17.49,16.72,15.97
3812000,16.13,23.56,17.67,15.77,15.63
3813000,16.43,23.39,17.77,15.99,15.83
3814000,16.56,23.28,17.92,16.48,15.53
3815000,16.2,23.19,17.29,16.25,15.21
3816000,16.45,22.89,17.15,16.68,15.04
3817000,16.39,22.56,17.55,17.03,15.23
3818000,16.55,22.51,17.65,17.05,15.47
3819000,16.57,23.13,17.99,16.68,15.59
3820000,16.81,23.23,18.22,16.7,15.51
3821000,17.0,22.57,18.3,16.6,15.22
3822000,17.18,22.79,18.42,16.71,15.1
3823000,16.76,22.7,18.69,16.51,15.56
3824000,16.71,22.6,18.95,16.66,15.66
3825000,16.84,22.79,19.09,16.42,15.44
3826000,16.19,22.01,18.82,16.15,15.64
3827000,15.47,22.21,18.96,16.04,15.97
3828000,15.23,22.45,19.44,16.39,15.45
3829000,15.16,22.74,19.38,16.9,15.38
3830000,14.62,22.82,19.12,16.89,15.44
3831000,14.84,22.56,19.63,16.7,15.66
3832000,15.25,22.29,19.39,16.64,15.75
3833000,15.23,21.64,19.19,16.98,16.13
3834000,15.21,21.81,18.57,17.1,16.27
3835000,15.12,21.54,18.39,17.18,15.95
3836000,15.37,21.95,18.71,17.52,15.91
3837000,15.44,21.43,18.4,17.47,15.66
3838000,15.82,21.32,18.91,17.52,16.03
3839000,15.79,21.59,19.06,17.19,16.07
3840000,15.38,21.77,19.2,17.03,16.2
3841000,15.55,21.51,19.33,16.78,16.3
3842000,16.02,21.44,18.87,16.59,16.14
3843000,16.25,21.68,18.82,16.41,16.06
3844000,16.21,21.57,18.52,16.64,15.83
3845000,16.13,21.71,18.45,16.62,15.98
3846000,16.32,21.61,18.55,16.75,15.58
3847000,16.74,21.92,18.09,16.82,16.35
3848000,17.06,22.41,18.1,16.6,16.58
3849000,16.56,22.39,18.39,16.54,16.8
3850000,16.42,22.55,18.29,16.48,16.75
3851000,16.68,22.52,18.29,15.97,17.13
3852000,16.95,21.57,17.78,16.27,16.88
3853000,16.97,21.58,17.57,16.22,16.59
3854000,16.92,21.81,17.93,16.08,17.15
3855000,16.53,21.56,18.09,16.21,17.22
3856000,16.86,21.42,17.09,16.0,17.21
3857000,17.17,20.55,17.28,15.33,17.05
3858000,17.41,20.56,17.31,15.4,17.49
3859000,17.18,20.75,17.14,15.98,17.12
3860000,17.34,20.4,16.81,16.43,17.23
3861000,17.15,20.61,16.89,16.36,16.97
3862000,17.7,21.03,16.87,16.65,17.43
3863000,17.44,21.34,16.87,16.46,17.26
3864000,16.61,21.21,16.24,15.93,17.38
3865000,17.1,21.03,16.58,16.08,17.39
3866000,17.26,21.47,16.99,16.4,17.77
3867000,17.33,21.65,17.12,16.48,17.62
3868000,17.73,21.99,17.54,15.52,17.73
3869000,17.98,20.85,17.37,15.79,18.1
3870000,17.92,21.05,16.89,16.13,17.83
3871000,18.21,20.9,17.14,15.63,17.96
3872000,18.49,21.0,17.53,15.54,17.99
3873000,18.53,20.93,17.33,15.09,17.9
3874000,18.69,21.12,16.77,15.08,16.98
3875000,18.85,21.59,16.95,15.42,16.68
3876000,18.88,20.91,17.21,15.59,16.67
3877000,18.27,21.02,17.82,15.28,16.82
3878000,18.05,20.86,18.22,15.33,16.91
3879000,18.32,21.41,17.8,15.48,16.82
3880000,18.07,21.53,17.41,15.67,16.98
3881000,18.34,21.79,17.24,16.09,16.58
3882000,17.92,21.99,17.45,16.65,16.57
3883000,18.03,22.36,17.29,16.44,16.42
3884000,18.31,22.49,17.41,16.72,16.19
3885000,18.62,22.1,17.32,16.84,16.54
3886000,18.56,22.21,17.44,17.02,16.16
3887000,18.01,22.07,17.54,16.76,16.04
3888000,18.16,22.0,17.72,16.96,15.73
3889000,18.33,21.92,17.71,17.11,16.25
3890000,18.34,21.96,17.99,17.23,15.97
3891000,18.19,22.21,17.99,17.24,15.54
3892000,18.19,22.0,18.48,17.35,15.75
3893000,18.2,22.31,18.42,17.68,15.81
3894000,18.18,22.09,18.23,17.86,15.88
3895000,18.1,22.61,17.94,17.66,16.11
3896000,18.44,22.65,17.94,18.04,16.39
3897000,18.52,22.58,18.37,18.25,16.0
3898000,18.08,22.48,18.76,18.31,16.17
3899000,18.08,21.8,18.99,18.01,16.41
3900000,17.66,21.8,18.99,17.89,16.8
3901000,16.6,22.16,18.75,18.12,16.04
3902000,16.95,22.9,19.08,18.32,15.9
3903000,17.32,22.79,19.42,18.1,15.69
3904000,17.38,22.72,19.51,17.81,15.27
3905000,17.41,22.85,19.72,17.93,15.28
3906000,17.3,23.25,19.45,18.15,15.35
3907000,17.39,23.5,19.7,17.93,15.41
3908000,17.62,23.75,19.83,18.05,15.74
3909000,17.94,23.6,19.79,18.3,15.93
3910000,18.31,23.64,19.73,17.73,15.7
3911000,18.07,23.54,19.89,17.8,15.59
3912000,18.41,23.49,20.0,17.99,15.89
3913000,18.71,22.71,19.16,18.24,16.24
3914000,18.8,22.98,18.61,17.94,16.58
3915000,18.87,23.13,19.09,17.8,16.67
3916000,18.58,23.28,19.5,18.01,16.56
3917000,18.28,22.62,19.35,18.83,16.92
3918000,18.29,22.56,19.53,18.67,17.09
3919000,18.55,23.08,19.44,19.24,16.96
3920000,18.17,23.23,19.37,19.04,17.39
3921000,18.59,22.92,19.4,18.77,17.27
3922000,18.61,22.94,19.63,19.11,17.21
3923000,18.55,22.09,19.76,19.3,17.88
3924000,18.78,21.63,19.79,19.91,17.67
3925000,18.59,22.33,19.34,19.5,18.15
3926000,18.27,22.44,19.54,19.42,18.17
3927000,18.4,22.63,19.3,19.75,17.76
3928000,18.35,22.65,19.52,19.13,17.86
3929000,18.28,22.35,19.54,19.48,17.99
3930000,17.9,22.49,19.61,19.71,18.39
3931000,17.72,22.64,19.72,19.54,18.62
3932000,17.73,22.44,19.66,19.26,17.89
3933000,18.09,22.71,19.56,19.03,17.98
3934000,18.16,22.65,19.57,18.54,18.25
3935000,18.25,23.12,19.37,18.57,17.45
3936000,17.85,22.99,18.8,18.71,17.22
3937000,17.85,23.19,18.45,18.55,17.32
3938000,17.67,23.11,18.57,18.44,17.56
3939000,16.86,22.97,18.88,18.89,17.27
3940000,16.75,22.39,18.82,17.85,16.99
3941000,17.39,22.4,19.1,18.1,16.78
3942000,17.74,22.56,19.21,18.28,16.67
3943000,17.64,22.68,18.69,18.42,16.74
3944000,17.78,23.08,18.63,18.56,16.88
3945000,18.07,22.85,18.27,18.03,16.86
3946000,17.6,23.12,18.61,17.38,16.6
3947000,17.14,22.72,18.36,17.12,16.64
3948000,16.98,22.26,18.2,17.02,16.35
3949000,17.25,22.67,18.02,17.44,16.08
3950000,17.02,22.89,18.02,17.6,15.62
3951000,16.23,23.4,18.23,17.69,15.64
3952000,16.29,23.33,18.05,18.07,15.14
3953000,16.13,22.88,18.47,17.8,15.42
3954000,15.36,22.32,17.97,18.13,15.69
3955000,15.26,22.68,18.32,17.81,15.59
3956000,15.54,22.71,18.02,17.86,15.68
3957000,16.06,22.99,18.28,17.89,14.99
3958000,16.28,23.03,18.27,17.08,14.75
3959000,16.21,22.92,18.71,16.61,14.68
3960000,16.31,22.9,19.09,16.68,14.27
3961000,16.4,23.47,18.98,16.64,14.32
3962000,16.09,23.15,18.69,16.61,14.25
3963000,16.19,22.46,18.74,16.64,14.24
3964000,16.42,22.42,18.62,15.99,14.41
3965000,16.14,22.22,18.59,16.53,14.64
3966000,16.11,22.61,18.61,16.14,14.53
3967000,16.43,22.93,18.62,16.47,14.35
3968000,16.44,23.15,18.27,16.24,13.9
3969000,16.36,23.39,18.6,15.84,13.87
3970000,16.4,23.05,18.92,15.78,14.36
3971000,16.49,23.29,18.7,16.05,14.13
3972000,16.67,23.44,19.02,16.09,14.14
3973000,16.58,23.49,18.7,16.17,14.18
3974000,16.17,23.62,18.57,15.8,14.31
3975000,15.84,23.78,18.55,16.16,13.94
3976000,15.77,23.85,18.68,16.31,14.34
3977000,16.19,23.75,18.7,16.42,14.13
3978000,16.3,24.07,19.01,16.25,14.03
3979000,16.44,24.21,18.89,16.2,14.17
3980000,16.26,24.47,18.81,16.3,14.16
3981000,16.14,24.75,19.28,16.54,14.55
3982000,15.42,24.88,19.35,16.78,14.79
3983000,15.27,24.84,19.87,16.41,15.06
3984000,15.33,24.78,19.95,16.46,15.3
3985000,15.73,24.63,19.58,16.68,15.32
3986000,15.83,24.54,19.33,16.72,15.38
3987000,16.08,24.33,19.1,17.06,15.25
3988000,15.87,24.5,18.81,17.43,15.6
3989000,16.07,24.82,18.99,17.31,15.5
3990000,16.02,24.85,18.57,17.29,15.99
3991000,15.55,25.29,18.62,17.07,16.15
3992000,15.63,25.35,18.94,17.11,15.97
3993000,15.78,25.63,18.87,16.32,16.19
3994000,15.38,25.72,19.07,16.08,16.13
3995000,15.64,26.11,19.2,16.2,15.85
3996000,16.04,26.11,19.0,15.93,15.97
3997000,16.05,25.52,19.21,15.67,15.82
3998000,15.72,25.19,18.87,15.49,15.75
3999000,15.14,25.13,18.65,15.12,15.66
4000000,15.29,24.97,18.84,15.41,15.73
4001000,15.75,25.2,17.86,15.3,15.82
4002000,15.43,25.66,18.12,15.36,15.67
4003000,15.64,25.66,18.21,14.65,15.67
4004000,15.65,26.37,17.8,14.78,15.9
4005000,15.52,25.96,18.02,15.3,16.16
4006000,15.81,25.93,17.74,15.42,15.41
4007000,15.82,25.42,17.65,15.74,15.13
4008000,16.15,25.91,17.47,16.29,15.48
4009000,16.0,25.96,17.92,16.23,15.19
4010000,16.07,26.09,17.58,16.49,15.35
4011000,16.23,26.01,17.79,16.58,15.4
4012000,16.42,25.33,17.96,16.92,15.5
4013000,16.72,25.46,17.88,16.92,15.66
4014000,16.76,25.7,18.14,17.07,15.65
4015000,16.52,25.84,17.78,16.88,15.78
4016000,16.0,25.26,17.45,17.46,15.57
4017000,16.15,25.92,18.01,17.69,16.03
4018000,16.11,25.85,17.64,17.88,15.76
4019000,15.98,26.29,17.17,17.51,16.14
4020000,16.11,26.69,17.48,17.86,16.34
4021000,16.19,26.99,16.99,17.9,16.72
4022000,16.17,27.36,17.23,17.89,16.19
4023000,16.62,27.64,17.22,17.65,15.66
4024000,16.99,27.21,16.64,18.05,15.46
4025000,17.24,27.37,16.83,18.16,15.72
4026000,17.39,26.6,16.4,17.92,15.73
4027000,17.39,26.72,16.63,17.96,15.71
4028000,17.46,26.26,16.36,18.16,15.61
4029000,17.5,25.91,16.47,17.81,15.89
4030000,17.5,26.24,16.92,17.64,15.55
4031000,17.6,26.49,16.95,17.77,15.71
4032000,17.64,26.46,17.06,17.62,15.91
4033000,17.85,26.67,17.4,17.17,15.33
4034000,18.03,26.46,16.51,16.99,15.77
4035000,18.16,26.81,16.8,17.1,16.09
4036000,18.69,26.55,16.77,16.98,15.87
4037000,18.9,25.98,17.35,17.34,16.04
4038000,18.52,25.15,16.95,17.92,16.29
4039000,18.76,25.04,17.26,18.15,16.45
4040000,18.38,24.82,16.85,18.31,16.27
4041000,18.72,24.92,17.1,18.18,16.05
4042000,18.8,24.54,16.93,18.31,16.21
4043000,18.83,24.09,17.13,17.84,16.45
4044000,19.23,23.18,17.81,18.34,16.71
4045000,19.4,23.15,18.21,18.31,16.75
4046000,19.09,23.2,18.29,18.31,16.66
4047000,18.98,22.85,18.44,17.77,16.94
4048000,19.08,23.21,18.18,17.62,17.25
4049000,18.36,23.35,18.01,17.55,17.85
4050000,18.11,23.95,17.96,17.44,17.45
4051000,18.26,22.7,16.81,17.36,17.72
4052000,18.14,21.74,17.15,17.59,17.85
4053000,17.81,21.5,17.27,17.74,18.19
4054000,17.86,21.59,17.12,17.88,18.77
4055000,17.8,22.09,17.32,17.4,18.72
4056000,17.92,22.1,16.9,17.39,18.98
4057000,17.4,21.97,16.77,17.74,18.75
4058000,17.61,22.13,17.11,18.0,19.1
4059000,18.07,22.19,16.79,18.16,18.89
4060000,18.29,22.28,16.87,17.68,19.16
4061000,17.7,22.21,16.9,17.68,18.78
4062000,17.9,22.39,16.74,17.44,18.49
4063000,18.02,22.23,17.12,17.26,18.19
4064000,18.5,22.27,17.16,17.77,18.52
4065000,18.6,22.37,17.07,17.66,18.29
4066000,18.96,22.42,17.14,18.03,18.96
4067000,19.19,22.44,17.78,18.2,18.61
4068000,19.05,22.31,18.46,18.1,18.84
4069000,18.54,22.41,18.07,17.99,18.78
4070000,18.44,22.67,18.16,17.83,19.25
4071000,18.86,21.86,18.35,17.73,19.38
4072000,18.79,22.31,18.47,18.09,19.22
4073000,18.99,22.15,18.77,18.39,19.05
4074000,19.09,22.3,18.82,18.23,19.0
4075000,18.83,22.78,18.92,18.5,19.1
4076000,19.27,23.09,18.26,18.54,19.05
4077000,19.42,23.06,18.46,18.5,18.6
4078000,19.25,23.22,18.56,18.69,18.92
4079000,19.24,22.68,18.42,19.09,19.12
4080000,18.92,23.05,18.52,19.22,19.17
4081000,19.36,22.58,18.24,19.33,19.34
4082000,19.32,22.62,18.22,19.54,19.04
4083000,19.34,22.09,18.44,19.69,19.35
4084000,19.23,22.36,18.62,19.95,19.53
4085000,19.38,22.39,18.49,19.8,19.93
4086000,18.46,22.41,18.7,20.0,19.7
4087000,18.69,22.98,19.43,20.15,20.1
4088000,18.43,22.88,18.74,20.35,19.95
4089000,18.34,23.09,18.82,19.88,19.59
4090000,18.84,23.37,18.75,19.64,19.36
4091000,18.64,23.39,19.01,19.86,19.33
4092000,19.09,23.36,18.71,19.53,19.14
4093000,19.08,23.52,19.08,19.59,18.62
4094000,19.46,23.66,19.32,19.98,17.56
4095000,19.46,23.79,19.38,19.79,17.33
4096000,19.99,24.2,19.6,18.22,17.61
4097000,20.08,24.48,19.65,17.91,17.78
4098000,20.14,24.47,20.3,17.91,17.59
4099000,20.47,24.82,20.17,17.69,17.74
4100000,20.38,23.91,20.09,18.15,16.95
4101000,20.02,24.23,19.61,17.31,17.33
4102000,20.13,24.58,19.39,17.11,16.98
4103000,20.3,24.18,19.17,17.36,17.26
4104000,20.22,24.54,19.23,17.39,17.0
4105000,20.09,24.74,19.46,16.47,17.12
4106000,20.22,25.05,19.74,16.32,17.09
4107000,20.3,25.35,19.27,16.16,17.07
4108000,21.24,25.8,19.2,16.24,17.25
4109000,20.77,25.86,18.9,16.59,17.52
4110000,21.17,25.42,19.08,16.67,17.64
4111000,20.93,25.48,19.24,16.47,16.82
4112000,20.19,25.76,19.17,16.94,16.87
4113000,19.8,25.6,19.32,16.54,17.39
4114000,20.09,25.24,18.64,16.59,17.56
4115000,20.33,24.45,18.96,16.44,17.67
4116000,19.42,23.47,18.89,16.33,17.53
4117000,18.9,23.89,18.6,16.4,17.16
4118000,18.33,23.51,18.44,16.79,17.04
4119000,18.27,23.87,18.7,17.16,17.58
4120000,17.97,23.46,18.4,17.24,16.61
4121000,18.09,22.85,18.75,17.09,16.43
4122000,18.27,23.01,19.03,16.76,16.71
4123000,17.93,22.95,18.94,16.72,16.71
4124000,17.8,22.68,19.29,16.68,16.45
4125000,17.8,22.81,19.66,17.07,16.27
4126000,17.92,22.72,19.79,16.08,16.68
4127000,18.0,22.58,20.06,16.29,16.52
4128000,18.02,23.07,20.3,16.48,16.27
4129000,18.08,23.17,20.15,16.6,16.36
4130000,18.38,23.19,20.21,17.17,16.59
4131000,18.47,23.46,20.26,17.51,16.59
4132000,18.88,23.7,20.39,17.8,17.15
4133000,18.44,24.09,20.12,17.66,17.73
4134000,18.5,24.69,20.17,17.72,17.85
4135000,18.28,24.21,19.99,18.11,18.33
4136000,17.95,24.31,20.29,18.49,18.57
4137000,17.59,24.16,20.13,18.85,18.86
4138000,17.33,24.54,20.3,18.99,19.3
4139000,16.74,24.98,20.49,18.61,19.59
4140000,16.62,24.33,20.74,18.8,19.64
4141000,16.86,24.36,20.85,18.83,20.12
4142000,16.64,24.6,20.83,19.45,19.84
4143000,16.85,23.74,20.67,19.83,19.89
4144000,16.95,24.03,20.81,20.12,19.75
4145000,17.15,24.03,20.8,19.82,19.7
4146000,17.49,24.37,21.1,19.18,20.1
4147000,17.51,24.59,20.99,18.86,20.65
4148000,17.78,24.67,21.01,19.19,21.3
4149000,17.23,24.78,20.88,19.33,20.85
4150000,17.11,24.3,21.37,19.28,20.45
4151000,17.33,23.85,21.55,19.44,20.38
4152000,17.28,24.21,21.91,19.11,20.42
4153000,17.61,24.67,22.1,19.49,20.73
4154000,17.79,25.38,22.32,19.2,21.0
4155000,17.85,25.63,22.17,18.82,20.33
4156000,17.8,25.77,21.83,19.1,20.49
4157000,17.87,25.37,22.35,19.44,19.77
4158000,17.86,25.13,22.52,19.14,20.27
4159000,18.15,25.67,22.7,19.21,20.58
4160000,18.44,26.01,22.67,19.04,20.25
4161000,17.92,24.77,22.2,19.14,20.19
4162000,18.38,24.8,21.9,19.29,19.69
4163000,18.38,24.44,22.06,19.45,20.12
4164000,18.59,24.55,22.37,18.96,20.61
4165000,18.69,24.29,22.59,18.58,20.67
4166000,18.51,24.46,22.51,18.69,20.77
4167000,18.47,24.45,22.6,19.09,20.44
4168000,18.66,24.84,22.72,19.34,20.42
4169000,19.25,25.26,22.9,18.95,21.03
4170000,19.57,25.17,22.56,18.61,20.8
4171000,19.53,25.27,22.82,18.32,20.76
4172000,19.94,24.85,22.76,18.81,20.75
4173000,20.08,25.1,22.69,18.84,20.93
4174000,19.84,25.18,22.99,17.64,20.92
4175000,19.97,25.35,23.24,17.82,20.94
4176000,19.69,25.33,22.64,17.44,20.85
4177000,19.4,25.25,22.85,17.48,21.19
4178000,19.21,25.47,22.79,17.84,21.06
4179000,18.89,25.49,21.79,17.81,21.19
4180000,18.25,25.29,21.92,17.7,19.95
4181000,18.66,25.15,21.89,17.03,19.98
4182000,18.87,24.85,22.16,17.32,19.35
4183000,18.93,24.74,22.38,16.93,19.33
4184000,18.69,24.55,22.07,17.22,18.95
4185000,18.78,24.23,22.22,16.53,18.62
4186000,18.81,24.31,22.36,16.56,18.24
4187000,18.79,24.38,22.05,16.9,18.23
4188000,18.4,24.52,22.01,16.96,17.75
4189000,17.99,24.54,21.95,17.38,16.69
4190000,17.09,24.8,21.24,17.5,16.6
4191000,17.52,25.06,21.32,17.52,17.31
4192000,17.83,24.92,20.6,17.24,17.35
4193000,18.0,24.94,20.49,17.18,17.65
4194000,17.52,24.59,20.66,17.26,17.15
4195000,17.51,24.62,20.47,17.91,17.46
4196000,17.41,24.57,19.98,17.45,17.28
4197000,17.58,24.06,19.8,17.69,17.47
4198000,17.64,24.38,20.01,17.69,17.59
4199000,17.56,23.94,20.11,17.23,17.86
4200000,17.63,23.74,20.1,17.33,18.09
4201000,17.6,23.78,20.22,17.15,18.02
4202000,17.18,23.71,20.11,17.28,18.0
4203000,17.25,23.79,19.9,17.41,17.9
4204000,17.4,23.58,19.61,17.7,18.17
4205000,17.56,23.12,19.66,17.6,18.21
4206000,17.54,22.68,20.23,17.79,18.32
4207000,17.38,22.3,20.24,17.7,18.4
4208000,17.12,22.59,20.55,17.64,18.2
4209000,16.87,22.23,20.86,17.14,18.19
4210000,17.1,22.04,20.99,17.23,18.13
4211000,16.53,22.57,20.3,17.4,18.69
4212000,16.5,22.39,20.31,17.13,18.35
4213000,16.06,22.65,20.16,17.4,18.22
4214000,15.95,23.13,19.88,17.67,18.66
4215000,16.19,22.85,20.21,16.98,18.64
4216000,16.75,22.41,19.88,17.25,18.57
4217000,16.99,22.97,19.75,17.06,18.61
4218000,17.32,23.07,19.44,17.05,19.01
4219000,17.08,22.04,19.26,17.08,18.96
4220000,16.59,22.77,18.87,16.74,18.89
4221000,17.02,23.03,19.24,16.45,19.06
4222000,17.21,22.67,19.04,16.68,19.18
4223000,17.37,22.96,19.23,16.9,18.99
4224000,16.99,23.31,19.21,16.62,19.27
4225000,17.0,23.25,19.67,16.65,19.37
4226000,17.19,23.11,19.9,16.76,19.32
4227000,17.4,23.02,19.95,16.61,19.27
4228000,17.02,22.87,19.93,17.08,18.69
4229000,17.2,23.52,19.32,17.26,18.67
4230000,17.09,23.63,19.57,17.62,18.98
4231000,16.92,23.2,19.5,17.43,18.7
4232000,17.37,23.22,19.7,17.53,18.96
4233000,17.85,23.24,19.25,17.01,19.31
4234000,18.28,23.59,19.28,16.37,19.38
4235000,17.49,23.55,19.19,16.12,19.23
4236000,17.28,23.87,19.45,15.55,19.67
4237000,17.26,23.59,19.47,15.97,19.32
4238000,17.98,23.4,20.24,15.12,19.38
4239000,17.84,23.65,20.19,14.93,18.94
4240000,17.46,23.33,20.85,14.76,17.97
4241000,17.09,23.42,20.76,14.07,18.22
4242000,17.34,23.28,20.79,13.67,18.61
4243000,17.08,23.5,20.67,13.02,19.06
4244000,17.43,23.24,20.89,12.72,19.16
4245000,17.92,23.55,21.18,12.71,18.89
4246000,18.0,23.8,21.33,12.83,18.72
4247000,17.96,24.25,21.14,12.69,19.29
4248000,18.06,24.43,20.84,12.61,19.5
4249000,18.06,24.43,20.85,12.36,19.6
4250000,17.9,24.78,20.86,11.91,19.7
4251000,17.9,24.51,21.02,12.12,19.48
4252000,18.24,24.24,21.32,12.05,19.41
4253000,18.34,24.31,21.64,11.98,20.06
4254000,18.1,23.89,21.95,11.87,20.25
4255000,18.31,24.23,21.38,11.32,19.93
4256000,17.91,24.62,21.29,11.21,19.49
4257000,18.05,24.77,21.24,11.14,19.38
4258000,18.25,24.54,20.64,10.93,18.89
4259000,18.15,24.91,20.37,10.82,18.68
4260000,18.07,25.16,20.93,10.72,18.17
4261000,17.79,25.22,21.14,10.68,18.15
4262000,17.75,25.62,21.13,10.39,18.09
4263000,18.12,25.37,21.61,10.41,18.01
4264000,18.49,25.19,21.81,10.29,17.97
4265000,18.59,25.51,21.76,10.84,18.34
4266000,18.35,25.42,21.7,10.87,18.15
4267000,18.15,25.11,21.68,10.88,18.06
4268000,18.18,25.63,21.91,10.41,17.74
4269000,18.63,25.44,22.33,10.67,18.04
4270000,18.51,25.7,22.23,10.66,17.86
4271000,18.86,25.33,22.39,10.38,18.26
4272000,19.07,25.67,23.03,10.61,18.55
4273000,18.87,25.92,22.93,10.82,18.21
4274000,19.39,25.44,23.11,11.05,18.03
4275000,18.98,25.83,23.01,11.48,18.14
4276000,19.24,26.2,23.1,11.67,17.88
4277000,18.83,25.65,22.73,11.71,18.01
4278000,18.69,25.64,22.83,11.36,17.9
4279000,18.78,25.91,23.02,11.75,18.52
4280000,18.91,26.23,22.84,11.53,18.73
4281000,18.53,26.3,22.66,11.71,18.22
4282000,18.17,26.18,22.75,11.68,18.36
4283000,18.01,26.34,22.76,11.75,18.78
4284000,18.3,26.39,22.99,12.3,18.7
4285000,17.96,26.78,23.13,12.57,19.05
4286000,18.03,26.7,23.31,12.49,19.02
4287000,18.1,26.68,23.09,13.02,19.12
4288000,18.13,26.46,23.41,13.02,18.96
4289000,17.89,26.12,23.5,13.02,18.82
4290000,18.26,26.39,23.4,13.63,18.72
4291000,18.09,26.9,23.49,13.76,19.06
4292000,18.14,26.67,23.23,13.84,19.15
4293000,17.76,26.6,23.32,13.71,18.32
4294000,17.65,26.69,23.71,14.18,18.05
4295000,17.34,26.14,23.26,14.4,17.67
4296000,16.82,26.4,22.84,14.69,18.05
4297000,17.47,26.42,23.23,14.71,16.88
4298000,17.12,26.8,23.72,14.9,17.15
4299000,17.25,26.7,23.91,14.62,17.0
4300000,17.81,26.75,23.54,15.0,17.3
4301000,17.51,26.78,23.29,14.75,17.3
4302000,16.99,26.89,23.73,15.07,17.62
4303000,17.23,27.1,23.82,14.92,16.92
4304000,17.23,27.35,23.63,14.88,16.13
4305000,17.48,26.48,23.55,15.39,16.55
4306000,17.5,26.75,23.49,15.7,16.37
4307000,17.6,27.06,23.86,16.06,16.47
4308000,17.1,26.92,23.82,16.07,16.59
4309000,17.01,27.09,24.21,16.04,17.0
4310000,17.29,27.43,24.48,16.28,16.72
4311000,17.34,27.19,24.35,16.53,17.07
4312000,17.55,27.61,24.83,16.78,16.88
4313000,17.34,27.49,25.12,17.26,17.05
4314000,17.05,26.95,25.39,17.51,17.34
4315000,17.32,26.95,25.1,17.29,17.17
4316000,17.3,26.64,25.05,16.53,17.22
4317000,17.51,26.47,24.95,17.24,17.26
4318000,17.07,26.52,24.5,17.21,17.32
4319000,17.32,26.16,24.71,17.33,17.48
4320000,17.5,26.3,24.83,17.32,17.51
4321000,17.26,26.21,24.75,16.99,17.31
4322000,17.55,27.11,25.06,16.71,17.2
4323000,17.22,26.55,25.06,16.88,17.31
4324000,17.37,26.46,25.09,16.87,17.48
4325000,17.48,26.31,25.03,16.66,17.04
4326000,17.49,26.76,24.73,16.16,17.21
4327000,17.94,26.43,24.34,16.29,17.08
4328000,18.12,26.41,24.27,15.5,16.57
4329000,18.06,26.51,24.06,15.56,16.5
4330000,18.0,26.4,24.92,15.52,16.49
4331000,17.59,26.39,25.01,15.72,16.74
4332000,17.78,26.43,25.29,14.86,17.32
4333000,17.78,26.89,24.94,14.85,17.54
4334000,18.11,26.66,24.67,15.08,17.42
4335000,18.51,27.35,24.55,14.96,17.57
4336000,18.36,27.47,23.74,15.13,18.16
4337000,18.56,27.61,23.88,15.14,18.04
4338000,18.88,27.53,23.72,15.19,18.24
4339000,18.87,27.55,23.86,15.39,18.54
4340000,19.02,26.84,22.64,15.99,18.53
4341000,19.83,26.94,22.45,15.99,18.8
4342000,19.67,26.54,22.38,16.07,18.76
4343000,19.75,26.9,22.16,15.87,18.88
4344000,19.95,26.36,22.29,15.58,19.54
4345000,20.61,26.0,21.89,15.15,19.18
4346000,20.49,25.9,21.39,15.16,19.31
4347000,20.25,25.91,21.24,15.31,19.75
4348000,20.1,25.85,21.43,15.48,19.72
4349000,19.83,25.28,21.49,15.42,19.98
4350000,20.18,24.77,20.21,15.29,20.31
4351000,20.46,24.92,20.19,14.8,20.77
4352000,20.62,24.77,19.62,15.09,21.16
4353000,20.84,23.9,19.71,15.32,21.28
4354000,20.88,24.14,19.2,15.63,21.07
4355000,20.76,24.13,18.89,16.16,21.33
4356000,20.85,23.85,18.69,15.78,20.77
4357000,21.06,24.1,18.46,15.46,20.1
4358000,20.98,24.37,18.07,15.89,20.54
4359000,21.02,23.89,17.61,15.97,20.71
4360000,20.58,23.85,17.72,16.44,20.5
4361000,20.7,23.95,18.0,16.64,20.27
4362000,20.89,24.05,18.06,16.79,20.35
4363000,20.16,23.86,18.42,17.11,20.89
4364000,20.66,24.31,18.24,17.11,21.21
4365000,19.75,24.25,18.34,17.25,21.23
4366000,20.11,24.38,17.87,17.06,21.02
4367000,20.08,24.46,18.17,17.16,20.87
4368000,20.17,24.65,18.07,17.39,20.91
4369000,20.33,24.81,17.84,17.32,20.72
4370000,20.76,25.22,17.99,17.36,20.79
4371000,21.01,25.24,17.93,17.92,20.92
4372000,20.94,25.24,17.18,18.18,21.18
4373000,21.0,25.64,17.06,18.32,21.12
4374000,20.86,24.98,17.16,18.42,21.34
4375000,21.2,24.54,17.63,18.31,20.85
4376000,20.87,24.52,17.77,18.43,21.31
4377000,21.04,24.72,17.84,19.19,21.49
4378000,20.71,24.62,18.21,19.32,21.45
4379000,20.76,24.23,18.61,18.19,20.3
4380000,20.83,24.07,18.37,18.52,19.84
4381000,20.65,23.84,18.72,18.45,19.66
4382000,20.64,24.1,18.05,18.38,19.66
4383000,20.68,23.02,18.23,18.7,19.85
4384000,20.65,23.21,18.34,18.97,20.08
4385000,20.8,22.83,18.57,18.33,20.19
4386000,20.72,23.13,18.54,18.22,19.98
4387000,21.28,22.82,18.68,18.1,19.77
4388000,21.22,22.69,19.14,17.98,20.23
4389000,21.02,22.63,19.5,18.08,20.29
4390000,20.97,22.78,19.72,18.2,20.05
4391000,21.03,22.86,19.73,18.91,20.16
4392000,20.99,23.09,19.57,18.6,19.98
4393000,20.88,23.12,19.94,18.57,20.6
4394000,21.05,22.97,20.65,18.51,21.05
4395000,20.88,23.25,20.42,18.52,21.08
4396000,21.56,23.69,20.36,18.69,20.96
4397000,21.75,23.99,20.31,18.09,20.43
4398000,22.03,23.88,20.71,18.11,20.27
4399000,21.37,24.22,21.17,17.97,20.2
4400000,20.9,23.85,21.36,18.07,19.46
4401000,21.01,24.31,21.24,18.03,19.84
4402000,20.72,24.43,22.06,18.02,19.69
4403000,20.5,25.14,22.14,18.04,19.66
4404000,20.5,25.4,22.51,17.95,19.17
4405000,20.7,25.22,22.7,17.86,19.14
4406000,20.36,25.5,22.67,17.39,18.78
4407000,21.15,25.42,22.84,17.78,18.27
4408000,20.96,25.95,22.96,17.75,18.21
4409000,20.89,26.2,23.07,17.77,18.1
4410000,21.27,25.86,23.69,18.19,18.17
4411000,21.55,25.27,24.01,17.99,18.49
4412000,21.11,24.86,24.0,17.65,18.38
4413000,21.66,24.99,23.92,17.91,18.22
4414000,21.68,25.29,23.83,17.81,17.85
4415000,21.32,25.02,24.13,18.07,16.79
4416000,20.79,24.54,24.03,18.13,16.98
4417000,20.5,25.08,24.48,18.02,16.93
4418000,20.67,24.86,24.31,17.91,16.7
4419000,20.66,25.18,23.4,17.56,16.71
4420000,20.97,25.63,23.42,17.69,17.32
4421000,20.68,25.45,23.44,18.13,17.4
4422000,20.64,24.92,23.54,18.23,17.51
4423000,20.43,24.67,23.94,18.7,17.6
4424000,20.43,24.37,24.23,19.18,17.58
4425000,20.77,24.33,24.63,19.34,17.2
4426000,20.25,24.79,24.3,19.29,17.02
4427000,20.58,24.6,24.54,19.18,17.43
4428000,20.72,24.85,23.91,19.26,17.04
4429000,20.81,25.16,23.85,19.21,16.98
4430000,20.81,25.4,23.56,19.18,16.82
4431000,20.87,25.27,23.47,19.53,16.21
4432000,21.51,25.23,23.4,19.92,16.42
4433000,21.07,25.23,23.26,20.21,16.36
4434000,20.66,25.69,23.62,20.47,15.98
4435000,20.97,25.45,23.87,20.4,16.08
4436000,21.05,25.4,24.02,19.85,15.99
4437000,20.69,25.82,24.01,20.1,15.93
4438000,20.24,25.96,24.25,19.51,16.15
4439000,20.62,26.16,24.44,19.85,16.36
4440000,20.58,26.46,24.61,20.05,15.91
4441000,20.45,26.22,24.2,19.59,16.16
4442000,19.98,25.83,24.11,19.67,16.53
4443000,20.23,25.98,23.84,19.69,16.32
4444000,19.92,25.87,24.01,19.72,16.6
4445000,20.19,25.77,24.23,19.9,16.89
4446000,20.35,26.23,24.31,19.78,16.94
4447000,20.76,26.03,24.13,19.62,17.0
4448000,19.92,25.3,24.13,19.66,16.97
4449000,20.16,24.78,23.98,20.12,17.18
4450000,20.39,24.71,23.85,19.93,17.66
4451000,20.51,25.03,23.85,19.77,17.79
4452000,20.75,24.91,23.77,20.08,17.68
4453000,20.73,24.75,23.57,19.99,17.76
4454000,20.44,25.32,22.98,19.51,17.8
4455000,20.19,25.03,22.88,19.69,17.44
4456000,20.33,25.02,22.74,20.25,16.84
4457000,20.21,25.08,23.31,20.07,16.99
4458000,19.93,25.61,23.38,19.72,17.22
4459000,20.07,25.05,22.68,19.65,17.77
4460000,20.54,24.88,22.8,19.77,17.77
4461000,20.69,24.5,23.26,19.99,17.63
4462000,20.85,24.42,22.62,20.42,18.13
4463000,20.79,24.71,22.92,19.43,18.05
4464000,21.11,24.89,22.95,19.64,17.33
4465000,20.6,25.35,22.82,19.61,17.5
4466000,20.86,25.8,22.31,19.64,17.69
4467000,20.57,25.64,22.62,19.57,17.29
4468000,20.68,25.82,22.69,19.27,17.26
4469000,20.26,25.93,22.77,19.47,17.41
4470000,20.77,26.26,22.64,18.49,17.08
4471000,20.6,26.58,23.1,18.41,17.01
4472000,20.92,27.22,23.41,18.71,16.76
4473000,20.96,26.99,23.2,18.7,17.15
4474000,20.9,26.52,23.51,18.23,17.28
4475000,21.2,26.91,22.95,17.97,16.99
4476000,20.98,26.83,22.44,17.7,16.51
4477000,20.58,26.55,22.42,17.89,16.89
4478000,20.34,26.69,22.05,17.98,16.56
4479000,20.14,27.42,21.77,18.41,16.91
4480000,20.5,27.26,22.38,18.27,16.95
4481000,20.69,27.38,22.82,18.47,16.84
4482000,20.04,27.61,22.89,18.63,15.98
4483000,19.9,28.06,22.99,18.89,15.94
4484000,19.99,28.03,23.25,18.65,15.59
4485000,20.14,27.6,23.22,18.34,16.01
4486000,20.16,27.53,23.35,18.54,16.05
4487000,20.3,27.59,23.69,18.6,15.86
4488000,20.44,27.72,23.57,18.74,16.09
4489000,20.53,27.93,23.41,19.02,16.17
4490000,20.74,28.22,23.25,19.14,15.84
4491000,21.12,28.45,23.08,18.81,16.3
4492000,21.08,28.56,23.35,18.6,15.62
4493000,21.6,28.5,23.43,18.31,15.59
4494000,21.14,28.74,23.81,18.41,15.89
4495000,21.07,28.78,23.89,17.9,16.1
4496000,21.5,28.81,24.28,18.22,16.34
4497000,21.53,28.61,23.89,18.88,15.71
4498000,21.47,28.29,24.17,19.21,15.57
4499000,20.74,28.36,23.96,19.42,15.86
4500000,21.07,28.42,24.05,20.04,16.08
4501000,21.07,28.4,23.84,19.2,15.92
4502000,21.27,28.68,24.05,19.07,16.07
4503000,21.07,28.75,24.3,19.23,15.87
4504000,21.63,28.77,24.69,19.29,15.84
4505000,21.82,28.72,24.54,19.39,16.29
4506000,21.75,28.58,24.6,18.76,16.16
4507000,22.17,28.55,24.53,18.97,16.47
4508000,22.01,28.23,24.94,19.16,16.71
4509000,21.43,28.88,24.92,19.18,16.71
4510000,21.3,28.97,24.41,19.35,16.87
4511000,21.49,29.3,24.22,18.78,16.81
4512000,22.04,28.28,24.42,18.81,16.65
4513000,21.91,28.4,24.55,18.73,17.22
4514000,22.22,28.12,24.12,18.46,17.0
4515000,22.27,28.38,24.17,18.65,17.04
4516000,21.96,27.43,24.6,18.24,17.22
4517000,21.93,27.24,24.02,18.48,17.3
4518000,22.35,27.83,24.35,18.3,17.48
4519000,22.0,28.1,24.53,18.35,17.32
4520000,21.74,28.07,24.94,18.38,17.06
4521000,22.12,28.02,25.03,18.51,16.85
4522000,21.88,27.66,24.94,18.29,16.81
4523000,22.12,27.65,24.45,18.58,17.16
4524000,22.35,27.26,24.31,18.33,17.54
4525000,22.25,27.14,24.6,17.97,17.65
4526000,22.33,27.24,24.41,18.18,18.17
4527000,22.62,27.06,24.5,17.7,18.55
4528000,22.87,27.17,24.25,17.64,18.39
4529000,22.74,27.27,24.6,17.84,18.55
4530000,22.8,27.0,25.26,17.94,18.85
4531000,22.92,26.95,25.13,18.1,18.9
4532000,23.32,26.11,25.55,18.01,19.2
4533000,23.56,25.86,25.45,17.8,19.4
4534000,23.31,26.01,26.34,18.04,19.33
4535000,23.22,26.05,26.37,18.1,19.5
4536000,23.53,25.85,26.49,18.27,19.64
4537000,23.54,25.4,26.07,18.59,19.66
4538000,22.72,24.86,25.48,18.84,19.9
4539000,22.45,25.21,25.77,18.88,20.12
4540000,22.24,25.06,25.87,19.25,20.2
4541000,21.91,24.97,25.68,19.38,20.27
4542000,22.07,25.01,25.39,19.59,20.15
4543000,21.92,25.06,25.2,19.71,20.67
4544000,21.54,24.51,25.08,19.95,20.43
4545000,21.09,24.85,25.68,20.07,20.75
4546000,21.15,24.32,25.42,19.34,20.24
4547000,21.34,23.93,25.65,19.34,20.7
4548000,21.48,23.83,25.69,19.49,20.39
4549000,21.64,24.11,25.67,19.68,20.12
4550000,21.45,24.09,25.12,19.62,19.47
4551000,21.32,24.28,24.92,19.73,19.18
4552000,21.43,25.09,25.13,19.81,18.31
4553000,21.09,24.81,24.91,20.23,18.59
4554000,20.53,24.45,24.91,19.73,18.24
4555000,21.07,24.06,24.43,19.6,18.77
4556000,21.04,24.3,24.72,19.24,18.77
4557000,21.32,24.54,24.94,19.42,18.56
4558000,20.87,24.18,25.11,19.82,18.11
4559000,20.38,24.52,25.2,19.64,18.42
4560000,21.12,24.77,24.79,19.82,18.1
4561000,20.77,24.64,24.96,19.57,17.31
4562000,20.49,24.83,25.01,19.73,17.19
4563000,20.91,24.94,25.3,20.25,17.63
4564000,20.99,25.34,24.67,20.78,17.63
4565000,21.0,25.9,24.79,20.37,17.55
4566000,21.34,26.28,25.01,20.65,17.73
4567000,21.18,26.33,24.97,20.9,17.69
4568000,21.65,26.42,25.33,20.45,16.94
4569000,21.85,26.67,25.41,20.45,16.92
4570000,21.83,26.93,25.32,20.47,16.61
4571000,22.02,27.1,25.19,20.75,16.52
4572000,21.49,26.51,25.35,20.61,16.43
4573000,21.25,25.98,25.78,20.63,15.87
4574000,21.07,25.48,25.53,20.61,15.59
4575000,20.62,25.86,25.07,21.27,15.18
4576000,19.93,25.63,24.97,21.35,15.19
4577000,19.7,25.59,24.95,20.89,15.57
4578000,19.16,25.19,25.1,21.06,15.44
4579000,19.17,25.64,25.07,21.01,15.33
4580000,18.99,25.83,25.47,20.7,14.7
4581000,19.52,25.7,25.14,21.11,14.82
4582000,19.26,25.44,25.29,20.93,15.58
4583000,19.06,25.38,25.19,20.07,15.38
4584000,19.37,25.45,25.47,20.0,15.83
4585000,19.33,25.6,25.06,19.79,15.93
4586000,19.26,25.23,25.17,20.19,16.07
4587000,19.04,24.64,25.11,19.93,15.89
4588000,19.13,24.58,25.53,19.49,16.25
4589000,19.48,24.56,24.64,19.38,16.61
4590000,19.56,24.56,25.04,18.97,16.64
4591000,19.9,24.54,24.77,19.04,16.89
4592000,19.82,24.62,24.48,19.11,17.1
4593000,20.11,25.05,25.05,19.27,17.09
4594000,20.23,24.41,24.87,19.29,16.92
4595000,20.16,24.25,24.54,19.4,17.21
4596000,19.94,24.51,24.58,18.95,17.53
4597000,19.68,24.49,24.67,19.81,17.28
4598000,19.38,24.47,24.88,19.71,17.68
4599000,20.08,24.93,24.81,19.12,17.74
4600000,20.26,25.02,24.65,19.28,17.71
4601000,20.15,24.85,24.49,19.72,17.85
4602000,19.62,24.76,24.61,19.98,18.16
4603000,19.62,24.39,24.44,20.39,18.13
4604000,19.78,23.85,24.39,19.9,18.59
4605000,20.17,24.0,24.35,20.5,18.69
4606000,20.04,24.16,23.89,20.59,19.05
4607000,19.92,24.34,23.95,20.38,19.31
4608000,20.27,24.2,24.29,20.09,18.55
4609000,20.38,24.62,24.67,20.21,18.91
4610000,20.58,24.65,24.57,20.15,18.61
4611000,20.2,24.66,24.3,20.27,18.36
4612000,20.11,24.94,24.4,20.05,18.86
4613000,19.7,24.86,24.44,19.91,19.14
4614000,19.7,24.4,24.09,20.08,19.13
4615000,19.82,24.41,23.37,20.3,19.03
4616000,19.85,24.73,23.52,20.27,18.57
4617000,19.81,24.26,23.77,19.37,18.48
4618000,19.47,23.56,23.6,19.52,18.37
4619000,19.81,23.56,23.35,19.91,18.31
4620000,20.27,23.28,23.69,20.24,18.44
4621000,20.64,22.81,23.52,20.27,18.84
4622000,20.78,23.17,23.51,19.79,18.68
4623000,21.15,23.24,23.36,19.71,18.73
4624000,21.79,23.39,22.9,19.51,18.82
4625000,21.89,23.98,22.54,19.7,19.28
4626000,21.9,24.1,22.2,19.57,19.06
4627000,21.9,24.5,21.77,19.8,18.9
4628000,22.3,24.78,21.51,20.08,18.8
4629000,22.72,24.7,21.2,20.15,18.87
4630000,23.14,24.74,21.31,20.34,18.55
4631000,23.29,24.73,21.44,20.96,18.54
4632000,23.18,24.74,21.39,20.47,18.7
4633000,22.83,24.71,21.49,20.14,18.68
4634000,22.2,23.96,21.24,20.09,18.74
4635000,22.44,24.31,21.07,20.53,18.64
4636000,22.13,24.75,20.96,20.02,19.18
4637000,22.12,24.95,20.78,20.21,19.08
4638000,22.41,24.87,21.1,19.71,19.59
4639000,22.75,24.94,21.05,19.84,20.03
4640000,22.61,25.27,20.94,19.85,19.85
4641000,22.42,25.42,20.54,19.78,19.51
4642000,22.68,25.5,20.23,19.92,19.23
4643000,23.21,25.24,20.19,20.04,18.77
4644000,23.18,25.14,19.8,19.85,18.57
4645000,23.24,24.91,19.57,20.01,18.22
4646000,23.48,25.49,19.24,20.22,18.6
4647000,23.56,25.47,19.11,19.57,18.34
4648000,23.41,25.35,19.28,19.62,18.35
4649000,23.34,25.63,19.51,19.73,18.59
4650000,23.68,26.0,19.86,19.7,18.23
4651000,23.96,26.27,19.76,19.74,18.35
4652000,24.22,26.63,19.69,19.65,18.63
4653000,23.62,26.27,20.13,19.81,18.41
4654000,23.93,26.68,19.98,19.4,18.48
4655000,24.18,26.66,19.95,19.63,18.43
4656000,24.11,26.64,19.65,20.3,18.0
4657000,24.2,26.91,19.96,20.19,18.46
4658000,24.56,27.07,20.04,19.82,18.71
4659000,24.7,27.03,20.21,20.08,18.89
4660000,25.05,27.17,20.36,19.79,19.07
4661000,24.66,27.41,20.49,20.18,19.54
4662000,24.78,27.3,20.37,20.32,19.59
4663000,24.72,27.36,20.76,20.16,20.04
4664000,24.19,27.27,20.87,20.25,20.49
4665000,24.26,27.34,21.09,20.5,20.5
4666000,24.5,27.59,21.1,20.73,20.36
4667000,24.69,27.72,21.18,21.02,19.89
4668000,25.12,27.78,21.29,20.17,19.83
4669000,25.28,27.5,20.86,20.66,19.77
4670000,25.08,27.24,21.12,20.9,19.98
4671000,25.25,27.58,21.45,20.81,20.11
4672000,25.5,28.07,21.51,21.05,19.61
4673000,25.73,27.96,21.89,21.29,20.0
4674000,25.98,28.36,21.69,21.28,19.91
4675000,26.07,28.22,21.97,21.52,19.4
4676000,25.96,28.14,21.98,21.3,19.26
4677000,25.67,27.96,21.92,21.15,19.67
4678000,25.33,28.15,22.13,21.35,19.79
4679000,25.3,28.23,22.38,21.02,19.48
4680000,24.83,28.19,22.52,20.44,19.69
4681000,25.21,28.56,22.32,20.83,19.76
4682000,25.25,28.51,22.34,21.43,19.61
4683000,24.95,28.58,21.85,21.45,19.81
4684000,24.81,28.57,21.88,21.18,19.31
4685000,24.94,28.2,22.06,21.34,18.25
4686000,25.1,27.97,22.35,22.23,18.02
4687000,25.19,27.97,21.7,21.86,18.17
4688000,25.78,28.19,21.8,22.12,18.25
4689000,25.8,27.95,22.0,22.35,18.47
4690000,25.75,28.15,22.31,22.19,19.08
4691000,25.8,28.46,22.35,21.92,19.3
4692000,25.57,28.22,22.61,21.92,19.36
4693000,25.43,28.62,22.66,21.6,18.82
4694000,25.94,29.0,22.62,21.76,19.12
4695000,25.97,28.24,22.39,21.52,19.35
4696000,25.66,27.65,22.55,21.65,19.06
4697000,25.44,27.31,22.61,21.78,19.56
4698000,25.4,27.58,22.68,21.74,19.14
4699000,25.83,27.26,22.74,21.92,19.1
4700000,25.49,27.65,22.93,21.34,18.78
4701000,25.42,27.91,22.77,21.34,19.03
4702000,25.11,28.09,22.49,21.76,19.0
4703000,25.32,27.89,22.42,21.97,18.79
4704000,25.53,28.36,22.28,21.4,18.81
4705000,24.95,28.4,22.22,21.62,18.56
4706000,24.95,28.25,22.56,21.34,18.39
4707000,24.77,27.93,22.6,21.33,18.0
4708000,25.17,27.79,22.5,21.67,18.03
4709000,25.21,27.5,21.79,20.79,18.64
4710000,25.52,27.09,21.51,21.12,18.35
4711000,24.39,27.11,21.71,20.73,18.58
4712000,24.34,27.01,21.84,20.86,18.82
4713000,24.27,26.85,21.56,20.95,18.95
4714000,23.88,26.69,22.26,20.83,18.91
4715000,24.2,26.84,22.08,21.22,19.22
4716000,24.09,26.52,22.4,21.64,19.42
4717000,24.37,25.85,21.67,21.55,19.59
4718000,24.26,26.3,21.87,21.65,19.6
4719000,23.98,26.21,21.94,21.06,20.13
4720000,23.42,26.41,21.63,20.86,19.96
4721000,23.05,25.97,21.4,20.89,20.04
4722000,22.44,26.24,21.06,21.01,20.46
4723000,22.54,25.8,21.63,20.62,20.67
4724000,22.29,25.21,21.41,20.68,20.53
4725000,22.26,24.29,21.4,21.09,21.04
4726000,22.54,24.23,21.37,21.39,21.33
4727000,22.02,24.05,21.47,21.62,20.72
4728000,22.65,24.04,20.55,20.98,20.62
4729000,22.47,24.31,20.5,21.16,20.33
4730000,22.99,24.46,20.48,20.97,20.56
4731000,22.27,24.38,21.14,21.21,20.59
4732000,22.29,24.51,21.38,19.84,20.73
4733000,22.55,24.9,21.02,19.94,20.74
4734000,22.41,24.98,20.69,19.91,21.24
4735000,22.77,24.63,20.78,19.41,21.61
4736000,23.12,24.39,20.19,19.76,21.92
4737000,23.0,24.33,20.09,19.42,22.2
4738000,23.27,24.01,19.71,18.92,22.03
4739000,23.27,24.72,19.87,19.07,22.3
4740000,23.29,24.97,19.87,19.05,22.31
4741000,23.09,24.67,20.16,18.83,22.06
4742000,23.24,24.68,20.31,18.92,22.1
4743000,22.52,24.88,20.81,19.11,22.19
4744000,22.36,25.06,21.01,19.14,22.63
4745000,22.41,24.68,20.91,19.25,22.11
4746000,22.41,24.68,20.65,19.06,22.6
4747000,22.85,24.61,20.63,19.27,22.82
4748000,23.29,24.85,20.45,19.5,22.49
4749000,23.12,24.82,20.77,19.63,22.47
4750000,23.43,25.08,21.07,19.58,22.63
4751000,23.4,25.09,21.38,19.82,23.26
4752000,23.57,25.3,21.61,20.09,23.35
4753000,24.21,24.97,21.15,19.8,23.96
4754000,24.1,25.54,21.24,20.31,24.02
4755000,23.89,25.98,21.65,20.23,24.21
4756000,24.29,26.05,21.47,20.17,24.43
4757000,24.67,26.08,21.76,20.68,24.38
4758000,24.55,26.5,21.91,20.26,24.46
4759000,24.74,27.1,22.12,19.98,24.19
4760000,23.45,26.45,22.38,19.77,24.87
4761000,24.05,26.02,21.69,19.75,24.24
4762000,24.29,25.99,21.68,19.31,23.95
4763000,24.7,26.15,21.59,19.79,23.51
4764000,24.65,26.24,21.59,20.21,23.04
4765000,24.79,25.97,21.45,20.47,22.49
4766000,24.98,25.95,21.96,19.87,22.48
4767000,25.23,26.2,21.82,19.91,22.38
4768000,25.62,26.04,21.85,19.64,22.36
4769000,25.46,26.47,21.86,19.78,21.91
4770000,25.65,25.89,21.76,19.38,21.96
4771000,25.69,26.27,22.31,19.25,20.7
4772000,25.84,26.2,22.29,19.59,21.06
4773000,25.94,26.62,22.42,19.71,20.68
4774000,26.21,26.99,22.57,19.98,20.04
4775000,26.71,27.26,22.71,20.25,20.22
4776000,26.45,27.65,22.88,19.81,20.25
4777000,27.04,27.24,22.48,20.52,20.81
4778000,27.44,26.87,22.87,20.38,20.8
4779000,27.78,26.98,22.93,20.96,20.58
4780000,27.66,27.46,23.05,21.07,20.92
4781000,27.72,27.52,23.39,21.73,20.7
4782000,27.99,28.2,23.39,22.2,20.5
4783000,27.74,28.8,22.81,22.08,19.96
4784000,27.45,28.91,23.14,22.07,19.89
4785000,27.45,28.41,23.0,22.55,20.19
4786000,26.36,27.97,23.52,22.86,20.21
4787000,26.17,27.84,23.48,22.87,19.89
4788000,25.84,27.85,23.76,23.19,19.59
4789000,25.61,28.01,23.88,23.29,19.17
4790000,25.34,28.02,24.13,23.94,19.12
4791000,25.29,27.74,24.67,23.75,19.27
4792000,25.2,27.67,24.49,23.31,18.77
4793000,24.9,27.52,24.56,23.57,18.71
4794000,25.06,27.88,24.85,24.07,18.73
4795000,25.03,27.99,24.84,23.87,19.3
4796000,24.96,27.82,24.84,23.98,19.29
4797000,25.25,27.72,24.74,23.21,19.07
4798000,25.83,27.24,24.71,23.39,18.74
4799000,25.74,27.26,24.17,23.14,18.59
4800000,25.53,27.31,24.36,23.1,18.1
4801000,24.55,27.25,24.39,22.69,18.04
4802000,24.36,27.07,24.2,22.73,18.19
4803000,24.62,27.1,24.15,23.1,17.73
4804000,24.08,26.39,23.89,23.26,17.88
4805000,23.83,26.52,23.86,22.99,18.06
4806000,23.68,27.01,23.56,22.89,18.35
4807000,23.78,26.92,23.2,23.35,18.69
4808000,24.03,27.29,23.32,23.75,18.27
4809000,24.11,27.7,23.09,23.82,17.94
4810000,24.12,27.9,22.9,24.19,17.83
4811000,24.2,27.14,22.84,24.36,17.44
4812000,24.47,27.11,22.9,24.87,17.76
4813000,23.92,27.29,23.1,24.58,18.18
4814000,22.94,26.28,23.37,25.17,17.61
4815000,23.22,26.55,22.85,24.87,18.21
4816000,23.17,26.72,23.06,24.57,18.04
4817000,23.17,27.12,23.68,24.49,18.55
4818000,23.02,27.67,23.03,25.14,19.02
4819000,22.51,27.87,22.62,25.2,18.99
4820000,22.41,27.97,23.2,25.03,19.04
4821000,22.08,27.99,23.41,25.21,18.95
4822000,22.03,27.91,23.28,25.23,19.32
4823000,21.88,28.1,22.93,25.02,19.78
4824000,20.77,28.12,23.05,25.13,19.78
4825000,20.19,28.17,22.97,25.51,20.23
4826000,20.09,28.2,22.83,25.54,20.02
4827000,20.53,28.26,22.97,26.34,20.51
4828000,20.56,28.39,23.45,25.61,20.74
4829000,19.45,28.33,23.81,25.35,20.93
4830000,19.79,27.99,24.07,25.13,20.94
4831000,20.2,27.95,24.42,25.25,21.08
4832000,19.94,27.97,24.72,25.5,20.85
4833000,20.46,27.83,24.38,24.93,21.2
4834000,20.39,27.91,24.31,25.06,21.26
4835000,20.49,28.16,24.0,24.73,21.3
4836000,20.29,28.63,23.41,24.91,21.67
4837000,20.61,29.13,23.14,24.89,21.7
4838000,20.61,29.16,22.83,25.18,21.64
4839000,20.14,28.62,23.0,24.66,22.01
4840000,20.73,28.63,23.15,24.19,22.09
4841000,20.69,28.21,22.73,24.26,22.2
4842000,20.93,28.3,22.65,24.46,22.46
4843000,20.83,28.48,22.96,24.08,21.94
4844000,21.22,28.92,23.12,24.29,21.43
4845000,20.77,28.9,23.21,24.73,21.79
4846000,20.46,29.4,23.46,24.82,22.22
4847000,20.57,29.58,23.28,25.15,21.92
4848000,20.63,29.81,22.38,25.12,22.48
4849000,21.48,29.73,22.86,25.49,22.95
4850000,21.46,29.55,23.33,25.43,22.69
4851000,21.09,29.05,23.31,25.28,22.87
4852000,21.24,29.27,23.4,25.6,22.9
4853000,21.32,29.37,23.13,26.29,22.69
4854000,21.52,29.01,22.97,26.01,22.71
4855000,21.36,28.94,22.57,25.97,22.69
4856000,20.66,29.13,22.82,26.22,22.76
4857000,20.38,28.73,23.26,26.2,22.47
4858000,20.38,28.47,23.52,26.61,22.87
4859000,20.8,28.69,23.34,26.55,23.43
4860000,20.78,28.75,22.97,26.67,23.65
4861000,21.09,28.58,23.33,26.47,23.87
4862000,21.1,28.82,23.29,25.06,24.09
4863000,21.09,29.09,22.96,25.33,24.49
4864000,20.61,28.91,23.29,25.58,23.37
4865000,20.81,28.58,23.67,25.22,23.82
4866000,21.15,27.91,23.14,24.69,23.29
4867000,21.07,28.06,23.16,24.31,23.36
4868000,21.09,27.89,23.12,24.38,22.87
4869000,21.3,27.3,22.69,24.52,22.98
4870000,21.31,27.72,22.92,25.1,23.33
4871000,21.52,27.48,22.95,24.39,23.43
4872000,21.61,27.44,22.55,24.4,23.63
4873000,21.71,27.24,21.97,24.41,22.68
4874000,21.88,27.13,21.78,24.05,22.4
4875000,22.27,26.77,22.16,23.97,22.52
4876000,22.45,26.74,22.16,24.55,22.44
4877000,21.73,26.84,22.29,24.13,22.84
4878000,21.76,26.32,22.09,24.06,22.62
4879000,22.07,25.99,21.79,24.41,22.51
4880000,22.67,25.73,21.51,24.2,22.36
4881000,22.47,25.81,21.33,24.33,22.09
4882000,22.43,26.17,20.89,24.93,21.48
4883000,22.4,26.05,20.67,24.99,21.87
4884000,21.69,26.14,20.16,25.32,21.57
4885000,21.95,25.75,20.44,24.37,21.24
4886000,21.79,25.22,20.67,24.17,21.37
4887000,21.55,24.83,20.68,24.66,21.41
4888000,21.32,24.03,20.94,23.98,21.47
4889000,21.51,24.03,21.11,24.15,21.01
4890000,21.43,23.9,21.04,23.9,20.96
4891000,21.4,23.81,21.39,23.8,20.94
4892000,21.58,24.04,21.26,24.16,20.37
4893000,21.68,23.93,20.94,24.5,20.05
4894000,22.14,23.95,20.8,24.93,19.18
4895000,21.74,24.45,20.91,24.91,19.11
4896000,20.87,24.42,20.91,25.12,18.62
4897000,20.47,23.66,21.19,24.75,18.92
4898000,20.63,23.45,21.51,23.99,19.01
4899000,21.14,23.35,21.83,23.96,19.47
4900000,20.8,23.34,21.75,24.35,19.67
4901000,20.5,23.63,21.3,23.76,19.49
4902000,20.64,23.43,21.09,24.08,19.87
4903000,20.94,23.94,21.21,24.51,20.2
4904000,21.3,23.95,20.99,24.52,20.15
4905000,21.37,23.75,20.96,23.82,19.99
4906000,20.42,23.75,20.81,23.75,20.07
4907000,20.34,23.64,20.75,23.8,20.65
4908000,20.55,23.71,20.64,23.77,20.91
4909000,20.85,23.99,21.01,23.14,20.2
4910000,21.13,24.37,20.85,23.43,20.57
4911000,21.45,24.53,21.21,23.63,20.61
4912000,21.37,24.29,21.49,23.79,20.9
4913000,21.88,24.25,21.84,23.96,20.98
4914000,21.0,24.11,21.88,24.35,21.23
4915000,21.6,24.66,21.55,24.5,21.3
4916000,21.68,24.99,21.23,24.26,21.19
4917000,21.56,25.03,21.71,24.21,21.6
4918000,21.67,24.61,22.08,24.29,21.75
4919000,21.8,24.68,22.35,24.51,21.48
4920000,21.43,24.83,22.33,24.59,21.86
4921000,21.67,25.25,22.49,24.59,21.63
4922000,21.67,25.32,22.89,23.89,21.81
4923000,21.4,25.93,23.15,23.26,22.1
4924000,21.42,25.65,23.35,23.33,22.26
4925000,21.49,25.55,23.72,23.75,22.33
4926000,21.57,25.52,23.7,23.84,21.45
4927000,21.14,25.43,24.02,23.88,22.01
4928000,20.82,25.9,23.58,23.85,21.44
4929000,21.19,25.54,23.95,24.05,21.73
4930000,20.91,26.04,23.72,23.12,21.87
4931000,21.22,26.09,23.57,23.51,22.37
4932000,21.26,25.79,23.83,23.94,22.21
4933000,21.89,25.89,24.08,23.39,21.62
4934000,22.17,26.14,23.87,23.41,21.69
4935000,22.02,26.16,23.75,23.25,22.3
4936000,22.27,25.78,24.17,23.91,21.79
4937000,21.89,26.34,24.24,24.31,21.93
4938000,22.35,26.26,24.85,23.63,22.01
4939000,21.84,26.3,25.23,23.88,22.55
4940000,21.11,26.34,23.88,23.53,22.84
4941000,21.76,26.03,24.3,23.34,22.71
4942000,20.73,26.27,23.53,23.28,23.02
4943000,21.45,26.31,23.17,23.62,23.15
4944000,21.6,26.55,23.62,22.34,23.39
4945000,21.94,26.67,23.82,22.01,23.44
4946000,22.12,26.96,24.24,22.16,23.76
4947000,22.41,27.02,24.18,22.48,23.88
4948000,22.77,26.71,23.83,22.85,23.95
4949000,22.21,25.93,23.72,22.71,24.07
4950000,21.88,25.76,24.21,22.69,24.33
4951000,22.54,25.5,23.51,22.46,24.18
4952000,21.91,25.8,23.55,22.38,23.33
4953000,22.35,25.34,24.13,21.97,23.32
4954000,21.54,25.17,24.08,21.56,22.45
4955000,21.85,25.69,24.3,22.01,22.63
4956000,21.67,25.6,24.58,22.17,23.07
4957000,21.26,25.73,24.71,21.91,22.61
4958000,20.41,25.71,24.88,22.04,21.97
4959000,20.76,25.39,25.4,22.05,21.92
4960000,20.44,25.45,24.99,20.82,21.79
4961000,20.39,25.14,25.21,21.19,22.11
4962000,20.2,24.87,24.97,21.12,22.49
4963000,19.55,24.5,25.44,20.75,22.08
4964000,19.68,25.12,25.22,20.92,22.24
4965000,20.14,25.11,24.47,21.18,22.04
4966000,19.49,25.49,24.26,21.01,22.2
4967000,19.35,24.91,24.15,20.66,22.09
4968000,19.77,24.66,24.0,21.0,22.11
4969000,19.82,24.7,24.19,20.94,21.88
4970000,19.66,25.08,24.51,21.1,21.2
4971000,19.84,25.51,24.22,21.13,21.68
4972000,20.1,25.58,24.47,21.46,21.03
4973000,20.38,25.19,24.15,20.55,20.6
4974000,20.54,25.13,23.68,20.81,20.9
4975000,20.84,25.06,23.66,20.78,20.96
4976000,20.98,24.87,23.19,20.17,21.45
4977000,20.83,25.23,23.61,20.0,22.29
4978000,20.91,25.35,23.97,19.68,21.87
4979000,20.75,25.17,24.08,19.92,22.06
4980000,20.85,25.22,23.97,19.98,22.2
4981000,21.08,24.58,24.2,20.4,22.42
4982000,21.1,25.1,24.03,20.09,22.69
4983000,21.36,25.04,23.73,20.48,23.02
4984000,21.7,24.45,23.8,20.36,23.23
4985000,21.4,24.99,24.29,19.92,23.04
4986000,21.82,24.93,23.84,20.31,23.14
4987000,21.95,24.71,24.0,20.18,23.48
4988000,22.46,25.09,23.83,20.22,23.47
4989000,22.65,24.89,23.92,20.61,22.79
4990000,22.05,24.7,23.92,20.56,22.91
4991000,22.4,24.91,23.63,20.74,22.25
4992000,22.6,24.82,23.77,20.86,22.43
4993000,22.86,24.83,24.3,20.66,22.75
4994000,22.25,25.35,24.52,21.03,22.3
4995000,22.42,25.38,24.33,20.73,22.41
4996000,22.52,25.2,24.28,20.92,21.85
4997000,22.31,25.69,24.73,20.77,22.01
4998000,22.65,26.18,24.53,20.51,22.27
4999000,22.67,25.44,24.1,20.7,22.11
