step,seed1,seed2,seed3,seed4,seed5
1000,0.14285715,0.075,0.06896552,0.05882353,0.10526316
2000,0.15625,0.077922076,0.057971016,0.04225352,0.08450704
3000,0.20930232,0.07,0.08163265,0.05,0.11
4000,0.17,0.06,0.08,0.06,0.11
5000,0.13,0.05,0.07,0.1,0.15
6000,0.07,0.04,0.08,0.13,0.16
7000,0.08,0.06,0.05,0.14,0.14
8000,0.06,0.11,0.05,0.15,0.15
9000,0.01,0.11,0.04,0.12,0.1
10000,0.04,0.14,0.03,0.19,0.05
11000,0.06,0.1,0.06,0.15,0.05
12000,0.09,0.1,0.06,0.13,0.09
13000,0.11,0.08,0.09,0.07,0.1
14000,0.12,0.1,0.09,0.08,0.06
15000,0.09,0.13,0.09,0.09,0.09
16000,0.08,0.16,0.07,0.16,0.1
17000,0.09,0.18,0.08,0.24,0.07
18000,0.11,0.15,0.1,0.28,0.07
19000,0.15,0.13,0.1,0.25,0.06
20000,0.1,0.09,0.12,0.21,0.1
21000,0.09,0.08,0.07,0.1,0.09
22000,0.07,0.07,0.07,0.05,0.1
23000,0.14,0.07,0.09,0.03,0.12
24000,0.16,0.07,0.08,0.07,0.13
25000,0.18,0.03,0.07,0.09,0.12
26000,0.12,0.06,0.06,0.12,0.18
27000,0.14,0.08,0.08,0.16,0.14
28000,0.13,0.13,0.05,0.22,0.16
29000,0.14,0.11,0.05,0.2,0.08
30000,0.12,0.11,0.05,0.16,0.06
31000,0.11,0.06,0.06,0.19,0.08
32000,0.09,0.08,0.14,0.18,0.1
33000,0.08,0.1,0.14,0.17,0.12
34000,0.08,0.16,0.13,0.19,0.14
35000,0.08,0.15,0.08,0.24,0.16
36000,0.11,0.1,0.13,0.19,0.14
37000,0.1,0.03,0.16,0.21,0.15
38000,0.13,0.06,0.07,0.22,0.15
39000,0.12,0.06,0.05,0.12,0.11
40000,0.19,0.11,0.09,0.09,0.08
41000,0.19,0.15,0.09,0.09,0.06
42000,0.18,0.14,0.09,0.1,0.06
43000,0.13,0.06,0.06,0.13,0.09
44000,0.12,0.11,0.13,0.15,0.07
45000,0.11,0.14,0.11,0.12,0.1
46000,0.13,0.18,0.12,0.14,0.08
47000,0.09,0.21,0.08,0.11,0.11
48000,0.1,0.2,0.11,0.09,0.12
49000,0.06,0.13,0.08,0.12,0.11
50000,0.09,0.09,0.07,0.14,0.07
51000,0.09,0.05,0.05,0.17,0.08
52000,0.08,0.03,0.08,0.21,0.1
53000,0.11,0.07,0.09,0.24,0.14
54000,0.1,0.1,0.1,0.26,0.14
55000,0.11,0.11,0.04,0.26,0.11
56000,0.12,0.17,0.04,0.28,0.07
57000,0.11,0.2,0.07,0.27,0.08
58000,0.12,0.17,0.1,0.29,0.05
59000,0.08,0.15,0.12,0.26,0.09
60000,0.12,0.13,0.15,0.27,0.12
61000,0.2,0.13,0.14,0.28,0.17
62000,0.19,0.15,0.17,0.25,0.24
63000,0.22,0.16,0.14,0.22,0.29
64000,0.2,0.14,0.14,0.24,0.31
65000,0.18,0.16,0.11,0.19,0.29
66000,0.23,0.13,0.1,0.14,0.25
67000,0.28,0.16,0.19,0.08,0.19
68000,0.24,0.19,0.23,0.09,0.1
69000,0.18,0.16,0.23,0.09,0.13
70000,0.16,0.18,0.25,0.08,0.1
71000,0.13,0.15,0.18,0.08,0.1
72000,0.16,0.15,0.13,0.07,0.16
73000,0.17,0.18,0.11,0.12,0.19
74000,0.16,0.23,0.06,0.11,0.21
75000,0.12,0.28,0.06,0.16,0.22
76000,0.06,0.31,0.06,0.17,0.19
77000,0.13,0.29,0.06,0.18,0.21
78000,0.16,0.17,0.06,0.12,0.2
79000,0.18,0.14,0.08,0.12,0.23
80000,0.22,0.13,0.1,0.1,0.26
81000,0.14,0.13,0.17,0.11,0.34
82000,0.14,0.14,0.15,0.16,0.31
83000,0.13,0.13,0.15,0.24,0.31
84000,0.17,0.14,0.13,0.21,0.32
85000,0.16,0.14,0.09,0.22,0.23
86000,0.17,0.15,0.13,0.23,0.26
87000,0.21,0.17,0.08,0.26,0.25
88000,0.23,0.16,0.13,0.22,0.19
89000,0.25,0.19,0.16,0.15,0.23
90000,0.27,0.22,0.17,0.15,0.29
91000,0.28,0.22,0.2,0.18,0.34
92000,0.31,0.19,0.16,0.16,0.32
93000,0.27,0.28,0.1,0.19,0.39
94000,0.28,0.32,0.05,0.2,0.36
95000,0.28,0.36,0.02,0.2,0.41
96000,0.27,0.34,0.05,0.19,0.38
97000,0.26,0.35,0.12,0.21,0.33
98000,0.32,0.24,0.13,0.22,0.32
99000,0.33,0.28,0.1,0.23,0.28
100000,0.42,0.25,0.05,0.27,0.24
101000,0.48,0.22,0.1,0.31,0.22
102000,0.45,0.16,0.14,0.34,0.22
103000,0.45,0.1,0.16,0.36,0.3
104000,0.38,0.13,0.15,0.33,0.31
105000,0.32,0.17,0.13,0.3,0.32
106000,0.35,0.18,0.11,0.22,0.3
107000,0.34,0.21,0.12,0.22,0.29
108000,0.33,0.27,0.14,0.21,0.3
109000,0.35,0.26,0.13,0.26,0.25
110000,0.34,0.26,0.13,0.29,0.27
111000,0.35,0.21,0.15,0.37,0.27
112000,0.35,0.19,0.17,0.32,0.34
113000,0.35,0.22,0.22,0.24,0.3
114000,0.3,0.22,0.23,0.3,0.27
115000,0.31,0.27,0.22,0.2,0.28
116000,0.3,0.3,0.2,0.24,0.29
117000,0.29,0.33,0.12,0.26,0.31
118000,0.3,0.38,0.1,0.24,0.23
119000,0.26,0.32,0.12,0.23,0.28
120000,0.28,0.32,0.16,0.21,0.31
121000,0.29,0.37,0.19,0.24,0.4
122000,0.31,0.32,0.24,0.24,0.47
123000,0.35,0.29,0.27,0.27,0.45
124000,0.32,0.33,0.3,0.32,0.5
125000,0.34,0.36,0.32,0.29,0.55
126000,0.35,0.24,0.3,0.3,0.58
127000,0.39,0.27,0.27,0.26,0.61
128000,0.44,0.31,0.26,0.24,0.55
129000,0.37,0.29,0.24,0.22,0.53
130000,0.4,0.21,0.22,0.24,0.46
131000,0.38,0.18,0.28,0.27,0.38
132000,0.45,0.2,0.29,0.24,0.47
133000,0.42,0.13,0.3,0.27,0.51
134000,0.45,0.16,0.3,0.26,0.48
135000,0.45,0.09,0.34,0.27,0.45
136000,0.48,0.12,0.31,0.26,0.48
137000,0.48,0.13,0.26,0.19,0.5
138000,0.48,0.09,0.27,0.22,0.53
139000,0.44,0.14,0.27,0.25,0.48
140000,0.44,0.2,0.29,0.32,0.49
141000,0.38,0.19,0.22,0.3,0.53
142000,0.42,0.26,0.25,0.35,0.5
143000,0.43,0.27,0.31,0.36,0.48
144000,0.41,0.26,0.29,0.5,0.49
145000,0.43,0.24,0.32,0.52,0.56
146000,0.43,0.25,0.35,0.53,0.54
147000,0.46,0.21,0.36,0.43,0.46
148000,0.42,0.26,0.33,0.45,0.38
149000,0.39,0.28,0.34,0.45,0.37
150000,0.4,0.29,0.33,0.32,0.37
151000,0.34,0.31,0.28,0.32,0.34
152000,0.33,0.32,0.29,0.31,0.28
153000,0.33,0.3,0.28,0.3,0.23
154000,0.3,0.3,0.28,0.37,0.33
155000,0.33,0.28,0.29,0.4,0.33
156000,0.34,0.31,0.27,0.39,0.39
157000,0.38,0.28,0.3,0.42,0.43
158000,0.4,0.29,0.29,0.44,0.41
159000,0.34,0.25,0.38,0.44,0.5
160000,0.31,0.22,0.44,0.42,0.43
161000,0.35,0.19,0.42,0.4,0.42
162000,0.37,0.19,0.4,0.28,0.4
163000,0.39,0.15,0.36,0.28,0.36
164000,0.36,0.17,0.26,0.34,0.31
165000,0.39,0.18,0.26,0.34,0.32
166000,0.41,0.18,0.21,0.39,0.27
167000,0.43,0.19,0.24,0.4,0.34
168000,0.38,0.21,0.31,0.49,0.38
169000,0.38,0.26,0.33,0.52,0.37
170000,0.33,0.27,0.38,0.55,0.41
171000,0.31,0.3,0.37,0.49,0.44
172000,0.38,0.27,0.37,0.49,0.49
173000,0.39,0.27,0.41,0.48,0.52
174000,0.4,0.24,0.39,0.43,0.5
175000,0.36,0.3,0.46,0.48,0.52
176000,0.36,0.31,0.4,0.49,0.51
177000,0.33,0.29,0.36,0.36,0.49
178000,0.2,0.32,0.34,0.33,0.44
179000,0.15,0.4,0.36,0.41,0.3
180000,0.19,0.4,0.36,0.45,0.3
181000,0.19,0.4,0.31,0.5,0.24
182000,0.26,0.34,0.37,0.51,0.18
183000,0.3,0.35,0.37,0.48,0.19
184000,0.34,0.32,0.4,0.52,0.2
185000,0.39,0.26,0.42,0.61,0.22
186000,0.4,0.29,0.43,0.61,0.26
187000,0.46,0.33,0.43,0.63,0.29
188000,0.47,0.41,0.4,0.59,0.38
189000,0.49,0.39,0.38,0.53,0.43
190000,0.5,0.41,0.35,0.54,0.42
191000,0.51,0.46,0.38,0.55,0.44
192000,0.49,0.47,0.33,0.6,0.4
193000,0.47,0.48,0.35,0.57,0.41
194000,0.36,0.43,0.35,0.5,0.43
195000,0.32,0.39,0.36,0.5,0.33
196000,0.25,0.36,0.39,0.49,0.3
197000,0.18,0.3,0.37,0.55,0.33
198000,0.18,0.3,0.39,0.55,0.34
199000,0.22,0.24,0.4,0.58,0.35
200000,0.23,0.25,0.35,0.59,0.36
201000,0.26,0.28,0.37,0.59,0.35
202000,0.3,0.33,0.4,0.57,0.38
203000,0.35,0.34,0.3,0.57,0.41
204000,0.37,0.36,0.31,0.62,0.43
205000,0.41,0.44,0.31,0.6,0.45
206000,0.4,0.48,0.33,0.62,0.48
207000,0.46,0.48,0.35,0.61,0.5
208000,0.51,0.4,0.37,0.59,0.52
209000,0.5,0.44,0.39,0.53,0.53
210000,0.51,0.5,0.39,0.54,0.53
211000,0.52,0.48,0.42,0.53,0.42
212000,0.49,0.52,0.43,0.59,0.44
213000,0.55,0.54,0.46,0.53,0.39
214000,0.47,0.57,0.5,0.55,0.38
215000,0.43,0.55,0.49,0.51,0.37
216000,0.47,0.56,0.5,0.45,0.39
217000,0.44,0.58,0.56,0.48,0.4
218000,0.48,0.51,0.58,0.44,0.39
219000,0.53,0.42,0.57,0.46,0.42
220000,0.58,0.34,0.57,0.46,0.47
221000,0.59,0.36,0.57,0.51,0.5
222000,0.57,0.34,0.64,0.46,0.49
223000,0.61,0.35,0.56,0.48,0.47
224000,0.59,0.35,0.5,0.48,0.45
225000,0.62,0.39,0.54,0.46,0.45
226000,0.6,0.41,0.48,0.47,0.44
227000,0.52,0.46,0.43,0.51,0.45
228000,0.48,0.45,0.46,0.54,0.49
229000,0.46,0.46,0.37,0.6,0.46
230000,0.45,0.46,0.38,0.58,0.47
231000,0.44,0.49,0.44,0.54,0.48
232000,0.47,0.42,0.51,0.56,0.5
233000,0.43,0.42,0.57,0.6,0.5
234000,0.42,0.38,0.56,0.61,0.48
235000,0.47,0.35,0.6,0.66,0.42
236000,0.52,0.34,0.67,0.7,0.41
237000,0.53,0.35,0.63,0.71,0.35
238000,0.59,0.33,0.64,0.69,0.36
239000,0.64,0.24,0.61,0.7,0.4
240000,0.7,0.31,0.58,0.71,0.42
241000,0.75,0.31,0.55,0.68,0.44
242000,0.7,0.28,0.46,0.67,0.49
243000,0.71,0.31,0.45,0.67,0.53
244000,0.74,0.31,0.47,0.65,0.57
245000,0.67,0.34,0.41,0.61,0.63
246000,0.65,0.38,0.38,0.53,0.63
247000,0.68,0.3,0.4,0.53,0.62
248000,0.65,0.35,0.39,0.53,0.55
249000,0.57,0.32,0.4,0.54,0.47
250000,0.43,0.39,0.47,0.53,0.5
251000,0.48,0.37,0.53,0.48,0.36
252000,0.4,0.37,0.56,0.4,0.31
253000,0.43,0.36,0.49,0.39,0.28
254000,0.43,0.39,0.52,0.47,0.24
255000,0.43,0.41,0.55,0.47,0.32
256000,0.46,0.41,0.49,0.52,0.22
257000,0.56,0.43,0.46,0.57,0.29
258000,0.59,0.5,0.49,0.51,0.32
259000,0.62,0.46,0.48,0.55,0.35
260000,0.6,0.43,0.46,0.6,0.35
261000,0.57,0.46,0.39,0.61,0.32
262000,0.63,0.39,0.44,0.65,0.36
263000,0.67,0.38,0.46,0.7,0.35
264000,0.63,0.36,0.48,0.63,0.31
265000,0.66,0.34,0.52,0.56,0.32
266000,0.62,0.37,0.49,0.55,0.34
267000,0.72,0.4,0.57,0.49,0.37
268000,0.69,0.36,0.59,0.47,0.33
269000,0.69,0.36,0.51,0.47,0.39
270000,0.75,0.38,0.58,0.45,0.41
271000,0.79,0.42,0.61,0.41,0.39
272000,0.8,0.44,0.58,0.38,0.34
273000,0.79,0.37,0.56,0.35,0.36
274000,0.7,0.42,0.57,0.34,0.35
275000,0.71,0.4,0.63,0.39,0.35
276000,0.66,0.38,0.67,0.38,0.35
277000,0.52,0.35,0.65,0.43,0.35
278000,0.5,0.38,0.69,0.49,0.43
279000,0.39,0.37,0.69,0.46,0.53
280000,0.28,0.36,0.64,0.49,0.56
281000,0.31,0.34,0.63,0.51,0.55
282000,0.34,0.29,0.66,0.47,0.59
283000,0.36,0.27,0.64,0.47,0.62
284000,0.36,0.22,0.63,0.49,0.67
285000,0.33,0.22,0.56,0.51,0.67
286000,0.32,0.2,0.49,0.47,0.59
287000,0.36,0.2,0.52,0.44,0.53
288000,0.39,0.2,0.55,0.5,0.49
289000,0.45,0.19,0.53,0.53,0.46
290000,0.5,0.18,0.53,0.56,0.5
291000,0.48,0.19,0.54,0.57,0.41
292000,0.51,0.22,0.61,0.61,0.38
293000,0.48,0.25,0.61,0.63,0.39
294000,0.52,0.22,0.62,0.59,0.43
295000,0.58,0.27,0.63,0.55,0.48
296000,0.63,0.25,0.65,0.56,0.54
297000,0.65,0.28,0.65,0.56,0.48
298000,0.58,0.35,0.68,0.57,0.52
299000,0.59,0.37,0.74,0.53,0.51
300000,0.6,0.36,0.73,0.52,0.46
301000,0.59,0.37,0.72,0.54,0.46
302000,0.63,0.38,0.7,0.56,0.37
303000,0.64,0.37,0.61,0.58,0.34
304000,0.67,0.4,0.58,0.58,0.39
305000,0.7,0.4,0.55,0.58,0.47
306000,0.65,0.34,0.55,0.59,0.45
307000,0.59,0.35,0.57,0.62,0.48
308000,0.62,0.3,0.51,0.63,0.58
309000,0.66,0.31,0.46,0.62,0.65
310000,0.64,0.32,0.45,0.63,0.67
311000,0.63,0.34,0.47,0.64,0.68
312000,0.58,0.33,0.48,0.61,0.71
313000,0.57,0.31,0.44,0.63,0.71
314000,0.59,0.33,0.43,0.59,0.74
315000,0.58,0.32,0.41,0.61,0.72
316000,0.58,0.3,0.4,0.61,0.69
317000,0.59,0.34,0.4,0.62,0.65
318000,0.62,0.29,0.4,0.69,0.66
319000,0.66,0.28,0.44,0.7,0.52
320000,0.65,0.29,0.43,0.75,0.5
321000,0.66,0.28,0.45,0.71,0.53
322000,0.65,0.3,0.5,0.69,0.51
323000,0.72,0.3,0.53,0.71,0.53
324000,0.75,0.28,0.54,0.76,0.54
325000,0.75,0.28,0.62,0.74,0.52
326000,0.74,0.32,0.65,0.72,0.52
327000,0.74,0.38,0.68,0.72,0.5
328000,0.74,0.37,0.71,0.71,0.5
329000,0.68,0.36,0.66,0.72,0.47
330000,0.71,0.38,0.64,0.73,0.48
331000,0.62,0.38,0.61,0.64,0.49
332000,0.63,0.48,0.62,0.61,0.46
333000,0.64,0.49,0.64,0.56,0.44
334000,0.55,0.5,0.61,0.51,0.42
335000,0.53,0.48,0.52,0.54,0.49
336000,0.51,0.47,0.43,0.51,0.58
337000,0.47,0.5,0.49,0.49,0.56
338000,0.47,0.46,0.41,0.5,0.55
339000,0.5,0.49,0.4,0.53,0.59
340000,0.52,0.34,0.44,0.52,0.56
341000,0.51,0.36,0.46,0.49,0.54
342000,0.51,0.34,0.5,0.52,0.58
343000,0.52,0.32,0.49,0.57,0.56
344000,0.57,0.3,0.49,0.61,0.57
345000,0.56,0.24,0.56,0.63,0.54
346000,0.64,0.26,0.59,0.66,0.52
347000,0.65,0.25,0.61,0.7,0.57
348000,0.65,0.32,0.61,0.65,0.6
349000,0.71,0.34,0.63,0.67,0.6
350000,0.7,0.34,0.62,0.69,0.54
351000,0.67,0.37,0.63,0.7,0.55
352000,0.71,0.42,0.6,0.7,0.55
353000,0.68,0.37,0.63,0.74,0.51
354000,0.74,0.31,0.68,0.75,0.56
355000,0.74,0.32,0.65,0.71,0.57
356000,0.73,0.33,0.65,0.67,0.6
357000,0.74,0.33,0.7,0.65,0.61
358000,0.83,0.31,0.72,0.62,0.59
359000,0.76,0.3,0.74,0.65,0.63
360000,0.75,0.27,0.69,0.72,0.67
361000,0.77,0.29,0.73,0.68,0.74
362000,0.72,0.33,0.69,0.7,0.74
363000,0.73,0.35,0.66,0.65,0.78
364000,0.77,0.35,0.73,0.66,0.75
365000,0.73,0.31,0.63,0.59,0.75
366000,0.7,0.29,0.66,0.59,0.73
367000,0.73,0.31,0.64,0.57,0.75
368000,0.71,0.3,0.59,0.6,0.71
369000,0.74,0.32,0.5,0.59,0.71
370000,0.65,0.32,0.49,0.56,0.74
371000,0.67,0.35,0.51,0.52,0.67
372000,0.73,0.39,0.51,0.48,0.62
373000,0.7,0.37,0.53,0.53,0.6
374000,0.72,0.39,0.58,0.5,0.65
375000,0.74,0.41,0.63,0.54,0.59
376000,0.71,0.42,0.63,0.53,0.6
377000,0.73,0.42,0.61,0.56,0.63
378000,0.75,0.37,0.65,0.57,0.63
379000,0.78,0.39,0.65,0.58,0.61
380000,0.74,0.34,0.66,0.6,0.63
381000,0.72,0.33,0.68,0.63,0.58
382000,0.76,0.31,0.74,0.67,0.59
383000,0.76,0.32,0.71,0.69,0.6
384000,0.77,0.35,0.67,0.71,0.62
385000,0.77,0.33,0.73,0.72,0.62
386000,0.77,0.34,0.7,0.68,0.61
387000,0.73,0.35,0.68,0.69,0.6
388000,0.68,0.37,0.66,0.7,0.62
389000,0.67,0.4,0.68,0.69,0.58
390000,0.64,0.41,0.68,0.69,0.63
391000,0.64,0.45,0.67,0.66,0.67
392000,0.59,0.48,0.71,0.67,0.61
393000,0.6,0.45,0.68,0.76,0.62
394000,0.59,0.51,0.72,0.77,0.61
395000,0.63,0.48,0.72,0.78,0.64
396000,0.6,0.51,0.75,0.76,0.63
397000,0.56,0.49,0.72,0.73,0.6
398000,0.64,0.5,0.75,0.74,0.62
399000,0.62,0.5,0.74,0.75,0.6
400000,0.7,0.45,0.72,0.81,0.56
401000,0.73,0.49,0.68,0.81,0.53
402000,0.74,0.52,0.64,0.82,0.46
403000,0.7,0.48,0.63,0.82,0.46
404000,0.67,0.5,0.61,0.83,0.51
405000,0.72,0.44,0.63,0.86,0.49
406000,0.77,0.45,0.62,0.79,0.49
407000,0.81,0.43,0.65,0.73,0.48
408000,0.8,0.44,0.64,0.71,0.53
409000,0.76,0.43,0.61,0.7,0.59
410000,0.81,0.43,0.58,0.75,0.55
411000,0.78,0.42,0.59,0.78,0.55
412000,0.72,0.42,0.55,0.73,0.58
413000,0.73,0.42,0.54,0.73,0.62
414000,0.64,0.37,0.51,0.69,0.67
415000,0.62,0.35,0.55,0.72,0.64
416000,0.69,0.33,0.55,0.75,0.66
417000,0.73,0.33,0.53,0.76,0.66
418000,0.72,0.33,0.58,0.73,0.68
419000,0.69,0.31,0.58,0.7,0.7
420000,0.68,0.31,0.55,0.73,0.64
421000,0.7,0.33,0.55,0.71,0.65
422000,0.67,0.38,0.57,0.71,0.58
423000,0.66,0.36,0.56,0.73,0.62
424000,0.62,0.33,0.59,0.66,0.65
425000,0.64,0.38,0.64,0.66,0.62
426000,0.66,0.44,0.66,0.6,0.51
427000,0.64,0.51,0.68,0.65,0.52
428000,0.69,0.52,0.71,0.66,0.48
429000,0.74,0.51,0.73,0.68,0.49
430000,0.81,0.52,0.72,0.68,0.49
431000,0.78,0.55,0.68,0.65,0.5
432000,0.79,0.54,0.6,0.69,0.51
433000,0.85,0.55,0.62,0.69,0.46
434000,0.88,0.55,0.57,0.71,0.49
435000,0.88,0.57,0.52,0.69,0.44
436000,0.87,0.59,0.56,0.71,0.43
437000,0.9,0.58,0.53,0.7,0.44
438000,0.88,0.55,0.52,0.72,0.43
439000,0.95,0.56,0.48,0.75,0.45
440000,0.92,0.47,0.41,0.78,0.44
441000,0.9,0.4,0.39,0.76,0.41
442000,0.93,0.39,0.38,0.72,0.44
443000,0.91,0.39,0.4,0.74,0.44
444000,0.87,0.37,0.43,0.67,0.47
445000,0.88,0.38,0.43,0.68,0.45
446000,0.78,0.39,0.48,0.76,0.49
447000,0.79,0.4,0.48,0.73,0.5
448000,0.76,0.4,0.55,0.77,0.53
449000,0.74,0.37,0.54,0.78,0.51
450000,0.73,0.36,0.52,0.77,0.54
451000,0.72,0.35,0.51,0.74,0.58
452000,0.73,0.34,0.56,0.73,0.62
453000,0.73,0.35,0.58,0.72,0.65
454000,0.69,0.36,0.63,0.67,0.67
455000,0.73,0.32,0.6,0.68,0.66
456000,0.77,0.38,0.6,0.67,0.68
457000,0.78,0.39,0.6,0.68,0.66
458000,0.74,0.38,0.65,0.69,0.68
459000,0.77,0.33,0.62,0.74,0.71
460000,0.72,0.26,0.63,0.79,0.72
461000,0.75,0.27,0.65,0.76,0.69
462000,0.73,0.26,0.61,0.75,0.72
463000,0.69,0.28,0.62,0.7,0.77
464000,0.66,0.29,0.6,0.64,0.77
465000,0.66,0.3,0.58,0.66,0.8
466000,0.67,0.31,0.58,0.67,0.7
467000,0.67,0.31,0.56,0.69,0.68
468000,0.61,0.31,0.56,0.7,0.67
469000,0.56,0.34,0.56,0.72,0.69
470000,0.56,0.3,0.58,0.72,0.73
471000,0.49,0.24,0.58,0.69,0.71
472000,0.46,0.27,0.58,0.71,0.69
473000,0.45,0.29,0.54,0.73,0.69
474000,0.4,0.29,0.51,0.68,0.63
475000,0.36,0.3,0.49,0.67,0.58
476000,0.31,0.32,0.47,0.63,0.62
477000,0.3,0.33,0.47,0.63,0.57
478000,0.3,0.32,0.49,0.64,0.53
479000,0.31,0.31,0.51,0.65,0.56
480000,0.29,0.31,0.51,0.64,0.54
481000,0.27,0.3,0.45,0.59,0.59
482000,0.25,0.29,0.48,0.62,0.59
483000,0.26,0.32,0.49,0.6,0.58
484000,0.26,0.32,0.47,0.63,0.5
485000,0.25,0.31,0.47,0.6,0.49
486000,0.23,0.31,0.46,0.6,0.5
487000,0.21,0.33,0.44,0.65,0.5
488000,0.24,0.32,0.42,0.64,0.53
489000,0.22,0.32,0.4,0.63,0.55
490000,0.23,0.27,0.37,0.62,0.55
491000,0.22,0.27,0.36,0.64,0.56
492000,0.23,0.28,0.36,0.63,0.59
493000,0.23,0.25,0.3,0.68,0.57
494000,0.2,0.22,0.28,0.63,0.55
495000,0.24,0.22,0.26,0.7,0.5
496000,0.25,0.2,0.26,0.77,0.53
497000,0.28,0.21,0.28,0.83,0.53
498000,0.29,0.21,0.3,0.79,0.56
499000,0.31,0.22,0.33,0.76,0.55
500000,0.33,0.21,0.3,0.72,0.56
501000,0.34,0.23,0.31,0.78,0.54
502000,0.33,0.24,0.32,0.78,0.53
503000,0.39,0.25,0.35,0.74,0.54
504000,0.4,0.27,0.38,0.72,0.53
505000,0.4,0.28,0.36,0.69,0.47
506000,0.41,0.28,0.38,0.65,0.49
507000,0.41,0.3,0.41,0.64,0.5
508000,0.44,0.31,0.47,0.61,0.47
509000,0.45,0.33,0.52,0.56,0.49
510000,0.48,0.31,0.53,0.55,0.46
511000,0.49,0.31,0.58,0.58,0.44
512000,0.52,0.32,0.6,0.52,0.4
513000,0.52,0.33,0.62,0.51,0.36
514000,0.48,0.35,0.65,0.47,0.31
515000,0.49,0.39,0.68,0.49,0.31
516000,0.47,0.39,0.67,0.5,0.32
517000,0.47,0.37,0.65,0.42,0.32
518000,0.46,0.37,0.65,0.39,0.33
519000,0.48,0.4,0.67,0.38,0.3
520000,0.45,0.4,0.62,0.38,0.34
521000,0.46,0.41,0.61,0.41,0.31
522000,0.43,0.41,0.57,0.43,0.31
523000,0.37,0.4,0.57,0.43,0.3
524000,0.37,0.4,0.55,0.43,0.31
525000,0.36,0.35,0.57,0.43,0.35
526000,0.37,0.33,0.59,0.43,0.37
527000,0.39,0.3,0.57,0.39,0.35
528000,0.38,0.3,0.54,0.37,0.34
529000,0.41,0.29,0.51,0.39,0.36
530000,0.43,0.31,0.48,0.4,0.37
531000,0.45,0.31,0.47,0.38,0.36
532000,0.49,0.3,0.46,0.39,0.38
533000,0.47,0.31,0.47,0.41,0.38
534000,0.48,0.33,0.46,0.45,0.4
535000,0.48,0.31,0.43,0.48,0.44
536000,0.48,0.33,0.44,0.46,0.47
537000,0.49,0.36,0.45,0.49,0.47
538000,0.49,0.36,0.42,0.47,0.49
539000,0.48,0.36,0.39,0.45,0.47
540000,0.48,0.35,0.34,0.44,0.47
541000,0.47,0.33,0.33,0.47,0.48
542000,0.49,0.35,0.35,0.49,0.45
543000,0.47,0.36,0.36,0.51,0.46
544000,0.47,0.36,0.37,0.52,0.48
545000,0.45,0.37,0.41,0.49,0.49
546000,0.42,0.36,0.44,0.5,0.51
547000,0.43,0.38,0.43,0.53,0.54
548000,0.44,0.4,0.43,0.52,0.57
549000,0.44,0.42,0.41,0.52,0.63
550000,0.48,0.42,0.41,0.51,0.65
551000,0.51,0.43,0.42,0.5,0.66
552000,0.49,0.42,0.44,0.52,0.7
553000,0.49,0.43,0.43,0.5,0.68
554000,0.49,0.44,0.41,0.48,0.73
555000,0.51,0.4,0.42,0.51,0.76
556000,0.49,0.41,0.44,0.54,0.77
557000,0.54,0.42,0.45,0.58,0.77
558000,0.53,0.37,0.42,0.55,0.76
559000,0.55,0.4,0.45,0.55,0.76
560000,0.57,0.4,0.47,0.61,0.73
561000,0.57,0.38,0.46,0.6,0.73
562000,0.58,0.39,0.43,0.63,0.69
563000,0.56,0.41,0.43,0.68,0.72
564000,0.55,0.42,0.46,0.7,0.67
565000,0.54,0.45,0.46,0.7,0.65
566000,0.52,0.45,0.48,0.7,0.63
567000,0.49,0.44,0.49,0.71,0.55
568000,0.48,0.44,0.5,0.71,0.57
569000,0.51,0.45,0.53,0.71,0.5
570000,0.52,0.38,0.52,0.75,0.49
571000,0.52,0.36,0.52,0.75,0.43
572000,0.53,0.34,0.48,0.76,0.38
573000,0.54,0.33,0.48,0.77,0.39
574000,0.51,0.3,0.53,0.77,0.36
575000,0.48,0.31,0.51,0.81,0.39
576000,0.44,0.32,0.51,0.81,0.38
577000,0.41,0.3,0.55,0.8,0.4
578000,0.42,0.31,0.52,0.8,0.4
579000,0.41,0.32,0.51,0.8,0.4
580000,0.43,0.34,0.51,0.74,0.38
581000,0.44,0.33,0.54,0.74,0.36
582000,0.42,0.33,0.53,0.71,0.34
583000,0.43,0.35,0.52,0.74,0.32
584000,0.44,0.35,0.5,0.73,0.31
585000,0.45,0.35,0.53,0.75,0.37
586000,0.45,0.39,0.53,0.76,0.38
587000,0.42,0.4,0.51,0.78,0.35
588000,0.39,0.47,0.49,0.84,0.36
589000,0.39,0.47,0.51,0.83,0.35
590000,0.37,0.47,0.53,0.79,0.3
591000,0.4,0.5,0.52,0.82,0.32
592000,0.41,0.51,0.49,0.81,0.34
593000,0.45,0.53,0.51,0.81,0.36
594000,0.44,0.53,0.5,0.79,0.36
595000,0.43,0.55,0.52,0.79,0.34
596000,0.45,0.57,0.55,0.8,0.33
597000,0.47,0.58,0.53,0.83,0.37
598000,0.48,0.59,0.52,0.83,0.38
599000,0.47,0.57,0.46,0.79,0.39
600000,0.48,0.58,0.5,0.82,0.43
601000,0.49,0.58,0.5,0.82,0.44
602000,0.49,0.57,0.48,0.79,0.45
603000,0.48,0.52,0.5,0.74,0.45
604000,0.49,0.5,0.47,0.65,0.41
605000,0.5,0.47,0.48,0.64,0.42
606000,0.52,0.45,0.47,0.65,0.46
607000,0.51,0.44,0.49,0.62,0.48
608000,0.5,0.38,0.52,0.63,0.5
609000,0.53,0.31,0.5,0.6,0.53
610000,0.54,0.24,0.47,0.6,0.5
611000,0.57,0.23,0.44,0.58,0.47
612000,0.58,0.17,0.48,0.58,0.52
613000,0.58,0.19,0.5,0.61,0.48
614000,0.51,0.17,0.52,0.57,0.48
615000,0.5,0.15,0.55,0.55,0.5
616000,0.49,0.13,0.55,0.52,0.49
617000,0.5,0.09,0.59,0.5,0.51
618000,0.51,0.08,0.57,0.49,0.5
619000,0.53,0.12,0.61,0.49,0.5
620000,0.56,0.13,0.59,0.49,0.51
621000,0.57,0.15,0.61,0.51,0.53
622000,0.55,0.15,0.6,0.52,0.5
623000,0.56,0.15,0.66,0.54,0.51
624000,0.54,0.15,0.62,0.54,0.51
625000,0.51,0.19,0.7,0.5,0.49
626000,0.54,0.19,0.7,0.55,0.52
627000,0.51,0.2,0.74,0.55,0.53
628000,0.5,0.23,0.76,0.6,0.52
629000,0.53,0.23,0.78,0.55,0.55
630000,0.56,0.24,0.77,0.54,0.52
631000,0.57,0.25,0.77,0.49,0.56
632000,0.57,0.26,0.75,0.5,0.55
633000,0.58,0.26,0.76,0.5,0.53
634000,0.55,0.27,0.8,0.47,0.58
635000,0.61,0.28,0.79,0.54,0.58
636000,0.62,0.31,0.79,0.55,0.58
637000,0.6,0.31,0.76,0.55,0.56
638000,0.59,0.3,0.78,0.58,0.58
639000,0.62,0.34,0.78,0.54,0.57
640000,0.64,0.34,0.77,0.53,0.58
641000,0.68,0.33,0.71,0.59,0.57
642000,0.67,0.35,0.65,0.61,0.58
643000,0.63,0.35,0.65,0.58,0.54
644000,0.59,0.35,0.67,0.57,0.54
645000,0.56,0.38,0.64,0.56,0.57
646000,0.56,0.4,0.6,0.58,0.54
647000,0.54,0.4,0.59,0.59,0.55
648000,0.59,0.41,0.57,0.6,0.53
649000,0.58,0.42,0.6,0.6,0.51
650000,0.57,0.46,0.61,0.6,0.52
651000,0.53,0.46,0.63,0.65,0.48
652000,0.49,0.44,0.66,0.62,0.48
653000,0.49,0.43,0.66,0.63,0.48
654000,0.47,0.44,0.6,0.65,0.49
655000,0.48,0.46,0.58,0.61,0.49
656000,0.51,0.44,0.6,0.65,0.5
657000,0.49,0.46,0.59,0.62,0.52
658000,0.45,0.47,0.57,0.56,0.54
659000,0.5,0.46,0.63,0.53,0.52
660000,0.56,0.48,0.65,0.53,0.5
661000,0.6,0.47,0.7,0.56,0.53
662000,0.6,0.47,0.72,0.54,0.49
663000,0.61,0.45,0.69,0.57,0.48
664000,0.62,0.48,0.68,0.56,0.52
665000,0.64,0.46,0.69,0.58,0.55
666000,0.63,0.46,0.73,0.56,0.55
667000,0.64,0.49,0.72,0.54,0.58
668000,0.68,0.51,0.74,0.49,0.59
669000,0.7,0.51,0.79,0.46,0.57
670000,0.7,0.49,0.77,0.46,0.61
671000,0.73,0.47,0.81,0.43,0.65
672000,0.71,0.48,0.81,0.43,0.63
673000,0.68,0.42,0.78,0.42,0.62
674000,0.7,0.43,0.8,0.44,0.59
675000,0.72,0.43,0.85,0.45,0.57
676000,0.71,0.44,0.85,0.48,0.59
677000,0.68,0.43,0.84,0.5,0.66
678000,0.69,0.47,0.83,0.51,0.66
679000,0.71,0.47,0.82,0.54,0.66
680000,0.7,0.48,0.85,0.56,0.67
681000,0.68,0.48,0.84,0.56,0.64
682000,0.68,0.5,0.79,0.57,0.6
683000,0.67,0.54,0.75,0.54,0.56
684000,0.66,0.56,0.76,0.52,0.53
685000,0.66,0.56,0.73,0.54,0.54
686000,0.63,0.54,0.73,0.55,0.49
687000,0.67,0.57,0.66,0.6,0.48
688000,0.68,0.53,0.63,0.62,0.47
689000,0.71,0.51,0.58,0.63,0.47
690000,0.68,0.5,0.53,0.68,0.44
691000,0.66,0.53,0.52,0.63,0.46
692000,0.59,0.54,0.46,0.61,0.4
693000,0.56,0.54,0.46,0.59,0.34
694000,0.56,0.58,0.44,0.58,0.32
695000,0.54,0.6,0.36,0.56,0.34
696000,0.5,0.62,0.34,0.54,0.35
697000,0.52,0.61,0.35,0.53,0.33
698000,0.5,0.61,0.34,0.49,0.34
699000,0.52,0.59,0.31,0.49,0.33
700000,0.51,0.58,0.32,0.49,0.34
701000,0.48,0.51,0.28,0.49,0.35
702000,0.44,0.5,0.27,0.52,0.33
703000,0.41,0.48,0.27,0.47,0.3
704000,0.42,0.48,0.25,0.51,0.29
705000,0.38,0.39,0.29,0.47,0.3
706000,0.38,0.36,0.31,0.45,0.33
707000,0.38,0.38,0.36,0.51,0.33
708000,0.36,0.39,0.34,0.53,0.34
709000,0.35,0.42,0.34,0.54,0.33
710000,0.34,0.43,0.38,0.51,0.34
711000,0.37,0.4,0.38,0.53,0.33
712000,0.4,0.38,0.38,0.51,0.31
713000,0.38,0.36,0.38,0.5,0.3
714000,0.36,0.35,0.36,0.49,0.34
715000,0.39,0.36,0.35,0.51,0.34
716000,0.39,0.36,0.39,0.54,0.34
717000,0.4,0.32,0.42,0.51,0.35
718000,0.42,0.35,0.46,0.56,0.34
719000,0.42,0.35,0.48,0.58,0.36
720000,0.43,0.38,0.48,0.58,0.35
721000,0.43,0.42,0.55,0.59,0.33
722000,0.46,0.43,0.57,0.59,0.34
723000,0.48,0.43,0.59,0.54,0.34
724000,0.49,0.44,0.63,0.55,0.35
725000,0.5,0.49,0.57,0.54,0.33
726000,0.52,0.46,0.59,0.55,0.34
727000,0.51,0.45,0.55,0.53,0.37
728000,0.52,0.45,0.52,0.52,0.37
729000,0.6,0.49,0.53,0.5,0.39
730000,0.62,0.52,0.55,0.47,0.35
731000,0.63,0.52,0.57,0.46,0.36
732000,0.65,0.52,0.56,0.44,0.36
733000,0.65,0.51,0.51,0.43,0.36
734000,0.65,0.52,0.51,0.4,0.36
735000,0.65,0.51,0.48,0.41,0.39
736000,0.64,0.51,0.48,0.44,0.4
737000,0.62,0.5,0.49,0.39,0.39
738000,0.6,0.53,0.47,0.38,0.4
739000,0.62,0.55,0.49,0.4,0.44
740000,0.63,0.55,0.43,0.44,0.44
741000,0.62,0.56,0.43,0.38,0.44
742000,0.57,0.54,0.43,0.38,0.44
743000,0.58,0.5,0.45,0.38,0.41
744000,0.57,0.53,0.46,0.4,0.43
745000,0.6,0.54,0.46,0.45,0.43
746000,0.51,0.52,0.45,0.46,0.45
747000,0.45,0.5,0.51,0.46,0.5
748000,0.46,0.48,0.53,0.49,0.5
749000,0.44,0.47,0.53,0.49,0.49
750000,0.47,0.48,0.55,0.49,0.48
751000,0.49,0.46,0.55,0.5,0.48
752000,0.48,0.45,0.57,0.49,0.49
753000,0.5,0.45,0.57,0.51,0.49
754000,0.49,0.45,0.62,0.49,0.47
755000,0.49,0.42,0.65,0.47,0.45
756000,0.5,0.4,0.67,0.44,0.43
757000,0.49,0.38,0.63,0.44,0.41
758000,0.52,0.39,0.62,0.44,0.37
759000,0.55,0.37,0.66,0.42,0.39
760000,0.54,0.36,0.66,0.39,0.39
761000,0.53,0.37,0.66,0.38,0.4
762000,0.52,0.34,0.61,0.35,0.36
763000,0.46,0.33,0.59,0.36,0.32
764000,0.45,0.32,0.59,0.36,0.32
765000,0.5,0.34,0.58,0.36,0.29
766000,0.46,0.35,0.6,0.34,0.22
767000,0.47,0.38,0.55,0.33,0.21
768000,0.49,0.38,0.51,0.28,0.24
769000,0.46,0.38,0.46,0.28,0.27
770000,0.49,0.42,0.48,0.27,0.29
771000,0.45,0.45,0.5,0.26,0.3
772000,0.43,0.45,0.55,0.26,0.33
773000,0.45,0.45,0.54,0.25,0.33
774000,0.44,0.46,0.55,0.26,0.29
775000,0.47,0.46,0.61,0.22,0.27
776000,0.49,0.47,0.6,0.22,0.26
777000,0.53,0.47,0.63,0.22,0.26
778000,0.53,0.44,0.62,0.22,0.29
779000,0.55,0.45,0.61,0.22,0.3
780000,0.52,0.47,0.64,0.21,0.33
781000,0.53,0.46,0.57,0.2,0.34
782000,0.54,0.46,0.57,0.19,0.36
783000,0.55,0.46,0.55,0.19,0.29
784000,0.55,0.45,0.53,0.18,0.28
785000,0.55,0.47,0.51,0.16,0.24
786000,0.56,0.46,0.49,0.15,0.25
787000,0.61,0.43,0.48,0.15,0.29
788000,0.61,0.46,0.48,0.11,0.31
789000,0.6,0.44,0.41,0.13,0.29
790000,0.6,0.46,0.41,0.15,0.31
791000,0.57,0.46,0.42,0.14,0.3
792000,0.56,0.47,0.4,0.15,0.27
793000,0.56,0.48,0.41,0.16,0.25
794000,0.56,0.47,0.38,0.17,0.27
795000,0.56,0.46,0.4,0.19,0.29
796000,0.56,0.42,0.43,0.19,0.26
797000,0.55,0.39,0.48,0.16,0.27
798000,0.58,0.37,0.49,0.18,0.28
799000,0.55,0.38,0.5,0.2,0.25
800000,0.53,0.37,0.48,0.19,0.26
801000,0.52,0.36,0.45,0.2,0.24
802000,0.48,0.35,0.49,0.21,0.22
803000,0.44,0.32,0.49,0.21,0.19
804000,0.4,0.32,0.48,0.22,0.2
805000,0.41,0.36,0.49,0.24,0.2
806000,0.41,0.34,0.49,0.24,0.19
807000,0.4,0.34,0.51,0.24,0.18
808000,0.37,0.36,0.55,0.25,0.2
809000,0.39,0.35,0.53,0.3,0.18
810000,0.39,0.35,0.55,0.32,0.18
811000,0.4,0.37,0.53,0.33,0.16
812000,0.41,0.34,0.49,0.34,0.17
813000,0.43,0.34,0.5,0.34,0.2
814000,0.46,0.34,0.5,0.35,0.2
815000,0.48,0.35,0.45,0.35,0.2
816000,0.5,0.35,0.44,0.35,0.21
817000,0.52,0.36,0.43,0.37,0.21
818000,0.56,0.36,0.39,0.39,0.23
819000,0.59,0.33,0.43,0.39,0.24
820000,0.63,0.35,0.43,0.4,0.24
821000,0.64,0.37,0.43,0.39,0.27
822000,0.61,0.37,0.41,0.39,0.29
823000,0.6,0.37,0.4,0.39,0.31
824000,0.6,0.36,0.41,0.38,0.32
825000,0.58,0.36,0.45,0.39,0.32
826000,0.59,0.35,0.46,0.4,0.33
827000,0.64,0.37,0.48,0.4,0.31
828000,0.61,0.36,0.47,0.39,0.35
829000,0.59,0.36,0.49,0.42,0.36
830000,0.54,0.38,0.51,0.42,0.37
831000,0.51,0.39,0.53,0.39,0.41
832000,0.5,0.36,0.54,0.38,0.4
833000,0.49,0.37,0.57,0.39,0.4
834000,0.5,0.39,0.6,0.38,0.42
835000,0.47,0.38,0.61,0.4,0.39
836000,0.45,0.38,0.59,0.36,0.4
837000,0.46,0.38,0.6,0.34,0.37
838000,0.47,0.39,0.6,0.32,0.33
839000,0.48,0.36,0.59,0.28,0.34
840000,0.53,0.34,0.64,0.27,0.35
841000,0.52,0.34,0.62,0.26,0.35
842000,0.5,0.34,0.57,0.26,0.39
843000,0.48,0.33,0.58,0.28,0.34
844000,0.47,0.33,0.57,0.3,0.32
845000,0.46,0.34,0.54,0.32,0.34
846000,0.48,0.34,0.5,0.33,0.3
847000,0.5,0.35,0.46,0.34,0.29
848000,0.51,0.36,0.44,0.3,0.29
849000,0.5,0.37,0.47,0.35,0.25
850000,0.5,0.35,0.48,0.33,0.26
851000,0.48,0.39,0.43,0.34,0.27
852000,0.48,0.39,0.45,0.35,0.29
853000,0.44,0.37,0.42,0.33,0.32
854000,0.42,0.39,0.42,0.37,0.3
855000,0.42,0.42,0.41,0.38,0.28
856000,0.38,0.42,0.34,0.41,0.32
857000,0.39,0.39,0.37,0.44,0.31
858000,0.41,0.4,0.34,0.47,0.32
859000,0.42,0.4,0.31,0.49,0.33
860000,0.4,0.42,0.33,0.44,0.31
861000,0.41,0.43,0.36,0.41,0.34
862000,0.42,0.44,0.33,0.4,0.35
863000,0.39,0.46,0.34,0.38,0.33
864000,0.39,0.5,0.37,0.34,0.35
865000,0.42,0.53,0.39,0.34,0.34
866000,0.41,0.49,0.42,0.33,0.32
867000,0.4,0.47,0.44,0.38,0.32
868000,0.43,0.49,0.48,0.36,0.3
869000,0.47,0.5,0.53,0.36,0.3
870000,0.5,0.48,0.52,0.32,0.26
871000,0.51,0.45,0.5,0.32,0.24
872000,0.55,0.45,0.54,0.28,0.23
873000,0.55,0.47,0.52,0.23,0.27
874000,0.57,0.5,0.51,0.23,0.26
875000,0.56,0.52,0.48,0.24,0.26
876000,0.53,0.52,0.47,0.25,0.24
877000,0.49,0.52,0.5,0.24,0.23
878000,0.49,0.5,0.45,0.24,0.23
879000,0.45,0.52,0.47,0.23,0.23
880000,0.42,0.52,0.45,0.25,0.25
881000,0.45,0.53,0.44,0.28,0.27
882000,0.47,0.51,0.43,0.25,0.28
883000,0.49,0.48,0.39,0.25,0.32
884000,0.47,0.45,0.35,0.28,0.34
885000,0.43,0.45,0.32,0.28,0.34
886000,0.4,0.45,0.32,0.3,0.33
887000,0.38,0.47,0.31,0.28,0.34
888000,0.4,0.47,0.31,0.27,0.34
889000,0.4,0.45,0.35,0.3,0.29
890000,0.42,0.42,0.37,0.32,0.28
891000,0.42,0.46,0.4,0.34,0.29
892000,0.46,0.42,0.44,0.34,0.3
893000,0.49,0.39,0.39,0.38,0.31
894000,0.53,0.4,0.42,0.38,0.29
895000,0.55,0.39,0.43,0.39,0.29
896000,0.58,0.4,0.42,0.4,0.25
897000,0.58,0.41,0.45,0.42,0.24
898000,0.61,0.41,0.44,0.4,0.24
899000,0.62,0.41,0.5,0.39,0.23
900000,0.59,0.41,0.53,0.36,0.24
901000,0.57,0.41,0.53,0.38,0.24
902000,0.58,0.42,0.53,0.39,0.21
903000,0.61,0.42,0.52,0.41,0.23
904000,0.63,0.44,0.56,0.4,0.22
905000,0.64,0.42,0.59,0.41,0.23
906000,0.64,0.39,0.57,0.41,0.21
907000,0.66,0.39,0.57,0.42,0.19
908000,0.66,0.4,0.58,0.42,0.22
909000,0.67,0.42,0.59,0.41,0.2
910000,0.66,0.42,0.58,0.42,0.19
911000,0.65,0.45,0.6,0.39,0.21
912000,0.63,0.43,0.56,0.43,0.2
913000,0.61,0.41,0.6,0.43,0.17
914000,0.58,0.39,0.63,0.42,0.17
915000,0.62,0.37,0.63,0.43,0.2
916000,0.67,0.36,0.64,0.43,0.19
917000,0.7,0.36,0.65,0.42,0.19
918000,0.71,0.35,0.66,0.41,0.19
919000,0.71,0.33,0.62,0.38,0.19
920000,0.72,0.33,0.64,0.38,0.18
921000,0.74,0.33,0.66,0.38,0.2
922000,0.7,0.35,0.68,0.36,0.18
923000,0.69,0.34,0.68,0.33,0.19
924000,0.67,0.36,0.67,0.33,0.22
925000,0.69,0.35,0.68,0.37,0.23
926000,0.72,0.35,0.71,0.37,0.24
927000,0.73,0.39,0.7,0.37,0.26
928000,0.75,0.39,0.64,0.34,0.26
929000,0.76,0.42,0.62,0.35,0.23
930000,0.71,0.42,0.59,0.35,0.22
931000,0.66,0.42,0.61,0.31,0.24
932000,0.66,0.43,0.55,0.36,0.25
933000,0.64,0.43,0.54,0.37,0.26
934000,0.6,0.44,0.58,0.39,0.26
935000,0.59,0.44,0.57,0.4,0.28
936000,0.55,0.43,0.53,0.41,0.31
937000,0.52,0.45,0.52,0.42,0.3
938000,0.55,0.46,0.5,0.45,0.33
939000,0.54,0.46,0.51,0.48,0.32
940000,0.52,0.45,0.48,0.52,0.29
941000,0.52,0.45,0.49,0.53,0.28
942000,0.52,0.46,0.47,0.53,0.25
943000,0.52,0.45,0.48,0.49,0.26
944000,0.53,0.46,0.5,0.45,0.28
945000,0.51,0.51,0.52,0.44,0.29
946000,0.54,0.53,0.56,0.41,0.3
947000,0.54,0.52,0.61,0.43,0.3
948000,0.52,0.52,0.61,0.42,0.31
949000,0.53,0.51,0.59,0.43,0.31
950000,0.54,0.53,0.61,0.44,0.3
951000,0.55,0.53,0.67,0.45,0.28
952000,0.6,0.54,0.65,0.41,0.28
953000,0.63,0.54,0.65,0.4,0.27
954000,0.65,0.56,0.67,0.39,0.25
955000,0.62,0.57,0.65,0.35,0.25
956000,0.63,0.58,0.65,0.35,0.26
957000,0.65,0.57,0.67,0.35,0.25
958000,0.63,0.58,0.7,0.39,0.26
959000,0.63,0.52,0.72,0.42,0.26
960000,0.61,0.53,0.71,0.43,0.23
961000,0.62,0.52,0.66,0.46,0.23
962000,0.67,0.49,0.68,0.49,0.2
963000,0.68,0.49,0.69,0.51,0.18
964000,0.73,0.51,0.67,0.51,0.16
965000,0.74,0.52,0.66,0.51,0.17
966000,0.75,0.52,0.66,0.48,0.16
967000,0.74,0.52,0.68,0.53,0.18
968000,0.73,0.5,0.69,0.57,0.18
969000,0.72,0.49,0.67,0.59,0.17
970000,0.7,0.49,0.69,0.58,0.17
971000,0.72,0.5,0.71,0.58,0.16
972000,0.71,0.51,0.66,0.56,0.15
973000,0.71,0.53,0.66,0.59,0.15
974000,0.74,0.53,0.65,0.56,0.13
975000,0.75,0.5,0.71,0.53,0.14
976000,0.77,0.48,0.72,0.52,0.13
977000,0.77,0.5,0.68,0.51,0.13
978000,0.75,0.49,0.69,0.46,0.13
979000,0.77,0.47,0.69,0.44,0.16
980000,0.73,0.46,0.66,0.38,0.16
981000,0.72,0.43,0.7,0.38,0.18
982000,0.68,0.42,0.74,0.37,0.19
983000,0.72,0.43,0.72,0.35,0.19
984000,0.7,0.39,0.71,0.39,0.2
985000,0.7,0.37,0.68,0.38,0.2
986000,0.72,0.39,0.68,0.4,0.21
987000,0.72,0.41,0.72,0.43,0.2
988000,0.75,0.41,0.68,0.44,0.22
989000,0.77,0.41,0.69,0.44,0.23
990000,0.76,0.43,0.65,0.44,0.24
991000,0.77,0.42,0.64,0.43,0.26
992000,0.79,0.43,0.68,0.42,0.28
993000,0.76,0.44,0.6,0.47,0.29
994000,0.75,0.43,0.65,0.49,0.31
995000,0.75,0.43,0.61,0.51,0.28
996000,0.76,0.42,0.51,0.52,0.29
997000,0.79,0.41,0.55,0.53,0.31
998000,0.8,0.37,0.55,0.55,0.29
999000,0.79,0.33,0.57,0.58,0.3
1000000,0.79,0.36,0.56,0.58,0.3
1001000,0.77,0.36,0.56,0.58,0.3
1002000,0.72,0.39,0.57,0.63,0.32
1003000,0.72,0.39,0.58,0.63,0.32
1004000,0.68,0.39,0.59,0.61,0.3
1005000,0.62,0.39,0.63,0.56,0.31
1006000,0.6,0.37,0.62,0.54,0.3
1007000,0.54,0.37,0.68,0.49,0.29
1008000,0.53,0.37,0.65,0.5,0.27
1009000,0.52,0.37,0.65,0.52,0.27
1010000,0.43,0.38,0.66,0.55,0.23
1011000,0.43,0.38,0.67,0.57,0.23
1012000,0.46,0.38,0.64,0.54,0.21
1013000,0.43,0.42,0.62,0.49,0.2
1014000,0.42,0.42,0.61,0.52,0.22
1015000,0.4,0.4,0.55,0.53,0.23
1016000,0.43,0.4,0.56,0.52,0.25
1017000,0.44,0.39,0.5,0.51,0.23
1018000,0.46,0.39,0.5,0.47,0.24
1019000,0.51,0.36,0.44,0.45,0.24
1020000,0.51,0.38,0.41,0.45,0.25
1021000,0.55,0.39,0.39,0.46,0.26
1022000,0.61,0.43,0.42,0.48,0.27
1023000,0.62,0.44,0.39,0.45,0.25
1024000,0.62,0.39,0.4,0.44,0.26
1025000,0.63,0.35,0.43,0.44,0.28
1026000,0.66,0.35,0.45,0.44,0.27
1027000,0.66,0.36,0.46,0.43,0.28
1028000,0.64,0.39,0.43,0.44,0.26
1029000,0.66,0.38,0.42,0.46,0.24
1030000,0.67,0.33,0.44,0.45,0.22
1031000,0.69,0.31,0.4,0.49,0.23
1032000,0.69,0.36,0.38,0.49,0.26
1033000,0.72,0.38,0.4,0.51,0.27
1034000,0.69,0.37,0.35,0.54,0.27
1035000,0.7,0.37,0.38,0.55,0.27
1036000,0.67,0.39,0.42,0.55,0.26
1037000,0.63,0.39,0.45,0.52,0.26
1038000,0.6,0.41,0.43,0.49,0.28
1039000,0.61,0.41,0.43,0.48,0.27
1040000,0.61,0.44,0.42,0.43,0.25
1041000,0.59,0.45,0.43,0.42,0.27
1042000,0.6,0.45,0.42,0.38,0.3
1043000,0.61,0.45,0.44,0.37,0.3
1044000,0.6,0.46,0.47,0.34,0.32
1045000,0.64,0.41,0.48,0.31,0.35
1046000,0.65,0.42,0.5,0.31,0.33
1047000,0.69,0.45,0.51,0.33,0.31
1048000,0.71,0.47,0.55,0.33,0.29
1049000,0.7,0.47,0.6,0.33,0.3
1050000,0.7,0.48,0.59,0.33,0.29
1051000,0.69,0.48,0.6,0.34,0.3
1052000,0.67,0.47,0.59,0.37,0.3
1053000,0.64,0.45,0.56,0.36,0.29
1054000,0.67,0.46,0.57,0.4,0.3
1055000,0.7,0.42,0.57,0.4,0.29
1056000,0.7,0.43,0.56,0.44,0.28
1057000,0.75,0.39,0.61,0.47,0.28
1058000,0.75,0.4,0.61,0.49,0.27
1059000,0.77,0.4,0.63,0.5,0.28
1060000,0.74,0.41,0.59,0.56,0.26
1061000,0.71,0.4,0.55,0.55,0.3
1062000,0.68,0.4,0.57,0.53,0.31
1063000,0.67,0.4,0.54,0.46,0.32
1064000,0.62,0.42,0.55,0.43,0.32
1065000,0.64,0.37,0.56,0.44,0.32
1066000,0.67,0.4,0.6,0.47,0.37
1067000,0.7,0.38,0.59,0.5,0.38
1068000,0.72,0.4,0.64,0.55,0.37
1069000,0.8,0.41,0.61,0.48,0.36
1070000,0.76,0.43,0.66,0.5,0.37
1071000,0.71,0.41,0.64,0.48,0.36
1072000,0.65,0.41,0.65,0.52,0.35
1073000,0.65,0.41,0.66,0.48,0.33
1074000,0.64,0.42,0.68,0.49,0.34
1075000,0.63,0.4,0.67,0.45,0.36
1076000,0.63,0.38,0.66,0.41,0.37
1077000,0.62,0.41,0.68,0.38,0.34
1078000,0.58,0.44,0.71,0.4,0.33
1079000,0.57,0.48,0.71,0.42,0.33
1080000,0.58,0.5,0.7,0.44,0.3
1081000,0.6,0.51,0.65,0.38,0.29
1082000,0.63,0.52,0.6,0.34,0.28
1083000,0.62,0.53,0.63,0.28,0.28
1084000,0.65,0.54,0.62,0.28,0.31
1085000,0.64,0.54,0.59,0.29,0.31
1086000,0.65,0.53,0.64,0.27,0.33
1087000,0.7,0.49,0.59,0.24,0.33
1088000,0.74,0.47,0.62,0.22,0.35
1089000,0.75,0.46,0.61,0.25,0.35
1090000,0.76,0.42,0.61,0.24,0.32
1091000,0.76,0.42,0.61,0.26,0.33
1092000,0.79,0.44,0.56,0.31,0.37
1093000,0.77,0.44,0.58,0.31,0.41
1094000,0.77,0.47,0.62,0.36,0.45
1095000,0.79,0.47,0.6,0.36,0.45
1096000,0.78,0.45,0.64,0.36,0.44
1097000,0.78,0.44,0.67,0.38,0.46
1098000,0.74,0.45,0.66,0.4,0.48
1099000,0.7,0.47,0.59,0.39,0.44
1100000,0.61,0.46,0.59,0.39,0.45
1101000,0.64,0.45,0.54,0.38,0.42
1102000,0.61,0.46,0.51,0.39,0.45
1103000,0.62,0.45,0.5,0.39,0.44
1104000,0.62,0.42,0.48,0.39,0.43
1105000,0.62,0.38,0.49,0.39,0.44
1106000,0.73,0.38,0.46,0.4,0.44
1107000,0.7,0.36,0.42,0.41,0.42
1108000,0.73,0.35,0.43,0.41,0.37
1109000,0.72,0.38,0.43,0.41,0.36
1110000,0.76,0.4,0.4,0.4,0.39
1111000,0.78,0.4,0.36,0.42,0.39
1112000,0.78,0.39,0.39,0.45,0.39
1113000,0.75,0.43,0.39,0.5,0.35
1114000,0.7,0.48,0.38,0.48,0.37
1115000,0.77,0.49,0.38,0.48,0.39
1116000,0.81,0.5,0.41,0.48,0.38
1117000,0.82,0.51,0.41,0.48,0.4
1118000,0.81,0.48,0.44,0.46,0.38
1119000,0.79,0.49,0.43,0.48,0.42
1120000,0.72,0.48,0.43,0.48,0.43
1121000,0.69,0.48,0.43,0.46,0.42
1122000,0.69,0.5,0.39,0.42,0.43
1123000,0.68,0.5,0.4,0.39,0.41
1124000,0.68,0.51,0.38,0.35,0.4
1125000,0.68,0.52,0.37,0.35,0.39
1126000,0.65,0.52,0.34,0.31,0.37
1127000,0.64,0.5,0.32,0.3,0.38
1128000,0.65,0.5,0.33,0.23,0.38
1129000,0.7,0.49,0.31,0.3,0.41
1130000,0.69,0.51,0.29,0.33,0.41
1131000,0.63,0.48,0.27,0.37,0.42
1132000,0.63,0.48,0.25,0.4,0.4
1133000,0.61,0.44,0.26,0.42,0.4
1134000,0.63,0.4,0.32,0.46,0.37
1135000,0.64,0.38,0.31,0.5,0.36
1136000,0.62,0.41,0.31,0.5,0.37
1137000,0.61,0.38,0.36,0.51,0.38
1138000,0.59,0.42,0.42,0.54,0.38
1139000,0.6,0.41,0.45,0.55,0.36
1140000,0.6,0.43,0.47,0.58,0.33
1141000,0.63,0.41,0.47,0.6,0.33
1142000,0.64,0.39,0.48,0.6,0.32
1143000,0.61,0.39,0.5,0.61,0.28
1144000,0.61,0.43,0.52,0.62,0.26
1145000,0.62,0.45,0.56,0.64,0.25
1146000,0.61,0.49,0.61,0.61,0.26
1147000,0.63,0.54,0.65,0.56,0.27
1148000,0.63,0.54,0.68,0.51,0.28
1149000,0.64,0.58,0.69,0.48,0.3
1150000,0.65,0.55,0.72,0.46,0.27
1151000,0.6,0.56,0.75,0.41,0.29
1152000,0.63,0.57,0.8,0.42,0.29
1153000,0.61,0.57,0.8,0.42,0.3
1154000,0.64,0.59,0.79,0.42,0.33
1155000,0.65,0.57,0.78,0.43,0.37
1156000,0.66,0.53,0.83,0.41,0.38
1157000,0.68,0.5,0.78,0.39,0.38
1158000,0.68,0.5,0.82,0.38,0.43
1159000,0.66,0.54,0.73,0.37,0.43
1160000,0.64,0.55,0.69,0.35,0.44
1161000,0.68,0.55,0.68,0.3,0.44
1162000,0.7,0.55,0.68,0.35,0.43
1163000,0.7,0.52,0.68,0.39,0.43
1164000,0.69,0.48,0.7,0.39,0.44
1165000,0.68,0.41,0.68,0.41,0.48
1166000,0.69,0.38,0.65,0.41,0.49
1167000,0.7,0.35,0.66,0.41,0.5
1168000,0.75,0.4,0.66,0.36,0.53
1169000,0.76,0.44,0.67,0.39,0.56
1170000,0.79,0.45,0.69,0.39,0.55
1171000,0.75,0.47,0.68,0.36,0.53
1172000,0.74,0.5,0.6,0.34,0.52
1173000,0.7,0.51,0.58,0.36,0.54
1174000,0.76,0.55,0.6,0.39,0.51
1175000,0.74,0.56,0.59,0.41,0.48
1176000,0.73,0.55,0.61,0.46,0.49
1177000,0.77,0.52,0.61,0.48,0.47
1178000,0.75,0.52,0.64,0.49,0.45
1179000,0.74,0.5,0.61,0.46,0.46
1180000,0.76,0.52,0.57,0.43,0.44
1181000,0.83,0.55,0.57,0.44,0.38
1182000,0.82,0.56,0.58,0.46,0.38
1183000,0.84,0.56,0.54,0.43,0.34
1184000,0.83,0.58,0.55,0.47,0.3
1185000,0.77,0.58,0.6,0.47,0.31
1186000,0.77,0.59,0.63,0.45,0.26
1187000,0.8,0.59,0.66,0.48,0.27
1188000,0.81,0.59,0.74,0.53,0.25
1189000,0.81,0.54,0.73,0.55,0.25
1190000,0.8,0.54,0.78,0.55,0.25
1191000,0.8,0.5,0.8,0.53,0.25
1192000,0.84,0.52,0.77,0.51,0.27
1193000,0.84,0.53,0.75,0.49,0.27
1194000,0.86,0.52,0.7,0.51,0.26
1195000,0.85,0.54,0.71,0.5,0.24
1196000,0.86,0.56,0.7,0.51,0.27
1197000,0.85,0.57,0.65,0.52,0.27
1198000,0.77,0.5,0.65,0.52,0.28
1199000,0.75,0.56,0.65,0.54,0.27
1200000,0.7,0.57,0.57,0.53,0.29
1201000,0.74,0.58,0.52,0.53,0.27
1202000,0.74,0.56,0.48,0.56,0.29
1203000,0.71,0.57,0.44,0.56,0.32
1204000,0.68,0.53,0.39,0.52,0.35
1205000,0.7,0.47,0.33,0.49,0.35
1206000,0.71,0.47,0.31,0.51,0.36
1207000,0.69,0.49,0.31,0.51,0.34
1208000,0.64,0.49,0.3,0.52,0.35
1209000,0.57,0.51,0.32,0.51,0.36
1210000,0.56,0.52,0.31,0.52,0.38
1211000,0.58,0.53,0.3,0.55,0.38
1212000,0.54,0.54,0.34,0.54,0.41
1213000,0.57,0.54,0.38,0.56,0.4
1214000,0.59,0.55,0.39,0.61,0.43
1215000,0.64,0.53,0.45,0.6,0.43
1216000,0.65,0.56,0.46,0.6,0.45
1217000,0.67,0.56,0.45,0.61,0.45
1218000,0.73,0.48,0.47,0.64,0.44
1219000,0.74,0.49,0.46,0.61,0.4
1220000,0.75,0.43,0.51,0.64,0.41
1221000,0.73,0.45,0.55,0.65,0.43
1222000,0.77,0.46,0.54,0.69,0.45
1223000,0.76,0.46,0.5,0.7,0.44
1224000,0.75,0.45,0.51,0.71,0.44
1225000,0.76,0.43,0.51,0.69,0.41
1226000,0.79,0.39,0.51,0.68,0.44
1227000,0.83,0.38,0.54,0.7,0.4
1228000,0.83,0.33,0.55,0.69,0.36
1229000,0.85,0.32,0.54,0.67,0.36
1230000,0.87,0.36,0.54,0.69,0.28
1231000,0.86,0.36,0.48,0.65,0.3
1232000,0.86,0.32,0.49,0.65,0.28
1233000,0.85,0.29,0.47,0.64,0.29
1234000,0.84,0.24,0.46,0.61,0.3
1235000,0.82,0.24,0.39,0.57,0.26
1236000,0.74,0.23,0.41,0.6,0.23
1237000,0.78,0.28,0.44,0.6,0.22
1238000,0.74,0.28,0.45,0.59,0.24
1239000,0.74,0.25,0.47,0.6,0.23
1240000,0.72,0.21,0.46,0.56,0.19
1241000,0.78,0.21,0.46,0.52,0.21
1242000,0.77,0.22,0.45,0.5,0.26
1243000,0.78,0.23,0.44,0.45,0.24
1244000,0.74,0.24,0.39,0.42,0.24
1245000,0.74,0.27,0.39,0.39,0.23
1246000,0.73,0.27,0.42,0.35,0.25
1247000,0.71,0.27,0.4,0.34,0.25
1248000,0.7,0.27,0.41,0.34,0.26
1249000,0.69,0.24,0.43,0.33,0.26
1250000,0.66,0.21,0.42,0.35,0.26
1251000,0.66,0.21,0.4,0.38,0.27
1252000,0.63,0.21,0.43,0.37,0.27
1253000,0.62,0.22,0.41,0.35,0.29
1254000,0.66,0.23,0.4,0.36,0.31
1255000,0.65,0.26,0.45,0.32,0.34
1256000,0.69,0.26,0.44,0.34,0.35
1257000,0.67,0.26,0.45,0.37,0.31
1258000,0.65,0.25,0.48,0.39,0.34
1259000,0.69,0.25,0.47,0.47,0.35
1260000,0.68,0.24,0.51,0.49,0.34
1261000,0.64,0.26,0.49,0.5,0.34
1262000,0.65,0.29,0.54,0.51,0.31
1263000,0.64,0.29,0.54,0.51,0.31
1264000,0.64,0.31,0.56,0.49,0.3
1265000,0.63,0.31,0.55,0.45,0.3
1266000,0.68,0.31,0.63,0.44,0.33
1267000,0.68,0.33,0.63,0.43,0.33
1268000,0.71,0.33,0.67,0.39,0.31
1269000,0.64,0.34,0.66,0.39,0.28
1270000,0.65,0.33,0.63,0.38,0.31
1271000,0.6,0.27,0.62,0.36,0.28
1272000,0.58,0.31,0.66,0.37,0.29
1273000,0.57,0.33,0.64,0.37,0.27
1274000,0.57,0.35,0.62,0.41,0.28
1275000,0.57,0.35,0.61,0.35,0.3
1276000,0.61,0.35,0.62,0.33,0.31
1277000,0.58,0.35,0.56,0.32,0.31
1278000,0.55,0.35,0.55,0.34,0.31
1279000,0.58,0.36,0.57,0.32,0.3
1280000,0.57,0.35,0.6,0.32,0.3
1281000,0.58,0.39,0.6,0.33,0.3
1282000,0.55,0.39,0.59,0.34,0.3
1283000,0.55,0.41,0.54,0.38,0.31
1284000,0.54,0.41,0.57,0.42,0.26
1285000,0.53,0.41,0.61,0.4,0.29
1286000,0.56,0.41,0.61,0.41,0.3
1287000,0.55,0.39,0.61,0.41,0.31
1288000,0.55,0.4,0.59,0.41,0.3
1289000,0.51,0.42,0.6,0.35,0.29
1290000,0.48,0.36,0.62,0.38,0.3
1291000,0.5,0.33,0.62,0.34,0.31
1292000,0.48,0.33,0.58,0.36,0.31
1293000,0.49,0.35,0.55,0.38,0.31
1294000,0.5,0.35,0.52,0.39,0.35
1295000,0.45,0.3,0.46,0.39,0.33
1296000,0.48,0.27,0.47,0.39,0.32
1297000,0.47,0.25,0.43,0.41,0.29
1298000,0.46,0.26,0.43,0.41,0.29
1299000,0.49,0.22,0.44,0.39,0.31
1300000,0.49,0.19,0.42,0.35,0.32
1301000,0.47,0.22,0.43,0.34,0.32
1302000,0.49,0.24,0.4,0.34,0.35
1303000,0.5,0.23,0.41,0.34,0.36
1304000,0.52,0.23,0.42,0.34,0.35
1305000,0.54,0.23,0.38,0.34,0.39
1306000,0.53,0.25,0.41,0.31,0.45
1307000,0.54,0.25,0.44,0.31,0.5
1308000,0.58,0.25,0.47,0.3,0.51
1309000,0.63,0.28,0.48,0.3,0.54
1310000,0.59,0.27,0.5,0.31,0.57
1311000,0.58,0.28,0.51,0.33,0.6
1312000,0.56,0.28,0.51,0.31,0.63
1313000,0.55,0.27,0.53,0.31,0.66
1314000,0.57,0.24,0.53,0.27,0.66
1315000,0.56,0.25,0.55,0.27,0.65
1316000,0.56,0.25,0.55,0.27,0.63
1317000,0.56,0.22,0.56,0.26,0.63
1318000,0.55,0.24,0.55,0.26,0.6
1319000,0.51,0.25,0.56,0.26,0.59
1320000,0.51,0.26,0.59,0.25,0.61
1321000,0.51,0.28,0.57,0.29,0.56
1322000,0.46,0.28,0.59,0.27,0.5
1323000,0.5,0.28,0.6,0.26,0.48
1324000,0.46,0.27,0.57,0.23,0.48
1325000,0.44,0.27,0.54,0.18,0.48
1326000,0.49,0.3,0.57,0.22,0.5
1327000,0.48,0.32,0.56,0.19,0.5
1328000,0.5,0.33,0.59,0.2,0.5
1329000,0.47,0.33,0.63,0.19,0.52
1330000,0.47,0.33,0.65,0.21,0.54
1331000,0.48,0.33,0.61,0.22,0.57
1332000,0.5,0.35,0.66,0.22,0.57
1333000,0.5,0.35,0.61,0.26,0.55
1334000,0.54,0.35,0.63,0.28,0.57
1335000,0.58,0.36,0.61,0.28,0.64
1336000,0.57,0.38,0.58,0.29,0.6
1337000,0.55,0.4,0.62,0.31,0.61
1338000,0.52,0.41,0.61,0.31,0.63
1339000,0.54,0.41,0.6,0.32,0.6
1340000,0.56,0.41,0.61,0.33,0.57
1341000,0.54,0.41,0.54,0.35,0.61
1342000,0.54,0.36,0.5,0.35,0.6
1343000,0.5,0.34,0.46,0.36,0.59
1344000,0.49,0.35,0.44,0.44,0.59
1345000,0.45,0.37,0.46,0.49,0.56
1346000,0.43,0.39,0.43,0.53,0.6
1347000,0.39,0.39,0.41,0.51,0.57
1348000,0.39,0.4,0.42,0.55,0.57
1349000,0.36,0.4,0.42,0.52,0.61
1350000,0.37,0.41,0.44,0.52,0.6
1351000,0.35,0.44,0.45,0.52,0.6
1352000,0.38,0.44,0.47,0.53,0.65
1353000,0.39,0.4,0.47,0.54,0.63
1354000,0.38,0.41,0.48,0.54,0.65
1355000,0.36,0.38,0.49,0.55,0.66
1356000,0.34,0.37,0.47,0.56,0.62
1357000,0.35,0.39,0.47,0.54,0.6
1358000,0.37,0.41,0.49,0.53,0.64
1359000,0.43,0.41,0.53,0.49,0.63
1360000,0.46,0.39,0.55,0.45,0.62
1361000,0.49,0.38,0.55,0.43,0.56
1362000,0.56,0.41,0.56,0.43,0.57
1363000,0.57,0.44,0.57,0.43,0.52
1364000,0.63,0.44,0.6,0.39,0.52
1365000,0.61,0.4,0.59,0.43,0.51
1366000,0.61,0.36,0.63,0.48,0.53
1367000,0.56,0.35,0.62,0.47,0.51
1368000,0.55,0.34,0.63,0.41,0.5
1369000,0.54,0.31,0.61,0.39,0.5
1370000,0.54,0.31,0.61,0.36,0.51
1371000,0.58,0.32,0.6,0.35,0.49
1372000,0.59,0.28,0.6,0.35,0.52
1373000,0.56,0.28,0.59,0.33,0.55
1374000,0.57,0.27,0.59,0.32,0.57
1375000,0.57,0.3,0.57,0.31,0.57
1376000,0.6,0.3,0.59,0.31,0.57
1377000,0.57,0.3,0.57,0.3,0.6
1378000,0.55,0.29,0.56,0.3,0.6
1379000,0.56,0.29,0.54,0.33,0.62
1380000,0.56,0.28,0.54,0.31,0.66
1381000,0.55,0.28,0.58,0.3,0.64
1382000,0.5,0.3,0.54,0.27,0.62
1383000,0.52,0.31,0.5,0.27,0.59
1384000,0.59,0.31,0.5,0.33,0.6
1385000,0.59,0.29,0.49,0.34,0.58
1386000,0.56,0.29,0.49,0.39,0.62
1387000,0.59,0.29,0.57,0.39,0.59
1388000,0.55,0.32,0.55,0.42,0.57
1389000,0.53,0.31,0.56,0.45,0.56
1390000,0.52,0.29,0.55,0.47,0.58
1391000,0.53,0.29,0.53,0.5,0.58
1392000,0.49,0.29,0.51,0.56,0.58
1393000,0.5,0.29,0.49,0.58,0.55
1394000,0.54,0.31,0.49,0.63,0.5
1395000,0.53,0.31,0.5,0.64,0.48
1396000,0.53,0.32,0.49,0.65,0.52
1397000,0.54,0.33,0.46,0.66,0.48
1398000,0.56,0.34,0.47,0.63,0.49
1399000,0.59,0.34,0.49,0.63,0.51
1400000,0.53,0.33,0.51,0.65,0.51
1401000,0.53,0.35,0.45,0.64,0.52
1402000,0.54,0.33,0.45,0.6,0.49
1403000,0.53,0.33,0.44,0.62,0.5
1404000,0.55,0.32,0.44,0.55,0.48
1405000,0.59,0.28,0.48,0.58,0.44
1406000,0.56,0.31,0.49,0.57,0.45
1407000,0.56,0.29,0.52,0.48,0.46
1408000,0.54,0.29,0.54,0.48,0.45
1409000,0.52,0.29,0.57,0.46,0.48
1410000,0.5,0.3,0.58,0.43,0.46
1411000,0.53,0.3,0.58,0.48,0.44
1412000,0.52,0.29,0.61,0.47,0.46
1413000,0.51,0.29,0.6,0.48,0.42
1414000,0.47,0.3,0.63,0.49,0.39
1415000,0.52,0.32,0.62,0.48,0.4
1416000,0.59,0.32,0.61,0.52,0.37
1417000,0.57,0.32,0.62,0.57,0.41
1418000,0.56,0.32,0.61,0.62,0.38
1419000,0.55,0.31,0.64,0.58,0.44
1420000,0.51,0.3,0.61,0.59,0.39
1421000,0.56,0.29,0.58,0.55,0.41
1422000,0.63,0.3,0.55,0.49,0.45
1423000,0.6,0.27,0.57,0.47,0.48
1424000,0.62,0.3,0.57,0.45,0.51
1425000,0.65,0.3,0.5,0.43,0.53
1426000,0.63,0.28,0.49,0.41,0.52
1427000,0.58,0.28,0.47,0.39,0.53
1428000,0.62,0.3,0.45,0.41,0.52
1429000,0.64,0.29,0.46,0.41,0.55
1430000,0.62,0.3,0.47,0.4,0.55
1431000,0.54,0.32,0.45,0.32,0.53
1432000,0.53,0.33,0.42,0.26,0.59
1433000,0.56,0.33,0.41,0.23,0.58
1434000,0.56,0.33,0.47,0.22,0.6
1435000,0.63,0.34,0.49,0.2,0.58
1436000,0.61,0.34,0.48,0.24,0.64
1437000,0.56,0.34,0.49,0.28,0.64
1438000,0.56,0.34,0.51,0.29,0.61
1439000,0.58,0.3,0.53,0.34,0.62
1440000,0.57,0.29,0.59,0.35,0.59
1441000,0.58,0.3,0.58,0.33,0.55
1442000,0.57,0.33,0.58,0.32,0.53
1443000,0.57,0.33,0.57,0.29,0.54
1444000,0.57,0.3,0.58,0.25,0.58
1445000,0.6,0.32,0.59,0.27,0.58
1446000,0.62,0.31,0.65,0.28,0.58
1447000,0.65,0.34,0.66,0.28,0.6
1448000,0.64,0.33,0.63,0.27,0.59
1449000,0.62,0.34,0.62,0.27,0.55
1450000,0.62,0.31,0.59,0.28,0.56
1451000,0.55,0.3,0.56,0.3,0.53
1452000,0.54,0.31,0.57,0.27,0.55
1453000,0.52,0.32,0.57,0.25,0.54
1454000,0.55,0.32,0.54,0.28,0.5
1455000,0.51,0.31,0.55,0.24,0.52
1456000,0.5,0.29,0.56,0.27,0.54
1457000,0.51,0.26,0.52,0.27,0.58
1458000,0.5,0.2,0.47,0.3,0.57
1459000,0.5,0.22,0.46,0.3,0.54
1460000,0.48,0.22,0.45,0.3,0.54
1461000,0.51,0.2,0.38,0.3,0.53
1462000,0.47,0.2,0.37,0.34,0.52
1463000,0.53,0.19,0.37,0.34,0.52
1464000,0.54,0.19,0.34,0.36,0.47
1465000,0.49,0.2,0.36,0.38,0.43
1466000,0.52,0.23,0.37,0.38,0.42
1467000,0.52,0.24,0.39,0.35,0.37
1468000,0.54,0.23,0.41,0.34,0.33
1469000,0.5,0.25,0.44,0.35,0.32
1470000,0.53,0.25,0.45,0.34,0.3
1471000,0.53,0.25,0.46,0.35,0.28
1472000,0.54,0.27,0.46,0.37,0.28
1473000,0.52,0.26,0.45,0.33,0.3
1474000,0.5,0.28,0.48,0.37,0.32
1475000,0.51,0.26,0.53,0.39,0.33
1476000,0.49,0.25,0.53,0.42,0.36
1477000,0.5,0.27,0.57,0.42,0.36
1478000,0.5,0.26,0.63,0.4,0.39
1479000,0.51,0.26,0.62,0.44,0.41
1480000,0.51,0.26,0.61,0.47,0.42
1481000,0.52,0.3,0.6,0.47,0.44
1482000,0.54,0.3,0.58,0.49,0.47
1483000,0.54,0.32,0.58,0.55,0.52
1484000,0.55,0.32,0.54,0.56,0.53
1485000,0.58,0.32,0.52,0.59,0.52
1486000,0.55,0.33,0.53,0.6,0.53
1487000,0.57,0.34,0.53,0.56,0.53
1488000,0.6,0.35,0.48,0.55,0.58
1489000,0.59,0.34,0.5,0.53,0.59
1490000,0.58,0.36,0.49,0.48,0.58
1491000,0.56,0.36,0.51,0.47,0.56
1492000,0.6,0.33,0.5,0.41,0.54
1493000,0.6,0.28,0.53,0.42,0.55
1494000,0.65,0.31,0.47,0.44,0.58
1495000,0.65,0.29,0.44,0.39,0.59
1496000,0.64,0.3,0.47,0.35,0.59
1497000,0.63,0.3,0.52,0.32,0.59
1498000,0.6,0.28,0.53,0.26,0.62
1499000,0.62,0.28,0.54,0.28,0.6
1500000,0.58,0.29,0.55,0.29,0.64
1501000,0.6,0.28,0.56,0.28,0.62
1502000,0.58,0.28,0.61,0.3,0.63
1503000,0.59,0.3,0.64,0.31,0.62
1504000,0.57,0.32,0.62,0.33,0.53
1505000,0.54,0.32,0.63,0.33,0.59
1506000,0.58,0.35,0.65,0.31,0.59
1507000,0.52,0.33,0.61,0.34,0.59
1508000,0.56,0.33,0.61,0.33,0.59
1509000,0.52,0.33,0.63,0.3,0.58
1510000,0.53,0.37,0.66,0.29,0.56
1511000,0.57,0.34,0.64,0.31,0.57
1512000,0.55,0.35,0.59,0.29,0.58
1513000,0.59,0.38,0.6,0.28,0.59
1514000,0.6,0.36,0.62,0.26,0.54
1515000,0.63,0.4,0.58,0.27,0.53
1516000,0.63,0.42,0.56,0.27,0.54
1517000,0.65,0.42,0.5,0.3,0.53
1518000,0.65,0.42,0.48,0.29,0.54
1519000,0.66,0.39,0.51,0.28,0.52
1520000,0.67,0.42,0.46,0.3,0.47
1521000,0.66,0.42,0.48,0.25,0.49
1522000,0.65,0.42,0.48,0.24,0.5
1523000,0.62,0.4,0.49,0.26,0.5
1524000,0.63,0.39,0.5,0.29,0.48
1525000,0.64,0.39,0.49,0.31,0.48
1526000,0.61,0.39,0.49,0.33,0.45
1527000,0.63,0.41,0.48,0.34,0.4
1528000,0.66,0.42,0.48,0.35,0.42
1529000,0.69,0.38,0.43,0.35,0.47
1530000,0.69,0.43,0.44,0.34,0.51
1531000,0.68,0.45,0.48,0.36,0.47
1532000,0.67,0.46,0.5,0.37,0.49
1533000,0.66,0.46,0.52,0.33,0.49
1534000,0.62,0.48,0.53,0.34,0.48
1535000,0.64,0.46,0.52,0.37,0.48
1536000,0.64,0.42,0.53,0.39,0.45
1537000,0.7,0.45,0.5,0.45,0.45
1538000,0.67,0.44,0.51,0.44,0.48
1539000,0.64,0.41,0.49,0.45,0.47
1540000,0.67,0.41,0.49,0.44,0.49
1541000,0.69,0.4,0.48,0.46,0.48
1542000,0.68,0.38,0.48,0.46,0.55
1543000,0.66,0.39,0.53,0.47,0.54
1544000,0.62,0.38,0.54,0.45,0.53
1545000,0.62,0.33,0.55,0.46,0.51
1546000,0.6,0.26,0.54,0.47,0.56
1547000,0.62,0.23,0.52,0.44,0.55
1548000,0.63,0.2,0.46,0.47,0.59
1549000,0.63,0.18,0.45,0.46,0.58
1550000,0.66,0.15,0.44,0.45,0.6
1551000,0.68,0.13,0.43,0.45,0.58
1552000,0.64,0.13,0.46,0.43,0.6
1553000,0.64,0.11,0.47,0.44,0.59
1554000,0.64,0.12,0.48,0.42,0.59
1555000,0.64,0.12,0.52,0.42,0.63
1556000,0.59,0.12,0.52,0.42,0.68
1557000,0.55,0.11,0.56,0.45,0.62
1558000,0.58,0.11,0.58,0.44,0.62
1559000,0.55,0.13,0.58,0.49,0.58
1560000,0.53,0.16,0.51,0.51,0.63
1561000,0.48,0.17,0.52,0.5,0.58
1562000,0.51,0.17,0.56,0.55,0.59
1563000,0.48,0.17,0.53,0.58,0.6
1564000,0.48,0.18,0.56,0.54,0.66
1565000,0.45,0.2,0.6,0.54,0.7
1566000,0.46,0.22,0.64,0.58,0.71
1567000,0.48,0.23,0.65,0.54,0.71
1568000,0.52,0.25,0.67,0.54,0.68
1569000,0.53,0.27,0.63,0.56,0.64
1570000,0.57,0.28,0.61,0.58,0.58
1571000,0.58,0.31,0.58,0.61,0.55
1572000,0.57,0.34,0.56,0.62,0.54
1573000,0.56,0.34,0.55,0.58,0.51
1574000,0.59,0.34,0.53,0.57,0.51
1575000,0.62,0.33,0.53,0.57,0.53
1576000,0.63,0.35,0.53,0.57,0.56
1577000,0.63,0.36,0.49,0.56,0.56
1578000,0.7,0.39,0.48,0.53,0.55
1579000,0.7,0.41,0.49,0.52,0.51
1580000,0.76,0.43,0.45,0.51,0.48
1581000,0.72,0.45,0.41,0.48,0.44
1582000,0.71,0.47,0.37,0.49,0.43
1583000,0.69,0.47,0.4,0.46,0.45
1584000,0.67,0.46,0.4,0.45,0.51
1585000,0.64,0.45,0.37,0.36,0.51
1586000,0.62,0.42,0.35,0.3,0.52
1587000,0.61,0.4,0.33,0.26,0.52
1588000,0.59,0.41,0.3,0.22,0.53
1589000,0.55,0.41,0.3,0.2,0.58
1590000,0.53,0.38,0.28,0.19,0.57
1591000,0.62,0.34,0.28,0.19,0.52
1592000,0.61,0.36,0.25,0.18,0.46
1593000,0.58,0.36,0.27,0.17,0.5
1594000,0.59,0.39,0.27,0.19,0.53
1595000,0.53,0.38,0.31,0.17,0.54
1596000,0.54,0.36,0.33,0.18,0.53
1597000,0.58,0.35,0.35,0.2,0.56
1598000,0.59,0.33,0.38,0.21,0.53
1599000,0.58,0.29,0.4,0.23,0.5
1600000,0.58,0.33,0.41,0.24,0.52
1601000,0.64,0.34,0.41,0.27,0.44
1602000,0.61,0.34,0.42,0.28,0.44
1603000,0.63,0.32,0.45,0.29,0.47
1604000,0.67,0.35,0.49,0.31,0.48
1605000,0.7,0.35,0.55,0.3,0.47
1606000,0.67,0.39,0.58,0.32,0.46
1607000,0.67,0.38,0.58,0.32,0.49
1608000,0.66,0.39,0.55,0.32,0.48
1609000,0.64,0.38,0.53,0.33,0.46
1610000,0.66,0.35,0.49,0.35,0.42
1611000,0.65,0.31,0.47,0.34,0.41
1612000,0.71,0.3,0.48,0.36,0.42
1613000,0.69,0.34,0.46,0.36,0.41
1614000,0.69,0.34,0.46,0.36,0.39
1615000,0.69,0.34,0.49,0.41,0.38
1616000,0.7,0.34,0.51,0.44,0.35
1617000,0.7,0.33,0.56,0.51,0.36
1618000,0.68,0.33,0.57,0.48,0.35
1619000,0.65,0.27,0.59,0.5,0.33
1620000,0.62,0.26,0.54,0.54,0.32
1621000,0.64,0.27,0.5,0.55,0.33
1622000,0.62,0.29,0.52,0.59,0.38
1623000,0.59,0.32,0.56,0.59,0.4
1624000,0.61,0.3,0.58,0.66,0.41
1625000,0.61,0.33,0.59,0.64,0.41
1626000,0.59,0.33,0.57,0.68,0.44
1627000,0.57,0.32,0.57,0.68,0.42
1628000,0.58,0.32,0.54,0.69,0.39
1629000,0.56,0.31,0.53,0.7,0.4
1630000,0.57,0.32,0.55,0.74,0.4
1631000,0.58,0.32,0.53,0.73,0.4
1632000,0.58,0.36,0.51,0.74,0.4
1633000,0.62,0.35,0.49,0.73,0.43
1634000,0.65,0.34,0.47,0.66,0.46
1635000,0.67,0.38,0.46,0.56,0.5
1636000,0.69,0.38,0.44,0.56,0.49
1637000,0.7,0.4,0.42,0.55,0.45
1638000,0.65,0.41,0.46,0.51,0.45
1639000,0.66,0.41,0.49,0.51,0.4
1640000,0.66,0.39,0.51,0.48,0.37
1641000,0.67,0.41,0.5,0.46,0.37
1642000,0.63,0.45,0.52,0.44,0.39
1643000,0.63,0.45,0.54,0.43,0.38
1644000,0.66,0.48,0.55,0.42,0.36
1645000,0.66,0.5,0.54,0.38,0.36
1646000,0.66,0.49,0.54,0.33,0.41
1647000,0.6,0.51,0.55,0.34,0.44
1648000,0.65,0.51,0.56,0.33,0.44
1649000,0.63,0.43,0.56,0.34,0.45
1650000,0.58,0.46,0.56,0.32,0.46
1651000,0.52,0.47,0.58,0.35,0.44
1652000,0.52,0.47,0.62,0.35,0.49
1653000,0.53,0.48,0.62,0.36,0.49
1654000,0.53,0.54,0.61,0.36,0.53
1655000,0.54,0.57,0.56,0.36,0.56
1656000,0.52,0.52,0.56,0.37,0.58
1657000,0.49,0.55,0.5,0.38,0.57
1658000,0.48,0.55,0.48,0.42,0.59
1659000,0.51,0.52,0.45,0.41,0.62
1660000,0.52,0.49,0.44,0.4,0.61
1661000,0.51,0.46,0.41,0.42,0.64
1662000,0.44,0.43,0.36,0.45,0.6
1663000,0.46,0.41,0.4,0.44,0.6
1664000,0.5,0.43,0.38,0.46,0.59
1665000,0.49,0.43,0.35,0.47,0.55
1666000,0.52,0.45,0.3,0.47,0.48
1667000,0.51,0.44,0.31,0.47,0.44
1668000,0.51,0.46,0.31,0.46,0.42
1669000,0.51,0.47,0.33,0.46,0.36
1670000,0.54,0.46,0.36,0.46,0.36
1671000,0.6,0.47,0.37,0.43,0.37
1672000,0.58,0.47,0.41,0.43,0.35
1673000,0.55,0.45,0.44,0.4,0.32
1674000,0.55,0.44,0.46,0.4,0.34
1675000,0.51,0.48,0.47,0.43,0.37
1676000,0.53,0.42,0.47,0.44,0.38
1677000,0.52,0.43,0.49,0.48,0.36
1678000,0.55,0.41,0.48,0.5,0.37
1679000,0.52,0.4,0.49,0.5,0.42
1680000,0.52,0.43,0.47,0.49,0.45
1681000,0.54,0.45,0.49,0.5,0.49
1682000,0.56,0.47,0.51,0.51,0.52
1683000,0.58,0.45,0.49,0.5,0.51
1684000,0.57,0.46,0.48,0.51,0.53
1685000,0.6,0.46,0.46,0.5,0.54
1686000,0.56,0.43,0.46,0.49,0.52
1687000,0.57,0.39,0.43,0.49,0.53
1688000,0.59,0.37,0.47,0.51,0.52
1689000,0.6,0.38,0.44,0.49,0.51
1690000,0.6,0.38,0.47,0.51,0.5
1691000,0.59,0.39,0.48,0.5,0.48
1692000,0.6,0.4,0.46,0.47,0.43
1693000,0.6,0.37,0.49,0.43,0.44
1694000,0.59,0.38,0.53,0.41,0.47
1695000,0.59,0.39,0.51,0.4,0.5
1696000,0.56,0.38,0.53,0.44,0.52
1697000,0.54,0.39,0.5,0.47,0.55
1698000,0.52,0.38,0.48,0.47,0.54
1699000,0.46,0.33,0.47,0.45,0.57
1700000,0.43,0.32,0.51,0.47,0.6
1701000,0.45,0.3,0.49,0.49,0.59
1702000,0.46,0.31,0.49,0.51,0.59
1703000,0.47,0.27,0.48,0.53,0.61
1704000,0.5,0.24,0.42,0.52,0.59
1705000,0.5,0.26,0.47,0.52,0.61
1706000,0.54,0.23,0.48,0.53,0.63
1707000,0.49,0.21,0.51,0.54,0.63
1708000,0.5,0.22,0.51,0.56,0.58
1709000,0.53,0.22,0.52,0.54,0.57
1710000,0.52,0.24,0.47,0.55,0.57
1711000,0.5,0.25,0.49,0.57,0.5
1712000,0.52,0.25,0.47,0.54,0.46
1713000,0.55,0.24,0.48,0.53,0.45
1714000,0.57,0.28,0.49,0.55,0.42
1715000,0.57,0.3,0.48,0.56,0.42
1716000,0.52,0.3,0.49,0.55,0.37
1717000,0.53,0.31,0.5,0.55,0.36
1718000,0.51,0.31,0.53,0.53,0.36
1719000,0.44,0.31,0.54,0.51,0.35
1720000,0.47,0.29,0.53,0.52,0.32
1721000,0.48,0.29,0.55,0.53,0.37
1722000,0.49,0.32,0.5,0.53,0.37
1723000,0.48,0.32,0.49,0.54,0.4
1724000,0.49,0.31,0.44,0.55,0.47
1725000,0.5,0.34,0.44,0.56,0.46
1726000,0.48,0.36,0.39,0.55,0.44
1727000,0.49,0.36,0.42,0.54,0.48
1728000,0.49,0.32,0.46,0.56,0.51
1729000,0.52,0.33,0.47,0.52,0.48
1730000,0.55,0.34,0.51,0.49,0.51
1731000,0.58,0.34,0.53,0.53,0.54
1732000,0.53,0.33,0.51,0.54,0.59
1733000,0.58,0.33,0.47,0.58,0.57
1734000,0.6,0.34,0.46,0.59,0.63
1735000,0.54,0.26,0.48,0.6,0.64
1736000,0.57,0.29,0.5,0.58,0.68
1737000,0.56,0.33,0.53,0.59,0.65
1738000,0.56,0.31,0.51,0.56,0.62
1739000,0.55,0.31,0.51,0.59,0.64
1740000,0.56,0.32,0.53,0.56,0.59
1741000,0.57,0.34,0.57,0.55,0.58
1742000,0.63,0.3,0.59,0.55,0.61
1743000,0.58,0.33,0.65,0.55,0.58
1744000,0.58,0.34,0.65,0.49,0.57
1745000,0.54,0.32,0.65,0.52,0.58
1746000,0.59,0.34,0.6,0.52,0.61
1747000,0.6,0.36,0.64,0.53,0.58
1748000,0.6,0.34,0.66,0.56,0.59
1749000,0.6,0.33,0.68,0.56,0.56
1750000,0.6,0.32,0.7,0.49,0.49
1751000,0.64,0.32,0.73,0.53,0.5
1752000,0.65,0.32,0.74,0.57,0.51
1753000,0.69,0.33,0.76,0.57,0.53
1754000,0.68,0.34,0.78,0.57,0.46
1755000,0.71,0.36,0.8,0.56,0.47
1756000,0.72,0.32,0.79,0.56,0.47
1757000,0.65,0.31,0.78,0.52,0.45
1758000,0.62,0.35,0.73,0.55,0.44
1759000,0.63,0.34,0.71,0.54,0.43
1760000,0.66,0.33,0.67,0.56,0.42
1761000,0.6,0.35,0.65,0.61,0.36
1762000,0.6,0.34,0.65,0.66,0.37
1763000,0.64,0.33,0.65,0.63,0.38
1764000,0.65,0.34,0.63,0.6,0.4
1765000,0.66,0.35,0.62,0.58,0.38
1766000,0.68,0.37,0.6,0.61,0.42
1767000,0.64,0.4,0.58,0.62,0.43
1768000,0.66,0.37,0.58,0.59,0.41
1769000,0.64,0.35,0.53,0.61,0.4
1770000,0.66,0.35,0.53,0.63,0.41
1771000,0.67,0.41,0.55,0.63,0.42
1772000,0.66,0.4,0.53,0.62,0.4
1773000,0.7,0.42,0.56,0.63,0.39
1774000,0.71,0.43,0.56,0.67,0.47
1775000,0.68,0.42,0.55,0.72,0.49
1776000,0.66,0.46,0.54,0.72,0.5
1777000,0.67,0.48,0.55,0.66,0.52
1778000,0.7,0.51,0.5,0.64,0.53
1779000,0.68,0.5,0.5,0.64,0.54
1780000,0.68,0.5,0.5,0.63,0.55
1781000,0.71,0.49,0.48,0.62,0.56
1782000,0.7,0.51,0.47,0.58,0.59
1783000,0.73,0.46,0.46,0.54,0.61
1784000,0.73,0.44,0.43,0.53,0.65
1785000,0.74,0.44,0.47,0.52,0.67
1786000,0.7,0.44,0.46,0.5,0.64
1787000,0.68,0.42,0.5,0.53,0.62
1788000,0.68,0.42,0.47,0.49,0.62
1789000,0.66,0.38,0.53,0.5,0.61
1790000,0.71,0.34,0.55,0.43,0.54
1791000,0.73,0.34,0.55,0.45,0.55
1792000,0.73,0.35,0.57,0.45,0.52
1793000,0.7,0.32,0.57,0.47,0.51
1794000,0.71,0.34,0.56,0.45,0.5
1795000,0.7,0.35,0.59,0.46,0.52
1796000,0.7,0.37,0.59,0.47,0.48
1797000,0.66,0.38,0.59,0.5,0.49
1798000,0.68,0.35,0.56,0.5,0.49
1799000,0.67,0.35,0.55,0.53,0.49
1800000,0.62,0.37,0.58,0.56,0.47
1801000,0.62,0.36,0.57,0.56,0.47
1802000,0.65,0.38,0.59,0.56,0.48
1803000,0.7,0.35,0.59,0.55,0.53
1804000,0.69,0.38,0.55,0.57,0.53
1805000,0.69,0.39,0.56,0.57,0.51
1806000,0.69,0.4,0.53,0.59,0.51
1807000,0.7,0.39,0.53,0.58,0.51
1808000,0.67,0.39,0.53,0.59,0.53
1809000,0.65,0.4,0.53,0.57,0.53
1810000,0.69,0.41,0.55,0.56,0.57
1811000,0.65,0.39,0.58,0.56,0.57
1812000,0.64,0.37,0.6,0.53,0.57
1813000,0.63,0.38,0.63,0.52,0.53
1814000,0.62,0.38,0.63,0.54,0.51
1815000,0.6,0.4,0.66,0.53,0.49
1816000,0.62,0.42,0.69,0.52,0.55
1817000,0.62,0.43,0.63,0.55,0.58
1818000,0.58,0.43,0.66,0.54,0.57
1819000,0.57,0.45,0.64,0.53,0.57
1820000,0.55,0.47,0.65,0.56,0.56
1821000,0.51,0.46,0.66,0.56,0.56
1822000,0.49,0.45,0.64,0.58,0.56
1823000,0.52,0.44,0.64,0.58,0.56
1824000,0.56,0.43,0.62,0.59,0.54
1825000,0.53,0.46,0.62,0.57,0.52
1826000,0.51,0.42,0.59,0.6,0.51
1827000,0.48,0.4,0.61,0.63,0.55
1828000,0.55,0.4,0.6,0.63,0.58
1829000,0.54,0.4,0.59,0.69,0.58
1830000,0.56,0.42,0.56,0.69,0.58
1831000,0.54,0.43,0.53,0.69,0.59
1832000,0.57,0.43,0.55,0.75,0.55
1833000,0.6,0.45,0.54,0.74,0.53
1834000,0.61,0.42,0.56,0.75,0.54
1835000,0.62,0.43,0.5,0.8,0.53
1836000,0.66,0.42,0.51,0.8,0.54
1837000,0.7,0.45,0.49,0.79,0.56
1838000,0.74,0.48,0.49,0.79,0.57
1839000,0.75,0.5,0.48,0.79,0.55
1840000,0.72,0.47,0.46,0.78,0.55
1841000,0.71,0.47,0.49,0.85,0.52
1842000,0.72,0.48,0.46,0.88,0.49
1843000,0.69,0.46,0.46,0.87,0.45
1844000,0.67,0.47,0.47,0.9,0.4
1845000,0.63,0.48,0.48,0.9,0.41
1846000,0.6,0.48,0.51,0.91,0.42
1847000,0.55,0.47,0.52,0.9,0.43
1848000,0.53,0.46,0.51,0.89,0.43
1849000,0.52,0.48,0.52,0.88,0.43
1850000,0.49,0.49,0.5,0.82,0.44
1851000,0.45,0.49,0.51,0.76,0.46
1852000,0.42,0.55,0.53,0.79,0.46
1853000,0.38,0.59,0.55,0.78,0.48
1854000,0.4,0.59,0.56,0.77,0.44
1855000,0.38,0.58,0.58,0.82,0.44
1856000,0.41,0.57,0.61,0.79,0.49
1857000,0.38,0.52,0.64,0.76,0.5
1858000,0.39,0.52,0.62,0.72,0.57
1859000,0.39,0.54,0.61,0.7,0.58
1860000,0.39,0.56,0.57,0.7,0.6
1861000,0.4,0.58,0.55,0.7,0.6
1862000,0.41,0.58,0.56,0.68,0.6
1863000,0.42,0.62,0.57,0.65,0.56
1864000,0.41,0.6,0.59,0.6,0.54
1865000,0.38,0.58,0.58,0.63,0.54
1866000,0.44,0.56,0.61,0.62,0.51
1867000,0.48,0.58,0.59,0.58,0.49
1868000,0.49,0.61,0.6,0.56,0.47
1869000,0.49,0.59,0.56,0.47,0.48
1870000,0.51,0.55,0.53,0.4,0.49
1871000,0.51,0.57,0.5,0.39,0.47
1872000,0.53,0.51,0.5,0.37,0.45
1873000,0.57,0.49,0.47,0.4,0.44
1874000,0.57,0.44,0.5,0.35,0.4
1875000,0.57,0.44,0.55,0.37,0.38
1876000,0.63,0.46,0.57,0.34,0.33
1877000,0.64,0.48,0.58,0.38,0.28
1878000,0.66,0.45,0.59,0.39,0.3
1879000,0.68,0.38,0.58,0.37,0.35
1880000,0.72,0.37,0.57,0.39,0.37
1881000,0.75,0.39,0.53,0.44,0.37
1882000,0.72,0.47,0.5,0.43,0.37
1883000,0.69,0.49,0.5,0.49,0.38
1884000,0.69,0.54,0.55,0.54,0.42
1885000,0.71,0.56,0.53,0.6,0.37
1886000,0.73,0.55,0.54,0.62,0.37
1887000,0.73,0.56,0.56,0.62,0.42
1888000,0.72,0.56,0.58,0.61,0.41
1889000,0.7,0.54,0.55,0.65,0.45
1890000,0.72,0.54,0.58,0.68,0.44
1891000,0.7,0.5,0.54,0.68,0.47
1892000,0.69,0.52,0.56,0.71,0.52
1893000,0.71,0.53,0.57,0.73,0.55
1894000,0.67,0.52,0.55,0.72,0.53
1895000,0.66,0.57,0.56,0.72,0.5
1896000,0.66,0.57,0.55,0.74,0.52
1897000,0.67,0.56,0.55,0.77,0.53
1898000,0.68,0.57,0.53,0.81,0.56
1899000,0.68,0.57,0.54,0.8,0.57
1900000,0.72,0.51,0.52,0.76,0.6
1901000,0.7,0.52,0.55,0.7,0.6
1902000,0.72,0.44,0.54,0.71,0.62
1903000,0.72,0.43,0.55,0.69,0.61
1904000,0.71,0.45,0.55,0.72,0.65
1905000,0.67,0.45,0.56,0.69,0.65
1906000,0.69,0.48,0.58,0.7,0.66
1907000,0.7,0.49,0.58,0.66,0.68
1908000,0.66,0.5,0.6,0.62,0.7
1909000,0.7,0.47,0.58,0.63,0.67
1910000,0.69,0.45,0.58,0.64,0.66
1911000,0.69,0.39,0.6,0.59,0.71
1912000,0.69,0.41,0.58,0.53,0.68
1913000,0.65,0.45,0.57,0.54,0.67
1914000,0.64,0.41,0.61,0.54,0.64
1915000,0.61,0.45,0.68,0.56,0.62
1916000,0.67,0.45,0.71,0.59,0.59
1917000,0.67,0.45,0.71,0.58,0.58
1918000,0.66,0.47,0.69,0.55,0.57
1919000,0.71,0.49,0.74,0.56,0.55
1920000,0.71,0.53,0.76,0.55,0.52
1921000,0.69,0.49,0.71,0.58,0.49
1922000,0.7,0.49,0.7,0.62,0.48
1923000,0.7,0.47,0.7,0.65,0.48
1924000,0.66,0.47,0.63,0.64,0.44
1925000,0.62,0.52,0.62,0.63,0.44
1926000,0.64,0.53,0.57,0.61,0.43
1927000,0.64,0.55,0.56,0.6,0.4
1928000,0.65,0.57,0.56,0.63,0.4
1929000,0.71,0.56,0.57,0.66,0.43
1930000,0.74,0.6,0.57,0.64,0.41
1931000,0.74,0.53,0.57,0.69,0.46
1932000,0.7,0.51,0.53,0.69,0.54
1933000,0.68,0.51,0.54,0.7,0.57
1934000,0.64,0.51,0.53,0.71,0.56
1935000,0.65,0.49,0.52,0.73,0.56
1936000,0.64,0.47,0.51,0.68,0.6
1937000,0.64,0.45,0.52,0.67,0.59
1938000,0.63,0.42,0.52,0.66,0.62
1939000,0.64,0.42,0.52,0.68,0.61
1940000,0.68,0.41,0.55,0.73,0.59
1941000,0.67,0.42,0.59,0.75,0.6
1942000,0.63,0.45,0.61,0.74,0.62
1943000,0.55,0.41,0.64,0.78,0.61
1944000,0.55,0.41,0.63,0.77,0.62
1945000,0.51,0.41,0.6,0.73,0.59
1946000,0.54,0.42,0.61,0.75,0.61
1947000,0.59,0.42,0.55,0.71,0.55
1948000,0.58,0.43,0.53,0.7,0.5
1949000,0.56,0.43,0.5,0.75,0.49
1950000,0.57,0.43,0.49,0.78,0.48
1951000,0.6,0.44,0.46,0.82,0.48
1952000,0.57,0.42,0.48,0.81,0.48
1953000,0.58,0.44,0.51,0.88,0.45
1954000,0.57,0.46,0.51,0.83,0.48
1955000,0.57,0.48,0.5,0.84,0.51
1956000,0.58,0.47,0.5,0.85,0.53
1957000,0.63,0.47,0.48,0.84,0.52
1958000,0.63,0.42,0.42,0.77,0.52
1959000,0.68,0.42,0.41,0.81,0.53
1960000,0.67,0.4,0.39,0.82,0.48
1961000,0.65,0.37,0.37,0.85,0.49
1962000,0.59,0.37,0.36,0.85,0.51
1963000,0.6,0.36,0.36,0.85,0.56
1964000,0.61,0.35,0.4,0.86,0.55
1965000,0.58,0.36,0.42,0.79,0.57
1966000,0.57,0.38,0.44,0.77,0.58
1967000,0.55,0.37,0.4,0.66,0.6
1968000,0.56,0.39,0.4,0.66,0.59
1969000,0.52,0.41,0.39,0.66,0.61
1970000,0.52,0.44,0.36,0.61,0.65
1971000,0.56,0.45,0.35,0.63,0.66
1972000,0.57,0.45,0.33,0.6,0.6
1973000,0.54,0.45,0.34,0.58,0.63
1974000,0.57,0.49,0.35,0.58,0.64
1975000,0.54,0.52,0.35,0.58,0.66
1976000,0.53,0.51,0.36,0.55,0.68
1977000,0.5,0.49,0.39,0.52,0.68
1978000,0.57,0.49,0.38,0.58,0.71
1979000,0.6,0.48,0.4,0.59,0.69
1980000,0.6,0.48,0.43,0.63,0.68
1981000,0.61,0.49,0.41,0.63,0.67
1982000,0.59,0.5,0.41,0.6,0.63
1983000,0.62,0.48,0.37,0.6,0.62
1984000,0.63,0.44,0.39,0.58,0.59
1985000,0.69,0.45,0.41,0.59,0.55
1986000,0.68,0.42,0.41,0.63,0.55
1987000,0.64,0.43,0.43,0.59,0.57
1988000,0.64,0.45,0.46,0.61,0.57
1989000,0.63,0.46,0.47,0.61,0.55
1990000,0.66,0.44,0.48,0.65,0.56
1991000,0.68,0.45,0.53,0.56,0.53
1992000,0.66,0.45,0.57,0.62,0.48
1993000,0.64,0.42,0.57,0.61,0.48
1994000,0.61,0.43,0.59,0.57,0.46
1995000,0.65,0.48,0.59,0.59,0.46
1996000,0.67,0.49,0.57,0.59,0.43
1997000,0.68,0.49,0.61,0.62,0.44
1998000,0.69,0.47,0.62,0.61,0.44
1999000,0.68,0.46,0.63,0.54,0.44
2000000,0.64,0.42,0.67,0.59,0.47
2001000,0.62,0.39,0.68,0.57,0.44
2002000,0.64,0.42,0.71,0.56,0.41
2003000,0.62,0.45,0.7,0.53,0.38
2004000,0.57,0.42,0.68,0.56,0.36
2005000,0.6,0.4,0.67,0.59,0.37
2006000,0.63,0.39,0.68,0.59,0.37
2007000,0.66,0.35,0.67,0.54,0.4
2008000,0.67,0.33,0.68,0.59,0.38
2009000,0.65,0.3,0.66,0.57,0.41
2010000,0.61,0.23,0.64,0.58,0.43
2011000,0.6,0.25,0.63,0.58,0.44
2012000,0.61,0.28,0.59,0.57,0.44
2013000,0.59,0.28,0.58,0.61,0.44
2014000,0.59,0.32,0.52,0.62,0.46
2015000,0.63,0.32,0.5,0.61,0.47
2016000,0.63,0.3,0.47,0.58,0.47
2017000,0.61,0.35,0.41,0.55,0.49
2018000,0.63,0.37,0.4,0.54,0.52
2019000,0.66,0.37,0.43,0.53,0.51
2020000,0.67,0.38,0.44,0.51,0.53
2021000,0.61,0.39,0.45,0.51,0.56
2022000,0.61,0.37,0.43,0.54,0.57
2023000,0.64,0.36,0.36,0.51,0.56
2024000,0.65,0.39,0.37,0.52,0.58
2025000,0.68,0.4,0.36,0.5,0.6
2026000,0.68,0.42,0.38,0.53,0.57
2027000,0.69,0.47,0.41,0.49,0.56
2028000,0.67,0.5,0.44,0.49,0.58
2029000,0.65,0.55,0.43,0.51,0.58
2030000,0.69,0.56,0.45,0.51,0.56
2031000,0.73,0.52,0.5,0.49,0.54
2032000,0.76,0.49,0.5,0.51,0.53
2033000,0.77,0.49,0.52,0.55,0.51
2034000,0.78,0.46,0.54,0.57,0.53
2035000,0.76,0.37,0.56,0.55,0.56
2036000,0.76,0.39,0.49,0.57,0.52
2037000,0.78,0.38,0.48,0.56,0.52
2038000,0.79,0.38,0.45,0.52,0.51
2039000,0.79,0.36,0.45,0.55,0.52
2040000,0.78,0.37,0.48,0.61,0.52
2041000,0.74,0.39,0.46,0.55,0.51
2042000,0.78,0.41,0.45,0.55,0.51
2043000,0.82,0.38,0.44,0.57,0.48
2044000,0.83,0.39,0.39,0.59,0.52
2045000,0.78,0.37,0.35,0.56,0.55
2046000,0.82,0.34,0.36,0.6,0.53
2047000,0.82,0.32,0.34,0.6,0.55
2048000,0.81,0.31,0.32,0.51,0.57
2049000,0.81,0.3,0.34,0.51,0.55
2050000,0.79,0.3,0.33,0.48,0.54
2051000,0.8,0.29,0.35,0.49,0.52
2052000,0.77,0.26,0.37,0.49,0.49
2053000,0.75,0.26,0.38,0.48,0.48
2054000,0.77,0.28,0.4,0.47,0.46
2055000,0.8,0.28,0.36,0.43,0.45
2056000,0.84,0.3,0.37,0.43,0.46
2057000,0.91,0.23,0.38,0.47,0.45
2058000,0.87,0.22,0.36,0.47,0.4
2059000,0.94,0.22,0.38,0.43,0.39
2060000,0.95,0.2,0.41,0.43,0.36
2061000,0.92,0.21,0.41,0.44,0.34
2062000,0.86,0.26,0.46,0.44,0.35
2063000,0.87,0.28,0.46,0.46,0.33
2064000,0.88,0.32,0.46,0.46,0.31
2065000,0.89,0.34,0.44,0.5,0.35
2066000,0.92,0.38,0.44,0.5,0.34
2067000,0.91,0.39,0.44,0.52,0.34
2068000,0.9,0.44,0.43,0.56,0.36
2069000,0.87,0.46,0.43,0.57,0.35
2070000,0.88,0.48,0.44,0.55,0.35
2071000,0.89,0.52,0.44,0.54,0.35
2072000,0.81,0.56,0.44,0.55,0.32
2073000,0.82,0.56,0.45,0.59,0.33
2074000,0.78,0.57,0.49,0.6,0.36
2075000,0.71,0.57,0.49,0.61,0.36
2076000,0.71,0.54,0.5,0.65,0.39
2077000,0.72,0.54,0.46,0.67,0.4
2078000,0.69,0.52,0.39,0.7,0.4
2079000,0.68,0.49,0.42,0.73,0.42
2080000,0.74,0.54,0.41,0.71,0.42
2081000,0.72,0.5,0.42,0.66,0.44
2082000,0.71,0.48,0.44,0.66,0.47
2083000,0.76,0.46,0.48,0.66,0.44
2084000,0.76,0.52,0.48,0.65,0.43
2085000,0.71,0.53,0.47,0.65,0.42
2086000,0.68,0.5,0.49,0.66,0.47
2087000,0.74,0.5,0.51,0.65,0.46
2088000,0.73,0.46,0.52,0.56,0.46
2089000,0.71,0.44,0.5,0.57,0.47
2090000,0.74,0.46,0.54,0.57,0.47
2091000,0.75,0.46,0.52,0.52,0.44
2092000,0.74,0.5,0.56,0.47,0.43
2093000,0.75,0.54,0.56,0.43,0.43
2094000,0.74,0.55,0.55,0.44,0.44
2095000,0.69,0.62,0.58,0.44,0.39
2096000,0.66,0.65,0.62,0.47,0.4
2097000,0.69,0.63,0.58,0.48,0.39
2098000,0.69,0.63,0.57,0.5,0.38
2099000,0.74,0.63,0.56,0.52,0.42
2100000,0.75,0.63,0.58,0.53,0.44
2101000,0.8,0.57,0.59,0.58,0.48
2102000,0.78,0.59,0.59,0.61,0.49
2103000,0.7,0.58,0.52,0.59,0.53
2104000,0.77,0.55,0.49,0.6,0.53
2105000,0.8,0.54,0.5,0.61,0.52
2106000,0.79,0.47,0.54,0.65,0.51
2107000,0.85,0.46,0.51,0.65,0.5
2108000,0.88,0.44,0.51,0.64,0.5
2109000,0.9,0.43,0.51,0.66,0.51
2110000,0.9,0.39,0.45,0.65,0.5
2111000,0.89,0.39,0.4,0.63,0.47
2112000,0.85,0.37,0.42,0.59,0.49
2113000,0.86,0.37,0.4,0.52,0.48
2114000,0.88,0.39,0.37,0.54,0.51
2115000,0.77,0.42,0.36,0.56,0.47
2116000,0.77,0.43,0.37,0.53,0.41
2117000,0.72,0.44,0.4,0.52,0.38
2118000,0.73,0.43,0.46,0.52,0.36
2119000,0.76,0.44,0.49,0.48,0.38
2120000,0.74,0.42,0.5,0.47,0.39
2121000,0.69,0.46,0.47,0.44,0.4
2122000,0.68,0.5,0.48,0.48,0.43
2123000,0.63,0.55,0.49,0.56,0.45
2124000,0.62,0.56,0.51,0.57,0.47
2125000,0.62,0.53,0.52,0.54,0.5
2126000,0.65,0.55,0.53,0.58,0.53
2127000,0.68,0.56,0.58,0.59,0.52
2128000,0.64,0.57,0.59,0.57,0.52
2129000,0.73,0.55,0.59,0.58,0.47
2130000,0.73,0.53,0.56,0.59,0.48
2131000,0.75,0.49,0.58,0.59,0.5
2132000,0.74,0.48,0.58,0.61,0.51
2133000,0.75,0.45,0.58,0.61,0.53
2134000,0.77,0.43,0.55,0.64,0.52
2135000,0.83,0.41,0.55,0.69,0.56
2136000,0.84,0.42,0.57,0.68,0.55
2137000,0.86,0.42,0.54,0.63,0.56
2138000,0.89,0.41,0.54,0.6,0.51
2139000,0.89,0.39,0.53,0.64,0.46
2140000,0.91,0.4,0.54,0.63,0.47
2141000,0.85,0.39,0.57,0.6,0.47
2142000,0.86,0.36,0.55,0.62,0.46
2143000,0.78,0.35,0.54,0.68,0.47
2144000,0.78,0.37,0.59,0.67,0.49
2145000,0.78,0.38,0.61,0.65,0.48
2146000,0.83,0.41,0.62,0.59,0.5
2147000,0.85,0.39,0.63,0.66,0.51
2148000,0.82,0.4,0.61,0.7,0.53
2149000,0.82,0.39,0.62,0.74,0.55
2150000,0.77,0.42,0.6,0.69,0.5
2151000,0.8,0.4,0.62,0.73,0.46
2152000,0.8,0.36,0.61,0.74,0.47
2153000,0.76,0.39,0.61,0.77,0.45
2154000,0.81,0.36,0.61,0.75,0.5
2155000,0.81,0.34,0.63,0.72,0.49
2156000,0.83,0.32,0.59,0.75,0.48
2157000,0.87,0.31,0.57,0.76,0.46
2158000,0.9,0.29,0.57,0.74,0.49
2159000,0.89,0.33,0.58,0.71,0.5
2160000,0.87,0.34,0.55,0.7,0.5
2161000,0.82,0.35,0.55,0.71,0.5
2162000,0.77,0.39,0.6,0.62,0.51
2163000,0.76,0.43,0.61,0.55,0.49
2164000,0.74,0.45,0.67,0.54,0.47
2165000,0.72,0.47,0.65,0.52,0.42
2166000,0.76,0.45,0.63,0.49,0.43
2167000,0.83,0.48,0.6,0.46,0.41
2168000,0.85,0.5,0.55,0.46,0.47
2169000,0.87,0.51,0.54,0.49,0.44
2170000,0.87,0.51,0.53,0.47,0.42
2171000,0.85,0.5,0.54,0.47,0.45
2172000,0.84,0.52,0.56,0.51,0.45
2173000,0.84,0.55,0.56,0.57,0.44
2174000,0.82,0.58,0.56,0.54,0.45
2175000,0.81,0.54,0.55,0.51,0.46
2176000,0.82,0.54,0.55,0.5,0.47
2177000,0.84,0.52,0.53,0.53,0.51
2178000,0.82,0.48,0.49,0.59,0.49
2179000,0.86,0.51,0.5,0.56,0.49
2180000,0.85,0.49,0.47,0.59,0.52
2181000,0.82,0.52,0.49,0.61,0.51
2182000,0.79,0.5,0.5,0.63,0.52
2183000,0.72,0.47,0.5,0.63,0.5
2184000,0.75,0.46,0.53,0.61,0.47
2185000,0.69,0.48,0.55,0.59,0.47
2186000,0.71,0.46,0.57,0.56,0.46
2187000,0.75,0.42,0.56,0.51,0.44
2188000,0.78,0.44,0.59,0.56,0.47
2189000,0.83,0.45,0.56,0.58,0.5
2190000,0.88,0.45,0.56,0.62,0.54
2191000,0.9,0.44,0.57,0.67,0.52
2192000,0.95,0.41,0.56,0.64,0.5
2193000,0.9,0.41,0.58,0.66,0.47
2194000,0.95,0.42,0.6,0.63,0.52
2195000,0.98,0.41,0.61,0.63,0.56
2196000,0.95,0.42,0.62,0.64,0.56
2197000,1.02,0.42,0.6,0.65,0.62
2198000,0.98,0.46,0.61,0.71,0.59
2199000,0.94,0.5,0.6,0.72,0.59
2200000,0.92,0.48,0.61,0.71,0.57
2201000,0.94,0.51,0.6,0.76,0.55
2202000,0.91,0.49,0.61,0.73,0.55
2203000,0.88,0.47,0.63,0.74,0.55
2204000,0.87,0.47,0.65,0.76,0.54
2205000,0.81,0.44,0.66,0.73,0.5
2206000,0.78,0.45,0.67,0.68,0.48
2207000,0.83,0.47,0.65,0.73,0.46
2208000,0.79,0.45,0.69,0.71,0.45
2209000,0.78,0.45,0.66,0.67,0.46
2210000,0.83,0.46,0.64,0.68,0.42
2211000,0.79,0.47,0.63,0.67,0.38
2212000,0.82,0.52,0.62,0.64,0.35
2213000,0.84,0.51,0.6,0.69,0.37
2214000,0.87,0.5,0.62,0.67,0.4
2215000,0.84,0.49,0.61,0.65,0.45
2216000,0.84,0.49,0.62,0.65,0.47
2217000,0.85,0.53,0.59,0.65,0.5
2218000,0.86,0.56,0.61,0.58,0.5
2219000,0.89,0.6,0.61,0.62,0.47
2220000,0.88,0.61,0.56,0.64,0.49
2221000,0.91,0.66,0.5,0.58,0.48
2222000,0.85,0.66,0.49,0.59,0.49
2223000,0.85,0.65,0.5,0.59,0.51
2224000,0.81,0.64,0.49,0.57,0.47
2225000,0.85,0.67,0.5,0.55,0.49
2226000,0.86,0.65,0.5,0.58,0.52
2227000,0.87,0.62,0.51,0.54,0.53
2228000,0.86,0.56,0.49,0.54,0.53
2229000,0.91,0.52,0.5,0.51,0.55
2230000,0.89,0.49,0.52,0.49,0.52
2231000,0.89,0.47,0.54,0.46,0.53
2232000,0.87,0.41,0.55,0.46,0.51
2233000,0.95,0.34,0.53,0.47,0.5
2234000,1.01,0.32,0.54,0.45,0.49
2235000,1.02,0.31,0.58,0.43,0.49
2236000,0.99,0.34,0.58,0.44,0.5
2237000,1.02,0.32,0.59,0.44,0.49
2238000,1.02,0.31,0.59,0.41,0.48
2239000,1.05,0.3,0.63,0.41,0.49
2240000,1.05,0.31,0.66,0.39,0.5
2241000,1.07,0.33,0.66,0.38,0.53
2242000,1.06,0.35,0.66,0.43,0.52
2243000,1.04,0.38,0.66,0.45,0.52
2244000,0.97,0.4,0.66,0.47,0.49
2245000,0.97,0.43,0.66,0.49,0.51
2246000,1.0,0.47,0.62,0.5,0.44
2247000,0.96,0.49,0.61,0.52,0.42
2248000,0.89,0.55,0.63,0.52,0.42
2249000,0.92,0.57,0.63,0.54,0.43
2250000,0.98,0.55,0.61,0.55,0.44
2251000,0.97,0.51,0.63,0.56,0.44
2252000,0.96,0.49,0.65,0.55,0.47
2253000,0.98,0.52,0.63,0.6,0.48
2254000,0.95,0.54,0.63,0.59,0.46
2255000,0.94,0.52,0.59,0.6,0.45
2256000,0.93,0.53,0.59,0.62,0.43
2257000,0.91,0.52,0.6,0.61,0.4
2258000,0.96,0.51,0.59,0.59,0.41
2259000,0.92,0.55,0.62,0.57,0.4
2260000,0.94,0.58,0.61,0.54,0.42
2261000,0.94,0.6,0.62,0.54,0.42
2262000,0.95,0.61,0.57,0.54,0.43
2263000,0.91,0.61,0.62,0.53,0.45
2264000,0.85,0.58,0.61,0.54,0.47
2265000,0.82,0.63,0.61,0.54,0.53
2266000,0.8,0.64,0.62,0.55,0.52
2267000,0.73,0.7,0.61,0.54,0.54
2268000,0.77,0.75,0.64,0.55,0.51
2269000,0.78,0.74,0.64,0.55,0.51
2270000,0.87,0.72,0.63,0.54,0.54
2271000,0.87,0.69,0.62,0.5,0.56
2272000,0.85,0.68,0.65,0.5,0.58
2273000,0.9,0.72,0.64,0.53,0.55
2274000,0.89,0.67,0.64,0.55,0.56
2275000,0.92,0.63,0.66,0.54,0.57
2276000,0.86,0.65,0.66,0.56,0.59
2277000,0.91,0.64,0.64,0.57,0.63
2278000,0.93,0.65,0.7,0.64,0.63
2279000,0.93,0.67,0.69,0.62,0.6
2280000,0.94,0.63,0.72,0.61,0.53
2281000,0.97,0.67,0.69,0.62,0.53
2282000,0.96,0.72,0.7,0.59,0.54
2283000,0.97,0.7,0.67,0.56,0.54
2284000,0.95,0.67,0.65,0.54,0.57
2285000,1.0,0.69,0.63,0.57,0.56
2286000,0.97,0.72,0.62,0.55,0.51
2287000,0.93,0.75,0.64,0.56,0.47
2288000,0.97,0.78,0.68,0.61,0.48
2289000,0.98,0.78,0.68,0.6,0.49
2290000,0.98,0.76,0.7,0.58,0.51
2291000,0.87,0.82,0.69,0.59,0.47
2292000,0.9,0.85,0.65,0.59,0.46
2293000,0.91,0.85,0.65,0.57,0.43
2294000,0.87,0.83,0.67,0.58,0.44
2295000,0.83,0.83,0.66,0.62,0.45
2296000,0.8,0.82,0.7,0.61,0.47
2297000,0.78,0.8,0.71,0.64,0.44
2298000,0.76,0.67,0.76,0.66,0.39
2299000,0.76,0.66,0.76,0.71,0.35
2300000,0.83,0.68,0.76,0.77,0.36
2301000,0.8,0.65,0.75,0.75,0.36
2302000,0.85,0.64,0.79,0.81,0.38
2303000,0.8,0.62,0.81,0.8,0.35
2304000,0.83,0.59,0.83,0.78,0.36
2305000,0.81,0.64,0.8,0.76,0.39
2306000,0.82,0.6,0.78,0.75,0.39
2307000,0.82,0.63,0.77,0.78,0.41
2308000,0.78,0.62,0.71,0.77,0.4
2309000,0.83,0.63,0.75,0.77,0.39
2310000,0.92,0.66,0.79,0.74,0.39
2311000,0.87,0.65,0.81,0.77,0.42
2312000,0.87,0.7,0.79,0.74,0.43
2313000,0.9,0.72,0.74,0.75,0.45
2314000,0.87,0.79,0.66,0.74,0.46
2315000,0.88,0.8,0.64,0.7,0.45
2316000,0.85,0.75,0.63,0.69,0.45
2317000,0.88,0.71,0.61,0.7,0.44
2318000,0.94,0.71,0.6,0.7,0.46
2319000,0.98,0.67,0.61,0.7,0.47
2320000,0.94,0.68,0.59,0.76,0.48
2321000,0.95,0.63,0.58,0.73,0.46
2322000,0.96,0.59,0.59,0.73,0.43
2323000,0.98,0.62,0.63,0.73,0.42
2324000,0.92,0.63,0.64,0.67,0.45
2325000,0.86,0.6,0.63,0.75,0.43
2326000,0.84,0.58,0.6,0.76,0.38
2327000,0.82,0.58,0.58,0.76,0.38
2328000,0.78,0.57,0.56,0.75,0.35
2329000,0.74,0.54,0.59,0.74,0.36
2330000,0.73,0.55,0.59,0.74,0.39
2331000,0.75,0.58,0.66,0.74,0.37
2332000,0.73,0.61,0.68,0.73,0.41
2333000,0.68,0.61,0.73,0.74,0.4
2334000,0.69,0.59,0.75,0.73,0.37
2335000,0.71,0.61,0.74,0.72,0.36
2336000,0.73,0.63,0.74,0.72,0.36
2337000,0.75,0.71,0.77,0.72,0.37
2338000,0.73,0.73,0.78,0.73,0.38
2339000,0.79,0.77,0.81,0.72,0.38
2340000,0.84,0.75,0.76,0.65,0.41
2341000,0.91,0.72,0.79,0.61,0.41
2342000,0.93,0.7,0.76,0.6,0.44
2343000,0.92,0.66,0.78,0.63,0.45
2344000,0.94,0.67,0.77,0.61,0.46
2345000,1.01,0.66,0.76,0.56,0.43
2346000,1.03,0.65,0.71,0.58,0.45
2347000,0.99,0.65,0.71,0.55,0.45
2348000,1.01,0.64,0.63,0.51,0.45
2349000,1.02,0.71,0.61,0.5,0.48
2350000,1.01,0.74,0.6,0.53,0.5
2351000,0.96,0.78,0.59,0.52,0.51
2352000,1.01,0.72,0.57,0.51,0.53
2353000,0.95,0.71,0.57,0.51,0.55
2354000,0.98,0.7,0.54,0.52,0.54
2355000,0.96,0.68,0.59,0.51,0.57
2356000,0.95,0.67,0.54,0.51,0.58
2357000,0.98,0.69,0.58,0.54,0.59
2358000,0.99,0.67,0.56,0.52,0.6
2359000,0.95,0.59,0.58,0.55,0.6
2360000,0.96,0.54,0.57,0.58,0.64
2361000,0.97,0.53,0.65,0.63,0.66
2362000,1.0,0.54,0.68,0.64,0.67
2363000,1.06,0.51,0.71,0.67,0.67
2364000,1.03,0.54,0.75,0.62,0.66
2365000,1.05,0.5,0.75,0.6,0.6
2366000,1.04,0.5,0.72,0.64,0.59
2367000,1.0,0.51,0.78,0.63,0.58
2368000,1.03,0.52,0.79,0.66,0.56
2369000,1.07,0.51,0.82,0.63,0.55
2370000,1.07,0.51,0.81,0.66,0.51
2371000,1.06,0.54,0.89,0.65,0.49
2372000,1.11,0.54,0.87,0.65,0.47
2373000,1.1,0.57,0.89,0.61,0.5
2374000,1.13,0.62,0.9,0.63,0.49
2375000,1.11,0.67,0.89,0.6,0.47
2376000,1.09,0.69,0.92,0.54,0.46
2377000,1.03,0.67,0.89,0.54,0.38
2378000,1.08,0.65,0.84,0.54,0.39
2379000,1.09,0.67,0.86,0.56,0.38
2380000,1.13,0.68,0.85,0.58,0.42
2381000,1.09,0.66,0.81,0.57,0.45
2382000,1.07,0.66,0.83,0.61,0.46
2383000,1.1,0.63,0.85,0.63,0.45
2384000,1.09,0.62,0.78,0.64,0.48
2385000,1.13,0.57,0.74,0.65,0.48
2386000,1.08,0.6,0.72,0.62,0.54
2387000,1.1,0.64,0.69,0.63,0.55
2388000,1.14,0.6,0.68,0.63,0.53
2389000,1.16,0.55,0.65,0.66,0.5
2390000,1.12,0.57,0.63,0.67,0.45
2391000,1.2,0.51,0.6,0.67,0.51
2392000,1.21,0.52,0.59,0.68,0.49
2393000,1.13,0.52,0.59,0.67,0.51
2394000,1.12,0.49,0.61,0.7,0.52
2395000,1.16,0.51,0.62,0.74,0.5
2396000,1.13,0.55,0.62,0.74,0.47
2397000,1.12,0.56,0.63,0.74,0.48
2398000,1.06,0.55,0.65,0.71,0.47
2399000,1.11,0.58,0.68,0.7,0.48
2400000,1.07,0.59,0.68,0.65,0.43
2401000,1.01,0.6,0.68,0.68,0.38
2402000,0.94,0.55,0.69,0.72,0.39
2403000,0.94,0.56,0.66,0.73,0.39
2404000,0.98,0.53,0.64,0.73,0.41
2405000,0.93,0.5,0.64,0.67,0.46
2406000,0.88,0.51,0.66,0.71,0.45
2407000,0.9,0.54,0.67,0.77,0.42
2408000,0.92,0.48,0.68,0.74,0.44
2409000,0.96,0.44,0.69,0.76,0.42
2410000,1.03,0.35,0.69,0.75,0.41
2411000,1.04,0.37,0.68,0.77,0.4
2412000,1.07,0.39,0.68,0.75,0.36
2413000,1.02,0.35,0.69,0.76,0.36
2414000,1.0,0.37,0.69,0.79,0.36
2415000,1.0,0.38,0.67,0.83,0.36
2416000,1.05,0.39,0.64,0.82,0.36
2417000,1.03,0.41,0.56,0.89,0.35
2418000,1.01,0.42,0.56,0.92,0.36
2419000,0.98,0.43,0.62,0.94,0.37
2420000,1.06,0.47,0.65,0.98,0.33
2421000,1.09,0.43,0.66,1.01,0.33
2422000,1.07,0.45,0.68,1.0,0.34
2423000,1.09,0.49,0.64,1.01,0.31
2424000,1.03,0.49,0.69,1.01,0.32
2425000,1.02,0.54,0.68,1.02,0.34
2426000,1.02,0.6,0.64,1.02,0.34
2427000,1.01,0.63,0.65,1.02,0.35
2428000,1.03,0.65,0.67,1.01,0.38
2429000,1.05,0.63,0.66,1.03,0.38
2430000,0.96,0.61,0.67,0.96,0.43
2431000,0.91,0.61,0.67,0.99,0.46
2432000,0.9,0.59,0.68,0.94,0.47
2433000,0.95,0.6,0.72,0.96,0.46
2434000,0.95,0.6,0.73,0.91,0.46
2435000,0.91,0.61,0.75,0.85,0.51
2436000,0.95,0.65,0.76,0.86,0.51
2437000,0.95,0.7,0.73,0.86,0.53
2438000,0.92,0.75,0.73,0.82,0.55
2439000,0.93,0.68,0.7,0.86,0.58
2440000,0.98,0.7,0.76,0.78,0.54
2441000,0.96,0.7,0.74,0.73,0.58
2442000,0.94,0.71,0.73,0.77,0.58
2443000,0.98,0.72,0.78,0.78,0.58
2444000,1.01,0.7,0.79,0.82,0.59
2445000,1.05,0.66,0.8,0.83,0.56
2446000,1.11,0.62,0.8,0.9,0.54
2447000,1.21,0.61,0.84,0.92,0.58
2448000,1.2,0.56,0.77,0.92,0.59
2449000,1.15,0.57,0.78,0.92,0.59
2450000,1.14,0.57,0.75,0.93,0.6
2451000,1.17,0.49,0.72,0.92,0.56
2452000,1.15,0.39,0.75,0.92,0.55
2453000,1.2,0.39,0.76,0.9,0.54
2454000,1.15,0.39,0.74,0.87,0.56
2455000,1.12,0.38,0.77,0.93,0.54
2456000,1.15,0.42,0.77,0.97,0.55
2457000,1.16,0.4,0.77,0.99,0.54
2458000,1.18,0.38,0.77,0.93,0.53
2459000,1.18,0.43,0.81,0.86,0.51
2460000,1.15,0.48,0.81,0.86,0.52
2461000,1.16,0.51,0.78,0.86,0.55
2462000,1.13,0.55,0.77,0.8,0.55
2463000,1.14,0.6,0.76,0.8,0.52
2464000,1.22,0.65,0.76,0.79,0.56
2465000,1.26,0.66,0.79,0.81,0.54
2466000,1.17,0.67,0.81,0.85,0.51
2467000,1.23,0.7,0.8,0.86,0.52
2468000,1.18,0.77,0.82,0.86,0.55
2469000,1.19,0.84,0.84,0.91,0.55
2470000,1.19,0.82,0.82,0.86,0.51
2471000,1.13,0.79,0.79,0.87,0.53
2472000,1.09,0.86,0.77,0.89,0.52
2473000,1.08,0.82,0.79,0.91,0.49
2474000,1.14,0.83,0.77,0.94,0.47
2475000,1.15,0.81,0.82,0.95,0.47
2476000,1.08,0.74,0.81,0.92,0.44
2477000,1.12,0.7,0.78,0.97,0.39
2478000,1.06,0.68,0.79,0.95,0.37
2479000,1.06,0.67,0.8,0.95,0.38
2480000,1.07,0.68,0.79,0.91,0.41
2481000,1.11,0.66,0.79,0.9,0.45
2482000,1.05,0.65,0.76,0.93,0.49
2483000,1.06,0.68,0.76,0.99,0.46
2484000,1.04,0.66,0.79,0.92,0.47
2485000,1.07,0.65,0.79,0.91,0.47
2486000,1.11,0.68,0.78,0.87,0.46
2487000,1.19,0.69,0.81,0.9,0.45
2488000,1.24,0.71,0.84,0.93,0.48
2489000,1.19,0.7,0.86,0.97,0.53
2490000,1.22,0.72,0.83,0.98,0.57
2491000,1.3,0.74,0.82,0.93,0.58
2492000,1.33,0.76,0.83,0.97,0.6
2493000,1.36,0.76,0.81,0.95,0.6
2494000,1.33,0.74,0.79,0.95,0.56
2495000,1.34,0.73,0.74,0.9,0.53
2496000,1.35,0.74,0.76,0.88,0.55
2497000,1.38,0.73,0.79,0.85,0.52
2498000,1.42,0.71,0.78,0.87,0.48
2499000,1.48,0.67,0.73,0.91,0.48
2500000,1.5,0.7,0.75,0.98,0.52
2501000,1.44,0.65,0.73,0.97,0.53
2502000,1.39,0.63,0.7,0.95,0.55
2503000,1.36,0.62,0.7,0.89,0.51
2504000,1.32,0.58,0.69,0.85,0.52
2505000,1.37,0.57,0.68,0.84,0.53
2506000,1.3,0.56,0.69,0.82,0.55
2507000,1.31,0.54,0.69,0.8,0.58
2508000,1.29,0.54,0.65,0.84,0.58
2509000,1.27,0.51,0.64,0.84,0.6
2510000,1.15,0.48,0.62,0.87,0.6
2511000,1.09,0.42,0.66,0.89,0.61
2512000,1.1,0.4,0.59,0.89,0.62
2513000,1.06,0.41,0.62,0.86,0.66
2514000,1.05,0.43,0.66,0.84,0.67
2515000,1.07,0.46,0.68,0.85,0.68
2516000,1.08,0.47,0.69,0.88,0.62
2517000,1.17,0.51,0.7,0.94,0.62
2518000,1.15,0.52,0.73,1.02,0.6
2519000,1.2,0.55,0.75,1.09,0.59
2520000,1.15,0.51,0.79,1.07,0.54
2521000,1.24,0.52,0.78,1.13,0.56
2522000,1.33,0.54,0.74,1.17,0.54
2523000,1.35,0.55,0.74,1.2,0.51
2524000,1.38,0.53,0.79,1.21,0.5
2525000,1.5,0.52,0.81,1.26,0.5
2526000,1.54,0.55,0.86,1.23,0.5
2527000,1.52,0.58,0.84,1.27,0.5
2528000,1.56,0.64,0.86,1.27,0.48
2529000,1.54,0.66,0.89,1.24,0.44
2530000,1.59,0.69,0.85,1.23,0.45
2531000,1.47,0.69,0.81,1.17,0.45
2532000,1.51,0.71,0.79,1.16,0.44
2533000,1.47,0.68,0.81,1.11,0.44
2534000,1.43,0.61,0.79,1.04,0.44
2535000,1.27,0.62,0.83,0.95,0.45
2536000,1.23,0.64,0.82,0.88,0.45
2537000,1.2,0.66,0.79,0.92,0.48
2538000,1.12,0.65,0.76,0.95,0.52
2539000,1.13,0.67,0.73,0.96,0.55
2540000,1.15,0.65,0.72,0.9,0.54
2541000,1.12,0.67,0.71,0.92,0.55
2542000,1.16,0.69,0.69,0.96,0.55
2543000,1.2,0.71,0.72,0.97,0.56
2544000,1.22,0.71,0.74,0.93,0.56
2545000,1.33,0.66,0.68,0.93,0.57
2546000,1.33,0.67,0.72,0.98,0.57
2547000,1.23,0.66,0.75,0.96,0.55
2548000,1.3,0.68,0.85,0.94,0.58
2549000,1.3,0.67,0.85,0.98,0.59
2550000,1.37,0.67,0.85,1.02,0.63
2551000,1.31,0.74,0.79,1.03,0.61
2552000,1.37,0.76,0.8,1.0,0.61
2553000,1.34,0.77,0.84,0.96,0.62
2554000,1.3,0.78,0.84,0.98,0.57
2555000,1.28,0.8,0.86,0.99,0.54
2556000,1.27,0.82,0.89,0.95,0.54
2557000,1.3,0.85,0.91,0.96,0.51
2558000,1.15,0.82,0.87,1.03,0.51
2559000,1.16,0.84,0.87,1.1,0.51
2560000,1.15,0.91,0.88,1.04,0.47
2561000,1.21,0.87,0.85,1.01,0.47
2562000,1.27,0.78,0.78,1.02,0.49
2563000,1.26,0.81,0.79,1.02,0.51
2564000,1.24,0.82,0.83,1.0,0.52
2565000,1.32,0.84,0.8,0.98,0.53
2566000,1.26,0.81,0.84,1.0,0.49
2567000,1.25,0.79,0.83,0.97,0.5
2568000,1.3,0.84,0.83,0.99,0.47
2569000,1.37,0.84,0.87,0.97,0.43
2570000,1.34,0.81,0.87,0.97,0.49
2571000,1.31,0.78,0.8,0.87,0.5
2572000,1.39,0.77,0.76,0.83,0.51
2573000,1.42,0.76,0.81,0.9,0.52
2574000,1.49,0.8,0.85,0.95,0.52
2575000,1.51,0.75,0.91,0.94,0.53
2576000,1.51,0.73,0.97,0.95,0.54
2577000,1.5,0.69,0.98,1.02,0.51
2578000,1.5,0.72,1.03,1.01,0.47
2579000,1.58,0.74,1.02,1.05,0.46
2580000,1.57,0.73,1.02,1.14,0.44
2581000,1.62,0.76,1.0,1.14,0.42
2582000,1.62,0.73,1.02,1.1,0.43
2583000,1.57,0.73,1.01,1.09,0.41
2584000,1.57,0.8,1.01,1.11,0.43
2585000,1.54,0.74,1.0,1.1,0.42
2586000,1.49,0.75,1.05,1.06,0.34
2587000,1.42,0.75,1.08,0.96,0.37
2588000,1.52,0.8,1.07,1.07,0.38
2589000,1.53,0.76,1.04,1.02,0.41
2590000,1.46,0.76,1.03,1.03,0.42
2591000,1.51,0.77,0.97,0.96,0.45
2592000,1.44,0.81,0.95,0.97,0.49
2593000,1.4,0.83,0.96,0.99,0.46
2594000,1.44,0.82,0.87,0.95,0.46
2595000,1.42,0.84,0.88,0.97,0.48
2596000,1.45,0.77,0.87,1.0,0.52
2597000,1.38,0.76,0.91,1.01,0.52
2598000,1.46,0.65,0.89,1.0,0.55
2599000,1.53,0.68,0.95,1.04,0.56
2600000,1.56,0.69,0.93,1.12,0.59
2601000,1.55,0.72,0.97,1.13,0.63
2602000,1.56,0.73,1.0,1.11,0.62
2603000,1.51,0.65,0.98,1.1,0.57
2604000,1.52,0.64,0.97,1.06,0.56
2605000,1.56,0.57,1.08,1.11,0.52
2606000,1.53,0.5,1.11,1.12,0.52
2607000,1.57,0.46,1.06,1.17,0.5
2608000,1.6,0.44,1.11,1.04,0.52
2609000,1.58,0.43,1.12,1.05,0.54
2610000,1.6,0.43,1.14,1.05,0.54
2611000,1.53,0.45,1.13,1.06,0.5
2612000,1.59,0.49,1.15,1.12,0.49
2613000,1.6,0.48,1.18,1.14,0.51
2614000,1.58,0.39,1.25,1.15,0.47
2615000,1.56,0.4,1.22,1.15,0.45
2616000,1.65,0.4,1.14,1.18,0.44
2617000,1.57,0.43,1.19,1.08,0.43
2618000,1.58,0.45,1.2,1.12,0.43
2619000,1.62,0.47,1.21,1.1,0.43
2620000,1.66,0.51,1.2,1.05,0.43
2621000,1.63,0.52,1.21,1.04,0.39
2622000,1.72,0.57,1.21,1.1,0.4
2623000,1.69,0.61,1.23,1.07,0.39
2624000,1.6,0.68,1.19,1.01,0.37
2625000,1.63,0.7,1.22,1.03,0.37
2626000,1.65,0.71,1.2,1.0,0.4
2627000,1.65,0.66,1.24,0.98,0.43
2628000,1.65,0.66,1.29,0.96,0.4
2629000,1.69,0.71,1.29,1.02,0.39
2630000,1.71,0.68,1.25,1.0,0.4
2631000,1.75,0.74,1.23,1.0,0.43
2632000,1.72,0.78,1.28,0.97,0.44
2633000,1.66,0.76,1.22,0.95,0.45
2634000,1.73,0.76,1.21,1.02,0.46
2635000,1.62,0.76,1.18,0.98,0.47
2636000,1.63,0.76,1.12,1.0,0.5
2637000,1.59,0.77,1.06,1.02,0.54
2638000,1.58,0.69,1.04,0.99,0.57
2639000,1.61,0.63,1.06,1.03,0.59
2640000,1.63,0.67,1.04,1.04,0.56
2641000,1.56,0.71,1.04,1.02,0.56
2642000,1.59,0.74,1.01,1.01,0.54
2643000,1.53,0.71,0.95,1.05,0.56
2644000,1.49,0.64,0.93,1.08,0.6
2645000,1.45,0.57,0.85,1.11,0.6
2646000,1.52,0.55,0.86,1.13,0.59
2647000,1.59,0.57,0.83,1.16,0.57
2648000,1.6,0.59,0.84,1.18,0.59
2649000,1.62,0.57,0.86,1.21,0.58
2650000,1.63,0.57,0.89,1.23,0.59
2651000,1.6,0.6,0.89,1.26,0.55
2652000,1.59,0.62,0.92,1.24,0.61
2653000,1.67,0.65,0.93,1.31,0.59
2654000,1.6,0.67,0.97,1.32,0.62
2655000,1.5,0.68,0.98,1.36,0.58
2656000,1.51,0.7,0.98,1.32,0.63
2657000,1.54,0.68,1.0,1.31,0.63
2658000,1.54,0.67,1.0,1.22,0.68
2659000,1.53,0.67,1.08,1.26,0.67
2660000,1.5,0.7,1.05,1.3,0.66
2661000,1.5,0.67,1.09,1.32,0.67
2662000,1.51,0.7,1.1,1.27,0.69
2663000,1.44,0.68,1.1,1.26,0.7
2664000,1.38,0.73,1.13,1.19,0.68
2665000,1.38,0.69,1.13,1.17,0.65
2666000,1.43,0.65,1.16,1.17,0.68
2667000,1.47,0.65,1.16,1.16,0.71
2668000,1.46,0.58,1.16,1.14,0.65
2669000,1.56,0.55,1.2,1.16,0.67
2670000,1.61,0.54,1.19,1.14,0.67
2671000,1.58,0.51,1.22,1.2,0.67
2672000,1.68,0.44,1.16,1.22,0.64
2673000,1.61,0.42,1.17,1.16,0.63
2674000,1.51,0.46,1.22,1.25,0.59
2675000,1.48,0.42,1.22,1.27,0.58
2676000,1.5,0.42,1.26,1.31,0.58
2677000,1.48,0.36,1.29,1.36,0.56
2678000,1.49,0.36,1.27,1.43,0.62
2679000,1.51,0.34,1.3,1.35,0.62
2680000,1.52,0.36,1.24,1.46,0.61
2681000,1.45,0.37,1.24,1.47,0.59
2682000,1.31,0.38,1.29,1.54,0.56
2683000,1.15,0.4,1.31,1.57,0.55
2684000,1.14,0.45,1.32,1.53,0.53
2685000,1.18,0.47,1.32,1.55,0.52
2686000,1.17,0.48,1.32,1.53,0.56
2687000,1.01,0.5,1.36,1.46,0.55
2688000,1.12,0.54,1.31,1.48,0.53
2689000,1.24,0.52,1.29,1.48,0.52
2690000,1.33,0.55,1.31,1.4,0.55
2691000,1.38,0.56,1.31,1.31,0.57
2692000,1.45,0.53,1.3,1.35,0.57
2693000,1.44,0.57,1.28,1.29,0.51
2694000,1.45,0.63,1.27,1.22,0.47
2695000,1.52,0.61,1.22,1.2,0.48
2696000,1.6,0.64,1.22,1.22,0.49
2697000,1.7,0.66,1.15,1.27,0.54
2698000,1.76,0.67,1.12,1.31,0.51
2699000,1.81,0.66,1.07,1.31,0.52
2700000,1.79,0.64,1.02,1.28,0.54
2701000,1.81,0.68,0.99,1.28,0.53
2702000,1.87,0.72,0.95,1.27,0.53
2703000,1.95,0.78,0.94,1.32,0.51
2704000,1.91,0.74,0.96,1.39,0.51
2705000,1.95,0.75,0.92,1.54,0.5
2706000,1.82,0.77,0.88,1.54,0.48
2707000,1.78,0.77,0.92,1.44,0.49
2708000,1.8,0.74,0.92,1.45,0.5
2709000,1.86,0.78,0.92,1.43,0.48
2710000,1.89,0.81,0.91,1.45,0.54
2711000,1.9,0.8,0.89,1.38,0.54
2712000,1.93,0.82,0.89,1.33,0.53
2713000,1.92,0.8,0.89,1.36,0.51
2714000,1.92,0.85,0.88,1.43,0.55
2715000,1.92,0.81,0.86,1.44,0.55
2716000,1.95,0.77,0.8,1.45,0.55
2717000,1.96,0.73,0.8,1.42,0.57
2718000,1.99,0.75,0.8,1.45,0.56
2719000,1.96,0.79,0.73,1.48,0.57
2720000,1.99,0.82,0.67,1.5,0.55
2721000,1.92,0.81,0.62,1.57,0.59
2722000,1.96,0.84,0.64,1.57,0.59
2723000,2.0,0.89,0.62,1.63,0.59
2724000,1.94,0.87,0.61,1.62,0.6
2725000,1.9,0.85,0.69,1.72,0.55
2726000,1.85,0.81,0.72,1.69,0.52
2727000,1.83,0.8,0.72,1.7,0.49
2728000,1.86,0.77,0.74,1.62,0.56
2729000,1.8,0.76,0.8,1.64,0.53
2730000,1.85,0.77,0.79,1.67,0.53
2731000,1.86,0.75,0.76,1.67,0.48
2732000,1.79,0.7,0.83,1.59,0.45
2733000,1.77,0.63,0.84,1.52,0.45
2734000,1.65,0.56,0.88,1.52,0.45
2735000,1.63,0.46,0.93,1.55,0.45
2736000,1.58,0.46,1.02,1.49,0.4
2737000,1.64,0.45,1.09,1.6,0.43
2738000,1.65,0.45,1.15,1.55,0.44
2739000,1.68,0.43,1.14,1.56,0.49
2740000,1.63,0.43,1.14,1.52,0.55
2741000,1.62,0.45,1.16,1.53,0.55
2742000,1.62,0.41,1.12,1.53,0.55
2743000,1.61,0.42,1.08,1.6,0.54
2744000,1.66,0.46,1.09,1.63,0.51
2745000,1.69,0.45,1.14,1.59,0.51
2746000,1.68,0.5,1.18,1.63,0.49
2747000,1.68,0.49,1.17,1.71,0.49
2748000,1.66,0.53,1.19,1.65,0.53
2749000,1.8,0.51,1.19,1.56,0.53
2750000,1.79,0.5,1.23,1.58,0.54
2751000,1.84,0.49,1.22,1.58,0.58
2752000,1.85,0.51,1.2,1.59,0.62
2753000,1.89,0.49,1.13,1.62,0.62
2754000,1.77,0.48,1.12,1.67,0.58
2755000,1.8,0.45,1.13,1.71,0.52
2756000,1.86,0.5,1.13,1.67,0.51
2757000,1.82,0.49,1.1,1.64,0.52
2758000,1.86,0.48,1.17,1.61,0.53
2759000,1.86,0.48,1.19,1.6,0.59
2760000,1.89,0.49,1.21,1.62,0.57
2761000,1.94,0.46,1.18,1.6,0.63
2762000,1.98,0.5,1.18,1.58,0.66
2763000,1.93,0.49,1.17,1.64,0.65
2764000,1.98,0.53,1.22,1.64,0.66
2765000,1.88,0.54,1.2,1.68,0.67
2766000,1.92,0.53,1.16,1.72,0.68
2767000,1.89,0.56,1.04,1.77,0.64
2768000,1.92,0.56,1.02,1.72,0.6
2769000,1.89,0.56,1.04,1.72,0.58
2770000,2.0,0.61,0.99,1.68,0.6
2771000,2.03,0.64,1.0,1.76,0.63
2772000,2.01,0.62,1.02,1.76,0.66
2773000,2.08,0.63,1.04,1.71,0.61
2774000,2.03,0.62,1.09,1.7,0.57
2775000,2.04,0.65,1.09,1.72,0.53
2776000,2.08,0.63,1.08,1.76,0.5
2777000,2.03,0.67,1.1,1.73,0.43
2778000,2.05,0.69,1.1,1.69,0.4
2779000,2.08,0.74,1.1,1.76,0.35
2780000,2.08,0.73,1.16,1.68,0.38
2781000,2.05,0.71,1.11,1.63,0.38
2782000,2.0,0.74,1.07,1.71,0.39
2783000,1.99,0.7,1.12,1.67,0.39
2784000,2.03,0.65,1.21,1.57,0.42
2785000,1.95,0.67,1.26,1.58,0.39
2786000,1.92,0.64,1.31,1.56,0.39
2787000,1.93,0.58,1.33,1.52,0.37
2788000,1.85,0.59,1.31,1.53,0.41
2789000,1.88,0.61,1.31,1.51,0.42
2790000,1.87,0.59,1.31,1.53,0.4
2791000,1.89,0.57,1.3,1.54,0.44
2792000,1.85,0.54,1.31,1.46,0.49
2793000,1.79,0.57,1.27,1.48,0.55
2794000,1.76,0.5,1.26,1.57,0.57
2795000,1.81,0.46,1.25,1.53,0.62
2796000,1.82,0.46,1.18,1.57,0.65
2797000,1.87,0.42,1.19,1.59,0.6
2798000,1.85,0.4,1.25,1.57,0.6
2799000,1.84,0.4,1.24,1.67,0.6
2800000,1.82,0.4,1.24,1.66,0.61
2801000,1.8,0.44,1.23,1.68,0.6
2802000,1.79,0.39,1.25,1.65,0.63
2803000,1.75,0.42,1.22,1.62,0.63
2804000,1.8,0.44,1.26,1.58,0.58
2805000,1.77,0.44,1.3,1.61,0.56
2806000,1.71,0.49,1.33,1.5,0.56
2807000,1.76,0.45,1.34,1.37,0.57
2808000,1.8,0.47,1.36,1.37,0.55
2809000,1.89,0.49,1.37,1.43,0.51
2810000,1.84,0.5,1.42,1.43,0.5
2811000,1.81,0.54,1.36,1.43,0.41
2812000,1.87,0.55,1.41,1.42,0.44
2813000,1.84,0.57,1.37,1.42,0.45
2814000,1.8,0.58,1.44,1.48,0.43
2815000,1.82,0.59,1.49,1.44,0.45
2816000,1.81,0.58,1.55,1.44,0.45
2817000,1.83,0.58,1.5,1.5,0.45
2818000,1.91,0.58,1.54,1.58,0.45
2819000,1.9,0.61,1.5,1.58,0.46
2820000,1.85,0.54,1.41,1.63,0.51
2821000,1.91,0.53,1.34,1.6,0.5
2822000,1.81,0.52,1.24,1.63,0.5
2823000,1.75,0.5,1.19,1.69,0.47
2824000,1.74,0.49,1.09,1.68,0.51
2825000,1.79,0.49,1.02,1.71,0.55
2826000,1.71,0.48,0.89,1.72,0.53
2827000,1.71,0.47,0.91,1.69,0.54
2828000,1.74,0.46,0.88,1.58,0.53
2829000,1.71,0.5,0.97,1.68,0.49
2830000,1.62,0.48,0.92,1.68,0.51
2831000,1.54,0.48,0.94,1.66,0.53
2832000,1.58,0.4,0.89,1.65,0.51
2833000,1.57,0.4,0.84,1.66,0.54
2834000,1.53,0.4,0.85,1.73,0.56
2835000,1.59,0.4,0.84,1.81,0.57
2836000,1.64,0.36,0.86,1.8,0.58
2837000,1.54,0.35,0.9,1.78,0.54
2838000,1.59,0.34,0.97,1.86,0.57
2839000,1.54,0.36,1.04,1.76,0.57
2840000,1.62,0.34,1.11,1.74,0.54
2841000,1.61,0.38,1.16,1.75,0.53
2842000,1.63,0.38,1.22,1.84,0.49
2843000,1.58,0.38,1.29,1.86,0.5
2844000,1.63,0.37,1.28,1.86,0.53
2845000,1.69,0.37,1.28,1.93,0.57
2846000,1.7,0.39,1.33,1.88,0.59
2847000,1.81,0.39,1.37,1.93,0.55
2848000,1.81,0.4,1.36,1.82,0.55
2849000,1.9,0.35,1.4,1.77,0.55
2850000,1.89,0.43,1.34,1.74,0.51
2851000,1.97,0.44,1.37,1.76,0.52
2852000,1.99,0.46,1.44,1.77,0.52
2853000,2.04,0.45,1.45,1.82,0.55
2854000,2.06,0.46,1.43,1.78,0.6
2855000,2.07,0.43,1.41,1.88,0.6
2856000,1.96,0.44,1.39,1.83,0.61
2857000,2.0,0.44,1.37,1.77,0.58
2858000,1.99,0.44,1.39,1.78,0.57
2859000,1.98,0.46,1.41,1.83,0.55
2860000,1.97,0.45,1.38,1.81,0.51
2861000,2.02,0.47,1.39,1.8,0.51
2862000,2.01,0.5,1.42,1.83,0.52
2863000,2.05,0.54,1.33,1.88,0.5
2864000,2.07,0.58,1.31,1.9,0.52
2865000,2.08,0.56,1.32,1.88,0.52
2866000,1.92,0.57,1.27,1.88,0.51
2867000,1.9,0.61,1.3,1.91,0.45
2868000,1.9,0.65,1.36,2.01,0.48
2869000,1.93,0.69,1.4,2.03,0.44
2870000,1.96,0.71,1.36,2.03,0.43
2871000,1.96,0.7,1.38,2.07,0.44
2872000,1.94,0.69,1.47,1.98,0.45
2873000,2.01,0.68,1.47,2.01,0.5
2874000,1.95,0.72,1.49,1.96,0.49
2875000,1.98,0.72,1.51,2.05,0.46
2876000,2.04,0.73,1.44,2.08,0.43
2877000,2.06,0.76,1.5,2.13,0.43
2878000,2.06,0.76,1.51,2.09,0.44
2879000,2.04,0.72,1.56,2.1,0.42
2880000,2.1,0.69,1.54,2.13,0.45
2881000,2.08,0.73,1.51,2.03,0.46
2882000,2.0,0.75,1.49,1.95,0.45
2883000,2.01,0.75,1.47,1.92,0.46
2884000,2.08,0.69,1.44,1.94,0.46
2885000,2.03,0.67,1.39,1.87,0.42
2886000,2.06,0.7,1.39,1.91,0.47
2887000,2.06,0.68,1.34,1.89,0.41
2888000,2.09,0.7,1.35,1.8,0.42
2889000,2.1,0.7,1.24,1.77,0.42
2890000,2.08,0.67,1.19,1.74,0.41
2891000,2.1,0.61,1.15,1.76,0.42
2892000,2.02,0.57,1.16,1.8,0.43
2893000,1.97,0.59,1.14,1.77,0.46
2894000,1.94,0.57,1.09,1.75,0.5
2895000,1.84,0.59,1.12,1.86,0.56
2896000,1.92,0.55,1.09,1.85,0.6
2897000,1.98,0.53,1.15,1.81,0.59
2898000,2.08,0.47,1.22,1.91,0.57
2899000,2.1,0.52,1.23,1.83,0.57
2900000,2.02,0.47,1.2,1.81,0.61
2901000,2.07,0.43,1.21,1.9,0.62
2902000,2.08,0.45,1.28,1.88,0.65
2903000,2.05,0.44,1.27,1.82,0.64
2904000,2.01,0.41,1.27,1.68,0.63
2905000,1.96,0.43,1.29,1.71,0.64
2906000,1.97,0.46,1.32,1.75,0.64
2907000,2.01,0.53,1.32,1.8,0.65
2908000,2.03,0.48,1.33,1.72,0.67
2909000,2.04,0.52,1.28,1.75,0.66
2910000,2.08,0.5,1.28,1.64,0.61
2911000,1.96,0.49,1.3,1.71,0.57
2912000,1.95,0.51,1.31,1.66,0.57
2913000,1.89,0.56,1.29,1.68,0.56
2914000,1.94,0.56,1.29,1.76,0.57
2915000,1.9,0.54,1.28,1.75,0.55
2916000,1.94,0.6,1.24,1.83,0.53
2917000,1.84,0.58,1.22,1.79,0.56
2918000,1.88,0.57,1.12,1.68,0.54
2919000,1.98,0.57,1.07,1.59,0.56
2920000,1.99,0.62,1.09,1.66,0.58
2921000,1.88,0.64,1.1,1.66,0.59
2922000,1.88,0.62,1.1,1.73,0.59
2923000,1.88,0.56,1.15,1.71,0.61
2924000,1.82,0.55,1.22,1.73,0.59
2925000,1.89,0.58,1.22,1.68,0.6
2926000,1.94,0.65,1.31,1.54,0.63
2927000,1.98,0.68,1.33,1.56,0.62
2928000,1.84,0.71,1.32,1.49,0.59
2929000,1.82,0.67,1.25,1.59,0.59
2930000,1.84,0.67,1.19,1.57,0.62
2931000,1.87,0.67,1.16,1.67,0.64
2932000,1.96,0.6,1.14,1.66,0.66
2933000,1.97,0.61,1.18,1.61,0.63
2934000,1.91,0.63,1.23,1.69,0.61
2935000,1.85,0.61,1.31,1.72,0.56
2936000,1.86,0.56,1.3,1.75,0.55
2937000,1.88,0.59,1.36,1.79,0.51
2938000,1.89,0.61,1.31,1.91,0.53
2939000,1.96,0.67,1.3,1.94,0.49
2940000,1.97,0.7,1.33,1.98,0.51
2941000,1.99,0.67,1.3,2.03,0.5
2942000,1.96,0.55,1.37,2.08,0.5
2943000,2.1,0.55,1.32,2.2,0.48
2944000,2.13,0.53,1.3,2.32,0.52
2945000,2.21,0.55,1.23,2.37,0.46
2946000,2.04,0.62,1.22,2.4,0.45
2947000,1.97,0.64,1.24,2.41,0.51
2948000,1.91,0.68,1.2,2.31,0.48
2949000,1.96,0.68,1.16,2.28,0.53
2950000,2.01,0.69,1.17,2.41,0.55
2951000,1.96,0.74,1.2,2.21,0.6
2952000,1.98,0.82,1.15,2.11,0.62
2953000,1.96,0.79,1.1,2.11,0.63
2954000,1.88,0.83,1.13,2.05,0.65
2955000,1.92,0.81,1.19,2.01,0.64
2956000,1.83,0.81,1.15,2.07,0.62
2957000,1.85,0.81,1.09,2.18,0.63
2958000,1.82,0.87,1.14,1.93,0.61
2959000,1.71,0.86,1.07,1.9,0.55
2960000,1.7,0.87,1.07,1.89,0.55
2961000,1.82,0.89,1.05,1.94,0.53
2962000,1.78,0.83,1.12,2.04,0.48
2963000,1.87,0.8,1.14,2.13,0.45
2964000,1.9,0.73,1.21,2.18,0.42
2965000,1.93,0.76,1.25,2.08,0.35
2966000,1.94,0.75,1.26,2.15,0.37
2967000,1.9,0.74,1.24,2.2,0.35
2968000,1.95,0.69,1.25,2.16,0.31
2969000,1.99,0.67,1.26,2.22,0.31
2970000,1.99,0.68,1.26,2.11,0.29
2971000,2.02,0.68,1.29,2.12,0.3
2972000,2.06,0.61,1.27,2.0,0.32
2973000,2.11,0.62,1.22,2.06,0.31
2974000,2.2,0.59,1.2,2.08,0.3
2975000,2.11,0.61,1.2,1.99,0.31
2976000,2.09,0.62,1.11,1.95,0.32
2977000,2.15,0.6,1.13,1.98,0.35
2978000,2.1,0.62,1.14,2.09,0.36
2979000,2.06,0.58,1.1,2.06,0.37
2980000,2.07,0.5,1.13,2.14,0.38
2981000,2.08,0.49,1.17,2.17,0.38
2982000,2.16,0.48,1.19,2.2,0.39
2983000,2.17,0.52,1.21,2.27,0.43
2984000,2.17,0.55,1.24,2.37,0.44
2985000,2.14,0.61,1.27,2.43,0.46
2986000,2.09,0.61,1.25,2.34,0.48
2987000,2.02,0.6,1.24,2.44,0.49
2988000,1.85,0.63,1.19,2.54,0.45
2989000,1.81,0.64,1.19,2.46,0.5
2990000,1.9,0.64,1.24,2.45,0.56
2991000,1.92,0.71,1.28,2.35,0.55
2992000,1.78,0.72,1.29,2.33,0.54
2993000,1.75,0.75,1.4,2.24,0.52
2994000,1.79,0.76,1.42,2.25,0.5
2995000,1.74,0.8,1.49,2.16,0.49
2996000,1.66,0.82,1.47,2.16,0.49
2997000,1.61,0.78,1.5,2.04,0.49
2998000,1.52,0.84,1.51,1.77,0.48
2999000,1.61,0.83,1.48,1.67,0.52
3000000,1.56,0.8,1.45,1.68,0.51
3001000,1.59,0.83,1.44,1.74,0.52
3002000,1.67,0.85,1.46,1.83,0.49
3003000,1.63,0.85,1.57,1.81,0.48
3004000,1.56,0.82,1.6,1.74,0.5
3005000,1.53,0.79,1.67,1.77,0.49
3006000,1.59,0.78,1.75,1.76,0.46
3007000,1.61,0.77,1.78,1.67,0.48
3008000,1.64,0.76,1.8,1.61,0.54
3009000,1.61,0.75,1.74,1.65,0.55
3010000,1.73,0.77,1.8,1.66,0.56
3011000,1.77,0.77,1.71,1.75,0.57
3012000,1.8,0.73,1.68,1.8,0.58
3013000,1.79,0.74,1.62,2.02,0.62
3014000,1.86,0.76,1.64,2.09,0.6
3015000,1.92,0.76,1.62,2.17,0.6
3016000,1.92,0.77,1.54,2.11,0.56
3017000,1.91,0.82,1.54,2.06,0.62
3018000,2.01,0.85,1.51,2.14,0.62
3019000,2.11,0.83,1.57,2.18,0.66
3020000,2.17,0.84,1.48,2.11,0.67
3021000,2.16,0.89,1.45,2.16,0.66
3022000,2.1,0.92,1.45,2.1,0.63
3023000,2.15,0.9,1.36,2.16,0.64
3024000,2.23,0.89,1.37,2.1,0.63
3025000,2.28,0.92,1.35,2.12,0.65
3026000,2.24,0.92,1.36,2.02,0.68
3027000,2.26,0.92,1.4,1.84,0.7
3028000,2.27,0.9,1.36,1.85,0.69
3029000,2.24,0.91,1.41,1.92,0.68
3030000,2.28,0.91,1.44,1.81,0.67
3031000,2.27,0.89,1.47,1.85,0.65
3032000,2.27,0.9,1.44,1.8,0.69
3033000,2.32,0.91,1.53,1.83,0.65
3034000,2.3,0.93,1.62,1.79,0.65
3035000,2.26,0.93,1.71,1.85,0.66
3036000,2.3,0.93,1.72,1.78,0.64
3037000,2.34,0.92,1.67,1.76,0.66
3038000,2.33,0.96,1.58,1.78,0.63
3039000,2.26,0.97,1.65,1.85,0.63
3040000,2.17,0.97,1.6,1.81,0.6
3041000,2.03,0.9,1.56,1.9,0.59
3042000,1.94,0.86,1.57,1.82,0.62
3043000,1.84,0.87,1.49,1.81,0.58
3044000,1.67,0.92,1.49,1.88,0.59
3045000,1.56,0.95,1.52,1.92,0.55
3046000,1.37,0.97,1.53,1.94,0.57
3047000,1.34,1.02,1.48,1.98,0.55
3048000,1.28,1.0,1.47,2.05,0.52
3049000,1.16,0.98,1.36,2.06,0.47
3050000,1.14,0.95,1.25,2.06,0.44
3051000,1.01,0.94,1.13,2.2,0.41
3052000,0.82,0.96,1.09,2.25,0.41
3053000,0.72,1.03,1.18,2.3,0.39
3054000,0.72,1.03,1.24,2.28,0.39
3055000,0.65,1.11,1.23,2.21,0.38
3056000,0.66,1.07,1.21,2.2,0.37
3057000,0.7,1.0,1.28,2.07,0.36
3058000,0.75,0.98,1.29,2.19,0.32
3059000,0.77,0.95,1.31,2.31,0.32
3060000,0.82,1.04,1.35,2.3,0.34
3061000,0.91,1.08,1.36,2.26,0.37
3062000,1.02,1.07,1.34,2.21,0.38
3063000,1.19,1.11,1.34,2.24,0.4
3064000,1.29,1.14,1.3,2.13,0.45
3065000,1.39,1.14,1.39,2.15,0.43
3066000,1.47,1.11,1.41,2.09,0.46
3067000,1.61,1.17,1.41,2.05,0.45
3068000,1.75,1.19,1.48,2.04,0.46
3069000,1.88,1.21,1.46,2.05,0.46
3070000,1.95,1.25,1.34,2.07,0.47
3071000,2.07,1.31,1.36,2.18,0.5
3072000,2.11,1.33,1.34,2.14,0.51
3073000,2.13,1.4,1.28,2.06,0.51
3074000,2.23,1.34,1.31,1.99,0.53
3075000,2.25,1.37,1.29,1.98,0.57
3076000,2.32,1.34,1.32,1.98,0.53
3077000,2.33,1.37,1.35,2.04,0.51
3078000,2.37,1.39,1.37,2.02,0.48
3079000,2.34,1.4,1.32,2.01,0.47
3080000,2.34,1.42,1.3,1.93,0.5
3081000,2.32,1.41,1.38,1.88,0.47
3082000,2.39,1.44,1.41,1.91,0.46
3083000,2.38,1.47,1.4,1.98,0.45
3084000,2.34,1.43,1.46,1.93,0.45
3085000,2.37,1.37,1.5,1.89,0.46
3086000,2.41,1.3,1.49,1.84,0.45
3087000,2.37,1.37,1.54,1.9,0.46
3088000,2.31,1.43,1.59,1.9,0.43
3089000,2.18,1.37,1.56,2.04,0.44
3090000,2.17,1.33,1.52,1.95,0.45
3091000,2.16,1.36,1.51,1.95,0.46
3092000,2.2,1.41,1.52,2.02,0.48
3093000,2.15,1.4,1.42,2.08,0.46
3094000,2.17,1.42,1.41,2.2,0.46
3095000,2.11,1.43,1.48,2.28,0.5
3096000,2.03,1.42,1.53,2.3,0.53
3097000,2.08,1.38,1.58,2.31,0.55
3098000,2.09,1.34,1.51,2.25,0.54
3099000,2.03,1.4,1.48,2.29,0.51
3100000,1.99,1.32,1.44,2.26,0.56
3101000,1.98,1.3,1.37,2.18,0.55
3102000,2.02,1.33,1.29,2.19,0.54
3103000,2.04,1.36,1.37,2.22,0.51
3104000,2.01,1.4,1.37,2.3,0.53
3105000,2.05,1.4,1.42,2.23,0.5
3106000,2.02,1.37,1.48,2.25,0.45
3107000,1.96,1.29,1.48,2.28,0.47
3108000,1.97,1.34,1.5,2.18,0.47
3109000,1.96,1.32,1.51,1.9,0.5
3110000,1.93,1.26,1.57,1.89,0.51
3111000,1.99,1.17,1.54,1.95,0.49
3112000,2.07,1.21,1.59,2.02,0.5
3113000,2.08,1.22,1.66,1.96,0.52
3114000,2.01,1.19,1.7,2.01,0.55
3115000,2.11,1.31,1.63,2.09,0.53
3116000,2.09,1.34,1.57,2.15,0.54
3117000,2.11,1.25,1.63,2.08,0.54
3118000,2.12,1.23,1.65,1.97,0.55
3119000,2.21,1.16,1.73,2.01,0.55
3120000,2.27,1.14,1.72,2.01,0.57
3121000,2.31,1.07,1.79,1.98,0.55
3122000,2.27,1.09,1.9,1.92,0.51
3123000,2.31,1.1,1.83,1.91,0.48
3124000,2.35,1.12,1.75,1.96,0.47
3125000,2.31,1.23,1.66,2.04,0.43
3126000,2.27,1.3,1.64,2.14,0.43
3127000,2.32,1.44,1.68,2.23,0.4
3128000,2.34,1.37,1.67,2.23,0.43
3129000,2.31,1.43,1.68,2.01,0.4
3130000,2.38,1.39,1.62,2.08,0.38
3131000,2.36,1.39,1.65,2.1,0.41
3132000,2.34,1.4,1.68,2.05,0.38
3133000,2.3,1.39,1.69,2.09,0.33
3134000,2.29,1.4,1.81,2.09,0.33
3135000,2.2,1.45,1.8,2.15,0.36
3136000,2.22,1.5,1.74,2.2,0.36
3137000,2.25,1.68,1.7,2.21,0.37
3138000,2.35,1.79,1.58,2.45,0.37
3139000,2.39,1.85,1.6,2.52,0.36
3140000,2.33,1.83,1.65,2.31,0.37
3141000,2.32,1.86,1.75,2.31,0.38
3142000,2.28,1.79,1.79,2.24,0.45
3143000,2.15,1.84,1.82,2.26,0.4
3144000,2.17,1.82,1.71,2.27,0.48
3145000,2.05,1.8,1.53,2.45,0.48
3146000,2.06,1.8,1.45,2.61,0.52
3147000,2.07,1.79,1.44,2.68,0.53
3148000,2.13,1.85,1.45,2.76,0.57
3149000,2.06,1.92,1.41,2.82,0.62
3150000,2.13,1.94,1.32,2.83,0.63
3151000,2.19,1.95,1.32,2.74,0.58
3152000,2.13,1.92,1.31,2.63,0.57
3153000,2.06,1.74,1.36,2.59,0.61
3154000,2.0,1.64,1.42,2.62,0.62
3155000,2.02,1.54,1.47,2.46,0.63
3156000,2.13,1.47,1.43,2.33,0.66
3157000,2.12,1.44,1.44,2.38,0.63
3158000,2.14,1.37,1.49,2.3,0.6
3159000,2.2,1.36,1.42,2.38,0.67
3160000,2.27,1.35,1.39,2.4,0.67
3161000,2.34,1.38,1.43,2.49,0.65
3162000,2.32,1.28,1.54,2.29,0.65
3163000,2.28,1.3,1.61,2.15,0.64
3164000,2.26,1.27,1.57,2.1,0.64
3165000,2.33,1.28,1.6,2.13,0.61
3166000,2.35,1.42,1.59,2.07,0.6
3167000,2.39,1.41,1.71,2.07,0.59
3168000,2.38,1.46,1.78,2.24,0.63
3169000,2.42,1.47,1.77,2.29,0.67
3170000,2.49,1.52,1.77,2.32,0.66
3171000,2.46,1.6,1.82,2.28,0.68
3172000,2.39,1.6,1.83,2.23,0.68
3173000,2.42,1.6,1.82,2.29,0.67
3174000,2.43,1.64,1.88,2.24,0.64
3175000,2.45,1.67,1.93,2.35,0.64
3176000,2.42,1.63,1.9,2.33,0.58
3177000,2.34,1.62,1.93,2.48,0.56
3178000,2.39,1.55,1.93,2.54,0.58
3179000,2.34,1.45,1.94,2.48,0.56
3180000,2.21,1.42,1.84,2.44,0.59
3181000,2.08,1.4,1.88,2.33,0.59
3182000,2.04,1.42,1.88,2.4,0.59
3183000,1.94,1.44,1.96,2.39,0.61
3184000,1.88,1.31,1.94,2.39,0.58
3185000,1.85,1.37,1.84,2.42,0.61
3186000,1.83,1.5,1.81,2.45,0.63
3187000,1.75,1.41,1.83,2.39,0.59
3188000,1.73,1.38,1.73,2.36,0.59
3189000,1.78,1.33,1.62,2.45,0.59
3190000,1.76,1.26,1.44,2.5,0.63
3191000,1.84,1.32,1.24,2.48,0.73
3192000,1.92,1.34,1.2,2.48,0.71
3193000,1.92,1.31,1.19,2.38,0.68
3194000,1.96,1.31,1.19,2.19,0.69
3195000,2.07,1.25,1.19,2.08,0.69
3196000,2.08,1.34,1.23,2.12,0.66
3197000,2.22,1.29,1.23,2.11,0.66
3198000,2.3,1.25,1.24,2.23,0.64
3199000,2.37,1.29,1.18,2.35,0.63
3200000,2.38,1.23,1.24,2.38,0.58
3201000,2.48,1.25,1.16,2.46,0.63
3202000,2.48,1.29,1.17,2.5,0.62
3203000,2.47,1.34,1.16,2.54,0.64
3204000,2.5,1.41,1.18,2.42,0.63
3205000,2.52,1.53,1.27,2.54,0.63
3206000,2.56,1.63,1.31,2.64,0.55
3207000,2.49,1.6,1.36,2.72,0.59
3208000,2.53,1.59,1.39,2.82,0.63
3209000,2.45,1.56,1.45,2.82,0.64
3210000,2.5,1.55,1.51,2.8,0.62
3211000,2.57,1.58,1.54,2.75,0.63
3212000,2.52,1.64,1.58,2.83,0.64
3213000,2.51,1.76,1.57,2.85,0.69
3214000,2.48,1.7,1.62,2.75,0.69
3215000,2.46,1.65,1.59,2.74,0.68
3216000,2.44,1.57,1.62,2.7,0.72
3217000,2.39,1.73,1.63,2.74,0.71
3218000,2.39,1.66,1.58,2.71,0.72
3219000,2.35,1.7,1.59,2.55,0.73
3220000,2.43,1.74,1.63,2.54,0.78
3221000,2.46,1.61,1.66,2.52,0.8
3222000,2.44,1.56,1.58,2.5,0.77
3223000,2.43,1.6,1.52,2.69,0.77
3224000,2.48,1.68,1.29,2.66,0.77
3225000,2.41,1.78,1.31,2.65,0.77
3226000,2.52,1.72,1.35,2.41,0.81
3227000,2.48,1.58,1.28,2.5,0.8
3228000,2.57,1.6,1.31,2.65,0.82
3229000,2.58,1.65,1.3,2.6,0.85
3230000,2.62,1.6,1.3,2.51,0.87
3231000,2.59,1.63,1.33,2.55,0.85
3232000,2.56,1.58,1.37,2.62,0.9
3233000,2.61,1.55,1.34,2.63,0.85
3234000,2.66,1.49,1.31,2.63,0.82
3235000,2.69,1.48,1.34,2.67,0.81
3236000,2.64,1.5,1.35,2.66,0.82
3237000,2.66,1.52,1.28,2.54,0.81
3238000,2.7,1.52,1.3,2.56,0.79
3239000,2.74,1.51,1.33,2.61,0.85
3240000,2.78,1.56,1.45,2.76,0.85
3241000,2.81,1.52,1.5,2.61,0.84
3242000,2.61,1.59,1.54,2.62,0.84
3243000,2.6,1.62,1.64,2.7,0.79
3244000,2.65,1.57,1.71,2.63,0.8
3245000,2.7,1.64,1.82,2.49,0.81
3246000,2.66,1.61,1.84,2.65,0.79
3247000,2.74,1.59,1.9,2.68,0.8
3248000,2.77,1.52,2.04,2.79,0.8
3249000,2.85,1.65,2.09,2.9,0.75
3250000,2.81,1.74,2.1,2.9,0.71
3251000,2.84,1.74,2.08,2.84,0.69
3252000,2.91,1.63,2.03,2.83,0.74
3253000,2.77,1.61,2.09,3.03,0.68
3254000,2.73,1.64,2.06,2.98,0.6
3255000,2.79,1.75,2.0,3.08,0.62
3256000,2.75,1.51,1.85,3.0,0.63
3257000,2.65,1.55,1.83,2.95,0.65
3258000,2.74,1.7,1.85,2.87,0.64
3259000,2.78,1.81,1.73,2.63,0.58
3260000,2.58,1.86,1.69,2.6,0.6
3261000,2.35,1.85,1.63,2.66,0.64
3262000,2.3,1.88,1.59,2.61,0.67
3263000,2.22,1.78,1.68,2.67,0.72
3264000,2.19,1.72,1.62,2.76,0.76
3265000,2.19,1.66,1.64,2.72,0.8
3266000,2.12,1.59,1.54,2.57,0.79
3267000,2.05,1.52,1.56,2.56,0.8
3268000,2.08,1.45,1.5,2.52,0.82
3269000,2.06,1.5,1.56,2.5,0.83
3270000,2.05,1.54,1.58,2.54,0.83
3271000,1.96,1.51,1.56,2.56,0.89
3272000,2.02,1.51,1.56,2.52,0.93
3273000,2.07,1.5,1.59,2.59,0.89
3274000,2.09,1.47,1.68,2.63,0.93
3275000,2.17,1.47,1.77,2.65,0.96
3276000,2.25,1.47,1.83,2.67,0.97
3277000,2.31,1.47,1.93,2.77,0.91
3278000,2.28,1.55,1.96,2.7,0.9
3279000,2.34,1.63,1.98,2.69,0.94
3280000,2.39,1.65,2.03,2.65,0.89
3281000,2.37,1.67,2.02,2.59,0.9
3282000,2.48,1.69,2.08,2.72,0.93
3283000,2.46,1.77,2.12,2.7,0.95
3284000,2.5,1.84,2.08,2.88,0.96
3285000,2.54,1.74,1.99,2.89,0.91
3286000,2.54,1.55,1.91,2.78,0.89
3287000,2.58,1.57,1.94,2.75,0.89
3288000,2.61,1.63,1.9,2.73,0.87
3289000,2.53,1.66,1.86,2.82,0.83
3290000,2.51,1.68,1.81,2.75,0.83
3291000,2.45,1.55,1.62,2.63,0.9
3292000,2.48,1.62,1.65,2.64,0.91
3293000,2.49,1.65,1.55,2.63,0.9
3294000,2.59,1.54,1.51,2.69,0.88
3295000,2.53,1.63,1.55,2.8,0.89
3296000,2.55,1.71,1.48,2.7,0.92
3297000,2.56,1.66,1.51,2.71,0.95
3298000,2.51,1.73,1.48,2.56,0.88
3299000,2.52,1.64,1.41,2.36,0.86
3300000,2.54,1.74,1.42,2.36,0.9
3301000,2.59,1.81,1.44,2.37,0.94
3302000,2.61,1.85,1.5,2.37,0.94
3303000,2.57,1.81,1.56,2.27,0.93
3304000,2.65,1.87,1.56,2.31,0.96
3305000,2.65,1.86,1.59,2.32,0.99
3306000,2.76,1.85,1.61,2.4,0.98
3307000,2.77,1.71,1.61,2.38,0.92
3308000,2.9,1.59,1.7,2.43,0.94
3309000,2.94,1.51,1.83,2.45,0.92
3310000,2.91,1.55,1.81,2.49,0.9
3311000,2.8,1.51,1.74,2.48,0.87
3312000,2.76,1.52,1.77,2.39,0.82
3313000,2.77,1.56,1.77,2.44,0.83
3314000,2.73,1.52,1.77,2.42,0.82
3315000,2.84,1.36,1.81,2.57,0.79
3316000,2.83,1.27,1.77,2.62,0.79
3317000,2.87,1.44,1.79,2.67,0.78
3318000,2.83,1.46,1.84,2.69,0.79
3319000,2.81,1.44,1.86,2.63,0.75
3320000,2.82,1.5,1.88,2.56,0.79
3321000,2.86,1.63,1.86,2.73,0.75
3322000,2.84,1.62,1.91,2.72,0.78
3323000,2.78,1.59,1.91,2.62,0.81
3324000,2.74,1.44,1.89,2.72,0.81
3325000,2.72,1.46,1.87,2.71,0.84
3326000,2.72,1.4,1.92,2.7,0.86
3327000,2.73,1.37,1.9,2.7,0.91
3328000,2.8,1.39,1.93,2.66,0.88
3329000,2.91,1.46,1.95,2.63,0.9
3330000,2.82,1.5,2.02,2.72,0.88
3331000,2.74,1.39,2.04,2.7,0.84
3332000,2.68,1.39,2.07,2.68,0.82
3333000,2.61,1.51,2.07,2.55,0.87
3334000,2.54,1.57,2.03,2.69,0.84
3335000,2.49,1.64,2.08,2.81,0.8
3336000,2.45,1.64,2.13,2.63,0.82
3337000,2.4,1.67,2.23,2.62,0.88
3338000,2.4,1.8,2.14,2.73,0.88
3339000,2.43,1.92,2.2,2.64,0.89
3340000,2.44,1.89,2.2,2.68,0.87
3341000,2.31,2.01,2.22,2.44,0.87
3342000,2.26,2.01,2.2,2.44,0.88
3343000,2.25,2.02,2.23,2.64,0.88
3344000,2.22,2.09,2.16,2.67,0.92
3345000,2.09,2.05,2.17,2.56,0.88
3346000,2.14,2.08,2.14,2.53,0.95
3347000,2.18,2.04,2.05,2.65,1.02
3348000,2.17,2.01,2.03,2.82,1.04
3349000,2.3,2.08,2.02,2.87,0.99
3350000,2.39,2.02,2.03,2.7,1.05
3351000,2.45,2.02,2.05,2.8,1.1
3352000,2.42,2.05,2.16,2.89,1.09
3353000,2.43,2.1,2.15,3.0,1.05
3354000,2.45,2.02,2.09,3.04,1.06
3355000,2.41,2.0,2.11,3.03,1.11
3356000,2.46,1.82,2.15,3.15,1.12
3357000,2.42,1.83,2.02,3.15,1.18
3358000,2.5,1.77,2.0,3.01,1.16
3359000,2.58,1.89,1.84,3.08,1.18
3360000,2.54,1.82,1.79,2.97,1.18
3361000,2.56,1.85,1.79,3.12,1.2
3362000,2.56,1.8,1.75,3.2,1.19
3363000,2.56,1.67,1.77,3.12,1.2
3364000,2.64,1.62,1.78,3.08,1.23
3365000,2.64,1.64,1.82,3.14,1.21
3366000,2.6,1.74,1.84,3.09,1.2
3367000,2.55,1.71,1.91,3.07,1.21
3368000,2.48,1.79,1.91,3.07,1.23
3369000,2.44,1.83,1.92,2.87,1.12
3370000,2.45,1.95,1.86,2.95,1.11
3371000,2.43,1.97,1.77,3.06,1.13
3372000,2.45,1.98,1.75,3.1,1.08
3373000,2.53,1.98,1.8,3.23,1.14
3374000,2.47,1.91,1.83,3.32,1.14
3375000,2.46,2.02,1.72,3.18,1.15
3376000,2.44,1.98,1.75,3.31,1.18
3377000,2.38,1.96,1.82,3.47,1.21
3378000,2.44,1.96,1.83,3.23,1.14
3379000,2.41,2.01,1.83,3.26,1.13
3380000,2.36,1.97,1.79,3.18,1.15
3381000,2.38,1.96,1.82,3.17,1.24
3382000,2.43,1.96,1.81,3.23,1.23
3383000,2.49,1.96,1.88,3.17,1.26
3384000,2.56,1.97,1.85,2.97,1.32
3385000,2.57,1.91,1.9,3.1,1.34
3386000,2.69,1.87,1.94,3.07,1.39
3387000,2.73,1.85,1.95,2.92,1.37
3388000,2.8,1.85,1.94,3.0,1.32
3389000,2.77,1.85,1.96,2.91,1.26
3390000,2.79,1.85,1.92,2.81,1.08
3391000,2.75,1.84,1.94,2.55,1.09
3392000,2.79,1.95,1.92,2.54,1.02
3393000,2.86,1.96,1.98,2.47,0.97
3394000,2.9,1.91,2.01,2.43,1.01
3395000,2.94,1.97,1.96,2.43,1.04
3396000,2.97,1.97,2.0,2.49,0.98
3397000,3.05,2.04,2.06,2.58,0.93
3398000,2.9,1.92,2.1,2.64,0.84
3399000,2.95,1.88,2.18,2.54,0.82
3400000,2.91,1.8,2.1,2.54,0.85
3401000,2.9,1.83,2.11,2.5,0.9
3402000,2.72,1.78,2.03,2.32,0.95
3403000,2.65,1.76,2.08,2.34,0.98
3404000,2.63,1.76,2.03,2.45,1.06
3405000,2.63,1.83,1.96,2.48,1.09
3406000,2.62,1.89,2.01,2.45,1.09
3407000,2.67,1.83,2.05,2.44,1.12
3408000,2.64,1.88,2.07,2.36,1.16
3409000,2.68,1.9,2.1,2.42,1.09
3410000,2.76,1.64,2.14,2.35,1.14
3411000,2.83,1.51,2.17,2.14,1.17
3412000,2.78,1.56,2.21,2.17,1.22
3413000,2.77,1.61,2.18,2.35,1.31
3414000,2.91,1.64,2.15,2.5,1.28
3415000,2.97,1.69,2.17,2.57,1.24
3416000,2.96,1.74,2.09,2.62,1.29
3417000,2.93,1.75,2.0,2.7,1.25
3418000,2.94,1.73,1.95,2.61,1.22
3419000,2.97,1.8,1.9,2.77,1.22
3420000,3.05,1.85,1.98,2.83,1.29
3421000,3.0,1.89,2.0,2.94,1.28
3422000,3.05,1.84,1.95,3.02,1.26
3423000,3.11,1.81,1.96,3.03,1.23
3424000,3.03,1.83,1.98,3.02,1.28
3425000,3.07,1.78,2.02,2.98,1.24
3426000,3.1,1.9,1.93,3.13,1.24
3427000,2.9,1.97,1.92,3.06,1.24
3428000,2.85,2.05,1.89,3.07,1.14
3429000,2.87,1.98,1.89,3.03,1.19
3430000,2.9,2.01,1.93,2.67,1.19
3431000,2.88,2.07,1.83,2.75,1.17
3432000,2.84,2.0,1.85,2.71,1.18
3433000,2.77,1.92,1.9,2.58,1.24
3434000,2.86,1.78,1.91,2.44,1.27
3435000,2.85,1.62,1.95,2.29,1.25
3436000,2.88,1.56,1.97,2.35,1.29
3437000,2.81,1.55,2.11,2.32,1.28
3438000,2.92,1.53,2.25,2.35,1.28
3439000,2.79,1.67,2.35,2.2,1.29
3440000,2.72,1.73,2.33,2.22,1.24
3441000,2.73,1.78,2.32,2.26,1.3
3442000,2.77,1.82,2.39,2.26,1.32
3443000,2.75,1.93,2.4,2.29,1.41
3444000,2.83,1.82,2.5,2.38,1.44
3445000,2.76,1.75,2.51,2.44,1.42
3446000,2.66,1.88,2.49,2.5,1.4
3447000,2.6,1.86,2.47,2.56,1.44
3448000,2.64,1.82,2.45,2.54,1.34
3449000,2.67,1.93,2.41,2.53,1.35
3450000,2.62,1.93,2.48,2.38,1.33
3451000,2.6,2.07,2.45,2.36,1.2
3452000,2.75,2.19,2.35,2.36,1.19
3453000,2.72,2.14,2.36,2.4,1.2
3454000,2.59,2.23,2.38,2.27,1.17
3455000,2.57,2.14,2.34,2.2,1.18
3456000,2.62,2.13,2.24,2.34,1.18
3457000,2.67,2.11,2.27,2.32,1.09
3458000,2.7,2.04,2.28,2.29,1.08
3459000,2.69,2.06,2.25,2.37,1.09
3460000,2.68,2.0,2.18,2.28,1.06
3461000,2.77,2.11,2.21,2.31,1.05
3462000,2.78,2.17,2.12,2.27,1.16
3463000,2.89,2.25,2.19,2.35,1.1
3464000,2.88,2.3,2.18,2.39,1.13
3465000,2.84,2.2,2.09,2.31,1.16
3466000,2.85,2.17,2.18,2.42,1.09
3467000,2.8,2.13,2.26,2.42,1.06
3468000,2.69,2.03,2.35,2.4,1.06
3469000,2.73,1.9,2.3,2.59,1.13
3470000,2.78,1.93,2.38,2.69,1.15
3471000,2.95,1.93,2.37,2.56,1.21
3472000,2.86,1.95,2.39,2.55,1.16
3473000,2.82,1.9,2.49,2.64,1.22
3474000,2.79,1.83,2.49,2.53,1.24
3475000,2.8,1.67,2.55,2.34,1.26
3476000,2.67,1.72,2.57,2.46,1.23
3477000,2.62,1.67,2.62,2.59,1.23
3478000,2.47,1.65,2.67,2.62,1.23
3479000,2.45,1.73,2.52,2.65,1.27
3480000,2.46,1.73,2.47,2.77,1.39
3481000,2.51,1.75,2.43,2.85,1.44
3482000,2.54,1.74,2.45,2.94,1.49
3483000,2.55,1.75,2.45,2.96,1.49
3484000,2.58,1.85,2.49,2.96,1.29
3485000,2.61,1.84,2.38,2.84,1.29
3486000,2.59,1.98,2.35,2.72,1.22
3487000,2.63,1.95,2.37,2.69,1.17
3488000,2.63,2.05,2.39,2.86,1.16
3489000,2.76,2.08,2.29,2.94,1.14
3490000,2.74,1.87,2.31,2.91,1.12
3491000,2.74,1.79,2.24,3.05,1.17
3492000,2.81,1.73,2.34,2.93,1.2
3493000,2.89,1.75,2.35,2.94,1.15
3494000,3.07,1.77,2.3,3.0,1.15
3495000,3.1,1.84,2.31,3.03,1.13
3496000,3.11,1.78,2.32,3.1,1.16
3497000,3.07,1.78,2.25,3.04,1.25
3498000,3.02,1.76,2.13,3.02,1.28
3499000,3.09,1.7,2.15,2.93,1.32
3500000,2.99,1.72,2.23,3.07,1.36
3501000,2.87,1.67,2.28,3.21,1.4
3502000,2.82,1.64,2.3,3.19,1.43
3503000,2.84,1.65,2.3,3.34,1.46
3504000,2.92,1.59,2.42,3.42,1.39
3505000,2.86,1.62,2.46,3.03,1.37
3506000,2.76,1.75,2.45,3.02,1.38
3507000,2.8,1.78,2.36,3.16,1.46
3508000,2.83,1.89,2.29,3.15,1.41
3509000,2.78,1.83,2.19,3.23,1.38
3510000,2.73,1.93,2.22,3.29,1.37
3511000,2.75,1.99,2.3,3.25,1.35
3512000,2.77,2.07,2.33,3.27,1.34
3513000,2.82,2.07,2.24,3.3,1.27
3514000,2.86,2.11,2.27,3.26,1.29
3515000,2.9,2.19,2.16,3.33,1.22
3516000,2.99,2.11,2.14,3.32,1.21
3517000,3.02,2.1,2.1,3.23,1.27
3518000,3.05,2.0,2.16,3.38,1.33
3519000,3.03,1.9,2.19,3.42,1.4
3520000,3.05,1.75,2.24,3.34,1.46
3521000,3.02,1.59,2.12,3.19,1.5
3522000,3.04,1.61,2.12,3.28,1.48
3523000,3.14,1.61,2.09,3.32,1.43
3524000,3.2,1.66,2.0,3.35,1.46
3525000,3.09,1.44,1.99,3.13,1.5
3526000,3.03,1.32,2.07,3.08,1.46
3527000,2.96,1.33,2.19,3.01,1.5
3528000,2.94,1.23,2.23,3.0,1.41
3529000,2.96,1.13,2.3,3.0,1.38
3530000,2.95,1.06,2.26,3.07,1.39
3531000,2.95,1.01,2.18,3.05,1.4
3532000,2.85,1.06,2.24,3.11,1.26
3533000,2.81,1.13,2.38,2.95,1.18
3534000,2.8,1.23,2.34,3.07,1.22
3535000,2.66,1.33,2.42,2.85,1.22
3536000,2.7,1.43,2.49,3.0,1.12
3537000,2.71,1.46,2.54,3.1,1.11
3538000,2.82,1.56,2.53,3.11,1.08
3539000,2.76,1.55,2.53,3.07,1.16
3540000,2.67,1.48,2.51,3.16,1.2
3541000,2.68,1.53,2.6,2.99,1.21
3542000,2.68,1.54,2.66,3.2,1.26
3543000,2.75,1.59,2.69,3.17,1.31
3544000,2.68,1.65,2.67,3.17,1.34
3545000,2.69,1.76,2.7,3.17,1.45
3546000,2.7,1.79,2.74,3.1,1.43
3547000,2.74,1.85,2.7,2.91,1.46
3548000,2.65,1.86,2.78,3.01,1.52
3549000,2.69,1.59,2.77,2.91,1.53
3550000,2.78,1.58,2.66,2.86,1.51
3551000,2.79,1.66,2.66,3.08,1.58
3552000,2.77,1.71,2.7,2.85,1.64
3553000,2.79,1.78,2.71,2.79,1.66
3554000,2.75,1.83,2.68,2.88,1.69
3555000,2.72,1.96,2.68,2.83,1.66
3556000,2.75,2.05,2.59,2.91,1.71
3557000,2.86,2.23,2.48,2.86,1.65
3558000,2.93,2.29,2.47,2.98,1.61
3559000,2.93,2.37,2.48,3.18,1.55
3560000,2.96,2.29,2.35,3.06,1.36
3561000,2.96,2.29,2.32,2.99,1.3
3562000,2.87,2.22,2.34,3.0,1.23
3563000,2.82,2.19,2.35,2.98,1.18
3564000,2.92,2.25,2.5,3.19,1.1
3565000,3.01,2.28,2.44,3.24,0.99
3566000,3.02,2.44,2.39,3.37,0.8
3567000,2.96,2.46,2.15,3.27,0.8
3568000,3.01,2.54,2.24,3.36,0.71
3569000,3.04,2.51,2.28,3.56,0.73
3570000,2.89,2.49,2.42,3.45,0.69
3571000,2.77,2.36,2.46,3.43,0.72
3572000,2.84,2.36,2.42,3.6,0.74
3573000,2.8,2.22,2.47,3.39,0.74
3574000,2.7,2.15,2.54,3.42,0.75
3575000,2.61,2.11,2.55,3.49,0.76
3576000,2.67,2.23,2.5,3.53,0.79
3577000,2.65,2.28,2.54,3.32,0.88
3578000,2.53,2.28,2.64,3.42,0.96
3579000,2.55,2.28,2.75,3.45,1.0
3580000,2.55,2.27,2.83,3.57,1.08
3581000,2.49,2.26,2.81,3.65,1.15
3582000,2.43,2.24,2.92,3.62,1.11
3583000,2.44,2.25,3.0,3.43,1.13
3584000,2.41,2.12,2.97,3.33,1.21
3585000,2.34,2.09,3.0,3.55,1.25
3586000,2.44,2.14,2.96,3.5,1.27
3587000,2.55,2.14,2.86,3.33,1.27
3588000,2.58,2.21,2.83,3.38,1.32
3589000,2.58,2.29,2.83,3.55,1.37
3590000,2.67,2.41,2.88,3.51,1.36
3591000,2.71,2.17,2.97,3.54,1.39
3592000,2.77,2.2,2.89,3.57,1.42
3593000,2.75,2.22,2.91,3.65,1.38
3594000,2.87,2.27,2.99,3.59,1.34
3595000,2.89,2.29,2.97,3.63,1.43
3596000,2.94,2.29,2.92,3.72,1.39
3597000,2.99,2.25,2.99,3.76,1.4
3598000,3.07,2.24,2.93,3.74,1.48
3599000,2.98,2.26,3.14,3.79,1.41
3600000,3.01,2.15,3.21,3.85,1.4
3601000,3.14,2.21,3.27,3.86,1.44
3602000,3.17,2.13,3.37,3.94,1.41
3603000,3.07,2.12,3.19,4.02,1.43
3604000,2.97,2.06,3.21,4.07,1.37
3605000,2.92,2.17,3.23,3.92,1.4
3606000,2.86,2.27,3.36,3.91,1.46
3607000,2.85,2.24,3.41,3.9,1.46
3608000,2.81,2.21,3.41,3.69,1.43
3609000,2.67,2.06,3.32,3.78,1.47
3610000,2.63,2.12,3.37,3.77,1.35
3611000,2.74,2.15,3.39,3.89,1.31
3612000,2.76,2.21,3.31,3.86,1.24
3613000,2.66,2.29,3.37,3.78,1.28
3614000,2.63,2.4,3.36,3.76,1.34
3615000,2.62,2.34,3.33,3.69,1.33
3616000,2.66,2.4,3.29,3.53,1.37
3617000,2.6,2.32,3.21,3.76,1.4
3618000,2.64,2.41,3.12,3.76,1.41
3619000,2.75,2.46,3.14,3.87,1.42
3620000,2.77,2.41,3.22,3.75,1.36
3621000,2.83,2.4,3.14,3.58,1.28
3622000,2.84,2.36,2.87,3.66,1.31
3623000,2.89,2.37,2.84,3.48,1.32
3624000,2.87,2.36,2.82,3.53,1.36
3625000,2.88,2.43,2.93,3.6,1.44
3626000,2.97,2.3,2.94,3.57,1.54
3627000,2.94,2.32,2.67,3.43,1.59
3628000,2.85,2.1,2.64,3.36,1.59
3629000,2.91,2.15,2.61,3.34,1.53
3630000,2.92,2.19,2.68,3.38,1.54
3631000,2.89,1.97,2.66,3.49,1.54
3632000,2.96,1.9,2.75,3.55,1.56
3633000,2.94,1.93,2.72,3.57,1.54
3634000,2.98,1.86,2.79,3.48,1.54
3635000,2.98,1.93,2.85,3.43,1.39
3636000,2.97,1.88,2.84,3.21,1.39
3637000,3.04,1.84,2.95,3.2,1.28
3638000,2.99,1.87,2.85,3.19,1.24
3639000,2.99,1.83,2.86,3.19,1.19
3640000,2.9,1.79,2.73,3.24,1.08
3641000,2.92,1.88,2.74,3.34,0.94
3642000,2.95,1.79,2.75,3.32,0.95
3643000,3.05,1.85,2.75,3.28,0.93
3644000,3.04,1.85,2.67,3.6,0.9
3645000,3.09,1.97,2.64,3.63,0.88
3646000,3.07,2.04,2.64,3.61,0.87
3647000,3.15,2.14,2.63,3.49,0.86
3648000,3.09,2.16,2.58,3.68,0.93
3649000,3.12,2.18,2.6,3.56,1.03
3650000,3.16,2.28,2.62,3.56,1.15
3651000,3.12,2.3,2.7,3.69,1.21
3652000,3.08,2.32,2.74,3.76,1.29
3653000,3.09,2.44,2.52,3.75,1.39
3654000,3.07,2.6,2.62,3.8,1.46
3655000,3.08,2.56,2.6,3.78,1.53
3656000,3.06,2.53,2.64,3.74,1.52
3657000,3.08,2.56,2.74,3.7,1.67
3658000,3.15,2.54,2.76,3.68,1.65
3659000,3.21,2.57,2.87,3.41,1.71
3660000,3.12,2.49,2.86,3.38,1.73
3661000,3.1,2.45,2.91,3.36,1.8
3662000,3.1,2.34,2.94,3.12,1.87
3663000,3.14,2.27,2.92,3.16,1.91
3664000,3.1,2.17,3.09,3.2,1.93
3665000,3.17,2.15,3.08,3.42,1.99
3666000,3.22,2.31,3.1,3.53,2.12
3667000,3.13,2.27,3.28,3.46,2.11
3668000,3.1,2.17,3.31,3.45,1.9
3669000,3.17,2.12,3.29,3.29,1.77
3670000,3.13,2.14,3.24,3.28,1.75
3671000,3.13,2.11,3.28,3.16,1.57
3672000,3.14,2.09,3.09,3.15,1.61
3673000,3.08,2.1,3.08,3.39,1.58
3674000,3.07,2.12,3.0,3.42,1.6
3675000,3.19,2.17,3.06,3.48,1.6
3676000,3.06,2.1,3.04,3.4,1.67
3677000,3.06,2.11,3.14,3.52,1.66
3678000,2.97,2.19,3.14,3.62,1.62
3679000,2.96,2.23,3.02,3.6,1.59
3680000,2.95,2.24,3.12,3.66,1.5
3681000,2.88,2.23,3.18,3.86,1.45
3682000,2.88,2.14,3.24,3.75,1.39
3683000,2.96,2.09,3.25,3.99,1.44
3684000,3.01,2.14,3.08,3.86,1.5
3685000,3.03,2.15,3.19,3.55,1.58
3686000,2.99,2.16,3.05,3.41,1.61
3687000,3.1,2.16,2.98,3.49,1.65
3688000,3.1,2.17,3.04,3.44,1.61
3689000,3.09,2.13,2.93,3.37,1.53
3690000,3.18,2.13,2.97,3.26,1.53
3691000,3.19,2.2,3.05,3.43,1.54
3692000,3.17,2.3,3.11,3.38,1.56
3693000,3.26,2.23,3.19,3.28,1.45
3694000,3.25,2.12,3.32,3.4,1.59
3695000,3.35,2.17,3.37,3.42,1.51
3696000,3.44,2.21,3.46,3.52,1.5
3697000,3.43,2.22,3.39,3.57,1.51
3698000,3.43,2.31,3.35,3.66,1.57
3699000,3.4,2.32,3.42,3.63,1.58
3700000,3.46,2.36,3.4,3.42,1.51
3701000,3.46,2.33,3.48,3.41,1.5
3702000,3.4,2.2,3.45,3.36,1.65
3703000,3.41,2.27,3.4,3.44,1.69
3704000,3.29,2.32,3.35,3.52,1.72
3705000,3.26,2.35,3.45,3.72,1.82
3706000,3.23,2.41,3.23,3.81,1.78
3707000,3.19,2.2,3.34,3.78,1.71
3708000,3.17,2.24,3.39,3.8,1.68
3709000,3.23,2.34,3.42,3.89,1.78
3710000,3.12,2.37,3.54,3.74,1.77
3711000,3.12,2.46,3.34,3.81,1.66
3712000,2.96,2.32,3.37,3.89,1.75
3713000,2.98,2.13,3.47,3.77,1.76
3714000,2.95,2.15,3.33,3.8,1.72
3715000,2.97,2.25,3.46,3.66,1.77
3716000,2.96,2.34,3.33,3.49,1.81
3717000,2.99,2.45,3.19,3.5,1.84
3718000,2.97,2.38,3.08,3.57,1.95
3719000,2.8,2.51,3.06,3.5,2.01
3720000,2.81,2.59,3.16,3.31,2.09
3721000,2.78,2.62,3.1,3.25,2.14
3722000,2.79,2.67,3.15,3.32,1.9
3723000,2.85,2.64,3.14,3.39,1.87
3724000,2.83,2.64,3.16,3.52,1.93
3725000,2.65,2.43,3.09,3.53,1.96
3726000,2.8,2.26,3.13,3.55,2.03
3727000,2.77,2.25,3.28,3.72,2.04
3728000,2.89,2.21,3.35,3.76,2.03
3729000,2.91,2.29,3.26,3.69,2.13
3730000,2.88,2.3,3.27,3.8,2.09
3731000,2.86,2.26,3.26,3.92,2.07
3732000,2.88,2.33,3.32,3.79,2.01
3733000,2.84,2.33,3.46,3.84,1.97
3734000,2.88,2.3,3.57,3.98,2.02
3735000,2.93,2.15,3.53,3.97,2.03
3736000,2.96,2.05,3.39,4.09,2.05
3737000,3.06,2.04,3.3,4.09,2.05
3738000,3.08,2.06,3.36,4.09,2.01
3739000,3.08,2.16,3.47,4.22,2.08
3740000,3.1,2.21,3.56,4.32,2.05
3741000,3.22,2.35,3.58,4.39,2.04
3742000,3.3,2.4,3.3,4.35,1.96
3743000,3.18,2.38,3.43,4.29,1.99
3744000,3.15,2.46,3.37,4.18,2.05
3745000,3.11,2.5,3.44,4.1,2.04
3746000,3.07,2.3,3.43,4.15,2.11
3747000,3.17,2.38,3.39,3.99,2.1
3748000,3.16,2.46,3.33,4.04,2.15
3749000,3.14,2.49,3.3,4.11,2.03
3750000,3.14,2.53,3.3,3.81,2.1
3751000,3.12,2.44,3.26,3.8,2.09
3752000,3.17,2.37,3.19,3.9,1.99
3753000,3.16,2.13,3.01,4.03,1.99
3754000,3.17,2.12,2.99,3.95,1.99
3755000,3.21,2.1,2.99,3.94,2.07
3756000,3.13,2.09,3.12,3.71,2.1
3757000,3.16,2.24,3.21,3.87,2.27
3758000,3.12,2.32,3.18,3.93,2.29
3759000,3.05,2.34,3.28,3.89,2.24
3760000,3.07,2.39,3.2,3.8,2.14
3761000,3.1,2.54,3.16,3.95,2.01
3762000,3.16,2.48,3.21,3.93,1.96
3763000,3.17,2.67,3.14,3.83,1.77
3764000,3.17,2.81,3.11,3.83,1.7
3765000,3.15,2.78,3.03,3.76,1.64
3766000,3.17,2.64,2.97,3.86,1.56
3767000,3.12,2.51,2.96,3.97,1.48
3768000,3.08,2.58,2.97,4.03,1.52
3769000,3.07,2.69,3.02,3.75,1.5
3770000,3.03,2.82,2.96,3.94,1.57
3771000,3.1,2.92,2.95,4.01,1.54
3772000,3.02,3.06,2.99,4.05,1.66
3773000,2.98,3.06,2.95,3.98,1.53
3774000,3.05,3.15,2.98,3.94,1.51
3775000,3.03,2.92,3.02,3.92,1.58
3776000,3.09,2.9,3.1,3.95,1.65
3777000,3.07,2.71,3.15,4.08,1.68
3778000,3.13,2.59,3.0,4.21,1.7
3779000,3.07,2.63,2.97,4.31,1.82
3780000,3.08,2.5,3.11,4.39,1.85
3781000,3.05,2.29,3.13,4.46,1.91
3782000,3.07,2.28,3.11,4.56,1.94
3783000,3.07,2.28,3.2,4.48,1.97
3784000,3.14,2.27,3.19,4.42,2.01
3785000,3.16,2.4,3.26,4.5,2.07
3786000,3.2,2.32,3.25,4.51,2.15
3787000,3.14,2.32,3.3,4.35,2.05
3788000,3.05,2.21,3.37,4.26,2.03
3789000,2.99,2.01,3.45,4.25,1.99
3790000,3.05,1.89,3.41,4.19,1.77
3791000,3.12,1.95,3.38,4.21,1.73
3792000,3.12,1.96,3.37,4.26,1.58
3793000,3.12,2.06,3.51,4.43,1.53
3794000,3.13,1.94,3.29,4.47,1.49
3795000,3.14,1.81,3.4,4.43,1.51
3796000,3.12,1.89,3.5,4.16,1.53
3797000,3.12,1.95,3.44,4.36,1.46
3798000,3.1,1.95,3.34,4.23,1.53
3799000,3.02,1.78,3.42,4.14,1.57
3800000,3.0,1.87,3.31,3.87,1.51
3801000,3.05,1.84,3.31,3.79,1.57
3802000,2.99,1.98,3.09,3.86,1.56
3803000,3.03,1.96,3.05,3.96,1.57
3804000,3.03,2.04,3.15,3.9,1.55
3805000,3.14,1.97,3.17,3.77,1.61
3806000,3.26,2.12,3.18,3.94,1.64
3807000,3.22,2.09,3.22,3.88,1.66
3808000,3.17,2.04,3.32,3.98,1.65
3809000,3.15,2.15,3.36,4.02,1.83
3810000,3.04,2.25,3.36,3.91,1.89
3811000,3.03,2.39,3.35,3.63,1.99
3812000,3.04,2.44,3.32,3.74,1.98
3813000,3.02,2.49,3.37,3.7,1.87
3814000,3.11,2.47,3.43,3.82,1.89
3815000,3.12,2.55,3.39,3.91,1.86
3816000,3.23,2.44,3.38,4.08,1.83
3817000,3.33,2.34,3.48,3.95,1.8
3818000,3.25,2.24,3.5,4.04,1.82
3819000,3.22,2.29,3.65,4.07,1.9
3820000,3.21,2.23,3.74,3.98,1.9
3821000,3.15,2.12,3.89,4.1,1.76
3822000,3.21,2.05,3.99,4.21,1.81
3823000,3.12,2.18,4.0,4.15,1.78
3824000,3.1,2.19,4.12,4.08,1.85
3825000,3.08,2.02,4.21,4.22,1.71
3826000,3.08,1.92,4.05,4.12,1.6
3827000,3.18,1.77,4.05,4.26,1.68
3828000,3.16,1.85,4.04,4.42,1.75
3829000,3.19,1.83,4.25,4.36,1.81
3830000,3.19,1.95,3.99,4.29,1.85
3831000,3.17,2.04,4.13,4.25,1.81
3832000,3.19,2.03,4.11,4.2,1.8
3833000,3.09,2.15,4.06,3.98,1.84
3834000,3.08,2.21,3.98,3.76,1.76
3835000,3.12,2.25,3.85,3.8,1.77
3836000,3.04,2.26,3.8,3.6,1.85
3837000,3.02,2.42,3.78,3.57,1.93
3838000,3.11,2.52,3.72,3.55,1.92
3839000,3.07,2.44,3.7,3.46,1.95
3840000,3.13,2.5,3.62,3.55,1.96
3841000,3.1,2.59,3.48,3.6,1.97
3842000,3.14,2.7,3.47,3.6,1.96
3843000,3.2,2.65,3.35,3.49,2.07
3844000,3.19,2.51,3.34,3.67,1.99
3845000,3.22,2.52,3.4,3.74,1.97
3846000,3.22,2.44,3.47,3.61,1.97
3847000,3.25,2.31,3.39,3.48,1.9
3848000,3.19,2.27,3.11,3.51,1.8
3849000,3.11,2.39,3.1,3.63,1.86
3850000,3.11,2.48,2.99,3.72,1.87
3851000,3.02,2.46,2.94,3.89,1.81
3852000,3.01,2.3,3.08,3.97,1.66
3853000,3.08,2.31,3.18,3.99,1.62
3854000,3.11,2.36,3.29,4.11,1.7
3855000,3.08,2.22,3.29,4.24,1.76
3856000,3.14,2.22,3.44,4.6,1.73
3857000,3.1,2.17,3.47,4.62,1.76
3858000,3.07,2.04,3.43,4.79,1.79
3859000,3.02,2.0,3.49,4.87,1.71
3860000,3.08,2.0,3.42,4.73,1.66
3861000,3.09,2.01,3.51,4.83,1.66
3862000,3.01,2.13,3.54,4.79,1.65
3863000,2.92,2.04,3.46,4.93,1.71
3864000,2.89,2.04,3.69,4.82,1.81
3865000,2.92,2.05,3.68,4.67,1.86
3866000,2.97,2.04,3.63,4.46,1.79
3867000,2.96,1.95,3.54,4.39,1.77
3868000,3.12,1.89,3.56,4.48,1.81
3869000,3.11,1.86,3.61,4.59,1.82
3870000,3.01,1.98,3.72,4.44,1.93
3871000,2.98,2.01,3.7,4.42,1.95
3872000,2.96,1.95,3.76,4.29,1.87
3873000,2.92,2.07,3.82,4.5,1.93
3874000,3.02,2.11,3.78,4.4,1.95
3875000,2.98,2.05,3.67,4.17,1.98
3876000,3.07,1.96,3.73,3.8,2.04
3877000,3.0,1.98,3.65,3.7,2.12
3878000,2.99,1.84,3.54,3.69,2.15
3879000,3.06,1.75,3.61,3.58,2.16
3880000,3.05,1.8,3.69,3.58,2.12
3881000,3.11,1.87,3.74,3.35,2.22
3882000,3.08,1.96,3.75,3.23,2.23
3883000,2.98,1.97,3.83,3.34,2.21
3884000,2.91,1.98,3.8,3.29,2.14
3885000,2.85,2.03,3.85,3.44,2.1
3886000,2.9,2.05,3.83,3.6,2.02
3887000,2.88,1.97,3.84,3.64,2.05
3888000,2.89,1.98,3.8,3.62,2.01
3889000,2.97,1.99,3.9,3.73,1.88
3890000,2.93,2.03,3.8,3.96,1.82
3891000,2.85,1.9,3.77,4.15,1.82
3892000,2.89,2.02,3.78,4.15,1.86
3893000,2.85,2.11,3.81,3.91,1.77
3894000,2.93,2.09,3.86,4.01,1.74
3895000,2.94,2.09,3.86,4.18,1.71
3896000,2.92,2.02,3.89,4.07,1.6
3897000,2.85,2.15,4.01,4.14,1.65
3898000,2.88,2.18,4.2,4.1,1.68
3899000,2.98,2.06,4.06,4.07,1.78
3900000,3.05,1.97,4.13,4.13,1.87
3901000,3.07,1.88,4.1,4.19,1.9
3902000,3.11,2.0,4.04,4.25,1.93
3903000,3.11,2.03,4.18,4.25,1.88
3904000,3.0,2.18,4.18,4.3,1.9
3905000,3.03,2.17,4.05,4.47,1.78
3906000,2.93,2.3,4.14,4.52,1.8
3907000,2.7,2.35,4.16,4.36,1.81
3908000,2.62,2.52,4.01,4.47,1.78
3909000,2.58,2.56,4.01,4.53,1.64
3910000,2.52,2.41,3.98,4.39,1.65
3911000,2.46,2.46,4.0,4.06,1.55
3912000,2.38,2.39,4.1,4.03,1.65
3913000,2.43,2.38,4.19,4.25,1.59
3914000,2.34,2.24,4.34,4.55,1.57
3915000,2.36,2.34,4.32,4.51,1.6
3916000,2.32,2.38,4.4,4.6,1.59
3917000,2.39,2.53,4.38,4.75,1.55
3918000,2.32,2.54,4.41,4.74,1.62
3919000,2.36,2.46,4.16,4.73,1.68
3920000,2.5,2.49,4.2,4.67,1.74
3921000,2.53,2.42,4.13,4.69,1.7
3922000,2.64,2.4,4.0,4.69,1.72
3923000,2.75,2.26,3.75,4.68,1.75
3924000,2.87,2.37,3.62,4.66,1.77
3925000,2.91,2.42,3.66,4.78,1.75
3926000,2.97,2.45,3.63,4.8,1.87
3927000,3.01,2.41,3.52,4.62,1.95
3928000,2.95,2.45,3.34,4.56,1.98
3929000,3.06,2.44,3.58,4.45,1.98
3930000,3.16,2.35,3.61,4.47,1.97
3931000,3.15,2.32,3.6,4.28,1.94
3932000,3.08,2.2,3.64,4.42,1.89
3933000,2.96,2.26,3.48,4.51,1.66
3934000,3.01,2.33,3.54,4.07,1.61
3935000,3.03,2.26,3.15,4.07,1.6
3936000,3.03,2.27,3.01,4.17,1.48
3937000,3.11,2.15,3.07,4.15,1.5
3938000,3.01,2.0,3.07,4.39,1.48
3939000,3.02,1.97,2.94,4.33,1.55
3940000,3.08,2.1,2.9,4.3,1.52
3941000,3.05,2.1,3.12,4.28,1.49
3942000,3.15,2.06,3.18,4.49,1.55
3943000,3.2,2.12,3.27,4.61,1.57
3944000,3.17,2.13,3.31,4.76,1.59
3945000,3.2,2.11,3.27,4.6,1.55
3946000,3.18,2.11,3.44,4.52,1.57
3947000,3.11,2.08,3.46,4.51,1.55
3948000,3.1,2.04,3.51,4.5,1.59
3949000,3.09,2.01,3.67,4.61,1.7
3950000,3.19,1.99,3.45,4.73,1.76
3951000,3.25,2.02,3.49,4.68,1.78
3952000,3.14,2.1,3.52,4.65,1.83
3953000,3.08,2.12,3.54,4.73,1.93
3954000,3.13,2.07,3.39,4.74,1.92
3955000,3.13,2.01,3.61,4.75,1.92
3956000,3.0,2.09,3.73,4.67,1.92
3957000,2.97,2.21,3.67,4.66,1.96
3958000,3.03,2.31,3.68,4.55,1.94
3959000,2.99,2.27,3.7,4.3,2.0
3960000,3.02,2.4,3.86,4.47,1.96
3961000,3.03,2.55,4.0,4.55,2.0
3962000,3.03,2.47,3.97,4.7,1.94
3963000,3.09,2.45,3.79,4.75,2.08
3964000,3.16,2.41,3.85,4.74,2.2
3965000,3.11,2.36,3.91,4.59,2.27
3966000,3.12,2.37,4.04,4.76,2.3
3967000,3.02,2.47,4.04,4.82,2.34
3968000,3.03,2.48,3.92,4.72,2.2
3969000,3.15,2.58,3.92,4.61,2.23
3970000,3.22,2.72,4.11,4.6,2.37
3971000,3.21,2.75,3.96,4.44,2.47
3972000,3.28,2.85,4.1,4.67,2.51
3973000,3.26,2.63,4.16,4.52,2.65
3974000,3.34,2.61,4.23,4.59,2.66
3975000,3.21,2.74,4.29,4.7,2.74
3976000,3.1,2.52,4.24,4.78,2.74
3977000,3.07,2.59,4.37,4.87,2.76
3978000,2.97,2.75,4.12,5.03,2.72
3979000,2.95,2.78,4.18,4.94,2.77
3980000,2.91,2.68,4.08,4.93,2.78
3981000,2.79,2.68,4.04,4.76,2.8
3982000,2.85,2.56,4.06,4.77,2.72
3983000,2.8,2.61,3.98,4.63,2.52
3984000,2.96,2.71,4.02,4.65,2.28
3985000,2.96,2.68,4.05,4.68,2.29
3986000,2.96,2.81,4.13,4.68,2.19
3987000,2.92,2.87,3.89,5.04,1.93
3988000,2.97,2.89,3.8,4.95,1.86
3989000,2.92,2.82,3.52,5.02,1.8
3990000,2.86,2.81,3.65,5.07,1.76
3991000,2.94,2.68,3.67,5.26,1.72
3992000,2.98,2.51,3.57,5.53,1.65
3993000,3.04,2.48,3.56,5.6,1.69
3994000,3.14,2.38,3.58,5.58,1.65
3995000,3.22,2.49,3.7,5.51,1.58
3996000,3.24,2.59,3.72,5.67,1.71
3997000,3.29,2.54,3.73,5.88,1.69
3998000,3.36,2.59,3.77,5.83,1.86
3999000,3.48,2.42,3.78,5.58,1.86
4000000,3.44,2.06,3.96,5.38,1.82
4001000,3.45,1.89,4.0,5.32,1.86
4002000,3.27,1.68,3.69,5.23,1.94
4003000,3.28,1.66,3.75,5.31,1.93
4004000,3.26,1.69,3.7,5.49,2.02
4005000,3.29,1.78,3.74,5.7,2.03
4006000,3.24,1.8,3.85,5.78,2.07
4007000,3.37,1.82,4.0,5.9,2.04
4008000,3.39,1.82,4.02,6.02,1.98
4009000,3.37,2.0,4.1,6.12,2.0
4010000,3.34,2.07,3.93,6.04,1.85
4011000,3.4,2.04,3.99,5.56,1.88
4012000,3.44,2.25,4.01,5.7,2.0
4013000,3.42,2.19,3.99,5.61,1.9
4014000,3.42,2.14,3.74,5.39,1.86
4015000,3.41,2.2,3.59,5.18,1.71
4016000,3.34,2.22,3.54,5.28,1.72
4017000,3.29,2.2,3.6,5.36,1.84
4018000,3.25,2.25,3.62,5.47,1.86
4019000,3.29,2.29,3.5,5.39,1.81
4020000,3.29,2.31,3.57,5.54,1.92
4021000,3.27,2.32,3.65,5.43,1.89
4022000,3.29,2.23,3.7,5.48,2.05
4023000,3.24,2.37,3.8,5.41,2.03
4024000,3.24,2.49,3.74,5.63,1.96
4025000,3.15,2.55,3.66,5.68,2.0
4026000,3.17,2.23,3.65,5.63,2.0
4027000,3.2,2.1,3.8,5.56,1.98
4028000,3.21,2.06,3.84,5.33,1.77
4029000,3.1,2.03,3.67,4.99,1.67
4030000,3.16,2.12,3.9,5.06,1.82
4031000,3.17,2.09,3.84,4.88,1.9
4032000,3.18,2.12,3.84,5.01,2.0
4033000,3.29,2.23,3.88,5.03,2.03
4034000,3.24,2.23,4.01,4.95,2.05
4035000,3.31,2.37,4.22,5.01,2.11
4036000,3.32,2.41,4.34,4.99,1.97
4037000,3.38,2.5,4.48,5.08,1.96
4038000,3.43,2.58,4.63,5.1,1.87
4039000,3.5,2.38,4.6,4.94,1.96
4040000,3.53,2.32,4.66,4.62,1.89
4041000,3.48,2.33,4.52,4.29,1.97
4042000,3.51,2.3,4.42,4.26,1.92
4043000,3.58,2.45,4.37,4.35,1.9
4044000,3.53,2.26,4.36,4.41,1.91
4045000,3.41,2.39,4.37,4.26,1.98
4046000,3.32,2.42,4.5,4.22,2.03
4047000,3.33,2.36,4.55,4.21,2.16
4048000,3.31,2.37,4.63,4.37,2.18
4049000,3.33,2.36,4.71,4.41,2.18
4050000,3.27,2.35,4.73,4.53,2.24
4051000,3.23,2.39,4.73,4.53,2.15
4052000,3.3,2.32,4.86,4.39,2.12
4053000,3.3,2.19,4.77,4.47,2.12
4054000,3.25,2.09,4.93,4.47,2.1
4055000,3.24,2.22,4.92,4.53,2.08
4056000,3.27,2.28,4.93,4.72,2.12
4057000,3.17,2.3,4.71,4.84,2.14
4058000,3.28,2.37,4.92,4.8,2.2
4059000,3.24,2.47,4.76,4.87,2.29
4060000,3.16,2.37,4.65,5.01,2.23
4061000,3.07,2.34,4.47,5.19,2.26
4062000,3.06,2.26,4.44,5.28,2.21
4063000,3.14,2.34,4.53,5.61,2.4
4064000,3.17,2.31,4.7,5.72,2.47
4065000,3.23,2.32,4.71,6.02,2.3
4066000,3.18,2.27,4.65,6.22,2.26
4067000,3.15,2.39,4.81,6.48,2.22
4068000,3.18,2.3,4.82,6.52,2.15
4069000,3.2,2.37,4.62,6.56,2.22
4070000,3.18,2.39,4.47,6.53,2.08
4071000,3.17,2.34,4.55,6.61,2.14
4072000,3.16,2.32,4.59,6.8,1.97
4073000,3.09,2.43,4.75,6.68,1.91
4074000,3.13,2.26,4.65,6.39,1.87
4075000,3.07,2.33,4.59,6.49,1.92
4076000,3.1,2.45,4.63,6.45,1.95
4077000,3.13,2.46,4.47,6.54,1.97
4078000,3.22,2.55,4.63,6.45,2.01
4079000,3.28,2.56,4.65,6.48,1.94
4080000,3.32,2.63,4.79,6.26,2.02
4081000,3.26,2.76,4.85,5.91,2.17
4082000,3.26,2.77,5.08,5.72,2.17
4083000,3.23,2.9,5.1,5.42,2.17
4084000,3.28,2.8,4.88,4.97,2.24
4085000,3.36,2.84,5.03,5.0,2.3
4086000,3.35,2.97,5.11,4.68,2.25
4087000,3.38,2.97,5.19,4.59,2.21
4088000,3.24,2.92,5.25,4.2,2.26
4089000,3.28,2.96,5.35,4.37,2.27
4090000,3.28,2.8,5.31,4.58,2.35
4091000,3.24,2.81,5.31,4.66,2.24
4092000,3.32,2.81,5.25,4.37,2.07
4093000,3.35,2.67,5.21,4.31,2.07
4094000,3.33,2.73,5.07,4.6,2.12
4095000,3.37,2.69,4.98,4.7,2.06
4096000,3.37,2.59,4.88,4.75,2.13
4097000,3.46,2.28,5.13,4.89,1.83
4098000,3.38,2.34,5.16,4.94,1.88
4099000,3.35,2.31,5.0,4.9,2.06
4100000,3.22,2.25,4.78,4.84,2.09
4101000,3.21,2.1,4.61,5.17,2.11
4102000,3.06,1.99,4.63,5.19,2.16
4103000,2.94,2.13,4.7,5.49,2.17
4104000,2.91,2.13,4.79,5.56,2.06
4105000,3.01,2.16,4.34,5.48,2.11
4106000,3.06,2.25,4.23,5.63,2.01
4107000,2.99,2.19,4.08,5.69,2.09
4108000,3.07,2.34,4.03,5.83,2.12
4109000,3.08,2.41,4.2,5.77,2.18
4110000,3.02,2.45,4.13,6.03,2.22
4111000,2.95,2.42,4.23,6.0,2.21
4112000,2.99,2.47,4.37,6.19,2.13
4113000,2.96,2.61,4.37,6.15,2.18
4114000,3.0,2.65,4.34,5.95,2.27
4115000,3.06,2.52,4.4,5.94,2.16
4116000,3.16,2.67,4.29,5.97,2.15
4117000,3.19,2.72,4.25,6.11,2.11
4118000,3.3,2.86,4.16,5.93,2.03
4119000,3.31,3.01,4.35,5.5,2.05
4120000,3.36,3.09,4.52,5.36,2.04
4121000,3.46,2.94,4.61,5.32,2.03
4122000,3.49,3.06,4.62,5.39,2.17
4123000,3.46,3.05,4.71,4.86,2.19
4124000,3.49,3.08,4.91,4.48,2.21
4125000,3.53,2.89,4.95,4.53,2.2
4126000,3.43,2.94,5.0,4.64,2.18
4127000,3.46,2.88,5.2,4.63,2.05
4128000,3.48,2.98,5.33,4.65,2.19
4129000,3.43,2.94,5.5,4.15,2.09
4130000,3.53,3.01,5.58,4.34,1.86
4131000,3.49,3.07,5.6,4.39,1.77
4132000,3.41,3.06,5.6,4.17,1.67
4133000,3.42,2.92,5.53,4.09,1.79
4134000,3.29,2.7,5.54,4.19,1.81
4135000,3.3,2.61,5.77,4.06,1.83
4136000,3.27,2.62,5.72,3.93,1.98
4137000,3.34,2.62,5.91,3.97,1.93
4138000,3.32,2.45,5.95,4.18,1.97
4139000,3.2,2.42,6.08,4.29,2.01
4140000,3.21,2.46,6.1,4.33,2.04
4141000,3.18,2.48,6.3,4.52,2.04
4142000,3.26,2.46,6.33,4.54,2.23
4143000,3.29,2.5,6.2,4.56,2.3
4144000,3.29,2.43,6.02,4.77,2.22
4145000,3.28,2.42,6.2,4.78,2.22
4146000,3.25,2.29,6.21,4.76,2.21
4147000,3.12,2.13,6.2,4.91,2.27
4148000,3.2,2.22,5.93,4.8,2.32
4149000,3.06,2.25,6.13,4.85,2.33
4150000,3.1,2.1,6.21,5.25,2.33
4151000,3.23,2.11,6.5,5.42,2.39
4152000,3.26,2.18,6.37,5.34,2.4
4153000,3.22,2.14,5.98,5.15,2.37
4154000,3.14,2.06,5.73,5.29,2.3
4155000,3.19,1.86,5.83,5.47,2.32
4156000,3.21,1.9,5.64,5.59,2.27
4157000,3.23,1.86,5.48,5.87,2.29
4158000,3.25,2.02,5.35,5.89,2.18
4159000,3.2,2.06,5.17,6.01,2.04
4160000,3.13,2.25,5.3,6.03,1.79
4161000,3.19,2.22,5.46,5.98,1.7
4162000,3.12,2.21,5.38,5.87,1.7
4163000,3.08,2.34,5.08,5.83,1.67
4164000,3.16,2.44,5.19,6.0,1.72
4165000,3.22,2.52,5.23,5.84,1.65
4166000,3.25,2.57,5.4,5.88,1.67
4167000,3.33,2.61,5.46,5.92,1.78
4168000,3.31,2.52,5.46,6.17,1.78
4169000,3.27,2.63,5.46,6.16,1.73
4170000,3.29,2.63,5.52,6.31,1.77
4171000,3.32,2.63,4.94,6.35,1.85
4172000,3.31,2.69,4.82,6.46,1.81
4173000,3.34,2.68,4.97,6.3,1.81
4174000,3.44,2.62,5.11,6.58,1.84
4175000,3.4,2.77,5.21,6.53,1.91
4176000,3.33,2.59,5.44,6.29,2.03
4177000,3.37,2.62,5.64,6.36,2.1
4178000,3.39,2.64,5.65,6.33,2.15
4179000,3.5,2.66,5.85,6.42,2.22
4180000,3.45,2.47,5.94,6.6,2.37
4181000,3.51,2.44,5.94,6.36,2.45
4182000,3.52,2.48,5.92,6.14,2.52
4183000,3.51,2.48,5.96,6.09,2.58
4184000,3.46,2.54,5.88,6.1,2.66
4185000,3.4,2.53,5.63,6.16,2.64
4186000,3.46,2.47,5.63,6.19,2.61
4187000,3.41,2.54,5.46,6.41,2.56
4188000,3.46,2.52,5.41,6.37,2.64
4189000,3.5,2.56,5.54,6.2,2.54
4190000,3.53,2.6,5.14,6.06,2.44
4191000,3.49,2.48,5.17,5.97,2.59
4192000,3.43,2.3,5.3,5.87,2.58
4193000,3.48,2.26,5.22,6.06,2.63
4194000,3.57,2.26,5.0,5.96,2.72
4195000,3.62,2.38,4.87,6.03,2.71
4196000,3.6,2.48,4.99,5.97,2.71
4197000,3.53,2.61,4.88,6.08,2.69
4198000,3.57,2.55,4.8,5.9,2.53
4199000,3.49,2.61,4.58,6.03,2.49
4200000,3.44,2.72,4.79,5.91,2.31
4201000,3.46,2.65,4.8,6.19,2.31
4202000,3.42,2.77,4.82,6.34,2.38
4203000,3.51,2.69,4.97,6.49,2.35
4204000,3.58,2.67,4.98,6.74,2.38
4205000,3.49,2.69,4.97,6.43,2.38
4206000,3.61,2.57,5.12,6.59,2.34
4207000,3.57,2.68,5.11,6.58,2.21
4208000,3.58,2.66,5.27,6.65,2.21
4209000,3.53,2.63,5.42,6.65,2.12
4210000,3.49,2.62,5.49,6.69,2.15
4211000,3.46,2.52,5.47,6.73,1.95
4212000,3.46,2.5,5.7,7.23,1.92
4213000,3.41,2.42,5.82,7.34,1.88
4214000,3.36,2.31,5.85,7.21,1.95
4215000,3.36,2.31,5.79,7.44,2.0
4216000,3.37,2.28,5.96,7.63,1.93
4217000,3.37,2.3,5.97,7.83,1.97
4218000,3.41,2.38,6.17,7.85,1.91
4219000,3.45,2.49,6.4,8.0,1.78
4220000,3.4,2.51,6.52,7.94,1.9
4221000,3.39,2.63,6.72,7.85,1.86
4222000,3.38,2.71,6.56,8.16,1.85
4223000,3.35,2.61,6.52,8.34,2.01
4224000,3.32,2.68,6.78,8.17,2.06
4225000,3.35,2.69,7.02,8.32,2.16
4226000,3.36,2.68,6.82,8.48,2.21
4227000,3.41,2.87,7.05,8.58,2.24
4228000,3.42,2.96,6.87,8.7,2.3
4229000,3.36,3.09,7.03,8.65,2.31
4230000,3.4,3.29,7.08,8.72,2.3
4231000,3.37,3.33,7.29,8.76,2.07
4232000,3.45,3.33,7.34,8.81,1.99
4233000,3.43,3.4,7.07,8.22,1.98
4234000,3.42,3.61,7.15,8.21,2.02
4235000,3.46,3.5,6.81,8.03,2.16
4236000,3.43,3.4,6.71,8.03,2.24
4237000,3.39,3.29,6.84,8.13,2.28
4238000,3.35,3.16,6.83,8.17,2.32
4239000,3.35,3.09,6.88,8.09,2.35
4240000,3.39,3.08,7.11,7.21,2.23
4241000,3.48,3.1,6.83,7.29,2.35
4242000,3.46,2.89,6.77,7.51,2.27
4243000,3.4,2.84,6.54,6.99,2.2
4244000,3.4,2.84,6.74,6.97,2.21
4245000,3.33,2.73,6.9,6.76,2.12
4246000,3.36,2.65,6.9,6.84,2.08
4247000,3.43,2.54,6.7,6.12,2.11
4248000,3.43,2.23,6.89,5.72,2.04
4249000,3.41,2.14,6.81,5.7,1.98
4250000,3.46,2.13,6.96,5.28,1.8
4251000,3.43,2.15,6.81,4.84,1.77
4252000,3.46,2.2,6.38,4.67,1.73
4253000,3.43,2.13,6.28,4.61,1.82
4254000,3.38,2.15,5.92,4.67,1.94
4255000,3.42,2.14,5.83,4.64,1.94
4256000,3.47,2.02,5.99,4.7,1.78
4257000,3.52,2.1,6.04,4.84,1.79
4258000,3.47,2.07,6.13,4.67,1.91
4259000,3.53,2.06,5.97,4.49,1.79
4260000,3.52,2.07,6.04,4.54,1.82
4261000,3.63,2.11,5.94,4.59,1.94
4262000,3.56,2.14,6.13,4.67,2.03
4263000,3.61,2.34,6.25,4.71,2.09
4264000,3.67,2.53,6.26,4.83,2.12
4265000,3.65,2.61,6.33,4.99,2.2
4266000,3.69,2.62,6.28,4.87,2.3
4267000,3.66,2.7,6.14,4.96,2.38
4268000,3.73,2.66,6.3,4.95,2.47
4269000,3.69,2.59,6.12,5.13,2.54
4270000,3.66,2.65,6.18,5.24,2.57
4271000,3.64,2.64,6.13,5.46,2.27
4272000,3.68,2.76,5.88,5.43,2.26
4273000,3.56,2.85,6.03,5.36,2.32
4274000,3.54,2.73,5.93,5.58,2.35
4275000,3.57,2.69,5.97,5.66,2.32
4276000,3.47,2.67,6.31,5.82,2.32
4277000,3.38,2.6,6.42,5.86,2.41
4278000,3.22,2.34,6.45,5.86,2.37
4279000,3.31,2.11,6.49,5.89,2.41
4280000,3.27,2.21,6.75,5.94,2.53
4281000,3.17,2.26,6.96,5.93,2.62
4282000,3.12,2.31,7.18,5.99,2.43
4283000,3.1,2.26,7.02,6.07,2.4
4284000,3.13,2.44,7.02,6.37,2.35
4285000,3.07,2.46,7.15,6.35,2.39
4286000,3.07,2.63,7.19,6.48,2.37
4287000,3.1,2.73,7.3,6.58,2.31
4288000,3.13,2.77,6.98,6.67,2.33
4289000,3.16,2.65,6.73,6.29,2.28
4290000,3.22,2.61,6.51,6.36,2.21
4291000,3.25,2.66,6.26,6.46,2.15
4292000,3.28,2.71,6.19,6.52,2.27
4293000,3.21,2.7,6.17,6.62,2.3
4294000,3.26,2.59,6.06,6.83,2.31
4295000,3.29,2.73,6.12,6.73,2.28
4296000,3.31,2.72,6.28,6.63,2.25
4297000,3.2,2.82,6.32,6.76,2.15
4298000,3.26,3.0,6.3,6.84,2.2
4299000,3.32,2.93,6.2,7.02,2.29
4300000,3.33,2.89,6.22,7.22,2.3
4301000,3.38,3.05,5.96,7.46,2.32
4302000,3.43,2.93,6.13,7.24,2.44
4303000,3.43,2.88,6.16,7.22,2.47
4304000,3.45,2.46,5.79,7.48,2.47
4305000,3.4,2.46,5.61,7.31,2.55
4306000,3.38,2.48,5.79,7.61,2.56
4307000,3.41,2.58,5.79,7.61,2.62
4308000,3.36,2.7,5.7,7.72,2.55
4309000,3.41,2.64,5.76,7.85,2.36
4310000,3.41,2.73,5.9,7.59,2.43
4311000,3.45,2.93,6.09,7.92,2.44
4312000,3.49,2.97,6.11,7.57,2.41
4313000,3.43,3.02,6.47,7.55,2.46
4314000,3.35,2.99,6.64,7.46,2.43
4315000,3.44,2.85,6.49,7.44,2.4
4316000,3.39,2.75,6.56,7.46,2.41
4317000,3.42,2.74,6.54,7.37,2.43
4318000,3.4,2.6,6.57,7.05,2.4
4319000,3.35,2.68,6.72,6.91,2.36
4320000,3.37,2.76,6.7,6.68,2.4
4321000,3.36,2.96,6.69,6.5,2.49
4322000,3.41,3.0,6.68,6.29,2.58
4323000,3.44,3.02,6.95,6.22,2.44
4324000,3.38,3.04,7.04,6.46,2.48
4325000,3.4,2.81,6.86,6.39,2.46
4326000,3.44,2.79,6.96,5.94,2.38
4327000,3.44,2.71,7.06,6.19,2.32
4328000,3.45,2.58,6.94,6.18,2.44
4329000,3.5,2.43,6.84,6.17,2.47
4330000,3.43,2.35,7.1,6.19,2.47
4331000,3.52,2.44,7.3,5.83,2.35
4332000,3.61,2.54,7.51,6.08,2.37
4333000,3.63,2.59,7.31,6.26,2.43
4334000,3.63,2.62,7.29,6.01,2.44
4335000,3.62,2.61,7.51,6.16,2.41
4336000,3.63,2.49,7.34,5.75,2.37
4337000,3.58,2.41,7.56,5.84,2.37
4338000,3.56,2.38,7.65,5.97,2.09
4339000,3.51,2.46,7.61,5.96,1.91
4340000,3.51,2.53,7.76,6.23,1.94
4341000,3.55,2.66,7.78,6.21,1.97
4342000,3.58,2.71,7.53,6.14,2.07
4343000,3.54,2.81,7.73,6.43,2.12
4344000,3.54,2.89,7.6,6.62,2.1
4345000,3.52,2.97,7.9,6.7,2.15
4346000,3.48,2.99,8.22,6.71,1.99
4347000,3.41,3.09,8.12,6.73,1.95
4348000,3.45,3.03,8.09,6.75,2.03
4349000,3.49,2.99,7.99,6.78,2.03
4350000,3.45,3.01,8.06,6.9,1.98
4351000,3.41,3.14,7.85,7.15,1.98
4352000,3.42,3.13,7.71,6.98,1.94
4353000,3.42,3.14,8.0,6.59,1.89
4354000,3.36,3.28,8.05,6.66,2.09
4355000,3.32,3.34,8.22,6.68,2.13
4356000,3.37,3.38,8.42,6.45,2.22
4357000,3.35,3.37,8.03,6.5,2.32
4358000,3.4,3.38,7.93,6.7,2.26
4359000,3.43,3.41,7.45,6.79,2.31
4360000,3.46,3.34,7.17,6.75,2.32
4361000,3.52,3.26,6.86,6.8,2.29
4362000,3.49,3.24,6.49,6.89,2.33
4363000,3.61,3.27,5.98,6.96,2.44
4364000,3.66,3.34,5.66,6.84,2.43
4365000,3.68,3.33,5.48,7.04,2.45
4366000,3.79,3.36,5.08,6.97,2.54
4367000,3.88,3.18,5.13,7.2,2.43
4368000,3.96,3.17,5.2,7.06,2.45
4369000,3.88,3.06,5.07,7.18,2.49
4370000,3.85,3.13,5.12,7.37,2.4
4371000,3.88,3.04,5.1,7.47,2.39
4372000,3.89,3.07,5.1,7.44,2.38
4373000,3.87,2.89,5.15,7.6,2.32
4374000,3.94,2.81,4.96,7.38,2.47
4375000,4.07,2.7,4.83,7.29,2.46
4376000,4.05,2.67,4.7,7.2,2.39
4377000,4.06,2.8,4.55,7.11,2.39
4378000,4.13,2.92,4.68,7.32,2.42
4379000,4.13,2.95,4.92,7.67,2.39
4380000,4.07,2.84,5.08,7.6,2.37
4381000,4.14,2.72,5.28,7.86,2.3
4382000,4.02,2.92,5.45,7.63,2.14
4383000,4.01,3.02,5.52,7.8,1.95
4384000,3.91,3.17,5.48,7.77,1.9
4385000,4.07,3.3,5.68,7.5,1.9
4386000,3.87,3.43,5.66,7.65,1.98
4387000,3.97,3.45,5.89,7.81,1.97
4388000,3.92,3.38,6.09,8.2,2.07
4389000,3.91,3.35,6.17,8.1,2.15
4390000,3.89,3.42,6.35,7.97,2.2
4391000,3.85,3.4,6.14,7.56,2.08
4392000,3.96,3.38,6.17,7.68,2.18
4393000,3.91,3.36,6.19,7.85,2.21
4394000,3.74,3.39,6.22,8.02,2.25
4395000,3.56,3.33,6.12,8.12,2.22
4396000,3.66,3.42,6.31,8.1,2.05
4397000,3.63,3.34,6.48,8.05,1.98
4398000,3.6,3.26,6.51,7.91,1.94
4399000,3.52,3.44,6.62,8.02,2.06
4400000,3.42,3.32,6.79,7.92,2.13
4401000,3.52,3.27,6.98,7.93,2.17
4402000,3.51,3.24,6.84,7.67,2.17
4403000,3.48,3.09,6.59,7.88,2.14
4404000,3.35,3.15,6.42,8.18,2.08
4405000,3.42,3.08,6.6,8.22,2.06
4406000,3.49,3.21,6.59,7.79,2.02
4407000,3.56,3.18,6.6,7.79,2.05
4408000,3.56,3.02,6.72,7.97,1.88
4409000,3.52,3.12,6.81,7.91,1.76
4410000,3.51,3.08,6.96,8.06,1.86
4411000,3.57,3.15,7.08,8.11,1.92
4412000,3.69,3.2,7.21,8.25,1.93
4413000,3.61,2.91,6.99,8.33,2.2
4414000,3.65,3.03,7.12,8.5,2.24
4415000,3.7,2.96,7.36,8.35,2.21
4416000,3.84,2.85,7.28,8.51,2.26
4417000,3.88,2.74,7.32,8.1,2.27
4418000,3.91,2.85,7.35,8.21,2.37
4419000,3.86,2.89,7.45,8.35,2.37
4420000,3.94,3.06,7.44,8.15,2.46
4421000,3.9,2.9,7.8,7.34,2.52
4422000,3.94,2.92,7.45,7.57,2.56
4423000,3.91,2.65,7.43,7.71,2.53
4424000,3.85,2.64,7.12,7.94,2.67
4425000,4.06,2.63,7.11,8.25,2.73
4426000,4.1,2.67,7.01,8.48,2.78
4427000,4.14,2.89,7.0,8.57,2.86
4428000,4.14,3.02,7.19,8.42,2.74
4429000,4.09,3.11,7.16,8.59,2.7
4430000,4.05,2.95,7.01,8.7,2.59
4431000,4.12,2.93,7.19,8.95,2.55
4432000,4.17,2.94,7.22,8.4,2.5
4433000,4.09,2.93,7.32,8.58,2.57
4434000,4.03,2.92,7.35,8.56,2.6
4435000,4.06,3.09,7.37,8.99,2.52
4436000,4.17,3.13,7.53,9.28,2.63
4437000,4.14,3.17,7.47,8.69,2.71
4438000,4.26,3.0,7.44,8.0,2.65
4439000,4.17,2.85,7.37,7.96,2.73
4440000,4.09,2.64,7.09,7.78,2.81
4441000,4.11,2.81,7.4,7.59,2.79
4442000,4.07,2.95,7.26,7.67,2.47
4443000,3.98,3.01,7.38,7.77,2.32
4444000,3.9,3.03,7.23,7.69,2.45
4445000,3.88,3.05,6.97,7.74,2.4
4446000,3.75,2.72,7.09,8.05,2.41
4447000,3.7,2.64,7.09,8.04,2.32
4448000,3.57,2.81,7.12,8.14,2.25
4449000,3.46,2.82,7.52,8.19,2.11
4450000,3.33,2.91,7.57,7.46,2.11
4451000,3.32,3.02,7.59,7.36,2.19
4452000,3.15,2.97,7.65,7.56,2.12
4453000,3.16,2.91,7.98,7.44,2.09
4454000,3.13,2.71,7.84,7.58,2.09
4455000,3.1,2.65,7.97,7.88,2.04
4456000,3.16,2.63,7.92,7.98,2.09
4457000,2.94,2.6,7.94,7.69,2.1
4458000,3.0,2.68,8.1,7.73,2.15
4459000,3.05,2.8,8.06,7.66,2.11
4460000,2.98,2.72,8.13,8.09,2.23
4461000,3.19,2.61,8.23,7.46,2.35
4462000,3.15,2.62,7.91,7.48,2.3
4463000,3.48,2.59,7.84,7.7,2.34
4464000,3.59,2.49,8.0,7.97,2.39
4465000,3.63,2.57,8.13,8.07,2.33
4466000,3.79,2.59,8.19,8.17,2.3
4467000,3.81,2.34,7.98,8.48,2.43
4468000,3.95,2.37,8.14,8.6,2.49
4469000,3.92,2.34,8.32,8.96,2.53
4470000,4.03,2.39,7.84,8.81,2.45
4471000,4.07,2.45,7.67,8.82,2.43
4472000,4.12,2.54,7.11,8.96,2.46
4473000,4.17,2.78,6.83,9.14,2.56
4474000,4.19,2.78,6.92,9.3,2.44
4475000,4.21,2.83,6.51,9.38,2.36
4476000,4.26,2.95,6.51,9.53,2.51
4477000,4.28,2.9,6.74,9.56,2.56
4478000,4.11,2.88,6.62,9.45,2.69
4479000,4.08,2.94,6.78,9.68,2.68
4480000,4.03,3.02,6.88,9.86,2.58
4481000,4.05,3.06,6.53,10.02,2.49
4482000,4.09,3.11,6.66,9.93,2.53
4483000,3.94,3.21,6.87,9.98,2.58
4484000,3.85,3.27,6.92,10.07,2.62
4485000,3.93,3.4,7.01,9.6,2.55
4486000,4.13,3.3,7.12,9.54,2.46
4487000,3.94,3.35,7.24,9.61,2.61
4488000,3.91,3.39,7.44,9.74,2.52
4489000,3.94,3.5,7.59,10.27,2.52
4490000,4.1,3.59,8.04,10.35,2.34
4491000,4.04,3.58,7.81,9.95,2.49
4492000,3.92,3.58,7.75,9.9,2.58
4493000,3.83,3.58,7.73,10.07,2.49
4494000,3.81,3.67,7.74,10.33,2.47
4495000,3.86,3.74,7.47,9.95,2.36
4496000,3.76,3.63,7.58,10.02,2.44
4497000,3.79,3.65,7.84,10.24,2.55
4498000,3.74,3.62,8.17,10.37,2.58
4499000,3.77,3.69,8.26,10.04,2.73
4500000,3.9,3.71,8.48,9.62,2.81
4501000,3.92,3.7,8.78,9.83,2.87
4502000,3.72,3.68,8.85,10.07,2.91
4503000,3.7,3.53,9.28,10.09,3.0
4504000,3.79,3.66,9.2,10.16,3.08
4505000,3.83,3.67,9.25,10.47,2.98
4506000,3.59,3.43,9.63,10.28,3.05
4507000,3.65,3.39,9.57,10.08,3.0
4508000,3.78,3.42,9.43,10.24,3.07
4509000,3.79,3.5,9.38,10.21,3.1
4510000,3.7,3.52,9.33,9.95,3.16
4511000,3.54,3.6,9.61,9.97,2.95
4512000,3.57,3.5,9.62,10.03,3.07
4513000,3.69,3.44,8.97,10.06,3.12
4514000,3.71,3.24,8.47,10.17,3.07
4515000,3.84,3.15,7.93,10.65,2.82
4516000,3.83,3.36,7.78,10.6,2.91
4517000,3.9,3.31,7.38,10.49,2.89
4518000,3.9,3.44,7.47,10.62,2.86
4519000,3.95,3.46,7.59,10.77,2.91
4520000,3.95,3.55,7.83,10.91,2.87
4521000,4.04,3.43,7.87,10.73,3.0
4522000,4.1,3.34,8.01,10.7,3.1
4523000,4.12,3.25,7.86,10.6,2.94
4524000,4.12,3.32,7.77,10.73,3.0
4525000,4.1,3.38,7.8,10.77,3.09
4526000,4.0,3.46,7.54,10.5,3.13
4527000,4.2,3.3,7.39,10.64,3.13
4528000,4.08,3.36,7.17,10.73,3.12
4529000,4.0,3.37,7.12,10.59,3.1
4530000,3.85,3.19,6.51,10.51,3.15
4531000,3.97,3.29,6.43,10.75,3.43
4532000,4.05,3.47,6.26,10.77,3.3
4533000,3.93,3.6,6.0,11.14,3.16
4534000,3.91,3.66,6.14,10.78,3.28
4535000,4.03,3.42,6.4,11.07,3.32
4536000,4.11,3.41,6.58,10.48,3.34
4537000,4.22,3.28,6.73,10.58,3.16
4538000,4.19,3.05,6.93,10.49,3.22
4539000,4.24,2.99,7.13,10.41,3.08
4540000,4.31,3.16,7.24,10.38,3.02
4541000,4.36,3.21,7.09,10.4,2.93
4542000,4.48,2.98,7.29,11.05,2.72
4543000,4.31,2.95,7.54,10.92,2.84
4544000,4.35,3.03,7.83,10.98,2.79
4545000,4.44,3.04,7.88,10.84,2.66
4546000,4.34,3.23,8.15,10.39,2.8
4547000,4.38,3.15,7.71,10.49,2.58
4548000,4.58,2.97,7.63,10.3,2.67
4549000,4.6,3.2,8.05,10.45,2.74
4550000,4.42,3.07,8.16,10.18,2.94
4551000,4.53,2.68,8.21,10.03,2.87
4552000,4.51,2.57,8.41,10.26,3.05
4553000,4.56,2.6,8.21,10.09,3.02
4554000,4.57,2.68,8.55,10.02,3.0
4555000,4.62,2.67,8.64,9.93,3.19
4556000,4.62,2.73,8.87,10.13,3.19
4557000,4.76,2.75,8.88,10.04,3.25
4558000,4.77,2.75,8.82,10.46,3.08
4559000,4.69,2.65,8.92,10.38,3.0
4560000,4.58,2.78,9.13,10.54,3.1
4561000,4.42,2.75,9.37,10.43,3.16
4562000,4.46,2.68,9.52,10.65,3.16
4563000,4.25,2.79,9.44,10.91,3.24
4564000,4.21,2.7,9.63,10.67,3.18
4565000,4.33,2.65,9.7,10.03,3.16
4566000,4.39,2.88,9.4,9.71,3.07
4567000,4.37,2.66,9.38,9.73,3.08
4568000,4.41,2.82,9.43,9.97,3.3
4569000,4.17,2.86,9.36,9.84,3.0
4570000,4.3,2.95,9.42,9.84,3.07
4571000,4.46,3.12,9.65,9.7,2.77
4572000,4.34,3.07,9.4,9.81,2.78
4573000,4.28,2.86,9.57,9.54,2.81
4574000,4.35,2.9,9.1,9.38,2.77
4575000,4.35,3.01,9.1,9.31,2.71
4576000,4.28,3.18,9.38,9.48,2.73
4577000,4.33,3.12,9.05,9.41,2.82
4578000,4.29,3.18,8.63,9.24,2.89
4579000,4.45,3.15,8.4,9.25,2.86
4580000,4.36,3.2,9.01,9.1,2.9
4581000,4.51,3.31,9.14,9.12,2.94
4582000,4.58,3.24,8.92,9.06,2.97
4583000,4.61,3.29,9.13,9.25,3.04
4584000,4.75,3.29,8.98,8.67,3.07
4585000,4.76,3.21,9.18,8.51,3.08
4586000,4.77,3.22,9.23,8.24,2.91
4587000,4.89,3.18,9.36,8.58,3.03
4588000,4.66,3.21,9.47,8.11,2.92
4589000,4.57,3.22,9.74,8.06,3.02
4590000,4.71,3.13,9.78,8.33,3.14
4591000,4.74,3.18,9.62,8.72,3.06
4592000,4.83,3.29,9.94,8.93,3.03
4593000,5.0,3.12,9.8,8.92,3.04
4594000,4.89,3.24,10.04,8.81,3.12
4595000,4.87,3.12,10.38,8.81,3.24
4596000,5.01,3.23,10.27,9.05,3.39
4597000,4.96,3.31,10.36,8.67,3.23
4598000,5.15,3.31,10.35,8.8,3.16
4599000,5.05,3.29,10.11,8.75,3.29
4600000,4.96,3.21,9.88,8.92,3.35
4601000,4.9,3.16,9.52,8.65,3.25
4602000,4.61,3.12,9.36,8.67,3.06
4603000,4.64,3.0,9.51,8.37,3.03
4604000,4.71,2.98,9.78,8.43,3.05
4605000,4.68,2.93,10.02,8.31,3.05
4606000,4.47,2.95,9.68,8.22,2.99
4607000,4.42,3.09,9.62,8.2,2.98
4608000,4.49,3.17,9.87,8.34,3.01
4609000,4.37,3.07,9.87,8.86,2.95
4610000,4.35,3.0,10.04,8.63,2.94
4611000,4.16,3.06,10.17,8.82,2.83
4612000,4.22,3.01,9.91,8.99,2.73
4613000,4.21,3.18,9.13,9.16,2.8
4614000,4.05,3.03,9.37,9.31,2.88
4615000,3.99,3.02,9.46,9.08,2.91
4616000,4.09,2.96,9.29,8.89,2.94
4617000,3.85,2.87,7.92,8.5,2.87
4618000,3.81,2.93,6.75,8.37,3.06
4619000,4.0,2.81,6.62,8.39,3.01
4620000,4.09,2.75,6.73,8.51,3.04
4621000,4.02,2.67,6.85,8.56,3.12
4622000,4.28,2.75,6.94,8.5,3.12
4623000,4.43,2.76,7.05,8.12,3.12
4624000,4.57,2.77,7.14,8.48,3.13
4625000,4.62,2.59,7.34,8.44,3.19
4626000,4.58,2.47,6.92,8.44,3.24
4627000,4.66,2.57,6.96,8.63,3.15
4628000,4.73,2.61,6.77,9.09,3.07
4629000,4.71,2.74,6.92,8.87,3.04
4630000,5.01,2.69,7.11,8.97,3.21
4631000,5.1,2.9,6.56,9.36,3.29
4632000,5.07,2.84,6.67,9.53,3.37
4633000,5.15,2.87,6.71,9.53,3.28
4634000,5.15,2.92,6.75,10.01,3.28
4635000,5.58,2.92,6.88,10.04,3.35
4636000,5.61,3.01,7.06,9.71,3.39
4637000,5.63,2.96,7.16,9.72,3.46
4638000,5.76,2.87,7.4,9.65,3.26
4639000,5.78,2.83,7.39,9.56,3.2
4640000,5.94,2.83,7.74,9.33,3.22
4641000,5.92,2.79,7.94,9.46,3.17
4642000,5.88,2.78,8.0,9.6,3.04
4643000,5.99,2.81,8.24,9.58,2.94
4644000,5.97,2.91,8.39,9.9,2.97
4645000,6.11,2.93,8.75,9.95,2.99
4646000,6.17,2.92,8.96,9.61,3.21
4647000,5.96,2.93,9.45,9.46,3.34
4648000,6.09,2.96,9.54,9.36,3.0
4649000,6.18,3.01,9.51,9.52,2.9
4650000,6.13,2.86,9.52,9.83,2.9
4651000,6.14,3.0,9.69,9.87,2.76
4652000,6.11,3.11,9.74,10.01,2.78
4653000,6.08,3.09,9.89,10.07,2.87
4654000,6.21,3.1,9.88,10.05,2.88
4655000,5.96,3.28,9.54,9.38,2.88
4656000,5.65,3.27,9.32,9.38,2.93
4657000,5.64,3.28,9.09,9.94,2.95
4658000,5.65,3.36,8.87,9.55,2.96
4659000,5.74,3.4,9.05,8.65,3.01
4660000,5.8,3.62,9.55,8.99,2.98
4661000,5.45,3.64,9.49,9.23,3.1
4662000,5.62,3.67,9.31,9.09,3.12
4663000,5.72,3.73,9.15,9.12,3.31
4664000,5.61,3.6,9.4,8.78,3.4
4665000,5.34,3.61,9.39,8.68,3.09
4666000,5.38,3.61,8.99,8.44,3.23
4667000,5.42,3.59,9.04,8.71,3.3
4668000,5.31,3.74,9.48,8.98,3.33
4669000,5.41,3.7,9.37,8.51,3.39
4670000,5.51,3.56,9.4,8.77,3.52
4671000,5.5,3.57,9.59,8.9,3.55
4672000,5.4,3.31,9.8,8.89,3.35
4673000,5.44,3.32,9.96,9.13,3.39
4674000,5.48,3.37,10.12,9.53,3.3
4675000,5.5,3.21,10.18,8.97,3.26
4676000,5.45,3.1,10.45,9.29,3.33
4677000,5.59,3.14,10.52,9.35,3.35
4678000,5.61,3.04,10.07,9.45,3.23
4679000,5.64,3.1,10.49,9.34,3.32
4680000,5.38,3.11,10.71,9.7,3.1
4681000,5.46,3.11,10.9,9.53,2.76
4682000,5.53,3.13,10.73,9.84,2.75
4683000,5.43,3.02,10.88,9.96,2.85
4684000,5.3,3.0,11.05,9.49,2.8
4685000,5.32,3.11,11.16,9.38,2.61
4686000,5.1,3.11,10.96,9.45,2.42
4687000,4.92,3.11,11.28,10.01,2.46
4688000,4.93,3.18,11.62,9.49,2.33
4689000,4.87,3.27,11.97,9.77,2.22
4690000,4.82,3.18,12.01,10.05,2.16
4691000,4.72,3.16,12.21,10.02,2.17
4692000,4.81,3.15,10.58,10.08,2.28
4693000,4.5,3.18,9.99,10.49,2.2
4694000,4.51,3.06,9.65,10.55,2.18
4695000,4.29,3.2,9.65,10.63,2.24
4696000,4.26,3.18,9.88,10.66,2.28
4697000,4.07,3.12,9.6,10.27,2.37
4698000,4.07,3.19,9.74,10.47,2.18
4699000,3.93,3.09,9.67,10.57,2.11
4700000,3.8,3.01,9.96,10.64,2.09
4701000,3.65,3.12,9.66,10.55,2.28
4702000,3.74,3.16,9.73,10.41,2.48
4703000,3.64,3.27,9.77,10.05,2.57
4704000,3.45,3.32,9.54,9.89,2.66
4705000,3.34,3.26,9.36,9.88,2.75
4706000,3.44,3.18,9.67,9.88,2.75
4707000,3.45,3.13,9.9,9.68,2.87
4708000,3.51,3.12,9.92,9.66,3.05
4709000,3.63,3.2,9.59,10.15,3.03
4710000,3.53,3.2,9.76,10.23,3.02
4711000,3.57,3.21,9.7,10.32,3.1
4712000,3.44,3.41,9.44,10.31,3.2
4713000,3.6,3.34,9.5,10.92,3.42
4714000,3.72,3.28,9.78,11.01,3.43
4715000,3.7,3.14,8.69,11.36,3.44
4716000,3.72,3.15,8.59,11.47,3.58
4717000,3.71,3.14,8.58,11.43,3.6
4718000,3.76,3.15,8.69,11.51,3.67
4719000,3.85,3.15,8.95,11.91,3.64
4720000,3.97,3.09,9.2,11.97,3.53
4721000,4.03,3.08,9.49,11.5,3.46
4722000,4.03,3.14,9.85,11.84,3.49
4723000,4.08,3.03,10.19,11.35,3.36
4724000,4.14,2.95,10.48,11.1,3.55
4725000,4.29,2.91,10.82,11.09,3.64
4726000,4.48,3.0,10.98,11.3,3.49
4727000,4.49,3.04,11.25,11.72,3.38
4728000,4.78,2.75,11.55,12.03,3.37
4729000,4.67,2.79,11.65,12.4,3.5
4730000,4.58,2.71,11.5,11.63,3.29
4731000,4.53,2.8,11.5,11.94,3.27
4732000,4.65,2.85,11.12,12.17,3.31
4733000,4.87,3.0,11.03,12.17,3.23
4734000,5.09,3.17,11.24,12.24,3.19
4735000,5.03,3.23,11.34,12.55,3.09
4736000,5.14,3.18,11.52,12.57,3.08
4737000,5.16,3.28,11.84,12.7,3.15
4738000,5.1,3.34,11.92,11.92,3.15
4739000,5.24,3.31,11.98,11.57,3.21
4740000,5.3,3.33,11.33,11.47,3.0
4741000,5.43,3.32,11.03,11.24,2.78
4742000,5.46,3.34,10.44,11.03,2.8
4743000,5.53,3.36,10.79,10.97,2.83
4744000,5.22,3.56,10.84,11.02,2.94
4745000,4.88,3.51,10.94,10.31,2.74
4746000,4.78,3.46,10.73,9.57,2.76
4747000,4.6,3.47,11.0,9.83,2.77
4748000,4.36,3.56,11.24,10.01,2.83
4749000,4.45,3.57,11.36,10.27,2.81
4750000,4.27,3.51,11.83,10.31,2.94
4751000,4.3,3.43,11.87,10.56,3.0
4752000,4.37,3.3,12.15,10.58,3.09
4753000,4.35,3.14,12.54,10.59,3.22
4754000,4.35,3.16,12.44,10.25,3.32
4755000,4.21,3.19,12.81,9.54,3.12
4756000,4.2,3.24,12.9,10.05,3.09
4757000,4.0,3.25,12.75,10.32,3.09
4758000,4.19,3.35,12.78,9.94,3.05
4759000,3.98,3.34,11.87,9.87,3.25
4760000,4.16,3.35,11.99,10.05,3.4
4761000,4.02,3.38,12.26,9.68,3.41
4762000,3.92,3.4,12.1,9.44,3.53
4763000,3.79,3.03,11.87,9.72,3.33
4764000,3.84,3.0,12.03,9.73,3.19
4765000,3.95,2.98,12.28,10.03,3.15
4766000,3.99,2.99,12.3,9.82,2.92
4767000,4.17,3.01,12.22,10.04,3.07
4768000,4.34,2.95,11.98,9.69,3.08
4769000,4.39,3.12,11.93,9.7,2.82
4770000,4.46,3.14,11.38,9.77,2.9
4771000,4.74,3.32,11.35,9.81,2.93
4772000,4.68,3.27,11.41,9.81,2.98
4773000,4.68,3.28,11.86,10.77,2.93
4774000,4.84,3.33,11.95,10.97,3.14
4775000,5.03,3.31,12.32,10.86,3.02
4776000,5.04,3.33,12.32,10.53,2.98
4777000,5.12,3.26,12.4,10.14,3.06
4778000,5.12,3.24,12.4,10.4,3.05
4779000,5.23,3.36,12.27,10.57,3.08
4780000,5.25,3.43,12.26,10.42,3.15
4781000,5.24,3.48,12.25,10.1,3.25
4782000,5.15,3.39,12.58,10.39,3.37
4783000,5.47,3.46,12.51,10.81,3.43
4784000,5.55,3.63,12.19,10.33,3.17
4785000,5.38,3.79,12.38,10.12,3.3
4786000,5.5,3.8,12.75,10.29,3.16
4787000,5.22,3.81,12.86,10.12,3.23
4788000,5.38,3.84,12.41,10.27,3.31
4789000,5.31,3.8,13.06,10.4,3.37
4790000,5.42,3.77,12.61,10.61,3.34
4791000,5.27,3.75,12.75,10.58,3.2
4792000,5.26,3.89,12.79,10.13,3.3
4793000,5.35,3.8,12.74,9.95,3.25
4794000,5.34,3.82,12.53,9.81,3.19
4795000,5.32,3.92,12.57,9.51,3.21
4796000,5.38,3.87,12.8,9.36,3.2
4797000,5.35,3.93,12.81,9.71,3.22
4798000,5.18,3.7,12.44,8.89,3.23
4799000,5.24,3.81,12.84,8.93,3.24
4800000,5.0,3.89,12.48,9.06,3.37
4801000,4.74,4.01,12.48,9.05,3.23
4802000,4.6,3.91,13.08,9.17,3.24
4803000,4.59,3.77,13.28,8.72,3.13
4804000,4.71,4.02,13.47,8.83,3.12
4805000,4.7,4.08,13.53,8.76,3.14
4806000,4.4,4.18,13.44,9.19,3.04
4807000,4.35,4.21,13.49,8.45,2.89
4808000,4.41,3.95,13.79,8.61,3.03
4809000,4.21,4.07,13.24,8.45,3.11
4810000,4.21,4.16,13.09,8.02,3.18
4811000,4.21,4.23,13.2,8.06,3.16
4812000,4.32,4.3,13.41,8.37,3.27
4813000,4.41,4.5,13.19,8.7,3.25
4814000,4.57,4.38,13.15,8.94,3.28
4815000,4.48,4.51,12.99,8.8,2.86
4816000,4.48,4.31,12.97,9.14,2.81
4817000,4.44,4.27,12.45,9.46,2.99
4818000,4.46,4.34,12.73,9.72,3.0
4819000,4.42,4.29,12.35,9.73,3.02
4820000,4.45,4.38,11.74,10.19,3.05
4821000,4.47,4.36,11.93,10.18,3.02
4822000,4.52,4.34,11.9,10.37,3.08
4823000,4.5,4.39,11.9,10.78,3.15
4824000,4.54,4.5,12.01,11.31,2.92
4825000,4.37,4.3,12.16,11.38,2.84
4826000,4.42,4.36,12.43,11.83,2.89
4827000,4.57,4.37,12.94,11.57,2.85
4828000,4.48,3.97,12.88,11.18,2.75
4829000,4.51,3.97,13.04,11.33,2.86
4830000,4.69,4.21,12.99,11.23,2.95
4831000,4.54,4.2,13.05,11.64,2.94
4832000,4.66,4.4,12.42,11.72,3.14
4833000,4.77,4.5,12.69,11.57,3.13
4834000,4.97,4.29,12.31,11.76,3.07
4835000,4.99,4.13,12.36,11.93,3.18
4836000,5.11,4.04,12.64,11.61,3.1
4837000,5.07,4.07,12.9,11.61,3.2
4838000,5.15,3.9,13.28,11.61,3.24
4839000,5.15,3.96,13.66,12.1,3.27
4840000,5.2,4.06,13.27,12.31,3.35
4841000,5.25,3.98,13.11,12.4,3.54
4842000,5.57,3.98,13.06,12.73,3.54
4843000,5.63,4.09,12.82,12.94,3.53
4844000,5.62,4.11,12.48,12.52,3.47
4845000,5.57,4.18,12.63,11.9,3.37
4846000,5.37,4.17,12.81,11.9,3.42
4847000,5.59,3.99,13.08,11.71,3.42
4848000,5.55,4.01,12.97,11.48,3.43
4849000,5.67,4.04,12.47,11.72,3.43
4850000,5.64,4.14,12.66,11.65,3.27
4851000,5.77,4.21,13.05,11.84,3.47
4852000,5.69,4.23,13.36,11.52,3.46
4853000,5.57,4.14,13.46,11.32,3.28
4854000,5.65,4.34,12.86,10.78,3.42
4855000,5.49,4.2,12.81,10.9,3.33
4856000,5.52,4.14,12.9,10.98,3.12
4857000,5.6,4.24,13.03,11.66,3.04
4858000,5.65,4.19,12.76,11.54,2.78
4859000,5.66,4.2,12.59,11.52,2.7
4860000,5.58,4.19,11.81,11.3,2.76
4861000,5.55,4.15,11.18,11.26,2.73
4862000,5.44,4.19,11.08,11.55,2.85
4863000,5.27,4.29,11.42,11.69,2.82
4864000,5.04,4.21,11.42,11.82,2.88
4865000,5.01,4.14,11.87,11.6,2.9
4866000,4.77,3.98,12.03,12.03,2.86
4867000,4.66,3.99,12.32,11.53,2.85
4868000,4.84,3.93,12.62,11.14,3.08
4869000,4.88,3.96,12.85,10.8,2.98
4870000,5.03,3.9,12.51,10.9,3.09
4871000,5.1,3.78,11.75,11.0,2.99
4872000,5.19,3.92,11.14,10.95,3.19
4873000,5.18,4.04,11.15,10.41,3.19
4874000,5.24,4.01,11.28,10.6,3.22
4875000,5.28,4.05,11.28,11.16,3.21
4876000,5.22,3.81,11.52,11.28,3.22
4877000,5.24,3.83,11.46,10.94,3.24
4878000,5.23,3.76,11.48,11.17,3.29
4879000,5.27,3.79,11.83,10.98,3.33
4880000,5.11,3.81,12.02,11.18,3.47
4881000,5.02,3.91,12.01,11.52,3.54
4882000,5.01,4.02,11.67,11.05,3.53
4883000,5.01,3.96,11.69,10.93,3.4
4884000,5.02,4.01,11.47,10.53,3.47
4885000,5.21,3.89,10.99,10.44,3.44
4886000,5.19,3.92,11.12,10.31,3.42
4887000,5.32,4.07,11.14,10.65,3.41
4888000,5.54,4.24,11.38,10.47,3.17
4889000,5.49,4.24,11.35,10.23,2.99
4890000,5.61,4.43,11.41,10.4,2.99
4891000,5.7,4.43,11.55,10.34,3.13
4892000,5.88,4.31,11.74,10.15,3.1
4893000,5.82,4.45,11.53,10.31,3.11
4894000,5.89,4.52,11.83,10.43,3.08
4895000,6.1,4.8,12.04,10.71,3.06
4896000,6.18,4.69,12.41,10.97,3.17
4897000,6.08,4.53,12.45,11.11,2.88
4898000,5.79,4.58,12.79,11.26,3.01
4899000,5.69,4.46,12.68,11.29,3.06
4900000,5.89,4.32,11.94,11.4,3.06
4901000,5.62,4.32,12.14,11.34,3.17
4902000,5.53,4.42,12.27,11.66,3.26
4903000,5.61,4.29,11.96,10.75,3.29
4904000,5.62,4.23,11.87,10.55,3.27
4905000,5.76,4.05,12.11,10.95,3.42
4906000,5.79,4.0,12.26,11.05,3.58
4907000,5.82,4.12,12.66,11.14,3.55
4908000,5.85,4.04,12.82,11.32,3.57
4909000,6.2,4.29,12.92,10.72,3.53
4910000,6.22,3.9,12.92,11.02,3.63
4911000,6.36,3.87,13.14,11.35,3.67
4912000,6.47,3.91,12.76,11.44,3.67
4913000,6.49,3.86,12.83,11.89,3.61
4914000,6.11,4.16,12.94,11.79,3.59
4915000,5.63,3.97,12.89,11.57,3.6
4916000,5.73,4.04,12.84,11.14,3.45
4917000,5.61,4.12,13.04,11.14,3.43
4918000,5.44,3.79,12.98,10.47,3.12
4919000,5.41,4.0,13.2,10.44,3.32
4920000,5.16,4.1,13.66,10.31,3.44
4921000,5.17,4.0,13.68,10.15,3.64
4922000,5.14,4.02,13.93,10.61,3.5
4923000,5.31,4.13,14.08,10.37,3.52
4924000,5.14,4.18,14.22,10.04,3.7
4925000,5.01,4.37,14.11,9.98,3.8
4926000,5.05,4.11,14.46,9.95,3.65
4927000,5.11,4.2,14.4,10.11,3.54
4928000,5.14,4.2,14.75,10.36,3.59
4929000,5.06,4.3,15.0,10.46,3.61
4930000,4.92,4.29,15.09,10.54,3.71
4931000,5.11,4.25,15.14,10.25,3.8
4932000,5.19,4.06,15.05,10.12,3.69
4933000,4.97,4.07,14.92,10.21,3.61
4934000,5.03,4.03,15.0,9.69,3.62
4935000,4.79,3.94,15.16,9.63,3.69
4936000,4.72,3.73,15.31,9.36,3.6
4937000,4.76,3.52,15.31,8.89,3.65
4938000,4.75,3.32,15.68,9.09,3.44
4939000,4.71,3.48,15.31,9.28,3.48
4940000,4.94,3.49,15.79,9.3,3.37
4941000,4.98,3.56,15.42,9.62,3.37
4942000,5.08,3.54,15.63,10.17,3.41
4943000,5.22,3.62,15.56,10.03,3.38
4944000,5.3,3.64,15.81,10.34,3.6
4945000,5.05,3.39,16.31,10.64,3.62
4946000,5.06,3.45,16.4,10.79,3.56
4947000,4.97,3.4,16.16,10.88,3.71
4948000,5.11,3.56,16.13,10.43,3.73
4949000,5.21,3.61,15.48,10.4,3.68
4950000,5.39,3.68,15.62,10.73,3.66
4951000,5.35,3.8,15.23,10.94,3.67
4952000,5.33,3.76,15.29,11.33,3.8
4953000,5.31,3.75,15.44,11.52,3.65
4954000,5.4,3.87,15.29,11.94,3.79
4955000,5.28,3.8,15.37,11.54,3.63
4956000,5.3,3.87,15.79,11.28,3.83
4957000,5.42,4.06,15.41,11.29,3.79
4958000,5.49,4.1,15.37,11.81,3.7
4959000,5.33,4.21,15.24,11.9,3.54
4960000,5.49,4.3,15.18,11.69,3.5
4961000,5.4,4.33,15.0,12.04,3.35
4962000,5.47,4.35,14.68,11.9,3.31
4963000,5.61,4.19,14.84,11.68,3.41
4964000,5.8,4.3,14.93,11.68,3.31
4965000,5.69,4.23,14.91,12.48,3.27
4966000,5.61,4.28,14.99,12.86,3.34
4967000,5.5,4.28,14.91,12.84,3.31
4968000,5.42,4.35,14.98,12.73,3.25
4969000,5.42,4.39,15.07,12.48,3.2
4970000,5.43,4.65,14.84,12.3,3.16
4971000,5.64,4.8,15.21,12.21,3.2
4972000,5.89,4.82,15.62,11.91,3.12
4973000,5.87,4.67,15.65,12.02,3.28
4974000,5.74,4.8,15.58,12.33,3.55
4975000,5.27,4.5,15.07,12.38,3.62
4976000,5.26,4.47,15.16,12.64,3.7
4977000,5.56,4.41,15.1,13.01,3.72
4978000,5.47,4.49,14.84,13.52,3.81
4979000,5.54,4.42,14.92,13.23,3.92
4980000,5.55,4.38,14.18,13.59,4.08
4981000,5.41,4.54,14.42,13.88,4.13
4982000,5.27,4.66,13.98,13.82,4.14
4983000,5.23,4.66,14.01,14.2,3.98
4984000,5.45,4.74,14.06,14.0,3.98
4985000,5.55,4.78,14.19,13.73,4.08
4986000,5.61,4.64,14.42,13.22,4.04
4987000,5.67,4.53,14.42,13.41,4.18
4988000,5.55,4.56,14.68,13.63,4.19
4989000,5.24,4.38,14.68,13.73,4.07
4990000,5.48,4.26,15.21,13.73,3.87
4991000,5.43,4.5,15.27,13.45,3.89
4992000,5.47,4.35,15.4,13.4,3.83
4993000,5.8,4.2,14.92,13.38,3.74
4994000,5.81,3.96,14.94,14.0,3.75
4995000,5.88,4.01,15.19,13.4,3.72
4996000,6.07,4.08,15.51,13.73,3.65
4997000,6.15,4.07,15.92,13.89,3.43
4998000,5.8,4.15,16.24,12.98,3.38
4999000,5.71,4.17,15.89,13.24,3.56
